Stock,Company_Name,Sector,Industry,Market_Cap_Cr,Cap_Class,Monthly_Pattern,Monthly_Pattern_Status,Monthly_Pattern_Quality,Monthly_Pattern_Duration_Mo,Monthly_Pattern_Details,Converging_Signals,Weekly_Trend,Weekly_Above_40MA,Weekly_Volume_Expanding,Daily_Setup,Daily_Above_50MA,Sector_Trend,Sector_Stage2_Age_Mo,Index_Regime,Nifty_Monthly_Trend,CMP,Breakout_Zone,Pattern_Bottom,Stop_Loss,Target_1yr,Target_2yr,Target_3yr,Fair_Value_Estimate,Upside_Potential_Pct,Expected_CAGR_2yr_Pct,PE_Ratio,Forward_PE,PB_Ratio,PEG_Ratio,EV_EBITDA,Dividend_Yield_Pct,Dividend_Growth_3yr_Pct,Analyst_Target,Analyst_Count,Analyst_Recommendation,ROE_Pct,ROCE_Pct,ROCE_Trend,Operating_Margin_Pct,OPM_Trend,Net_Margin_Pct,Return_on_Assets_Pct,Revenue_Growth_TTM_Pct,Revenue_Growth_3yr_CAGR,Revenue_Growth_5yr_CAGR,Profit_Growth_TTM_Pct,Profit_Growth_3yr_CAGR,Profit_Growth_5yr_CAGR,EPS_Growth_Quarterly_Pct,EPS_Consistency_Score,EPS_Consistency_Desc,Debt_to_Equity,DE_Trend,Current_Ratio,Interest_Coverage,Free_Cashflow_Cr,FCF_Yield_Pct,Promoter_Holding_Pct,Promoter_Change_QoQ,Promoter_Pledge_Pct,FII_Holding_Pct,FII_Change_QoQ,DII_Holding_Pct,DII_Change_QoQ,52wk_High,52wk_Low,Dist_From_52wk_High_Pct,Dist_From_52wk_Low_Pct,RS_vs_Nifty_1yr_Pct,RS_vs_Nifty_3yr_Pct,Monthly_Vol_Surge,Beta,Piotroski_F_Score,Fundamental_Score_40,Technical_Score_30,Valuation_Score_20,Momentum_Score_10,Overall_Score_100,Rating_Grade,Why_Buy,Key_Risks,Investment_Horizon,Risk_Level,Data_Sources,Data_Quality_Pct,Monthly_Bars,Next_Earnings,Scan_Date,First_Seen_Date,Days_On_Watchlist,Price_Change_Since_First_Pct,Times_Scanned,Score_vs_First
SEAMECLTD,Seamec Limited,Industrials,Marine Shipping,3487.0,Small-Cap,MonthlyStage2,Stage Change,1.0,24,10-EMA=1359 | 30-EMA=1159 | Above by 40.1% | MA turning=Yes,MonthlyCupHandle+MonthlyDoubleBottom+MonthlyStage2,Uptrend,True,False,Tight-Above-MAs,True,Stage2,4,Uptrend,Uptrend,1623.5,1159.11,796.15,1379.97,8260.74,16148.93,31569.54,16148.93,894.7,215.4,13.83,,2.67,0.14,9.12,0.0,0.0,,0,none,21.8,20.0,2.03,42.0,2.06,26.39,9.36,46.01,29.63,29.94,188.64,95.49,20.74,140.8,0.15,highly inconsistent earnings,0.27,,1.89,,-201.82,-5.79,72.72,0.0,,3.73,0.37,4.49,0.41,1709.2,752.55,5.0,115.7,108.54,102.06,0.47,0.09,6,35.0,28.5,12.0,7.0,82.5,STRONG BUY ⭐⭐⭐⭐⭐,Expected ~215% CAGR (2yr) | Revenue CAGR 30% | Profit CAGR 95% | ROE 22% | ROCE trend rising ↑ | Low D/E 0.27,None identified,1-3 years,Low-Medium,"yfinance, screener.in",100,288,,2026-06-27,2026-06-01,26,4.0,3,-0.5
JINDRILL,Jindal Drilling & Industries Limited,Energy,Oil & Gas Equipment & Services,1681.0,Small-Cap,MonthlyDoubleBottom,Forming,1.0,21,Sep 21mo | Mid rally 456% | Asymmetry 0%,MonthlyDoubleBottom+MonthlyStage2,Uptrend,True,False,Constructive,True,Stage2,1,Uptrend,Uptrend,655.45,1032.12,185.38,557.13,1913.88,2479.81,3213.09,2479.81,278.3,94.5,7.99,,0.92,0.27,4.05,17.0,25.99,,0,none,12.5,15.4,2.69,35.0,3.43,21.13,4.92,20.41,24.87,20.16,-2.31,29.57,25.42,-36.6,0.15,highly inconsistent earnings,0.05,,1.58,,130.28,7.75,66.78,0.34,,0.62,-0.23,0.0,0.0,693.5,440.1,5.5,48.9,10.86,69.85,8.92,-0.36,7,40.0,25.0,14.0,3.0,82.0,STRONG BUY ⭐⭐⭐⭐⭐,Expected ~94% CAGR (2yr) | Revenue CAGR 25% | Profit CAGR 30% | ROCE trend rising ↑ | Nearly debt-free | Promoter 67% holding,Pattern still forming (not broken out),1-3 years,Low-Medium,"yfinance, screener.in",100,261,,2026-06-27,2026-06-01,26,0.0,3,-1.0
LUMAXTECH,Lumax Auto Technologies Limited,Consumer Cyclical,Auto Parts,11221.0,Mid-Cap,MonthlyDoubleBottom,Forming,1.0,33,Sep 33mo | Mid rally 205% | Asymmetry 2%,,Sideways-Above-MA,True,False,Constructive,False,Stage2,3,Uptrend,Uptrend,1626.1,194.78,63.18,1382.18,3351.75,3728.8,7027.63,4853.34,129.3,51.4,40.32,25.8,9.27,0.9,18.79,33.0,16.26,2042.0,5,none,26.8,21.4,1.4,14.0,1.03,5.73,8.34,33.9,38.15,34.46,47.16,44.8,45.89,50.9,1.0,steady compounder (low CV),0.83,,1.06,,65.65,0.59,55.98,0.0,,8.38,0.38,16.81,0.29,1898.0,954.1,14.3,70.4,46.64,349.82,0.45,0.42,6,39.0,22.5,12.0,8.0,81.5,STRONG BUY ⭐⭐⭐⭐⭐,Expected ~51% CAGR (2yr) | Revenue CAGR 38% | Profit CAGR 45% | ROE 27% | ROCE 21% | ROCE trend rising ↑,Pattern still forming (not broken out),2-3 years,Medium,"yfinance, screener.in",100,233,,2026-06-27,2026-06-01,26,0.0,3,5.0
DSSL,Dynacons Systems & Solutions Limited,Technology,Information Technology Services,1846.0,Small-Cap,MonthlyStage2,Stage Change,1.0,24,10-EMA=1142 | 30-EMA=1009 | Above by 27.3% | MA turning=Yes,MonthlyDoubleBottom+MonthlyStage2,Uptrend,True,False,Tight-Above-MAs,True,Downtrend,0,Uptrend,Uptrend,1284.1,1008.84,784.85,1091.48,2720.72,3729.57,5112.49,3729.57,190.4,70.4,21.74,,5.83,0.59,13.45,3.0,0.0,,0,none,31.0,29.8,2.31,10.0,1.14,5.95,9.18,12.39,20.99,26.71,18.06,37.08,56.69,3.9,0.4,lumpy earner,0.75,,1.35,,13.4,0.73,60.89,-0.06,,0.37,0.03,0.3,0.04,1924.8,781.0,33.3,64.4,33.15,101.16,0.81,0.71,6,37.0,27.5,10.0,7.0,81.5,STRONG BUY ⭐⭐⭐⭐⭐,Expected ~70% CAGR (2yr) | Revenue CAGR 21% | Profit CAGR 37% | ROE 31% | ROCE 30% | ROCE trend rising ↑,None identified,2-3 years,Medium,"yfinance, screener.in",100,222,,2026-06-27,2026-06-01,26,-17.0,3,5.5
LUPIN,Lupin Limited,Healthcare,Drug Manufacturers - Specialty & Generic,107523.0,Large-Cap,MonthlyDoubleBottom,Forming,0.974,41,Sep 41mo | Mid rally 98% | Asymmetry 1%,,Sideways-Above-MA,True,True,Constructive,False,Stage2,5,Uptrend,Uptrend,2287.4,1234.32,618.72,1944.29,13590.74,19630.93,71047.3,31073.87,758.2,193.0,20.2,22.99,4.79,0.16,12.86,51.0,44.22,2466.51,37,buy,29.1,30.3,5.69,32.0,4.29,19.07,12.76,23.12,18.88,13.02,61.98,128.64,54.16,89.0,0.15,highly inconsistent earnings,0.29,,1.9,,4926.22,4.58,46.85,-0.04,,21.7,0.2,25.32,-0.26,2494.0,1836.8,8.3,24.5,26.48,134.47,1.09,0.19,7,40.0,22.19,13.0,6.0,81.2,STRONG BUY ⭐⭐⭐⭐⭐,Expected ~193% CAGR (2yr) | Revenue CAGR 19% | Profit CAGR 129% | ROE 29% | ROCE 30% | ROCE trend rising ↑,Earnings due 2026-08-05 | Pattern still forming (not broken out),1-3 years,Low-Medium,"yfinance, screener.in",100,297,2026-08-05,2026-06-27,2026-06-01,26,0.0,3,0.0
MCX,Multi Commodity Exchange of India Limited,Financial Services,Financial Data & Stock Exchanges,71361.0,Large-Cap,MonthlyDoubleBottom,Forming,0.968,25,Sep 25mo | Mid rally 104% | Asymmetry 7%,,Uptrend,True,False,Uptrend,True,Stage2,12,Uptrend,Uptrend,3414.7,251.5,119.52,2902.49,2847.18,4947.49,12263.63,5909.04,44.9,20.4,53.76,33.43,16.96,0.5,38.1,21.0,19.91,3505.17,12,none,56.3,71.4,10.17,71.0,4.26,54.82,17.92,106.83,64.83,42.56,137.86,107.54,42.71,291.1,0.15,highly inconsistent earnings,0.0,,1.31,,2811.41,3.94,,,,26.07,5.43,54.35,-4.81,3480.0,1460.8,1.9,133.8,99.34,1033.5,0.58,0.59,6,40.0,26.12,8.0,7.0,81.1,STRONG BUY ⭐⭐⭐⭐⭐,Expected ~20% CAGR (2yr) | Revenue CAGR 65% | Profit CAGR 108% | ROE 56% | ROCE 71% | ROCE trend rising ↑,High PE 54 | Earnings due 2026-07-30 | Pattern still forming (not broken out),1-3 years,Low-Medium,"yfinance, screener.in",90,171,2026-07-30,2026-06-27,2026-06-01,26,0.0,3,2.0
NAM-INDIA,Nippon Life India Asset Management Limited,Financial Services,Asset Management,75817.0,Large-Cap,MonthlyDoubleBottom,Forming,1.0,36,Sep 36mo | Mid rally 133% | Asymmetry 3%,,Uptrend,True,False,Tight-Above-MAs,True,Stage2,12,Uptrend,Uptrend,1082.2,412.28,174.58,919.87,597.11,905.14,983.82,766.45,,,50.25,35.8,16.23,1.77,37.33,181.0,18.22,1113.17,23,buy,34.5,43.8,3.06,66.0,0.69,52.14,25.08,7.59,21.46,13.81,18.9,28.36,17.59,28.8,0.15,highly inconsistent earnings,0.02,,4.2,,1185.82,1.56,71.93,-0.12,,7.35,-0.55,14.77,0.94,1191.3,753.35,9.2,43.7,46.1,289.82,0.71,0.59,7,40.0,28.5,2.0,10.0,80.5,STRONG BUY ⭐⭐⭐⭐⭐,Revenue CAGR 21% | Profit CAGR 28% | ROE 34% | ROCE 44% | ROCE trend rising ↑ | Nearly debt-free,High PE 50 | Pattern still forming (not broken out),1-3 years,Low-Medium,"yfinance, screener.in",100,103,,2026-06-27,2026-06-01,26,0.0,3,0.0
NATIONALUM,National Aluminium Company Limited,Basic Materials,Aluminum,69057.0,Large-Cap,MonthlyDoubleBottom,Forming,0.971,11,Sep 11mo | Mid rally 98% | Asymmetry 1%,,Sideways-Above-MA,True,False,Constructive,False,Stage2,1,Uptrend,Uptrend,398.95,109.96,55.48,339.11,1220.19,1329.66,3094.86,1943.27,233.3,82.6,11.25,9.98,3.2,0.19,7.61,213.0,5.73,409.25,12,hold,29.4,39.6,4.8,44.0,4.69,32.49,18.2,6.28,7.77,14.78,10.04,59.26,34.87,-16.7,0.15,highly inconsistent earnings,0.0,,3.6,,3402.6,4.93,51.28,0.0,,22.27,2.6,10.75,-1.6,445.15,179.93,10.4,121.7,124.1,428.71,0.39,0.58,6,40.0,20.65,12.0,7.0,79.6,BUY ⭐⭐⭐⭐,Expected ~83% CAGR (2yr) | Profit CAGR 59% | ROE 29% | ROCE 40% | ROCE trend rising ↑ | Nearly debt-free,Earnings due 2026-07-30 | Pattern still forming (not broken out),1-3 years,Low-Medium,"yfinance, screener.in",100,326,2026-07-30,2026-06-27,2026-06-01,26,0.0,3,-3.0
STOVEKRAFT,Stove Kraft Limited,Consumer Cyclical,"Furnishings, Fixtures & Appliances",2298.0,Small-Cap,MonthlyDoubleBottom,Forming,1.0,24,Sep 24mo | Mid rally 128% | Asymmetry 10%,,Sideways-Above-MA,True,False,Constructive,True,Stage2,3,Uptrend,Uptrend,540.5,971.26,406.6,459.43,2467.31,6417.86,42677.75,10261.54,1087.4,244.6,54.67,30.11,4.55,0.17,14.34,50.0,20.0,652.33,3,none,67.5,31.8,7.4,13.0,2.86,2.61,4.55,28.21,17.91,11.48,2600.0,,,317.9,0.2,multiple loss years in history,0.23,,0.97,,141.1,6.14,55.79,0.0,,0.81,-0.06,7.97,-0.37,813.95,447.05,33.6,20.9,-1.35,2.18,1.15,0.43,6,40.0,22.5,15.0,2.0,79.5,BUY ⭐⭐⭐⭐,Expected ~245% CAGR (2yr) | Revenue CAGR 18% | Profit CAGR 316% | ROE 68% | ROCE 32% | ROCE trend rising ↑,High PE 55 | Pattern still forming (not broken out),1-3 years,Low-Medium,"yfinance, screener.in",90,64,,2026-06-27,2026-06-01,26,0.0,3,0.0
NATCOPHARM,NATCO Pharma Limited,Healthcare,Drug Manufacturers - Specialty & Generic,15923.0,Mid-Cap,MonthlyStage2,Stage Change,1.0,24,10-EMA=985 | 30-EMA=956 | Above by 18.3% | MA turning=Yes,MonthlyCupHandle+MonthlyDoubleBottom+MonthlyStage2,Uptrend,True,False,Uptrend,True,Stage2,5,Uptrend,Uptrend,1130.9,956.11,764.93,961.27,6053.97,4972.21,9556.43,7606.2,339.7,109.7,11.22,19.41,1.84,0.44,10.1,73.0,-45.95,1021.22,9,none,16.9,17.1,3.4,35.0,4.06,34.78,7.8,-7.95,14.64,14.72,-24.69,25.64,26.26,-34.1,0.15,highly inconsistent earnings,0.08,,3.01,,820.65,5.15,49.41,-0.07,,17.37,2.21,5.46,0.07,1226.8,789.0,7.8,43.3,30.47,43.98,0.36,0.19,7,35.0,26.5,12.0,6.0,79.5,BUY ⭐⭐⭐⭐,Expected ~110% CAGR (2yr) | Profit CAGR 26% | ROCE trend rising ↑ | Nearly debt-free | OPM 35% | FCF yield 5.2%,Earnings due 2026-08-12,1-3 years,Low-Medium,"yfinance, screener.in",100,365,2026-08-12,2026-06-27,2026-06-01,26,0.0,3,1.0
TIPSMUSIC,Tips Music Limited,Communication Services,Entertainment,8347.0,Mid-Cap,MonthlyStage2,Stage Change,1.0,24,10-EMA=584 | 30-EMA=532 | Above by 22.5% | MA turning=Yes,MonthlyCupHandle+MonthlyStage2,Uptrend,True,False,Tight-Above-MAs,True,Downtrend,0,Uptrend,Uptrend,651.65,532.13,394.42,553.9,983.65,1446.42,3683.01,1903.36,122.0,49.0,38.46,28.19,32.11,0.41,29.71,245.0,12.62,761.0,3,strong_buy,92.33,,,73.42,,57.72,48.7,32.4,,,93.5,,,92.9,0.5,insufficient history,0.02,,3.12,,174.48,2.09,64.15,0.0,,7.48,0.14,4.94,-0.03,726.75,481.15,10.3,35.4,6.91,134.33,0.53,0.25,5,40.0,27.5,9.0,3.0,79.5,BUY ⭐⭐⭐⭐,Expected ~49% CAGR (2yr) | Revenue CAGR 32% | Profit CAGR 94% | ROE 92% | Nearly debt-free | Promoter 64% holding,None identified,1-3 years,Low-Medium,"yfinance, screener.in",70,287,,2026-06-27,2026-06-01,26,0.0,3,1.0
KIRLPNU,Kirloskar Pneumatic Company Limited,Industrials,Specialty Industrial Machinery,12667.0,Mid-Cap,MonthlyStage2,Stage Change,1.0,24,10-EMA=1275 | 30-EMA=1142 | Above by 38.5% | MA turning=Yes,MonthlyCupHandle+MonthlyDoubleBottom+MonthlyStage2,Uptrend,True,True,Tight-Above-MAs,True,Stage2,4,Uptrend,Uptrend,1581.5,1141.5,988.59,1344.27,2779.14,4718.8,16228.69,6715.78,198.4,72.7,49.5,37.64,10.14,0.35,34.21,62.0,5.27,1723.33,3,none,21.8,28.5,-3.37,19.0,1.46,14.33,11.95,8.96,59.43,27.14,20.38,141.65,38.97,79.8,0.15,highly inconsistent earnings,0.0,,2.65,,118.68,0.94,38.81,-0.01,,9.56,2.83,26.53,-1.71,1987.0,990.1,20.4,59.7,20.18,125.03,1.01,0.56,6,35.0,28.5,8.0,8.0,79.5,BUY ⭐⭐⭐⭐,Expected ~73% CAGR (2yr) | Revenue CAGR 59% | Profit CAGR 142% | ROE 22% | ROCE 28% | Nearly debt-free,None identified,1-3 years,Low-Medium,"yfinance, screener.in",100,38,,2026-06-27,2026-06-01,26,0.0,3,3.0
SANGHVIMOV,Sanghvi Movers Limited,Industrials,Rental & Leasing Services,3591.0,Small-Cap,MonthlyStage2,Stage Change,1.0,24,10-EMA=334 | 30-EMA=324 | Above by 29.2% | MA turning=Yes,MonthlyDoubleBottom+MonthlyStage2,Uptrend,True,True,Tight-Above-MAs,True,Stage2,4,Uptrend,Uptrend,418.95,324.33,209.13,356.11,1432.61,2652.18,4909.99,2652.18,533.1,151.6,19.49,,2.74,0.23,10.12,48.0,58.74,,0,none,15.5,16.7,2.0,37.0,-0.3,17.22,8.16,36.83,47.27,,17.2,85.13,,27.8,0.15,highly inconsistent earnings,0.51,,1.77,,-221.36,-6.16,47.25,0.0,,1.48,0.02,1.3,-0.1,430.0,223.8,2.6,87.2,59.97,14.9,0.41,0.97,5,29.0,28.5,12.0,10.0,79.5,BUY ⭐⭐⭐⭐,Expected ~152% CAGR (2yr) | Revenue CAGR 47% | Profit CAGR 85% | ROCE trend rising ↑ | OPM 37% | Piotroski F=5 (above average quality),None identified,2-3 years,Medium,"yfinance, screener.in",100,234,,2026-06-27,2026-06-01,26,30.8,3,13.1
RRKABEL,R R Kabel Limited,Industrials,Electrical Equipment & Parts,26253.0,Mid-Cap,MonthlyStage2,Breaking Out,1.0,24,10-EMA=1502 | 30-EMA=1429 | Above by 34.3% | MA turning=Yes,,Uptrend,True,True,Tight-Above-MAs,True,Stage2,4,Uptrend,Uptrend,1918.9,1428.79,885.37,1631.07,1773.72,2294.08,3344.66,2435.67,19.6,9.3,53.48,34.32,10.2,1.43,34.45,47.0,22.39,2081.69,13,strong_buy,21.4,28.1,2.2,8.0,-0.2,5.06,10.62,27.62,20.19,28.98,57.69,37.32,29.52,30.1,0.15,highly inconsistent earnings,0.13,,1.65,,-191.82,-0.73,61.65,0.0,,9.1,0.7,13.33,-0.61,2365.0,1165.0,18.9,64.7,50.79,,2.07,1.54,5,35.0,30.0,4.0,10.0,79.0,BUY ⭐⭐⭐⭐,Expected ~9% CAGR (2yr) | Revenue CAGR 20% | Profit CAGR 37% | ROE 21% | ROCE 28% | ROCE trend rising ↑,High PE 53,1-3 years,Low-Medium,"yfinance, screener.in",100,33,,2026-06-27,2026-06-01,26,0.0,3,0.0
SKYGOLD,Sky Gold and Diamonds Limited,Consumer Cyclical,Luxury Goods,7889.0,Small-Cap,MonthlyDoubleBottom,Forming,0.372,13,Sep 13mo | Mid rally 40% | Asymmetry 2%,,Uptrend,True,True,Uptrend,True,Stage2,3,Uptrend,Uptrend,535.9,402.85,285.0,455.51,2804.58,4374.29,16937.73,6892.26,716.3,185.7,28.17,16.64,6.58,0.19,19.64,0.0,,597.33,3,none,29.2,27.0,3.3,7.0,1.1,4.37,14.83,77.42,76.03,,112.03,145.75,,120.8,0.4,lumpy earner,0.72,,1.89,,137.76,1.75,51.74,0.0,,1.2,0.42,13.14,1.48,590.0,246.05,9.2,117.8,90.15,1890.51,0.73,0.15,5,40.0,17.96,12.0,8.0,78.0,BUY ⭐⭐⭐⭐,Expected ~186% CAGR (2yr) | Revenue CAGR 76% | Profit CAGR 146% | ROE 29% | ROCE 27% | ROCE trend rising ↑,Pattern still forming (not broken out),2-3 years,Medium,"yfinance, screener.in",100,42,,2026-06-27,2026-06-01,26,16.9,3,-5.0
THANGAMAYL,Thangamayil Jewellery Limited,Consumer Cyclical,Luxury Goods,16954.0,Mid-Cap,MonthlyDoubleBottom,Forming,0.991,8,Sep 8mo | Mid rally 109% | Asymmetry 10%,,Uptrend,True,True,Uptrend,True,Stage2,3,Uptrend,Uptrend,3653.1,230.34,105.16,3105.13,20457.97,57316.99,415932.65,92244.99,1469.0,296.1,48.31,35.26,14.53,0.14,30.97,33.0,37.16,4925.0,3,none,27.93,,,7.11,,4.14,10.28,105.6,,,350.9,,,354.3,0.5,insufficient history,0.65,,1.54,,203.12,1.2,61.61,0.05,,4.37,-0.33,17.41,0.79,5764.2,1750.1,36.6,108.7,105.19,366.38,1.12,0.57,5,34.0,24.89,11.0,8.0,77.9,BUY ⭐⭐⭐⭐,Expected ~296% CAGR (2yr) | Revenue CAGR 106% | Profit CAGR 351% | ROE 28% | Promoter 62% holding | Piotroski F=5 (above average quality),Pattern still forming (not broken out),2-3 years,Medium,"yfinance, screener.in",70,196,,2026-06-27,2026-06-01,26,0.0,3,-4.0
WELCORP,Welspun Corp Limited,Basic Materials,Steel,37536.0,Large-Cap,MonthlyDoubleBottom,Forming,1.0,48,Sep 48mo | Mid rally 1092% | Asymmetry 0%,,Uptrend,True,True,Tight-Above-MAs,True,Stage2,1,Uptrend,Uptrend,1280.7,430.46,36.1,1088.6,2393.09,3503.18,9684.7,4814.19,173.5,65.4,23.25,15.69,4.59,0.23,16.27,35.0,0.0,1536.67,6,none,19.4,22.9,1.51,13.0,0.83,9.62,6.59,19.97,19.78,18.58,-14.83,101.17,14.39,-47.0,0.15,highly inconsistent earnings,0.25,,1.33,,151.7,0.4,49.73,0.0,,11.23,-0.22,21.49,0.94,1434.3,710.0,10.7,80.4,46.99,384.74,0.55,0.5,6,30.0,28.5,9.0,10.0,77.5,BUY ⭐⭐⭐⭐,Expected ~65% CAGR (2yr) | Revenue CAGR 20% | Profit CAGR 101% | ROCE 23% | ROCE trend rising ↑ | Low D/E 0.25,Pattern still forming (not broken out),1-3 years,Low-Medium,"yfinance, screener.in",100,312,,2026-06-27,2026-06-01,26,0.0,3,0.0
EICHERMOT,Eicher Motors Limited,Consumer Cyclical,Auto Manufacturers,208920.0,Large-Cap,MonthlyDoubleBottom,Forming,1.0,43,Sep 43mo | Mid rally 123% | Asymmetry 5%,,Uptrend,True,False,Tight-Above-MAs,True,Stage2,3,Uptrend,Uptrend,7312.0,3131.16,1371.92,6215.2,11185.03,11430.62,17112.22,13834.76,56.3,25.0,37.88,28.7,8.32,1.6,35.12,92.0,49.38,7824.42,36,buy,24.0,30.5,3.14,25.0,1.11,23.56,10.42,24.05,17.47,21.83,16.5,23.69,32.57,11.6,0.4,lumpy earner,0.02,,1.9,,3151.76,1.51,49.06,0.0,,26.77,-0.24,14.73,0.09,8230.0,5353.0,11.2,36.6,40.07,105.39,0.45,0.27,7,38.0,28.5,3.0,8.0,77.5,BUY ⭐⭐⭐⭐,Expected ~25% CAGR (2yr) | Revenue CAGR 17% | Profit CAGR 24% | ROE 24% | ROCE 30% | ROCE trend rising ↑,Earnings due 2026-07-30 | Pattern still forming (not broken out),1-3 years,Low-Medium,"yfinance, screener.in",100,366,2026-07-30,2026-06-27,2026-06-01,26,6.2,3,5.0
ZYDUSLIFE,Zydus Lifesciences Limited,Healthcare,Drug Manufacturers - Specialty & Generic,106813.0,Large-Cap,MonthlyDoubleBottom,Forming,1.0,8,Sep 8mo | Mid rally 1741% | Asymmetry 1%,MonthlyCupHandle+MonthlyDoubleBottom,Uptrend,True,True,Constructive,True,Stage2,5,Uptrend,Uptrend,1018.9,64.09,3.47,866.06,3367.97,3150.62,6119.96,4540.03,209.2,75.8,21.37,22.95,4.26,0.61,15.91,9.0,63.86,1066.5,30,hold,21.2,21.2,2.14,31.0,2.14,18.57,8.07,16.81,16.35,12.45,9.65,34.8,18.59,8.7,0.15,highly inconsistent earnings,0.42,,1.27,,1331.01,1.25,75.0,0.0,,6.95,-0.11,11.2,0.12,1119.8,835.5,9.0,22.0,11.82,56.13,1.11,0.4,6,37.0,24.0,10.0,6.0,77.0,BUY ⭐⭐⭐⭐,Expected ~76% CAGR (2yr) | Revenue CAGR 16% | Profit CAGR 35% | ROE 21% | ROCE 21% | ROCE trend rising ↑,Earnings due 2026-08-12 | Pattern still forming (not broken out),2-3 years,Medium,"yfinance, screener.in",100,314,2026-08-12,2026-06-27,2026-06-01,26,0.0,3,0.0
CONSOFINVT,Consolidated Finvest & Holdings Limited,Financial Services,Capital Markets,728.0,Small-Cap,MonthlyDoubleBottom,Forming,1.0,40,Sep 40mo | Mid rally 321% | Asymmetry 7%,MonthlyDoubleBottom+MonthlyStage2,Sideways-Above-MA,True,False,Constructive,False,Stage2,12,Uptrend,Uptrend,221.32,81.04,18.57,188.12,767.8,1420.9,2629.51,1420.9,542.0,153.4,11.52,,0.63,0.14,11.79,50.0,33.9,,0,none,33.6,34.5,,99.18,,86.77,3.22,-87.62,17.57,-0.75,1.58,85.06,53.39,-40.0,0.2,multiple loss years in history,,,190.33,,36.74,5.05,74.89,0.0,,2.58,-1.6,0.02,0.0,254.0,152.0,12.9,45.6,19.57,49.29,0.54,0.51,3,36.0,22.5,14.0,4.0,76.5,BUY ⭐⭐⭐⭐,Expected ~153% CAGR (2yr) | Revenue CAGR 18% | Profit CAGR 85% | ROE 34% | ROCE 34% | Promoter 75% holding,Pattern still forming (not broken out),1-3 years,Low-Medium,"yfinance, screener.in",90,288,,2026-06-27,2026-06-01,26,-4.3,3,1.0
SPARC,Sun Pharma Advanced Research Company Limited,Healthcare,Drug Manufacturers - Specialty & Generic,7727.0,Small-Cap,MonthlyStage2,Stage Change,1.0,24,10-EMA=166 | 30-EMA=179 | Above by 29.3% | MA turning=No,MonthlyDoubleBottom+MonthlyStage2,Uptrend,True,True,Tight-Above-MAs,True,Stage2,5,Uptrend,Uptrend,230.99,178.69,112.39,196.34,2269.4,2609.81,3001.28,2609.81,1029.8,236.1,4.97,4.3,5.77,,5.18,0.0,,,0,none,279.0,164.0,136.0,85.0,60.7,3967.31,79.22,2509.72,98.84,,552.77,,,,0.2,multiple loss years in history,0.42,,2.47,,-894.95,-11.58,65.68,0.01,,2.48,0.44,0.1,-0.78,253.17,108.0,8.8,113.9,58.07,-23.48,0.76,0.56,5,32.0,28.5,8.0,8.0,76.5,BUY ⭐⭐⭐⭐,Expected ~236% CAGR (2yr) | Revenue CAGR 99% | ROE 279% | ROCE 164% | ROCE trend rising ↑ | Promoter 66% holding,None identified,2-3 years,Medium,"yfinance, screener.in",90,282,,2026-06-27,2026-06-01,26,28.5,3,4.5
SOUTHWEST,South West Pinnacle Exploration Limited,Energy,Oil & Gas Equipment & Services,729.0,Small-Cap,MonthlyDoubleBottom,Breakout Ready,0.91,12,Sep 12mo | Mid rally 98% | Asymmetry 7%,,Uptrend,True,True,Tight-Above-MAs,True,Stage2,1,Uptrend,Uptrend,254.95,187.16,91.07,216.71,313.35,483.18,745.07,483.18,89.5,37.7,22.58,,4.02,0.42,13.67,0.0,14.47,,0,none,17.7,20.0,0.97,24.0,0.06,13.59,9.64,35.0,25.14,18.5,106.25,54.2,26.97,30.6,0.15,highly inconsistent earnings,0.39,,1.84,,-26.37,-3.62,68.85,0.0,,0.76,0.48,,,275.0,121.0,7.3,110.7,92.61,66.88,2.01,-0.36,6,32.0,29.42,7.0,8.0,76.4,BUY ⭐⭐⭐⭐,Expected ~38% CAGR (2yr) | Revenue CAGR 25% | Profit CAGR 54% | ROCE trend rising ↑ | Promoter 69% holding | Piotroski F=6 (above average quality),None identified,2-3 years,Medium,"yfinance, screener.in",100,101,,2026-06-27,2026-06-01,26,2.2,3,-2.0
PRIVISCL,Privi Speciality Chemicals Limited,Basic Materials,Specialty Chemicals,13648.0,Mid-Cap,MonthlyDoubleBottom,Forming,0.718,14,Sep 14mo | Mid rally 72% | Asymmetry 1%,,Uptrend,True,False,Tight-Above-MAs,True,Stage2,1,Uptrend,Uptrend,3086.0,1736.85,1003.74,2623.1,3953.53,9770.76,24147.46,9770.76,216.6,77.9,41.67,24.35,9.66,0.28,22.83,29.0,35.72,3884.5,2,strong_buy,26.0,22.1,2.11,25.0,2.17,12.78,10.54,22.04,16.83,14.96,71.35,147.14,22.06,40.9,0.15,highly inconsistent earnings,0.71,,1.46,,112.89,0.83,60.6,0.0,,1.37,-0.27,10.67,0.42,3590.9,2173.2,14.1,42.0,43.91,163.88,0.55,-0.11,6,35.0,24.12,7.0,10.0,76.1,BUY ⭐⭐⭐⭐,Expected ~78% CAGR (2yr) | Revenue CAGR 17% | Profit CAGR 147% | ROE 26% | ROCE 22% | ROCE trend rising ↑,Pattern still forming (not broken out),2-3 years,Medium,"yfinance, screener.in",100,133,,2026-06-27,2026-06-01,26,0.0,3,2.0
MAHABANK,Bank of Maharashtra,Financial Services,Banks - Regional,69370.0,Large-Cap,MonthlyDoubleBottom,Forming,0.948,24,Sep 24mo | Mid rally 101% | Asymmetry 6%,MonthlyCupHandle+MonthlyDoubleBottom,Uptrend,True,False,Tight-Above-MAs,True,Stage2,12,Uptrend,Uptrend,78.34,46.75,22.59,66.59,238.08,232.1,460.92,331.27,196.3,72.1,9.89,,2.09,0.25,,244.0,19.17,83.33,3,none,22.6,6.03,,46.81,,52.36,1.76,17.37,22.58,19.79,26.61,39.14,65.16,36.1,0.4,lumpy earner,,,,,,,73.6,0.0,,5.55,0.63,13.93,0.43,91.2,51.71,14.1,51.5,46.98,167.31,0.6,0.79,2,28.0,27.88,10.0,10.0,75.9,BUY ⭐⭐⭐⭐,Expected ~72% CAGR (2yr) | Revenue CAGR 23% | Profit CAGR 39% | ROE 23% | Promoter 74% holding | OPM 47%,Pattern still forming (not broken out),1-3 years,Low-Medium,"yfinance, screener.in",80,266,,2026-06-27,2026-06-01,26,0.0,3,3.0
SKIPPER,Skipper Limited,Industrials,Engineering & Construction,6134.0,Small-Cap,MonthlyStage2,Stage Change,1.0,24,10-EMA=471 | 30-EMA=413 | Above by 34.7% | MA turning=Yes,MonthlyDoubleBottom+MonthlyStage2,Uptrend,True,False,Tight-Above-MAs,True,Stage2,4,Uptrend,Uptrend,556.2,412.78,334.35,472.77,1260.53,2279.91,4123.68,2279.91,309.9,102.5,28.73,17.75,4.09,0.36,12.24,2.0,0.78,565.0,2,none,16.5,23.3,3.46,10.0,0.14,3.84,7.77,20.09,41.02,28.55,42.95,80.87,58.94,62.9,0.4,lumpy earner,0.64,,1.3,,-309.44,-5.04,66.5,0.02,,6.07,-0.3,1.66,0.86,588.0,327.05,5.4,70.1,19.17,193.24,1.25,0.62,5,31.0,28.5,12.0,4.0,75.5,BUY ⭐⭐⭐⭐,Expected ~102% CAGR (2yr) | Revenue CAGR 41% | Profit CAGR 81% | ROCE 23% | ROCE trend rising ↑ | Promoter 66% holding,None identified,2-3 years,Medium,"yfinance, screener.in",100,134,,2026-06-27,2026-06-01,26,19.2,3,8.0
HONASA,Honasa Consumer Limited,Consumer Defensive,Household & Personal Products,13608.0,Mid-Cap,MonthlyStage2,Stage Change,1.0,24,10-EMA=337 | 30-EMA=339 | Above by 22.2% | MA turning=Yes,,Uptrend,True,False,Tight-Above-MAs,True,Stage2,15,Uptrend,Uptrend,413.65,338.6,215.43,351.6,1107.32,1794.63,6519.25,2686.8,333.9,108.3,67.98,43.8,9.6,0.48,65.13,0.0,,456.38,13,buy,15.7,19.2,3.3,10.0,43.17,8.36,6.17,15.72,17.01,39.06,173.97,142.64,,177.0,0.2,multiple loss years in history,0.1,,1.69,,159.64,1.17,35.54,0.0,,13.74,-0.88,19.24,0.6,438.35,248.4,5.6,66.5,56.73,,0.92,0.68,7,29.0,28.5,8.0,10.0,75.5,BUY ⭐⭐⭐⭐,Expected ~108% CAGR (2yr) | Revenue CAGR 17% | Profit CAGR 143% | ROCE trend rising ↑ | Nearly debt-free | Piotroski F=7 (high quality compounder),High PE 68,1-3 years,Low-Medium,"yfinance, screener.in",100,32,,2026-06-27,2026-06-01,26,16.7,3,8.1
SANDUMA,The Sandur Manganese & Iron Ores Limited,Basic Materials,Steel,10292.0,Mid-Cap,MonthlyDoubleBottom,Forming,0.877,11,Sep 11mo | Mid rally 90% | Asymmetry 2%,MonthlyCupHandle+MonthlyDoubleBottom,Sideways-Above-MA,True,False,Constructive,False,Stage2,1,Uptrend,Uptrend,217.09,210.6,109.48,184.53,402.18,540.57,726.58,540.57,149.0,57.8,15.67,,3.16,0.46,9.13,20.0,25.0,,0,none,23.2,24.4,-1.57,24.0,-2.46,12.9,11.16,62.3,33.76,48.61,39.7,34.41,34.95,50.5,0.15,highly inconsistent earnings,0.31,,1.16,,793.91,7.71,74.22,0.0,,1.63,0.43,0.66,-0.01,273.0,141.37,20.5,53.6,49.36,,0.2,0.74,4,38.0,19.52,10.0,7.0,74.5,BUY ⭐⭐⭐⭐,Expected ~58% CAGR (2yr) | Revenue CAGR 34% | Profit CAGR 34% | ROE 23% | ROCE 24% | Promoter 74% holding,Margin compression ↓ | Pattern still forming (not broken out),2-3 years,Medium,"yfinance, screener.in",100,34,,2026-06-27,2026-06-01,26,-4.0,3,-6.0
KERNEX,Kernex Microsystems (India) Limited,Technology,Software - Application,3360.0,Small-Cap,MonthlyStage2,Stage Change,1.0,24,10-EMA=1163 | 30-EMA=944 | Above by 43.5% | MA turning=Yes,MonthlyDoubleBottom+MonthlyStage2,Uptrend,True,False,Tight-Above-MAs,True,Downtrend,0,Uptrend,Uptrend,1354.0,943.72,396.3,1150.9,3690.24,11380.69,35098.04,11380.69,740.5,189.9,38.02,,13.52,0.18,23.45,0.0,0.0,,0,none,43.5,47.8,9.51,35.0,24.6,20.53,15.46,126.32,375.48,88.64,76.0,208.4,,109.5,0.2,multiple loss years in history,0.66,,1.31,,-131.54,-3.91,28.85,-0.04,,0.3,0.23,0.02,-0.05,2145.0,850.0,36.9,59.3,21.79,255.02,1.06,0.08,4,33.0,27.5,8.0,6.0,74.5,BUY ⭐⭐⭐⭐,Expected ~190% CAGR (2yr) | Revenue CAGR 375% | Profit CAGR 208% | ROE 44% | ROCE 48% | ROCE trend rising ↑,None identified,2-3 years,Medium,"yfinance, screener.in",100,246,,2026-06-27,2026-06-01,26,0.0,3,-2.0
THYROCARE,Thyrocare Technologies Limited,Healthcare,Diagnostics & Research,8603.0,Mid-Cap,MonthlyDoubleBottom,Forming,1.0,36,Sep 36mo | Mid rally 676% | Asymmetry 6%,,Sideways-Above-MA,True,True,Constructive,True,Stage2,5,Uptrend,Uptrend,470.65,967.28,121.16,400.05,637.96,1813.4,1189.71,871.2,285.3,96.3,52.89,39.6,16.09,1.45,34.84,302.0,23.13,603.0,5,strong_buy,28.4,35.4,-1.57,32.0,-1.43,19.67,17.69,20.67,16.3,10.86,79.12,36.56,7.6,118.6,0.15,highly inconsistent earnings,0.09,,3.39,,171.93,2.0,60.92,-0.01,,5.37,0.41,21.0,0.48,578.25,318.07,18.6,48.0,53.36,161.61,1.24,0.47,5,38.0,22.5,6.0,8.0,74.5,BUY ⭐⭐⭐⭐,Expected ~96% CAGR (2yr) | Revenue CAGR 16% | Profit CAGR 37% | ROE 28% | ROCE 35% | Nearly debt-free,High PE 53 | Margin compression ↓ | Pattern still forming (not broken out),2-3 years,Medium,"yfinance, screener.in",100,121,,2026-06-27,2026-06-01,26,0.0,3,-1.0
PANACHE,Panache Digilife Limited,Technology,Communication Equipment,648.0,Small-Cap,MonthlyDoubleBottom,Forming,1.0,33,Sep 33mo | Mid rally 147% | Asymmetry 8%,,Sideways-Above-MA,True,True,Constructive,True,Downtrend,0,Uptrend,Uptrend,368.85,94.8,36.79,313.52,669.07,1720.39,4423.63,1720.39,366.4,116.0,47.63,,5.94,0.3,22.53,0.0,-20.63,,0,none,21.6,25.6,2.43,11.0,0.51,6.67,10.32,109.48,29.46,25.52,142.86,157.13,33.56,323.7,0.15,highly inconsistent earnings,0.26,,1.82,,-27.14,-4.18,54.05,2.37,,,,,,472.15,191.78,21.9,92.3,81.85,477.04,0.53,0.3,5,37.0,21.5,8.0,8.0,74.5,BUY ⭐⭐⭐⭐,Expected ~116% CAGR (2yr) | Revenue CAGR 29% | Profit CAGR 157% | ROE 22% | ROCE 26% | ROCE trend rising ↑,Pattern still forming (not broken out),2-3 years,Medium,"yfinance, screener.in",100,110,,2026-06-27,2026-06-01,26,0.0,3,0.0
ENGINERSIN,Engineers India Limited,Industrials,Engineering & Construction,14093.0,Mid-Cap,MonthlyStage2,Stage Change,1.0,24,10-EMA=214 | 30-EMA=191 | Above by 22.9% | MA turning=Yes,MonthlyCupHandle+MonthlyDoubleBottom+MonthlyStage2,Uptrend,True,False,Tight-Above-MAs,True,Stage2,4,Uptrend,Uptrend,234.68,190.88,145.07,199.48,522.58,502.95,829.51,658.39,114.3,46.4,20.37,16.28,4.49,0.78,18.25,120.0,-20.63,269.8,5,strong_buy,23.8,30.6,0.8,18.0,1.43,17.61,7.34,27.2,5.66,4.55,19.31,25.99,22.68,-30.1,0.15,highly inconsistent earnings,0.01,,1.3,,178.13,1.26,51.32,0.0,,9.66,1.92,12.19,-1.19,267.0,163.55,12.1,43.5,16.89,36.59,0.3,0.91,5,33.0,28.5,9.0,4.0,74.5,BUY ⭐⭐⭐⭐,Expected ~46% CAGR (2yr) | Profit CAGR 26% | ROE 24% | ROCE 31% | ROCE trend rising ↑ | Nearly debt-free,None identified,2-3 years,Medium,"yfinance, screener.in",100,346,,2026-06-27,2026-06-01,26,-4.2,3,5.0
BFUTILITIE,BF Utilities Limited,Industrials,Infrastructure Operations,2484.0,Small-Cap,MonthlyDoubleBottom,Forming,1.0,26,Sep 26mo | Mid rally 210% | Asymmetry 7%,,Sideways-Above-MA,True,False,Constructive,True,Stage2,4,Uptrend,Uptrend,621.85,2000.76,622.0,590.9,2192.51,3379.52,5182.88,3370.98,443.5,133.1,15.7,,12.33,0.29,5.86,0.0,,,0,none,113.0,29.9,3.89,74.0,2.66,17.57,14.52,-13.62,17.73,9.36,11.18,53.75,36.24,8.6,0.15,highly inconsistent earnings,0.69,,1.72,,307.7,12.39,56.73,0.0,,1.57,0.0,0.05,-0.05,898.7,368.7,30.8,68.7,-12.37,45.58,1.05,0.35,7,40.0,22.5,12.0,0.0,74.5,BUY ⭐⭐⭐⭐,Expected ~133% CAGR (2yr) | Revenue CAGR 18% | Profit CAGR 54% | ROE 113% | ROCE 30% | ROCE trend rising ↑,Pattern still forming (not broken out),2-3 years,Medium,"yfinance, screener.in",100,230,,2026-06-27,2026-06-01,26,18.5,3,15.0
GOKULAGRO,Gokul Agro Resources Limited,Consumer Defensive,Packaged Foods,6544.0,Small-Cap,MonthlyDoubleBottom,Forming,0.42,10,Sep 10mo | Mid rally 42% | Asymmetry 0%,,Sideways-Above-MA,True,False,Constructive,False,Stage2,15,Uptrend,Uptrend,233.07,67.5,47.4,198.11,1028.34,1448.62,2040.68,1448.62,521.5,149.3,17.7,,4.61,0.43,9.56,0.0,,,0,none,30.0,36.7,2.09,3.0,0.23,1.54,8.6,23.15,30.88,23.53,50.0,40.87,52.32,144.8,0.15,highly inconsistent earnings,0.41,,1.23,,420.05,6.42,74.24,0.0,,1.51,-0.07,0.09,0.08,249.92,142.5,6.7,63.6,54.29,279.85,0.14,-0.1,5,40.0,14.04,12.0,8.0,74.0,BUY ⭐⭐⭐⭐,Expected ~149% CAGR (2yr) | Revenue CAGR 31% | Profit CAGR 41% | ROE 30% | ROCE 37% | ROCE trend rising ↑,Pattern still forming (not broken out),2-3 years,Medium,"yfinance, screener.in",100,124,,2026-06-27,2026-06-01,26,-1.6,3,-6.0
GOLDIAM,Goldiam International Limited,Consumer Cyclical,Luxury Goods,5359.0,Small-Cap,MonthlyStage2,Breaking Out,1.0,24,10-EMA=378 | 30-EMA=320 | Above by 49.8% | MA turning=Yes,MonthlyCupHandle+MonthlyDoubleBottom+MonthlyStage2,Uptrend,True,False,Tight-Above-MAs,True,Stage2,3,Uptrend,Uptrend,478.8,319.58,185.47,406.98,924.78,1167.44,1473.78,1167.44,143.8,56.1,31.45,,4.85,1.2,24.29,79.0,-4.93,,0,none,18.5,23.9,0.49,21.0,0.43,17.46,10.51,25.1,22.38,19.2,46.15,26.24,20.61,61.2,0.15,highly inconsistent earnings,0.07,,5.94,,-58.54,-1.09,58.51,0.0,,0.63,-0.11,0.95,-0.15,507.45,265.0,5.6,80.7,45.78,262.82,1.87,0.94,6,30.0,30.0,6.0,8.0,74.0,BUY ⭐⭐⭐⭐,Expected ~56% CAGR (2yr) | Revenue CAGR 22% | Profit CAGR 26% | ROCE 24% | ROCE trend rising ↑ | Nearly debt-free,None identified,2-3 years,Medium,"yfinance, screener.in",100,251,,2026-06-27,2026-06-01,26,26.1,3,0.5
SKMEGGPROD,SKM Egg Products Export (India) Limited,Consumer Defensive,Packaged Foods,1251.0,Small-Cap,MonthlyDoubleBottom,Breakout Ready,1.0,22,Sep 22mo | Mid rally 174% | Asymmetry 3%,MonthlyCupHandle+MonthlyDoubleBottom,Uptrend,True,True,Tight-Above-MAs,True,Stage2,15,Uptrend,Uptrend,239.43,64.65,23.29,203.52,893.64,992.12,1101.45,992.12,314.4,103.6,12.05,,3.16,1.09,7.47,32.0,44.22,,0,none,29.7,30.0,2.49,21.0,1.8,13.51,17.0,54.22,5.08,23.35,197.14,11.02,45.41,414.4,0.15,highly inconsistent earnings,0.36,,2.86,,16.81,1.34,57.47,0.04,,0.49,-0.26,0.36,0.04,257.4,120.0,7.0,99.5,66.17,79.94,3.16,-0.1,6,28.0,30.0,8.0,8.0,74.0,BUY ⭐⭐⭐⭐,Expected ~104% CAGR (2yr) | ROE 30% | ROCE 30% | ROCE trend rising ↑ | Promoter 57% holding | Piotroski F=6 (above average quality),None identified,2-3 years,Medium,"yfinance, screener.in",100,288,,2026-06-27,2026-06-01,26,22.7,3,6.0
CLSEL,Chaman Lal Setia Exports Ltd.,Consumer Defensive,Packaged Foods,1469.0,Small-Cap,MonthlyStage2,Breaking Out,0.952,24,10-EMA=275 | 30-EMA=263 | Above by 14.3% | MA turning=Yes,MonthlyCupHandle+MonthlyStage2,Uptrend,True,False,Tight-Above-MAs,True,Stage2,15,Uptrend,Uptrend,300.05,262.56,205.25,255.04,2313.02,3612.93,5643.4,3612.93,1104.1,247.0,12.79,,1.75,0.23,9.07,85.0,75.0,,0,none,14.61,,,11.85,,7.97,9.47,16.5,,,56.2,,,55.9,0.5,insufficient history,0.1,,6.94,,95.41,6.5,74.05,0.0,,3.08,0.0,1.58,-0.02,395.75,203.75,24.2,47.3,-0.54,46.33,11.47,0.43,4,32.0,30.0,12.0,0.0,74.0,BUY ⭐⭐⭐⭐,Expected ~247% CAGR (2yr) | Revenue CAGR 16% | Profit CAGR 56% | Nearly debt-free | Promoter 74% holding | FCF yield 6.5%,None identified,2-3 years,Medium,"yfinance, screener.in",70,62,,2026-06-27,2026-06-01,26,16.1,3,9.3
CAPLIPOINT,Caplin Point Laboratories Limited,Healthcare,Drug Manufacturers - Specialty & Generic,19030.0,Mid-Cap,MonthlyStage2,Breaking Out,1.0,24,10-EMA=1942 | 30-EMA=1758 | Above by 37.0% | MA turning=Yes,MonthlyDoubleBottom+MonthlyStage2,Uptrend,True,True,Tight-Above-MAs,True,Stage2,5,Uptrend,Uptrend,2407.8,1758.16,1504.8,2046.63,4361.19,5229.51,6270.7,5229.51,117.2,47.4,29.76,23.41,5.42,1.49,23.85,32.0,-3.85,2505.0,2,none,20.6,24.6,-0.6,35.0,0.91,29.32,11.86,12.91,14.24,15.57,20.15,19.91,20.96,19.3,1.0,steady compounder (low CV),0.0,,6.7,,2.13,0.01,70.57,0.0,,6.15,-0.43,2.14,0.09,2560.0,1500.3,5.9,60.5,21.3,147.71,1.68,0.22,6,30.0,30.0,6.0,8.0,74.0,BUY ⭐⭐⭐⭐,Expected ~47% CAGR (2yr) | ROE 21% | ROCE 25% | Nearly debt-free | Promoter 71% holding | OPM 35%,None identified,2-3 years,Medium,"yfinance, screener.in",100,145,,2026-06-27,2026-06-01,26,18.1,3,11.0
DEEPINDS,Deep Industries Limited,Energy,Oil & Gas E&P,3117.0,Small-Cap,MonthlyStage2,Stage Change,1.0,24,10-EMA=456 | 30-EMA=404 | Above by 22.5% | MA turning=Yes,,Sideways-Above-MA,True,False,Constructive,False,Stage2,1,Uptrend,Uptrend,495.4,404.34,311.0,421.09,719.59,1006.49,1407.78,1006.49,103.2,42.5,17.33,8.26,1.56,0.43,9.13,63.0,48.84,650.0,1,none,19.4,16.5,2.83,40.0,0.23,20.2,7.42,54.69,37.73,35.65,349.37,39.87,44.75,,0.15,highly inconsistent earnings,0.1,,2.69,,41.62,1.34,63.49,0.0,,1.81,0.1,1.13,0.03,578.0,330.0,14.3,50.1,8.9,108.61,0.81,-0.63,7,40.0,22.5,9.0,2.0,73.5,BUY ⭐⭐⭐⭐,Expected ~42% CAGR (2yr) | Revenue CAGR 38% | Profit CAGR 40% | ROCE trend rising ↑ | Nearly debt-free | Promoter 63% holding,None identified,2-3 years,Medium,"yfinance, screener.in",100,63,,2026-06-27,2026-06-01,26,4.5,3,-5.0
STAR,Strides Pharma Science Limited,Healthcare,Drug Manufacturers - Specialty & Generic,10239.0,Mid-Cap,MonthlyDoubleBottom,Forming,1.0,26,Sep 26mo | Mid rally 276% | Asymmetry 1%,,Uptrend,True,False,Tight-Above-MAs,True,Stage2,5,Uptrend,Uptrend,1153.6,986.17,260.8,980.56,8705.05,14330.28,60997.48,23043.14,1142.2,252.5,18.42,11.45,3.3,0.11,12.78,36.0,100.0,1261.0,3,strong_buy,20.4,18.6,3.49,19.0,2.6,11.45,6.96,6.44,9.63,7.94,-84.02,164.71,-3.41,54.4,0.2,multiple loss years in history,0.56,,1.25,,32.17,0.31,27.91,0.05,,28.68,-0.84,14.44,1.42,1231.0,768.65,6.3,50.1,36.52,147.78,0.61,0.34,5,24.0,28.5,13.0,8.0,73.5,BUY ⭐⭐⭐⭐,Expected ~252% CAGR (2yr) | Profit CAGR 165% | ROE 20% | ROCE trend rising ↑ | Piotroski F=5 (above average quality) | DII buying +1.4% ↑,Pattern still forming (not broken out),2-3 years,Medium,"yfinance, screener.in",100,288,,2026-06-27,2026-06-01,26,0.0,3,1.0
JSLL,JEENA SIKHO LIFECARE LTD,Healthcare,Medical Care Facilities,6926.0,Small-Cap,MonthlyDoubleBottom,Forming,1.0,27,Sep 27mo | Mid rally 354% | Asymmetry 6%,,Downtrend,False,False,Below-MAs,True,Stage2,5,Uptrend,Uptrend,654.35,2495.23,534.4,556.2,2992.91,8148.49,22185.09,8148.49,1145.3,252.9,31.25,14.62,19.57,0.18,19.61,20.0,31.58,1000.0,1,none,61.3,64.1,12.0,44.0,10.4,27.68,37.62,70.79,75.97,,177.5,172.26,,78.1,1.0,steady compounder (low CV),0.27,,3.25,,213.96,3.09,63.62,0.0,,6.17,-0.14,0.46,0.35,849.5,415.0,23.0,57.7,61.38,125.56,1.45,1.03,7,40.0,16.5,11.0,6.0,73.5,BUY ⭐⭐⭐⭐,Expected ~253% CAGR (2yr) | Revenue CAGR 76% | Profit CAGR 172% | ROE 61% | ROCE 64% | ROCE trend rising ↑,Pattern still forming (not broken out),2-3 years,Medium,"yfinance, screener.in",100,49,,2026-06-27,2026-06-01,26,0.0,3,7.0
SYNCOMF,Syncom Formulations (India) Limited,Healthcare,Drug Manufacturers - Specialty & Generic,1315.0,Small-Cap,MonthlyDoubleBottom,Forming,1.0,21,Sep 21mo | Mid rally 164% | Asymmetry 7%,,Sideways-Above-MA,True,True,Constructive,True,Stage2,5,Uptrend,Uptrend,14.15,27.9,10.21,12.03,67.12,104.74,163.45,104.74,640.2,172.1,17.27,,3.41,0.31,15.77,0.0,,,0,none,20.2,26.8,2.26,16.0,1.31,15.63,9.36,5.62,30.11,21.46,55.1,56.05,47.19,42.3,0.4,lumpy earner,0.0,,3.19,,41.05,3.12,50.57,0.0,,0.21,-0.05,,,20.13,10.21,29.7,38.6,-18.78,64.7,0.66,0.72,7,40.0,22.0,11.0,0.0,73.0,BUY ⭐⭐⭐⭐,Expected ~172% CAGR (2yr) | Revenue CAGR 30% | Profit CAGR 56% | ROE 20% | ROCE 27% | ROCE trend rising ↑,Pattern still forming (not broken out),2-3 years,Medium,"yfinance, screener.in",100,43,,2026-06-27,2026-06-01,26,0.0,3,-1.0
UNIVASTU,Univastu India Limited,Industrials,Engineering & Construction,321.0,Micro-Cap,MonthlyDoubleBottom,Forming,1.0,20,Sep 20mo | Mid rally 108% | Asymmetry 2%,MonthlyDoubleBottom+MonthlyStage2,Sideways-Above-MA,True,False,Constructive,True,Stage2,4,Uptrend,Uptrend,69.99,115.12,54.67,59.49,127.85,198.01,306.65,198.01,182.9,68.2,30.52,,3.67,0.56,8.57,0.0,,,0,none,25.4,30.0,1.0,16.0,-4.17,9.58,9.23,42.11,40.83,36.65,62.5,54.87,21.06,156.9,0.15,highly inconsistent earnings,0.3,,1.37,,30.01,9.36,67.46,0.0,,,0.0,0.0,0.0,106.67,56.02,34.4,24.9,-8.27,77.64,0.37,0.32,4,40.0,22.0,10.0,1.0,73.0,BUY ⭐⭐⭐⭐,Expected ~68% CAGR (2yr) | Revenue CAGR 41% | Profit CAGR 55% | ROE 25% | ROCE 30% | ROCE trend rising ↑,Margin compression ↓ | Pattern still forming (not broken out),2-3 years,Medium,"yfinance, screener.in",100,96,,2026-06-27,2026-06-01,26,0.0,3,3.0
ASHIANA,Ashiana Housing Limited,Real Estate,Real Estate - Development,3859.0,Small-Cap,MonthlyStage2,Stage Change,1.0,24,10-EMA=326 | 30-EMA=299 | Above by 20.5% | MA turning=Yes,MonthlyCupHandle+MonthlyDoubleBottom+MonthlyStage2,Uptrend,True,False,Uptrend,True,Stage2,3,Uptrend,Uptrend,359.95,298.62,263.99,305.96,653.27,1055.23,1704.51,1055.23,193.2,71.2,32.04,22.32,4.26,0.52,23.33,65.0,25.99,,0,none,14.5,14.4,2.54,11.0,2.26,10.31,1.87,116.07,40.74,36.41,555.56,61.53,53.16,3.2,0.15,highly inconsistent earnings,0.38,,1.33,,442.37,11.46,61.11,0.0,,8.29,0.39,8.07,0.01,404.9,269.45,11.1,33.6,19.28,58.08,0.28,0.28,5,36.0,26.5,6.0,4.0,72.5,BUY ⭐⭐⭐⭐,Expected ~71% CAGR (2yr) | Revenue CAGR 41% | Profit CAGR 62% | ROCE trend rising ↑ | Promoter 61% holding | FCF yield 11.5%,None identified,2-3 years,Medium,"yfinance, screener.in",100,181,,2026-06-27,2026-06-01,26,-1.2,3,-6.0
MAYURUNIQ,Mayur Uniquoters Limited,Consumer Cyclical,Textile Manufacturing,3590.0,Small-Cap,MonthlyStage2,Stage Change,1.0,24,10-EMA=541 | 30-EMA=526 | Above by 17.7% | MA turning=Yes,MonthlyDoubleBottom+MonthlyStage2,Uptrend,True,False,Uptrend,True,Stage2,3,Uptrend,Uptrend,619.4,526.3,456.31,526.49,1879.93,1743.67,2828.91,2306.12,181.5,67.8,18.73,13.59,3.53,0.83,14.23,61.0,35.72,900.0,3,none,18.4,24.7,1.26,24.0,0.31,19.83,11.08,9.89,7.61,13.52,28.86,22.67,16.36,43.2,0.4,lumpy earner,0.01,,7.46,,-11.45,-0.32,58.77,0.18,,3.68,0.45,3.65,0.33,849.15,471.2,27.1,31.5,19.34,-1.46,1.21,0.38,5,26.0,26.5,14.0,6.0,72.5,BUY ⭐⭐⭐⭐,Expected ~68% CAGR (2yr) | Profit CAGR 23% | ROCE 25% | ROCE trend rising ↑ | Nearly debt-free | Promoter 59% holding,None identified,2-3 years,Medium,"yfinance, screener.in",100,165,,2026-06-27,2026-06-01,26,0.0,3,2.0
ZENTEC,Zen Technologies Limited,Industrials,Aerospace & Defense,17960.0,Mid-Cap,MonthlyStage2,Stage Change,1.0,24,10-EMA=1486 | 30-EMA=1341 | Above by 16.6% | MA turning=Yes,MonthlyCupHandle+MonthlyDoubleBottom+MonthlyStage2,Uptrend,True,False,Tight-Above-MAs,True,Stage2,4,Uptrend,Uptrend,1564.5,1341.26,1043.83,1329.83,993.85,1664.86,2652.57,1623.66,6.4,3.2,92.58,38.39,9.99,1.46,71.52,5.0,171.44,1726.67,6,none,10.7,16.2,5.51,36.0,6.11,28.13,6.62,-29.36,46.46,65.75,-27.09,63.37,135.65,-68.8,0.15,highly inconsistent earnings,0.01,,8.86,,374.0,2.08,48.51,0.0,,5.99,0.45,10.06,2.2,2065.0,1223.0,24.2,27.9,-13.21,252.5,0.86,0.03,6,36.0,28.5,4.0,4.0,72.5,BUY ⭐⭐⭐⭐,Expected ~3% CAGR (2yr) | Revenue CAGR 46% | Profit CAGR 63% | ROCE trend rising ↑ | Nearly debt-free | OPM 36%,High PE 93,2-3 years,Medium,"yfinance, screener.in",100,135,,2026-06-27,2026-06-01,26,0.0,3,4.0
ASTRAMICRO,Astra Microwave Products Limited,Technology,Communication Equipment,15990.0,Mid-Cap,MonthlyDoubleBottom,Forming,1.0,34,Sep 34mo | Mid rally 178% | Asymmetry 8%,,Uptrend,True,True,Tight-Above-MAs,True,Downtrend,0,Uptrend,Uptrend,1443.8,54.67,18.86,1227.23,816.31,1262.93,1605.0,1144.63,,,83.33,52.09,12.17,2.07,48.02,13.0,16.26,1440.38,8,none,16.0,20.2,2.17,29.0,3.71,16.59,9.44,10.66,12.54,12.65,25.32,40.22,46.09,44.2,0.4,lumpy earner,0.22,,3.13,,306.21,1.92,6.54,0.0,,7.56,1.3,15.42,0.67,1735.5,851.0,16.8,69.7,55.41,269.85,1.17,0.52,7,36.0,27.5,-1.0,10.0,72.5,BUY ⭐⭐⭐⭐,Profit CAGR 40% | ROCE 20% | ROCE trend rising ↑ | Low D/E 0.22 | OPM 29% | Piotroski F=7 (high quality compounder),High PE 83 | Pattern still forming (not broken out),2-3 years,Medium,"yfinance, screener.in",100,260,,2026-06-27,2026-06-01,26,32.1,3,8.0
WABAG,VA Tech Wabag Limited,Industrials,Engineering & Construction,12361.0,Mid-Cap,MonthlyStage2,Stage Change,0.973,24,10-EMA=1347 | 30-EMA=1214 | Above by 14.6% | MA turning=Yes,MonthlyDoubleBottom+MonthlyStage2,Uptrend,True,False,Uptrend,True,Stage2,4,Uptrend,Uptrend,1391.2,1214.05,1077.7,1182.52,5642.43,11700.65,58793.99,18213.75,741.0,190.0,28.65,22.46,5.31,0.13,21.77,20.0,100.0,1931.0,7,strong_buy,15.9,21.3,1.74,12.0,1.06,9.39,5.17,19.73,10.04,6.83,25.42,222.8,29.65,28.9,0.15,highly inconsistent earnings,0.09,,1.71,,140.94,1.14,19.09,-0.01,,16.6,-2.37,5.77,1.45,2009.7,1033.0,30.8,34.7,1.87,162.02,0.36,0.77,7,30.0,26.18,11.0,5.0,72.2,BUY ⭐⭐⭐⭐,Expected ~190% CAGR (2yr) | Profit CAGR 223% | ROCE 21% | ROCE trend rising ↑ | Nearly debt-free | Piotroski F=7 (high quality compounder),None identified,2-3 years,Medium,"yfinance, screener.in",100,188,,2026-06-27,2026-06-01,26,0.0,3,0.0
DJML,DJ Mediaprint & Logistics Limited,Industrials,Specialty Business Services,405.0,Micro-Cap,MonthlyStage2,Breaking Out,1.0,24,10-EMA=96 | 30-EMA=94 | Above by 20.7% | MA turning=Yes,MonthlyDoubleBottom+MonthlyStage2,Uptrend,True,True,Tight-Above-MAs,True,Stage2,4,Uptrend,Uptrend,113.47,94.0,69.5,96.45,245.14,540.03,1189.69,540.03,375.9,118.2,36.71,,4.47,0.31,17.18,9.0,50.0,,0,none,14.2,16.6,2.0,19.0,-2.5,7.91,8.88,68.29,,,57.14,,,129.0,1.0,steady compounder (low CV),0.43,,5.84,,-28.65,-7.08,56.17,0.65,,0.05,0.05,0.0,0.0,126.96,52.0,10.6,118.2,5.44,95.42,2.56,-0.23,4,29.0,30.0,10.0,3.0,72.0,BUY ⭐⭐⭐⭐,Expected ~118% CAGR (2yr) | Revenue CAGR 91% | Profit CAGR 120% | ROCE trend rising ↑ | Promoter 56% holding | Margin compressing ↓ ⚠️,Margin compression ↓,2-3 years,Medium,"yfinance, screener.in",80,43,,2026-06-27,2026-06-01,26,18.9,3,6.0
CUMMINSIND,Cummins India Limited,Industrials,Specialty Industrial Machinery,162578.0,Large-Cap,MonthlyDoubleBottom,Forming,0.524,17,Sep 17mo | Mid rally 59% | Asymmetry 7%,,Uptrend,True,False,Tight-Above-MAs,True,Stage2,4,Uptrend,Uptrend,5621.5,1036.81,631.02,4778.27,3649.14,4994.72,5643.55,4538.07,,,68.97,49.29,19.18,2.83,50.99,113.0,-7.17,5679.7,23,hold,30.2,39.5,4.8,21.0,1.63,19.45,16.96,16.86,16.04,22.73,18.1,24.36,30.05,22.7,0.75,consistent growth,0.0,,3.32,,1341.12,0.82,51.0,0.0,,20.77,1.35,19.43,-1.17,6100.0,3218.6,7.8,74.7,64.95,177.49,0.38,0.56,7,40.0,21.79,0.0,10.0,71.8,BUY ⭐⭐⭐⭐,Revenue CAGR 16% | Profit CAGR 24% | ROE 30% | ROCE 40% | ROCE trend rising ↑ | Nearly debt-free,High PE 69 | Earnings due 2026-08-06 | Pattern still forming (not broken out),2-3 years,Medium,"yfinance, screener.in",100,288,2026-08-06,2026-06-27,2026-06-01,26,7.0,3,3.0
HINDCOPPER,Hindustan Copper Limited,Basic Materials,Copper,49429.0,Large-Cap,MonthlyStage2,Stage Change,1.0,24,10-EMA=473 | 30-EMA=356 | Above by 43.1% | MA turning=Yes,MonthlyDoubleBottom+MonthlyStage2,Sideways-Above-MA,True,False,Constructive,False,Stage2,1,Uptrend,Uptrend,510.0,356.42,200.96,433.5,299.34,511.88,638.5,437.18,0.4,0.2,53.75,25.69,14.8,1.17,33.36,48.0,2.82,715.0,1,none,32.9,42.5,5.66,48.0,4.34,29.84,19.92,48.62,22.44,11.49,97.63,46.05,52.89,137.4,0.15,highly inconsistent earnings,0.03,,1.68,,864.71,1.75,66.14,0.0,,6.34,-0.22,5.39,-0.18,760.05,226.7,32.9,125.0,115.62,247.54,0.11,1.42,7,40.0,22.5,3.0,6.0,71.5,BUY ⭐⭐⭐⭐,Expected ~0% CAGR (2yr) | Revenue CAGR 22% | Profit CAGR 46% | ROE 33% | ROCE 42% | ROCE trend rising ↑,High PE 54,2-3 years,Medium,"yfinance, screener.in",100,198,,2026-06-27,2026-06-01,26,-10.4,3,-4.0
GVT&D,GE Vernova T&D India Ltd,Industrials,Specialty Industrial Machinery,141683.0,Large-Cap,MonthlyDoubleBottom,Forming,1.0,36,Sep 36mo | Mid rally 193% | Asymmetry 3%,,Uptrend,True,False,Uptrend,True,Stage2,4,Uptrend,Uptrend,4942.5,360.39,121.02,4201.12,2920.97,5269.44,10400.9,5511.87,6.6,3.3,114.95,70.01,67.89,1.3,83.25,18.0,100.0,4905.79,14,buy,18.6,,,12.0,,19.87,16.5,42.0,,,88.7,,,88.6,0.5,insufficient history,0.01,,1.33,,1180.97,0.83,51.0,0.0,,20.39,1.93,21.39,-1.88,5632.0,2265.0,12.2,118.2,86.21,1836.79,0.7,0.57,4,32.0,26.5,3.0,10.0,71.5,BUY ⭐⭐⭐⭐,Expected ~3% CAGR (2yr) | Revenue CAGR 42% | Profit CAGR 89% | Nearly debt-free | Promoter 51% holding | FII buying +1.9% ↑,High PE 115 | Pattern still forming (not broken out),2-3 years,Medium,"yfinance, screener.in",70,287,,2026-06-27,2026-06-01,26,12.7,3,-1.0
MOTHERSON,Samvardhana Motherson International Limited,Consumer Cyclical,Auto Parts,153272.0,Large-Cap,MonthlyDoubleBottom,Forming,1.0,42,Sep 42mo | Mid rally 191% | Asymmetry 3%,MonthlyCupHandle+MonthlyDoubleBottom,Uptrend,True,False,Tight-Above-MAs,True,Stage2,3,Uptrend,Uptrend,131.49,65.07,21.99,111.77,232.73,248.65,422.58,313.61,89.1,37.5,39.87,22.22,3.74,1.15,14.03,34.0,-6.87,151.2,20,buy,10.9,13.1,1.83,9.0,0.34,3.09,4.16,10.95,17.02,17.06,-1.45,34.75,21.1,42.5,0.15,highly inconsistent earnings,0.44,,1.06,,3768.69,2.46,48.6,0.0,,12.45,0.7,21.08,-0.49,151.77,89.7,13.4,46.6,35.8,112.19,0.55,1.02,6,24.0,28.5,9.0,10.0,71.5,BUY ⭐⭐⭐⭐,Expected ~38% CAGR (2yr) | Revenue CAGR 17% | Profit CAGR 35% | ROCE trend rising ↑ | Piotroski F=6 (above average quality) | FII buying +0.7% ↑,Earnings due 2026-08-13 | Pattern still forming (not broken out),2-3 years,Medium,"yfinance, screener.in",100,287,2026-08-13,2026-06-27,2026-06-01,26,0.0,3,0.0
ABB,ABB India Limited,Industrials,Specialty Industrial Machinery,153591.0,Large-Cap,MonthlyStage2,Stage Change,1.0,24,10-EMA=6272 | 30-EMA=5739 | Above by 18.0% | MA turning=Yes,MonthlyCupHandle+MonthlyDoubleBottom+MonthlyStage2,Sideways-Above-MA,True,False,Tight-Above-MAs,True,Stage2,4,Uptrend,Uptrend,6770.5,5738.75,4876.16,5754.93,6803.6,13839.11,51973.64,18804.46,104.4,43.0,99.02,70.79,19.6,0.56,78.74,54.0,39.08,6391.07,27,underperform,22.4,29.9,20.0,14.0,2.8,22.26,,-0.83,19.84,,78.48,176.39,,275.8,0.15,highly inconsistent earnings,0.01,,,,,,75.0,0.0,,8.19,0.55,9.28,0.13,7822.5,4637.5,13.4,46.0,28.24,31.87,0.5,0.52,3,35.0,25.5,5.0,6.0,71.5,BUY ⭐⭐⭐⭐,Expected ~43% CAGR (2yr) | Revenue CAGR 20% | Profit CAGR 176% | ROE 22% | ROCE 30% | ROCE trend rising ↑,High PE 99 | Earnings due 2026-07-30,2-3 years,Medium,"yfinance, screener.in",80,288,2026-07-30,2026-06-27,2026-06-01,26,7.0,3,1.1
SANDHAR,Sandhar Technologies Limited,Consumer Cyclical,Auto Parts,4271.0,Small-Cap,MonthlyStage2,Stage Change,1.0,24,10-EMA=556 | 30-EMA=489 | Above by 45.1% | MA turning=Yes,MonthlyDoubleBottom+MonthlyStage2,Uptrend,True,True,Tight-Above-MAs,True,Stage2,3,Uptrend,Uptrend,708.95,488.52,341.35,602.61,2505.15,3483.66,4844.37,3483.66,391.4,121.7,21.46,16.86,3.2,0.55,12.24,49.0,15.87,854.0,2,strong_buy,16.2,14.4,1.14,9.0,0.09,4.09,4.87,24.92,18.59,21.09,40.14,39.06,27.96,49.8,0.4,lumpy earner,0.86,,0.94,,-142.16,-3.33,70.38,0.0,,0.77,-0.39,17.39,1.51,763.2,405.2,7.1,75.0,50.93,73.87,1.45,0.57,5,25.0,28.5,10.0,8.0,71.5,BUY ⭐⭐⭐⭐,Expected ~122% CAGR (2yr) | Revenue CAGR 19% | Profit CAGR 39% | ROCE trend rising ↑ | Promoter 70% holding | Piotroski F=5 (above average quality),None identified,2-3 years,Medium,"yfinance, screener.in",100,99,,2026-06-27,2026-06-01,26,38.6,3,4.0
MONARCH,Monarch Networth Capital Limited,Financial Services,Capital Markets,2778.0,Small-Cap,MonthlyDoubleBottom,Forming,1.0,21,Sep 21mo | Mid rally 116% | Asymmetry 4%,MonthlyDoubleBottom+MonthlyStage2,Sideways-Above-MA,True,True,Constructive,True,Stage2,12,Uptrend,Uptrend,312.45,497.5,225.65,265.58,709.34,1145.3,1849.21,1145.3,266.6,91.5,15.36,,2.86,0.25,,29.0,25.99,,0,none,20.5,27.7,-2.71,69.0,6.14,49.44,12.91,13.41,31.93,29.28,21.48,61.46,49.79,84.3,0.15,highly inconsistent earnings,0.04,,2.21,,,,53.86,0.45,,1.47,0.03,0.15,0.0,398.8,235.45,21.7,32.7,-0.03,136.24,0.69,0.09,5,39.0,22.0,8.0,2.0,71.0,BUY ⭐⭐⭐⭐,Expected ~92% CAGR (2yr) | Revenue CAGR 32% | Profit CAGR 61% | ROE 20% | ROCE 28% | Nearly debt-free,Pattern still forming (not broken out),2-3 years,Medium,"yfinance, screener.in",90,53,,2026-06-27,2026-06-01,26,0.0,3,1.0
SOLARINDS,Solar Industries India Limited,Basic Materials,Specialty Chemicals,163353.0,Large-Cap,MonthlyCupHandle,Forming,0.872,12,Cup 12mo | Depth 23% | Prior gain 32% | R²=0.98,MonthlyCupHandle+MonthlyDoubleBottom,Uptrend,True,True,Tight-Above-MAs,True,Stage2,1,Uptrend,Uptrend,17409.0,17879.67,13845.0,14797.65,4992.61,21914.34,8295.33,6435.48,25.9,12.2,97.09,54.19,26.02,3.36,62.77,6.0,10.06,20131.92,12,none,31.5,36.8,3.57,27.0,1.83,17.05,15.45,30.48,12.45,31.35,34.86,28.9,43.25,70.0,0.4,lumpy earner,0.23,,2.06,,-1315.16,-0.81,73.15,0.0,,6.59,-0.15,12.89,-0.02,18874.0,11646.0,7.8,49.5,27.12,339.09,0.47,0.2,6,36.0,25.96,1.0,8.0,71.0,BUY ⭐⭐⭐⭐,Expected ~12% CAGR (2yr) | Profit CAGR 29% | ROE 32% | ROCE 37% | ROCE trend rising ↑ | Low D/E 0.23,High PE 97 | Earnings due 2026-08-06 | Pattern still forming (not broken out),2-3 years,Medium,"yfinance, screener.in",100,243,2026-08-06,2026-06-27,2026-06-01,26,-3.9,3,7.4
FIEMIND,Fiem Industries Limited,Consumer Cyclical,Auto Parts,6019.0,Small-Cap,MonthlyDoubleBottom,Forming,1.0,38,Sep 38mo | Mid rally 218% | Asymmetry 5%,,Sideways-Above-MA,True,False,Constructive,False,Stage2,3,Uptrend,Uptrend,2308.7,640.59,196.92,1962.39,5535.65,5168.99,8277.12,6768.99,123.9,49.6,23.53,17.27,4.95,1.06,13.93,175.0,44.22,2769.0,3,none,22.7,29.4,3.03,14.0,0.51,9.01,13.77,16.22,15.07,18.19,24.88,22.28,40.36,20.7,0.4,lumpy earner,0.05,,2.61,,-12.72,-0.21,54.51,0.0,,6.86,-0.07,11.4,0.53,2555.3,1794.0,9.7,28.7,26.46,132.3,0.44,,6,32.0,22.5,10.0,6.0,70.5,BUY ⭐⭐⭐⭐,Expected ~50% CAGR (2yr) | Revenue CAGR 15% | Profit CAGR 22% | ROE 23% | ROCE 29% | ROCE trend rising ↑,Pattern still forming (not broken out),2-3 years,Medium,"yfinance, screener.in",100,237,,2026-06-27,2026-06-01,26,6.4,3,-5.0
POWERMECH,Power Mech Projects Limited,Industrials,Engineering & Construction,8979.0,Mid-Cap,MonthlyDoubleBottom,Forming,1.0,16,Sep 16mo | Mid rally 120% | Asymmetry 1%,MonthlyDoubleBottom+MonthlyStage2,Sideways-Above-MA,True,False,Constructive,True,Stage2,4,Uptrend,Uptrend,2479.6,3722.33,1681.27,2107.66,4547.79,5763.39,7196.03,5720.67,132.4,52.5,24.69,15.79,3.93,0.96,13.08,4.0,18.56,2880.5,2,buy,15.6,21.8,3.49,12.0,1.54,6.0,7.72,15.82,18.96,26.33,18.39,25.79,25.75,21.6,0.75,consistent growth,0.26,,1.71,,528.1,5.88,58.41,0.08,,6.48,-0.07,20.18,-0.36,3415.0,1717.7,27.4,44.4,-18.37,24.81,0.52,0.59,7,39.0,21.5,9.0,1.0,70.5,BUY ⭐⭐⭐⭐,Expected ~52% CAGR (2yr) | Revenue CAGR 19% | Profit CAGR 26% | ROCE 22% | ROCE trend rising ↑ | Low D/E 0.26,Pattern still forming (not broken out),2-3 years,Medium,"yfinance, screener.in",100,130,,2026-06-27,2026-06-01,26,0.0,3,0.0
PIXTRANS,PIX Transmissions Limited,Industrials,Specialty Industrial Machinery,2235.0,Small-Cap,MonthlyDoubleBottom,Forming,1.0,14,Sep 14mo | Mid rally 133% | Asymmetry 4%,MonthlyDoubleBottom+MonthlyStage2,Uptrend,True,False,Tight-Above-MAs,True,Stage2,4,Uptrend,Uptrend,1531.9,2783.67,1173.0,1302.12,2942.52,4394.34,4102.03,3474.24,186.9,69.4,20.92,,3.21,1.16,12.07,55.0,14.47,,0,none,16.5,21.8,-0.34,26.0,-0.34,18.36,11.08,-1.19,6.19,8.9,-5.31,18.07,10.48,-10.7,0.15,highly inconsistent earnings,0.04,,6.86,,113.22,5.06,62.06,0.0,,0.41,-0.57,2.51,0.96,1706.0,1220.1,10.2,25.6,3.82,45.58,0.29,-0.05,4,30.0,27.5,8.0,5.0,70.5,BUY ⭐⭐⭐⭐,Expected ~69% CAGR (2yr) | ROCE 22% | Nearly debt-free | Promoter 62% holding | OPM 26% | FCF yield 5.1%,Pattern still forming (not broken out),2-3 years,Medium,"yfinance, screener.in",100,50,,2026-06-27,2026-06-01,26,0.0,3,2.0
LLOYDSME,Lloyds Metals and Energy Limited,Basic Materials,Steel,99359.0,Large-Cap,MonthlyCupHandle,Forming,0.572,12,Cup 12mo | Depth 19% | Prior gain 117% | R²=0.67,MonthlyAscTriangle+MonthlyCupHandle,Uptrend,True,False,Tight-Above-MAs,True,Stage2,1,Uptrend,Uptrend,1664.5,1657.23,1347.5,1414.83,4639.68,10281.92,53789.38,15797.64,517.7,148.5,26.38,12.13,7.17,0.11,19.11,6.0,0.0,2008.33,6,strong_buy,36.6,27.3,3.17,36.0,5.31,21.48,13.75,154.62,72.17,132.66,163.16,240.49,353.33,585.3,0.15,highly inconsistent earnings,1.45,,0.81,,-7270.92,-7.32,61.65,-2.08,,2.26,0.37,1.71,-0.14,1888.6,1042.9,11.9,59.6,12.48,,0.88,0.09,5,35.0,22.36,9.0,4.0,70.4,BUY ⭐⭐⭐⭐,Expected ~148% CAGR (2yr) | Revenue CAGR 72% | Profit CAGR 240% | ROE 37% | ROCE 27% | ROCE trend rising ↑,High D/E 1.5 | Pattern still forming (not broken out),2-3 years,Medium,"yfinance, screener.in",100,35,,2026-06-27,2026-06-01,26,0.0,3,-2.0
APCOTEXIND,Apcotex Industries Limited,Basic Materials,Specialty Chemicals,2834.0,Small-Cap,MonthlyStage2,Breaking Out,1.0,24,10-EMA=415 | 30-EMA=400 | Above by 32.3% | MA turning=Yes,MonthlyDoubleBottom+MonthlyStage2,Uptrend,True,False,Tight-Above-MAs,True,Stage2,1,Uptrend,Uptrend,529.3,400.04,300.82,449.9,848.88,1760.58,3651.43,1760.58,232.6,82.4,27.93,19.52,4.56,0.26,16.12,146.0,13.3,700.0,1,none,24.4,19.8,,10.0,-1.0,7.03,8.2,23.21,,,-2.56,,,107.3,0.15,highly inconsistent earnings,0.15,,1.66,,108.11,3.81,58.23,0.0,,0.64,0.02,2.23,0.0,579.0,310.45,8.6,70.5,29.29,-8.12,2.22,0.24,5,27.0,30.0,7.0,6.0,70.0,BUY ⭐⭐⭐⭐,Expected ~82% CAGR (2yr) | Profit CAGR 107% | ROE 24% | Low D/E 0.15 | Promoter 58% holding | Margin compressing ↓ ⚠️,Margin compression ↓,2-3 years,Medium,"yfinance, screener.in",80,287,,2026-06-27,2026-06-01,26,4.1,3,-4.0
SJS,S.J.S. Enterprises Limited,Consumer Cyclical,Auto Parts,7090.0,Small-Cap,None,,0.0,0,,,Uptrend,True,False,Uptrend,True,Stage2,3,Uptrend,Uptrend,2244.3,,,1907.66,3943.51,4185.41,7394.02,5399.85,86.5,36.6,41.66,27.84,8.17,1.13,25.97,16.0,25.0,2363.75,4,none,22.0,28.6,2.5,28.0,0.5,17.87,13.65,25.66,30.17,,44.54,36.93,,45.1,1.0,steady compounder (low CV),0.03,,2.95,,124.49,1.76,21.15,-0.03,,15.68,-1.24,31.09,1.99,2286.7,1131.3,1.9,98.4,87.87,222.61,,0.44,7,40.0,13.0,7.0,10.0,70.0,BUY ⭐⭐⭐⭐,Expected ~37% CAGR (2yr) | Revenue CAGR 30% | Profit CAGR 37% | ROE 22% | ROCE 29% | ROCE trend rising ↑,None identified,2-3 years,Medium,"yfinance, screener.in",100,56,,2026-06-27,2026-06-01,26,13.2,3,-3.0
BBTC,The Bombay Burmah Trading Corporation Limited,Consumer Defensive,Packaged Foods,10728.0,Mid-Cap,MonthlyDoubleBottom,Forming,1.0,27,Sep 27mo | Mid rally 129% | Asymmetry 6%,,Sideways,False,False,Below-MAs,True,Stage2,15,Uptrend,Uptrend,1518.8,2919.66,1235.21,1290.98,14810.1,21569.43,31413.71,21569.43,1320.2,276.9,8.64,4.12,1.52,0.19,3.3,221.0,141.97,,0,none,19.1,33.0,3.34,18.0,1.0,6.26,15.63,6.78,5.54,7.84,13.64,45.64,14.32,43.8,0.15,highly inconsistent earnings,0.17,,1.19,,2049.95,19.11,74.04,0.0,,9.48,0.06,1.46,0.04,2135.0,1314.6,28.9,15.5,-14.53,17.4,0.19,0.62,5,37.0,19.5,13.0,0.0,69.5,ACCUMULATE ⭐⭐⭐,Expected ~277% CAGR (2yr) | Profit CAGR 46% | ROCE 33% | ROCE trend rising ↑ | Low D/E 0.17 | Promoter 74% holding,Pattern still forming (not broken out),2-3 years,Medium,"yfinance, screener.in",100,288,,2026-06-27,2026-06-01,26,-0.7,3,0.0
ASHAPURMIN,Ashapura Minechem Limited,Basic Materials,Other Industrial Metals & Mining,6765.0,Small-Cap,MonthlyDoubleBottom,Forming,1.0,13,Sep 13mo | Mid rally 127% | Asymmetry 0%,,Sideways-Above-MA,True,False,Tight-Above-MAs,True,Stage2,1,Uptrend,Uptrend,692.05,41.64,18.35,588.24,1380.95,2151.53,3352.08,2151.53,210.9,76.3,16.86,,4.1,0.3,11.69,14.0,25.99,,0,none,28.0,20.7,1.34,11.0,0.51,7.66,7.84,91.2,41.95,35.47,43.94,55.8,36.75,28.0,0.15,highly inconsistent earnings,0.88,,1.36,,-76.18,-1.13,48.03,0.15,,19.5,0.25,0.33,-0.05,924.9,405.8,25.2,70.5,29.63,270.05,0.54,0.65,5,32.0,24.5,8.0,5.0,69.5,ACCUMULATE ⭐⭐⭐,Expected ~76% CAGR (2yr) | Revenue CAGR 42% | Profit CAGR 56% | ROE 28% | ROCE 21% | ROCE trend rising ↑,Pattern still forming (not broken out),2-3 years,Medium,"yfinance, screener.in",100,366,,2026-06-27,2026-06-01,26,8.4,3,1.0
INOXINDIA,INOX India Limited,Industrials,Specialty Industrial Machinery,17407.0,Mid-Cap,MonthlyCupHandle,Forming,0.865,23,Cup 23mo | Depth 29% | Prior gain 47% | R²=0.98,MonthlyCupHandle+MonthlyDoubleBottom,Uptrend,True,False,Tight-Above-MAs,True,Stage2,4,Uptrend,Uptrend,1428.9,1485.7,1055.87,1214.57,858.4,1915.53,1205.59,1017.29,34.1,15.8,67.58,45.12,15.57,3.65,52.03,10.0,0.0,1700.0,3,none,26.1,33.5,0.57,22.0,-0.03,16.25,10.21,21.52,18.0,21.72,14.16,18.51,21.86,14.8,0.75,consistent growth,0.07,,1.79,,-70.64,-0.41,75.0,0.0,,7.13,-0.01,7.72,0.45,1980.0,1065.0,27.8,34.2,24.08,,1.76,0.64,5,34.0,26.38,1.0,8.0,69.4,ACCUMULATE ⭐⭐⭐,Expected ~16% CAGR (2yr) | Revenue CAGR 18% | ROE 26% | ROCE 34% | ROCE trend rising ↑ | Nearly debt-free,High PE 68 | Pattern still forming (not broken out),2-3 years,Medium,"yfinance, screener.in",100,30,,2026-06-27,2026-06-01,26,0.0,3,2.0
BORORENEW,Borosil Renewables Limited,Technology,Solar,8392.0,Mid-Cap,MonthlyDoubleBottom,Forming,0.896,36,Sep 36mo | Mid rally 91% | Asymmetry 1%,MonthlyCupHandle+MonthlyDoubleBottom+MonthlyStage2,Uptrend,True,True,Constructive,True,Downtrend,0,Uptrend,Uptrend,544.6,721.0,374.4,462.91,397.03,1067.6,749.11,545.36,96.0,40.0,63.31,,5.55,1.69,17.89,0.0,4.0,,0,none,26.1,25.3,0.91,28.0,0.8,8.3,13.18,5.42,20.42,19.71,245.98,37.36,34.36,,0.2,multiple loss years in history,0.11,,4.76,,208.04,2.48,58.77,0.0,,4.27,0.26,2.33,-0.24,721.0,374.4,24.5,45.5,-6.61,-11.21,1.41,0.04,7,40.0,23.25,5.0,1.0,69.2,ACCUMULATE ⭐⭐⭐,Expected ~40% CAGR (2yr) | Revenue CAGR 20% | Profit CAGR 37% | ROE 26% | ROCE 25% | ROCE trend rising ↑,High PE 63 | Pattern still forming (not broken out),2-3 years,Medium,"yfinance, screener.in",100,98,,2026-06-27,2026-06-01,26,3.7,3,9.0
HEROMOTOCO,Hero MotoCorp Limited,Consumer Cyclical,Auto Manufacturers,99544.0,Large-Cap,MonthlyCupHandle,Forming,0.831,21,Cup 21mo | Depth 36% | Prior gain 66% | R²=0.98,MonthlyCupHandle+MonthlyDoubleBottom,Downtrend,False,False,Below-MAs,False,Stage2,3,Uptrend,Uptrend,4962.6,6106.48,3934.36,4218.21,17702.58,15882.95,28687.54,22535.38,220.1,78.9,17.36,15.67,4.61,0.64,12.42,302.0,3.23,5904.29,34,buy,28.5,35.8,2.91,15.0,0.6,12.11,12.51,15.85,11.55,8.9,31.99,27.3,14.49,25.7,0.15,highly inconsistent earnings,0.04,,1.91,,6278.06,6.31,34.73,0.0,,31.15,1.72,24.69,-1.59,6388.5,4190.0,22.3,18.4,25.16,51.48,0.44,0.5,7,38.0,13.97,12.0,5.0,69.0,ACCUMULATE ⭐⭐⭐,Expected ~79% CAGR (2yr) | Profit CAGR 27% | ROE 28% | ROCE 36% | ROCE trend rising ↑ | Nearly debt-free,Earnings due 2026-08-05 | Pattern still forming (not broken out),2-3 years,Medium,"yfinance, screener.in",100,288,2026-08-05,2026-06-27,2026-06-01,26,-0.9,3,-0.2
PIGL,Power & Instrumental (Gujarat) Limited,Industrials,Engineering & Construction,238.0,Micro-Cap,MonthlyDoubleBottom,Forming,1.0,18,Sep 18mo | Mid rally 153% | Asymmetry 4%,,Downtrend,False,False,Below-MAs,False,Stage2,4,Uptrend,Uptrend,103.97,92.78,35.99,88.37,235.06,365.2,567.37,365.2,251.3,87.4,24.74,,1.27,0.45,9.31,18.0,0.0,,0,none,11.0,15.5,1.2,10.0,0.8,6.59,6.86,29.59,32.57,,25.0,55.36,,29.5,0.4,lumpy earner,0.08,,2.44,,32.42,13.64,50.7,4.41,,0.01,0.01,0.75,0.75,189.7,88.05,45.2,18.1,-16.67,127.82,0.61,0.46,5,40.0,16.0,13.0,0.0,69.0,ACCUMULATE ⭐⭐⭐,Expected ~87% CAGR (2yr) | Revenue CAGR 33% | Profit CAGR 55% | ROCE trend rising ↑ | Nearly debt-free | Promoter 51% holding,Pattern still forming (not broken out),2-3 years,Medium,"yfinance, screener.in",100,97,,2026-06-27,2026-06-01,26,0.0,3,9.0
STYLAMIND,Stylam Industries Limited,Consumer Cyclical,"Furnishings, Fixtures & Appliances",5644.0,Small-Cap,MonthlyStage2,Stage Change,1.0,24,10-EMA=2204 | 30-EMA=1924 | Above by 44.1% | MA turning=Yes,MonthlyCupHandle+MonthlyDoubleBottom+MonthlyStage2,Uptrend,True,True,Tight-Above-MAs,True,Stage2,3,Uptrend,Uptrend,2773.0,1924.22,1576.4,2357.05,3668.51,3719.12,4939.76,4256.94,34.1,15.8,37.73,25.03,7.06,2.35,25.63,0.0,,2912.4,5,buy,20.5,27.0,0.66,20.0,0.14,13.27,14.22,10.15,5.85,18.66,22.95,16.04,22.22,29.3,0.15,highly inconsistent earnings,0.04,,3.48,,-39.14,-0.69,54.1,1.91,,2.81,0.77,13.31,0.07,3357.3,1593.7,17.4,74.0,76.96,52.25,1.03,0.11,5,27.0,28.5,3.0,10.0,68.5,ACCUMULATE ⭐⭐⭐,Expected ~16% CAGR (2yr) | ROE 20% | ROCE 27% | ROCE trend rising ↑ | Nearly debt-free | Promoter 54% holding,None identified,2-3 years,Medium,"yfinance, screener.in",100,58,,2026-06-27,2026-06-01,26,0.0,3,-2.0
DRCSYSTEMS,DRC Systems India Limited,Technology,Information Technology Services,205.0,Micro-Cap,MonthlyDoubleBottom,Forming,1.0,32,Sep 32mo | Mid rally 201% | Asymmetry 2%,,Downtrend,False,False,Below-MAs,False,Downtrend,0,Uptrend,Uptrend,14.17,34.9,11.5,12.04,65.2,90.95,126.87,90.95,541.8,153.3,10.19,,1.83,0.26,7.2,0.0,,,0,none,22.6,25.2,-1.8,28.0,4.1,20.17,10.52,47.69,54.56,,26.67,39.49,,17.0,0.15,highly inconsistent earnings,0.0,,0.48,,38.65,18.81,20.63,0.0,,0.0,0.0,0.35,0.0,23.68,11.5,40.2,23.2,-16.17,-12.64,0.16,0.54,5,40.0,15.5,13.0,0.0,68.5,ACCUMULATE ⭐⭐⭐,Expected ~153% CAGR (2yr) | Revenue CAGR 55% | Profit CAGR 39% | ROE 23% | ROCE 25% | Nearly debt-free,Pattern still forming (not broken out),2-3 years,Medium,"yfinance, screener.in",100,64,,2026-06-27,2026-06-01,26,-10.4,3,0.0
TALBROAUTO,Talbros Automotive Components Limited,Consumer Cyclical,Auto Parts,2225.0,Small-Cap,MonthlyStage2,Stage Change,1.0,24,10-EMA=288 | 30-EMA=264 | Above by 25.3% | MA turning=Yes,MonthlyDoubleBottom+MonthlyStage2,Uptrend,True,False,Tight-Above-MAs,True,Stage2,3,Uptrend,Uptrend,330.5,263.85,215.33,280.93,883.37,1085.84,1334.71,1085.84,228.5,81.3,21.37,,3.0,0.93,16.07,21.0,11.87,,0,none,15.1,18.6,1.0,16.0,0.74,11.97,6.38,5.2,10.38,14.4,10.64,22.92,21.67,18.9,0.15,highly inconsistent earnings,0.11,,1.96,,20.53,0.92,58.43,0.0,,0.49,-0.12,0.09,0.0,385.85,219.9,14.3,50.3,17.11,101.14,0.7,0.35,7,26.0,28.5,10.0,4.0,68.5,ACCUMULATE ⭐⭐⭐,Expected ~81% CAGR (2yr) | Profit CAGR 23% | ROCE trend rising ↑ | Low D/E 0.11 | Promoter 58% holding | Piotroski F=7 (high quality compounder),None identified,2-3 years,Medium,"yfinance, screener.in",100,237,,2026-06-27,2026-06-01,26,0.0,3,0.0
WEBELSOLAR,Websol Energy System Limited,Technology,Solar,4546.0,Small-Cap,MonthlyStage2,Stage Change,1.0,24,10-EMA=98 | 30-EMA=89 | Above by 18.0% | MA turning=Yes,MonthlyDoubleBottom+MonthlyStage2,Sideways-Above-MA,True,False,Constructive,True,Downtrend,0,Uptrend,Uptrend,105.57,89.5,55.32,89.73,577.66,1411.22,3447.6,1411.22,1236.8,265.6,15.0,,11.3,0.1,11.01,0.0,0.0,,0,none,66.9,63.2,,41.0,-3.0,28.87,31.73,82.43,,,95.48,,,157.9,0.5,insufficient history,0.21,,2.94,,-57.61,-1.27,29.72,2.01,,4.12,-1.28,0.32,0.01,157.3,50.4,32.9,109.5,-11.47,1101.29,0.58,0.25,4,35.0,21.5,12.0,0.0,68.5,ACCUMULATE ⭐⭐⭐,Expected ~266% CAGR (2yr) | Revenue CAGR 132% | Profit CAGR 144% | ROE 67% | ROCE 63% | Low D/E 0.21,Margin compression ↓,2-3 years,Medium,"yfinance, screener.in",80,229,,2026-06-27,2026-06-01,26,0.0,3,0.0
TPLPLASTEH,TPL Plastech Limited,Consumer Cyclical,Packaging & Containers,521.0,Small-Cap,MonthlyDoubleBottom,Forming,1.0,24,Sep 24mo | Mid rally 165% | Asymmetry 1%,,Sideways-Above-MA,True,False,Constructive,True,Stage2,3,Uptrend,Uptrend,63.73,133.28,50.01,54.17,199.37,243.08,296.36,243.08,281.4,95.3,17.91,,3.09,0.82,11.1,150.0,35.72,,0,none,18.4,22.3,1.2,11.0,0.03,6.88,10.56,21.2,16.0,14.39,20.83,21.92,21.4,18.0,0.15,highly inconsistent earnings,0.11,,2.08,,27.6,5.3,74.86,0.0,,0.5,0.05,0.04,-0.04,83.44,50.01,23.6,27.4,-13.24,37.9,0.95,0.05,7,35.0,22.5,10.0,1.0,68.5,ACCUMULATE ⭐⭐⭐,Expected ~95% CAGR (2yr) | Revenue CAGR 16% | Profit CAGR 22% | ROCE 22% | ROCE trend rising ↑ | Low D/E 0.11,Pattern still forming (not broken out),2-3 years,Medium,"yfinance, screener.in",100,133,,2026-06-27,2026-06-01,26,0.0,3,2.0
ADOR,Ador Welding Limited,Industrials,Specialty Industrial Machinery,2117.0,Small-Cap,MonthlyDoubleBottom,Forming,1.0,24,Sep 24mo | Mid rally 155% | Asymmetry 1%,MonthlyDoubleBottom+MonthlyStage2,Uptrend,True,False,Tight-Above-MAs,True,Stage2,4,Uptrend,Uptrend,1165.7,320.97,125.09,990.85,1983.42,2422.55,2958.9,2422.55,107.8,44.2,25.84,16.31,3.82,1.17,14.47,224.0,16.96,1307.0,1,none,15.8,22.5,2.23,11.0,0.83,5.82,,1.51,19.92,16.73,36.67,22.14,26.82,73.4,0.15,highly inconsistent earnings,0.0,,,,,,53.76,0.02,,0.37,0.23,12.63,0.07,1260.0,848.0,7.5,37.5,23.42,-24.05,0.37,0.29,3,25.0,28.5,7.0,8.0,68.5,ACCUMULATE ⭐⭐⭐,Expected ~44% CAGR (2yr) | Revenue CAGR 20% | Profit CAGR 22% | ROCE 22% | ROCE trend rising ↑ | Nearly debt-free,Pattern still forming (not broken out),2-3 years,Medium,"yfinance, screener.in",80,262,,2026-06-27,2026-06-01,26,10.5,3,10.0
AUBANK,AU Small Finance Bank Limited,Financial Services,Banks - Regional,77309.0,Large-Cap,MonthlyDoubleBottom,Forming,0.647,39,Sep 39mo | Mid rally 71% | Asymmetry 6%,,Uptrend,True,False,Uptrend,True,Stage2,12,Uptrend,Uptrend,1015.5,811.12,460.2,863.17,1458.39,2152.83,5609.97,2860.33,112.0,45.6,29.5,17.03,3.87,0.31,,10.0,25.99,1091.58,26,buy,22.3,12.4,,35.55,,21.37,,18.49,28.91,,208.5,96.13,,65.2,0.4,lumpy earner,,,,,,,22.76,-0.03,,37.27,0.82,31.3,0.03,1079.55,682.15,5.9,48.9,41.75,20.13,0.4,,1,27.0,22.26,9.0,10.0,68.3,ACCUMULATE ⭐⭐⭐,Expected ~46% CAGR (2yr) | Revenue CAGR 29% | Profit CAGR 96% | ROE 22% | OPM 36% | FII buying +0.8% ↑,Earnings due 2026-07-16 | Pattern still forming (not broken out),2-3 years,Medium,"yfinance, screener.in",70,108,2026-07-16,2026-06-27,2026-06-01,26,4.5,3,4.0
AJANTPHARM,Ajanta Pharma Limited,Healthcare,Drug Manufacturers - Specialty & Generic,38295.0,Large-Cap,MonthlyCupHandle,Forming,0.924,19,Cup 19mo | Depth 19% | Prior gain 44% | R²=0.94,MonthlyCupHandle+MonthlyDoubleBottom,Uptrend,True,False,Tight-Above-MAs,True,Stage2,5,Uptrend,Uptrend,3131.0,3174.87,2558.14,2661.35,4808.15,4827.9,7103.75,5844.31,54.2,24.2,36.23,26.91,8.46,1.68,25.29,183.0,58.74,3303.29,14,none,27.1,34.5,0.94,28.0,-0.91,19.37,14.82,17.32,13.36,13.54,14.78,21.55,10.06,18.4,0.15,highly inconsistent earnings,0.06,,2.64,,0.87,0.0,66.25,0.0,,8.26,0.29,18.36,-0.22,3314.9,2329.9,5.5,34.4,19.7,73.66,0.6,0.2,6,34.0,27.09,3.0,4.0,68.1,ACCUMULATE ⭐⭐⭐,Expected ~24% CAGR (2yr) | Profit CAGR 22% | ROE 27% | ROCE 34% | ROCE trend rising ↑ | Nearly debt-free,Margin compression ↓ | Pattern still forming (not broken out),2-3 years,Medium,"yfinance, screener.in",100,288,,2026-06-27,2026-06-01,26,-3.6,3,-2.8
RML,Rane (Madras) Limited,Consumer Cyclical,Auto Parts,3099.0,Small-Cap,MonthlyStage2,Breaking Out,1.0,24,10-EMA=799 | 30-EMA=769 | Above by 15.9% | MA turning=Yes,MonthlyDoubleBottom+MonthlyStage2,Uptrend,True,False,Constructive,True,Stage2,3,Uptrend,Uptrend,891.15,768.71,601.53,757.48,2834.54,4330.9,6617.18,4330.9,386.0,120.5,28.82,,4.13,0.55,11.19,143.0,100.0,,0,none,15.5,14.0,3.51,9.0,1.34,2.78,5.03,13.42,17.95,24.98,181.58,52.79,121.65,5.2,0.15,highly inconsistent earnings,1.0,,0.92,,107.07,3.46,70.45,0.0,,0.06,0.01,0.97,-0.06,1137.0,608.5,21.6,46.5,5.64,0.53,3.21,0.46,6,26.0,27.0,10.0,5.0,68.0,ACCUMULATE ⭐⭐⭐,Expected ~120% CAGR (2yr) | Revenue CAGR 18% | Profit CAGR 53% | ROCE trend rising ↑ | Promoter 70% holding | FCF yield 3.5%,High D/E 1.0,2-3 years,Medium,"yfinance, screener.in",100,250,,2026-06-27,2026-06-01,26,0.0,3,0.0
KRISHNADEF,KRISHNA DEF AND ALD IND L,Industrials,Specialty Industrial Machinery,1899.0,Small-Cap,None,,0.0,0,,,Uptrend,True,False,Uptrend,True,Stage2,4,Uptrend,Uptrend,1171.6,,,995.86,1292.83,2607.0,5257.01,2607.0,122.5,49.2,65.79,,10.38,0.65,28.17,7.0,0.0,,0,none,25.4,30.4,6.5,21.0,2.2,16.88,21.75,26.29,56.43,,86.36,101.65,,72.9,1.0,steady compounder (low CV),0.01,,3.99,,72.04,3.79,59.96,-0.06,,0.61,0.45,2.06,0.86,1375.0,665.0,14.8,76.2,38.47,529.09,,0.93,7,40.0,13.0,5.0,10.0,68.0,ACCUMULATE ⭐⭐⭐,Expected ~49% CAGR (2yr) | Revenue CAGR 56% | Profit CAGR 102% | ROE 25% | ROCE 30% | ROCE trend rising ↑,High PE 66,2-3 years,Medium,"yfinance, screener.in",100,50,,2026-06-27,2026-06-01,26,0.0,3,2.0
GENUSPOWER,Genus Power Infrastructures Limited,Industrials,Electrical Equipment & Parts,8981.0,Mid-Cap,MonthlyDoubleBottom,Forming,1.0,23,Sep 23mo | Mid rally 136% | Asymmetry 2%,MonthlyDoubleBottom+MonthlyStage2,Uptrend,True,True,Uptrend,True,Stage2,4,Uptrend,Uptrend,318.8,482.57,202.74,270.98,2057.58,5623.38,15368.69,5623.38,1663.9,320.0,15.24,12.73,4.05,0.09,11.5,75.0,114.0,445.0,2,none,29.0,23.9,2.94,19.0,1.17,12.47,10.03,94.55,80.49,50.81,90.35,173.3,53.71,39.3,0.15,highly inconsistent earnings,1.04,,1.75,,-1130.65,-12.59,39.34,0.0,,18.89,0.15,3.34,0.13,394.0,206.36,19.1,54.5,-5.27,56.46,0.4,0.29,5,29.0,26.0,12.0,1.0,68.0,ACCUMULATE ⭐⭐⭐,Expected ~320% CAGR (2yr) | Revenue CAGR 80% | Profit CAGR 173% | ROE 29% | ROCE 24% | ROCE trend rising ↑,High D/E 1.0 | Pattern still forming (not broken out),2-3 years,Medium,"yfinance, screener.in",100,252,,2026-06-27,2026-06-01,26,3.1,3,5.0
SENCO,Senco Gold Limited,Consumer Cyclical,Luxury Goods,5577.0,Small-Cap,MonthlyDoubleBottom,Forming,0.325,8,Sep 8mo | Mid rally 41% | Asymmetry 8%,MonthlyDoubleBottom+MonthlyStage2,Uptrend,True,False,Tight-Above-MAs,True,Stage2,3,Uptrend,Uptrend,352.55,403.94,276.0,299.67,3349.29,3275.72,7915.35,5148.87,829.2,204.8,9.71,13.76,2.22,0.18,8.01,51.0,14.47,466.0,6,none,25.6,20.9,-0.29,11.0,0.37,6.81,9.39,33.22,27.4,25.95,261.01,53.73,56.57,151.3,0.15,highly inconsistent earnings,1.07,,1.54,,-224.74,-4.03,64.49,0.02,,7.6,-0.61,12.61,0.53,404.85,276.0,12.9,27.7,17.89,51.48,0.23,0.48,4,30.0,18.9,16.0,3.0,67.9,ACCUMULATE ⭐⭐⭐,Expected ~205% CAGR (2yr) | Revenue CAGR 27% | Profit CAGR 54% | ROE 26% | ROCE 21% | Promoter 64% holding,High D/E 1.1 | Pattern still forming (not broken out),2-3 years,Medium,"yfinance, screener.in",100,36,,2026-06-27,2026-06-01,26,5.2,3,7.0
BANCOINDIA,Banco Products (India) Limited,Consumer Cyclical,Auto Parts,9484.0,Mid-Cap,MonthlyDoubleBottom,Forming,0.71,8,Sep 8mo | Mid rally 75% | Asymmetry 4%,,Sideways-Above-MA,True,False,Constructive,True,Stage2,3,Uptrend,Uptrend,689.55,41.16,23.09,586.12,2055.57,2608.11,3309.17,2608.11,278.2,94.5,20.62,,5.63,0.77,14.59,241.0,-10.07,,0,none,31.2,30.9,2.43,17.0,1.11,12.36,11.57,21.26,18.66,20.51,22.96,26.88,33.42,-4.0,0.75,consistent growth,0.36,,2.25,,-17.15,-0.18,67.88,0.0,,4.06,0.06,0.22,0.0,879.8,502.0,21.6,37.4,23.85,315.65,0.31,0.65,6,35.0,17.52,10.0,5.0,67.5,ACCUMULATE ⭐⭐⭐,Expected ~94% CAGR (2yr) | Revenue CAGR 19% | Profit CAGR 27% | ROE 31% | ROCE 31% | ROCE trend rising ↑,Pattern still forming (not broken out),2-3 years,Medium,"yfinance, screener.in",100,235,,2026-06-27,2026-06-01,26,16.8,3,-1.0
IPCALAB,Ipca Laboratories Limited,Healthcare,Drug Manufacturers - Specialty & Generic,40232.0,Large-Cap,MonthlyStage2,Stage Change,1.0,24,10-EMA=1509 | 30-EMA=1371 | Above by 20.8% | MA turning=Yes,MonthlyDoubleBottom+MonthlyStage2,Uptrend,True,True,Uptrend,True,Stage2,5,Uptrend,Uptrend,1656.2,1371.34,1124.94,1407.77,3339.11,3396.73,6104.48,4514.81,105.1,43.2,35.21,24.13,4.99,1.0,20.87,38.0,-20.63,1719.61,18,none,16.0,17.3,-2.37,21.0,-1.43,11.83,8.08,8.42,15.85,12.32,50.83,35.21,0.74,341.0,0.15,highly inconsistent earnings,0.09,,2.76,,751.99,1.87,44.72,0.0,,10.63,0.01,37.13,0.14,1678.3,1251.6,1.3,32.3,27.05,101.6,0.96,0.06,5,26.0,26.5,9.0,6.0,67.5,ACCUMULATE ⭐⭐⭐,Expected ~43% CAGR (2yr) | Revenue CAGR 16% | Profit CAGR 35% | Nearly debt-free | Margin compressing ↓ ⚠️ | Piotroski F=5 (above average quality),Margin compression ↓ | Earnings due 2026-08-10,2-3 years,Medium,"yfinance, screener.in",100,365,2026-08-10,2026-06-27,2026-06-01,26,0.0,3,-1.0
NMDC,NMDC Limited,Basic Materials,Steel,77737.0,Large-Cap,MonthlyDoubleBottom,Forming,1.0,30,Sep 30mo | Mid rally 140% | Asymmetry 1%,,Uptrend,True,False,Tight-Above-MAs,True,Stage2,1,Uptrend,Uptrend,89.02,21.51,8.94,75.67,202.58,168.93,245.03,222.79,89.8,37.8,10.44,8.78,2.28,1.05,7.84,396.0,4.35,88.14,21,hold,23.4,27.6,-1.94,29.0,-5.29,23.23,12.29,34.15,21.99,15.85,14.26,9.98,3.49,37.2,0.15,highly inconsistent earnings,0.19,,2.43,,-1396.04,-1.8,60.79,0.0,,13.6,0.12,13.76,-0.3,97.49,67.0,8.7,32.9,40.59,168.73,0.5,0.61,4,23.0,28.5,8.0,8.0,67.5,ACCUMULATE ⭐⭐⭐,Expected ~38% CAGR (2yr) | Revenue CAGR 22% | ROE 23% | ROCE 28% | Low D/E 0.19 | Promoter 61% holding,Margin compression ↓ | Earnings due 2026-08-12 | Pattern still forming (not broken out),2-3 years,Medium,"yfinance, screener.in",100,219,2026-08-12,2026-06-27,2026-06-01,26,0.0,3,-1.0
FILATEX,Filatex India Limited,Consumer Cyclical,Textile Manufacturing,2436.0,Small-Cap,MonthlyDoubleBottom,Forming,1.0,40,Sep 40mo | Mid rally 123% | Asymmetry 6%,MonthlyDoubleBottom+MonthlyStage2,Sideways-Above-MA,True,True,Constructive,True,Stage2,3,Uptrend,Uptrend,51.92,77.41,33.85,44.13,325.99,472.75,685.58,472.75,810.5,201.8,13.28,4.13,2.53,0.3,4.76,62.0,35.72,,0,none,12.9,16.9,1.2,8.0,-0.11,4.33,,-2.14,29.23,26.63,36.57,45.02,47.74,16.6,1.0,steady compounder (low CV),0.1,,,,,,65.47,0.09,,4.22,-0.29,2.78,0.4,66.1,36.26,21.5,43.2,-1.21,16.4,0.9,0.04,2,32.0,22.5,12.0,1.0,67.5,ACCUMULATE ⭐⭐⭐,Expected ~202% CAGR (2yr) | Revenue CAGR 29% | Profit CAGR 45% | ROCE trend rising ↑ | Low D/E 0.10 | Promoter 65% holding,Pattern still forming (not broken out),2-3 years,Medium,"yfinance, screener.in",80,179,,2026-06-27,2026-06-01,26,22.5,3,4.0
ARVSMART,Arvind SmartSpaces Limited,Real Estate,Real Estate - Development,2801.0,Small-Cap,MonthlyDoubleBottom,Forming,1.0,42,Sep 42mo | Mid rally 291% | Asymmetry 2%,,Uptrend,True,False,Constructive,False,Stage2,3,Uptrend,Uptrend,573.9,228.17,57.67,487.81,1094.1,1337.94,2607.26,1688.96,133.1,52.7,29.15,17.2,4.13,0.54,21.18,98.0,100.0,811.4,5,none,15.5,12.9,1.69,27.0,0.83,17.1,2.9,-20.9,30.12,30.5,-13.45,54.37,62.82,121.0,0.15,highly inconsistent earnings,0.65,,1.21,,-44.3,-1.58,53.83,4.0,,0.67,-0.16,8.6,-7.22,692.1,486.8,17.1,17.9,-2.35,48.52,0.11,0.17,4,30.0,25.5,10.0,2.0,67.5,ACCUMULATE ⭐⭐⭐,Expected ~53% CAGR (2yr) | Revenue CAGR 30% | Profit CAGR 54% | ROCE trend rising ↑ | Promoter 54% holding | Promoters buying ↑,Pattern still forming (not broken out),2-3 years,Medium,"yfinance, screener.in",100,131,,2026-06-27,2026-06-01,26,-2.6,3,6.0
CAPACITE,Capacit'e Infraprojects Limited,Industrials,Engineering & Construction,1978.0,Small-Cap,MonthlyDoubleBottom,Forming,1.0,29,Sep 29mo | Mid rally 153% | Asymmetry 4%,,Sideways-Above-MA,True,False,Constructive,True,Stage2,4,Uptrend,Uptrend,220.96,465.0,180.0,187.82,975.29,877.53,1564.39,1235.21,297.1,99.3,10.33,6.94,1.09,0.39,5.07,0.0,0.0,341.0,3,none,10.6,15.6,2.09,16.0,0.06,7.25,5.88,11.62,13.39,24.41,-5.39,26.65,149.41,-11.1,0.15,highly inconsistent earnings,0.25,,1.65,,268.13,13.56,31.69,0.0,,14.96,0.87,7.82,-0.72,339.65,180.0,34.9,22.8,-23.32,-18.99,0.22,,7,28.0,22.5,17.0,0.0,67.5,ACCUMULATE ⭐⭐⭐,Expected ~99% CAGR (2yr) | Profit CAGR 27% | ROCE trend rising ↑ | Low D/E 0.25 | FCF yield 13.6% | Piotroski F=7 (high quality compounder),Pattern still forming (not broken out),2-3 years,Medium,"yfinance, screener.in",100,106,,2026-06-27,2026-06-01,26,-1.8,3,6.0
BLSE,BLS E-SERVICES LIMITED,Industrials,Specialty Business Services,2058.0,Small-Cap,MonthlyDoubleBottom,Forming,0.774,11,Sep 11mo | Mid rally 82% | Asymmetry 5%,,Uptrend,True,False,Tight-Above-MAs,True,Stage2,4,Uptrend,Uptrend,228.4,231.7,124.3,194.14,346.4,523.42,790.88,523.42,129.2,51.4,35.87,,3.95,0.7,23.12,66.0,-50.0,,0,none,11.4,17.0,-5.7,7.0,0.43,5.14,5.98,115.41,66.32,77.2,16.95,51.1,87.22,11.7,0.15,highly inconsistent earnings,0.01,,2.85,,39.32,1.91,69.81,0.92,,0.46,-0.53,0.01,-0.1,237.5,124.3,3.8,83.7,29.51,,0.38,0.18,6,29.0,24.29,6.0,8.0,67.3,ACCUMULATE ⭐⭐⭐,Expected ~51% CAGR (2yr) | Revenue CAGR 66% | Profit CAGR 51% | Nearly debt-free | Promoter 70% holding | Piotroski F=6 (above average quality),Pattern still forming (not broken out),2-3 years,Medium,"yfinance, screener.in",100,29,,2026-06-27,2026-06-01,26,13.6,3,6.0
SHAILY,Shaily Engineering Plastics Limited,Basic Materials,Specialty Chemicals,12896.0,Mid-Cap,None,,0.0,0,,,Uptrend,True,False,Tight-Above-MAs,True,Stage2,1,Uptrend,Uptrend,2968.8,,,2523.48,1422.64,2852.6,4080.04,2409.23,,,76.34,36.02,20.28,1.1,46.58,7.0,100.0,3517.67,6,none,26.9,29.3,6.0,28.0,3.3,17.15,13.87,25.92,17.75,,82.8,69.35,,40.5,0.4,lumpy earner,0.25,,1.25,,-11.78,-0.09,43.39,0.0,,16.73,4.72,10.61,-3.03,3233.9,1535.9,8.2,93.3,91.93,1000.06,,-0.13,5,39.0,15.0,5.0,8.0,67.0,ACCUMULATE ⭐⭐⭐,Revenue CAGR 18% | Profit CAGR 69% | ROE 27% | ROCE 29% | ROCE trend rising ↑ | Low D/E 0.25,High PE 76,2-3 years,Medium,"yfinance, screener.in",100,51,,2026-06-27,2026-06-01,26,12.6,3,-3.0
INDOTHAI,Indo Thai Securities Limited,Financial Services,Capital Markets,3042.0,Small-Cap,MonthlyDoubleBottom,Forming,0.878,30,Sep 30mo | Mid rally 95% | Asymmetry 7%,,Downtrend,False,False,Below-MAs,False,Stage2,12,Uptrend,Uptrend,268.5,47.7,23.57,228.22,242.41,454.71,852.94,454.71,69.4,30.1,44.88,,10.69,0.51,,7.0,0.0,,0,none,28.6,34.6,0.66,83.0,4.43,65.09,21.98,285.19,135.13,36.43,725.0,87.58,48.96,,0.15,highly inconsistent earnings,0.08,,1.95,,,,56.5,-0.27,,1.22,-0.06,0.49,0.3,466.35,143.65,42.4,86.9,56.9,932.19,0.75,1.3,5,40.0,15.04,6.0,6.0,67.0,ACCUMULATE ⭐⭐⭐,Expected ~30% CAGR (2yr) | Revenue CAGR 135% | Profit CAGR 88% | ROE 29% | ROCE 35% | ROCE trend rising ↑,Pattern still forming (not broken out),2-3 years,Medium,"yfinance, screener.in",90,175,,2026-06-27,2026-06-01,26,0.0,3,-2.0
BLS,BLS International Services Limited,Industrials,Specialty Business Services,11006.0,Mid-Cap,MonthlyDoubleBottom,Forming,1.0,11,Sep 11mo | Mid rally 150% | Asymmetry 3%,,Downtrend,False,False,Below-MAs,False,Stage2,4,Uptrend,Uptrend,262.1,69.59,27.34,222.79,895.44,1365.81,2083.27,1365.81,421.1,128.3,16.07,12.44,4.47,0.31,12.51,112.0,38.67,330.0,1,none,32.7,29.3,3.57,27.0,4.2,22.9,13.79,36.71,25.52,44.37,34.07,52.53,70.67,31.6,0.75,consistent growth,0.15,,2.91,,448.12,4.07,70.39,0.0,,6.14,-0.23,2.99,0.07,414.9,218.9,36.8,19.7,-25.73,-10.24,0.22,-0.27,7,40.0,15.0,12.0,0.0,67.0,ACCUMULATE ⭐⭐⭐,Expected ~128% CAGR (2yr) | Revenue CAGR 26% | Profit CAGR 53% | ROE 33% | ROCE 29% | ROCE trend rising ↑,Pattern still forming (not broken out),2-3 years,Medium,"yfinance, screener.in",100,121,,2026-06-27,2026-06-01,26,0.0,3,0.0
RADICO,Radico Khaitan Limited,Consumer Defensive,Beverages - Wineries & Distilleries,50481.0,Large-Cap,MonthlyDoubleBottom,Forming,0.7,13,Sep 13mo | Mid rally 71% | Asymmetry 1%,,Uptrend,True,False,Tight-Above-MAs,True,Stage2,15,Uptrend,Uptrend,3599.9,146.19,85.13,3059.91,3327.36,4353.08,6523.49,4658.97,20.9,10.0,83.33,52.21,15.21,2.08,40.28,15.0,10.06,3894.25,20,strong_buy,20.3,24.2,0.89,17.0,0.03,8.84,,24.92,24.53,20.57,74.57,40.02,16.87,62.3,0.15,highly inconsistent earnings,0.21,,,,,,40.2,-0.01,,17.63,-2.19,27.35,3.32,3778.0,2500.0,4.7,44.0,45.46,176.84,0.78,0.24,3,32.0,23.9,1.0,10.0,66.9,ACCUMULATE ⭐⭐⭐,Expected ~10% CAGR (2yr) | Revenue CAGR 25% | Profit CAGR 40% | ROE 20% | ROCE 24% | ROCE trend rising ↑,High PE 83 | Earnings due 2026-07-30 | Pattern still forming (not broken out),2-3 years,Medium,"yfinance, screener.in",80,276,2026-07-30,2026-06-27,2026-06-01,26,0.0,3,-2.0
V2RETAIL,V2 Retail Limited,Consumer Cyclical,Apparel Retail,8636.0,Mid-Cap,MonthlyDoubleBottom,Forming,1.0,33,Sep 33mo | Mid rally 505% | Asymmetry 6%,,Sideways-Above-MA,True,True,Constructive,True,Stage2,3,Uptrend,Uptrend,226.03,55.56,8.93,192.13,685.77,1797.19,4709.9,1797.19,695.1,182.0,51.83,2.69,9.19,0.32,21.13,0.0,,,0,none,22.7,18.3,3.46,15.0,1.2,5.28,8.49,62.79,54.05,41.64,125.0,162.07,,172.0,0.2,multiple loss years in history,1.1,,1.44,,-463.56,-5.37,51.43,0.0,,2.62,-0.39,9.28,0.16,259.25,158.56,12.8,42.6,32.29,1585.11,1.0,0.21,4,25.0,22.5,11.0,8.0,66.5,ACCUMULATE ⭐⭐⭐,Expected ~182% CAGR (2yr) | Revenue CAGR 54% | Profit CAGR 162% | ROE 23% | ROCE trend rising ↑ | Promoter 51% holding,High D/E 1.1 | High PE 52 | Pattern still forming (not broken out),2-3 years,Medium,"yfinance, screener.in",100,227,,2026-06-27,2026-06-01,26,0.0,3,0.0
JBCHEPHARM,J. B. Chemicals & Pharmaceuticals Limited,Healthcare,Drug Manufacturers - Specialty & Generic,35219.0,Large-Cap,MonthlyDoubleBottom,Forming,0.662,29,Sep 29mo | Mid rally 74% | Asymmetry 8%,,Uptrend,True,False,Tight-Above-MAs,True,Stage2,5,Uptrend,Uptrend,2171.6,183.68,101.71,1845.86,2382.0,2618.76,3431.8,2859.12,20.6,9.8,49.26,30.09,8.47,2.46,31.17,85.0,35.34,2258.22,9,none,18.9,25.4,-0.8,27.0,0.46,17.11,12.48,5.87,9.62,15.22,7.42,20.03,9.57,-30.4,0.15,highly inconsistent earnings,0.0,,4.92,,506.48,1.44,48.8,1.25,,16.33,1.45,21.38,-1.97,2300.0,1603.5,5.6,35.4,38.4,65.57,0.81,-0.02,5,31.0,24.44,1.0,10.0,66.4,ACCUMULATE ⭐⭐⭐,Expected ~10% CAGR (2yr) | Profit CAGR 20% | ROCE 25% | Nearly debt-free | Promoters buying ↑ | OPM 27%,Earnings due 2026-07-30 | Pattern still forming (not broken out),2-3 years,Medium,"yfinance, screener.in",100,287,2026-07-30,2026-06-27,2026-06-01,26,0.0,3,2.0
LALPATHLAB,Dr. Lal PathLabs Limited,Healthcare,Diagnostics & Research,27314.0,Mid-Cap,MonthlyStage2,Breaking Out,1.0,24,10-EMA=1472 | 30-EMA=1405 | Above by 21.3% | MA turning=Yes,MonthlyDoubleBottom+MonthlyStage2,Sideways-Above-MA,True,False,Constructive,True,Stage2,5,Uptrend,Uptrend,1703.7,1404.72,1142.76,1448.14,2076.78,2274.22,3423.36,2666.37,33.5,15.5,51.82,39.71,10.89,1.83,33.52,86.0,-16.45,1686.0,26,buy,22.5,28.3,-0.51,28.0,0.17,18.27,13.23,12.27,11.06,11.81,3.66,28.39,11.5,-15.2,0.15,highly inconsistent earnings,0.08,,3.48,,400.37,1.47,53.21,0.0,,17.18,-3.11,21.37,2.17,1803.0,1272.6,5.5,33.9,30.64,32.18,2.5,0.19,6,33.0,24.0,1.0,8.0,66.0,ACCUMULATE ⭐⭐⭐,Expected ~16% CAGR (2yr) | Profit CAGR 28% | ROE 22% | ROCE 28% | Nearly debt-free | Promoter 53% holding,High PE 52 | Earnings due 2026-04-30,2-3 years,Medium,"yfinance, screener.in",100,126,2026-04-30,2026-06-27,2026-06-01,26,0.0,3,-1.0
MPSLTD,MPS Limited,Communication Services,Publishing,3076.0,Small-Cap,MonthlyDoubleBottom,Forming,1.0,25,Sep 25mo | Mid rally 125% | Asymmetry 0%,,Sideways,False,False,Below-MAs,True,Downtrend,0,Uptrend,Uptrend,1828.9,3013.89,1336.1,1554.57,3603.29,4691.68,4903.08,4203.24,156.5,60.2,17.76,14.51,5.16,1.07,12.79,458.0,40.38,2500.0,1,none,31.2,39.3,3.0,31.0,0.94,22.54,15.89,5.64,15.3,12.67,16.11,16.65,24.0,-0.1,0.4,lumpy earner,0.1,,1.45,,194.33,6.32,68.34,0.0,,1.47,-0.16,1.96,0.8,2975.0,1336.1,38.5,36.9,-22.35,68.26,0.94,0.44,6,40.0,18.5,7.0,0.0,65.5,ACCUMULATE ⭐⭐⭐,Expected ~60% CAGR (2yr) | Revenue CAGR 15% | ROE 31% | ROCE 39% | ROCE trend rising ↑ | Low D/E 0.10,Pattern still forming (not broken out),2-3 years,Medium,"yfinance, screener.in",100,287,,2026-06-27,2026-06-01,26,0.0,3,0.0
TATAELXSI,Tata Elxsi Limited,Technology,Software - Application,25327.0,Mid-Cap,MonthlyDoubleBottom,Forming,1.0,40,Sep 40mo | Mid rally 193% | Asymmetry 1%,,Sideways,False,False,Below-MAs,True,Downtrend,0,Uptrend,Uptrend,4186.1,1365.89,463.42,3558.19,4982.32,5995.67,10165.56,7116.74,43.2,19.7,40.32,25.9,8.33,0.94,29.14,184.0,7.37,4314.07,15,none,39.3,60.0,7.09,21.0,0.97,16.62,12.87,9.55,16.35,16.95,41.67,42.84,15.79,27.8,0.15,highly inconsistent earnings,0.05,,3.92,,683.07,2.7,43.9,0.0,,11.08,2.52,11.39,-0.89,6439.5,3926.1,35.0,6.6,-25.19,-65.94,0.51,0.3,7,40.0,18.5,7.0,0.0,65.5,ACCUMULATE ⭐⭐⭐,Expected ~20% CAGR (2yr) | Revenue CAGR 16% | Profit CAGR 43% | ROE 39% | ROCE 60% | ROCE trend rising ↑,Earnings due 2026-07-09 | Pattern still forming (not broken out),2-3 years,Medium,"yfinance, screener.in",100,287,2026-07-09,2026-06-27,2026-06-01,26,0.0,3,0.0
TEMBO,Tembo Global Industries Limited,Industrials,Metal Fabrication,869.0,Small-Cap,MonthlyStage2,Stage Change,1.0,24,10-EMA=567 | 30-EMA=488 | Above by 16.8% | MA turning=Yes,MonthlyCupHandle+MonthlyDoubleBottom+MonthlyStage2,Sideways,False,False,Below-MAs,True,Stage2,4,Uptrend,Uptrend,569.65,487.8,226.64,484.2,4745.45,12040.17,30548.31,12040.17,2013.6,359.7,10.96,,3.46,0.07,7.05,36.0,-12.64,,0,none,27.5,22.8,3.54,13.0,1.49,8.38,10.0,46.51,63.37,59.98,92.16,153.72,117.79,83.6,0.4,lumpy earner,0.78,,1.92,,-341.83,-39.35,36.38,0.0,,8.58,-0.04,0.95,0.73,837.0,433.35,31.9,31.5,11.43,111.92,0.34,0.67,5,32.0,19.5,12.0,2.0,65.5,ACCUMULATE ⭐⭐⭐,Expected ~360% CAGR (2yr) | Revenue CAGR 63% | Profit CAGR 154% | ROE 28% | ROCE 23% | ROCE trend rising ↑,None identified,2-3 years,Medium,"yfinance, screener.in",100,94,,2026-06-27,2026-06-01,26,0.0,3,0.0
TRITURBINE,Triveni Turbine Limited,Industrials,Specialty Industrial Machinery,21372.0,Mid-Cap,MonthlyStage2,Stage Change,1.0,24,10-EMA=546 | 30-EMA=520 | Above by 22.7% | MA turning=Yes,MonthlyDoubleBottom+MonthlyStage2,Uptrend,True,True,Uptrend,True,Stage2,4,Uptrend,Uptrend,638.05,520.11,439.85,542.34,458.03,608.41,679.84,558.02,,,60.95,40.71,14.76,2.79,46.19,59.0,67.5,684.0,9,buy,27.1,35.9,3.54,21.0,0.26,16.03,11.52,8.72,20.45,25.41,-2.79,21.83,27.89,8.6,0.15,highly inconsistent earnings,0.03,,1.98,,-258.5,-1.21,55.84,0.0,,20.81,-1.57,16.52,1.92,787.6,428.35,19.0,49.0,12.77,37.09,1.48,0.49,6,35.0,26.5,0.0,4.0,65.5,ACCUMULATE ⭐⭐⭐,Revenue CAGR 20% | Profit CAGR 22% | ROE 27% | ROCE 36% | ROCE trend rising ↑ | Nearly debt-free,High PE 61,2-3 years,Medium,"yfinance, screener.in",100,176,,2026-06-27,2026-06-01,26,0.0,3,0.0
TMB,Tamilnad Mercantile Bank Limited,Financial Services,Banks - Regional,12361.0,Mid-Cap,MonthlyStage2,Stage Change,1.0,24,10-EMA=591 | 30-EMA=511 | Above by 33.0% | MA turning=Yes,MonthlyDoubleBottom+MonthlyStage2,Uptrend,True,False,Tight-Above-MAs,True,Stage2,12,Uptrend,Uptrend,679.4,510.71,399.27,577.49,2032.41,2601.49,3329.9,2601.49,282.9,95.7,9.24,,1.22,0.33,,160.0,7.72,,0,none,13.99,,,54.29,,39.86,1.89,23.5,,,28.0,,,28.0,0.5,insufficient history,,,,,,,,,,6.19,1.24,1.91,-0.56,798.25,411.8,14.9,65.0,63.89,41.14,0.76,0.45,2,18.0,28.5,9.0,10.0,65.5,ACCUMULATE ⭐⭐⭐,Expected ~96% CAGR (2yr) | Revenue CAGR 24% | Profit CAGR 28% | OPM 54% | FII buying +1.2% ↑ | PEG 0.33 — deeply undervalued,None identified,2-3 years,Medium,"yfinance, screener.in",40,45,,2026-06-27,2026-06-01,26,0.0,3,2.0
AUROPHARMA,Aurobindo Pharma Limited,Healthcare,Drug Manufacturers - Specialty & Generic,86180.0,Large-Cap,MonthlyStage2,Stage Change,1.0,24,10-EMA=1308 | 30-EMA=1177 | Above by 25.2% | MA turning=Yes,MonthlyCupHandle+MonthlyDoubleBottom+MonthlyStage2,Uptrend,True,False,Uptrend,True,Stage2,5,Uptrend,Uptrend,1472.8,1176.59,1024.06,1251.88,3332.13,3044.78,4961.17,4065.87,106.7,43.8,24.81,16.95,2.3,1.13,12.32,27.0,-12.64,1513.14,29,buy,10.1,12.8,-0.49,20.0,0.17,10.41,5.86,6.08,10.63,6.32,0.55,22.02,-8.07,2.0,0.15,highly inconsistent earnings,0.21,,1.81,,1318.53,1.53,51.82,0.0,,15.24,1.29,25.82,-1.84,1550.0,1016.1,5.0,44.9,34.33,61.0,0.38,0.04,6,20.0,26.5,9.0,10.0,65.5,ACCUMULATE ⭐⭐⭐,Expected ~44% CAGR (2yr) | Profit CAGR 22% | Low D/E 0.21 | Promoter 52% holding | Piotroski F=6 (above average quality) | FII buying +1.3% ↑,Earnings due 2026-08-04,2-3 years,Medium,"yfinance, screener.in",100,366,2026-08-04,2026-06-27,2026-06-01,26,-2.6,3,3.0
ADANIPORTS,Adani Ports and Special Economic Zone Limited,Industrials,Marine Shipping,422846.0,Large-Cap,MonthlyCupHandle,Forming,0.782,21,Cup 21mo | Depth 33% | Prior gain 76% | R²=0.99,MonthlyCupHandle+MonthlyDoubleBottom,Uptrend,True,False,Uptrend,True,Stage2,4,Uptrend,Uptrend,1812.9,1789.96,1202.57,1540.97,2758.69,2989.59,4904.83,3678.44,64.9,28.4,31.55,23.69,4.41,0.95,21.48,41.0,14.47,1956.32,25,strong_buy,16.4,14.1,0.43,59.0,-0.91,33.06,6.76,27.11,22.93,25.28,15.56,33.34,20.41,10.4,0.15,highly inconsistent earnings,0.64,,1.39,,-3192.01,-0.75,68.02,0.0,,13.25,0.15,13.86,-0.03,1857.8,1290.5,2.4,40.5,36.65,117.2,0.48,0.52,4,25.0,23.38,7.0,10.0,65.4,ACCUMULATE ⭐⭐⭐,Expected ~28% CAGR (2yr) | Revenue CAGR 23% | Profit CAGR 33% | ROCE trend rising ↑ | Promoter 68% holding | OPM 59%,Margin compression ↓ | Earnings due 2026-04-30 | Pattern still forming (not broken out),2-3 years,Medium,"yfinance, screener.in",100,224,2026-04-30,2026-06-27,2026-06-01,26,2.8,3,-1.0
BAJAJ-AUTO,Bajaj Auto Limited,Consumer Cyclical,Auto Manufacturers,281115.0,Large-Cap,MonthlyCupHandle,Forming,0.943,19,Cup 19mo | Depth 21% | Prior gain 30% | R²=0.97,MonthlyCupHandle+MonthlyDoubleBottom,Sideways-Above-MA,True,False,Constructive,False,Stage2,3,Uptrend,Uptrend,10063.0,10449.22,8305.81,8553.55,20915.6,19445.22,30314.55,25180.29,93.2,39.0,26.18,21.64,7.24,1.28,19.31,149.0,2.33,10842.6,38,buy,29.1,28.2,1.06,21.0,0.74,16.51,13.88,23.36,19.94,17.79,44.35,20.39,16.84,103.2,0.15,highly inconsistent earnings,0.56,,1.76,,-456.44,-0.16,55.01,0.02,,8.82,-0.02,14.35,0.28,10834.0,7858.5,7.1,28.1,30.29,91.35,0.49,0.68,6,28.0,21.32,8.0,8.0,65.3,ACCUMULATE ⭐⭐⭐,Expected ~39% CAGR (2yr) | Revenue CAGR 20% | Profit CAGR 20% | ROE 29% | ROCE 28% | ROCE trend rising ↑,Earnings due 2026-07-16 | Pattern still forming (not broken out),2-3 years,Medium,"yfinance, screener.in",100,288,2026-07-16,2026-06-27,2026-06-01,26,-1.4,3,-8.0
PRUDENT,Prudent Corporate Advisory Services Limited,Financial Services,Asset Management,12543.0,Mid-Cap,MonthlyCupHandle,Forming,0.853,18,Cup 18mo | Depth 25% | Prior gain 127% | R²=0.96,,Uptrend,True,False,Constructive,True,Stage2,12,Uptrend,Uptrend,2726.2,3352.49,2515.37,2389.6,1290.42,4189.61,1977.75,1597.54,53.7,24.0,56.49,37.97,16.45,2.37,,8.0,35.72,3015.71,7,buy,28.6,37.5,-1.49,24.0,-0.17,16.62,20.48,16.24,28.76,34.88,13.27,23.8,37.6,14.3,0.4,lumpy earner,0.04,,1.32,,,,55.31,0.0,,14.89,-1.43,23.58,1.45,3098.0,2121.0,12.0,28.5,8.43,155.59,0.55,0.42,3,36.0,23.24,1.0,5.0,65.2,ACCUMULATE ⭐⭐⭐,Expected ~24% CAGR (2yr) | Revenue CAGR 29% | Profit CAGR 24% | ROE 29% | ROCE 38% | Nearly debt-free,High PE 56 | Pattern still forming (not broken out),2-3 years,Medium,"yfinance, screener.in",90,49,,2026-06-27,2026-06-01,26,0.0,3,2.0
POLYCAB,Polycab India Limited,Industrials,Electrical Equipment & Parts,151828.0,Large-Cap,None,,0.0,0,,,Uptrend,True,False,Tight-Above-MAs,True,Stage2,4,Uptrend,Uptrend,9162.5,,,7788.12,7404.12,9497.7,12182.14,9497.26,3.7,1.8,57.14,40.72,12.64,2.02,36.39,47.0,32.95,9498.35,31,buy,23.0,33.2,2.31,14.0,0.43,9.25,13.56,28.9,26.98,26.86,32.36,28.27,25.04,6.3,0.4,lumpy earner,0.03,,1.84,,1620.23,1.07,61.5,0.0,,18.21,3.39,7.95,-3.18,10120.0,5975.0,9.5,53.3,48.36,139.42,,0.64,7,40.0,15.0,0.0,10.0,65.0,ACCUMULATE ⭐⭐⭐,Expected ~2% CAGR (2yr) | Revenue CAGR 27% | Profit CAGR 28% | ROE 23% | ROCE 33% | ROCE trend rising ↑,High PE 57 | Earnings due 2026-07-16,2-3 years,Medium,"yfinance, screener.in",100,86,2026-07-16,2026-06-27,2026-06-01,26,0.0,3,-2.0
GPTINFRA,GPT Infraprojects Limited,Industrials,Engineering & Construction,1534.0,Small-Cap,MonthlyStage2,Stage Change,0.619,24,10-EMA=113 | 30-EMA=104 | Above by 9.3% | MA turning=Yes,,Uptrend,True,True,Uptrend,True,Stage2,4,Uptrend,Uptrend,114.16,104.46,89.91,97.04,385.48,570.01,842.88,570.01,399.3,123.5,15.76,,2.55,0.33,9.97,330.0,0.0,,0,none,17.3,21.3,1.91,14.0,-0.06,7.54,8.18,8.59,16.83,16.2,31.08,47.87,37.14,31.5,0.4,lumpy earner,0.5,,1.59,,-24.47,-1.6,69.37,0.0,,2.72,0.14,7.03,-0.07,140.9,96.22,19.0,18.6,-4.53,198.61,0.17,-0.12,5,29.0,21.93,12.0,2.0,64.9,ACCUMULATE ⭐⭐⭐,Expected ~124% CAGR (2yr) | Revenue CAGR 17% | Profit CAGR 48% | ROCE 21% | ROCE trend rising ↑ | Promoter 69% holding,None identified,3-4 years,Medium-High,"yfinance, screener.in",100,120,,2026-06-27,2026-06-01,26,-2.6,3,-4.8
RAMRAT,Ram Ratna Wires Limited,Industrials,Electrical Equipment & Parts,3801.0,Small-Cap,MonthlyCupHandle,Forming,0.717,19,Cup 19mo | Depth 32% | Prior gain 106% | R²=0.98,MonthlyCupHandle+MonthlyDoubleBottom,Uptrend,True,False,Tight-Above-MAs,True,Stage2,4,Uptrend,Uptrend,425.6,427.1,290.58,361.76,571.85,756.96,1001.98,756.96,77.9,33.4,35.47,,6.56,1.1,16.94,31.0,0.0,,0,none,20.6,23.6,2.31,5.0,0.06,2.07,8.57,40.79,25.01,27.66,55.71,32.37,46.78,69.1,0.15,highly inconsistent earnings,1.15,,1.15,,-356.79,-9.39,69.3,0.0,,0.17,0.08,0.44,0.02,520.0,268.0,18.2,58.8,33.64,192.32,0.79,0.37,4,27.0,24.6,6.0,7.0,64.6,ACCUMULATE ⭐⭐⭐,Expected ~33% CAGR (2yr) | Revenue CAGR 25% | Profit CAGR 32% | ROE 21% | ROCE 24% | ROCE trend rising ↑,High D/E 1.2 | Pattern still forming (not broken out),3-4 years,Medium-High,"yfinance, screener.in",100,47,,2026-06-27,2026-06-01,26,0.0,3,0.0
SYRMA,Syrma SGS Technology Limited,Technology,Electronic Components,25696.0,Mid-Cap,MonthlyDoubleBottom,Forming,0.717,6,Sep 6mo | Mid rally 73% | Asymmetry 2%,,Uptrend,True,True,Uptrend,True,Downtrend,0,Uptrend,Uptrend,984.15,645.9,369.32,836.53,592.75,975.9,1181.12,836.72,,,78.75,46.58,8.92,1.91,46.49,11.0,0.0,1184.67,24,buy,13.9,16.7,-0.2,11.0,-0.17,6.59,5.77,27.25,33.01,40.32,88.04,41.16,38.05,54.4,0.4,lumpy earner,0.13,,1.7,,7.27,0.03,42.28,-0.44,,6.6,0.13,16.59,0.7,1355.0,500.0,27.4,96.8,81.55,98.82,0.85,0.25,5,31.0,20.6,3.0,10.0,64.6,ACCUMULATE ⭐⭐⭐,Revenue CAGR 33% | Profit CAGR 41% | Low D/E 0.13 | Piotroski F=5 (above average quality) | DII buying +0.7% ↑ | MonthlyDoubleBottom forming (6mo base),High PE 79 | Pattern still forming (not broken out),3-4 years,Medium-High,"yfinance, screener.in",100,46,,2026-06-27,2026-06-01,26,0.0,3,2.0
CARERATING,CARE Ratings Limited,Financial Services,Financial Data & Stock Exchanges,5150.0,Small-Cap,MonthlyDoubleBottom,Forming,0.925,14,Sep 14mo | Mid rally 93% | Asymmetry 1%,,Sideways-Above-MA,True,False,Tight-Above-MAs,True,Stage2,12,Uptrend,Uptrend,1626.0,708.57,364.76,1382.1,1480.48,1879.76,2386.73,1879.76,15.6,7.5,30.12,21.91,5.52,1.12,24.04,128.0,23.86,2130.0,1,none,19.7,26.3,1.54,42.0,0.97,36.18,11.09,17.66,19.24,13.78,24.29,26.97,13.84,24.0,0.15,highly inconsistent earnings,0.03,,5.75,,132.32,2.57,,,,23.25,0.25,31.38,0.08,1932.0,1392.7,15.8,16.8,0.96,115.23,0.3,0.33,7,35.0,23.6,3.0,3.0,64.6,ACCUMULATE ⭐⭐⭐,Expected ~8% CAGR (2yr) | Revenue CAGR 19% | Profit CAGR 27% | ROCE 26% | ROCE trend rising ↑ | Nearly debt-free,Pattern still forming (not broken out),3-4 years,Medium-High,"yfinance, screener.in",90,163,,2026-06-27,2026-06-01,26,-7.4,3,4.0
SUPRIYA,Supriya Lifescience Limited,Healthcare,Biotechnology,7503.0,Small-Cap,MonthlyStage2,Stage Change,1.0,24,10-EMA=682 | 30-EMA=606 | Above by 18.9% | MA turning=Yes,MonthlyDoubleBottom+MonthlyStage2,Sideways-Above-MA,True,True,Constructive,True,Stage2,5,Uptrend,Uptrend,720.6,605.95,386.51,612.51,1548.51,2271.67,3332.54,2271.67,215.2,77.6,35.84,23.42,6.27,0.77,25.27,11.0,18.56,940.0,2,none,19.06,,,32.23,,25.26,13.45,50.2,,,46.7,,,47.3,0.5,insufficient history,0.01,,4.4,,-15.58,-0.21,68.3,0.0,,5.16,-0.03,5.7,0.7,1085.0,545.5,33.6,32.1,9.5,169.45,0.46,0.64,4,33.0,22.5,6.0,3.0,64.5,ACCUMULATE ⭐⭐⭐,Expected ~78% CAGR (2yr) | Revenue CAGR 50% | Profit CAGR 47% | Nearly debt-free | Promoter 68% holding | OPM 32%,None identified,3-4 years,Medium-High,"yfinance, screener.in",70,54,,2026-06-27,2026-06-01,26,0.0,3,-2.0
GLENMARK,Glenmark Pharmaceuticals Limited,Healthcare,Drug Manufacturers - Specialty & Generic,62468.0,Large-Cap,MonthlyDoubleBottom,Forming,1.0,48,Sep 48mo | Mid rally 152% | Asymmetry 2%,,Sideways-Above-MA,True,False,Constructive,False,Stage2,5,Uptrend,Uptrend,2173.8,1214.53,478.22,1847.73,2133.71,2420.55,2632.26,2369.91,11.4,5.5,45.87,22.6,5.94,4.14,13.54,23.0,25.99,2496.5,10,buy,30.5,39.8,3.89,27.0,0.94,8.02,13.9,27.48,13.61,9.19,30.09,11.07,11.91,6382.0,0.15,highly inconsistent earnings,0.06,,1.77,,1177.36,1.88,46.65,0.0,,20.35,1.15,19.28,-0.81,2474.0,1630.1,12.1,33.4,6.73,158.21,0.5,0.25,7,34.0,22.5,5.0,3.0,64.5,ACCUMULATE ⭐⭐⭐,Expected ~6% CAGR (2yr) | ROE 30% | ROCE 40% | ROCE trend rising ↑ | Nearly debt-free | OPM 27%,Earnings due 2026-08-13 | Pattern still forming (not broken out),3-4 years,Medium-High,"yfinance, screener.in",100,288,2026-08-13,2026-06-27,2026-06-01,26,-9.6,3,1.0
TBZ,Tribhovandas Bhimji Zaveri Limited,Consumer Cyclical,Luxury Goods,1260.0,Small-Cap,MonthlyDoubleBottom,Forming,1.0,31,Sep 31mo | Mid rally 223% | Asymmetry 2%,,Sideways-Above-MA,True,False,Constructive,True,Stage2,3,Uptrend,Uptrend,129.89,132.48,40.55,110.41,2146.4,3682.59,6318.21,3682.59,2735.2,432.5,6.23,63.6,1.5,0.09,5.55,119.0,31.04,,0,none,27.1,21.4,2.0,11.0,0.57,6.3,10.94,22.25,10.19,19.0,197.06,71.57,36.26,612.6,0.15,highly inconsistent earnings,1.06,,1.65,,-81.27,-6.45,74.12,0.0,,0.26,0.26,0.0,0.0,217.95,110.5,40.4,17.5,-22.01,37.06,0.34,0.5,6,26.0,22.5,14.0,2.0,64.5,ACCUMULATE ⭐⭐⭐,Expected ~432% CAGR (2yr) | Profit CAGR 72% | ROE 27% | ROCE 21% | ROCE trend rising ↑ | Promoter 74% holding,High D/E 1.1 | Pattern still forming (not broken out),3-4 years,Medium-High,"yfinance, screener.in",100,169,,2026-06-27,2026-06-01,26,0.0,3,1.0
SUNPHARMA,Sun Pharmaceutical Industries Limited,Healthcare,Drug Manufacturers - Specialty & Generic,441070.0,Large-Cap,MonthlyDoubleBottom,Forming,1.0,32,Sep 32mo | Mid rally 113% | Asymmetry 4%,,Uptrend,True,False,Tight-Above-MAs,True,Stage2,5,Uptrend,Uptrend,1882.3,1099.65,505.12,1599.95,2180.12,2265.28,2665.36,2410.56,20.3,9.7,38.46,28.43,5.28,3.64,25.1,87.0,-1.47,2047.35,34,buy,16.0,20.5,1.43,30.0,0.89,19.64,8.43,11.19,10.03,11.78,4.96,10.57,38.33,26.2,0.15,highly inconsistent earnings,0.06,,2.82,,4931.94,1.12,54.48,0.0,,15.94,-0.18,21.0,0.28,1916.6,1548.0,1.8,21.6,21.15,61.39,0.61,0.08,7,27.0,28.5,1.0,8.0,64.5,ACCUMULATE ⭐⭐⭐,Expected ~10% CAGR (2yr) | ROCE 20% | ROCE trend rising ↑ | Nearly debt-free | Promoter 54% holding | OPM 30%,Earnings due 2026-07-30 | Pattern still forming (not broken out),3-4 years,Medium-High,"yfinance, screener.in",100,365,2026-07-30,2026-06-27,2026-06-01,26,0.0,3,2.0
GODFRYPHLP,Godfrey Phillips India Limited,Consumer Defensive,Tobacco,35423.0,Large-Cap,MonthlyDoubleBottom,Forming,1.0,7,Sep 7mo | Mid rally 112% | Asymmetry 10%,MonthlyDoubleBottom+MonthlyStage2,Downtrend,False,False,Below-MAs,False,Stage2,15,Uptrend,Uptrend,2301.0,439.44,197.7,1955.85,6479.36,8441.96,10999.03,8441.96,266.9,91.5,23.2,20.26,5.7,0.77,22.13,163.0,58.27,,0,none,26.6,32.8,3.37,25.0,0.29,23.88,11.97,13.9,21.51,20.41,42.35,30.29,32.33,86.7,0.75,consistent growth,0.04,,2.44,,44.89,0.13,72.58,0.0,,7.91,-0.24,3.28,-0.93,3947.0,1832.1,41.7,25.6,-18.77,216.26,0.18,0.29,7,40.0,15.0,9.0,0.0,64.0,ACCUMULATE ⭐⭐⭐,Expected ~92% CAGR (2yr) | Revenue CAGR 22% | Profit CAGR 30% | ROE 27% | ROCE 33% | ROCE trend rising ↑,Pattern still forming (not broken out),3-4 years,Medium-High,"yfinance, screener.in",100,330,,2026-06-27,2026-06-01,26,-1.7,3,-3.0
INFOBEAN,INFOBEANS TECHNO. LTD.,Technology,Software - Application,0.0,Micro-Cap,MonthlyDoubleBottom,Forming,1.0,7,Sep 7mo | Mid rally 176% | Asymmetry 6%,MonthlyCupHandle+MonthlyDoubleBottom+MonthlyStage2,Downtrend,False,False,Below-MAs,False,Downtrend,0,Uptrend,Uptrend,152.27,36.64,12.9,129.43,366.7,492.11,660.41,492.11,223.2,79.8,18.72,,3.91,0.55,12.45,15.0,0.0,,0,none,23.2,29.2,0.37,22.0,-0.71,16.87,12.26,30.13,10.11,23.35,128.95,34.2,18.65,104.2,0.15,highly inconsistent earnings,0.04,,10.14,,44.87,,72.84,-1.56,,0.45,-0.1,0.2,-0.76,257.5,91.45,40.9,66.5,68.63,10.99,0.31,0.53,6,34.0,14.0,10.0,6.0,64.0,ACCUMULATE ⭐⭐⭐,Expected ~80% CAGR (2yr) | Profit CAGR 34% | ROE 23% | ROCE 29% | ROCE trend rising ↑ | Nearly debt-free,Margin compression ↓ | Pattern still forming (not broken out),3-4 years,Medium-High,"yfinance, screener.in",100,107,,2026-06-27,2026-06-01,26,0.0,3,-2.0
YATHARTH,Yatharth Hospital & Trauma Care Services Limited,Healthcare,Medical Care Facilities,8091.0,Mid-Cap,MonthlyCupHandle,Forming,0.751,18,Cup 18mo | Depth 43% | Prior gain 50% | R²=0.97,,Uptrend,True,False,Tight-Above-MAs,True,Stage2,5,Uptrend,Uptrend,832.85,829.22,475.28,707.92,1300.46,1464.01,2443.69,1782.68,75.8,32.6,46.09,26.47,4.79,1.24,25.55,0.0,,986.0,4,none,10.4,12.4,-1.97,24.0,-1.46,14.22,7.17,40.35,36.17,41.21,29.77,37.08,53.42,22.7,0.4,lumpy earner,0.15,,3.87,,-88.68,-1.1,55.8,0.0,,5.25,-0.93,12.0,0.98,889.9,485.0,6.4,71.7,63.32,,0.52,0.99,4,25.0,25.01,6.0,8.0,64.0,ACCUMULATE ⭐⭐⭐,Expected ~33% CAGR (2yr) | Revenue CAGR 36% | Profit CAGR 37% | Low D/E 0.15 | Promoter 56% holding | Margin compressing ↓ ⚠️,Margin compression ↓ | Pattern still forming (not broken out),3-4 years,Medium-High,"yfinance, screener.in",100,34,,2026-06-27,2026-06-01,26,0.0,3,0.0
MARICO,Marico Limited,Consumer Defensive,Household & Personal Products,105879.0,Large-Cap,MonthlyDoubleBottom,Forming,0.686,40,Sep 40mo | Mid rally 74% | Asymmetry 6%,,Uptrend,True,False,Tight-Above-MAs,True,Stage2,15,Uptrend,Uptrend,831.45,365.32,203.82,706.73,621.66,773.63,767.33,690.66,,,60.25,43.25,24.96,5.43,44.45,49.0,18.88,898.08,38,buy,43.0,47.2,0.77,17.0,-0.2,12.95,14.43,25.67,11.71,11.08,9.35,11.1,8.62,14.0,0.4,lumpy earner,0.12,,1.31,,2851.62,2.69,58.93,0.0,,24.08,0.06,12.17,-0.06,848.8,687.55,2.0,20.9,23.97,39.21,0.68,0.17,4,30.0,24.73,1.0,8.0,63.7,ACCUMULATE ⭐⭐⭐,ROE 43% | ROCE 47% | ROCE trend rising ↑ | Low D/E 0.12 | Promoter 59% holding | Dividend growing 19%/yr,High PE 60 | Earnings due 2026-08-04 | Pattern still forming (not broken out),3-4 years,Medium-High,"yfinance, screener.in",100,361,2026-08-04,2026-06-27,2026-06-01,26,0.0,3,0.0
GRWRHITECH,Garware Hi-Tech Films Limited,Basic Materials,Specialty Chemicals,15764.0,Mid-Cap,MonthlyStage2,Stage Change,1.0,24,10-EMA=4429 | 30-EMA=3468 | Above by 76.8% | MA turning=Yes,MonthlyCupHandle+MonthlyStage2,Uptrend,True,False,Uptrend,True,Stage2,1,Uptrend,Uptrend,6131.5,3467.86,2479.47,5211.77,3609.21,4574.67,5798.4,4574.67,,,46.51,37.24,5.93,1.74,34.52,18.0,6.27,,0,none,13.4,18.0,1.46,20.0,-0.0,15.95,8.55,0.52,13.81,16.47,2.11,26.75,21.82,39.1,0.15,highly inconsistent earnings,0.01,,4.43,,60.47,0.38,60.73,0.0,,3.98,0.02,5.28,-0.07,6836.5,2681.0,10.3,128.7,82.53,499.86,0.54,0.68,6,26.0,26.5,1.0,10.0,63.5,ACCUMULATE ⭐⭐⭐,Profit CAGR 27% | ROCE trend rising ↑ | Nearly debt-free | Promoter 61% holding | Piotroski F=6 (above average quality) | MonthlyStage2 forming (24mo base),None identified,3-4 years,Medium-High,"yfinance, screener.in",100,53,,2026-06-27,2026-06-01,26,10.7,3,-3.5
NBCC,NBCC (India) Limited,Industrials,Engineering & Construction,30091.0,Large-Cap,MonthlyDoubleBottom,Forming,1.0,48,Sep 48mo | Mid rally 216% | Asymmetry 7%,MonthlyCupHandle+MonthlyDoubleBottom+MonthlyStage2,Sideways,False,False,Below-MAs,True,Stage2,4,Uptrend,Uptrend,93.08,89.08,27.25,79.12,111.35,154.46,214.25,154.46,65.9,28.8,41.74,35.95,10.02,1.08,22.98,61.0,-30.66,124.5,2,none,24.1,31.0,3.03,5.0,0.63,5.46,4.29,7.06,13.24,13.14,33.21,38.71,25.33,37.2,0.4,lumpy earner,0.0,,1.18,,992.51,3.3,61.75,0.0,,4.99,-0.21,10.75,-1.5,125.85,77.18,26.0,20.6,-15.94,239.5,0.72,0.66,5,38.0,19.5,4.0,2.0,63.5,ACCUMULATE ⭐⭐⭐,Expected ~29% CAGR (2yr) | Profit CAGR 39% | ROE 24% | ROCE 31% | ROCE trend rising ↑ | Nearly debt-free,Pattern still forming (not broken out),3-4 years,Medium-High,"yfinance, screener.in",100,170,,2026-06-27,2026-06-01,26,0.0,3,-1.0
IFBIND,IFB Industries Limited,Consumer Cyclical,"Furnishings, Fixtures & Appliances",5205.0,Small-Cap,MonthlyDoubleBottom,Forming,1.0,28,Sep 28mo | Mid rally 172% | Asymmetry 4%,,Sideways,False,False,Below-MAs,True,Stage2,3,Uptrend,Uptrend,1098.8,2359.9,850.0,933.98,3866.98,5522.3,17466.78,8218.5,402.6,124.2,36.23,20.55,5.23,0.32,15.64,0.0,,1478.0,3,buy,16.8,20.3,2.91,6.0,0.14,2.56,5.06,10.35,10.23,14.94,21.01,112.53,40.82,126.1,0.15,highly inconsistent earnings,0.16,,1.33,,142.69,2.74,74.96,0.0,,0.92,-0.04,6.16,0.13,2019.8,883.2,45.6,24.4,-21.12,12.49,0.56,0.34,6,29.0,19.5,15.0,0.0,63.5,ACCUMULATE ⭐⭐⭐,Expected ~124% CAGR (2yr) | Profit CAGR 113% | ROCE 20% | ROCE trend rising ↑ | Low D/E 0.16 | Promoter 75% holding,Pattern still forming (not broken out),3-4 years,Medium-High,"yfinance, screener.in",100,287,,2026-06-27,2026-06-01,26,0.0,3,0.0
KARURVYSYA,The Karur Vysya Bank Limited,Financial Services,Banks - Regional,28201.0,Mid-Cap,MonthlyDoubleBottom,Forming,1.0,35,Sep 35mo | Mid rally 115% | Asymmetry 0%,,Uptrend,True,False,Uptrend,True,Stage2,12,Uptrend,Uptrend,293.25,103.53,48.12,249.26,796.14,815.8,1587.29,1124.14,178.2,66.8,11.23,8.08,2.0,0.27,,74.0,17.57,353.29,17,buy,19.28,,,57.61,,40.05,1.96,19.5,,,41.2,,,41.2,0.5,insufficient history,,,,,,,2.07,0.0,,19.25,2.38,39.26,-0.94,343.45,201.82,14.6,45.3,40.57,170.12,0.78,-0.07,2,20.0,26.5,10.0,7.0,63.5,ACCUMULATE ⭐⭐⭐,Expected ~67% CAGR (2yr) | Revenue CAGR 20% | Profit CAGR 41% | OPM 58% | FII buying +2.4% ↑ | Dividend growing 18%/yr,Earnings due 2026-07-23 | Pattern still forming (not broken out),3-4 years,Medium-High,"yfinance, screener.in",50,365,2026-07-23,2026-06-27,2026-06-01,26,0.0,3,0.0
KPIL,Kalpataru Projects International Limited,Industrials,Engineering & Construction,23886.0,Mid-Cap,MonthlyStage2,Stage Change,1.0,24,10-EMA=1193 | 30-EMA=1086 | Above by 15.3% | MA turning=Yes,MonthlyDoubleBottom+MonthlyStage2,Sideways-Above-MA,True,False,Constructive,True,Stage2,4,Uptrend,Uptrend,1251.5,1085.77,872.33,1063.77,2612.92,2702.03,4644.96,3483.8,115.9,46.9,22.99,15.64,3.07,0.69,11.41,79.0,11.46,1529.37,19,strong_buy,14.2,16.6,0.17,8.0,-0.57,3.83,4.06,21.63,18.38,15.95,81.83,33.33,9.26,92.6,0.15,highly inconsistent earnings,0.46,,1.25,,467.04,1.96,33.58,0.01,,10.92,-0.81,45.12,1.22,1409.9,1007.1,11.2,24.3,10.49,113.96,0.61,0.37,5,23.0,22.5,12.0,6.0,63.5,ACCUMULATE ⭐⭐⭐,Expected ~47% CAGR (2yr) | Revenue CAGR 18% | Profit CAGR 33% | ROCE trend rising ↑ | Margin compressing ↓ ⚠️ | Piotroski F=5 (above average quality),Margin compression ↓ | Earnings due 2026-08-06,3-4 years,Medium-High,"yfinance, screener.in",100,37,2026-08-06,2026-06-27,2026-06-01,26,0.0,3,0.0
AGI,AGI Greenpac Limited,Consumer Cyclical,Packaging & Containers,4730.0,Small-Cap,MonthlyDoubleBottom,Forming,1.0,34,Sep 34mo | Mid rally 177% | Asymmetry 3%,,Sideways-Above-MA,True,False,Constructive,True,Stage2,3,Uptrend,Uptrend,645.75,127.95,45.52,548.89,4841.09,8141.75,13692.79,8141.75,1160.8,255.1,13.46,11.46,1.97,0.2,8.08,96.0,11.87,,0,none,15.8,19.6,1.14,22.0,1.71,13.19,7.51,5.38,5.76,6.13,9.32,68.18,26.66,19.4,0.15,highly inconsistent earnings,0.1,,1.51,,12.41,0.26,60.39,0.16,,6.78,-0.46,2.03,-0.21,1009.0,465.0,36.0,38.9,-27.81,-12.79,0.33,-0.16,6,29.0,22.5,12.0,0.0,63.5,ACCUMULATE ⭐⭐⭐,Expected ~255% CAGR (2yr) | Profit CAGR 68% | ROCE trend rising ↑ | Low D/E 0.10 | Promoter 60% holding | Piotroski F=6 (above average quality),Pattern still forming (not broken out),3-4 years,Medium-High,"yfinance, screener.in",100,288,,2026-06-27,2026-06-01,26,11.8,3,3.0
BSE,BSE Limited,Financial Services,Financial Data & Stock Exchanges,163272.0,Large-Cap,None,,0.0,0,,,Sideways-Above-MA,True,False,Constructive,False,Stage2,12,Uptrend,Uptrend,4041.1,,,3434.93,3003.42,5835.16,15805.32,6889.85,44.4,20.2,66.67,40.44,20.77,0.52,38.13,25.0,19.43,4253.13,15,buy,44.8,58.0,10.2,64.0,6.26,48.73,20.81,50.5,73.54,50.31,88.12,129.4,77.29,62.9,0.15,highly inconsistent earnings,0.0,,1.53,,5136.78,3.15,,,,19.42,1.97,25.09,1.35,4446.8,2021.5,9.1,99.9,71.1,1413.46,,0.27,6,40.0,9.0,6.0,8.0,63.0,ACCUMULATE ⭐⭐⭐,Expected ~20% CAGR (2yr) | Revenue CAGR 74% | Profit CAGR 129% | ROE 45% | ROCE 58% | ROCE trend rising ↑,High PE 67,3-4 years,Medium-High,"yfinance, screener.in",90,113,,2026-06-27,2026-06-01,26,-3.6,3,-6.0
AVANTIFEED,Avanti Feeds Limited,Consumer Defensive,Packaged Foods,13184.0,Mid-Cap,MonthlyDoubleBottom,Forming,1.0,7,Sep 7mo | Mid rally 196% | Asymmetry 8%,,Downtrend,False,False,Below-MAs,False,Stage2,15,Uptrend,Uptrend,1060.1,715.67,232.83,901.08,3061.95,3924.81,5030.82,3924.81,270.2,92.4,21.79,19.83,4.01,0.77,15.92,93.0,12.92,1166.0,1,hold,20.2,25.9,0.83,12.0,0.6,9.99,10.79,8.09,6.04,8.14,17.95,28.18,10.6,-17.6,0.15,highly inconsistent earnings,0.0,,5.58,,392.42,2.98,43.23,0.0,,7.63,-0.35,6.82,2.66,1593.8,614.25,33.5,72.6,62.39,150.58,0.31,0.04,6,32.0,15.0,10.0,6.0,63.0,ACCUMULATE ⭐⭐⭐,Expected ~92% CAGR (2yr) | Profit CAGR 28% | ROE 20% | ROCE 26% | ROCE trend rising ↑ | Nearly debt-free,Pattern still forming (not broken out),3-4 years,Medium-High,"yfinance, screener.in",100,198,,2026-06-27,2026-06-01,26,-16.4,3,-3.0
KEI,KEI Industries Limited,Industrials,Electrical Equipment & Parts,53833.0,Large-Cap,MonthlyDoubleBottom,Forming,1.0,20,Sep 20mo | Mid rally 117% | Asymmetry 9%,,Uptrend,True,True,Tight-Above-MAs,True,Stage2,4,Uptrend,Uptrend,5082.4,5029.01,2215.84,4320.04,3891.82,7842.18,6021.76,4841.03,54.3,24.2,58.48,40.81,8.08,2.4,42.77,8.0,14.47,5310.48,25,buy,14.8,20.1,-0.37,10.0,-0.11,7.82,8.79,20.67,19.36,22.95,31.9,24.39,27.73,25.5,1.0,steady compounder (low CV),0.04,,2.96,,170.84,0.32,35.0,0.0,,27.27,1.78,25.83,-1.44,5685.0,3525.3,10.6,44.2,41.88,97.48,1.09,0.5,5,25.0,28.0,0.0,10.0,63.0,ACCUMULATE ⭐⭐⭐,Expected ~24% CAGR (2yr) | Revenue CAGR 19% | Profit CAGR 24% | ROCE 20% | Nearly debt-free | EPS: steady compounder (low CV),High PE 58 | Earnings due 2026-07-21 | Pattern still forming (not broken out),3-4 years,Medium-High,"yfinance, screener.in",100,243,2026-07-21,2026-06-27,2026-06-01,26,0.0,3,0.0
BHARTIARTL,Bharti Airtel Limited,Communication Services,Telecom Services,1163958.0,Large-Cap,MonthlyDoubleBottom,Forming,1.0,19,Sep 19mo | Mid rally 110% | Asymmetry 5%,,Downtrend,False,False,Below-MAs,True,Downtrend,0,Uptrend,Uptrend,1822.5,429.14,200.07,1549.12,1777.72,2409.84,3491.81,2491.48,32.2,15.0,43.1,23.17,7.49,1.07,10.99,84.0,74.72,2287.38,32,buy,21.9,18.5,1.77,57.0,1.74,12.65,7.85,21.96,14.88,15.96,-9.76,40.15,82.12,-33.5,0.15,highly inconsistent earnings,1.0,,0.52,,60950.84,5.24,48.87,0.0,,27.79,-0.96,20.53,0.99,2174.5,1740.5,16.2,4.7,0.63,89.03,0.48,0.02,6,34.0,15.0,11.0,3.0,63.0,ACCUMULATE ⭐⭐⭐,Expected ~15% CAGR (2yr) | Profit CAGR 40% | ROE 22% | ROCE trend rising ↑ | OPM 57% | FCF yield 5.2%,Earnings due 2026-08-05 | Pattern still forming (not broken out),3-4 years,Medium-High,"yfinance, screener.in",100,288,2026-08-05,2026-06-27,2026-06-01,26,-4.8,3,2.0
NGLFINE,NGL Fine-Chem Limited,Healthcare,Drug Manufacturers - General,1888.0,Small-Cap,MonthlyStage2,Breaking Out,1.0,24,10-EMA=1877 | 30-EMA=1746 | Above by 30.4% | MA turning=Yes,MonthlyDoubleBottom+MonthlyStage2,Uptrend,True,False,Uptrend,True,Stage2,5,Uptrend,Uptrend,2276.7,1746.05,1057.08,1935.19,4037.85,5406.28,7238.46,5406.28,137.5,54.1,39.21,,5.73,1.16,26.85,6.0,0.0,,0,none,15.7,17.0,-7.2,15.0,-3.23,9.61,6.78,36.14,21.69,14.19,128.57,33.89,-3.38,1536.6,0.15,highly inconsistent earnings,0.33,,1.84,,-71.4,-3.78,72.73,-0.01,,0.03,0.03,0.0,0.0,3200.0,995.0,28.9,128.8,114.69,-1.14,2.39,0.63,4,21.0,28.0,4.0,10.0,63.0,ACCUMULATE ⭐⭐⭐,Expected ~54% CAGR (2yr) | Revenue CAGR 22% | Profit CAGR 34% | Promoter 73% holding | Margin compressing ↓ ⚠️ | PEG 1.16 — fair value,Margin compression ↓,3-4 years,Medium-High,"yfinance, screener.in",100,47,,2026-06-27,2026-06-01,26,0.0,3,2.0
NILASPACES,Nila Spaces Limited,Real Estate,Real Estate - Development,512.0,Small-Cap,MonthlyDoubleBottom,Forming,0.826,8,Sep 8mo | Mid rally 86% | Asymmetry 4%,,Downtrend,False,False,Below-MAs,False,Stage2,3,Uptrend,Uptrend,13.15,19.4,10.21,11.18,64.82,158.07,385.46,158.07,1102.1,246.7,17.81,,2.92,0.12,9.81,0.0,,,0,none,18.2,31.3,6.46,31.0,34.51,15.43,9.61,36.03,469.8,32.68,93.33,143.85,96.1,97.1,0.2,multiple loss years in history,0.46,,2.69,,-62.63,-12.23,61.9,0.0,,0.05,0.02,,,20.47,11.17,35.8,17.7,17.76,227.95,0.76,0.83,5,36.0,12.91,12.0,2.0,62.9,ACCUMULATE ⭐⭐⭐,Expected ~247% CAGR (2yr) | Revenue CAGR 470% | Profit CAGR 144% | ROCE 31% | ROCE trend rising ↑ | Promoter 62% holding,Pattern still forming (not broken out),3-4 years,Medium-High,"yfinance, screener.in",100,90,,2026-06-27,2026-06-01,26,0.0,3,0.0
GPTHEALTH,GPT Healthcare Limited,Healthcare,Medical Care Facilities,1213.0,Small-Cap,MonthlyDoubleBottom,Forming,0.633,9,Sep 9mo | Mid rally 64% | Asymmetry 1%,,Uptrend,True,False,Tight-Above-MAs,True,Stage2,5,Uptrend,Uptrend,148.17,203.87,124.04,125.94,245.16,283.7,316.93,278.74,91.5,38.4,28.76,14.78,4.49,2.1,14.89,203.0,-28.57,136.0,1,none,28.5,23.6,10.0,22.0,2.5,8.94,8.41,38.68,,,100.0,,,13.0,1.0,steady compounder (low CV),0.34,,1.12,,19.64,1.62,65.57,0.0,,2.81,0.08,6.84,0.64,185.0,115.0,19.9,28.8,-10.05,,0.38,0.49,6,35.0,22.6,4.0,1.0,62.6,ACCUMULATE ⭐⭐⭐,Expected ~38% CAGR (2yr) | Revenue CAGR 25% | ROE 28% | ROCE 24% | ROCE trend rising ↑ | Promoter 66% holding,Pattern still forming (not broken out),3-4 years,Medium-High,"yfinance, screener.in",80,29,,2026-06-27,2026-06-01,26,3.7,3,5.0
BUTTERFLY,Butterfly Gandhimathi Appliances Limited,Consumer Cyclical,"Furnishings, Fixtures & Appliances",1161.0,Small-Cap,MonthlyDoubleBottom,Forming,1.0,37,Sep 37mo | Mid rally 368% | Asymmetry 1%,,Sideways-Above-MA,True,False,Below-MAs,True,Stage2,3,Uptrend,Uptrend,627.1,642.47,136.69,533.03,1509.78,1912.9,2423.64,1912.9,205.0,74.7,25.44,,3.12,0.95,12.8,,100.0,,0,none,13.08,,,5.96,,4.84,6.84,16.7,,,26.7,,,26.6,0.5,insufficient history,0.02,,2.1,,62.91,5.42,75.0,0.0,,0.01,-0.01,0.43,0.0,823.85,565.8,23.9,10.8,-7.71,-66.29,0.12,-0.01,5,30.0,21.5,10.0,1.0,62.5,ACCUMULATE ⭐⭐⭐,Expected ~75% CAGR (2yr) | Revenue CAGR 17% | Profit CAGR 27% | Nearly debt-free | Promoter 75% holding | FCF yield 5.4%,Pattern still forming (not broken out),3-4 years,Medium-High,"yfinance, screener.in",70,147,,2026-06-27,2026-06-01,26,-7.9,3,-3.5
GLOBAL,Global Education Limited,Consumer Defensive,Education & Training Services,547.0,Small-Cap,MonthlyStage2,Stage Change,1.0,24,10-EMA=91 | 30-EMA=78 | Above by 32.0% | MA turning=Yes,MonthlyCupHandle+MonthlyDoubleBottom+MonthlyStage2,Uptrend,True,False,Uptrend,True,Stage2,15,Uptrend,Uptrend,102.98,78.03,41.17,87.53,193.04,201.09,209.48,201.09,95.3,39.7,20.61,,4.44,4.94,17.25,93.0,-5.9,,0,none,22.0,29.2,-0.4,38.0,0.06,26.15,13.29,30.56,14.88,29.31,-7.14,4.17,26.58,93.7,0.15,highly inconsistent earnings,,,3.75,,33.18,6.07,72.73,0.23,,0.4,-0.05,0.06,0.0,121.9,55.3,15.5,86.2,60.83,34.75,0.51,-0.72,5,24.0,26.5,4.0,8.0,62.5,ACCUMULATE ⭐⭐⭐,Expected ~40% CAGR (2yr) | ROE 22% | ROCE 29% | Promoter 73% holding | OPM 38% | FCF yield 6.1%,None identified,3-4 years,Medium-High,"yfinance, screener.in",90,112,,2026-06-27,2026-06-01,26,0.3,3,-1.0
PGIL,Pearl Global Industries Limited,Consumer Cyclical,Apparel Manufacturing,8283.0,Mid-Cap,MonthlyDoubleBottom,Forming,1.0,38,Sep 38mo | Mid rally 150% | Asymmetry 2%,MonthlyCupHandle+MonthlyDoubleBottom,Uptrend,True,False,Uptrend,True,Stage2,3,Uptrend,Uptrend,1604.5,124.1,49.29,1363.83,2950.03,3038.29,4307.72,3564.81,89.4,37.6,29.85,18.8,5.67,1.43,18.21,117.0,-8.92,2248.5,4,strong_buy,21.3,19.2,2.91,9.0,0.97,5.53,8.06,11.52,16.75,27.51,16.88,20.84,73.85,22.0,0.15,highly inconsistent earnings,0.66,,1.6,,-56.14,-0.68,61.16,-0.08,,6.48,0.21,18.8,2.03,1993.3,1178.1,19.5,36.2,15.25,390.36,0.9,-0.25,6,21.0,26.5,11.0,4.0,62.5,ACCUMULATE ⭐⭐⭐,Expected ~38% CAGR (2yr) | Revenue CAGR 17% | Profit CAGR 21% | ROE 21% | ROCE trend rising ↑ | Promoter 61% holding,Pattern still forming (not broken out),3-4 years,Medium-High,"yfinance, screener.in",100,232,,2026-06-27,2026-06-01,26,0.0,3,0.0
BEL,Bharat Electronics Limited,Industrials,Aerospace & Defense,312054.0,Large-Cap,MonthlyDoubleBottom,Forming,1.0,41,Sep 41mo | Mid rally 112% | Asymmetry 5%,,Downtrend,False,False,Below-MAs,False,Stage2,4,Uptrend,Uptrend,406.5,55.0,25.4,345.52,359.39,469.11,576.2,455.06,15.4,7.4,51.56,37.57,13.01,1.94,37.71,102.0,2.7,490.18,28,none,27.6,36.5,2.46,29.0,1.51,21.96,10.97,16.16,15.9,14.37,13.88,26.62,23.62,4.6,0.75,consistent growth,0.0,,1.98,,-390.91,-0.13,51.14,0.0,,19.51,1.0,20.0,-0.47,473.45,361.2,14.1,12.5,11.43,199.86,0.32,0.24,6,39.0,16.5,3.0,4.0,62.5,ACCUMULATE ⭐⭐⭐,Expected ~7% CAGR (2yr) | Revenue CAGR 16% | Profit CAGR 27% | ROE 28% | ROCE 36% | ROCE trend rising ↑,High PE 52 | Earnings due 2026-08-03 | Pattern still forming (not broken out),3-4 years,Medium-High,"yfinance, screener.in",100,288,2026-08-03,2026-06-27,2026-06-01,26,-3.9,3,1.0
VIJAYA,Vijaya Diagnostic Centre Limited,Healthcare,Diagnostics & Research,14037.0,Mid-Cap,MonthlyStage2,Stage Change,1.0,24,10-EMA=1055 | 30-EMA=924 | Above by 40.7% | MA turning=Yes,,Uptrend,True,True,Tight-Above-MAs,True,Stage2,5,Uptrend,Uptrend,1300.1,924.15,746.56,1105.08,980.17,1290.58,1574.2,1242.17,,,81.3,52.19,16.21,3.04,42.06,15.0,25.99,1363.2,10,buy,19.7,21.3,-1.4,41.0,-0.77,21.25,11.02,19.53,21.04,16.64,20.14,26.73,15.27,38.4,0.15,highly inconsistent earnings,0.44,,2.6,,-1.45,-0.01,52.51,-0.09,,13.38,-1.72,29.93,1.33,1427.8,848.0,8.9,53.3,39.94,153.77,1.38,0.34,4,24.0,28.5,0.0,10.0,62.5,ACCUMULATE ⭐⭐⭐,Revenue CAGR 21% | Profit CAGR 27% | ROCE 21% | Promoter 53% holding | OPM 41% | Margin compressing ↓ ⚠️,High PE 81 | Margin compression ↓,3-4 years,Medium-High,"yfinance, screener.in",100,57,,2026-06-27,2026-06-01,26,0.0,3,2.0
AXISBANK,Axis Bank Limited,Financial Services,Banks - Regional,422361.0,Large-Cap,MonthlyStage2,Stage Change,1.0,24,10-EMA=1267 | 30-EMA=1164 | Above by 16.6% | MA turning=Yes,MonthlyDoubleBottom+MonthlyStage2,Uptrend,True,False,Tight-Above-MAs,True,Stage2,12,Uptrend,Uptrend,1356.3,1163.61,985.26,1152.86,2450.29,2611.82,4430.67,3294.91,92.6,38.8,16.08,11.36,1.96,0.47,,7.0,0.0,1587.18,39,strong_buy,13.2,6.24,,39.19,,35.41,1.47,4.05,14.87,15.53,-5.83,34.47,29.63,1.7,0.15,highly inconsistent earnings,,,,,,,8.14,-0.01,,42.04,-0.54,43.35,0.7,1418.3,1042.5,4.4,30.1,31.68,22.97,0.64,0.43,2,14.0,28.5,10.0,10.0,62.5,ACCUMULATE ⭐⭐⭐,Expected ~39% CAGR (2yr) | Profit CAGR 34% | OPM 39% | DII buying +0.7% ↑ | PEG 0.47 — deeply undervalued | MonthlyStage2 forming (24mo base),Earnings due 2026-07-16,3-4 years,Medium-High,"yfinance, screener.in",80,332,2026-07-16,2026-06-27,2026-06-01,26,9.5,3,8.5
TDPOWERSYS,TD Power Systems Limited,Industrials,Specialty Industrial Machinery,19883.0,Mid-Cap,None,,0.0,0,,,Uptrend,True,True,Tight-Above-MAs,True,Stage2,4,Uptrend,Uptrend,1256.3,,,1067.86,732.88,989.83,1336.87,989.83,,,83.35,45.05,18.56,2.38,59.77,16.0,33.08,1417.0,2,none,24.7,33.4,4.29,18.0,1.43,12.86,11.83,45.11,28.63,25.59,36.57,35.06,39.65,36.2,1.0,steady compounder (low CV),0.02,,1.95,,19.94,0.1,26.87,0.0,,26.69,2.33,22.24,-0.95,1379.6,453.1,8.9,177.3,159.87,390.42,,0.51,7,40.0,15.0,-1.0,8.0,62.0,ACCUMULATE ⭐⭐⭐,Revenue CAGR 29% | Profit CAGR 35% | ROE 25% | ROCE 33% | ROCE trend rising ↑ | Nearly debt-free,High PE 83,3-4 years,Medium-High,"yfinance, screener.in",100,177,,2026-06-27,2026-06-01,26,0.0,3,-2.0
KILITCH,Kilitch Drugs (India) Limited,Healthcare,Drug Manufacturers - Specialty & Generic,650.0,Small-Cap,MonthlyDoubleBottom,Breakout Ready,1.0,31,Sep 31mo | Mid rally 222% | Asymmetry 10%,MonthlyDoubleBottom+MonthlyStage2,Sideways-Above-MA,True,True,Constructive,True,Stage2,5,Uptrend,Uptrend,174.37,118.3,34.98,148.21,681.04,1058.07,1643.81,1058.07,506.8,146.3,20.88,12.15,2.28,0.38,17.86,0.0,7.3,,0,none,12.5,14.4,2.51,16.0,1.83,12.81,5.35,18.69,18.84,28.15,20.0,55.36,49.63,34.6,0.75,consistent growth,0.32,,1.83,,-88.82,-13.67,63.77,0.0,,0.0,,,,250.0,117.25,30.3,48.7,-11.66,60.98,2.09,0.17,6,27.0,24.0,11.0,0.0,62.0,ACCUMULATE ⭐⭐⭐,Expected ~146% CAGR (2yr) | Revenue CAGR 19% | Profit CAGR 55% | ROCE trend rising ↑ | Promoter 64% holding | EPS: consistent growth,None identified,3-4 years,Medium-High,"yfinance, screener.in",100,189,,2026-06-27,2026-06-01,26,0.0,3,0.0
TERASOFT,Tera Software Limited,Technology,Information Technology Services,521.0,Small-Cap,MonthlyDoubleBottom,Forming,1.0,10,Sep 10mo | Mid rally 194% | Asymmetry 1%,,Sideways,False,False,Constructive,True,Downtrend,0,Uptrend,Uptrend,317.8,59.31,20.1,270.13,1030.6,2089.43,4236.11,2089.43,557.5,156.4,21.01,,3.9,0.2,13.67,24.0,,,0,none,18.5,24.4,8.0,15.0,7.2,10.42,9.27,120.37,22.02,,177.78,102.74,,119.9,0.4,lumpy earner,0.27,,1.69,,-27.34,-5.25,47.53,0.0,,0.08,-0.06,,,598.0,260.05,46.9,22.2,16.12,530.71,0.4,0.3,5,30.0,18.0,12.0,2.0,62.0,ACCUMULATE ⭐⭐⭐,Expected ~156% CAGR (2yr) | Revenue CAGR 22% | Profit CAGR 103% | ROCE 24% | ROCE trend rising ↑ | Low D/E 0.27,Pattern still forming (not broken out),3-4 years,Medium-High,"yfinance, screener.in",100,114,,2026-06-27,2026-06-01,26,0.0,3,0.0
SRM,SRM CONTRACTORS LIMITED,Industrials,Engineering & Construction,1124.0,Small-Cap,None,,0.0,0,,,Sideways-Above-MA,True,True,Constructive,True,Stage2,4,Uptrend,Uptrend,485.85,,,412.97,3112.43,5605.49,10095.48,5605.49,1053.7,239.7,10.12,,3.03,0.13,6.63,0.0,,,0,none,34.3,37.1,-0.2,16.0,1.17,10.82,13.52,94.32,50.66,45.01,101.82,80.1,69.22,126.5,0.4,lumpy earner,0.33,,1.59,,-70.78,-6.3,72.59,0.0,,0.43,0.38,1.11,-0.15,649.95,361.35,25.2,34.5,5.28,,,0.5,5,38.0,9.0,13.0,2.0,62.0,ACCUMULATE ⭐⭐⭐,Expected ~240% CAGR (2yr) | Revenue CAGR 51% | Profit CAGR 80% | ROE 34% | ROCE 37% | Promoter 73% holding,None identified,3-4 years,Medium-High,"yfinance, screener.in",100,26,,2026-06-27,2026-06-01,26,0.0,3,1.0
NEULANDLAB,Neuland Laboratories Limited,Healthcare,Drug Manufacturers - Specialty & Generic,22253.0,Mid-Cap,MonthlyCupHandle,Forming,0.854,17,Cup 17mo | Depth 27% | Prior gain 121% | R²=0.97,MonthlyCupHandle+MonthlyDoubleBottom,Sideways-Above-MA,True,True,Constructive,True,Stage2,5,Uptrend,Uptrend,16790.0,18024.33,13107.61,14271.5,18037.86,22941.05,30690.69,23528.59,36.6,16.9,60.98,37.89,11.88,2.0,415.88,20.0,33.89,20972.0,4,none,21.4,26.6,3.4,28.0,2.51,2.29,,36.97,19.31,16.64,40.0,30.44,35.06,664.8,0.15,highly inconsistent earnings,0.16,,1.42,,,,32.63,0.0,,20.46,-0.44,15.84,1.12,19747.0,11500.0,15.0,46.0,47.75,473.99,1.12,-0.32,3,33.0,19.75,1.0,8.0,61.8,ACCUMULATE ⭐⭐⭐,Expected ~17% CAGR (2yr) | Revenue CAGR 19% | Profit CAGR 30% | ROE 21% | ROCE 27% | ROCE trend rising ↑,High PE 61 | Pattern still forming (not broken out),3-4 years,Medium-High,"yfinance, screener.in",80,212,,2026-06-27,2026-06-01,26,0.0,3,-2.0
ASKAUTOLTD,ASK AUTOMOTIVE LIMITED,Consumer Cyclical,Auto Parts,9266.0,Mid-Cap,MonthlyDoubleBottom,Forming,0.511,17,Sep 17mo | Mid rally 53% | Asymmetry 2%,MonthlyDoubleBottom+MonthlyStage2,Sideways-Above-MA,True,False,Constructive,True,Stage2,3,Uptrend,Uptrend,429.35,578.5,375.3,364.95,963.16,1002.22,1733.58,1292.17,133.4,52.8,31.15,22.88,7.06,0.91,18.7,39.0,50.0,567.29,7,none,25.3,25.5,1.71,13.0,0.51,7.12,11.63,15.97,17.79,22.02,19.76,34.16,22.88,24.2,0.15,highly inconsistent earnings,0.52,,1.04,,-311.06,-3.36,74.95,0.0,,9.29,-0.43,10.25,1.12,578.5,375.3,25.8,14.4,-10.46,,0.16,-0.19,5,33.0,15.63,12.0,1.0,61.6,ACCUMULATE ⭐⭐⭐,Expected ~53% CAGR (2yr) | Revenue CAGR 18% | Profit CAGR 34% | ROE 25% | ROCE 26% | ROCE trend rising ↑,Pattern still forming (not broken out),3-4 years,Medium-High,"yfinance, screener.in",100,32,,2026-06-27,2026-06-01,26,-5.8,3,4.0
ALKYLAMINE,Alkyl Amines Chemicals Limited,Basic Materials,Specialty Chemicals,9439.0,Mid-Cap,MonthlyDoubleBottom,Forming,0.301,8,Sep 8mo | Mid rally 31% | Asymmetry 1%,,Uptrend,True,True,Tight-Above-MAs,True,Stage2,1,Uptrend,Uptrend,1831.8,2761.39,2100.17,1995.16,1179.74,3422.61,2905.72,1851.49,86.8,36.7,52.64,41.69,6.16,0.92,,76.0,0.0,1492.33,3,none,41.4,41.3,2.57,26.0,1.14,11.77,,17.38,25.61,15.84,133.72,56.94,34.9,-3.4,0.15,highly inconsistent earnings,,,,,,,72.05,0.02,,3.45,0.0,3.01,0.0,2438.8,1212.0,24.9,51.1,-17.37,-43.76,1.72,0.27,3,36.0,18.61,6.0,1.0,61.6,ACCUMULATE ⭐⭐⭐,Expected ~37% CAGR (2yr) | Revenue CAGR 26% | Profit CAGR 57% | ROE 41% | ROCE 41% | ROCE trend rising ↑,High PE 53 | Pattern still forming (not broken out),3-4 years,Medium-High,"yfinance, screener.in",70,224,,2026-06-27,2026-06-01,26,3.7,3,10.0
SHARDAMOTR,Sharda Motor Industries Limited,Consumer Cyclical,Auto Parts,4741.0,Small-Cap,MonthlyDoubleBottom,Forming,1.0,44,Sep 44mo | Mid rally 319% | Asymmetry 7%,,Downtrend,False,False,Below-MAs,False,Stage2,3,Uptrend,Uptrend,810.15,600.75,138.94,688.63,3016.88,3571.08,4227.09,3571.08,340.8,110.0,14.05,,3.61,0.76,9.07,208.0,58.58,,0,none,27.9,36.0,1.6,12.0,1.14,10.17,11.18,19.74,7.96,14.36,9.52,18.37,38.79,6.5,0.15,highly inconsistent earnings,0.04,,1.98,,241.62,5.1,64.31,0.0,,2.43,0.2,11.51,-0.19,1248.0,700.0,35.1,15.7,-18.31,-22.1,0.31,0.49,6,35.0,16.5,10.0,0.0,61.5,ACCUMULATE ⭐⭐⭐,Expected ~110% CAGR (2yr) | ROE 28% | ROCE 36% | ROCE trend rising ↑ | Nearly debt-free | Promoter 64% holding,Pattern still forming (not broken out),3-4 years,Medium-High,"yfinance, screener.in",100,130,,2026-06-27,2026-06-01,26,-8.2,3,-2.0
RATEGAIN,RateGain Travel Technologies Limited,Technology,Software - Application,10270.0,Mid-Cap,MonthlyStage2,Stage Change,1.0,24,10-EMA=592 | 30-EMA=580 | Above by 16.1% | MA turning=Yes,MonthlyDoubleBottom+MonthlyStage2,Sideways-Above-MA,True,True,Constructive,True,Downtrend,0,Uptrend,Uptrend,673.6,579.95,433.8,572.56,606.71,851.14,1220.45,860.5,26.4,12.4,52.91,26.23,5.11,1.26,32.56,0.0,,837.1,10,strong_buy,12.0,13.7,4.26,19.0,3.54,10.66,5.87,69.36,47.79,48.69,-7.18,41.83,77.53,27.7,0.15,highly inconsistent earnings,0.47,,1.41,,-11.97,-0.12,48.77,0.22,,5.35,0.38,20.86,0.24,901.6,417.6,25.3,61.3,54.95,38.49,0.39,0.85,5,25.0,21.5,5.0,10.0,61.5,ACCUMULATE ⭐⭐⭐,Expected ~12% CAGR (2yr) | Revenue CAGR 48% | Profit CAGR 42% | ROCE trend rising ↑ | Piotroski F=5 (above average quality) | PEG 1.26 — fair value,High PE 53,3-4 years,Medium-High,"yfinance, screener.in",100,54,,2026-06-27,2026-06-01,26,0.0,3,-1.0
BANKINDIA,Bank of India Limited,Financial Services,Banks - Regional,66728.0,Large-Cap,MonthlyDoubleBottom,Forming,1.0,29,Sep 29mo | Mid rally 186% | Asymmetry 7%,MonthlyCupHandle+MonthlyDoubleBottom,Sideways,False,False,Constructive,True,Stage2,12,Uptrend,Uptrend,145.68,190.57,64.34,123.83,709.34,655.43,1370.51,985.98,349.9,112.1,6.17,5.73,0.74,0.16,,317.0,32.48,159.6,5,none,12.4,5.93,,45.0,,31.89,0.92,6.04,16.41,13.1,7.93,39.0,37.72,18.7,0.4,lumpy earner,,,,,,,73.38,0.0,,7.26,1.44,13.96,-1.22,178.36,108.81,18.3,33.9,35.42,61.32,0.55,0.76,2,23.0,20.5,11.0,7.0,61.5,ACCUMULATE ⭐⭐⭐,Expected ~112% CAGR (2yr) | Revenue CAGR 16% | Profit CAGR 39% | Promoter 73% holding | OPM 45% | FII buying +1.4% ↑,Pattern still forming (not broken out),3-4 years,Medium-High,"yfinance, screener.in",80,288,,2026-06-27,2026-06-01,26,5.1,3,5.0
AARVI,Aarvi Encon Limited,Industrials,Staffing & Employment Services,210.0,Micro-Cap,MonthlyStage2,Stage Change,1.0,24,10-EMA=129 | 30-EMA=124 | Above by 19.5% | MA turning=Yes,MonthlyDoubleBottom+MonthlyStage2,Uptrend,True,False,Tight-Above-MAs,True,Stage2,4,Uptrend,Uptrend,148.29,124.11,100.16,126.05,368.38,391.48,416.03,391.48,164.0,62.5,12.04,,1.48,1.92,9.67,141.0,10.06,,0,none,13.4,14.4,-0.29,3.0,-0.49,2.71,5.81,27.45,14.15,26.33,80.0,6.27,12.47,55.7,0.15,highly inconsistent earnings,0.19,,2.04,,9.65,4.59,73.53,0.0,,,-0.01,,,154.7,96.99,4.1,52.9,49.94,1.77,0.76,-0.1,5,18.0,28.5,7.0,8.0,61.5,ACCUMULATE ⭐⭐⭐,Expected ~62% CAGR (2yr) | Low D/E 0.19 | Promoter 74% holding | FCF yield 4.6% | Piotroski F=5 (above average quality) | Dividend growing 10%/yr,None identified,3-4 years,Medium-High,"yfinance, screener.in",100,105,,2026-06-27,2026-06-15,12,0.0,1,3.0
CAMPUS,Campus Activewear Limited,Consumer Cyclical,Footwear & Accessories,7258.0,Small-Cap,MonthlyDoubleBottom,Forming,0.744,13,Sep 13mo | Mid rally 76% | Asymmetry 1%,,Downtrend,False,False,Below-MAs,False,Stage2,3,Uptrend,Uptrend,238.4,370.52,209.77,202.64,383.02,531.27,755.33,537.87,122.8,49.3,48.26,33.65,8.03,1.19,25.3,63.0,,302.57,7,none,29.5,31.8,4.1,20.0,11.14,8.46,9.18,67.93,26.13,259.08,300.0,40.43,,26.0,0.15,highly inconsistent earnings,0.26,,2.37,,-11.2,-0.15,72.09,-0.02,,6.07,-0.08,11.6,-0.11,304.4,215.2,21.7,10.8,-6.11,-40.39,0.29,0.09,6,39.0,12.43,9.0,1.0,61.4,ACCUMULATE ⭐⭐⭐,Expected ~49% CAGR (2yr) | Revenue CAGR 26% | Profit CAGR 40% | ROE 30% | ROCE 32% | ROCE trend rising ↑,Pattern still forming (not broken out),3-4 years,Medium-High,"yfinance, screener.in",100,50,,2026-06-27,2026-06-01,26,2.5,3,-3.0
NRBBEARING,NRB Bearings Limited,Consumer Cyclical,Auto Parts,4151.0,Small-Cap,MonthlyStage2,Breaking Out,1.0,24,10-EMA=278 | 30-EMA=257 | Above by 38.8% | MA turning=Yes,MonthlyDoubleBottom+MonthlyStage2,Uptrend,True,True,Uptrend,True,Stage2,3,Uptrend,Uptrend,356.7,256.94,194.68,303.19,599.65,689.59,793.03,689.59,93.3,39.0,29.07,23.21,4.31,1.94,18.29,286.0,2.24,423.5,2,none,15.7,18.6,1.2,17.0,0.49,10.69,8.24,11.34,8.09,11.87,78.05,15.0,21.12,,0.15,highly inconsistent earnings,0.16,,2.26,,109.51,2.64,51.2,0.0,,14.69,0.57,10.06,-0.25,455.8,212.55,21.7,67.8,30.69,86.4,3.99,0.54,6,20.0,28.0,5.0,8.0,61.0,ACCUMULATE ⭐⭐⭐,Expected ~39% CAGR (2yr) | ROCE trend rising ↑ | Low D/E 0.16 | Promoter 51% holding | Piotroski F=6 (above average quality) | FII buying +0.6% ↑,None identified,3-4 years,Medium-High,"yfinance, screener.in",100,287,,2026-06-27,2026-06-01,26,0.0,3,-3.0
SAKSOFT,Saksoft Limited,Technology,Information Technology Services,1789.0,Small-Cap,MonthlyDoubleBottom,Forming,1.0,19,Sep 19mo | Mid rally 307% | Asymmetry 2%,,Downtrend,False,False,Below-MAs,True,Downtrend,0,Uptrend,Uptrend,144.06,15.03,3.66,122.45,414.05,486.47,571.55,486.47,237.7,83.8,13.74,4.1,2.3,0.79,8.46,71.0,17.8,,0,none,19.6,25.5,0.03,19.0,0.43,13.23,10.48,14.04,14.78,21.14,22.02,17.49,24.2,19.7,0.75,consistent growth,0.06,,2.17,,85.14,4.76,66.72,0.04,,2.4,0.17,0.0,-0.14,253.99,107.59,43.3,33.9,-26.54,-60.55,0.4,0.36,7,36.0,15.0,10.0,0.0,61.0,ACCUMULATE ⭐⭐⭐,Expected ~84% CAGR (2yr) | ROCE 26% | ROCE trend rising ↑ | Nearly debt-free | Promoter 67% holding | FCF yield 4.8%,Pattern still forming (not broken out),3-4 years,Medium-High,"yfinance, screener.in",100,254,,2026-06-27,2026-06-01,26,0.0,3,-3.0
MENONBE,Menon Bearings Limited,Consumer Cyclical,Auto Parts,983.0,Small-Cap,MonthlyStage2,Breaking Out,1.0,24,10-EMA=122 | 30-EMA=117 | Above by 27.2% | MA turning=Yes,MonthlyDoubleBottom+MonthlyStage2,Uptrend,True,True,Uptrend,True,Stage2,3,Uptrend,Uptrend,148.41,116.69,88.61,126.15,226.19,237.07,248.47,237.07,59.7,26.4,25.72,28.3,5.3,5.35,17.3,114.0,0.0,,0,none,22.2,25.5,3.1,20.0,0.03,13.02,12.25,20.99,10.31,54.87,52.0,4.81,106.99,29.3,0.15,highly inconsistent earnings,0.25,,2.51,,-17.23,-1.75,68.44,0.0,,0.21,-0.17,0.03,0.03,183.0,101.5,18.9,46.2,29.01,-8.7,2.75,0.15,6,21.0,28.0,4.0,8.0,61.0,ACCUMULATE ⭐⭐⭐,Expected ~26% CAGR (2yr) | ROE 22% | ROCE 26% | ROCE trend rising ↑ | Low D/E 0.25 | Promoter 68% holding,None identified,3-4 years,Medium-High,"yfinance, screener.in",100,135,,2026-06-27,2026-06-01,26,0.0,3,2.0
NDRAUTO,NDR Auto Components Limited,Consumer Cyclical,Auto Parts,2040.0,Small-Cap,MonthlyStage2,Stage Change,1.0,24,10-EMA=790 | 30-EMA=689 | Above by 17.0% | MA turning=Yes,MonthlyCupHandle+MonthlyDoubleBottom+MonthlyStage2,Sideways,False,False,Below-MAs,True,Stage2,3,Uptrend,Uptrend,806.1,689.23,421.07,685.18,1602.29,2088.42,2722.05,2088.42,159.1,61.0,32.9,,5.69,1.08,22.87,47.0,63.86,,0,none,18.9,22.2,3.46,11.0,1.09,7.53,8.29,15.43,27.94,48.49,16.98,30.34,47.11,12.6,0.4,lumpy earner,0.17,,1.22,,-26.8,-1.31,73.13,0.0,,0.08,0.03,0.0,0.0,1220.0,605.05,33.9,33.2,-22.26,275.97,0.69,0.74,5,35.0,19.5,6.0,0.0,60.5,ACCUMULATE ⭐⭐⭐,Expected ~61% CAGR (2yr) | Revenue CAGR 28% | Profit CAGR 30% | ROCE 22% | ROCE trend rising ↑ | Low D/E 0.17,None identified,3-4 years,Medium-High,"yfinance, screener.in",100,71,,2026-06-27,2026-06-01,26,0.0,3,-1.0
MOLDTKPAC,Mold-Tek Packaging Limited,Consumer Cyclical,Packaging & Containers,2320.0,Small-Cap,MonthlyDoubleBottom,Forming,1.0,44,Sep 44mo | Mid rally 161% | Asymmetry 6%,MonthlyDoubleBottom+MonthlyStage2,Sideways-Above-MA,True,False,Constructive,True,Stage2,3,Uptrend,Uptrend,681.8,1088.22,406.02,579.53,1294.53,1770.42,2054.87,1630.98,159.7,61.1,31.85,20.35,3.36,1.23,14.65,57.0,-30.66,810.33,9,none,17.8,22.2,0.09,19.0,0.49,8.22,7.09,31.73,15.93,15.96,33.33,25.99,21.67,26.9,0.75,consistent growth,0.32,,1.49,,-63.1,-2.72,33.19,0.12,,9.69,-0.67,20.95,0.83,892.9,464.9,23.6,46.7,5.54,-54.23,3.4,0.52,5,26.0,22.5,10.0,2.0,60.5,ACCUMULATE ⭐⭐⭐,Expected ~61% CAGR (2yr) | Revenue CAGR 16% | Profit CAGR 26% | ROCE 22% | ROCE trend rising ↑ | EPS: consistent growth,Pattern still forming (not broken out),3-4 years,Medium-High,"yfinance, screener.in",100,136,,2026-06-27,2026-06-01,26,0.0,3,0.0
ONWARDTEC,Onward Technologies Limited,Technology,Information Technology Services,562.0,Small-Cap,MonthlyDoubleBottom,Forming,1.0,31,Sep 31mo | Mid rally 245% | Asymmetry 6%,,Sideways,False,False,Below-MAs,True,Downtrend,0,Uptrend,Uptrend,258.17,720.06,202.91,219.44,1046.69,1661.51,2637.48,1661.51,543.6,153.7,13.16,,2.27,0.22,7.03,195.0,18.56,,0,none,19.5,23.0,1.31,13.0,1.17,8.15,10.24,10.79,7.25,17.78,62.96,58.74,44.43,-8.3,0.15,highly inconsistent earnings,0.16,,3.66,,20.84,3.71,40.02,0.95,,9.33,-0.5,1.8,-1.74,385.0,208.25,32.9,24.0,-16.72,-70.44,2.13,0.71,6,30.0,18.5,12.0,0.0,60.5,ACCUMULATE ⭐⭐⭐,Expected ~154% CAGR (2yr) | Profit CAGR 59% | ROCE 23% | ROCE trend rising ↑ | Low D/E 0.16 | FCF yield 3.7%,Pattern still forming (not broken out),3-4 years,Medium-High,"yfinance, screener.in",100,287,,2026-06-27,2026-06-01,26,0.0,3,1.0
AJMERA,Ajmera Realty & Infra India Limited,Real Estate,Real Estate - Development,2774.0,Small-Cap,MonthlyDoubleBottom,Forming,1.0,37,Sep 37mo | Mid rally 808% | Asymmetry 10%,,Sideways,False,False,Below-MAs,True,Stage2,3,Uptrend,Uptrend,120.84,143.26,15.06,102.71,304.58,394.95,512.13,394.95,226.8,80.8,18.52,6.78,1.98,0.62,11.68,64.0,25.99,175.0,1,strong_buy,11.5,14.3,1.69,27.0,0.46,13.74,7.58,47.7,36.24,25.72,24.6,29.67,38.33,120.0,0.75,consistent growth,0.47,,6.28,,-116.82,-4.21,68.23,0.0,,0.78,0.25,1.13,-0.08,221.4,98.03,45.4,23.3,-27.68,36.97,1.66,0.47,6,31.0,19.5,10.0,0.0,60.5,ACCUMULATE ⭐⭐⭐,Expected ~81% CAGR (2yr) | Revenue CAGR 36% | Profit CAGR 30% | ROCE trend rising ↑ | Promoter 68% holding | OPM 27%,Pattern still forming (not broken out),3-4 years,Medium-High,"yfinance, screener.in",100,238,,2026-06-27,2026-06-01,26,0.6,3,3.0
20MICRONS,20 Microns Limited,Basic Materials,Other Industrial Metals & Mining,650.0,Small-Cap,MonthlyDoubleBottom,Forming,1.0,24,Sep 24mo | Mid rally 166% | Asymmetry 1%,,Sideways-Above-MA,True,True,Constructive,True,Stage2,1,Uptrend,Uptrend,182.37,346.44,129.61,155.01,473.65,563.27,646.61,553.42,208.9,75.7,9.72,,1.34,0.58,5.91,68.0,37.5,,0,none,14.7,17.4,0.37,13.0,0.2,7.01,8.72,4.49,10.77,14.54,8.06,16.84,23.84,15.7,0.4,lumpy earner,0.32,,1.92,,53.57,8.25,45.04,0.0,,0.41,0.15,0.1,0.03,283.93,129.61,35.8,40.7,-17.24,39.49,0.5,0.64,7,27.0,22.5,11.0,0.0,60.5,ACCUMULATE ⭐⭐⭐,Expected ~76% CAGR (2yr) | ROCE trend rising ↑ | FCF yield 8.2% | Piotroski F=7 (high quality compounder) | Dividend growing 38%/yr | PEG 0.58 — undervalued,Pattern still forming (not broken out),3-4 years,Medium-High,"yfinance, screener.in",100,213,,2026-06-27,2026-06-01,26,10.4,3,13.0
ASALCBR,Associated Alcohols & Breweries Limited,Consumer Defensive,Beverages - Wineries & Distilleries,1694.0,Small-Cap,MonthlyDoubleBottom,Forming,0.571,29,Sep 29mo | Mid rally 61% | Asymmetry 4%,,Sideways,False,False,Below-MAs,True,Stage2,15,Uptrend,Uptrend,819.9,647.81,396.25,696.91,8189.17,20045.46,49067.28,20045.46,2344.9,394.5,18.38,14.6,2.32,0.13,11.54,24.0,25.99,1070.0,1,none,14.6,18.0,4.3,14.0,1.74,8.68,9.41,-5.21,68.5,73.94,8.64,144.78,144.85,5.3,0.15,highly inconsistent earnings,0.1,,2.58,,-20.86,-1.23,62.35,1.13,,0.33,0.01,0.94,0.94,1277.0,660.65,35.8,24.1,-15.85,58.57,0.19,0.37,6,34.0,14.35,12.0,0.0,60.4,ACCUMULATE ⭐⭐⭐,Expected ~394% CAGR (2yr) | Revenue CAGR 68% | Profit CAGR 145% | ROCE trend rising ↑ | Nearly debt-free | Promoter 62% holding,Pattern still forming (not broken out),3-4 years,Medium-High,"yfinance, screener.in",100,77,,2026-06-27,2026-06-01,26,2.1,3,0.0
ENDURANCE,Endurance Technologies Limited,Consumer Cyclical,Auto Parts,36887.0,Large-Cap,MonthlyDoubleBottom,Forming,0.899,40,Sep 40mo | Mid rally 90% | Asymmetry 0%,MonthlyDoubleBottom+MonthlyStage2,Sideways-Above-MA,True,False,Constructive,True,Stage2,3,Uptrend,Uptrend,2502.6,1957.99,1029.49,2127.21,3879.38,4082.32,6123.76,4874.05,63.1,27.7,38.76,26.19,5.39,1.51,18.48,44.0,16.96,2894.71,14,none,15.4,18.3,0.49,13.0,-0.4,6.52,7.41,26.25,18.35,17.39,13.88,25.64,12.86,12.8,0.15,highly inconsistent earnings,0.19,,1.55,,153.57,0.42,75.0,0.0,,13.14,-0.58,9.77,0.57,3079.9,2142.8,18.7,16.8,3.09,29.94,0.5,0.67,6,29.0,21.29,7.0,3.0,60.3,ACCUMULATE ⭐⭐⭐,Expected ~28% CAGR (2yr) | Revenue CAGR 18% | Profit CAGR 26% | ROCE trend rising ↑ | Low D/E 0.19 | Promoter 75% holding,Pattern still forming (not broken out),3-4 years,Medium-High,"yfinance, screener.in",100,117,,2026-06-27,2026-06-01,26,-1.7,3,2.0
ACE,Action Construction Equipment Limited,Industrials,Farm & Heavy Construction Machinery,11612.0,Mid-Cap,MonthlyDoubleBottom,Forming,0.497,9,Sep 9mo | Mid rally 59% | Asymmetry 9%,,Sideways-Above-MA,True,True,Constructive,True,Stage2,4,Uptrend,Uptrend,931.05,289.73,173.79,791.39,1601.84,2144.38,2870.68,2144.38,130.3,51.8,28.01,21.49,5.77,0.83,21.79,20.0,49.38,1247.0,2,none,22.9,31.7,3.66,15.0,1.34,12.65,9.83,-1.41,14.94,21.73,1.47,33.87,38.99,-6.5,0.4,lumpy earner,0.0,,1.33,,272.88,2.35,65.42,0.0,,9.58,-0.82,1.84,0.08,1236.0,745.1,24.7,25.0,-12.99,10.09,0.58,0.33,6,38.0,14.96,6.0,1.0,60.0,ACCUMULATE ⭐⭐⭐,Expected ~52% CAGR (2yr) | Profit CAGR 34% | ROE 23% | ROCE 32% | ROCE trend rising ↑ | Nearly debt-free,Pattern still forming (not broken out),3-4 years,Medium-High,"yfinance, screener.in",100,238,,2026-06-27,2026-06-01,26,5.6,3,-1.0
LLOYDSENGG,Lloyds Engineering Works Limited,Industrials,Specialty Industrial Machinery,12377.0,Mid-Cap,MonthlyStage2,Breaking Out,1.0,24,10-EMA=56 | 30-EMA=58 | Above by 18.6% | MA turning=Yes,MonthlyDoubleBottom+MonthlyStage2,Sideways-Above-MA,True,True,Constructive,True,Stage2,4,Uptrend,Uptrend,68.44,57.7,37.73,58.17,89.83,190.9,405.65,190.9,178.9,67.0,58.28,,7.16,0.52,61.75,29.0,80.47,,0,none,16.4,17.1,,15.0,-1.0,14.59,6.21,53.78,,,88.57,,,156.5,0.5,insufficient history,0.07,,2.77,,-383.29,-3.1,41.92,0.0,,2.11,0.14,0.18,0.0,89.78,37.4,23.8,83.0,4.47,,1.72,1.14,3,26.0,24.0,5.0,5.0,60.0,ACCUMULATE ⭐⭐⭐,Expected ~67% CAGR (2yr) | Revenue CAGR 113% | Profit CAGR 112% | Nearly debt-free | Margin compressing ↓ ⚠️ | Dividend growing 80%/yr,High PE 58 | Margin compression ↓,3-4 years,Medium-High,"yfinance, screener.in",80,32,,2026-06-27,2026-06-01,26,0.0,3,0.0
WHEELS,Wheels India Limited,Consumer Cyclical,Auto Parts,3795.0,Small-Cap,MonthlyDoubleBottom,Breakout Ready,1.0,33,Sep 33mo | Mid rally 148% | Asymmetry 5%,,Uptrend,True,True,Tight-Above-MAs,True,Stage2,3,Uptrend,Uptrend,1564.2,1236.83,487.61,1329.57,5385.95,7851.64,11446.13,7851.64,402.0,124.0,24.51,41.67,3.64,0.54,,93.0,-8.73,,0,none,15.8,18.8,2.6,8.0,0.37,3.19,,15.2,5.61,17.76,41.07,45.78,27.44,-9.8,0.15,highly inconsistent earnings,,,,,,,58.31,0.0,,1.15,-0.03,9.64,-0.17,1744.0,705.85,10.3,121.6,102.86,76.38,3.16,,2,16.0,30.0,6.0,8.0,60.0,ACCUMULATE ⭐⭐⭐,Expected ~124% CAGR (2yr) | Profit CAGR 46% | ROCE trend rising ↑ | Promoter 58% holding | PEG 0.54 — undervalued | MonthlyDoubleBottom — Breakout Ready,None identified,3-4 years,Medium-High,"yfinance, screener.in",70,287,,2026-06-27,2026-06-01,26,0.0,3,0.0
MARKSANS,Marksans Pharma Limited,Healthcare,Drug Manufacturers - General,11767.0,Mid-Cap,MonthlyStage2,Breaking Out,1.0,24,10-EMA=190 | 30-EMA=185 | Above by 17.4% | MA turning=Yes,MonthlyDoubleBottom+MonthlyStage2,Uptrend,True,True,Constructive,True,Stage2,5,Uptrend,Uptrend,217.3,185.07,156.89,184.71,389.46,378.85,529.41,454.08,74.3,32.0,28.16,19.23,3.89,1.7,18.55,31.0,47.36,266.0,3,none,15.2,18.8,-3.0,20.0,-0.37,14.16,8.84,12.5,16.8,16.49,9.66,16.59,11.94,63.6,0.15,highly inconsistent earnings,0.11,,5.17,,70.35,0.6,43.87,0.0,,16.76,8.63,6.57,0.66,266.6,155.0,18.5,40.2,-8.89,118.23,1.56,1.1,5,22.0,27.0,7.0,4.0,60.0,ACCUMULATE ⭐⭐⭐,Expected ~32% CAGR (2yr) | Revenue CAGR 17% | Low D/E 0.11 | Piotroski F=5 (above average quality) | FII buying +8.6% ↑ | DII buying +0.7% ↑,None identified,3-4 years,Medium-High,"yfinance, screener.in",100,287,,2026-06-27,2026-06-01,26,0.0,3,2.0
MANORAMA,Manorama Industries Limited,Consumer Defensive,Packaged Foods,9304.0,Mid-Cap,None,,0.0,0,,,Uptrend,True,False,Below-MAs,True,Stage2,15,Uptrend,Uptrend,1371.4,,,1165.69,2113.9,2779.78,3655.41,2779.78,102.7,42.4,43.3,28.54,13.84,1.37,27.21,4.0,50.0,1831.0,2,none,39.4,35.0,,26.0,2.0,15.73,18.74,77.3,,,104.55,,,31.0,0.5,insufficient history,0.52,,1.95,,131.47,1.41,54.32,0.0,,2.89,0.18,3.0,-0.61,1760.0,1060.6,22.1,29.3,1.65,325.28,,0.17,6,40.0,11.0,6.0,3.0,60.0,ACCUMULATE ⭐⭐⭐,Expected ~42% CAGR (2yr) | Revenue CAGR 68% | Profit CAGR 32% | ROE 39% | ROCE 35% | Promoter 54% holding,None identified,3-4 years,Medium-High,"yfinance, screener.in",80,47,,2026-06-27,2026-06-01,26,0.0,3,3.0
3MINDIA,3M India Limited,Industrials,Conglomerates,37316.0,Large-Cap,MonthlyCupHandle,Forming,0.911,21,Cup 21mo | Depth 21% | Prior gain 23% | R²=0.97,MonthlyCupHandle+MonthlyDoubleBottom+MonthlyStage2,Sideways-Above-MA,True,False,Constructive,True,Stage2,4,Uptrend,Uptrend,31550.0,37436.67,29755.96,28268.16,20825.8,45117.38,35722.79,27275.55,43.0,19.6,71.43,43.97,21.2,2.31,37.37,48.0,-14.3,36726.0,1,none,30.5,40.5,0.09,19.0,1.34,10.26,18.76,-0.07,7.86,6.98,4.8,30.97,13.67,203.1,0.15,highly inconsistent earnings,0.1,,2.18,,459.29,1.23,75.0,0.0,,3.52,0.02,8.34,-0.05,38030.0,28275.0,17.0,11.6,8.97,-6.27,0.16,0.27,6,37.0,20.93,-1.0,3.0,59.9,WATCH ⭐⭐,Expected ~20% CAGR (2yr) | Profit CAGR 31% | ROE 30% | ROCE 40% | ROCE trend rising ↑ | Nearly debt-free,High PE 71 | Pattern still forming (not broken out),3-4 years,Medium-High,"yfinance, screener.in",100,288,,2026-06-27,2026-06-01,26,-0.8,3,-0.2
CHALET,CHALET HOTELS LIMITED,Consumer Cyclical,Lodging,0.0,Micro-Cap,MonthlyDoubleBottom,Forming,0.557,8,Sep 8mo | Mid rally 61% | Asymmetry 6%,,Sideways,False,False,Below-MAs,True,Stage2,3,Uptrend,Uptrend,730.7,1051.29,633.35,621.1,2448.89,2633.08,5671.33,3726.72,260.4,89.8,27.24,25.51,4.75,0.52,16.51,25.0,,992.62,21,none,19.2,17.1,3.83,43.0,7.94,23.29,8.33,61.23,34.91,57.48,354.23,52.18,38.4,31.6,0.2,multiple loss years in history,0.64,,0.7,,383.46,,67.29,-0.04,,4.71,-0.37,24.57,0.58,1082.0,691.35,32.5,5.7,-14.98,30.01,0.45,-0.06,6,34.0,12.68,13.0,0.0,59.7,WATCH ⭐⭐,Expected ~90% CAGR (2yr) | Revenue CAGR 35% | Profit CAGR 52% | ROCE trend rising ↑ | Promoter 67% holding | OPM 43%,Pattern still forming (not broken out),3-4 years,Medium-High,"yfinance, screener.in",100,89,,2026-06-27,2026-06-01,26,-8.8,3,1.0
COLPAL,Colgate-Palmolive (India) Limited,Consumer Defensive,Household & Personal Products,54337.0,Large-Cap,MonthlyDoubleBottom,Forming,0.511,17,Sep 17mo | Mid rally 59% | Asymmetry 8%,,Downtrend,False,False,Below-MAs,False,Stage2,15,Uptrend,Uptrend,2079.0,1418.08,861.94,1767.15,4121.6,4446.84,8469.58,5908.32,113.9,46.3,40.98,33.98,34.3,0.95,28.3,240.0,-17.67,2254.62,26,hold,158.0,179.0,31.8,22.0,1.4,21.96,33.52,15.43,14.93,,51.39,43.35,,-0.5,0.4,lumpy earner,0.03,,1.28,,1955.26,3.6,51.0,0.0,,13.6,-1.58,15.25,1.75,2504.0,1782.0,17.0,16.7,-1.78,-11.0,0.43,0.51,6,40.0,9.63,9.0,1.0,59.6,WATCH ⭐⭐,Expected ~46% CAGR (2yr) | Profit CAGR 43% | ROE 158% | ROCE 179% | ROCE trend rising ↑ | Nearly debt-free,Earnings due 2026-07-22 | Pattern still forming (not broken out),3-4 years,Medium-High,"yfinance, screener.in",100,288,2026-07-22,2026-06-27,2026-06-01,26,-5.0,3,-3.0
MARINE,Marine Electricals (India) Limited,Industrials,Electrical Equipment & Parts,3429.0,Small-Cap,MonthlyStage2,Stage Change,1.0,24,10-EMA=204 | 30-EMA=177 | Above by 25.4% | MA turning=Yes,MonthlyDoubleBottom+MonthlyStage2,Sideways-Above-MA,True,False,Constructive,True,Stage2,4,Uptrend,Uptrend,222.05,177.13,147.48,188.74,180.29,272.95,413.25,272.95,22.9,10.9,67.13,,7.29,1.31,37.48,12.0,9.0,,0,none,13.2,18.2,1.23,11.0,-0.03,6.66,6.17,14.34,25.56,28.43,55.26,51.4,33.34,38.1,0.4,lumpy earner,0.18,,2.12,,-39.23,-1.14,68.2,-0.34,,0.59,-0.06,0.34,0.22,282.48,150.86,21.4,47.2,11.91,331.09,0.63,1.08,4,30.0,22.5,3.0,4.0,59.5,WATCH ⭐⭐,Expected ~11% CAGR (2yr) | Revenue CAGR 26% | Profit CAGR 51% | ROCE trend rising ↑ | Low D/E 0.18 | Promoter 68% holding,High PE 67,3-4 years,Medium-High,"yfinance, screener.in",100,92,,2026-06-27,2026-06-01,26,0.0,3,-3.0
IEX,Indian Energy Exchange Limited,Financial Services,Capital Markets,10919.0,Mid-Cap,MonthlyDoubleBottom,Forming,1.0,33,Sep 33mo | Mid rally 112% | Asymmetry 4%,MonthlyCupHandle+MonthlyDoubleBottom,Sideways,False,False,Below-MAs,True,Stage2,12,Uptrend,Uptrend,125.48,233.91,108.28,106.66,143.37,359.54,197.03,168.07,186.5,69.3,22.16,19.43,8.05,1.29,14.12,326.0,51.83,141.18,11,hold,39.4,51.4,-1.26,84.0,0.71,65.99,16.95,14.71,15.38,14.14,14.92,17.23,19.18,10.8,0.15,highly inconsistent earnings,0.01,,2.0,,799.84,7.33,,,,14.16,2.74,30.26,-4.69,211.75,114.6,40.7,9.5,-25.48,-16.95,0.29,0.31,5,35.0,19.5,5.0,0.0,59.5,WATCH ⭐⭐,Expected ~69% CAGR (2yr) | Revenue CAGR 15% | ROE 39% | ROCE 51% | Nearly debt-free | OPM 84%,Earnings due 2026-04-23 | Pattern still forming (not broken out),3-4 years,Medium-High,"yfinance, screener.in",90,104,2026-04-23,2026-06-27,2026-06-01,26,0.0,3,0.0
NESTLEIND,Nestlé India Limited,Consumer Defensive,Packaged Foods,272818.0,Large-Cap,MonthlyStage2,Stage Change,1.0,24,10-EMA=1299 | 30-EMA=1204 | Above by 18.9% | MA turning=Yes,MonthlyDoubleBottom+MonthlyStage2,Uptrend,True,True,Tight-Above-MAs,True,Stage2,15,Uptrend,Uptrend,1431.4,1203.53,1067.84,1216.69,725.91,1339.22,804.43,764.16,,,78.12,59.6,52.9,14.82,52.7,85.0,-16.68,1478.47,36,buy,74.2,85.3,-11.0,23.0,-0.0,15.14,22.58,14.62,6.58,,9.07,5.27,,27.2,0.15,highly inconsistent earnings,0.09,,0.96,,3881.1,1.42,62.76,0.0,,9.74,-0.07,12.4,0.3,1498.1,1084.7,4.5,32.0,24.96,6.0,0.77,0.44,3,25.0,28.5,0.0,6.0,59.5,WATCH ⭐⭐,ROE 74% | ROCE 85% | Nearly debt-free | Promoter 63% holding | MonthlyStage2 forming (24mo base) | Weekly uptrend,High PE 78 | Earnings due 2026-04-21,3-4 years,Medium-High,"yfinance, screener.in",100,286,2026-04-21,2026-06-27,2026-06-01,26,0.0,3,0.0
BOSCHLTD,Bosch Limited,Consumer Cyclical,Auto Parts,118560.0,Large-Cap,MonthlyStage2,Stage Change,1.0,24,10-EMA=35794 | 30-EMA=32095 | Above by 21.7% | MA turning=Yes,MonthlyDoubleBottom+MonthlyStage2,Uptrend,True,True,Tight-Above-MAs,True,Stage2,3,Uptrend,Uptrend,39060.0,32095.29,26188.55,33201.0,54087.99,58026.98,84269.26,67512.63,48.6,21.9,42.74,38.08,7.99,1.72,42.34,67.0,34.59,43798.5,4,strong_buy,16.4,21.5,1.77,13.0,0.26,13.84,6.73,10.77,10.3,15.57,37.62,24.82,41.9,3.0,0.15,highly inconsistent earnings,0.01,,1.96,,-2037.69,-1.72,70.54,0.0,,7.22,-0.12,15.05,0.15,41945.0,28610.0,6.9,36.5,2.66,94.78,0.77,0.65,6,24.0,28.5,2.0,5.0,59.5,WATCH ⭐⭐,Expected ~22% CAGR (2yr) | Profit CAGR 25% | ROCE 22% | ROCE trend rising ↑ | Nearly debt-free | Promoter 71% holding,Earnings due 2026-08-03,3-4 years,Medium-High,"yfinance, screener.in",100,288,2026-08-03,2026-06-27,2026-06-01,26,5.2,3,5.0
SIEMENS,Siemens Limited,Industrials,Specialty Industrial Machinery,133887.0,Large-Cap,MonthlyDoubleBottom,Forming,1.0,26,Sep 26mo | Mid rally 210% | Asymmetry 0%,MonthlyCupHandle+MonthlyDoubleBottom+MonthlyStage2,Sideways-Above-MA,True,False,Constructive,False,Stage2,4,Uptrend,Uptrend,3617.2,526.5,169.39,3074.62,1970.85,2946.3,2899.85,2390.65,,,79.37,54.26,9.67,3.73,53.62,39.0,14.47,3779.77,26,none,16.3,21.2,2.43,11.0,0.43,9.21,,11.72,15.47,20.09,1.32,21.3,29.06,-36.4,0.4,lumpy earner,0.02,,2.57,,,,75.0,0.0,,6.8,-0.05,8.59,0.24,3937.3,2826.0,8.1,28.0,23.87,36.29,0.48,,4,29.0,22.5,0.0,8.0,59.5,WATCH ⭐⭐,Revenue CAGR 15% | Profit CAGR 21% | ROCE 21% | ROCE trend rising ↑ | Nearly debt-free | Promoter 75% holding,High PE 79 | Earnings due 2026-08-06 | Pattern still forming (not broken out),3-4 years,Medium-High,"yfinance, screener.in",80,330,2026-08-06,2026-06-27,2026-06-01,26,1.9,3,8.0
MEDPLUS,MedPlus Health Services Limited,Healthcare,Pharmaceutical Retailers,10141.0,Mid-Cap,MonthlyStage2,Stage Change,0.993,24,10-EMA=848 | 30-EMA=813 | Above by 14.9% | MA turning=Yes,MonthlyDoubleBottom+MonthlyStage2,Uptrend,True,False,Uptrend,True,Stage2,5,Uptrend,Uptrend,934.65,813.47,666.85,794.45,1744.35,2182.46,4683.59,2858.29,133.5,52.8,46.09,33.06,5.13,0.72,27.13,0.0,,1168.71,7,none,11.8,12.6,0.06,9.0,0.37,3.19,5.56,12.32,14.78,17.56,46.67,63.86,28.42,24.6,0.15,highly inconsistent earnings,0.72,,3.0,,271.58,2.68,40.22,-0.07,,15.53,-1.3,27.82,1.24,1022.2,732.0,8.6,27.7,11.05,-2.1,0.38,0.43,7,21.0,26.42,9.0,3.0,59.4,WATCH ⭐⭐,Expected ~53% CAGR (2yr) | Profit CAGR 64% | ROCE trend rising ↑ | Piotroski F=7 (high quality compounder) | DII buying +1.2% ↑ | PEG 0.72 — undervalued,None identified,3-4 years,Medium-High,"yfinance, screener.in",100,54,,2026-06-27,2026-06-01,26,0.0,3,0.0
HDFCAMC,HDFC Asset Management Company Limited,Financial Services,Asset Management,116551.0,Large-Cap,MonthlyDoubleBottom,Forming,0.521,6,Sep 6mo | Mid rally 59% | Asymmetry 7%,,Sideways-Above-MA,True,False,Below-MAs,False,Stage2,12,Uptrend,Uptrend,2455.9,1448.93,882.86,2087.51,1639.89,2459.18,2610.53,2069.06,0.1,0.1,40.81,31.33,12.62,1.56,28.74,199.0,31.04,3044.36,28,strong_buy,32.9,42.9,2.5,82.0,1.5,61.84,24.83,13.95,23.04,,16.18,26.17,,-2.5,0.75,consistent growth,0.02,,30.24,,2397.42,2.06,52.37,-0.01,,24.45,0.46,14.42,-0.48,2967.25,2205.6,17.2,11.3,-8.44,81.39,0.55,0.56,7,40.0,14.25,3.0,2.0,59.2,WATCH ⭐⭐,Expected ~0% CAGR (2yr) | Revenue CAGR 23% | Profit CAGR 26% | ROE 33% | ROCE 43% | ROCE trend rising ↑,Earnings due 2026-07-16 | Pattern still forming (not broken out),3-4 years,Medium-High,"yfinance, screener.in",100,95,2026-07-16,2026-06-27,2026-06-01,26,-7.5,3,0.0
TORNTPHARM,Torrent Pharmaceuticals Limited,Healthcare,Drug Manufacturers - Specialty & Generic,149925.0,Large-Cap,MonthlyCupHandle,Forming,0.684,20,Cup 20mo | Depth 26% | Prior gain 68% | R²=0.93,MonthlyCupHandle+MonthlyDoubleBottom,Uptrend,True,True,Tight-Above-MAs,True,Stage2,5,Uptrend,Uptrend,4460.1,4457.0,3302.11,3791.09,3451.38,5611.89,4949.3,4133.03,25.8,12.2,69.44,46.75,17.76,3.52,38.2,86.0,19.98,4878.79,28,none,27.4,15.2,0.49,33.0,0.57,15.47,7.25,21.4,13.27,11.8,11.88,19.75,11.3,-21.9,0.15,highly inconsistent earnings,0.85,,1.13,,2601.22,1.74,68.31,0.0,,16.18,0.05,8.96,-0.09,4712.9,3140.1,5.4,42.0,39.73,118.84,0.48,0.14,6,27.0,24.21,0.0,8.0,59.2,WATCH ⭐⭐,Expected ~12% CAGR (2yr) | ROE 27% | ROCE trend rising ↑ | Promoter 68% holding | OPM 33% | Piotroski F=6 (above average quality),High PE 69 | Earnings due 2026-07-27 | Pattern still forming (not broken out),3-4 years,Medium-High,"yfinance, screener.in",100,287,2026-07-27,2026-06-27,2026-06-01,26,0.0,3,0.0
VARROC,Varroc Engineering Limited,Consumer Cyclical,Auto Parts,9400.0,Mid-Cap,MonthlyDoubleBottom,Forming,0.892,17,Sep 17mo | Mid rally 98% | Asymmetry 9%,MonthlyDoubleBottom+MonthlyStage2,Sideways,False,False,Below-MAs,True,Stage2,3,Uptrend,Uptrend,560.4,492.96,239.02,476.34,3413.15,8951.6,61597.81,14499.74,1497.4,299.7,41.85,18.75,5.28,0.13,12.09,24.0,30.0,629.4,5,buy,15.2,19.0,3.83,9.0,0.54,2.53,6.61,9.03,8.86,15.24,228.57,324.82,-12.6,236.9,0.2,multiple loss years in history,0.51,,0.88,,296.92,3.16,75.0,0.0,,4.45,0.09,11.35,-1.05,694.7,462.0,19.3,21.3,6.62,43.88,0.27,0.32,5,26.0,17.2,13.0,3.0,59.2,WATCH ⭐⭐,Expected ~300% CAGR (2yr) | Profit CAGR 325% | ROCE trend rising ↑ | Promoter 75% holding | FCF yield 3.2% | Piotroski F=5 (above average quality),Pattern still forming (not broken out),3-4 years,Medium-High,"yfinance, screener.in",100,95,,2026-06-27,2026-06-01,26,0.0,3,1.0
COFORGE,Coforge Limited,Technology,Information Technology Services,64776.0,Large-Cap,MonthlyDoubleBottom,Forming,0.964,29,Sep 29mo | Mid rally 105% | Asymmetry 9%,,Sideways,False,False,Below-MAs,True,Downtrend,0,Uptrend,Uptrend,1367.2,1984.96,924.97,1162.12,1830.21,3044.95,3227.73,2430.52,122.7,49.2,33.33,21.29,5.15,1.02,16.06,109.0,-35.92,1672.79,34,buy,20.6,23.5,-1.23,18.0,-0.11,9.48,10.8,36.11,26.96,28.6,86.43,32.8,30.22,134.4,0.15,highly inconsistent earnings,0.07,,1.61,,1715.94,2.65,,,,24.66,-6.0,42.71,-13.47,1994.0,1008.1,31.4,35.6,-16.63,30.48,0.74,0.23,5,32.0,18.07,9.0,0.0,59.1,WATCH ⭐⭐,Expected ~49% CAGR (2yr) | Revenue CAGR 27% | Profit CAGR 33% | ROE 21% | ROCE 24% | Nearly debt-free,Earnings due 2026-07-27 | Pattern still forming (not broken out),3-4 years,Medium-High,"yfinance, screener.in",90,263,2026-07-27,2026-06-27,2026-06-01,26,-3.2,3,-2.0
SANSERA,Sansera Engineering Limited,Consumer Cyclical,Auto Parts,18362.0,Mid-Cap,MonthlyDoubleBottom,Forming,0.794,13,Sep 13mo | Mid rally 88% | Asymmetry 8%,,Uptrend,True,True,Tight-Above-MAs,True,Stage2,3,Uptrend,Uptrend,2947.4,1751.11,896.77,2505.29,3387.01,3831.47,5746.09,4411.58,30.0,14.0,56.81,34.9,6.35,1.88,29.34,11.0,17.57,2961.3,10,buy,11.5,14.1,0.11,18.0,0.03,9.27,6.47,15.94,14.37,17.69,50.69,30.25,24.35,104.8,0.4,lumpy earner,0.19,,1.75,,-211.33,-1.15,30.1,-0.07,,18.79,-0.57,35.38,-0.92,3000.0,1216.3,1.8,142.3,125.86,190.51,0.7,0.78,6,21.0,25.03,3.0,10.0,59.0,WATCH ⭐⭐,Expected ~14% CAGR (2yr) | Profit CAGR 30% | ROCE trend rising ↑ | Low D/E 0.19 | Piotroski F=6 (above average quality) | Dividend growing 18%/yr,High PE 57 | Pattern still forming (not broken out),3-4 years,Medium-High,"yfinance, screener.in",100,58,,2026-06-27,2026-06-01,26,23.0,3,1.0
HINDZINC,Hindustan Zinc Limited,Basic Materials,Other Industrial Metals & Mining,238118.0,Large-Cap,MonthlyCupHandle,Forming,0.91,23,Cup 23mo | Depth 32% | Prior gain 63% | R²=0.95,MonthlyCupHandle+MonthlyDoubleBottom,Downtrend,False,False,Below-MAs,False,Stage2,1,Uptrend,Uptrend,559.9,665.61,449.98,475.91,769.91,881.24,924.49,843.67,57.4,25.5,17.21,12.8,10.52,1.8,10.56,373.0,-40.42,655.19,16,none,76.6,69.5,7.7,54.0,-0.17,35.12,30.08,19.84,6.2,12.54,33.6,9.58,11.63,67.6,0.15,highly inconsistent earnings,0.39,,1.47,,10509.13,4.41,60.71,-1.13,,2.39,0.85,4.84,0.16,733.0,413.5,23.6,35.4,39.07,78.89,0.27,0.65,4,31.0,14.92,6.0,7.0,58.9,WATCH ⭐⭐,Expected ~26% CAGR (2yr) | ROE 77% | ROCE 70% | ROCE trend rising ↑ | Promoter 61% holding | OPM 54%,Earnings due 2026-07-17 | Pattern still forming (not broken out),3-4 years,Medium-High,"yfinance, screener.in",100,287,2026-07-17,2026-06-27,2026-06-01,26,-11.5,3,-8.0
HATSUN,Hatsun Agro Product Limited,Consumer Defensive,Packaged Foods,20510.0,Mid-Cap,MonthlyDoubleBottom,Forming,0.614,30,Sep 30mo | Mid rally 65% | Asymmetry 3%,,Downtrend,False,False,Below-MAs,False,Stage2,15,Uptrend,Uptrend,914.15,1384.31,825.48,784.21,5817.71,28372.99,138375.05,28372.99,3003.8,457.1,57.48,32.03,10.57,0.15,18.98,217.0,18.56,935.0,2,none,16.7,12.9,1.0,12.0,1.9,3.58,8.13,10.62,103.56,,24.73,387.7,,2.5,0.15,highly inconsistent earnings,0.94,,0.52,,929.11,4.53,73.17,0.0,,3.13,-0.07,10.26,-0.02,1179.0,855.3,22.5,6.9,5.07,-29.74,0.12,-0.17,6,33.0,11.87,12.0,2.0,58.9,WATCH ⭐⭐,Expected ~457% CAGR (2yr) | Revenue CAGR 104% | Profit CAGR 388% | ROCE trend rising ↑ | Promoter 73% holding | FCF yield 4.5%,High PE 57 | Earnings due 2026-07-20 | Pattern still forming (not broken out),3-4 years,Medium-High,"yfinance, screener.in",100,145,2026-07-20,2026-06-27,2026-06-01,26,-3.2,3,0.0
CAMS,Computer Age Management Services Limited,Technology,Information Technology Services,20431.0,Mid-Cap,MonthlyStage2,Stage Change,0.505,24,10-EMA=737 | 30-EMA=704 | Above by 7.6% | MA turning=Yes,MonthlyDoubleBottom+MonthlyStage2,Uptrend,True,False,Uptrend,True,Downtrend,0,Uptrend,Uptrend,757.55,704.21,615.56,643.92,698.76,848.86,978.07,826.7,12.1,5.9,43.1,31.85,15.45,2.35,28.68,152.0,-24.4,882.11,19,buy,39.0,49.0,0.89,45.0,0.37,31.39,21.46,6.61,15.97,16.51,1.51,18.31,18.15,10.9,0.15,highly inconsistent earnings,0.05,,3.43,,386.33,1.89,0.0,0.0,,44.44,-0.21,22.06,0.06,875.0,611.4,13.4,23.9,7.64,49.23,0.28,0.13,7,34.0,19.56,2.0,3.0,58.6,WATCH ⭐⭐,Expected ~6% CAGR (2yr) | Revenue CAGR 16% | ROE 39% | ROCE 49% | ROCE trend rising ↑ | Nearly debt-free,Earnings due 2026-07-30,3-4 years,Medium-High,"yfinance, screener.in",100,69,2026-07-30,2026-06-27,2026-06-01,26,-2.8,3,0.0
JYOTHYLAB,Jyothy Labs Limited,Consumer Defensive,Household & Personal Products,7428.0,Small-Cap,MonthlyDoubleBottom,Breakout Ready,0.463,6,Sep 6mo | Mid rally 50% | Asymmetry 3%,,Downtrend,False,False,Below-MAs,False,Stage2,15,Uptrend,Uptrend,213.5,86.18,56.71,181.47,649.58,626.56,1140.76,860.82,193.5,71.3,22.33,18.49,4.67,0.69,15.73,173.0,11.87,275.18,11,buy,19.0,24.6,2.4,18.0,0.57,11.32,9.83,3.26,9.04,10.72,0.27,32.52,17.82,-11.5,0.15,highly inconsistent earnings,0.03,,2.68,,267.48,3.6,62.89,0.0,,12.35,-0.42,14.62,-0.52,364.8,196.15,41.5,8.8,-29.97,-20.62,1.31,0.4,6,34.0,11.56,13.0,0.0,58.6,WATCH ⭐⭐,Expected ~71% CAGR (2yr) | Profit CAGR 33% | ROCE 25% | ROCE trend rising ↑ | Nearly debt-free | Promoter 63% holding,None identified,3-4 years,Medium-High,"yfinance, screener.in",100,222,,2026-06-27,2026-06-01,26,0.0,3,0.0
PREMEXPLN,Premier Explosives Limited,Basic Materials,Specialty Chemicals,4170.0,Small-Cap,MonthlyStage2,Stage Change,1.0,24,10-EMA=513 | 30-EMA=449 | Above by 16.8% | MA turning=Yes,MonthlyCupHandle+MonthlyDoubleBottom+MonthlyStage2,Sideways-Above-MA,True,False,Constructive,True,Stage2,1,Uptrend,Uptrend,524.75,449.18,333.32,446.04,233.59,565.04,819.54,437.53,7.7,3.8,90.89,49.07,14.46,1.04,107.55,6.0,18.56,710.0,1,none,18.6,22.6,4.63,10.0,1.37,11.8,3.33,-6.95,24.31,20.61,58.62,87.31,33.13,76.1,0.15,highly inconsistent earnings,0.11,,1.65,,-51.95,-1.25,41.33,0.0,,1.18,0.27,9.17,-0.06,798.9,378.4,34.3,38.7,0.77,481.7,0.29,1.16,5,28.0,22.5,3.0,5.0,58.5,WATCH ⭐⭐,Expected ~4% CAGR (2yr) | Revenue CAGR 24% | Profit CAGR 87% | ROCE 23% | ROCE trend rising ↑ | Low D/E 0.11,High PE 91,3-4 years,Medium-High,"yfinance, screener.in",100,120,,2026-06-27,2026-06-01,26,0.0,3,-2.0
ALEMBICLTD,Alembic Limited,Real Estate,Real Estate - Development,2311.0,Small-Cap,MonthlyDoubleBottom,Forming,1.0,33,Sep 33mo | Mid rally 6454% | Asymmetry 1%,,Sideways,False,False,Below-MAs,True,Stage2,3,Uptrend,Uptrend,87.06,168.13,2.55,74.0,484.25,573.35,678.85,573.35,558.6,156.6,7.28,1.81,0.95,0.4,24.6,267.0,10.06,725.0,1,none,13.3,6.28,1.0,38.0,5.46,132.25,1.92,8.11,23.63,26.53,1.93,18.4,-1.56,-1.9,0.15,highly inconsistent earnings,0.0,,1.95,,22.95,0.99,70.88,0.0,,1.25,-0.04,0.05,0.0,125.54,70.46,30.7,23.6,-16.06,-7.34,0.29,0.64,7,29.0,19.5,10.0,0.0,58.5,WATCH ⭐⭐,Expected ~157% CAGR (2yr) | Revenue CAGR 24% | ROCE trend rising ↑ | Nearly debt-free | Promoter 71% holding | OPM 38%,Pattern still forming (not broken out),3-4 years,Medium-High,"yfinance, screener.in",100,288,,2026-06-27,2026-06-01,26,-3.1,3,-1.0
MWL,MANGALAM WORLDWIDE LTD,Basic Materials,Steel,1116.0,Small-Cap,MonthlyDoubleBottom,Forming,0.377,6,Sep 6mo | Mid rally 43% | Asymmetry 5%,,Uptrend,True,True,Tight-Above-MAs,True,Stage2,1,Uptrend,Uptrend,370.2,183.78,125.07,314.67,504.82,709.63,997.53,709.63,91.7,38.5,22.27,,4.03,0.55,17.09,5.0,-41.52,,0,none,18.0,17.6,0.6,8.0,1.17,3.41,,13.96,23.33,31.95,66.67,40.57,75.54,74.5,0.15,highly inconsistent earnings,0.79,,,,,,66.5,0.0,,0.01,0.01,0.0,-0.36,395.5,158.0,6.4,134.3,135.11,166.75,0.9,0.55,3,24.0,19.52,5.0,10.0,58.5,WATCH ⭐⭐,Expected ~38% CAGR (2yr) | Revenue CAGR 23% | Profit CAGR 41% | ROCE trend rising ↑ | Promoter 66% holding | PEG 0.55 — undervalued,Pattern still forming (not broken out),3-4 years,Medium-High,"yfinance, screener.in",80,47,,2026-06-27,2026-06-01,26,0.0,3,0.0
OFSS,Oracle Financial Services Software Limited,Technology,Software - Infrastructure,83924.0,Large-Cap,MonthlyStage2,Stage Change,1.0,24,10-EMA=8185 | 30-EMA=7510 | Above by 28.4% | MA turning=Yes,MonthlyDoubleBottom+MonthlyStage2,Uptrend,True,False,Constructive,True,Downtrend,0,Uptrend,Uptrend,9646.0,7510.05,6543.54,8199.1,10874.89,12340.83,14004.37,12340.83,27.9,13.1,31.95,25.14,10.72,2.37,22.55,690.0,6.27,10695.0,2,none,32.6,45.3,1.71,45.0,-0.94,34.4,21.25,12.05,10.42,9.01,10.88,13.48,8.41,30.7,0.15,highly inconsistent earnings,0.0,,5.43,,2422.44,2.89,72.44,-0.02,,8.04,-0.32,9.12,0.3,10584.5,6234.5,8.9,54.7,19.85,155.28,0.84,0.43,6,30.0,24.5,0.0,4.0,58.5,WATCH ⭐⭐,Expected ~13% CAGR (2yr) | ROE 33% | ROCE 45% | ROCE trend rising ↑ | Nearly debt-free | Promoter 72% holding,Margin compression ↓ | Earnings due 2026-04-27,3-4 years,Medium-High,"yfinance, screener.in",100,288,2026-04-27,2026-06-27,2026-06-01,26,0.0,3,0.0
UJJIVANSFB,Ujjivan Small Finance Bank Limited,Financial Services,Banks - Regional,11140.0,Mid-Cap,MonthlyDoubleBottom,Forming,1.0,36,Sep 36mo | Mid rally 122% | Asymmetry 2%,MonthlyCupHandle+MonthlyDoubleBottom,Sideways-Above-MA,True,False,Below-MAs,False,Stage2,12,Uptrend,Uptrend,54.13,47.27,21.13,46.01,239.34,509.12,2670.0,799.4,840.6,206.7,16.32,8.48,1.63,0.07,,,20.0,73.71,17,none,10.74,,,29.52,,16.57,1.32,44.4,,,234.0,,,238.2,0.5,insufficient history,,,,,,,0.0,0.0,,17.23,1.78,31.12,2.45,68.0,41.32,20.4,31.0,18.12,26.79,0.88,0.45,2,23.0,21.5,11.0,3.0,58.5,WATCH ⭐⭐,Expected ~207% CAGR (2yr) | Revenue CAGR 44% | Profit CAGR 234% | OPM 30% | FII buying +1.8% ↑ | DII buying +2.5% ↑,Pattern still forming (not broken out),3-4 years,Medium-High,"yfinance, screener.in",50,78,,2026-06-27,2026-06-01,26,0.0,3,0.0
LUMAXIND,Lumax Industries Limited,Consumer Cyclical,Auto Parts,4935.0,Small-Cap,MonthlyDoubleBottom,Forming,1.0,33,Sep 33mo | Mid rally 107% | Asymmetry 0%,,Uptrend,True,False,Uptrend,True,Stage2,3,Uptrend,Uptrend,5257.5,1697.5,819.49,4468.88,9647.72,11446.06,13579.61,11446.06,117.7,47.5,28.65,16.27,5.38,1.54,14.52,104.0,37.38,6809.0,2,none,22.0,17.7,1.8,10.0,0.43,4.12,5.03,23.06,21.72,24.02,22.86,18.64,57.05,23.0,0.15,highly inconsistent earnings,1.06,,0.76,,-17.12,-0.35,75.0,0.0,,1.63,0.25,6.07,0.36,6934.5,3139.7,24.2,67.5,54.12,134.02,0.37,0.83,5,19.0,26.5,6.0,7.0,58.5,WATCH ⭐⭐,Expected ~48% CAGR (2yr) | Revenue CAGR 22% | ROE 22% | ROCE trend rising ↑ | Promoter 75% holding | Piotroski F=5 (above average quality),High D/E 1.1 | Pattern still forming (not broken out),3-4 years,Medium-High,"yfinance, screener.in",100,287,,2026-06-27,2026-06-01,26,0.0,3,1.0
BCLIND,BCL Industries Limited,Consumer Defensive,Beverages - Wineries & Distilleries,1097.0,Small-Cap,MonthlyDoubleBottom,Forming,1.0,40,Sep 40mo | Mid rally 223% | Asymmetry 7%,,Sideways-Above-MA,True,False,Constructive,False,Stage2,15,Uptrend,Uptrend,37.79,85.38,25.53,32.12,236.99,297.02,372.26,297.02,686.0,180.4,9.53,,1.2,0.38,6.01,70.0,-19.59,,0,none,13.4,13.9,-1.49,9.0,0.63,4.12,7.82,-0.82,15.37,14.37,22.33,25.33,24.57,-8.6,0.15,highly inconsistent earnings,0.6,,2.01,,166.15,15.15,58.23,0.2,,0.43,0.06,0.0,-0.02,49.3,25.53,23.3,48.0,-8.9,-36.55,2.8,0.59,6,22.0,22.5,13.0,1.0,58.5,WATCH ⭐⭐,Expected ~180% CAGR (2yr) | Revenue CAGR 15% | Profit CAGR 25% | Promoter 58% holding | FCF yield 15.2% | Piotroski F=6 (above average quality),Pattern still forming (not broken out),3-4 years,Medium-High,"yfinance, screener.in",100,64,,2026-06-27,2026-06-01,26,11.8,3,6.0
CARYSIL,Carysil Limited,Consumer Cyclical,"Furnishings, Fixtures & Appliances",3411.0,Small-Cap,MonthlyStage2,Stage Change,1.0,24,10-EMA=945 | 30-EMA=836 | Above by 41.1% | MA turning=Yes,MonthlyCupHandle+MonthlyDoubleBottom+MonthlyStage2,Uptrend,True,True,Tight-Above-MAs,True,Stage2,3,Uptrend,Uptrend,1178.9,835.67,513.87,1002.07,1947.78,2398.89,2954.47,2398.89,103.5,42.6,34.72,24.34,5.61,1.5,20.57,20.0,0.0,1270.5,2,none,17.4,17.8,-1.63,19.0,-0.83,10.63,8.48,13.24,15.87,24.41,54.69,23.16,20.48,48.6,0.15,highly inconsistent earnings,0.46,,1.44,,-36.46,-1.07,41.34,0.0,,1.59,0.04,11.74,0.39,1247.9,732.1,5.5,61.0,37.93,55.33,0.88,0.56,3,13.0,28.5,7.0,10.0,58.5,WATCH ⭐⭐,Expected ~43% CAGR (2yr) | Revenue CAGR 16% | Profit CAGR 23% | Margin compressing ↓ ⚠️ | PEG 1.50 — fair value | EV/EBITDA 21× vs sector 25×,Margin compression ↓,3-4 years,Medium-High,"yfinance, screener.in",100,66,,2026-06-27,2026-06-01,26,28.2,3,8.0
PGHL,Procter & Gamble Health Limited,Healthcare,Drug Manufacturers - Specialty & Generic,10365.0,Mid-Cap,MonthlyStage2,Stage Change,0.318,24,10-EMA=5273 | 30-EMA=5097 | Above by 4.8% | MA turning=Yes,MonthlyDoubleBottom+MonthlyStage2,Sideways,False,False,Below-MAs,True,Stage2,5,Uptrend,Uptrend,5340.5,5097.17,4739.86,4539.43,13654.32,21109.58,32635.41,21109.58,295.3,98.8,31.75,22.37,19.76,0.58,22.31,248.0,18.98,7535.0,1,none,61.59,,,34.94,,23.22,33.1,19.1,,,54.6,,,54.6,0.5,insufficient history,0.02,,2.18,,292.48,2.82,51.82,0.0,,6.2,-0.77,13.67,-0.17,6739.0,4707.0,20.8,13.5,1.93,-9.25,0.6,0.24,5,36.0,11.32,8.0,3.0,58.3,WATCH ⭐⭐,Expected ~99% CAGR (2yr) | Revenue CAGR 19% | Profit CAGR 55% | ROE 62% | Nearly debt-free | Promoter 52% holding,None identified,3-4 years,Medium-High,"yfinance, screener.in",70,287,,2026-06-27,2026-06-01,26,0.0,3,0.0
WEALTH,Wealth First Portfolio Managers Limited,Financial Services,Capital Markets,1035.0,Small-Cap,MonthlyDoubleBottom,Forming,0.757,9,Sep 9mo | Mid rally 78% | Asymmetry 2%,MonthlyDoubleBottom+MonthlyStage2,Sideways,False,False,Below-MAs,True,Stage2,12,Uptrend,Uptrend,902.1,1388.83,771.33,766.78,1016.47,2006.33,1977.8,1417.88,122.4,49.1,26.74,,6.88,0.68,,165.0,10.06,,0,none,27.7,34.6,-0.91,72.0,0.49,54.41,24.22,13.33,32.85,22.16,11.76,39.49,23.93,,0.15,highly inconsistent earnings,,,5.79,,,,74.04,0.0,,0.04,,0.11,0.01,1387.95,774.95,35.0,16.4,-18.77,146.88,0.12,-0.25,5,37.0,15.08,6.0,0.0,58.1,WATCH ⭐⭐,Expected ~49% CAGR (2yr) | Revenue CAGR 33% | Profit CAGR 39% | ROE 28% | ROCE 35% | Promoter 74% holding,Pattern still forming (not broken out),3-4 years,Medium-High,"yfinance, screener.in",80,111,,2026-06-27,2026-06-01,26,0.0,3,2.0
RAMCOSYS,Ramco Systems Limited,Technology,Software - Application,2094.0,Small-Cap,MonthlyDoubleBottom,Forming,1.0,22,Sep 22mo | Mid rally 109% | Asymmetry 9%,,Sideways,False,False,Below-MAs,True,Downtrend,0,Uptrend,Uptrend,394.35,572.4,262.65,335.2,358.13,882.15,654.53,484.15,123.7,49.6,50.02,25.44,5.95,1.42,14.93,0.0,,600.0,1,none,18.0,19.3,0.49,23.0,0.34,5.97,5.13,18.61,12.53,2.29,223.53,35.19,30.73,371.8,0.2,multiple loss years in history,0.12,,1.02,,56.51,2.7,55.69,2.66,,10.02,0.07,2.03,-3.75,682.35,342.1,42.2,15.3,4.31,31.78,0.23,0.65,6,31.0,18.0,7.0,2.0,58.0,WATCH ⭐⭐,Expected ~50% CAGR (2yr) | Profit CAGR 35% | ROCE trend rising ↑ | Low D/E 0.12 | Promoter 56% holding | Promoters buying ↑,High PE 50 | Pattern still forming (not broken out),3-4 years,Medium-High,"yfinance, screener.in",100,286,,2026-06-27,2026-06-01,26,0.0,3,-2.0
APARINDS,APAR Industries Limited,Industrials,Electrical Equipment & Parts,65404.0,Large-Cap,MonthlyDoubleBottom,Forming,0.535,45,Sep 45mo | Mid rally 63% | Asymmetry 10%,,Uptrend,True,True,Tight-Above-MAs,True,Stage2,4,Uptrend,Uptrend,15221.0,837.93,488.3,12937.85,8529.46,11317.49,11331.27,9831.06,,,67.11,44.58,12.13,4.4,34.96,31.0,50.37,13547.14,7,none,20.2,31.1,1.6,8.0,0.43,4.27,8.58,23.25,16.9,29.09,19.0,15.26,43.6,1.4,0.15,highly inconsistent earnings,0.18,,1.45,,-593.28,-0.91,57.77,0.0,,9.38,0.03,24.15,0.95,16686.0,6801.0,8.8,123.8,76.51,292.22,1.0,0.04,5,26.0,22.92,-1.0,10.0,57.9,WATCH ⭐⭐,Revenue CAGR 17% | ROE 20% | ROCE 31% | ROCE trend rising ↑ | Low D/E 0.18 | Promoter 58% holding,High PE 67 | Pattern still forming (not broken out),3-4 years,Medium-High,"yfinance, screener.in",100,264,,2026-06-27,2026-06-01,26,23.5,3,1.0
DPABHUSHAN,D. P. Abhushan Limited,Consumer Cyclical,Luxury Goods,2096.0,Small-Cap,MonthlyDoubleBottom,Forming,0.47,7,Sep 7mo | Mid rally 55% | Asymmetry 8%,,Downtrend,False,False,Below-MAs,False,Stage2,3,Uptrend,Uptrend,897.4,1927.0,1189.25,1129.79,11055.99,22454.72,45605.54,22454.72,2402.2,400.2,9.89,,3.31,0.1,7.79,0.0,0.0,,0,none,34.5,24.4,2.0,4.0,0.0,5.21,18.54,42.22,,,51.85,,,101.2,1.0,steady compounder (low CV),0.48,,2.14,,-154.9,-7.39,74.89,0.01,,0.32,0.1,0.0,0.0,1729.6,866.1,48.1,3.6,-41.38,229.58,0.31,-0.5,4,36.0,8.64,13.0,0.0,57.6,WATCH ⭐⭐,Expected ~400% CAGR (2yr) | Revenue CAGR 86% | Profit CAGR 103% | ROE 34% | ROCE 24% | ROCE trend rising ↑,Pattern still forming (not broken out),3-4 years,Medium-High,"yfinance, screener.in",80,105,,2026-06-27,2026-06-01,26,0.9,3,1.0
AEROFLEX,Aeroflex Industries Limited,Industrials,Metal Fabrication,6712.0,Small-Cap,MonthlyStage2,Stage Change,1.0,24,10-EMA=289 | 30-EMA=221 | Above by 102.5% | MA turning=Yes,MonthlyDoubleBottom+MonthlyStage2,Uptrend,True,False,Uptrend,True,Stage2,4,Uptrend,Uptrend,448.1,221.3,156.39,380.88,166.81,286.21,252.9,205.4,,,119.07,55.74,14.71,5.15,65.34,6.0,20.0,410.0,1,none,14.1,18.8,-1.14,23.0,1.09,12.56,9.29,17.55,18.0,25.14,5.66,23.13,56.32,57.0,0.15,highly inconsistent earnings,0.02,,2.92,,-13.92,-0.21,65.47,-1.52,,1.49,0.5,3.8,0.25,518.85,158.0,13.6,183.6,142.02,,0.48,0.84,5,22.0,26.5,-1.0,10.0,57.5,WATCH ⭐⭐,Revenue CAGR 18% | Profit CAGR 23% | Nearly debt-free | Promoter 65% holding | Piotroski F=5 (above average quality) | Dividend growing 20%/yr,High PE 119,3-4 years,Medium-High,"yfinance, screener.in",100,35,,2026-06-27,2026-06-01,26,17.4,3,-1.5
ANANTRAJ,Anant Raj Limited,Real Estate,Real Estate - Development,18721.0,Mid-Cap,MonthlyDoubleBottom,Forming,1.0,33,Sep 33mo | Mid rally 367% | Asymmetry 4%,MonthlyDoubleBottom+MonthlyStage2,Sideways,False,False,Below-MAs,True,Stage2,3,Uptrend,Uptrend,534.75,61.14,12.85,454.54,908.04,1132.23,2187.21,1409.28,111.7,45.5,32.9,18.22,3.15,0.6,27.52,14.0,82.55,716.67,3,none,11.2,12.1,2.43,26.0,2.46,22.09,6.27,21.94,37.94,58.64,30.75,55.2,128.2,23.3,0.15,highly inconsistent earnings,0.12,,9.76,,-281.85,-1.51,57.41,0.0,,10.88,-0.26,4.83,-0.37,743.65,403.0,28.1,32.7,-0.55,146.3,0.74,0.37,5,30.0,19.5,8.0,0.0,57.5,WATCH ⭐⭐,Expected ~46% CAGR (2yr) | Revenue CAGR 38% | Profit CAGR 55% | ROCE trend rising ↑ | Low D/E 0.12 | Promoter 57% holding,Pattern still forming (not broken out),3-4 years,Medium-High,"yfinance, screener.in",100,238,,2026-06-27,2026-06-01,26,10.8,3,-1.0
J&KBANK,Jammu and Kashmir Bank Limited,Financial Services,Banks - Regional,18011.0,Mid-Cap,MonthlyDoubleBottom,Forming,1.0,14,Sep 14mo | Mid rally 109% | Asymmetry 6%,MonthlyCupHandle+MonthlyDoubleBottom,Uptrend,True,False,Uptrend,True,Stage2,12,Uptrend,Uptrend,133.32,46.14,21.49,113.32,475.26,598.63,754.04,598.63,349.0,111.9,7.63,7.02,1.09,0.29,,131.0,64.5,198.0,1,none,15.4,5.84,,23.3,,34.68,1.32,4.86,12.02,10.15,13.35,25.96,40.7,,0.15,highly inconsistent earnings,,,,,,,59.4,0.0,,8.35,0.21,6.0,0.16,167.15,97.35,20.2,36.9,25.18,107.4,0.79,0.48,2,15.0,25.5,9.0,8.0,57.5,WATCH ⭐⭐,Expected ~112% CAGR (2yr) | Profit CAGR 26% | Promoter 59% holding | Dividend growing 64%/yr | PEG 0.29 — deeply undervalued | MonthlyDoubleBottom forming (14mo base),Pattern still forming (not broken out),3-4 years,Medium-High,"yfinance, screener.in",80,286,,2026-06-27,2026-06-01,26,0.0,3,-1.0
REMSONSIND,Remsons Industries Limited,Consumer Cyclical,Auto Parts,300.0,Micro-Cap,MonthlyDoubleBottom,Forming,1.0,15,Sep 15mo | Mid rally 598% | Asymmetry 8%,,Downtrend,False,False,Below-MAs,False,Stage2,3,Uptrend,Uptrend,99.14,25.13,3.46,84.27,446.65,616.16,849.99,616.16,521.5,149.3,16.53,,2.0,0.44,6.96,58.0,-12.64,,0,none,13.5,15.5,0.5,11.0,1.31,3.81,6.88,24.4,14.43,15.72,23.53,37.95,39.33,14.7,0.75,consistent growth,0.63,,1.31,,20.8,6.93,65.53,-0.71,,2.33,-1.06,1.22,0.09,157.0,77.15,36.9,28.5,-20.04,93.36,0.44,,6,30.0,15.5,12.0,0.0,57.5,WATCH ⭐⭐,Expected ~149% CAGR (2yr) | Profit CAGR 38% | ROCE trend rising ↑ | Promoter 66% holding | FCF yield 6.9% | EPS: consistent growth,Pattern still forming (not broken out),3-4 years,Medium-High,"yfinance, screener.in",100,287,,2026-06-27,2026-06-01,26,0.0,3,-1.0
TAJGVK,TAJGVK Hotels & Resorts Limited,Consumer Cyclical,Lodging,2122.0,Small-Cap,MonthlyDoubleBottom,Forming,1.0,42,Sep 42mo | Mid rally 115% | Asymmetry 0%,,Sideways,False,False,Below-MAs,True,Stage2,3,Uptrend,Uptrend,308.65,126.81,58.83,262.35,5860.49,9609.44,15756.6,9609.44,3013.4,458.0,5.18,116.71,3.07,0.08,16.14,59.0,60.0,,0,none,18.4,13.2,3.4,30.0,5.29,80.69,6.59,12.89,9.78,40.14,250.43,63.97,71.05,818.6,0.15,highly inconsistent earnings,0.09,,1.26,,-64.46,-3.04,71.0,0.0,,0.32,-0.6,4.02,-0.01,512.65,281.35,39.8,9.7,-16.29,10.1,0.19,0.24,4,26.0,19.5,12.0,0.0,57.5,WATCH ⭐⭐,Expected ~458% CAGR (2yr) | Profit CAGR 64% | ROCE trend rising ↑ | Nearly debt-free | Promoter 71% holding | OPM 30%,Pattern still forming (not broken out),3-4 years,Medium-High,"yfinance, screener.in",100,286,,2026-06-27,2026-06-01,26,0.0,3,0.0
BAJAJCON,Bajaj Consumer Care Limited,Consumer Defensive,Household & Personal Products,8167.0,Mid-Cap,MonthlyDoubleBottom,Forming,0.911,24,Sep 24mo | Mid rally 95% | Asymmetry 4%,,Uptrend,True,False,Uptrend,True,Stage2,15,Uptrend,Uptrend,591.65,288.95,145.42,502.9,603.37,615.32,743.15,669.62,4.0,2.0,44.06,30.32,11.09,4.01,36.13,0.0,-33.06,533.88,8,none,25.3,30.6,-1.54,19.0,-1.57,16.33,13.92,20.73,6.63,4.79,52.0,10.98,-3.15,105.3,0.15,highly inconsistent earnings,0.02,,3.49,,136.45,1.67,42.97,0.0,,16.59,6.89,14.27,-1.48,632.6,168.27,6.5,251.6,169.72,164.05,0.28,0.88,4,22.0,25.43,0.0,10.0,57.4,WATCH ⭐⭐,Expected ~2% CAGR (2yr) | ROE 25% | ROCE 31% | Nearly debt-free | Margin compressing ↓ ⚠️ | FII buying +6.9% ↑,Margin compression ↓ | Pattern still forming (not broken out),3-4 years,Medium-High,"yfinance, screener.in",100,191,,2026-06-27,2026-06-01,26,12.3,3,-5.0
MBAPL,Madhya Bharat Agro Products Limited,Basic Materials,Agricultural Inputs,4933.0,Small-Cap,MonthlyDoubleBottom,Forming,0.328,17,Sep 17mo | Mid rally 39% | Asymmetry 6%,,Uptrend,True,False,Uptrend,True,Stage2,1,Uptrend,Uptrend,530.85,342.81,239.72,451.22,1458.86,6103.86,25538.53,6103.86,1049.8,239.1,32.89,,8.97,0.1,24.34,9.0,25.99,,0,none,31.5,,,9.2,,8.02,9.61,35.2,,,318.4,,,319.3,0.5,insufficient history,1.57,,1.44,,-595.6,-12.07,74.76,0.0,,0.46,0.27,,,585.0,373.15,9.3,42.3,35.3,57.21,0.62,-0.06,2,23.0,17.44,7.0,10.0,57.4,WATCH ⭐⭐,Expected ~239% CAGR (2yr) | Revenue CAGR 35% | Profit CAGR 318% | ROE 32% | Promoter 75% holding | Dividend growing 26%/yr,High D/E 1.6 | Pattern still forming (not broken out),3-4 years,Medium-High,"yfinance, screener.in",70,117,,2026-06-27,2026-06-01,26,0.0,3,2.0
ECLERX,eClerx Services Limited,Technology,Information Technology Services,13221.0,Mid-Cap,MonthlyDoubleBottom,Forming,0.785,10,Sep 10mo | Mid rally 81% | Asymmetry 3%,,Downtrend,False,False,Below-MAs,False,Downtrend,0,Uptrend,Uptrend,1396.0,1938.02,1056.37,1186.6,2609.99,2819.67,3333.87,2949.81,102.0,42.1,19.05,14.41,5.12,1.46,11.86,4.0,14.47,1859.4,10,none,29.0,34.8,0.94,26.0,-1.03,17.15,16.0,22.31,15.85,21.36,30.5,13.02,20.06,24.4,0.4,lumpy earner,0.15,,3.4,,488.99,3.7,54.53,0.72,,11.82,0.43,23.95,-1.36,2497.5,1321.0,44.1,5.7,-21.24,43.0,0.43,0.37,6,35.0,11.42,11.0,0.0,57.4,WATCH ⭐⭐,Expected ~42% CAGR (2yr) | Revenue CAGR 16% | ROE 29% | ROCE 35% | ROCE trend rising ↑ | Low D/E 0.15,Margin compression ↓ | Pattern still forming (not broken out),3-4 years,Medium-High,"yfinance, screener.in",100,223,,2026-06-27,2026-06-01,26,-10.2,3,3.0
HAL,Hindustan Aeronautics Limited,Industrials,Aerospace & Defense,294803.0,Large-Cap,MonthlyCupHandle,Forming,0.946,22,Cup 22mo | Depth 19% | Prior gain 132% | R²=0.97,MonthlyCupHandle+MonthlyStage2,Uptrend,True,False,Below-MAs,False,Stage2,4,Uptrend,Uptrend,4192.3,5084.06,4137.25,3930.39,4968.3,6030.87,6694.56,5767.2,43.9,19.9,32.36,26.41,7.18,2.01,30.58,113.0,25.99,5157.46,24,buy,24.0,32.0,1.43,30.0,1.97,27.55,3.55,6.8,7.11,7.66,8.99,16.08,22.94,5.5,0.4,lumpy earner,0.0,,2.61,,-14431.69,-4.9,71.64,0.0,,10.21,-0.65,10.43,0.75,5065.0,3479.1,17.2,20.5,-1.83,99.09,0.31,0.49,5,31.0,23.35,1.0,2.0,57.4,WATCH ⭐⭐,Expected ~20% CAGR (2yr) | ROE 24% | ROCE 32% | ROCE trend rising ↑ | Nearly debt-free | Promoter 72% holding,Earnings due 2026-08-11 | Pattern still forming (not broken out),3-4 years,Medium-High,"yfinance, screener.in",100,99,2026-08-11,2026-06-27,2026-06-01,26,-3.3,3,4.1
KALYANKJIL,Kalyan Jewellers India Limited,Consumer Cyclical,Luxury Goods,39606.0,Large-Cap,MonthlyDoubleBottom,Forming,1.0,23,Sep 23mo | Mid rally 138% | Asymmetry 8%,,Downtrend,False,False,Below-MAs,False,Stage2,3,Uptrend,Uptrend,344.15,793.08,320.29,304.28,993.99,1453.22,2124.61,1453.22,322.3,105.5,29.41,20.46,6.27,0.64,19.85,39.0,25.0,664.44,0,none,24.8,20.5,2.46,7.0,-0.2,3.78,7.21,42.72,36.44,33.05,89.08,46.2,56.89,118.3,0.4,lumpy earner,0.97,,1.3,,-515.68,-1.3,62.86,0.11,,14.55,0.44,14.13,-1.1,617.7,327.05,44.3,5.2,-30.19,113.22,1.57,-0.04,4,32.0,16.0,9.0,0.0,57.0,WATCH ⭐⭐,Expected ~106% CAGR (2yr) | Revenue CAGR 36% | Profit CAGR 46% | ROE 25% | ROCE 20% | ROCE trend rising ↑,Pattern still forming (not broken out),3-4 years,Medium-High,"yfinance, screener.in",100,63,,2026-06-27,2026-06-01,26,0.0,3,0.0
ABSLAMC,ADIT BIRL SUN LIF AMC LTD,Financial Services,Asset Management,34143.0,Large-Cap,None,,0.0,0,,,Uptrend,True,False,Uptrend,True,Stage2,12,Uptrend,Uptrend,1101.2,,,936.02,798.84,1014.9,1109.1,941.27,,,35.08,26.53,8.43,1.97,25.79,203.0,60.09,1125.36,14,none,25.2,32.2,-2.57,60.0,-0.14,47.34,18.66,-6.91,11.0,8.95,4.73,17.83,13.14,-18.0,0.15,highly inconsistent earnings,0.02,,1.2,,882.22,2.58,74.82,0.0,,5.75,-0.3,11.55,0.76,1189.0,708.0,7.4,55.5,36.47,165.65,,0.34,4,32.0,13.0,2.0,10.0,57.0,WATCH ⭐⭐,ROE 25% | ROCE 32% | Nearly debt-free | Promoter 75% holding | OPM 60% | DII buying +0.8% ↑,None identified,3-4 years,Medium-High,"yfinance, screener.in",100,57,,2026-06-27,2026-06-01,26,6.2,3,2.0
GUFICBIO,Gufic Biosciences Limited,Healthcare,Drug Manufacturers - Specialty & Generic,3563.0,Small-Cap,MonthlyDoubleBottom,Breakout Ready,1.0,18,Sep 18mo | Mid rally 156% | Asymmetry 6%,MonthlyDoubleBottom+MonthlyStage2,Uptrend,True,True,Constructive,True,Stage2,5,Uptrend,Uptrend,371.25,163.33,61.79,315.56,992.5,2809.78,7954.49,2809.78,656.8,175.1,55.59,,5.37,0.3,25.75,3.0,0.0,,0,none,10.1,12.3,-1.0,16.0,-1.5,6.8,6.0,15.12,,,-8.57,,,183.6,0.4,lumpy earner,0.61,,1.55,,-33.97,-0.95,72.5,0.0,,0.42,-0.02,3.83,0.09,407.85,268.0,9.0,38.5,-1.86,25.02,2.11,-0.02,4,20.0,27.0,8.0,2.0,57.0,WATCH ⭐⭐,Expected ~175% CAGR (2yr) | Revenue CAGR 23% | Profit CAGR 183% | Promoter 72% holding | Margin compressing ↓ ⚠️ | PEG 0.30 — deeply undervalued,High PE 56 | Margin compression ↓,3-4 years,Medium-High,"yfinance, screener.in",80,261,,2026-06-27,2026-06-15,12,0.0,1,3.0
KINGFA,Kingfa Science & Technology (India) Limited,Basic Materials,Specialty Chemicals,6992.0,Small-Cap,MonthlyDoubleBottom,Forming,0.482,10,Sep 10mo | Mid rally 51% | Asymmetry 3%,,Uptrend,True,False,Tight-Above-MAs,True,Stage2,1,Uptrend,Uptrend,5225.4,812.66,529.48,4441.59,3974.08,5015.29,6329.3,5015.29,,,35.84,,5.0,1.37,23.93,,100.0,,0,none,17.41,,,14.75,,9.28,10.61,23.2,,,26.2,,,41.2,0.5,insufficient history,0.01,,4.06,,-101.63,-1.45,67.02,0.0,,7.76,0.02,8.85,0.1,5699.4,3023.9,8.3,72.8,59.17,132.74,0.74,0.62,4,25.0,20.78,3.0,8.0,56.8,WATCH ⭐⭐,Revenue CAGR 23% | Profit CAGR 26% | Nearly debt-free | Promoter 67% holding | Dividend growing 100%/yr | PEG 1.37 — fair value,Pattern still forming (not broken out),3-4 years,Medium-High,"yfinance, screener.in",70,197,,2026-06-27,2026-06-01,26,0.0,3,11.0
NAVINFLUOR,Navin Fluorine International Limited,Basic Materials,Chemicals,38431.0,Large-Cap,MonthlyDoubleBottom,Forming,0.472,19,Sep 19mo | Mid rally 47% | Asymmetry 0%,,Uptrend,True,True,Tight-Above-MAs,True,Stage2,1,Uptrend,Uptrend,7075.5,4902.73,3318.97,6014.18,3217.24,6486.49,4708.81,3892.22,,,57.47,39.79,9.66,2.74,35.46,20.0,-16.93,7316.0,28,buy,20.3,21.4,-1.0,33.0,0.71,20.02,10.4,41.08,16.85,22.96,129.76,20.98,20.81,123.9,0.15,highly inconsistent earnings,0.32,,2.61,,56.74,0.15,27.1,-0.01,,23.78,0.04,27.61,-0.48,7573.0,4498.5,6.6,57.3,54.88,35.96,0.6,0.26,6,25.0,21.66,0.0,10.0,56.7,WATCH ⭐⭐,Revenue CAGR 17% | Profit CAGR 21% | ROE 20% | ROCE 21% | OPM 33% | Piotroski F=6 (above average quality),High PE 57 | Earnings due 2026-07-30 | Pattern still forming (not broken out),3-4 years,Medium-High,"yfinance, screener.in",100,228,2026-07-30,2026-06-27,2026-06-01,26,0.0,3,2.0
CCL,CCL Products (India) Limited,Consumer Defensive,Packaged Foods,15163.0,Mid-Cap,MonthlyDoubleBottom,Breakout Ready,0.645,9,Sep 9mo | Mid rally 66% | Asymmetry 1%,,Uptrend,True,True,Tight-Above-MAs,True,Stage2,15,Uptrend,Uptrend,1129.3,226.87,136.34,959.9,1298.33,1376.3,1598.51,1440.62,21.9,10.4,39.07,24.18,6.46,3.56,21.92,68.0,-20.63,1279.82,11,buy,18.0,15.8,-0.51,16.0,-1.63,8.69,8.6,43.5,29.11,29.12,25.16,10.96,16.35,12.4,0.15,highly inconsistent earnings,0.56,,1.49,,562.47,3.71,46.11,0.0,,11.24,0.23,21.43,-0.1,1236.2,779.95,8.6,44.8,38.17,67.6,1.76,-0.06,4,19.0,25.74,4.0,8.0,56.7,WATCH ⭐⭐,Expected ~10% CAGR (2yr) | Revenue CAGR 29% | Margin compressing ↓ ⚠️ | FCF yield 3.7% | EV/EBITDA 22× vs sector 30× | MonthlyDoubleBottom — Breakout Ready,Margin compression ↓,3-4 years,Medium-High,"yfinance, screener.in",100,265,,2026-06-27,2026-06-01,26,3.7,3,8.0
ARIES,Aries Agro Limited,Basic Materials,Agricultural Inputs,427.0,Micro-Cap,MonthlyDoubleBottom,Forming,1.0,38,Sep 38mo | Mid rally 244% | Asymmetry 6%,,Downtrend,False,False,Below-MAs,False,Stage2,1,Uptrend,Uptrend,336.35,269.12,76.07,285.9,1006.2,1388.05,1914.81,1388.05,312.7,103.1,9.96,,1.28,0.26,5.75,37.0,14.47,,0,none,13.7,21.2,1.46,12.0,-0.4,5.79,6.69,21.06,16.85,14.6,27.27,37.95,21.29,,0.15,highly inconsistent earnings,0.17,,1.69,,-7.01,-1.64,52.66,0.0,,3.25,0.34,0.0,0.0,459.9,285.35,26.9,17.9,-9.05,78.04,0.16,-0.07,5,27.0,16.5,13.0,0.0,56.5,WATCH ⭐⭐,Expected ~103% CAGR (2yr) | Revenue CAGR 17% | Profit CAGR 38% | ROCE 21% | ROCE trend rising ↑ | Low D/E 0.17,Pattern still forming (not broken out),3-4 years,Medium-High,"yfinance, screener.in",100,222,,2026-06-27,2026-06-01,26,-5.6,3,-2.0
JKIL,J. Kumar Infraprojects Limited,Industrials,Engineering & Construction,3785.0,Small-Cap,MonthlyDoubleBottom,Forming,1.0,30,Sep 30mo | Mid rally 260% | Asymmetry 2%,,Sideways,False,False,Below-MAs,True,Stage2,4,Uptrend,Uptrend,482.75,348.95,96.02,410.34,1721.56,1447.91,2167.25,1931.59,199.9,73.2,9.78,7.15,1.12,0.8,4.48,80.0,10.06,722.4,5,strong_buy,12.4,18.4,1.7,14.0,-0.37,6.75,6.61,0.53,10.84,30.57,-1.02,12.2,32.16,-4.0,0.15,highly inconsistent earnings,0.18,,1.62,,454.64,12.01,46.64,0.0,,12.55,-0.18,15.16,-0.1,758.4,425.0,36.3,13.6,-24.98,41.06,0.34,0.23,6,22.0,19.5,15.0,0.0,56.5,WATCH ⭐⭐,Expected ~73% CAGR (2yr) | ROCE trend rising ↑ | Low D/E 0.18 | FCF yield 12.0% | Piotroski F=6 (above average quality) | Dividend growing 10%/yr,Pattern still forming (not broken out),3-4 years,Medium-High,"yfinance, screener.in",100,220,,2026-06-27,2026-06-01,26,0.0,3,0.0
PARAGMILK,Parag Milk Foods Limited,Consumer Defensive,Packaged Foods,2905.0,Small-Cap,MonthlyDoubleBottom,Forming,1.0,26,Sep 26mo | Mid rally 106% | Asymmetry 6%,MonthlyDoubleBottom+MonthlyStage2,Sideways,False,False,Below-MAs,True,Stage2,15,Uptrend,Uptrend,214.03,376.95,177.84,181.93,716.32,978.28,1336.04,978.28,357.1,113.8,21.74,14.44,2.27,0.59,11.15,44.0,30.0,275.0,2,none,12.3,13.5,5.6,7.0,2.46,3.54,6.94,11.25,9.69,15.69,13.45,36.57,7.51,23.0,0.4,lumpy earner,0.48,,1.71,,130.83,4.5,40.65,0.0,,8.77,-0.49,5.25,-0.91,376.95,177.84,43.2,20.3,4.54,23.76,0.34,0.51,6,26.0,19.5,10.0,1.0,56.5,WATCH ⭐⭐,Expected ~114% CAGR (2yr) | Profit CAGR 37% | ROCE trend rising ↑ | FCF yield 4.5% | Piotroski F=6 (above average quality) | Dividend growing 30%/yr,Pattern still forming (not broken out),3-4 years,Medium-High,"yfinance, screener.in",100,121,,2026-06-27,2026-06-01,26,0.0,3,0.0
ELECON,Elecon Engineering Company Limited,Industrials,Specialty Industrial Machinery,12096.0,Mid-Cap,MonthlyDoubleBottom,Forming,1.0,17,Sep 17mo | Mid rally 125% | Asymmetry 0%,MonthlyDoubleBottom+MonthlyStage2,Uptrend,True,False,Tight-Above-MAs,True,Stage2,4,Uptrend,Uptrend,536.85,45.39,20.17,456.32,535.38,603.58,680.48,603.58,12.4,6.0,35.46,22.0,5.2,2.78,21.88,37.0,0.0,525.5,2,strong_buy,16.4,20.9,2.54,22.0,0.97,14.42,8.78,6.24,15.64,17.78,-17.83,12.74,42.52,-95.9,0.15,highly inconsistent earnings,0.12,,2.94,,161.23,1.33,59.28,0.0,,7.13,-0.96,5.67,1.19,683.0,352.0,21.4,52.5,-1.15,23.11,0.48,0.49,7,28.0,27.5,0.0,1.0,56.5,WATCH ⭐⭐,Expected ~6% CAGR (2yr) | Revenue CAGR 16% | ROCE 21% | ROCE trend rising ↑ | Low D/E 0.12 | Promoter 59% holding,Pattern still forming (not broken out),3-4 years,Medium-High,"yfinance, screener.in",100,238,,2026-06-27,2026-06-01,26,10.7,3,6.0
SBIN,State Bank of India,Financial Services,Banks - Regional,955461.0,Large-Cap,MonthlyDoubleBottom,Forming,1.0,24,Sep 24mo | Mid rally 179% | Asymmetry 8%,,Uptrend,True,False,Tight-Above-MAs,True,Stage2,12,Uptrend,Uptrend,1025.55,190.51,65.77,871.72,2234.31,2013.08,2928.72,2558.06,96.3,40.1,11.35,10.13,1.61,0.78,,168.0,15.36,1195.61,38,strong_buy,15.4,6.13,,28.96,,22.11,1.11,5.02,13.64,13.11,7.63,14.49,29.4,0.2,0.4,lumpy earner,,,,,,,55.52,0.02,,11.41,1.07,26.11,-0.93,1234.7,786.55,16.9,30.4,35.69,55.01,0.73,0.37,2,13.0,28.5,8.0,7.0,56.5,WATCH ⭐⭐,Expected ~40% CAGR (2yr) | Promoter 56% holding | OPM 29% | FII buying +1.1% ↑ | Dividend growing 15%/yr | PEG 0.78 — undervalued,Earnings due 2026-08-06 | Pattern still forming (not broken out),3-4 years,Medium-High,"yfinance, screener.in",80,366,2026-08-06,2026-06-27,2026-06-01,26,8.1,3,12.0
HARIOMPIPE,Hariom Pipe Industries Limited,Basic Materials,Steel,1286.0,Small-Cap,MonthlyDoubleBottom,Forming,0.698,8,Sep 8mo | Mid rally 75% | Asymmetry 5%,,Sideways-Above-MA,True,False,Constructive,True,Stage2,1,Uptrend,Uptrend,408.2,571.56,319.99,346.97,906.92,1583.49,2764.77,1583.49,287.9,97.0,16.97,,1.99,0.23,8.07,15.0,1.67,,0,none,12.4,15.7,2.0,13.0,1.5,4.54,7.46,3.93,,,22.58,,,74.6,0.75,consistent growth,0.62,,1.68,,-33.97,-2.64,57.27,0.0,,9.5,0.27,0.06,0.01,572.2,268.05,28.7,52.3,-4.71,-48.99,0.68,0.7,6,28.0,17.38,11.0,0.0,56.4,WATCH ⭐⭐,Expected ~97% CAGR (2yr) | Revenue CAGR 27% | Profit CAGR 75% | ROCE trend rising ↑ | Promoter 57% holding | EPS: consistent growth,Pattern still forming (not broken out),3-4 years,Medium-High,"yfinance, screener.in",80,51,,2026-06-27,2026-06-01,26,30.5,3,0.0
TRENT,Trent Limited,Consumer Cyclical,Apparel Retail,170944.0,Large-Cap,MonthlyDoubleBottom,Forming,0.852,10,Sep 10mo | Mid rally 92% | Asymmetry 7%,,Sideways,False,False,Below-MAs,True,Stage2,3,Uptrend,Uptrend,4069.6,8337.78,4192.37,3982.75,4031.64,12483.19,10773.52,6590.52,206.7,75.1,99.01,63.88,24.47,1.56,62.44,12.0,39.71,3145.77,25,buy,27.7,28.3,6.26,19.0,2.46,8.57,13.71,17.15,34.54,50.58,12.19,63.47,74.62,25.8,0.15,highly inconsistent earnings,0.36,,1.26,,997.66,0.58,37.01,0.0,,15.59,-0.03,22.19,0.82,6261.0,2183.67,35.0,86.4,-26.77,108.33,0.38,0.35,6,39.0,16.22,1.0,0.0,56.2,WATCH ⭐⭐,Expected ~75% CAGR (2yr) | Revenue CAGR 35% | Profit CAGR 63% | ROE 28% | ROCE 28% | ROCE trend rising ↑,High PE 99 | Earnings due 2026-04-22 | Pattern still forming (not broken out),3-4 years,Medium-High,"yfinance, screener.in",100,287,2026-04-22,2026-06-27,2026-06-01,26,0.0,3,-4.0
SWARAJENG,Swaraj Engines Limited,Consumer Cyclical,Auto Parts,4772.0,Small-Cap,MonthlyDoubleBottom,Forming,0.479,13,Sep 13mo | Mid rally 53% | Asymmetry 6%,,Uptrend,True,False,Below-MAs,True,Stage2,3,Uptrend,Uptrend,3711.9,1662.58,1054.07,3155.11,8253.99,9913.05,11905.57,9913.05,167.1,63.4,24.33,21.77,9.76,1.21,17.02,280.0,9.31,4629.5,2,none,43.23,,,12.75,,9.78,21.51,20.2,,,20.1,,,20.1,0.5,insufficient history,0.0,,2.06,,1.77,0.04,52.11,-0.01,,2.82,-0.33,9.09,-0.65,4720.0,3301.3,21.4,12.4,4.13,69.45,0.24,0.37,5,29.0,17.25,8.0,2.0,56.2,WATCH ⭐⭐,Expected ~63% CAGR (2yr) | Revenue CAGR 20% | Profit CAGR 20% | ROE 43% | Nearly debt-free | Promoter 52% holding,Pattern still forming (not broken out),3-4 years,Medium-High,"yfinance, screener.in",70,287,,2026-06-27,2026-06-01,26,0.0,3,0.0
SAMHI,SAMHI Hotels Limited,Consumer Cyclical,Lodging,3905.0,Small-Cap,MonthlyDoubleBottom,Forming,1.0,11,Sep 11mo | Mid rally 105% | Asymmetry 5%,,Sideways,False,False,Below-MAs,True,Stage2,3,Uptrend,Uptrend,169.1,254.5,121.1,143.73,8009.29,26025.82,233205.12,43218.15,15290.8,1140.6,6.84,13.69,2.56,0.02,17.02,0.0,,237.33,6,none,24.8,8.92,3.51,35.0,13.49,40.31,4.69,10.44,19.08,48.99,559.3,,,671.1,0.2,multiple loss years in history,0.81,,0.81,,-99.3,-2.54,,,,44.28,0.14,16.39,-1.68,254.5,127.0,33.6,33.1,-20.56,,0.33,0.89,5,22.0,18.0,16.0,0.0,56.0,WATCH ⭐⭐,Expected ~1141% CAGR (2yr) | Revenue CAGR 19% | Profit CAGR 440% | ROE 25% | ROCE trend rising ↑ | OPM 35%,Pattern still forming (not broken out),3-4 years,Medium-High,"yfinance, screener.in",80,34,,2026-06-27,2026-06-01,26,17.9,3,-1.0
KRISHANA,Krishana Phoschem Limited,Basic Materials,Agricultural Inputs,4201.0,Small-Cap,None,,0.0,0,,,Uptrend,True,False,Tight-Above-MAs,True,Stage2,1,Uptrend,Uptrend,681.7,,,579.45,1598.78,4046.51,10241.71,4046.51,493.6,143.6,23.31,,7.49,0.15,16.38,7.0,25.99,,0,none,38.15,,,10.9,,7.45,12.4,59.8,,,153.1,,,152.8,0.5,insufficient history,1.31,,1.36,,-379.97,-9.04,72.94,0.68,,0.26,0.06,,,718.5,411.95,5.1,65.5,44.43,185.63,,0.02,2,26.0,15.0,7.0,8.0,56.0,WATCH ⭐⭐,Expected ~144% CAGR (2yr) | Revenue CAGR 60% | Profit CAGR 153% | ROE 38% | Promoter 73% holding | Dividend growing 26%/yr,High D/E 1.3,3-4 years,Medium-High,"yfinance, screener.in",70,112,,2026-06-27,2026-06-01,26,0.0,3,0.0
FIVESTAR,Five-Star Business Finance Limited,Financial Services,Credit Services,15333.0,Mid-Cap,MonthlyDoubleBottom,Forming,0.876,30,Sep 30mo | Mid rally 89% | Asymmetry 1%,,Sideways-Above-MA,True,False,Below-MAs,True,Stage2,12,Uptrend,Uptrend,439.15,940.49,494.39,469.67,1522.13,2296.1,7625.84,3406.98,422.9,128.7,13.95,10.6,2.07,0.11,,39.0,,629.78,9,strong_buy,16.0,17.0,,60.51,,48.52,7.27,103.48,104.25,,196.23,123.83,,-3.5,0.4,lumpy earner,1.11,,329.68,,,,18.61,0.05,,48.48,-4.47,17.58,2.84,795.0,338.15,44.8,29.9,-21.16,-59.43,0.32,0.68,3,24.0,20.01,12.0,0.0,56.0,WATCH ⭐⭐,Expected ~129% CAGR (2yr) | Revenue CAGR 104% | Profit CAGR 124% | OPM 61% | DII buying +2.8% ↑ | PEG 0.11 — deeply undervalued,High D/E 1.1 | Pattern still forming (not broken out),3-4 years,Medium-High,"yfinance, screener.in",90,44,,2026-06-27,2026-06-01,26,-3.1,3,3.0
GULFOILLUB,Gulf Oil Lubricants India Limited,Basic Materials,Specialty Chemicals,5084.0,Small-Cap,MonthlyDoubleBottom,Forming,0.335,9,Sep 9mo | Mid rally 35% | Asymmetry 1%,,Sideways-Above-MA,True,True,Constructive,True,Stage2,1,Uptrend,Uptrend,939.35,752.98,553.73,798.45,1648.96,1761.51,2148.25,1882.12,87.5,36.9,14.04,10.2,3.3,0.99,8.81,409.0,-5.65,1580.6,5,none,24.3,26.2,1.0,13.0,0.2,8.57,9.63,11.7,10.59,,-3.36,14.14,,-2.6,0.15,highly inconsistent earnings,0.36,,1.85,,232.22,4.57,67.01,-0.1,,8.91,-0.31,8.17,0.04,1331.9,865.0,29.5,8.6,-14.48,83.51,0.71,0.62,7,29.0,13.02,13.0,1.0,56.0,WATCH ⭐⭐,Expected ~37% CAGR (2yr) | ROE 24% | ROCE 26% | ROCE trend rising ↑ | Promoter 67% holding | FCF yield 4.6%,Pattern still forming (not broken out),3-4 years,Medium-High,"yfinance, screener.in",100,144,,2026-06-27,2026-06-01,26,3.7,3,4.0
FMGOETZE,Federal-Mogul Goetze (India) Limited,Consumer Cyclical,Auto Parts,2526.0,Small-Cap,MonthlyDoubleBottom,Forming,1.0,8,Sep 8mo | Mid rally 123% | Asymmetry 3%,MonthlyDoubleBottom+MonthlyStage2,Sideways-Above-MA,True,False,Below-MAs,True,Stage2,3,Uptrend,Uptrend,445.5,539.95,238.3,378.68,1578.65,1870.55,2216.41,1870.55,319.9,104.9,14.79,,1.76,0.8,5.87,0.0,58.74,,0,none,13.5,18.5,2.77,15.0,0.8,8.71,7.12,8.78,6.22,12.08,4.71,18.49,104.31,-17.3,0.15,highly inconsistent earnings,0.0,,2.98,,184.46,7.3,74.98,0.0,,0.38,-0.16,0.49,0.05,622.0,358.0,28.4,24.4,-17.9,3.84,0.27,0.07,6,26.0,20.0,10.0,0.0,56.0,WATCH ⭐⭐,Expected ~105% CAGR (2yr) | ROCE trend rising ↑ | Nearly debt-free | Promoter 75% holding | FCF yield 7.3% | Piotroski F=6 (above average quality),Pattern still forming (not broken out),3-4 years,Medium-High,"yfinance, screener.in",100,288,,2026-06-27,2026-06-01,26,-1.5,3,5.0
SPLPETRO,Supreme Petrochem Limited,Basic Materials,Specialty Chemicals,14108.0,Mid-Cap,MonthlyCupHandle,Forming,0.9,21,Cup 21mo | Depth 26% | Prior gain 33% | R²=0.98,MonthlyCupHandle+MonthlyDoubleBottom+MonthlyStage2,Sideways-Above-MA,True,False,Constructive,False,Stage2,1,Uptrend,Uptrend,707.95,898.69,663.01,629.86,865.73,2103.63,5111.6,2103.63,197.1,72.4,42.92,30.5,5.93,0.3,26.53,140.0,-5.9,791.5,2,none,14.2,,3.1,10.0,1.31,6.09,8.12,235.15,53.9,30.43,450.0,142.99,80.97,57.7,0.15,highly inconsistent earnings,0.06,,2.01,,-19.9,-0.14,64.24,0.0,,3.69,-0.01,4.24,0.28,979.0,462.3,27.7,53.1,-4.21,44.82,0.21,-0.04,6,27.0,20.8,7.0,1.0,55.8,WATCH ⭐⭐,Expected ~72% CAGR (2yr) | Revenue CAGR 54% | Profit CAGR 143% | ROCE trend rising ↑ | Nearly debt-free | Promoter 64% holding,Pattern still forming (not broken out),3-4 years,Medium-High,"yfinance, screener.in",90,288,,2026-06-27,2026-06-01,26,0.2,3,7.0
GLAXO,GlaxoSmithKline Pharmaceuticals Limited,Healthcare,Drug Manufacturers - General,39505.0,Large-Cap,MonthlyDoubleBottom,Forming,0.802,23,Sep 23mo | Mid rally 82% | Asymmetry 2%,,Sideways,False,True,Below-MAs,True,Stage2,5,Uptrend,Uptrend,2121.5,1511.0,822.17,1803.27,2957.38,3303.73,4204.86,3526.38,55.7,24.8,38.17,30.18,17.42,1.98,28.6,244.0,21.22,2969.75,4,buy,45.6,61.4,5.94,34.0,2.71,27.11,18.5,1.95,5.53,5.49,11.64,19.24,23.68,5.7,0.15,highly inconsistent earnings,0.01,,2.03,,729.34,1.85,75.0,0.0,,4.62,-0.01,7.68,-0.02,3500.0,2088.1,39.4,1.6,-28.29,36.99,0.81,0.05,6,34.0,16.62,5.0,0.0,55.6,WATCH ⭐⭐,Expected ~25% CAGR (2yr) | ROE 46% | ROCE 61% | ROCE trend rising ↑ | Nearly debt-free | Promoter 75% holding,Pattern still forming (not broken out),3-4 years,Medium-High,"yfinance, screener.in",100,288,,2026-06-27,2026-06-01,26,-11.2,3,4.0
MACPOWER,Macpower CNC Machines Limited,Industrials,Specialty Industrial Machinery,1183.0,Small-Cap,MonthlyStage2,Stage Change,1.0,24,10-EMA=990 | 30-EMA=921 | Above by 22.7% | MA turning=Yes,MonthlyDoubleBottom+MonthlyStage2,Uptrend,True,False,Tight-Above-MAs,True,Stage2,4,Uptrend,Uptrend,1130.1,920.81,744.29,960.58,1275.88,1496.61,1755.52,1496.61,32.4,15.1,34.96,,6.75,2.02,21.83,13.0,14.47,,0,none,21.3,,,14.22,,10.17,12.02,24.8,,,17.3,,,17.2,0.5,insufficient history,0.0,,2.34,,-4.37,-0.37,73.17,0.0,,1.11,0.08,0.52,0.17,1250.0,761.0,9.6,48.5,19.48,237.78,0.92,-0.4,4,23.0,28.5,0.0,4.0,55.5,WATCH ⭐⭐,Expected ~15% CAGR (2yr) | Revenue CAGR 25% | ROE 21% | Nearly debt-free | Promoter 73% holding | Dividend growing 14%/yr,None identified,3-4 years,Medium-High,"yfinance, screener.in",70,99,,2026-06-27,2026-06-01,26,0.0,3,-13.0
BHARATFORG,Bharat Forge Limited,Consumer Cyclical,Auto Parts,97597.0,Large-Cap,MonthlyStage2,Stage Change,1.0,24,10-EMA=1683 | 30-EMA=1405 | Above by 38.4% | MA turning=Yes,MonthlyCupHandle+MonthlyDoubleBottom+MonthlyStage2,Uptrend,True,False,Uptrend,True,Stage2,3,Uptrend,Uptrend,1945.1,1405.04,1008.31,1653.33,1365.06,1801.77,2269.49,1760.11,,,90.89,41.38,10.2,3.14,35.13,42.0,-28.62,1840.82,22,hold,12.5,13.1,1.66,17.0,0.57,6.42,5.77,11.17,9.2,21.55,19.28,28.94,25.56,-17.5,0.15,highly inconsistent earnings,0.77,,1.17,,723.22,0.74,44.07,0.0,,14.15,1.75,32.62,-1.46,2059.5,1100.5,5.6,76.7,71.96,93.59,0.42,0.54,5,19.0,26.5,0.0,10.0,55.5,WATCH ⭐⭐,Profit CAGR 29% | ROCE trend rising ↑ | Piotroski F=5 (above average quality) | FII buying +1.8% ↑ | MonthlyStage2 forming (24mo base) | Weekly uptrend,High PE 91 | Earnings due 2026-08-05,3-4 years,Medium-High,"yfinance, screener.in",100,366,2026-08-05,2026-06-27,2026-06-01,26,4.7,3,-2.0
MEDICO,Medico Remedies Limited,Healthcare,Drug Manufacturers - Specialty & Generic,354.0,Micro-Cap,MonthlyDoubleBottom,Forming,1.0,14,Sep 14mo | Mid rally 122% | Asymmetry 7%,,Sideways,False,False,Below-MAs,True,Stage2,5,Uptrend,Uptrend,44.93,79.83,34.8,38.19,119.34,162.89,222.35,162.89,262.5,90.4,26.98,,4.66,0.74,21.56,,,,0,none,19.02,,,11.18,,6.35,6.38,37.5,,,36.5,,,34.9,0.5,insufficient history,0.25,,1.66,,-8.76,-2.48,61.38,0.0,,0.03,-0.46,0.0,0.0,56.88,30.22,21.0,48.7,15.75,-64.14,0.34,0.56,4,27.0,18.5,8.0,2.0,55.5,WATCH ⭐⭐,Expected ~90% CAGR (2yr) | Revenue CAGR 38% | Profit CAGR 36% | Low D/E 0.25 | Promoter 61% holding | PEG 0.74 — undervalued,Pattern still forming (not broken out),3-4 years,Medium-High,"yfinance, screener.in",70,49,,2026-06-27,2026-06-01,26,0.0,3,-1.0
KRISHIVAL,KRISHIVAL FOODS LIMITED,Consumer Defensive,Packaged Foods,1045.0,Small-Cap,MonthlyStage2,Stage Change,1.0,24,10-EMA=357 | 30-EMA=321 | Above by 18.5% | MA turning=Yes,MonthlyDoubleBottom+MonthlyStage2,Sideways,False,False,Below-MAs,True,Stage2,15,Uptrend,Uptrend,379.85,320.55,214.73,322.87,729.03,1067.89,1564.24,1067.89,181.1,67.7,44.45,,4.75,0.96,23.82,6.0,68.69,,0,none,13.1,16.2,1.43,9.0,-0.6,7.34,9.36,45.05,61.16,59.93,57.14,46.48,85.56,3.5,0.4,lumpy earner,0.18,,5.19,,-54.9,-5.26,37.23,0.02,,0.54,-0.36,1.33,1.33,508.0,282.3,25.2,34.6,4.63,5.08,0.23,-0.93,4,25.0,19.5,9.0,2.0,55.5,WATCH ⭐⭐,Expected ~68% CAGR (2yr) | Revenue CAGR 61% | Profit CAGR 46% | ROCE trend rising ↑ | Low D/E 0.18 | Margin compressing ↓ ⚠️,Margin compression ↓,3-4 years,Medium-High,"yfinance, screener.in",100,50,,2026-06-27,2026-06-01,26,0.0,3,0.0
STYRENIX,Styrenix Performance Materials Limited,Basic Materials,Chemicals,4070.0,Small-Cap,MonthlyDoubleBottom,Forming,1.0,31,Sep 31mo | Mid rally 179% | Asymmetry 8%,MonthlyDoubleBottom+MonthlyStage2,Uptrend,True,False,Constructive,True,Stage2,1,Uptrend,Uptrend,2268.4,543.85,186.84,1928.14,4691.09,9980.76,21235.07,9980.76,340.0,109.8,22.22,17.17,3.26,0.2,12.98,233.0,-43.27,2964.0,1,none,14.6,15.1,-12.0,10.0,1.8,5.32,6.0,15.29,19.61,,-22.13,112.76,,30.8,0.15,highly inconsistent earnings,0.4,,2.29,,0.6,0.01,46.24,0.0,,0.95,-0.27,17.33,1.58,3316.5,1780.0,31.6,27.4,-20.12,114.1,0.42,0.45,6,22.0,25.5,8.0,0.0,55.5,WATCH ⭐⭐,Expected ~110% CAGR (2yr) | Revenue CAGR 20% | Profit CAGR 113% | Piotroski F=6 (above average quality) | DII buying +1.6% ↑ | PEG 0.20 — deeply undervalued,Pattern still forming (not broken out),3-4 years,Medium-High,"yfinance, screener.in",100,286,,2026-06-27,2026-06-01,26,0.0,3,0.0
UNIONBANK,Union Bank of India,Financial Services,Banks - Regional,134168.0,Large-Cap,MonthlyDoubleBottom,Forming,1.0,33,Sep 33mo | Mid rally 152% | Asymmetry 0%,MonthlyCupHandle+MonthlyDoubleBottom,Sideways-Above-MA,True,False,Constructive,False,Stage2,12,Uptrend,Uptrend,158.96,166.52,65.95,135.12,654.63,595.25,1134.93,861.95,274.5,93.5,6.91,6.85,1.01,0.22,,284.0,35.72,195.2,15,none,15.7,6.3,,-887.68,,35.66,1.25,-1.49,9.58,9.03,7.78,31.67,46.67,,0.4,lumpy earner,,,,,,,74.76,0.0,,9.37,1.23,11.51,-0.4,205.49,124.64,22.6,27.5,14.71,118.63,0.46,0.89,1,17.0,22.5,12.0,4.0,55.5,WATCH ⭐⭐,Expected ~94% CAGR (2yr) | Profit CAGR 32% | Promoter 75% holding | FII buying +1.2% ↑ | Dividend growing 36%/yr | PEG 0.22 — deeply undervalued,Earnings due 2026-07-14 | Pattern still forming (not broken out),3-4 years,Medium-High,"yfinance, screener.in",80,285,2026-07-14,2026-06-27,2026-06-01,26,0.0,3,1.0
EIHOTEL,EIH Limited,Consumer Cyclical,Lodging,20127.0,Mid-Cap,MonthlyDoubleBottom,Forming,1.0,24,Sep 24mo | Mid rally 191% | Asymmetry 3%,,Sideways,False,False,Below-MAs,True,Stage2,3,Uptrend,Uptrend,295.45,187.68,63.63,251.13,556.7,701.05,882.83,701.05,137.3,54.0,32.06,21.98,3.82,1.24,18.96,47.0,45.0,365.0,1,none,14.5,20.7,7.03,35.0,18.91,21.37,8.89,7.18,13.35,42.86,-14.68,25.93,34.55,-6.1,0.2,multiple loss years in history,0.05,,2.69,,85.06,0.42,32.85,0.0,,6.62,0.46,13.88,-0.25,434.8,271.15,32.0,9.0,-16.38,21.45,0.12,-0.26,7,29.0,19.5,7.0,0.0,55.5,WATCH ⭐⭐,Expected ~54% CAGR (2yr) | Profit CAGR 26% | ROCE 21% | ROCE trend rising ↑ | Nearly debt-free | OPM 35%,Pattern still forming (not broken out),3-4 years,Medium-High,"yfinance, screener.in",100,366,,2026-06-27,2026-06-01,26,-9.4,3,2.0
DLINKINDIA,D-Link (India) Limited,Technology,Communication Equipment,1864.0,Small-Cap,MonthlyStage2,Stage Change,1.0,24,10-EMA=450 | 30-EMA=416 | Above by 20.7% | MA turning=Yes,MonthlyDoubleBottom+MonthlyStage2,Uptrend,True,True,Tight-Above-MAs,True,Downtrend,0,Uptrend,Uptrend,501.65,415.6,352.15,426.4,843.15,898.29,957.04,898.29,79.1,33.8,17.92,,3.69,2.74,13.35,781.0,91.29,,0,none,21.2,28.3,2.37,8.0,0.54,6.65,10.0,13.15,9.86,16.59,0.5,6.54,27.39,0.7,0.15,highly inconsistent earnings,0.03,,2.56,,-0.62,-0.03,51.02,0.0,,1.26,0.13,0.01,0.0,589.55,367.65,14.9,36.4,6.37,65.73,0.75,0.26,5,21.0,27.5,4.0,3.0,55.5,WATCH ⭐⭐,Expected ~34% CAGR (2yr) | ROE 21% | ROCE 28% | ROCE trend rising ↑ | Nearly debt-free | Promoter 51% holding,None identified,3-4 years,Medium-High,"yfinance, screener.in",100,199,,2026-06-27,2026-06-01,26,8.0,3,3.3
EIMCOELECO,Eimco Elecon (India) Limited,Industrials,Farm & Heavy Construction Machinery,921.0,Small-Cap,MonthlyDoubleBottom,Forming,1.0,40,Sep 40mo | Mid rally 251% | Asymmetry 5%,,Sideways-Above-MA,True,True,Constructive,True,Stage2,4,Uptrend,Uptrend,1540.5,592.92,164.95,1309.42,3551.68,5415.61,8257.72,5415.61,251.5,87.5,23.81,16.8,1.97,0.45,21.2,25.0,-7.17,1968.0,1,none,10.4,13.2,0.8,18.0,1.4,16.78,4.22,31.79,21.86,4.27,95.0,52.48,11.14,-57.2,0.15,highly inconsistent earnings,0.01,,4.33,,-39.24,-4.26,48.96,0.0,,3.1,-0.29,1.05,0.05,3019.9,1405.5,49.0,9.6,-27.07,81.6,0.15,0.12,6,25.0,22.5,8.0,0.0,55.5,WATCH ⭐⭐,Expected ~88% CAGR (2yr) | Revenue CAGR 22% | Profit CAGR 52% | ROCE trend rising ↑ | Nearly debt-free | Piotroski F=6 (above average quality),Pattern still forming (not broken out),3-4 years,Medium-High,"yfinance, screener.in",100,288,,2026-06-27,2026-06-01,26,-3.1,3,5.0
GRINDWELL,Grindwell Norton Limited,Industrials,Building Products & Equipment,23659.0,Mid-Cap,MonthlyDoubleBottom,Forming,1.0,33,Sep 33mo | Mid rally 112% | Asymmetry 5%,MonthlyDoubleBottom+MonthlyStage2,Uptrend,True,False,Uptrend,True,Stage2,4,Uptrend,Uptrend,1921.0,2913.24,1342.7,1632.85,971.72,4483.78,1067.85,1018.65,133.4,52.8,56.81,43.11,9.34,11.76,39.37,89.0,12.31,1995.67,3,none,17.4,22.7,-0.51,19.0,-0.34,13.53,9.02,9.28,6.54,13.41,12.4,4.83,11.87,28.3,0.15,highly inconsistent earnings,0.02,,2.81,,367.73,1.55,58.04,0.0,,5.56,-0.83,19.18,0.83,2150.0,1329.0,10.7,44.5,30.57,-34.85,0.59,0.53,4,19.0,26.5,0.0,10.0,55.5,WATCH ⭐⭐,Expected ~53% CAGR (2yr) | ROCE 23% | Nearly debt-free | Promoter 58% holding | DII buying +0.8% ↑ | Dividend growing 12%/yr,High PE 57 | Earnings due 2026-07-23 | Pattern still forming (not broken out),3-4 years,Medium-High,"yfinance, screener.in",100,238,2026-07-23,2026-06-27,2026-06-01,26,2.3,3,5.0
ELGIEQUIP,Elgi Equipments Limited,Industrials,Specialty Industrial Machinery,19316.0,Mid-Cap,MonthlyStage2,Stage Change,1.0,24,10-EMA=534 | 30-EMA=521 | Above by 15.8% | MA turning=Yes,MonthlyCupHandle+MonthlyDoubleBottom+MonthlyStage2,Uptrend,True,False,Tight-Above-MAs,True,Stage2,4,Uptrend,Uptrend,603.85,521.48,426.4,513.27,387.43,616.56,427.46,406.95,2.1,1.0,45.06,33.61,8.65,8.94,32.65,44.0,24.14,677.4,5,none,21.5,23.7,1.77,15.0,0.86,10.89,9.36,12.56,9.12,15.48,22.86,5.04,33.34,25.4,0.15,highly inconsistent earnings,0.24,,2.08,,252.24,1.31,31.19,0.0,,22.2,-0.91,9.08,1.0,633.85,408.25,4.7,47.9,11.29,-5.63,0.5,0.05,6,21.0,28.5,0.0,6.0,55.5,WATCH ⭐⭐,Expected ~1% CAGR (2yr) | ROE 22% | ROCE 24% | ROCE trend rising ↑ | Low D/E 0.24 | Piotroski F=6 (above average quality),Earnings due 2026-08-11,3-4 years,Medium-High,"yfinance, screener.in",100,288,2026-08-11,2026-06-27,2026-06-01,26,11.6,3,9.1
MAZDOCK,Mazagon Dock Shipbuilders Limited,Industrials,Aerospace & Defense,101599.0,Large-Cap,MonthlyDoubleBottom,Forming,0.814,13,Sep 13mo | Mid rally 89% | Asymmetry 8%,MonthlyCupHandle+MonthlyDoubleBottom+MonthlyStage2,Downtrend,False,False,Below-MAs,False,Stage2,4,Uptrend,Uptrend,2422.8,3751.65,1904.04,2059.38,2925.66,5599.26,5103.08,3863.92,131.1,52.0,39.37,30.91,10.42,1.23,39.36,76.0,-12.25,2831.3,10,buy,29.2,36.0,4.06,17.0,2.57,19.86,4.83,13.77,18.44,26.29,6.79,32.07,38.06,108.8,0.4,lumpy earner,0.04,,1.4,,-3999.91,-3.94,81.22,0.0,,1.73,-0.07,5.09,-0.28,3369.0,2057.4,28.1,17.8,-17.14,276.68,0.42,0.56,4,37.0,13.27,5.0,0.0,55.3,WATCH ⭐⭐,Expected ~52% CAGR (2yr) | Revenue CAGR 18% | Profit CAGR 32% | ROE 29% | ROCE 36% | ROCE trend rising ↑,Pattern still forming (not broken out),3-4 years,Medium-High,"yfinance, screener.in",100,68,,2026-06-27,2026-06-01,26,0.0,3,0.0
SOLEX,SOLEX ENERGY LIMITED,Technology,Solar,1192.0,Small-Cap,MonthlyStage2,Stage Change,0.225,24,10-EMA=1176 | 30-EMA=1062 | Above by 3.4% | MA turning=Yes,,Downtrend,False,False,Below-MAs,False,Downtrend,0,Uptrend,Uptrend,1097.8,1062.03,630.97,933.13,9492.49,30344.65,97002.76,30344.65,2664.1,425.8,12.42,,4.71,0.06,7.68,5.0,66.11,,0,none,46.3,35.8,6.0,11.0,1.5,5.93,11.92,144.41,115.35,,127.91,219.67,,304.5,0.75,consistent growth,1.32,,1.23,,-25.69,-2.15,66.15,0.0,,0.13,-0.12,0.81,-0.17,1985.0,795.45,44.7,38.0,-16.54,88.15,0.61,-0.27,5,37.0,6.2,12.0,0.0,55.2,WATCH ⭐⭐,Expected ~426% CAGR (2yr) | Revenue CAGR 115% | Profit CAGR 220% | ROE 46% | ROCE 36% | ROCE trend rising ↑,High D/E 1.3,3-4 years,Medium-High,"yfinance, screener.in",100,100,,2026-06-27,2026-06-01,26,-18.4,3,-12.8
SHAKTIPUMP,Shakti Pumps (India) Limited,Industrials,Specialty Industrial Machinery,6800.0,Small-Cap,MonthlyDoubleBottom,Forming,0.431,8,Sep 8mo | Mid rally 51% | Asymmetry 8%,,Sideways,False,False,Below-MAs,True,Stage2,4,Uptrend,Uptrend,548.4,98.85,63.22,466.14,1660.47,3664.65,8087.89,3664.65,568.2,158.5,26.24,17.17,3.98,0.22,15.68,18.0,44.23,640.0,1,none,18.0,23.7,2.8,16.0,1.69,9.55,9.79,7.23,40.73,23.74,-36.76,120.7,27.69,-65.2,0.15,highly inconsistent earnings,0.3,,2.12,,-146.02,-2.15,50.36,0.02,,4.83,-0.51,4.97,-1.33,984.0,456.35,44.3,20.2,-33.79,337.57,0.29,-0.15,6,33.0,11.17,11.0,0.0,55.2,WATCH ⭐⭐,Expected ~158% CAGR (2yr) | Revenue CAGR 41% | Profit CAGR 121% | ROCE 24% | ROCE trend rising ↑ | Low D/E 0.30,Pattern still forming (not broken out),3-4 years,Medium-High,"yfinance, screener.in",100,177,,2026-06-27,2026-06-01,26,9.1,3,-5.3
BAJAJHLDNG,Bajaj Holdings & Investment Limited,Financial Services,Asset Management,118828.0,Large-Cap,MonthlyDoubleBottom,Forming,0.639,12,Sep 12mo | Mid rally 65% | Asymmetry 1%,,Sideways,False,False,Below-MAs,True,Stage2,12,Uptrend,Uptrend,10161.0,2162.88,1309.36,8636.85,22347.32,28057.06,35225.64,28057.06,176.1,66.2,12.33,,1.62,0.48,133.17,150.0,-11.68,,0,none,12.0,11.0,0.31,85.0,1.69,857.46,0.72,44.79,27.03,18.55,47.74,25.55,21.79,49.2,0.15,highly inconsistent earnings,0.0,,3.45,,1610.17,1.36,51.46,0.0,,9.62,-0.64,8.08,0.77,14763.0,8588.0,31.2,18.3,-22.24,19.3,0.33,0.13,7,34.0,14.17,7.0,0.0,55.2,WATCH ⭐⭐,Expected ~66% CAGR (2yr) | Revenue CAGR 27% | Profit CAGR 26% | ROCE trend rising ↑ | Nearly debt-free | Promoter 51% holding,Earnings due 2026-08-05 | Pattern still forming (not broken out),3-4 years,Medium-High,"yfinance, screener.in",100,287,2026-08-05,2026-06-27,2026-06-01,26,-1.5,3,0.0
COALINDIA,Coal India Limited,Energy,Thermal Coal,278124.0,Large-Cap,MonthlyCupHandle,Forming,0.841,22,Cup 22mo | Depth 24% | Prior gain 85% | R²=0.92,MonthlyCupHandle+MonthlyDoubleBottom,Sideways-Above-MA,True,False,Constructive,False,Stage2,1,Uptrend,Uptrend,443.5,487.57,371.22,376.97,892.58,719.26,892.58,892.58,62.2,27.3,8.94,7.85,2.33,,5.75,487.0,-39.22,459.27,26,buy,28.5,35.3,-2.49,24.0,1.31,18.46,7.12,17.46,6.8,13.34,-11.99,-0.69,19.59,12.9,0.15,highly inconsistent earnings,0.12,,1.86,,7237.59,2.6,63.13,0.0,,8.38,0.16,22.76,0.23,491.25,368.65,9.7,20.3,30.75,117.27,0.94,-0.04,5,22.0,20.09,5.0,8.0,55.1,WATCH ⭐⭐,Expected ~27% CAGR (2yr) | Declining profits (-1% CAGR) ⚠️ | ROE 28% | ROCE 35% | Low D/E 0.12 | Promoter 63% holding,Earnings due 2026-04-27 | Pattern still forming (not broken out),3-4 years,Medium-High,"yfinance, screener.in",100,188,2026-04-27,2026-06-27,2026-06-01,26,-2.9,3,-4.9
SOUTHBANK,The South Indian Bank Limited,Financial Services,Banks - Regional,12685.0,Mid-Cap,MonthlyDoubleBottom,Forming,0.79,36,Sep 36mo | Mid rally 79% | Asymmetry 0%,MonthlyCupHandle+MonthlyDoubleBottom,Uptrend,True,False,Uptrend,True,Stage2,12,Uptrend,Uptrend,47.23,27.23,15.16,40.15,144.17,125.93,219.49,177.89,166.6,63.3,8.73,7.09,1.11,0.37,,83.0,12.0,48.0,6,buy,13.5,6.42,,43.14,,28.95,1.09,4.6,10.83,6.15,11.74,23.39,88.0,19.0,0.15,highly inconsistent earnings,,,,,,,,,,24.21,3.27,12.75,-1.04,49.79,28.11,5.1,68.0,65.75,131.45,0.56,0.25,2,11.0,23.98,10.0,10.0,55.0,WATCH ⭐⭐,Expected ~63% CAGR (2yr) | Profit CAGR 23% | OPM 43% | FII buying +3.3% ↑ | Dividend growing 12%/yr | PEG 0.37 — deeply undervalued,Pattern still forming (not broken out),3-4 years,Medium-High,"yfinance, screener.in",70,331,,2026-06-27,2026-06-01,26,21.9,3,-2.0
SARDAEN,Sarda Energy & Minerals Limited,Basic Materials,Steel,18452.0,Mid-Cap,MonthlyDoubleBottom,Forming,1.0,20,Sep 20mo | Mid rally 119% | Asymmetry 0%,,Downtrend,False,False,Below-MAs,False,Stage2,1,Uptrend,Uptrend,531.75,12.83,5.84,451.99,842.55,1031.7,1263.31,1031.7,94.0,39.3,16.69,11.06,2.51,0.74,10.54,29.0,25.99,,0,none,16.1,17.4,-1.03,31.0,0.2,19.43,8.41,22.55,10.55,20.94,57.98,22.45,24.15,45.9,0.15,highly inconsistent earnings,0.35,,4.5,,582.53,3.16,73.16,0.0,,3.5,-0.04,3.32,0.39,639.75,420.75,16.9,26.4,23.75,147.07,0.25,0.39,6,26.0,16.0,8.0,5.0,55.0,WATCH ⭐⭐,Expected ~39% CAGR (2yr) | Profit CAGR 22% | Promoter 73% holding | OPM 31% | FCF yield 3.2% | Piotroski F=6 (above average quality),Pattern still forming (not broken out),3-4 years,Medium-High,"yfinance, screener.in",100,199,,2026-06-27,2026-06-01,26,-1.2,3,0.0
DCBBANK,DCB Bank Limited,Financial Services,Banks - Regional,5945.0,Small-Cap,MonthlyDoubleBottom,Forming,1.0,22,Sep 22mo | Mid rally 152% | Asymmetry 1%,,Uptrend,True,False,Tight-Above-MAs,True,Stage2,12,Uptrend,Uptrend,179.86,72.77,28.63,152.88,544.16,461.21,698.53,616.53,156.4,60.1,8.09,5.43,0.91,0.61,,79.0,5.07,228.24,17,none,11.97,,,34.23,,24.44,0.89,12.4,,,13.3,,,16.1,0.5,insufficient history,,,,,,,16.23,-0.01,,12.64,0.72,32.8,0.66,205.9,119.51,12.6,50.5,39.54,30.15,0.23,0.43,2,8.0,28.0,11.0,8.0,55.0,WATCH ⭐⭐,Expected ~60% CAGR (2yr) | OPM 34% | FII buying +0.7% ↑ | DII buying +0.7% ↑ | PEG 0.61 — undervalued | Analyst target ₹228 (+27%),Pattern still forming (not broken out),3-4 years,Medium-High,"yfinance, screener.in",50,237,,2026-06-27,2026-06-01,26,1.6,3,5.0
ALKEM,Alkem Laboratories Limited,Healthcare,Drug Manufacturers - Specialty & Generic,64248.0,Large-Cap,MonthlyDoubleBottom,Forming,0.452,24,Sep 24mo | Mid rally 52% | Asymmetry 7%,,Sideways,False,False,Below-MAs,False,Stage2,5,Uptrend,Uptrend,5298.0,2269.93,1443.69,4503.3,12915.26,12662.61,22729.15,17133.39,139.0,54.6,27.93,23.74,4.65,0.86,20.58,99.0,-4.9,5956.45,20,buy,18.9,21.2,0.2,20.0,-0.17,15.65,8.5,13.47,8.25,10.66,6.14,32.66,7.76,-22.7,0.15,highly inconsistent earnings,0.14,,2.55,,1374.31,2.14,51.2,0.0,,10.15,0.18,21.39,-0.15,5933.5,4716.2,10.7,12.3,10.95,17.27,0.56,0.27,5,29.0,12.92,9.0,4.0,54.9,WATCH ⭐⭐,Expected ~55% CAGR (2yr) | Profit CAGR 33% | ROCE 21% | ROCE trend rising ↑ | Low D/E 0.14 | Promoter 51% holding,Earnings due 2026-08-12 | Pattern still forming (not broken out),3-4 years,Medium-High,"yfinance, screener.in",100,127,2026-08-12,2026-06-27,2026-06-01,26,-3.1,3,-2.0
PRICOLLTD,PRICOL LIMITED,Consumer Cyclical,Auto Parts,0.0,Micro-Cap,MonthlyCupHandle,Forming,0.699,17,Cup 17mo | Depth 32% | Prior gain 32% | R²=0.88,MonthlyCupHandle+MonthlyDoubleBottom,Downtrend,False,False,Below-MAs,False,Stage2,3,Uptrend,Uptrend,544.75,687.67,468.79,463.04,1216.19,1534.34,1935.73,1534.34,181.7,67.8,27.17,18.76,5.44,1.04,15.08,72.0,60.0,725.0,1,none,22.1,25.9,2.34,12.0,-0.11,6.21,9.87,50.11,27.3,23.39,50.3,26.16,42.98,109.5,0.15,highly inconsistent earnings,0.3,,1.21,,-194.07,,38.51,0.0,,15.61,-1.31,12.44,0.15,694.2,415.1,21.5,31.2,26.97,115.66,2.15,-0.12,4,30.0,11.89,8.0,5.0,54.9,WATCH ⭐⭐,Expected ~68% CAGR (2yr) | Revenue CAGR 27% | Profit CAGR 26% | ROE 22% | ROCE 26% | ROCE trend rising ↑,Pattern still forming (not broken out),3-4 years,Medium-High,"yfinance, screener.in",100,287,,2026-06-27,2026-06-01,26,0.0,3,0.0
STARHEALTH,Star Health and Allied Insurance Company Limited,Financial Services,Insurance - Life,34142.0,Large-Cap,MonthlyDoubleBottom,Forming,0.657,20,Sep 20mo | Mid rally 69% | Asymmetry 3%,MonthlyDoubleBottom+MonthlyStage2,Uptrend,True,False,Uptrend,True,Stage2,12,Uptrend,Uptrend,517.1,780.0,454.8,439.54,34416.45,3903057.87,1229390061.54,6504709.32,754697.5,8587.9,61.34,26.71,4.49,0.0,,,,580.7,23,none,,,,3.25,,3.12,,13.8,,,18800.0,,,21731.4,0.5,insufficient history,,,,,,,57.98,0.0,,15.06,0.99,20.31,-0.65,595.8,412.6,13.2,25.3,30.05,-34.34,0.24,0.22,1,14.0,21.88,9.0,10.0,54.9,WATCH ⭐⭐,Expected ~8588% CAGR (2yr) | Profit CAGR 18800% | Promoter 58% holding | FII buying +1.0% ↑ | PEG 0.00 — deeply undervalued | MonthlyDoubleBottom forming (20mo base),High PE 61 | Earnings due 2026-07-28 | Pattern still forming (not broken out),3-4 years,Medium-High,"yfinance, screener.in",40,54,2026-07-28,2026-06-27,2026-06-01,26,0.0,3,4.0
PERSISTENT,Persistent Systems Limited,Technology,Information Technology Services,75444.0,Large-Cap,MonthlyDoubleBottom,Forming,0.563,8,Sep 8mo | Mid rally 66% | Asymmetry 10%,MonthlyDoubleBottom+MonthlyStage2,Sideways,False,False,Below-MAs,True,Downtrend,0,Uptrend,Uptrend,5066.3,347.71,199.89,4306.36,5297.58,6259.84,8478.66,6701.97,23.6,11.2,40.65,27.68,9.64,1.53,26.43,91.0,-4.17,5596.65,34,none,27.3,34.4,2.17,19.0,0.4,12.65,14.87,23.53,20.87,28.63,33.21,26.51,32.83,33.7,0.75,consistent growth,0.06,,2.43,,1456.11,1.93,30.29,0.0,,22.11,-0.68,30.47,0.67,6599.0,4449.1,23.2,13.9,-7.9,83.6,0.63,0.09,7,40.0,11.76,3.0,0.0,54.8,WATCH ⭐⭐,Expected ~11% CAGR (2yr) | Revenue CAGR 21% | Profit CAGR 27% | ROE 27% | ROCE 34% | ROCE trend rising ↑,Earnings due 2026-04-21 | Pattern still forming (not broken out),3-4 years,Medium-High,"yfinance, screener.in",100,194,2026-04-21,2026-06-27,2026-06-01,26,0.0,3,-1.0
EPL,EPL Limited,Consumer Cyclical,Packaging & Containers,7353.0,Small-Cap,MonthlyDoubleBottom,Forming,0.651,18,Sep 18mo | Mid rally 67% | Asymmetry 1%,MonthlyCupHandle+MonthlyDoubleBottom+MonthlyStage2,Uptrend,True,False,Uptrend,True,Stage2,3,Uptrend,Uptrend,224.8,283.1,168.78,191.08,634.42,571.66,905.66,758.0,154.3,59.5,18.94,13.04,2.57,0.97,8.02,218.0,5.16,292.14,7,none,15.8,17.8,0.57,20.0,0.31,8.16,8.76,13.05,8.84,9.03,8.24,19.48,10.06,-10.0,0.15,highly inconsistent earnings,0.34,,1.56,,59.91,0.81,26.38,0.0,,17.22,-0.35,10.2,0.65,251.0,176.4,10.4,27.4,7.87,-14.18,0.49,0.38,6,17.0,21.81,13.0,3.0,54.8,WATCH ⭐⭐,Expected ~60% CAGR (2yr) | ROCE trend rising ↑ | Piotroski F=6 (above average quality) | DII buying +0.7% ↑ | PEG 0.97 — undervalued | EV/EBITDA 8× below sector (25×),Pattern still forming (not broken out),3-4 years,Medium-High,"yfinance, screener.in",100,288,,2026-06-27,2026-06-01,26,3.5,3,6.0
VBL,Varun Beverages Limited,Consumer Defensive,Beverages - Non-Alcoholic,179093.0,Large-Cap,MonthlyStage2,Stage Change,0.679,24,10-EMA=480 | 30-EMA=467 | Above by 10.2% | MA turning=Yes,MonthlyDoubleBottom+MonthlyStage2,Uptrend,True,False,Tight-Above-MAs,True,Stage2,15,Uptrend,Uptrend,514.8,467.23,383.25,437.58,449.47,551.21,595.98,517.57,7.1,3.5,56.15,43.79,9.15,3.71,34.67,38.0,12.62,587.23,26,strong_buy,16.2,19.7,2.03,23.0,0.69,14.02,,4.65,12.25,20.8,4.8,15.15,33.88,20.1,0.15,highly inconsistent earnings,0.13,,,,,,59.43,-0.01,,19.51,-0.8,14.35,0.79,555.8,381.0,7.4,35.1,20.59,38.97,0.35,0.25,3,21.0,24.65,1.0,8.0,54.6,WATCH ⭐⭐,Expected ~4% CAGR (2yr) | ROCE trend rising ↑ | Low D/E 0.13 | Promoter 59% holding | DII buying +0.8% ↑ | Dividend growing 13%/yr,High PE 56 | Earnings due 2026-07-28,3-4 years,Medium-High,"yfinance, screener.in",80,115,2026-07-28,2026-06-27,2026-06-01,26,0.0,3,0.0
APOLLOHOSP,Apollo Hospitals Enterprise Limited,Healthcare,Medical Care Facilities,122066.0,Large-Cap,MonthlyDoubleBottom,Forming,0.676,13,Sep 13mo | Mid rally 70% | Asymmetry 3%,,Uptrend,True,False,Tight-Above-MAs,True,Stage2,5,Uptrend,Uptrend,8498.0,1784.0,1031.85,7223.3,9316.99,11137.38,16577.63,12427.94,31.1,14.5,62.89,39.71,12.87,1.88,34.2,24.0,-12.64,9201.53,30,none,22.1,17.9,1.46,15.0,0.51,7.7,8.44,15.76,14.94,19.03,33.09,33.39,71.0,35.9,0.15,highly inconsistent earnings,0.85,,1.06,,395.55,0.32,28.02,0.0,,42.62,-0.92,22.76,1.26,8624.0,6696.5,1.5,26.9,18.26,46.04,0.56,0.18,6,23.0,23.61,2.0,6.0,54.6,WATCH ⭐⭐,Expected ~14% CAGR (2yr) | Profit CAGR 33% | ROE 22% | ROCE trend rising ↑ | Piotroski F=6 (above average quality) | DII buying +1.3% ↑,High PE 63 | Earnings due 2026-08-12 | Pattern still forming (not broken out),3-4 years,Medium-High,"yfinance, screener.in",100,288,2026-08-12,2026-06-27,2026-06-01,26,5.9,3,2.0
AMRUTANJAN,Amrutanjan Health Care Limited,Healthcare,Drug Manufacturers - Specialty & Generic,1576.0,Small-Cap,MonthlyDoubleBottom,Forming,1.0,15,Sep 15mo | Mid rally 127% | Asymmetry 8%,,Downtrend,False,False,Below-MAs,False,Stage2,5,Uptrend,Uptrend,557.7,533.98,225.81,474.05,1285.24,1645.88,2107.72,1645.88,195.1,71.8,27.25,,4.26,0.97,20.57,103.0,-39.87,,0,none,20.0,31.4,3.43,18.0,0.97,11.53,8.3,12.03,10.55,11.87,40.0,28.06,16.0,6.7,0.15,highly inconsistent earnings,0.01,,2.31,,13.0,0.82,46.52,0.0,,2.17,-0.1,12.66,-0.34,790.95,486.0,29.5,14.8,-10.36,-33.09,0.62,0.37,7,31.0,15.5,8.0,0.0,54.5,WATCH ⭐⭐,Expected ~72% CAGR (2yr) | Profit CAGR 28% | ROCE 31% | ROCE trend rising ↑ | Nearly debt-free | Piotroski F=7 (high quality compounder),Pattern still forming (not broken out),3-4 years,Medium-High,"yfinance, screener.in",100,200,,2026-06-27,2026-06-01,26,0.1,3,-5.5
INSECTICID,Insecticides (India) Limited,Basic Materials,Agricultural Inputs,2003.0,Small-Cap,MonthlyDoubleBottom,Forming,1.0,48,Sep 48mo | Mid rally 133% | Asymmetry 6%,MonthlyDoubleBottom+MonthlyStage2,Sideways-Above-MA,True,False,Constructive,True,Stage2,1,Uptrend,Uptrend,758.95,614.69,255.63,645.11,1485.33,1933.61,2517.17,1933.61,154.8,59.6,14.37,10.2,1.64,0.48,9.12,58.0,-30.66,,0,none,12.1,15.9,0.31,11.0,0.03,6.51,6.14,7.0,5.92,8.55,-2.11,30.18,8.14,-15.7,0.15,highly inconsistent earnings,0.13,,1.96,,-35.25,-1.76,72.3,0.0,,4.5,0.04,9.27,-0.13,1098.0,518.6,30.9,46.3,-13.61,49.36,0.4,0.38,5,22.0,22.5,10.0,0.0,54.5,WATCH ⭐⭐,Expected ~60% CAGR (2yr) | Profit CAGR 30% | ROCE trend rising ↑ | Low D/E 0.13 | Promoter 72% holding | Piotroski F=5 (above average quality),Pattern still forming (not broken out),3-4 years,Medium-High,"yfinance, screener.in",100,229,,2026-06-27,2026-06-01,26,0.0,3,0.0
OLECTRA,Olectra Greentech Limited,Industrials,Farm & Heavy Construction Machinery,12479.0,Mid-Cap,MonthlyDoubleBottom,Forming,1.0,33,Sep 33mo | Mid rally 548% | Asymmetry 8%,,Sideways,False,False,Below-MAs,True,Stage2,4,Uptrend,Uptrend,1219.6,279.39,41.39,1036.66,866.8,1205.03,1675.23,1205.03,,,70.42,35.11,10.17,1.8,1334.04,3.0,0.0,,0,none,15.6,21.0,3.89,14.0,1.11,2.01,,28.3,28.45,52.43,29.5,39.02,86.4,164.4,0.15,highly inconsistent earnings,0.31,,,,,,50.02,0.0,,7.11,0.21,0.68,-0.14,1714.2,866.6,28.9,40.7,11.84,2.83,0.68,0.3,3,30.0,19.5,1.0,4.0,54.5,WATCH ⭐⭐,Revenue CAGR 28% | Profit CAGR 39% | ROCE 21% | ROCE trend rising ↑ | Promoter 50% holding | MonthlyDoubleBottom forming (33mo base),High PE 70 | Pattern still forming (not broken out),3-4 years,Medium-High,"yfinance, screener.in",80,287,,2026-06-27,2026-06-01,26,0.0,3,0.0
VAIBHAVGBL,Vaibhav Global Limited,Consumer Cyclical,Luxury Goods,4087.0,Small-Cap,MonthlyDoubleBottom,Forming,1.0,17,Sep 17mo | Mid rally 113% | Asymmetry 3%,,Sideways,False,False,Constructive,True,Stage2,3,Uptrend,Uptrend,223.79,208.43,96.52,190.22,1046.08,1426.02,1943.94,1426.02,537.2,152.4,15.5,5.05,2.47,0.43,11.44,246.0,-37.0,,0,none,17.8,16.3,-3.37,10.0,-0.74,7.21,6.96,9.23,11.12,7.77,73.86,36.32,-0.45,167.4,0.15,highly inconsistent earnings,0.25,,2.75,,110.22,2.7,57.43,0.32,,16.44,-1.62,2.23,0.56,293.25,174.13,23.7,28.5,3.93,-45.34,0.3,0.24,5,21.0,19.5,12.0,2.0,54.5,WATCH ⭐⭐,Expected ~152% CAGR (2yr) | Profit CAGR 36% | Low D/E 0.25 | Promoter 57% holding | Margin compressing ↓ ⚠️ | Piotroski F=5 (above average quality),Margin compression ↓ | Pattern still forming (not broken out),3-4 years,Medium-High,"yfinance, screener.in",100,266,,2026-06-27,2026-06-01,26,0.0,3,0.0
ADFFOODS,ADF Foods Limited,Consumer Defensive,Packaged Foods,3371.0,Small-Cap,MonthlyStage2,Stage Change,1.0,24,10-EMA=235 | 30-EMA=224 | Above by 26.4% | MA turning=Yes,MonthlyDoubleBottom+MonthlyStage2,Uptrend,True,False,Uptrend,True,Stage2,15,Uptrend,Uptrend,283.2,224.01,167.18,240.72,385.71,451.78,529.17,451.78,59.5,26.3,37.47,,5.89,2.19,25.54,39.0,14.47,266.0,1,none,17.8,22.8,-0.66,19.0,0.29,13.16,9.9,15.76,14.92,13.04,30.43,17.13,12.47,57.6,0.15,highly inconsistent earnings,0.1,,3.84,,-30.62,-0.91,36.14,0.0,,11.55,0.24,23.21,0.1,314.0,153.1,9.8,85.0,20.55,13.98,0.63,0.54,5,17.0,26.5,3.0,8.0,54.5,WATCH ⭐⭐,Expected ~26% CAGR (2yr) | ROCE 23% | Nearly debt-free | Piotroski F=5 (above average quality) | Dividend growing 14%/yr | EV/EBITDA 26× vs sector 30×,None identified,3-4 years,Medium-High,"yfinance, screener.in",100,190,,2026-06-27,2026-06-01,26,5.2,3,1.0
VADILALIND,Vadilal Industries Limited,Consumer Defensive,Packaged Foods,4390.0,Small-Cap,MonthlyDoubleBottom,Forming,1.0,32,Sep 32mo | Mid rally 199% | Asymmetry 2%,,Sideways,False,False,Constructive,True,Stage2,15,Uptrend,Uptrend,4250.8,1161.36,384.57,3613.18,7684.39,9014.56,10574.98,9014.56,112.1,45.6,28.33,,5.59,1.64,18.34,34.0,156.12,,0,none,20.1,22.2,2.69,17.0,1.83,10.32,10.55,21.41,12.42,26.55,3.33,17.31,98.73,149.4,0.15,highly inconsistent earnings,0.27,,3.0,,-33.59,-0.77,64.72,0.0,,0.58,0.02,0.42,0.0,6387.4,3996.0,33.5,6.4,-15.28,26.6,0.4,0.11,6,24.0,20.5,6.0,4.0,54.5,WATCH ⭐⭐,Expected ~46% CAGR (2yr) | ROE 20% | ROCE 22% | ROCE trend rising ↑ | Low D/E 0.27 | Promoter 65% holding,Pattern still forming (not broken out),3-4 years,Medium-High,"yfinance, screener.in",100,180,,2026-06-27,2026-06-01,26,0.0,3,1.0
ZENSARTECH,Zensar Technologies Limited,Technology,Information Technology Services,10157.0,Mid-Cap,MonthlyDoubleBottom,Forming,1.0,46,Sep 46mo | Mid rally 195% | Asymmetry 7%,,Downtrend,False,False,Below-MAs,False,Downtrend,0,Uptrend,Uptrend,493.9,548.62,179.94,419.81,1662.35,1574.38,2948.93,2214.08,218.8,78.5,13.3,11.47,2.15,0.4,13.93,299.0,-21.7,614.83,12,none,18.1,23.5,0.71,16.0,-0.09,7.27,,7.69,5.46,8.51,19.23,33.19,20.35,19.4,0.15,highly inconsistent earnings,0.02,,,,,,49.01,0.0,,10.51,-1.29,23.66,0.54,881.0,438.4,43.9,12.7,-32.68,10.01,0.53,,1,25.0,15.5,14.0,0.0,54.5,WATCH ⭐⭐,Expected ~78% CAGR (2yr) | Profit CAGR 33% | ROCE 24% | ROCE trend rising ↑ | Nearly debt-free | DII buying +0.5% ↑,Pattern still forming (not broken out),3-4 years,Medium-High,"yfinance, screener.in",80,287,,2026-06-27,2026-06-01,26,0.0,3,1.0
CEATLTD,CEAT Limited,Consumer Cyclical,Auto Parts,13918.0,Mid-Cap,MonthlyDoubleBottom,Forming,1.0,38,Sep 38mo | Mid rally 166% | Asymmetry 9%,,Sideways,False,False,Below-MAs,True,Stage2,3,Uptrend,Uptrend,3334.3,1859.94,668.36,2834.16,15681.29,16252.17,38382.47,24533.38,387.4,120.8,19.96,14.91,2.37,0.35,7.43,87.0,115.44,3830.35,17,hold,15.9,18.7,1.8,13.0,0.4,4.45,6.72,18.61,11.48,15.55,47.98,56.45,10.04,145.1,0.15,highly inconsistent earnings,0.65,,0.68,,-44.68,-0.32,47.29,0.08,,16.55,-0.37,20.9,0.42,4438.0,3000.5,24.9,11.1,6.21,18.16,0.31,0.46,5,20.0,19.5,13.0,2.0,54.5,WATCH ⭐⭐,Expected ~121% CAGR (2yr) | Profit CAGR 56% | ROCE trend rising ↑ | Piotroski F=5 (above average quality) | Dividend growing 115%/yr | PEG 0.35 — deeply undervalued,Pattern still forming (not broken out),3-4 years,Medium-High,"yfinance, screener.in",100,221,,2026-06-27,2026-06-01,26,5.4,3,4.0
ARTEMISMED,Artemis Medicare Services Limited,,,0.0,Micro-Cap,MonthlyStage2,Stage Change,0.963,24,10-EMA=252 | 30-EMA=229 | Above by 14.4% | MA turning=Yes,MonthlyDoubleBottom+MonthlyStage2,Sideways-Above-MA,True,False,Tight-Above-MAs,True,Unknown,0,Uptrend,Uptrend,262.6,229.47,205.51,223.21,117.08,253.43,229.08,163.77,,,112.95,20.69,4.37,2.83,22.04,0.17,0.0,335.0,3,none,12.0,14.6,2.09,17.0,1.54,9.58,6.29,15.37,13.62,21.52,26.83,39.88,76.92,28.3,0.15,highly inconsistent earnings,0.28,,1.74,,-8.53,,58.39,0.01,,12.19,-0.28,2.89,-0.02,297.5,203.35,11.7,29.1,14.67,87.65,0.42,0.25,6,23.0,24.06,3.0,4.0,54.1,WATCH ⭐⭐,Profit CAGR 40% | ROCE trend rising ↑ | Low D/E 0.28 | Promoter 58% holding | Piotroski F=6 (above average quality) | Analyst target ₹335 (+28%),High PE 113,3-4 years,Medium-High,"yfinance, screener.in",100,78,,2026-06-27,2026-06-01,26,-4.6,3,0.6
RPTECH,Rashi Peripherals Limited,Technology,Electronics & Computer Distribution,4947.0,Small-Cap,None,,0.0,0,,,Uptrend,True,False,Tight-Above-MAs,True,Downtrend,0,Uptrend,Uptrend,543.25,,,461.76,1321.35,1742.33,2297.44,1742.33,220.7,79.1,18.22,,2.44,0.57,12.79,27.0,100.0,,0,none,14.7,16.8,-2.57,3.0,-0.23,1.75,5.7,14.91,18.74,21.71,34.29,31.86,15.7,64.2,0.15,highly inconsistent earnings,0.49,,1.6,,-47.2,-0.95,64.01,0.03,,0.78,0.12,17.45,-1.0,762.9,275.6,28.8,97.1,86.99,,,1.1,4,20.0,14.0,10.0,10.0,54.0,WATCH ⭐⭐,Expected ~79% CAGR (2yr) | Revenue CAGR 19% | Profit CAGR 32% | Promoter 64% holding | Dividend growing 100%/yr | PEG 0.57 — undervalued,None identified,3-4 years,Medium-High,"yfinance, screener.in",100,28,,2026-06-27,2026-06-01,26,0.0,3,-2.0
ABDL,ALLIED BLEND N DISTILS L,Consumer Defensive,Beverages - Wineries & Distilleries,17657.0,Mid-Cap,MonthlyDoubleBottom,Forming,0.485,6,Sep 6mo | Mid rally 55% | Asymmetry 6%,,Uptrend,True,False,Tight-Above-MAs,True,Stage2,15,Uptrend,Uptrend,644.45,440.72,276.69,547.78,2986.32,8864.82,68558.43,14308.64,1275.6,270.9,77.55,39.63,10.65,0.2,34.56,86.0,,699.1,10,strong_buy,14.3,18.4,1.97,14.0,1.31,5.82,7.52,11.45,7.62,10.81,12.82,379.14,136.08,-47.9,0.15,highly inconsistent earnings,0.68,,1.34,,-65.86,-0.37,80.91,0.0,,3.23,-0.13,4.82,0.21,696.8,382.1,7.5,68.7,29.75,,0.7,,4,18.0,20.82,9.0,6.0,53.8,WATCH ⭐⭐,Expected ~271% CAGR (2yr) | Profit CAGR 379% | ROCE trend rising ↑ | Promoter 81% holding | PEG 0.20 — deeply undervalued | MonthlyDoubleBottom forming (6mo base),High PE 78 | Pattern still forming (not broken out),3-4 years,Medium-High,"yfinance, screener.in",100,24,,2026-06-27,2026-06-15,12,0.0,1,3.0
GLAND,Gland Pharma Limited,Healthcare,Drug Manufacturers - Specialty & Generic,36275.0,Large-Cap,MonthlyStage2,Stage Change,1.0,24,10-EMA=1937 | 30-EMA=1852 | Above by 22.1% | MA turning=Yes,MonthlyDoubleBottom+MonthlyStage2,Uptrend,True,False,Tight-Above-MAs,True,Stage2,5,Uptrend,Uptrend,2262.2,1852.08,1387.08,1922.87,2790.12,2709.94,3349.09,3056.85,19.8,9.4,35.34,24.1,3.5,3.7,20.3,91.0,-10.0,2189.57,14,none,10.7,15.1,-3.0,25.0,-2.91,15.97,6.35,14.51,21.06,13.18,46.92,9.56,0.59,96.6,0.15,highly inconsistent earnings,0.03,,4.68,,504.15,1.39,51.83,0.0,,7.29,-0.29,33.36,0.37,2396.0,1573.6,5.6,43.8,15.21,56.84,1.38,0.5,5,19.0,28.5,2.0,4.0,53.5,WATCH ⭐⭐,Expected ~9% CAGR (2yr) | Revenue CAGR 21% | Nearly debt-free | Promoter 52% holding | Margin compressing ↓ ⚠️ | Piotroski F=5 (above average quality),Margin compression ↓ | Earnings due 2026-08-05,3-4 years,Medium-High,"yfinance, screener.in",100,68,2026-08-05,2026-06-27,2026-06-01,26,0.5,3,-5.5
BLISSGVS,Bliss GVS Pharma Limited,Healthcare,Drug Manufacturers - Specialty & Generic,5158.0,Small-Cap,MonthlyDoubleBottom,Forming,1.0,31,Sep 31mo | Mid rally 217% | Asymmetry 10%,,Uptrend,True,False,Tight-Above-MAs,True,Stage2,5,Uptrend,Uptrend,437.85,215.02,64.6,372.17,590.53,712.06,858.6,712.06,62.6,27.5,40.49,,4.54,1.97,37.63,21.0,0.0,,0,none,11.6,16.8,0.6,18.0,0.11,12.57,,14.44,7.22,9.95,50.0,20.58,12.78,128.9,0.15,highly inconsistent earnings,0.02,,,,,,35.36,0.0,,10.45,-4.09,5.04,-0.74,493.75,118.0,11.3,271.1,154.27,326.96,0.34,1.17,2,14.0,28.5,1.0,10.0,53.5,WATCH ⭐⭐,Expected ~28% CAGR (2yr) | Profit CAGR 21% | ROCE trend rising ↑ | Nearly debt-free | MonthlyDoubleBottom forming (31mo base) | Weekly uptrend,Pattern still forming (not broken out),3-4 years,Medium-High,"yfinance, screener.in",80,192,,2026-06-27,2026-06-01,26,54.8,3,1.0
TITAN,Titan Company Limited,Consumer Cyclical,Luxury Goods,392065.0,Large-Cap,MonthlyDoubleBottom,Breakout Ready,0.906,17,Sep 17mo | Mid rally 92% | Asymmetry 1%,,Sideways-Above-MA,True,False,Constructive,False,Stage2,3,Uptrend,Uptrend,4102.0,1363.41,707.14,3486.7,2624.65,3826.82,3514.7,3037.24,,,77.51,51.59,24.99,4.93,50.13,25.0,13.62,5011.19,37,buy,37.7,25.8,1.63,10.0,-0.03,5.79,9.3,44.87,29.24,32.26,52.02,15.72,39.1,35.4,0.15,highly inconsistent earnings,1.95,,1.28,,-6509.88,-1.66,52.9,0.0,,15.65,0.1,14.84,0.01,4605.0,3303.1,10.9,24.2,19.21,13.17,1.2,0.23,4,23.0,23.37,1.0,6.0,53.4,WATCH ⭐⭐,Revenue CAGR 29% | ROE 38% | ROCE 26% | ROCE trend rising ↑ | Promoter 53% holding | Dividend growing 14%/yr,High D/E 1.9 | High PE 78 | Earnings due 2026-08-06,3-4 years,Medium-High,"yfinance, screener.in",100,365,2026-08-06,2026-06-27,2026-06-01,26,0.0,3,2.0
SPECTRUM,SPECTRUM ELECTRIC IND LTD,Industrials,Electrical Equipment & Parts,2836.0,Small-Cap,MonthlyDoubleBottom,Forming,0.685,7,Sep 7mo | Mid rally 69% | Asymmetry 1%,MonthlyDoubleBottom+MonthlyStage2,Sideways-Above-MA,True,True,Constructive,True,Stage2,4,Uptrend,Uptrend,1438.3,2400.0,1413.0,1342.35,1279.6,3387.0,3987.14,2258.75,135.5,53.5,71.43,,11.58,0.93,38.23,0.0,,,0,none,20.4,16.8,1.4,15.0,0.77,8.45,7.59,30.85,27.63,28.35,76.0,76.52,48.96,95.5,0.15,highly inconsistent earnings,1.02,,1.34,,-82.7,-2.92,72.72,0.0,,4.94,0.28,0.34,0.0,1853.0,1050.0,22.4,37.0,-5.4,82.58,2.6,0.25,5,27.0,17.22,5.0,4.0,53.2,WATCH ⭐⭐,Expected ~54% CAGR (2yr) | Revenue CAGR 28% | Profit CAGR 77% | ROE 20% | ROCE trend rising ↑ | Promoter 73% holding,High D/E 1.0 | High PE 71 | Pattern still forming (not broken out),3-4 years,Medium-High,"yfinance, screener.in",100,92,,2026-06-27,2026-06-01,26,0.0,3,3.0
SIGNPOST,Signpost India Limited,Communication Services,Advertising Agencies,1326.0,Small-Cap,MonthlyDoubleBottom,Forming,0.603,7,Sep 7mo | Mid rally 67% | Asymmetry 6%,,Sideways-Above-MA,True,False,Constructive,False,Downtrend,0,Uptrend,Uptrend,261.55,309.47,180.06,222.32,523.79,659.92,831.43,659.92,152.3,58.8,18.87,,5.27,0.73,9.92,20.0,0.0,,0,none,27.6,24.9,0.0,25.0,1.1,12.07,11.17,27.15,19.56,,105.88,25.99,,2128.8,0.15,highly inconsistent earnings,0.7,,1.26,,-75.97,-5.73,60.38,-7.36,,0.09,0.01,0.02,0.0,310.0,181.1,15.6,44.4,18.16,,0.6,,4,25.0,15.24,10.0,3.0,53.2,WATCH ⭐⭐,Expected ~59% CAGR (2yr) | Revenue CAGR 20% | Profit CAGR 26% | ROE 28% | ROCE 25% | Promoter 60% holding,Pattern still forming (not broken out),3-4 years,Medium-High,"yfinance, screener.in",100,29,,2026-06-27,2026-06-01,26,-4.4,3,8.0
MRF,MRF Limited,Consumer Cyclical,Auto Parts,54560.0,Large-Cap,MonthlyDoubleBottom,Forming,0.547,40,Sep 40mo | Mid rally 61% | Asymmetry 6%,,Downtrend,False,False,Below-MAs,False,Stage2,3,Uptrend,Uptrend,126730.0,97766.92,58930.66,107720.5,482439.56,479324.28,1037686.75,707545.86,278.2,94.5,22.47,15.6,2.6,0.48,10.72,19.0,-74.22,136991.9,10,hold,12.5,15.7,1.26,16.0,0.26,7.79,6.39,10.65,10.63,14.02,29.8,46.66,13.69,37.1,0.15,highly inconsistent earnings,0.15,,1.65,,2325.5,4.26,27.77,0.04,,17.98,-0.2,12.25,-0.25,163600.0,122000.0,22.5,3.9,-3.12,3.03,0.62,0.16,7,28.0,11.06,13.0,1.0,53.1,WATCH ⭐⭐,Expected ~94% CAGR (2yr) | Profit CAGR 47% | ROCE trend rising ↑ | Low D/E 0.15 | FCF yield 4.3% | Piotroski F=7 (high quality compounder),Earnings due 2026-05-07 | Pattern still forming (not broken out),3-4 years,Medium-High,"yfinance, screener.in",100,287,2026-05-07,2026-06-27,2026-06-01,26,0.0,3,0.0
PYRAMID,Pyramid Technoplast Limited,Consumer Cyclical,Packaging & Containers,647.0,Small-Cap,MonthlyDoubleBottom,Forming,0.926,21,Sep 21mo | Mid rally 94% | Asymmetry 2%,MonthlyDoubleBottom+MonthlyStage2,Uptrend,True,False,Constructive,True,Stage2,3,Uptrend,Uptrend,170.81,258.24,131.8,145.19,728.34,1144.96,1799.87,1144.96,570.3,158.9,22.12,,2.27,0.39,14.42,29.0,,,0,none,10.96,,,8.17,,4.23,6.16,13.8,,,57.2,,,51.6,0.5,insufficient history,0.67,,1.73,,-134.41,-20.78,74.94,0.0,,0.97,0.01,3.26,0.0,189.19,131.8,9.7,29.6,2.87,,1.55,0.17,3,14.0,24.11,12.0,3.0,53.1,WATCH ⭐⭐,Expected ~159% CAGR (2yr) | Profit CAGR 57% | Promoter 75% holding | PEG 0.39 — deeply undervalued | EV/EBITDA 14× below sector (25×) | MonthlyDoubleBottom forming (21mo base),Pattern still forming (not broken out),3-4 years,Medium-High,"yfinance, screener.in",70,34,,2026-06-27,2026-06-01,26,0.0,3,0.0
RBZJEWEL,RBZ Jewellers Limited,Consumer Cyclical,Luxury Goods,533.0,Small-Cap,MonthlyDoubleBottom,Forming,1.0,10,Sep 10mo | Mid rally 107% | Asymmetry 6%,,Downtrend,False,False,Below-MAs,False,Stage2,3,Uptrend,Uptrend,123.52,251.68,118.15,112.24,921.73,1257.24,1714.88,1257.24,917.8,219.0,9.72,,1.78,0.27,7.62,,,,0,none,20.11,,,10.43,,8.61,13.06,38.0,,,36.4,,,36.3,0.5,insufficient history,0.57,,2.99,,-61.32,-11.5,75.0,0.0,,0.0,0.0,0.07,0.01,179.0,100.0,31.0,23.5,-4.93,,0.49,0.16,3,25.0,15.0,13.0,0.0,53.0,WATCH ⭐⭐,Expected ~219% CAGR (2yr) | Revenue CAGR 38% | Profit CAGR 36% | ROE 20% | Promoter 75% holding | PEG 0.27 — deeply undervalued,Pattern still forming (not broken out),3-4 years,Medium-High,"yfinance, screener.in",70,30,,2026-06-27,2026-06-01,26,0.0,3,0.0
RISHABH,Rishabh Instruments Limited,Technology,Scientific & Technical Instruments,2235.0,Small-Cap,MonthlyStage2,Breaking Out,1.0,24,10-EMA=417 | 30-EMA=404 | Above by 31.0% | MA turning=Yes,,Uptrend,True,True,Uptrend,True,Downtrend,0,Uptrend,Uptrend,529.2,403.96,209.95,449.82,763.18,900.02,1061.39,900.02,70.1,30.4,27.48,18.37,2.99,1.53,16.68,0.0,,630.0,1,none,12.0,14.5,-0.69,16.0,-0.71,10.52,6.01,7.64,10.78,14.72,290.48,17.93,17.9,207.7,0.15,highly inconsistent earnings,0.11,,3.02,,-33.72,-1.51,69.55,-0.12,,0.1,-0.14,11.72,-0.85,593.0,272.3,10.8,94.3,87.26,,1.75,1.14,4,11.0,27.0,5.0,10.0,53.0,WATCH ⭐⭐,Expected ~30% CAGR (2yr) | Low D/E 0.11 | Promoter 70% holding | Margin compressing ↓ ⚠️ | EV/EBITDA 17× vs sector 20× | MonthlyStage2 — Breaking Out,Margin compression ↓,3-4 years,Medium-High,"yfinance, screener.in",100,33,,2026-06-27,2026-06-01,26,0.0,3,0.0
PATANJALI,Patanjali Foods Limited,Consumer Defensive,Packaged Foods,45876.0,Large-Cap,MonthlyDoubleBottom,Forming,1.0,9,Sep 9mo | Mid rally 137% | Asymmetry 5%,,Sideways,False,False,Below-MAs,True,Stage2,15,Uptrend,Uptrend,471.1,5144.45,2118.49,2012.57,2592.97,8170.41,8947.51,4816.71,1634.3,316.5,25.31,22.92,3.5,0.3,24.77,83.0,-4.35,588.75,4,strong_buy,16.5,12.0,-2.34,4.0,2.66,4.5,6.13,17.6,49.48,5.84,39.43,85.76,50.62,46.1,0.2,multiple loss years in history,0.21,,2.14,,-2361.68,-5.15,68.25,-0.01,,9.2,-1.62,12.06,-0.98,653.93,408.15,28.0,15.4,-5.99,-1.26,0.79,,4,22.0,18.0,13.0,0.0,53.0,WATCH ⭐⭐,Expected ~316% CAGR (2yr) | Revenue CAGR 49% | Profit CAGR 86% | Low D/E 0.21 | Promoter 68% holding | PEG 0.30 — deeply undervalued,Earnings due 2026-07-16 | Pattern still forming (not broken out),3-4 years,Medium-High,"yfinance, screener.in",100,287,2026-07-16,2026-06-27,2026-06-01,26,0.0,3,1.0
LODHA,Lodha Developers Limited,Real Estate,Real Estate - Development,91715.0,Large-Cap,MonthlyDoubleBottom,Forming,0.37,12,Sep 12mo | Mid rally 43% | Asymmetry 6%,,Sideways,False,False,Below-MAs,True,Stage2,3,Uptrend,Uptrend,892.2,1525.97,1039.62,987.64,2292.18,3107.73,8389.28,4385.18,248.3,86.6,26.81,19.31,3.94,0.29,19.84,46.0,88.89,1191.56,18,strong_buy,15.8,16.6,1.91,30.0,1.26,20.56,5.26,21.02,20.76,25.07,24.0,91.31,134.87,9.4,0.15,highly inconsistent earnings,0.42,,1.75,,-2345.45,-2.56,72.27,0.42,,21.24,-2.25,4.62,1.45,1509.8,650.8,40.9,37.1,-27.61,9.37,0.72,0.58,6,31.0,10.94,11.0,0.0,52.9,WATCH ⭐⭐,Expected ~87% CAGR (2yr) | Revenue CAGR 21% | Profit CAGR 91% | ROCE trend rising ↑ | Promoter 72% holding | OPM 30%,Earnings due 2026-04-24 | Pattern still forming (not broken out),3-4 years,Medium-High,"yfinance, screener.in",100,62,2026-04-24,2026-06-27,2026-06-01,26,0.0,3,0.0
SIGMA,Sigma Solve Limited,Technology,Information Technology Services,397.0,Micro-Cap,MonthlyDoubleBottom,Forming,0.616,13,Sep 13mo | Mid rally 71% | Asymmetry 9%,,Downtrend,False,False,Below-MAs,False,Downtrend,0,Uptrend,Uptrend,40.8,307.38,171.56,162.98,80.9,443.2,98.0,89.04,986.3,229.6,16.67,,6.38,1.66,13.83,13.0,35.72,,0,none,37.8,48.3,0.66,30.0,-1.14,24.97,22.7,26.32,19.68,35.52,26.32,10.06,36.85,-21.4,0.15,highly inconsistent earnings,0.03,,5.24,,17.02,4.28,73.21,-0.01,,0.0,-0.03,,,65.5,35.46,37.7,15.1,12.1,-110.76,0.2,0.1,6,35.0,9.89,6.0,2.0,52.9,WATCH ⭐⭐,Expected ~230% CAGR (2yr) | Revenue CAGR 20% | ROE 38% | ROCE 48% | ROCE trend rising ↑ | Nearly debt-free,Margin compression ↓ | Pattern still forming (not broken out),3-4 years,Medium-High,"yfinance, screener.in",100,68,,2026-06-27,2026-06-01,26,-0.8,3,1.0
GPPL,Gujarat Pipavav Port Limited,Industrials,Marine Shipping,7403.0,Small-Cap,MonthlyDoubleBottom,Forming,0.689,35,Sep 35mo | Mid rally 76% | Asymmetry 7%,MonthlyDoubleBottom+MonthlyStage2,Downtrend,False,False,Below-MAs,False,Stage2,4,Uptrend,Uptrend,153.88,96.94,53.14,130.8,430.11,373.72,599.49,507.79,142.9,55.8,14.37,13.34,3.14,0.8,9.7,653.0,23.47,172.62,8,hold,21.2,28.0,2.71,61.0,0.77,44.47,12.22,17.21,8.09,9.58,29.72,18.06,18.33,26.6,0.15,highly inconsistent earnings,0.01,,2.54,,-52.68,-0.71,44.01,0.0,,22.14,1.1,14.96,0.03,200.09,141.55,23.1,8.7,7.66,23.78,0.36,0.43,5,27.0,12.77,11.0,2.0,52.8,WATCH ⭐⭐,Expected ~56% CAGR (2yr) | ROE 21% | ROCE 28% | ROCE trend rising ↑ | Nearly debt-free | OPM 61%,Pattern still forming (not broken out),3-4 years,Medium-High,"yfinance, screener.in",100,190,,2026-06-27,2026-06-01,26,1.1,3,-3.0
SILVERTUC,Silver Touch Technologies Limited,Technology,Information Technology Services,2359.0,Small-Cap,MonthlyDoubleBottom,Forming,0.354,13,Sep 13mo | Mid rally 37% | Asymmetry 2%,,Sideways,False,True,Below-MAs,True,Downtrend,0,Uptrend,Uptrend,208.71,844.59,609.96,579.46,163.47,1079.22,383.97,250.54,417.1,127.4,65.75,,16.26,1.23,40.39,3.0,-20.63,,0,none,23.6,28.9,4.77,18.0,2.6,10.45,11.89,20.14,28.26,17.88,63.64,53.26,104.77,43.4,0.15,highly inconsistent earnings,0.2,,1.95,,7.3,0.31,74.62,0.01,,1.14,0.39,0.0,-0.04,1117.45,100.5,81.3,107.7,-68.77,414.48,0.65,0.47,7,40.0,9.75,3.0,0.0,52.8,WATCH ⭐⭐,Expected ~127% CAGR (2yr) | Revenue CAGR 28% | Profit CAGR 53% | ROE 24% | ROCE 29% | ROCE trend rising ↑,High PE 66 | Pattern still forming (not broken out),3-4 years,Medium-High,"yfinance, screener.in",100,103,,2026-06-27,2026-06-01,26,42.9,3,0.0
AUTOAXLES,Automotive Axles Limited,Consumer Cyclical,Auto Parts,2710.0,Small-Cap,MonthlyDoubleBottom,Forming,0.767,36,Sep 36mo | Mid rally 81% | Asymmetry 5%,MonthlyCupHandle+MonthlyDoubleBottom,Sideways,False,False,Below-MAs,True,Stage2,3,Uptrend,Uptrend,1689.0,498.28,268.83,1435.65,5249.13,6157.23,7222.43,6157.23,264.5,90.9,16.47,13.46,2.47,0.95,9.81,178.0,26.69,2132.0,1,none,15.8,,,10.12,,7.55,8.74,18.7,,,17.3,,,17.3,0.5,insufficient history,0.01,,2.96,,66.67,2.46,71.04,0.0,,0.83,0.15,15.15,0.58,2115.0,1540.2,20.1,9.7,-3.99,-36.8,0.35,0.5,5,25.0,16.7,10.0,1.0,52.7,WATCH ⭐⭐,Expected ~91% CAGR (2yr) | Revenue CAGR 19% | Nearly debt-free | Promoter 71% holding | Piotroski F=5 (above average quality) | DII buying +0.6% ↑,Pattern still forming (not broken out),3-4 years,Medium-High,"yfinance, screener.in",70,288,,2026-06-27,2026-06-01,26,-0.2,3,2.0
HAPPYFORGE,HAPPY FORGINGS LIMITED,Industrials,Metal Fabrication,13826.0,Mid-Cap,MonthlyStage2,Stage Change,1.0,24,10-EMA=1208 | 30-EMA=1094 | Above by 21.8% | MA turning=Yes,MonthlyDoubleBottom+MonthlyStage2,Uptrend,True,True,Uptrend,True,Stage2,4,Uptrend,Uptrend,1331.9,1093.71,767.47,1132.12,1034.89,1419.95,1322.62,1169.94,6.6,3.3,45.87,31.05,6.49,3.51,29.44,27.0,-25.0,1455.29,7,none,15.2,18.2,-1.5,30.0,0.63,19.5,9.84,9.72,8.9,21.45,13.11,13.05,28.56,23.4,0.4,lumpy earner,0.15,,2.35,,-33.0,-0.24,78.48,-0.02,,1.73,-0.11,16.48,-0.25,1490.0,862.05,10.6,54.5,45.92,,0.89,0.87,4,16.0,26.5,0.0,10.0,52.5,WATCH ⭐⭐,Expected ~3% CAGR (2yr) | Low D/E 0.15 | Promoter 78% holding | OPM 30% | MonthlyStage2 forming (24mo base) | Weekly uptrend,None identified,3-4 years,Medium-High,"yfinance, screener.in",100,31,,2026-06-27,2026-06-01,26,-2.9,3,0.0
INDIAGLYCO,India Glycols Limited,Basic Materials,Chemicals,6419.0,Small-Cap,MonthlyDoubleBottom,Forming,1.0,41,Sep 41mo | Mid rally 459% | Asymmetry 8%,,Uptrend,True,False,Uptrend,True,Stage2,1,Uptrend,Uptrend,998.2,216.52,37.22,848.47,1320.62,1685.25,2150.54,1685.25,68.8,29.9,20.83,,2.19,0.75,12.41,131.0,25.99,,0,none,11.3,12.4,0.63,15.0,0.74,6.95,4.86,11.76,16.68,12.69,26.84,27.61,17.29,35.7,0.15,highly inconsistent earnings,0.58,,0.74,,-315.34,-4.91,59.63,0.0,,2.27,-0.15,5.19,-0.03,1222.0,792.5,18.3,26.0,5.88,213.67,0.49,0.25,5,18.0,26.5,6.0,2.0,52.5,WATCH ⭐⭐,Expected ~30% CAGR (2yr) | Revenue CAGR 17% | Profit CAGR 28% | ROCE trend rising ↑ | Promoter 60% holding | Piotroski F=5 (above average quality),Pattern still forming (not broken out),3-4 years,Medium-High,"yfinance, screener.in",100,286,,2026-06-27,2026-06-01,26,0.0,3,0.0
NESCO,Nesco Limited,Industrials,Conglomerates,8018.0,Mid-Cap,MonthlyStage2,Stage Change,1.0,24,10-EMA=1182 | 30-EMA=1046 | Above by 20.3% | MA turning=Yes,MonthlyDoubleBottom+MonthlyStage2,Sideways-Above-MA,True,False,Constructive,True,Stage2,4,Uptrend,Uptrend,1258.6,1045.86,865.55,1069.81,2272.07,2553.35,2869.46,2553.35,102.9,42.4,19.42,16.69,2.68,1.57,14.01,62.0,29.4,1316.0,1,none,14.7,18.3,0.8,53.0,-2.11,40.01,10.08,27.32,19.51,26.21,10.13,12.38,19.15,5.0,0.15,highly inconsistent earnings,0.09,,0.83,,68.46,0.85,68.54,0.0,,4.63,-0.02,3.84,0.06,1638.9,996.0,23.2,26.4,16.34,80.31,0.36,0.49,5,23.0,22.5,5.0,2.0,52.5,WATCH ⭐⭐,Expected ~42% CAGR (2yr) | Revenue CAGR 20% | ROCE trend rising ↑ | Nearly debt-free | Promoter 69% holding | OPM 53%,Margin compression ↓,3-4 years,Medium-High,"yfinance, screener.in",100,218,,2026-06-27,2026-06-01,26,0.0,3,0.0
SBCL,Shivalik Bimetal Controls Limited,Industrials,Metal Fabrication,4300.0,Small-Cap,MonthlyStage2,Stage Change,1.0,24,10-EMA=561 | 30-EMA=512 | Above by 40.6% | MA turning=Yes,MonthlyDoubleBottom+MonthlyStage2,Uptrend,True,False,Tight-Above-MAs,True,Stage2,4,Uptrend,Uptrend,720.3,512.38,387.85,612.25,486.08,636.91,553.5,518.69,,,44.84,29.86,8.9,6.68,32.51,54.0,18.56,777.0,1,none,21.8,26.8,-0.43,23.0,0.4,16.79,12.78,12.4,6.7,22.86,24.68,6.71,30.88,23.7,0.15,highly inconsistent earnings,0.15,,3.47,,-2.47,-0.06,33.36,0.18,,1.73,-0.86,20.0,0.29,789.0,368.6,8.7,95.4,41.2,-15.55,1.11,0.56,4,17.0,28.5,-1.0,8.0,52.5,WATCH ⭐⭐,ROE 22% | ROCE 27% | Low D/E 0.15 | Dividend growing 19%/yr | MonthlyStage2 forming (24mo base) | Weekly uptrend,None identified,3-4 years,Medium-High,"yfinance, screener.in",100,61,,2026-06-27,2026-06-01,26,13.8,3,4.0
GABRIEL,Gabriel India Limited,Consumer Cyclical,Auto Parts,21222.0,Mid-Cap,MonthlyDoubleBottom,Forming,1.0,29,Sep 29mo | Mid rally 110% | Asymmetry 7%,,Uptrend,True,True,Uptrend,True,Stage2,3,Uptrend,Uptrend,1040.6,29.47,13.58,884.51,579.07,872.44,617.92,598.18,,,68.03,33.29,12.59,20.62,38.92,41.0,36.67,1283.83,6,buy,20.6,26.1,-2.0,9.0,0.0,5.41,9.48,14.87,,,2.86,,,3.5,0.15,highly inconsistent earnings,0.11,,1.66,,88.54,0.42,63.55,8.53,,6.51,-0.07,12.8,-3.48,1388.0,582.2,25.0,78.7,5.37,354.49,0.32,0.69,5,22.0,26.5,1.0,3.0,52.5,WATCH ⭐⭐,ROE 21% | ROCE 26% | Low D/E 0.11 | Promoter 64% holding | Promoters buying ↑ | Piotroski F=5 (above average quality),High PE 68 | Pattern still forming (not broken out),3-4 years,Medium-High,"yfinance, screener.in",80,255,,2026-06-27,2026-06-01,26,-5.0,3,5.0
GRSE,Garden Reach Shipbuilders & Engineers Limited,Industrials,Aerospace & Defense,32055.0,Large-Cap,MonthlyCupHandle,Forming,0.695,23,Cup 23mo | Depth 47% | Prior gain 124% | R²=0.96,,Sideways-Above-MA,True,False,Constructive,False,Stage2,4,Uptrend,Uptrend,2648.7,3226.54,1708.53,2251.39,2546.07,4744.55,3927.48,3162.22,79.1,33.8,46.51,33.31,12.21,1.92,36.09,96.0,4.87,3146.0,6,buy,31.79,,,16.15,,10.68,4.45,29.1,,,24.2,,,24.1,0.5,insufficient history,0.01,,1.23,,-291.49,-0.91,74.5,0.0,,3.51,0.55,1.69,0.05,3538.4,1963.7,25.1,34.9,6.75,317.52,0.23,0.67,2,29.0,18.34,3.0,2.0,52.3,WATCH ⭐⭐,Expected ~34% CAGR (2yr) | Revenue CAGR 29% | Profit CAGR 24% | ROE 32% | Nearly debt-free | Promoter 74% holding,Pattern still forming (not broken out),3-4 years,Medium-High,"yfinance, screener.in",70,93,,2026-06-27,2026-06-01,26,-0.4,3,-2.1
SCHAEFFLER,Schaeffler India Limited,Consumer Cyclical,Auto Parts,67678.0,Large-Cap,MonthlyCupHandle,Forming,0.924,23,Cup 23mo | Depth 23% | Prior gain 30% | R²=1.00,MonthlyCupHandle+MonthlyDoubleBottom,Sideways-Above-MA,True,False,Uptrend,True,Stage2,3,Uptrend,Uptrend,4078.1,4584.62,3519.0,3466.38,3251.06,5650.24,3973.94,3594.37,38.6,17.7,55.86,42.95,11.19,5.29,35.88,81.0,13.4,4788.71,7,none,20.2,27.3,0.0,18.0,-0.2,12.03,,4.24,11.67,,5.65,10.56,,25.6,0.15,highly inconsistent earnings,0.01,,,,,,74.13,0.0,,4.25,-0.2,16.32,0.21,4467.7,3518.4,8.7,15.9,4.38,14.35,0.48,0.01,1,23.0,22.09,2.0,5.0,52.1,WATCH ⭐⭐,Expected ~18% CAGR (2yr) | ROE 20% | ROCE 27% | Nearly debt-free | Promoter 74% holding | Dividend growing 13%/yr,High PE 56 | Earnings due 2026-07-23 | Pattern still forming (not broken out),3-4 years,Medium-High,"yfinance, screener.in",80,288,2026-07-23,2026-06-27,2026-06-01,26,2.3,3,-3.0
PHOENIXLTD,The Phoenix Mills Limited,Real Estate,Real Estate - Diversified,67276.0,Large-Cap,MonthlyDoubleBottom,Forming,1.0,19,Sep 19mo | Mid rally 106% | Asymmetry 5%,MonthlyCupHandle+MonthlyDoubleBottom,Uptrend,True,False,Tight-Above-MAs,True,Stage2,3,Uptrend,Uptrend,1721.8,485.27,230.52,1463.53,843.2,1320.37,872.97,857.95,,,53.76,36.41,6.12,30.72,28.47,13.0,27.72,2014.0,21,buy,11.6,12.8,1.86,60.0,2.23,27.67,6.41,16.18,19.13,33.58,19.13,1.75,100.54,50.0,0.15,highly inconsistent earnings,0.37,,0.87,,1810.56,2.69,47.25,0.0,,32.97,-0.88,16.14,0.88,1993.0,1402.5,13.6,22.8,18.15,98.83,0.33,0.29,6,19.0,28.0,1.0,4.0,52.0,WATCH ⭐⭐,Revenue CAGR 19% | ROCE trend rising ↑ | OPM 60% | Piotroski F=6 (above average quality) | DII buying +0.9% ↑ | Dividend growing 28%/yr,High PE 54 | Earnings due 2026-07-23 | Pattern still forming (not broken out),3-4 years,Medium-High,"yfinance, screener.in",100,230,2026-07-23,2026-06-27,2026-06-01,26,0.0,3,-1.0
TCS,Tata Consultancy Services Limited,Technology,Information Technology Services,768844.0,Large-Cap,MonthlyDoubleBottom,Forming,0.538,30,Sep 30mo | Mid rally 54% | Asymmetry 1%,,Downtrend,False,False,Below-MAs,False,Downtrend,0,Uptrend,Uptrend,2327.1,4348.04,2804.96,2664.71,4341.08,5891.12,4817.08,4572.89,153.2,59.1,15.62,12.82,7.17,2.93,10.48,584.0,-9.06,2967.31,42,buy,51.8,63.0,3.09,27.0,-0.29,18.43,24.44,4.58,5.8,10.22,1.35,5.34,8.72,12.2,0.4,lumpy earner,0.1,,2.23,,37059.75,4.82,71.77,0.0,,9.66,-0.71,13.34,0.53,3489.9,2059.9,33.3,13.0,-22.74,-46.09,0.83,0.23,5,35.0,9.96,7.0,0.0,52.0,WATCH ⭐⭐,Expected ~59% CAGR (2yr) | ROE 52% | ROCE 63% | ROCE trend rising ↑ | Low D/E 0.10 | Promoter 72% holding,Earnings due 2026-07-09 | Pattern still forming (not broken out),3-4 years,Medium-High,"yfinance, screener.in",100,286,2026-07-09,2026-06-27,2026-06-01,26,0.0,3,0.0
ZFCVINDIA,ZF Commercial Vehicle Control Systems India Limited,Consumer Cyclical,Auto Parts,29959.0,Mid-Cap,MonthlyDoubleBottom,Forming,0.788,47,Sep 47mo | Mid rally 79% | Asymmetry 0%,MonthlyDoubleBottom+MonthlyStage2,Uptrend,True,False,Tight-Above-MAs,True,Stage2,3,Uptrend,Uptrend,14325.0,8444.59,4718.94,12176.25,12762.33,16287.24,17647.0,15007.23,13.7,6.6,57.8,38.81,8.12,3.29,,3.0,16.55,18207.25,4,none,15.2,20.3,0.2,16.0,1.4,12.55,7.96,7.52,6.15,,12.15,17.59,,46.1,0.15,highly inconsistent earnings,,,5.3,,564.08,1.88,60.0,0.0,,5.79,0.42,26.21,-0.47,16665.0,12302.0,14.0,16.4,14.84,-4.51,0.64,-0.06,6,19.0,25.96,3.0,4.0,52.0,WATCH ⭐⭐,Expected ~7% CAGR (2yr) | ROCE 20% | ROCE trend rising ↑ | Promoter 60% holding | Piotroski F=6 (above average quality) | Dividend growing 17%/yr,High PE 58 | Pattern still forming (not broken out),3-4 years,Medium-High,"yfinance, screener.in",90,286,,2026-06-27,2026-06-01,26,0.0,3,0.0
PITTIENG,Pitti Engineering Limited,Industrials,Metal Fabrication,3726.0,Small-Cap,MonthlyDoubleBottom,Forming,1.0,23,Sep 23mo | Mid rally 133% | Asymmetry 9%,MonthlyCupHandle+MonthlyDoubleBottom+MonthlyStage2,Sideways-Above-MA,True,True,Constructive,True,Stage2,4,Uptrend,Uptrend,921.65,1510.04,621.3,783.4,1316.88,2398.78,2090.35,1659.14,160.3,61.3,31.74,17.9,3.78,1.22,12.34,15.0,6.27,1178.0,1,strong_buy,12.5,14.8,-0.7,16.0,0.34,6.16,7.58,12.2,20.26,29.86,-3.28,25.99,32.4,-26.4,0.15,highly inconsistent earnings,0.82,,1.4,,-25.93,-0.7,54.17,0.0,,1.12,0.19,20.23,0.0,1044.4,675.0,11.8,36.5,-1.28,128.8,0.57,0.26,4,18.0,22.0,8.0,4.0,52.0,WATCH ⭐⭐,Expected ~61% CAGR (2yr) | Revenue CAGR 20% | Profit CAGR 26% | Promoter 54% holding | PEG 1.22 — fair value | EV/EBITDA 12× below sector (18×),Pattern still forming (not broken out),3-4 years,Medium-High,"yfinance, screener.in",100,232,,2026-06-27,2026-06-01,26,0.0,3,2.0
SONACOMS,Sona BLW Precision Forgings Limited,Consumer Cyclical,Auto Parts,38180.0,Large-Cap,MonthlyDoubleBottom,Forming,0.95,28,Sep 28mo | Mid rally 98% | Asymmetry 3%,MonthlyCupHandle+MonthlyDoubleBottom+MonthlyStage2,Uptrend,True,False,Tight-Above-MAs,True,Stage2,3,Uptrend,Uptrend,599.5,761.17,377.51,509.57,510.25,1144.83,695.85,595.86,91.0,38.2,59.53,39.33,6.37,3.55,35.02,59.0,-17.12,620.93,14,buy,11.8,14.8,-1.14,24.0,-0.43,14.39,7.08,25.47,18.47,23.22,4.83,16.78,23.95,16.9,0.15,highly inconsistent earnings,0.07,,3.4,,-702.56,-1.84,28.01,-0.01,,23.7,-0.19,41.46,0.72,621.8,402.3,3.6,49.0,38.86,-12.89,0.26,0.38,4,13.0,27.9,1.0,10.0,51.9,WATCH ⭐⭐,Expected ~38% CAGR (2yr) | Revenue CAGR 18% | Nearly debt-free | DII buying +0.7% ↑ | MonthlyDoubleBottom forming (28mo base) | Weekly uptrend,High PE 60 | Earnings due 2026-04-30 | Pattern still forming (not broken out),3-4 years,Medium-High,"yfinance, screener.in",100,61,2026-04-30,2026-06-27,2026-06-01,26,3.4,3,4.0
VSSL,Vardhman Special Steels Limited,Basic Materials,Steel,2722.0,Small-Cap,MonthlyStage2,Stage Change,0.946,24,10-EMA=263 | 30-EMA=245 | Above by 14.2% | MA turning=Yes,MonthlyDoubleBottom+MonthlyStage2,Sideways-Above-MA,True,False,Constructive,True,Stage2,1,Uptrend,Uptrend,279.7,244.95,197.72,237.74,410.47,598.47,872.56,598.47,114.0,46.3,21.46,12.63,2.23,0.47,12.44,107.0,19.68,,0,none,12.1,16.5,,8.0,-1.0,6.96,7.94,6.2,,,1.09,,,72.2,0.5,insufficient history,0.07,,2.9,,-167.91,-6.17,51.06,-0.04,,0.55,0.01,3.34,0.04,324.0,206.4,13.7,35.5,15.65,29.78,0.31,0.42,3,18.0,21.85,8.0,4.0,51.8,WATCH ⭐⭐,Expected ~46% CAGR (2yr) | Profit CAGR 46% | Nearly debt-free | Promoter 51% holding | Margin compressing ↓ ⚠️ | Dividend growing 20%/yr,Margin compression ↓,3-4 years,Medium-High,"yfinance, screener.in",80,169,,2026-06-27,2026-06-01,26,0.0,3,1.0
RESPONIND,Responsive Industries Limited,Basic Materials,Specialty Chemicals,5095.0,Small-Cap,MonthlyDoubleBottom,Forming,1.0,42,Sep 42mo | Mid rally 183% | Asymmetry 1%,,Sideways-Above-MA,True,True,Constructive,True,Stage2,1,Uptrend,Uptrend,165.42,206.53,72.68,140.61,190.65,349.61,641.11,349.61,111.3,45.4,34.37,,3.25,0.41,21.7,5.0,0.0,,0,none,10.3,10.8,2.2,17.0,1.26,10.65,5.94,-1.69,12.69,13.02,-25.63,83.38,43.88,-57.9,0.15,highly inconsistent earnings,0.12,,6.16,,-50.99,-1.0,59.14,0.0,,32.2,0.97,3.22,-0.06,251.0,117.25,34.1,41.1,-22.45,-21.08,2.03,0.71,6,21.0,22.5,7.0,1.0,51.5,WATCH ⭐⭐,Expected ~45% CAGR (2yr) | Profit CAGR 83% | ROCE trend rising ↑ | Low D/E 0.12 | Promoter 59% holding | Piotroski F=6 (above average quality),Pattern still forming (not broken out),3-4 years,Medium-High,"yfinance, screener.in",100,188,,2026-06-27,2026-06-01,26,0.0,3,0.0
SUZLON,Suzlon Energy Limited,Industrials,Specialty Industrial Machinery,81329.0,Large-Cap,MonthlyDoubleBottom,Forming,1.0,15,Sep 15mo | Mid rally 155% | Asymmetry 7%,MonthlyDoubleBottom+MonthlyStage2,Sideways-Above-MA,True,False,Constructive,True,Stage2,4,Uptrend,Uptrend,52.91,419.96,159.56,151.58,56.5,680.36,60.04,58.24,1185.9,258.6,25.63,25.58,10.36,8.29,26.3,0.0,0.0,65.04,13,strong_buy,40.6,35.1,4.74,18.0,0.6,18.97,10.78,53.65,40.98,37.98,52.65,3.09,30.0,-5.7,0.15,highly inconsistent earnings,0.06,,1.65,,-430.29,-0.53,11.73,0.0,,23.85,0.12,9.18,-0.05,68.3,38.19,22.5,38.5,-14.15,223.1,0.64,0.68,6,26.0,21.5,2.0,2.0,51.5,WATCH ⭐⭐,Expected ~259% CAGR (2yr) | Revenue CAGR 41% | ROE 41% | ROCE 35% | ROCE trend rising ↑ | Nearly debt-free,Earnings due 2026-08-12 | Pattern still forming (not broken out),3-4 years,Medium-High,"yfinance, screener.in",100,248,2026-08-12,2026-06-27,2026-06-01,26,0.0,3,1.0
FCL,Fineotex Chemical Limited,Basic Materials,Specialty Chemicals,5068.0,Small-Cap,MonthlyStage2,Stage Change,1.0,24,10-EMA=29 | 30-EMA=28 | Above by 38.8% | MA turning=No,MonthlyDoubleBottom+MonthlyStage2,Uptrend,True,False,Tight-Above-MAs,True,Stage2,1,Uptrend,Uptrend,39.17,28.22,19.24,33.29,23.64,37.2,29.43,26.38,,,39.93,31.09,4.1,3.45,26.81,37.0,58.74,28.0,1,none,13.5,18.3,-1.86,17.0,0.26,14.08,7.68,44.84,14.3,28.66,14.68,11.57,22.67,58.3,0.15,highly inconsistent earnings,0.01,,2.8,,-75.68,-1.49,62.3,-0.27,,2.92,0.39,1.27,-0.01,45.7,19.1,14.3,105.1,55.52,13.13,1.19,0.53,4,14.0,28.5,-1.0,10.0,51.5,WATCH ⭐⭐,Nearly debt-free | Promoter 62% holding | Dividend growing 59%/yr | MonthlyStage2 forming (24mo base) | Weekly uptrend | Tight daily consolidation above MAs,None identified,3-4 years,Medium-High,"yfinance, screener.in",100,138,,2026-06-27,2026-06-01,26,17.9,3,2.5
HUHTAMAKI,Huhtamaki India Limited,Consumer Cyclical,Packaging & Containers,1404.0,Small-Cap,MonthlyDoubleBottom,Forming,1.0,48,Sep 48mo | Mid rally 207% | Asymmetry 4%,,Downtrend,False,False,Below-MAs,False,Stage2,3,Uptrend,Uptrend,163.73,442.79,141.24,139.17,675.08,778.64,898.08,778.64,375.6,118.1,11.94,9.48,1.09,0.78,6.02,108.0,0.0,265.0,1,none,13.0,17.6,0.0,11.0,0.3,4.75,,6.92,26.11,,12.66,15.34,,-2.1,0.75,consistent growth,0.11,,,,,,67.73,0.0,,1.34,0.22,1.14,0.02,272.65,148.6,39.9,10.2,-13.92,-60.64,0.26,-0.07,2,24.0,16.5,11.0,0.0,51.5,WATCH ⭐⭐,Expected ~118% CAGR (2yr) | Revenue CAGR 26% | Low D/E 0.11 | Promoter 68% holding | EPS: consistent growth | PEG 0.78 — undervalued,Pattern still forming (not broken out),3-4 years,Medium-High,"yfinance, screener.in",80,287,,2026-06-27,2026-06-01,26,0.0,3,3.0
HESTERBIO,HESTER BIOSCIENCES LTD,Healthcare,Drug Manufacturers - Specialty & Generic,0.0,Micro-Cap,MonthlyDoubleBottom,Forming,1.0,12,Sep 12mo | Mid rally 166% | Asymmetry 4%,MonthlyDoubleBottom+MonthlyStage2,Uptrend,True,False,Uptrend,True,Stage2,5,Uptrend,Uptrend,1952.9,3359.21,1238.65,1659.97,3890.76,5479.77,6249.73,4931.14,180.6,67.5,30.77,,4.9,1.15,22.64,53.0,-11.21,,0,none,15.9,15.2,-0.77,26.0,-1.4,16.73,6.36,7.07,7.78,9.25,96.55,26.74,10.25,1138.0,0.15,highly inconsistent earnings,0.53,,1.37,,36.05,,53.73,0.0,,0.38,-0.14,0.0,-0.01,2350.0,1239.3,16.9,57.6,5.16,-3.96,0.34,0.5,3,17.0,25.5,6.0,3.0,51.5,WATCH ⭐⭐,Expected ~68% CAGR (2yr) | Profit CAGR 27% | Promoter 54% holding | OPM 26% | Margin compressing ↓ ⚠️ | PEG 1.15 — fair value,Margin compression ↓ | Pattern still forming (not broken out),3-4 years,Medium-High,"yfinance, screener.in",100,136,,2026-06-27,2026-06-01,26,8.7,3,4.0
IRISDOREME,Iris Clothings Limited,Consumer Cyclical,Apparel Manufacturing,681.0,Small-Cap,MonthlyDoubleBottom,Forming,1.0,48,Sep 48mo | Mid rally 289% | Asymmetry 7%,,Uptrend,True,False,Constructive,True,Stage2,3,Uptrend,Uptrend,36.59,106.0,26.35,31.1,45.08,185.65,68.87,55.72,407.4,125.3,46.95,,5.6,1.99,27.06,,,,0,none,14.46,,,15.76,,8.48,8.48,50.4,,,23.6,,,43.5,0.5,insufficient history,0.24,,3.19,,-26.83,-3.94,61.17,0.0,,,0.0,0.79,-0.09,66.53,26.35,45.0,38.9,-36.68,-78.83,0.53,-0.15,3,22.0,25.5,4.0,0.0,51.5,WATCH ⭐⭐,Expected ~125% CAGR (2yr) | Revenue CAGR 50% | Profit CAGR 24% | Low D/E 0.24 | Promoter 61% holding | MonthlyDoubleBottom forming (48mo base),Pattern still forming (not broken out),3-4 years,Medium-High,"yfinance, screener.in",70,91,,2026-06-27,2026-06-01,26,0.0,3,4.0
VARDHACRLC,Vardhman Acrylics Limited,Consumer Cyclical,Textile Manufacturing,357.0,Micro-Cap,MonthlyDoubleBottom,Forming,0.821,24,Sep 24mo | Mid rally 85% | Asymmetry 2%,MonthlyDoubleBottom+MonthlyStage2,Sideways-Above-MA,True,True,Constructive,True,Stage2,3,Uptrend,Uptrend,44.28,70.01,37.49,37.64,1642.16,13317.89,108008.11,13317.89,29976.5,1634.3,13.12,,1.55,0.02,10.3,337.0,45.0,,0,none,11.06,,,11.2,,8.55,2.49,15.8,,,711.0,,,694.8,0.5,insufficient history,,,3.5,,-4.82,-1.35,74.97,0.0,,0.02,0.0,,,54.25,27.01,18.4,63.9,1.79,-31.54,2.54,0.34,4,17.0,20.35,12.0,2.0,51.4,WATCH ⭐⭐,Expected ~1634% CAGR (2yr) | Revenue CAGR 16% | Profit CAGR 711% | Promoter 75% holding | Dividend growing 45%/yr | PEG 0.02 — deeply undervalued,Pattern still forming (not broken out),3-4 years,Medium-High,"yfinance, screener.in",60,273,,2026-06-27,2026-06-15,12,0.0,1,0.0
PANSARI,Pansari Developers Limited,Real Estate,Real Estate - Development,526.0,Small-Cap,MonthlyDoubleBottom,Forming,0.963,14,Sep 14mo | Mid rally 106% | Asymmetry 10%,,Downtrend,False,False,Below-MAs,False,Stage2,3,Uptrend,Uptrend,258.45,152.0,70.2,219.68,649.42,1399.12,3014.26,1399.12,441.4,132.7,30.87,,3.71,0.27,38.23,0.0,,,0,none,13.8,12.5,1.11,15.0,0.0,20.7,1.73,140.0,61.01,21.67,150.0,115.44,37.97,53.1,0.15,highly inconsistent earnings,0.65,,1.15,,-12.13,-2.31,73.88,0.0,,,,,,352.3,218.0,26.6,18.6,26.23,174.7,0.88,-0.45,3,23.0,15.06,7.0,6.0,51.1,WATCH ⭐⭐,Expected ~133% CAGR (2yr) | Revenue CAGR 61% | Profit CAGR 115% | ROCE trend rising ↑ | Promoter 74% holding | PEG 0.27 — deeply undervalued,Pattern still forming (not broken out),3-4 years,Medium-High,"yfinance, screener.in",100,111,,2026-06-27,2026-06-01,26,0.0,3,-5.0
KAPSTON,Kapston Services Limited,Industrials,Specialty Business Services,1055.0,Small-Cap,MonthlyDoubleBottom,Forming,0.622,14,Sep 14mo | Mid rally 72% | Asymmetry 9%,,Uptrend,True,False,Tight-Above-MAs,True,Stage2,4,Uptrend,Uptrend,325.05,65.23,36.33,276.29,388.5,483.29,601.21,483.29,48.7,21.9,37.47,,9.07,1.54,27.96,0.0,,,0,none,27.4,14.9,2.0,5.0,0.5,3.39,7.7,20.46,,,55.56,,,24.3,1.0,steady compounder (low CV),1.58,,1.43,,-17.41,-1.65,72.87,0.0,,,,,,433.5,230.9,25.0,40.8,43.92,332.06,0.43,0.17,5,20.0,22.96,1.0,7.0,51.0,WATCH ⭐⭐,Expected ~22% CAGR (2yr) | Revenue CAGR 17% | Profit CAGR 24% | ROE 27% | ROCE trend rising ↑ | Promoter 73% holding,High D/E 1.6 | Pattern still forming (not broken out),3-4 years,Medium-High,"yfinance, screener.in",80,98,,2026-06-27,2026-06-01,26,0.0,3,-8.0
WINDLAS,Windlas Biotech Limited,Healthcare,Drug Manufacturers - Specialty & Generic,1684.0,Small-Cap,MonthlyAscTriangle,Forming,1.0,3,3 resistance tests | Support rise 238% | Resistance flat 8.2%,MonthlyAscTriangle+MonthlyDoubleBottom+MonthlyStage2,Sideways,False,False,Below-MAs,True,Stage2,5,Uptrend,Uptrend,767.4,1132.84,195.75,652.29,1442.98,2069.93,1919.97,1664.47,169.7,64.2,26.18,,3.21,1.71,14.2,71.0,18.34,,0,none,12.2,15.9,-0.14,12.0,-0.06,7.35,5.55,18.95,20.79,16.13,8.2,15.35,32.77,-1.8,0.15,highly inconsistent earnings,0.06,,1.95,,20.85,1.24,63.31,1.41,,0.99,0.39,10.2,-1.6,1097.9,697.4,30.1,10.0,-5.59,140.0,0.5,0.27,5,27.0,18.0,6.0,0.0,51.0,WATCH ⭐⭐,Expected ~64% CAGR (2yr) | Revenue CAGR 21% | Nearly debt-free | Promoter 63% holding | Promoters buying ↑ | Piotroski F=5 (above average quality),Pattern still forming (not broken out),3-4 years,Medium-High,"yfinance, screener.in",100,58,,2026-06-27,2026-06-01,26,0.0,3,-1.0
ESCORTS,Escorts Kubota Limited,Industrials,Farm & Heavy Construction Machinery,31041.0,Large-Cap,MonthlyDoubleBottom,Forming,0.875,14,Sep 14mo | Mid rally 88% | Asymmetry 0%,,Downtrend,False,False,Below-MAs,False,Stage2,4,Uptrend,Uptrend,2761.4,976.3,520.15,2347.19,6800.63,7705.25,16439.87,10573.62,179.0,67.0,22.73,19.86,2.51,0.41,16.2,117.0,37.0,3402.71,17,hold,11.9,15.7,-1.8,13.0,-0.51,20.75,5.37,12.65,11.04,10.47,89.25,55.48,22.38,0.7,0.15,highly inconsistent earnings,0.01,,3.26,,1400.26,4.51,68.04,0.0,,5.71,0.46,11.66,-0.54,4180.0,2700.0,33.9,2.3,-12.31,-8.86,0.46,0.32,5,25.0,14.0,12.0,0.0,51.0,WATCH ⭐⭐,Expected ~67% CAGR (2yr) | Profit CAGR 55% | Nearly debt-free | Promoter 68% holding | Margin compressing ↓ ⚠️ | FCF yield 4.5%,Margin compression ↓ | Earnings due 2026-08-03 | Pattern still forming (not broken out),3-4 years,Medium-High,"yfinance, screener.in",100,366,2026-08-03,2026-06-27,2026-06-01,26,-4.5,3,0.0
PIDILITIND,Pidilite Industries Limited,Basic Materials,Specialty Chemicals,160798.0,Large-Cap,MonthlyDoubleBottom,Forming,0.288,29,Sep 29mo | Mid rally 33% | Asymmetry 4%,MonthlyDoubleBottom+MonthlyStage2,Sideways,False,False,Below-MAs,True,Stage2,1,Uptrend,Uptrend,1455.8,1695.86,1252.42,1237.43,593.62,2139.3,915.99,737.4,47.0,21.2,65.8,51.97,14.85,2.72,44.69,63.0,25.99,1631.05,20,buy,23.9,31.0,1.03,24.0,0.63,16.77,13.26,11.12,7.36,14.89,17.89,24.22,17.02,37.2,0.4,lumpy earner,0.04,,2.38,,1837.48,1.14,69.32,0.0,,11.75,-0.26,9.56,0.35,1595.0,1259.0,8.7,15.6,3.7,-8.79,1.29,0.37,6,35.0,10.96,0.0,5.0,51.0,WATCH ⭐⭐,Expected ~21% CAGR (2yr) | Profit CAGR 24% | ROE 24% | ROCE 31% | ROCE trend rising ↑ | Nearly debt-free,High PE 66 | Earnings due 2026-05-07 | Pattern still forming (not broken out),3-4 years,Medium-High,"yfinance, screener.in",100,287,2026-05-07,2026-06-27,2026-06-01,26,0.0,3,2.0
SPAL,S.P. Apparels Limited,Consumer Cyclical,Apparel Manufacturing,2585.0,Small-Cap,MonthlyStage2,Breaking Out,1.0,24,10-EMA=779 | 30-EMA=719 | Above by 26.4% | MA turning=Yes,MonthlyDoubleBottom+MonthlyStage2,Uptrend,True,False,Uptrend,True,Stage2,3,Uptrend,Uptrend,908.5,718.61,674.15,772.23,1451.87,1550.02,1654.8,1550.02,70.6,30.6,25.64,16.43,2.73,3.79,13.42,19.0,60.0,915.5,2,none,11.2,14.0,0.34,13.0,-0.83,6.39,6.97,13.19,13.46,19.35,6.32,6.76,18.62,-38.8,0.15,highly inconsistent earnings,0.45,,1.32,,74.78,2.89,61.81,-0.12,,1.48,-0.35,16.57,-2.15,1084.0,600.0,16.2,51.4,15.32,82.27,2.52,-0.09,5,15.0,28.0,4.0,4.0,51.0,WATCH ⭐⭐,Expected ~31% CAGR (2yr) | ROCE trend rising ↑ | Promoter 62% holding | Margin compressing ↓ ⚠️ | Piotroski F=5 (above average quality) | Dividend growing 60%/yr,Margin compression ↓,3-4 years,Medium-High,"yfinance, screener.in",100,119,,2026-06-27,2026-06-01,26,15.9,3,2.9
SHRIPISTON,SPR Auto Technologies Limited,Consumer Cyclical,Auto Parts,16473.0,Mid-Cap,None,,0.0,0,,,Uptrend,True,False,Uptrend,True,Stage2,3,Uptrend,Uptrend,3733.1,,,3173.13,7292.52,9044.92,11218.41,9044.92,142.3,55.7,29.85,19.57,5.68,1.24,,27.0,-12.64,4850.0,1,none,21.6,21.0,2.31,20.0,1.37,8.02,,25.61,19.56,22.8,8.72,24.03,44.52,-50.6,0.4,lumpy earner,,,1.94,,,,43.75,0.0,,7.65,1.03,12.89,-0.25,3860.0,2301.2,3.3,62.2,60.68,159.58,,,4,24.0,13.0,4.0,10.0,51.0,WATCH ⭐⭐,Expected ~56% CAGR (2yr) | Revenue CAGR 20% | Profit CAGR 24% | ROE 22% | ROCE 21% | ROCE trend rising ↑,None identified,3-4 years,Medium-High,"yfinance, screener.in",70,121,,2026-06-27,2026-06-01,26,12.6,3,3.0
ADANIPOWER,Adani Power Limited,Utilities,Utilities - Independent Power Producers,446942.0,Large-Cap,MonthlyDoubleBottom,Forming,0.774,13,Sep 13mo | Mid rally 86% | Asymmetry 9%,,Uptrend,True,False,Tight-Above-MAs,True,Stage2,4,Uptrend,Uptrend,223.07,179.17,92.4,189.61,163.17,265.94,185.21,173.84,19.2,9.2,34.96,26.89,6.88,5.34,25.36,0.0,,229.5,8,buy,21.1,17.2,1.77,37.0,1.03,23.66,7.48,-3.49,11.84,15.65,1.73,6.54,59.16,52.3,0.15,highly inconsistent earnings,0.82,,1.41,,-8656.76,-1.94,74.96,0.0,,11.73,0.09,3.69,0.28,254.2,105.65,12.2,111.1,94.28,288.52,0.45,0.5,5,18.0,24.79,0.0,8.0,50.8,WATCH ⭐⭐,Expected ~9% CAGR (2yr) | ROE 21% | ROCE trend rising ↑ | Promoter 75% holding | OPM 37% | Piotroski F=5 (above average quality),Earnings due 2026-04-29 | Pattern still forming (not broken out),3-4 years,Medium-High,"yfinance, screener.in",100,203,2026-04-29,2026-06-27,2026-06-01,26,1.8,3,1.0
KANPRPLA,Kanpur Plastipack Limited,Consumer Cyclical,Packaging & Containers,458.0,Micro-Cap,MonthlyDoubleBottom,Forming,0.69,16,Sep 16mo | Mid rally 75% | Asymmetry 6%,,Downtrend,False,False,Below-MAs,True,Stage2,3,Uptrend,Uptrend,193.47,148.82,82.49,164.45,2276.26,4903.98,10565.13,4903.98,2434.7,403.5,10.99,,1.71,0.1,8.58,47.0,-9.14,,0,none,17.2,17.9,-0.4,9.0,-0.54,5.5,6.93,14.67,14.74,9.78,263.64,115.44,5.92,400.0,0.15,highly inconsistent earnings,0.42,,1.74,,16.89,3.69,68.12,0.49,,0.0,0.0,1.48,0.37,247.0,151.25,21.7,27.9,1.04,62.85,0.6,0.48,5,24.0,11.78,13.0,2.0,50.8,WATCH ⭐⭐,Expected ~404% CAGR (2yr) | Profit CAGR 115% | Promoter 68% holding | Margin compressing ↓ ⚠️ | FCF yield 3.7% | Piotroski F=5 (above average quality),Margin compression ↓ | Pattern still forming (not broken out),3-4 years,Medium-High,"yfinance, screener.in",100,65,,2026-06-27,2026-06-01,26,0.0,3,1.0
DATAMATICS,Datamatics Global Services Limited,Technology,Information Technology Services,4737.0,Small-Cap,MonthlyStage2,Stage Change,0.934,24,10-EMA=757 | 30-EMA=683 | Above by 14.0% | MA turning=Yes,MonthlyDoubleBottom+MonthlyStage2,Sideways-Above-MA,True,False,Constructive,True,Downtrend,0,Uptrend,Uptrend,778.4,682.76,569.21,661.64,840.69,855.57,870.71,855.57,9.9,4.8,24.39,16.36,3.07,13.78,11.8,62.0,58.74,920.0,1,none,16.4,20.8,0.31,19.0,0.71,9.77,8.15,15.32,10.84,11.58,-5.34,1.77,18.35,-1.4,0.15,highly inconsistent earnings,0.14,,1.99,,409.59,8.65,66.33,0.0,,0.48,-0.05,0.11,-0.02,1120.0,593.95,30.5,31.1,-15.56,22.99,0.25,-0.01,6,26.0,20.71,4.0,0.0,50.7,WATCH ⭐⭐,Expected ~5% CAGR (2yr) | ROCE 21% | ROCE trend rising ↑ | Low D/E 0.14 | Promoter 66% holding | FCF yield 8.6%,None identified,3-4 years,Medium-High,"yfinance, screener.in",100,266,,2026-06-27,2026-06-01,26,5.2,3,-0.2
NAZARA,Nazara Technologies Limited,Communication Services,Electronic Gaming & Multimedia,11016.0,Mid-Cap,MonthlyStage2,Stage Change,1.0,24,10-EMA=270 | 30-EMA=250 | Above by 17.8% | MA turning=Yes,MonthlyDoubleBottom+MonthlyStage2,Sideways-Above-MA,True,False,Constructive,True,Downtrend,0,Uptrend,Uptrend,294.95,250.43,217.27,250.71,893.6,709.58,1088.34,986.17,140.6,55.1,10.93,40.18,3.16,1.05,49.45,0.0,,294.7,10,none,30.5,27.2,3.11,-2.0,-2.17,5.24,0.34,12.62,18.79,32.14,60.78,10.36,42.41,79471.4,0.15,highly inconsistent earnings,0.06,,2.05,,157.85,1.43,35.45,0.0,,13.3,1.32,2.16,-1.46,363.25,215.7,18.8,36.7,-1.43,40.11,1.27,0.09,6,25.0,21.5,3.0,1.0,50.5,WATCH ⭐⭐,Expected ~55% CAGR (2yr) | Revenue CAGR 19% | ROE 30% | ROCE 27% | ROCE trend rising ↑ | Nearly debt-free,Margin compression ↓,3-4 years,Medium-High,"yfinance, screener.in",100,63,,2026-06-27,2026-06-01,26,0.0,3,-3.0
DHANUKA,Dhanuka Agritech Limited,Basic Materials,Agricultural Inputs,4762.0,Small-Cap,MonthlyDoubleBottom,Forming,1.0,24,Sep 24mo | Mid rally 117% | Asymmetry 4%,,Downtrend,False,False,Below-MAs,False,Stage2,1,Uptrend,Uptrend,1081.2,1975.0,889.6,919.02,1564.89,3060.4,1978.1,1759.4,183.1,68.2,16.78,13.65,2.86,1.35,11.28,19.0,-47.72,1414.38,8,none,22.0,28.3,-0.57,20.0,0.66,14.22,10.87,15.69,11.25,12.69,24.27,12.43,16.07,29.5,0.15,highly inconsistent earnings,0.02,,4.09,,112.15,2.35,69.72,0.0,,1.93,-0.21,19.43,0.65,1975.0,889.6,45.3,21.5,-38.71,25.64,0.31,0.29,6,27.0,16.5,7.0,0.0,50.5,WATCH ⭐⭐,Expected ~68% CAGR (2yr) | ROE 22% | ROCE 28% | Nearly debt-free | Promoter 70% holding | Piotroski F=6 (above average quality),Pattern still forming (not broken out),3-4 years,Medium-High,"yfinance, screener.in",100,181,,2026-06-27,2026-06-01,26,-8.5,3,-2.0
GODREJPROP,Godrej Properties Limited,Real Estate,Real Estate - Development,54097.0,Large-Cap,MonthlyDoubleBottom,Forming,1.0,17,Sep 17mo | Mid rally 146% | Asymmetry 10%,,Sideways,False,False,Below-MAs,True,Stage2,3,Uptrend,Uptrend,1691.4,1189.25,460.4,1437.69,2991.45,3476.95,6172.96,4297.22,105.6,43.4,29.24,17.57,2.82,0.67,-147.81,56.0,12.76,2246.55,22,buy,10.2,8.28,1.17,-9.0,6.86,36.06,-0.48,4.23,31.59,46.32,32.54,43.65,46.37,70.1,0.4,lumpy earner,0.82,,1.27,,-4857.33,-8.98,51.66,4.49,,26.17,-1.98,8.19,-2.59,2450.9,1434.0,31.0,17.9,-14.94,-22.41,0.3,0.43,3,23.0,18.5,9.0,0.0,50.5,WATCH ⭐⭐,Expected ~43% CAGR (2yr) | Revenue CAGR 32% | Profit CAGR 44% | ROCE trend rising ↑ | Promoter 52% holding | Promoters buying ↑,Earnings due 2026-07-30 | Pattern still forming (not broken out),3-4 years,Medium-High,"yfinance, screener.in",100,198,2026-07-30,2026-06-27,2026-06-01,26,-1.4,3,0.0
IRCTC,Indian Railway Catering & Tourism Corporation Limited,Consumer Cyclical,Travel Services,41568.0,Large-Cap,MonthlyDoubleBottom,Forming,1.0,44,Sep 44mo | Mid rally 116% | Asymmetry 8%,,Downtrend,False,False,Below-MAs,False,Stage2,3,Uptrend,Uptrend,529.8,1108.01,492.65,468.02,805.89,1723.37,1001.18,898.24,225.3,80.4,29.84,22.84,9.65,2.6,23.28,183.0,-24.09,654.12,8,none,34.6,46.1,-4.0,32.0,-1.3,26.72,14.05,11.55,13.77,,5.93,11.46,,-8.9,0.75,consistent growth,0.02,,2.15,,1005.71,2.42,62.4,0.0,,4.86,-2.33,14.86,0.84,798.6,492.65,33.7,7.5,-23.53,-36.39,0.6,0.11,5,30.0,16.5,4.0,0.0,50.5,WATCH ⭐⭐,Expected ~80% CAGR (2yr) | ROE 35% | ROCE 46% | Nearly debt-free | Promoter 62% holding | OPM 32%,Margin compression ↓ | Earnings due 2026-08-13 | Pattern still forming (not broken out),3-4 years,Medium-High,"yfinance, screener.in",100,80,2026-08-13,2026-06-27,2026-06-01,26,0.0,3,0.0
SURANAT&P,Surana Telecom and Power Limited,Utilities,Utilities - Independent Power Producers,263.0,Micro-Cap,MonthlyDoubleBottom,Forming,1.0,33,Sep 33mo | Mid rally 396% | Asymmetry 8%,MonthlyDoubleBottom+MonthlyStage2,Sideways,False,False,Below-MAs,True,Stage2,4,Uptrend,Uptrend,18.64,11.01,2.13,15.84,60.23,98.7,161.73,98.7,429.5,130.1,12.17,,1.63,0.19,-146.06,0.0,6.27,,0,none,14.7,13.4,0.74,-5.0,-12.09,40.8,-2.65,281.25,29.64,16.03,-4.35,63.86,48.96,-7.1,0.15,highly inconsistent earnings,0.34,,2.28,,-117.0,-44.54,71.89,0.38,,0.0,0.0,0.05,0.0,26.78,15.5,30.4,20.3,4.05,75.58,0.23,0.28,3,22.0,19.5,8.0,1.0,50.5,WATCH ⭐⭐,Expected ~130% CAGR (2yr) | Revenue CAGR 30% | Profit CAGR 64% | ROCE trend rising ↑ | Promoter 72% holding | Margin compressing ↓ ⚠️,Margin compression ↓ | Pattern still forming (not broken out),3-4 years,Medium-High,"yfinance, screener.in",100,287,,2026-06-27,2026-06-01,26,0.0,3,0.0
XCHANGING,Xchanging Solutions Limited,Technology,Information Technology Services,704.0,Small-Cap,MonthlyDoubleBottom,Forming,1.0,32,Sep 32mo | Mid rally 210% | Asymmetry 1%,,Sideways,False,False,Below-MAs,True,Downtrend,0,Uptrend,Uptrend,66.62,80.36,25.74,56.63,183.13,200.44,219.38,200.44,200.9,73.5,11.84,,1.92,1.25,6.75,316.0,-89.47,,0,none,15.8,18.0,1.23,34.0,0.66,29.3,8.34,9.73,5.27,0.7,18.0,9.45,-0.99,10.9,0.15,highly inconsistent earnings,0.18,,4.97,,29.48,4.19,75.0,0.0,,0.11,0.1,0.29,0.0,103.0,47.5,35.3,40.3,-23.3,-22.43,0.31,0.58,6,24.0,18.5,8.0,0.0,50.5,WATCH ⭐⭐,Expected ~74% CAGR (2yr) | ROCE trend rising ↑ | Low D/E 0.18 | Promoter 75% holding | OPM 34% | FCF yield 4.2%,Pattern still forming (not broken out),3-4 years,Medium-High,"yfinance, screener.in",100,255,,2026-06-27,2026-06-01,26,0.0,3,0.0
INNOVACAP,Innova Captab Limited,Healthcare,Drug Manufacturers - Specialty & Generic,5434.0,Small-Cap,MonthlyStage2,Stage Change,1.0,24,10-EMA=774 | 30-EMA=742 | Above by 17.7% | MA turning=Yes,MonthlyDoubleBottom+MonthlyStage2,Sideways-Above-MA,True,True,Constructive,True,Stage2,5,Uptrend,Uptrend,873.3,742.21,507.05,742.3,1406.2,1793.18,2286.67,1793.18,105.3,43.3,38.62,21.29,4.98,1.4,24.74,42.0,,1078.5,2,none,13.7,15.0,-3.37,15.0,0.6,8.64,6.83,31.03,20.74,31.73,10.16,27.52,32.91,28.8,0.15,highly inconsistent earnings,0.32,,1.87,,-26.78,-0.49,50.9,0.0,,0.23,0.13,20.14,-0.1,978.0,622.0,10.7,40.4,9.71,,1.42,0.01,5,19.0,22.5,4.0,5.0,50.5,WATCH ⭐⭐,Expected ~43% CAGR (2yr) | Revenue CAGR 21% | Profit CAGR 28% | Promoter 51% holding | Piotroski F=5 (above average quality) | PEG 1.40 — fair value,None identified,3-4 years,Medium-High,"yfinance, screener.in",100,30,,2026-06-27,2026-06-01,26,0.0,3,1.0
MOTILALOFS,Motilal Oswal Financial Services Limited,Financial Services,Capital Markets,57412.0,Large-Cap,MonthlyDoubleBottom,Forming,1.0,40,Sep 40mo | Mid rally 267% | Asymmetry 2%,MonthlyDoubleBottom+MonthlyStage2,Sideways-Above-MA,True,False,Below-MAs,True,Stage2,12,Uptrend,Uptrend,850.95,1525.03,411.93,723.31,736.71,2638.13,1170.35,928.55,210.0,76.1,31.45,15.91,4.44,1.21,,115.0,33.89,1113.0,5,strong_buy,15.6,12.6,-1.06,41.0,-1.29,23.45,4.83,12.4,30.91,20.92,-25.36,26.04,8.15,,0.15,highly inconsistent earnings,1.64,,5.63,,,,67.54,-0.08,,7.03,0.1,6.02,-0.4,1097.1,614.9,22.4,38.4,6.31,-2.89,0.5,0.21,3,19.0,21.5,7.0,3.0,50.5,WATCH ⭐⭐,Expected ~76% CAGR (2yr) | Revenue CAGR 31% | Profit CAGR 26% | Promoter 68% holding | OPM 41% | Margin compressing ↓ ⚠️,High D/E 1.6 | Margin compression ↓ | Pattern still forming (not broken out),3-4 years,Medium-High,"yfinance, screener.in",90,225,,2026-06-27,2026-06-01,26,0.0,3,1.0
LINCOLN,Lincoln Pharmaceuticals Limited,Healthcare,Drug Manufacturers - Specialty & Generic,1231.0,Small-Cap,MonthlyStage2,Stage Change,1.0,24,10-EMA=592 | 30-EMA=559 | Above by 27.2% | MA turning=Yes,MonthlyCupHandle+MonthlyDoubleBottom+MonthlyStage2,Uptrend,True,True,Tight-Above-MAs,True,Stage2,5,Uptrend,Uptrend,710.35,558.63,456.45,603.8,2063.04,2195.7,2336.88,2195.7,209.1,75.8,14.0,,1.62,2.18,10.18,29.0,6.27,,0,none,12.3,16.3,-1.89,15.0,-1.23,13.1,6.16,7.7,9.58,9.62,7.32,6.43,7.26,0.5,0.15,highly inconsistent earnings,0.01,,5.25,,2.59,0.21,49.78,0.0,,5.2,0.5,1.08,1.07,770.0,440.0,7.7,61.4,33.68,54.55,0.77,0.35,4,11.0,28.5,4.0,7.0,50.5,WATCH ⭐⭐,Expected ~76% CAGR (2yr) | Nearly debt-free | Margin compressing ↓ ⚠️ | DII buying +1.1% ↑ | EV/EBITDA 10× below sector (22×) | MonthlyStage2 forming (24mo base),Margin compression ↓,3-4 years,Medium-High,"yfinance, screener.in",100,126,,2026-06-27,2026-06-01,26,0.0,3,2.0
INDIAMART,IndiaMART InterMESH Limited,Communication Services,Internet Content & Information,12565.0,Mid-Cap,MonthlyDoubleBottom,Forming,0.735,33,Sep 33mo | Mid rally 78% | Asymmetry 5%,,Downtrend,False,False,Below-MAs,False,Downtrend,0,Uptrend,Uptrend,1982.6,3241.48,1779.33,1690.36,2661.62,4703.63,3750.14,3159.34,137.2,54.0,26.53,20.27,5.23,1.42,18.16,144.0,81.71,2332.11,18,none,20.7,28.0,-0.4,30.0,-3.11,30.25,7.16,13.04,16.79,18.55,-13.79,18.7,11.15,-72.2,0.15,highly inconsistent earnings,0.01,,2.34,,503.42,4.01,49.12,0.0,,19.17,0.89,13.54,-2.87,2799.0,1911.0,29.2,3.7,-14.37,-50.22,0.5,0.23,5,32.0,12.32,6.0,0.0,50.3,WATCH ⭐⭐,Expected ~54% CAGR (2yr) | Revenue CAGR 17% | ROE 21% | ROCE 28% | Nearly debt-free | OPM 30%,Margin compression ↓ | Earnings due 2026-07-17 | Pattern still forming (not broken out),3-4 years,Medium-High,"yfinance, screener.in",100,83,2026-07-17,2026-06-27,2026-06-01,26,0.0,3,-2.0
FORCEMOT,Force Motors Limited,Consumer Cyclical,Auto Manufacturers,24557.0,Mid-Cap,None,,0.0,0,,,Downtrend,False,False,Below-MAs,False,Stage2,3,Uptrend,Uptrend,17892.0,,,15208.2,110267.77,229742.91,478669.35,229742.91,1184.1,258.3,20.28,,5.96,0.19,16.29,21.0,58.74,,0,none,29.2,36.1,9.23,16.0,3.37,13.38,12.82,12.2,21.67,35.43,51.31,108.35,53.33,-35.9,0.2,multiple loss years in history,,,1.87,,-98.59,-0.4,61.63,0.0,,10.93,0.47,1.75,-0.05,26450.0,13627.0,32.4,31.3,10.45,536.15,,0.52,6,33.0,3.0,12.0,2.0,50.0,WATCH ⭐⭐,Expected ~258% CAGR (2yr) | Revenue CAGR 22% | Profit CAGR 108% | ROE 29% | ROCE 36% | ROCE trend rising ↑,None identified,3-4 years,Medium-High,"yfinance, screener.in",90,82,,2026-06-27,2026-06-01,26,-6.8,3,-2.0
THERMAX,Thermax Limited,Industrials,Conglomerates,52972.0,Large-Cap,MonthlyStage2,Breaking Out,1.0,24,10-EMA=3575 | 30-EMA=3451 | Above by 28.0% | MA turning=Yes,MonthlyDoubleBottom+MonthlyStage2,Uptrend,True,False,Uptrend,True,Stage2,4,Uptrend,Uptrend,4416.6,3451.42,2878.0,3754.11,2347.0,4024.84,3205.68,2742.94,,,73.53,48.72,9.55,4.36,51.55,30.0,15.87,4409.36,22,hold,12.9,14.9,1.11,10.0,0.66,6.74,4.04,2.94,9.75,17.42,14.83,16.87,28.31,18.7,0.4,lumpy earner,0.42,,1.22,,-311.12,-0.59,61.99,0.0,,11.25,-1.11,15.49,0.65,5075.0,2742.7,13.0,61.0,37.41,72.87,1.88,0.3,4,15.0,28.0,-1.0,8.0,50.0,WATCH ⭐⭐,ROCE trend rising ↑ | Promoter 62% holding | DII buying +0.7% ↑ | Dividend growing 16%/yr | MonthlyStage2 — Breaking Out | Weekly uptrend,High PE 74 | Earnings due 2026-07-30,3-4 years,Medium-High,"yfinance, screener.in",100,287,2026-07-30,2026-06-27,2026-06-01,26,0.0,3,-2.0
AXISCADES,AXISCADES Technologies Limited,Industrials,Engineering & Construction,8265.0,Mid-Cap,MonthlyDoubleBottom,Breakout Ready,1.0,7,Sep 7mo | Mid rally 108% | Asymmetry 0%,,Sideways-Above-MA,True,False,Constructive,False,Stage2,4,Uptrend,Uptrend,1947.6,129.0,62.0,1655.46,892.57,1305.74,1910.17,1305.74,,,114.91,,11.38,2.48,48.58,0.0,,,0,none,11.5,15.3,0.17,15.0,0.49,6.21,6.42,12.42,12.13,17.21,-4.0,46.29,36.85,-98.6,0.2,multiple loss years in history,0.53,,1.53,,-152.07,-1.84,58.05,0.0,,1.16,-0.29,1.63,0.69,2211.0,1063.3,11.9,83.2,51.57,280.0,1.28,0.26,5,19.0,24.0,-1.0,8.0,50.0,WATCH ⭐⭐,Profit CAGR 46% | ROCE trend rising ↑ | Promoter 58% holding | Piotroski F=5 (above average quality) | DII buying +0.7% ↑ | MonthlyDoubleBottom — Breakout Ready,High PE 115,3-4 years,Medium-High,"yfinance, screener.in",100,288,,2026-06-27,2026-06-01,26,-4.7,3,2.0
INDHOTEL,The Indian Hotels Company Limited,Consumer Cyclical,Lodging,103163.0,Large-Cap,MonthlyDoubleBottom,Forming,0.614,44,Sep 44mo | Mid rally 68% | Asymmetry 7%,MonthlyDoubleBottom+MonthlyStage2,Sideways,False,False,Below-MAs,True,Stage2,3,Uptrend,Uptrend,652.75,155.69,89.7,554.84,838.06,964.76,1389.0,1078.92,47.8,21.6,49.5,39.61,7.9,1.72,31.07,45.0,77.84,793.52,29,buy,14.2,17.1,4.71,33.0,9.74,20.92,9.42,16.24,18.59,43.81,10.26,28.74,49.99,14.9,0.2,multiple loss years in history,0.19,,2.5,,1306.16,1.27,38.12,0.0,,23.23,-1.86,22.58,1.92,811.95,565.0,19.6,15.5,-6.18,45.02,0.54,-0.15,7,29.0,14.87,4.0,2.0,49.9,MONITOR ⭐,Expected ~22% CAGR (2yr) | Revenue CAGR 19% | Profit CAGR 29% | ROCE trend rising ↑ | Low D/E 0.19 | OPM 33%,Earnings due 2026-07-16 | Pattern still forming (not broken out),3-4 years,Medium-High,"yfinance, screener.in",100,287,2026-07-16,2026-06-27,2026-06-01,26,0.0,3,0.0
INDNIPPON,India Nippon Electricals Limited,Consumer Cyclical,Auto Parts,2068.0,Small-Cap,MonthlyDoubleBottom,Forming,0.963,10,Sep 10mo | Mid rally 97% | Asymmetry 1%,MonthlyCupHandle+MonthlyDoubleBottom+MonthlyStage2,Sideways,False,False,Below-MAs,True,Stage2,3,Uptrend,Uptrend,780.3,586.73,296.52,663.25,2832.75,3746.03,4953.75,3746.03,380.1,119.1,18.62,37.33,2.63,0.58,,170.0,18.78,,0,none,13.0,17.1,1.2,11.0,0.49,10.4,6.27,26.39,17.64,17.3,35.37,32.24,22.65,,0.4,lumpy earner,,,2.51,,-11.52,-0.56,70.37,0.0,,0.41,-0.01,0.06,0.0,1099.9,675.0,29.1,15.6,15.22,61.96,0.27,0.39,6,23.0,17.56,6.0,3.0,49.6,MONITOR ⭐,Expected ~119% CAGR (2yr) | Revenue CAGR 18% | Profit CAGR 32% | ROCE trend rising ↑ | Promoter 70% holding | Piotroski F=6 (above average quality),Pattern still forming (not broken out),3-4 years,Medium-High,"yfinance, screener.in",90,287,,2026-06-27,2026-06-01,26,0.0,3,0.0
SIS,SIS Limited,Industrials,Security & Protection Services,6072.0,Small-Cap,MonthlyStage2,Stage Change,1.0,24,10-EMA=358 | 30-EMA=365 | Above by 17.1% | MA turning=No,MonthlyDoubleBottom+MonthlyStage2,Uptrend,True,True,Tight-Above-MAs,True,Stage2,4,Uptrend,Uptrend,428.0,365.44,280.3,363.8,240.77,450.58,240.77,240.77,5.3,2.6,44.44,11.98,2.39,,10.44,326.0,100.0,440.75,4,none,14.2,13.9,-3.0,4.0,-0.54,0.86,4.66,21.18,12.1,11.86,1050.0,-26.39,-17.77,,0.15,highly inconsistent earnings,0.7,,1.45,,324.0,5.34,71.88,-0.14,,12.56,0.79,6.62,-0.53,444.3,257.05,3.7,66.5,17.65,-19.5,1.17,0.31,4,10.0,28.5,5.0,6.0,49.5,MONITOR ⭐,Expected ~3% CAGR (2yr) | Declining profits (-26% CAGR) ⚠️ | Promoter 72% holding | Margin compressing ↓ ⚠️ | FCF yield 5.3% | FII buying +0.8% ↑,Margin compression ↓,3-4 years,Medium-High,"yfinance, screener.in",100,107,,2026-06-27,2026-06-01,26,5.9,3,-0.5
TIMETECHNO,Time Technoplast Limited,Consumer Cyclical,Packaging & Containers,8807.0,Mid-Cap,MonthlyDoubleBottom,Forming,1.0,27,Sep 27mo | Mid rally 198% | Asymmetry 4%,MonthlyDoubleBottom+MonthlyStage2,Downtrend,False,False,Below-MAs,False,Stage2,3,Uptrend,Uptrend,172.69,107.47,35.27,146.79,613.57,789.36,1015.51,789.36,357.1,113.8,17.86,12.74,2.15,0.62,10.03,70.0,35.72,280.0,1,none,13.4,16.7,1.66,15.0,0.31,7.67,8.94,11.87,12.49,15.23,21.07,28.65,35.1,20.4,0.4,lumpy earner,0.18,,3.63,,-487.52,-5.54,47.57,0.06,,10.88,-0.78,17.37,0.67,249.15,154.0,30.7,12.1,-14.08,173.19,0.68,0.3,6,23.0,16.5,10.0,0.0,49.5,MONITOR ⭐,Expected ~114% CAGR (2yr) | Profit CAGR 29% | ROCE trend rising ↑ | Low D/E 0.18 | Piotroski F=6 (above average quality) | DII buying +0.7% ↑,Pattern still forming (not broken out),3-4 years,Medium-High,"yfinance, screener.in",100,228,,2026-06-27,2026-06-01,26,0.0,3,0.0
VEEDOL,Veedol Corporation Limited,Basic Materials,Specialty Chemicals,2519.0,Small-Cap,MonthlyDoubleBottom,Forming,1.0,43,Sep 43mo | Mid rally 344% | Asymmetry 9%,,Sideways,False,False,Below-MAs,True,Stage2,1,Uptrend,Uptrend,1425.9,3109.05,670.89,1212.02,2780.61,5547.21,3913.17,3298.63,289.0,97.2,13.14,,2.58,0.71,10.27,391.0,-32.24,,0,none,19.7,24.2,-0.0,10.0,-0.4,8.84,9.06,10.1,5.37,11.51,13.61,18.63,6.37,-3.8,0.15,highly inconsistent earnings,0.01,,2.95,,104.96,4.17,64.58,0.0,,1.06,-0.11,1.17,0.0,2035.0,1238.2,29.9,15.2,-4.74,33.42,0.36,0.35,4,22.0,19.5,8.0,0.0,49.5,MONITOR ⭐,Expected ~97% CAGR (2yr) | ROCE 24% | Nearly debt-free | Promoter 65% holding | FCF yield 4.2% | PEG 0.71 — undervalued,Pattern still forming (not broken out),3-4 years,Medium-High,"yfinance, screener.in",100,233,,2026-06-27,2026-06-01,26,0.0,3,0.0
TECHNOE,Techno Electric & Engineering Company Limited,Industrials,Engineering & Construction,12552.0,Mid-Cap,MonthlyDoubleBottom,Forming,1.0,34,Sep 34mo | Mid rally 107% | Asymmetry 4%,MonthlyDoubleBottom+MonthlyStage2,Downtrend,False,False,Below-MAs,False,Stage2,4,Uptrend,Uptrend,1193.9,409.79,194.21,1014.82,2092.1,2295.55,3889.49,2852.58,92.3,38.7,28.01,17.05,3.02,0.77,22.28,83.0,65.1,1460.0,3,none,11.4,14.8,0.6,14.0,-1.43,14.57,5.06,43.32,57.65,29.76,12.06,36.35,21.1,-15.0,0.15,highly inconsistent earnings,0.02,,4.06,,-870.88,-6.94,56.93,0.0,,8.65,0.12,22.72,-0.33,1654.0,870.0,27.8,37.2,-17.21,212.61,0.45,0.77,4,25.0,16.5,8.0,0.0,49.5,MONITOR ⭐,Expected ~39% CAGR (2yr) | Revenue CAGR 58% | Profit CAGR 36% | ROCE trend rising ↑ | Nearly debt-free | Promoter 57% holding,Margin compression ↓ | Pattern still forming (not broken out),3-4 years,Medium-High,"yfinance, screener.in",100,230,,2026-06-27,2026-06-01,26,0.0,3,2.0
FORTIS,Fortis Healthcare Limited,Healthcare,Medical Care Facilities,72699.0,Large-Cap,MonthlyDoubleBottom,Forming,1.0,29,Sep 29mo | Mid rally 147% | Asymmetry 0%,,Uptrend,True,False,Tight-Above-MAs,True,Stage2,5,Uptrend,Uptrend,990.35,186.33,75.52,841.8,748.47,975.92,1058.12,889.93,,,69.93,41.18,7.35,3.7,36.4,10.0,0.0,1104.89,19,strong_buy,11.3,13.5,1.74,23.0,1.97,11.41,6.89,17.28,13.17,17.76,31.52,18.9,63.52,44.6,0.15,highly inconsistent earnings,0.34,,0.86,,173.28,0.24,31.17,0.0,,25.98,-1.86,31.35,2.02,1104.3,746.0,10.3,32.8,20.26,168.57,0.39,0.65,6,15.0,28.5,0.0,6.0,49.5,MONITOR ⭐,ROCE trend rising ↑ | Piotroski F=6 (above average quality) | DII buying +2.0% ↑ | MonthlyDoubleBottom forming (29mo base) | Weekly uptrend | Tight daily consolidation above MAs,High PE 70 | Earnings due 2026-08-06 | Pattern still forming (not broken out),3-4 years,Medium-High,"yfinance, screener.in",100,230,2026-08-06,2026-06-27,2026-06-01,26,3.1,3,7.0
KPITTECH,KPIT Technologies Limited,Technology,Software - Infrastructure,20691.0,Mid-Cap,MonthlyDoubleBottom,Forming,0.447,10,Sep 10mo | Mid rally 48% | Asymmetry 3%,,Sideways,False,False,Below-MAs,True,Downtrend,0,Uptrend,Uptrend,743.7,1906.37,1271.82,1208.23,902.91,2540.92,1258.7,1066.07,241.7,84.8,32.68,20.83,5.84,1.81,14.97,109.0,-18.13,838.29,21,none,21.0,26.3,3.23,19.0,0.77,9.87,10.63,10.49,24.25,25.96,-24.17,18.07,34.08,-33.4,0.15,highly inconsistent earnings,0.24,,1.03,,1172.31,5.67,39.41,0.0,,13.25,-0.32,24.65,-0.7,1412.9,624.9,47.4,19.0,-32.77,-53.43,1.77,-0.06,6,33.0,10.36,6.0,0.0,49.4,MONITOR ⭐,Expected ~85% CAGR (2yr) | Revenue CAGR 24% | ROE 21% | ROCE 26% | ROCE trend rising ↑ | Low D/E 0.24,Earnings due 2026-07-29 | Pattern still forming (not broken out),3-4 years,Medium-High,"yfinance, screener.in",100,86,2026-07-29,2026-06-27,2026-06-01,26,0.0,3,0.0
AURIONPRO,Aurionpro Solutions Limited,Technology,Software - Application,4839.0,Small-Cap,MonthlyDoubleBottom,Forming,0.516,9,Sep 9mo | Mid rally 59% | Asymmetry 8%,,Sideways,False,False,Below-MAs,True,Downtrend,0,Uptrend,Uptrend,777.25,61.34,37.12,660.66,1466.4,1871.42,2388.31,1871.42,140.8,55.2,22.73,15.32,2.71,0.82,15.15,68.0,68.69,1095.0,2,strong_buy,13.4,16.3,3.0,20.0,-0.37,14.83,7.56,20.29,28.89,30.42,12.77,27.62,45.96,22.2,0.75,consistent growth,0.04,,2.41,,-163.96,-3.39,26.88,0.0,,16.29,-0.48,1.25,0.36,1665.9,719.6,53.3,8.0,-38.12,20.32,0.48,-0.34,5,29.0,11.19,9.0,0.0,49.2,MONITOR ⭐,Expected ~55% CAGR (2yr) | Revenue CAGR 29% | Profit CAGR 28% | ROCE trend rising ↑ | Nearly debt-free | EPS: consistent growth,Pattern still forming (not broken out),3-4 years,Medium-High,"yfinance, screener.in",100,249,,2026-06-27,2026-06-01,26,6.3,3,2.0
CRAFTSMAN,Craftsman Automation Limited,Consumer Cyclical,Auto Parts,25648.0,Mid-Cap,MonthlyDoubleBottom,Forming,0.886,13,Sep 13mo | Mid rally 91% | Asymmetry 2%,,Uptrend,True,False,Uptrend,True,Stage2,3,Uptrend,Uptrend,8917.5,7115.25,3696.88,7579.88,7181.65,10533.62,9535.76,8275.41,18.1,8.7,60.97,31.18,7.17,4.0,22.2,11.0,10.06,9161.88,8,none,12.5,13.9,-0.54,15.0,-2.66,4.76,6.19,41.81,36.35,38.91,91.04,15.23,31.68,74.4,0.15,highly inconsistent earnings,1.11,,1.18,,-939.73,-3.66,48.7,0.0,,15.19,-0.83,28.29,3.04,9938.0,5100.0,10.3,74.9,36.81,72.62,0.61,0.27,3,11.0,24.13,4.0,10.0,49.1,MONITOR ⭐,Expected ~9% CAGR (2yr) | Revenue CAGR 36% | Margin compressing ↓ ⚠️ | DII buying +3.0% ↑ | Dividend growing 10%/yr | EV/EBITDA 22× vs sector 25×,High D/E 1.1 | High PE 61 | Margin compression ↓ | Pattern still forming (not broken out),3-4 years,Medium-High,"yfinance, screener.in",100,64,,2026-06-27,2026-06-01,26,4.5,3,-3.0
DIXON,Dixon Technologies (India) Limited,Technology,Consumer Electronics,76106.0,Large-Cap,None,,0.0,0,,,Sideways,False,False,Below-MAs,True,Downtrend,0,Uptrend,Uptrend,11546.0,,,9814.1,15524.21,22084.02,53776.89,28893.66,91.3,38.3,46.51,48.93,13.94,0.54,35.18,6.0,58.74,11869.55,29,buy,37.4,42.0,3.31,4.0,-0.14,2.94,5.13,25.77,58.85,49.94,33.33,86.12,59.35,-36.0,0.15,highly inconsistent earnings,0.18,,1.06,,912.17,1.2,28.69,-0.14,,18.3,-0.38,28.14,-0.92,18471.0,9600.0,37.5,20.3,-26.79,160.92,,-0.1,5,38.0,5.0,6.0,0.0,49.0,MONITOR ⭐,Expected ~38% CAGR (2yr) | Revenue CAGR 59% | Profit CAGR 86% | ROE 37% | ROCE 42% | ROCE trend rising ↑,Earnings due 2026-07-22,3-4 years,Medium-High,"yfinance, screener.in",100,106,2026-07-22,2026-06-27,2026-06-01,26,4.5,3,-2.0
GOODLUCK,Goodluck India Limited,Basic Materials,Steel,4731.0,Small-Cap,MonthlyDoubleBottom,Forming,0.458,17,Sep 17mo | Mid rally 50% | Asymmetry 4%,,Uptrend,True,False,Uptrend,True,Stage2,1,Uptrend,Uptrend,1313.2,1345.67,875.74,1116.22,1426.44,1820.7,2323.95,1820.7,38.6,17.7,25.38,15.61,2.86,0.92,12.84,49.0,-12.64,1653.0,2,none,12.9,14.4,0.37,10.0,0.54,4.41,7.88,4.17,10.1,21.13,10.24,27.64,43.57,30.1,0.15,highly inconsistent earnings,0.73,,1.38,,-225.28,-4.76,56.44,0.0,,1.56,0.08,4.99,0.57,1475.0,915.0,11.0,43.5,24.06,144.01,0.31,-0.09,5,16.0,19.0,6.0,8.0,49.0,MONITOR ⭐,Expected ~18% CAGR (2yr) | Profit CAGR 28% | ROCE trend rising ↑ | Promoter 56% holding | Piotroski F=5 (above average quality) | DII buying +0.6% ↑,Pattern still forming (not broken out),3-4 years,Medium-High,"yfinance, screener.in",100,118,,2026-06-27,2026-06-01,26,-3.3,3,-0.1
DOMS,DOMS Industries Limited,Industrials,Business Equipment & Supplies,13801.0,Mid-Cap,MonthlyDoubleBottom,Forming,0.456,14,Sep 14mo | Mid rally 49% | Asymmetry 3%,MonthlyDoubleBottom+MonthlyStage2,Downtrend,False,False,Below-MAs,False,Stage2,4,Uptrend,Uptrend,2291.0,3060.88,2023.9,1947.35,1815.02,4097.86,3189.85,2406.17,78.9,33.7,60.24,41.17,11.31,1.85,34.68,14.0,26.0,2769.0,10,buy,20.7,24.3,4.94,17.0,2.2,9.89,12.16,21.59,24.27,41.99,12.15,32.57,44.57,17.1,0.15,highly inconsistent earnings,0.11,,2.17,,-86.9,-0.63,70.38,0.0,,7.62,-0.76,19.14,0.86,2770.0,2023.9,17.3,13.2,2.54,,0.7,-0.31,6,35.0,8.97,3.0,2.0,49.0,MONITOR ⭐,Expected ~34% CAGR (2yr) | Revenue CAGR 24% | Profit CAGR 33% | ROE 21% | ROCE 24% | ROCE trend rising ↑,High PE 60 | Pattern still forming (not broken out),3-4 years,Medium-High,"yfinance, screener.in",100,31,,2026-06-27,2026-06-01,26,-1.7,3,0.0
INDIANB,Indian Bank,Financial Services,Banks - Regional,117199.0,Large-Cap,MonthlyDoubleBottom,Forming,0.582,6,Sep 6mo | Mid rally 64% | Asymmetry 6%,,Downtrend,False,False,Below-MAs,False,Stage2,12,Uptrend,Uptrend,817.1,187.63,110.59,694.53,2257.84,2133.51,3702.71,2891.39,161.1,61.6,10.01,8.11,1.46,0.36,,210.0,28.51,996.69,13,strong_buy,15.4,6.32,,46.92,,34.17,1.25,8.81,14.49,11.54,3.93,28.06,30.02,6.4,0.75,consistent growth,,,,,,,73.84,0.0,,5.82,0.18,17.75,-0.07,1000.9,606.0,18.4,34.8,37.95,179.31,0.66,0.28,2,20.0,9.98,11.0,8.0,49.0,MONITOR ⭐,Expected ~62% CAGR (2yr) | Profit CAGR 28% | Promoter 74% holding | OPM 47% | EPS: consistent growth | Dividend growing 29%/yr,Earnings due 2026-07-23 | Pattern still forming (not broken out),3-4 years,Medium-High,"yfinance, screener.in",80,231,2026-07-23,2026-06-27,2026-06-01,26,0.0,3,1.0
SAREGAMA,Saregama India Limited,Communication Services,Entertainment,8943.0,Mid-Cap,MonthlyDoubleBottom,Breakout Ready,1.0,40,Sep 40mo | Mid rally 427% | Asymmetry 2%,MonthlyDoubleBottom+MonthlyStage2,Uptrend,True,False,Constructive,True,Downtrend,0,Uptrend,Uptrend,464.0,86.91,16.33,394.4,296.84,387.41,318.91,307.68,,,43.46,30.48,5.38,11.91,26.6,193.0,44.22,507.0,4,buy,13.0,17.8,-2.83,34.0,-0.2,21.03,7.22,-15.88,10.15,17.38,0.98,3.65,12.76,25.4,0.15,highly inconsistent earnings,0.04,,1.75,,403.43,4.51,60.84,0.45,,12.18,-2.0,7.1,2.06,526.35,307.05,11.8,51.1,1.67,1.54,1.46,0.6,4,20.0,26.0,0.0,3.0,49.0,MONITOR ⭐,Nearly debt-free | Promoter 61% holding | OPM 34% | FCF yield 4.5% | DII buying +2.1% ↑ | Dividend growing 44%/yr,None identified,3-4 years,Medium-High,"yfinance, screener.in",100,288,,2026-06-27,2026-06-01,26,17.7,3,2.0
ELECTHERM,Electrotherm (India) Limited,Basic Materials,Steel,1368.0,Small-Cap,MonthlyStage2,Breaking Out,1.0,24,10-EMA=893 | 30-EMA=786 | Above by 51.5% | MA turning=Yes,MonthlyDoubleBottom+MonthlyStage2,Uptrend,True,True,Tight-Above-MAs,True,Stage2,1,Uptrend,Uptrend,1190.1,785.63,555.35,1011.58,,1015.91,,,,,,,-8.89,,54.62,0.0,0.0,,0,none,,0.45,2.31,1.0,-0.46,-0.42,-0.01,-10.28,6.3,7.95,-103.62,164.08,171.43,-92.7,0.2,multiple loss years in history,,,0.53,,250.96,18.34,29.9,0.0,,5.86,-0.03,0.8,-0.05,1280.4,551.0,7.1,116.0,29.46,1305.68,5.56,0.72,3,15.0,30.0,-1.0,5.0,49.0,MONITOR ⭐,Profit CAGR 164% | ROCE trend rising ↑ | FCF yield 18.3% | MonthlyStage2 — Breaking Out | Weekly uptrend | Weekly volume expanding,None identified,3-4 years,Medium-High,"yfinance, screener.in",70,227,,2026-06-27,2026-06-01,26,70.2,3,14.0
EMCURE,EMCURE PHARMACEUTICALS L,Healthcare,Drug Manufacturers - Specialty & Generic,33684.0,Large-Cap,None,,0.0,0,,,Uptrend,True,False,Uptrend,True,Stage2,5,Uptrend,Uptrend,1736.2,,,1475.77,2515.96,2549.36,3547.9,2987.71,46.8,21.2,36.36,23.84,6.8,1.94,19.61,17.0,,1891.83,6,none,20.1,24.0,-0.2,20.0,-0.97,10.04,9.62,16.57,15.42,12.83,33.1,18.75,17.56,28.8,0.15,highly inconsistent earnings,0.31,,1.43,,311.29,0.92,77.87,0.0,,3.35,-0.24,6.1,0.0,1830.0,1228.9,5.1,41.3,28.05,,,,4,22.0,13.0,6.0,8.0,49.0,MONITOR ⭐,Expected ~21% CAGR (2yr) | Revenue CAGR 15% | ROE 20% | ROCE 24% | Promoter 78% holding | Margin compressing ↓ ⚠️,Margin compression ↓,3-4 years,Medium-High,"yfinance, screener.in",100,24,,2026-06-27,2026-06-15,12,0.0,1,0.0
M&M,Mahindra & Mahindra Limited,Consumer Cyclical,Auto Manufacturers,369210.0,Large-Cap,MonthlyDoubleBottom,Forming,0.864,42,Sep 42mo | Mid rally 91% | Asymmetry 4%,,Downtrend,False,False,Below-MAs,False,Stage2,3,Uptrend,Uptrend,3092.3,930.3,477.38,2628.45,7925.14,7254.54,11008.8,9340.57,134.6,53.2,20.2,19.22,3.69,1.13,10.83,107.0,29.87,4125.49,35,strong_buy,20.8,15.4,1.29,19.0,0.86,8.46,7.07,24.76,17.85,21.74,32.32,17.86,65.23,41.6,0.15,highly inconsistent earnings,1.25,,1.27,,15655.24,4.24,18.45,0.02,,36.23,-1.26,31.37,0.98,3839.9,2896.0,19.5,6.8,5.64,95.56,0.75,0.34,5,21.0,14.87,11.0,2.0,48.9,MONITOR ⭐,Expected ~53% CAGR (2yr) | Revenue CAGR 18% | ROE 21% | ROCE trend rising ↑ | FCF yield 4.2% | Piotroski F=5 (above average quality),High D/E 1.3 | Earnings due 2026-07-30 | Pattern still forming (not broken out),3-4 years,Medium-High,"yfinance, screener.in",100,365,2026-07-30,2026-06-27,2026-06-01,26,0.0,3,0.0
GANDHITUBE,Gandhi Special Tubes Limited,Industrials,Metal Fabrication,1036.0,Small-Cap,MonthlyDoubleBottom,Forming,0.848,34,Sep 34mo | Mid rally 86% | Asymmetry 1%,,Sideways-Above-MA,True,False,Constructive,False,Stage2,4,Uptrend,Uptrend,846.15,515.59,276.77,719.23,1396.1,1396.1,1396.1,1396.1,65.0,28.5,15.15,,3.28,,12.23,176.0,14.47,,0,none,23.51,,,39.49,,35.65,16.0,8.9,,,-21.5,,,-21.6,0.5,insufficient history,0.0,,6.11,,47.37,4.57,73.52,0.0,,1.23,0.0,0.06,-0.03,1031.8,649.5,18.0,30.3,16.81,17.99,0.16,0.75,4,21.0,20.68,4.0,3.0,48.7,MONITOR ⭐,Expected ~28% CAGR (2yr) | Declining profits (-22% CAGR) ⚠️ | ROE 24% | Nearly debt-free | Promoter 74% holding | OPM 39%,Pattern still forming (not broken out),3-4 years,Medium-High,"yfinance, screener.in",70,234,,2026-06-27,2026-06-01,26,-3.0,3,1.0
CANTABIL,Cantabil Retail India Limited,Consumer Cyclical,Apparel Manufacturing,1900.0,Small-Cap,MonthlyDoubleBottom,Forming,0.559,6,Sep 6mo | Mid rally 57% | Asymmetry 1%,,Sideways,False,False,Below-MAs,True,Stage2,3,Uptrend,Uptrend,217.04,331.82,209.63,199.15,713.52,929.0,1209.56,929.0,328.0,106.9,19.84,,3.97,0.66,9.14,66.0,-5.9,,0,none,21.98,,,19.47,,11.23,9.84,15.7,,,30.2,,,29.8,0.5,insufficient history,1.14,,2.42,,52.73,2.77,74.46,0.25,,2.16,-0.37,1.03,-0.05,321.5,208.5,32.5,4.1,-13.43,-4.25,0.26,-0.19,5,26.0,12.71,10.0,0.0,48.7,MONITOR ⭐,Expected ~107% CAGR (2yr) | Revenue CAGR 16% | Profit CAGR 30% | ROE 22% | Promoter 74% holding | Piotroski F=5 (above average quality),High D/E 1.1 | Pattern still forming (not broken out),3-4 years,Medium-High,"yfinance, screener.in",70,189,,2026-06-27,2026-06-01,26,-2.3,3,3.0
MARUTI,Maruti Suzuki India Limited,Consumer Cyclical,Auto Manufacturers,421142.0,Large-Cap,MonthlyDoubleBottom,Forming,0.506,46,Sep 46mo | Mid rally 51% | Asymmetry 0%,MonthlyDoubleBottom+MonthlyStage2,Downtrend,False,False,Below-MAs,False,Stage2,3,Uptrend,Uptrend,12956.0,9282.39,6134.0,11012.6,25071.8,24575.52,36932.46,30429.64,89.7,37.7,28.65,21.68,3.93,1.34,18.82,105.0,31.04,15794.34,38,buy,14.4,19.0,2.8,12.0,1.2,8.01,6.55,19.88,15.96,21.1,1.24,21.37,27.31,-6.4,0.15,highly inconsistent earnings,0.0,,1.07,,7713.18,1.83,58.53,0.25,,14.12,-1.64,24.09,1.25,17370.0,12201.0,25.4,6.2,13.33,13.6,0.59,0.27,6,26.0,10.57,9.0,3.0,48.6,MONITOR ⭐,Expected ~38% CAGR (2yr) | Revenue CAGR 16% | Profit CAGR 21% | ROCE trend rising ↑ | Nearly debt-free | Promoter 59% holding,Earnings due 2026-04-28 | Pattern still forming (not broken out),3-4 years,Medium-High,"yfinance, screener.in",100,275,2026-04-28,2026-06-27,2026-06-01,26,0.0,3,0.0
ORIENTELEC,Orient Electric Limited,Consumer Cyclical,"Furnishings, Fixtures & Appliances",3852.0,Small-Cap,MonthlyDoubleBottom,Forming,0.97,7,Sep 7mo | Mid rally 103% | Asymmetry 6%,,Sideways-Above-MA,True,False,Constructive,True,Stage2,3,Uptrend,Uptrend,188.88,275.14,131.19,160.55,303.33,419.09,508.69,392.81,121.9,49.0,40.12,22.68,5.06,1.36,16.8,83.0,-20.63,239.08,13,strong_buy,13.18,,,6.09,,2.88,5.9,10.0,,,29.5,,,28.9,0.5,insufficient history,0.12,,1.43,,48.69,1.26,38.3,0.0,,3.42,-0.18,32.52,0.62,229.41,149.05,17.7,26.7,-7.34,-42.19,0.86,0.27,3,16.0,20.64,11.0,1.0,48.6,MONITOR ⭐,Expected ~49% CAGR (2yr) | Profit CAGR 30% | Low D/E 0.12 | DII buying +0.6% ↑ | PEG 1.36 — fair value | EV/EBITDA 17× below sector (25×),Pattern still forming (not broken out),3-4 years,Medium-High,"yfinance, screener.in",70,97,,2026-06-27,2026-06-01,26,0.0,3,1.0
IZMO,IZMO Limited,Technology,Software - Application,1609.0,Small-Cap,MonthlyDoubleBottom,Forming,1.0,12,Sep 12mo | Mid rally 177% | Asymmetry 4%,,Downtrend,False,False,Below-MAs,False,Downtrend,0,Uptrend,Uptrend,666.0,649.45,229.7,566.1,886.96,1187.55,1590.01,1187.55,78.3,33.5,33.78,,4.22,1.0,31.02,0.0,-68.75,,0,none,12.4,12.6,0.29,18.0,-0.89,16.7,4.64,26.67,22.77,19.7,-2.04,33.89,12.2,151.1,0.15,highly inconsistent earnings,0.04,,2.62,,-42.29,-2.63,34.79,-0.02,,3.27,0.01,0.49,-0.02,1374.7,348.05,51.6,91.4,93.8,227.63,0.11,0.49,5,22.0,14.5,5.0,7.0,48.5,MONITOR ⭐,Expected ~34% CAGR (2yr) | Revenue CAGR 23% | Profit CAGR 34% | ROCE trend rising ↑ | Nearly debt-free | Margin compressing ↓ ⚠️,Margin compression ↓ | Pattern still forming (not broken out),3-4 years,Medium-High,"yfinance, screener.in",100,232,,2026-06-27,2026-06-01,26,0.0,3,-3.0
PNB,Punjab National Bank,Financial Services,Banks - Regional,125009.0,Large-Cap,MonthlyDoubleBottom,Forming,1.0,36,Sep 36mo | Mid rally 236% | Asymmetry 1%,MonthlyCupHandle+MonthlyDoubleBottom,Downtrend,False,False,Below-MAs,False,Stage2,12,Uptrend,Uptrend,101.3,214.75,63.74,86.1,568.06,649.29,1769.43,1002.57,541.0,153.2,6.8,6.55,0.83,0.09,,276.0,66.5,119.38,16,hold,13.0,6.13,,29.4,,31.22,0.95,5.45,14.62,9.8,-0.46,76.49,46.95,2.7,0.15,highly inconsistent earnings,,,,,,,70.08,0.0,,6.39,0.46,16.05,-0.04,135.15,98.5,25.0,2.8,2.05,84.12,0.85,0.53,2,18.0,16.5,12.0,2.0,48.5,MONITOR ⭐,Expected ~153% CAGR (2yr) | Profit CAGR 76% | Promoter 70% holding | OPM 29% | Dividend growing 66%/yr | PEG 0.09 — deeply undervalued,Earnings due 2026-07-30 | Pattern still forming (not broken out),3-4 years,Medium-High,"yfinance, screener.in",80,287,2026-07-30,2026-06-27,2026-06-01,26,0.0,3,0.0
SUBROS,Subros Limited,Consumer Cyclical,Auto Parts,4876.0,Small-Cap,MonthlyDoubleBottom,Forming,1.0,17,Sep 17mo | Mid rally 113% | Asymmetry 3%,MonthlyDoubleBottom+MonthlyStage2,Downtrend,False,False,Below-MAs,False,Stage2,3,Uptrend,Uptrend,732.45,432.61,200.73,622.58,2259.23,2427.05,5166.3,3416.41,231.4,82.0,29.42,19.77,3.92,0.57,14.84,40.0,54.87,943.0,3,none,14.7,19.8,3.03,9.0,0.31,4.41,6.24,11.52,10.21,15.9,9.93,51.22,28.71,6.8,0.15,highly inconsistent earnings,0.06,,1.61,,-89.81,-1.84,36.79,0.0,,32.79,0.01,10.76,-0.29,1213.7,622.1,39.7,17.7,-15.54,45.8,0.15,0.55,6,20.0,15.5,13.0,0.0,48.5,MONITOR ⭐,Expected ~82% CAGR (2yr) | Profit CAGR 51% | ROCE trend rising ↑ | Nearly debt-free | Piotroski F=6 (above average quality) | Dividend growing 55%/yr,Pattern still forming (not broken out),3-4 years,Medium-High,"yfinance, screener.in",100,251,,2026-06-27,2026-06-01,26,0.0,3,0.0
EIHAHOTELS,EIH Associated Hotels Limited,Consumer Cyclical,Lodging,1981.0,Small-Cap,MonthlyDoubleBottom,Forming,1.0,33,Sep 33mo | Mid rally 164% | Asymmetry 7%,,Sideways,False,False,Below-MAs,True,Stage2,3,Uptrend,Uptrend,302.85,327.18,119.64,257.42,714.88,855.57,1023.95,855.57,182.5,68.1,22.73,,3.29,1.16,14.87,108.0,100.0,,0,none,11.5,13.2,0.1,28.0,-0.8,22.72,9.26,8.84,5.66,3.48,33.33,19.68,1.76,-18.7,0.15,highly inconsistent earnings,0.01,,3.49,,31.58,1.59,75.0,0.0,,13.67,-0.03,,,434.9,266.65,30.4,13.6,-16.42,5.63,0.21,-0.04,5,21.0,19.5,8.0,0.0,48.5,MONITOR ⭐,Expected ~68% CAGR (2yr) | ROCE trend rising ↑ | Nearly debt-free | Promoter 75% holding | OPM 28% | Margin compressing ↓ ⚠️,Margin compression ↓ | Pattern still forming (not broken out),3-4 years,Medium-High,"yfinance, screener.in",100,219,,2026-06-27,2026-06-01,26,-7.0,3,3.0
SONAMLTD,Sonam Limited,Consumer Cyclical,"Furnishings, Fixtures & Appliances",218.0,Micro-Cap,MonthlyStage2,Stage Change,1.0,24,10-EMA=50 | 30-EMA=46 | Above by 17.9% | MA turning=Yes,MonthlyDoubleBottom+MonthlyStage2,Uptrend,True,False,Tight-Above-MAs,True,Stage2,3,Uptrend,Uptrend,54.52,46.24,39.02,46.34,70.27,72.94,75.72,72.94,33.8,15.7,29.72,,3.27,7.82,20.67,,0.0,,0,none,,,,8.35,,4.4,,50.8,,,3.8,,,3.9,0.5,insufficient history,0.3,,,,,,57.55,0.28,,0.26,0.24,,,63.0,37.4,13.5,45.8,19.26,90.71,0.55,-0.08,1,13.0,28.5,3.0,4.0,48.5,MONITOR ⭐,Expected ~16% CAGR (2yr) | Revenue CAGR 51% | Promoter 58% holding | EV/EBITDA 21× vs sector 25× | MonthlyStage2 forming (24mo base) | Weekly uptrend,None identified,3-4 years,Medium-High,"yfinance, screener.in",50,97,,2026-06-27,2026-06-01,26,6.0,3,3.5
SHRADHA,Shradha Realty Limited,Real Estate,Real Estate - Development,205.0,Micro-Cap,MonthlyDoubleBottom,Forming,1.0,34,Sep 34mo | Mid rally 118% | Asymmetry 2%,,Downtrend,False,False,Below-MAs,False,Stage2,3,Uptrend,Uptrend,34.5,14.85,6.75,29.32,144.15,185.84,239.58,185.84,438.7,132.1,11.11,,0.95,0.38,8.36,123.0,13.0,,0,none,11.9,10.7,2.29,22.0,19.71,19.51,6.02,9.35,9.14,159.2,36.36,28.92,71.88,108.2,0.15,highly inconsistent earnings,0.3,,4.28,,-80.66,-39.32,74.97,0.0,,,0.0,,,81.2,26.34,57.5,31.0,-38.31,77.18,0.99,,4,18.0,16.5,14.0,0.0,48.5,MONITOR ⭐,Expected ~132% CAGR (2yr) | Profit CAGR 29% | ROCE trend rising ↑ | Promoter 75% holding | Dividend growing 13%/yr | PEG 0.38 — deeply undervalued,Pattern still forming (not broken out),3-4 years,Medium-High,"yfinance, screener.in",100,103,,2026-06-27,2026-06-01,26,-3.6,2,6.0
GATEWAY,Gateway Distriparks Limited,Industrials,Integrated Freight & Logistics,3045.0,Small-Cap,MonthlyDoubleBottom,Forming,1.0,37,Sep 37mo | Mid rally 123% | Asymmetry 10%,,Sideways-Above-MA,True,True,Constructive,True,Stage2,4,Uptrend,Uptrend,58.09,112.36,48.1,49.38,130.52,176.62,136.57,133.51,204.0,74.4,11.9,9.66,1.32,5.2,7.93,328.0,0.0,87.4,5,strong_buy,11.5,10.8,0.2,22.0,-1.09,11.56,5.86,31.59,15.89,13.41,-30.75,2.29,22.47,,0.15,highly inconsistent earnings,0.25,,1.07,,268.06,8.8,33.93,0.9,,6.66,0.17,33.99,-1.68,76.5,48.1,24.1,20.8,-9.21,-38.0,0.26,0.22,5,16.0,22.5,9.0,1.0,48.5,MONITOR ⭐,Expected ~74% CAGR (2yr) | Revenue CAGR 16% | ROCE trend rising ↑ | Low D/E 0.25 | Margin compressing ↓ ⚠️ | FCF yield 8.8%,Margin compression ↓ | Pattern still forming (not broken out),3-4 years,Medium-High,"yfinance, screener.in",100,52,,2026-06-27,2026-06-01,26,3.6,3,7.0
GRANULES,Granules India Limited,Healthcare,Drug Manufacturers - Specialty & Generic,19499.0,Mid-Cap,MonthlyDoubleBottom,Forming,0.715,32,Sep 32mo | Mid rally 78% | Asymmetry 6%,,Uptrend,True,False,Uptrend,True,Stage2,5,Uptrend,Uptrend,766.45,149.73,81.58,651.48,934.18,901.98,1026.01,979.02,17.7,8.5,32.16,20.2,3.79,6.7,16.74,22.0,14.47,786.43,7,buy,13.7,15.5,-1.71,22.0,-0.43,11.09,7.95,19.72,5.95,10.63,18.53,4.8,1.62,32.6,0.15,highly inconsistent earnings,0.3,,1.8,,69.0,0.35,38.02,-0.79,,15.31,1.76,17.01,-0.46,804.3,432.6,4.7,77.2,66.51,119.98,0.3,0.07,4,11.0,23.08,4.0,10.0,48.1,MONITOR ⭐,Expected ~8% CAGR (2yr) | Low D/E 0.30 | FII buying +1.8% ↑ | Dividend growing 14%/yr | EV/EBITDA 17× vs sector 22× | MonthlyDoubleBottom forming (32mo base),Pattern still forming (not broken out),3-4 years,Medium-High,"yfinance, screener.in",100,253,,2026-06-27,2026-06-01,26,0.0,3,-2.0
BALUFORGE,Balu Forge Industries Limited,Industrials,Metal Fabrication,5160.0,Small-Cap,None,,0.0,0,,,Downtrend,False,False,Below-MAs,False,Stage2,4,Uptrend,Uptrend,448.8,,,381.48,1618.83,3042.91,5719.76,3042.91,578.0,160.4,18.76,,2.91,0.21,15.72,3.0,0.0,,0,none,19.6,22.7,-0.8,27.0,3.94,23.38,11.67,19.81,50.15,50.79,26.96,87.97,100.47,4.9,0.4,lumpy earner,0.1,,3.54,,-314.56,-6.1,54.39,-0.48,,6.03,-1.91,0.89,0.09,719.0,341.05,37.6,31.6,-22.69,,,0.5,5,34.0,3.0,11.0,0.0,48.0,MONITOR ⭐,Expected ~160% CAGR (2yr) | Revenue CAGR 50% | Profit CAGR 88% | ROCE 23% | Nearly debt-free | Promoter 54% holding,None identified,3-4 years,Medium-High,"yfinance, screener.in",100,27,,2026-06-27,2026-06-01,26,-4.4,3,-5.0
FEDERALBNK,The Federal Bank Limited,Financial Services,Banks - Regional,79854.0,Large-Cap,MonthlyDoubleBottom,Forming,1.0,19,Sep 19mo | Mid rally 253% | Asymmetry 3%,,Uptrend,True,False,Tight-Above-MAs,True,Stage2,12,Uptrend,Uptrend,315.7,30.68,8.58,268.34,411.75,403.2,515.03,460.51,27.7,13.0,18.52,13.63,1.99,1.56,,37.0,-12.64,317.24,34,buy,11.6,6.39,,43.17,,29.91,1.18,5.58,18.55,15.7,6.07,11.84,21.73,22.9,0.15,highly inconsistent earnings,,,,,,,,,,26.05,1.11,50.39,-0.71,324.9,185.11,2.8,70.5,61.52,117.71,0.55,0.3,2,7.0,28.0,3.0,10.0,48.0,MONITOR ⭐,Expected ~13% CAGR (2yr) | Revenue CAGR 19% | OPM 43% | FII buying +1.1% ↑ | MonthlyDoubleBottom forming (19mo base) | Weekly uptrend,Earnings due 2026-07-30 | Pattern still forming (not broken out),3-4 years,Medium-High,"yfinance, screener.in",70,366,2026-07-30,2026-06-27,2026-06-01,26,10.2,3,-2.0
MUFTI,CREDO BRANDS MARKETING L,Consumer Cyclical,Apparel Retail,588.0,Small-Cap,None,,0.0,0,,,Sideways,False,False,Below-MAs,True,Stage2,3,Uptrend,Uptrend,77.93,,,66.24,363.6,449.45,555.57,449.45,476.7,140.2,12.4,,1.34,0.53,4.82,334.0,500.0,,0,none,18.4,19.1,-0.3,29.0,1.8,8.01,6.35,8.99,21.92,,15.25,23.61,,10.2,0.15,highly inconsistent earnings,0.52,,3.27,,97.72,16.62,55.01,0.0,,0.46,0.0,3.36,1.03,177.02,63.06,56.0,23.6,-44.54,,,1.1,6,31.0,6.0,11.0,0.0,48.0,MONITOR ⭐,Expected ~140% CAGR (2yr) | Revenue CAGR 22% | Profit CAGR 24% | Promoter 55% holding | OPM 29% | FCF yield 16.6%,None identified,3-4 years,Medium-High,"yfinance, screener.in",100,30,,2026-06-27,2026-06-01,26,0.0,3,-2.0
BASF,BASF India Limited,Basic Materials,Specialty Chemicals,15166.0,Mid-Cap,MonthlyDoubleBottom,Forming,0.789,12,Sep 12mo | Mid rally 81% | Asymmetry 2%,,Sideways,False,True,Below-MAs,True,Stage2,1,Uptrend,Uptrend,3356.5,263.81,144.65,2853.03,5250.08,13825.02,36405.44,13825.02,311.9,103.0,36.36,21.26,3.83,0.22,21.66,71.0,49.38,4120.0,1,none,11.0,14.7,-2.6,4.0,-0.94,2.81,3.81,-2.07,25.31,62.52,-12.32,163.33,53.68,155.0,0.15,highly inconsistent earnings,0.03,,1.69,,13.01,0.09,73.33,0.0,,5.34,1.21,6.29,-0.13,5260.0,3122.2,36.2,7.5,-27.9,4.07,0.37,0.36,3,25.0,15.97,7.0,0.0,48.0,MONITOR ⭐,Expected ~103% CAGR (2yr) | Revenue CAGR 25% | Profit CAGR 163% | Nearly debt-free | Promoter 73% holding | Margin compressing ↓ ⚠️,Margin compression ↓ | Pattern still forming (not broken out),3-4 years,Medium-High,"yfinance, screener.in",100,288,,2026-06-27,2026-06-01,26,-11.9,3,0.0
LICI,Life Insurance Corporation of India,Financial Services,Insurance - Life,556790.0,Large-Cap,MonthlyCupHandle,Forming,0.835,20,Cup 20mo | Depth 24% | Prior gain 55% | R²=0.98,MonthlyCupHandle+MonthlyDoubleBottom,Sideways,False,False,Below-MAs,True,Stage2,12,Uptrend,Uptrend,803.5,1090.33,826.98,785.63,2092.92,2445.78,2858.14,2445.78,204.4,74.5,9.69,7.81,2.29,0.57,10.2,227.0,100.0,525.92,24,strong_buy,37.8,35.1,-4.97,5.0,1.23,6.56,0.58,9.87,7.61,7.19,18.9,16.86,80.8,55.1,0.15,highly inconsistent earnings,,,5.95,,4030.76,0.72,96.5,0.0,,0.33,0.02,1.09,-0.18,490.0,360.75,-64.0,122.7,-8.59,7.88,0.49,0.56,3,18.0,17.02,11.0,2.0,48.0,MONITOR ⭐,Expected ~74% CAGR (2yr) | ROE 38% | ROCE 35% | Promoter 96% holding | Dividend growing 100%/yr | PEG 0.57 — undervalued,Earnings due 2026-08-06 | Pattern still forming (not broken out),3-4 years,Medium-High,"yfinance, screener.in",90,49,2026-08-06,2026-06-27,2026-06-01,26,0.0,3,0.0
KIRLOSENG,Kirloskar Oil Engines Limited,Industrials,Specialty Industrial Machinery,28952.0,Mid-Cap,MonthlyCupHandle,Forming,0.664,19,Cup 19mo | Depth 52% | Prior gain 89% | R²=0.97,MonthlyCupHandle+MonthlyDoubleBottom,Uptrend,True,False,Tight-Above-MAs,True,Stage2,4,Uptrend,Uptrend,1660.3,1683.63,815.49,1411.25,1341.4,2551.77,1905.31,1598.68,53.7,24.0,51.02,35.56,8.0,2.66,23.1,33.0,-20.63,1937.8,5,none,17.7,14.7,0.69,18.0,1.69,7.46,7.27,21.29,15.33,18.5,18.07,19.18,23.33,21.0,0.15,highly inconsistent earnings,1.5,,1.39,,-174.38,-0.6,41.08,-0.01,,10.79,2.34,26.69,-1.52,2052.7,828.15,19.1,100.5,104.0,310.02,0.47,0.7,5,12.0,23.97,2.0,10.0,48.0,MONITOR ⭐,Expected ~24% CAGR (2yr) | Revenue CAGR 15% | ROCE trend rising ↑ | Piotroski F=5 (above average quality) | FII buying +2.3% ↑ | MonthlyCupHandle forming (19mo base),High D/E 1.5 | High PE 51 | Pattern still forming (not broken out),3-4 years,Medium-High,"yfinance, screener.in",100,286,,2026-06-27,2026-06-01,26,0.0,3,1.0
COMSYN,Commercial Syn Bags Limited,Consumer Cyclical,Packaging & Containers,659.0,Small-Cap,None,,0.0,0,,,Uptrend,True,False,Tight-Above-MAs,True,Stage2,3,Uptrend,Uptrend,169.9,,,144.41,570.28,844.7,1251.17,844.7,397.2,123.0,26.06,,3.67,0.54,15.4,24.0,,,0,none,16.1,13.9,-0.17,12.0,0.03,6.76,7.46,11.53,10.1,12.69,52.94,48.12,16.72,-21.4,0.15,highly inconsistent earnings,0.72,,1.27,,-7.46,-1.13,59.18,0.39,,0.17,0.17,0.09,0.09,199.9,123.3,15.0,37.8,31.68,,,,4,16.0,15.0,10.0,7.0,48.0,MONITOR ⭐,Expected ~123% CAGR (2yr) | Profit CAGR 48% | Promoter 59% holding | PEG 0.54 — undervalued | EV/EBITDA 15× below sector (25×) | Weekly uptrend,None identified,3-4 years,Medium-High,"yfinance, screener.in",100,30,,2026-06-27,2026-06-01,26,11.0,3,12.0
NEWGEN,Newgen Software Technologies Limited,Technology,Software - Infrastructure,6803.0,Small-Cap,MonthlyDoubleBottom,Forming,0.322,6,Sep 6mo | Mid rally 39% | Asymmetry 7%,,Downtrend,False,False,Below-MAs,False,Downtrend,0,Uptrend,Uptrend,461.15,211.47,147.53,391.98,811.64,867.53,1160.79,970.64,88.1,37.2,22.83,15.95,3.81,1.17,14.05,124.0,30.5,712.86,7,none,20.2,25.8,-0.11,26.0,-0.4,19.09,10.28,5.85,17.35,18.52,-4.44,19.59,19.03,-1.9,0.15,highly inconsistent earnings,0.02,,3.66,,191.45,2.81,53.52,0.0,,14.48,-2.86,8.85,-0.83,1237.4,401.05,62.7,15.0,-52.74,15.43,0.3,0.57,5,31.0,5.86,11.0,0.0,47.9,MONITOR ⭐,Expected ~37% CAGR (2yr) | Revenue CAGR 17% | ROE 20% | ROCE 26% | Nearly debt-free | Promoter 54% holding,Pattern still forming (not broken out),3-4 years,Medium-High,"yfinance, screener.in",100,101,,2026-06-27,2026-06-01,26,0.0,3,-3.0
APTUS,Aptus Value Housing Finance India Limited,Financial Services,Mortgage Finance,13508.0,Mid-Cap,MonthlyDoubleBottom,Forming,0.867,45,Sep 45mo | Mid rally 95% | Asymmetry 9%,,Sideways,False,False,Below-MAs,True,Stage2,12,Uptrend,Uptrend,271.7,389.74,191.24,230.94,505.16,588.24,768.12,622.92,116.5,47.1,14.33,10.42,2.67,0.61,,185.0,7.72,354.82,17,strong_buy,20.1,15.4,,78.61,,61.41,7.76,25.26,26.11,27.92,25.57,23.31,28.71,26.1,1.0,steady compounder (low CV),1.56,,183.59,,,,23.86,0.0,,30.34,-2.85,29.43,2.14,364.0,193.03,25.4,40.8,-11.1,-19.32,0.28,0.71,3,21.0,17.9,9.0,0.0,47.9,MONITOR ⭐,Expected ~47% CAGR (2yr) | Revenue CAGR 26% | Profit CAGR 23% | ROE 20% | OPM 79% | EPS: steady compounder (low CV),High D/E 1.6 | Pattern still forming (not broken out),3-4 years,Medium-High,"yfinance, screener.in",90,59,,2026-06-27,2026-06-01,26,6.7,3,0.0
INDIASHLTR,India Shelter Finance Corporation Limited,Financial Services,Mortgage Finance,8533.0,Mid-Cap,MonthlyDoubleBottom,Forming,0.519,13,Sep 13mo | Mid rally 60% | Asymmetry 8%,MonthlyDoubleBottom+MonthlyStage2,Downtrend,False,False,Below-MAs,True,Stage2,12,Uptrend,Uptrend,778.8,1005.98,603.54,661.98,1432.04,1686.68,3138.86,2120.13,116.6,47.2,17.39,11.14,2.66,0.36,,127.0,100.0,1036.5,8,none,17.0,12.8,,63.12,,48.22,5.8,31.05,37.72,36.97,33.07,48.05,42.04,27.2,0.75,consistent growth,1.95,,55.08,,,,47.53,-0.07,,6.87,-0.61,21.39,0.67,1011.75,653.2,23.0,19.2,-3.33,,0.36,-0.05,3,26.0,9.73,11.0,1.0,47.7,MONITOR ⭐,Expected ~47% CAGR (2yr) | Revenue CAGR 38% | Profit CAGR 48% | OPM 63% | EPS: consistent growth | DII buying +0.7% ↑,High D/E 2.0 | Pattern still forming (not broken out),3-4 years,Medium-High,"yfinance, screener.in",90,30,,2026-06-27,2026-06-01,26,0.0,3,1.0
APLAPOLLO,APL Apollo Tubes Limited,Basic Materials,Steel,51967.0,Large-Cap,MonthlyDoubleBottom,Forming,1.0,13,Sep 13mo | Mid rally 119% | Asymmetry 4%,MonthlyCupHandle+MonthlyDoubleBottom,Downtrend,False,False,Below-MAs,False,Stage2,1,Uptrend,Uptrend,1817.6,218.88,97.89,1544.96,1122.85,1722.57,1706.5,1384.25,,,43.1,29.1,9.81,1.85,28.63,31.0,18.0,2230.05,19,none,25.3,31.6,-0.06,8.0,-0.06,5.21,11.95,11.55,12.6,22.11,58.92,23.28,24.14,20.9,0.15,highly inconsistent earnings,0.09,,1.34,,402.28,0.77,28.25,-0.02,,37.52,4.4,16.05,-3.86,2301.4,1492.0,21.0,21.8,18.54,-4.37,0.62,0.25,4,26.0,15.5,3.0,3.0,47.5,MONITOR ⭐,Profit CAGR 23% | ROE 25% | ROCE 32% | Nearly debt-free | FII buying +4.4% ↑ | Dividend growing 18%/yr,Earnings due 2026-07-23 | Pattern still forming (not broken out),3-4 years,Medium-High,"yfinance, screener.in",100,175,2026-07-23,2026-06-27,2026-06-01,26,-2.5,3,0.0
IDBI,IDBI Bank Limited,Financial Services,Banks - Regional,89223.0,Large-Cap,MonthlyDoubleBottom,Forming,1.0,46,Sep 46mo | Mid rally 161% | Asymmetry 6%,MonthlyCupHandle+MonthlyDoubleBottom,Sideways,False,False,Below-MAs,False,Stage2,12,Uptrend,Uptrend,73.56,163.43,60.67,62.53,223.87,302.94,409.94,302.94,311.8,102.9,9.6,16.93,1.3,0.27,,253.0,63.0,,0,none,14.2,6.5,,15.58,,43.38,2.1,0.36,12.12,7.78,20.65,35.32,43.24,,0.75,consistent growth,,,,,,,94.72,0.0,,0.56,0.04,0.08,-0.04,118.38,61.01,37.9,20.6,-19.64,17.71,0.25,0.83,2,19.0,19.5,9.0,0.0,47.5,MONITOR ⭐,Expected ~103% CAGR (2yr) | Profit CAGR 35% | Promoter 95% holding | EPS: consistent growth | Dividend growing 63%/yr | PEG 0.27 — deeply undervalued,Pattern still forming (not broken out),3-4 years,Medium-High,"yfinance, screener.in",80,365,,2026-06-27,2026-06-01,26,0.0,3,0.0
IOB,Indian Overseas Bank,Financial Services,Banks - Regional,67571.0,Large-Cap,MonthlyDoubleBottom,Forming,1.0,28,Sep 28mo | Mid rally 168% | Asymmetry 9%,,Downtrend,False,False,Below-MAs,False,Stage2,12,Uptrend,Uptrend,33.54,176.3,62.82,59.68,76.41,289.78,143.56,104.73,764.0,193.9,13.0,38.99,1.83,0.35,,0.0,-37.86,,0,none,15.6,6.12,,47.15,,36.96,1.25,13.33,18.01,13.44,59.54,37.07,48.2,42.5,0.4,lumpy earner,,,,,,,92.44,0.0,,0.43,0.08,4.28,0.02,41.8,31.2,19.8,7.5,-6.24,14.74,0.21,0.26,2,22.0,16.5,8.0,1.0,47.5,MONITOR ⭐,Expected ~194% CAGR (2yr) | Revenue CAGR 18% | Profit CAGR 37% | Promoter 92% holding | OPM 47% | PEG 0.35 — deeply undervalued,Pattern still forming (not broken out),3-4 years,Medium-High,"yfinance, screener.in",80,287,,2026-06-27,2026-06-01,26,0.0,3,0.0
RPGLIFE,RPG Life Sciences Limited,Healthcare,Drug Manufacturers - Specialty & Generic,3767.0,Small-Cap,MonthlyStage2,Stage Change,1.0,24,10-EMA=2168 | 30-EMA=1956 | Above by 16.7% | MA turning=Yes,MonthlyDoubleBottom+MonthlyStage2,Sideways-Above-MA,True,False,Constructive,True,Stage2,5,Uptrend,Uptrend,2282.6,1956.12,1609.85,1940.21,2444.72,2444.72,2444.72,2444.72,7.1,3.5,32.68,79.69,6.22,,23.87,88.0,35.72,,0,none,19.8,26.2,,21.0,-3.0,16.28,10.82,8.42,,,-37.16,,,-74.5,0.5,insufficient history,0.03,,3.48,,-15.23,-0.4,72.95,0.0,,0.87,-0.13,7.45,0.41,2725.0,1733.0,16.2,31.7,0.65,137.07,0.85,-0.21,4,21.0,22.5,2.0,2.0,47.5,MONITOR ⭐,Expected ~4% CAGR (2yr) | Revenue CAGR 24% | Declining profits (-74% CAGR) ⚠️ | ROCE 26% | Nearly debt-free | Promoter 73% holding,Margin compression ↓,3-4 years,Medium-High,"yfinance, screener.in",80,286,,2026-06-27,2026-06-01,26,0.0,3,0.0
TIMKEN,Timken India Limited,Industrials,Tools & Accessories,27751.0,Mid-Cap,MonthlyDoubleBottom,Forming,1.0,25,Sep 25mo | Mid rally 102% | Asymmetry 1%,MonthlyCupHandle+MonthlyDoubleBottom+MonthlyStage2,Uptrend,True,False,Uptrend,True,Stage2,4,Uptrend,Uptrend,3538.0,943.11,465.78,3007.3,1326.73,2360.15,1326.73,1326.73,,,66.67,43.93,9.52,,43.38,98.0,188.45,3910.29,7,none,14.3,19.0,,18.0,-1.0,11.93,9.23,8.79,,,-10.17,,,-15.3,0.5,insufficient history,0.01,,2.97,,21.57,0.08,51.05,0.0,,6.96,0.02,30.63,0.48,3775.0,2800.5,6.3,26.3,9.9,-18.19,0.43,0.33,5,16.0,26.5,0.0,5.0,47.5,MONITOR ⭐,Revenue CAGR 16% | Declining profits (-15% CAGR) ⚠️ | Nearly debt-free | Promoter 51% holding | Margin compressing ↓ ⚠️ | Piotroski F=5 (above average quality),High PE 67 | Margin compression ↓ | Earnings due 2026-07-30 | Pattern still forming (not broken out),3-4 years,Medium-High,"yfinance, screener.in",80,286,2026-07-30,2026-06-27,2026-06-01,26,0.0,3,0.0
COCHINSHIP,Cochin Shipyard Limited,Industrials,Aerospace & Defense,38357.0,Large-Cap,MonthlyDoubleBottom,Forming,1.0,13,Sep 13mo | Mid rally 115% | Asymmetry 1%,MonthlyCupHandle+MonthlyDoubleBottom+MonthlyStage2,Downtrend,False,False,Below-MAs,False,Stage2,4,Uptrend,Uptrend,1424.3,2529.76,1170.04,1210.65,1274.75,3889.48,2253.89,1695.04,173.1,65.3,53.48,32.99,6.53,1.62,46.37,91.0,-27.01,1455.75,4,hold,12.5,16.0,0.06,16.0,-1.17,14.27,3.05,4.19,28.53,12.24,-13.3,32.97,3.32,-3.7,0.15,highly inconsistent earnings,0.28,,1.33,,1064.16,2.77,67.91,0.0,,3.1,0.36,6.05,-0.42,2278.0,1187.0,37.5,20.0,-14.46,317.9,0.26,0.56,3,30.0,15.5,2.0,0.0,47.5,MONITOR ⭐,Expected ~65% CAGR (2yr) | Revenue CAGR 29% | Profit CAGR 33% | ROCE trend rising ↑ | Low D/E 0.28 | Promoter 68% holding,High PE 53 | Margin compression ↓ | Pattern still forming (not broken out),3-4 years,Medium-High,"yfinance, screener.in",100,107,,2026-06-27,2026-06-01,26,-4.4,3,1.0
WELENT,Welspun Enterprises Limited,Industrials,Engineering & Construction,7701.0,Small-Cap,MonthlyDoubleBottom,Forming,1.0,29,Sep 29mo | Mid rally 187% | Asymmetry 6%,MonthlyDoubleBottom+MonthlyStage2,Sideways-Above-MA,True,False,Constructive,True,Stage2,4,Uptrend,Uptrend,493.55,163.04,55.02,419.52,569.95,569.95,569.95,569.95,15.5,7.5,21.65,15.43,2.9,,10.82,53.0,25.99,,0,none,14.1,16.8,2.49,21.0,1.94,9.68,6.51,0.86,9.44,18.76,11.02,-18.5,24.76,53.0,0.15,highly inconsistent earnings,0.61,,1.96,,635.45,8.25,56.13,0.0,,3.47,-0.29,9.32,0.07,583.6,412.0,15.4,19.8,-0.53,126.04,0.86,0.42,5,17.0,22.5,4.0,4.0,47.5,MONITOR ⭐,Expected ~8% CAGR (2yr) | Declining profits (-18% CAGR) ⚠️ | ROCE trend rising ↑ | Promoter 56% holding | FCF yield 8.3% | Piotroski F=5 (above average quality),Pattern still forming (not broken out),3-4 years,Medium-High,"yfinance, screener.in",100,259,,2026-06-27,2026-06-01,26,0.0,3,2.0
JAGSNPHARM,Jagsonpal Pharmaceuticals Limited,Healthcare,Drug Manufacturers - Specialty & Generic,1398.0,Small-Cap,MonthlyDoubleBottom,Forming,0.85,21,Sep 21mo | Mid rally 95% | Asymmetry 10%,MonthlyDoubleBottom+MonthlyStage2,Sideways,False,False,Below-MAs,True,Stage2,5,Uptrend,Uptrend,197.22,199.22,97.44,167.64,339.84,420.72,520.86,420.72,113.3,46.1,33.7,,5.39,1.42,23.94,118.0,75.0,,0,none,16.7,,,13.77,,15.0,10.22,9.6,,,23.8,,,33.1,0.5,insufficient history,0.03,,5.06,,39.77,2.85,69.36,1.47,,2.46,0.02,0.31,0.09,301.65,155.0,34.6,27.2,-3.25,12.17,0.31,-0.36,4,24.0,17.2,6.0,0.0,47.2,MONITOR ⭐,Expected ~46% CAGR (2yr) | Profit CAGR 24% | Nearly debt-free | Promoter 69% holding | Promoters buying ↑ | Dividend growing 75%/yr,Pattern still forming (not broken out),3-4 years,Medium-High,"yfinance, screener.in",70,287,,2026-06-27,2026-06-01,26,0.0,3,2.0
TBOTEK,TBO TEK LIMITED,Consumer Cyclical,Travel Services,15909.0,Mid-Cap,MonthlyDoubleBottom,Forming,0.756,11,Sep 11mo | Mid rally 76% | Asymmetry 1%,,Sideways,False,False,Below-MAs,True,Stage2,3,Uptrend,Uptrend,1178.1,1764.8,996.0,1001.38,938.11,2533.6,1309.1,1108.19,115.1,46.6,65.37,32.11,11.49,3.61,40.02,0.0,,1711.09,11,strong_buy,17.6,18.0,2.91,14.0,4.94,9.12,2.35,54.12,35.97,79.92,6.09,18.13,27.3,2.0,0.15,highly inconsistent earnings,0.49,,1.08,,961.73,6.05,44.4,0.0,,29.71,-1.14,20.34,1.33,1764.8,1004.2,33.2,17.3,-8.11,,0.23,0.79,4,28.0,15.07,3.0,1.0,47.1,MONITOR ⭐,"Expected ~47% CAGR (2yr) | Revenue CAGR 36% | ROCE trend rising ↑ | FCF yield 6.0% | DII buying +1.3% ↑ | Analyst target ₹1711 (+45%, n=11)",High PE 65 | Pattern still forming (not broken out),3-4 years,Medium-High,"yfinance, screener.in",100,25,,2026-06-27,2026-06-01,26,0.0,3,9.0
KOTYARK,KOTYARK INDUSTRIES LTD,Basic Materials,Specialty Chemicals,404.0,Micro-Cap,MonthlyDoubleBottom,Forming,1.0,7,Sep 7mo | Mid rally 240% | Asymmetry 8%,,Uptrend,True,True,Tight-Above-MAs,True,Stage2,1,Uptrend,Uptrend,449.0,837.74,236.31,381.65,498.27,1439.17,610.83,551.69,220.5,79.0,21.55,,2.24,2.01,9.79,25.0,-20.63,,0,none,11.6,15.3,-4.0,15.0,-1.4,5.96,8.86,9.38,33.97,,35.71,10.72,,,0.15,highly inconsistent earnings,0.36,,3.22,,-14.24,-3.52,63.84,-3.92,,1.03,-0.03,0.0,0.0,464.25,191.2,3.3,134.8,50.57,-49.28,2.81,-0.69,3,11.0,27.0,2.0,7.0,47.0,MONITOR ⭐,Expected ~79% CAGR (2yr) | Revenue CAGR 34% | Promoter 64% holding | Margin compressing ↓ ⚠️ | MonthlyDoubleBottom forming (7mo base) | Weekly uptrend,Margin compression ↓ | Pattern still forming (not broken out),3-4 years,Medium-High,"yfinance, screener.in",100,55,,2026-06-27,2026-06-01,26,0.0,3,-1.0
TARIL,TRANS & RECTI. LTD,Industrials,Electrical Equipment & Parts,10732.0,Mid-Cap,None,,0.0,0,,,Sideways,False,False,Below-MAs,True,Stage2,4,Uptrend,Uptrend,297.4,,,252.79,491.17,686.53,1706.58,915.55,130.8,51.9,40.63,28.83,7.98,0.47,27.91,6.0,38.67,343.0,3,none,19.1,23.3,3.54,15.0,1.74,10.54,9.1,24.39,21.58,27.59,25.93,86.4,102.44,-5.2,0.15,highly inconsistent earnings,0.3,,1.81,,-265.13,-2.47,64.36,0.0,,8.33,1.32,1.77,-2.41,578.5,224.05,48.6,32.7,-31.47,475.92,,-0.33,5,32.0,6.0,9.0,0.0,47.0,MONITOR ⭐,Expected ~52% CAGR (2yr) | Revenue CAGR 22% | Profit CAGR 86% | ROCE 23% | ROCE trend rising ↑ | Low D/E 0.30,None identified,3-4 years,Medium-High,"yfinance, screener.in",100,156,,2026-06-27,2026-06-01,26,0.0,3,-1.0
GICL,GLOBE INTL CARRIERS LTD,Industrials,Integrated Freight & Logistics,253.0,Micro-Cap,MonthlyDoubleBottom,Forming,1.0,7,Sep 7mo | Mid rally 121% | Asymmetry 3%,,Downtrend,False,False,Below-MAs,False,Stage2,4,Uptrend,Uptrend,22.22,77.7,34.6,32.87,19.29,120.8,63.71,35.06,443.7,133.2,75.33,,3.74,0.92,20.68,0.0,,,0,none,12.5,15.9,1.51,11.0,1.2,5.63,7.99,11.46,15.36,16.95,140.0,81.71,64.38,-7.3,0.4,lumpy earner,0.46,,2.3,,-60.69,-23.98,63.49,0.0,,0.02,0.02,0.0,0.0,169.95,20.39,86.9,9.0,-76.99,-66.55,3.47,-0.33,6,26.0,15.0,6.0,0.0,47.0,MONITOR ⭐,Expected ~133% CAGR (2yr) | Revenue CAGR 15% | Profit CAGR 82% | ROCE trend rising ↑ | Promoter 63% holding | Piotroski F=6 (above average quality),High PE 75 | Pattern still forming (not broken out),3-4 years,Medium-High,"yfinance, screener.in",100,112,,2026-06-27,2026-06-15,12,0.0,1,0.0
ARVINDFASN,Arvind Fashions Limited,Consumer Cyclical,Apparel Retail,6470.0,Small-Cap,MonthlyDoubleBottom,Forming,0.995,20,Sep 20mo | Mid rally 108% | Asymmetry 8%,MonthlyCupHandle+MonthlyDoubleBottom,Sideways,False,False,Below-MAs,True,Stage2,3,Uptrend,Uptrend,450.2,637.73,295.19,382.67,543.09,980.27,894.82,697.12,117.7,47.6,52.33,25.4,6.84,1.85,11.28,33.0,28.0,658.43,7,strong_buy,14.1,18.9,5.23,13.0,2.49,2.33,6.46,13.98,8.98,19.06,457.58,28.36,69.89,,0.2,multiple loss years in history,1.15,,1.26,,141.09,2.18,35.1,-0.01,,11.97,-0.13,24.63,1.45,579.0,366.2,22.2,22.9,-14.34,19.9,0.23,-0.13,5,17.0,18.94,10.0,1.0,46.9,MONITOR ⭐,Expected ~48% CAGR (2yr) | Profit CAGR 28% | ROCE trend rising ↑ | Piotroski F=5 (above average quality) | DII buying +1.4% ↑ | Dividend growing 28%/yr,High D/E 1.2 | High PE 52 | Pattern still forming (not broken out),3-4 years,Medium-High,"yfinance, screener.in",100,88,,2026-06-27,2026-06-01,26,4.9,3,0.0
ADVENZYMES,Advanced Enzyme Technologies Limited,Basic Materials,Specialty Chemicals,4185.0,Small-Cap,MonthlyDoubleBottom,Forming,1.0,37,Sep 37mo | Mid rally 124% | Asymmetry 3%,MonthlyDoubleBottom+MonthlyStage2,Sideways-Above-MA,True,False,Constructive,False,Stage2,1,Uptrend,Uptrend,368.95,561.16,246.81,313.61,381.25,875.51,537.26,452.58,137.3,54.0,24.81,20.31,2.56,1.33,15.57,139.0,73.25,370.0,1,none,10.5,13.9,-1.31,31.0,-2.63,22.62,6.83,17.11,11.3,8.24,29.85,18.71,2.88,62.2,0.15,highly inconsistent earnings,0.02,,9.78,,60.88,1.45,43.26,0.22,,25.5,-0.35,5.41,-0.1,419.0,251.95,11.9,46.4,10.2,-3.51,0.25,0.68,5,17.0,22.5,3.0,4.0,46.5,MONITOR ⭐,Expected ~54% CAGR (2yr) | Nearly debt-free | OPM 31% | Margin compressing ↓ ⚠️ | Piotroski F=5 (above average quality) | Dividend growing 73%/yr,Margin compression ↓ | Pattern still forming (not broken out),3-4 years,Medium-High,"yfinance, screener.in",100,119,,2026-06-27,2026-06-01,26,-4.5,3,-10.5
ALMONDZ,Almondz Global Securities Limited,Financial Services,Capital Markets,233.0,Micro-Cap,MonthlyDoubleBottom,Forming,1.0,36,Sep 36mo | Mid rally 282% | Asymmetry 9%,,Downtrend,False,False,Below-MAs,False,Stage2,12,Uptrend,Uptrend,13.68,39.13,9.83,11.63,43.99,68.43,65.38,53.63,400.2,123.7,8.19,,0.89,0.37,,0.0,11.87,,0,none,11.2,11.7,-0.49,15.0,-0.06,14.82,7.82,16.0,31.8,22.53,70.59,21.92,10.01,-15.8,0.15,highly inconsistent earnings,0.17,,2.56,,,,51.18,0.0,,0.02,-0.04,0.12,0.12,26.6,10.68,48.6,28.1,-31.36,-32.96,0.18,0.35,3,20.0,16.5,10.0,0.0,46.5,MONITOR ⭐,Expected ~124% CAGR (2yr) | Revenue CAGR 32% | Profit CAGR 22% | Low D/E 0.17 | Promoter 51% holding | Dividend growing 12%/yr,Pattern still forming (not broken out),3-4 years,Medium-High,"yfinance, screener.in",90,217,,2026-06-27,2026-06-01,26,-4.7,3,0.0
DIACABS,Diamond Power Infrastructure Limited,Industrials,Specialty Industrial Machinery,11026.0,Mid-Cap,MonthlyDoubleBottom,Forming,1.0,39,Sep 39mo | Mid rally 421% | Asymmetry 4%,,Uptrend,True,False,Tight-Above-MAs,True,Stage2,4,Uptrend,Uptrend,201.91,1438.5,271.0,257.45,101.41,2606.0,128.32,114.08,1190.7,259.3,69.98,,-18.25,5.6,58.12,0.0,-66.67,,0,none,,26.5,-1.74,12.0,3.91,8.28,5.99,71.3,19.08,-7.22,364.71,12.49,4.63,690.9,0.2,multiple loss years in history,,,2.04,,-258.15,-2.34,84.02,0.0,,0.36,-0.08,0.07,-0.03,219.0,101.67,7.8,98.6,23.9,915.85,0.87,0.66,4,11.0,28.5,-1.0,8.0,46.5,MONITOR ⭐,Expected ~259% CAGR (2yr) | Revenue CAGR 19% | ROCE 26% | Promoter 84% holding | MonthlyDoubleBottom forming (39mo base) | Weekly uptrend,High PE 70 | Pattern still forming (not broken out),3-4 years,Medium-High,"yfinance, screener.in",80,190,,2026-06-27,2026-06-01,26,6.1,3,0.0
FINCABLES,Finolex Cables Limited,Industrials,Electrical Equipment & Parts,17807.0,Mid-Cap,MonthlyDoubleBottom,Forming,1.0,32,Sep 32mo | Mid rally 130% | Asymmetry 8%,MonthlyCupHandle+MonthlyDoubleBottom+MonthlyStage2,Uptrend,True,False,Uptrend,True,Stage2,4,Uptrend,Uptrend,1035.8,1674.55,700.8,880.43,1453.39,2648.3,1833.23,1632.3,155.7,59.9,24.94,17.22,2.93,2.03,25.44,69.0,10.06,1204.33,6,none,12.3,16.0,-0.74,10.0,-0.49,11.29,5.27,18.84,12.15,17.96,1.85,12.31,9.14,17.1,0.15,highly inconsistent earnings,0.0,,8.42,,-130.67,-0.73,35.86,0.0,,9.62,0.2,16.44,0.67,1184.8,700.8,12.6,47.8,22.97,-19.62,0.88,0.52,4,10.0,26.5,2.0,8.0,46.5,MONITOR ⭐,Expected ~60% CAGR (2yr) | Nearly debt-free | DII buying +0.7% ↑ | Dividend growing 10%/yr | MonthlyDoubleBottom forming (32mo base) | Weekly uptrend,Earnings due 2026-08-11 | Pattern still forming (not broken out),3-4 years,Medium-High,"yfinance, screener.in",100,288,2026-08-11,2026-06-27,2026-06-01,26,-1.9,3,0.0
JSL,Jindal Stainless Limited,Basic Materials,Steel,57405.0,Large-Cap,MonthlyDoubleBottom,Forming,1.0,37,Sep 37mo | Mid rally 301% | Asymmetry 1%,,Downtrend,False,False,Below-MAs,False,Stage2,1,Uptrend,Uptrend,739.2,235.75,58.67,628.32,1020.84,1053.52,1354.53,1175.91,42.5,19.4,18.02,13.48,12.75,1.19,6.48,43.0,-34.14,869.93,14,strong_buy,17.8,19.3,-1.77,13.0,-0.23,7.43,7.32,9.27,6.36,28.65,27.4,15.19,50.03,42.7,0.15,highly inconsistent earnings,0.38,,1.25,,1966.33,3.43,62.04,0.82,,20.87,-0.66,7.15,-0.08,884.0,652.25,16.4,13.3,12.96,104.0,0.38,0.33,3,17.0,16.5,10.0,3.0,46.5,MONITOR ⭐,Expected ~19% CAGR (2yr) | Promoter 62% holding | FCF yield 3.4% | PEG 1.19 — fair value | EV/EBITDA 6× below sector (10×) | MonthlyDoubleBottom forming (37mo base),Earnings due 2026-08-05 | Pattern still forming (not broken out),3-4 years,Medium-High,"yfinance, screener.in",100,271,2026-08-05,2026-06-27,2026-06-01,26,0.0,3,0.0
ASIANENE,Asian Energy Services Limited,Energy,Oil & Gas Equipment & Services,1784.0,Small-Cap,MonthlyStage2,Stage Change,1.0,24,10-EMA=317 | 30-EMA=289 | Above by 26.7% | MA turning=Yes,MonthlyDoubleBottom+MonthlyStage2,Uptrend,True,True,Tight-Above-MAs,True,Stage2,1,Uptrend,Uptrend,366.2,288.93,238.85,311.27,224.21,339.01,271.59,246.77,,,32.36,,3.33,3.22,17.37,27.0,,,0,none,12.9,16.5,0.43,12.0,-1.77,6.47,6.33,70.11,93.02,28.14,23.81,10.06,12.39,41.9,0.15,highly inconsistent earnings,0.32,,2.11,,-115.09,-6.45,56.16,-4.59,,1.18,-0.16,0.75,-0.06,392.0,230.0,6.6,59.2,9.0,176.57,1.06,0.79,5,16.0,28.5,-1.0,3.0,46.5,MONITOR ⭐,Revenue CAGR 93% | ROCE trend rising ↑ | Promoter 56% holding | Margin compressing ↓ ⚠️ | Piotroski F=5 (above average quality) | MonthlyStage2 forming (24mo base),Margin compression ↓,3-4 years,Medium-High,"yfinance, screener.in",100,55,,2026-06-27,2026-06-01,26,14.4,3,3.4
ANGELONE,Angel One Limited,Financial Services,Capital Markets,32305.0,Large-Cap,MonthlyStage2,Stage Change,1.0,24,10-EMA=281 | 30-EMA=249 | Above by 36.6% | MA turning=Yes,MonthlyDoubleBottom+MonthlyStage2,Uptrend,True,False,Tight-Above-MAs,True,Stage2,12,Uptrend,Uptrend,339.5,248.6,209.38,288.57,205.7,287.82,209.54,207.61,,,35.98,20.39,5.27,38.69,,198.0,-3.56,353.64,11,none,15.6,14.8,-2.63,35.0,-0.4,19.29,4.49,-1.93,19.62,31.86,-21.93,0.93,25.24,83.5,0.15,highly inconsistent earnings,1.29,,1.32,,,,28.8,-0.07,,12.81,0.36,18.88,0.77,360.45,208.63,5.8,62.7,37.27,111.88,0.34,0.08,2,7.0,28.5,1.0,10.0,46.5,MONITOR ⭐,Revenue CAGR 20% | OPM 35% | DII buying +0.8% ↑ | MonthlyStage2 forming (24mo base) | Weekly uptrend | Tight daily consolidation above MAs,High D/E 1.3,3-4 years,Medium-High,"yfinance, screener.in",90,69,,2026-06-27,2026-06-01,26,3.5,3,4.0
STARCEMENT,Star Cement Limited,Basic Materials,Building Materials,8619.0,Mid-Cap,MonthlyDoubleBottom,Forming,0.74,27,Sep 27mo | Mid rally 79% | Asymmetry 5%,MonthlyCupHandle+MonthlyDoubleBottom+MonthlyStage2,Downtrend,False,False,Below-MAs,False,Stage2,1,Uptrend,Uptrend,210.72,137.3,74.75,179.11,241.26,279.94,326.26,280.56,32.8,15.3,21.94,18.76,2.7,1.35,9.8,94.0,30.0,279.0,13,strong_buy,13.2,16.7,0.2,25.0,1.09,10.42,8.15,19.38,11.76,17.03,130.77,16.29,15.84,20.4,0.15,highly inconsistent earnings,0.19,,1.31,,137.88,1.6,58.12,0.5,,2.26,-0.21,2.65,-1.83,308.95,196.53,31.8,7.2,7.53,28.05,0.28,-0.03,6,23.0,13.38,9.0,1.0,46.4,MONITOR ⭐,Expected ~15% CAGR (2yr) | ROCE trend rising ↑ | Low D/E 0.19 | Promoter 58% holding | Piotroski F=6 (above average quality) | Dividend growing 30%/yr,Pattern still forming (not broken out),3-4 years,Medium-High,"yfinance, screener.in",100,108,,2026-06-27,2026-06-01,26,0.0,3,0.0
DODLA,Dodla Dairy Limited,Consumer Defensive,Food Distribution,6690.0,Small-Cap,MonthlyDoubleBottom,Forming,0.579,13,Sep 13mo | Mid rally 58% | Asymmetry 0%,,Sideways,False,False,Below-MAs,True,Stage2,15,Uptrend,Uptrend,1084.8,1522.83,964.1,922.08,2805.28,2707.26,4728.54,3642.1,149.6,58.0,25.06,19.71,4.0,0.84,20.55,45.0,-33.33,1305.0,4,none,17.5,18.0,-1.03,7.0,-0.71,6.47,7.39,10.89,13.62,16.24,2.69,29.83,16.21,2.6,0.15,highly inconsistent earnings,0.03,,2.44,,115.02,1.72,58.92,0.0,,6.44,-0.92,25.34,1.58,1525.0,964.1,28.9,12.5,-9.96,23.09,0.14,0.29,5,21.0,13.45,12.0,0.0,46.4,MONITOR ⭐,Expected ~58% CAGR (2yr) | Profit CAGR 30% | Nearly debt-free | Promoter 59% holding | Margin compressing ↓ ⚠️ | Piotroski F=5 (above average quality),Margin compression ↓ | Pattern still forming (not broken out),3-4 years,Medium-High,"yfinance, screener.in",100,61,,2026-06-27,2026-06-01,26,5.4,3,2.0
CDSL,Central Depository Services (India) Limited,Financial Services,Capital Markets,28639.0,Mid-Cap,MonthlyDoubleBottom,Forming,0.676,7,Sep 7mo | Mid rally 69% | Asymmetry 2%,,Sideways,False,False,Below-MAs,True,Stage2,12,Uptrend,Uptrend,1227.9,142.23,83.43,1043.72,498.22,868.3,695.25,588.54,,,62.89,44.65,14.61,3.47,41.02,91.0,18.56,1287.93,14,none,24.5,32.0,0.6,51.0,-2.17,36.83,16.73,5.82,27.3,27.19,-13.5,18.13,17.75,-20.0,0.15,highly inconsistent earnings,0.0,,2.92,,245.16,0.86,15.0,0.0,,11.36,-1.04,14.42,-0.7,1814.0,1116.3,32.3,10.0,-11.78,86.29,0.26,0.22,6,31.0,14.11,0.0,1.0,46.1,MONITOR ⭐,Revenue CAGR 27% | ROE 24% | ROCE 32% | ROCE trend rising ↑ | Nearly debt-free | OPM 51%,High PE 63 | Margin compression ↓ | Pattern still forming (not broken out),3-4 years,Medium-High,"yfinance, screener.in",100,109,,2026-06-27,2026-06-01,26,1.5,3,4.0
GRAVITA,Gravita India Limited,Industrials,Metal Fabrication,12540.0,Mid-Cap,MonthlyDoubleBottom,Forming,0.552,12,Sep 12mo | Mid rally 64% | Asymmetry 9%,MonthlyDoubleBottom+MonthlyStage2,Uptrend,True,False,Uptrend,True,Stage2,4,Uptrend,Uptrend,1602.9,2162.77,1266.9,1362.47,2140.43,3058.64,3229.31,2629.09,90.8,38.1,33.11,21.6,5.11,1.45,24.8,64.0,28.4,2100.3,10,none,16.8,17.0,-1.46,10.0,0.03,8.88,9.97,10.24,15.05,24.78,20.77,22.83,45.99,-3.4,0.15,highly inconsistent earnings,0.3,,2.91,,-231.15,-1.84,55.88,0.0,,13.94,-1.81,5.15,0.44,1949.0,1266.9,17.8,26.5,-9.82,122.37,0.24,0.26,5,17.0,20.12,7.0,2.0,46.1,MONITOR ⭐,Expected ~38% CAGR (2yr) | Revenue CAGR 15% | Profit CAGR 23% | Low D/E 0.30 | Promoter 56% holding | Piotroski F=5 (above average quality),Pattern still forming (not broken out),3-4 years,Medium-High,"yfinance, screener.in",100,188,,2026-06-27,2026-06-01,26,-1.2,3,8.4
ANANDRATHI,Anand Rathi Wealth Limited,Financial Services,Asset Management,31008.0,Large-Cap,None,,0.0,0,,,Downtrend,False,True,Below-MAs,False,Stage2,12,Uptrend,Uptrend,1765.3,,,1500.5,638.64,848.95,1128.5,848.95,,,79.37,54.72,31.07,2.41,54.26,37.0,5.27,1540.0,2,hold,47.3,59.2,5.6,47.0,2.86,31.59,30.11,27.86,30.87,35.63,31.89,32.93,54.57,40.5,0.15,highly inconsistent earnings,0.08,,3.83,,390.1,1.26,41.37,-1.74,,6.78,1.0,9.4,0.3,1887.0,1010.0,6.4,74.8,-28.39,188.34,,0.35,6,40.0,3.0,-1.0,4.0,46.0,MONITOR ⭐,Revenue CAGR 31% | Profit CAGR 33% | ROE 47% | ROCE 59% | ROCE trend rising ↑ | Nearly debt-free,High PE 79,3-4 years,Medium-High,"yfinance, screener.in",100,55,,2026-06-27,2026-06-01,26,-50.5,3,-11.0
SMSPHARMA,SMS Pharmaceuticals Limited,Healthcare,Drug Manufacturers - General,3546.0,Small-Cap,MonthlyDoubleBottom,Forming,1.0,9,Sep 9mo | Mid rally 126% | Asymmetry 1%,MonthlyCupHandle+MonthlyDoubleBottom,Sideways-Above-MA,True,False,Constructive,False,Stage2,5,Uptrend,Uptrend,382.1,397.02,174.82,324.79,585.89,691.64,816.48,691.64,81.0,34.5,33.89,,4.63,1.88,22.06,11.0,10.06,,0,none,14.3,13.3,-0.34,19.0,-0.6,11.5,6.53,13.28,19.33,9.52,47.83,18.05,26.09,61.0,0.15,highly inconsistent earnings,0.47,,1.81,,-95.11,-2.68,68.07,0.0,,0.31,0.27,3.02,-0.19,447.8,207.99,14.7,83.7,67.93,205.28,0.23,0.32,4,14.0,21.0,4.0,7.0,46.0,MONITOR ⭐,Expected ~34% CAGR (2yr) | Revenue CAGR 19% | Promoter 68% holding | Margin compressing ↓ ⚠️ | Dividend growing 10%/yr | MonthlyDoubleBottom forming (9mo base),Margin compression ↓ | Pattern still forming (not broken out),3-4 years,Medium-High,"yfinance, screener.in",100,233,,2026-06-27,2026-06-01,26,-6.9,3,0.0
CENTRALBK,Central Bank of India,Financial Services,Banks - Regional,29725.0,Mid-Cap,MonthlyDoubleBottom,Forming,1.0,7,Sep 7mo | Mid rally 114% | Asymmetry 0%,,Downtrend,False,False,Below-MAs,False,Stage2,12,Uptrend,Uptrend,31.04,20.82,9.73,26.38,141.87,197.17,274.03,197.17,535.2,152.0,6.57,,0.77,0.17,,423.0,24.0,,0,none,11.8,5.62,,34.41,,24.42,0.88,7.02,12.13,9.64,14.91,38.98,46.56,-32.5,0.75,consistent growth,,,,,,,81.19,-8.08,,0.84,0.09,10.82,6.0,40.92,29.32,24.1,5.9,-6.92,-13.12,0.92,0.39,2,20.0,15.0,10.0,1.0,46.0,MONITOR ⭐,Expected ~152% CAGR (2yr) | Profit CAGR 39% | Promoter 81% holding | OPM 34% | EPS: consistent growth | DII buying +6.0% ↑,Pattern still forming (not broken out),3-4 years,Medium-High,"yfinance, screener.in",80,227,,2026-06-27,2026-06-01,26,-8.8,3,1.0
APLLTD,Alembic Pharmaceuticals Limited,Healthcare,Drug Manufacturers - Specialty & Generic,14998.0,Mid-Cap,MonthlyDoubleBottom,Forming,0.855,29,Sep 29mo | Mid rally 94% | Asymmetry 9%,,Sideways,False,True,Below-MAs,True,Stage2,5,Uptrend,Uptrend,743.35,1289.56,635.8,631.85,1993.43,1943.32,3124.2,2495.57,161.4,61.7,22.22,15.73,2.64,0.88,14.5,157.0,3.23,907.2,10,none,13.4,12.6,-1.51,15.0,-1.71,9.19,6.05,10.09,9.12,6.37,15.29,25.19,-10.15,29.2,0.15,highly inconsistent earnings,0.25,,1.76,,28.48,0.19,69.74,0.0,,4.26,0.03,16.17,0.0,1107.9,635.8,32.9,16.9,-18.52,-20.35,0.61,0.38,4,16.0,17.76,12.0,0.0,45.8,MONITOR ⭐,Expected ~62% CAGR (2yr) | Profit CAGR 25% | Low D/E 0.25 | Promoter 70% holding | Margin compressing ↓ ⚠️ | PEG 0.88 — undervalued,Margin compression ↓ | Pattern still forming (not broken out),3-4 years,Medium-High,"yfinance, screener.in",100,178,,2026-06-27,2026-06-01,26,-1.0,3,3.0
SBFC,SBFC Finance Limited,Financial Services,Credit Services,10557.0,Mid-Cap,MonthlyDoubleBottom,Forming,0.519,24,Sep 24mo | Mid rally 62% | Asymmetry 10%,,Downtrend,False,False,Below-MAs,True,Stage2,12,Uptrend,Uptrend,92.96,123.0,72.4,79.02,150.53,206.53,458.06,262.59,122.2,49.1,23.27,19.12,2.81,0.31,,0.0,,122.43,7,strong_buy,11.6,11.6,,60.86,,44.35,4.58,28.16,35.15,,45.57,74.44,,30.7,0.75,consistent growth,1.92,,544.53,,,,52.35,-0.47,,6.21,-0.67,21.97,2.44,123.0,79.6,24.4,16.8,-6.61,,0.2,0.59,3,23.0,10.73,11.0,1.0,45.7,MONITOR ⭐,Expected ~49% CAGR (2yr) | Revenue CAGR 35% | Profit CAGR 74% | Promoter 52% holding | OPM 61% | EPS: consistent growth,High D/E 1.9 | Pattern still forming (not broken out),3-4 years,Medium-High,"yfinance, screener.in",90,35,,2026-06-27,2026-06-01,26,2.4,3,-3.0
HONAUT,Honeywell Automation India Limited,Industrials,Electrical Equipment & Parts,33142.0,Large-Cap,MonthlyDoubleBottom,Forming,0.928,35,Sep 35mo | Mid rally 96% | Asymmetry 3%,,Uptrend,True,False,Tight-Above-MAs,True,Stage2,4,Uptrend,Uptrend,36160.0,59716.92,29912.76,30736.0,21025.01,89521.08,27372.07,23989.54,147.6,57.3,62.89,44.5,7.42,4.46,48.6,29.0,5.27,37881.33,3,hold,12.35,,,14.41,,11.21,5.83,5.9,,,14.1,,,14.2,0.5,insufficient history,0.03,,3.52,,468.21,1.41,75.0,0.0,,3.74,0.28,11.28,-0.25,41450.0,26220.0,12.8,37.9,-2.11,-34.9,0.63,0.49,4,16.0,27.64,0.0,2.0,45.6,MONITOR ⭐,Expected ~57% CAGR (2yr) | Nearly debt-free | Promoter 75% holding | MonthlyDoubleBottom forming (35mo base) | Weekly uptrend | Tight daily consolidation above MAs,High PE 63 | Earnings due 2026-08-06 | Pattern still forming (not broken out),3-4 years,Medium-High,"yfinance, screener.in",70,288,2026-08-06,2026-06-27,2026-06-01,26,24.4,3,10.0
SHARDACROP,Sharda Cropchem Limited,Basic Materials,Agricultural Inputs,8127.0,Mid-Cap,MonthlyDoubleBottom,Forming,0.712,20,Sep 20mo | Mid rally 74% | Asymmetry 3%,,Downtrend,False,False,Below-MAs,False,Stage2,1,Uptrend,Uptrend,923.7,515.05,292.69,785.14,2103.59,2092.78,3329.59,2646.53,126.6,50.5,11.93,10.95,2.59,0.46,7.26,133.0,0.0,1262.17,6,none,24.2,30.4,-0.06,20.0,-0.46,12.93,8.51,21.94,9.2,17.07,124.01,25.81,24.35,56.5,0.15,highly inconsistent earnings,,,1.86,,-142.3,-1.75,74.82,0.0,,4.6,0.4,9.7,-0.25,1297.0,755.55,28.8,22.3,-13.29,97.61,0.27,0.56,3,19.0,12.54,14.0,0.0,45.5,MONITOR ⭐,Expected ~50% CAGR (2yr) | Profit CAGR 26% | ROE 24% | ROCE 30% | Promoter 75% holding | PEG 0.46 — deeply undervalued,Pattern still forming (not broken out),3-4 years,Medium-High,"yfinance, screener.in",90,142,,2026-06-27,2026-06-01,26,0.8,3,-7.0
APEX,Apex Frozen Foods Limited,Consumer Defensive,Farm Products,1312.0,Small-Cap,MonthlyStage2,Stage Change,1.0,24,10-EMA=358 | 30-EMA=291 | Above by 44.1% | MA turning=Yes,MonthlyDoubleBottom+MonthlyStage2,Sideways-Above-MA,True,False,Constructive,False,Stage2,15,Uptrend,Uptrend,419.15,290.87,195.17,356.28,606.16,697.08,801.65,697.08,66.3,29.0,33.8,24.4,2.49,,25.16,52.0,-7.17,,0,none,,,,3.98,,3.45,,14.5,,,,,,,0.5,insufficient history,0.08,,,,,,72.62,0.0,,6.0,1.26,0.66,0.11,514.5,208.74,18.5,100.8,78.63,77.02,0.22,-0.1,1,13.0,22.5,3.0,7.0,45.5,MONITOR ⭐,Expected ~29% CAGR (2yr) | Nearly debt-free | Promoter 73% holding | FII buying +1.3% ↑ | EV/EBITDA 25× vs sector 30× | MonthlyStage2 forming (24mo base),None identified,3-4 years,Medium-High,"yfinance, screener.in",50,106,,2026-06-27,2026-06-01,26,-2.7,3,0.0
MINDTECK,Mindteck (India) Limited,Technology,Information Technology Services,669.0,Small-Cap,MonthlyDoubleBottom,Forming,1.0,13,Sep 13mo | Mid rally 163% | Asymmetry 8%,MonthlyDoubleBottom+MonthlyStage2,Sideways,False,False,Below-MAs,True,Downtrend,0,Uptrend,Uptrend,206.35,365.37,133.72,175.4,364.01,597.02,481.98,418.86,189.3,70.1,21.22,,2.2,1.41,12.67,48.0,7.72,,0,none,12.1,15.1,0.83,9.0,0.37,7.74,6.03,-4.01,6.49,7.24,10.34,15.07,23.81,49.4,0.15,highly inconsistent earnings,0.01,,5.63,,12.65,1.89,64.2,0.0,,0.01,-0.06,0.0,0.0,307.68,145.13,32.9,42.2,-5.04,63.64,0.51,0.63,6,20.0,17.5,8.0,0.0,45.5,MONITOR ⭐,Expected ~70% CAGR (2yr) | ROCE trend rising ↑ | Nearly debt-free | Promoter 64% holding | Piotroski F=6 (above average quality) | PEG 1.41 — fair value,Pattern still forming (not broken out),3-4 years,Medium-High,"yfinance, screener.in",100,118,,2026-06-27,2026-06-01,26,0.0,3,0.0
MSUMI,Motherson Sumi Wiring India Limited,Consumer Cyclical,Auto Parts,25220.0,Mid-Cap,MonthlyDoubleBottom,Forming,0.709,23,Sep 23mo | Mid rally 75% | Asymmetry 4%,,Sideways,False,False,Below-MAs,False,Stage2,3,Uptrend,Uptrend,39.39,51.92,28.99,33.48,35.33,74.85,36.4,35.86,90.0,37.8,40.46,25.33,11.77,26.97,24.16,289.0,11.87,49.15,13,buy,32.39,,,6.51,,5.47,12.45,33.1,,,1.5,,,1.4,0.5,insufficient history,0.11,,1.62,,157.63,0.63,61.72,0.0,,9.74,-0.4,17.41,0.24,53.59,35.7,26.5,10.3,7.24,-16.38,0.6,0.06,5,25.0,15.51,4.0,1.0,45.5,MONITOR ⭐,Expected ~38% CAGR (2yr) | Revenue CAGR 33% | ROE 32% | Low D/E 0.11 | Promoter 62% holding | Piotroski F=5 (above average quality),Earnings due 2026-07-28 | Pattern still forming (not broken out),3-4 years,Medium-High,"yfinance, screener.in",70,51,2026-07-28,2026-06-27,2026-06-01,26,0.0,3,0.0
BANKBARODA,Bank of Baroda Limited,Financial Services,Banks - Regional,145341.0,Large-Cap,MonthlyDoubleBottom,Forming,1.0,32,Sep 32mo | Mid rally 187% | Asymmetry 3%,,Sideways,False,False,Constructive,True,Stage2,12,Uptrend,Uptrend,274.75,71.55,24.51,233.54,893.16,714.87,1084.26,984.08,160.2,61.3,7.32,6.53,0.88,0.72,,302.0,15.62,311.06,33,buy,12.7,5.63,,38.45,,31.18,1.01,4.97,12.43,12.56,-3.81,10.18,65.43,7.0,0.15,highly inconsistent earnings,,,,,,,63.97,0.0,,9.69,-0.15,18.92,0.2,325.5,230.81,15.6,19.0,20.13,24.9,1.08,0.42,2,10.0,20.5,9.0,6.0,45.5,MONITOR ⭐,Expected ~61% CAGR (2yr) | Promoter 64% holding | OPM 38% | Dividend growing 16%/yr | PEG 0.72 — undervalued | MonthlyDoubleBottom forming (32mo base),Earnings due 2026-07-24 | Pattern still forming (not broken out),3-4 years,Medium-High,"yfinance, screener.in",80,288,2026-07-24,2026-06-27,2026-06-01,26,5.4,3,3.0
CANBK,Canara Bank,Financial Services,Banks - Regional,121311.0,Large-Cap,MonthlyDoubleBottom,Forming,1.0,46,Sep 46mo | Mid rally 642% | Asymmetry 5%,,Downtrend,False,False,Below-MAs,False,Stage2,12,Uptrend,Uptrend,131.67,151.41,19.89,111.92,555.54,461.08,802.91,667.87,250.2,87.1,6.15,5.79,1.03,0.3,,314.0,20.51,150.89,19,buy,16.1,6.52,,-32.21,,37.04,0.99,3.92,13.74,12.46,11.42,20.22,46.14,-9.8,0.4,lumpy earner,,,,,,,62.93,0.0,,14.24,-0.37,10.91,0.44,162.89,103.55,19.2,27.2,27.39,83.82,0.76,0.49,2,13.0,16.5,11.0,5.0,45.5,MONITOR ⭐,Expected ~87% CAGR (2yr) | Profit CAGR 20% | Promoter 63% holding | Dividend growing 21%/yr | PEG 0.30 — deeply undervalued | MonthlyDoubleBottom forming (46mo base),Earnings due 2026-07-23 | Pattern still forming (not broken out),3-4 years,Medium-High,"yfinance, screener.in",80,283,2026-07-23,2026-06-27,2026-06-01,26,4.4,3,3.0
ESABINDIA,ESAB India Limited,Industrials,Tools & Accessories,8973.0,Mid-Cap,MonthlyStage2,Stage Change,0.641,24,10-EMA=5672 | 30-EMA=5226 | Above by 9.6% | MA turning=Yes,MonthlyDoubleBottom+MonthlyStage2,Sideways-Above-MA,True,False,Constructive,False,Stage2,4,Uptrend,Uptrend,5728.0,5225.63,4424.98,4868.8,3293.67,6026.28,3293.67,3293.67,5.2,2.6,43.48,,20.89,,32.83,201.0,-32.14,,0,none,59.3,90.8,-17.0,24.0,1.5,13.71,23.48,18.95,,,25.58,,,-8.2,0.4,lumpy earner,0.01,,2.15,,92.12,1.03,73.72,0.0,,1.56,0.05,12.88,-0.05,7319.5,4710.0,21.7,21.6,14.0,5.1,0.34,0.34,5,25.0,18.19,-1.0,3.0,45.2,MONITOR ⭐,Expected ~3% CAGR (2yr) | Declining profits (-8% CAGR) ⚠️ | ROE 59% | ROCE 91% | Nearly debt-free | Promoter 74% holding,None identified,3-4 years,Medium-High,"yfinance, screener.in",80,288,,2026-06-27,2026-06-01,26,-12.7,3,-15.8
LTFOODS,LT Foods Limited,Consumer Defensive,Packaged Foods,13300.0,Mid-Cap,MonthlyDoubleBottom,Forming,0.548,14,Sep 14mo | Mid rally 56% | Asymmetry 1%,,Uptrend,True,False,Constructive,True,Stage2,15,Uptrend,Uptrend,411.65,514.98,329.47,349.9,924.39,1052.89,1199.24,1052.89,155.8,59.9,21.28,13.21,7.46,1.53,10.45,104.0,0.0,509.0,2,none,14.9,17.7,1.11,11.0,-0.09,5.68,7.45,26.09,16.43,18.71,2.12,13.9,16.68,71.0,0.15,highly inconsistent earnings,0.28,,1.76,,50.1,0.38,51.0,0.0,,8.74,-0.18,10.3,0.67,518.55,333.15,20.6,23.6,-7.07,,0.14,0.35,6,20.0,19.08,6.0,0.0,45.1,MONITOR ⭐,Expected ~60% CAGR (2yr) | Revenue CAGR 16% | ROCE trend rising ↑ | Low D/E 0.28 | Promoter 51% holding | Piotroski F=6 (above average quality),Pattern still forming (not broken out),3-4 years,Medium-High,"yfinance, screener.in",100,32,,2026-06-27,2026-06-01,26,0.0,3,-1.0
MANYAVAR,Vedant Fashions Limited,Consumer Cyclical,Apparel Manufacturing,10023.0,Mid-Cap,None,,0.0,0,,,Sideways,False,False,Below-MAs,True,Stage2,3,Uptrend,Uptrend,431.95,,,367.16,690.78,652.95,814.11,749.91,51.2,22.9,26.66,22.5,5.1,3.12,15.81,194.0,16.96,507.5,10,buy,26.7,30.7,0.91,48.0,1.2,26.16,10.24,-1.68,8.92,7.99,-2.66,8.56,11.2,13.1,0.15,highly inconsistent earnings,0.23,,3.67,,404.98,4.04,74.94,0.0,,8.28,-1.01,12.62,0.62,848.0,329.2,49.1,31.2,-38.47,-86.97,,-0.1,6,33.0,6.0,6.0,0.0,45.0,MONITOR ⭐,Expected ~23% CAGR (2yr) | ROE 27% | ROCE 31% | ROCE trend rising ↑ | Low D/E 0.23 | Promoter 75% holding,None identified,3-4 years,Medium-High,"yfinance, screener.in",100,52,,2026-06-27,2026-06-01,26,0.0,3,0.0
NILAINFRA,Nila Infrastructures Limited,Real Estate,Real Estate - Development,314.0,Micro-Cap,MonthlyDoubleBottom,Forming,1.0,23,Sep 23mo | Mid rally 151% | Asymmetry 9%,,Downtrend,False,False,Below-MAs,True,Stage2,3,Uptrend,Uptrend,7.88,10.6,4.05,6.7,20.67,23.32,26.32,23.32,195.9,72.0,13.53,,1.66,1.05,10.34,0.0,3.23,,0,none,13.2,22.5,3.71,10.0,0.11,7.22,2.18,30.77,41.09,27.2,15.0,12.86,2.83,9.1,0.2,multiple loss years in history,0.13,,1.1,,-39.32,-12.51,61.9,0.0,,0.34,0.06,,,13.78,5.9,42.8,33.6,-28.94,18.0,0.33,0.72,4,21.0,16.0,8.0,0.0,45.0,MONITOR ⭐,Expected ~72% CAGR (2yr) | Revenue CAGR 41% | ROCE 22% | ROCE trend rising ↑ | Low D/E 0.13 | Promoter 62% holding,Pattern still forming (not broken out),3-4 years,Medium-High,"yfinance, screener.in",100,133,,2026-06-27,2026-06-01,26,0.0,3,0.0
ZAGGLE,Zaggle Prepaid Ocean Services Limited,Technology,Software - Infrastructure,2872.0,Small-Cap,None,,0.0,0,,,Downtrend,False,False,Below-MAs,False,Downtrend,0,Uptrend,Uptrend,220.19,,,187.16,647.98,1180.3,2149.92,1180.3,436.0,131.5,20.8,11.5,2.18,0.25,3.75,0.0,,417.5,2,none,10.4,14.0,-1.5,10.0,0.3,7.24,28.47,46.32,51.11,,57.95,82.15,,30.5,1.0,steady compounder (low CV),0.04,,8.72,,734.97,25.59,44.16,0.03,,4.06,-3.55,7.4,-0.35,431.95,186.05,49.0,18.3,-38.95,,,0.6,4,31.0,2.0,12.0,0.0,45.0,MONITOR ⭐,Expected ~132% CAGR (2yr) | Revenue CAGR 51% | Profit CAGR 82% | Nearly debt-free | FCF yield 25.6% | EPS: steady compounder (low CV),None identified,3-4 years,Medium-High,"yfinance, screener.in",100,33,,2026-06-27,2026-06-01,26,0.0,3,0.0
HERITGFOOD,Heritage Foods Limited,Consumer Defensive,Packaged Foods,3062.0,Small-Cap,MonthlyDoubleBottom,Forming,1.0,23,Sep 23mo | Mid rally 146% | Asymmetry 0%,,Sideways,False,False,Below-MAs,False,Stage2,15,Uptrend,Uptrend,320.0,720.27,292.55,277.92,1159.24,1147.99,2184.05,1591.17,258.7,89.4,20.32,14.84,2.75,0.55,11.8,76.0,25.4,421.67,3,none,13.7,15.9,-1.63,6.0,-0.6,3.32,6.62,9.46,11.78,12.85,-20.21,37.26,0.27,-37.3,0.15,highly inconsistent earnings,0.33,,1.4,,-169.11,-5.52,41.3,0.0,,2.21,-1.74,6.21,1.33,540.0,292.55,40.7,9.4,-28.37,12.7,0.28,0.26,3,13.0,19.0,13.0,0.0,45.0,MONITOR ⭐,Expected ~89% CAGR (2yr) | Profit CAGR 37% | Margin compressing ↓ ⚠️ | DII buying +1.3% ↑ | Dividend growing 25%/yr | PEG 0.55 — undervalued,Margin compression ↓ | Pattern still forming (not broken out),3-4 years,Medium-High,"yfinance, screener.in",100,288,,2026-06-27,2026-06-01,26,-2.2,3,3.0
AGIIL,AGI Infra Limited,Real Estate,Real Estate - Development,4696.0,Small-Cap,None,,0.0,0,,,Sideways-Above-MA,True,False,Constructive,False,Stage2,3,Uptrend,Uptrend,372.5,,,316.62,348.69,437.78,549.64,437.78,17.5,8.4,48.28,,10.13,1.89,36.28,3.0,,,0,none,25.0,20.1,-0.91,35.0,1.11,26.91,5.0,8.62,13.72,26.26,41.79,25.55,41.08,69.6,0.4,lumpy earner,0.38,,1.31,,-85.2,-1.81,71.29,-1.66,,3.98,3.15,0.01,-0.01,434.4,177.3,14.2,110.1,76.97,,,-0.05,3,27.0,9.0,1.0,8.0,45.0,MONITOR ⭐,Expected ~8% CAGR (2yr) | Profit CAGR 26% | ROE 25% | ROCE 20% | Promoter 71% holding | OPM 35%,None identified,3-4 years,Medium-High,"yfinance, screener.in",100,24,,2026-06-27,2026-06-15,12,0.0,1,-3.0
BANSALWIRE,BANSAL WIRE INDUSTRIES L,Basic Materials,Steel,4802.0,Small-Cap,None,,0.0,0,,,Uptrend,True,False,Tight-Above-MAs,True,Stage2,1,Uptrend,Uptrend,303.85,,,258.27,305.64,400.7,590.19,424.72,31.9,14.8,29.84,18.52,3.36,0.77,17.25,0.0,,364.67,3,none,12.1,13.8,-0.5,7.0,0.8,3.87,6.75,18.62,19.92,,10.27,38.96,,21.0,0.15,highly inconsistent earnings,0.39,,1.64,,4.53,0.09,77.99,0.0,,0.88,-1.24,17.06,1.39,434.3,222.5,30.0,36.6,-18.78,,,,6,23.0,15.0,7.0,0.0,45.0,MONITOR ⭐,Expected ~15% CAGR (2yr) | Revenue CAGR 20% | Profit CAGR 39% | Promoter 78% holding | Piotroski F=6 (above average quality) | DII buying +1.4% ↑,None identified,3-4 years,Medium-High,"yfinance, screener.in",100,24,,2026-06-27,2026-06-15,12,0.0,1,6.0
KSB,KSB Limited,Industrials,Specialty Industrial Machinery,15708.0,Mid-Cap,MonthlyCupHandle,Forming,0.895,20,Cup 20mo | Depth 20% | Prior gain 31% | R²=0.98,MonthlyCupHandle+MonthlyDoubleBottom+MonthlyStage2,Sideways-Above-MA,True,False,Constructive,False,Stage2,4,Uptrend,Uptrend,837.2,951.98,764.98,726.73,425.85,1138.98,491.3,457.4,36.0,16.6,60.61,39.5,9.36,8.18,42.55,49.0,13.62,956.0,2,none,18.4,24.7,1.26,13.0,-0.14,9.57,,0.22,6.34,12.54,-4.07,7.41,11.69,-22.9,0.4,lumpy earner,0.0,,,,,,69.8,0.0,,4.66,0.14,11.64,-0.31,1028.3,666.65,18.6,25.6,10.56,74.04,0.6,-0.2,1,21.0,20.74,-1.0,4.0,44.7,MONITOR ⭐,Expected ~17% CAGR (2yr) | ROCE 25% | ROCE trend rising ↑ | Nearly debt-free | Promoter 70% holding | Dividend growing 14%/yr,High PE 61 | Pattern still forming (not broken out),3-4 years,Medium-High,"yfinance, screener.in",80,287,,2026-06-27,2026-06-01,26,0.0,3,1.0
DRREDDY,Dr. Reddy's Laboratories Limited,Healthcare,Drug Manufacturers - Specialty & Generic,105929.0,Large-Cap,MonthlyDoubleBottom,Forming,1.0,30,Sep 30mo | Mid rally 144% | Asymmetry 2%,,Uptrend,True,False,Uptrend,True,Stage2,5,Uptrend,Uptrend,1275.4,127.18,51.54,1084.09,1803.32,1614.7,1803.32,1803.32,26.6,12.5,24.75,19.72,2.81,,15.44,63.0,10.06,1331.77,39,hold,11.8,13.6,0.49,19.0,0.69,12.76,5.74,3.23,10.96,12.09,-27.37,-2.65,16.33,-86.2,0.15,highly inconsistent earnings,0.2,,1.8,,162.75,0.15,26.63,-0.01,,21.14,-1.2,30.72,0.28,1375.9,1148.4,7.3,11.1,5.66,-4.24,0.36,0.26,7,11.0,26.5,4.0,3.0,44.5,MONITOR ⭐,Expected ~12% CAGR (2yr) | Declining profits (-3% CAGR) ⚠️ | ROCE trend rising ↑ | Low D/E 0.20 | Piotroski F=7 (high quality compounder) | Dividend growing 10%/yr,Earnings due 2026-07-23 | Pattern still forming (not broken out),3-4 years,Medium-High,"yfinance, screener.in",100,366,2026-07-23,2026-06-27,2026-06-01,26,-4.5,3,-3.0
LATENTVIEW,Latent View Analytics Limited,Industrials,Consulting Services,6190.0,Small-Cap,MonthlyDoubleBottom,Forming,0.666,25,Sep 25mo | Mid rally 76% | Asymmetry 10%,,Sideways,False,False,Below-MAs,True,Stage2,4,Uptrend,Uptrend,325.25,575.0,310.45,294.93,336.58,839.55,401.59,367.65,158.1,60.7,31.26,21.41,3.53,3.39,23.7,0.0,,404.75,4,none,12.2,16.0,-1.8,22.0,-2.49,18.69,6.29,25.0,25.29,28.21,16.76,9.23,17.29,-1.4,0.4,lumpy earner,0.02,,4.05,,205.55,3.32,65.1,0.0,,3.15,-0.57,4.13,-0.07,517.5,248.0,37.1,31.1,-13.24,-30.22,1.0,0.48,5,27.0,15.49,2.0,0.0,44.5,MONITOR ⭐,Expected ~61% CAGR (2yr) | Revenue CAGR 25% | Nearly debt-free | Promoter 65% holding | Margin compressing ↓ ⚠️ | FCF yield 3.3%,Margin compression ↓ | Pattern still forming (not broken out),3-4 years,Medium-High,"yfinance, screener.in",100,55,,2026-06-27,2026-06-01,26,0.0,3,0.0
MASTEK,Mastek Limited,Technology,Information Technology Services,4977.0,Small-Cap,MonthlyDoubleBottom,Forming,1.0,36,Sep 36mo | Mid rally 140% | Asymmetry 8%,,Sideways,False,False,Below-MAs,True,Downtrend,0,Uptrend,Uptrend,1660.9,3331.6,1334.2,1411.77,4335.69,5329.0,5172.99,4735.87,220.9,79.1,12.39,10.12,1.61,1.34,7.37,149.0,-25.05,2002.0,5,none,15.6,18.0,-2.57,16.0,-1.17,10.92,7.85,7.06,13.01,16.52,7.45,9.23,9.9,30.9,0.15,highly inconsistent earnings,0.15,,2.16,,408.11,8.2,35.77,-0.01,,8.03,-2.24,19.02,6.37,2818.0,1334.2,41.1,24.5,-23.52,-35.09,0.29,0.18,5,16.0,18.5,10.0,0.0,44.5,MONITOR ⭐,Expected ~79% CAGR (2yr) | Low D/E 0.15 | Margin compressing ↓ ⚠️ | FCF yield 8.2% | Piotroski F=5 (above average quality) | DII buying +6.4% ↑,Margin compression ↓ | Earnings due 2026-07-17 | Pattern still forming (not broken out),3-4 years,Medium-High,"yfinance, screener.in",100,287,2026-07-17,2026-06-27,2026-06-01,26,0.0,3,0.0
TANLA,Tanla Platforms Limited,Technology,Software - Application,6891.0,Small-Cap,MonthlyDoubleBottom,Forming,1.0,33,Sep 33mo | Mid rally 174% | Asymmetry 9%,,Sideways,False,False,Below-MAs,True,Downtrend,0,Uptrend,Uptrend,523.25,1955.0,684.52,650.29,1087.47,3225.48,1184.14,1134.78,516.4,148.3,13.64,11.62,2.77,3.14,8.07,230.0,14.47,571.5,2,none,21.4,26.2,-6.29,16.0,-0.83,11.53,10.64,9.68,9.61,13.54,0.39,4.35,7.41,14.5,0.15,highly inconsistent earnings,0.02,,2.3,,684.29,9.93,46.17,0.0,,7.6,-0.74,0.28,-0.02,766.0,365.9,31.7,43.0,-9.3,-68.43,0.46,0.67,4,22.0,18.5,4.0,0.0,44.5,MONITOR ⭐,Expected ~148% CAGR (2yr) | ROE 21% | ROCE 26% | Nearly debt-free | Margin compressing ↓ ⚠️ | FCF yield 9.9%,Margin compression ↓ | Earnings due 2026-07-23 | Pattern still forming (not broken out),3-4 years,Medium-High,"yfinance, screener.in",100,233,2026-07-23,2026-06-27,2026-06-01,26,0.0,3,0.0
KPIGREEN,KPI Green Energy Limited,Utilities,Utilities - Renewable,8088.0,Mid-Cap,MonthlyDoubleBottom,Forming,0.739,14,Sep 14mo | Mid rally 81% | Asymmetry 7%,MonthlyDoubleBottom+MonthlyStage2,Sideways,False,False,Below-MAs,True,Stage2,4,Uptrend,Uptrend,438.0,587.43,312.67,372.3,1030.1,1716.55,2860.46,1716.55,291.9,98.0,17.01,,2.66,0.26,13.31,21.0,8.74,,0,none,17.4,13.8,-0.54,36.0,-4.26,17.66,7.03,55.39,61.17,92.5,56.62,66.64,87.44,46.6,0.75,consistent growth,1.59,,1.64,,-2525.15,-31.22,49.49,0.24,,8.24,-0.44,0.64,0.01,563.0,335.65,22.2,30.5,-7.02,119.92,0.93,0.38,4,21.0,15.37,8.0,0.0,44.4,MONITOR ⭐,Expected ~98% CAGR (2yr) | Revenue CAGR 61% | Profit CAGR 67% | OPM 36% | Margin compressing ↓ ⚠️ | EPS: consistent growth,High D/E 1.6 | Margin compression ↓ | Pattern still forming (not broken out),3-4 years,Medium-High,"yfinance, screener.in",100,59,,2026-06-27,2026-06-01,26,0.0,3,0.0
HNDFDS,Hindustan Foods Limited,Industrials,Conglomerates,6608.0,Small-Cap,MonthlyDoubleBottom,Forming,0.454,22,Sep 22mo | Mid rally 51% | Asymmetry 6%,,Uptrend,True,True,Tight-Above-MAs,True,Stage2,4,Uptrend,Uptrend,529.7,686.4,442.0,450.25,551.94,930.8,904.72,706.65,75.7,32.6,44.23,25.37,5.67,1.58,21.04,0.0,,830.5,2,none,14.8,14.2,-0.77,9.0,0.63,3.51,6.03,19.28,17.84,25.13,35.45,28.03,34.38,35.1,0.75,consistent growth,0.93,,1.41,,-379.47,-5.74,61.31,0.0,,5.83,0.08,15.06,0.47,584.9,442.0,9.4,19.8,0.54,-26.48,0.45,0.34,4,18.0,21.45,2.0,3.0,44.4,MONITOR ⭐,Expected ~33% CAGR (2yr) | Revenue CAGR 18% | Profit CAGR 28% | Promoter 61% holding | EPS: consistent growth | MonthlyDoubleBottom forming (22mo base),Pattern still forming (not broken out),3-4 years,Medium-High,"yfinance, screener.in",100,44,,2026-06-27,2026-06-01,26,1.3,3,4.0
DIVISLAB,Divi's Laboratories Limited,Healthcare,Drug Manufacturers - Specialty & Generic,179005.0,Large-Cap,MonthlyDoubleBottom,Forming,0.681,20,Sep 20mo | Mid rally 71% | Asymmetry 3%,,Uptrend,True,False,Tight-Above-MAs,True,Stage2,5,Uptrend,Uptrend,6638.0,5284.12,3058.82,5642.3,4367.87,7509.42,5488.85,4896.39,13.1,6.4,69.93,47.8,10.67,5.78,50.99,44.0,0.0,7059.47,30,hold,16.5,22.0,-2.8,33.0,-2.17,24.32,10.07,12.82,10.78,8.67,17.21,12.1,5.3,13.4,0.15,highly inconsistent earnings,0.0,,5.43,,-747.12,-0.42,51.88,0.0,,20.29,0.21,19.13,-0.05,7071.5,5636.5,6.1,17.8,5.73,63.98,0.52,0.22,4,15.0,24.17,0.0,5.0,44.2,MONITOR ⭐,Expected ~6% CAGR (2yr) | ROCE 22% | Nearly debt-free | Promoter 52% holding | OPM 33% | Margin compressing ↓ ⚠️,High PE 70 | Margin compression ↓ | Earnings due 2026-08-05 | Pattern still forming (not broken out),3-4 years,Medium-High,"yfinance, screener.in",100,280,2026-08-05,2026-06-27,2026-06-01,26,-4.0,3,2.0
SBGLP,Suratwwala Business Group Limited,Real Estate,Real Estate - Development,452.0,Micro-Cap,None,,0.0,0,,,Downtrend,False,False,Below-MAs,False,Stage2,3,Uptrend,Uptrend,26.46,,,22.49,95.62,116.52,141.99,116.52,340.4,109.8,12.12,,4.34,0.55,10.05,38.0,,,0,none,43.8,30.8,-17.8,37.0,103.1,26.51,14.38,297.22,32.12,,245.45,21.86,,104.4,0.15,highly inconsistent earnings,0.75,,2.84,,-14.92,-3.3,73.39,0.0,,0.0,-0.01,,,46.39,18.35,43.0,44.2,-31.4,-1.6,,0.32,4,30.0,3.0,11.0,0.0,44.0,MONITOR ⭐,Expected ~110% CAGR (2yr) | Revenue CAGR 32% | Profit CAGR 22% | ROE 44% | ROCE 31% | Promoter 73% holding,None identified,3-4 years,Medium-High,"yfinance, screener.in",100,41,,2026-06-27,2026-06-01,26,0.9,3,-2.0
INDOAMIN,Indo Amines Limited,Basic Materials,Chemicals,1042.0,Small-Cap,MonthlyDoubleBottom,Forming,1.0,9,Sep 9mo | Mid rally 153% | Asymmetry 1%,,Sideways-Above-MA,True,True,Constructive,True,Stage2,1,Uptrend,Uptrend,125.74,174.13,68.34,106.88,254.04,316.13,393.39,316.13,151.4,58.6,13.3,,2.75,0.54,11.13,35.0,0.0,,0,none,22.4,19.9,0.49,11.0,0.14,6.84,7.55,7.51,7.07,16.48,41.07,24.44,16.38,87.4,0.15,highly inconsistent earnings,0.79,,1.3,,-33.97,-3.26,58.42,0.0,,0.02,0.02,,,176.25,81.9,28.7,53.5,-17.44,-15.67,1.65,0.1,4,16.0,21.0,6.0,1.0,44.0,MONITOR ⭐,Expected ~59% CAGR (2yr) | Profit CAGR 24% | ROE 22% | ROCE trend rising ↑ | Promoter 58% holding | PEG 0.54 — undervalued,Pattern still forming (not broken out),3-4 years,Medium-High,"yfinance, screener.in",100,50,,2026-06-27,2026-06-01,26,0.0,3,-1.0
PAGEIND,Page Industries Limited,Consumer Cyclical,Apparel Manufacturing,44588.0,Large-Cap,MonthlyDoubleBottom,Forming,1.0,18,Sep 18mo | Mid rally 106% | Asymmetry 3%,,Sideways-Above-MA,True,False,Constructive,True,Stage2,3,Uptrend,Uptrend,38700.0,33328.2,15943.52,32895.0,28492.4,50712.88,33851.83,31056.72,31.0,14.5,58.48,46.56,29.67,6.5,38.54,150.0,0.61,40284.08,26,hold,52.5,,,18.56,,14.56,23.78,14.1,,,9.0,,,9.0,0.5,insufficient history,0.18,,1.73,,523.14,1.17,42.89,0.0,,19.0,-1.71,32.5,1.72,50590.0,29805.0,23.5,29.8,-13.15,-15.49,0.39,0.03,5,21.0,22.0,0.0,1.0,44.0,MONITOR ⭐,Expected ~14% CAGR (2yr) | ROE 52% | Low D/E 0.18 | Piotroski F=5 (above average quality) | DII buying +1.7% ↑ | MonthlyDoubleBottom forming (18mo base),High PE 58 | Earnings due 2026-08-13 | Pattern still forming (not broken out),3-4 years,Medium-High,"yfinance, screener.in",70,231,2026-08-13,2026-06-27,2026-06-01,26,0.0,3,-1.0
MEDANTA,Global Health Limited,Healthcare,Medical Care Facilities,34014.0,Large-Cap,MonthlyCupHandle,Forming,0.921,23,Cup 23mo | Depth 20% | Prior gain 75% | R²=1.00,MonthlyCupHandle+MonthlyDoubleBottom+MonthlyStage2,Sideways-Above-MA,True,True,Constructive,True,Stage2,5,Uptrend,Uptrend,1240.4,1441.56,1147.8,1090.41,1077.49,1735.32,1534.31,1285.77,39.9,18.3,61.36,39.22,8.58,3.17,37.09,4.0,,1419.06,17,none,15.2,17.1,2.23,21.0,1.29,12.62,8.16,19.45,17.62,24.97,15.18,19.33,80.39,42.0,0.15,highly inconsistent earnings,0.3,,2.67,,-214.19,-0.63,33.01,0.0,,10.15,-0.39,14.76,0.77,1456.5,956.0,14.8,29.7,16.87,65.51,0.86,0.18,6,19.0,21.05,0.0,4.0,44.0,MONITOR ⭐,Expected ~18% CAGR (2yr) | Revenue CAGR 18% | ROCE trend rising ↑ | Low D/E 0.30 | Piotroski F=6 (above average quality) | DII buying +0.8% ↑,High PE 61 | Pattern still forming (not broken out),3-4 years,Medium-High,"yfinance, screener.in",100,43,,2026-06-27,2026-06-01,26,0.0,3,1.0
CHOICEIN,Choice International Limited,Financial Services,Capital Markets,16176.0,Mid-Cap,None,,0.0,0,,,Sideways,False,False,Below-MAs,True,Stage2,12,Uptrend,Uptrend,673.5,,,572.48,356.8,564.82,894.11,564.82,,,64.54,48.31,8.59,1.11,,0.0,,,0,none,16.1,18.0,1.66,36.0,1.94,20.62,7.69,21.5,41.74,44.76,46.01,58.3,69.52,12.7,0.15,highly inconsistent earnings,0.5,,1.97,,,,53.66,0.0,,11.41,-0.75,0.35,0.05,860.5,568.7,21.7,18.4,-7.01,260.17,,-0.37,5,33.0,6.0,4.0,1.0,44.0,MONITOR ⭐,Revenue CAGR 42% | Profit CAGR 58% | ROCE trend rising ↑ | Promoter 54% holding | OPM 36% | Piotroski F=5 (above average quality),High PE 65,3-4 years,Medium-High,"yfinance, screener.in",90,51,,2026-06-27,2026-06-01,26,2.2,3,2.0
SOTL,Savita Oil Technologies Limited,Basic Materials,Specialty Chemicals,4147.0,Small-Cap,MonthlyStage2,Breaking Out,1.0,24,10-EMA=422 | 30-EMA=405 | Above by 48.4% | MA turning=Yes,MonthlyDoubleBottom+MonthlyStage2,Uptrend,True,True,Uptrend,True,Stage2,1,Uptrend,Uptrend,601.2,405.09,288.1,511.02,568.78,568.78,568.78,568.78,,,22.83,9.96,2.4,,15.65,66.0,-7.17,,0,none,10.5,15.2,-1.34,6.0,-2.17,4.17,5.39,14.42,6.33,16.89,61.06,-6.96,-5.14,62.0,0.15,highly inconsistent earnings,0.0,,2.54,,72.85,1.76,68.93,0.02,,0.88,0.01,13.18,0.0,624.0,285.8,3.7,110.4,56.02,78.83,21.31,0.57,4,7.0,28.0,-1.0,10.0,44.0,MONITOR ⭐,Declining profits (-7% CAGR) ⚠️ | Nearly debt-free | Promoter 69% holding | Margin compressing ↓ ⚠️ | MonthlyStage2 — Breaking Out | Weekly uptrend,Margin compression ↓,3-4 years,Medium-High,"yfinance, screener.in",100,288,,2026-06-27,2026-06-01,26,44.0,3,5.0
BETA,BETA DRUGS LIMITED,Healthcare,Drug Manufacturers - Specialty & Generic,2009.0,Small-Cap,MonthlyStage2,Breaking Out,1.0,24,10-EMA=1521 | 30-EMA=1479 | Above by 19.8% | MA turning=Yes,MonthlyDoubleBottom+MonthlyStage2,Uptrend,True,True,Constructive,True,Stage2,5,Uptrend,Uptrend,1771.2,1478.9,1051.6,1505.52,1597.53,1906.2,1924.93,1753.6,7.6,3.7,48.54,,8.24,4.97,26.95,0.0,,,0,none,18.8,19.2,-1.23,20.0,-0.4,10.78,7.85,6.35,19.26,27.12,-2.38,9.77,27.86,0.2,0.15,highly inconsistent earnings,0.6,,3.1,,-33.59,-1.67,59.1,-5.53,,2.95,1.79,6.01,3.86,2031.0,990.1,12.8,78.9,6.57,93.49,2.45,-0.46,4,12.0,27.0,0.0,5.0,44.0,MONITOR ⭐,Expected ~4% CAGR (2yr) | Revenue CAGR 19% | Promoter 59% holding | FII buying +1.8% ↑ | DII buying +3.9% ↑ | MonthlyStage2 — Breaking Out,None identified,3-4 years,Medium-High,"yfinance, screener.in",100,105,,2026-06-27,2026-06-15,12,0.0,1,3.0
KSOLVES,Ksolves India Limited,Technology,Software - Application,690.0,Small-Cap,MonthlyDoubleBottom,Forming,0.481,9,Sep 9mo | Mid rally 50% | Asymmetry 2%,,Downtrend,False,False,Below-MAs,False,Downtrend,0,Uptrend,Uptrend,282.35,678.94,446.67,424.34,473.36,911.21,581.02,524.44,222.7,79.6,20.09,,23.46,1.86,14.24,687.0,-17.79,,0,none,137.0,131.0,-2.57,30.0,-2.51,21.1,47.64,18.98,27.85,42.23,65.8,10.79,30.45,65.3,0.15,highly inconsistent earnings,0.19,,2.4,,20.58,2.98,58.92,-0.02,,0.08,-0.04,0.01,0.0,402.0,245.75,29.8,14.9,-6.76,-53.99,1.14,-0.07,5,31.0,7.77,5.0,0.0,43.8,MONITOR ⭐,Expected ~80% CAGR (2yr) | Revenue CAGR 28% | ROE 137% | ROCE 131% | Low D/E 0.19 | Promoter 59% holding,Margin compression ↓ | Pattern still forming (not broken out),3-4 years,Medium-High,"yfinance, screener.in",100,70,,2026-06-27,2026-06-01,26,0.0,3,-3.0
CRISIL,CRISIL Limited,Financial Services,Financial Data & Stock Exchanges,30217.0,Large-Cap,MonthlyDoubleBottom,Forming,0.859,27,Sep 27mo | Mid rally 89% | Asymmetry 3%,,Sideways,False,False,Below-MAs,False,Stage2,12,Uptrend,Uptrend,3893.9,6797.35,3537.68,3360.8,2535.56,10057.02,2981.63,2749.56,158.3,60.7,35.97,27.41,9.96,4.26,26.82,87.0,-8.94,4908.0,2,buy,24.5,32.6,-0.91,30.0,0.77,21.56,,6.69,7.43,11.09,9.53,8.44,12.48,45.9,0.75,consistent growth,0.1,,,,,,66.64,0.0,,7.18,-0.49,12.61,0.52,6139.0,3686.0,36.6,5.6,-20.9,-16.2,0.43,0.12,1,27.0,17.81,-1.0,0.0,43.8,MONITOR ⭐,Expected ~61% CAGR (2yr) | ROE 24% | ROCE 33% | Nearly debt-free | Promoter 67% holding | OPM 30%,Pattern still forming (not broken out),3-4 years,Medium-High,"yfinance, screener.in",80,288,,2026-06-27,2026-06-01,26,-5.4,3,4.8
RMDRIP,R M DRIP & SPRINK SYS LTD,Industrials,Farm & Heavy Construction Machinery,799.0,Small-Cap,MonthlyDoubleBottom,Forming,1.0,32,Sep 32mo | Mid rally 292% | Asymmetry 1%,,Downtrend,False,False,Below-MAs,False,Stage2,4,Uptrend,Uptrend,19.02,3.67,0.74,16.17,20.91,20.91,20.91,20.91,9.9,4.9,22.74,,4.2,,9.94,16.0,,,0,none,36.6,36.9,-7.0,27.0,8.0,17.7,16.7,50.38,,,45.83,,,-2.6,0.4,lumpy earner,0.48,,3.07,,-23.79,-2.98,21.06,0.0,,3.85,1.35,0.1,-0.25,72.22,14.81,73.7,28.4,-37.79,673.08,0.19,0.74,4,23.0,16.5,4.0,0.0,43.5,MONITOR ⭐,Expected ~5% CAGR (2yr) | Revenue CAGR 27% | Declining profits (-2% CAGR) ⚠️ | ROE 37% | ROCE 37% | OPM 27%,Pattern still forming (not broken out),3-4 years,Medium-High,"yfinance, screener.in",80,104,,2026-06-27,2026-06-01,26,0.0,3,-19.0
APOLLOTYRE,Apollo Tyres Limited,Consumer Cyclical,Auto Parts,26916.0,Mid-Cap,MonthlyDoubleBottom,Forming,1.0,38,Sep 38mo | Mid rally 116% | Asymmetry 9%,,Sideways,False,False,Below-MAs,True,Stage2,3,Uptrend,Uptrend,396.3,271.7,120.24,336.86,877.32,764.41,1051.16,960.31,92.9,38.9,19.64,13.38,1.61,2.08,7.13,259.0,-8.04,470.57,23,buy,13.2,13.8,1.23,15.0,0.14,4.82,5.75,8.99,5.04,10.35,22.39,9.46,31.42,241.8,0.15,highly inconsistent earnings,0.22,,1.32,,1905.85,7.08,36.93,0.0,,12.15,-0.11,27.56,-0.33,540.5,365.3,26.7,8.5,-5.69,-24.32,0.36,0.15,5,17.0,19.5,6.0,1.0,43.5,MONITOR ⭐,Expected ~39% CAGR (2yr) | ROCE trend rising ↑ | Low D/E 0.22 | FCF yield 7.1% | Piotroski F=5 (above average quality) | EV/EBITDA 7× below sector (25×),Earnings due 2026-08-06 | Pattern still forming (not broken out),3-4 years,Medium-High,"yfinance, screener.in",100,294,2026-08-06,2026-06-27,2026-06-01,26,6.6,3,-1.5
MAZDA,Mazda Limited,Industrials,Specialty Industrial Machinery,468.0,Micro-Cap,MonthlyDoubleBottom,Forming,1.0,14,Sep 14mo | Mid rally 133% | Asymmetry 3%,,Downtrend,False,False,Below-MAs,False,Stage2,4,Uptrend,Uptrend,193.25,99.28,41.94,164.26,552.66,746.65,1008.72,746.65,286.4,96.6,17.01,,1.58,0.48,9.37,154.0,14.16,,0,none,11.48,,,13.93,,12.97,6.54,21.6,,,35.1,,,13.2,0.5,insufficient history,,,4.08,,-31.15,-6.66,48.58,0.0,,0.05,-0.08,0.05,0.0,337.77,159.2,42.8,21.4,-10.59,-8.55,0.18,-0.13,3,16.0,15.5,12.0,0.0,43.5,MONITOR ⭐,Expected ~97% CAGR (2yr) | Revenue CAGR 22% | Profit CAGR 35% | Dividend growing 14%/yr | PEG 0.48 — deeply undervalued | EV/EBITDA 9× below sector (18×),Pattern still forming (not broken out),3-4 years,Medium-High,"yfinance, screener.in",60,115,,2026-06-27,2026-06-01,26,0.0,3,0.0
AHLUCONT,Ahluwalia Contracts (India) Limited,Industrials,Engineering & Construction,5619.0,Small-Cap,MonthlyDoubleBottom,Forming,1.0,16,Sep 16mo | Mid rally 143% | Asymmetry 5%,,Sideways,False,False,Below-MAs,True,Stage2,4,Uptrend,Uptrend,798.1,1540.85,619.62,678.38,1281.11,2462.08,1581.01,1423.18,208.5,75.6,21.14,14.35,2.73,1.91,11.22,7.0,25.99,992.0,12,strong_buy,13.8,20.4,-0.06,10.0,0.09,5.82,5.28,11.37,17.17,18.16,31.68,11.09,28.14,-1.6,0.15,highly inconsistent earnings,0.04,,1.89,,-35.92,-0.64,55.32,0.0,,13.74,0.21,22.32,-1.05,1125.0,645.15,29.1,23.7,-17.29,-8.88,0.26,0.55,5,17.0,18.5,8.0,0.0,43.5,MONITOR ⭐,Expected ~76% CAGR (2yr) | Revenue CAGR 17% | ROCE 20% | Nearly debt-free | Promoter 55% holding | Piotroski F=5 (above average quality),Pattern still forming (not broken out),3-4 years,Medium-High,"yfinance, screener.in",100,199,,2026-06-27,2026-06-01,26,1.1,3,3.0
ERIS,Eris Lifesciences Limited,Healthcare,Drug Manufacturers - Specialty & Generic,20070.0,Mid-Cap,MonthlyDoubleBottom,Forming,0.653,42,Sep 42mo | Mid rally 71% | Asymmetry 6%,MonthlyDoubleBottom+MonthlyStage2,Sideways-Above-MA,True,False,Below-MAs,True,Stage2,5,Uptrend,Uptrend,1404.6,814.47,462.16,1193.91,2371.53,2387.7,3421.27,2848.44,70.0,30.4,32.05,23.69,5.07,1.59,19.72,100.0,100.0,1696.6,10,none,18.7,14.1,-3.14,36.0,-0.03,19.89,7.3,8.12,22.91,20.89,72.8,20.11,12.79,201.3,0.15,highly inconsistent earnings,0.6,,0.74,,-30.12,-0.15,53.92,-0.93,,6.39,-0.46,20.35,0.04,1885.0,1200.0,25.5,17.0,-17.29,58.84,0.24,-0.11,3,18.0,17.34,7.0,1.0,43.3,MONITOR ⭐,Expected ~30% CAGR (2yr) | Revenue CAGR 23% | Profit CAGR 20% | Promoter 54% holding | OPM 36% | Dividend growing 100%/yr,Pattern still forming (not broken out),3-4 years,Medium-High,"yfinance, screener.in",100,109,,2026-06-27,2026-06-01,26,5.1,3,2.0
ACC,ACC Limited,Basic Materials,Building Materials,25225.0,Mid-Cap,MonthlyDoubleBottom,Forming,1.0,20,Sep 20mo | Mid rally 121% | Asymmetry 4%,,Downtrend,False,False,Below-MAs,False,Stage2,1,Uptrend,Uptrend,1336.6,980.37,434.56,1136.11,3272.95,3313.89,5890.95,4390.99,147.9,57.5,11.83,11.98,1.23,0.35,9.2,56.0,-6.75,1698.24,29,buy,10.9,11.2,-0.66,11.0,-1.11,8.3,4.32,18.44,5.34,13.5,-11.03,34.16,8.37,-68.3,0.15,highly inconsistent earnings,0.02,,1.97,,-3865.32,-15.32,56.69,0.0,,5.93,-0.06,21.62,0.25,2028.8,1251.7,34.1,6.8,-20.64,-52.55,0.41,0.26,2,13.0,16.0,14.0,0.0,43.0,MONITOR ⭐,Expected ~58% CAGR (2yr) | Profit CAGR 34% | Nearly debt-free | Promoter 57% holding | Margin compressing ↓ ⚠️ | PEG 0.35 — deeply undervalued,Margin compression ↓ | Earnings due 2026-04-30 | Pattern still forming (not broken out),3-4 years,Medium-High,"yfinance, screener.in",100,288,2026-04-30,2026-06-27,2026-06-01,26,-1.7,3,-4.0
JYOTICNC,Jyoti CNC Automation Limited,Industrials,Specialty Industrial Machinery,16783.0,Mid-Cap,None,,0.0,0,,,Downtrend,False,False,Below-MAs,False,Stage2,4,Uptrend,Uptrend,679.15,,,577.28,1297.23,3441.15,9128.34,3441.15,406.7,125.1,50.0,29.82,8.39,0.3,33.24,0.0,,889.0,2,none,18.2,21.3,5.0,25.0,4.71,16.05,9.3,15.13,31.09,31.51,6.33,165.27,,-16.9,0.2,multiple loss years in history,0.43,,2.26,,-284.71,-1.7,62.55,0.0,,8.95,-0.75,13.68,0.29,1147.9,580.1,40.8,17.1,-28.15,,,-0.32,6,33.0,3.0,7.0,0.0,43.0,MONITOR ⭐,Expected ~125% CAGR (2yr) | Revenue CAGR 31% | Profit CAGR 165% | ROCE 21% | ROCE trend rising ↑ | Promoter 63% holding,None identified,3-4 years,Medium-High,"yfinance, screener.in",100,29,,2026-06-27,2026-06-01,26,0.0,3,-1.0
HIRECT,Hind Rectifiers Limited,Industrials,Electrical Equipment & Parts,3961.0,Small-Cap,MonthlyDoubleBottom,Forming,1.0,20,Sep 20mo | Mid rally 191% | Asymmetry 7%,,Uptrend,True,False,Tight-Above-MAs,True,Stage2,4,Uptrend,Uptrend,1130.5,132.62,43.88,960.92,336.24,336.24,336.24,336.24,,,84.06,,19.0,,51.32,9.0,71.0,,0,none,21.7,18.6,-3.0,8.0,-0.5,4.51,8.13,52.52,,,5.41,,,-54.9,0.15,highly inconsistent earnings,1.19,,1.12,,-118.82,-3.0,43.93,0.0,,6.38,0.17,0.13,0.0,1212.1,565.2,6.7,100.0,28.09,654.4,0.52,0.36,3,8.0,28.0,-1.0,8.0,43.0,MONITOR ⭐,Revenue CAGR 51% | Declining profits (-55% CAGR) ⚠️ | ROE 22% | Dividend growing 71%/yr | MonthlyDoubleBottom forming (20mo base) | Weekly uptrend,High D/E 1.2 | High PE 84 | Pattern still forming (not broken out),3-4 years,Medium-High,"yfinance, screener.in",80,235,,2026-06-27,2026-06-01,26,13.9,3,0.0
JTEKTINDIA,JTEKT India Limited,Consumer Cyclical,Auto Parts,3809.0,Small-Cap,MonthlyDoubleBottom,Forming,1.0,6,Sep 6mo | Mid rally 132% | Asymmetry 4%,MonthlyCupHandle+MonthlyDoubleBottom,Downtrend,False,False,Below-MAs,False,Stage2,3,Uptrend,Uptrend,128.86,15.95,6.73,109.53,297.37,552.92,1028.1,552.92,329.1,107.1,48.35,30.85,3.21,0.56,20.33,51.0,21.39,177.5,2,none,12.4,15.9,-0.91,9.0,-0.57,2.89,3.68,0.93,15.67,3.3,3.45,85.94,2.9,11.5,0.15,highly inconsistent earnings,0.29,,1.23,,-373.06,-9.79,74.98,0.0,,0.48,0.02,11.14,0.02,188.5,117.01,31.6,10.1,-3.24,-31.39,0.33,0.76,3,19.0,15.0,9.0,0.0,43.0,MONITOR ⭐,Expected ~107% CAGR (2yr) | Revenue CAGR 16% | Profit CAGR 86% | Low D/E 0.29 | Promoter 75% holding | Margin compressing ↓ ⚠️,Margin compression ↓ | Pattern still forming (not broken out),3-4 years,Medium-High,"yfinance, screener.in",100,269,,2026-06-27,2026-06-01,26,0.0,3,0.0
LTTS,L&T Technology Services Limited,Technology,Information Technology Services,35334.0,Large-Cap,MonthlyDoubleBottom,Forming,0.957,44,Sep 44mo | Mid rally 103% | Asymmetry 8%,,Sideways,False,False,Below-MAs,True,Downtrend,0,Uptrend,Uptrend,3554.6,5902.58,2798.51,3021.41,3247.32,9006.65,3361.97,3304.15,153.4,59.2,28.82,20.34,5.46,16.47,18.66,174.0,-5.23,3658.83,29,none,21.5,26.7,-0.4,18.0,-0.26,11.63,9.85,14.04,7.64,15.07,1.34,1.75,13.98,6.8,0.15,highly inconsistent earnings,0.09,,2.28,,993.11,2.81,73.57,-0.01,,3.86,-0.36,14.64,0.07,4726.0,3010.0,24.8,18.1,-10.47,-29.21,0.47,0.05,4,22.0,17.98,3.0,0.0,43.0,MONITOR ⭐,Expected ~59% CAGR (2yr) | ROE 22% | ROCE 27% | Nearly debt-free | Promoter 74% holding | MonthlyDoubleBottom forming (44mo base),Earnings due 2026-07-15 | Pattern still forming (not broken out),3-4 years,Medium-High,"yfinance, screener.in",100,117,2026-07-15,2026-06-27,2026-06-01,26,0.0,3,0.0
POCL,Pondy Oxides And Chemicals Limited,Basic Materials,Specialty Chemicals,4098.0,Small-Cap,None,,0.0,0,,,Sideways-Above-MA,True,False,Constructive,True,Stage2,1,Uptrend,Uptrend,1529.8,,,1300.33,1304.75,1575.35,1902.08,1575.35,3.0,1.5,30.58,15.82,5.2,1.47,20.13,26.0,100.0,1952.0,1,none,19.2,23.2,2.29,7.0,0.74,4.46,13.5,43.8,26.08,52.55,127.59,20.74,113.15,126.0,0.15,highly inconsistent earnings,0.19,,3.61,,-153.69,-3.75,39.34,0.0,,2.22,-0.12,7.15,0.37,1619.0,689.0,5.5,122.0,83.86,663.12,,-0.2,5,24.0,9.0,3.0,7.0,43.0,MONITOR ⭐,Expected ~2% CAGR (2yr) | Revenue CAGR 26% | Profit CAGR 21% | ROCE 23% | ROCE trend rising ↑ | Low D/E 0.19,None identified,3-4 years,Medium-High,"yfinance, screener.in",100,188,,2026-06-27,2026-06-01,26,0.0,3,0.0
RSYSTEMS,R Systems International Limited,Technology,Information Technology Services,3131.0,Small-Cap,MonthlyDoubleBottom,Forming,1.0,38,Sep 38mo | Mid rally 149% | Asymmetry 2%,,Downtrend,False,False,Below-MAs,False,Downtrend,0,Uptrend,Uptrend,278.45,555.36,220.66,236.68,676.63,890.06,895.0,778.19,219.6,78.8,15.38,12.27,3.94,1.02,10.97,454.0,-4.09,440.33,3,none,24.4,19.5,-2.63,16.0,0.54,10.19,,6.79,7.46,12.58,14.52,15.01,8.6,69.5,0.15,highly inconsistent earnings,0.34,,,,,,51.85,0.0,,3.89,0.13,7.2,-1.4,496.9,229.25,44.0,21.5,-30.49,-50.86,0.73,0.12,1,15.0,15.5,12.0,0.0,42.5,MONITOR ⭐,"Expected ~79% CAGR (2yr) | ROE 24% | Promoter 52% holding | PEG 1.02 — fair value | EV/EBITDA 11× below sector (20×) | Analyst target ₹440 (+58%, n=3)",Pattern still forming (not broken out),3-4 years,Medium-High,"yfinance, screener.in",80,242,,2026-06-27,2026-06-01,26,0.0,3,-4.0
JBMA,JBM Auto Limited,Consumer Cyclical,Auto Parts,17200.0,Mid-Cap,MonthlyDoubleBottom,Forming,1.0,48,Sep 48mo | Mid rally 372% | Asymmetry 5%,,Uptrend,True,False,Constructive,True,Stage2,3,Uptrend,Uptrend,622.95,121.35,25.11,529.51,460.73,571.03,707.73,571.03,,,78.71,36.7,12.11,3.29,37.06,12.0,19.35,,0,none,15.6,14.8,0.91,11.0,0.37,3.59,5.02,11.26,16.43,25.16,10.7,23.94,37.18,11.9,0.15,highly inconsistent earnings,1.9,,1.1,,-982.55,-5.71,67.53,0.0,,1.97,0.05,0.1,0.01,790.0,477.0,21.1,30.6,4.75,-29.27,0.87,0.08,4,14.0,25.5,0.0,3.0,42.5,MONITOR ⭐,Revenue CAGR 16% | Profit CAGR 24% | ROCE trend rising ↑ | Promoter 68% holding | Dividend growing 19%/yr | MonthlyDoubleBottom forming (48mo base),High D/E 1.9 | High PE 79 | Pattern still forming (not broken out),3-4 years,Medium-High,"yfinance, screener.in",100,258,,2026-06-27,2026-06-01,26,0.0,3,-2.0
JUBLFOOD,Jubilant FoodWorks Limited,Consumer Cyclical,Restaurants,27557.0,Mid-Cap,MonthlyDoubleBottom,Forming,1.0,32,Sep 32mo | Mid rally 116% | Asymmetry 4%,,Sideways,False,False,Below-MAs,True,Stage2,3,Uptrend,Uptrend,473.0,191.15,86.69,402.05,270.73,392.29,315.48,292.25,,,73.51,44.31,12.05,9.25,14.49,29.0,0.0,542.34,29,buy,18.9,14.6,-0.97,20.0,-1.14,4.5,6.42,16.84,22.63,23.49,104.61,7.95,13.96,-18.4,0.15,highly inconsistent earnings,0.03,,0.37,,478.52,1.74,40.27,0.0,,17.29,-1.3,36.38,1.59,718.95,408.8,34.2,15.7,-24.77,-27.75,0.41,0.06,4,18.0,19.5,5.0,0.0,42.5,MONITOR ⭐,Revenue CAGR 23% | Nearly debt-free | Margin compressing ↓ ⚠️ | DII buying +1.6% ↑ | EV/EBITDA 14× below sector (25×) | MonthlyDoubleBottom forming (32mo base),High PE 74 | Margin compression ↓ | Earnings due 2026-08-19 | Pattern still forming (not broken out),3-4 years,Medium-High,"yfinance, screener.in",100,196,2026-08-19,2026-06-27,2026-06-01,26,0.0,3,-1.0
MAPMYINDIA,C. E. Info Systems Limited,Technology,Software - Infrastructure,4870.0,Small-Cap,MonthlyDoubleBottom,Forming,0.708,9,Sep 9mo | Mid rally 76% | Asymmetry 6%,,Sideways,False,False,Below-MAs,True,Downtrend,0,Uptrend,Uptrend,966.6,2738.33,1510.05,1434.55,820.75,3966.61,947.78,881.98,310.4,102.6,36.36,21.58,5.38,4.87,25.87,39.0,20.51,1178.33,6,none,15.8,22.0,0.71,36.0,-0.17,28.3,9.17,2.38,19.04,25.54,-9.46,7.46,17.43,4.5,0.15,highly inconsistent earnings,0.01,,4.92,,42.06,0.86,51.41,0.05,,3.15,-0.75,14.31,0.36,1998.0,795.0,51.6,21.6,-37.25,-42.09,3.4,0.14,6,27.0,13.5,2.0,0.0,42.5,MONITOR ⭐,Expected ~103% CAGR (2yr) | Revenue CAGR 19% | ROCE 22% | ROCE trend rising ↑ | Nearly debt-free | Promoter 51% holding,Pattern still forming (not broken out),3-4 years,Medium-High,"yfinance, screener.in",100,54,,2026-06-27,2026-06-01,26,0.0,3,-1.0
KTKBANK,The Karnataka Bank Limited,Financial Services,Banks - Regional,10389.0,Mid-Cap,MonthlyStage2,Stage Change,1.0,24,10-EMA=217 | 30-EMA=195 | Above by 27.1% | MA turning=Yes,MonthlyDoubleBottom+MonthlyStage2,Uptrend,True,False,Tight-Above-MAs,True,Stage2,12,Uptrend,Uptrend,247.75,194.86,163.04,210.59,698.3,543.8,749.05,723.23,119.5,48.2,7.94,6.85,0.79,2.22,,182.0,7.72,274.67,3,strong_buy,10.4,6.06,,45.57,,40.89,1.05,-1.07,7.29,7.43,2.99,3.57,22.15,61.6,0.15,highly inconsistent earnings,,,,,,,,,,11.78,0.09,16.16,0.32,282.95,169.12,12.4,46.5,37.92,18.12,0.36,0.3,1,1.0,28.5,3.0,10.0,42.5,MONITOR ⭐,Expected ~48% CAGR (2yr) | OPM 46% | MonthlyStage2 forming (24mo base) | Weekly uptrend | Tight daily consolidation above MAs | Sector in Stage2,None identified,3-4 years,Medium-High,"yfinance, screener.in",70,313,,2026-06-27,2026-06-01,26,0.0,3,0.0
KIRLOSBROS,Kirloskar Brothers Limited,Industrials,Specialty Industrial Machinery,15355.0,Mid-Cap,MonthlyDoubleBottom,Forming,1.0,26,Sep 26mo | Mid rally 217% | Asymmetry 2%,MonthlyDoubleBottom+MonthlyStage2,Sideways,False,False,Below-MAs,True,Stage2,4,Uptrend,Uptrend,1619.0,403.92,126.34,1376.15,1538.5,1798.5,2102.45,1798.5,11.1,5.4,41.15,,6.96,2.43,27.13,36.0,32.64,,0,none,17.7,20.8,2.46,12.0,1.09,8.23,6.88,1.02,6.75,10.8,-10.02,16.9,18.55,-18.7,0.15,highly inconsistent earnings,0.1,,1.83,,56.14,0.37,65.95,0.0,,6.24,0.19,10.38,0.06,2475.0,1335.0,34.6,21.3,-23.37,145.92,0.3,0.28,6,23.0,19.5,-1.0,1.0,42.5,MONITOR ⭐,Expected ~5% CAGR (2yr) | ROCE 21% | ROCE trend rising ↑ | Low D/E 0.10 | Promoter 66% holding | Piotroski F=6 (above average quality),Pattern still forming (not broken out),3-4 years,Medium-High,"yfinance, screener.in",100,242,,2026-06-27,2026-06-01,26,0.0,3,3.0
DOLLAR,Dollar Industries Limited,Consumer Cyclical,Apparel Manufacturing,1468.0,Small-Cap,MonthlyDoubleBottom,Forming,0.697,18,Sep 18mo | Mid rally 79% | Asymmetry 9%,,Downtrend,False,False,Below-MAs,False,Stage2,3,Uptrend,Uptrend,248.45,651.29,349.4,331.93,1124.04,1429.67,1818.4,1429.67,475.4,139.9,13.66,10.43,1.55,0.5,8.84,116.0,0.0,387.0,2,none,11.9,13.6,-1.77,11.0,-0.63,5.71,6.62,10.0,10.5,12.65,16.3,27.19,4.71,11.4,0.15,highly inconsistent earnings,0.3,,2.31,,52.89,3.6,72.48,0.27,,4.98,0.62,0.97,-0.24,429.9,220.5,42.2,12.7,-29.62,-61.41,0.41,0.21,5,20.0,12.36,10.0,0.0,42.4,MONITOR ⭐,Expected ~140% CAGR (2yr) | Profit CAGR 27% | Promoter 72% holding | Margin compressing ↓ ⚠️ | FCF yield 3.6% | Piotroski F=5 (above average quality),Margin compression ↓ | Pattern still forming (not broken out),3-4 years,Medium-High,"yfinance, screener.in",100,111,,2026-06-27,2026-06-01,26,-6.3,3,0.0
BALMLAWRIE,Balmer Lawrie & Co. Ltd.,Industrials,Conglomerates,3103.0,Small-Cap,MonthlyDoubleBottom,Forming,0.563,45,Sep 45mo | Mid rally 60% | Asymmetry 4%,,Downtrend,False,False,Below-MAs,False,Stage2,4,Uptrend,Uptrend,174.96,134.49,82.33,148.72,613.39,718.47,841.54,718.47,310.6,102.6,11.21,,1.5,0.65,8.02,703.0,-17.25,,0,none,13.7,14.6,1.77,13.0,1.03,10.18,5.54,8.46,5.53,12.23,4.25,17.13,18.61,12.5,0.4,lumpy earner,0.1,,2.13,,150.66,4.86,,,,2.22,0.06,1.79,0.0,238.2,148.36,26.5,17.9,-6.98,12.8,0.44,0.66,6,19.0,11.26,11.0,1.0,42.3,MONITOR ⭐,Expected ~103% CAGR (2yr) | ROCE trend rising ↑ | Low D/E 0.10 | FCF yield 4.9% | Piotroski F=6 (above average quality) | PEG 0.65 — undervalued,Pattern still forming (not broken out),3-4 years,Medium-High,"yfinance, screener.in",90,288,,2026-06-27,2026-06-01,26,-5.2,3,-5.0
MANKIND,Mankind Pharma Limited,Healthcare,Drug Manufacturers - Specialty & Generic,99705.0,Large-Cap,MonthlyStage2,Stage Change,0.818,24,10-EMA=2295 | 30-EMA=2220 | Above by 12.3% | MA turning=Yes,MonthlyDoubleBottom+MonthlyStage2,Sideways-Above-MA,True,False,Constructive,True,Stage2,5,Uptrend,Uptrend,2492.6,2220.12,2005.8,2118.71,2288.46,2627.05,2970.96,2607.48,5.4,2.7,52.09,33.67,6.11,3.74,28.72,8.0,,2656.4,20,buy,13.1,13.5,-4.54,25.0,-0.29,13.4,6.11,16.97,17.73,18.1,-3.63,13.94,8.43,31.7,0.15,highly inconsistent earnings,0.38,,1.07,,1647.91,1.65,72.66,0.0,,10.24,-1.1,14.46,1.2,2716.5,1909.7,8.2,30.5,15.21,23.38,0.75,0.47,4,17.0,20.32,1.0,4.0,42.3,MONITOR ⭐,Expected ~3% CAGR (2yr) | Revenue CAGR 18% | Promoter 73% holding | DII buying +1.2% ↑ | MonthlyStage2 forming (24mo base) | Sector in Stage2,High PE 52 | Earnings due 2026-08-06,3-4 years,Medium-High,"yfinance, screener.in",100,37,2026-08-06,2026-06-27,2026-06-01,26,0.0,3,0.0
AWL,AWL Agri Business Limited,Consumer Defensive,Packaged Foods,23838.0,Mid-Cap,MonthlyDoubleBottom,Forming,0.547,17,Sep 17mo | Mid rally 58% | Asymmetry 4%,,Downtrend,False,False,Below-MAs,False,Stage2,15,Uptrend,Uptrend,190.82,509.0,315.5,299.72,463.63,702.5,684.87,563.5,268.1,91.9,22.9,17.96,2.28,1.06,10.22,54.0,,267.33,6,none,10.7,18.3,-0.4,3.0,-0.06,1.39,4.87,17.37,8.7,15.04,-14.76,21.54,7.47,53.5,0.15,highly inconsistent earnings,0.11,,1.26,,2318.6,9.73,56.94,0.0,,21.86,0.71,8.37,-0.91,286.0,171.19,33.3,11.5,-22.6,-73.26,0.34,-0.16,3,20.0,10.06,12.0,0.0,42.1,MONITOR ⭐,Expected ~92% CAGR (2yr) | Profit CAGR 22% | Low D/E 0.11 | Promoter 57% holding | FCF yield 9.7% | FII buying +0.7% ↑,Pattern still forming (not broken out),3-4 years,Medium-High,"yfinance, screener.in",100,53,,2026-06-27,2026-06-01,26,-5.6,3,1.0
AVALON,Avalon Technologies Limited,Technology,Electronic Components,11652.0,Mid-Cap,None,,0.0,0,,,Uptrend,True,False,Tight-Above-MAs,True,Downtrend,0,Uptrend,Uptrend,1687.0,,,1433.95,712.08,922.36,1194.73,922.36,,,103.11,52.93,16.15,3.49,57.97,0.0,,1335.07,15,hold,16.9,19.5,-0.97,11.0,-0.17,6.92,9.15,45.99,19.26,18.36,79.37,29.53,37.49,69.5,0.15,highly inconsistent earnings,0.29,,2.05,,-39.51,-0.34,44.41,-0.01,,6.42,-1.14,26.17,0.77,1798.7,777.3,6.2,117.0,104.07,162.03,,,4,19.0,14.0,-1.0,10.0,42.0,MONITOR ⭐,Revenue CAGR 19% | Profit CAGR 30% | Low D/E 0.29 | DII buying +0.8% ↑ | Weekly uptrend | Tight daily consolidation above MAs,High PE 103,3-4 years,Medium-High,"yfinance, screener.in",100,39,,2026-06-27,2026-06-01,26,24.3,3,0.0
PARADEEP,Paradeep Phosphates Limited,Basic Materials,Agricultural Inputs,14142.0,Mid-Cap,MonthlyDoubleBottom,Forming,0.501,8,Sep 8mo | Mid rally 56% | Asymmetry 6%,MonthlyDoubleBottom+MonthlyStage2,Sideways,False,False,Below-MAs,True,Stage2,1,Uptrend,Uptrend,123.98,92.94,58.05,105.38,280.01,307.92,617.64,415.87,148.4,57.6,14.2,11.68,2.08,0.29,9.59,73.0,100.0,146.0,3,none,18.9,17.1,0.23,10.0,-0.14,4.57,7.52,57.93,17.83,33.41,80.43,48.52,34.89,-2.8,0.15,highly inconsistent earnings,1.02,,1.15,,-3334.15,-23.58,57.79,0.09,,8.36,-3.07,15.49,2.24,234.39,99.7,47.1,24.4,-14.43,76.9,0.77,-0.07,3,18.0,12.01,12.0,0.0,42.0,MONITOR ⭐,Expected ~58% CAGR (2yr) | Revenue CAGR 18% | Profit CAGR 49% | ROCE trend rising ↑ | Promoter 58% holding | DII buying +2.2% ↑,High D/E 1.0 | Pattern still forming (not broken out),3-4 years,Medium-High,"yfinance, screener.in",100,49,,2026-06-27,2026-06-01,26,0.0,3,0.0
HARSHA,Harsha Engineers International Limited,Industrials,Tools & Accessories,3924.0,Small-Cap,MonthlyDoubleBottom,Forming,0.95,36,Sep 36mo | Mid rally 97% | Asymmetry 2%,,Uptrend,True,False,Uptrend,True,Stage2,4,Uptrend,Uptrend,402.5,611.14,306.92,342.12,499.35,915.36,582.55,539.35,127.4,50.8,25.25,17.99,2.8,3.15,16.71,35.0,0.0,484.33,3,none,11.7,14.3,-0.37,15.0,-0.0,9.54,6.42,15.55,6.05,13.23,74.16,8.01,28.06,,0.15,highly inconsistent earnings,0.27,,2.6,,-57.83,-1.47,75.0,0.0,,2.37,1.96,12.42,0.0,469.0,313.3,14.2,28.5,1.88,-29.05,1.85,0.59,3,9.0,25.9,4.0,3.0,41.9,MONITOR ⭐,Expected ~51% CAGR (2yr) | Low D/E 0.27 | Promoter 75% holding | FII buying +2.0% ↑ | MonthlyDoubleBottom forming (36mo base) | Weekly uptrend,Pattern still forming (not broken out),3-4 years,Medium-High,"yfinance, screener.in",100,46,,2026-06-27,2026-06-01,26,-1.4,3,5.0
SERVOTECH,Servotech Renewable Power System Limited,Industrials,Electrical Equipment & Parts,2296.0,Small-Cap,MonthlyStage2,Breaking Out,0.193,24,10-EMA=95 | 30-EMA=100 | Above by 2.9% | MA turning=No,,Uptrend,True,False,Constructive,True,Stage2,4,Uptrend,Uptrend,103.1,100.2,59.05,87.63,75.56,141.35,153.98,107.87,37.1,17.1,70.12,,8.03,1.64,36.61,5.0,1.5,,0,none,12.8,12.8,0.4,10.0,0.71,5.0,5.57,-0.3,34.21,50.51,-3.03,42.75,100.0,36.6,0.15,highly inconsistent earnings,0.71,,1.46,,-112.54,-4.9,58.61,0.0,,0.14,-0.59,,,154.48,57.51,33.3,79.3,-19.91,-5.79,1.55,0.15,4,22.0,18.82,1.0,0.0,41.8,MONITOR ⭐,Expected ~17% CAGR (2yr) | Revenue CAGR 34% | Profit CAGR 43% | ROCE trend rising ↑ | Promoter 59% holding | MonthlyStage2 — Breaking Out,High PE 70,3-4 years,Medium-High,"yfinance, screener.in",100,105,,2026-06-27,2026-06-15,12,0.0,1,0.0
METROPOLIS,Metropolis Healthcare Limited,Healthcare,Diagnostics & Research,11460.0,Mid-Cap,MonthlyDoubleBottom,Forming,0.936,12,Sep 12mo | Mid rally 96% | Asymmetry 2%,MonthlyCupHandle+MonthlyDoubleBottom+MonthlyStage2,Sideways-Above-MA,True,False,Constructive,True,Stage2,5,Uptrend,Uptrend,508.4,880.34,445.42,432.14,372.55,1315.26,451.86,410.29,158.7,60.8,60.21,36.46,7.56,5.94,28.63,36.0,-30.66,608.6,18,none,13.8,17.8,-3.8,24.0,-1.2,11.54,8.34,23.67,12.76,10.52,30.82,10.13,0.86,74.7,0.15,highly inconsistent earnings,0.15,,1.4,,242.37,2.11,48.86,-0.01,,10.43,-1.25,35.8,1.07,600.0,412.25,15.3,23.3,27.39,14.38,2.35,0.21,4,13.0,20.73,2.0,6.0,41.7,MONITOR ⭐,Expected ~61% CAGR (2yr) | Low D/E 0.15 | Margin compressing ↓ ⚠️ | DII buying +1.1% ↑ | MonthlyDoubleBottom forming (12mo base) | Sector in Stage2,High PE 60 | Margin compression ↓ | Earnings due 2026-08-06 | Pattern still forming (not broken out),3-4 years,Medium-High,"yfinance, screener.in",100,86,2026-08-06,2026-06-27,2026-06-01,26,0.0,3,0.0
KEC,KEC International Limited,Industrials,Engineering & Construction,14413.0,Mid-Cap,MonthlyDoubleBottom,Forming,0.963,10,Sep 10mo | Mid rally 103% | Asymmetry 6%,,Downtrend,False,False,Below-MAs,False,Stage2,4,Uptrend,Uptrend,469.4,1305.02,623.52,592.34,1071.65,1986.52,2443.48,1618.2,323.2,105.7,23.81,13.7,2.34,0.47,11.63,102.0,11.2,583.87,23,buy,11.3,14.5,-0.54,7.0,-0.14,2.58,3.86,7.59,10.8,12.38,6.13,51.0,1.85,-28.1,0.15,highly inconsistent earnings,0.87,,1.23,,-1843.81,-12.79,50.1,0.0,,9.84,-1.91,26.86,1.39,947.0,466.0,50.4,0.7,-40.85,-36.2,1.07,0.08,2,13.0,14.56,14.0,0.0,41.6,MONITOR ⭐,Expected ~106% CAGR (2yr) | Profit CAGR 51% | Promoter 50% holding | DII buying +1.4% ↑ | Dividend growing 11%/yr | PEG 0.47 — deeply undervalued,Pattern still forming (not broken out),3-4 years,Medium-High,"yfinance, screener.in",100,286,,2026-06-27,2026-06-01,26,0.0,3,-1.0
GARFIBRES,Garware Technical Fibres Limited,Consumer Cyclical,Textile Manufacturing,7777.0,Small-Cap,MonthlyDoubleBottom,Forming,0.755,13,Sep 13mo | Mid rally 84% | Asymmetry 8%,,Sideways-Above-MA,True,True,Constructive,True,Stage2,3,Uptrend,Uptrend,692.45,327.59,171.04,588.58,684.06,754.07,753.89,718.12,8.9,4.4,39.84,27.94,5.83,8.0,26.53,119.0,89.32,808.0,3,none,16.1,22.0,-0.06,19.0,0.11,13.0,8.57,-0.71,5.4,8.12,-14.22,4.98,4.72,-19.4,0.15,highly inconsistent earnings,0.03,,2.74,,68.48,0.88,53.36,0.0,,9.12,0.05,10.29,-0.15,970.0,579.75,28.6,19.4,-17.35,-8.88,0.3,0.01,5,18.0,18.56,4.0,1.0,41.6,MONITOR ⭐,Expected ~4% CAGR (2yr) | ROCE 22% | Nearly debt-free | Promoter 53% holding | Piotroski F=5 (above average quality) | Dividend growing 89%/yr,Pattern still forming (not broken out),3-4 years,Medium-High,"yfinance, screener.in",100,287,,2026-06-27,2026-06-01,26,7.8,3,1.0
EUROBOND,EURO PANEL PRODUCTS LTD,Industrials,Building Products & Equipment,437.0,Micro-Cap,MonthlyDoubleBottom,Forming,0.581,12,Sep 12mo | Mid rally 61% | Asymmetry 3%,MonthlyDoubleBottom+MonthlyStage2,Downtrend,False,False,Below-MAs,False,Stage2,4,Uptrend,Uptrend,178.14,230.0,140.5,151.42,532.11,726.33,991.44,726.33,307.7,101.9,16.45,,2.73,0.45,10.76,0.0,,,0,none,18.1,16.8,,11.0,1.0,5.28,8.25,18.91,,,50.0,,,36.5,0.5,insufficient history,1.01,,1.41,,-37.8,-8.65,63.93,0.55,,0.0,0.0,1.29,0.0,254.5,126.3,30.0,41.0,-12.77,19.75,0.22,0.07,3,19.0,10.47,12.0,0.0,41.5,MONITOR ⭐,Expected ~102% CAGR (2yr) | Revenue CAGR 20% | Profit CAGR 36% | Promoter 64% holding | PEG 0.45 — deeply undervalued | EV/EBITDA 11× below sector (18×),High D/E 1.0 | Pattern still forming (not broken out),3-4 years,Medium-High,"yfinance, screener.in",80,54,,2026-06-27,2026-06-01,26,-0.7,3,-4.0
MINDACORP,Minda Corporation Limited,Consumer Cyclical,Auto Parts,15368.0,Mid-Cap,MonthlyDoubleBottom,Forming,1.0,48,Sep 48mo | Mid rally 251% | Asymmetry 3%,,Downtrend,False,False,Below-MAs,True,Stage2,3,Uptrend,Uptrend,520.2,220.84,62.05,442.17,506.26,621.02,590.72,546.86,19.4,9.3,43.3,29.3,5.82,5.4,23.19,25.0,-20.63,732.25,8,strong_buy,14.9,12.8,0.49,12.0,0.51,5.82,5.92,22.33,12.88,21.17,40.39,8.02,46.53,139.4,0.15,highly inconsistent earnings,0.55,,0.94,,78.01,0.51,64.84,0.0,,8.8,-0.29,18.82,0.39,679.85,445.05,23.5,16.9,7.75,63.17,0.27,0.42,6,14.0,16.5,6.0,5.0,41.5,MONITOR ⭐,"Expected ~9% CAGR (2yr) | ROCE trend rising ↑ | Promoter 65% holding | Piotroski F=6 (above average quality) | Analyst target ₹732 (+41%, n=8) | MonthlyDoubleBottom forming (48mo base)",Pattern still forming (not broken out),3-4 years,Medium-High,"yfinance, screener.in",100,171,,2026-06-27,2026-06-01,26,0.0,3,0.0
ORBTEXP,Orbit Exports Limited,Consumer Cyclical,Textile Manufacturing,575.0,Small-Cap,MonthlyDoubleBottom,Forming,1.0,24,Sep 24mo | Mid rally 126% | Asymmetry 0%,,Downtrend,False,False,Below-MAs,False,Stage2,3,Uptrend,Uptrend,158.98,306.29,135.0,135.13,314.91,477.58,314.91,314.91,200.4,73.3,17.67,23.06,1.9,,11.77,0.0,39.71,,0,none,11.2,14.6,2.14,22.0,0.89,14.12,6.29,5.96,5.45,27.71,-15.38,-0.99,75.18,-84.9,0.15,highly inconsistent earnings,0.05,,2.86,,33.36,5.8,66.05,0.0,,0.0,0.0,,,265.0,135.0,40.0,17.8,-17.92,-32.56,0.15,-0.12,6,20.0,16.5,4.0,1.0,41.5,MONITOR ⭐,Expected ~73% CAGR (2yr) | Declining profits (-1% CAGR) ⚠️ | ROCE trend rising ↑ | Nearly debt-free | Promoter 66% holding | FCF yield 5.8%,Pattern still forming (not broken out),3-4 years,Medium-High,"yfinance, screener.in",100,151,,2026-06-27,2026-06-01,26,0.0,3,1.0
KRSNAA,Krsnaa Diagnostics Limited,Healthcare,Diagnostics & Research,1723.0,Small-Cap,MonthlyDoubleBottom,Forming,1.0,48,Sep 48mo | Mid rally 111% | Asymmetry 9%,,Downtrend,False,False,Below-MAs,False,Stage2,5,Uptrend,Uptrend,566.3,1040.59,472.61,481.35,1696.85,1608.57,2349.1,1996.51,184.0,68.5,17.21,11.74,1.76,0.97,7.98,52.0,3.23,867.25,4,none,10.9,12.7,1.2,27.0,-0.8,12.7,5.93,7.81,16.65,66.18,29.49,17.66,,101.8,0.15,highly inconsistent earnings,0.55,,2.68,,-27.35,-1.59,27.11,0.0,,3.91,-0.26,13.89,0.04,894.4,515.0,36.7,10.0,-11.72,-24.88,0.53,0.06,5,11.0,16.5,14.0,0.0,41.5,MONITOR ⭐,Expected ~68% CAGR (2yr) | Revenue CAGR 17% | ROCE trend rising ↑ | OPM 27% | Margin compressing ↓ ⚠️ | Piotroski F=5 (above average quality),Margin compression ↓ | Pattern still forming (not broken out),3-4 years,Medium-High,"yfinance, screener.in",100,58,,2026-06-27,2026-06-01,26,0.0,3,2.0
BRITANNIA,Britannia Industries Limited,Consumer Defensive,Packaged Foods,125131.0,Large-Cap,MonthlyDoubleBottom,Forming,0.638,25,Sep 25mo | Mid rally 68% | Asymmetry 4%,,Downtrend,False,False,Below-MAs,False,Stage2,15,Uptrend,Uptrend,5165.5,3201.72,1876.14,4390.68,3930.17,4926.09,4175.99,4051.21,,,49.5,40.02,24.51,16.07,35.14,174.0,9.9,6238.41,34,buy,53.6,56.0,2.6,18.0,0.09,13.23,21.59,6.74,5.52,7.83,16.48,3.08,6.51,21.1,0.15,highly inconsistent earnings,0.27,,1.12,,2049.09,1.64,50.55,0.0,,15.63,0.75,18.82,-0.73,6336.0,5035.0,18.5,2.6,-4.69,-9.0,0.43,0.47,5,26.0,12.16,2.0,1.0,41.2,MONITOR ⭐,ROE 54% | ROCE 56% | ROCE trend rising ↑ | Low D/E 0.27 | Promoter 51% holding | Piotroski F=5 (above average quality),Earnings due 2026-08-05 | Pattern still forming (not broken out),3-4 years,Medium-High,"yfinance, screener.in",100,366,2026-08-05,2026-06-27,2026-06-01,26,-4.6,3,-1.0
TIIL,Technocraft Industries (India) Limited,Industrials,Tools & Accessories,5933.0,Small-Cap,MonthlyStage2,Stage Change,0.728,24,10-EMA=2426 | 30-EMA=2352 | Above by 10.9% | MA turning=Yes,MonthlyDoubleBottom+MonthlyStage2,Uptrend,True,False,Uptrend,True,Stage2,4,Uptrend,Uptrend,2608.5,2351.55,2031.3,2217.22,3305.16,3363.66,3423.2,3363.66,28.9,13.6,20.79,14.15,3.15,11.75,14.04,153.0,100.0,3650.0,1,none,15.0,16.1,0.03,17.0,-0.34,10.34,6.89,6.28,11.6,16.33,11.41,1.77,16.94,15.3,0.15,highly inconsistent earnings,0.4,,2.05,,-5.79,-0.1,74.74,0.0,,0.4,-0.04,6.85,-0.15,3383.0,1868.5,22.9,39.6,-5.44,45.72,0.57,0.21,5,14.0,23.24,3.0,1.0,41.2,MONITOR ⭐,Expected ~14% CAGR (2yr) | ROCE trend rising ↑ | Promoter 75% holding | Piotroski F=5 (above average quality) | Dividend growing 100%/yr | EV/EBITDA 14× vs sector 18×,None identified,3-4 years,Medium-High,"yfinance, screener.in",100,232,,2026-06-27,2026-06-01,26,0.0,3,1.0
KALAMANDIR,Sai Silks (Kalamandir) Limited,Consumer Cyclical,Apparel Retail,1611.0,Small-Cap,None,,0.0,0,,,Downtrend,False,False,Below-MAs,False,Stage2,3,Uptrend,Uptrend,101.82,,,86.55,1289.26,3110.98,7506.79,3110.98,2955.4,452.8,11.43,9.03,1.28,0.08,7.02,91.0,0.0,,0,none,11.78,,,12.0,1.0,8.52,7.22,67.3,,,800.0,,,141.7,0.15,highly inconsistent earnings,0.29,,5.18,,204.26,12.68,60.97,0.0,,0.56,-0.91,8.55,0.34,223.03,89.76,54.3,13.4,-25.14,,,0.93,5,25.0,3.0,13.0,0.0,41.0,MONITOR ⭐,Expected ~453% CAGR (2yr) | Profit CAGR 141% | Low D/E 0.29 | Promoter 61% holding | FCF yield 12.7% | Piotroski F=5 (above average quality),None identified,3-4 years,Medium-High,"yfinance, screener.in",70,33,,2026-06-27,2026-06-01,26,0.0,3,0.0
KFINTECH,KFin Technologies Limited,Technology,Software - Application,15820.0,Mid-Cap,None,,0.0,0,,,Downtrend,False,False,Below-MAs,False,Downtrend,0,Uptrend,Uptrend,824.7,,,701.0,732.12,965.98,1065.17,883.08,17.1,8.2,45.65,32.54,9.45,2.21,29.09,131.0,30.43,1090.33,18,none,22.9,30.5,2.09,41.0,-0.46,26.41,12.25,19.25,21.8,22.02,3.3,20.62,133.09,-4.6,0.4,lumpy earner,0.03,,3.3,,147.55,0.93,22.86,-0.01,,26.26,0.1,25.22,0.34,1388.5,784.95,40.6,5.1,-30.68,102.49,,-0.24,6,36.0,2.0,3.0,0.0,41.0,MONITOR ⭐,Expected ~8% CAGR (2yr) | Revenue CAGR 22% | Profit CAGR 21% | ROE 23% | ROCE 30% | ROCE trend rising ↑,None identified,3-4 years,Medium-High,"yfinance, screener.in",100,42,,2026-06-27,2026-06-01,26,0.0,3,0.0
RAINBOW,Rainbow Children's Medicare Limited,Healthcare,Medical Care Facilities,14920.0,Mid-Cap,MonthlyDoubleBottom,Forming,0.572,20,Sep 20mo | Mid rally 58% | Asymmetry 1%,MonthlyDoubleBottom+MonthlyStage2,Sideways-Above-MA,True,True,Constructive,True,Stage2,5,Uptrend,Uptrend,1350.7,1706.2,1074.13,1148.1,1105.06,2338.27,1336.64,1215.35,73.1,31.6,53.76,38.76,9.06,5.39,28.3,24.0,14.47,1592.69,13,strong_buy,17.9,18.2,0.51,32.0,1.06,16.34,9.55,12.34,13.2,21.24,15.57,9.98,47.79,36.8,0.15,highly inconsistent earnings,0.54,,3.59,,119.32,0.8,49.84,0.0,,17.24,-2.0,21.12,1.63,1645.7,1084.0,17.9,24.6,-5.64,18.91,0.87,0.17,7,20.0,16.86,2.0,2.0,40.9,MONITOR ⭐,Expected ~32% CAGR (2yr) | ROCE trend rising ↑ | OPM 32% | Piotroski F=7 (high quality compounder) | DII buying +1.6% ↑ | Dividend growing 14%/yr,High PE 54 | Pattern still forming (not broken out),3-4 years,Medium-High,"yfinance, screener.in",100,49,,2026-06-27,2026-06-01,26,0.0,3,1.0
REFEX,Refex Industries Limited,Energy,Thermal Coal,4898.0,Small-Cap,MonthlyDoubleBottom,Forming,0.49,6,Sep 6mo | Mid rally 55% | Asymmetry 6%,,Sideways-Above-MA,True,True,Constructive,True,Stage2,1,Uptrend,Uptrend,274.35,533.29,334.0,317.3,317.75,732.58,462.92,383.53,167.0,63.4,18.76,,3.07,0.91,11.23,15.0,15.0,,0,none,17.8,22.4,-11.6,16.0,0.89,8.93,9.08,-7.74,11.81,28.07,29.11,20.7,43.95,88.0,0.15,highly inconsistent earnings,0.15,,2.04,,-149.05,-3.04,55.85,0.0,,1.65,0.28,0.14,0.01,475.8,188.0,42.3,45.9,-32.31,130.05,0.75,1.73,5,20.0,14.88,6.0,0.0,40.9,MONITOR ⭐,Expected ~63% CAGR (2yr) | Profit CAGR 21% | ROCE 22% | Low D/E 0.15 | Promoter 56% holding | Piotroski F=5 (above average quality),Pattern still forming (not broken out),3-4 years,Medium-High,"yfinance, screener.in",100,198,,2026-06-27,2026-06-01,26,0.0,3,1.0
CUB,City Union Bank Limited,Financial Services,Banks - Regional,19484.0,Mid-Cap,MonthlyDoubleBottom,Forming,0.818,23,Sep 23mo | Mid rally 82% | Asymmetry 1%,,Downtrend,False,False,Below-MAs,False,Stage2,12,Uptrend,Uptrend,201.7,193.05,105.54,171.44,370.56,373.0,579.92,463.57,84.9,36.0,14.71,10.52,1.84,0.59,,76.0,25.99,237.15,22,buy,13.24,,,48.06,,37.62,1.52,23.6,,,25.1,,,24.9,0.5,insufficient history,,,,,,,,,,23.37,-0.12,40.73,0.5,243.07,140.29,17.0,43.8,-0.36,35.85,0.75,0.39,2,18.0,13.82,8.0,1.0,40.8,MONITOR ⭐,Expected ~36% CAGR (2yr) | Revenue CAGR 24% | Profit CAGR 25% | OPM 48% | Dividend growing 26%/yr | PEG 0.59 — undervalued,Earnings due 2026-04-27 | Pattern still forming (not broken out),3-4 years,Medium-High,"yfinance, screener.in",40,288,2026-04-27,2026-06-27,2026-06-01,26,-19.7,3,-14.0
ORIENTPPR,Orient Paper & Industries Limited,Basic Materials,Paper & Paper Products,373.0,Micro-Cap,MonthlyDoubleBottom,Forming,1.0,46,Sep 46mo | Mid rally 247% | Asymmetry 10%,,Downtrend,False,False,Below-MAs,False,Stage2,1,Uptrend,Uptrend,17.07,54.22,14.91,14.51,171.72,188.73,207.44,188.73,1005.6,232.5,2.36,4.8,0.25,0.24,-17.29,0.0,0.0,,0,none,22.1,22.2,-3.6,19.0,2.3,-3.18,-2.62,7.31,10.87,,-21.78,9.91,,,0.15,highly inconsistent earnings,0.2,,0.57,,-61.55,-16.51,38.73,0.0,,0.22,-0.29,0.37,0.09,31.05,13.25,45.0,28.8,-33.13,-79.54,0.31,0.27,2,12.0,16.5,12.0,0.0,40.5,MONITOR ⭐,Expected ~232% CAGR (2yr) | ROE 22% | ROCE 22% | Low D/E 0.20 | PEG 0.24 — deeply undervalued | PB 0.3 below justified 1.5,Pattern still forming (not broken out),3-4 years,Medium-High,"yfinance, screener.in",90,287,,2026-06-27,2026-06-01,26,0.0,3,0.0
GMBREW,G.M. Breweries Limited,Consumer Defensive,Beverages - Wineries & Distilleries,2103.0,Small-Cap,MonthlyDoubleBottom,Forming,1.0,24,Sep 24mo | Mid rally 196% | Asymmetry 7%,MonthlyCupHandle+MonthlyDoubleBottom,Sideways,False,False,Below-MAs,False,Stage2,15,Uptrend,Uptrend,899.05,727.29,237.38,764.19,2347.48,2347.48,2347.48,2347.48,161.1,61.6,13.4,15.17,1.95,,11.77,98.0,23.31,,0,none,12.5,18.0,,24.0,6.0,9.04,9.45,17.43,,,21.71,,,-10.6,0.5,insufficient history,0.03,,1.35,,-21.1,-1.0,74.43,0.0,,1.19,-0.01,0.01,-0.14,1328.8,666.05,32.3,35.0,35.0,71.18,0.05,0.28,2,11.0,19.5,4.0,6.0,40.5,MONITOR ⭐,Expected ~62% CAGR (2yr) | Declining profits (-11% CAGR) ⚠️ | Nearly debt-free | Promoter 74% holding | Dividend growing 23%/yr | EV/EBITDA 12× below sector (30×),Pattern still forming (not broken out),3-4 years,Medium-High,"yfinance, screener.in",80,288,,2026-06-27,2026-06-01,26,-0.9,3,5.0
GREENPANEL,Greenpanel Industries Limited,Basic Materials,Lumber & Wood Production,2316.0,Small-Cap,MonthlyDoubleBottom,Forming,0.662,15,Sep 15mo | Mid rally 72% | Asymmetry 5%,,Downtrend,False,False,Below-MAs,False,Stage2,1,Uptrend,Uptrend,193.69,447.71,253.76,241.07,329.27,641.66,535.27,419.82,231.3,82.0,16.2,14.47,1.74,0.59,31.75,26.0,-41.52,244.31,16,buy,11.4,12.9,3.31,16.0,1.31,-1.89,-0.64,-12.11,15.35,21.21,-44.36,27.5,32.51,-95.3,0.15,highly inconsistent earnings,0.27,,1.94,,-27.44,-1.19,53.13,0.0,,1.07,-0.03,28.4,-0.05,335.2,163.01,42.2,18.8,-29.46,-61.81,0.28,0.43,5,21.0,11.44,8.0,0.0,40.4,MONITOR ⭐,Expected ~82% CAGR (2yr) | Revenue CAGR 15% | Profit CAGR 28% | ROCE trend rising ↑ | Low D/E 0.27 | Promoter 53% holding,Pattern still forming (not broken out),3-4 years,Medium-High,"yfinance, screener.in",90,81,,2026-06-27,2026-06-01,26,5.9,3,0.0
SAFARI,Safari Industries (India) Limited,Consumer Cyclical,Footwear & Accessories,8209.0,Mid-Cap,MonthlyDoubleBottom,Forming,0.641,13,Sep 13mo | Mid rally 66% | Asymmetry 1%,,Sideways,False,False,Below-MAs,True,Stage2,3,Uptrend,Uptrend,1638.0,2740.41,1643.83,1561.64,1481.71,3836.99,1804.62,1635.21,134.2,53.1,49.02,32.26,7.36,4.73,29.69,24.0,106.06,2249.4,10,none,16.2,19.5,4.06,13.0,2.63,8.19,9.05,15.52,19.09,44.23,17.48,10.36,40.21,-0.3,0.15,highly inconsistent earnings,0.1,,3.79,,117.24,1.43,44.7,0.0,,10.81,-1.51,28.3,1.74,2507.1,1363.1,34.7,20.2,-17.19,-4.74,1.99,-0.42,7,23.0,14.19,3.0,0.0,40.2,MONITOR ⭐,Expected ~53% CAGR (2yr) | Revenue CAGR 19% | ROCE trend rising ↑ | Low D/E 0.10 | Piotroski F=7 (high quality compounder) | DII buying +1.7% ↑,Pattern still forming (not broken out),3-4 years,Medium-High,"yfinance, screener.in",100,82,,2026-06-27,2026-06-01,26,14.8,3,-3.0
HINDALCO,Hindalco Industries Limited,Basic Materials,Aluminum,225851.0,Large-Cap,MonthlyDoubleBottom,Forming,1.0,6,Sep 6mo | Mid rally 972% | Asymmetry 8%,,Sideways-Above-MA,True,False,Constructive,False,Stage2,1,Uptrend,Uptrend,1021.6,98.35,8.83,868.36,1445.07,1406.77,1744.4,1587.7,37.7,17.3,16.78,9.35,1.64,1.7,8.54,50.0,7.72,1135.38,29,hold,13.5,13.7,0.54,13.0,-0.14,4.87,5.37,15.28,7.2,15.81,-16.32,9.87,30.91,-50.8,0.15,highly inconsistent earnings,0.73,,1.21,,-9969.75,-4.41,34.65,0.0,,29.96,1.8,21.35,-1.82,1176.0,640.15,13.1,59.6,55.29,105.61,0.6,0.81,3,5.0,21.0,6.0,8.0,40.0,MONITOR ⭐,Expected ~17% CAGR (2yr) | ROCE trend rising ↑ | FII buying +1.8% ↑ | EV/EBITDA 9× vs sector 10× | MonthlyDoubleBottom forming (6mo base) | Sector in Stage2,Earnings due 2026-08-12 | Pattern still forming (not broken out),3-4 years,Medium-High,"yfinance, screener.in",100,366,2026-08-12,2026-06-27,2026-06-01,26,-2.5,3,-7.0
VIMTALABS,Vimta Labs Limited,Healthcare,Diagnostics & Research,2559.0,Small-Cap,MonthlyDoubleBottom,Forming,1.0,11,Sep 11mo | Mid rally 133% | Asymmetry 6%,MonthlyDoubleBottom+MonthlyStage2,Sideways,False,True,Below-MAs,True,Stage2,5,Uptrend,Uptrend,453.1,902.65,376.05,385.13,663.96,1429.25,865.3,757.97,215.4,77.6,32.78,,5.59,2.32,17.28,35.0,25.99,,0,none,13.5,17.6,1.3,34.0,2.63,18.92,12.19,3.46,5.78,12.69,48.78,14.16,54.19,15.3,0.15,highly inconsistent earnings,0.01,,3.43,,12.9,0.5,35.85,-0.04,,4.89,0.3,0.13,0.02,902.65,376.05,49.8,20.5,8.48,101.75,0.29,-0.16,6,18.0,18.0,3.0,1.0,40.0,MONITOR ⭐,Expected ~78% CAGR (2yr) | ROCE trend rising ↑ | Nearly debt-free | OPM 34% | Piotroski F=6 (above average quality) | Dividend growing 26%/yr,Pattern still forming (not broken out),3-4 years,Medium-High,"yfinance, screener.in",100,246,,2026-06-27,2026-06-01,26,0.0,3,-2.0
NPST,NETWORK PEOPLE SRV TECH L,Technology,Software - Application,3280.0,Small-Cap,None,,0.0,0,,,Downtrend,False,False,Below-MAs,False,Downtrend,0,Uptrend,Uptrend,1043.0,,,886.55,827.42,1491.51,2688.6,1491.51,43.0,19.6,76.35,,10.63,0.95,86.6,13.0,,,0,none,15.0,19.7,5.57,26.0,2.57,24.08,7.92,12.72,68.17,67.03,-8.89,80.26,110.16,191.9,0.15,highly inconsistent earnings,0.03,,7.42,,-91.83,-2.8,60.52,0.25,,0.12,-0.03,10.02,0.07,2388.3,846.6,56.3,23.2,-41.84,259.28,,0.27,5,33.0,2.0,5.0,0.0,40.0,MONITOR ⭐,Expected ~20% CAGR (2yr) | Revenue CAGR 68% | Profit CAGR 80% | ROCE trend rising ↑ | Nearly debt-free | Promoter 61% holding,High PE 76,3-4 years,Medium-High,"yfinance, screener.in",100,57,,2026-06-27,2026-06-01,26,0.0,3,0.0
FDC,FDC Limited,Healthcare,Drug Manufacturers - Specialty & Generic,6339.0,Small-Cap,MonthlyDoubleBottom,Breakout Ready,0.981,23,Sep 23mo | Mid rally 105% | Asymmetry 7%,,Sideways-Above-MA,True,True,Constructive,True,Stage2,5,Uptrend,Uptrend,387.85,311.21,147.14,329.67,810.06,916.5,1036.92,916.5,136.3,53.7,22.52,16.71,2.55,1.71,16.85,257.0,100.0,,0,none,12.5,16.7,-0.49,16.0,-1.37,12.96,6.37,2.99,6.76,10.28,5.24,13.14,-1.37,167.4,0.15,highly inconsistent earnings,0.01,,3.11,,-1.74,-0.03,69.65,-0.01,,2.4,0.08,6.29,0.02,527.8,312.95,26.5,23.9,-13.43,-3.96,1.27,0.18,3,11.0,24.0,5.0,0.0,40.0,MONITOR ⭐,Expected ~54% CAGR (2yr) | Nearly debt-free | Promoter 70% holding | Margin compressing ↓ ⚠️ | Dividend growing 100%/yr | EV/EBITDA 17× vs sector 22×,Margin compression ↓,3-4 years,Medium-High,"yfinance, screener.in",100,288,,2026-06-27,2026-06-01,26,7.0,3,2.2
WANBURY,Wanbury Limited,Healthcare,Drug Manufacturers - Specialty & Generic,932.0,Small-Cap,MonthlyDoubleBottom,Forming,1.0,11,Sep 11mo | Mid rally 147% | Asymmetry 2%,,Uptrend,True,False,Uptrend,True,Stage2,5,Uptrend,Uptrend,308.65,38.1,15.3,262.35,786.46,786.46,786.46,786.46,154.8,59.6,13.74,,8.25,,,0.0,-20.63,,0,none,76.5,36.6,3.06,14.0,2.03,-25.9,,5.0,9.11,9.95,38.71,-19.03,-7.06,,0.2,multiple loss years in history,,,,,,,43.01,-0.07,,0.59,-0.13,,,315.2,161.5,2.1,91.1,17.75,432.41,0.56,,2,12.0,25.0,0.0,3.0,40.0,MONITOR ⭐,Expected ~60% CAGR (2yr) | Declining profits (-19% CAGR) ⚠️ | ROE 76% | ROCE 37% | ROCE trend rising ↑ | MonthlyDoubleBottom forming (11mo base),Pattern still forming (not broken out),3-4 years,Medium-High,"yfinance, screener.in",70,233,,2026-06-27,2026-06-15,12,0.0,1,-1.0
BIKAJI,Bikaji Foods International Limited,Consumer Defensive,Packaged Foods,16554.0,Mid-Cap,MonthlyDoubleBottom,Forming,0.361,13,Sep 13mo | Mid rally 42% | Asymmetry 6%,MonthlyDoubleBottom+MonthlyStage2,Downtrend,False,False,Below-MAs,False,Stage2,15,Uptrend,Uptrend,673.8,818.7,558.1,572.73,602.95,1079.3,914.43,742.53,60.2,26.6,64.1,44.7,10.3,2.77,40.24,19.0,0.0,784.2,10,strong_buy,17.5,19.7,0.89,14.0,0.94,8.63,9.44,14.19,15.05,17.96,30.93,23.15,23.06,26.6,0.15,highly inconsistent earnings,0.17,,2.47,,227.45,1.37,73.88,-0.04,,4.68,-0.24,17.28,0.66,818.7,592.55,17.7,13.7,-5.42,19.71,0.53,0.23,7,29.0,7.83,2.0,1.0,39.8,MONITOR ⭐,Expected ~27% CAGR (2yr) | Revenue CAGR 15% | Profit CAGR 23% | ROCE trend rising ↑ | Low D/E 0.17 | Promoter 74% holding,High PE 64 | Pattern still forming (not broken out),3-4 years,Medium-High,"yfinance, screener.in",100,44,,2026-06-27,2026-06-01,26,-0.7,3,0.0
DMCC,DMCC Speciality Chemicals Limited,Basic Materials,Chemicals,627.0,Small-Cap,MonthlyDoubleBottom,Forming,0.84,14,Sep 14mo | Mid rally 85% | Asymmetry 1%,,Downtrend,False,False,Below-MAs,False,Stage2,1,Uptrend,Uptrend,244.8,449.34,242.55,230.42,361.41,656.13,888.92,566.8,168.0,63.7,22.95,,2.52,0.4,10.08,100.0,35.72,,0,none,11.5,15.3,-0.63,11.0,-0.86,4.7,7.2,35.03,14.57,23.82,22.73,56.83,-3.93,9.8,0.15,highly inconsistent earnings,0.29,,1.37,,-17.99,-2.87,53.84,0.0,,0.13,0.0,1.27,0.0,350.0,191.35,30.1,27.9,-16.78,-45.67,0.26,0.25,2,16.0,13.58,10.0,0.0,39.6,MONITOR ⭐,Expected ~64% CAGR (2yr) | Profit CAGR 57% | Low D/E 0.29 | Promoter 54% holding | Margin compressing ↓ ⚠️ | Dividend growing 36%/yr,Margin compression ↓ | Pattern still forming (not broken out),3-4 years,Medium-High,"yfinance, screener.in",100,55,,2026-06-27,2026-06-01,26,-17.2,3,-13.0
OBEROIRLTY,Oberoi Realty Limited,Real Estate,Real Estate - Development,61212.0,Large-Cap,MonthlyDoubleBottom,Forming,0.58,34,Sep 34mo | Mid rally 61% | Asymmetry 3%,MonthlyDoubleBottom+MonthlyStage2,Sideways-Above-MA,True,False,Constructive,True,Stage2,3,Uptrend,Uptrend,1622.0,306.35,186.68,1378.7,2171.34,2157.8,2607.77,2379.57,33.0,15.3,24.39,15.9,3.42,2.54,18.1,48.0,-12.64,1825.15,26,buy,14.6,17.3,1.63,56.0,2.4,41.73,8.4,13.68,12.74,23.96,12.62,9.59,27.67,62.4,0.15,highly inconsistent earnings,0.16,,3.99,,-108.58,-0.18,67.71,0.0,,15.42,-1.16,14.58,1.12,2005.0,1391.2,19.1,16.6,-6.75,45.09,0.35,0.3,6,18.0,17.46,3.0,1.0,39.5,MONITOR ⭐,Expected ~15% CAGR (2yr) | ROCE trend rising ↑ | Low D/E 0.16 | Promoter 68% holding | OPM 56% | Piotroski F=6 (above average quality),Earnings due 2026-07-20 | Pattern still forming (not broken out),3-4 years,Medium-High,"yfinance, screener.in",100,188,2026-07-20,2026-06-27,2026-06-01,26,0.0,3,-1.0
JLHL,Jupiter Life Line Hospitals Limited,Healthcare,Medical Care Facilities,8800.0,Mid-Cap,MonthlyAscTriangle,Forming,0.17,14,3 resistance tests | Support rise 19% | Resistance flat 8.7%,,Sideways,False,True,Below-MAs,True,Stage2,5,Uptrend,Uptrend,1328.9,1651.6,1066.13,1129.57,2126.24,2405.36,4079.19,2945.05,81.0,34.5,45.45,31.06,5.7,1.18,25.77,7.0,0.0,1595.83,6,none,13.6,15.4,1.26,23.0,1.54,12.94,7.45,18.86,18.87,25.28,12.0,38.51,45.26,12.0,0.15,highly inconsistent earnings,0.38,,3.02,,-266.38,-3.03,40.91,0.0,,8.48,0.0,17.01,-0.43,1625.0,1178.0,18.2,12.8,-3.47,,1.49,0.22,6,24.0,8.54,6.0,1.0,39.5,MONITOR ⭐,Expected ~34% CAGR (2yr) | Revenue CAGR 19% | Profit CAGR 39% | ROCE trend rising ↑ | Piotroski F=6 (above average quality) | PEG 1.18 — fair value,Pattern still forming (not broken out),3-4 years,Medium-High,"yfinance, screener.in",100,33,,2026-06-27,2026-06-01,26,0.0,3,0.0
NUCLEUS,Nucleus Software Exports Limited,Technology,Software - Application,2067.0,Small-Cap,MonthlyDoubleBottom,Forming,1.0,42,Sep 42mo | Mid rally 268% | Asymmetry 1%,,Downtrend,False,False,Below-MAs,False,Downtrend,0,Uptrend,Uptrend,789.6,538.88,145.7,671.16,1115.25,1115.25,1115.25,1115.25,41.2,18.8,17.7,12.29,2.28,,13.24,159.0,21.32,1200.0,1,none,15.5,20.0,1.31,14.0,-0.4,13.33,5.64,5.29,11.38,11.25,-28.22,-2.95,-0.17,-46.7,0.15,highly inconsistent earnings,0.01,,2.09,,62.95,3.04,73.59,0.0,,4.46,-0.45,1.21,-0.17,1242.4,690.0,36.4,14.4,-25.36,-47.02,0.25,-0.13,6,20.0,15.5,4.0,0.0,39.5,MONITOR ⭐,Expected ~19% CAGR (2yr) | Declining profits (-3% CAGR) ⚠️ | ROCE trend rising ↑ | Nearly debt-free | Promoter 74% holding | FCF yield 3.0%,Pattern still forming (not broken out),3-4 years,Medium-High,"yfinance, screener.in",100,282,,2026-06-27,2026-06-01,26,0.0,3,0.0
VSTIND,VST Industries Limited,Consumer Defensive,Tobacco,4407.0,Small-Cap,MonthlyDoubleBottom,Forming,1.0,48,Sep 48mo | Mid rally 125% | Asymmetry 9%,,Sideways-Above-MA,True,False,Constructive,True,Stage2,15,Uptrend,Uptrend,257.1,470.75,200.0,218.54,646.67,741.5,692.06,668.98,188.4,69.8,15.1,13.0,3.48,4.38,8.5,462.0,-7.72,,0,none,24.9,34.4,-3.3,15.0,-3.9,19.96,11.38,23.95,12.25,,119.5,3.45,,120.2,0.15,highly inconsistent earnings,,,3.16,,159.35,3.62,32.16,0.0,,1.34,0.12,6.63,0.32,319.1,200.0,19.4,28.6,-5.94,-31.75,0.47,0.35,5,12.0,22.5,4.0,1.0,39.5,MONITOR ⭐,Expected ~70% CAGR (2yr) | ROE 25% | ROCE 34% | Margin compressing ↓ ⚠️ | FCF yield 3.6% | Piotroski F=5 (above average quality),Margin compression ↓ | Pattern still forming (not broken out),3-4 years,Medium-High,"yfinance, screener.in",90,287,,2026-06-27,2026-06-01,26,0.0,3,0.0
CIPLA,Cipla Limited,Healthcare,Drug Manufacturers - Specialty & Generic,109205.0,Large-Cap,MonthlyDoubleBottom,Forming,0.669,9,Sep 9mo | Mid rally 67% | Asymmetry 0%,MonthlyDoubleBottom+MonthlyStage2,Sideways-Above-MA,True,False,Constructive,True,Stage2,5,Uptrend,Uptrend,1389.4,218.31,130.34,1180.99,2211.72,2054.1,2719.17,2452.35,47.8,21.6,28.17,21.38,3.17,2.59,17.21,96.0,15.21,1456.73,37,buy,11.6,15.5,0.37,21.0,0.34,13.94,7.58,2.23,7.37,8.01,-26.7,10.88,10.08,-54.6,0.15,highly inconsistent earnings,0.02,,3.44,,1140.04,1.04,29.22,0.0,,22.55,-1.38,31.71,1.26,1673.0,1165.7,17.0,19.2,-6.0,1.91,0.38,0.12,6,17.0,17.03,4.0,1.0,39.0,MONITOR ⭐,Expected ~22% CAGR (2yr) | ROCE trend rising ↑ | Nearly debt-free | Piotroski F=6 (above average quality) | DII buying +1.3% ↑ | Dividend growing 15%/yr,Earnings due 2026-07-24 | Pattern still forming (not broken out),3-4 years,Medium-High,"yfinance, screener.in",100,366,2026-07-24,2026-06-27,2026-06-01,26,-1.4,3,2.0
360ONE,360 One Wam Limited,Financial Services,Asset Management,46570.0,Large-Cap,MonthlyDoubleBottom,Forming,0.46,6,Sep 6mo | Mid rally 51% | Asymmetry 5%,,Downtrend,False,False,Below-MAs,False,Stage2,12,Uptrend,Uptrend,1096.8,433.06,280.44,932.28,741.37,1074.87,1116.52,909.81,,,39.22,27.54,4.72,1.73,21.57,157.0,-28.26,1322.45,11,none,14.4,12.1,0.63,62.0,1.34,27.16,7.1,18.4,28.47,21.4,19.8,22.72,26.94,15.7,0.4,lumpy earner,1.62,,13.02,,1433.27,3.08,6.24,-0.01,,63.33,-2.18,12.75,1.93,1273.8,906.05,13.9,21.1,9.95,100.64,0.54,0.39,5,24.0,8.52,3.0,3.0,38.5,MONITOR ⭐,Revenue CAGR 28% | Profit CAGR 23% | ROCE trend rising ↑ | OPM 62% | FCF yield 3.1% | Piotroski F=5 (above average quality),High D/E 1.6 | Earnings due 2026-07-16 | Pattern still forming (not broken out),3-4 years,Medium-High,"yfinance, screener.in",100,82,2026-07-16,2026-06-27,2026-06-01,26,-0.1,3,-5.0
SONATSOFTW,Sonata Software Limited,Technology,Information Technology Services,8232.0,Mid-Cap,MonthlyDoubleBottom,Forming,1.0,45,Sep 45mo | Mid rally 303% | Asymmetry 2%,,Downtrend,False,False,Below-MAs,False,Downtrend,0,Uptrend,Uptrend,262.85,846.13,207.15,223.42,379.7,1485.11,386.42,383.04,465.0,137.7,17.77,13.21,4.33,20.19,12.97,274.0,-45.86,340.38,8,none,28.2,30.6,-2.51,7.0,-0.37,4.34,6.86,5.36,12.83,20.41,9.18,0.88,13.72,21.4,0.15,highly inconsistent earnings,0.38,,1.05,,94.31,1.15,28.17,0.0,,8.74,-0.05,25.55,-0.75,452.8,207.15,42.0,26.9,-26.85,-67.71,0.73,0.42,4,16.0,15.5,7.0,0.0,38.5,MONITOR ⭐,Expected ~138% CAGR (2yr) | ROE 28% | ROCE 31% | EV/EBITDA 13× below sector (20×) | Analyst target ₹340 (+29%) | MonthlyDoubleBottom forming (45mo base),Earnings due 2026-07-29 | Pattern still forming (not broken out),3-4 years,Medium-High,"yfinance, screener.in",100,288,2026-07-29,2026-06-27,2026-06-01,26,-0.7,3,-3.0
ICICIBANK,ICICI Bank Limited,Financial Services,Banks - Regional,965727.0,Large-Cap,MonthlyDoubleBottom,Forming,1.0,24,Sep 24mo | Mid rally 115% | Asymmetry 1%,MonthlyDoubleBottom+MonthlyStage2,Downtrend,False,False,Below-MAs,False,Stage2,12,Uptrend,Uptrend,1240.8,328.33,152.59,1054.68,1751.93,1907.98,2430.29,2063.42,53.8,24.0,18.02,14.8,2.66,1.01,,82.0,30.06,1674.82,39,strong_buy,16.1,7.2,,33.29,,24.93,2.08,4.77,17.26,16.97,6.17,17.78,23.26,9.3,0.75,consistent growth,,,,,,,,,,34.48,-9.39,39.94,-6.8,1500.0,1187.6,17.3,4.5,-5.8,13.34,0.95,0.25,2,13.0,16.5,7.0,2.0,38.5,MONITOR ⭐,Expected ~24% CAGR (2yr) | Revenue CAGR 17% | OPM 33% | EPS: consistent growth | Dividend growing 30%/yr | PEG 1.01 — fair value,Earnings due 2026-07-18 | Pattern still forming (not broken out),3-4 years,Medium-High,"yfinance, screener.in",70,287,2026-07-18,2026-06-27,2026-06-01,26,0.0,3,-1.0
TARACHAND,Tara Chand Infralogistic Solutions Limited,Industrials,Farm & Heavy Construction Machinery,443.0,Micro-Cap,MonthlyDoubleBottom,Forming,1.0,17,Sep 17mo | Mid rally 798% | Asymmetry 5%,MonthlyCupHandle+MonthlyDoubleBottom+MonthlyStage2,Downtrend,False,False,Below-MAs,False,Stage2,4,Uptrend,Uptrend,59.88,37.76,4.11,50.9,118.46,128.41,139.2,128.41,114.4,46.4,16.0,,2.98,1.9,5.38,36.0,6.0,,0,none,20.5,18.2,,36.0,5.0,9.73,6.1,14.92,,,12.0,,,8.8,0.5,insufficient history,0.93,,1.72,,-33.52,-7.57,71.64,0.5,,0.13,0.02,0.0,0.0,103.67,53.0,42.2,13.0,0.34,207.49,0.47,-0.31,4,16.0,15.5,6.0,1.0,38.5,MONITOR ⭐,Expected ~46% CAGR (2yr) | ROE 20% | Promoter 72% holding | OPM 36% | EV/EBITDA 5× below sector (18×) | MonthlyDoubleBottom forming (17mo base),Pattern still forming (not broken out),3-4 years,Medium-High,"yfinance, screener.in",80,99,,2026-06-27,2026-06-01,26,0.0,3,0.0
DICIND,DIC India Limited,Basic Materials,Specialty Chemicals,470.0,Micro-Cap,MonthlyDoubleBottom,Forming,1.0,48,Sep 48mo | Mid rally 132% | Asymmetry 3%,MonthlyCupHandle+MonthlyDoubleBottom,Downtrend,False,False,Below-MAs,False,Stage2,1,Uptrend,Uptrend,496.15,697.35,296.01,421.73,493.25,1098.69,636.76,560.43,121.4,48.8,24.69,11.97,1.1,1.81,8.63,59.0,14.47,,0,none,10.8,15.2,0.2,8.0,0.3,2.05,,-2.14,10.48,,22.22,13.62,,63.8,0.15,highly inconsistent earnings,0.01,,,,,,71.75,0.0,,0.0,,,,666.75,450.5,25.6,10.1,-14.69,-9.58,0.32,0.07,3,15.0,16.5,6.0,1.0,38.5,MONITOR ⭐,Expected ~49% CAGR (2yr) | ROCE trend rising ↑ | Nearly debt-free | Promoter 72% holding | Dividend growing 14%/yr | EV/EBITDA 9× vs sector 10×,Pattern still forming (not broken out),3-4 years,Medium-High,"yfinance, screener.in",80,288,,2026-06-27,2026-06-01,26,-1.7,3,1.0
LGBBROSLTD,L.G. Balakrishnan & Bros Limited,Consumer Cyclical,Auto Parts,4959.0,Small-Cap,MonthlyDoubleBottom,Forming,1.0,41,Sep 41mo | Mid rally 236% | Asymmetry 7%,,Downtrend,False,False,Below-MAs,False,Stage2,3,Uptrend,Uptrend,1556.1,586.37,168.64,1322.68,4231.02,4577.12,4951.53,4577.12,194.1,71.5,15.55,13.64,2.3,1.9,10.19,141.0,10.06,2053.0,1,none,15.6,19.8,-0.8,16.0,-0.26,10.36,8.28,19.32,11.77,13.84,5.63,8.18,19.12,-17.0,0.15,highly inconsistent earnings,0.11,,1.78,,-102.59,-2.07,34.83,0.01,,6.61,-0.38,13.35,0.47,2048.0,1208.3,24.0,28.8,28.91,19.72,0.38,-0.03,4,11.0,16.5,6.0,5.0,38.5,MONITOR ⭐,Expected ~72% CAGR (2yr) | Low D/E 0.11 | Dividend growing 10%/yr | EV/EBITDA 10× below sector (25×) | MonthlyDoubleBottom forming (41mo base) | Sector in Stage2,Pattern still forming (not broken out),3-4 years,Medium-High,"yfinance, screener.in",100,221,,2026-06-27,2026-06-01,26,0.0,3,1.0
VENUSPIPES,Venus Pipes and Tubes Limited,Basic Materials,Steel,3203.0,Small-Cap,MonthlyStage2,Stage Change,0.666,24,10-EMA=1281 | 30-EMA=1311 | Above by 10.0% | MA turning=No,,Uptrend,True,False,Uptrend,True,Stage2,1,Uptrend,Uptrend,1442.0,1310.97,894.0,1225.7,1062.6,1727.94,1207.49,1132.73,19.8,9.5,31.25,17.58,5.21,4.73,18.02,6.0,25.99,1852.8,5,none,16.99,,,14.27,,8.74,9.05,16.2,,,6.6,,,7.6,0.5,insufficient history,0.43,,1.42,,-148.34,-4.63,48.41,0.0,,2.71,-1.26,17.49,0.14,1660.0,890.0,13.1,62.0,7.89,-3.27,0.48,0.1,3,11.0,22.49,2.0,3.0,38.5,MONITOR ⭐,Expected ~10% CAGR (2yr) | Revenue CAGR 16% | Dividend growing 26%/yr | Analyst target ₹1853 (+28%) | MonthlyStage2 forming (24mo base) | Weekly uptrend,None identified,3-4 years,Medium-High,"yfinance, screener.in",70,50,,2026-06-27,2026-06-15,12,0.0,1,0.0
LT,Larsen & Toubro Limited,Industrials,Engineering & Construction,579074.0,Large-Cap,MonthlyDoubleBottom,Forming,0.683,20,Sep 20mo | Mid rally 74% | Asymmetry 6%,,Sideways-Above-MA,True,False,Constructive,True,Stage2,4,Uptrend,Uptrend,3921.0,631.13,351.54,3332.85,4053.39,4597.26,5341.05,4652.89,17.2,8.3,35.97,22.95,5.3,2.43,19.08,90.0,8.2,4513.81,31,buy,15.9,14.6,1.17,12.0,-1.03,5.51,4.59,11.79,15.96,16.02,7.25,14.79,7.96,-3.1,0.15,highly inconsistent earnings,0.98,,1.25,,26195.48,4.52,,,,18.78,-1.28,43.32,0.33,4440.0,3288.1,11.7,19.2,15.56,40.24,0.8,0.46,4,12.0,18.2,4.0,4.0,38.2,MONITOR ⭐,Expected ~8% CAGR (2yr) | Revenue CAGR 16% | ROCE trend rising ↑ | Margin compressing ↓ ⚠️ | FCF yield 4.5% | MonthlyDoubleBottom forming (20mo base),Margin compression ↓ | Earnings due 2026-07-28 | Pattern still forming (not broken out),3-4 years,Medium-High,"yfinance, screener.in",90,287,2026-07-28,2026-06-27,2026-06-01,26,0.0,3,1.0
AFFLE,Affle 3i Limited,Communication Services,Advertising Agencies,20586.0,Mid-Cap,MonthlyDoubleBottom,Forming,0.746,11,Sep 11mo | Mid rally 75% | Asymmetry 0%,,Downtrend,False,False,Below-MAs,False,Downtrend,0,Uptrend,Uptrend,1446.3,2185.9,1246.0,1229.36,1178.76,3125.8,1781.02,1448.93,116.1,47.0,45.25,29.29,5.63,1.97,31.38,0.0,,1975.27,11,strong_buy,13.8,16.8,-4.2,23.0,-0.2,16.79,7.55,19.55,23.62,39.27,19.11,22.92,27.51,16.0,0.4,lumpy earner,0.0,,3.59,,-171.67,-0.83,54.92,-0.03,,16.66,-1.13,17.9,1.54,2185.9,1251.3,33.8,15.6,-21.51,15.11,0.33,0.16,4,23.0,10.95,4.0,0.0,38.0,MONITOR ⭐,Expected ~47% CAGR (2yr) | Revenue CAGR 24% | Profit CAGR 23% | Nearly debt-free | Promoter 55% holding | DII buying +1.5% ↑,Pattern still forming (not broken out),3-4 years,Medium-High,"yfinance, screener.in",100,83,,2026-06-27,2026-06-01,26,-0.7,3,-3.0
KRYSTAL,KRYSTAL INTEGRATED SER L,Industrials,Specialty Business Services,850.0,Small-Cap,None,,0.0,0,,,Sideways,False,False,Below-MAs,True,Stage2,4,Uptrend,Uptrend,581.4,,,494.19,1801.24,2143.12,2549.88,2143.12,268.6,92.0,13.25,,1.7,0.7,10.9,25.0,0.0,,0,none,13.7,15.9,-0.7,7.0,0.06,5.04,5.59,5.89,22.01,22.23,1.59,18.98,30.36,59.1,0.4,lumpy earner,0.24,,2.01,,-16.04,-1.89,69.96,0.0,,1.25,-0.54,3.76,-0.47,729.5,500.0,20.3,16.3,2.34,,,0.95,5,20.0,6.0,10.0,2.0,38.0,MONITOR ⭐,Expected ~92% CAGR (2yr) | Revenue CAGR 22% | Low D/E 0.24 | Promoter 70% holding | Piotroski F=5 (above average quality) | PEG 0.70 — undervalued,None identified,3-4 years,Medium-High,"yfinance, screener.in",100,27,,2026-06-27,2026-06-01,26,0.0,3,0.0
LEMONTREE,Lemon Tree Hotels Limited,Consumer Cyclical,Lodging,8951.0,Mid-Cap,None,,0.0,0,,,Downtrend,False,False,Below-MAs,False,Stage2,3,Uptrend,Uptrend,111.01,,,94.36,173.22,194.6,278.87,219.79,75.3,32.4,39.39,22.28,6.41,1.47,16.41,0.0,,156.82,22,strong_buy,19.4,14.0,3.2,48.0,5.14,15.72,8.38,12.29,18.17,41.79,18.52,26.88,80.58,8.1,0.2,multiple loss years in history,0.96,,1.21,,171.82,1.92,22.32,0.04,,21.59,0.09,15.67,-3.78,180.68,99.61,38.6,11.4,-13.05,-4.24,,-0.18,6,23.0,3.0,12.0,0.0,38.0,MONITOR ⭐,Expected ~32% CAGR (2yr) | Revenue CAGR 18% | Profit CAGR 27% | ROCE trend rising ↑ | OPM 48% | Piotroski F=6 (above average quality),Earnings due 2026-08-06,3-4 years,Medium-High,"yfinance, screener.in",100,98,2026-08-06,2026-06-27,2026-06-01,26,0.0,3,0.0
GODIGIT,GO DIGIT GENERAL INS LTD,Financial Services,Insurance - Property & Casualty,28279.0,Mid-Cap,None,,0.0,0,,,Sideways,False,True,Below-MAs,True,Stage2,12,Uptrend,Uptrend,301.05,,,255.89,160.82,270.85,267.2,207.29,,,52.12,31.55,6.02,1.8,43.74,,,366.2,10,none,11.71,,,5.41,,5.2,1.68,22.6,,,28.9,,,29.2,0.5,insufficient history,0.07,,0.1,,3284.74,11.62,73.01,-0.01,,8.01,-0.25,14.62,0.28,381.4,290.8,21.1,3.5,-14.02,,,0.11,3,28.0,6.0,3.0,1.0,38.0,MONITOR ⭐,Revenue CAGR 23% | Profit CAGR 29% | Nearly debt-free | Promoter 73% holding | FCF yield 11.6% | Weekly volume expanding,High PE 52,3-4 years,Medium-High,"yfinance, screener.in",70,26,,2026-06-27,2026-06-01,26,-3.2,3,3.0
ICRA,ICRA Limited,Financial Services,Financial Data & Stock Exchanges,5136.0,Small-Cap,MonthlyDoubleBottom,Forming,0.542,18,Sep 18mo | Mid rally 55% | Asymmetry 0%,,Sideways,False,False,Below-MAs,True,Stage2,12,Uptrend,Uptrend,5416.5,7666.47,4952.24,4704.63,4561.25,10380.7,5532.17,5023.31,91.6,38.4,28.25,20.5,4.34,2.79,20.82,132.0,28.92,6558.5,2,none,16.7,23.0,1.51,36.0,1.31,30.28,8.4,20.48,14.19,14.79,7.02,10.13,17.13,32.2,0.4,lumpy earner,,,3.8,,115.7,2.25,51.86,0.0,,7.92,0.67,24.51,-1.04,7130.0,4965.5,24.0,9.1,-11.54,-16.21,0.36,0.2,7,25.0,13.5,-1.0,0.0,37.5,MONITOR ⭐,Expected ~38% CAGR (2yr) | ROCE 23% | ROCE trend rising ↑ | Promoter 52% holding | OPM 36% | Piotroski F=7 (high quality compounder),Pattern still forming (not broken out),3-4 years,Medium-High,"yfinance, screener.in",90,230,,2026-06-27,2026-06-01,26,0.0,3,-1.0
MMP,MMP Industries Limited,Basic Materials,Aluminum,686.0,Small-Cap,MonthlyDoubleBottom,Forming,1.0,27,Sep 27mo | Mid rally 148% | Asymmetry 3%,MonthlyDoubleBottom+MonthlyStage2,Sideways-Above-MA,True,False,Constructive,True,Stage2,1,Uptrend,Uptrend,276.92,452.69,180.52,235.38,307.85,724.86,399.1,350.52,161.8,61.8,22.12,,1.98,1.6,13.37,74.0,25.99,,0,none,11.5,12.5,0.14,8.0,-0.4,3.76,5.71,19.08,15.27,28.96,-20.51,13.86,12.77,65.6,0.15,highly inconsistent earnings,0.53,,1.26,,-32.65,-4.76,74.48,0.0,,0.02,0.01,0.0,0.0,319.98,185.2,13.5,49.5,7.17,18.26,2.21,0.2,4,11.0,22.5,2.0,2.0,37.5,MONITOR ⭐,Expected ~62% CAGR (2yr) | Revenue CAGR 15% | ROCE trend rising ↑ | Promoter 74% holding | Dividend growing 26%/yr | MonthlyDoubleBottom forming (27mo base),Pattern still forming (not broken out),3-4 years,Medium-High,"yfinance, screener.in",100,98,,2026-06-27,2026-06-01,26,0.0,3,-1.0
JASH,Jash Engineering Limited,Industrials,Specialty Industrial Machinery,3146.0,Small-Cap,MonthlyDoubleBottom,Forming,1.0,24,Sep 24mo | Mid rally 119% | Asymmetry 5%,,Downtrend,False,False,Below-MAs,False,Stage2,4,Uptrend,Uptrend,373.1,696.27,310.17,317.13,322.49,1082.37,415.3,365.96,190.1,70.3,41.67,23.04,6.06,3.09,30.81,36.0,-20.63,565.0,1,strong_buy,16.0,17.7,0.31,14.0,-0.0,10.35,6.33,0.14,22.33,19.74,-12.64,13.48,19.64,56.9,0.15,highly inconsistent earnings,0.2,,2.04,,22.98,0.73,43.24,-0.19,,1.79,-0.21,0.39,-0.1,622.9,327.1,40.1,14.1,-27.84,43.6,0.41,-0.11,6,21.0,16.5,-1.0,1.0,37.5,MONITOR ⭐,Expected ~70% CAGR (2yr) | Revenue CAGR 22% | ROCE trend rising ↑ | Low D/E 0.20 | Piotroski F=6 (above average quality) | MonthlyDoubleBottom forming (24mo base),Pattern still forming (not broken out),3-4 years,Medium-High,"yfinance, screener.in",100,104,,2026-06-27,2026-06-01,26,0.0,3,0.0
VMART,V-Mart Retail Limited,Consumer Cyclical,Department Stores,6346.0,Small-Cap,MonthlyDoubleBottom,Forming,1.0,25,Sep 25mo | Mid rally 164% | Asymmetry 8%,,Sideways,False,False,Below-MAs,True,Stage2,3,Uptrend,Uptrend,637.15,823.81,299.92,541.58,327.88,1347.7,327.88,327.88,111.5,45.4,68.01,32.39,6.35,,13.55,13.0,-23.87,867.0,15,strong_buy,14.08,,,2.69,,3.27,5.19,24.5,,,-35.8,,,-39.1,0.5,insufficient history,1.01,,1.04,,221.43,3.49,44.2,0.05,,16.92,-0.09,31.87,-0.59,945.0,457.9,32.6,39.1,-18.1,-7.49,0.41,0.51,4,10.0,19.5,7.0,1.0,37.5,MONITOR ⭐,Expected ~45% CAGR (2yr) | Revenue CAGR 24% | Declining profits (-36% CAGR) ⚠️ | FCF yield 3.5% | EV/EBITDA 14× below sector (25×) | Analyst target ₹867 (+36%),High D/E 1.0 | High PE 68 | Pattern still forming (not broken out),3-4 years,Medium-High,"yfinance, screener.in",70,160,,2026-06-27,2026-06-01,26,0.0,3,1.0
INFY,Infosys Limited,Technology,Information Technology Services,425670.0,Large-Cap,MonthlyDoubleBottom,Forming,0.533,18,Sep 18mo | Mid rally 54% | Asymmetry 1%,,Downtrend,False,False,Below-MAs,False,Downtrend,0,Uptrend,Uptrend,1196.9,1948.78,1257.64,1194.76,2630.27,2639.92,3007.45,2812.54,120.6,48.5,13.85,12.81,4.56,2.0,960.31,476.0,-11.03,1460.95,40,buy,31.9,40.0,0.8,24.0,-0.74,16.43,15.09,9.61,6.77,12.2,10.18,6.93,8.7,13.2,0.4,lumpy earner,0.1,,1.98,,317.02,0.07,14.38,-0.14,,28.45,-1.82,43.19,2.11,1728.0,1030.0,30.7,16.2,-16.42,-24.99,0.8,0.11,5,25.0,9.4,3.0,0.0,37.4,MONITOR ⭐,Expected ~48% CAGR (2yr) | ROE 32% | ROCE 40% | ROCE trend rising ↑ | Nearly debt-free | Margin compressing ↓ ⚠️,Margin compression ↓ | Earnings due 2026-07-23 | Pattern still forming (not broken out),3-4 years,Medium-High,"yfinance, screener.in",100,365,2026-07-23,2026-06-27,2026-06-01,26,0.0,3,1.0
ABBOTINDIA,Abbott India Limited,Healthcare,Drug Manufacturers - Specialty & Generic,55705.0,Large-Cap,MonthlyDoubleBottom,Forming,0.522,19,Sep 19mo | Mid rally 60% | Asymmetry 8%,,Downtrend,False,False,Below-MAs,False,Stage2,5,Uptrend,Uptrend,26280.0,22642.79,13589.28,22338.0,30610.78,32787.67,35440.43,32937.2,24.8,11.7,35.84,28.85,11.67,4.72,28.27,200.0,19.98,32563.38,8,none,34.46,,,27.01,,22.4,18.28,6.5,,,7.6,,,7.6,0.5,insufficient history,0.04,,2.55,,1373.31,2.47,74.99,0.0,,0.27,0.08,8.93,-0.07,37000.0,25150.0,29.0,4.5,-17.93,-5.72,0.43,0.01,4,25.0,10.26,2.0,0.0,37.3,MONITOR ⭐,Expected ~12% CAGR (2yr) | ROE 34% | Nearly debt-free | Promoter 75% holding | OPM 27% | Dividend growing 20%/yr,Earnings due 2026-08-11 | Pattern still forming (not broken out),3-4 years,Medium-High,"yfinance, screener.in",70,287,2026-08-11,2026-06-27,2026-06-01,26,-5.5,3,-3.0
METROBRAND,Metro Brands Limited,Consumer Cyclical,Apparel Retail,28279.0,Mid-Cap,MonthlyDoubleBottom,Forming,0.441,9,Sep 9mo | Mid rally 44% | Asymmetry 0%,,Sideways,False,False,Below-MAs,True,Stage2,3,Uptrend,Uptrend,1052.0,1398.52,968.25,919.84,593.42,1828.79,647.54,619.89,73.8,31.8,68.94,47.96,14.18,15.46,33.63,58.0,-9.14,1244.38,21,none,22.2,20.2,1.37,30.0,1.0,14.36,9.46,14.24,10.43,29.06,17.51,4.46,44.96,23.1,0.15,highly inconsistent earnings,0.78,,2.89,,161.57,0.57,71.8,-0.03,,3.77,-0.04,7.58,0.07,1340.4,883.0,21.5,19.1,-0.36,-7.41,0.32,0.0,7,23.0,11.29,2.0,1.0,37.3,MONITOR ⭐,Expected ~32% CAGR (2yr) | ROE 22% | ROCE 20% | ROCE trend rising ↑ | Promoter 72% holding | OPM 30%,High PE 69 | Pattern still forming (not broken out),3-4 years,Medium-High,"yfinance, screener.in",100,54,,2026-06-27,2026-06-01,26,0.0,3,0.0
BBTCL,B&B Triplewall Containers Limited,Consumer Cyclical,Packaging & Containers,438.0,Micro-Cap,MonthlyStage2,Stage Change,0.73,24,10-EMA=198 | 30-EMA=200 | Above by 10.9% | MA turning=Yes,,Uptrend,True,False,Tight-Above-MAs,True,Stage2,3,Uptrend,Uptrend,221.78,199.9,132.19,188.51,365.48,365.48,365.48,365.48,64.8,28.4,21.24,,3.32,,7.47,0.0,25.99,,0,none,17.0,13.7,-1.4,15.0,-0.1,3.34,7.13,25.2,22.27,,433.33,-5.9,,,0.15,highly inconsistent earnings,1.93,,1.16,,-1.51,-0.34,73.76,0.0,,0.0,,,,240.0,150.0,7.6,47.9,12.25,-23.01,0.9,0.07,3,4.0,25.26,4.0,4.0,37.3,MONITOR ⭐,Expected ~28% CAGR (2yr) | Revenue CAGR 22% | Declining profits (-6% CAGR) ⚠️ | Promoter 74% holding | Dividend growing 26%/yr | EV/EBITDA 7× below sector (25×),High D/E 1.9,3-4 years,Medium-High,"yfinance, screener.in",100,93,,2026-06-27,2026-06-15,12,0.0,1,0.0
SIRCA,Sirca Paints India Limited,Basic Materials,Specialty Chemicals,2347.0,Small-Cap,MonthlyCupHandle,Forming,0.551,34,Cup 34mo | Depth 42% | Prior gain 31% | R²=0.75,MonthlyCupHandle+MonthlyDoubleBottom,Downtrend,False,False,Below-MAs,False,Stage2,1,Uptrend,Uptrend,425.0,528.73,304.23,361.25,290.59,753.23,365.95,326.1,77.2,33.1,35.45,23.16,5.2,2.9,22.58,36.0,14.47,565.5,2,none,15.8,21.2,1.57,20.0,1.46,13.2,10.59,32.26,23.06,28.4,32.65,12.22,30.77,25.3,0.15,highly inconsistent earnings,0.07,,5.21,,-4.1,-0.17,65.19,0.0,,6.29,-0.63,0.0,-0.32,539.0,368.0,21.2,15.5,2.66,-4.41,0.33,0.21,6,25.0,11.11,-1.0,2.0,37.1,MONITOR ⭐,Expected ~33% CAGR (2yr) | Revenue CAGR 23% | ROCE 21% | ROCE trend rising ↑ | Nearly debt-free | Promoter 65% holding,Pattern still forming (not broken out),3-4 years,Medium-High,"yfinance, screener.in",100,97,,2026-06-27,2026-06-01,26,0.9,3,-1.0
SHREEPUSHK,Shree Pushkar Chemicals & Fertilisers Limited,Basic Materials,Specialty Chemicals,1281.0,Small-Cap,MonthlyDoubleBottom,Forming,1.0,19,Sep 19mo | Mid rally 123% | Asymmetry 6%,,Downtrend,False,False,Constructive,True,Stage2,1,Uptrend,Uptrend,375.6,315.52,137.87,319.26,545.79,675.04,834.89,675.04,79.7,34.1,18.38,24.52,2.1,0.78,12.86,51.0,0.0,,0,none,12.2,13.0,-0.0,10.0,-0.69,7.18,5.17,21.22,12.62,22.44,18.64,23.68,19.27,-22.2,0.15,highly inconsistent earnings,0.22,,1.68,,-35.84,-2.8,69.36,0.0,,0.42,-0.17,0.29,-0.09,476.0,272.45,21.1,37.9,2.28,81.85,0.08,0.12,4,12.0,17.0,6.0,2.0,37.0,MONITOR ⭐,Expected ~34% CAGR (2yr) | Profit CAGR 24% | Low D/E 0.22 | Promoter 69% holding | Margin compressing ↓ ⚠️ | PEG 0.78 — undervalued,Margin compression ↓ | Pattern still forming (not broken out),3-4 years,Medium-High,"yfinance, screener.in",100,130,,2026-06-27,2026-06-01,26,1.6,3,-3.0
JSWINFRA,JSW Infrastructure Limited,Industrials,Marine Shipping,64254.0,Large-Cap,None,,0.0,0,,,Sideways,False,False,Below-MAs,True,Stage2,4,Uptrend,Uptrend,266.15,,,226.23,287.74,358.25,466.21,366.26,34.6,16.0,42.39,27.04,5.9,1.55,26.7,29.0,12.5,346.24,17,strong_buy,15.4,13.7,0.8,49.0,-0.09,28.41,6.67,19.77,18.83,27.29,1.71,27.29,40.26,-17.9,0.15,highly inconsistent earnings,0.59,,2.27,,-1098.43,-1.71,83.61,0.0,,6.92,-0.21,2.43,0.26,349.0,233.42,23.7,14.0,-7.06,,,0.62,5,24.0,6.0,5.0,2.0,37.0,MONITOR ⭐,Expected ~16% CAGR (2yr) | Revenue CAGR 19% | Profit CAGR 27% | ROCE trend rising ↑ | Promoter 84% holding | OPM 49%,None identified,3-4 years,Medium-High,"yfinance, screener.in",100,32,,2026-06-27,2026-06-01,26,0.0,3,-1.0
PRAKASH,Prakash Industries Limited,Basic Materials,Steel,2607.0,Small-Cap,MonthlyDoubleBottom,Forming,1.0,20,Sep 20mo | Mid rally 1026% | Asymmetry 4%,MonthlyDoubleBottom+MonthlyStage2,Sideways-Above-MA,True,False,Constructive,True,Stage2,1,Uptrend,Uptrend,146.97,269.42,23.44,124.92,416.67,515.4,440.33,428.34,250.7,87.3,7.83,4.49,0.73,2.8,5.7,103.0,45.0,,0,none,14.1,,,20.0,,9.58,4.67,8.9,,,2.8,,,2.7,0.5,insufficient history,0.14,,1.71,,-251.19,-9.63,44.38,0.0,,3.89,-0.14,0.01,-0.01,190.9,110.24,23.0,33.3,-1.01,72.6,0.41,0.36,3,8.0,22.0,6.0,1.0,37.0,MONITOR ⭐,Expected ~87% CAGR (2yr) | Low D/E 0.14 | Dividend growing 45%/yr | EV/EBITDA 6× below sector (10×) | MonthlyDoubleBottom forming (20mo base) | Sector in Stage2,Pattern still forming (not broken out),3-4 years,Medium-High,"yfinance, screener.in",70,287,,2026-06-27,2026-06-01,26,0.0,3,0.0
ICICIPRULI,ICICI Prudential Life Insurance Company Limited,Financial Services,Insurance - Life,72531.0,Large-Cap,MonthlyDoubleBottom,Forming,0.777,27,Sep 27mo | Mid rally 84% | Asymmetry 6%,,Downtrend,False,False,Below-MAs,False,Stage2,12,Uptrend,Uptrend,522.15,488.35,258.34,443.83,312.98,718.36,493.19,392.89,37.6,17.3,45.24,37.11,5.31,1.77,38.87,33.0,40.1,688.39,33,buy,12.6,10.1,-0.51,2.0,0.77,2.55,0.34,-10.48,7.87,-5.3,35.58,25.53,10.96,61.9,0.15,highly inconsistent earnings,0.19,,1.47,,2168.01,2.99,72.8,-0.08,,10.89,-0.59,11.05,0.64,706.8,459.5,26.1,13.6,-12.81,-31.2,0.85,0.45,2,19.0,13.82,4.0,0.0,36.8,MONITOR ⭐,Expected ~17% CAGR (2yr) | Profit CAGR 26% | Low D/E 0.19 | Promoter 73% holding | DII buying +0.6% ↑ | Dividend growing 40%/yr,Earnings due 2026-07-14 | Pattern still forming (not broken out),3-4 years,Medium-High,"yfinance, screener.in",100,117,2026-07-14,2026-06-27,2026-06-01,26,0.0,3,-4.0
PFIZER,Pfizer Limited,Healthcare,Drug Manufacturers - General,20741.0,Mid-Cap,MonthlyDoubleBottom,Forming,0.773,36,Sep 36mo | Mid rally 85% | Asymmetry 8%,MonthlyDoubleBottom+MonthlyStage2,Downtrend,False,False,Below-MAs,True,Stage2,5,Uptrend,Uptrend,4785.4,5815.44,3025.08,4067.59,5828.52,8605.8,5828.52,5828.52,79.8,34.1,28.74,22.33,5.39,,19.58,165.0,36.41,6246.0,4,none,19.8,27.2,-10.0,-12.0,-15.5,28.67,10.76,0.3,,,-11.76,,,-39.6,0.15,highly inconsistent earnings,0.02,,6.06,,671.97,3.24,63.92,0.0,,2.81,0.1,16.89,-0.16,5896.0,4396.7,18.8,8.8,-5.55,9.74,0.42,0.11,4,16.0,13.78,6.0,1.0,36.8,MONITOR ⭐,Expected ~34% CAGR (2yr) | Declining profits (-40% CAGR) ⚠️ | ROCE 27% | Nearly debt-free | Promoter 64% holding | Margin compressing ↓ ⚠️,Margin compression ↓ | Earnings due 2026-08-12 | Pattern still forming (not broken out),3-4 years,Medium-High,"yfinance, screener.in",80,287,2026-08-12,2026-06-27,2026-06-01,26,0.0,3,1.0
FSL,Firstsource Solutions Limited,Technology,Information Technology Services,16897.0,Mid-Cap,MonthlyDoubleBottom,Forming,0.512,30,Sep 30mo | Mid rally 60% | Asymmetry 8%,,Downtrend,False,False,Below-MAs,False,Downtrend,0,Uptrend,Uptrend,247.55,36.08,21.7,210.42,314.98,324.39,377.32,344.74,31.0,14.5,25.57,15.55,3.86,2.71,12.54,225.0,16.26,293.86,14,none,17.7,16.2,-0.14,16.0,-0.17,7.06,8.13,19.75,16.64,13.48,13.47,9.45,13.24,27.7,0.15,highly inconsistent earnings,0.67,,0.79,,944.37,5.59,53.66,0.0,,8.85,-0.35,25.49,0.3,403.8,202.0,38.7,22.5,-21.35,60.55,0.34,0.2,4,21.0,9.64,6.0,0.0,36.6,MONITOR ⭐,Expected ~14% CAGR (2yr) | Revenue CAGR 17% | Promoter 54% holding | FCF yield 5.6% | Dividend growing 16%/yr | EV/EBITDA 13× below sector (20×),Pattern still forming (not broken out),3-4 years,Medium-High,"yfinance, screener.in",100,233,,2026-06-27,2026-06-01,26,2.3,3,-6.0
MEDIASSIST,MEDI ASSIST HEALTH SER L,Healthcare,Healthcare Plans,2722.0,Small-Cap,MonthlyDoubleBottom,Forming,0.626,10,Sep 10mo | Mid rally 67% | Asymmetry 5%,,Sideways,False,True,Below-MAs,True,Stage2,5,Uptrend,Uptrend,388.5,711.81,415.25,394.49,525.11,1008.37,593.92,558.45,159.6,61.1,30.04,18.68,3.17,4.73,14.23,0.0,,510.0,3,none,13.9,14.0,-1.14,19.0,-0.83,9.71,4.81,25.17,21.47,22.88,-3.26,6.35,27.9,148.7,0.15,highly inconsistent earnings,0.06,,1.34,,95.85,3.52,4.61,-0.01,,24.31,-0.96,49.18,-0.73,594.1,293.0,34.6,32.6,-19.31,,0.71,1.15,4,16.0,13.51,7.0,0.0,36.5,MONITOR ⭐,Expected ~61% CAGR (2yr) | Revenue CAGR 21% | Nearly debt-free | Margin compressing ↓ ⚠️ | FCF yield 3.5% | EV/EBITDA 14× below sector (22×),Margin compression ↓ | Pattern still forming (not broken out),3-4 years,Medium-High,"yfinance, screener.in",100,29,,2026-06-27,2026-06-01,26,0.0,3,0.0
KAMATHOTEL,Kamat Hotels (India) Limited,Consumer Cyclical,Lodging,504.0,Small-Cap,MonthlyDoubleBottom,Forming,1.0,33,Sep 33mo | Mid rally 499% | Asymmetry 10%,,Downtrend,False,False,Below-MAs,False,Stage2,3,Uptrend,Uptrend,163.69,158.95,25.3,139.14,425.73,425.73,425.73,425.73,160.1,61.3,13.46,,2.36,,8.95,0.0,-7.17,,0,none,14.4,15.8,3.6,25.0,2.0,10.0,6.77,8.12,9.38,42.37,-17.02,-50.05,18.07,49.2,0.2,multiple loss years in history,0.7,,1.06,,45.38,9.0,57.78,0.0,,0.26,0.16,3.84,0.0,329.8,140.2,50.4,16.8,-24.77,-52.02,0.48,0.35,5,16.0,16.5,4.0,0.0,36.5,MONITOR ⭐,Expected ~61% CAGR (2yr) | Declining profits (-50% CAGR) ⚠️ | ROCE trend rising ↑ | Promoter 58% holding | FCF yield 9.0% | Piotroski F=5 (above average quality),Pattern still forming (not broken out),3-4 years,Medium-High,"yfinance, screener.in",100,287,,2026-06-27,2026-06-15,12,0.0,1,0.0
DHARMAJ,Dharmaj Crop Guard Limited,Basic Materials,Agricultural Inputs,894.0,Small-Cap,MonthlyDoubleBottom,Forming,0.842,22,Sep 22mo | Mid rally 91% | Asymmetry 7%,MonthlyDoubleBottom+MonthlyStage2,Sideways-Above-MA,True,False,Constructive,False,Stage2,1,Uptrend,Uptrend,277.6,389.65,196.95,235.96,421.4,582.35,557.3,484.61,109.8,44.8,16.36,,2.0,,10.18,0.0,,,0,none,13.0,16.4,4.0,9.0,-0.5,4.8,6.46,19.66,,,57.14,,,,0.15,highly inconsistent earnings,0.29,,1.55,,-30.0,-3.36,70.4,0.0,,3.13,-0.36,0.47,0.0,386.5,210.65,28.2,31.8,-12.27,42.61,0.57,0.07,5,14.0,20.1,2.0,0.0,36.1,MONITOR ⭐,Expected ~45% CAGR (2yr) | ROCE trend rising ↑ | Low D/E 0.29 | Promoter 70% holding | Piotroski F=5 (above average quality) | MonthlyDoubleBottom forming (22mo base),Pattern still forming (not broken out),3-4 years,Medium-High,"yfinance, screener.in",80,43,,2026-06-27,2026-06-01,26,4.3,3,0.0
INTELLECT,Intellect Design Arena Limited,Technology,Software - Application,10397.0,Mid-Cap,MonthlyDoubleBottom,Forming,1.0,11,Sep 11mo | Mid rally 113% | Asymmetry 4%,,Sideways,False,True,Below-MAs,True,Downtrend,0,Uptrend,Uptrend,697.1,1247.67,574.03,592.53,720.01,1921.31,846.68,780.78,175.6,66.0,30.68,18.17,3.26,3.63,16.68,54.0,40.95,1067.0,5,none,12.4,15.9,-1.37,19.0,-1.0,11.37,5.49,21.52,10.84,15.21,2.69,8.44,5.3,-11.2,0.15,highly inconsistent earnings,0.05,,2.11,,309.21,2.97,29.73,-0.08,,25.57,-1.03,7.1,-0.01,1244.6,595.2,44.0,17.1,-31.25,-10.35,1.11,0.6,5,12.0,17.0,7.0,0.0,36.0,MONITOR ⭐,Expected ~66% CAGR (2yr) | Nearly debt-free | Margin compressing ↓ ⚠️ | Piotroski F=5 (above average quality) | Dividend growing 41%/yr | EV/EBITDA 17× vs sector 20×,Margin compression ↓ | Pattern still forming (not broken out),3-4 years,Medium-High,"yfinance, screener.in",100,138,,2026-06-27,2026-06-01,26,0.0,3,-2.0
UNOMINDA,Uno Minda Limited,Consumer Cyclical,Auto Parts,64422.0,Large-Cap,None,,0.0,0,,,Sideways,False,False,Below-MAs,False,Stage2,3,Uptrend,Uptrend,1051.9,,,894.12,1106.6,1313.89,1658.15,1354.59,24.9,11.8,53.76,36.07,10.31,2.4,29.82,24.0,20.89,1252.83,18,buy,19.4,19.7,1.77,11.0,-0.0,6.09,7.6,17.19,20.5,25.26,25.76,22.41,38.94,22.5,0.4,lumpy earner,0.38,,1.2,,-231.28,-0.36,68.36,-0.05,,8.96,-0.87,16.89,0.92,1382.0,994.0,23.9,5.8,3.04,59.37,,0.23,4,26.0,6.0,2.0,2.0,36.0,MONITOR ⭐,Expected ~12% CAGR (2yr) | Revenue CAGR 20% | Profit CAGR 22% | ROCE trend rising ↑ | Promoter 68% holding | DII buying +0.9% ↑,High PE 54 | Earnings due 2026-08-06,3-4 years,Medium-High,"yfinance, screener.in",100,232,2026-08-06,2026-06-27,2026-06-01,26,0.0,3,0.0
UNITDSPR,UNITED SPIRITS LIMITED,Consumer Defensive,Beverages - Wineries & Distilleries,96053.0,Large-Cap,None,,0.0,0,,,Downtrend,False,False,Below-MAs,False,Stage2,15,Uptrend,Uptrend,1304.9,,,1109.16,1226.55,1466.98,1700.33,1444.14,12.4,6.0,54.95,42.48,11.16,3.1,39.82,129.0,14.47,1501.23,26,buy,21.4,27.5,2.17,18.0,1.11,14.74,9.01,3.3,5.52,8.92,16.18,17.74,38.4,28.0,0.15,highly inconsistent earnings,0.05,,2.05,,618.38,0.64,56.68,0.0,,14.41,0.28,15.36,0.0,1488.0,1210.8,12.3,7.8,0.06,,,0.2,6,28.0,3.0,2.0,3.0,36.0,MONITOR ⭐,Expected ~6% CAGR (2yr) | ROE 21% | ROCE 28% | ROCE trend rising ↑ | Nearly debt-free | Promoter 57% holding,High PE 55 | Earnings due 2026-08-13,3-4 years,Medium-High,"yfinance, screener.in",100,25,2026-08-13,2026-06-27,2026-06-15,12,0.0,1,0.0
ROLEXRINGS,Rolex Rings Limited,Industrials,Metal Fabrication,3901.0,Small-Cap,MonthlyDoubleBottom,Forming,0.508,14,Sep 14mo | Mid rally 57% | Asymmetry 6%,,Uptrend,True,False,Tight-Above-MAs,True,Stage2,4,Uptrend,Uptrend,141.99,262.0,162.26,154.15,191.93,361.74,253.82,220.72,154.8,59.6,27.65,16.18,3.21,,15.35,,,170.0,2,none,12.35,,,15.33,,12.34,9.1,7.7,,,,,,,0.5,insufficient history,,,8.29,,39.58,1.01,52.24,-1.13,,6.01,0.05,30.27,0.1,176.0,99.79,19.3,42.3,-4.13,-58.9,0.49,0.37,4,10.0,21.6,3.0,1.0,35.6,MONITOR ⭐,Expected ~60% CAGR (2yr) | Promoter 52% holding | EV/EBITDA 15× vs sector 18× | MonthlyDoubleBottom forming (14mo base) | Weekly uptrend | Tight daily consolidation above MAs,Pattern still forming (not broken out),3-4 years,Medium-High,"yfinance, screener.in",60,58,,2026-06-27,2026-06-01,26,0.0,3,-1.0
IRIS,IRIS RegTech Solutions Limited,Technology,Software - Application,557.0,Small-Cap,MonthlyDoubleBottom,Forming,0.512,27,Sep 27mo | Mid rally 52% | Asymmetry 1%,,Downtrend,False,False,Below-MAs,False,Downtrend,0,Uptrend,Uptrend,226.49,162.4,106.15,192.52,607.55,1923.8,6091.7,1923.8,749.4,191.4,39.66,,2.77,0.18,43.49,0.0,,,0,none,10.2,12.6,1.74,8.0,-1.4,98.44,2.65,1.59,20.04,17.56,876.92,216.65,99.69,47.1,0.15,highly inconsistent earnings,0.01,,3.52,,-0.09,-0.02,34.63,0.0,,1.87,0.14,13.06,0.16,426.95,203.0,47.0,11.6,-17.85,174.52,0.51,0.58,5,19.0,9.64,7.0,0.0,35.6,MONITOR ⭐,Expected ~191% CAGR (2yr) | Revenue CAGR 20% | Profit CAGR 217% | ROCE trend rising ↑ | Nearly debt-free | Margin compressing ↓ ⚠️,Margin compression ↓ | Pattern still forming (not broken out),3-4 years,Medium-High,"yfinance, screener.in",100,55,,2026-06-27,2026-06-01,26,0.0,3,0.0
BAYERCROP,Bayer CropScience Limited,Basic Materials,Agricultural Inputs,19188.0,Mid-Cap,MonthlyDoubleBottom,Forming,0.671,27,Sep 27mo | Mid rally 68% | Asymmetry 1%,,Downtrend,False,False,Below-MAs,False,Stage2,1,Uptrend,Uptrend,4247.6,6868.99,4089.02,3884.57,3725.36,9648.96,4765.34,4213.38,127.2,50.7,27.85,22.09,6.47,2.13,20.36,293.0,0.0,5186.83,6,buy,15.8,20.1,,5.0,-4.0,12.14,8.9,9.0,,,44.74,,,13.1,0.5,insufficient history,0.03,,1.92,,960.34,5.0,71.44,0.0,,3.89,0.05,11.89,0.42,6511.0,4194.0,34.8,1.3,-26.43,-16.95,0.58,0.21,4,22.0,12.55,1.0,0.0,35.6,MONITOR ⭐,Expected ~51% CAGR (2yr) | ROCE 20% | Nearly debt-free | Promoter 71% holding | Margin compressing ↓ ⚠️ | FCF yield 5.0%,Margin compression ↓ | Earnings due 2026-08-06 | Pattern still forming (not broken out),3-4 years,Medium-High,"yfinance, screener.in",80,198,2026-08-06,2026-06-27,2026-06-15,12,0.0,1,0.0
SWSOLAR,Sterling and Wilson Renewable Energy Limited,Technology,Solar,5502.0,Small-Cap,MonthlyDoubleBottom,Forming,1.0,45,Sep 45mo | Mid rally 278% | Asymmetry 1%,,Downtrend,False,False,Below-MAs,False,Downtrend,0,Uptrend,Uptrend,197.8,828.0,218.45,207.53,297.89,1437.55,297.89,297.89,626.8,169.6,16.6,12.87,8.46,,21.5,0.0,,292.5,2,none,40.1,26.8,14.94,4.0,4.97,-4.1,3.35,19.77,55.31,8.24,-444.19,-42.44,,143.0,0.2,multiple loss years in history,1.83,,1.16,,25.75,0.47,45.73,0.0,,6.96,-0.23,3.19,0.21,341.0,148.0,42.0,33.6,-30.45,-54.33,0.33,0.7,4,18.0,15.5,2.0,0.0,35.5,MONITOR ⭐,Expected ~170% CAGR (2yr) | Revenue CAGR 55% | Declining profits (-42% CAGR) ⚠️ | ROE 40% | ROCE 27% | ROCE trend rising ↑,High D/E 1.8 | Pattern still forming (not broken out),3-4 years,Medium-High,"yfinance, screener.in",90,82,,2026-06-27,2026-06-01,26,0.0,3,-6.0
POLYMED,Poly Medicure Limited,Healthcare,Medical Instruments & Supplies,15864.0,Mid-Cap,MonthlyDoubleBottom,Forming,1.0,29,Sep 29mo | Mid rally 176% | Asymmetry 5%,,Downtrend,False,False,Below-MAs,False,Stage2,5,Uptrend,Uptrend,1455.1,3351.91,1182.0,1236.83,1641.36,5521.82,2422.62,1994.09,279.5,94.8,49.27,33.36,5.1,2.29,34.85,22.0,11.87,1578.83,6,none,11.2,14.0,-0.71,24.0,-0.17,17.18,5.75,12.34,18.92,19.02,-5.31,21.49,18.74,-27.8,0.15,highly inconsistent earnings,0.11,,3.37,,-309.36,-1.95,62.42,0.0,,5.92,-3.49,15.6,1.76,2316.6,1182.0,37.2,23.1,-26.73,4.47,0.38,0.06,4,19.0,16.5,0.0,0.0,35.5,MONITOR ⭐,Expected ~95% CAGR (2yr) | Revenue CAGR 19% | Profit CAGR 21% | Low D/E 0.11 | Promoter 62% holding | DII buying +1.8% ↑,Pattern still forming (not broken out),3-4 years,Medium-High,"yfinance, screener.in",100,174,,2026-06-27,2026-06-01,26,0.0,3,-3.0
PENIND,Pennar Industries Limited,Industrials,Specialty Industrial Machinery,2171.0,Small-Cap,MonthlyDoubleBottom,Forming,1.0,13,Sep 13mo | Mid rally 111% | Asymmetry 5%,,Downtrend,False,False,Below-MAs,False,Stage2,4,Uptrend,Uptrend,151.69,279.9,129.1,128.94,429.38,527.41,647.82,527.41,247.7,86.5,15.62,11.17,1.87,0.68,8.62,0.0,0.0,260.0,1,none,12.8,15.3,2.03,10.0,0.77,3.83,5.21,12.18,7.73,18.87,16.81,22.83,115.37,15.4,0.15,highly inconsistent earnings,1.0,,1.13,,-301.61,-13.89,39.67,0.0,,4.05,-0.97,5.28,3.1,279.9,129.1,45.8,17.5,-29.25,73.9,0.43,-0.33,4,10.0,15.5,10.0,0.0,35.5,MONITOR ⭐,Expected ~86% CAGR (2yr) | Profit CAGR 23% | ROCE trend rising ↑ | DII buying +3.1% ↑ | PEG 0.68 — undervalued | EV/EBITDA 9× below sector (18×),Pattern still forming (not broken out),3-4 years,Medium-High,"yfinance, screener.in",100,187,,2026-06-27,2026-06-01,26,0.0,3,0.0
VRLLOG,VRL Logistics Limited,Industrials,Trucking,4199.0,Small-Cap,MonthlyDoubleBottom,Forming,1.0,33,Sep 33mo | Mid rally 104% | Asymmetry 1%,MonthlyCupHandle+MonthlyDoubleBottom,Downtrend,False,False,Below-MAs,False,Stage2,4,Uptrend,Uptrend,245.3,200.59,97.85,208.5,345.96,337.38,345.96,345.96,37.5,17.3,17.73,15.4,3.83,,8.21,417.0,25.99,324.5,6,strong_buy,21.27,,,13.36,,7.35,9.37,5.7,,,-2.9,,,-2.8,0.5,insufficient history,1.01,,0.49,,159.25,3.79,60.24,0.0,,2.98,-0.77,25.05,1.56,324.5,225.0,24.4,9.0,-4.43,-50.46,0.35,0.02,3,12.0,16.5,7.0,0.0,35.5,MONITOR ⭐,Expected ~17% CAGR (2yr) | Declining profits (-3% CAGR) ⚠️ | ROE 21% | Promoter 60% holding | FCF yield 3.8% | DII buying +1.6% ↑,High D/E 1.0 | Pattern still forming (not broken out),3-4 years,Medium-High,"yfinance, screener.in",70,134,,2026-06-27,2026-06-01,26,0.0,3,0.0
INNOVANA,INNOVANA THINKLABS LTD,Technology,Software - Application,653.0,Small-Cap,MonthlyDoubleBottom,Forming,0.536,8,Sep 8mo | Mid rally 57% | Asymmetry 3%,,Sideways,False,False,Below-MAs,True,Downtrend,0,Uptrend,Uptrend,378.6,737.9,462.55,439.42,722.88,1013.25,891.78,802.9,167.6,63.6,17.76,,3.88,1.6,24.29,0.0,-66.67,,0,none,16.0,16.4,-2.4,35.0,1.94,28.83,6.84,28.16,18.66,18.29,-17.78,11.07,18.25,-74.2,0.15,highly inconsistent earnings,0.21,,2.38,,8.88,1.36,72.65,0.0,,1.18,0.07,1.09,0.0,649.5,292.8,41.7,29.3,-23.36,-11.3,0.34,0.17,6,22.0,11.43,2.0,0.0,35.4,MONITOR ⭐,Expected ~64% CAGR (2yr) | Revenue CAGR 19% | Low D/E 0.21 | Promoter 73% holding | OPM 35% | Piotroski F=6 (above average quality),Pattern still forming (not broken out),3-4 years,Medium-High,"yfinance, screener.in",100,102,,2026-06-27,2026-06-01,26,0.0,3,0.0
TCI,Transport Corporation of India Limited,Industrials,Integrated Freight & Logistics,7276.0,Small-Cap,MonthlyDoubleBottom,Forming,0.685,8,Sep 8mo | Mid rally 73% | Asymmetry 4%,,Downtrend,False,False,Below-MAs,False,Stage2,4,Uptrend,Uptrend,877.7,158.85,90.19,746.05,1943.25,1787.23,2469.93,2190.82,103.6,42.7,15.97,13.66,3.04,1.25,14.1,95.0,8.74,1181.83,6,strong_buy,19.3,19.5,0.49,11.0,-0.0,9.28,7.78,9.46,9.13,11.9,10.58,12.74,25.12,8.3,0.15,highly inconsistent earnings,0.12,,2.68,,-89.09,-1.22,68.74,0.01,,3.03,-0.07,12.86,0.05,1289.0,868.05,31.9,1.1,-13.99,3.04,0.69,-0.08,4,14.0,11.22,10.0,0.0,35.2,MONITOR ⭐,Expected ~43% CAGR (2yr) | ROCE trend rising ↑ | Low D/E 0.12 | Promoter 69% holding | PEG 1.25 — fair value | EV/EBITDA 14× vs sector 18×,Pattern still forming (not broken out),3-4 years,Medium-High,"yfinance, screener.in",100,287,,2026-06-27,2026-06-01,26,0.0,3,-7.0
ROUTE,Route Mobile Limited,Communication Services,Telecom Services,3437.0,Small-Cap,MonthlyDoubleBottom,Forming,0.389,28,Sep 28mo | Mid rally 40% | Asymmetry 1%,,Sideways,False,False,Below-MAs,True,Downtrend,0,Uptrend,Uptrend,519.7,1886.51,1339.67,1272.69,904.35,2433.35,904.35,904.35,368.2,116.4,14.37,8.84,1.24,,4.07,220.0,-40.16,718.75,4,none,12.5,17.2,-2.23,12.0,0.11,5.42,7.3,-3.67,7.29,25.68,-23.05,-8.27,14.08,93.2,0.15,highly inconsistent earnings,0.01,,3.85,,662.21,19.27,74.85,0.0,,2.49,-0.24,4.01,-1.97,1039.9,410.7,50.0,26.5,-40.74,-89.1,0.45,0.29,5,16.0,11.17,8.0,0.0,35.2,MONITOR ⭐,Expected ~116% CAGR (2yr) | Declining profits (-8% CAGR) ⚠️ | Nearly debt-free | Promoter 75% holding | FCF yield 19.3% | Piotroski F=5 (above average quality),Pattern still forming (not broken out),3-4 years,Medium-High,"yfinance, screener.in",100,69,,2026-06-27,2026-06-01,26,0.0,3,0.0
THOMASCOTT,Thomas Scott (India) Limited,Consumer Cyclical,Textile Manufacturing,461.0,Micro-Cap,MonthlyDoubleBottom,Forming,1.0,21,Sep 21mo | Mid rally 123% | Asymmetry 1%,,Sideways,False,False,Below-MAs,True,Stage2,3,Uptrend,Uptrend,259.9,509.0,227.3,220.91,386.5,790.7,386.5,386.5,204.2,74.4,23.54,,3.66,,14.67,,,,0,none,15.87,,,13.33,,7.57,10.28,63.4,,,-36.7,,,8.0,0.5,insufficient history,0.34,,2.23,,-49.94,-10.83,52.32,0.17,,0.05,0.05,2.45,0.0,459.8,230.0,43.5,13.0,-24.45,278.37,0.78,0.14,3,12.0,19.0,4.0,0.0,35.0,MONITOR ⭐,Expected ~74% CAGR (2yr) | Revenue CAGR 63% | Declining profits (-37% CAGR) ⚠️ | Promoter 52% holding | EV/EBITDA 15× below sector (25×) | MonthlyDoubleBottom forming (21mo base),Pattern still forming (not broken out),3-4 years,Medium-High,"yfinance, screener.in",70,173,,2026-06-27,2026-06-01,26,0.0,3,-5.0
NH,Narayana Hrudayalaya Limited,Healthcare,Medical Care Facilities,38156.0,Large-Cap,None,,0.0,0,,,Sideways-Above-MA,True,False,Constructive,True,Stage2,5,Uptrend,Uptrend,1884.1,,,1601.48,1754.14,2016.56,2119.04,1927.98,7.0,3.5,47.17,26.77,8.41,4.76,25.63,24.0,65.1,2149.43,14,buy,20.9,15.4,1.34,20.0,2.43,10.2,7.4,44.01,20.39,25.04,1.9,9.91,46.61,13.5,0.15,highly inconsistent earnings,1.29,,2.15,,287.02,0.75,63.27,0.0,,9.98,-1.12,9.14,1.23,2370.2,1589.0,20.5,18.6,-5.27,68.5,,0.17,7,24.0,9.0,1.0,1.0,35.0,MONITOR ⭐,Expected ~4% CAGR (2yr) | Revenue CAGR 20% | ROE 21% | ROCE trend rising ↑ | Promoter 63% holding | Piotroski F=7 (high quality compounder),High D/E 1.3,3-4 years,Medium-High,"yfinance, screener.in",100,125,,2026-06-27,2026-06-01,26,0.0,3,0.0
PLATIND,Platinum Industries Limited,Basic Materials,Specialty Chemicals,1293.0,Small-Cap,MonthlyDoubleBottom,Forming,1.0,21,Sep 21mo | Mid rally 184% | Asymmetry 8%,,Sideways,False,False,Below-MAs,True,Stage2,1,Uptrend,Uptrend,225.04,502.05,169.7,191.28,223.42,834.4,271.86,246.45,270.8,92.6,24.0,,2.83,2.33,18.91,0.0,,,0,none,12.7,15.7,-20.0,13.0,0.66,11.54,6.62,14.8,24.89,38.28,2.0,10.31,59.12,136.9,0.15,highly inconsistent earnings,0.02,,4.17,,-37.39,-2.89,70.03,0.0,,0.59,-0.03,3.6,0.65,342.4,183.5,34.3,22.6,-10.43,,0.47,0.55,4,17.0,19.0,-1.0,0.0,35.0,MONITOR ⭐,Expected ~93% CAGR (2yr) | Revenue CAGR 25% | Nearly debt-free | Promoter 70% holding | DII buying +0.7% ↑ | MonthlyDoubleBottom forming (21mo base),Pattern still forming (not broken out),3-4 years,Medium-High,"yfinance, screener.in",90,27,,2026-06-27,2026-06-01,26,0.0,3,0.0
