Stock,Company_Name,Sector,Industry,Market_Cap_Cr,Cap_Class,Monthly_Pattern,Monthly_Pattern_Status,Monthly_Pattern_Quality,Monthly_Pattern_Duration_Mo,Monthly_Pattern_Details,Converging_Signals,Weekly_Trend,Weekly_Above_40MA,Weekly_Volume_Expanding,Daily_Setup,Daily_Above_50MA,Sector_Trend,Sector_Stage2_Age_Mo,Index_Regime,Nifty_Monthly_Trend,CMP,Breakout_Zone,Pattern_Bottom,Stop_Loss,Target_1yr,Target_2yr,Target_3yr,Fair_Value_Estimate,Upside_Potential_Pct,Expected_CAGR_2yr_Pct,PE_Ratio,Forward_PE,PB_Ratio,PEG_Ratio,EV_EBITDA,Dividend_Yield_Pct,Dividend_Growth_3yr_Pct,Analyst_Target,Analyst_Count,Analyst_Recommendation,ROE_Pct,ROCE_Pct,ROCE_Trend,Operating_Margin_Pct,OPM_Trend,Net_Margin_Pct,Return_on_Assets_Pct,Revenue_Growth_TTM_Pct,Revenue_Growth_3yr_CAGR,Revenue_Growth_5yr_CAGR,Profit_Growth_TTM_Pct,Profit_Growth_3yr_CAGR,Profit_Growth_5yr_CAGR,EPS_Growth_Quarterly_Pct,EPS_Consistency_Score,EPS_Consistency_Desc,Debt_to_Equity,DE_Trend,Current_Ratio,Interest_Coverage,Free_Cashflow_Cr,FCF_Yield_Pct,Promoter_Holding_Pct,Promoter_Change_QoQ,Promoter_Pledge_Pct,FII_Holding_Pct,FII_Change_QoQ,DII_Holding_Pct,DII_Change_QoQ,52wk_High,52wk_Low,Dist_From_52wk_High_Pct,Dist_From_52wk_Low_Pct,RS_vs_Nifty_1yr_Pct,RS_vs_Nifty_3yr_Pct,Monthly_Vol_Surge,Beta,Piotroski_F_Score,Fundamental_Score_40,Technical_Score_30,Valuation_Score_20,Momentum_Score_10,Overall_Score_100,Rating_Grade,Why_Buy,Key_Risks,Investment_Horizon,Risk_Level,Data_Sources,Data_Quality_Pct,Monthly_Bars,Next_Earnings,Scan_Date,First_Seen_Date,Days_On_Watchlist,Price_Change_Since_First_Pct,Times_Scanned,Score_vs_First
STOVEKRAFT,Stove Kraft Limited,Consumer Cyclical,"Furnishings, Fixtures & Appliances",2560.0,Small-Cap,MonthlyStage2,Stage Change,1.0,24,10-EMA=640 | 30-EMA=623 | Above by 24.4% | MA turning=Yes,MonthlyDoubleBottom+MonthlyStage2,Uptrend,True,False,Tight-Above-MAs,True,Stage2,3,Uptrend,Uptrend,774.95,623.06,453.5,658.71,3171.12,8200.82,54851.82,13188.7,958.2,225.3,60.98,30.4,5.07,0.19,15.91,45.0,20.0,719.0,3,buy,67.5,31.8,7.4,13.0,2.86,2.61,4.55,28.21,17.91,11.48,2600.0,,,317.9,0.2,multiple loss years in history,0.23,,0.97,,141.1,5.51,55.79,0.0,,1.22,0.41,7.09,-0.88,828.0,447.05,6.4,73.3,22.78,21.74,0.34,0.41,6,40.0,28.5,13.0,6.0,87.5,STRONG BUY ⭐⭐⭐⭐⭐,Expected ~225% CAGR (2yr) | Revenue CAGR 18% | Profit CAGR 316% | ROE 68% | ROCE 32% | ROCE trend rising ↑,High PE 61,1-3 years,Low-Medium,"yfinance, screener.in",90,66,,2026-07-25,2026-06-01,54,43.4,7,8.0
LUPIN,Lupin Limited,Healthcare,Drug Manufacturers - Specialty & Generic,111712.0,Large-Cap,MonthlyDoubleBottom,Forming,0.974,41,Sep 41mo | Mid rally 98% | Asymmetry 1%,,Sideways-Above-MA,True,True,Constructive,False,Stage2,6,Uptrend,Uptrend,2287.4,1234.32,618.72,1944.29,13096.93,18960.26,68465.86,29944.83,728.9,187.9,20.96,23.88,4.98,0.16,13.89,74.0,65.1,2483.41,37,buy,28.7,29.9,5.69,29.0,3.86,19.07,12.71,23.12,18.88,13.02,61.98,128.64,54.16,89.0,0.15,highly inconsistent earnings,0.29,,1.9,,3722.05,3.33,46.85,-0.04,,21.7,0.2,25.32,-0.26,2529.5,1836.8,9.6,24.5,26.48,134.47,1.09,0.18,7,40.0,22.19,13.0,8.0,83.2,STRONG BUY ⭐⭐⭐⭐⭐,Expected ~188% CAGR (2yr) | Revenue CAGR 19% | Profit CAGR 129% | ROE 29% | ROCE 30% | ROCE trend rising ↑,Earnings due 2026-08-05 | Pattern still forming (not broken out),1-3 years,Low-Medium,"yfinance, screener.in",100,297,2026-08-05,2026-07-25,2026-06-01,54,0.0,7,2.0
CONSOFINVT,Consolidated Finvest & Holdings Limited,Financial Services,Capital Markets,902.0,Small-Cap,MonthlyStage2,Stage Change,1.0,24,10-EMA=217 | 30-EMA=198 | Above by 32.7% | MA turning=Yes,MonthlyCupHandle+MonthlyDoubleBottom+MonthlyStage2,Uptrend,True,True,Uptrend,True,Stage2,12,Uptrend,Uptrend,263.33,198.41,164.27,223.83,737.93,1365.61,2527.21,1365.61,418.6,127.7,14.26,,0.78,0.17,14.6,41.0,33.9,,0,none,33.6,34.5,,99.18,,86.77,3.22,-87.62,17.57,-0.75,1.58,85.06,53.39,-40.0,0.2,multiple loss years in history,,,190.33,,36.74,4.07,74.89,0.0,,2.58,-1.6,0.02,0.0,287.0,152.0,8.2,73.2,44.02,62.5,0.85,0.53,3,34.0,26.5,12.0,10.0,82.5,STRONG BUY ⭐⭐⭐⭐⭐,Expected ~128% CAGR (2yr) | Revenue CAGR 18% | Profit CAGR 85% | ROE 34% | ROCE 34% | Promoter 75% holding,None identified,1-3 years,Low-Medium,"yfinance, screener.in",90,289,,2026-07-25,2026-06-01,54,13.9,7,7.0
JINDRILL,Jindal Drilling & Industries Limited,Energy,Oil & Gas Equipment & Services,1706.0,Small-Cap,MonthlyDoubleBottom,Forming,1.0,21,Sep 21mo | Mid rally 456% | Asymmetry 0%,MonthlyDoubleBottom+MonthlyStage2,Uptrend,True,False,Constructive,True,Stage2,1,Uptrend,Uptrend,655.45,1032.12,185.38,557.13,1886.51,2444.35,3167.14,2444.35,272.9,93.1,8.1,,0.94,0.27,4.12,17.0,25.99,,0,none,12.5,15.4,2.69,35.0,3.43,21.13,4.92,20.41,24.87,20.16,-2.31,29.57,25.42,-36.6,0.15,highly inconsistent earnings,0.05,,1.58,,130.28,7.64,66.78,0.0,,0.42,-0.2,0.01,0.01,693.5,440.1,5.5,48.9,10.86,69.85,8.92,-0.34,7,40.0,25.0,14.0,3.0,82.0,STRONG BUY ⭐⭐⭐⭐⭐,Expected ~93% CAGR (2yr) | Revenue CAGR 25% | Profit CAGR 30% | ROCE trend rising ↑ | Nearly debt-free | Promoter 67% holding,Pattern still forming (not broken out),1-3 years,Low-Medium,"yfinance, screener.in",100,261,,2026-07-25,2026-06-01,54,0.0,7,-1.0
NATIONALUM,National Aluminium Company Limited,Basic Materials,Aluminum,62427.0,Large-Cap,MonthlyDoubleBottom,Forming,0.971,11,Sep 11mo | Mid rally 98% | Asymmetry 1%,,Sideways-Above-MA,True,False,Constructive,False,Stage2,1,Uptrend,Uptrend,398.95,109.96,55.48,339.11,1350.59,1452.04,3425.61,2150.95,264.0,90.8,10.16,9.16,2.89,0.17,6.77,235.0,5.73,403.67,12,hold,29.4,39.6,4.8,44.0,4.69,32.49,18.2,6.28,7.77,14.78,10.04,59.26,34.87,-16.7,0.15,highly inconsistent earnings,0.0,,3.6,,3402.6,5.45,51.28,0.0,,21.99,-0.28,11.22,0.47,445.15,179.93,10.4,121.7,124.1,428.71,0.39,0.61,6,40.0,20.65,14.0,7.0,81.6,STRONG BUY ⭐⭐⭐⭐⭐,Expected ~91% CAGR (2yr) | Profit CAGR 59% | ROE 29% | ROCE 40% | ROCE trend rising ↑ | Nearly debt-free,Earnings due 2026-07-30 | Pattern still forming (not broken out),1-3 years,Low-Medium,"yfinance, screener.in",100,326,2026-07-30,2026-07-25,2026-06-01,54,0.0,7,-1.0
NAM-INDIA,Nippon Life India Asset Management Limited,Financial Services,Asset Management,75852.0,Large-Cap,MonthlyDoubleBottom,Forming,1.0,36,Sep 36mo | Mid rally 133% | Asymmetry 3%,,Uptrend,True,False,Tight-Above-MAs,True,Stage2,12,Uptrend,Uptrend,1082.2,412.28,174.58,919.87,597.06,925.38,983.74,766.39,,,50.25,35.41,16.25,1.77,36.02,181.0,-1.3,1163.88,24,buy,34.5,43.8,3.06,69.0,1.11,52.14,25.06,16.12,24.59,15.56,18.9,28.36,17.59,28.8,0.15,highly inconsistent earnings,0.02,,12.5,,1295.47,1.71,71.93,-0.12,,7.35,-0.55,14.77,0.94,1233.5,780.25,12.3,38.7,46.1,289.82,0.71,0.59,7,40.0,28.5,2.0,10.0,80.5,STRONG BUY ⭐⭐⭐⭐⭐,Revenue CAGR 25% | Profit CAGR 28% | ROE 34% | ROCE 44% | ROCE trend rising ↑ | Nearly debt-free,High PE 50 | Pattern still forming (not broken out),1-3 years,Low-Medium,"yfinance, screener.in",100,103,,2026-07-25,2026-06-01,54,0.0,7,0.0
LUMAXTECH,Lumax Auto Technologies Limited,Consumer Cyclical,Auto Parts,9676.0,Mid-Cap,MonthlyDoubleBottom,Forming,1.0,33,Sep 33mo | Mid rally 205% | Asymmetry 2%,,Sideways-Above-MA,True,False,Constructive,False,Stage2,3,Uptrend,Uptrend,1626.1,194.78,63.18,1382.18,3892.0,4198.17,8160.37,5635.61,158.2,60.7,34.73,22.24,7.99,0.78,16.44,39.0,16.26,2042.0,5,strong_buy,26.8,21.4,1.4,14.0,1.03,5.73,8.34,33.9,38.15,34.46,47.16,44.8,45.89,50.9,1.0,steady compounder (low CV),0.83,,1.06,,65.65,0.68,55.98,0.0,,8.38,0.38,16.81,0.29,1898.0,954.1,14.3,70.4,46.64,349.82,0.45,0.43,6,39.0,22.5,13.0,6.0,80.5,STRONG BUY ⭐⭐⭐⭐⭐,Expected ~61% CAGR (2yr) | Revenue CAGR 38% | Profit CAGR 45% | ROE 27% | ROCE 21% | ROCE trend rising ↑,Pattern still forming (not broken out),2-3 years,Medium,"yfinance, screener.in",100,233,,2026-07-25,2026-06-01,54,0.0,7,4.0
MCX,,Financial Services,Financial Data & Stock Exchanges,0.0,Micro-Cap,MonthlyDoubleBottom,Forming,0.968,25,Sep 25mo | Mid rally 104% | Asymmetry 7%,,Uptrend,True,False,Uptrend,True,Stage2,12,Uptrend,Uptrend,3414.7,251.5,119.52,2902.49,2908.31,4987.03,12526.93,6035.91,46.0,20.8,52.63,33.56,,0.49,37.29,22.0,19.91,3413.71,14,buy,56.3,71.4,10.17,71.0,4.26,54.82,17.92,106.83,64.83,42.56,137.86,107.54,42.71,291.1,0.15,highly inconsistent earnings,0.0,,1.31,,2811.41,,,,,29.85,3.78,50.8,-3.55,3480.0,1460.8,1.9,133.8,99.34,1033.5,0.58,0.6,6,40.0,26.12,7.0,7.0,80.1,STRONG BUY ⭐⭐⭐⭐⭐,Expected ~21% CAGR (2yr) | Revenue CAGR 65% | Profit CAGR 108% | ROE 56% | ROCE 71% | ROCE trend rising ↑,High PE 53 | Pattern still forming (not broken out),1-3 years,Low-Medium,"yfinance, screener.in",80,171,,2026-07-25,2026-06-01,54,0.0,7,1.0
KIRLPNU,Kirloskar Pneumatic Company Limited,Industrials,Specialty Industrial Machinery,11018.0,Mid-Cap,MonthlyStage2,Stage Change,1.0,24,10-EMA=1275 | 30-EMA=1142 | Above by 38.5% | MA turning=Yes,MonthlyCupHandle+MonthlyDoubleBottom+MonthlyStage2,Uptrend,True,True,Tight-Above-MAs,True,Stage2,4,Uptrend,Uptrend,1581.5,1141.5,988.59,1344.27,3192.11,5357.57,18640.22,7713.73,238.8,84.1,43.1,32.24,8.82,0.3,29.69,71.0,58.74,1823.33,3,strong_buy,22.6,29.6,-3.09,20.0,1.6,14.34,11.95,8.96,59.43,27.14,20.38,141.65,38.97,79.8,0.15,highly inconsistent earnings,0.0,,2.65,,115.04,1.04,38.81,-0.01,,9.56,2.83,26.53,-1.71,2197.1,990.1,28.0,59.7,20.18,125.03,1.01,0.53,6,37.0,28.5,9.0,5.0,79.5,BUY ⭐⭐⭐⭐,Expected ~84% CAGR (2yr) | Revenue CAGR 59% | Profit CAGR 142% | ROE 23% | ROCE 30% | Nearly debt-free,None identified,1-3 years,Low-Medium,"yfinance, screener.in",100,38,,2026-07-25,2026-06-01,54,0.0,7,3.0
SKYGOLD,Sky Gold and Diamonds Limited,Consumer Cyclical,Luxury Goods,9622.0,Mid-Cap,MonthlyDoubleBottom,Forming,0.372,13,Sep 13mo | Mid rally 40% | Asymmetry 2%,,Uptrend,True,True,Uptrend,True,Stage2,3,Uptrend,Uptrend,638.9,402.85,285.0,543.06,2741.41,4286.75,16556.24,6737.03,571.0,159.0,34.36,20.3,8.03,0.24,23.64,0.0,,611.33,3,buy,29.2,27.0,3.3,7.0,1.1,4.37,14.83,77.42,76.03,,112.03,145.75,,120.8,0.4,lumpy earner,0.72,,1.89,,137.76,1.43,51.74,0.0,,2.79,1.59,14.2,1.06,647.35,246.05,1.3,159.7,122.82,2124.37,0.6,0.15,5,40.0,17.96,10.0,10.0,78.0,BUY ⭐⭐⭐⭐,Expected ~159% CAGR (2yr) | Revenue CAGR 76% | Profit CAGR 146% | ROE 29% | ROCE 27% | ROCE trend rising ↑,Pattern still forming (not broken out),2-3 years,Medium,"yfinance, screener.in",100,43,,2026-07-25,2026-06-01,54,39.4,7,-5.0
SEAMECLTD,Seamec Limited,Industrials,Marine Shipping,3522.0,Small-Cap,MonthlyStage2,Stage Change,1.0,24,10-EMA=1347 | 30-EMA=1166 | Above by 25.2% | MA turning=Yes,MonthlyCupHandle+MonthlyDoubleBottom+MonthlyStage2,Sideways-Above-MA,True,False,Constructive,False,Stage2,4,Uptrend,Uptrend,1460.1,1166.39,796.15,1241.08,7357.62,14383.41,28118.14,14383.41,885.1,213.9,13.97,,2.7,0.15,9.2,0.0,0.0,,0,none,21.8,20.0,2.03,42.0,2.06,26.39,9.36,46.01,29.63,29.94,188.64,95.49,20.74,140.8,0.15,highly inconsistent earnings,0.27,,1.89,,-201.82,-5.73,72.72,0.0,,5.93,2.2,4.39,-0.1,1709.2,752.55,14.6,94.0,48.67,103.79,0.23,0.11,6,36.0,22.5,12.0,7.0,77.5,BUY ⭐⭐⭐⭐,Expected ~214% CAGR (2yr) | Revenue CAGR 30% | Profit CAGR 95% | ROE 22% | ROCE trend rising ↑ | Low D/E 0.27,None identified,1-3 years,Low-Medium,"yfinance, screener.in",100,289,,2026-07-25,2026-06-01,54,-6.5,7,-5.5
NATCOPHARM,NATCO Pharma Limited,Healthcare,Drug Manufacturers - Specialty & Generic,16926.0,Mid-Cap,MonthlyStage2,Stage Change,1.0,24,10-EMA=985 | 30-EMA=956 | Above by 18.3% | MA turning=Yes,MonthlyCupHandle+MonthlyDoubleBottom+MonthlyStage2,Uptrend,True,False,Uptrend,True,Stage2,6,Uptrend,Uptrend,1130.9,956.11,764.93,961.27,5693.77,4700.68,8987.86,7153.66,315.7,103.9,11.93,20.63,1.84,0.47,10.79,69.0,-45.95,1021.22,9,hold,16.9,17.1,3.4,35.0,4.06,34.78,7.8,-7.95,14.64,14.72,-24.69,25.64,26.26,-34.1,0.15,highly inconsistent earnings,0.08,,3.01,,820.65,4.85,49.41,0.0,,16.99,-0.38,5.63,0.17,1226.8,789.0,7.8,43.3,30.47,43.98,0.36,0.2,7,32.0,26.5,12.0,7.0,77.5,BUY ⭐⭐⭐⭐,Expected ~104% CAGR (2yr) | Profit CAGR 26% | ROCE trend rising ↑ | Nearly debt-free | OPM 35% | FCF yield 4.8%,Earnings due 2026-08-12,1-3 years,Low-Medium,"yfinance, screener.in",100,365,2026-08-12,2026-07-25,2026-06-01,54,0.0,7,-1.0
DSSL,Dynacons Systems & Solutions Limited,Technology,Information Technology Services,1547.0,Small-Cap,MonthlyStage2,Stage Change,1.0,24,10-EMA=1188 | 30-EMA=1034 | Above by 28.1% | MA turning=Yes,MonthlyDoubleBottom+MonthlyStage2,Sideways-Above-MA,True,False,Constructive,False,Downtrend,0,Uptrend,Uptrend,1325.1,1034.05,784.85,1126.33,3350.56,4592.95,6296.02,4592.95,246.6,86.2,18.22,,4.89,0.49,11.41,4.0,0.0,,0,none,31.0,29.8,2.31,10.0,1.14,5.95,9.18,12.39,20.99,26.71,18.06,37.08,56.69,3.9,0.4,lumpy earner,0.75,,1.35,,13.4,0.87,60.89,0.0,,1.08,0.71,0.28,-0.02,1924.8,781.0,31.2,69.7,35.56,59.32,0.12,0.76,6,38.0,21.5,12.0,6.0,77.5,BUY ⭐⭐⭐⭐,Expected ~86% CAGR (2yr) | Revenue CAGR 21% | Profit CAGR 37% | ROE 31% | ROCE 30% | ROCE trend rising ↑,None identified,2-3 years,Medium,"yfinance, screener.in",100,223,,2026-07-25,2026-06-01,54,-14.4,7,1.5
SANGHVIMOV,Sanghvi Movers Limited,Industrials,Rental & Leasing Services,3647.0,Small-Cap,MonthlyStage2,Stage Change,1.0,24,10-EMA=354 | 30-EMA=332 | Above by 28.8% | MA turning=Yes,MonthlyCupHandle+MonthlyDoubleBottom+MonthlyStage2,Uptrend,True,False,Tight-Above-MAs,True,Stage2,4,Uptrend,Uptrend,427.9,332.19,209.13,363.71,1440.13,2666.11,4935.76,2666.11,523.1,149.6,19.8,,2.78,0.23,10.26,47.0,58.74,,0,none,15.5,16.7,2.0,37.0,-0.3,17.22,8.16,36.83,47.27,,17.2,85.13,,27.8,0.15,highly inconsistent earnings,0.51,,1.77,,-221.36,-6.07,47.25,0.0,,1.81,0.33,1.4,0.1,473.0,223.8,9.5,91.2,32.71,-8.16,0.35,0.96,5,29.0,28.5,12.0,8.0,77.5,BUY ⭐⭐⭐⭐,Expected ~150% CAGR (2yr) | Revenue CAGR 47% | Profit CAGR 85% | ROCE trend rising ↑ | OPM 37% | Piotroski F=5 (above average quality),None identified,2-3 years,Medium,"yfinance, screener.in",100,235,,2026-07-25,2026-06-01,54,33.6,7,11.1
PRIVISCL,Privi Speciality Chemicals Limited,Basic Materials,Specialty Chemicals,14361.0,Mid-Cap,MonthlyDoubleBottom,Forming,0.718,14,Sep 14mo | Mid rally 72% | Asymmetry 1%,,Uptrend,True,False,Tight-Above-MAs,True,Stage2,1,Uptrend,Uptrend,3086.0,1736.85,1003.74,2623.1,3640.67,8997.56,22236.56,8997.56,191.6,70.8,45.25,25.62,10.17,0.31,24.12,27.0,35.72,3884.5,2,strong_buy,26.0,22.3,2.11,25.0,2.17,12.78,10.54,22.04,16.83,14.96,71.35,147.14,22.06,40.9,0.15,highly inconsistent earnings,0.74,,1.46,,37.13,0.26,60.6,0.0,,1.94,0.57,10.07,-0.6,3760.0,2173.2,17.9,42.0,43.91,163.88,0.55,-0.12,6,36.0,24.12,7.0,10.0,77.1,BUY ⭐⭐⭐⭐,Expected ~71% CAGR (2yr) | Revenue CAGR 17% | Profit CAGR 147% | ROE 26% | ROCE 22% | ROCE trend rising ↑,Pattern still forming (not broken out),2-3 years,Medium,"yfinance, screener.in",100,133,,2026-07-25,2026-06-01,54,0.0,7,3.0
RRKABEL,R R Kabel Limited,Industrials,Electrical Equipment & Parts,25938.0,Mid-Cap,MonthlyStage2,Breaking Out,1.0,24,10-EMA=1502 | 30-EMA=1429 | Above by 34.3% | MA turning=Yes,,Uptrend,True,False,Tight-Above-MAs,True,Stage2,4,Uptrend,Uptrend,1918.9,1428.79,885.37,1631.07,1802.25,2327.43,3398.47,2474.85,21.3,10.1,52.63,33.5,10.08,1.41,34.04,48.0,22.39,2106.31,13,strong_buy,21.3,28.1,2.2,8.0,-0.2,5.06,10.62,27.62,20.19,28.98,57.69,37.32,29.52,30.1,0.15,highly inconsistent earnings,0.13,,1.65,,-191.82,-0.74,61.65,0.0,,9.1,0.7,13.33,-0.61,2549.0,1165.0,24.7,64.7,50.79,,2.07,1.45,5,35.0,30.0,4.0,8.0,77.0,BUY ⭐⭐⭐⭐,Expected ~10% CAGR (2yr) | Revenue CAGR 20% | Profit CAGR 37% | ROE 21% | ROCE 28% | ROCE trend rising ↑,High PE 53,1-3 years,Low-Medium,"yfinance, screener.in",100,33,,2026-07-25,2026-06-01,54,0.0,7,-2.0
ASHIANA,Ashiana Housing Limited,Real Estate,Real Estate - Development,3768.0,Small-Cap,MonthlyStage2,Stage Change,1.0,24,10-EMA=340 | 30-EMA=306 | Above by 22.6% | MA turning=Yes,MonthlyCupHandle+MonthlyDoubleBottom+MonthlyStage2,Uptrend,True,True,Tight-Above-MAs,True,Stage2,3,Uptrend,Uptrend,374.65,305.69,263.99,318.45,696.95,1125.78,1818.48,1125.78,200.5,73.3,31.26,21.79,4.16,0.51,22.68,67.0,25.99,,0,none,14.5,14.4,2.54,11.0,2.26,10.31,1.87,116.07,40.74,36.41,555.56,61.53,53.16,3.2,0.15,highly inconsistent earnings,0.38,,1.33,,442.37,11.74,61.11,0.0,,8.19,-0.1,8.08,0.01,406.0,269.45,7.7,39.0,22.33,58.48,0.25,0.28,5,36.0,28.5,6.0,6.0,76.5,BUY ⭐⭐⭐⭐,Expected ~73% CAGR (2yr) | Revenue CAGR 41% | Profit CAGR 62% | ROCE trend rising ↑ | Promoter 61% holding | FCF yield 11.7%,None identified,2-3 years,Medium,"yfinance, screener.in",100,182,,2026-07-25,2026-06-01,54,2.8,7,-2.0
FILATEX,Filatex India Limited,Consumer Cyclical,Textile Manufacturing,3178.0,Small-Cap,MonthlyStage2,Stage Change,1.0,24,10-EMA=51 | 30-EMA=51 | Above by 23.0% | MA turning=Yes,MonthlyDoubleBottom+MonthlyStage2,Uptrend,True,True,Uptrend,True,Stage2,3,Uptrend,Uptrend,62.25,50.63,36.9,52.91,299.59,434.47,630.07,434.47,597.9,164.2,17.33,5.39,3.3,0.38,4.76,62.0,35.72,,0,none,12.9,16.9,1.2,8.0,-0.11,4.33,,-2.14,29.23,26.63,36.57,45.02,47.74,16.6,1.0,steady compounder (low CV),0.1,,,,,,65.47,0.09,,4.22,-0.29,2.78,0.4,75.8,36.26,17.9,71.7,21.56,7.33,1.19,0.04,2,32.0,26.5,12.0,6.0,76.5,BUY ⭐⭐⭐⭐,Expected ~164% CAGR (2yr) | Revenue CAGR 29% | Profit CAGR 45% | ROCE trend rising ↑ | Low D/E 0.10 | Promoter 65% holding,None identified,1-3 years,Low-Medium,"yfinance, screener.in",80,180,,2026-07-25,2026-06-01,54,46.9,7,13.0
TBZ,Tribhovandas Bhimji Zaveri Limited,Consumer Cyclical,Luxury Goods,1723.0,Small-Cap,MonthlyStage2,Breaking Out,1.0,24,10-EMA=184 | 30-EMA=166 | Above by 59.9% | MA turning=Yes,MonthlyDoubleBottom+MonthlyStage2,Uptrend,True,True,Uptrend,True,Stage2,3,Uptrend,Uptrend,264.9,165.62,111.51,225.16,3204.12,5497.31,9431.73,5497.31,1975.2,355.5,8.51,86.91,2.05,0.12,6.81,87.0,31.04,,0,none,27.1,21.4,2.0,11.0,0.57,6.3,10.94,22.25,10.19,19.0,197.06,71.57,36.26,612.6,0.15,highly inconsistent earnings,1.06,,1.65,,-81.27,-4.72,74.12,0.0,,1.47,1.21,0.0,0.0,274.99,110.5,3.7,139.7,45.58,110.7,2.2,0.48,6,27.0,28.0,13.0,8.0,76.0,BUY ⭐⭐⭐⭐,Expected ~356% CAGR (2yr) | Profit CAGR 72% | ROE 27% | ROCE 21% | ROCE trend rising ↑ | Promoter 74% holding,High D/E 1.1,2-3 years,Medium,"yfinance, screener.in",100,171,,2026-07-25,2026-06-01,54,103.9,7,12.5
TIPSMUSIC,Tips Music Limited,Communication Services,Entertainment,8552.0,Mid-Cap,MonthlyStage2,Stage Change,1.0,24,10-EMA=607 | 30-EMA=547 | Above by 21.2% | MA turning=Yes,MonthlyCupHandle+MonthlyStage2,Sideways-Above-MA,True,False,Uptrend,True,Downtrend,0,Uptrend,Uptrend,663.1,546.9,493.7,563.63,977.57,1443.36,3660.25,1891.6,117.7,47.5,39.38,28.71,32.9,0.42,30.45,239.0,12.62,771.0,3,strong_buy,92.33,,,73.42,,57.72,48.7,32.4,,,93.5,,,92.9,0.5,insufficient history,0.02,,3.12,,174.48,2.04,64.15,0.0,,7.99,0.51,5.36,0.42,726.75,481.15,8.8,37.8,17.66,89.05,0.49,0.28,5,40.0,22.5,9.0,4.0,75.5,BUY ⭐⭐⭐⭐,Expected ~48% CAGR (2yr) | Revenue CAGR 32% | Profit CAGR 94% | ROE 92% | Nearly debt-free | Promoter 64% holding,None identified,1-3 years,Low-Medium,"yfinance, screener.in",70,289,,2026-07-25,2026-06-01,54,1.8,7,-3.0
BORORENEW,Borosil Renewables Limited,Technology,Solar,8500.0,Mid-Cap,MonthlyStage2,Stage Change,1.0,24,10-EMA=543 | 30-EMA=521 | Above by 23.0% | MA turning=Yes,MonthlyCupHandle+MonthlyDoubleBottom+MonthlyStage2,Uptrend,True,False,Tight-Above-MAs,True,Downtrend,0,Uptrend,Uptrend,640.55,520.93,377.0,544.47,1919.47,3666.0,7001.69,3666.0,472.3,139.2,21.42,,5.61,0.24,15.84,0.0,4.0,,0,none,26.1,25.3,0.91,31.0,3.46,23.69,,3.79,5.61,16.21,229.13,90.99,24.99,,0.2,multiple loss years in history,0.11,,,,,,58.78,0.01,,6.14,1.87,2.62,0.29,721.0,374.4,11.2,71.1,17.01,20.42,0.66,0.01,2,34.0,27.5,11.0,3.0,75.5,BUY ⭐⭐⭐⭐,Expected ~139% CAGR (2yr) | Profit CAGR 91% | ROE 26% | ROCE 25% | ROCE trend rising ↑ | Low D/E 0.11,None identified,1-3 years,Low-Medium,"yfinance, screener.in",80,99,,2026-07-25,2026-06-01,54,22.0,7,15.3
DEEPINDS,Deep Industries Limited,Energy,Oil & Gas E&P,3046.0,Small-Cap,MonthlyStage2,Stage Change,0.977,24,10-EMA=452 | 30-EMA=406 | Above by 14.7% | MA turning=Yes,MonthlyCupHandle+MonthlyStage2,Sideways-Above-MA,True,False,Tight-Above-MAs,True,Stage2,1,Uptrend,Uptrend,465.3,405.8,347.1,395.5,692.3,968.32,1354.38,968.32,108.1,44.3,16.92,8.07,1.53,0.42,8.93,64.0,48.84,650.0,1,none,19.4,16.5,2.83,40.0,0.26,20.2,7.42,54.69,37.73,35.65,349.37,39.87,44.75,,0.15,highly inconsistent earnings,0.1,,2.69,,41.62,1.37,63.49,0.0,,1.47,-0.34,1.53,0.4,578.0,330.0,19.5,41.0,-11.97,67.67,0.21,-0.61,7,40.0,25.22,9.0,1.0,75.2,BUY ⭐⭐⭐⭐,Expected ~44% CAGR (2yr) | Revenue CAGR 38% | Profit CAGR 40% | ROCE trend rising ↑ | Nearly debt-free | Promoter 63% holding,None identified,1-3 years,Low-Medium,"yfinance, screener.in",100,64,,2026-07-25,2026-06-01,54,-1.8,7,-3.3
ZYDUSLIFE,Zydus Lifesciences Limited,Healthcare,Drug Manufacturers - Specialty & Generic,114085.0,Large-Cap,MonthlyDoubleBottom,Forming,1.0,8,Sep 8mo | Mid rally 1741% | Asymmetry 1%,MonthlyCupHandle+MonthlyDoubleBottom,Uptrend,True,False,Tight-Above-MAs,True,Stage2,6,Uptrend,Uptrend,1155.0,64.09,3.47,981.75,3573.07,3327.39,6492.65,4816.5,188.1,69.7,22.83,24.25,4.24,0.66,17.46,9.0,63.86,1093.73,31,hold,21.2,21.1,2.14,31.0,2.14,18.57,8.13,16.81,16.35,12.45,9.65,34.8,18.59,8.7,0.15,highly inconsistent earnings,0.42,,1.27,,-906.16,-0.79,75.02,0.02,,6.89,-0.06,11.27,0.07,1181.5,835.5,2.2,38.2,18.63,61.4,0.58,0.4,5,33.0,27.0,9.0,6.0,75.0,BUY ⭐⭐⭐⭐,Expected ~70% CAGR (2yr) | Revenue CAGR 16% | Profit CAGR 35% | ROE 21% | ROCE 21% | ROCE trend rising ↑,Earnings due 2026-08-12 | Pattern still forming (not broken out),2-3 years,Medium,"yfinance, screener.in",100,316,2026-08-12,2026-07-25,2026-06-01,54,13.4,7,-2.0
KERNEX,Kernex Microsystems (India) Limited,Technology,Software - Application,3427.0,Small-Cap,MonthlyStage2,Stage Change,1.0,24,10-EMA=1163 | 30-EMA=944 | Above by 43.5% | MA turning=Yes,MonthlyDoubleBottom+MonthlyStage2,Uptrend,True,False,Tight-Above-MAs,True,Downtrend,0,Uptrend,Uptrend,1354.0,943.72,396.3,1150.9,3619.59,11162.82,34426.13,11162.82,724.4,187.1,38.76,,13.79,0.19,23.9,0.0,0.0,,0,none,43.5,47.8,9.51,35.0,24.6,20.53,15.46,126.32,375.48,88.64,76.0,208.4,,109.5,0.2,multiple loss years in history,0.66,,1.31,,-131.54,-3.84,28.73,-0.12,,2.48,2.18,0.05,0.03,2445.0,850.0,44.6,59.3,21.79,255.02,1.06,0.06,4,34.0,27.5,8.0,5.0,74.5,BUY ⭐⭐⭐⭐,Expected ~187% CAGR (2yr) | Revenue CAGR 375% | Profit CAGR 208% | ROE 44% | ROCE 48% | ROCE trend rising ↑,None identified,2-3 years,Medium,"yfinance, screener.in",100,246,,2026-07-25,2026-06-01,54,0.0,7,-2.0
WABAG,VA Tech Wabag Limited,Industrials,Engineering & Construction,12428.0,Mid-Cap,MonthlyStage2,Stage Change,1.0,24,10-EMA=1607 | 30-EMA=1330 | Above by 61.3% | MA turning=Yes,MonthlyDoubleBottom+MonthlyStage2,Uptrend,True,False,Tight-Above-MAs,True,Stage2,4,Uptrend,Uptrend,2144.6,1329.89,1077.7,1822.91,8672.81,17569.9,90370.54,27995.83,719.3,186.2,28.74,22.23,4.39,0.13,21.86,25.0,100.0,1931.0,7,strong_buy,15.9,21.3,1.74,12.0,1.06,9.39,5.17,19.73,10.04,6.83,25.42,222.8,29.65,28.9,0.15,highly inconsistent earnings,0.09,,1.71,,140.94,1.13,19.09,-0.01,,16.6,-2.37,5.77,1.45,2253.5,1033.0,4.8,107.6,48.39,308.99,1.38,0.74,7,30.0,28.5,8.0,8.0,74.5,BUY ⭐⭐⭐⭐,Expected ~186% CAGR (2yr) | Profit CAGR 223% | ROCE 21% | ROCE trend rising ↑ | Nearly debt-free | Piotroski F=7 (high quality compounder),None identified,2-3 years,Medium,"yfinance, screener.in",100,190,,2026-07-25,2026-06-01,54,54.2,7,2.3
POWERMECH,Power Mech Projects Limited,Industrials,Engineering & Construction,8077.0,Mid-Cap,MonthlyDoubleBottom,Forming,1.0,16,Sep 16mo | Mid rally 120% | Asymmetry 1%,MonthlyDoubleBottom+MonthlyStage2,Sideways-Above-MA,True,False,Constructive,True,Stage2,4,Uptrend,Uptrend,2479.6,3722.33,1681.27,2107.66,5064.29,5763.39,8013.28,6370.37,132.4,52.5,22.17,13.97,3.21,0.86,11.8,5.0,18.56,3180.33,3,buy,15.6,21.8,3.49,12.0,1.54,6.0,7.72,15.82,18.96,26.33,18.39,25.79,25.75,21.6,0.75,consistent growth,0.26,,1.71,,528.1,6.54,58.41,0.0,,6.54,0.06,20.6,0.42,3349.0,1717.7,26.0,44.4,-18.37,24.81,0.52,0.59,7,39.0,21.5,13.0,1.0,74.5,BUY ⭐⭐⭐⭐,Expected ~52% CAGR (2yr) | Revenue CAGR 19% | Profit CAGR 26% | ROCE 22% | ROCE trend rising ↑ | Low D/E 0.26,Pattern still forming (not broken out),2-3 years,Medium,"yfinance, screener.in",100,130,,2026-07-25,2026-06-01,54,0.0,7,4.0
ABB,ABB India Limited,Industrials,Specialty Industrial Machinery,159058.0,Large-Cap,MonthlyStage2,Stage Change,1.0,24,10-EMA=6415 | 30-EMA=5825 | Above by 17.4% | MA turning=Yes,MonthlyCupHandle+MonthlyDoubleBottom+MonthlyStage2,Uptrend,True,False,Uptrend,True,Stage2,4,Uptrend,Uptrend,6836.0,5825.16,4876.16,5810.6,6665.92,13597.53,50921.91,18423.93,98.9,41.0,102.04,73.7,20.3,0.58,81.65,52.0,39.08,6357.93,27,underperform,22.4,29.9,20.0,14.0,2.8,22.26,,-0.83,19.84,,78.48,176.39,,275.8,0.15,highly inconsistent earnings,0.01,,,,,,75.0,0.0,,8.19,0.55,9.28,0.13,7924.5,4637.5,13.7,47.4,38.47,33.17,0.25,0.52,3,35.0,26.5,5.0,8.0,74.5,BUY ⭐⭐⭐⭐,Expected ~41% CAGR (2yr) | Revenue CAGR 20% | Profit CAGR 176% | ROE 22% | ROCE 30% | ROCE trend rising ↑,High PE 102 | Earnings due 2026-07-31,2-3 years,Medium,"yfinance, screener.in",80,289,2026-07-31,2026-07-25,2026-06-01,54,8.0,7,4.1
TPLPLASTEH,TPL Plastech Limited,Consumer Cyclical,Packaging & Containers,621.0,Small-Cap,MonthlyStage2,Breaking Out,1.0,24,10-EMA=72 | 30-EMA=71 | Above by 17.0% | MA turning=Yes,MonthlyCupHandle+MonthlyDoubleBottom+MonthlyStage2,Uptrend,True,False,Uptrend,True,Stage2,3,Uptrend,Uptrend,82.5,70.54,51.5,70.12,216.54,264.01,321.88,264.01,220.0,78.9,21.35,,3.69,0.97,13.17,126.0,35.72,,0,none,18.4,22.3,1.2,11.0,0.03,6.88,10.56,21.2,16.0,14.39,20.83,21.92,21.4,18.0,0.15,highly inconsistent earnings,0.11,,2.08,,27.6,4.44,74.86,0.0,,0.47,-0.03,0.04,0.0,90.33,50.01,8.7,65.0,9.88,85.8,1.88,0.05,7,33.0,28.0,10.0,3.0,74.0,BUY ⭐⭐⭐⭐,Expected ~79% CAGR (2yr) | Revenue CAGR 16% | Profit CAGR 22% | ROCE 22% | ROCE trend rising ↑ | Low D/E 0.11,None identified,2-3 years,Medium,"yfinance, screener.in",100,135,,2026-07-25,2026-06-01,54,29.5,7,7.5
BLSE,BLS E-SERVICES LIMITED,Industrials,Specialty Business Services,2487.0,Small-Cap,MonthlyStage2,Breaking Out,1.0,24,10-EMA=209 | 30-EMA=225 | Above by 17.1% | MA turning=Yes,MonthlyDoubleBottom+MonthlyStage2,Uptrend,True,True,Tight-Above-MAs,True,Stage2,4,Uptrend,Uptrend,263.25,224.78,145.42,223.76,330.89,499.98,755.47,499.98,89.9,37.8,43.28,,4.78,0.85,28.88,55.0,-50.0,,0,none,11.4,17.0,-5.7,7.0,0.43,5.14,5.98,115.41,66.32,77.2,16.95,51.1,87.22,11.7,0.15,highly inconsistent earnings,0.01,,2.85,,39.32,1.58,69.81,0.92,,0.46,-0.53,0.01,-0.1,285.9,124.3,7.9,111.8,51.43,,2.48,0.15,6,29.0,30.0,5.0,10.0,74.0,BUY ⭐⭐⭐⭐,Expected ~38% CAGR (2yr) | Revenue CAGR 66% | Profit CAGR 51% | Nearly debt-free | Promoter 70% holding | Piotroski F=6 (above average quality),None identified,2-3 years,Medium,"yfinance, screener.in",100,30,,2026-07-25,2026-06-01,54,30.9,7,12.7
THYROCARE,Thyrocare Technologies Limited,Healthcare,Diagnostics & Research,8286.0,Mid-Cap,MonthlyDoubleBottom,Forming,1.0,36,Sep 36mo | Mid rally 676% | Asymmetry 6%,,Uptrend,True,False,Uptrend,True,Stage2,6,Uptrend,Uptrend,536.55,967.28,121.16,456.07,753.68,1813.4,1405.52,1029.23,238.0,83.8,51.04,34.99,15.49,1.4,33.53,314.0,5.27,603.0,5,strong_buy,28.4,35.4,-1.57,32.0,-1.43,19.67,17.69,20.67,16.3,10.86,79.12,36.56,7.6,118.6,0.15,highly inconsistent earnings,0.09,,3.39,,171.93,2.07,60.92,0.0,,5.43,0.06,20.92,-0.08,578.25,342.55,7.2,56.6,28.83,186.33,0.15,0.47,5,37.0,26.5,4.0,6.0,73.5,BUY ⭐⭐⭐⭐,Expected ~84% CAGR (2yr) | Revenue CAGR 16% | Profit CAGR 37% | ROE 28% | ROCE 35% | Nearly debt-free,High PE 51 | Margin compression ↓ | Pattern still forming (not broken out),2-3 years,Medium,"yfinance, screener.in",100,123,,2026-07-25,2026-06-01,54,14.0,7,-2.0
EICHERMOT,Eicher Motors Limited,Consumer Cyclical,Auto Manufacturers,207616.0,Large-Cap,MonthlyDoubleBottom,Forming,1.0,43,Sep 43mo | Mid rally 123% | Asymmetry 5%,,Uptrend,True,True,Uptrend,True,Stage2,3,Uptrend,Uptrend,7365.5,3131.16,1371.92,6260.68,11309.41,11575.95,17302.51,13988.61,57.2,25.4,37.74,28.37,8.27,1.59,34.9,108.0,49.38,7956.97,36,buy,24.0,30.5,3.14,25.0,1.11,23.56,10.42,24.05,17.47,21.83,16.5,23.69,32.57,11.6,0.4,lumpy earner,0.02,,1.9,,3151.76,1.52,49.06,0.0,,26.77,-0.24,14.73,0.09,8230.0,5353.0,10.5,37.6,23.15,102.86,0.47,0.28,7,38.0,26.5,3.0,6.0,73.5,BUY ⭐⭐⭐⭐,Expected ~25% CAGR (2yr) | Revenue CAGR 17% | Profit CAGR 24% | ROE 24% | ROCE 30% | ROCE trend rising ↑,Earnings due 2026-07-30 | Pattern still forming (not broken out),2-3 years,Medium,"yfinance, screener.in",100,367,2026-07-30,2026-07-25,2026-06-01,54,7.0,7,1.0
SPARC,Sun Pharma Advanced Research Company Limited,Healthcare,Drug Manufacturers - Specialty & Generic,7633.0,Small-Cap,MonthlyStage2,Stage Change,1.0,24,10-EMA=185 | 30-EMA=185 | Above by 43.4% | MA turning=No,MonthlyDoubleBottom+MonthlyStage2,Uptrend,True,False,Uptrend,True,Stage2,6,Uptrend,Uptrend,264.6,184.51,112.39,224.91,2631.55,3026.29,3480.23,3026.29,1043.7,238.2,4.91,4.25,5.7,,5.12,0.0,,,0,none,279.0,164.0,136.0,85.0,60.7,3967.31,79.22,2509.72,98.84,,552.77,,,,0.2,multiple loss years in history,0.42,,2.47,,-894.95,-11.73,65.68,0.01,,2.48,0.44,0.1,-0.78,289.0,108.0,8.4,145.0,89.78,-22.65,0.59,0.54,5,32.0,26.5,8.0,7.0,73.5,BUY ⭐⭐⭐⭐,Expected ~238% CAGR (2yr) | Revenue CAGR 99% | ROE 279% | ROCE 164% | ROCE trend rising ↑ | Promoter 66% holding,None identified,2-3 years,Medium,"yfinance, screener.in",90,283,,2026-07-25,2026-06-01,54,47.2,7,1.5
LLOYDSME,Lloyds Metals and Energy Limited,Basic Materials,Steel,104962.0,Large-Cap,MonthlyCupHandle,Forming,0.572,12,Cup 12mo | Depth 19% | Prior gain 117% | R²=0.67,MonthlyAscTriangle+MonthlyCupHandle,Uptrend,True,False,Tight-Above-MAs,True,Stage2,1,Uptrend,Uptrend,1664.5,1657.23,1347.5,1414.83,4394.91,9757.69,50951.73,14964.24,486.2,142.1,27.85,12.31,7.57,0.12,20.02,5.0,0.0,1947.86,7,buy,36.6,27.3,3.17,36.0,5.31,21.48,13.75,154.62,72.17,132.66,163.16,240.49,353.33,585.3,0.15,highly inconsistent earnings,1.45,,0.81,,-7270.92,-6.93,61.63,-0.02,,1.85,-0.41,2.18,0.47,1888.6,1042.9,11.9,59.6,12.48,,0.88,0.12,5,36.0,22.36,9.0,6.0,73.4,BUY ⭐⭐⭐⭐,Expected ~142% CAGR (2yr) | Revenue CAGR 72% | Profit CAGR 240% | ROE 37% | ROCE 27% | ROCE trend rising ↑,High D/E 1.5 | Pattern still forming (not broken out),2-3 years,Medium,"yfinance, screener.in",100,35,,2026-07-25,2026-06-01,54,0.0,7,1.0
GOKULAGRO,Gokul Agro Resources Limited,Consumer Defensive,Packaged Foods,6248.0,Small-Cap,MonthlyDoubleBottom,Forming,0.42,10,Sep 10mo | Mid rally 42% | Asymmetry 0%,,Sideways-Above-MA,True,False,Constructive,False,Stage2,15,Uptrend,Uptrend,217.71,67.5,47.4,185.05,1004.47,1414.99,1993.3,1414.99,549.9,154.9,16.93,,4.4,0.41,9.12,0.0,,,0,none,30.0,36.7,2.09,3.0,0.23,1.54,8.6,23.15,30.88,23.53,50.0,40.87,52.32,144.8,0.15,highly inconsistent earnings,0.41,,1.23,,420.05,6.72,74.24,0.0,,1.87,0.36,0.11,0.02,249.92,142.5,12.9,52.8,34.32,272.1,0.11,-0.08,5,40.0,14.04,12.0,7.0,73.0,BUY ⭐⭐⭐⭐,Expected ~155% CAGR (2yr) | Revenue CAGR 31% | Profit CAGR 41% | ROE 30% | ROCE 37% | ROCE trend rising ↑,Pattern still forming (not broken out),2-3 years,Medium,"yfinance, screener.in",100,125,,2026-07-25,2026-06-01,54,-8.1,7,-7.0
SCPL,Sheetal Cool Products Limited,Consumer Defensive,Packaged Foods,515.0,Small-Cap,MonthlyStage2,Breaking Out,1.0,24,10-EMA=380 | 30-EMA=368 | Above by 29.7% | MA turning=No,,Uptrend,True,False,Uptrend,True,Stage2,15,Uptrend,Uptrend,477.45,368.21,212.71,405.83,2182.53,3764.86,6494.38,3764.86,688.5,180.8,26.89,,3.28,0.37,13.46,,,,0,none,13.27,,,9.98,,5.21,8.01,60.2,,,72.5,,,72.4,0.5,insufficient history,0.32,,2.65,,-12.14,-2.36,70.08,3.01,,0.02,0.02,0.1,0.1,594.85,190.03,19.7,151.2,97.3,-7.49,2.01,-0.06,4,26.0,28.0,12.0,7.0,73.0,BUY ⭐⭐⭐⭐,Expected ~181% CAGR (2yr) | Revenue CAGR 60% | Profit CAGR 72% | Promoter 70% holding | Promoters buying ↑ | PEG 0.37 — deeply undervalued,None identified,2-3 years,Medium,"yfinance, screener.in",70,45,,2026-07-25,2026-07-01,24,-8.5,3,0.5
AJANTPHARM,Ajanta Pharma Limited,Healthcare,Drug Manufacturers - Specialty & Generic,42720.0,Large-Cap,MonthlyCupHandle,Forming,0.9,22,Cup 22mo | Depth 25% | Prior gain 76% | R²=0.97,MonthlyCupHandle+MonthlyDoubleBottom,Uptrend,True,True,Tight-Above-MAs,True,Stage2,6,Uptrend,Uptrend,3348.6,3433.6,2558.14,2846.31,4602.01,4693.56,6799.2,5593.75,40.2,18.4,40.49,30.04,9.44,1.88,28.25,164.0,58.74,3343.29,14,strong_buy,27.1,34.5,0.94,28.0,-0.91,19.37,14.82,17.32,13.36,13.54,14.78,21.55,10.06,18.4,0.15,highly inconsistent earnings,0.06,,2.64,,0.87,0.0,63.49,-2.76,,7.68,-0.58,21.8,3.44,3506.9,2329.9,4.5,43.7,37.57,77.33,0.28,0.18,6,34.0,26.8,2.0,10.0,72.8,BUY ⭐⭐⭐⭐,Expected ~18% CAGR (2yr) | Profit CAGR 22% | ROE 27% | ROCE 34% | ROCE trend rising ↑ | Nearly debt-free,Margin compression ↓ | Pattern still forming (not broken out),2-3 years,Medium,"yfinance, screener.in",100,289,,2026-07-25,2026-06-01,54,3.1,7,1.9
FIEMIND,Fiem Industries Limited,Consumer Cyclical,Auto Parts,5980.0,Small-Cap,MonthlyDoubleBottom,Forming,1.0,38,Sep 38mo | Mid rally 218% | Asymmetry 5%,,Uptrend,True,False,Tight-Above-MAs,True,Stage2,3,Uptrend,Uptrend,2249.9,640.59,196.92,1912.41,5420.15,5084.25,8104.42,6627.75,126.0,50.3,23.42,17.16,4.92,1.05,14.92,176.0,44.22,2769.0,3,strong_buy,22.6,29.3,3.03,14.0,0.51,9.15,12.93,16.22,15.07,18.19,24.88,22.28,40.36,20.7,0.4,lumpy earner,0.05,,2.61,,-25.95,-0.43,54.51,0.0,,7.03,0.17,11.6,0.2,2555.3,1794.0,12.0,25.4,8.0,117.9,0.15,0.48,6,31.0,28.5,10.0,3.0,72.5,BUY ⭐⭐⭐⭐,Expected ~50% CAGR (2yr) | Revenue CAGR 15% | Profit CAGR 22% | ROE 23% | ROCE 29% | ROCE trend rising ↑,Pattern still forming (not broken out),2-3 years,Medium,"yfinance, screener.in",100,238,,2026-07-25,2026-06-01,54,3.7,7,-3.0
GPTINFRA,GPT Infraprojects Limited,Industrials,Engineering & Construction,1468.0,Small-Cap,MonthlyStage2,Stage Change,1.0,24,10-EMA=117 | 30-EMA=107 | Above by 15.9% | MA turning=Yes,MonthlyCupHandle+MonthlyStage2,Uptrend,True,False,Tight-Above-MAs,True,Stage2,4,Uptrend,Uptrend,123.87,106.87,89.91,105.29,437.18,646.45,955.91,646.45,421.9,128.4,15.08,,2.44,0.32,9.93,344.0,0.0,,0,none,17.3,21.4,1.91,14.0,-0.06,7.54,8.19,8.59,16.83,16.2,31.08,47.87,37.14,31.5,0.4,lumpy earner,0.5,,1.59,,-62.06,-4.23,69.37,0.0,,2.72,0.14,7.03,-0.07,150.0,96.22,17.4,28.7,13.75,197.84,0.14,-0.12,5,29.0,28.5,12.0,3.0,72.5,BUY ⭐⭐⭐⭐,Expected ~128% CAGR (2yr) | Revenue CAGR 17% | Profit CAGR 48% | ROCE 21% | ROCE trend rising ↑ | Promoter 69% holding,None identified,2-3 years,Medium,"yfinance, screener.in",100,121,,2026-07-25,2026-06-01,54,5.7,7,2.8
ZENTEC,Zen Technologies Limited,Industrials,Aerospace & Defense,15916.0,Mid-Cap,MonthlyStage2,Stage Change,1.0,24,10-EMA=1604 | 30-EMA=1405 | Above by 30.4% | MA turning=Yes,MonthlyCupHandle+MonthlyDoubleBottom+MonthlyStage2,Uptrend,True,False,Tight-Above-MAs,True,Stage2,4,Uptrend,Uptrend,1832.1,1404.65,1043.83,1557.28,1314.55,1992.55,3508.5,2147.58,8.8,4.3,81.97,33.79,8.86,1.29,63.25,6.0,171.44,1760.0,6,buy,10.7,16.2,5.51,36.0,6.11,28.13,6.62,-29.36,46.46,65.75,-27.09,63.37,135.65,-68.8,0.15,highly inconsistent earnings,0.01,,8.86,,374.0,2.35,48.51,0.0,,6.47,0.48,10.42,0.36,2024.0,1223.0,9.5,49.8,26.6,92.74,0.6,0.04,6,35.0,28.5,3.0,6.0,72.5,BUY ⭐⭐⭐⭐,Expected ~4% CAGR (2yr) | Revenue CAGR 46% | Profit CAGR 63% | ROCE trend rising ↑ | Nearly debt-free | OPM 36%,High PE 82,2-3 years,Medium,"yfinance, screener.in",100,137,,2026-07-25,2026-06-01,54,17.1,7,4.0
HONASA,Honasa Consumer Limited,Consumer Defensive,Household & Personal Products,15224.0,Mid-Cap,MonthlyStage2,Stage Change,1.0,24,10-EMA=369 | 30-EMA=350 | Above by 35.9% | MA turning=Yes,,Uptrend,True,False,Tight-Above-MAs,True,Stage2,15,Uptrend,Uptrend,476.0,350.13,215.43,404.6,1135.3,1840.05,6684.0,2754.7,286.6,96.6,76.3,48.96,10.74,0.53,73.05,0.0,,468.07,14,buy,15.7,19.2,3.3,10.0,43.17,8.36,6.17,15.72,17.01,39.06,173.97,142.64,,177.0,0.2,multiple loss years in history,0.1,,1.69,,159.64,1.05,35.47,-0.07,,13.64,-0.1,21.58,2.34,491.35,248.4,3.1,91.6,63.39,,0.35,0.61,7,29.0,28.5,5.0,10.0,72.5,BUY ⭐⭐⭐⭐,Expected ~97% CAGR (2yr) | Revenue CAGR 17% | Profit CAGR 143% | ROCE trend rising ↑ | Nearly debt-free | Piotroski F=7 (high quality compounder),High PE 76,2-3 years,Medium,"yfinance, screener.in",100,33,,2026-07-25,2026-06-01,54,34.3,7,5.1
JSLL,JEENA SIKHO LIFECARE LTD,Healthcare,Medical Care Facilities,7031.0,Small-Cap,MonthlyDoubleBottom,Forming,1.0,27,Sep 27mo | Mid rally 354% | Asymmetry 6%,,Downtrend,False,False,Below-MAs,True,Stage2,6,Uptrend,Uptrend,654.35,2495.23,534.4,556.2,2946.55,8022.26,21841.42,8022.26,1126.0,250.1,31.74,14.85,15.06,0.18,19.91,19.0,31.58,1000.0,1,none,61.3,64.1,12.0,44.0,10.4,27.68,37.62,70.79,75.97,,177.5,172.26,,78.1,1.0,steady compounder (low CV),0.27,,3.25,,213.96,3.04,63.62,0.0,,6.17,-0.14,0.46,0.35,849.5,492.0,23.0,33.0,61.38,125.56,1.45,1.05,7,40.0,16.5,10.0,6.0,72.5,BUY ⭐⭐⭐⭐,Expected ~250% CAGR (2yr) | Revenue CAGR 76% | Profit CAGR 172% | ROE 61% | ROCE 64% | ROCE trend rising ↑,Pattern still forming (not broken out),2-3 years,Medium,"yfinance, screener.in",100,49,,2026-07-25,2026-06-01,54,0.0,7,6.0
SJS,S.J.S. Enterprises Limited,Consumer Cyclical,Auto Parts,6962.0,Small-Cap,None,,0.0,0,,,Uptrend,True,False,Tight-Above-MAs,True,Stage2,3,Uptrend,Uptrend,2170.2,,,1844.67,3876.86,4130.65,7269.04,5308.58,90.3,38.0,40.98,27.34,8.02,1.11,25.49,16.0,40.0,2363.75,4,strong_buy,22.0,28.6,2.5,28.0,0.5,17.87,13.65,25.66,30.17,,44.54,36.93,,45.1,1.0,steady compounder (low CV),0.03,,2.95,,124.49,1.79,20.15,-1.0,,14.67,-1.01,34.04,2.95,2288.9,1131.3,5.2,91.8,68.48,192.3,,0.44,7,40.0,15.0,7.0,10.0,72.0,BUY ⭐⭐⭐⭐,Expected ~38% CAGR (2yr) | Revenue CAGR 30% | Profit CAGR 37% | ROE 22% | ROCE 29% | ROCE trend rising ↑,None identified,2-3 years,Medium,"yfinance, screener.in",100,57,,2026-07-25,2026-06-01,54,9.5,7,-1.0
MONARCH,Monarch Networth Capital Limited,Financial Services,Capital Markets,2859.0,Small-Cap,MonthlyDoubleBottom,Forming,1.0,21,Sep 21mo | Mid rally 116% | Asymmetry 4%,MonthlyDoubleBottom+MonthlyStage2,Sideways-Above-MA,True,True,Constructive,True,Stage2,12,Uptrend,Uptrend,312.45,497.5,225.65,265.58,689.68,1113.56,1797.96,1113.56,256.4,88.8,15.8,,2.94,0.26,,28.0,25.99,,0,none,20.5,27.7,-2.71,69.0,6.14,49.44,12.91,13.41,31.93,29.28,21.48,61.46,49.79,84.3,0.15,highly inconsistent earnings,0.04,,2.21,,,,53.83,-0.03,,2.77,1.3,0.15,0.0,398.8,235.45,21.7,32.7,-0.03,136.24,0.69,0.12,5,40.0,22.0,8.0,2.0,72.0,BUY ⭐⭐⭐⭐,Expected ~89% CAGR (2yr) | Revenue CAGR 32% | Profit CAGR 61% | ROE 20% | ROCE 28% | Nearly debt-free,Pattern still forming (not broken out),2-3 years,Medium,"yfinance, screener.in",90,53,,2026-07-25,2026-06-01,54,0.0,7,2.0
SKMEGGPROD,,Consumer Defensive,Packaged Foods,0.0,Micro-Cap,MonthlyDoubleBottom,Forming,1.0,22,Sep 22mo | Mid rally 174% | Asymmetry 3%,,Uptrend,True,True,Tight-Above-MAs,True,Stage2,15,Uptrend,Uptrend,352.95,64.65,23.29,300.01,980.94,1089.04,1209.05,1089.04,208.6,75.7,16.18,,,1.47,10.1,24.0,44.22,,0,none,29.7,30.0,2.49,21.0,1.8,13.51,17.0,54.22,5.08,23.35,197.14,11.02,45.41,414.4,0.15,highly inconsistent earnings,0.36,,2.86,,16.81,,57.47,0.0,,1.29,0.8,0.21,-0.15,372.0,142.5,5.1,147.7,91.68,22.3,0.72,-0.14,6,28.0,28.0,8.0,8.0,72.0,BUY ⭐⭐⭐⭐,Expected ~76% CAGR (2yr) | ROE 30% | ROCE 30% | ROCE trend rising ↑ | Promoter 57% holding | Piotroski F=6 (above average quality),Pattern still forming (not broken out),2-3 years,Medium,"yfinance, screener.in",90,289,,2026-07-25,2026-06-01,54,80.9,7,4.0
SOLARINDS,Solar Industries India Limited,Basic Materials,Specialty Chemicals,167108.0,Large-Cap,MonthlyCupHandle,Forming,0.843,13,Cup 13mo | Depth 27% | Prior gain 32% | R²=0.98,MonthlyCupHandle+MonthlyDoubleBottom,Uptrend,True,False,Tight-Above-MAs,True,Stage2,1,Uptrend,Uptrend,18542.0,18875.33,13845.0,15760.7,5162.54,23905.66,8577.66,6654.51,28.9,13.5,100.0,55.44,26.62,3.46,64.2,6.0,10.06,19375.62,13,buy,31.5,36.8,3.57,27.0,1.83,17.05,15.45,30.48,12.45,31.35,34.86,28.9,43.25,70.0,0.4,lumpy earner,0.23,,2.06,,-1315.16,-0.79,73.15,0.0,,6.39,-0.2,13.36,0.47,18972.0,11646.0,2.3,59.2,35.31,258.02,0.43,0.2,6,36.0,25.62,0.0,10.0,71.6,BUY ⭐⭐⭐⭐,Expected ~14% CAGR (2yr) | Profit CAGR 29% | ROE 32% | ROCE 37% | ROCE trend rising ↑ | Low D/E 0.23,High PE 100 | Earnings due 2026-08-06 | Pattern still forming (not broken out),2-3 years,Medium,"yfinance, screener.in",100,244,2026-08-06,2026-07-25,2026-06-01,54,2.4,7,8.0
WELCORP,Welspun Corp Limited,Basic Materials,Steel,41705.0,Large-Cap,MonthlyDoubleBottom,Forming,1.0,48,Sep 48mo | Mid rally 1092% | Asymmetry 0%,,Uptrend,True,True,Uptrend,True,Stage2,1,Uptrend,Uptrend,1697.2,430.46,36.1,1442.62,2853.86,4087.99,11549.38,5741.1,140.9,55.2,25.84,17.22,5.1,0.26,17.71,32.0,0.0,1608.33,6,strong_buy,19.4,22.9,1.51,13.0,0.83,9.62,6.91,19.97,19.78,18.58,-14.83,101.17,14.39,-47.0,0.15,highly inconsistent earnings,0.25,,1.33,,186.57,0.45,49.73,0.0,,11.23,-0.22,21.49,0.94,1698.8,710.0,0.1,139.0,102.37,400.29,1.1,0.48,6,30.0,26.5,7.0,8.0,71.5,BUY ⭐⭐⭐⭐,Expected ~55% CAGR (2yr) | Revenue CAGR 20% | Profit CAGR 101% | ROCE 23% | ROCE trend rising ↑ | Low D/E 0.25,Pattern still forming (not broken out),2-3 years,Medium,"yfinance, screener.in",100,314,,2026-07-25,2026-06-01,54,32.5,7,-6.0
HINDCOPPER,Hindustan Copper Limited,Basic Materials,Copper,47012.0,Large-Cap,MonthlyStage2,Stage Change,1.0,24,10-EMA=476 | 30-EMA=365 | Above by 35.8% | MA turning=Yes,MonthlyDoubleBottom+MonthlyStage2,Sideways-Above-MA,True,False,Constructive,False,Stage2,1,Uptrend,Uptrend,495.4,364.84,200.96,421.09,304.75,528.72,650.06,445.09,6.7,3.3,51.28,24.07,14.08,1.11,31.71,51.0,2.82,715.0,1,strong_buy,32.9,42.5,5.66,48.0,4.34,29.84,19.92,48.62,22.44,11.49,97.63,46.05,52.89,137.4,0.15,highly inconsistent earnings,0.03,,1.68,,864.71,1.84,66.14,0.0,,5.96,-0.38,4.84,-0.55,760.05,226.7,34.8,118.5,117.84,191.85,0.08,1.42,7,40.0,22.5,3.0,6.0,71.5,BUY ⭐⭐⭐⭐,Expected ~3% CAGR (2yr) | Revenue CAGR 22% | Profit CAGR 46% | ROE 33% | ROCE 42% | ROCE trend rising ↑,High PE 51,2-3 years,Medium,"yfinance, screener.in",100,199,,2026-07-25,2026-06-01,54,-13.0,7,-4.0
MAYURUNIQ,Mayur Uniquoters Limited,Consumer Cyclical,Textile Manufacturing,3412.0,Small-Cap,MonthlyStage2,Stage Change,1.0,24,10-EMA=541 | 30-EMA=526 | Above by 17.7% | MA turning=Yes,MonthlyDoubleBottom+MonthlyStage2,Uptrend,True,False,Uptrend,True,Stage2,3,Uptrend,Uptrend,619.4,526.3,456.31,526.49,1978.54,1816.24,2977.29,2427.07,193.2,71.2,17.79,12.92,3.01,0.78,13.47,64.0,35.72,900.0,3,buy,18.4,24.7,1.26,24.0,0.31,19.83,11.08,9.89,7.61,13.52,28.86,22.67,16.36,43.2,0.4,lumpy earner,0.01,,7.46,,-11.45,-0.34,58.77,0.0,,4.78,1.1,3.13,-0.52,907.0,471.2,31.7,31.5,19.34,-1.46,1.21,0.36,5,27.0,26.5,14.0,4.0,71.5,BUY ⭐⭐⭐⭐,Expected ~71% CAGR (2yr) | Profit CAGR 23% | ROCE 25% | ROCE trend rising ↑ | Nearly debt-free | Promoter 59% holding,None identified,2-3 years,Medium,"yfinance, screener.in",100,165,,2026-07-25,2026-06-01,54,0.0,7,1.0
THANGAMAYL,Thangamayil Jewellery Limited,Consumer Cyclical,Luxury Goods,20004.0,Mid-Cap,MonthlyDoubleBottom,Forming,0.991,8,Sep 8mo | Mid rally 109% | Asymmetry 10%,,Uptrend,True,True,Tight-Above-MAs,True,Stage2,3,Uptrend,Uptrend,6671.5,230.34,105.16,5670.77,31765.36,88223.88,645824.17,143230.02,1222.4,263.6,56.82,41.6,14.13,0.16,37.62,28.0,37.16,5714.67,3,buy,27.93,,,7.28,,4.14,10.33,105.6,,,350.9,,,354.3,0.5,insufficient history,0.65,,1.54,,-47.18,-0.24,61.61,0.0,,5.54,1.17,16.43,-0.98,7165.0,1750.1,6.9,281.2,196.7,420.3,1.02,0.5,4,29.0,26.89,7.0,8.0,70.9,BUY ⭐⭐⭐⭐,Expected ~264% CAGR (2yr) | Revenue CAGR 106% | Profit CAGR 351% | ROE 28% | Promoter 62% holding | FII buying +1.2% ↑,High PE 57 | Pattern still forming (not broken out),2-3 years,Medium,"yfinance, screener.in",70,198,,2026-07-25,2026-06-01,54,82.6,7,-11.0
MOTHERSON,Samvardhana Motherson International Limited,Consumer Cyclical,Auto Parts,151829.0,Large-Cap,MonthlyDoubleBottom,Forming,1.0,42,Sep 42mo | Mid rally 191% | Asymmetry 3%,MonthlyCupHandle+MonthlyDoubleBottom,Uptrend,True,False,Tight-Above-MAs,True,Stage2,3,Uptrend,Uptrend,131.49,65.07,21.99,111.77,235.59,252.53,427.77,317.45,92.1,38.6,39.39,21.85,3.71,1.13,15.15,35.0,11.46,155.14,21,buy,11.2,13.4,1.83,10.0,0.49,3.08,4.24,10.95,17.02,17.06,-1.45,34.75,21.1,42.5,0.15,highly inconsistent earnings,0.44,,1.06,,3707.91,2.44,48.6,0.0,,12.87,0.42,20.59,-0.49,155.25,89.7,15.3,46.6,35.8,112.19,0.55,1.02,6,24.0,28.5,10.0,8.0,70.5,BUY ⭐⭐⭐⭐,Expected ~39% CAGR (2yr) | Revenue CAGR 17% | Profit CAGR 35% | ROCE trend rising ↑ | Piotroski F=6 (above average quality) | Dividend growing 11%/yr,Earnings due 2026-08-13 | Pattern still forming (not broken out),2-3 years,Medium,"yfinance, screener.in",100,287,2026-08-13,2026-07-25,2026-06-01,54,0.0,7,-1.0
ENGINERSIN,Engineers India Limited,Industrials,Engineering & Construction,12795.0,Mid-Cap,MonthlyStage2,Stage Change,1.0,24,10-EMA=220 | 30-EMA=194 | Above by 23.3% | MA turning=Yes,MonthlyCupHandle+MonthlyDoubleBottom+MonthlyStage2,Sideways-Above-MA,True,False,Constructive,False,Stage2,4,Uptrend,Uptrend,239.64,194.37,145.07,203.69,586.76,551.48,931.4,739.26,130.1,51.7,18.52,14.78,4.08,0.71,16.38,132.0,-20.63,269.8,5,strong_buy,23.8,30.6,0.8,18.0,1.43,17.61,7.34,27.2,5.66,4.55,19.31,25.99,22.68,-30.1,0.15,highly inconsistent earnings,0.01,,1.3,,178.13,1.39,51.32,0.0,,9.17,-0.49,14.22,2.03,267.0,163.55,10.2,46.5,24.47,38.25,0.2,0.9,5,33.0,22.5,9.0,6.0,70.5,BUY ⭐⭐⭐⭐,Expected ~52% CAGR (2yr) | Profit CAGR 26% | ROE 24% | ROCE 31% | ROCE trend rising ↑ | Nearly debt-free,None identified,2-3 years,Medium,"yfinance, screener.in",100,347,,2026-07-25,2026-06-01,54,-2.2,7,1.0
TALBROAUTO,Talbros Automotive Components Limited,Consumer Cyclical,Auto Parts,2501.0,Small-Cap,MonthlyStage2,Stage Change,1.0,24,10-EMA=329 | 30-EMA=283 | Above by 40.3% | MA turning=Yes,MonthlyDoubleBottom+MonthlyStage2,Uptrend,True,False,Tight-Above-MAs,True,Stage2,3,Uptrend,Uptrend,396.5,282.52,215.33,337.02,941.85,1157.72,1423.07,1157.72,192.0,70.9,24.04,,3.37,1.05,18.09,19.0,11.87,,0,none,15.1,18.6,1.0,16.0,0.74,11.97,6.38,5.2,10.38,14.4,10.64,22.92,21.67,18.9,0.15,highly inconsistent earnings,0.11,,1.96,,20.53,0.82,58.43,0.0,,1.27,0.78,0.18,0.09,435.0,219.9,8.9,80.3,54.03,65.26,0.52,0.33,7,27.0,28.5,7.0,8.0,70.5,BUY ⭐⭐⭐⭐,Expected ~71% CAGR (2yr) | Profit CAGR 23% | ROCE trend rising ↑ | Low D/E 0.11 | Promoter 58% holding | Piotroski F=7 (high quality compounder),None identified,2-3 years,Medium,"yfinance, screener.in",100,239,,2026-07-25,2026-06-01,54,20.0,7,2.0
SKIPPER,Skipper Limited,Industrials,Engineering & Construction,6083.0,Small-Cap,MonthlyStage2,Stage Change,1.0,24,10-EMA=484 | 30-EMA=421 | Above by 32.7% | MA turning=Yes,MonthlyDoubleBottom+MonthlyStage2,Uptrend,True,False,Uptrend,True,Stage2,4,Uptrend,Uptrend,558.3,420.74,334.35,474.55,1272.48,2301.53,4162.78,2301.53,312.2,103.0,28.57,17.61,4.05,0.35,12.15,2.0,0.78,565.0,2,none,16.5,23.3,3.46,10.0,0.14,3.84,7.77,20.09,41.02,28.55,42.95,80.87,58.94,62.9,0.4,lumpy earner,0.64,,1.3,,-309.44,-5.09,66.5,0.0,,4.11,-1.96,1.92,0.26,593.0,327.05,5.9,70.7,9.76,137.07,0.59,0.64,5,29.0,26.5,12.0,3.0,70.5,BUY ⭐⭐⭐⭐,Expected ~103% CAGR (2yr) | Revenue CAGR 41% | Profit CAGR 81% | ROCE 23% | ROCE trend rising ↑ | Promoter 66% holding,None identified,2-3 years,Medium,"yfinance, screener.in",100,135,,2026-07-25,2026-06-01,54,19.6,7,3.0
SUPRIYA,Supriya Lifescience Limited,Healthcare,Biotechnology,6670.0,Small-Cap,MonthlyStage2,Stage Change,1.0,24,10-EMA=795 | 30-EMA=661 | Above by 30.1% | MA turning=Yes,MonthlyDoubleBottom+MonthlyStage2,Sideways-Above-MA,True,False,Constructive,False,Stage2,6,Uptrend,Uptrend,860.3,661.24,544.21,731.25,2080.41,3051.96,4477.23,3051.96,254.8,88.3,31.85,20.82,5.57,0.68,22.44,12.0,18.56,940.0,2,strong_buy,19.06,,,32.23,,25.26,13.45,50.2,,,46.7,,,47.3,0.5,insufficient history,0.01,,4.4,,-15.58,-0.23,68.3,0.0,,6.18,1.02,5.3,-0.4,1085.0,545.5,20.7,57.7,32.89,182.86,0.95,0.63,4,33.0,22.5,8.0,7.0,70.5,BUY ⭐⭐⭐⭐,Expected ~88% CAGR (2yr) | Revenue CAGR 50% | Profit CAGR 47% | Nearly debt-free | Promoter 68% holding | OPM 32%,None identified,2-3 years,Medium,"yfinance, screener.in",70,56,,2026-07-25,2026-06-01,54,19.4,7,4.0
ASTRAMICRO,Astra Microwave Products Limited,Technology,Communication Equipment,16338.0,Mid-Cap,MonthlyDoubleBottom,Forming,1.0,34,Sep 34mo | Mid rally 178% | Asymmetry 8%,,Uptrend,True,False,Tight-Above-MAs,True,Downtrend,0,Uptrend,Uptrend,1803.7,54.67,18.86,1533.14,1002.98,1426.73,1972.03,1406.38,,,84.73,53.23,12.43,2.11,49.07,13.0,16.26,1457.25,8,buy,16.0,20.2,2.17,29.0,3.71,16.59,9.44,10.66,12.54,12.65,25.32,40.22,46.09,44.2,0.4,lumpy earner,0.22,,3.13,,306.21,1.87,6.54,0.0,,10.74,3.18,16.09,0.67,1871.0,851.0,3.6,112.0,77.42,333.71,0.5,0.5,7,36.0,27.5,-1.0,8.0,70.5,BUY ⭐⭐⭐⭐,Profit CAGR 40% | ROCE 20% | ROCE trend rising ↑ | Low D/E 0.22 | OPM 29% | Piotroski F=7 (high quality compounder),High PE 85 | Pattern still forming (not broken out),2-3 years,Medium,"yfinance, screener.in",100,261,,2026-07-25,2026-06-01,54,65.1,7,6.0
VARROC,Varroc Engineering Limited,Consumer Cyclical,Auto Parts,9904.0,Mid-Cap,MonthlyStage2,Stage Change,1.0,24,10-EMA=583 | 30-EMA=539 | Above by 23.7% | MA turning=Yes,MonthlyDoubleBottom+MonthlyStage2,Uptrend,True,False,Tight-Above-MAs,True,Stage2,3,Uptrend,Uptrend,666.8,539.07,421.09,566.78,3857.05,10089.88,69609.0,16385.53,1413.2,289.0,44.07,19.46,5.56,0.14,12.69,23.0,30.0,646.4,5,hold,15.2,19.0,3.83,9.0,0.54,2.53,6.61,9.03,8.86,15.24,228.57,324.82,-12.6,236.9,0.2,multiple loss years in history,0.51,,0.88,,296.92,3.0,75.0,0.0,,4.29,-0.16,11.18,-0.17,694.7,462.0,4.0,44.3,25.91,32.27,0.4,0.3,5,24.0,28.5,12.0,6.0,70.5,BUY ⭐⭐⭐⭐,Expected ~289% CAGR (2yr) | Profit CAGR 325% | ROCE trend rising ↑ | Promoter 75% holding | Piotroski F=5 (above average quality) | Dividend growing 30%/yr,None identified,2-3 years,Medium,"yfinance, screener.in",100,97,,2026-07-25,2026-06-01,54,19.0,7,12.3
SENCO,Senco Gold Limited,Consumer Cyclical,Luxury Goods,5973.0,Small-Cap,MonthlyStage2,Stage Change,0.525,24,10-EMA=337 | 30-EMA=349 | Above by 7.9% | MA turning=Yes,MonthlyDoubleBottom+MonthlyStage2,Uptrend,True,True,Uptrend,True,Stage2,3,Uptrend,Uptrend,377.0,349.47,271.02,320.45,3345.26,3276.67,7905.82,5142.67,769.1,194.8,10.39,14.74,2.37,0.19,8.41,48.0,14.47,477.67,6,buy,25.6,20.9,-0.29,11.0,0.37,6.81,9.39,33.22,27.4,25.95,261.01,53.73,56.57,151.3,0.15,highly inconsistent earnings,1.07,,1.54,,-224.74,-3.76,64.49,0.02,,7.6,-0.61,12.61,0.53,404.85,276.0,6.9,36.6,3.47,60.82,0.93,0.5,4,30.0,20.8,16.0,3.0,69.8,ACCUMULATE ⭐⭐⭐,Expected ~195% CAGR (2yr) | Revenue CAGR 27% | Profit CAGR 54% | ROE 26% | ROCE 21% | Promoter 64% holding,High D/E 1.1,2-3 years,Medium,"yfinance, screener.in",100,37,,2026-07-25,2026-06-01,54,12.5,7,8.9
ASHAPURMIN,Ashapura Minechem Limited,Basic Materials,Other Industrial Metals & Mining,6588.0,Small-Cap,MonthlyDoubleBottom,Forming,1.0,13,Sep 13mo | Mid rally 127% | Asymmetry 0%,,Uptrend,True,False,Uptrend,True,Stage2,1,Uptrend,Uptrend,646.35,41.64,18.35,549.4,1324.68,2063.84,3215.47,2063.84,219.3,78.7,16.42,,3.99,0.29,11.43,15.0,25.99,,0,none,28.0,20.7,1.34,11.0,0.51,7.66,7.84,91.2,41.95,35.47,43.94,55.8,36.75,28.0,0.15,highly inconsistent earnings,0.88,,1.36,,-76.18,-1.16,48.04,0.01,,19.22,-0.28,0.4,0.07,924.9,455.1,30.1,42.0,26.35,159.28,0.15,0.66,5,32.0,25.5,8.0,4.0,69.5,ACCUMULATE ⭐⭐⭐,Expected ~79% CAGR (2yr) | Revenue CAGR 42% | Profit CAGR 56% | ROE 28% | ROCE 21% | ROCE trend rising ↑,Pattern still forming (not broken out),2-3 years,Medium,"yfinance, screener.in",100,367,,2026-07-25,2026-06-01,54,1.3,7,1.0
NMDC,NMDC Limited,Basic Materials,Steel,73166.0,Large-Cap,MonthlyDoubleBottom,Forming,1.0,30,Sep 30mo | Mid rally 140% | Asymmetry 1%,,Uptrend,True,False,Tight-Above-MAs,True,Stage2,1,Uptrend,Uptrend,89.02,21.51,8.94,75.67,215.23,177.61,260.34,236.71,99.5,41.3,9.83,8.12,2.14,0.98,7.35,421.0,4.35,88.95,21,hold,23.4,27.6,-1.94,29.0,-5.29,23.23,12.29,34.15,21.99,15.85,14.26,9.98,3.49,37.2,0.15,highly inconsistent earnings,0.19,,2.43,,-1396.04,-1.91,60.79,0.0,,13.59,-0.01,13.8,0.04,97.49,68.19,8.7,30.5,40.59,168.73,0.5,0.62,4,23.0,28.5,10.0,8.0,69.5,ACCUMULATE ⭐⭐⭐,Expected ~41% CAGR (2yr) | Revenue CAGR 22% | ROE 23% | ROCE 28% | Low D/E 0.19 | Promoter 61% holding,Margin compression ↓ | Earnings due 2026-08-12 | Pattern still forming (not broken out),2-3 years,Medium,"yfinance, screener.in",100,219,2026-08-12,2026-07-25,2026-06-01,54,0.0,7,1.0
BUTTERFLY,Butterfly Gandhimathi Appliances Limited,Consumer Cyclical,"Furnishings, Fixtures & Appliances",1387.0,Small-Cap,MonthlyDoubleBottom,Forming,1.0,37,Sep 37mo | Mid rally 368% | Asymmetry 1%,,Uptrend,True,False,Tight-Above-MAs,True,Stage2,3,Uptrend,Uptrend,731.7,642.47,136.69,621.95,1474.77,1868.53,2367.43,1868.53,155.4,59.8,30.39,,3.73,1.14,16.97,,100.0,,0,none,13.08,,,6.04,,4.84,6.86,16.3,,,26.7,,,26.6,0.5,insufficient history,0.02,,2.1,,73.26,5.28,75.0,0.0,,0.01,0.0,0.43,0.0,823.85,565.8,11.2,29.3,1.52,-65.37,0.8,-0.0,5,30.0,28.5,8.0,3.0,69.5,ACCUMULATE ⭐⭐⭐,Expected ~60% CAGR (2yr) | Revenue CAGR 16% | Profit CAGR 27% | Nearly debt-free | Promoter 75% holding | FCF yield 5.3%,Pattern still forming (not broken out),2-3 years,Medium,"yfinance, screener.in",70,148,,2026-07-25,2026-06-01,54,7.5,7,3.5
DJML,DJ Mediaprint & Logistics Limited,Industrials,Specialty Business Services,383.0,Micro-Cap,MonthlyStage2,Stage Change,1.0,24,10-EMA=100 | 30-EMA=95 | Above by 18.9% | MA turning=Yes,MonthlyDoubleBottom+MonthlyStage2,Uptrend,True,False,Uptrend,True,Stage2,4,Uptrend,Uptrend,113.33,95.34,69.5,96.33,245.74,498.12,1009.68,498.12,339.5,109.6,33.65,,4.06,0.33,16.42,14.0,44.22,,0,none,14.1,16.5,2.0,19.0,-2.5,7.91,8.88,68.29,,,57.14,,,110.7,1.0,steady compounder (low CV),0.43,,3.96,,-27.9,-7.28,55.69,-0.48,,0.18,0.13,0.0,0.0,124.8,52.0,9.2,117.9,12.8,95.94,1.42,-0.23,4,29.0,26.5,10.0,4.0,69.5,ACCUMULATE ⭐⭐⭐,Expected ~110% CAGR (2yr) | Revenue CAGR 91% | Profit CAGR 103% | ROCE trend rising ↑ | Promoter 56% holding | Margin compressing ↓ ⚠️,Margin compression ↓,2-3 years,Medium,"yfinance, screener.in",80,44,,2026-07-25,2026-06-01,54,18.7,7,3.5
INDOTHAI,Indo Thai Securities Limited,Financial Services,Capital Markets,2828.0,Small-Cap,MonthlyDoubleBottom,Forming,0.878,30,Sep 30mo | Mid rally 95% | Asymmetry 7%,,Downtrend,False,False,Below-MAs,False,Stage2,12,Uptrend,Uptrend,217.97,47.7,23.57,185.27,212.11,397.88,746.34,397.88,82.5,35.1,41.64,,9.94,0.48,,7.0,0.0,,0,none,28.6,34.6,0.66,83.0,4.43,65.09,21.98,285.19,135.13,36.43,725.0,87.58,48.96,,0.15,highly inconsistent earnings,0.08,,1.95,,,,56.07,-0.43,,1.28,0.06,0.46,-0.03,466.35,143.65,53.3,51.7,39.51,816.9,0.78,1.31,5,40.0,15.04,8.0,6.0,69.0,ACCUMULATE ⭐⭐⭐,Expected ~35% CAGR (2yr) | Revenue CAGR 135% | Profit CAGR 88% | ROE 29% | ROCE 35% | ROCE trend rising ↑,Pattern still forming (not broken out),2-3 years,Medium,"yfinance, screener.in",90,177,,2026-07-25,2026-06-01,54,-18.8,7,0.0
PIGL,Power & Instrumental (Gujarat) Limited,Industrials,Engineering & Construction,236.0,Micro-Cap,MonthlyDoubleBottom,Forming,1.0,18,Sep 18mo | Mid rally 153% | Asymmetry 4%,,Downtrend,False,False,Below-MAs,False,Stage2,4,Uptrend,Uptrend,103.97,92.78,35.99,88.37,237.51,368.99,573.26,368.99,254.9,88.4,24.48,,1.26,0.44,9.24,18.0,0.0,,0,none,11.0,15.5,1.2,10.0,0.8,6.59,6.86,29.59,32.57,,25.0,55.36,,29.5,0.4,lumpy earner,0.08,,2.44,,32.42,13.75,50.7,4.41,,0.01,0.01,0.75,0.75,189.7,88.05,45.2,18.1,-16.67,127.82,0.61,0.45,5,40.0,16.0,13.0,0.0,69.0,ACCUMULATE ⭐⭐⭐,Expected ~88% CAGR (2yr) | Revenue CAGR 33% | Profit CAGR 55% | ROCE trend rising ↑ | Nearly debt-free | Promoter 51% holding,Pattern still forming (not broken out),2-3 years,Medium,"yfinance, screener.in",100,97,,2026-07-25,2026-06-01,54,0.0,7,9.0
RADICO,Radico Khaitan Limited,Consumer Defensive,Beverages - Wineries & Distilleries,54905.0,Large-Cap,MonthlyDoubleBottom,Forming,0.7,13,Sep 13mo | Mid rally 71% | Asymmetry 1%,,Uptrend,True,False,Tight-Above-MAs,True,Stage2,15,Uptrend,Uptrend,3599.9,146.19,85.13,3059.91,3050.32,4154.11,5980.33,4271.05,15.4,7.4,90.9,56.69,16.54,2.27,40.28,15.0,10.06,3978.7,20,strong_buy,20.3,24.2,0.89,17.0,0.03,8.84,,24.65,24.44,20.52,74.57,40.02,16.87,62.3,0.15,highly inconsistent earnings,0.21,,,,,,40.19,-0.01,,18.2,0.57,28.08,0.73,4161.8,2500.0,13.5,44.0,45.46,176.84,0.78,0.24,3,34.0,23.9,1.0,10.0,68.9,ACCUMULATE ⭐⭐⭐,Expected ~7% CAGR (2yr) | Revenue CAGR 24% | Profit CAGR 40% | ROE 20% | ROCE 24% | ROCE trend rising ↑,High PE 91 | Earnings due 2026-07-28 | Pattern still forming (not broken out),2-3 years,Medium,"yfinance, screener.in",80,276,2026-07-28,2026-07-25,2026-06-01,54,0.0,7,0.0
SANDUMA,The Sandur Manganese & Iron Ores Limited,Basic Materials,Steel,9523.0,Mid-Cap,MonthlyDoubleBottom,Forming,0.877,11,Sep 11mo | Mid rally 90% | Asymmetry 2%,MonthlyCupHandle+MonthlyDoubleBottom,Downtrend,False,False,Below-MAs,False,Stage2,1,Uptrend,Uptrend,201.35,210.6,109.48,171.15,403.44,542.26,728.86,542.26,169.3,64.1,14.49,,2.93,0.42,8.5,26.0,25.0,,0,none,23.2,24.4,-1.57,24.0,-2.46,12.9,11.16,62.3,33.76,48.61,39.7,34.41,34.95,50.5,0.15,highly inconsistent earnings,0.31,,1.16,,793.91,8.34,74.22,0.0,,1.73,0.1,0.58,-0.08,273.0,141.37,26.2,42.4,41.32,,0.12,0.77,4,38.0,13.52,11.0,6.0,68.5,ACCUMULATE ⭐⭐⭐,Expected ~64% CAGR (2yr) | Revenue CAGR 34% | Profit CAGR 34% | ROE 23% | ROCE 24% | Promoter 74% holding,Margin compression ↓ | Pattern still forming (not broken out),2-3 years,Medium,"yfinance, screener.in",100,35,,2026-07-25,2026-06-01,54,-11.0,7,-12.0
APCOTEXIND,Apcotex Industries Limited,Basic Materials,Specialty Chemicals,2743.0,Small-Cap,MonthlyStage2,Stage Change,1.0,24,10-EMA=429 | 30-EMA=406 | Above by 25.1% | MA turning=Yes,MonthlyDoubleBottom+MonthlyStage2,Uptrend,True,False,Uptrend,True,Stage2,1,Uptrend,Uptrend,507.4,405.67,300.82,431.29,841.18,1744.6,3618.31,1744.6,243.8,85.4,27.02,18.9,4.42,0.25,15.61,151.0,13.3,700.0,1,strong_buy,24.4,19.8,,10.0,-1.0,7.03,8.2,23.21,,,-2.56,,,107.3,0.15,highly inconsistent earnings,0.15,,1.66,,108.11,3.94,58.23,0.0,,0.69,0.05,1.91,-0.32,579.0,310.45,12.4,63.4,32.47,-26.75,0.42,0.23,5,27.0,26.5,7.0,8.0,68.5,ACCUMULATE ⭐⭐⭐,Expected ~85% CAGR (2yr) | Profit CAGR 107% | ROE 24% | Low D/E 0.15 | Promoter 58% holding | Margin compressing ↓ ⚠️,Margin compression ↓,2-3 years,Medium,"yfinance, screener.in",80,288,,2026-07-25,2026-06-01,54,-0.2,7,-5.5
CAPLIPOINT,Caplin Point Laboratories Limited,Healthcare,Drug Manufacturers - Specialty & Generic,19871.0,Mid-Cap,MonthlyStage2,Stage Change,1.0,24,10-EMA=2092 | 30-EMA=1825 | Above by 41.6% | MA turning=Yes,MonthlyDoubleBottom+MonthlyStage2,Uptrend,True,False,Tight-Above-MAs,True,Stage2,6,Uptrend,Uptrend,2583.6,1824.65,1504.8,2196.06,4484.65,5377.55,6448.22,5377.55,108.1,44.3,31.05,24.44,5.66,1.56,24.95,31.0,-3.85,2505.0,2,strong_buy,20.6,24.6,-0.6,35.0,0.91,29.32,11.86,12.91,14.24,15.57,20.15,19.91,20.96,19.3,1.0,steady compounder (low CV),0.0,,6.7,,2.13,0.01,70.57,0.0,,6.15,-0.43,2.14,0.09,2699.0,1500.3,4.3,72.2,24.18,120.87,0.43,0.19,6,30.0,28.5,2.0,8.0,68.5,ACCUMULATE ⭐⭐⭐,Expected ~44% CAGR (2yr) | ROE 21% | ROCE 25% | Nearly debt-free | Promoter 71% holding | OPM 35%,None identified,2-3 years,Medium,"yfinance, screener.in",100,146,,2026-07-25,2026-06-01,54,26.8,7,5.5
ARVSMART,Arvind SmartSpaces Limited,Real Estate,Real Estate - Development,2763.0,Small-Cap,MonthlyDoubleBottom,Forming,1.0,42,Sep 42mo | Mid rally 291% | Asymmetry 2%,MonthlyDoubleBottom+MonthlyStage2,Uptrend,True,False,Tight-Above-MAs,True,Stage2,3,Uptrend,Uptrend,612.5,228.17,57.67,520.62,1184.54,1421.71,2822.77,1828.58,132.1,52.4,28.74,16.97,4.08,0.53,20.94,100.0,100.0,811.4,5,strong_buy,15.5,12.9,1.69,27.0,0.83,17.1,2.9,-20.9,30.12,30.5,-13.45,54.37,62.82,121.0,0.15,highly inconsistent earnings,0.65,,1.21,,-44.3,-1.6,53.83,0.0,,0.69,0.02,8.99,0.39,680.0,486.8,9.9,25.8,4.81,57.89,0.08,0.17,4,28.0,28.5,9.0,3.0,68.5,ACCUMULATE ⭐⭐⭐,Expected ~52% CAGR (2yr) | Revenue CAGR 30% | Profit CAGR 54% | ROCE trend rising ↑ | Promoter 54% holding | OPM 27%,Pattern still forming (not broken out),2-3 years,Medium,"yfinance, screener.in",100,132,,2026-07-25,2026-06-01,54,3.9,7,7.0
ADOR,Ador Welding Limited,Industrials,Specialty Industrial Machinery,2409.0,Small-Cap,MonthlyStage2,Stage Change,1.0,24,10-EMA=1127 | 30-EMA=1075 | Above by 23.3% | MA turning=Yes,MonthlyDoubleBottom+MonthlyStage2,Uptrend,True,True,Uptrend,True,Stage2,4,Uptrend,Uptrend,1324.8,1074.81,821.65,1126.08,1980.59,2419.1,2954.68,2419.1,82.6,35.1,29.41,18.55,4.34,1.33,14.47,224.0,9.54,1307.0,1,strong_buy,15.8,22.8,2.37,11.0,0.83,5.82,,1.51,19.92,16.73,36.67,22.14,26.82,73.4,0.15,highly inconsistent earnings,0.0,,,,,,53.76,0.0,,1.05,0.68,10.47,-2.16,1405.0,848.0,5.7,56.2,46.18,-10.24,0.43,0.29,3,25.0,26.5,7.0,10.0,68.5,ACCUMULATE ⭐⭐⭐,Expected ~35% CAGR (2yr) | Revenue CAGR 20% | Profit CAGR 22% | ROCE 23% | ROCE trend rising ↑ | Nearly debt-free,None identified,2-3 years,Medium,"yfinance, screener.in",80,263,,2026-07-25,2026-06-01,54,25.5,7,10.0
SYNCOMF,Syncom Formulations (India) Limited,Healthcare,Drug Manufacturers - Specialty & Generic,1266.0,Small-Cap,MonthlyDoubleBottom,Forming,1.0,21,Sep 21mo | Mid rally 164% | Asymmetry 7%,,Downtrend,False,False,Below-MAs,False,Stage2,6,Uptrend,Uptrend,13.87,27.9,10.21,11.79,68.33,106.63,166.4,106.63,668.8,177.3,16.63,,3.28,0.3,15.13,0.0,,,0,none,20.2,26.8,2.26,16.0,1.31,15.63,9.36,5.62,30.11,21.46,55.1,56.05,47.19,42.3,0.4,lumpy earner,0.0,,3.19,,41.05,3.24,50.57,0.0,,0.21,-0.05,,,18.93,10.21,26.7,35.8,-16.19,35.55,0.45,0.73,7,40.0,16.0,12.0,0.0,68.0,ACCUMULATE ⭐⭐⭐,Expected ~177% CAGR (2yr) | Revenue CAGR 30% | Profit CAGR 56% | ROE 20% | ROCE 27% | ROCE trend rising ↑,Pattern still forming (not broken out),2-3 years,Medium,"yfinance, screener.in",100,45,,2026-07-25,2026-06-01,54,-2.0,7,-6.0
KRISHNADEF,KRISHNA DEF AND ALD IND L,Industrials,Specialty Industrial Machinery,1913.0,Small-Cap,None,,0.0,0,,,Uptrend,True,False,Uptrend,True,Stage2,4,Uptrend,Uptrend,1171.6,,,995.86,1862.88,3756.5,7574.97,3756.5,220.6,79.1,45.66,,9.89,0.45,35.68,10.0,150.0,,0,none,25.4,30.7,7.0,22.0,2.5,16.88,16.06,28.95,56.43,,86.36,101.65,,72.9,1.0,steady compounder (low CV),0.01,,3.99,,72.96,3.81,59.9,-0.06,,1.36,0.75,1.32,-0.74,1400.0,665.0,16.3,76.2,38.47,529.09,,0.92,7,40.0,13.0,7.0,8.0,68.0,ACCUMULATE ⭐⭐⭐,Expected ~79% CAGR (2yr) | Revenue CAGR 56% | Profit CAGR 102% | ROE 25% | ROCE 31% | ROCE trend rising ↑,None identified,2-3 years,Medium,"yfinance, screener.in",100,50,,2026-07-25,2026-06-01,54,0.0,7,2.0
SIGNPOST,Signpost India Limited,Communication Services,Advertising Agencies,1747.0,Small-Cap,MonthlyStage2,Breaking Out,1.0,24,10-EMA=266 | 30-EMA=276 | Above by 16.2% | MA turning=Yes,MonthlyDoubleBottom+MonthlyStage2,Uptrend,True,True,Uptrend,True,Downtrend,0,Uptrend,Uptrend,321.3,276.39,196.4,273.11,488.14,615.01,774.86,615.01,91.4,38.4,24.88,,6.06,0.96,13.12,15.0,0.0,,0,none,27.6,24.9,0.0,25.0,1.1,12.17,10.68,27.15,19.56,,105.88,25.99,,2128.8,0.15,highly inconsistent earnings,0.7,,1.26,,-79.06,-4.52,60.38,0.0,,0.23,0.14,0.02,0.0,336.8,191.41,4.6,67.9,18.04,,6.76,0.82,4,26.0,27.0,9.0,6.0,68.0,ACCUMULATE ⭐⭐⭐,Expected ~38% CAGR (2yr) | Revenue CAGR 20% | Profit CAGR 26% | ROE 28% | ROCE 25% | Promoter 60% holding,None identified,2-3 years,Medium,"yfinance, screener.in",100,30,,2026-07-25,2026-06-01,54,17.4,7,22.8
STAR,Strides Pharma Science Limited,Healthcare,Drug Manufacturers - Specialty & Generic,9908.0,Mid-Cap,MonthlyDoubleBottom,Forming,1.0,26,Sep 26mo | Mid rally 276% | Asymmetry 1%,,Sideways-Above-MA,True,False,Constructive,False,Stage2,6,Uptrend,Uptrend,1068.1,986.17,260.8,907.88,8327.04,13760.98,58348.75,22042.52,1188.4,258.9,17.83,11.27,3.19,0.11,12.42,37.0,100.0,1338.67,3,strong_buy,20.4,18.6,3.49,19.0,2.6,11.45,6.96,6.44,9.63,7.94,-84.02,164.71,-3.41,54.4,0.2,multiple loss years in history,0.56,,1.25,,32.17,0.32,27.91,0.05,,28.68,-0.84,14.44,1.42,1231.0,768.65,13.2,39.0,24.57,117.49,0.14,0.34,5,24.0,22.5,15.0,6.0,67.5,ACCUMULATE ⭐⭐⭐,Expected ~259% CAGR (2yr) | Profit CAGR 165% | ROE 20% | ROCE trend rising ↑ | Piotroski F=5 (above average quality) | DII buying +1.4% ↑,Pattern still forming (not broken out),2-3 years,Medium,"yfinance, screener.in",100,290,,2026-07-25,2026-06-01,54,-7.4,7,-5.0
NBCC,NBCC (India) Limited,Industrials,Engineering & Construction,26257.0,Mid-Cap,MonthlyDoubleBottom,Forming,1.0,48,Sep 48mo | Mid rally 216% | Asymmetry 7%,MonthlyCupHandle+MonthlyDoubleBottom+MonthlyStage2,Sideways,False,False,Below-MAs,True,Stage2,4,Uptrend,Uptrend,93.08,89.08,27.25,79.12,127.61,177.01,245.53,177.01,90.2,37.9,36.42,31.37,8.74,0.94,19.28,70.0,-30.66,124.5,2,strong_buy,24.1,31.0,3.03,5.0,0.63,5.46,4.29,7.06,13.24,13.14,33.21,38.71,25.33,37.2,0.4,lumpy earner,0.0,,1.18,,992.51,3.78,61.75,0.0,,4.77,-0.22,11.28,0.53,125.85,77.18,26.0,20.6,-15.94,239.5,0.72,0.66,5,39.0,19.5,8.0,1.0,67.5,ACCUMULATE ⭐⭐⭐,Expected ~38% CAGR (2yr) | Profit CAGR 39% | ROE 24% | ROCE 31% | ROCE trend rising ↑ | Nearly debt-free,Pattern still forming (not broken out),2-3 years,Medium,"yfinance, screener.in",100,170,,2026-07-25,2026-06-01,54,0.0,7,3.0
BFUTILITIE,BF Utilities Limited,Industrials,Infrastructure Operations,2324.0,Small-Cap,MonthlyDoubleBottom,Forming,1.0,26,Sep 26mo | Mid rally 210% | Asymmetry 7%,,Sideways-Above-MA,True,False,Below-MAs,False,Stage2,4,Uptrend,Uptrend,578.8,2000.76,622.0,590.9,2181.46,3379.52,5156.76,3353.99,483.9,141.6,14.69,,7.72,0.27,5.35,0.0,,,0,none,113.0,29.9,3.89,74.0,2.66,17.85,,-13.62,17.73,9.36,11.18,53.75,36.24,20.0,0.15,highly inconsistent earnings,0.69,,,,,,56.73,0.0,,1.61,0.04,0.06,0.01,898.7,368.7,35.6,57.0,-27.22,-41.77,0.32,0.36,3,33.0,21.5,13.0,0.0,67.5,ACCUMULATE ⭐⭐⭐,Expected ~142% CAGR (2yr) | Revenue CAGR 18% | Profit CAGR 54% | ROE 113% | ROCE 30% | ROCE trend rising ↑,Pattern still forming (not broken out),2-3 years,Medium,"yfinance, screener.in",80,231,,2026-07-25,2026-06-01,54,10.3,7,8.0
UJJIVANSFB,Ujjivan Small Finance Bank Limited,Financial Services,Banks - Regional,12625.0,Mid-Cap,MonthlyDoubleBottom,Forming,1.0,36,Sep 36mo | Mid rally 122% | Asymmetry 2%,MonthlyCupHandle+MonthlyDoubleBottom,Uptrend,True,False,Uptrend,True,Stage2,12,Uptrend,Uptrend,66.56,47.27,21.13,56.58,259.0,547.09,2872.08,862.49,722.0,186.7,18.48,9.6,1.85,0.08,,,20.0,74.0,19,strong_buy,10.74,,,29.53,,16.57,1.32,44.4,,,233.0,,,238.2,0.5,insufficient history,,,,,,,0.0,0.0,,16.81,-0.42,33.45,2.33,68.0,41.32,2.1,61.1,56.85,14.76,0.75,0.44,2,22.0,26.5,9.0,10.0,67.5,ACCUMULATE ⭐⭐⭐,Expected ~187% CAGR (2yr) | Revenue CAGR 44% | Profit CAGR 233% | OPM 30% | DII buying +2.3% ↑ | Dividend growing 20%/yr,Pattern still forming (not broken out),2-3 years,Medium,"yfinance, screener.in",50,80,,2026-07-25,2026-06-01,54,23.0,7,9.0
VADILALIND,Vadilal Industries Limited,Consumer Defensive,Packaged Foods,4827.0,Small-Cap,MonthlyStage2,Stage Change,1.0,24,10-EMA=5406 | 30-EMA=4614 | Above by 51.2% | MA turning=Yes,MonthlyDoubleBottom+MonthlyStage2,Uptrend,True,False,Uptrend,True,Stage2,15,Uptrend,Uptrend,6977.0,4614.04,3572.53,5930.45,11469.26,13454.59,15783.58,13454.59,92.8,38.9,31.15,,5.68,1.8,20.1,31.0,156.12,,0,none,20.1,22.2,2.69,17.0,1.83,10.32,10.55,21.41,12.42,26.55,3.33,17.31,98.73,149.4,0.15,highly inconsistent earnings,0.27,,3.0,,-33.59,-0.7,64.72,0.0,,1.02,0.44,1.26,0.84,6997.0,3996.0,0.3,74.6,38.66,136.31,0.37,0.07,6,25.0,26.5,6.0,10.0,67.5,ACCUMULATE ⭐⭐⭐,Expected ~39% CAGR (2yr) | ROE 20% | ROCE 22% | ROCE trend rising ↑ | Low D/E 0.27 | Promoter 65% holding,None identified,2-3 years,Medium,"yfinance, screener.in",100,182,,2026-07-25,2026-06-01,54,64.1,7,14.0
GMBREW,G.M. Breweries Limited,Consumer Defensive,Beverages - Wineries & Distilleries,2055.0,Small-Cap,MonthlyDoubleBottom,Forming,1.0,24,Sep 24mo | Mid rally 196% | Asymmetry 7%,MonthlyCupHandle+MonthlyDoubleBottom,Downtrend,False,False,Below-MAs,False,Stage2,15,Uptrend,Uptrend,939.85,727.29,237.38,798.87,6524.2,9518.81,13887.94,9518.81,912.8,218.2,12.18,14.83,1.91,0.27,10.61,100.0,23.31,,0,none,12.5,18.0,,24.0,6.0,8.88,,17.43,,,21.71,,,45.9,0.5,insufficient history,0.03,,,,,,74.43,0.0,,0.61,-0.58,0.0,-0.01,1328.8,666.05,29.3,41.1,40.02,75.1,0.23,0.29,2,33.0,16.5,12.0,6.0,67.5,ACCUMULATE ⭐⭐⭐,Expected ~218% CAGR (2yr) | Revenue CAGR 26% | Profit CAGR 46% | Nearly debt-free | Promoter 74% holding | Dividend growing 23%/yr,Pattern still forming (not broken out),2-3 years,Medium,"yfinance, screener.in",60,289,,2026-07-25,2026-06-01,54,3.6,7,32.0
BAJAJ-AUTO,Bajaj Auto Limited,Consumer Cyclical,Auto Manufacturers,291643.0,Large-Cap,MonthlyCupHandle,Forming,0.932,20,Cup 20mo | Depth 21% | Prior gain 30% | R²=0.97,MonthlyCupHandle+MonthlyDoubleBottom,Uptrend,True,True,Uptrend,True,Stage2,3,Uptrend,Uptrend,10156.0,10533.55,8305.81,8632.6,20335.21,19047.87,29473.34,24481.55,87.6,36.9,27.17,22.45,7.52,1.33,20.33,144.0,2.33,10897.34,38,buy,29.2,28.2,1.06,21.0,0.74,16.89,13.74,23.36,19.94,17.79,44.35,20.39,16.84,103.2,0.15,highly inconsistent earnings,0.56,,1.76,,-643.96,-0.22,55.01,0.02,,8.82,-0.02,14.35,0.28,10834.0,7858.5,6.3,29.2,18.56,101.81,0.27,0.69,6,28.0,25.18,8.0,6.0,67.2,ACCUMULATE ⭐⭐⭐,Expected ~37% CAGR (2yr) | Revenue CAGR 20% | Profit CAGR 20% | ROE 29% | ROCE 28% | ROCE trend rising ↑,Earnings due 2026-07-21 | Pattern still forming (not broken out),2-3 years,Medium,"yfinance, screener.in",100,289,2026-07-21,2026-07-25,2026-06-01,54,-0.5,7,-6.1
DIXON,Dixon Technologies (India) Limited,Technology,Consumer Electronics,87123.0,Large-Cap,MonthlyStage2,Stage Change,0.895,24,10-EMA=12383 | 30-EMA=11833 | Above by 13.4% | MA turning=Yes,,Uptrend,True,False,Constructive,True,Downtrend,0,Uptrend,Uptrend,13421.0,11832.62,9673.0,11407.85,15779.12,22897.88,54659.91,29368.1,70.6,30.6,53.19,52.61,15.96,0.62,40.24,6.0,58.74,13192.55,29,buy,37.4,42.0,3.31,4.0,-0.14,2.94,5.13,25.77,58.85,49.94,33.33,86.12,59.35,-36.0,0.15,highly inconsistent earnings,0.18,,1.06,,912.17,1.05,28.55,-0.14,,17.87,-0.43,28.38,0.24,18471.0,9600.0,27.3,39.8,-18.65,142.87,0.75,-0.1,5,38.0,23.24,5.0,1.0,67.2,ACCUMULATE ⭐⭐⭐,Expected ~31% CAGR (2yr) | Revenue CAGR 59% | Profit CAGR 86% | ROE 37% | ROCE 42% | ROCE trend rising ↑,High PE 53 | Earnings due 2026-07-24,2-3 years,Medium,"yfinance, screener.in",100,107,2026-07-24,2026-07-25,2026-06-01,54,21.5,7,16.2
WEBELSOLAR,Websol Energy System Limited,Technology,Solar,4528.0,Small-Cap,MonthlyDoubleBottom,Forming,1.0,20,Sep 20mo | Mid rally 263% | Asymmetry 4%,MonthlyDoubleBottom+MonthlyStage2,Sideways-Above-MA,True,False,Constructive,False,Downtrend,0,Uptrend,Uptrend,99.65,186.5,50.4,84.7,547.46,1337.45,3267.38,1337.45,1242.1,266.4,14.94,,7.49,0.1,10.97,0.0,0.0,,0,none,66.9,63.2,,41.0,-3.0,28.87,31.73,82.43,,,95.48,,,157.9,0.5,insufficient history,0.21,,2.94,,-57.61,-1.27,29.72,0.0,,3.74,-0.38,0.43,0.11,157.3,50.4,36.6,97.7,-24.2,720.92,0.16,0.27,4,34.0,21.0,12.0,0.0,67.0,ACCUMULATE ⭐⭐⭐,Expected ~266% CAGR (2yr) | Revenue CAGR 132% | Profit CAGR 144% | ROE 67% | ROCE 63% | Low D/E 0.21,Margin compression ↓ | Pattern still forming (not broken out),2-3 years,Medium,"yfinance, screener.in",80,231,,2026-07-25,2026-06-01,54,-5.6,7,-1.5
BLS,BLS International Services Limited,Industrials,Specialty Business Services,9700.0,Mid-Cap,MonthlyDoubleBottom,Forming,1.0,11,Sep 11mo | Mid rally 150% | Asymmetry 3%,,Downtrend,False,False,Below-MAs,False,Stage2,4,Uptrend,Uptrend,237.15,69.59,27.34,201.58,919.34,1402.26,2138.87,1402.26,491.3,143.2,14.16,10.96,3.94,0.27,10.92,127.0,38.67,330.0,1,strong_buy,32.7,29.3,3.57,27.0,4.2,22.9,13.79,36.71,25.52,44.37,34.07,52.53,70.67,31.6,0.75,consistent growth,0.15,,2.91,,448.12,4.62,70.39,0.0,,6.14,-0.23,2.99,0.07,414.9,218.9,42.8,8.3,-33.79,-42.14,0.28,-0.25,7,40.0,15.0,12.0,0.0,67.0,ACCUMULATE ⭐⭐⭐,Expected ~143% CAGR (2yr) | Revenue CAGR 26% | Profit CAGR 53% | ROE 33% | ROCE 29% | ROCE trend rising ↑,Pattern still forming (not broken out),2-3 years,Medium,"yfinance, screener.in",100,122,,2026-07-25,2026-06-01,54,-9.5,7,0.0
LALPATHLAB,Dr. Lal PathLabs Limited,Healthcare,Diagnostics & Research,28176.0,Mid-Cap,MonthlyStage2,Breaking Out,1.0,24,10-EMA=1472 | 30-EMA=1405 | Above by 21.3% | MA turning=Yes,MonthlyDoubleBottom+MonthlyStage2,Sideways-Above-MA,True,False,Constructive,True,Stage2,6,Uptrend,Uptrend,1703.7,1404.72,1142.76,1448.14,1925.9,2171.46,3174.66,2472.67,27.5,12.9,55.87,40.92,11.23,1.97,36.57,83.0,7.72,1719.65,26,buy,22.3,28.0,-0.51,28.0,0.17,18.27,13.34,12.27,11.06,11.81,3.66,28.39,11.5,-15.2,0.15,highly inconsistent earnings,0.08,,3.48,,402.22,1.43,53.21,0.0,,17.18,-3.11,21.37,2.17,1803.0,1272.6,5.5,33.9,30.64,32.18,2.5,0.19,6,33.0,24.0,2.0,8.0,67.0,ACCUMULATE ⭐⭐⭐,Expected ~13% CAGR (2yr) | Profit CAGR 28% | ROE 22% | ROCE 28% | Nearly debt-free | Promoter 53% holding,High PE 56 | Earnings due 2026-07-24,2-3 years,Medium,"yfinance, screener.in",100,126,2026-07-24,2026-07-25,2026-06-01,54,0.0,7,0.0
SAKSOFT,Saksoft Limited,Technology,Information Technology Services,2289.0,Small-Cap,MonthlyDoubleBottom,Breakout Ready,1.0,19,Sep 19mo | Mid rally 307% | Asymmetry 2%,,Sideways-Above-MA,True,True,Constructive,True,Downtrend,0,Uptrend,Uptrend,177.85,15.03,3.66,151.17,399.55,469.43,551.53,469.43,163.9,62.5,17.57,5.24,2.94,1.0,11.13,56.0,17.8,,0,none,19.6,25.5,0.03,19.0,0.43,13.23,10.48,14.04,14.78,21.14,22.02,17.49,24.2,19.7,0.75,consistent growth,0.06,,2.17,,85.14,3.72,66.72,0.0,,2.18,-0.22,0.01,0.01,238.79,107.59,25.5,65.3,-14.89,-55.55,4.19,0.31,7,36.0,23.0,8.0,0.0,67.0,ACCUMULATE ⭐⭐⭐,Expected ~62% CAGR (2yr) | ROCE 26% | ROCE trend rising ↑ | Nearly debt-free | Promoter 67% holding | FCF yield 3.7%,None identified,2-3 years,Medium,"yfinance, screener.in",100,255,,2026-07-25,2026-06-01,54,23.5,7,3.0
SPECTRUM,SPECTRUM ELECTRIC IND LTD,Industrials,Electrical Equipment & Parts,3079.0,Small-Cap,MonthlyStage2,Breaking Out,1.0,24,10-EMA=1596 | 30-EMA=1490 | Above by 29.0% | MA turning=Yes,MonthlyCupHandle+MonthlyDoubleBottom+MonthlyStage2,Uptrend,True,True,Tight-Above-MAs,True,Stage2,4,Uptrend,Uptrend,1921.6,1489.77,1206.2,1633.36,1770.64,3125.53,5517.18,3125.53,62.7,27.5,68.97,,12.57,0.9,41.27,0.0,,,0,none,20.4,16.8,1.4,15.0,0.77,8.45,7.59,30.85,27.63,28.35,76.0,76.52,48.96,95.5,0.15,highly inconsistent earnings,1.02,,1.34,,-82.7,-2.69,72.72,0.0,,3.63,-1.31,0.36,0.02,2200.0,1050.0,12.7,83.0,27.48,74.45,4.85,0.21,5,26.0,30.0,5.0,6.0,67.0,ACCUMULATE ⭐⭐⭐,Expected ~28% CAGR (2yr) | Revenue CAGR 28% | Profit CAGR 77% | ROE 20% | ROCE trend rising ↑ | Promoter 73% holding,High D/E 1.0 | High PE 69,2-3 years,Medium,"yfinance, screener.in",100,94,,2026-07-25,2026-06-01,54,33.6,7,16.8
CUMMINSIND,Cummins India Limited,Industrials,Specialty Industrial Machinery,151019.0,Large-Cap,MonthlyDoubleBottom,Forming,0.524,17,Sep 17mo | Mid rally 59% | Asymmetry 7%,,Sideways-Above-MA,True,False,Tight-Above-MAs,True,Stage2,4,Uptrend,Uptrend,5621.5,1036.81,631.02,4778.27,3926.14,5216.28,6071.94,4882.55,,,64.1,45.8,17.82,2.63,53.29,121.0,38.21,5716.87,23,hold,30.2,39.5,4.8,21.0,1.63,19.45,15.03,16.86,16.04,22.73,18.1,24.36,30.05,22.7,0.75,consistent growth,0.0,,3.32,,1126.21,0.75,51.0,0.0,,21.19,0.42,19.06,-0.37,6100.0,3481.5,7.8,61.5,48.49,214.33,0.29,0.57,7,40.0,18.79,0.0,8.0,66.8,ACCUMULATE ⭐⭐⭐,Revenue CAGR 16% | Profit CAGR 24% | ROE 30% | ROCE 40% | ROCE trend rising ↑ | Nearly debt-free,High PE 64 | Earnings due 2026-08-05 | Pattern still forming (not broken out),2-3 years,Medium,"yfinance, screener.in",100,289,2026-08-05,2026-07-25,2026-06-01,54,7.0,7,-2.0
CARERATING,CARE Ratings Limited,Financial Services,Financial Data & Stock Exchanges,5023.0,Small-Cap,MonthlyDoubleBottom,Forming,0.925,14,Sep 14mo | Mid rally 93% | Asymmetry 1%,,Uptrend,True,False,Tight-Above-MAs,True,Stage2,12,Uptrend,Uptrend,1651.6,708.57,364.76,1403.86,1540.07,1955.43,2482.81,1955.43,18.4,8.8,29.41,21.35,5.38,1.09,23.35,132.0,-24.09,2130.0,1,none,19.7,26.3,1.54,42.0,0.97,36.18,11.09,17.66,19.24,13.78,24.29,26.97,13.84,24.0,0.15,highly inconsistent earnings,0.03,,5.75,,132.32,2.63,,,,23.41,0.16,31.58,0.2,1857.2,1392.7,11.1,18.6,7.11,79.81,0.23,0.34,7,34.0,26.6,3.0,3.0,66.6,ACCUMULATE ⭐⭐⭐,Expected ~9% CAGR (2yr) | Revenue CAGR 19% | Profit CAGR 27% | ROCE 26% | ROCE trend rising ↑ | Nearly debt-free,Pattern still forming (not broken out),2-3 years,Medium,"yfinance, screener.in",90,164,,2026-07-25,2026-06-01,54,-6.0,7,6.0
ASKAUTOLTD,ASK AUTOMOTIVE LIMITED,Consumer Cyclical,Auto Parts,9504.0,Mid-Cap,MonthlyStage2,Stage Change,0.676,24,10-EMA=457 | 30-EMA=428 | Above by 10.1% | MA turning=Yes,MonthlyDoubleBottom+MonthlyStage2,Uptrend,True,True,Constructive,True,Stage2,3,Uptrend,Uptrend,471.85,428.44,362.29,401.07,1031.93,1055.41,1857.36,1384.44,123.7,49.6,31.95,23.59,7.25,0.94,19.41,38.0,50.0,561.86,7,strong_buy,25.1,25.4,1.71,13.0,0.51,7.12,11.68,15.97,17.79,22.02,19.76,34.16,22.88,24.2,0.15,highly inconsistent earnings,0.52,,1.04,,-309.78,-3.26,74.95,0.0,,9.5,0.21,10.97,0.72,578.5,375.3,18.4,25.7,-1.2,,0.62,-0.17,5,33.0,21.61,11.0,1.0,66.6,ACCUMULATE ⭐⭐⭐,Expected ~50% CAGR (2yr) | Revenue CAGR 18% | Profit CAGR 34% | ROE 25% | ROCE 25% | ROCE trend rising ↑,None identified,2-3 years,Medium,"yfinance, screener.in",100,33,,2026-07-25,2026-06-01,54,3.5,7,9.0
GVT&D,GE Vernova T&D India Ltd,Industrials,Specialty Industrial Machinery,112338.0,Large-Cap,MonthlyDoubleBottom,Forming,1.0,36,Sep 36mo | Mid rally 193% | Asymmetry 3%,,Sideways-Above-MA,True,False,Constructive,False,Stage2,4,Uptrend,Uptrend,4606.8,360.39,121.02,3915.78,3442.34,5863.57,12257.38,6495.7,27.3,12.8,90.91,54.95,41.75,1.02,65.82,23.0,100.0,4915.38,16,buy,18.6,,,12.0,,19.87,16.5,42.0,,,88.7,,,88.6,0.5,insufficient history,0.01,,1.33,,1180.97,1.05,51.0,0.0,,20.39,1.93,21.39,-1.88,5650.0,2325.0,18.5,98.1,66.96,1271.54,0.65,0.59,4,33.0,22.5,4.0,7.0,66.5,ACCUMULATE ⭐⭐⭐,Expected ~13% CAGR (2yr) | Revenue CAGR 42% | Profit CAGR 89% | Nearly debt-free | Promoter 51% holding | FII buying +1.9% ↑,High PE 91 | Pattern still forming (not broken out),2-3 years,Medium,"yfinance, screener.in",70,288,,2026-07-25,2026-06-01,54,5.1,7,-6.0
STYLAMIND,Stylam Industries Limited,Consumer Cyclical,"Furnishings, Fixtures & Appliances",5512.0,Small-Cap,MonthlyStage2,Stage Change,1.0,24,10-EMA=2562 | 30-EMA=2095 | Above by 56.6% | MA turning=Yes,MonthlyCupHandle+MonthlyDoubleBottom+MonthlyStage2,Uptrend,True,False,Tight-Above-MAs,True,Stage2,3,Uptrend,Uptrend,3281.5,2094.98,1576.4,2789.28,4455.69,4291.19,5999.71,5170.38,30.8,14.4,36.77,24.45,6.89,2.29,25.03,0.0,,2972.4,5,buy,20.5,27.0,0.66,20.0,0.29,13.27,14.22,10.15,5.85,18.85,22.95,16.04,22.22,29.3,0.15,highly inconsistent earnings,0.04,,3.48,,-39.14,-0.71,56.86,2.76,,2.62,-0.19,12.14,-1.17,3410.1,1594.1,3.8,105.9,95.64,64.93,0.22,0.09,5,26.0,28.5,2.0,10.0,66.5,ACCUMULATE ⭐⭐⭐,Expected ~14% CAGR (2yr) | ROE 20% | ROCE 27% | ROCE trend rising ↑ | Nearly debt-free | Promoter 57% holding,None identified,2-3 years,Medium,"yfinance, screener.in",100,60,,2026-07-25,2026-06-01,54,18.3,7,-4.0
BBTC,The Bombay Burmah Trading Corporation Limited,Consumer Defensive,Packaged Foods,10421.0,Mid-Cap,MonthlyDoubleBottom,Forming,1.0,27,Sep 27mo | Mid rally 129% | Asymmetry 6%,,Downtrend,False,False,Below-MAs,False,Stage2,15,Uptrend,Uptrend,1521.3,2919.66,1235.21,1293.11,15270.63,22240.14,32390.54,22240.14,1361.9,282.4,8.39,4.0,1.48,0.18,3.21,228.0,141.97,,0,none,19.1,33.0,3.34,18.0,1.0,6.26,15.63,6.78,5.54,7.84,13.64,45.64,14.32,43.8,0.15,highly inconsistent earnings,0.17,,1.19,,2049.95,19.67,74.04,0.0,,9.48,0.06,1.46,0.04,2135.0,1314.6,28.7,15.7,-11.52,29.86,0.11,0.61,5,37.0,16.5,13.0,0.0,66.5,ACCUMULATE ⭐⭐⭐,Expected ~282% CAGR (2yr) | Profit CAGR 46% | ROCE 33% | ROCE trend rising ↑ | Low D/E 0.17 | Promoter 74% holding,Pattern still forming (not broken out),2-3 years,Medium,"yfinance, screener.in",100,289,,2026-07-25,2026-06-01,54,-0.5,7,-3.0
IPCALAB,Ipca Laboratories Limited,Healthcare,Drug Manufacturers - Specialty & Generic,48219.0,Large-Cap,MonthlyStage2,Stage Change,1.0,24,10-EMA=1587 | 30-EMA=1416 | Above by 32.2% | MA turning=Yes,MonthlyDoubleBottom+MonthlyStage2,Uptrend,True,False,Uptrend,True,Stage2,6,Uptrend,Uptrend,1872.2,1416.12,1271.2,1591.37,3149.4,3248.39,5757.66,4258.31,73.5,31.7,42.2,28.95,5.98,1.2,24.53,32.0,-20.63,1733.5,18,buy,15.7,17.0,-2.37,21.0,-1.43,11.83,8.42,7.89,15.66,12.21,50.83,35.21,0.74,341.0,0.15,highly inconsistent earnings,0.09,,2.76,,790.13,1.64,44.72,0.0,,10.72,0.09,37.04,-0.09,1944.9,1251.6,3.7,49.6,36.32,89.93,0.4,0.05,5,26.0,26.5,4.0,10.0,66.5,ACCUMULATE ⭐⭐⭐,Expected ~32% CAGR (2yr) | Revenue CAGR 16% | Profit CAGR 35% | Nearly debt-free | Margin compressing ↓ ⚠️ | Piotroski F=5 (above average quality),Margin compression ↓ | Earnings due 2026-08-10,2-3 years,Medium,"yfinance, screener.in",100,367,2026-08-10,2026-07-25,2026-06-01,54,13.0,7,-2.0
SANDHAR,Sandhar Technologies Limited,Consumer Cyclical,Auto Parts,3675.0,Small-Cap,MonthlyStage2,Stage Change,1.0,24,10-EMA=570 | 30-EMA=498 | Above by 25.0% | MA turning=Yes,MonthlyDoubleBottom+MonthlyStage2,Sideways-Above-MA,True,False,Constructive,False,Stage2,3,Uptrend,Uptrend,622.2,497.61,341.35,528.87,2557.17,3556.01,4944.98,3556.01,471.5,139.1,18.45,14.5,2.75,0.47,10.88,57.0,15.87,854.0,2,strong_buy,16.2,14.4,1.14,9.0,0.09,4.09,4.87,24.92,18.59,21.09,40.14,39.06,27.96,49.8,0.4,lumpy earner,0.86,,0.94,,-142.16,-3.87,70.38,0.0,,2.09,1.32,14.82,-2.57,763.2,405.2,18.5,53.6,45.56,37.34,0.38,0.57,5,25.0,22.5,12.0,7.0,66.5,ACCUMULATE ⭐⭐⭐,Expected ~139% CAGR (2yr) | Revenue CAGR 19% | Profit CAGR 39% | ROCE trend rising ↑ | Promoter 70% holding | Piotroski F=5 (above average quality),None identified,2-3 years,Medium,"yfinance, screener.in",100,100,,2026-07-25,2026-06-01,54,21.7,7,-1.0
AGI,AGI Greenpac Limited,Consumer Cyclical,Packaging & Containers,4504.0,Small-Cap,MonthlyDoubleBottom,Forming,1.0,34,Sep 34mo | Mid rally 177% | Asymmetry 3%,MonthlyDoubleBottom+MonthlyStage2,Uptrend,True,False,Constructive,True,Stage2,3,Uptrend,Uptrend,713.55,127.95,45.52,606.52,5623.09,9456.92,15904.65,9456.92,1225.3,264.1,12.8,10.91,1.87,0.19,7.7,101.0,11.87,,0,none,15.8,19.6,1.14,22.0,1.71,13.19,7.51,5.38,5.76,6.13,9.32,68.18,26.66,19.4,0.15,highly inconsistent earnings,0.1,,1.51,,12.41,0.28,60.39,0.0,,6.26,-0.52,1.06,-0.97,1009.0,465.0,29.3,53.5,-18.61,-26.8,0.13,-0.18,6,29.0,25.5,12.0,0.0,66.5,ACCUMULATE ⭐⭐⭐,Expected ~264% CAGR (2yr) | Profit CAGR 68% | ROCE trend rising ↑ | Low D/E 0.10 | Promoter 60% holding | Piotroski F=6 (above average quality),Pattern still forming (not broken out),2-3 years,Medium,"yfinance, screener.in",100,289,,2026-07-25,2026-06-01,54,23.5,7,6.0
20MICRONS,20 Microns Limited,Basic Materials,Other Industrial Metals & Mining,722.0,Small-Cap,MonthlyDoubleBottom,Forming,1.0,24,Sep 24mo | Mid rally 166% | Asymmetry 1%,MonthlyDoubleBottom+MonthlyStage2,Uptrend,True,False,Tight-Above-MAs,True,Stage2,1,Uptrend,Uptrend,198.34,346.44,129.61,168.59,463.53,563.27,632.79,541.58,184.0,68.5,10.8,,1.49,0.64,6.77,61.0,18.56,,0,none,14.5,17.3,0.37,13.0,0.2,7.0,8.77,4.49,10.77,14.54,8.06,16.84,23.84,15.7,0.4,lumpy earner,0.32,,1.92,,47.42,6.57,45.04,0.0,,0.41,0.0,0.07,-0.03,283.93,129.61,30.1,53.0,-13.19,47.68,0.27,0.62,7,27.0,28.5,11.0,0.0,66.5,ACCUMULATE ⭐⭐⭐,Expected ~68% CAGR (2yr) | ROCE trend rising ↑ | FCF yield 6.6% | Piotroski F=7 (high quality compounder) | Dividend growing 19%/yr | PEG 0.64 — undervalued,Pattern still forming (not broken out),2-3 years,Medium,"yfinance, screener.in",100,214,,2026-07-25,2026-06-01,54,20.1,7,19.0
SOUTHWEST,South West Pinnacle Exploration Limited,Energy,Oil & Gas Equipment & Services,740.0,Small-Cap,MonthlyDoubleBottom,Forming,0.91,12,Sep 12mo | Mid rally 98% | Asymmetry 7%,,Sideways-Above-MA,True,False,Constructive,False,Stage2,1,Uptrend,Uptrend,226.63,187.16,91.07,192.64,300.17,462.87,713.74,462.87,104.2,42.9,20.96,,3.32,0.39,12.77,0.0,14.47,,0,none,17.7,20.0,0.97,24.0,0.06,13.59,9.64,35.0,25.14,18.5,106.25,54.2,26.97,30.6,0.15,highly inconsistent earnings,0.39,,1.84,,-26.37,-3.56,68.85,0.0,,0.76,0.48,,,275.0,121.0,17.6,87.3,63.56,50.76,0.45,-0.33,6,32.0,20.42,7.0,7.0,66.4,ACCUMULATE ⭐⭐⭐,Expected ~43% CAGR (2yr) | Revenue CAGR 25% | Profit CAGR 54% | ROCE trend rising ↑ | Promoter 69% holding | Piotroski F=6 (above average quality),Pattern still forming (not broken out),2-3 years,Medium,"yfinance, screener.in",100,102,,2026-07-25,2026-06-01,54,-9.2,7,-12.0
RML,Rane (Madras) Limited,Consumer Cyclical,Auto Parts,3259.0,Small-Cap,MonthlyStage2,Breaking Out,1.0,24,10-EMA=799 | 30-EMA=769 | Above by 15.9% | MA turning=Yes,MonthlyDoubleBottom+MonthlyStage2,Uptrend,True,False,Constructive,True,Stage2,3,Uptrend,Uptrend,891.15,768.71,601.53,757.48,2695.7,4118.75,6293.04,4118.75,362.2,115.0,30.31,,4.34,0.57,11.87,136.0,100.0,,0,none,15.4,14.0,3.51,9.0,1.34,2.78,5.21,13.42,17.95,24.98,181.58,52.79,121.65,5.2,0.15,highly inconsistent earnings,1.0,,0.92,,111.05,3.41,70.45,0.0,,0.33,0.27,0.79,-0.18,1323.9,608.5,32.7,46.5,5.64,0.53,3.21,0.43,6,26.0,27.0,10.0,3.0,66.0,ACCUMULATE ⭐⭐⭐,Expected ~115% CAGR (2yr) | Revenue CAGR 18% | Profit CAGR 53% | ROCE trend rising ↑ | Promoter 70% holding | FCF yield 3.4%,High D/E 1.0,2-3 years,Medium,"yfinance, screener.in",100,250,,2026-07-25,2026-06-01,54,0.0,7,-2.0
ACE,Action Construction Equipment Limited,Industrials,Farm & Heavy Construction Machinery,11753.0,Mid-Cap,MonthlyDoubleBottom,Forming,0.497,9,Sep 9mo | Mid rally 59% | Asymmetry 9%,MonthlyDoubleBottom+MonthlyStage2,Uptrend,True,False,Tight-Above-MAs,True,Stage2,4,Uptrend,Uptrend,989.0,289.73,173.79,840.65,1682.74,2252.68,3015.66,2252.68,127.8,50.9,28.32,21.75,5.84,0.84,22.07,20.0,49.38,1247.0,2,none,22.9,31.7,3.66,15.0,1.34,12.65,9.83,-1.41,14.94,21.73,1.47,33.87,38.99,-6.5,0.4,lumpy earner,0.0,,1.33,,272.88,2.32,65.42,0.0,,7.82,-1.76,2.59,0.75,1170.0,745.1,15.5,32.7,-5.02,4.19,0.34,0.32,6,38.0,20.96,6.0,1.0,66.0,ACCUMULATE ⭐⭐⭐,Expected ~51% CAGR (2yr) | Profit CAGR 34% | ROE 23% | ROCE 32% | ROCE trend rising ↑ | Nearly debt-free,Pattern still forming (not broken out),2-3 years,Medium,"yfinance, screener.in",100,239,,2026-07-25,2026-06-01,54,12.1,7,5.0
GRWRHITECH,Garware Hi-Tech Films Limited,Basic Materials,Specialty Chemicals,16194.0,Mid-Cap,MonthlyStage2,Stage Change,1.0,24,10-EMA=4991 | 30-EMA=3733 | Above by 89.3% | MA turning=Yes,,Uptrend,True,False,Tight-Above-MAs,True,Stage2,1,Uptrend,Uptrend,7067.0,3733.01,2687.86,6006.95,4043.64,5125.32,6496.34,5125.32,,,47.85,38.26,6.1,1.79,35.51,17.0,6.27,,0,none,13.4,18.0,1.46,20.0,-0.0,15.95,8.55,0.52,13.81,16.47,2.11,26.75,21.82,39.1,0.15,highly inconsistent earnings,0.01,,4.43,,60.47,0.37,60.73,0.0,,3.98,0.02,5.28,-0.07,7185.0,2681.0,1.6,163.6,163.82,494.05,0.3,0.67,6,26.0,28.5,1.0,10.0,65.5,ACCUMULATE ⭐⭐⭐,Profit CAGR 27% | ROCE trend rising ↑ | Nearly debt-free | Promoter 61% holding | Piotroski F=6 (above average quality) | MonthlyStage2 forming (24mo base),None identified,2-3 years,Medium,"yfinance, screener.in",100,54,,2026-07-25,2026-06-01,54,27.5,7,-1.5
INFOBEAN,,Technology,Software - Application,0.0,Micro-Cap,MonthlyStage2,Stage Change,1.0,24,10-EMA=160 | 30-EMA=137 | Above by 23.8% | MA turning=Yes,MonthlyCupHandle+MonthlyDoubleBottom+MonthlyStage2,Sideways,False,False,Constructive,True,Downtrend,0,Uptrend,Uptrend,169.78,137.16,72.69,144.31,411.08,551.68,740.35,551.68,224.9,80.3,18.62,,,0.54,12.37,30.0,0.0,,0,none,23.2,29.2,0.37,22.0,-0.71,16.87,12.26,30.13,10.11,23.35,128.95,34.2,18.65,104.2,0.15,highly inconsistent earnings,0.04,,10.14,,44.87,,72.84,-1.56,,0.45,-0.1,0.2,-0.76,257.5,106.0,34.1,60.2,11.61,15.73,0.2,0.55,6,34.0,19.5,10.0,2.0,65.5,ACCUMULATE ⭐⭐⭐,Expected ~80% CAGR (2yr) | Profit CAGR 34% | ROE 23% | ROCE 29% | ROCE trend rising ↑ | Nearly debt-free,Margin compression ↓,2-3 years,Medium,"yfinance, screener.in",90,109,,2026-07-25,2026-06-01,54,11.5,7,-0.5
MPSLTD,MPS Limited,Communication Services,Publishing,3559.0,Small-Cap,MonthlyDoubleBottom,Forming,1.0,25,Sep 25mo | Mid rally 125% | Asymmetry 0%,,Sideways,False,False,Below-MAs,True,Downtrend,0,Uptrend,Uptrend,1828.9,3013.89,1336.1,1554.57,3116.79,4691.68,4241.08,3635.73,156.5,60.2,20.53,16.79,5.97,1.23,14.84,396.0,40.38,2500.0,1,strong_buy,31.2,39.3,3.0,31.0,0.94,22.54,15.89,5.64,15.3,12.67,16.11,16.65,24.0,-0.1,0.4,lumpy earner,0.1,,1.45,,194.33,5.46,68.34,0.0,,1.38,-0.09,2.14,0.18,2485.0,1336.1,26.4,36.9,-22.35,68.26,0.94,0.44,6,40.0,18.5,6.0,1.0,65.5,ACCUMULATE ⭐⭐⭐,Expected ~60% CAGR (2yr) | Revenue CAGR 15% | ROE 31% | ROCE 39% | ROCE trend rising ↑ | Low D/E 0.10,Pattern still forming (not broken out),2-3 years,Medium,"yfinance, screener.in",100,287,,2026-07-25,2026-06-01,54,0.0,7,0.0
GLENMARK,Glenmark Pharmaceuticals Limited,Healthcare,Drug Manufacturers - Specialty & Generic,63086.0,Large-Cap,MonthlyDoubleBottom,Forming,1.0,48,Sep 48mo | Mid rally 152% | Asymmetry 2%,,Sideways-Above-MA,True,False,Constructive,False,Stage2,6,Uptrend,Uptrend,2282.9,1214.53,478.22,1940.46,2220.22,2478.51,2738.99,2466.0,8.6,4.2,46.29,22.74,6.0,4.18,13.67,22.0,25.99,2497.27,11,buy,30.5,39.8,3.89,27.0,0.94,8.02,13.9,27.48,13.61,9.19,30.09,11.07,11.91,6382.0,0.15,highly inconsistent earnings,0.06,,1.77,,1177.36,1.87,46.65,0.0,,20.89,0.54,18.6,-0.68,2474.0,1792.6,7.7,27.4,19.85,174.01,0.26,0.26,7,34.0,22.5,5.0,4.0,65.5,ACCUMULATE ⭐⭐⭐,Expected ~4% CAGR (2yr) | ROE 30% | ROCE 40% | ROCE trend rising ↑ | Nearly debt-free | OPM 27%,Earnings due 2026-08-13 | Pattern still forming (not broken out),2-3 years,Medium,"yfinance, screener.in",100,289,2026-08-13,2026-07-25,2026-06-01,54,-5.1,7,2.0
AUROPHARMA,Aurobindo Pharma Limited,Healthcare,Drug Manufacturers - Specialty & Generic,88228.0,Large-Cap,MonthlyStage2,Stage Change,1.0,24,10-EMA=1370 | 30-EMA=1208 | Above by 29.5% | MA turning=Yes,MonthlyCupHandle+MonthlyDoubleBottom+MonthlyStage2,Uptrend,True,False,Tight-Above-MAs,True,Stage2,6,Uptrend,Uptrend,1564.7,1207.85,1024.06,1329.99,3461.3,3160.01,5153.49,4223.48,102.0,42.1,25.38,17.04,2.35,1.15,12.62,26.0,-12.64,1564.79,29,buy,10.1,12.8,-0.49,20.0,0.17,10.41,5.86,6.08,10.63,6.32,0.55,22.02,-8.07,2.0,0.15,highly inconsistent earnings,0.21,,1.81,,1318.53,1.49,51.88,0.06,,16.38,1.14,25.05,-0.77,1636.8,1016.1,4.4,54.0,53.69,64.34,0.28,0.02,6,20.0,28.5,9.0,8.0,65.5,ACCUMULATE ⭐⭐⭐,Expected ~42% CAGR (2yr) | Profit CAGR 22% | Low D/E 0.21 | Promoter 52% holding | Piotroski F=6 (above average quality) | FII buying +1.1% ↑,Earnings due 2026-08-04,2-3 years,Medium,"yfinance, screener.in",100,367,2026-08-04,2026-07-25,2026-06-01,54,3.4,7,3.0
TERASOFT,Tera Software Limited,Technology,Information Technology Services,499.0,Micro-Cap,MonthlyDoubleBottom,Forming,1.0,14,Sep 14mo | Mid rally 167% | Asymmetry 8%,,Sideways,False,False,Below-MAs,True,Downtrend,0,Uptrend,Uptrend,401.2,84.8,30.63,341.02,1358.28,2753.78,5583.01,2753.78,586.4,162.0,20.12,,3.42,0.2,13.13,25.0,,,0,none,18.5,24.4,8.0,15.0,7.2,10.42,9.27,120.37,22.02,,177.78,102.74,,119.9,0.4,lumpy earner,0.27,,1.69,,-27.34,-5.48,47.53,0.0,,0.0,-0.08,,,598.0,282.8,32.9,41.9,32.32,857.5,0.22,0.3,5,30.0,17.5,12.0,6.0,65.5,ACCUMULATE ⭐⭐⭐,Expected ~162% CAGR (2yr) | Revenue CAGR 22% | Profit CAGR 103% | ROCE 24% | ROCE trend rising ↑ | Low D/E 0.27,Pattern still forming (not broken out),2-3 years,Medium,"yfinance, screener.in",100,116,,2026-07-25,2026-06-01,54,26.2,7,3.5
ANANTRAJ,Anant Raj Limited,Real Estate,Real Estate - Development,21308.0,Mid-Cap,MonthlyStage2,Stage Change,1.0,24,10-EMA=533 | 30-EMA=490 | Above by 19.6% | MA turning=Yes,MonthlyDoubleBottom+MonthlyStage2,Uptrend,True,True,Constructive,True,Stage2,3,Uptrend,Uptrend,585.85,489.87,405.7,497.97,875.03,1095.77,2112.57,1359.62,87.0,36.8,37.45,20.19,3.59,0.68,32.48,17.0,82.55,700.0,3,none,11.2,12.1,2.43,26.0,2.46,22.18,6.27,21.94,37.94,58.64,31.22,55.38,128.37,25.1,0.15,highly inconsistent earnings,0.12,,9.76,,-293.54,-1.38,57.41,0.0,,10.88,-0.26,4.83,-0.37,743.65,403.0,21.2,45.4,14.36,141.89,0.45,0.37,5,30.0,25.5,7.0,3.0,65.5,ACCUMULATE ⭐⭐⭐,Expected ~37% CAGR (2yr) | Revenue CAGR 38% | Profit CAGR 55% | ROCE trend rising ↑ | Low D/E 0.12 | Promoter 57% holding,None identified,2-3 years,Medium,"yfinance, screener.in",100,239,,2026-07-25,2026-06-01,54,21.4,7,7.0
ZENSARTECH,Zensar Technologies Limited,Technology,Information Technology Services,11749.0,Mid-Cap,MonthlyDoubleBottom,Forming,1.0,46,Sep 46mo | Mid rally 195% | Asymmetry 7%,,Sideways,False,False,Below-MAs,True,Downtrend,0,Uptrend,Uptrend,518.6,548.62,179.94,440.81,1508.55,1434.38,2676.11,2009.24,176.6,66.3,15.38,13.42,2.49,0.46,10.62,289.0,44.22,572.08,12,buy,17.3,22.8,0.57,16.0,-0.09,13.62,9.04,7.69,5.46,8.51,19.23,33.19,20.35,19.4,0.15,highly inconsistent earnings,0.02,,3.52,,771.32,6.56,49.0,-0.01,,10.73,0.22,21.98,-1.68,868.95,423.0,40.3,22.6,-31.35,-24.16,15.37,0.12,5,34.0,18.5,13.0,0.0,65.5,ACCUMULATE ⭐⭐⭐,Expected ~66% CAGR (2yr) | Profit CAGR 33% | ROCE 23% | ROCE trend rising ↑ | Nearly debt-free | FCF yield 6.6%,Pattern still forming (not broken out),2-3 years,Medium,"yfinance, screener.in",100,289,,2026-07-25,2026-06-01,54,5.0,7,12.0
CLSEL,Chaman Lal Setia Exports Ltd.,Consumer Defensive,Packaged Foods,1350.0,Small-Cap,MonthlyCupHandle,Forming,0.819,12,Cup 12mo | Depth 24% | Prior gain 22% | R²=0.99,MonthlyCupHandle+MonthlyStage2,Sideways-Above-MA,True,False,Constructive,False,Stage2,15,Uptrend,Uptrend,288.0,364.37,277.5,263.62,2416.04,3773.86,5894.77,3773.86,1210.4,262.0,11.75,,1.61,0.21,8.31,92.0,75.0,,0,none,14.61,,,11.85,,7.97,9.47,16.5,,,56.2,,,55.9,0.5,insufficient history,0.1,,6.94,,95.41,7.07,74.05,0.0,,3.3,0.22,1.57,-0.01,347.4,203.75,17.1,41.3,4.81,18.8,0.14,0.43,4,32.0,19.33,12.0,2.0,65.3,ACCUMULATE ⭐⭐⭐,Expected ~262% CAGR (2yr) | Revenue CAGR 16% | Profit CAGR 56% | Nearly debt-free | Promoter 74% holding | FCF yield 7.1%,Pattern still forming (not broken out),2-3 years,Medium,"yfinance, screener.in",70,63,,2026-07-25,2026-06-01,54,11.5,7,0.6
HEROMOTOCO,Hero MotoCorp Limited,Consumer Cyclical,Auto Manufacturers,98244.0,Large-Cap,MonthlyCupHandle,Forming,0.833,22,Cup 22mo | Depth 36% | Prior gain 66% | R²=0.98,MonthlyCupHandle+MonthlyDoubleBottom,Downtrend,False,False,Below-MAs,False,Stage2,3,Uptrend,Uptrend,4910.0,6106.48,3934.36,4173.5,17758.59,15898.87,28778.3,22606.68,223.8,79.9,17.12,15.5,4.55,0.63,12.65,377.0,3.23,5837.15,34,buy,28.1,35.2,2.77,15.0,0.6,12.11,12.54,15.85,11.55,8.9,31.99,27.3,14.49,25.7,0.15,highly inconsistent earnings,0.04,,1.91,,6268.94,6.38,34.73,0.0,,31.15,1.72,24.69,-1.59,6388.5,4195.0,23.1,17.0,-0.71,58.16,0.39,0.5,7,38.0,14.0,12.0,1.0,65.0,ACCUMULATE ⭐⭐⭐,Expected ~80% CAGR (2yr) | Profit CAGR 27% | ROE 28% | ROCE 35% | ROCE trend rising ↑ | Nearly debt-free,Earnings due 2026-08-05 | Pattern still forming (not broken out),2-3 years,Medium,"yfinance, screener.in",100,289,2026-08-05,2026-07-25,2026-06-01,54,-1.9,7,-4.2
GODFRYPHLP,Godfrey Phillips India Limited,Consumer Defensive,Tobacco,32911.0,Large-Cap,MonthlyDoubleBottom,Forming,1.0,7,Sep 7mo | Mid rally 112% | Asymmetry 10%,MonthlyDoubleBottom+MonthlyStage2,Downtrend,False,False,Below-MAs,False,Stage2,15,Uptrend,Uptrend,2115.3,439.44,197.7,1798.01,6412.56,8354.93,10885.63,8354.93,295.0,98.7,21.55,18.82,5.3,0.71,20.54,175.0,58.27,,0,none,26.6,32.8,3.37,25.0,0.29,23.88,11.97,13.9,21.51,20.41,42.35,30.29,32.33,86.7,0.75,consistent growth,0.04,,2.44,,44.89,0.14,72.58,0.0,,7.8,-0.11,3.66,0.38,3947.0,1832.1,46.4,15.5,-40.79,183.62,0.07,0.3,7,40.0,15.0,10.0,0.0,65.0,ACCUMULATE ⭐⭐⭐,Expected ~99% CAGR (2yr) | Revenue CAGR 22% | Profit CAGR 30% | ROE 27% | ROCE 33% | ROCE trend rising ↑,Pattern still forming (not broken out),2-3 years,Medium,"yfinance, screener.in",100,331,,2026-07-25,2026-06-01,54,-9.6,7,-2.0
3MINDIA,3M India Limited,Industrials,Conglomerates,39281.0,Large-Cap,MonthlyCupHandle,Forming,0.916,22,Cup 22mo | Depth 21% | Prior gain 23% | R²=0.97,MonthlyCupHandle+MonthlyDoubleBottom+MonthlyStage2,Uptrend,True,True,Constructive,True,Stage2,4,Uptrend,Uptrend,35370.0,37436.67,29755.96,30064.5,22179.93,45117.38,38045.54,29049.05,27.6,12.9,75.19,46.28,22.32,2.43,39.38,46.0,71.68,36726.0,1,none,30.5,40.5,0.09,19.0,1.34,10.26,18.76,-0.07,7.86,6.98,4.8,30.97,13.67,203.1,0.15,highly inconsistent earnings,0.1,,2.18,,459.29,1.17,75.0,0.0,,3.5,-0.02,8.16,-0.18,38030.0,28730.0,7.0,23.1,15.89,-8.2,0.3,0.27,6,38.0,23.99,-1.0,4.0,65.0,ACCUMULATE ⭐⭐⭐,Expected ~13% CAGR (2yr) | Profit CAGR 31% | ROE 30% | ROCE 40% | ROCE trend rising ↑ | Nearly debt-free,High PE 75 | Pattern still forming (not broken out),2-3 years,Medium,"yfinance, screener.in",100,289,,2026-07-25,2026-06-01,54,11.2,7,4.9
RAMRAT,Ram Ratna Wires Limited,Industrials,Electrical Equipment & Parts,3834.0,Small-Cap,MonthlyCupHandle,Forming,0.717,19,Cup 19mo | Depth 32% | Prior gain 106% | R²=0.98,MonthlyCupHandle+MonthlyDoubleBottom,Uptrend,True,False,Tight-Above-MAs,True,Stage2,4,Uptrend,Uptrend,425.6,427.1,290.58,361.76,565.85,749.01,991.47,749.01,76.0,32.7,35.84,,6.62,1.11,17.3,61.0,0.0,,0,none,20.6,23.6,2.31,5.0,0.06,2.08,8.55,40.79,25.01,27.66,55.71,32.37,46.78,69.1,0.15,highly inconsistent earnings,1.15,,1.15,,-359.5,-9.38,69.3,0.0,,0.17,0.08,0.44,0.02,520.0,268.0,18.2,58.8,33.64,192.32,0.79,0.4,4,27.0,24.6,6.0,7.0,64.6,ACCUMULATE ⭐⭐⭐,Expected ~33% CAGR (2yr) | Revenue CAGR 25% | Profit CAGR 32% | ROE 21% | ROCE 24% | ROCE trend rising ↑,High D/E 1.2 | Pattern still forming (not broken out),3-4 years,Medium-High,"yfinance, screener.in",100,47,,2026-07-25,2026-06-01,54,0.0,7,0.0
PIXTRANS,PIX Transmissions Limited,Industrials,Specialty Industrial Machinery,2450.0,Small-Cap,MonthlyDoubleBottom,Forming,1.0,14,Sep 14mo | Mid rally 133% | Asymmetry 4%,MonthlyDoubleBottom+MonthlyStage2,Uptrend,True,False,Tight-Above-MAs,True,Stage2,4,Uptrend,Uptrend,1531.9,2783.67,1173.0,1302.12,2683.9,4394.34,3741.5,3168.88,186.9,69.4,22.94,,3.52,1.27,14.17,50.0,14.47,,0,none,16.4,21.7,-0.34,26.0,-0.34,18.31,10.49,-1.85,6.19,8.9,-5.31,18.07,10.48,-10.7,0.15,highly inconsistent earnings,0.04,,6.86,,106.04,4.33,62.06,0.0,,0.61,0.2,2.7,0.19,1937.9,1220.1,21.0,25.6,3.82,45.58,0.29,-0.05,4,27.0,27.5,7.0,3.0,64.5,ACCUMULATE ⭐⭐⭐,Expected ~69% CAGR (2yr) | ROCE 22% | Nearly debt-free | Promoter 62% holding | OPM 26% | FCF yield 4.3%,Pattern still forming (not broken out),3-4 years,Medium-High,"yfinance, screener.in",100,50,,2026-07-25,2026-06-01,54,0.0,7,-4.0
V2RETAIL,V2 Retail Limited,Consumer Cyclical,Apparel Retail,8063.0,Mid-Cap,MonthlyDoubleBottom,Forming,1.0,33,Sep 33mo | Mid rally 505% | Asymmetry 6%,,Sideways-Above-MA,True,False,Constructive,False,Stage2,3,Uptrend,Uptrend,221.72,55.56,8.93,188.46,722.09,1892.38,4959.36,1892.38,753.5,192.1,48.28,2.51,8.58,0.3,26.76,0.0,,,0,none,22.9,19.3,3.6,15.0,1.2,5.28,9.03,62.79,54.05,41.64,125.0,162.07,,181.3,0.2,multiple loss years in history,1.1,,1.44,,-453.54,-5.62,51.43,0.0,,3.11,0.49,10.65,1.37,259.25,158.56,14.5,39.8,29.31,1424.76,0.58,0.22,4,26.0,22.5,10.0,6.0,64.5,ACCUMULATE ⭐⭐⭐,Expected ~192% CAGR (2yr) | Revenue CAGR 54% | Profit CAGR 162% | ROE 23% | ROCE trend rising ↑ | Promoter 51% holding,High D/E 1.1 | Pattern still forming (not broken out),3-4 years,Medium-High,"yfinance, screener.in",100,229,,2026-07-25,2026-06-01,54,-1.9,7,-2.0
KARURVYSYA,The Karur Vysya Bank Limited,Financial Services,Banks - Regional,29946.0,Mid-Cap,MonthlyDoubleBottom,Forming,1.0,35,Sep 35mo | Mid rally 115% | Asymmetry 0%,,Uptrend,True,False,Uptrend,True,Stage2,12,Uptrend,Uptrend,293.25,103.53,48.12,249.26,749.46,775.3,1494.24,1058.24,164.4,62.6,11.93,9.76,2.12,0.29,,84.0,17.57,350.89,18,buy,19.28,,,57.61,,40.05,1.96,19.5,,,41.2,,,41.2,0.5,insufficient history,,,,,,,2.07,0.0,,19.25,2.38,39.26,-0.94,343.45,201.82,14.6,45.3,40.57,170.12,0.78,-0.07,2,20.0,26.5,10.0,8.0,64.5,ACCUMULATE ⭐⭐⭐,Expected ~63% CAGR (2yr) | Revenue CAGR 20% | Profit CAGR 41% | OPM 58% | FII buying +2.4% ↑ | Dividend growing 18%/yr,Earnings due 2026-07-20 | Pattern still forming (not broken out),3-4 years,Medium-High,"yfinance, screener.in",50,365,2026-07-20,2026-07-25,2026-06-01,54,0.0,7,1.0
VAIBHAVGBL,Vaibhav Global Limited,Consumer Cyclical,Luxury Goods,4384.0,Small-Cap,MonthlyDoubleBottom,Forming,1.0,17,Sep 17mo | Mid rally 113% | Asymmetry 3%,,Uptrend,True,False,Uptrend,True,Stage2,3,Uptrend,Uptrend,255.5,208.43,96.52,217.17,1112.75,1516.9,2067.84,1516.9,493.7,143.7,16.64,5.41,2.65,0.46,14.87,229.0,-20.63,,0,none,17.9,16.4,-3.37,10.0,-0.74,7.21,7.03,9.23,11.12,7.77,73.86,36.32,-0.45,167.4,0.15,highly inconsistent earnings,0.25,,2.75,,127.99,2.92,57.43,0.32,,16.44,-1.62,2.23,0.56,293.25,174.13,12.9,46.7,28.4,-64.56,0.66,0.23,5,21.0,25.5,12.0,6.0,64.5,ACCUMULATE ⭐⭐⭐,Expected ~144% CAGR (2yr) | Profit CAGR 36% | Low D/E 0.25 | Promoter 57% holding | Margin compressing ↓ ⚠️ | Piotroski F=5 (above average quality),Margin compression ↓ | Pattern still forming (not broken out),3-4 years,Medium-High,"yfinance, screener.in",100,268,,2026-07-25,2026-06-01,54,14.2,7,10.0
INDNIPPON,India Nippon Electricals Limited,Consumer Cyclical,Auto Parts,2745.0,Small-Cap,MonthlyStage2,Stage Change,1.0,24,10-EMA=900 | 30-EMA=754 | Above by 60.4% | MA turning=Yes,MonthlyCupHandle+MonthlyDoubleBottom+MonthlyStage2,Uptrend,True,True,Uptrend,True,Stage2,3,Uptrend,Uptrend,1208.9,753.62,540.04,1027.57,3309.6,4376.61,5787.63,4376.61,262.0,90.3,24.69,49.55,3.34,0.77,,128.0,18.78,,0,none,11.9,17.0,1.2,11.0,0.49,10.4,6.28,26.39,17.64,17.3,35.37,32.24,22.65,,0.4,lumpy earner,,,2.51,,-4.1,-0.15,70.37,0.0,,0.41,-0.01,0.06,0.0,1245.5,675.0,2.9,79.1,54.62,139.34,1.17,0.38,6,22.0,26.5,6.0,10.0,64.5,ACCUMULATE ⭐⭐⭐,Expected ~90% CAGR (2yr) | Revenue CAGR 18% | Profit CAGR 32% | ROCE trend rising ↑ | Promoter 70% holding | Piotroski F=6 (above average quality),None identified,3-4 years,Medium-High,"yfinance, screener.in",90,289,,2026-07-25,2026-06-01,54,54.9,7,14.9
PRUDENT,Prudent Corporate Advisory Services Limited,Financial Services,Asset Management,11981.0,Mid-Cap,MonthlyCupHandle,Forming,0.853,18,Cup 18mo | Depth 25% | Prior gain 127% | R²=0.96,,Uptrend,True,False,Constructive,True,Stage2,12,Uptrend,Uptrend,2726.2,3352.49,2515.37,2389.6,1348.72,4189.61,2067.1,1669.71,53.7,24.0,54.05,36.28,13.57,2.27,,12.0,32.64,3091.43,7,buy,28.6,37.5,-1.49,25.0,-0.03,16.6,20.48,18.36,29.53,35.37,13.27,23.8,37.6,14.3,0.4,lumpy earner,0.04,,3.06,,,,55.31,0.0,,14.28,-0.61,23.95,0.37,3160.1,2121.0,13.7,28.5,8.43,155.59,0.55,0.41,4,37.0,23.24,1.0,3.0,64.2,ACCUMULATE ⭐⭐⭐,Expected ~24% CAGR (2yr) | Revenue CAGR 30% | Profit CAGR 24% | ROE 29% | ROCE 38% | Nearly debt-free,High PE 54 | Pattern still forming (not broken out),3-4 years,Medium-High,"yfinance, screener.in",90,49,,2026-07-25,2026-06-01,54,0.0,7,1.0
BSE,BSE Limited,Financial Services,Financial Data & Stock Exchanges,145467.0,Large-Cap,None,,0.0,0,,,Sideways-Above-MA,True,False,Constructive,False,Stage2,12,Uptrend,Uptrend,3811.6,,,3239.86,3172.73,6026.17,16696.29,7278.24,58.1,25.7,59.53,36.98,18.5,0.46,33.78,28.0,35.72,4148.06,17,buy,44.8,58.0,10.2,64.0,6.26,48.73,20.81,50.5,73.54,50.31,88.12,129.4,77.29,62.9,0.15,highly inconsistent earnings,0.0,,1.53,,5136.78,3.53,,,,21.32,1.9,24.15,-0.94,4446.8,2021.5,14.3,88.6,82.73,975.35,,0.28,6,40.0,9.0,8.0,7.0,64.0,ACCUMULATE ⭐⭐⭐,Expected ~26% CAGR (2yr) | Revenue CAGR 74% | Profit CAGR 129% | ROE 45% | ROCE 58% | ROCE trend rising ↑,High PE 60,3-4 years,Medium-High,"yfinance, screener.in",90,114,,2026-07-25,2026-06-01,54,-9.0,7,-5.0
TEMBO,Tembo Global Industries Limited,Industrials,Metal Fabrication,846.0,Small-Cap,MonthlyDoubleBottom,Forming,1.0,18,Sep 18mo | Mid rally 285% | Asymmetry 8%,MonthlyCupHandle+MonthlyDoubleBottom+MonthlyStage2,Downtrend,False,False,Below-MAs,False,Stage2,4,Uptrend,Uptrend,551.4,302.52,75.32,468.69,4714.3,11961.13,30347.77,11961.13,2069.2,365.7,10.68,,1.79,0.07,6.91,37.0,-12.64,,0,none,27.5,22.8,3.54,13.0,1.49,8.38,10.0,46.51,63.37,59.98,92.16,153.72,117.79,83.6,0.4,lumpy earner,0.78,,1.92,,-341.83,-40.39,37.74,1.36,,8.53,-0.05,1.49,0.54,837.0,433.35,34.1,27.2,-14.72,129.04,0.62,0.68,5,34.0,16.0,14.0,0.0,64.0,ACCUMULATE ⭐⭐⭐,Expected ~366% CAGR (2yr) | Revenue CAGR 63% | Profit CAGR 154% | ROE 28% | ROCE 23% | ROCE trend rising ↑,Pattern still forming (not broken out),3-4 years,Medium-High,"yfinance, screener.in",100,96,,2026-07-25,2026-06-01,54,-3.2,7,-1.5
GENUSPOWER,Genus Power Infrastructures Limited,Industrials,Electrical Equipment & Parts,8770.0,Mid-Cap,MonthlyDoubleBottom,Forming,1.0,23,Sep 23mo | Mid rally 136% | Asymmetry 2%,MonthlyCupHandle+MonthlyDoubleBottom+MonthlyStage2,Sideways-Above-MA,True,False,Constructive,False,Stage2,4,Uptrend,Uptrend,317.05,482.57,202.74,269.49,2096.65,5730.14,15660.47,5730.14,1707.3,325.1,14.88,12.43,3.95,0.09,11.27,77.0,114.0,445.0,2,none,29.0,23.9,2.94,19.0,1.17,12.47,10.03,94.55,80.49,50.81,90.35,173.3,53.71,39.3,0.15,highly inconsistent earnings,1.04,,1.75,,-1130.65,-12.89,39.34,0.0,,18.73,-0.16,3.04,-0.3,394.0,206.36,19.5,53.6,-1.61,-1.7,2.23,0.31,5,29.0,22.0,12.0,1.0,64.0,ACCUMULATE ⭐⭐⭐,Expected ~325% CAGR (2yr) | Revenue CAGR 80% | Profit CAGR 173% | ROE 29% | ROCE 24% | ROCE trend rising ↑,High D/E 1.0 | Pattern still forming (not broken out),3-4 years,Medium-High,"yfinance, screener.in",100,253,,2026-07-25,2026-06-01,54,2.5,7,1.0
DPABHUSHAN,D. P. Abhushan Limited,Consumer Cyclical,Luxury Goods,3050.0,Small-Cap,MonthlyDoubleBottom,Forming,0.47,7,Sep 7mo | Mid rally 55% | Asymmetry 8%,MonthlyDoubleBottom+MonthlyStage2,Sideways-Above-MA,True,True,Constructive,True,Stage2,3,Uptrend,Uptrend,1193.7,1927.0,1189.25,1129.79,10109.55,20532.49,41701.5,20532.49,1620.1,314.7,14.39,,4.81,0.14,10.91,0.0,0.0,,0,none,34.5,24.4,2.0,4.0,0.0,5.21,18.54,42.22,,,51.85,,,101.2,1.0,steady compounder (low CV),0.48,,2.14,,-154.9,-5.08,74.89,0.0,,0.23,-0.09,0.0,0.0,1729.6,866.1,31.0,37.8,-23.11,136.09,2.4,-0.49,4,36.0,14.64,12.0,1.0,63.6,ACCUMULATE ⭐⭐⭐,Expected ~315% CAGR (2yr) | Revenue CAGR 86% | Profit CAGR 103% | ROE 34% | ROCE 24% | ROCE trend rising ↑,Pattern still forming (not broken out),3-4 years,Medium-High,"yfinance, screener.in",80,106,,2026-07-25,2026-06-01,54,34.2,7,7.0
TMB,Tamilnad Mercantile Bank Limited,Financial Services,Banks - Regional,12626.0,Mid-Cap,MonthlyStage2,Stage Change,1.0,24,10-EMA=653 | 30-EMA=544 | Above by 49.7% | MA turning=Yes,MonthlyDoubleBottom+MonthlyStage2,Uptrend,True,False,Uptrend,True,Stage2,12,Uptrend,Uptrend,814.05,543.83,399.27,691.94,2383.49,3050.87,3905.12,3050.87,274.8,93.6,9.44,,1.25,0.34,,157.0,7.72,,0,none,13.99,,,54.29,,39.86,1.89,23.5,,,28.0,,,28.0,0.5,insufficient history,,,,,,,,,,6.73,0.54,1.96,0.05,821.2,411.8,0.9,97.7,97.92,31.53,0.5,0.43,2,18.0,26.5,9.0,10.0,63.5,ACCUMULATE ⭐⭐⭐,Expected ~94% CAGR (2yr) | Revenue CAGR 24% | Profit CAGR 28% | OPM 54% | FII buying +0.5% ↑ | PEG 0.34 — deeply undervalued,None identified,3-4 years,Medium-High,"yfinance, screener.in",40,47,,2026-07-25,2026-06-01,54,19.8,7,0.0
PARAS,Paras Defence and Space Technologies Limited,Industrials,Aerospace & Defense,9479.0,Mid-Cap,MonthlyDoubleBottom,Forming,1.0,42,Sep 42mo | Mid rally 172% | Asymmetry 9%,MonthlyDoubleBottom+MonthlyStage2,Uptrend,True,False,Tight-Above-MAs,True,Stage2,4,Uptrend,Uptrend,763.1,1591.47,560.27,648.63,345.48,2622.67,631.69,467.16,243.7,85.4,107.52,70.86,13.06,3.05,77.86,4.0,,703.0,1,none,12.6,16.9,0.97,25.0,-1.17,18.49,7.12,30.68,29.04,27.24,45.9,35.22,40.95,74.3,0.15,highly inconsistent earnings,0.04,,3.23,,55.19,0.58,53.2,0.0,,8.29,3.23,3.04,1.8,1443.0,580.5,47.1,31.5,3.33,1.82,0.86,0.52,5,34.0,28.5,-1.0,2.0,63.5,ACCUMULATE ⭐⭐⭐,Expected ~85% CAGR (2yr) | Revenue CAGR 29% | Profit CAGR 35% | ROCE trend rising ↑ | Nearly debt-free | Promoter 53% holding,High PE 108 | Margin compression ↓ | Pattern still forming (not broken out),3-4 years,Medium-High,"yfinance, screener.in",100,56,,2026-07-25,2026-06-01,54,0.0,6,1.0
SUNPHARMA,Sun Pharmaceutical Industries Limited,Healthcare,Drug Manufacturers - Specialty & Generic,463695.0,Large-Cap,MonthlyDoubleBottom,Forming,1.0,32,Sep 32mo | Mid rally 113% | Asymmetry 4%,,Uptrend,True,False,Uptrend,True,Stage2,6,Uptrend,Uptrend,1955.4,1099.65,505.12,1662.09,2151.58,2249.4,2630.46,2379.0,15.0,7.3,40.48,29.97,5.55,3.83,26.67,83.0,11.64,2055.0,34,buy,16.0,20.5,1.43,28.0,0.6,19.64,8.47,11.19,10.03,11.78,4.96,10.57,38.33,26.2,0.15,highly inconsistent earnings,0.06,,2.82,,5948.38,1.28,54.48,0.0,,14.54,-1.4,22.06,1.06,1962.7,1548.0,0.4,26.3,24.33,54.57,0.32,0.08,7,28.0,26.5,1.0,8.0,63.5,ACCUMULATE ⭐⭐⭐,Expected ~7% CAGR (2yr) | ROCE 20% | ROCE trend rising ↑ | Nearly debt-free | Promoter 54% holding | OPM 28%,Earnings due 2026-07-31 | Pattern still forming (not broken out),3-4 years,Medium-High,"yfinance, screener.in",100,367,2026-07-31,2026-07-25,2026-06-01,54,3.9,7,1.0
HARIOMPIPE,Hariom Pipe Industries Limited,Basic Materials,Steel,1250.0,Small-Cap,MonthlyDoubleBottom,Forming,0.698,8,Sep 8mo | Mid rally 75% | Asymmetry 5%,,Uptrend,True,False,Tight-Above-MAs,True,Stage2,1,Uptrend,Uptrend,401.3,571.56,319.99,341.11,917.33,1601.66,2796.5,1601.66,299.1,99.8,16.5,,1.93,0.22,7.9,15.0,1.67,,0,none,12.4,15.7,2.0,13.0,1.5,4.54,7.46,3.93,,,22.58,,,74.6,0.75,consistent growth,0.62,,1.68,,-33.97,-2.72,57.27,0.0,,10.25,0.75,0.07,0.01,572.2,268.05,29.9,49.7,-15.94,-62.33,0.14,0.7,6,29.0,23.38,11.0,0.0,63.4,ACCUMULATE ⭐⭐⭐,Expected ~100% CAGR (2yr) | Revenue CAGR 27% | Profit CAGR 75% | ROCE trend rising ↑ | Promoter 57% holding | EPS: consistent growth,Pattern still forming (not broken out),3-4 years,Medium-High,"yfinance, screener.in",80,52,,2026-07-25,2026-06-01,54,28.3,7,7.0
AVANTIFEED,Avanti Feeds Limited,Consumer Defensive,Packaged Foods,13963.0,Mid-Cap,MonthlyDoubleBottom,Forming,1.0,7,Sep 7mo | Mid rally 196% | Asymmetry 8%,,Downtrend,False,False,Below-MAs,False,Stage2,15,Uptrend,Uptrend,924.75,715.67,232.83,786.04,2519.79,3229.87,4140.05,3229.87,249.3,86.9,23.09,21.0,4.25,0.82,16.96,88.0,12.92,1166.0,1,hold,20.2,25.9,0.83,12.0,0.6,9.99,10.79,8.09,6.04,8.14,17.95,28.18,10.6,-17.6,0.15,highly inconsistent earnings,0.0,,5.58,,392.42,2.81,43.23,0.0,,7.19,-0.44,7.35,0.53,1593.8,614.25,42.0,50.5,46.94,95.65,0.12,0.07,6,32.0,15.0,10.0,6.0,63.0,ACCUMULATE ⭐⭐⭐,Expected ~87% CAGR (2yr) | Profit CAGR 28% | ROE 20% | ROCE 26% | ROCE trend rising ↑ | Nearly debt-free,Pattern still forming (not broken out),3-4 years,Medium-High,"yfinance, screener.in",100,199,,2026-07-25,2026-06-01,54,-27.0,7,-3.0
BHARTIARTL,Bharti Airtel Limited,Communication Services,Telecom Services,1190835.0,Large-Cap,MonthlyDoubleBottom,Forming,1.0,19,Sep 19mo | Mid rally 110% | Asymmetry 5%,,Sideways,False,False,Below-MAs,True,Downtrend,0,Uptrend,Uptrend,1920.4,429.14,200.07,1632.34,1873.07,2493.01,3679.08,2625.1,29.8,13.9,43.11,23.36,7.49,1.07,12.57,126.0,74.72,2294.88,33,strong_buy,20.3,17.6,1.77,55.0,1.46,12.65,7.88,21.96,14.88,15.96,-9.76,40.15,82.12,-33.5,0.15,highly inconsistent earnings,1.0,,0.52,,50896.0,4.27,50.07,1.2,,26.51,-1.28,20.64,0.11,2174.5,1740.5,11.7,10.3,2.57,102.69,0.3,0.02,6,33.0,18.0,9.0,3.0,63.0,ACCUMULATE ⭐⭐⭐,Expected ~14% CAGR (2yr) | Profit CAGR 40% | ROE 20% | ROCE trend rising ↑ | Promoter 50% holding | Promoters buying ↑,Earnings due 2026-08-04 | Pattern still forming (not broken out),3-4 years,Medium-High,"yfinance, screener.in",100,289,2026-08-04,2026-07-25,2026-06-01,54,0.4,7,2.0
MANORAMA,Manorama Industries Limited,Consumer Defensive,Packaged Foods,10046.0,Mid-Cap,None,,0.0,0,,,Uptrend,True,False,Below-MAs,True,Stage2,15,Uptrend,Uptrend,1371.4,,,1165.69,2068.52,2397.66,3576.94,2720.1,74.8,32.2,44.25,29.82,13.93,1.4,27.15,4.0,50.0,1914.0,3,strong_buy,39.4,35.0,,26.0,2.0,16.46,19.22,77.3,,,104.55,,,31.0,0.5,insufficient history,0.52,,1.97,,119.05,1.19,54.32,0.0,,3.22,0.33,2.63,-0.37,1760.0,1060.6,22.1,29.3,1.65,325.28,,0.17,6,40.0,11.0,9.0,3.0,63.0,ACCUMULATE ⭐⭐⭐,Expected ~32% CAGR (2yr) | Revenue CAGR 68% | Profit CAGR 32% | ROE 39% | ROCE 35% | Promoter 54% holding,None identified,3-4 years,Medium-High,"yfinance, screener.in",80,47,,2026-07-25,2026-06-01,54,0.0,7,6.0
NILASPACES,Nila Spaces Limited,Real Estate,Real Estate - Development,486.0,Micro-Cap,MonthlyDoubleBottom,Forming,0.826,8,Sep 8mo | Mid rally 86% | Asymmetry 4%,,Downtrend,False,False,Below-MAs,False,Stage2,3,Uptrend,Uptrend,13.15,19.4,10.21,11.18,68.35,166.66,406.4,166.66,1167.4,256.0,16.89,,2.77,0.12,9.37,0.0,,,0,none,18.2,31.3,6.46,31.0,34.51,15.43,9.61,36.03,469.8,32.68,93.33,143.85,96.1,97.1,0.2,multiple loss years in history,0.46,,2.69,,-62.63,-12.9,61.9,0.0,,0.0,-0.05,,,20.47,11.35,35.8,15.9,17.76,227.95,0.76,0.85,5,36.0,12.91,12.0,2.0,62.9,ACCUMULATE ⭐⭐⭐,Expected ~256% CAGR (2yr) | Revenue CAGR 470% | Profit CAGR 144% | ROCE 31% | ROCE trend rising ↑ | Promoter 62% holding,Pattern still forming (not broken out),3-4 years,Medium-High,"yfinance, screener.in",100,90,,2026-07-25,2026-06-01,54,0.0,7,0.0
NEULANDLAB,Neuland Laboratories Limited,Healthcare,Drug Manufacturers - Specialty & Generic,23651.0,Mid-Cap,MonthlyCupHandle,Forming,0.854,17,Cup 17mo | Depth 27% | Prior gain 121% | R²=0.97,MonthlyCupHandle+MonthlyDoubleBottom,Sideways-Above-MA,True,True,Constructive,True,Stage2,6,Uptrend,Uptrend,16790.0,18024.33,13107.61,14271.5,16937.66,22941.05,28818.74,22093.48,36.6,16.9,64.94,40.52,12.62,2.13,446.96,18.0,33.89,21222.0,4,strong_buy,21.2,26.5,3.26,29.0,2.66,2.29,,36.97,19.31,16.64,40.0,30.44,35.06,664.8,0.15,highly inconsistent earnings,0.16,,1.42,,,,32.63,0.0,,20.46,-0.44,15.84,1.12,20089.0,11500.0,16.4,46.0,47.75,473.99,1.12,-0.32,3,33.0,19.75,2.0,8.0,62.8,ACCUMULATE ⭐⭐⭐,Expected ~17% CAGR (2yr) | Revenue CAGR 19% | Profit CAGR 30% | ROE 21% | ROCE 26% | ROCE trend rising ↑,High PE 65 | Pattern still forming (not broken out),3-4 years,Medium-High,"yfinance, screener.in",80,212,,2026-07-25,2026-06-01,54,0.0,7,-1.0
MARICO,Marico Limited,Consumer Defensive,Household & Personal Products,109373.0,Large-Cap,MonthlyDoubleBottom,Forming,0.686,40,Sep 40mo | Mid rally 74% | Asymmetry 6%,,Uptrend,True,True,Tight-Above-MAs,True,Stage2,15,Uptrend,Uptrend,855.6,365.32,203.82,727.26,620.66,778.6,766.09,689.55,,,62.1,44.31,26.02,5.59,47.77,47.0,18.88,912.18,38,buy,42.8,47.0,0.77,17.0,-0.2,12.95,14.47,25.67,11.71,11.08,9.35,11.1,8.62,14.0,0.4,lumpy earner,0.12,,1.43,,2388.09,2.18,58.92,-0.01,,23.4,-0.68,12.87,0.7,873.0,690.2,2.0,24.0,19.95,29.47,0.86,0.17,5,32.0,24.73,0.0,6.0,62.7,ACCUMULATE ⭐⭐⭐,ROE 43% | ROCE 47% | ROCE trend rising ↑ | Low D/E 0.12 | Promoter 59% holding | Piotroski F=5 (above average quality),High PE 62 | Earnings due 2026-08-04 | Pattern still forming (not broken out),3-4 years,Medium-High,"yfinance, screener.in",100,363,2026-08-04,2026-07-25,2026-06-01,54,2.9,7,-1.0
COLPAL,Colgate-Palmolive (India) Limited,Consumer Defensive,Household & Personal Products,55550.0,Large-Cap,MonthlyDoubleBottom,Forming,0.511,17,Sep 17mo | Mid rally 59% | Asymmetry 8%,,Sideways,False,False,Below-MAs,True,Stage2,15,Uptrend,Uptrend,2052.4,1418.08,861.94,1744.54,3984.92,4328.89,8188.69,5712.38,110.9,45.2,41.84,34.7,35.07,0.97,29.19,235.0,-17.67,2253.65,26,hold,158.0,179.0,31.8,22.0,1.4,21.96,33.6,15.43,14.93,,51.39,43.35,,-0.5,0.4,lumpy earner,0.03,,1.28,,1530.03,2.75,51.0,0.0,,13.6,0.0,15.54,0.29,2504.0,1782.0,18.0,15.2,-10.13,-14.26,0.22,0.51,6,40.0,12.63,9.0,1.0,62.6,ACCUMULATE ⭐⭐⭐,Expected ~45% CAGR (2yr) | Profit CAGR 43% | ROE 158% | ROCE 179% | ROCE trend rising ↑ | Nearly debt-free,Earnings due 2026-07-29 | Pattern still forming (not broken out),3-4 years,Medium-High,"yfinance, screener.in",100,289,2026-07-29,2026-07-25,2026-06-01,54,-6.2,7,0.0
SYRMA,Syrma SGS Technology Limited,Technology,Electronic Components,26180.0,Mid-Cap,MonthlyDoubleBottom,Forming,0.717,6,Sep 6mo | Mid rally 73% | Asymmetry 2%,,Uptrend,True,False,Tight-Above-MAs,True,Downtrend,0,Uptrend,Uptrend,1426.1,645.9,369.32,1212.18,838.59,1212.35,1670.99,1183.75,,,80.66,46.73,9.08,1.96,47.37,11.0,0.0,1255.24,25,buy,13.9,16.7,-0.2,11.0,-0.17,6.59,5.77,27.25,33.01,40.32,88.04,41.16,38.05,54.4,0.4,lumpy earner,0.13,,1.7,,7.27,0.03,42.28,0.0,,7.51,0.91,15.9,-0.69,1517.7,634.5,6.0,124.8,90.58,140.56,0.33,0.19,5,31.0,22.6,1.0,8.0,62.6,ACCUMULATE ⭐⭐⭐,Revenue CAGR 33% | Profit CAGR 41% | Low D/E 0.13 | Piotroski F=5 (above average quality) | FII buying +0.9% ↑ | MonthlyDoubleBottom forming (6mo base),High PE 81 | Pattern still forming (not broken out),3-4 years,Medium-High,"yfinance, screener.in",100,48,,2026-07-25,2026-06-01,54,44.9,7,0.0
TRITURBINE,Triveni Turbine Limited,Industrials,Specialty Industrial Machinery,19558.0,Mid-Cap,MonthlyStage2,Stage Change,1.0,24,10-EMA=596 | 30-EMA=543 | Above by 15.9% | MA turning=Yes,MonthlyCupHandle+MonthlyDoubleBottom+MonthlyStage2,Sideways-Above-MA,True,False,Constructive,False,Stage2,4,Uptrend,Uptrend,629.5,543.23,439.85,535.07,492.9,646.61,731.59,600.5,2.7,1.3,55.88,37.27,13.51,2.56,42.16,65.0,67.5,687.33,9,buy,27.1,35.9,3.54,21.0,0.26,16.03,11.52,8.72,20.45,25.41,-2.79,21.83,27.89,8.6,0.15,highly inconsistent earnings,0.03,,1.98,,-258.5,-1.32,55.84,0.0,,20.58,-0.23,15.99,-0.53,787.6,428.35,20.1,47.0,23.18,38.1,0.23,0.51,6,35.0,22.5,0.0,5.0,62.5,ACCUMULATE ⭐⭐⭐,Expected ~1% CAGR (2yr) | Revenue CAGR 20% | Profit CAGR 22% | ROE 27% | ROCE 36% | ROCE trend rising ↑,High PE 56,3-4 years,Medium-High,"yfinance, screener.in",100,178,,2026-07-25,2026-06-01,54,-1.3,7,-3.0
KPIL,Kalpataru Projects International Limited,Industrials,Engineering & Construction,22371.0,Mid-Cap,MonthlyStage2,Stage Change,1.0,24,10-EMA=1193 | 30-EMA=1086 | Above by 15.3% | MA turning=Yes,MonthlyDoubleBottom+MonthlyStage2,Sideways-Above-MA,True,False,Constructive,True,Stage2,4,Uptrend,Uptrend,1251.5,1085.77,872.33,1063.77,2793.51,2848.6,4965.99,3724.58,127.6,50.9,21.5,14.65,2.88,0.65,11.04,84.0,16.26,1534.63,19,strong_buy,13.7,18.3,0.31,9.0,-0.43,3.83,4.12,21.63,18.38,15.95,81.83,33.33,9.26,92.6,0.15,highly inconsistent earnings,0.46,,1.25,,379.54,1.7,33.58,0.0,,10.77,-0.15,44.84,-0.28,1479.6,1007.1,15.4,24.3,10.49,113.96,0.61,0.37,5,24.0,22.5,12.0,4.0,62.5,ACCUMULATE ⭐⭐⭐,Expected ~51% CAGR (2yr) | Revenue CAGR 18% | Profit CAGR 33% | ROCE trend rising ↑ | Piotroski F=5 (above average quality) | Dividend growing 16%/yr,Earnings due 2026-08-06,3-4 years,Medium-High,"yfinance, screener.in",100,37,2026-08-06,2026-07-25,2026-06-01,54,0.0,7,-1.0
SHARDAMOTR,Sharda Motor Industries Limited,Consumer Cyclical,Auto Parts,4998.0,Small-Cap,MonthlyDoubleBottom,Forming,1.0,44,Sep 44mo | Mid rally 319% | Asymmetry 7%,,Sideways,False,False,Below-MAs,True,Stage2,3,Uptrend,Uptrend,863.0,600.75,138.94,733.55,3046.6,3606.26,4268.73,3606.26,317.9,104.4,14.82,,3.81,0.81,9.69,208.0,58.58,,0,none,27.9,36.0,1.6,12.0,1.14,10.17,11.18,19.74,7.96,14.36,9.52,18.37,38.79,6.5,0.15,highly inconsistent earnings,0.04,,1.98,,241.62,4.83,64.31,0.0,,1.73,-0.7,11.99,0.48,1224.0,700.0,29.5,23.3,-14.58,-39.82,0.27,0.5,6,33.0,19.5,10.0,0.0,62.5,ACCUMULATE ⭐⭐⭐,Expected ~104% CAGR (2yr) | ROE 28% | ROCE 36% | ROCE trend rising ↑ | Nearly debt-free | Promoter 64% holding,Pattern still forming (not broken out),3-4 years,Medium-High,"yfinance, screener.in",100,131,,2026-07-25,2026-06-01,54,-2.2,7,-1.0
RATEGAIN,RateGain Travel Technologies Limited,Technology,Software - Application,11252.0,Mid-Cap,MonthlyStage2,Stage Change,1.0,24,10-EMA=592 | 30-EMA=580 | Above by 16.1% | MA turning=Yes,MonthlyDoubleBottom+MonthlyStage2,Sideways-Above-MA,True,True,Constructive,True,Downtrend,0,Uptrend,Uptrend,673.6,579.95,433.8,572.56,555.43,828.7,1117.3,787.77,23.0,10.9,57.79,28.77,5.6,1.38,35.46,0.0,,890.1,10,strong_buy,12.0,13.7,4.26,19.0,3.54,10.66,5.87,69.36,47.79,48.69,-7.18,41.83,77.53,27.7,0.15,highly inconsistent earnings,0.47,,1.41,,-11.97,-0.11,48.77,0.22,,5.35,0.38,20.86,0.24,997.25,417.6,32.5,61.3,54.95,38.49,0.39,0.82,5,25.0,21.5,6.0,10.0,62.5,ACCUMULATE ⭐⭐⭐,Expected ~11% CAGR (2yr) | Revenue CAGR 48% | Profit CAGR 42% | ROCE trend rising ↑ | Piotroski F=5 (above average quality) | PEG 1.38 — fair value,High PE 58,3-4 years,Medium-High,"yfinance, screener.in",100,54,,2026-07-25,2026-06-01,54,0.0,7,0.0
CAPACITE,Capacit'e Infraprojects Limited,Industrials,Engineering & Construction,1904.0,Small-Cap,MonthlyDoubleBottom,Forming,1.0,29,Sep 29mo | Mid rally 153% | Asymmetry 4%,,Downtrend,False,False,Below-MAs,False,Stage2,4,Uptrend,Uptrend,240.0,465.0,180.0,204.0,1101.06,973.09,1766.13,1394.49,305.5,101.4,9.94,6.68,1.0,0.37,5.42,0.0,0.0,341.0,3,strong_buy,10.4,15.5,1.94,16.0,0.06,7.3,5.53,11.62,13.39,24.41,-5.39,26.65,149.41,-11.1,0.15,highly inconsistent earnings,0.25,,1.68,,173.94,9.13,31.69,0.0,,14.96,0.87,7.82,-0.72,338.65,180.0,29.1,33.3,-13.96,-9.9,0.54,0.09,7,28.0,16.5,18.0,0.0,62.5,ACCUMULATE ⭐⭐⭐,Expected ~101% CAGR (2yr) | Profit CAGR 27% | ROCE trend rising ↑ | Low D/E 0.25 | FCF yield 9.1% | Piotroski F=7 (high quality compounder),Pattern still forming (not broken out),3-4 years,Medium-High,"yfinance, screener.in",100,107,,2026-07-25,2026-06-01,54,6.6,7,1.0
BOSCHLTD,,Consumer Cyclical,Auto Parts,0.0,Micro-Cap,MonthlyStage2,Stage Change,1.0,24,10-EMA=37026 | 30-EMA=32773 | Above by 27.6% | MA turning=Yes,MonthlyDoubleBottom+MonthlyStage2,Uptrend,True,False,Tight-Above-MAs,True,Stage2,3,Uptrend,Uptrend,41815.0,32773.46,26188.55,35542.75,56913.64,71039.61,88671.64,71039.61,69.9,30.3,43.48,39.67,8.12,1.75,43.48,66.0,34.59,,0,none,14.6,21.5,1.77,13.0,0.26,14.0,6.73,10.77,10.3,15.57,37.62,24.82,41.9,3.0,0.15,highly inconsistent earnings,0.01,,1.96,,1700.69,,70.54,0.0,,7.22,-0.12,15.05,0.15,42565.0,28610.0,1.8,46.2,5.54,105.23,0.44,0.64,7,28.0,28.5,1.0,5.0,62.5,ACCUMULATE ⭐⭐⭐,Expected ~30% CAGR (2yr) | Profit CAGR 25% | ROCE 22% | ROCE trend rising ↑ | Nearly debt-free | Promoter 71% holding,None identified,3-4 years,Medium-High,"yfinance, screener.in",100,289,,2026-07-25,2026-06-01,54,12.6,7,8.0
AUBANK,,Financial Services,Banks - Regional,0.0,Micro-Cap,MonthlyDoubleBottom,Forming,0.647,39,Sep 39mo | Mid rally 71% | Asymmetry 6%,,Sideways-Above-MA,True,False,Constructive,False,Stage2,12,Uptrend,Uptrend,1072.1,811.12,460.2,911.28,1544.37,2257.8,5940.73,3028.98,110.6,45.1,29.41,17.01,3.86,0.31,,9.0,25.99,1101.04,28,buy,22.3,12.4,,35.55,,21.37,,18.49,28.91,,208.5,96.13,,65.2,0.4,lumpy earner,,,,,,,22.76,-0.03,,37.27,0.82,31.3,0.03,1090.4,682.15,1.7,57.2,50.21,22.86,0.31,,1,27.0,18.26,9.0,8.0,62.3,ACCUMULATE ⭐⭐⭐,Expected ~45% CAGR (2yr) | Revenue CAGR 29% | Profit CAGR 96% | ROE 22% | OPM 36% | FII buying +0.8% ↑,Pattern still forming (not broken out),3-4 years,Medium-High,"yfinance, screener.in",70,109,,2026-07-25,2026-06-01,54,10.3,7,-2.0
HAL,Hindustan Aeronautics Limited,Industrials,Aerospace & Defense,300996.0,Large-Cap,MonthlyCupHandle,Forming,0.944,23,Cup 23mo | Depth 19% | Prior gain 132% | R²=0.97,MonthlyCupHandle+MonthlyStage2,Uptrend,True,False,Tight-Above-MAs,True,Stage2,4,Uptrend,Uptrend,4460.7,5084.06,4137.25,3930.39,5183.69,6030.87,6984.8,6017.23,35.2,16.3,33.0,26.89,7.33,2.05,31.34,44.0,25.99,5165.96,25,buy,24.0,32.0,1.43,30.0,1.83,27.55,3.55,6.8,7.11,7.78,8.99,16.08,22.99,5.5,0.4,lumpy earner,0.0,,2.61,,-14431.69,-4.79,71.64,0.0,,9.34,-0.87,11.9,1.47,4978.0,3479.1,10.4,28.2,5.06,110.6,0.2,0.49,5,31.0,27.33,1.0,3.0,62.3,ACCUMULATE ⭐⭐⭐,Expected ~16% CAGR (2yr) | ROE 24% | ROCE 32% | ROCE trend rising ↑ | Nearly debt-free | Promoter 72% holding,Earnings due 2026-08-11 | Pattern still forming (not broken out),3-4 years,Medium-High,"yfinance, screener.in",100,100,2026-08-11,2026-07-25,2026-06-01,54,2.9,7,9.0
MAHABANK,Bank of Maharashtra,Financial Services,Banks - Regional,61456.0,Large-Cap,MonthlyDoubleBottom,Forming,0.948,24,Sep 24mo | Mid rally 101% | Asymmetry 6%,MonthlyCupHandle+MonthlyDoubleBottom,Uptrend,True,False,Tight-Above-MAs,True,Stage2,12,Uptrend,Uptrend,78.34,46.75,22.59,66.59,254.57,221.4,383.76,312.56,182.6,68.1,8.16,,1.72,0.36,,275.0,19.17,84.67,3,buy,22.6,6.03,,57.52,,53.41,1.9,3.35,13.87,18.38,7.4,22.78,45.57,34.5,0.15,highly inconsistent earnings,,,,,,,73.6,0.0,,5.82,0.27,14.28,0.35,94.5,51.71,17.1,51.5,46.98,167.31,0.6,0.77,2,17.0,27.88,10.0,7.0,61.9,ACCUMULATE ⭐⭐⭐,Expected ~68% CAGR (2yr) | Profit CAGR 23% | ROE 23% | Promoter 74% holding | OPM 58% | Dividend growing 19%/yr,Pattern still forming (not broken out),3-4 years,Medium-High,"yfinance, screener.in",80,266,,2026-07-25,2026-06-01,54,0.0,7,-11.0
ADANIPORTS,Adani Ports and Special Economic Zone Limited,Industrials,Marine Shipping,423329.0,Large-Cap,MonthlyCupHandle,Forming,0.739,22,Cup 22mo | Depth 35% | Prior gain 76% | R²=0.99,MonthlyCupHandle+MonthlyDoubleBottom,Sideways-Above-MA,True,False,Constructive,False,Stage2,4,Uptrend,Uptrend,1828.1,1861.32,1202.57,1553.88,2781.99,3017.51,4946.25,3709.5,65.1,28.5,31.54,23.8,4.41,0.95,21.5,41.0,14.47,1979.52,25,strong_buy,16.4,14.1,0.43,59.0,-0.91,33.06,6.76,27.11,22.93,25.28,15.56,33.34,20.41,10.4,0.15,highly inconsistent earnings,0.64,,1.39,,-3192.01,-0.75,66.03,-1.99,,15.58,2.33,13.6,-0.26,1891.1,1290.5,3.3,41.7,40.15,107.15,0.36,0.51,4,26.0,18.87,7.0,10.0,61.9,ACCUMULATE ⭐⭐⭐,Expected ~28% CAGR (2yr) | Revenue CAGR 23% | Profit CAGR 33% | ROCE trend rising ↑ | Promoter 66% holding | OPM 59%,Margin compression ↓ | Earnings due 2026-07-29 | Pattern still forming (not broken out),3-4 years,Medium-High,"yfinance, screener.in",100,225,2026-07-29,2026-07-25,2026-06-01,54,3.7,7,-4.5
HATSUN,Hatsun Agro Product Limited,Consumer Defensive,Packaged Foods,20664.0,Mid-Cap,MonthlyDoubleBottom,Forming,0.614,30,Sep 30mo | Mid rally 65% | Asymmetry 3%,,Sideways,False,False,Below-MAs,True,Stage2,15,Uptrend,Uptrend,931.0,1384.31,825.48,791.35,5858.53,28572.07,139346.01,28572.07,2969.0,454.0,58.13,32.27,10.65,0.15,19.12,216.0,18.56,935.0,2,hold,16.7,12.9,1.0,12.0,1.9,3.58,8.1,10.62,103.56,,24.73,387.7,,18.3,0.15,highly inconsistent earnings,0.94,,0.52,,896.59,4.34,73.17,0.0,,3.13,0.0,10.25,-0.01,1179.0,855.3,21.0,8.9,5.42,-47.23,0.16,-0.17,6,33.0,14.87,12.0,2.0,61.9,ACCUMULATE ⭐⭐⭐,Expected ~454% CAGR (2yr) | Revenue CAGR 104% | Profit CAGR 388% | ROCE trend rising ↑ | Promoter 73% holding | FCF yield 4.3%,High PE 58 | Earnings due 2026-07-21 | Pattern still forming (not broken out),3-4 years,Medium-High,"yfinance, screener.in",100,146,2026-07-21,2026-07-25,2026-06-01,54,-1.4,7,3.0
IFBIND,IFB Industries Limited,Consumer Cyclical,"Furnishings, Fixtures & Appliances",5374.0,Small-Cap,MonthlyDoubleBottom,Forming,1.0,28,Sep 28mo | Mid rally 172% | Asymmetry 4%,MonthlyDoubleBottom+MonthlyStage2,Sideways-Above-MA,True,False,Constructive,True,Stage2,3,Uptrend,Uptrend,1402.9,2359.9,850.0,1192.47,4776.56,6682.17,21575.24,10151.62,376.3,118.2,37.45,21.22,5.4,0.33,18.68,0.0,,1478.0,3,buy,15.7,19.5,3.0,6.0,0.14,2.56,5.09,10.35,10.23,14.94,21.01,112.53,40.82,126.1,0.15,highly inconsistent earnings,0.16,,1.33,,147.26,2.74,74.96,0.0,,0.79,-0.13,6.15,-0.01,2019.8,883.2,30.5,58.8,-3.44,22.6,0.67,0.33,6,27.0,22.5,12.0,0.0,61.5,ACCUMULATE ⭐⭐⭐,Expected ~118% CAGR (2yr) | Profit CAGR 113% | ROCE trend rising ↑ | Low D/E 0.16 | Promoter 75% holding | Piotroski F=6 (above average quality),Pattern still forming (not broken out),3-4 years,Medium-High,"yfinance, screener.in",100,289,,2026-07-25,2026-06-01,54,27.7,7,-2.0
PGIL,Pearl Global Industries Limited,Consumer Cyclical,Apparel Manufacturing,9428.0,Mid-Cap,MonthlyDoubleBottom,Forming,1.0,38,Sep 38mo | Mid rally 150% | Asymmetry 2%,MonthlyCupHandle+MonthlyDoubleBottom,Uptrend,True,False,Uptrend,True,Stage2,3,Uptrend,Uptrend,1604.5,124.1,49.29,1363.83,2597.95,2823.34,3793.61,3139.37,76.0,32.7,33.9,21.19,6.45,1.63,22.33,103.0,-8.92,2349.29,7,strong_buy,21.0,19.9,3.06,10.0,1.11,5.53,8.07,11.52,16.75,27.51,16.88,20.84,73.85,22.0,0.15,highly inconsistent earnings,0.66,,1.6,,-30.71,-0.33,61.11,-0.05,,6.82,0.34,19.16,0.36,2115.7,1178.1,24.2,36.2,15.25,390.36,0.9,-0.28,6,20.0,26.5,9.0,6.0,61.5,ACCUMULATE ⭐⭐⭐,Expected ~33% CAGR (2yr) | Revenue CAGR 17% | Profit CAGR 21% | ROE 21% | ROCE trend rising ↑ | Promoter 61% holding,Pattern still forming (not broken out),3-4 years,Medium-High,"yfinance, screener.in",100,232,,2026-07-25,2026-06-01,54,0.0,7,-1.0
BEL,Bharat Electronics Limited,Industrials,Aerospace & Defense,299299.0,Large-Cap,MonthlyDoubleBottom,Forming,1.0,41,Sep 41mo | Mid rally 112% | Asymmetry 5%,,Downtrend,False,False,Below-MAs,False,Stage2,4,Uptrend,Uptrend,414.85,55.0,25.4,352.62,381.94,486.24,612.36,483.62,17.2,8.3,49.51,35.98,12.48,1.86,36.13,106.0,2.7,490.18,28,buy,27.6,36.5,2.46,29.0,1.51,21.96,10.97,16.16,15.9,14.37,13.88,26.62,23.62,4.6,0.75,consistent growth,0.0,,1.98,,-390.91,-0.13,51.14,0.0,,18.02,-1.49,21.02,1.02,473.45,361.2,12.4,14.9,13.94,194.16,0.31,0.25,6,38.0,16.5,3.0,4.0,61.5,ACCUMULATE ⭐⭐⭐,Expected ~8% CAGR (2yr) | Revenue CAGR 16% | Profit CAGR 27% | ROE 28% | ROCE 36% | ROCE trend rising ↑,Earnings due 2026-07-27 | Pattern still forming (not broken out),3-4 years,Medium-High,"yfinance, screener.in",100,289,2026-07-27,2026-07-25,2026-06-01,54,-1.9,7,0.0
NESTLEIND,Nestlé India Limited,Consumer Defensive,Packaged Foods,275209.0,Large-Cap,MonthlyStage2,Stage Change,1.0,24,10-EMA=1299 | 30-EMA=1204 | Above by 18.9% | MA turning=Yes,MonthlyDoubleBottom+MonthlyStage2,Uptrend,True,True,Tight-Above-MAs,True,Stage2,15,Uptrend,Uptrend,1431.4,1203.53,1067.84,1216.69,720.39,1339.22,798.33,758.36,,,78.72,59.96,53.37,14.94,53.16,84.0,4.98,1482.28,36,buy,74.2,85.3,-11.0,23.0,-0.0,15.14,22.58,14.62,6.58,,9.07,5.27,,27.2,0.15,highly inconsistent earnings,0.09,,0.96,,3881.1,1.41,62.76,0.0,,9.74,-0.07,12.4,0.3,1498.1,1084.7,4.5,32.0,24.96,6.0,0.77,0.44,3,25.0,28.5,0.0,8.0,61.5,ACCUMULATE ⭐⭐⭐,ROE 74% | ROCE 85% | Nearly debt-free | Promoter 63% holding | MonthlyStage2 forming (24mo base) | Weekly uptrend,High PE 79 | Earnings due 2026-07-22,3-4 years,Medium-High,"yfinance, screener.in",100,286,2026-07-22,2026-07-25,2026-06-01,54,0.0,7,2.0
OFSS,Oracle Financial Services Software Limited,Technology,Software - Infrastructure,102493.0,Large-Cap,MonthlyStage2,Stage Change,1.0,24,10-EMA=8185 | 30-EMA=7510 | Above by 28.4% | MA turning=Yes,MonthlyDoubleBottom+MonthlyStage2,Uptrend,True,False,Constructive,True,Downtrend,0,Uptrend,Uptrend,9646.0,7510.05,6543.54,8199.1,8928.94,10132.56,11498.43,10132.56,5.0,2.5,38.91,30.7,13.09,2.89,28.06,565.0,6.27,10695.0,2,strong_buy,32.6,45.3,1.71,45.0,-0.94,34.4,21.25,12.05,10.42,9.01,10.88,13.48,8.41,30.7,0.15,highly inconsistent earnings,0.0,,5.43,,2351.81,2.29,72.41,-0.03,,9.7,1.66,8.79,-0.33,11958.0,6234.5,19.3,54.7,19.85,155.28,0.84,0.42,6,31.0,24.5,0.0,6.0,61.5,ACCUMULATE ⭐⭐⭐,Expected ~2% CAGR (2yr) | ROE 33% | ROCE 45% | ROCE trend rising ↑ | Nearly debt-free | Promoter 72% holding,Margin compression ↓ | Earnings due 2026-07-22,3-4 years,Medium-High,"yfinance, screener.in",100,288,2026-07-22,2026-07-25,2026-06-01,54,0.0,7,3.0
CAMPUS,Campus Activewear Limited,Consumer Cyclical,Footwear & Accessories,7213.0,Small-Cap,MonthlyDoubleBottom,Forming,0.744,13,Sep 13mo | Mid rally 76% | Asymmetry 1%,,Downtrend,False,False,Below-MAs,False,Stage2,3,Uptrend,Uptrend,231.09,370.52,209.77,199.28,372.84,531.27,735.26,523.58,129.9,51.6,48.06,33.5,7.98,1.19,25.14,64.0,,302.57,7,strong_buy,29.5,31.8,4.1,20.0,11.14,8.46,9.18,67.93,26.13,259.08,300.0,40.43,,26.0,0.15,highly inconsistent earnings,0.26,,2.37,,-11.2,-0.16,72.08,-0.01,,6.03,-0.04,11.39,-0.21,303.7,215.2,23.9,7.4,-11.57,-48.87,0.24,0.1,6,39.0,12.43,9.0,1.0,61.4,ACCUMULATE ⭐⭐⭐,Expected ~52% CAGR (2yr) | Revenue CAGR 26% | Profit CAGR 40% | ROE 30% | ROCE 32% | ROCE trend rising ↑,Pattern still forming (not broken out),3-4 years,Medium-High,"yfinance, screener.in",100,51,,2026-07-25,2026-06-01,54,-0.6,7,-3.0
ENDURANCE,Endurance Technologies Limited,Consumer Cyclical,Auto Parts,38443.0,Large-Cap,MonthlyStage2,Stage Change,0.974,24,10-EMA=2567 | 30-EMA=2344 | Above by 14.6% | MA turning=Yes,MonthlyDoubleBottom+MonthlyStage2,Sideways-Above-MA,True,False,Tight-Above-MAs,True,Stage2,3,Uptrend,Uptrend,2686.4,2343.96,1758.83,2283.44,4002.86,4191.01,6318.67,5029.19,56.0,24.9,40.32,27.18,5.62,1.57,19.27,42.0,16.96,2933.73,15,buy,15.4,18.3,0.49,13.0,-0.4,6.52,7.41,26.25,18.35,17.39,13.88,25.64,12.86,12.8,0.15,highly inconsistent earnings,0.19,,1.55,,153.57,0.4,75.0,0.0,,12.69,-0.45,10.06,0.29,3079.9,2142.8,12.8,25.4,-5.09,37.92,0.35,0.68,6,28.0,25.19,6.0,2.0,61.2,ACCUMULATE ⭐⭐⭐,Expected ~25% CAGR (2yr) | Revenue CAGR 18% | Profit CAGR 26% | ROCE trend rising ↑ | Low D/E 0.19 | Promoter 75% holding,None identified,3-4 years,Medium-High,"yfinance, screener.in",100,118,,2026-07-25,2026-06-01,54,5.5,7,2.9
INOXINDIA,INOX India Limited,Industrials,Specialty Industrial Machinery,17973.0,Mid-Cap,MonthlyDoubleBottom,Forming,0.343,19,Sep 19mo | Mid rally 38% | Asymmetry 4%,,Uptrend,True,False,Tight-Above-MAs,True,Stage2,4,Uptrend,Uptrend,1882.4,1504.44,1068.2,1600.04,1092.89,1940.68,1534.92,1295.18,3.1,1.5,69.92,46.87,16.08,3.78,53.75,10.0,0.0,1783.33,3,strong_buy,26.1,33.5,0.57,22.0,-0.03,16.25,10.21,21.52,18.0,21.72,14.16,18.51,21.86,14.8,0.75,consistent growth,0.07,,1.79,,-70.64,-0.39,74.86,-0.14,,6.86,-0.27,7.67,-0.05,2099.0,1065.0,10.3,76.8,69.11,,1.15,0.49,5,34.0,20.12,-1.0,8.0,61.1,ACCUMULATE ⭐⭐⭐,Expected ~2% CAGR (2yr) | Revenue CAGR 18% | ROE 26% | ROCE 34% | ROCE trend rising ↑ | Nearly debt-free,High PE 70 | Pattern still forming (not broken out),3-4 years,Medium-High,"yfinance, screener.in",100,32,,2026-07-25,2026-06-01,54,31.7,7,-6.3
KEI,KEI Industries Limited,Industrials,Electrical Equipment & Parts,46906.0,Large-Cap,MonthlyDoubleBottom,Forming,1.0,20,Sep 20mo | Mid rally 117% | Asymmetry 9%,,Uptrend,True,True,Tight-Above-MAs,True,Stage2,4,Uptrend,Uptrend,5082.4,5029.01,2215.84,4320.04,4460.92,7842.18,6902.33,5548.94,54.3,24.2,51.02,35.69,7.04,2.09,37.14,9.0,14.47,5365.0,24,buy,14.8,20.1,-0.37,10.0,-0.14,7.82,8.79,20.67,19.34,22.95,31.9,24.39,27.45,25.5,1.0,steady compounder (low CV),0.04,,2.96,,170.84,0.36,35.0,0.0,,27.27,1.78,25.83,-1.44,5708.0,3712.2,11.0,36.9,41.88,97.48,1.09,0.5,5,25.0,28.0,0.0,8.0,61.0,ACCUMULATE ⭐⭐⭐,Expected ~24% CAGR (2yr) | Revenue CAGR 19% | Profit CAGR 24% | ROCE 20% | Nearly debt-free | EPS: steady compounder (low CV),High PE 51 | Earnings due 2026-07-23 | Pattern still forming (not broken out),3-4 years,Medium-High,"yfinance, screener.in",100,243,2026-07-23,2026-07-25,2026-06-01,54,0.0,7,-2.0
NGLFINE,NGL Fine-Chem Limited,Healthcare,Drug Manufacturers - General,1935.0,Small-Cap,MonthlyStage2,Breaking Out,1.0,24,10-EMA=1877 | 30-EMA=1746 | Above by 30.4% | MA turning=Yes,MonthlyDoubleBottom+MonthlyStage2,Uptrend,True,False,Uptrend,True,Stage2,6,Uptrend,Uptrend,2276.7,1746.05,1057.08,1935.19,3942.51,5278.63,7067.56,5278.63,131.9,52.3,40.16,,5.88,1.19,27.5,6.0,0.0,,0,none,15.7,17.0,-7.2,15.0,-3.23,9.61,6.78,36.14,21.69,14.19,128.57,33.89,-3.38,1536.6,0.15,highly inconsistent earnings,0.33,,1.84,,-71.4,-3.69,72.73,-0.01,,0.03,0.03,0.0,0.0,3329.0,1175.5,31.6,93.7,114.69,-1.14,2.39,0.62,4,21.0,28.0,4.0,8.0,61.0,ACCUMULATE ⭐⭐⭐,Expected ~52% CAGR (2yr) | Revenue CAGR 22% | Profit CAGR 34% | Promoter 73% holding | Margin compressing ↓ ⚠️ | PEG 1.19 — fair value,Margin compression ↓,3-4 years,Medium-High,"yfinance, screener.in",100,47,,2026-07-25,2026-06-01,54,0.0,7,0.0
FMGOETZE,Federal-Mogul Goetze (India) Limited,Consumer Cyclical,Auto Parts,2714.0,Small-Cap,MonthlyDoubleBottom,Forming,1.0,8,Sep 8mo | Mid rally 123% | Asymmetry 3%,MonthlyDoubleBottom+MonthlyStage2,Uptrend,True,False,Constructive,True,Stage2,3,Uptrend,Uptrend,453.45,539.95,238.3,385.43,1495.16,1771.62,2099.19,1771.62,290.7,97.7,15.9,,1.89,0.86,6.49,0.0,58.74,,0,none,13.5,18.5,2.77,15.0,0.8,8.71,7.12,8.78,6.22,12.08,4.71,18.49,104.31,-17.3,0.15,highly inconsistent earnings,0.0,,2.98,,184.46,6.8,74.98,0.0,,0.39,0.01,0.49,0.0,611.9,358.0,25.9,26.7,-13.73,-1.34,0.15,0.07,6,26.0,24.0,10.0,1.0,61.0,ACCUMULATE ⭐⭐⭐,Expected ~98% CAGR (2yr) | ROCE trend rising ↑ | Nearly debt-free | Promoter 75% holding | FCF yield 6.8% | Piotroski F=6 (above average quality),Pattern still forming (not broken out),3-4 years,Medium-High,"yfinance, screener.in",100,289,,2026-07-25,2026-06-01,54,0.3,7,10.0
SPLPETRO,Supreme Petrochem Limited,Basic Materials,Specialty Chemicals,13048.0,Mid-Cap,MonthlyCupHandle,Forming,0.92,22,Cup 22mo | Depth 26% | Prior gain 33% | R²=0.98,MonthlyCupHandle+MonthlyDoubleBottom+MonthlyStage2,Uptrend,True,False,Tight-Above-MAs,True,Stage2,1,Uptrend,Uptrend,718.4,898.69,663.01,629.86,950.39,2309.35,5611.49,2309.35,221.5,79.3,39.67,28.21,5.49,0.28,24.36,151.0,-3.85,791.5,2,hold,13.7,,3.1,10.0,1.31,6.09,8.12,235.15,53.9,30.43,450.0,142.99,80.97,57.7,0.15,highly inconsistent earnings,0.06,,2.01,,-19.9,-0.15,64.24,0.0,,3.69,-0.01,4.24,0.28,979.0,462.3,26.6,55.4,-4.77,23.77,0.11,-0.05,6,27.0,27.04,7.0,0.0,61.0,ACCUMULATE ⭐⭐⭐,Expected ~79% CAGR (2yr) | Revenue CAGR 54% | Profit CAGR 143% | ROCE trend rising ↑ | Nearly debt-free | Promoter 64% holding,Pattern still forming (not broken out),3-4 years,Medium-High,"yfinance, screener.in",90,289,,2026-07-25,2026-06-01,54,1.6,7,12.2
GPTHEALTH,GPT Healthcare Limited,Healthcare,Medical Care Facilities,1252.0,Small-Cap,MonthlyDoubleBottom,Forming,0.633,9,Sep 9mo | Mid rally 64% | Asymmetry 1%,MonthlyDoubleBottom+MonthlyStage2,Uptrend,True,False,Uptrend,True,Stage2,6,Uptrend,Uptrend,158.11,203.87,124.04,134.39,254.5,289.36,329.0,289.36,83.0,35.3,29.56,15.25,4.65,2.16,17.28,197.0,-28.57,136.0,1,none,28.5,23.7,10.0,22.0,2.5,8.94,8.6,38.68,,,100.0,,,13.0,1.0,steady compounder (low CV),0.34,,1.12,,20.67,1.65,65.57,0.0,,2.81,0.08,6.84,0.64,185.0,115.0,14.5,37.5,8.39,,0.42,0.46,6,35.0,20.6,3.0,2.0,60.6,ACCUMULATE ⭐⭐⭐,Expected ~35% CAGR (2yr) | Revenue CAGR 25% | ROE 28% | ROCE 24% | ROCE trend rising ↑ | Promoter 66% holding,Pattern still forming (not broken out),3-4 years,Medium-High,"yfinance, screener.in",80,30,,2026-07-25,2026-06-01,54,10.7,7,3.0
BANCOINDIA,Banco Products (India) Limited,Consumer Cyclical,Auto Parts,9435.0,Mid-Cap,MonthlyDoubleBottom,Forming,0.71,8,Sep 8mo | Mid rally 75% | Asymmetry 4%,,Downtrend,False,False,Below-MAs,False,Stage2,3,Uptrend,Uptrend,681.85,41.16,23.09,579.57,2045.16,2594.89,3292.4,2594.89,280.6,95.1,20.49,,5.6,0.76,14.51,243.0,-10.07,,0,none,31.2,30.9,2.43,17.0,1.11,12.36,11.57,21.26,18.66,20.51,22.96,26.88,33.42,-4.0,0.75,consistent growth,0.36,,2.25,,-17.15,-0.18,67.88,0.0,,3.92,-0.14,0.24,0.02,879.8,502.0,22.5,35.8,21.92,172.8,0.11,0.65,6,35.0,11.52,10.0,4.0,60.5,ACCUMULATE ⭐⭐⭐,Expected ~95% CAGR (2yr) | Revenue CAGR 19% | Profit CAGR 27% | ROE 31% | ROCE 31% | ROCE trend rising ↑,Pattern still forming (not broken out),3-4 years,Medium-High,"yfinance, screener.in",100,236,,2026-07-25,2026-06-01,54,15.5,7,-8.0
NDRAUTO,NDR Auto Components Limited,Consumer Cyclical,Auto Parts,1980.0,Small-Cap,MonthlyStage2,Stage Change,1.0,24,10-EMA=790 | 30-EMA=689 | Above by 17.0% | MA turning=Yes,MonthlyCupHandle+MonthlyDoubleBottom+MonthlyStage2,Sideways,False,False,Below-MAs,True,Stage2,3,Uptrend,Uptrend,806.1,689.23,421.07,685.18,1655.37,2157.61,2812.23,2157.61,167.7,63.6,31.84,,5.52,1.05,23.29,48.0,63.86,,0,none,18.9,22.2,3.46,11.0,1.09,7.53,8.41,15.43,27.94,48.49,16.98,30.34,47.11,11.7,0.4,lumpy earner,0.17,,1.22,,-26.29,-1.33,73.13,0.0,,0.08,0.03,0.0,0.0,1191.9,605.05,32.4,33.2,-22.26,275.97,0.69,0.75,5,35.0,19.5,6.0,0.0,60.5,ACCUMULATE ⭐⭐⭐,Expected ~64% CAGR (2yr) | Revenue CAGR 28% | Profit CAGR 30% | ROCE 22% | ROCE trend rising ↑ | Low D/E 0.17,None identified,3-4 years,Medium-High,"yfinance, screener.in",100,71,,2026-07-25,2026-06-01,54,0.0,7,-1.0
MOLDTKPAC,Mold-Tek Packaging Limited,Consumer Cyclical,Packaging & Containers,2311.0,Small-Cap,MonthlyDoubleBottom,Forming,1.0,44,Sep 44mo | Mid rally 161% | Asymmetry 6%,MonthlyDoubleBottom+MonthlyStage2,Sideways-Above-MA,True,False,Constructive,True,Stage2,3,Uptrend,Uptrend,681.8,1088.22,406.02,579.53,1298.59,1770.42,2061.31,1636.09,159.7,61.1,31.75,20.27,3.35,1.22,14.6,58.0,-30.66,814.89,9,strong_buy,17.8,22.2,0.09,19.0,0.49,8.22,7.09,31.73,15.93,15.96,33.33,25.99,21.67,26.9,0.75,consistent growth,0.32,,1.49,,-63.1,-2.73,33.19,0.12,,9.69,-0.67,20.95,0.83,892.9,464.9,23.6,46.7,5.54,-54.23,3.4,0.52,5,26.0,22.5,10.0,2.0,60.5,ACCUMULATE ⭐⭐⭐,Expected ~61% CAGR (2yr) | Revenue CAGR 16% | Profit CAGR 26% | ROCE 22% | ROCE trend rising ↑ | EPS: consistent growth,Pattern still forming (not broken out),3-4 years,Medium-High,"yfinance, screener.in",100,136,,2026-07-25,2026-06-01,54,0.0,7,0.0
BCLIND,BCL Industries Limited,Consumer Defensive,Beverages - Wineries & Distilleries,1076.0,Small-Cap,MonthlyDoubleBottom,Forming,1.0,40,Sep 40mo | Mid rally 223% | Asymmetry 7%,,Uptrend,True,False,Constructive,False,Stage2,15,Uptrend,Uptrend,34.24,85.38,25.53,29.1,218.73,274.14,343.58,274.14,700.6,183.0,9.35,,1.18,0.37,5.93,71.0,-19.59,,0,none,13.4,13.9,-1.2,9.0,0.49,4.12,7.82,-0.82,15.37,14.37,22.33,25.33,24.57,-8.6,0.15,highly inconsistent earnings,0.6,,2.01,,166.15,15.43,58.23,0.0,,0.24,-0.19,0.01,0.01,49.3,25.53,30.5,34.1,-12.93,-52.93,0.35,0.61,6,22.0,25.5,13.0,0.0,60.5,ACCUMULATE ⭐⭐⭐,Expected ~183% CAGR (2yr) | Revenue CAGR 15% | Profit CAGR 25% | Promoter 58% holding | FCF yield 15.4% | Piotroski F=6 (above average quality),Pattern still forming (not broken out),3-4 years,Medium-High,"yfinance, screener.in",100,65,,2026-07-25,2026-06-01,54,1.3,7,8.0
WINDLAS,Windlas Biotech Limited,Healthcare,Drug Manufacturers - Specialty & Generic,1742.0,Small-Cap,MonthlyAscTriangle,Forming,1.0,16,3 resistance tests | Support rise 256% | Resistance flat 8.2%,MonthlyAscTriangle+MonthlyCupHandle+MonthlyDoubleBottom+MonthlyStage2,Uptrend,True,False,Uptrend,True,Stage2,6,Uptrend,Uptrend,846.4,1132.84,195.75,719.44,1537.28,2069.93,2045.45,1773.26,144.6,56.4,27.1,,3.32,1.77,14.87,75.0,16.35,,0,none,12.2,15.9,-0.14,12.0,-0.06,7.35,5.55,18.95,20.79,16.13,8.2,15.35,32.77,-1.8,0.15,highly inconsistent earnings,0.06,,1.95,,29.78,1.71,63.31,1.41,,2.04,1.44,9.84,-1.96,1097.9,697.4,22.9,21.4,-14.32,106.06,0.36,0.27,5,28.0,25.5,6.0,1.0,60.5,ACCUMULATE ⭐⭐⭐,Expected ~56% CAGR (2yr) | Revenue CAGR 21% | Nearly debt-free | Promoter 63% holding | Promoters buying ↑ | Piotroski F=5 (above average quality),Pattern still forming (not broken out),3-4 years,Medium-High,"yfinance, screener.in",100,60,,2026-07-25,2026-06-01,54,10.3,7,8.5
HUHTAMAKI,Huhtamaki India Limited,Consumer Cyclical,Packaging & Containers,1793.0,Small-Cap,MonthlyDoubleBottom,Forming,1.0,48,Sep 48mo | Mid rally 207% | Asymmetry 4%,MonthlyDoubleBottom+MonthlyStage2,Sideways-Above-MA,True,True,Constructive,True,Stage2,3,Uptrend,Uptrend,220.23,442.79,141.24,187.2,711.2,820.3,946.13,820.3,272.5,93.0,15.24,12.11,1.39,0.99,8.24,84.0,0.0,265.0,1,strong_buy,13.0,17.6,0.0,11.0,0.3,4.75,,6.92,26.11,,12.66,15.34,,-2.1,0.75,consistent growth,0.11,,,,,,67.73,0.0,,1.34,0.22,1.14,0.02,272.65,148.6,19.2,48.2,4.15,-38.94,0.37,-0.09,2,24.0,22.5,11.0,3.0,60.5,ACCUMULATE ⭐⭐⭐,Expected ~93% CAGR (2yr) | Revenue CAGR 26% | Low D/E 0.11 | Promoter 68% holding | EPS: consistent growth | PEG 0.99 — undervalued,Pattern still forming (not broken out),3-4 years,Medium-High,"yfinance, screener.in",80,289,,2026-07-25,2026-06-01,54,34.5,7,12.0
IRISDOREME,Iris Clothings Limited,Consumer Cyclical,Apparel Manufacturing,794.0,Small-Cap,MonthlyDoubleBottom,Forming,1.0,48,Sep 48mo | Mid rally 289% | Asymmetry 7%,,Uptrend,True,False,Tight-Above-MAs,True,Stage2,3,Uptrend,Uptrend,44.0,106.0,26.35,37.4,46.48,185.65,71.01,57.46,321.9,105.4,54.75,,6.21,2.32,31.37,,,,0,none,14.46,,,15.76,,8.48,8.48,50.4,,,23.6,,,43.5,0.5,insufficient history,0.24,,3.19,,-26.83,-3.38,61.17,0.0,,,0.0,0.74,-0.05,48.0,26.35,8.3,67.0,40.14,-64.96,0.77,-0.16,3,22.0,28.5,0.0,10.0,60.5,ACCUMULATE ⭐⭐⭐,Expected ~105% CAGR (2yr) | Revenue CAGR 50% | Profit CAGR 24% | Low D/E 0.24 | Promoter 61% holding | MonthlyDoubleBottom forming (48mo base),High PE 55 | Pattern still forming (not broken out),3-4 years,Medium-High,"yfinance, screener.in",70,93,,2026-07-25,2026-06-01,54,20.3,7,13.0
WEALTH,Wealth First Portfolio Managers Limited,Financial Services,Capital Markets,1007.0,Small-Cap,MonthlyDoubleBottom,Forming,0.757,9,Sep 9mo | Mid rally 78% | Asymmetry 2%,MonthlyDoubleBottom+MonthlyStage2,Sideways-Above-MA,True,False,Below-MAs,True,Stage2,12,Uptrend,Uptrend,955.9,1388.83,771.33,812.51,1106.05,2006.33,2152.09,1542.83,109.9,44.9,26.04,,6.69,0.66,,169.0,10.06,,0,none,27.7,34.6,-0.91,72.0,0.49,54.41,24.22,13.33,32.85,22.16,11.76,39.49,23.93,,0.15,highly inconsistent earnings,,,5.79,,,,74.04,0.0,,0.04,,0.1,-0.01,1386.7,774.95,31.1,23.3,-19.21,185.98,0.17,-0.23,5,37.0,17.08,6.0,0.0,60.1,ACCUMULATE ⭐⭐⭐,Expected ~45% CAGR (2yr) | Revenue CAGR 33% | Profit CAGR 39% | ROE 28% | ROCE 35% | Promoter 74% holding,Pattern still forming (not broken out),3-4 years,Medium-High,"yfinance, screener.in",80,113,,2026-07-25,2026-06-01,54,6.0,7,4.0
SHAILY,Shaily Engineering Plastics Limited,Basic Materials,Specialty Chemicals,12697.0,Mid-Cap,None,,0.0,0,,,Sideways-Above-MA,True,False,Constructive,False,Stage2,1,Uptrend,Uptrend,2725.7,,,2316.84,1326.22,2754.64,3803.53,2245.96,1.1,0.5,75.18,35.47,17.7,1.08,45.87,7.0,100.0,3517.67,6,strong_buy,26.9,29.3,6.0,28.0,3.3,17.15,13.87,25.92,17.75,,82.8,69.35,,40.5,0.4,lumpy earner,0.25,,1.25,,-11.78,-0.09,43.39,0.0,,16.73,4.72,10.61,-3.03,3233.9,1535.9,15.7,77.5,23.12,674.76,,-0.11,5,39.0,9.0,6.0,6.0,60.0,ACCUMULATE ⭐⭐⭐,Expected ~0% CAGR (2yr) | Revenue CAGR 18% | Profit CAGR 69% | ROE 27% | ROCE 29% | ROCE trend rising ↑,High PE 75,3-4 years,Medium-High,"yfinance, screener.in",100,52,,2026-07-25,2026-06-01,54,3.4,7,-10.0
NRBBEARING,NRB Bearings Limited,Consumer Cyclical,Auto Parts,3949.0,Small-Cap,MonthlyStage2,Breaking Out,1.0,24,10-EMA=278 | 30-EMA=257 | Above by 38.8% | MA turning=Yes,MonthlyDoubleBottom+MonthlyStage2,Uptrend,True,True,Uptrend,True,Stage2,3,Uptrend,Uptrend,356.7,256.94,194.68,303.19,631.19,725.87,834.75,725.87,103.5,42.7,27.62,22.08,4.1,1.84,17.57,301.0,2.24,423.5,2,strong_buy,15.6,18.4,1.06,17.0,0.49,10.69,8.34,11.34,8.09,11.87,78.05,15.0,21.12,,0.15,highly inconsistent earnings,0.16,,2.26,,101.86,2.58,44.73,-6.47,,18.92,4.23,13.85,3.79,467.6,212.55,23.7,67.8,30.69,86.4,3.99,0.52,6,19.0,28.0,5.0,8.0,60.0,ACCUMULATE ⭐⭐⭐,Expected ~43% CAGR (2yr) | ROCE trend rising ↑ | Low D/E 0.16 | Piotroski F=6 (above average quality) | FII buying +4.2% ↑ | DII buying +3.8% ↑,None identified,3-4 years,Medium-High,"yfinance, screener.in",100,287,,2026-07-25,2026-06-01,54,0.0,7,-4.0
KALYANKJIL,Kalyan Jewellers India Limited,Consumer Cyclical,Luxury Goods,59321.0,Large-Cap,MonthlyDoubleBottom,Forming,1.0,23,Sep 23mo | Mid rally 138% | Asymmetry 8%,,Downtrend,False,False,Below-MAs,False,Stage2,3,Uptrend,Uptrend,344.15,793.08,320.29,304.28,663.64,1265.87,1418.5,970.25,267.8,91.8,44.05,30.34,9.39,0.95,28.57,26.0,25.0,666.22,9,strong_buy,24.8,20.5,2.46,7.0,-0.2,3.78,7.21,42.72,36.44,33.05,89.08,46.2,56.89,118.3,0.4,lumpy earner,0.97,,1.3,,-515.68,-0.87,62.86,0.0,,10.82,-3.73,15.83,1.7,617.7,327.05,44.3,5.2,-30.19,113.22,1.57,-0.04,4,32.0,16.0,10.0,2.0,60.0,ACCUMULATE ⭐⭐⭐,Expected ~92% CAGR (2yr) | Revenue CAGR 36% | Profit CAGR 46% | ROE 25% | ROCE 20% | ROCE trend rising ↑,Pattern still forming (not broken out),3-4 years,Medium-High,"yfinance, screener.in",100,63,,2026-07-25,2026-06-01,54,0.0,7,3.0
SAMHI,SAMHI Hotels Limited,Consumer Cyclical,Lodging,3667.0,Small-Cap,MonthlyDoubleBottom,Forming,1.0,11,Sep 11mo | Mid rally 105% | Asymmetry 5%,MonthlyDoubleBottom+MonthlyStage2,Sideways-Above-MA,True,False,Constructive,True,Stage2,3,Uptrend,Uptrend,177.3,254.5,121.1,150.71,8942.44,29043.96,260375.24,48253.38,16281.3,1179.9,6.42,13.4,2.4,0.01,16.23,0.0,,229.83,6,strong_buy,24.8,8.92,3.51,35.0,13.49,40.31,4.69,10.44,19.08,48.99,559.3,,,671.1,0.2,multiple loss years in history,0.81,,0.81,,-99.3,-2.71,,,,44.62,0.34,17.35,0.96,254.5,127.0,30.3,39.6,-15.22,,0.2,0.85,5,23.0,21.0,16.0,0.0,60.0,ACCUMULATE ⭐⭐⭐,Expected ~1180% CAGR (2yr) | Revenue CAGR 19% | Profit CAGR 440% | ROE 25% | ROCE trend rising ↑ | OPM 35%,Pattern still forming (not broken out),3-4 years,Medium-High,"yfinance, screener.in",80,35,,2026-07-25,2026-06-01,54,23.7,7,3.0
FIVESTAR,Five-Star Business Finance Limited,Financial Services,Credit Services,16464.0,Mid-Cap,MonthlyDoubleBottom,Forming,0.876,30,Sep 30mo | Mid rally 89% | Asymmetry 1%,,Uptrend,True,False,Constructive,True,Stage2,12,Uptrend,Uptrend,546.4,940.49,494.39,469.67,1764.76,2625.06,8841.43,3950.07,380.4,119.2,14.97,11.27,2.23,0.12,,36.0,,637.56,9,strong_buy,16.0,17.0,,60.44,,48.5,7.27,103.48,104.25,,196.23,123.83,,-3.5,0.4,lumpy earner,1.12,,5.57,,,,18.61,0.0,,43.97,-4.51,22.35,4.77,738.6,338.15,26.0,61.6,1.5,-54.11,0.29,0.63,3,24.0,24.01,10.0,2.0,60.0,ACCUMULATE ⭐⭐⭐,Expected ~119% CAGR (2yr) | Revenue CAGR 104% | Profit CAGR 124% | OPM 60% | DII buying +4.8% ↑ | PEG 0.12 — deeply undervalued,High D/E 1.1 | Pattern still forming (not broken out),3-4 years,Medium-High,"yfinance, screener.in",90,45,,2026-07-25,2026-06-01,54,20.5,7,7.0
NETWEB,Netweb Technologies India Limited,Technology,Computer Hardware,24167.0,Mid-Cap,None,,0.0,0,,,Uptrend,True,False,Tight-Above-MAs,True,Downtrend,0,Uptrend,Uptrend,3746.4,,,3184.44,1778.6,3655.74,4801.23,2922.24,,,116.28,57.0,33.33,1.81,84.53,6.0,25.0,4756.0,4,strong_buy,32.83,,,11.99,,9.43,10.75,86.6,,,64.3,,,64.2,0.5,insufficient history,0.39,,1.44,,112.21,0.46,66.98,0.0,,9.27,-0.02,5.91,1.23,5244.0,1812.5,28.6,106.7,111.0,,,1.74,4,35.0,14.0,4.0,7.0,60.0,ACCUMULATE ⭐⭐⭐,Revenue CAGR 87% | Profit CAGR 64% | ROE 33% | Promoter 67% holding | DII buying +1.2% ↑ | Dividend growing 25%/yr,High PE 116,3-4 years,Medium-High,"yfinance, screener.in",70,35,,2026-07-25,2026-07-15,10,0.0,1,2.0
VIJAYA,Vijaya Diagnostic Centre Limited,Healthcare,Diagnostics & Research,13802.0,Mid-Cap,MonthlyStage2,Stage Change,1.0,24,10-EMA=1161 | 30-EMA=981 | Above by 41.7% | MA turning=Yes,MonthlyCupHandle+MonthlyStage2,Uptrend,True,True,Tight-Above-MAs,True,Stage2,6,Uptrend,Uptrend,1389.4,980.5,861.4,1180.99,1064.74,1361.29,1710.03,1349.35,,,79.98,50.92,14.41,2.99,41.36,15.0,25.99,1379.2,10,buy,19.7,21.3,-1.4,41.0,-0.77,21.25,11.02,19.53,21.04,16.64,20.14,26.73,15.27,38.4,0.15,highly inconsistent earnings,0.44,,2.6,,-1.45,-0.01,52.47,-0.04,,11.64,-1.74,31.58,1.65,1440.0,848.0,3.5,63.8,39.04,142.36,0.36,0.34,4,24.0,28.5,-1.0,8.0,59.5,WATCH ⭐⭐,Revenue CAGR 21% | Profit CAGR 27% | ROCE 21% | Promoter 52% holding | OPM 41% | Margin compressing ↓ ⚠️,High PE 80 | Margin compression ↓,3-4 years,Medium-High,"yfinance, screener.in",100,59,,2026-07-25,2026-06-01,54,6.9,7,-1.0
GLAND,Gland Pharma Limited,Healthcare,Drug Manufacturers - Specialty & Generic,40399.0,Large-Cap,MonthlyStage2,Stage Change,1.0,24,10-EMA=2070 | 30-EMA=1907 | Above by 30.0% | MA turning=Yes,MonthlyDoubleBottom+MonthlyStage2,Uptrend,True,False,Tight-Above-MAs,True,Stage2,6,Uptrend,Uptrend,2479.4,1906.6,1387.08,2107.49,2744.51,2718.53,3294.34,3006.89,9.6,4.7,39.37,26.86,3.89,4.12,22.82,82.0,-10.0,2286.0,14,buy,10.7,15.1,-3.0,25.0,-2.91,15.97,6.35,14.51,21.06,13.18,46.92,9.56,0.59,96.6,0.15,highly inconsistent earnings,0.03,,4.68,,504.15,1.25,51.83,0.0,,7.29,-0.29,33.36,0.37,2573.5,1573.6,3.7,57.6,34.62,19.46,0.78,0.48,5,19.0,28.5,2.0,10.0,59.5,WATCH ⭐⭐,Expected ~5% CAGR (2yr) | Revenue CAGR 21% | Nearly debt-free | Promoter 52% holding | Margin compressing ↓ ⚠️ | Piotroski F=5 (above average quality),Margin compression ↓ | Earnings due 2026-08-05,3-4 years,Medium-High,"yfinance, screener.in",100,69,2026-08-05,2026-07-25,2026-06-01,54,10.1,7,0.5
ARIES,Aries Agro Limited,Basic Materials,Agricultural Inputs,449.0,Micro-Cap,MonthlyDoubleBottom,Forming,1.0,38,Sep 38mo | Mid rally 244% | Asymmetry 6%,,Sideways,False,False,Below-MAs,False,Stage2,1,Uptrend,Uptrend,344.15,269.12,76.07,292.53,979.39,1351.06,1863.79,1351.06,292.6,98.1,10.47,,1.34,0.28,6.03,35.0,14.47,,0,none,13.7,21.2,1.46,12.0,-0.4,5.79,6.69,21.06,16.85,14.6,27.27,37.95,21.29,,0.15,highly inconsistent earnings,0.17,,1.69,,-7.01,-1.56,52.66,0.0,,3.13,-0.12,0.02,0.02,459.9,285.35,25.2,20.6,-13.56,61.69,0.1,-0.06,5,27.0,19.5,13.0,0.0,59.5,WATCH ⭐⭐,Expected ~98% CAGR (2yr) | Revenue CAGR 17% | Profit CAGR 38% | ROCE 21% | ROCE trend rising ↑ | Low D/E 0.17,Pattern still forming (not broken out),3-4 years,Medium-High,"yfinance, screener.in",100,223,,2026-07-25,2026-06-01,54,-3.4,7,1.0
J&KBANK,Jammu and Kashmir Bank Limited,Financial Services,Banks - Regional,20118.0,Mid-Cap,MonthlyDoubleBottom,Forming,1.0,14,Sep 14mo | Mid rally 109% | Asymmetry 6%,,Uptrend,True,False,Uptrend,True,Stage2,12,Uptrend,Uptrend,183.31,46.14,21.49,155.81,584.49,736.22,927.34,736.22,301.6,100.4,8.53,7.84,1.22,0.33,,118.0,64.5,198.0,1,none,15.4,5.84,,23.3,,34.68,1.32,4.86,12.02,10.15,13.35,25.96,40.7,,0.15,highly inconsistent earnings,,,,,,,59.4,0.0,,9.38,1.03,7.85,1.85,201.75,97.35,9.1,88.3,90.05,88.21,0.82,0.48,2,17.0,25.5,9.0,8.0,59.5,WATCH ⭐⭐,Expected ~100% CAGR (2yr) | Profit CAGR 26% | Promoter 59% holding | FII buying +1.0% ↑ | DII buying +1.9% ↑ | Dividend growing 64%/yr,Pattern still forming (not broken out),3-4 years,Medium-High,"yfinance, screener.in",80,288,,2026-07-25,2026-06-01,54,37.5,7,1.0
BANKINDIA,Bank of India Limited,Financial Services,Banks - Regional,65181.0,Large-Cap,MonthlyDoubleBottom,Forming,1.0,29,Sep 29mo | Mid rally 186% | Asymmetry 7%,MonthlyCupHandle+MonthlyDoubleBottom,Sideways,False,False,Below-MAs,False,Stage2,12,Uptrend,Uptrend,144.9,190.57,64.34,123.17,722.6,666.45,1396.13,1004.41,359.9,114.5,6.02,5.6,0.72,0.15,,325.0,32.48,159.5,4,hold,12.4,5.93,,45.0,,31.89,0.92,6.04,16.41,13.1,7.93,39.0,37.72,18.7,0.4,lumpy earner,,,,,,,73.38,0.0,,6.87,-0.39,13.96,0.0,178.36,108.81,18.8,33.2,32.28,53.27,0.43,0.76,2,22.0,19.5,11.0,7.0,59.5,WATCH ⭐⭐,Expected ~114% CAGR (2yr) | Revenue CAGR 16% | Profit CAGR 39% | Promoter 73% holding | OPM 45% | Dividend growing 32%/yr,Pattern still forming (not broken out),3-4 years,Medium-High,"yfinance, screener.in",80,289,,2026-07-25,2026-06-01,54,4.5,7,3.0
ARTEMISMED,Artemis Medicare Services Limited,,,0.0,Micro-Cap,MonthlyStage2,Stage Change,1.0,24,10-EMA=257 | 30-EMA=233 | Above by 19.1% | MA turning=Yes,MonthlyDoubleBottom+MonthlyStage2,Uptrend,True,False,Tight-Above-MAs,True,Unknown,0,Uptrend,Uptrend,277.0,232.65,205.51,235.45,118.59,259.79,232.04,165.89,,,117.62,21.66,4.56,2.95,24.63,0.17,0.0,330.25,4,strong_buy,12.0,14.6,2.09,17.0,1.54,9.58,6.38,15.37,13.62,21.52,26.83,39.88,76.92,30.4,0.15,highly inconsistent earnings,0.28,,1.74,,171.87,,58.39,0.0,,12.28,0.09,2.4,-0.49,297.5,203.35,6.9,36.2,27.4,96.02,0.6,0.27,6,24.0,27.5,2.0,6.0,59.5,WATCH ⭐⭐,Profit CAGR 40% | ROCE trend rising ↑ | Low D/E 0.28 | Promoter 58% holding | Piotroski F=6 (above average quality) | MonthlyStage2 forming (24mo base),High PE 118,3-4 years,Medium-High,"yfinance, screener.in",100,79,,2026-07-25,2026-06-01,54,0.6,6,6.0
STARHEALTH,Star Health and Allied Insurance Company Limited,Financial Services,Insurance - Life,34301.0,Large-Cap,MonthlyStage2,Stage Change,1.0,24,10-EMA=521 | 30-EMA=515 | Above by 16.6% | MA turning=Yes,MonthlyDoubleBottom+MonthlyStage2,Uptrend,True,False,Tight-Above-MAs,True,Stage2,12,Uptrend,Uptrend,600.85,515.23,356.65,510.72,39721.19,4504625.01,1418880769.2,7507305.66,749608.7,8558.6,61.75,22.14,4.51,0.0,,,,604.04,24,buy,,,,3.25,,3.12,,13.8,,,18800.0,,,21731.4,0.5,insufficient history,,,,,,,57.98,0.0,,15.06,0.99,20.31,-0.65,623.9,416.55,3.7,44.2,35.36,-31.24,0.24,0.2,1,14.0,28.5,9.0,8.0,59.5,WATCH ⭐⭐,Expected ~8559% CAGR (2yr) | Profit CAGR 18800% | Promoter 58% holding | FII buying +1.0% ↑ | PEG 0.00 — deeply undervalued | MonthlyStage2 forming (24mo base),High PE 62 | Earnings due 2026-07-29,3-4 years,Medium-High,"yfinance, screener.in",40,56,2026-07-29,2026-07-25,2026-06-01,54,16.2,7,8.6
EIMCOELECO,Eimco Elecon (India) Limited,Industrials,Farm & Heavy Construction Machinery,1058.0,Small-Cap,MonthlyDoubleBottom,Forming,1.0,40,Sep 40mo | Mid rally 251% | Asymmetry 5%,MonthlyDoubleBottom+MonthlyStage2,Uptrend,True,False,Tight-Above-MAs,True,Stage2,4,Uptrend,Uptrend,1744.6,592.92,164.95,1482.91,3581.69,5461.36,8327.49,5461.36,213.0,76.9,26.74,19.3,2.26,0.51,22.56,22.0,-7.17,2106.0,1,strong_buy,10.4,13.2,0.8,18.0,1.4,16.3,,31.79,21.86,4.27,95.0,52.48,11.14,6.2,0.15,highly inconsistent earnings,0.01,,,,,,48.96,0.0,,3.25,0.15,0.98,-0.07,2553.4,1405.5,31.7,24.1,-21.4,76.86,0.93,0.11,3,25.0,28.5,6.0,0.0,59.5,WATCH ⭐⭐,Expected ~77% CAGR (2yr) | Revenue CAGR 22% | Profit CAGR 52% | ROCE trend rising ↑ | Nearly debt-free | PEG 0.51 — undervalued,Pattern still forming (not broken out),3-4 years,Medium-High,"yfinance, screener.in",80,289,,2026-07-25,2026-06-01,54,9.8,7,9.0
SONAMLTD,Sonam Limited,Consumer Cyclical,"Furnishings, Fixtures & Appliances",225.0,Micro-Cap,MonthlyStage2,Stage Change,1.0,24,10-EMA=51 | 30-EMA=47 | Above by 23.1% | MA turning=Yes,MonthlyDoubleBottom+MonthlyStage2,Uptrend,True,False,Tight-Above-MAs,True,Stage2,3,Uptrend,Uptrend,57.63,46.83,39.02,48.99,256.24,582.44,1323.9,582.44,910.7,217.9,30.67,,3.37,0.24,,,0.0,,0,none,,,,6.63,,4.4,,75.6,,,127.3,,,127.0,0.5,insufficient history,,,,,,,58.12,0.57,,,-0.26,,,63.0,37.4,8.5,54.1,19.53,59.58,0.2,-0.06,1,19.0,28.5,8.0,4.0,59.5,WATCH ⭐⭐,Expected ~218% CAGR (2yr) | Revenue CAGR 76% | Profit CAGR 127% | Promoter 58% holding | PEG 0.24 — deeply undervalued | MonthlyStage2 forming (24mo base),None identified,3-4 years,Medium-High,"yfinance, screener.in",40,98,,2026-07-25,2026-06-01,54,12.1,7,14.5
GUFICBIO,Gufic Biosciences Limited,Healthcare,Drug Manufacturers - Specialty & Generic,3830.0,Small-Cap,MonthlyStage2,Stage Change,1.0,24,10-EMA=348 | 30-EMA=336 | Above by 19.1% | MA turning=Yes,MonthlyDoubleBottom+MonthlyStage2,Uptrend,True,True,Tight-Above-MAs,True,Stage2,6,Uptrend,Uptrend,399.95,335.7,273.8,339.96,999.29,2828.98,8008.85,2828.98,607.3,166.0,59.49,,5.77,0.32,27.52,3.0,0.0,,0,none,10.1,12.3,-1.0,16.0,-1.5,6.8,6.0,15.12,,,-8.57,,,183.6,0.4,lumpy earner,0.61,,1.55,,-33.97,-0.89,72.5,0.0,,0.42,-0.02,3.83,0.09,448.0,268.0,10.7,49.2,9.92,3.65,0.88,-0.04,4,20.0,28.5,8.0,3.0,59.5,WATCH ⭐⭐,Expected ~166% CAGR (2yr) | Revenue CAGR 23% | Profit CAGR 183% | Promoter 72% holding | Margin compressing ↓ ⚠️ | PEG 0.32 — deeply undervalued,High PE 59 | Margin compression ↓,3-4 years,Medium-High,"yfinance, screener.in",80,262,,2026-07-25,2026-06-15,40,7.7,5,5.5
MEDPLUS,MedPlus Health Services Limited,Healthcare,Pharmaceutical Retailers,9620.0,Mid-Cap,MonthlyStage2,Stage Change,0.993,24,10-EMA=848 | 30-EMA=813 | Above by 14.9% | MA turning=Yes,MonthlyDoubleBottom+MonthlyStage2,Uptrend,True,False,Uptrend,True,Stage2,6,Uptrend,Uptrend,934.65,813.47,666.85,794.45,1833.72,2270.32,4923.56,3004.73,142.9,55.9,43.85,31.36,4.87,0.69,25.84,0.0,,1168.71,7,strong_buy,11.8,12.6,0.06,9.0,0.37,3.19,5.56,12.32,14.78,17.56,46.67,63.86,28.42,24.6,0.15,highly inconsistent earnings,0.72,,3.0,,271.58,2.82,40.19,-0.03,,14.38,-1.15,29.95,2.13,1022.2,732.0,8.6,27.7,11.05,-2.1,0.38,0.44,7,21.0,26.42,9.0,3.0,59.4,WATCH ⭐⭐,Expected ~56% CAGR (2yr) | Profit CAGR 64% | ROCE trend rising ↑ | Piotroski F=7 (high quality compounder) | DII buying +2.1% ↑ | PEG 0.69 — undervalued,None identified,3-4 years,Medium-High,"yfinance, screener.in",100,54,,2026-07-25,2026-06-01,54,0.0,7,0.0
COFORGE,Coforge Limited,Technology,Information Technology Services,66775.0,Large-Cap,MonthlyDoubleBottom,Forming,0.964,29,Sep 29mo | Mid rally 105% | Asymmetry 9%,MonthlyDoubleBottom+MonthlyStage2,Sideways,False,False,Below-MAs,False,Downtrend,0,Uptrend,Uptrend,1503.8,1984.96,924.97,1278.23,1952.43,3044.95,3443.28,2592.83,102.5,42.3,34.37,22.08,5.31,1.05,16.56,106.0,-35.92,1716.29,35,buy,20.6,23.5,-1.23,18.0,-0.11,9.48,10.8,36.11,26.96,28.6,86.43,32.8,30.22,134.4,0.15,highly inconsistent earnings,0.07,,1.61,,1715.94,2.57,,,,24.66,-6.0,42.71,-13.47,1989.7,1008.1,24.4,49.2,-11.49,16.31,0.54,0.23,5,32.0,18.07,8.0,1.0,59.1,WATCH ⭐⭐,Expected ~42% CAGR (2yr) | Revenue CAGR 27% | Profit CAGR 33% | ROE 21% | ROCE 24% | Nearly debt-free,Earnings due 2026-07-27 | Pattern still forming (not broken out),3-4 years,Medium-High,"yfinance, screener.in",90,264,2026-07-27,2026-07-25,2026-06-01,54,6.5,7,-2.0
INDHOTEL,The Indian Hotels Company Limited,Consumer Cyclical,Lodging,103612.0,Large-Cap,MonthlyStage2,Stage Change,0.955,24,10-EMA=694 | 30-EMA=650 | Above by 14.3% | MA turning=Yes,MonthlyDoubleBottom+MonthlyStage2,Uptrend,True,False,Constructive,True,Stage2,3,Uptrend,Uptrend,743.5,650.32,570.95,631.98,949.8,1054.37,1574.19,1222.77,41.8,19.1,49.75,39.52,7.94,1.73,31.2,45.0,48.12,801.76,29,buy,14.2,17.1,4.71,33.0,9.74,20.92,9.42,16.24,18.59,43.81,10.26,28.74,49.99,14.9,0.2,multiple loss years in history,0.19,,2.5,,1306.16,1.26,38.12,0.0,,23.23,-1.86,22.58,1.92,811.95,565.0,8.4,31.6,-1.07,51.97,0.4,-0.16,7,29.0,24.96,3.0,2.0,59.0,WATCH ⭐⭐,Expected ~19% CAGR (2yr) | Revenue CAGR 19% | Profit CAGR 29% | ROCE trend rising ↑ | Low D/E 0.19 | OPM 33%,Earnings due 2026-07-21,3-4 years,Medium-High,"yfinance, screener.in",100,289,2026-07-21,2026-07-25,2026-06-01,54,13.9,7,9.1
EPL,EPL Limited,Consumer Cyclical,Packaging & Containers,7672.0,Small-Cap,MonthlyStage2,Stage Change,0.869,24,10-EMA=219 | 30-EMA=210 | Above by 13.0% | MA turning=Yes,MonthlyCupHandle+MonthlyDoubleBottom+MonthlyStage2,Uptrend,True,False,Tight-Above-MAs,True,Stage2,3,Uptrend,Uptrend,237.56,210.16,184.8,201.93,642.58,577.32,917.31,767.75,143.0,55.9,19.76,13.69,2.68,1.01,8.34,209.0,5.16,291.67,6,strong_buy,15.8,17.8,0.57,20.0,0.31,8.16,8.76,13.05,8.84,9.03,8.24,19.48,10.06,-10.0,0.15,highly inconsistent earnings,0.34,,1.56,,59.91,0.78,26.38,0.0,,17.22,-0.35,10.2,0.65,246.86,176.4,3.8,34.7,9.08,3.39,0.45,0.38,6,17.0,26.93,10.0,5.0,58.9,WATCH ⭐⭐,Expected ~56% CAGR (2yr) | ROCE trend rising ↑ | Piotroski F=6 (above average quality) | DII buying +0.7% ↑ | PEG 1.01 — fair value | EV/EBITDA 8× below sector (25×),None identified,3-4 years,Medium-High,"yfinance, screener.in",100,289,,2026-07-25,2026-06-01,54,9.4,7,10.1
MARINE,Marine Electricals (India) Limited,Industrials,Electrical Equipment & Parts,3313.0,Small-Cap,MonthlyStage2,Stage Change,1.0,24,10-EMA=204 | 30-EMA=177 | Above by 25.4% | MA turning=Yes,MonthlyDoubleBottom+MonthlyStage2,Sideways-Above-MA,True,False,Constructive,True,Stage2,4,Uptrend,Uptrend,222.05,177.13,147.48,188.74,204.5,309.61,468.75,309.61,39.4,18.1,59.18,,7.04,1.15,36.2,12.0,9.0,,0,none,13.2,18.2,1.23,11.0,-0.03,6.66,6.17,14.34,25.56,28.43,55.26,51.4,33.34,38.1,0.4,lumpy earner,0.18,,2.12,,-39.23,-1.18,68.2,-0.34,,0.59,-0.06,0.34,0.22,297.9,150.86,25.5,47.2,11.91,331.09,0.63,1.06,4,30.0,22.5,3.0,3.0,58.5,WATCH ⭐⭐,Expected ~18% CAGR (2yr) | Revenue CAGR 26% | Profit CAGR 51% | ROCE trend rising ↑ | Low D/E 0.18 | Promoter 68% holding,High PE 59,3-4 years,Medium-High,"yfinance, screener.in",100,92,,2026-07-25,2026-06-01,54,0.0,7,-4.0
STYRENIX,Styrenix Performance Materials Limited,Basic Materials,Chemicals,3933.0,Small-Cap,MonthlyDoubleBottom,Forming,1.0,31,Sep 31mo | Mid rally 179% | Asymmetry 8%,MonthlyDoubleBottom+MonthlyStage2,Uptrend,True,False,Tight-Above-MAs,True,Stage2,1,Uptrend,Uptrend,2310.0,543.85,186.84,1963.5,4936.57,10503.04,22346.26,10503.04,354.7,113.2,21.5,16.6,2.88,0.19,12.58,242.0,-43.27,2964.0,1,strong_buy,14.6,15.1,-12.0,10.0,1.8,5.32,6.0,15.29,19.61,,-22.13,112.76,,30.8,0.15,highly inconsistent earnings,0.4,,2.29,,0.6,0.02,46.24,0.0,,0.95,-0.27,17.33,1.58,3207.9,1780.0,28.0,29.8,-10.66,107.64,0.23,0.45,6,22.0,28.5,8.0,0.0,58.5,WATCH ⭐⭐,Expected ~113% CAGR (2yr) | Revenue CAGR 20% | Profit CAGR 113% | Piotroski F=6 (above average quality) | DII buying +1.6% ↑ | PEG 0.19 — deeply undervalued,Pattern still forming (not broken out),3-4 years,Medium-High,"yfinance, screener.in",100,288,,2026-07-25,2026-06-01,54,1.8,7,3.0
INDIAGLYCO,India Glycols Limited,Basic Materials,Chemicals,7770.0,Small-Cap,MonthlyDoubleBottom,Forming,1.0,41,Sep 41mo | Mid rally 459% | Asymmetry 8%,,Uptrend,True,False,Uptrend,True,Stage2,1,Uptrend,Uptrend,1158.7,216.52,37.22,984.89,1264.8,1614.01,2059.64,1614.01,39.3,18.0,25.25,,2.65,0.91,14.49,108.0,25.99,,0,none,11.3,12.4,0.63,15.0,0.74,6.95,4.86,11.76,16.68,12.69,26.84,27.61,17.29,35.7,0.15,highly inconsistent earnings,0.58,,0.74,,-315.34,-4.06,59.63,0.0,,2.24,-0.03,5.21,0.02,1222.0,792.5,5.2,46.2,44.89,190.74,0.53,0.26,5,18.0,26.5,6.0,8.0,58.5,WATCH ⭐⭐,Expected ~18% CAGR (2yr) | Revenue CAGR 17% | Profit CAGR 28% | ROCE trend rising ↑ | Promoter 60% holding | Piotroski F=5 (above average quality),Pattern still forming (not broken out),3-4 years,Medium-High,"yfinance, screener.in",100,288,,2026-07-25,2026-06-01,54,16.1,7,6.0
DATAMATICS,Datamatics Global Services Limited,Technology,Information Technology Services,5000.0,Small-Cap,MonthlyStage2,Stage Change,1.0,24,10-EMA=787 | 30-EMA=699 | Above by 28.9% | MA turning=Yes,MonthlyDoubleBottom+MonthlyStage2,Uptrend,True,False,Tight-Above-MAs,True,Downtrend,0,Uptrend,Uptrend,900.45,698.57,569.21,765.38,920.23,936.52,953.09,936.52,4.0,2.0,25.78,17.27,3.24,14.56,12.51,59.0,58.74,920.0,1,buy,16.4,20.8,0.31,19.0,0.71,9.77,8.15,15.32,10.84,11.58,-5.34,1.77,18.35,-1.4,0.15,highly inconsistent earnings,0.14,,1.99,,409.59,8.19,66.33,0.0,,0.48,-0.05,0.11,-0.02,1120.0,632.0,19.6,42.5,-9.49,37.84,0.53,0.0,6,26.0,27.5,4.0,1.0,58.5,WATCH ⭐⭐,Expected ~2% CAGR (2yr) | ROCE 21% | ROCE trend rising ↑ | Low D/E 0.14 | Promoter 66% holding | FCF yield 8.2%,None identified,3-4 years,Medium-High,"yfinance, screener.in",100,267,,2026-07-25,2026-06-01,54,21.7,7,7.6
WELENT,Welspun Enterprises Limited,Industrials,Engineering & Construction,8493.0,Mid-Cap,MonthlyStage2,Stage Change,1.0,24,10-EMA=535 | 30-EMA=468 | Above by 33.9% | MA turning=Yes,MonthlyCupHandle+MonthlyDoubleBottom+MonthlyStage2,Uptrend,True,True,Tight-Above-MAs,True,Stage2,4,Uptrend,Uptrend,627.1,468.44,415.06,533.03,656.84,656.84,656.84,656.84,4.7,2.3,23.87,17.02,2.76,,11.86,48.0,-29.33,,0,none,14.1,16.8,2.49,21.0,1.94,9.68,6.51,0.86,9.44,18.76,11.02,-18.5,24.76,53.0,0.15,highly inconsistent earnings,0.61,,1.96,,635.45,7.48,56.13,0.0,,3.47,-0.29,9.32,0.07,634.9,412.0,1.2,52.2,34.97,102.41,0.84,0.4,5,16.0,28.5,4.0,10.0,58.5,WATCH ⭐⭐,Expected ~2% CAGR (2yr) | Declining profits (-18% CAGR) ⚠️ | ROCE trend rising ↑ | Promoter 56% holding | FCF yield 7.5% | Piotroski F=5 (above average quality),None identified,3-4 years,Medium-High,"yfinance, screener.in",100,261,,2026-07-25,2026-06-01,54,27.1,7,13.0
PGHL,Procter & Gamble Health Limited,Healthcare,Drug Manufacturers - Specialty & Generic,11287.0,Mid-Cap,MonthlyStage2,Stage Change,0.318,24,10-EMA=5273 | 30-EMA=5097 | Above by 4.8% | MA turning=Yes,MonthlyDoubleBottom+MonthlyStage2,Sideways,False,False,Below-MAs,True,Stage2,6,Uptrend,Uptrend,5340.5,5097.17,4739.86,4539.43,12570.68,19434.27,30045.37,19434.27,263.9,90.8,34.48,25.41,21.52,0.63,24.33,132.0,18.98,7535.0,1,none,61.59,,,34.94,,23.22,33.1,19.1,,,54.6,,,54.6,0.5,insufficient history,0.02,,2.18,,292.48,2.59,51.82,0.0,,6.33,0.13,12.44,-1.23,6975.0,4707.0,23.4,13.5,1.93,-9.25,0.6,0.23,5,36.0,11.32,6.0,5.0,58.3,WATCH ⭐⭐,Expected ~91% CAGR (2yr) | Revenue CAGR 19% | Profit CAGR 55% | ROE 62% | Nearly debt-free | Promoter 52% holding,None identified,3-4 years,Medium-High,"yfinance, screener.in",70,287,,2026-07-25,2026-06-01,54,0.0,7,0.0
ALKYLAMINE,Alkyl Amines Chemicals Limited,Basic Materials,Specialty Chemicals,9344.0,Mid-Cap,MonthlyStage2,Stage Change,0.315,24,10-EMA=1703 | 30-EMA=1868 | Above by 4.7% | MA turning=No,MonthlyDoubleBottom+MonthlyStage2,Sideways-Above-MA,True,False,Uptrend,True,Stage2,1,Uptrend,Uptrend,1956.0,1867.81,1231.6,1662.6,1273.21,2504.02,3135.94,1998.18,28.0,13.1,52.08,41.3,6.09,0.91,,76.0,0.0,1606.67,3,hold,41.4,41.3,2.57,26.0,1.14,11.77,,17.38,25.61,15.84,133.72,56.94,34.9,-3.4,0.15,highly inconsistent earnings,,,,,,,72.05,0.02,,3.45,0.0,3.01,0.0,2400.0,1212.0,18.5,61.4,-1.57,-46.66,0.82,0.27,3,36.0,15.28,6.0,1.0,58.3,WATCH ⭐⭐,Expected ~13% CAGR (2yr) | Revenue CAGR 26% | Profit CAGR 57% | ROE 41% | ROCE 41% | ROCE trend rising ↑,High PE 52,3-4 years,Medium-High,"yfinance, screener.in",70,225,,2026-07-25,2026-06-01,54,10.7,7,6.7
LLOYDSENGG,Lloyds Engineering Works Limited,Industrials,Specialty Industrial Machinery,12622.0,Mid-Cap,MonthlyStage2,Breaking Out,1.0,24,10-EMA=56 | 30-EMA=58 | Above by 18.6% | MA turning=Yes,MonthlyDoubleBottom+MonthlyStage2,Sideways-Above-MA,True,True,Constructive,True,Stage2,4,Uptrend,Uptrend,68.44,57.7,37.73,58.17,88.09,187.19,397.78,187.19,173.5,65.4,59.44,,7.3,0.53,63.0,28.0,80.47,,0,none,16.4,17.1,,15.0,-1.0,14.59,6.21,53.78,,,88.57,,,156.5,0.5,insufficient history,0.07,,2.77,,-383.29,-3.04,41.92,0.0,,2.11,0.14,0.18,0.0,95.1,37.4,28.0,83.0,4.47,,1.72,1.14,3,26.0,24.0,5.0,3.0,58.0,WATCH ⭐⭐,Expected ~65% CAGR (2yr) | Revenue CAGR 113% | Profit CAGR 112% | Nearly debt-free | Margin compressing ↓ ⚠️ | Dividend growing 80%/yr,High PE 59 | Margin compression ↓,3-4 years,Medium-High,"yfinance, screener.in",80,32,,2026-07-25,2026-06-01,54,0.0,7,-2.0
MARKSANS,Marksans Pharma Limited,Healthcare,Drug Manufacturers - General,12104.0,Mid-Cap,MonthlyStage2,Breaking Out,1.0,24,10-EMA=190 | 30-EMA=185 | Above by 17.4% | MA turning=Yes,MonthlyDoubleBottom+MonthlyStage2,Uptrend,True,True,Constructive,True,Stage2,6,Uptrend,Uptrend,217.3,185.07,156.89,184.71,378.22,370.98,514.12,440.97,70.7,30.7,29.0,19.79,4.0,1.75,19.11,34.0,47.36,266.0,3,strong_buy,15.2,18.8,-3.0,20.0,-0.37,14.16,8.84,12.5,16.8,16.49,9.66,16.59,11.94,63.6,0.15,highly inconsistent earnings,0.11,,5.17,,70.35,0.58,43.87,0.0,,16.76,8.63,6.57,0.66,281.6,155.0,22.8,40.2,-8.89,118.23,1.56,1.09,5,22.0,27.0,7.0,2.0,58.0,WATCH ⭐⭐,Expected ~31% CAGR (2yr) | Revenue CAGR 17% | Low D/E 0.11 | Piotroski F=5 (above average quality) | FII buying +8.6% ↑ | DII buying +0.7% ↑,None identified,3-4 years,Medium-High,"yfinance, screener.in",100,287,,2026-07-25,2026-06-01,54,0.0,7,0.0
ADFFOODS,ADF Foods Limited,Consumer Defensive,Packaged Foods,3286.0,Small-Cap,MonthlyStage2,Breaking Out,1.0,24,10-EMA=254 | 30-EMA=232 | Above by 38.0% | MA turning=Yes,MonthlyCupHandle+MonthlyDoubleBottom+MonthlyStage2,Uptrend,True,False,Tight-Above-MAs,True,Stage2,15,Uptrend,Uptrend,319.9,231.85,167.18,271.91,447.53,524.19,613.98,524.19,63.9,28.0,36.48,,5.74,2.13,24.89,40.0,14.47,266.0,1,none,17.8,22.8,-0.66,19.0,0.29,13.16,9.9,15.76,14.92,13.04,30.43,17.13,12.47,57.6,0.15,highly inconsistent earnings,0.1,,3.84,,-30.62,-0.93,36.14,0.0,,11.55,0.24,23.21,0.1,346.95,153.1,7.8,108.9,56.95,25.75,4.28,0.52,5,17.0,30.0,3.0,8.0,58.0,WATCH ⭐⭐,Expected ~28% CAGR (2yr) | ROCE 23% | Nearly debt-free | Piotroski F=5 (above average quality) | Dividend growing 14%/yr | EV/EBITDA 25× vs sector 30×,None identified,3-4 years,Medium-High,"yfinance, screener.in",100,191,,2026-07-25,2026-06-01,54,18.9,7,4.5
JYOTHYLAB,Jyothy Labs Limited,Consumer Defensive,Household & Personal Products,7355.0,Small-Cap,MonthlyDoubleBottom,Breakout Ready,0.463,6,Sep 6mo | Mid rally 50% | Asymmetry 3%,,Downtrend,False,False,Below-MAs,False,Stage2,15,Uptrend,Uptrend,213.5,86.18,56.71,181.47,656.73,629.7,1153.31,870.29,194.9,71.7,22.08,18.56,4.63,0.68,15.29,175.0,5.27,268.82,11,buy,19.0,24.6,2.4,18.0,0.57,11.32,11.63,3.26,9.04,10.72,0.27,32.52,17.82,-12.4,0.15,highly inconsistent earnings,0.03,,2.68,,265.71,3.61,62.89,0.0,,12.13,-0.22,13.36,-1.26,352.7,188.1,39.5,13.5,-29.97,-20.62,1.31,0.4,6,33.0,11.56,13.0,0.0,57.6,WATCH ⭐⭐,Expected ~72% CAGR (2yr) | Profit CAGR 33% | ROCE 25% | ROCE trend rising ↑ | Nearly debt-free | Promoter 63% holding,None identified,3-4 years,Medium-High,"yfinance, screener.in",100,222,,2026-07-25,2026-06-01,54,0.0,7,-1.0
TATAELXSI,Tata Elxsi Limited,Technology,Software - Application,21825.0,Mid-Cap,MonthlyDoubleBottom,Forming,1.0,40,Sep 40mo | Mid rally 193% | Asymmetry 1%,,Downtrend,False,False,Below-MAs,False,Downtrend,0,Uptrend,Uptrend,3690.3,1365.89,463.42,3136.76,5313.6,6011.06,10841.47,7589.94,62.9,27.6,33.33,24.25,7.18,0.78,24.03,214.0,7.37,3642.73,15,underperform,39.3,60.0,7.09,21.0,0.97,16.74,,9.55,16.35,16.95,41.67,42.84,15.79,18.2,0.15,highly inconsistent earnings,0.05,,,,,,43.9,0.0,,11.08,2.52,11.39,-0.89,6259.5,3469.7,41.0,6.4,-28.59,-73.73,0.66,0.32,3,36.0,15.5,6.0,0.0,57.5,WATCH ⭐⭐,Expected ~28% CAGR (2yr) | Revenue CAGR 16% | Profit CAGR 43% | ROE 39% | ROCE 60% | ROCE trend rising ↑,Earnings due 2026-10-08 | Pattern still forming (not broken out),3-4 years,Medium-High,"yfinance, screener.in",80,289,2026-10-08,2026-07-25,2026-06-01,54,-11.8,7,-8.0
GLOBAL,Global Education Limited,Consumer Defensive,Education & Training Services,505.0,Small-Cap,MonthlyStage2,Stage Change,1.0,24,10-EMA=93 | 30-EMA=80 | Above by 28.3% | MA turning=Yes,MonthlyCupHandle+MonthlyDoubleBottom+MonthlyStage2,Sideways-Above-MA,True,False,Constructive,False,Stage2,15,Uptrend,Uptrend,102.18,79.65,41.17,86.85,207.3,215.94,224.94,215.94,111.3,45.4,19.04,,3.84,4.57,16.4,98.0,-30.66,,0,none,22.0,29.2,-0.4,38.0,0.06,26.15,13.29,30.56,14.88,29.31,-7.14,4.17,26.58,93.7,0.15,highly inconsistent earnings,,,3.75,,33.18,6.57,72.73,0.0,,0.03,-0.37,0.08,0.02,121.9,55.3,16.2,84.8,55.45,16.7,0.15,-0.72,5,24.0,22.5,4.0,7.0,57.5,WATCH ⭐⭐,Expected ~45% CAGR (2yr) | ROE 22% | ROCE 29% | Promoter 73% holding | OPM 38% | FCF yield 6.6%,None identified,3-4 years,Medium-High,"yfinance, screener.in",90,113,,2026-07-25,2026-06-01,54,-0.5,7,-6.0
PREMEXPLN,Premier Explosives Limited,Basic Materials,Specialty Chemicals,3572.0,Small-Cap,MonthlyStage2,Stage Change,1.0,24,10-EMA=513 | 30-EMA=449 | Above by 16.8% | MA turning=Yes,MonthlyCupHandle+MonthlyDoubleBottom+MonthlyStage2,Sideways-Above-MA,True,False,Constructive,True,Stage2,1,Uptrend,Uptrend,524.75,449.18,333.32,446.04,271.74,565.04,953.4,509.0,7.7,3.8,78.13,42.03,12.39,0.89,92.03,8.0,18.56,710.0,1,none,18.6,22.6,4.63,10.0,1.37,11.8,3.33,-6.95,24.31,20.61,58.62,87.31,33.13,76.1,0.15,highly inconsistent earnings,0.11,,1.65,,-51.95,-1.45,41.33,0.0,,1.67,0.49,9.37,0.2,829.8,378.4,36.8,38.7,0.77,481.7,0.29,1.15,5,28.0,22.5,5.0,2.0,57.5,WATCH ⭐⭐,Expected ~4% CAGR (2yr) | Revenue CAGR 24% | Profit CAGR 87% | ROCE 23% | ROCE trend rising ↑ | Low D/E 0.11,High PE 78,3-4 years,Medium-High,"yfinance, screener.in",100,120,,2026-07-25,2026-06-01,54,0.0,7,-3.0
IEX,Indian Energy Exchange Limited,Financial Services,Capital Markets,10921.0,Mid-Cap,MonthlyDoubleBottom,Forming,1.0,33,Sep 33mo | Mid rally 112% | Asymmetry 4%,,Downtrend,False,False,Below-MAs,False,Stage2,12,Uptrend,Uptrend,119.51,233.91,108.28,102.87,136.52,359.54,187.62,160.05,200.8,73.4,22.17,19.47,8.05,1.29,14.12,326.0,51.83,141.27,11,hold,39.4,51.4,-1.26,84.0,0.71,65.99,16.95,14.71,15.38,14.14,14.92,17.23,19.18,10.8,0.15,highly inconsistent earnings,0.01,,2.0,,799.84,7.32,,,,14.16,2.74,30.26,-4.69,205.0,114.6,41.7,4.3,-11.22,-25.12,0.18,0.31,5,35.0,16.5,6.0,0.0,57.5,WATCH ⭐⭐,Expected ~73% CAGR (2yr) | Revenue CAGR 15% | ROE 39% | ROCE 51% | Nearly debt-free | OPM 84%,Earnings due 2026-07-23 | Pattern still forming (not broken out),3-4 years,Medium-High,"yfinance, screener.in",90,106,2026-07-23,2026-07-25,2026-06-01,54,-4.8,7,-2.0
REMSONSIND,Remsons Industries Limited,Consumer Cyclical,Auto Parts,274.0,Micro-Cap,MonthlyDoubleBottom,Forming,1.0,15,Sep 15mo | Mid rally 598% | Asymmetry 8%,,Downtrend,False,False,Below-MAs,False,Stage2,3,Uptrend,Uptrend,99.14,25.13,3.46,84.27,488.85,674.37,930.29,674.37,580.2,160.8,15.1,,1.83,0.4,7.17,64.0,-12.64,,0,none,13.5,15.5,0.5,11.0,1.31,3.85,5.91,24.4,14.43,15.72,23.53,37.95,39.33,14.7,0.75,consistent growth,0.63,,1.31,,17.53,6.39,62.83,-2.7,,2.79,0.46,1.08,-0.14,152.45,75.23,35.0,31.8,-20.04,93.36,0.44,1.1,6,30.0,15.5,12.0,0.0,57.5,WATCH ⭐⭐,Expected ~161% CAGR (2yr) | Profit CAGR 38% | ROCE trend rising ↑ | Promoter 63% holding | FCF yield 6.4% | EPS: consistent growth,Pattern still forming (not broken out),3-4 years,Medium-High,"yfinance, screener.in",100,287,,2026-07-25,2026-06-01,54,0.0,7,-1.0
AJMERA,Ajmera Realty & Infra India Limited,Real Estate,Real Estate - Development,2495.0,Small-Cap,MonthlyDoubleBottom,Forming,1.0,37,Sep 37mo | Mid rally 808% | Asymmetry 10%,,Downtrend,False,False,Below-MAs,False,Stage2,3,Uptrend,Uptrend,134.67,143.26,15.06,114.47,377.29,489.24,634.39,489.24,263.3,90.6,16.66,6.1,1.78,0.56,10.75,71.0,25.99,175.0,1,none,11.5,14.3,1.69,27.0,0.46,13.74,7.58,47.7,36.24,25.72,24.6,29.67,38.33,120.0,0.75,consistent growth,0.47,,6.28,,-116.82,-4.68,68.56,0.33,,0.95,0.17,0.82,-0.31,221.4,98.03,39.2,37.4,-21.38,58.98,0.4,0.49,6,31.0,16.5,10.0,0.0,57.5,WATCH ⭐⭐,Expected ~91% CAGR (2yr) | Revenue CAGR 36% | Profit CAGR 30% | ROCE trend rising ↑ | Promoter 69% holding | OPM 27%,Pattern still forming (not broken out),3-4 years,Medium-High,"yfinance, screener.in",100,239,,2026-07-25,2026-06-01,54,12.2,7,0.0
BHARATFORG,Bharat Forge Limited,Consumer Cyclical,Auto Parts,104725.0,Large-Cap,MonthlyStage2,Stage Change,1.0,24,10-EMA=1791 | 30-EMA=1463 | Above by 44.7% | MA turning=Yes,MonthlyCupHandle+MonthlyDoubleBottom+MonthlyStage2,Uptrend,True,False,Tight-Above-MAs,True,Stage2,3,Uptrend,Uptrend,2117.0,1462.64,1008.31,1799.45,1390.74,1916.97,2312.18,1793.22,,,97.1,44.51,10.94,3.36,37.57,39.0,15.62,1865.86,22,hold,12.5,13.1,1.66,17.0,0.57,6.42,5.77,11.17,9.2,21.55,19.28,28.94,25.56,-17.5,0.15,highly inconsistent earnings,0.77,,1.17,,723.22,0.69,44.07,0.0,,15.04,0.89,32.18,-0.44,2238.0,1100.5,5.4,92.4,92.41,74.89,0.25,0.53,5,20.0,28.5,-1.0,10.0,57.5,WATCH ⭐⭐,Profit CAGR 29% | ROCE trend rising ↑ | Piotroski F=5 (above average quality) | FII buying +0.9% ↑ | Dividend growing 16%/yr | MonthlyStage2 forming (24mo base),High PE 97 | Earnings due 2026-08-05,3-4 years,Medium-High,"yfinance, screener.in",100,367,2026-08-05,2026-07-25,2026-06-01,54,14.0,7,0.0
LUMAXIND,Lumax Industries Limited,Consumer Cyclical,Auto Parts,4848.0,Small-Cap,MonthlyDoubleBottom,Forming,1.0,33,Sep 33mo | Mid rally 107% | Asymmetry 0%,,Uptrend,True,False,Uptrend,True,Stage2,3,Uptrend,Uptrend,5257.5,1697.5,819.49,4468.88,9841.51,11675.96,13852.36,11675.96,122.1,49.0,28.09,15.99,5.28,1.51,14.3,106.0,37.38,6809.0,2,strong_buy,22.0,17.7,1.8,10.0,0.43,4.12,5.03,23.06,21.72,24.02,22.86,18.64,57.05,23.0,0.15,highly inconsistent earnings,1.06,,0.76,,-17.12,-0.35,75.0,0.0,,1.63,0.25,6.07,0.36,6934.5,3272.0,24.2,60.7,54.12,134.02,0.37,0.83,5,19.0,26.5,6.0,6.0,57.5,WATCH ⭐⭐,Expected ~49% CAGR (2yr) | Revenue CAGR 22% | ROE 22% | ROCE trend rising ↑ | Promoter 75% holding | Piotroski F=5 (above average quality),High D/E 1.1 | Pattern still forming (not broken out),3-4 years,Medium-High,"yfinance, screener.in",100,287,,2026-07-25,2026-06-01,54,0.0,7,0.0
TAJGVK,TAJGVK Hotels & Resorts Limited,Consumer Cyclical,Lodging,2263.0,Small-Cap,MonthlyDoubleBottom,Forming,1.0,42,Sep 42mo | Mid rally 115% | Asymmetry 0%,MonthlyDoubleBottom+MonthlyStage2,Sideways,False,False,Below-MAs,True,Stage2,3,Uptrend,Uptrend,360.0,126.81,58.83,306.0,6407.44,10506.27,17227.14,10506.27,2818.4,440.2,5.53,124.47,2.21,0.09,17.05,55.0,60.0,,0,none,18.4,13.2,3.4,30.0,5.29,80.69,6.59,12.89,9.78,40.14,250.43,63.97,71.05,818.6,0.15,highly inconsistent earnings,0.09,,1.26,,-64.46,-2.85,71.0,0.0,,0.41,0.09,4.08,0.06,512.65,281.35,29.8,28.0,-10.63,25.44,0.41,0.24,4,26.0,19.5,12.0,0.0,57.5,WATCH ⭐⭐,Expected ~440% CAGR (2yr) | Profit CAGR 64% | ROCE trend rising ↑ | Nearly debt-free | Promoter 71% holding | OPM 30%,Pattern still forming (not broken out),3-4 years,Medium-High,"yfinance, screener.in",100,288,,2026-07-25,2026-06-01,54,16.6,7,0.0
HINDZINC,Hindustan Zinc Limited,Basic Materials,Other Industrial Metals & Mining,219019.0,Large-Cap,MonthlyCupHandle,Forming,0.909,24,Cup 24mo | Depth 32% | Prior gain 63% | R²=0.95,MonthlyCupHandle+MonthlyDoubleBottom,Downtrend,False,False,Below-MAs,False,Stage2,1,Uptrend,Uptrend,534.05,665.61,449.98,453.94,798.89,881.24,959.29,875.43,65.0,28.5,15.82,11.81,9.68,1.65,9.69,405.0,-40.42,651.6,15,buy,76.6,69.5,7.7,54.0,-0.17,35.12,30.08,19.84,6.2,12.54,33.6,9.58,11.63,67.6,0.15,highly inconsistent earnings,0.39,,1.47,,10509.13,4.8,60.71,0.0,,2.2,-0.19,4.96,0.12,733.0,413.5,27.1,29.2,30.61,61.8,0.18,0.67,4,30.0,15.41,6.0,6.0,57.4,WATCH ⭐⭐,Expected ~28% CAGR (2yr) | ROE 77% | ROCE 70% | ROCE trend rising ↑ | Promoter 61% holding | OPM 54%,Earnings due 2026-07-24 | Pattern still forming (not broken out),3-4 years,Medium-High,"yfinance, screener.in",100,288,2026-07-24,2026-07-25,2026-06-01,54,-15.6,7,-9.5
CAMS,Computer Age Management Services Limited,Technology,Information Technology Services,18643.0,Mid-Cap,MonthlyStage2,Stage Change,0.736,24,10-EMA=752 | 30-EMA=712 | Above by 11.0% | MA turning=Yes,MonthlyCupHandle+MonthlyDoubleBottom+MonthlyStage2,Sideways-Above-MA,True,False,Constructive,False,Downtrend,0,Uptrend,Uptrend,790.5,711.9,615.56,671.92,801.19,924.13,1121.44,947.88,16.9,8.1,39.22,28.92,14.1,2.14,28.19,166.0,-2.53,888.5,20,buy,36.3,47.0,0.6,45.0,0.37,31.39,21.46,6.61,15.97,16.51,1.51,18.31,18.15,10.9,0.15,highly inconsistent earnings,0.05,,3.43,,384.74,2.06,0.0,0.0,,44.88,0.44,23.54,1.48,852.78,611.4,7.3,29.3,8.82,49.06,0.33,0.13,7,35.0,18.33,1.0,3.0,57.3,WATCH ⭐⭐,Expected ~8% CAGR (2yr) | Revenue CAGR 16% | ROE 36% | ROCE 47% | ROCE trend rising ↑ | Nearly debt-free,Earnings due 2026-08-03,3-4 years,Medium-High,"yfinance, screener.in",100,70,2026-08-03,2026-07-25,2026-06-01,54,1.4,7,-1.3
GULFOILLUB,Gulf Oil Lubricants India Limited,Basic Materials,Specialty Chemicals,5019.0,Small-Cap,MonthlyDoubleBottom,Forming,0.607,21,Sep 21mo | Mid rally 70% | Asymmetry 9%,MonthlyDoubleBottom+MonthlyStage2,Sideways,False,False,Below-MAs,True,Stage2,1,Uptrend,Uptrend,1039.9,1408.6,790.27,883.92,1850.95,2026.93,2411.41,2112.68,94.9,39.6,13.85,10.06,3.26,0.98,8.68,415.0,-5.65,1580.6,5,strong_buy,24.3,26.2,1.0,13.0,0.2,8.57,9.63,11.7,10.59,,-3.36,14.14,,-2.6,0.15,highly inconsistent earnings,0.36,,1.85,,232.22,4.63,66.85,-0.16,,7.78,-1.13,8.7,0.53,1329.0,865.0,21.8,20.2,-12.47,79.13,0.35,0.61,7,29.0,14.28,13.0,1.0,57.3,WATCH ⭐⭐,Expected ~40% CAGR (2yr) | ROE 24% | ROCE 26% | ROCE trend rising ↑ | Promoter 67% holding | FCF yield 4.6%,Pattern still forming (not broken out),3-4 years,Medium-High,"yfinance, screener.in",100,145,,2026-07-25,2026-06-01,54,14.8,7,5.3
AMRUTANJAN,Amrutanjan Health Care Limited,Healthcare,Drug Manufacturers - Specialty & Generic,1555.0,Small-Cap,MonthlyDoubleBottom,Breakout Ready,1.0,15,Sep 15mo | Mid rally 127% | Asymmetry 8%,,Downtrend,False,False,Below-MAs,False,Stage2,6,Uptrend,Uptrend,538.2,533.98,225.81,457.47,1257.01,1609.73,2061.42,1609.73,199.1,72.9,26.88,,4.2,0.96,20.26,104.0,-39.87,,0,none,20.0,31.4,3.43,18.0,0.97,11.53,8.3,12.03,10.55,11.87,40.0,28.06,16.0,6.7,0.15,highly inconsistent earnings,0.01,,2.31,,13.0,0.84,46.52,0.0,,2.44,0.27,12.29,-0.37,790.95,486.0,32.0,10.7,-20.85,-36.37,2.18,0.37,7,31.0,18.0,8.0,0.0,57.0,WATCH ⭐⭐,Expected ~73% CAGR (2yr) | Profit CAGR 28% | ROCE 31% | ROCE trend rising ↑ | Nearly debt-free | Piotroski F=7 (high quality compounder),None identified,3-4 years,Medium-High,"yfinance, screener.in",100,201,,2026-07-25,2026-06-01,54,-3.4,7,-3.0
SANSERA,Sansera Engineering Limited,Consumer Cyclical,Auto Parts,20086.0,Mid-Cap,MonthlyDoubleBottom,Forming,0.794,13,Sep 13mo | Mid rally 88% | Asymmetry 8%,,Uptrend,True,False,Tight-Above-MAs,True,Stage2,3,Uptrend,Uptrend,3284.2,1751.11,896.77,2791.57,3451.96,3904.94,5856.26,4496.17,18.9,9.0,62.12,37.91,6.49,2.05,32.02,10.0,17.57,3018.1,10,buy,11.5,14.1,0.11,18.0,0.03,9.27,6.47,15.94,14.37,17.69,50.69,30.25,24.35,104.8,0.4,lumpy earner,0.19,,1.75,,-211.33,-1.05,29.21,-0.89,,21.52,2.73,31.04,-4.34,3361.5,1216.3,2.3,170.0,160.01,220.94,0.46,0.77,6,22.0,25.03,0.0,10.0,57.0,WATCH ⭐⭐,Expected ~9% CAGR (2yr) | Profit CAGR 30% | ROCE trend rising ↑ | Low D/E 0.19 | Piotroski F=6 (above average quality) | FII buying +2.7% ↑,High PE 62 | Pattern still forming (not broken out),3-4 years,Medium-High,"yfinance, screener.in",100,59,,2026-07-25,2026-06-01,54,37.0,7,-1.0
ALKEM,Alkem Laboratories Limited,Healthcare,Drug Manufacturers - Specialty & Generic,66514.0,Large-Cap,MonthlyDoubleBottom,Forming,0.452,24,Sep 24mo | Mid rally 52% | Asymmetry 7%,MonthlyDoubleBottom+MonthlyFlatBase,Sideways-Above-MA,True,True,Constructive,True,Stage2,6,Uptrend,Uptrend,5669.5,2269.93,1443.69,4819.07,13357.73,13018.14,23507.83,17720.36,129.6,51.5,28.9,24.59,4.81,0.88,21.34,36.0,-4.9,5964.8,20,buy,18.9,21.2,0.2,20.0,-0.17,15.65,8.5,13.47,8.25,10.66,6.14,32.66,7.76,-22.7,0.15,highly inconsistent earnings,0.14,,2.55,,1374.31,2.07,49.7,-1.5,,10.42,0.27,22.64,1.25,5933.5,4738.5,4.4,19.6,8.84,34.23,0.49,0.27,5,29.0,15.92,9.0,3.0,56.9,WATCH ⭐⭐,Expected ~52% CAGR (2yr) | Profit CAGR 33% | ROCE 21% | ROCE trend rising ↑ | Low D/E 0.14 | Piotroski F=5 (above average quality),Earnings due 2026-08-12 | Pattern still forming (not broken out),3-4 years,Medium-High,"yfinance, screener.in",100,128,2026-08-12,2026-07-25,2026-06-01,54,3.6,7,0.0
KINGFA,Kingfa Science & Technology (India) Limited,Basic Materials,Specialty Chemicals,6827.0,Small-Cap,MonthlyDoubleBottom,Forming,0.482,10,Sep 10mo | Mid rally 51% | Asymmetry 3%,,Uptrend,True,False,Tight-Above-MAs,True,Stage2,1,Uptrend,Uptrend,5225.4,812.66,529.48,4441.59,4073.72,5141.03,6487.99,5141.03,,,34.97,,4.88,1.33,23.33,,100.0,,0,none,17.41,,,14.75,,9.28,10.61,23.2,,,26.2,,,41.2,0.5,insufficient history,0.01,,4.06,,-101.63,-1.49,67.02,0.0,,7.76,0.02,8.85,0.1,5699.4,3184.9,8.3,64.1,59.17,132.74,0.74,0.63,4,25.0,20.78,3.0,8.0,56.8,WATCH ⭐⭐,Revenue CAGR 23% | Profit CAGR 26% | Nearly debt-free | Promoter 67% holding | Dividend growing 100%/yr | PEG 1.33 — fair value,Pattern still forming (not broken out),3-4 years,Medium-High,"yfinance, screener.in",70,197,,2026-07-25,2026-06-01,54,0.0,7,11.0
CHALET,,Consumer Cyclical,Lodging,0.0,Micro-Cap,MonthlyDoubleBottom,Forming,0.557,8,Sep 8mo | Mid rally 61% | Asymmetry 6%,MonthlyDoubleBottom+MonthlyStage2,Sideways,False,False,Below-MAs,True,Stage2,3,Uptrend,Uptrend,839.75,1051.29,633.35,713.79,2622.23,3990.52,6072.77,3990.52,375.2,118.0,29.24,27.43,,0.56,17.62,23.0,,,0,none,19.2,17.1,3.83,43.0,7.94,23.29,8.33,61.23,34.91,57.48,354.23,52.18,38.4,31.6,0.2,multiple loss years in history,0.64,,0.7,,383.46,,67.29,-0.04,,4.71,-0.37,24.57,0.58,1082.0,691.35,22.4,21.5,-15.89,26.79,0.18,-0.06,6,34.0,12.68,9.0,1.0,56.7,WATCH ⭐⭐,Expected ~118% CAGR (2yr) | Revenue CAGR 35% | Profit CAGR 52% | ROCE trend rising ↑ | Promoter 67% holding | OPM 43%,Pattern still forming (not broken out),3-4 years,Medium-High,"yfinance, screener.in",90,90,,2026-07-25,2026-06-01,54,4.8,7,-2.0
CCL,CCL Products (India) Limited,Consumer Defensive,Packaged Foods,15885.0,Mid-Cap,MonthlyDoubleBottom,Forming,0.645,9,Sep 9mo | Mid rally 66% | Asymmetry 1%,,Uptrend,True,False,Tight-Above-MAs,True,Stage2,15,Uptrend,Uptrend,1214.0,226.87,136.34,1031.9,1330.49,1397.72,1638.12,1476.32,15.1,7.3,40.98,25.33,6.77,3.74,22.89,65.0,-20.63,1279.82,11,buy,18.0,15.8,-0.51,16.0,-1.63,8.69,8.6,43.5,29.11,29.12,25.16,10.96,16.35,12.4,0.15,highly inconsistent earnings,0.56,,1.49,,562.47,3.54,46.14,0.03,,12.07,0.83,21.1,-0.33,1242.2,815.5,2.3,48.9,41.39,78.47,0.27,-0.07,4,20.0,22.74,4.0,10.0,56.7,WATCH ⭐⭐,Expected ~7% CAGR (2yr) | Revenue CAGR 29% | Margin compressing ↓ ⚠️ | FCF yield 3.5% | FII buying +0.8% ↑ | EV/EBITDA 23× vs sector 30×,Margin compression ↓ | Pattern still forming (not broken out),3-4 years,Medium-High,"yfinance, screener.in",100,266,,2026-07-25,2026-06-01,54,11.4,7,8.0
GLAXO,GlaxoSmithKline Pharmaceuticals Limited,Healthcare,Drug Manufacturers - General,41586.0,Large-Cap,MonthlyDoubleBottom,Forming,0.802,23,Sep 23mo | Mid rally 82% | Asymmetry 2%,MonthlyDoubleBottom+MonthlyStage2,Sideways-Above-MA,True,False,Constructive,True,Stage2,6,Uptrend,Uptrend,2438.2,1511.0,822.17,2072.47,3229.89,3498.69,4592.32,3851.32,43.5,19.8,40.16,31.77,18.34,2.09,30.22,232.0,21.22,2969.75,4,buy,45.6,61.4,5.94,34.0,2.71,27.11,18.5,1.95,5.53,5.49,11.64,19.24,23.68,5.7,0.15,highly inconsistent earnings,0.01,,2.03,,729.34,1.75,75.0,0.0,,4.79,0.17,7.81,0.13,3220.0,2088.1,24.3,16.8,-11.55,50.02,0.3,0.04,6,34.0,19.62,2.0,1.0,56.6,WATCH ⭐⭐,Expected ~20% CAGR (2yr) | ROE 46% | ROCE 61% | ROCE trend rising ↑ | Nearly debt-free | Promoter 75% holding,Pattern still forming (not broken out),3-4 years,Medium-High,"yfinance, screener.in",100,289,,2026-07-25,2026-06-01,54,2.0,7,5.0
GOLDIAM,Goldiam International Limited,Consumer Cyclical,Luxury Goods,5200.0,Small-Cap,MonthlyStage2,Stage Change,1.0,24,10-EMA=356 | 30-EMA=315 | Above by 20.2% | MA turning=Yes,MonthlyCupHandle+MonthlyDoubleBottom+MonthlyStage2,Downtrend,False,False,Below-MAs,False,Stage2,3,Uptrend,Uptrend,378.0,314.56,268.65,321.3,753.22,950.87,1200.37,950.87,151.6,58.6,30.49,,4.7,1.16,23.51,81.0,-4.93,,0,none,18.5,23.9,0.49,21.0,0.43,17.46,10.51,25.1,22.38,19.2,46.15,26.24,20.61,61.2,0.15,highly inconsistent earnings,0.07,,5.94,,-58.54,-1.13,58.51,0.0,,1.99,1.36,0.78,-0.17,393.65,198.75,4.0,90.2,6.01,181.33,1.09,0.93,6,31.0,16.5,6.0,3.0,56.5,WATCH ⭐⭐,Expected ~59% CAGR (2yr) | Revenue CAGR 22% | Profit CAGR 26% | ROCE 24% | ROCE trend rising ↑ | Nearly debt-free,None identified,3-4 years,Medium-High,"yfinance, screener.in",100,252,,2026-07-25,2026-06-01,54,-0.5,7,-17.0
JKIL,J. Kumar Infraprojects Limited,Industrials,Engineering & Construction,3779.0,Small-Cap,MonthlyDoubleBottom,Forming,1.0,30,Sep 30mo | Mid rally 260% | Asymmetry 2%,,Sideways,False,False,Below-MAs,True,Stage2,4,Uptrend,Uptrend,482.75,348.95,96.02,410.34,1724.99,1450.22,2171.57,1935.44,200.4,73.3,9.77,7.17,1.11,0.8,4.47,80.0,10.06,722.4,5,strong_buy,12.4,18.4,1.7,14.0,-0.37,6.75,6.61,0.53,10.84,30.57,-1.02,12.2,32.16,-4.0,0.15,highly inconsistent earnings,0.18,,1.62,,454.64,12.03,46.64,0.0,,11.68,-0.87,15.16,0.0,758.4,425.0,36.3,13.6,-24.98,41.06,0.34,0.24,6,22.0,19.5,15.0,0.0,56.5,WATCH ⭐⭐,Expected ~73% CAGR (2yr) | ROCE trend rising ↑ | Low D/E 0.18 | FCF yield 12.0% | Piotroski F=6 (above average quality) | Dividend growing 10%/yr,Pattern still forming (not broken out),3-4 years,Medium-High,"yfinance, screener.in",100,220,,2026-07-25,2026-06-01,54,0.0,7,0.0
MEDICO,Medico Remedies Limited,Healthcare,Drug Manufacturers - Specialty & Generic,322.0,Micro-Cap,MonthlyDoubleBottom,Forming,1.0,14,Sep 14mo | Mid rally 122% | Asymmetry 7%,,Sideways,False,False,Below-MAs,True,Stage2,6,Uptrend,Uptrend,44.93,79.83,34.8,38.19,131.08,178.93,244.23,178.93,298.2,99.6,24.56,,4.24,0.67,19.71,,,,0,none,19.02,,,11.18,,6.35,6.38,37.5,,,36.5,,,34.9,0.5,insufficient history,0.25,,1.66,,-8.76,-2.72,61.38,0.0,,0.03,-0.46,0.0,0.0,56.88,30.22,21.0,48.7,15.75,-64.14,0.34,0.6,4,27.0,18.5,9.0,2.0,56.5,WATCH ⭐⭐,Expected ~100% CAGR (2yr) | Revenue CAGR 38% | Profit CAGR 36% | Low D/E 0.25 | Promoter 61% holding | PEG 0.67 — undervalued,Pattern still forming (not broken out),3-4 years,Medium-High,"yfinance, screener.in",70,49,,2026-07-25,2026-06-01,54,0.0,7,0.0
PARAGMILK,Parag Milk Foods Limited,Consumer Defensive,Packaged Foods,2830.0,Small-Cap,MonthlyDoubleBottom,Forming,1.0,26,Sep 26mo | Mid rally 106% | Asymmetry 6%,MonthlyDoubleBottom+MonthlyStage2,Sideways,False,False,Below-MAs,True,Stage2,15,Uptrend,Uptrend,214.03,376.95,177.84,181.93,735.15,1003.99,1371.15,1003.99,369.1,116.6,21.19,14.07,2.22,0.58,10.91,45.0,30.0,275.0,2,strong_buy,12.3,13.5,5.6,7.0,2.46,3.54,6.94,11.25,9.69,15.69,13.45,36.57,7.51,23.0,0.4,lumpy earner,0.48,,1.71,,130.83,4.62,40.49,-0.16,,7.46,-1.31,5.8,0.55,376.95,177.84,43.2,20.3,4.54,23.76,0.34,0.5,6,26.0,19.5,10.0,1.0,56.5,WATCH ⭐⭐,Expected ~117% CAGR (2yr) | Profit CAGR 37% | ROCE trend rising ↑ | FCF yield 4.6% | Piotroski F=6 (above average quality) | DII buying +0.6% ↑,Pattern still forming (not broken out),3-4 years,Medium-High,"yfinance, screener.in",100,121,,2026-07-25,2026-06-01,54,0.0,7,0.0
EIHOTEL,EIH Limited,Consumer Cyclical,Lodging,21184.0,Mid-Cap,MonthlyDoubleBottom,Forming,1.0,24,Sep 24mo | Mid rally 191% | Asymmetry 3%,MonthlyDoubleBottom+MonthlyStage2,Sideways,False,False,Below-MAs,True,Stage2,3,Uptrend,Uptrend,329.75,187.68,63.63,280.29,591.5,744.88,938.03,744.88,125.9,50.3,33.67,23.14,4.03,1.3,19.2,44.0,45.0,365.0,1,strong_buy,14.5,20.7,7.03,35.0,18.91,21.0,9.58,7.18,13.35,42.86,-14.68,25.93,34.55,-6.1,0.2,multiple loss years in history,0.05,,2.69,,68.04,0.32,32.85,0.0,,6.62,0.46,13.88,-0.25,434.8,271.15,24.2,21.6,-16.46,8.38,0.24,-0.26,7,29.0,19.5,7.0,1.0,56.5,WATCH ⭐⭐,Expected ~50% CAGR (2yr) | Profit CAGR 26% | ROCE 21% | ROCE trend rising ↑ | Nearly debt-free | OPM 35%,Pattern still forming (not broken out),3-4 years,Medium-High,"yfinance, screener.in",100,367,,2026-07-25,2026-06-01,54,1.1,7,3.0
HAPPYFORGE,HAPPY FORGINGS LIMITED,Industrials,Metal Fabrication,15056.0,Mid-Cap,MonthlyStage2,Stage Change,1.0,24,10-EMA=1310 | 30-EMA=1139 | Above by 40.9% | MA turning=Yes,MonthlyDoubleBottom+MonthlyStage2,Uptrend,True,False,Tight-Above-MAs,True,Stage2,4,Uptrend,Uptrend,1604.6,1139.1,767.47,1363.91,1143.87,1510.73,1461.9,1293.15,,,49.99,31.68,7.07,3.83,31.77,25.0,-25.0,1487.29,7,buy,15.0,18.0,-1.5,30.0,0.63,19.51,9.86,9.72,8.9,21.45,13.11,13.05,28.56,23.4,0.4,lumpy earner,0.15,,2.35,,3.83,0.03,78.46,-0.02,,1.88,0.15,15.54,-0.94,1636.5,862.05,1.9,86.1,78.9,,0.5,0.81,5,19.0,28.5,-1.0,10.0,56.5,WATCH ⭐⭐,Low D/E 0.15 | Promoter 78% holding | OPM 30% | Piotroski F=5 (above average quality) | MonthlyStage2 forming (24mo base) | Weekly uptrend,None identified,3-4 years,Medium-High,"yfinance, screener.in",100,32,,2026-07-25,2026-06-01,54,17.0,7,4.0
IZMO,IZMO Limited,Technology,Software - Application,1682.0,Small-Cap,MonthlyDoubleBottom,Forming,1.0,12,Sep 12mo | Mid rally 177% | Asymmetry 4%,,Uptrend,True,False,Uptrend,True,Downtrend,0,Uptrend,Uptrend,1111.5,649.45,229.7,944.77,1420.02,1901.26,2545.6,1901.26,71.1,30.8,35.21,,4.11,1.04,32.41,0.0,-68.75,,0,none,12.4,12.6,0.29,18.0,-0.89,16.7,4.64,26.67,22.77,19.7,-2.04,33.89,12.2,151.1,0.15,highly inconsistent earnings,0.04,,2.62,,-42.29,-2.51,34.79,-0.02,,3.27,0.01,0.49,-0.02,1374.7,350.05,19.1,217.5,66.46,431.14,0.22,0.45,5,22.0,24.5,3.0,7.0,56.5,WATCH ⭐⭐,Expected ~31% CAGR (2yr) | Revenue CAGR 23% | Profit CAGR 34% | ROCE trend rising ↑ | Nearly debt-free | Margin compressing ↓ ⚠️,Margin compression ↓ | Pattern still forming (not broken out),3-4 years,Medium-High,"yfinance, screener.in",100,234,,2026-07-25,2026-06-01,54,66.9,7,5.0
VSSL,Vardhman Special Steels Limited,Basic Materials,Steel,2885.0,Small-Cap,MonthlyStage2,Stage Change,1.0,24,10-EMA=270 | 30-EMA=250 | Above by 18.4% | MA turning=Yes,MonthlyDoubleBottom+MonthlyStage2,Uptrend,True,False,Uptrend,True,Stage2,1,Uptrend,Uptrend,295.6,249.65,197.72,251.26,409.69,597.33,870.9,597.33,102.1,42.2,22.72,13.38,2.36,0.5,13.22,101.0,19.68,,0,none,12.1,16.5,,8.0,-1.0,6.96,7.94,6.2,,,1.09,,,72.2,0.5,insufficient history,0.07,,2.9,,-167.91,-5.82,51.06,0.0,,0.55,0.0,3.27,-0.07,324.0,206.4,8.8,43.2,18.87,13.89,0.11,0.42,3,18.0,26.5,8.0,4.0,56.5,WATCH ⭐⭐,Expected ~42% CAGR (2yr) | Profit CAGR 46% | Nearly debt-free | Promoter 51% holding | Margin compressing ↓ ⚠️ | Dividend growing 20%/yr,Margin compression ↓,3-4 years,Medium-High,"yfinance, screener.in",80,171,,2026-07-25,2026-06-01,54,5.7,7,5.7
TIMETECHNO,Time Technoplast Limited,Consumer Cyclical,Packaging & Containers,10072.0,Mid-Cap,MonthlyDoubleBottom,Forming,1.0,27,Sep 27mo | Mid rally 198% | Asymmetry 4%,MonthlyDoubleBottom+MonthlyStage2,Sideways-Above-MA,True,True,Constructive,True,Stage2,3,Uptrend,Uptrend,188.23,107.47,35.27,160.0,585.43,753.15,968.93,753.15,300.1,100.0,20.4,14.57,2.46,0.71,11.44,61.0,35.72,280.0,1,none,13.4,16.7,1.66,15.0,0.31,7.67,8.94,11.87,12.49,15.23,21.07,28.65,35.1,20.4,0.4,lumpy earner,0.18,,3.63,,-487.52,-4.84,47.57,0.06,,10.88,-0.78,17.37,0.67,249.15,154.0,24.5,22.2,-16.25,132.41,0.63,0.3,6,23.0,22.5,10.0,1.0,56.5,WATCH ⭐⭐,Expected ~100% CAGR (2yr) | Profit CAGR 29% | ROCE trend rising ↑ | Low D/E 0.18 | Piotroski F=6 (above average quality) | DII buying +0.7% ↑,Pattern still forming (not broken out),3-4 years,Medium-High,"yfinance, screener.in",100,230,,2026-07-25,2026-06-01,54,9.0,7,7.0
JAGSNPHARM,Jagsonpal Pharmaceuticals Limited,Healthcare,Drug Manufacturers - Specialty & Generic,1477.0,Small-Cap,MonthlyStage2,Stage Change,1.0,24,10-EMA=212 | 30-EMA=196 | Above by 16.2% | MA turning=Yes,MonthlyCupHandle+MonthlyDoubleBottom+MonthlyStage2,Uptrend,True,False,Tight-Above-MAs,True,Stage2,6,Uptrend,Uptrend,228.19,196.33,160.87,193.96,373.68,462.62,572.72,462.62,102.7,42.4,35.46,,5.69,1.49,25.36,112.0,75.0,,0,none,16.7,,,13.77,,15.0,10.22,9.6,,,23.8,,,33.1,0.5,insufficient history,0.03,,5.06,,39.77,2.69,69.06,1.17,,2.3,-0.14,0.62,0.4,301.65,155.0,24.4,47.2,-0.53,7.87,0.39,-0.35,4,24.0,28.5,4.0,0.0,56.5,WATCH ⭐⭐,Expected ~42% CAGR (2yr) | Profit CAGR 24% | Nearly debt-free | Promoter 69% holding | Promoters buying ↑ | Dividend growing 75%/yr,None identified,3-4 years,Medium-High,"yfinance, screener.in",70,289,,2026-07-25,2026-06-01,54,15.7,7,11.3
BAJAJHLDNG,Bajaj Holdings & Investment Limited,Financial Services,Asset Management,115723.0,Large-Cap,MonthlyCupHandle,Forming,0.74,12,Cup 12mo | Depth 26% | Prior gain 28% | R²=0.99,MonthlyCupHandle+MonthlyDoubleBottom+MonthlyStage2,Sideways,False,False,Below-MAs,True,Stage2,12,Uptrend,Uptrend,10654.0,14628.72,10768.33,10229.91,24067.25,30216.43,37936.73,30216.43,183.6,68.4,12.0,,1.58,0.47,133.61,154.0,1.86,,0,none,11.9,11.0,0.31,86.0,1.83,857.48,0.73,51.69,29.02,19.66,47.74,25.55,21.79,49.2,0.15,highly inconsistent earnings,0.0,,2.65,,1612.17,1.39,51.46,0.0,,9.62,-0.64,8.08,0.77,14763.0,8588.0,27.8,24.1,-15.26,21.97,0.32,0.13,7,34.0,15.38,7.0,0.0,56.4,WATCH ⭐⭐,Expected ~68% CAGR (2yr) | Revenue CAGR 29% | Profit CAGR 26% | ROCE trend rising ↑ | Nearly debt-free | Promoter 51% holding,Earnings due 2026-07-31 | Pattern still forming (not broken out),3-4 years,Medium-High,"yfinance, screener.in",100,288,2026-07-31,2026-07-25,2026-06-01,54,3.3,7,1.2
TRENT,Trent Limited,Consumer Cyclical,Apparel Retail,151566.0,Large-Cap,MonthlyDoubleBottom,Forming,0.852,10,Sep 10mo | Mid rally 92% | Asymmetry 7%,,Downtrend,False,False,Below-MAs,False,Stage2,3,Uptrend,Uptrend,2872.2,8337.78,4192.37,3982.75,3183.42,12483.19,8506.88,5203.94,334.6,108.5,88.49,56.93,21.7,1.39,55.43,14.0,39.71,3234.25,25,buy,27.7,28.3,6.26,19.0,2.46,8.57,13.71,17.15,34.54,50.58,12.19,63.47,74.62,25.8,0.15,highly inconsistent earnings,0.36,,1.26,,997.66,0.66,37.01,0.0,,15.14,-0.45,23.07,0.88,5674.0,2183.67,49.4,31.5,-44.89,14.7,0.81,0.33,6,39.0,13.22,4.0,0.0,56.2,WATCH ⭐⭐,Expected ~108% CAGR (2yr) | Revenue CAGR 35% | Profit CAGR 63% | ROE 28% | ROCE 28% | ROCE trend rising ↑,High PE 88 | Earnings due 2026-08-06 | Pattern still forming (not broken out),3-4 years,Medium-High,"yfinance, screener.in",100,289,2026-08-06,2026-07-25,2026-06-01,54,-29.4,7,-4.0
POLYCAB,Polycab India Limited,Industrials,Electrical Equipment & Parts,133493.0,Large-Cap,None,,0.0,0,,,Uptrend,True,False,Tight-Above-MAs,True,Stage2,4,Uptrend,Uptrend,9162.5,,,7788.12,7726.93,9410.86,10619.02,9058.28,2.7,1.3,46.73,35.05,11.11,2.71,29.9,53.0,32.95,9939.74,31,buy,23.0,33.2,2.31,14.0,0.63,9.18,,7.98,20.02,20.64,7.27,17.23,25.94,32.5,0.4,lumpy earner,0.03,,,,,,61.5,0.0,,18.21,3.39,7.95,-3.18,10126.0,6620.0,9.5,38.4,48.36,139.42,,0.64,3,33.0,15.0,0.0,8.0,56.0,WATCH ⭐⭐,Expected ~1% CAGR (2yr) | Revenue CAGR 20% | ROE 23% | ROCE 33% | ROCE trend rising ↑ | Nearly debt-free,Earnings due 2026-10-15,3-4 years,Medium-High,"yfinance, screener.in",80,86,2026-10-15,2026-07-25,2026-06-01,54,0.0,7,-11.0
SRM,SRM CONTRACTORS LIMITED,Industrials,Engineering & Construction,1132.0,Small-Cap,None,,0.0,0,,,Downtrend,False,False,Below-MAs,False,Stage2,4,Uptrend,Uptrend,492.0,,,418.2,3129.13,5635.57,10149.66,5635.57,1045.4,238.4,10.19,,3.05,0.13,6.68,0.0,,,0,none,34.3,37.1,-0.2,16.0,1.17,10.82,13.52,94.32,50.66,45.01,101.82,80.1,69.22,126.5,0.4,lumpy earner,0.33,,1.59,,-70.78,-6.25,72.59,0.0,,0.43,0.38,1.11,-0.15,649.95,361.35,24.3,36.2,7.23,,,0.52,5,38.0,3.0,13.0,2.0,56.0,WATCH ⭐⭐,Expected ~238% CAGR (2yr) | Revenue CAGR 51% | Profit CAGR 80% | ROE 34% | ROCE 37% | Promoter 73% holding,None identified,3-4 years,Medium-High,"yfinance, screener.in",100,28,,2026-07-25,2026-06-01,54,1.3,7,-5.0
MACPOWER,Macpower CNC Machines Limited,Industrials,Specialty Industrial Machinery,1327.0,Small-Cap,MonthlyStage2,Stage Change,1.0,24,10-EMA=990 | 30-EMA=921 | Above by 22.7% | MA turning=Yes,MonthlyDoubleBottom+MonthlyStage2,Uptrend,True,False,Tight-Above-MAs,True,Stage2,4,Uptrend,Uptrend,1130.1,920.81,744.29,960.58,1137.44,1334.22,1565.04,1334.22,18.1,8.7,39.22,,7.57,2.27,24.52,11.0,14.47,,0,none,21.3,,,14.22,,10.17,12.02,24.8,,,17.3,,,17.2,0.5,insufficient history,0.0,,2.34,,-4.37,-0.33,73.22,0.05,,0.57,-0.54,0.39,-0.13,1470.0,761.0,23.1,48.5,19.48,237.78,0.92,-0.42,4,23.0,28.5,0.0,4.0,55.5,WATCH ⭐⭐,Expected ~9% CAGR (2yr) | Revenue CAGR 25% | ROE 21% | Nearly debt-free | Promoter 73% holding | Dividend growing 14%/yr,None identified,3-4 years,Medium-High,"yfinance, screener.in",70,99,,2026-07-25,2026-06-01,54,0.0,7,-13.0
CGPOWER,CG Power and Industrial Solutions Limited,Industrials,Electrical Equipment & Parts,142539.0,Large-Cap,MonthlyStage2,Stage Change,1.0,24,10-EMA=801 | 30-EMA=672 | Above by 36.4% | MA turning=Yes,MonthlyDoubleBottom+MonthlyStage2,Sideways-Above-MA,True,False,Constructive,False,Stage2,4,Uptrend,Uptrend,916.6,672.19,570.2,779.11,241.23,774.18,279.19,259.51,,,117.69,64.81,17.88,15.53,89.33,14.0,-4.66,889.68,19,buy,20.5,26.7,1.89,13.0,1.37,9.71,8.92,25.32,21.21,33.18,23.23,7.58,-1.3,34.4,0.15,highly inconsistent earnings,0.01,,1.91,,-19.68,-0.01,56.36,0.0,,12.03,0.01,18.01,0.49,980.9,525.5,6.6,74.4,33.21,89.28,0.8,0.41,6,26.0,22.5,-1.0,8.0,55.5,WATCH ⭐⭐,Revenue CAGR 21% | ROE 20% | ROCE 27% | ROCE trend rising ↑ | Nearly debt-free | Promoter 56% holding,High PE 118 | Earnings due 2026-07-24,3-4 years,Medium-High,"yfinance, screener.in",100,289,2026-07-24,2026-07-25,2026-06-01,54,11.9,4,-5.0
ALEMBICLTD,Alembic Limited,Real Estate,Real Estate - Development,2270.0,Small-Cap,MonthlyDoubleBottom,Forming,1.0,33,Sep 33mo | Mid rally 6454% | Asymmetry 1%,,Downtrend,False,False,Below-MAs,False,Stage2,3,Uptrend,Uptrend,89.97,168.13,2.55,76.47,509.26,602.97,713.92,602.97,570.2,158.9,7.15,1.78,0.93,0.39,24.23,271.0,10.06,,0,none,13.0,6.07,1.0,38.0,5.46,132.25,1.91,8.11,23.63,26.53,1.93,18.4,-1.56,-1.9,0.15,highly inconsistent earnings,0.0,,1.95,,20.86,0.92,70.88,0.0,,1.25,-0.04,0.05,0.0,119.7,70.46,24.8,27.7,-8.59,-7.66,0.29,0.63,7,29.0,16.5,10.0,0.0,55.5,WATCH ⭐⭐,Expected ~159% CAGR (2yr) | Revenue CAGR 24% | ROCE trend rising ↑ | Nearly debt-free | Promoter 71% holding | OPM 38%,Pattern still forming (not broken out),3-4 years,Medium-High,"yfinance, screener.in",100,289,,2026-07-25,2026-06-01,54,0.1,7,-4.0
INNOVACAP,Innova Captab Limited,Healthcare,Drug Manufacturers - Specialty & Generic,5509.0,Small-Cap,MonthlyStage2,Stage Change,1.0,24,10-EMA=844 | 30-EMA=772 | Above by 30.5% | MA turning=Yes,MonthlyCupHandle+MonthlyDoubleBottom+MonthlyStage2,Uptrend,True,False,Tight-Above-MAs,True,Stage2,6,Uptrend,Uptrend,1008.0,772.33,655.96,856.8,1604.83,2046.48,2609.67,2046.48,103.0,42.5,39.05,21.44,5.05,1.42,25.07,42.0,,1078.5,2,strong_buy,13.7,15.0,-3.37,15.0,0.6,8.64,6.83,31.03,20.74,31.73,10.16,27.52,32.91,28.8,0.15,highly inconsistent earnings,0.32,,1.87,,-26.78,-0.49,50.9,0.0,,0.34,0.11,19.92,-0.22,1034.85,622.0,2.6,62.1,12.98,,0.43,-0.05,5,19.0,28.5,4.0,4.0,55.5,WATCH ⭐⭐,Expected ~42% CAGR (2yr) | Revenue CAGR 21% | Profit CAGR 28% | Promoter 51% holding | Piotroski F=5 (above average quality) | PEG 1.42 — fair value,None identified,3-4 years,Medium-High,"yfinance, screener.in",100,32,,2026-07-25,2026-06-01,54,15.4,7,6.0
ECLERX,eClerx Services Limited,Technology,Information Technology Services,18219.0,Mid-Cap,MonthlyDoubleBottom,Forming,0.785,10,Sep 10mo | Mid rally 81% | Asymmetry 3%,MonthlyDoubleBottom+MonthlyStage2,Sideways-Above-MA,True,True,Constructive,True,Downtrend,0,Uptrend,Uptrend,1621.7,1938.02,1056.37,1378.44,2171.5,2819.67,2773.77,2454.23,73.9,31.9,26.6,20.12,7.15,2.04,16.8,3.0,14.47,1791.0,10,buy,29.0,34.8,0.94,26.0,-1.03,17.15,16.0,22.31,15.85,21.36,30.5,13.02,20.06,24.4,0.4,lumpy earner,0.15,,3.4,,488.99,2.68,54.53,0.0,,11.01,-0.81,23.84,-0.11,2497.5,1320.0,35.1,22.9,-22.25,74.22,0.7,0.41,6,33.0,17.42,4.0,1.0,55.4,WATCH ⭐⭐,Expected ~32% CAGR (2yr) | Revenue CAGR 16% | ROE 29% | ROCE 35% | ROCE trend rising ↑ | Low D/E 0.15,Margin compression ↓ | Pattern still forming (not broken out),3-4 years,Medium-High,"yfinance, screener.in",100,224,,2026-07-25,2026-06-01,54,4.4,7,1.0
TITAN,Titan Company Limited,Consumer Cyclical,Luxury Goods,411420.0,Large-Cap,MonthlyDoubleBottom,Forming,0.906,17,Sep 17mo | Mid rally 92% | Asymmetry 1%,,Uptrend,True,False,Tight-Above-MAs,True,Stage2,3,Uptrend,Uptrend,4585.5,1363.41,707.14,3897.67,2797.45,3965.06,3746.1,3237.21,,,81.3,54.37,26.22,5.17,55.61,32.0,14.47,5056.84,37,buy,37.7,20.5,0.91,10.0,-0.03,5.79,9.32,44.87,29.24,32.26,52.02,15.72,39.1,35.2,0.15,highly inconsistent earnings,1.95,,1.28,,-6802.38,-1.65,52.9,0.0,,15.39,-0.26,15.15,0.31,4679.8,3303.1,2.0,38.8,27.26,22.91,0.5,0.22,4,21.0,26.37,0.0,8.0,55.4,WATCH ⭐⭐,Revenue CAGR 29% | ROE 38% | ROCE 20% | ROCE trend rising ↑ | Promoter 53% holding | Dividend growing 14%/yr,High D/E 1.9 | High PE 81 | Earnings due 2026-08-07 | Pattern still forming (not broken out),3-4 years,Medium-High,"yfinance, screener.in",100,367,2026-08-07,2026-07-25,2026-06-01,54,11.8,7,4.0
TARIL,TRANS & RECTI. LTD,Industrials,Electrical Equipment & Parts,9981.0,Mid-Cap,MonthlyStage2,Stage Change,0.157,24,10-EMA=340 | 30-EMA=329 | Above by 2.4% | MA turning=Yes,,Uptrend,True,False,Constructive,True,Stage2,4,Uptrend,Uptrend,337.2,329.43,236.15,286.62,599.54,807.73,2083.11,1117.55,139.5,54.8,37.74,26.81,6.45,0.44,25.99,6.0,38.67,343.0,3,hold,19.1,23.3,3.54,15.0,1.74,10.54,9.1,24.39,21.58,27.59,25.93,86.4,102.44,-5.2,0.15,highly inconsistent earnings,0.3,,1.81,,-265.13,-2.66,64.36,0.0,,7.8,-0.53,1.54,-0.23,578.5,224.05,41.7,50.5,-30.31,458.67,0.42,-0.33,5,31.0,15.38,9.0,0.0,55.4,WATCH ⭐⭐,Expected ~55% CAGR (2yr) | Revenue CAGR 22% | Profit CAGR 86% | ROCE 23% | ROCE trend rising ↑ | Low D/E 0.30,None identified,3-4 years,Medium-High,"yfinance, screener.in",100,158,,2026-07-25,2026-06-01,54,13.4,7,7.4
COALINDIA,Coal India Limited,Energy,Thermal Coal,263549.0,Large-Cap,MonthlyCupHandle,Forming,0.862,23,Cup 23mo | Depth 24% | Prior gain 85% | R²=0.92,MonthlyCupHandle+MonthlyDoubleBottom,Sideways-Above-MA,True,False,Constructive,False,Stage2,1,Uptrend,Uptrend,429.3,487.57,371.22,364.9,911.78,734.07,911.78,911.78,71.0,30.8,8.48,7.45,2.21,,5.4,514.0,-39.22,467.5,24,buy,28.5,35.3,-2.49,24.0,1.31,18.46,7.12,17.46,6.8,13.34,-11.99,-0.69,19.59,12.9,0.15,highly inconsistent earnings,0.12,,1.86,,7237.59,2.75,61.13,-2.0,,10.37,1.99,22.2,-0.56,491.25,368.65,12.6,16.5,23.49,102.75,0.21,-0.04,5,23.0,20.34,6.0,6.0,55.3,WATCH ⭐⭐,Expected ~31% CAGR (2yr) | Declining profits (-1% CAGR) ⚠️ | ROE 28% | ROCE 35% | Low D/E 0.12 | Promoter 61% holding,Earnings due 2026-07-27 | Pattern still forming (not broken out),3-4 years,Medium-High,"yfinance, screener.in",100,189,2026-07-27,2026-07-25,2026-06-01,54,-6.1,7,-4.7
MAZDOCK,Mazagon Dock Shipbuilders Limited,Industrials,Aerospace & Defense,94504.0,Large-Cap,MonthlyDoubleBottom,Forming,0.814,13,Sep 13mo | Mid rally 89% | Asymmetry 8%,MonthlyCupHandle+MonthlyDoubleBottom+MonthlyStage2,Downtrend,False,False,Below-MAs,False,Stage2,4,Uptrend,Uptrend,2422.8,3751.65,1904.04,2059.38,3144.83,5599.26,5485.37,4153.38,131.1,52.0,36.63,28.75,9.69,1.14,36.23,82.0,-12.25,2751.18,11,buy,29.2,36.0,4.06,17.0,2.57,19.86,4.83,13.77,18.44,26.29,6.79,32.07,38.06,108.8,0.4,lumpy earner,0.04,,1.4,,-3999.91,-4.23,81.22,0.0,,1.73,-0.07,5.09,-0.28,3061.4,2057.4,20.9,17.8,-17.14,276.68,0.42,0.56,4,37.0,13.27,4.0,1.0,55.3,WATCH ⭐⭐,Expected ~52% CAGR (2yr) | Revenue CAGR 18% | Profit CAGR 32% | ROE 29% | ROCE 36% | ROCE trend rising ↑,Pattern still forming (not broken out),3-4 years,Medium-High,"yfinance, screener.in",100,68,,2026-07-25,2026-06-01,54,0.0,7,0.0
SHAKTIPUMP,Shakti Pumps (India) Limited,Industrials,Specialty Industrial Machinery,6746.0,Small-Cap,MonthlyDoubleBottom,Forming,0.431,8,Sep 8mo | Mid rally 51% | Asymmetry 8%,,Sideways,False,False,Below-MAs,True,Stage2,4,Uptrend,Uptrend,561.05,98.85,63.22,476.89,1711.63,3777.56,8337.08,3777.56,573.3,159.5,26.04,20.86,3.95,0.22,15.45,18.0,44.23,640.0,1,none,18.0,23.6,2.8,16.0,1.69,9.53,9.95,7.23,40.73,23.74,-36.76,120.7,27.69,-65.2,0.15,highly inconsistent earnings,0.3,,2.12,,-134.01,-1.99,50.36,0.0,,5.08,0.25,2.39,-2.58,929.25,456.35,39.6,22.9,-29.51,270.25,0.83,-0.15,6,33.0,11.17,11.0,0.0,55.2,WATCH ⭐⭐,Expected ~160% CAGR (2yr) | Revenue CAGR 41% | Profit CAGR 121% | ROCE 24% | ROCE trend rising ↑ | Low D/E 0.30,Pattern still forming (not broken out),3-4 years,Medium-High,"yfinance, screener.in",100,178,,2026-07-25,2026-06-01,54,11.6,7,-5.3
TDPOWERSYS,TD Power Systems Limited,Industrials,Specialty Industrial Machinery,17618.0,Mid-Cap,None,,0.0,0,,,Sideways-Above-MA,True,False,Constructive,False,Stage2,4,Uptrend,Uptrend,1158.6,,,984.81,760.3,1026.86,1386.88,1026.86,,,74.09,39.92,16.44,2.11,52.9,18.0,33.08,1417.0,2,strong_buy,24.7,33.4,4.29,18.0,1.43,12.86,11.83,45.11,28.63,25.59,36.57,35.06,39.65,36.2,1.0,steady compounder (low CV),0.02,,1.95,,19.94,0.11,26.87,0.0,,26.18,-0.51,23.88,1.64,1379.6,453.1,16.0,155.7,132.05,315.53,,0.52,7,40.0,9.0,-1.0,7.0,55.0,WATCH ⭐⭐,Revenue CAGR 29% | Profit CAGR 35% | ROE 25% | ROCE 33% | ROCE trend rising ↑ | Nearly debt-free,High PE 74,3-4 years,Medium-High,"yfinance, screener.in",100,179,,2026-07-25,2026-06-01,54,-7.8,7,-9.0
ESCORTS,Escorts Kubota Limited,Industrials,Farm & Heavy Construction Machinery,32315.0,Large-Cap,MonthlyDoubleBottom,Forming,0.875,14,Sep 14mo | Mid rally 88% | Asymmetry 0%,,Sideways,False,False,Below-MAs,True,Stage2,4,Uptrend,Uptrend,2941.8,976.3,520.15,2500.53,6965.43,7849.08,16838.24,10829.84,166.8,63.3,23.64,20.43,2.66,0.43,18.23,112.0,93.86,3377.94,16,hold,18.7,13.9,-2.34,13.0,-0.51,20.75,5.39,12.65,11.04,10.47,89.25,55.48,22.38,0.7,0.15,highly inconsistent earnings,0.01,,3.25,,1203.44,3.72,68.04,0.0,,6.36,0.65,10.65,-1.01,4180.0,2700.0,29.6,9.0,-16.23,-30.91,0.31,0.32,5,27.0,17.0,11.0,0.0,55.0,WATCH ⭐⭐,Expected ~63% CAGR (2yr) | Profit CAGR 55% | Nearly debt-free | Promoter 68% holding | Margin compressing ↓ ⚠️ | FCF yield 3.7%,Margin compression ↓ | Earnings due 2026-08-03 | Pattern still forming (not broken out),3-4 years,Medium-High,"yfinance, screener.in",100,367,2026-08-03,2026-07-25,2026-06-01,54,1.8,7,4.0
LICI,Life Insurance Corporation of India,Financial Services,Insurance - Life,547871.0,Large-Cap,MonthlyCupHandle,Forming,0.835,20,Cup 20mo | Depth 24% | Prior gain 55% | R²=0.98,MonthlyCupHandle+MonthlyDoubleBottom,Sideways,False,False,Below-MAs,True,Stage2,12,Uptrend,Uptrend,803.5,1090.33,826.98,785.63,2127.45,2486.14,2905.31,2486.14,209.4,75.9,9.53,7.68,3.47,0.57,7.32,231.0,88.21,532.58,24,strong_buy,37.8,35.1,-4.97,5.0,1.23,6.32,0.69,9.87,7.61,7.19,18.9,16.86,80.8,32.7,0.15,highly inconsistent earnings,0.0,,5.98,,9618.32,1.76,96.5,0.0,,0.44,0.13,0.99,-0.28,468.48,360.75,-71.5,122.7,-8.59,7.88,0.49,0.54,3,25.0,17.02,11.0,2.0,55.0,WATCH ⭐⭐,Expected ~76% CAGR (2yr) | ROE 38% | ROCE 35% | Nearly debt-free | Promoter 96% holding | Dividend growing 88%/yr,Earnings due 2026-08-06 | Pattern still forming (not broken out),3-4 years,Medium-High,"yfinance, screener.in",100,49,2026-08-06,2026-07-25,2026-06-01,54,0.0,7,7.0
APTUS,Aptus Value Housing Finance India Limited,Financial Services,Mortgage Finance,15367.0,Mid-Cap,MonthlyDoubleBottom,Forming,0.867,45,Sep 45mo | Mid rally 95% | Asymmetry 9%,,Uptrend,True,False,Uptrend,True,Stage2,12,Uptrend,Uptrend,283.8,389.74,191.24,241.23,464.11,588.24,705.69,572.29,107.3,44.0,16.29,11.8,3.04,0.7,,163.0,7.72,352.06,17,strong_buy,20.1,15.4,,78.53,,61.47,7.76,25.26,26.11,27.92,25.57,23.31,28.71,26.1,1.0,steady compounder (low CV),1.56,,5.96,,,,23.86,0.0,,29.96,-0.38,29.9,0.47,364.0,193.03,22.0,47.0,-8.29,-15.52,0.23,0.69,3,21.0,24.9,8.0,1.0,54.9,WATCH ⭐⭐,Expected ~44% CAGR (2yr) | Revenue CAGR 26% | Profit CAGR 23% | ROE 20% | OPM 79% | EPS: steady compounder (low CV),High D/E 1.6 | Pattern still forming (not broken out),3-4 years,Medium-High,"yfinance, screener.in",90,60,,2026-07-25,2026-06-01,54,11.5,7,7.0
PERSISTENT,Persistent Systems Limited,Technology,Information Technology Services,80989.0,Large-Cap,MonthlyDoubleBottom,Forming,0.563,8,Sep 8mo | Mid rally 66% | Asymmetry 10%,MonthlyDoubleBottom+MonthlyStage2,Sideways,False,False,Below-MAs,True,Downtrend,0,Uptrend,Uptrend,5066.3,347.71,199.89,4306.36,4931.58,5779.65,7892.88,6238.94,14.1,6.8,43.67,29.68,10.35,1.65,30.41,69.0,-4.17,5090.71,34,hold,27.2,34.4,2.26,19.0,0.4,12.65,14.87,23.53,20.87,28.63,33.21,26.51,32.83,33.7,0.75,consistent growth,0.06,,2.43,,1351.13,1.67,30.29,0.0,,20.79,-1.32,30.25,-0.22,6599.0,4244.5,23.2,19.4,-7.9,83.6,0.63,0.12,7,40.0,11.76,2.0,1.0,54.8,WATCH ⭐⭐,Expected ~7% CAGR (2yr) | Revenue CAGR 21% | Profit CAGR 27% | ROE 27% | ROCE 34% | ROCE trend rising ↑,Earnings due 2026-08-02 | Pattern still forming (not broken out),3-4 years,Medium-High,"yfinance, screener.in",100,194,2026-08-02,2026-07-25,2026-06-01,54,0.0,7,-1.0
ABDL,ALLIED BLEND N DISTILS L,Consumer Defensive,Beverages - Wineries & Distilleries,17246.0,Mid-Cap,MonthlyDoubleBottom,Forming,0.485,6,Sep 6mo | Mid rally 55% | Asymmetry 6%,,Uptrend,True,False,Tight-Above-MAs,True,Stage2,15,Uptrend,Uptrend,648.75,440.72,276.69,551.44,3077.92,9131.11,70661.37,14747.54,1307.5,275.2,75.74,38.64,10.37,0.2,33.85,88.0,50.0,706.45,11,strong_buy,14.3,18.4,1.97,14.0,1.31,5.82,7.57,11.45,7.62,10.81,12.82,379.14,136.08,-47.9,0.15,highly inconsistent earnings,0.68,,1.34,,-85.0,-0.49,80.91,0.0,,3.23,-0.13,4.82,0.21,711.7,382.1,8.8,69.8,29.26,,0.68,0.76,4,19.0,20.82,9.0,6.0,54.8,WATCH ⭐⭐,Expected ~275% CAGR (2yr) | Profit CAGR 379% | ROCE trend rising ↑ | Promoter 81% holding | Dividend growing 50%/yr | PEG 0.20 — deeply undervalued,High PE 76 | Pattern still forming (not broken out),3-4 years,Medium-High,"yfinance, screener.in",100,25,,2026-07-25,2026-06-15,40,0.7,5,4.0
AUTOAXLES,Automotive Axles Limited,Consumer Cyclical,Auto Parts,2752.0,Small-Cap,MonthlyDoubleBottom,Forming,0.767,36,Sep 36mo | Mid rally 81% | Asymmetry 5%,MonthlyCupHandle+MonthlyDoubleBottom,Sideways,False,False,Constructive,True,Stage2,3,Uptrend,Uptrend,1773.7,498.28,268.83,1507.64,5421.73,6359.69,7459.92,6359.69,258.6,89.4,16.75,13.67,2.5,0.97,9.99,176.0,26.69,2132.0,1,strong_buy,15.8,,,10.12,,7.55,8.74,18.7,,,17.3,,,17.3,0.5,insufficient history,0.01,,2.96,,66.67,2.42,71.04,0.0,,0.75,-0.08,15.44,0.29,2115.0,1540.2,16.1,15.2,5.04,-42.55,0.18,0.5,5,24.0,17.7,10.0,3.0,54.7,WATCH ⭐⭐,Expected ~89% CAGR (2yr) | Revenue CAGR 19% | Nearly debt-free | Promoter 71% holding | Piotroski F=5 (above average quality) | Dividend growing 27%/yr,Pattern still forming (not broken out),3-4 years,Medium-High,"yfinance, screener.in",70,289,,2026-07-25,2026-06-01,54,4.8,7,4.0
KRISHIVAL,KRISHIVAL FOODS LIMITED,Consumer Defensive,Packaged Foods,1024.0,Small-Cap,MonthlyStage2,Stage Change,1.0,24,10-EMA=357 | 30-EMA=321 | Above by 18.5% | MA turning=Yes,MonthlyDoubleBottom+MonthlyStage2,Sideways,False,False,Below-MAs,True,Stage2,15,Uptrend,Uptrend,379.85,320.55,214.73,322.87,745.34,1091.78,1599.24,1091.78,187.4,69.5,43.48,,4.66,0.94,23.36,6.0,68.69,,0,none,13.1,16.2,1.43,9.0,-0.6,7.34,9.36,45.05,61.16,59.93,57.14,46.48,85.56,3.5,0.4,lumpy earner,0.18,,5.19,,-54.9,-5.36,37.23,0.0,,0.47,-0.07,1.45,0.12,508.0,282.3,25.2,34.6,4.63,5.08,0.23,-0.91,4,24.0,19.5,9.0,2.0,54.5,WATCH ⭐⭐,Expected ~70% CAGR (2yr) | Revenue CAGR 61% | Profit CAGR 46% | ROCE trend rising ↑ | Low D/E 0.18 | Margin compressing ↓ ⚠️,Margin compression ↓,3-4 years,Medium-High,"yfinance, screener.in",100,50,,2026-07-25,2026-06-01,54,0.0,7,-1.0
OLECTRA,Olectra Greentech Limited,Industrials,Farm & Heavy Construction Machinery,11054.0,Mid-Cap,MonthlyDoubleBottom,Forming,1.0,33,Sep 33mo | Mid rally 548% | Asymmetry 8%,,Sideways,False,False,Below-MAs,True,Stage2,4,Uptrend,Uptrend,1219.6,279.39,41.39,1036.66,982.62,1366.04,1899.07,1366.04,12.0,5.8,62.12,31.1,9.01,1.59,1184.28,3.0,0.0,,0,none,15.6,21.0,3.89,14.0,1.11,2.01,,28.3,28.45,52.43,29.5,39.02,86.4,164.4,0.15,highly inconsistent earnings,0.31,,,,,,50.02,0.0,,7.95,0.84,0.58,-0.1,1714.2,866.6,28.9,40.7,11.84,2.83,0.68,0.3,3,31.0,19.5,1.0,3.0,54.5,WATCH ⭐⭐,Expected ~6% CAGR (2yr) | Revenue CAGR 28% | Profit CAGR 39% | ROCE 21% | ROCE trend rising ↑ | Promoter 50% holding,High PE 62 | Pattern still forming (not broken out),3-4 years,Medium-High,"yfinance, screener.in",80,287,,2026-07-25,2026-06-01,54,0.0,7,0.0
SHARDACROP,Sharda Cropchem Limited,Basic Materials,Agricultural Inputs,8112.0,Mid-Cap,MonthlyDoubleBottom,Forming,0.712,20,Sep 20mo | Mid rally 74% | Asymmetry 3%,,Sideways,False,False,Below-MAs,False,Stage2,1,Uptrend,Uptrend,921.15,515.05,292.69,782.98,2100.08,2090.13,3324.04,2642.11,126.9,50.6,11.92,10.93,2.59,0.46,6.96,200.0,0.0,1262.17,6,buy,23.2,30.2,-0.06,20.0,-0.46,12.93,8.9,21.94,9.2,17.07,124.01,25.81,24.35,56.5,0.15,highly inconsistent earnings,0.0,,1.86,,-4.54,-0.06,74.82,0.0,,3.12,-1.48,9.18,-0.52,1297.0,755.55,29.0,21.9,-0.98,84.34,0.16,0.56,3,24.0,15.54,15.0,0.0,54.5,WATCH ⭐⭐,Expected ~51% CAGR (2yr) | Profit CAGR 26% | ROE 23% | ROCE 30% | Nearly debt-free | Promoter 75% holding,Pattern still forming (not broken out),3-4 years,Medium-High,"yfinance, screener.in",100,143,,2026-07-25,2026-06-01,54,0.5,7,2.0
SPAL,S.P. Apparels Limited,Consumer Cyclical,Apparel Manufacturing,2494.0,Small-Cap,MonthlyStage2,Stage Change,1.0,24,10-EMA=882 | 30-EMA=761 | Above by 52.4% | MA turning=Yes,MonthlyCupHandle+MonthlyDoubleBottom+MonthlyStage2,Uptrend,True,True,Tight-Above-MAs,True,Stage2,3,Uptrend,Uptrend,1159.7,760.96,674.15,985.75,1919.5,2049.26,2187.79,2049.26,76.7,32.9,24.76,14.0,2.63,3.66,13.0,20.0,60.0,1105.5,2,strong_buy,11.2,14.0,0.34,13.0,-0.83,6.39,6.97,13.19,13.46,19.35,6.32,6.76,18.62,-38.8,0.15,highly inconsistent earnings,0.45,,1.32,,74.78,3.0,61.81,0.0,,1.49,0.01,16.15,-0.42,1221.9,600.0,5.1,93.3,60.93,84.35,0.85,-0.14,5,15.0,28.5,4.0,7.0,54.5,WATCH ⭐⭐,Expected ~33% CAGR (2yr) | ROCE trend rising ↑ | Promoter 62% holding | Margin compressing ↓ ⚠️ | Piotroski F=5 (above average quality) | Dividend growing 60%/yr,Margin compression ↓,3-4 years,Medium-High,"yfinance, screener.in",100,120,,2026-07-25,2026-06-01,54,48.0,7,6.4
HESTERBIO,,Healthcare,Drug Manufacturers - Specialty & Generic,0.0,Micro-Cap,MonthlyStage2,Stage Change,1.0,24,10-EMA=1896 | 30-EMA=1856 | Above by 31.4% | MA turning=No,MonthlyCupHandle+MonthlyDoubleBottom+MonthlyStage2,Uptrend,True,False,Uptrend,True,Stage2,6,Uptrend,Uptrend,2439.8,1856.27,1250.16,2073.83,3993.74,5061.67,6415.16,5061.67,107.5,44.0,37.45,,5.78,1.4,27.89,45.0,11.2,,0,none,15.9,15.2,-0.77,26.0,-1.4,16.65,6.51,7.07,7.78,9.25,96.55,26.74,10.25,1138.0,0.15,highly inconsistent earnings,0.53,,1.37,,28.84,,53.73,0.0,,0.31,-0.07,0.0,0.0,2660.0,1239.3,8.3,96.9,21.74,17.68,0.57,0.49,3,18.0,26.5,4.0,6.0,54.5,WATCH ⭐⭐,Expected ~44% CAGR (2yr) | Profit CAGR 27% | Promoter 54% holding | OPM 26% | Margin compressing ↓ ⚠️ | Dividend growing 11%/yr,Margin compression ↓,3-4 years,Medium-High,"yfinance, screener.in",100,137,,2026-07-25,2026-06-01,54,35.8,7,7.0
AARVI,Aarvi Encon Limited,Industrials,Staffing & Employment Services,220.0,Micro-Cap,MonthlyStage2,Stage Change,1.0,24,10-EMA=134 | 30-EMA=126 | Above by 23.3% | MA turning=Yes,MonthlyDoubleBottom+MonthlyStage2,Uptrend,True,True,Uptrend,True,Stage2,4,Uptrend,Uptrend,155.24,125.95,100.16,131.95,367.59,390.64,415.13,390.64,151.6,58.6,12.63,,1.55,2.01,10.12,134.0,10.06,,0,none,13.4,14.4,-0.29,3.0,-0.49,2.71,5.81,27.45,14.15,26.33,80.0,6.27,12.47,55.7,0.15,highly inconsistent earnings,0.19,,2.04,,9.65,4.37,73.36,-0.17,,,0.0,,,168.4,96.99,7.8,60.1,23.76,-0.49,0.78,-0.11,5,18.0,26.5,4.0,6.0,54.5,WATCH ⭐⭐,Expected ~59% CAGR (2yr) | Low D/E 0.19 | Promoter 73% holding | FCF yield 4.4% | Piotroski F=5 (above average quality) | Dividend growing 10%/yr,None identified,3-4 years,Medium-High,"yfinance, screener.in",100,106,,2026-07-25,2026-06-15,40,4.7,5,-4.0
ASALCBR,Associated Alcohols & Breweries Limited,Consumer Defensive,Beverages - Wineries & Distilleries,1638.0,Small-Cap,MonthlyDoubleBottom,Forming,0.571,29,Sep 29mo | Mid rally 61% | Asymmetry 4%,,Downtrend,False,False,Below-MAs,False,Stage2,15,Uptrend,Uptrend,827.9,647.81,396.25,703.71,8557.12,20946.13,51271.94,20946.13,2430.0,403.0,17.76,14.11,2.24,0.12,11.17,25.0,25.99,1070.0,1,strong_buy,14.6,18.0,4.3,14.0,1.74,8.68,9.41,-5.21,68.5,73.94,8.64,144.78,144.85,5.3,0.15,highly inconsistent earnings,0.1,,2.58,,-20.86,-1.27,62.35,0.0,,0.68,0.35,1.26,0.32,1277.0,660.65,35.2,25.3,-19.93,66.9,0.19,0.37,6,31.0,11.35,12.0,0.0,54.4,WATCH ⭐⭐,Expected ~403% CAGR (2yr) | Revenue CAGR 68% | Profit CAGR 145% | ROCE trend rising ↑ | Nearly debt-free | Promoter 62% holding,Pattern still forming (not broken out),3-4 years,Medium-High,"yfinance, screener.in",100,78,,2026-07-25,2026-06-01,54,3.1,7,-6.0
HDFCAMC,HDFC Asset Management Company Limited,Financial Services,Asset Management,113645.0,Large-Cap,MonthlyDoubleBottom,Forming,0.521,6,Sep 6mo | Mid rally 59% | Asymmetry 7%,,Uptrend,True,False,Tight-Above-MAs,True,Stage2,12,Uptrend,Uptrend,2698.5,1448.93,882.86,2293.72,1734.84,2439.84,2290.73,1993.5,,,38.61,30.15,12.31,2.59,27.2,204.0,31.04,3109.36,28,strong_buy,32.9,42.9,2.5,79.0,0.4,61.62,,-7.84,10.42,,3.15,14.91,,12.0,0.4,lumpy earner,0.02,,,,,,52.34,-0.03,,24.1,-0.35,14.76,0.34,2967.25,2205.6,9.1,22.3,-0.31,95.96,0.31,0.56,3,30.0,21.25,1.0,2.0,54.2,WATCH ⭐⭐,ROE 33% | ROCE 43% | ROCE trend rising ↑ | Nearly debt-free | Promoter 52% holding | OPM 79%,Earnings due 2026-10-15 | Pattern still forming (not broken out),3-4 years,Medium-High,"yfinance, screener.in",80,96,2026-10-15,2026-07-25,2026-06-01,54,1.7,7,-5.0
KAPSTON,Kapston Services Limited,Industrials,Specialty Business Services,1287.0,Small-Cap,MonthlyDoubleBottom,Forming,0.622,14,Sep 14mo | Mid rally 72% | Asymmetry 9%,,Uptrend,True,False,Tight-Above-MAs,True,Stage2,4,Uptrend,Uptrend,325.05,65.23,36.33,276.29,318.86,396.66,493.45,396.66,22.0,10.5,45.65,,11.06,1.87,33.26,0.0,,,0,none,27.4,14.9,2.0,5.0,0.5,3.39,7.7,20.46,,,55.56,,,24.3,1.0,steady compounder (low CV),1.58,,1.43,,-17.41,-1.35,72.87,0.0,,0.01,0.01,,,439.0,231.58,26.0,40.4,43.92,332.06,0.43,0.17,5,20.0,22.96,1.0,10.0,54.0,WATCH ⭐⭐,Expected ~10% CAGR (2yr) | Revenue CAGR 17% | Profit CAGR 24% | ROE 27% | ROCE trend rising ↑ | Promoter 73% holding,High D/E 1.6 | Pattern still forming (not broken out),3-4 years,Medium-High,"yfinance, screener.in",80,98,,2026-07-25,2026-06-01,54,0.0,7,-5.0
RBZJEWEL,RBZ Jewellers Limited,Consumer Cyclical,Luxury Goods,603.0,Small-Cap,MonthlyDoubleBottom,Forming,1.0,10,Sep 10mo | Mid rally 107% | Asymmetry 6%,,Downtrend,False,False,Below-MAs,False,Stage2,3,Uptrend,Uptrend,123.52,251.68,118.15,112.24,814.62,1111.14,1515.6,1111.14,799.6,199.9,11.0,,2.01,0.3,8.38,,,,0,none,20.11,,,10.43,,8.61,13.06,38.0,,,36.4,,,36.3,0.5,insufficient history,0.57,,2.99,,-61.32,-10.17,75.0,0.0,,0.03,0.03,0.01,-0.06,179.0,100.0,31.0,23.5,-4.93,,0.49,0.12,3,25.0,15.0,13.0,1.0,54.0,WATCH ⭐⭐,Expected ~200% CAGR (2yr) | Revenue CAGR 38% | Profit CAGR 36% | ROE 20% | Promoter 75% holding | PEG 0.30 — deeply undervalued,Pattern still forming (not broken out),3-4 years,Medium-High,"yfinance, screener.in",70,30,,2026-07-25,2026-06-01,54,0.0,7,1.0
PATANJALI,Patanjali Foods Limited,Consumer Defensive,Packaged Foods,36738.0,Large-Cap,MonthlyDoubleBottom,Forming,1.0,9,Sep 9mo | Mid rally 137% | Asymmetry 5%,,Sideways,False,False,Below-MAs,True,Stage2,15,Uptrend,Uptrend,471.1,5144.45,2118.49,2012.57,3241.84,8170.41,11186.54,6022.04,1634.3,316.5,20.25,18.35,2.8,0.24,22.08,104.0,-4.35,588.75,4,strong_buy,16.5,12.0,-2.34,4.0,2.66,4.52,5.48,17.6,49.48,5.84,39.43,85.76,50.62,46.1,0.2,multiple loss years in history,0.21,,2.14,,-2396.98,-6.52,68.25,0.0,,8.53,-0.67,11.05,-1.01,653.93,328.2,28.0,43.5,-5.99,-1.26,0.79,-0.18,4,23.0,18.0,13.0,0.0,54.0,WATCH ⭐⭐,Expected ~316% CAGR (2yr) | Revenue CAGR 49% | Profit CAGR 86% | Low D/E 0.21 | Promoter 68% holding | PEG 0.24 — deeply undervalued,Earnings due 2026-07-28 | Pattern still forming (not broken out),3-4 years,Medium-High,"yfinance, screener.in",100,287,2026-07-28,2026-07-25,2026-06-01,54,0.0,7,2.0
SHREEPUSHK,Shree Pushkar Chemicals & Fertilisers Limited,Basic Materials,Specialty Chemicals,1319.0,Small-Cap,MonthlyDoubleBottom,Forming,1.0,19,Sep 19mo | Mid rally 123% | Asymmetry 6%,,Uptrend,True,False,Tight-Above-MAs,True,Stage2,1,Uptrend,Uptrend,408.0,315.52,137.87,346.8,575.58,711.88,880.45,711.88,74.5,32.1,18.94,25.26,2.16,0.8,13.24,49.0,0.0,,0,none,12.2,13.0,-0.0,10.0,-0.69,7.18,5.17,21.22,12.62,22.44,18.64,23.68,19.27,-22.2,0.15,highly inconsistent earnings,0.22,,1.68,,-35.84,-2.72,69.36,0.0,,0.5,0.08,0.0,-0.29,476.0,272.45,14.3,49.8,31.61,65.29,0.13,0.11,4,12.0,28.0,6.0,8.0,54.0,WATCH ⭐⭐,Expected ~32% CAGR (2yr) | Profit CAGR 24% | Low D/E 0.22 | Promoter 69% holding | Margin compressing ↓ ⚠️ | PEG 0.80 — undervalued,Margin compression ↓ | Pattern still forming (not broken out),3-4 years,Medium-High,"yfinance, screener.in",100,131,,2026-07-25,2026-06-01,54,10.3,7,14.0
PRICOLLTD,,Consumer Cyclical,Auto Parts,0.0,Micro-Cap,MonthlyCupHandle,Forming,0.699,17,Cup 17mo | Depth 32% | Prior gain 32% | R²=0.88,MonthlyCupHandle+MonthlyDoubleBottom,Downtrend,False,False,Below-MAs,False,Stage2,3,Uptrend,Uptrend,544.75,687.67,468.79,463.04,1103.59,1392.29,1756.51,1392.29,155.6,59.9,29.94,20.65,,1.14,16.06,65.0,60.0,,0,none,21.8,24.5,1.89,12.0,-0.11,6.21,10.81,50.11,27.3,23.39,50.3,26.16,42.98,109.5,0.15,highly inconsistent earnings,0.3,,1.21,,-91.64,,38.51,0.0,,13.95,-1.66,11.79,-0.65,694.2,415.1,21.5,31.2,26.97,115.66,2.15,-0.11,4,28.0,11.89,8.0,6.0,53.9,WATCH ⭐⭐,Expected ~60% CAGR (2yr) | Revenue CAGR 27% | Profit CAGR 26% | ROE 22% | ROCE 24% | ROCE trend rising ↑,Pattern still forming (not broken out),3-4 years,Medium-High,"yfinance, screener.in",90,287,,2026-07-25,2026-06-01,54,0.0,7,-1.0
LODHA,Lodha Developers Limited,Real Estate,Real Estate - Development,118746.0,Large-Cap,MonthlyDoubleBottom,Forming,0.37,12,Sep 12mo | Mid rally 43% | Asymmetry 6%,,Sideways,False,False,Below-MAs,True,Stage2,3,Uptrend,Uptrend,892.2,1525.97,1039.62,987.64,1769.89,2516.44,6477.7,3385.97,182.0,67.9,34.72,25.09,5.1,0.38,24.97,36.0,88.89,1212.15,20,strong_buy,15.5,16.4,1.77,30.0,1.26,20.56,5.41,21.02,20.76,25.07,24.0,91.31,134.87,9.4,0.15,highly inconsistent earnings,0.42,,1.75,,-461.9,-0.39,72.27,0.42,,21.24,-2.25,4.62,1.45,1461.5,650.8,39.0,37.1,-27.61,9.37,0.72,0.58,6,31.0,10.94,11.0,1.0,53.9,WATCH ⭐⭐,Expected ~68% CAGR (2yr) | Revenue CAGR 21% | Profit CAGR 91% | ROCE trend rising ↑ | Promoter 72% holding | OPM 30%,Earnings due 2026-04-24 | Pattern still forming (not broken out),3-4 years,Medium-High,"yfinance, screener.in",100,62,2026-04-24,2026-07-25,2026-06-01,54,0.0,7,1.0
TORNTPHARM,Torrent Pharmaceuticals Limited,Healthcare,Drug Manufacturers - Specialty & Generic,161202.0,Large-Cap,MonthlyDoubleBottom,Forming,0.528,15,Sep 15mo | Mid rally 53% | Asymmetry 1%,,Uptrend,True,True,Uptrend,True,Stage2,6,Uptrend,Uptrend,4951.2,786.41,511.58,4208.52,3565.06,4526.45,5112.32,4269.16,,,74.63,50.7,19.22,3.78,40.71,80.0,19.98,4912.38,29,buy,27.4,15.2,0.49,33.0,0.57,15.47,7.25,21.4,13.27,11.8,11.88,19.75,11.3,-21.9,0.15,highly inconsistent earnings,0.85,,1.13,,2601.22,1.61,68.31,0.0,,16.18,0.05,8.96,-0.09,5085.8,3468.0,2.6,42.8,40.94,150.33,0.57,0.14,6,27.0,19.84,-1.0,8.0,53.8,WATCH ⭐⭐,ROE 27% | ROCE trend rising ↑ | Promoter 68% holding | OPM 33% | Piotroski F=6 (above average quality) | Dividend growing 20%/yr,High PE 75 | Earnings due 2026-07-30 | Pattern still forming (not broken out),3-4 years,Medium-High,"yfinance, screener.in",100,289,2026-07-30,2026-07-25,2026-06-01,54,11.0,7,-5.4
NAVINFLUOR,Navin Fluorine International Limited,Basic Materials,Chemicals,38870.0,Large-Cap,MonthlyDoubleBottom,Forming,0.472,19,Sep 19mo | Mid rally 47% | Asymmetry 0%,,Uptrend,True,True,Tight-Above-MAs,True,Stage2,1,Uptrend,Uptrend,7075.5,4902.73,3318.97,6014.18,3180.22,6486.49,4654.62,3847.43,,,58.14,40.48,9.77,2.77,35.86,20.0,-16.93,7443.61,28,buy,19.6,21.0,-1.09,33.0,0.71,20.02,10.4,41.08,16.85,22.96,129.76,20.98,20.81,123.9,0.15,highly inconsistent earnings,0.32,,2.61,,56.74,0.15,27.1,-0.01,,23.78,0.04,27.61,-0.48,7810.0,4498.5,9.4,57.3,54.88,35.96,0.6,0.25,6,22.0,21.66,0.0,10.0,53.7,WATCH ⭐⭐,Revenue CAGR 17% | Profit CAGR 21% | ROCE 21% | OPM 33% | Piotroski F=6 (above average quality) | MonthlyDoubleBottom forming (19mo base),High PE 58 | Earnings due 2026-08-05 | Pattern still forming (not broken out),3-4 years,Medium-High,"yfinance, screener.in",100,228,2026-08-05,2026-07-25,2026-06-01,54,0.0,7,-1.0
GANDHITUBE,Gandhi Special Tubes Limited,Industrials,Metal Fabrication,1051.0,Small-Cap,MonthlyDoubleBottom,Forming,0.848,34,Sep 34mo | Mid rally 86% | Asymmetry 1%,,Uptrend,True,False,Tight-Above-MAs,True,Stage2,4,Uptrend,Uptrend,855.15,515.59,276.77,726.88,1389.59,1389.59,1389.59,1389.59,62.5,27.5,15.38,,3.33,,12.42,173.0,14.47,,0,none,23.51,,,39.49,,35.65,16.0,8.9,,,-21.5,,,-21.6,0.5,insufficient history,0.0,,6.11,,47.37,4.5,73.52,0.0,,1.23,0.0,0.05,-0.01,1031.8,649.5,17.1,31.7,3.6,-1.94,0.1,0.76,4,21.0,26.68,4.0,2.0,53.7,WATCH ⭐⭐,Expected ~28% CAGR (2yr) | Declining profits (-22% CAGR) ⚠️ | ROE 24% | Nearly debt-free | Promoter 74% holding | OPM 39%,Pattern still forming (not broken out),3-4 years,Medium-High,"yfinance, screener.in",70,235,,2026-07-25,2026-06-01,54,-2.0,7,6.0
INDIASHLTR,India Shelter Finance Corporation Limited,Financial Services,Mortgage Finance,8875.0,Mid-Cap,MonthlyDoubleBottom,Forming,0.519,13,Sep 13mo | Mid rally 60% | Asymmetry 8%,MonthlyDoubleBottom+MonthlyStage2,Sideways-Above-MA,True,False,Constructive,True,Stage2,12,Uptrend,Uptrend,815.1,1005.98,603.54,692.84,1436.37,1689.32,3148.34,2126.54,107.3,44.0,18.15,11.58,2.77,0.38,,123.0,100.0,1033.5,8,strong_buy,17.0,12.8,,62.9,,48.16,5.8,31.13,37.75,36.98,33.07,48.05,42.04,27.2,0.75,consistent growth,1.95,,6.09,,,,47.53,-0.07,,6.87,-0.61,21.39,0.67,1011.75,653.2,19.4,24.8,-12.58,,0.2,-0.04,3,26.0,15.73,11.0,1.0,53.7,WATCH ⭐⭐,Expected ~44% CAGR (2yr) | Revenue CAGR 38% | Profit CAGR 48% | OPM 63% | EPS: consistent growth | DII buying +0.7% ↑,High D/E 2.0 | Pattern still forming (not broken out),3-4 years,Medium-High,"yfinance, screener.in",90,32,,2026-07-25,2026-06-01,54,4.7,7,7.0
APOLLOHOSP,Apollo Hospitals Enterprise Limited,Healthcare,Medical Care Facilities,126904.0,Large-Cap,MonthlyDoubleBottom,Forming,0.676,13,Sep 13mo | Mid rally 70% | Asymmetry 3%,,Uptrend,True,False,Tight-Above-MAs,True,Stage2,6,Uptrend,Uptrend,8841.0,1784.0,1031.85,7514.85,9327.64,11233.66,16596.57,12442.14,27.1,12.7,65.36,41.18,13.38,1.96,35.48,23.0,-12.64,9420.94,31,strong_buy,22.1,17.9,1.46,15.0,0.51,7.7,8.44,15.76,14.94,19.03,33.09,33.39,71.0,35.9,0.15,highly inconsistent earnings,0.85,,1.06,,395.55,0.31,28.02,0.0,,41.49,-1.13,23.72,0.96,9009.0,6696.5,1.9,32.0,17.38,59.45,0.26,0.18,6,22.0,23.61,2.0,6.0,53.6,WATCH ⭐⭐,Expected ~13% CAGR (2yr) | Profit CAGR 33% | ROE 22% | ROCE trend rising ↑ | Piotroski F=6 (above average quality) | DII buying +1.0% ↑,High PE 65 | Earnings due 2026-08-12 | Pattern still forming (not broken out),3-4 years,Medium-High,"yfinance, screener.in",100,289,2026-08-12,2026-07-25,2026-06-01,54,10.2,7,1.0
WHEELS,Wheels India Limited,Consumer Cyclical,Auto Parts,3597.0,Small-Cap,MonthlyDoubleBottom,Forming,1.0,33,Sep 33mo | Mid rally 148% | Asymmetry 5%,,Sideways-Above-MA,True,False,Constructive,False,Stage2,3,Uptrend,Uptrend,1484.1,1236.83,487.61,1261.48,5398.32,7869.68,11472.42,7869.68,430.3,130.3,23.2,39.49,3.45,0.51,,98.0,27.48,,0,none,15.8,18.8,2.6,8.0,0.37,3.19,,15.2,5.61,17.76,41.07,45.78,27.44,-9.8,0.15,highly inconsistent earnings,,,,,,,58.31,0.0,,1.98,0.83,6.39,-3.25,1808.0,705.85,17.9,110.3,104.63,90.84,0.96,,2,18.0,22.5,6.0,7.0,53.5,WATCH ⭐⭐,Expected ~130% CAGR (2yr) | Profit CAGR 46% | ROCE trend rising ↑ | Promoter 58% holding | FII buying +0.8% ↑ | Dividend growing 27%/yr,Pattern still forming (not broken out),3-4 years,Medium-High,"yfinance, screener.in",70,289,,2026-07-25,2026-06-01,54,-5.1,7,-6.5
SUZLON,,Industrials,Specialty Industrial Machinery,0.0,Micro-Cap,MonthlyDoubleBottom,Forming,1.0,15,Sep 15mo | Mid rally 155% | Asymmetry 7%,MonthlyDoubleBottom+MonthlyStage2,Sideways-Above-MA,True,False,Constructive,False,Stage2,4,Uptrend,Uptrend,53.33,419.96,159.56,151.58,64.84,680.36,68.91,66.85,1175.8,257.2,22.51,22.37,,7.28,23.06,0.0,0.0,65.85,13,strong_buy,40.6,35.1,4.74,18.0,0.6,18.97,10.78,53.65,40.98,37.98,52.65,3.09,30.0,-5.7,0.15,highly inconsistent earnings,0.06,,1.65,,-430.29,,11.7,-0.03,,24.15,0.3,11.12,1.94,66.81,38.19,20.2,39.6,-4.59,91.5,0.32,0.69,6,29.0,21.5,2.0,1.0,53.5,WATCH ⭐⭐,Expected ~257% CAGR (2yr) | Revenue CAGR 41% | ROE 41% | ROCE 35% | ROCE trend rising ↑ | Nearly debt-free,Pattern still forming (not broken out),3-4 years,Medium-High,"yfinance, screener.in",90,250,,2026-07-25,2026-06-01,54,0.8,7,3.0
GABRIEL,Gabriel India Limited,Consumer Cyclical,Auto Parts,23689.0,Mid-Cap,MonthlyDoubleBottom,Forming,1.0,29,Sep 29mo | Mid rally 110% | Asymmetry 7%,,Uptrend,True,True,Uptrend,True,Stage2,3,Uptrend,Uptrend,1250.8,29.47,13.58,1063.18,620.36,910.1,661.98,640.84,,,76.33,37.16,14.05,23.13,43.5,36.0,36.67,1314.0,6,buy,20.6,26.1,-2.0,9.0,0.0,5.41,9.48,14.87,,,2.86,,,3.5,0.15,highly inconsistent earnings,0.11,,1.66,,88.54,0.37,63.55,8.53,,6.51,-0.07,12.8,-3.48,1388.0,795.7,9.9,57.2,9.9,279.18,0.21,0.68,5,22.0,26.5,0.0,5.0,53.5,WATCH ⭐⭐,ROE 21% | ROCE 26% | Low D/E 0.11 | Promoter 64% holding | Promoters buying ↑ | Piotroski F=5 (above average quality),High PE 76 | Pattern still forming (not broken out),3-4 years,Medium-High,"yfinance, screener.in",80,256,,2026-07-25,2026-06-01,54,14.2,7,6.0
SWARAJENG,Swaraj Engines Limited,Consumer Cyclical,Auto Parts,4507.0,Small-Cap,MonthlyDoubleBottom,Forming,0.479,13,Sep 13mo | Mid rally 53% | Asymmetry 6%,,Uptrend,True,False,Uptrend,True,Stage2,3,Uptrend,Uptrend,3806.4,1662.58,1054.07,3235.44,8979.47,10784.35,12952.0,10784.35,183.3,68.3,22.94,20.56,9.22,1.14,16.18,297.0,6.14,4629.5,2,strong_buy,43.23,,,12.78,,9.78,21.52,20.2,,,20.1,,,20.1,0.5,insufficient history,0.0,,2.06,,-25.39,-0.56,52.11,-0.01,,2.82,-0.33,9.09,-0.65,4545.0,3301.3,16.3,15.3,-4.21,73.16,0.4,0.38,4,25.0,19.25,8.0,1.0,53.2,WATCH ⭐⭐,Expected ~68% CAGR (2yr) | Revenue CAGR 20% | Profit CAGR 20% | ROE 43% | Nearly debt-free | Promoter 52% holding,Pattern still forming (not broken out),3-4 years,Medium-High,"yfinance, screener.in",70,289,,2026-07-25,2026-06-01,54,2.5,7,-3.0
MRF,MRF Limited,Consumer Cyclical,Auto Parts,55430.0,Large-Cap,MonthlyDoubleBottom,Forming,0.547,40,Sep 40mo | Mid rally 61% | Asymmetry 6%,,Downtrend,False,False,Below-MAs,False,Stage2,3,Uptrend,Uptrend,126730.0,97766.92,58930.66,107720.5,474850.73,472381.6,1021363.83,696416.08,272.7,93.1,22.83,15.85,2.64,0.49,11.09,36.0,9.85,136329.89,9,hold,12.5,15.7,1.17,16.0,0.26,7.79,6.52,10.65,10.63,14.02,29.52,46.66,13.69,37.2,0.15,highly inconsistent earnings,0.15,,1.65,,2364.33,4.27,27.77,0.04,,17.98,-0.2,12.25,-0.25,163600.0,122000.0,22.5,3.9,-3.12,3.03,0.62,0.15,7,28.0,11.06,13.0,1.0,53.1,WATCH ⭐⭐,Expected ~93% CAGR (2yr) | Profit CAGR 47% | ROCE trend rising ↑ | Low D/E 0.15 | FCF yield 4.3% | Piotroski F=7 (high quality compounder),Earnings due 2026-05-07 | Pattern still forming (not broken out),3-4 years,Medium-High,"yfinance, screener.in",100,287,2026-05-07,2026-07-25,2026-06-01,54,0.0,7,0.0
PYRAMID,Pyramid Technoplast Limited,Consumer Cyclical,Packaging & Containers,594.0,Small-Cap,MonthlyDoubleBottom,Forming,0.926,21,Sep 21mo | Mid rally 94% | Asymmetry 2%,MonthlyDoubleBottom+MonthlyStage2,Uptrend,True,False,Constructive,True,Stage2,3,Uptrend,Uptrend,170.81,258.24,131.8,145.19,793.88,1247.97,1961.82,1247.97,630.6,170.3,20.29,,2.08,0.35,13.49,31.0,,,0,none,10.96,,,8.17,,4.23,6.16,13.8,,,57.2,,,51.6,0.5,insufficient history,0.67,,1.73,,-134.41,-22.65,74.94,0.0,,0.97,0.0,3.14,-0.12,188.38,131.8,9.3,29.6,2.87,,1.55,0.15,3,14.0,24.11,12.0,3.0,53.1,WATCH ⭐⭐,Expected ~170% CAGR (2yr) | Profit CAGR 57% | Promoter 75% holding | PEG 0.35 — deeply undervalued | EV/EBITDA 13× below sector (25×) | MonthlyDoubleBottom forming (21mo base),Pattern still forming (not broken out),3-4 years,Medium-High,"yfinance, screener.in",70,34,,2026-07-25,2026-06-01,54,0.0,7,0.0
RPTECH,Rashi Peripherals Limited,Technology,Electronics & Computer Distribution,4840.0,Small-Cap,None,,0.0,0,,,Uptrend,True,False,Tight-Above-MAs,True,Downtrend,0,Uptrend,Uptrend,543.25,,,461.76,1350.17,1780.33,2347.54,1780.33,227.7,81.0,17.83,,2.39,0.56,12.56,27.0,100.0,,0,none,14.7,16.8,-2.57,3.0,-0.23,1.75,5.7,14.91,18.74,21.71,34.29,31.86,15.7,64.2,0.15,highly inconsistent earnings,0.49,,1.6,,-47.2,-0.98,64.04,0.03,,3.27,2.49,12.68,-4.77,812.85,275.6,33.2,97.1,86.99,,,0.87,4,21.0,14.0,10.0,8.0,53.0,WATCH ⭐⭐,Expected ~81% CAGR (2yr) | Revenue CAGR 19% | Profit CAGR 32% | Promoter 64% holding | FII buying +2.5% ↑ | Dividend growing 100%/yr,None identified,3-4 years,Medium-High,"yfinance, screener.in",100,28,,2026-07-25,2026-06-01,54,0.0,7,-3.0
PHOENIXLTD,The Phoenix Mills Limited,Real Estate,Real Estate - Diversified,74243.0,Large-Cap,MonthlyDoubleBottom,Forming,1.0,19,Sep 19mo | Mid rally 106% | Asymmetry 5%,MonthlyCupHandle+MonthlyDoubleBottom,Uptrend,True,False,Tight-Above-MAs,True,Stage2,3,Uptrend,Uptrend,1721.8,485.27,230.52,1463.53,766.08,1277.31,793.12,779.48,,,59.17,39.75,6.75,33.81,31.11,12.0,27.72,2024.05,21,buy,11.6,12.8,1.86,60.0,2.23,27.67,6.41,16.18,19.13,33.58,19.13,1.75,100.54,50.0,0.15,highly inconsistent earnings,0.37,,0.87,,1810.56,2.44,47.25,0.0,,31.73,-1.24,17.38,1.24,2169.8,1402.5,20.6,22.8,18.15,98.83,0.33,0.29,6,18.0,28.0,1.0,6.0,53.0,WATCH ⭐⭐,Revenue CAGR 19% | ROCE trend rising ↑ | OPM 60% | Piotroski F=6 (above average quality) | DII buying +1.2% ↑ | Dividend growing 28%/yr,High PE 59 | Earnings due 2026-07-23 | Pattern still forming (not broken out),3-4 years,Medium-High,"yfinance, screener.in",100,230,2026-07-23,2026-07-25,2026-06-01,54,0.0,7,0.0
DCBBANK,DCB Bank Limited,Financial Services,Banks - Regional,6117.0,Small-Cap,MonthlyDoubleBottom,Forming,1.0,22,Sep 22mo | Mid rally 152% | Asymmetry 1%,,Uptrend,True,False,Tight-Above-MAs,True,Stage2,12,Uptrend,Uptrend,188.67,72.77,28.63,160.37,554.52,468.26,711.83,628.27,148.2,57.5,8.33,5.59,0.94,0.63,,76.0,5.07,228.24,17,strong_buy,11.97,,,34.23,,24.44,0.89,12.4,,,13.3,,,16.1,0.5,insufficient history,,,,,,,16.22,-0.01,,13.48,0.84,32.28,-0.52,205.9,119.51,8.4,57.9,55.08,39.15,0.19,0.42,2,7.0,28.0,10.0,8.0,53.0,WATCH ⭐⭐,Expected ~58% CAGR (2yr) | OPM 34% | FII buying +0.8% ↑ | PEG 0.63 — undervalued | MonthlyDoubleBottom forming (22mo base) | Weekly uptrend,Pattern still forming (not broken out),3-4 years,Medium-High,"yfinance, screener.in",50,238,,2026-07-25,2026-06-01,54,6.6,7,3.0
SMSPHARMA,SMS Pharmaceuticals Limited,Healthcare,Drug Manufacturers - General,3631.0,Small-Cap,MonthlyDoubleBottom,Forming,1.0,9,Sep 9mo | Mid rally 126% | Asymmetry 1%,MonthlyCupHandle+MonthlyDoubleBottom,Uptrend,True,False,Tight-Above-MAs,True,Stage2,6,Uptrend,Uptrend,397.95,397.02,174.82,338.26,595.79,703.33,830.29,703.33,76.7,32.9,34.71,,4.62,1.92,22.55,10.0,10.06,,0,none,14.3,13.3,-0.34,19.0,-0.6,11.5,6.53,13.28,19.33,9.52,47.83,18.05,26.09,61.0,0.15,highly inconsistent earnings,0.47,,1.81,,-95.11,-2.62,68.07,0.0,,0.65,0.34,2.83,-0.19,447.8,207.99,11.1,91.3,69.15,186.71,0.35,0.3,4,14.0,27.0,4.0,8.0,53.0,WATCH ⭐⭐,Expected ~33% CAGR (2yr) | Revenue CAGR 19% | Promoter 68% holding | Margin compressing ↓ ⚠️ | Dividend growing 10%/yr | MonthlyDoubleBottom forming (9mo base),Margin compression ↓ | Pattern still forming (not broken out),3-4 years,Medium-High,"yfinance, screener.in",100,234,,2026-07-25,2026-06-01,54,-3.0,7,7.0
GPPL,Gujarat Pipavav Port Limited,Industrials,Marine Shipping,7313.0,Small-Cap,MonthlyDoubleBottom,Forming,0.689,35,Sep 35mo | Mid rally 76% | Asymmetry 7%,MonthlyDoubleBottom+MonthlyStage2,Downtrend,False,False,Below-MAs,False,Stage2,4,Uptrend,Uptrend,154.3,96.94,53.14,131.16,437.0,378.6,609.09,515.92,145.4,56.6,14.19,13.09,3.1,0.79,9.57,661.0,23.47,172.62,8,hold,21.2,28.0,2.71,61.0,0.77,44.47,12.22,17.21,8.09,9.58,29.72,18.06,18.33,26.6,0.15,highly inconsistent earnings,0.01,,2.54,,-52.68,-0.72,44.01,0.0,,22.05,-0.09,13.82,-1.14,200.09,141.55,22.9,9.0,10.53,8.6,0.21,0.43,5,26.0,12.77,11.0,3.0,52.8,WATCH ⭐⭐,Expected ~57% CAGR (2yr) | ROE 21% | ROCE 28% | ROCE trend rising ↑ | Nearly debt-free | OPM 61%,Pattern still forming (not broken out),3-4 years,Medium-High,"yfinance, screener.in",100,191,,2026-07-25,2026-06-01,54,1.4,7,-3.0
GRSE,Garden Reach Shipbuilders & Engineers Limited,Industrials,Aerospace & Defense,29568.0,Mid-Cap,MonthlyCupHandle,Forming,0.688,24,Cup 24mo | Depth 47% | Prior gain 124% | R²=0.96,,Sideways-Above-MA,True,False,Constructive,False,Stage2,4,Uptrend,Uptrend,2640.0,3226.54,1708.53,2244.0,2750.23,4744.55,4242.41,3415.79,79.7,34.1,42.92,30.73,11.26,1.77,32.96,104.0,4.87,3146.0,6,buy,31.79,,,16.15,,10.68,4.45,29.1,,,24.2,,,24.1,0.5,insufficient history,0.01,,1.23,,-291.49,-0.99,74.5,0.0,,3.21,-0.3,1.93,0.24,3339.0,1963.7,20.9,34.4,13.95,205.24,0.13,0.68,2,28.0,18.76,3.0,3.0,52.8,WATCH ⭐⭐,Expected ~34% CAGR (2yr) | Revenue CAGR 29% | Profit CAGR 24% | ROE 32% | Nearly debt-free | Promoter 74% holding,Pattern still forming (not broken out),3-4 years,Medium-High,"yfinance, screener.in",70,94,,2026-07-25,2026-06-01,54,-0.7,7,-1.6
SILVERTUC,Silver Touch Technologies Limited,Technology,Information Technology Services,2507.0,Small-Cap,MonthlyDoubleBottom,Forming,0.354,13,Sep 13mo | Mid rally 37% | Asymmetry 2%,,Sideways,False,False,Below-MAs,True,Downtrend,0,Uptrend,Uptrend,204.0,844.59,609.96,579.46,150.36,1079.22,353.18,230.44,429.0,130.0,69.87,,14.81,1.31,42.9,3.0,-20.63,,0,none,23.6,28.9,4.77,18.0,2.6,10.45,11.89,20.14,28.26,17.88,63.64,53.26,104.77,43.4,0.15,highly inconsistent earnings,0.2,,1.95,,7.3,0.29,74.66,0.04,,0.48,-0.66,0.0,0.0,1117.45,100.5,81.7,103.0,-69.78,337.87,0.41,0.46,7,40.0,9.75,3.0,0.0,52.8,WATCH ⭐⭐,Expected ~130% CAGR (2yr) | Revenue CAGR 28% | Profit CAGR 53% | ROE 24% | ROCE 29% | ROCE trend rising ↑,High PE 70 | Pattern still forming (not broken out),3-4 years,Medium-High,"yfinance, screener.in",100,104,,2026-07-25,2026-06-01,54,39.7,7,0.0
MWL,MANGALAM WORLDWIDE LTD,Basic Materials,Steel,1103.0,Small-Cap,MonthlyDoubleBottom,Forming,0.377,6,Sep 6mo | Mid rally 43% | Asymmetry 5%,,Uptrend,True,True,Tight-Above-MAs,True,Stage2,1,Uptrend,Uptrend,370.2,183.78,125.07,314.67,511.34,718.79,1010.41,718.79,94.2,39.3,21.98,,3.68,0.54,17.32,8.0,-41.52,,0,none,18.0,17.7,0.6,8.0,1.17,4.15,6.61,13.87,23.29,31.93,66.67,40.57,75.54,81.3,0.15,highly inconsistent earnings,1.6,,1.51,,-266.7,-24.17,66.5,0.0,,0.26,0.25,0.0,0.0,41.95,16.65,-782.5,2123.4,135.11,166.75,0.9,0.55,6,20.0,19.52,5.0,8.0,52.5,WATCH ⭐⭐,Expected ~39% CAGR (2yr) | Revenue CAGR 23% | Profit CAGR 41% | ROCE trend rising ↑ | Promoter 66% holding | Piotroski F=6 (above average quality),High D/E 1.6 | Pattern still forming (not broken out),3-4 years,Medium-High,"yfinance, screener.in",100,47,,2026-07-25,2026-06-01,54,0.0,7,-6.0
DHANUKA,Dhanuka Agritech Limited,Basic Materials,Agricultural Inputs,4535.0,Small-Cap,MonthlyDoubleBottom,Forming,1.0,24,Sep 24mo | Mid rally 117% | Asymmetry 4%,,Downtrend,False,False,Below-MAs,False,Stage2,1,Uptrend,Uptrend,1045.9,1975.0,889.6,889.02,1590.03,3060.4,2009.88,1787.67,192.6,71.1,15.97,13.07,2.73,1.29,10.71,20.0,0.0,1401.88,8,buy,22.0,28.3,-0.57,20.0,0.66,14.22,10.87,15.69,11.25,12.69,24.27,12.43,16.07,29.5,0.15,highly inconsistent earnings,0.02,,4.09,,112.15,2.47,69.72,0.0,,1.93,-0.21,19.43,0.65,1975.0,889.6,47.0,17.6,-33.73,8.18,0.16,0.3,6,27.0,16.5,9.0,0.0,52.5,WATCH ⭐⭐,Expected ~71% CAGR (2yr) | ROE 22% | ROCE 28% | Nearly debt-free | Promoter 70% holding | Piotroski F=6 (above average quality),Pattern still forming (not broken out),3-4 years,Medium-High,"yfinance, screener.in",100,182,,2026-07-25,2026-06-01,54,-11.5,7,0.0
NESCO,Nesco Limited,Industrials,Conglomerates,7708.0,Small-Cap,MonthlyStage2,Stage Change,1.0,24,10-EMA=1182 | 30-EMA=1046 | Above by 20.3% | MA turning=Yes,MonthlyDoubleBottom+MonthlyStage2,Sideways-Above-MA,True,False,Constructive,True,Stage2,4,Uptrend,Uptrend,1258.6,1045.86,865.55,1069.81,2360.22,2652.42,2980.79,2652.42,110.7,45.2,18.69,16.04,2.57,1.51,13.48,64.0,29.4,1316.0,1,none,14.8,18.5,0.94,53.0,-2.11,40.01,10.08,27.32,19.51,26.21,10.13,12.38,19.15,5.0,0.15,highly inconsistent earnings,0.09,,0.83,,68.46,0.89,68.54,0.0,,4.32,-0.31,4.12,0.28,1638.9,996.0,23.2,26.4,16.34,80.31,0.36,0.51,5,23.0,22.5,5.0,2.0,52.5,WATCH ⭐⭐,Expected ~45% CAGR (2yr) | Revenue CAGR 20% | ROCE trend rising ↑ | Nearly debt-free | Promoter 69% holding | OPM 53%,Margin compression ↓,3-4 years,Medium-High,"yfinance, screener.in",100,218,,2026-07-25,2026-06-01,54,0.0,7,0.0
SUBROS,Subros Limited,Consumer Cyclical,Auto Parts,5246.0,Small-Cap,MonthlyDoubleBottom,Forming,1.0,17,Sep 17mo | Mid rally 113% | Asymmetry 3%,MonthlyDoubleBottom+MonthlyStage2,Sideways-Above-MA,True,False,Below-MAs,True,Stage2,3,Uptrend,Uptrend,814.45,432.61,200.73,692.28,2335.18,2495.95,5339.96,3531.25,206.5,75.1,31.65,21.27,4.22,0.62,15.98,37.0,54.87,943.0,3,strong_buy,14.7,19.8,3.03,9.0,0.31,4.41,6.24,11.52,10.21,15.9,9.93,51.22,28.71,6.8,0.15,highly inconsistent earnings,0.06,,1.61,,-89.81,-1.71,36.79,0.0,,32.68,-0.11,10.7,-0.06,1213.7,622.1,32.9,30.9,-5.53,71.26,0.15,0.53,6,20.0,20.5,12.0,0.0,52.5,WATCH ⭐⭐,Expected ~75% CAGR (2yr) | Profit CAGR 51% | ROCE trend rising ↑ | Nearly debt-free | Piotroski F=6 (above average quality) | Dividend growing 55%/yr,Pattern still forming (not broken out),3-4 years,Medium-High,"yfinance, screener.in",100,253,,2026-07-25,2026-06-01,54,11.2,7,4.0
SBIN,State Bank of India,Financial Services,Banks - Regional,963953.0,Large-Cap,MonthlyDoubleBottom,Forming,1.0,24,Sep 24mo | Mid rally 179% | Asymmetry 8%,,Sideways-Above-MA,True,False,Tight-Above-MAs,True,Stage2,12,Uptrend,Uptrend,1032.0,190.51,65.77,877.2,2228.06,2010.58,2920.54,2550.91,94.8,39.6,11.45,10.23,1.62,0.79,,166.0,15.36,1200.08,38,strong_buy,15.4,6.13,,28.96,,22.11,1.11,5.02,13.64,13.11,7.63,14.49,29.4,0.2,0.4,lumpy earner,,,,,,,55.47,-0.05,,10.81,-0.6,26.52,0.41,1234.7,786.55,16.4,31.2,31.82,68.39,0.34,0.36,2,12.0,25.5,8.0,7.0,52.5,WATCH ⭐⭐,Expected ~40% CAGR (2yr) | Promoter 55% holding | OPM 29% | Dividend growing 15%/yr | PEG 0.79 — undervalued | MonthlyDoubleBottom forming (24mo base),Earnings due 2026-08-06 | Pattern still forming (not broken out),3-4 years,Medium-High,"yfinance, screener.in",80,367,2026-08-06,2026-07-25,2026-06-01,54,8.8,7,8.0
SHRADHA,Shradha Realty Limited,Real Estate,Real Estate - Development,218.0,Micro-Cap,MonthlyDoubleBottom,Forming,1.0,34,Sep 34mo | Mid rally 118% | Asymmetry 2%,,Sideways-Above-MA,True,False,Constructive,True,Stage2,3,Uptrend,Uptrend,42.64,14.85,6.75,36.24,219.0,282.33,363.98,282.33,562.1,157.3,9.04,,1.01,0.31,15.72,133.0,13.0,,0,none,11.9,10.7,2.29,22.0,19.71,22.95,3.12,9.35,9.14,159.2,36.36,28.92,71.88,108.2,0.15,highly inconsistent earnings,0.3,,4.28,,-93.56,-42.96,74.98,0.01,,,0.0,,,71.98,26.34,40.8,61.9,-28.03,131.69,0.6,0.66,4,18.0,22.5,12.0,0.0,52.5,WATCH ⭐⭐,Expected ~157% CAGR (2yr) | Profit CAGR 29% | ROCE trend rising ↑ | Promoter 75% holding | Dividend growing 13%/yr | PEG 0.31 — deeply undervalued,Pattern still forming (not broken out),3-4 years,Medium-High,"yfinance, screener.in",100,104,,2026-07-25,2026-06-01,54,19.2,4,10.0
BAJAJCON,Bajaj Consumer Care Limited,Consumer Defensive,Household & Personal Products,6866.0,Small-Cap,MonthlyDoubleBottom,Forming,0.911,24,Sep 24mo | Mid rally 95% | Asymmetry 4%,,Sideways-Above-MA,True,False,Constructive,False,Stage2,15,Uptrend,Uptrend,670.25,288.95,145.42,569.71,1003.45,957.92,1278.81,1132.79,42.9,19.5,31.25,23.22,9.32,2.42,24.46,0.0,-33.06,695.62,8,buy,24.7,30.0,-1.69,21.0,0.4,18.06,,6.44,8.01,7.1,17.37,12.89,5.58,86.5,0.15,highly inconsistent earnings,0.02,,,,,,42.97,0.0,,16.11,-0.48,14.91,0.64,692.0,220.1,3.1,204.5,186.82,145.0,0.3,0.87,1,20.0,21.43,4.0,7.0,52.4,WATCH ⭐⭐,Expected ~20% CAGR (2yr) | ROE 25% | ROCE 30% | Nearly debt-free | DII buying +0.6% ↑ | EV/EBITDA 24× vs sector 30×,Pattern still forming (not broken out),3-4 years,Medium-High,"yfinance, screener.in",80,192,,2026-07-25,2026-06-01,54,27.2,7,-10.0
INDIAMART,IndiaMART InterMESH Limited,Communication Services,Internet Content & Information,11487.0,Mid-Cap,MonthlyDoubleBottom,Forming,0.735,33,Sep 33mo | Mid rally 78% | Asymmetry 5%,,Downtrend,False,False,Below-MAs,False,Downtrend,0,Uptrend,Uptrend,1923.4,3241.48,1779.33,1690.36,2822.02,4703.63,3976.14,3349.74,144.5,56.4,24.27,18.44,4.78,1.3,16.1,157.0,81.71,2316.22,18,buy,20.7,28.0,-0.4,30.0,-3.11,30.25,7.16,13.04,16.79,18.55,-13.79,18.7,11.15,-72.2,0.15,highly inconsistent earnings,0.01,,2.34,,503.42,4.38,49.12,0.0,,19.17,0.89,13.54,-2.87,2685.0,1860.0,28.4,3.4,-25.04,-61.07,0.26,0.24,5,32.0,12.32,8.0,0.0,52.3,WATCH ⭐⭐,Expected ~56% CAGR (2yr) | Revenue CAGR 17% | ROE 21% | ROCE 28% | Nearly debt-free | OPM 30%,Margin compression ↓ | Earnings due 2026-07-21 | Pattern still forming (not broken out),3-4 years,Medium-High,"yfinance, screener.in",100,85,2026-07-21,2026-07-25,2026-06-01,54,-3.0,7,0.0
SOLEX,SOLEX ENERGY LIMITED,Technology,Solar,1063.0,Small-Cap,None,,0.0,0,,,Downtrend,False,False,Below-MAs,False,Downtrend,0,Uptrend,Uptrend,1010.5,,,858.92,9801.31,31331.83,100158.47,31331.83,3000.6,456.8,11.07,,4.2,0.05,6.98,6.0,66.11,,0,none,46.3,35.8,6.0,11.0,1.5,5.93,11.92,144.41,115.35,,127.91,219.67,,304.5,0.75,consistent growth,1.32,,1.23,,-25.69,-2.42,66.15,0.0,,0.07,-0.06,0.51,-0.3,1985.0,795.45,49.1,27.0,-17.03,65.87,,-0.24,5,37.0,2.0,13.0,0.0,52.0,WATCH ⭐⭐,Expected ~457% CAGR (2yr) | Revenue CAGR 115% | Profit CAGR 220% | ROE 46% | ROCE 36% | ROCE trend rising ↑,High D/E 1.3,3-4 years,Medium-High,"yfinance, screener.in",100,101,,2026-07-25,2026-06-01,54,-24.9,7,-16.0
RAMCOSYS,Ramco Systems Limited,Technology,Software - Application,2966.0,Small-Cap,MonthlyDoubleBottom,Forming,1.0,22,Sep 22mo | Mid rally 109% | Asymmetry 9%,,Sideways,False,False,Below-MAs,True,Downtrend,0,Uptrend,Uptrend,394.35,572.4,262.65,335.2,252.67,882.15,461.79,341.59,123.7,49.6,70.89,36.03,8.43,2.01,21.39,0.0,,610.0,1,strong_buy,18.0,19.3,0.49,23.0,0.34,5.97,5.13,18.61,12.53,2.29,223.53,35.19,30.73,371.8,0.2,multiple loss years in history,0.12,,1.02,,56.51,1.91,55.51,-0.18,,11.48,1.46,1.77,-0.26,967.5,342.1,59.2,15.3,4.31,31.78,0.23,0.54,6,30.0,18.0,2.0,2.0,52.0,WATCH ⭐⭐,Expected ~50% CAGR (2yr) | Profit CAGR 35% | ROCE trend rising ↑ | Low D/E 0.12 | Promoter 56% holding | Piotroski F=6 (above average quality),High PE 71 | Pattern still forming (not broken out),3-4 years,Medium-High,"yfinance, screener.in",100,286,,2026-07-25,2026-06-01,54,0.0,7,-8.0
KRISHANA,Krishana Phoschem Limited,Basic Materials,Agricultural Inputs,4342.0,Small-Cap,None,,0.0,0,,,Uptrend,True,False,Tight-Above-MAs,True,Stage2,1,Uptrend,Uptrend,681.7,,,579.45,938.21,1440.16,2210.65,1440.16,111.3,45.3,24.09,,7.74,0.45,15.19,7.0,25.99,,0,none,,,,14.13,,7.7,,34.6,,,53.5,,,54.0,0.5,insufficient history,1.31,,,,,,72.93,-0.01,,0.37,0.11,0.03,0.03,152.3,86.2,-347.6,690.8,44.43,185.63,,0.03,1,22.0,15.0,7.0,8.0,52.0,WATCH ⭐⭐,Expected ~45% CAGR (2yr) | Revenue CAGR 35% | Profit CAGR 54% | Promoter 73% holding | Dividend growing 26%/yr | PEG 0.45 — deeply undervalued,High D/E 1.3,3-4 years,Medium-High,"yfinance, screener.in",50,112,,2026-07-25,2026-06-01,54,0.0,7,-4.0
CANTABIL,Cantabil Retail India Limited,Consumer Cyclical,Apparel Manufacturing,2129.0,Small-Cap,MonthlyDoubleBottom,Forming,0.582,18,Sep 18mo | Mid rally 59% | Asymmetry 1%,MonthlyDoubleBottom+MonthlyStage2,Sideways,False,False,Below-MAs,True,Stage2,3,Uptrend,Uptrend,251.22,331.82,208.5,213.54,737.73,960.52,1250.6,960.52,282.3,95.5,22.21,,4.45,0.74,10.01,59.0,-5.9,,0,none,21.98,,,19.47,,11.23,9.84,15.7,,,30.2,,,29.8,0.5,insufficient history,1.14,,2.42,,52.73,2.48,74.46,0.0,,2.16,0.0,0.21,-0.82,321.5,208.5,21.9,20.5,1.17,-1.86,1.39,-0.21,5,26.0,13.98,10.0,2.0,52.0,WATCH ⭐⭐,Expected ~96% CAGR (2yr) | Revenue CAGR 16% | Profit CAGR 30% | ROE 22% | Promoter 74% holding | Piotroski F=5 (above average quality),High D/E 1.1 | Pattern still forming (not broken out),3-4 years,Medium-High,"yfinance, screener.in",70,190,,2026-07-25,2026-06-01,54,13.1,7,6.3
AEROFLEX,Aeroflex Industries Limited,Industrials,Metal Fabrication,5434.0,Small-Cap,MonthlyStage2,Stage Change,1.0,24,10-EMA=315 | 30-EMA=235 | Above by 75.9% | MA turning=Yes,MonthlyDoubleBottom+MonthlyStage2,Sideways-Above-MA,True,False,Constructive,False,Stage2,4,Uptrend,Uptrend,413.55,235.12,165.64,351.52,190.64,304.6,289.02,234.73,,,96.16,45.12,12.15,4.16,55.43,10.0,33.33,410.0,1,none,14.1,18.9,-1.14,23.0,1.09,12.56,9.29,17.55,18.0,25.14,5.66,23.13,56.32,57.0,0.15,highly inconsistent earnings,0.02,,2.92,,-14.26,-0.26,65.47,0.0,,3.61,2.12,1.48,-2.32,521.9,158.0,20.8,161.7,143.57,128.37,0.4,0.77,5,23.0,22.5,-1.0,7.0,51.5,WATCH ⭐⭐,Revenue CAGR 18% | Profit CAGR 23% | Nearly debt-free | Promoter 65% holding | Piotroski F=5 (above average quality) | FII buying +2.1% ↑,High PE 96,3-4 years,Medium-High,"yfinance, screener.in",100,36,,2026-07-25,2026-06-01,54,8.3,7,-7.5
NAZARA,Nazara Technologies Limited,Communication Services,Electronic Gaming & Multimedia,11286.0,Mid-Cap,MonthlyStage2,Stage Change,1.0,24,10-EMA=270 | 30-EMA=250 | Above by 17.8% | MA turning=Yes,MonthlyDoubleBottom+MonthlyStage2,Sideways-Above-MA,True,False,Constructive,True,Downtrend,0,Uptrend,Uptrend,294.95,250.43,217.27,250.71,872.19,696.76,1062.26,962.54,136.2,53.7,11.2,41.17,3.85,1.08,50.71,0.0,,298.1,10,buy,30.5,27.2,3.11,-2.0,-2.17,5.24,0.34,12.62,18.79,32.14,60.78,10.36,42.41,79471.4,0.15,highly inconsistent earnings,0.06,,2.05,,157.84,1.4,35.45,0.0,,13.3,1.32,2.16,-1.46,363.25,215.7,18.8,36.7,-1.43,40.11,1.27,0.07,6,25.0,21.5,4.0,1.0,51.5,WATCH ⭐⭐,Expected ~54% CAGR (2yr) | Revenue CAGR 19% | ROE 30% | ROCE 27% | ROCE trend rising ↑ | Nearly debt-free,Margin compression ↓,3-4 years,Medium-High,"yfinance, screener.in",100,63,,2026-07-25,2026-06-01,54,0.0,7,-2.0
GRINDWELL,Grindwell Norton Limited,Industrials,Building Products & Equipment,23104.0,Mid-Cap,MonthlyDoubleBottom,Forming,1.0,33,Sep 33mo | Mid rally 112% | Asymmetry 5%,MonthlyCupHandle+MonthlyDoubleBottom+MonthlyStage2,Uptrend,True,False,Tight-Above-MAs,True,Stage2,4,Uptrend,Uptrend,2052.3,2913.24,1342.7,1744.46,1061.65,4483.78,1166.68,1112.92,118.5,47.8,55.56,42.1,9.11,11.5,38.84,91.0,9.43,1995.67,3,buy,16.2,21.2,-0.8,19.0,-0.34,13.53,9.35,9.28,6.54,13.41,12.4,4.83,11.87,28.8,0.15,highly inconsistent earnings,0.02,,2.81,,375.83,1.63,58.04,0.0,,5.21,-0.35,19.59,0.41,2455.0,1329.0,16.4,54.4,32.16,-33.53,0.9,0.51,4,17.0,28.5,-1.0,7.0,51.5,WATCH ⭐⭐,Expected ~48% CAGR (2yr) | ROCE 21% | Nearly debt-free | Promoter 58% holding | MonthlyDoubleBottom forming (33mo base) | Weekly uptrend,High PE 56 | Earnings due 2026-07-24 | Pattern still forming (not broken out),3-4 years,Medium-High,"yfinance, screener.in",100,239,2026-07-24,2026-07-25,2026-06-01,54,9.3,7,1.0
MOTILALOFS,Motilal Oswal Financial Services Limited,Financial Services,Capital Markets,58234.0,Large-Cap,MonthlyDoubleBottom,Forming,1.0,40,Sep 40mo | Mid rally 267% | Asymmetry 2%,MonthlyDoubleBottom+MonthlyStage2,Sideways-Above-MA,True,False,Below-MAs,True,Stage2,12,Uptrend,Uptrend,850.95,1525.03,411.93,723.31,729.67,2638.13,1159.15,919.67,210.0,76.1,31.75,16.15,4.52,1.22,,114.0,33.89,1113.0,5,none,15.5,12.7,-1.06,41.0,-1.26,23.22,4.83,12.48,30.95,20.94,-25.36,26.04,8.15,,0.15,highly inconsistent earnings,1.66,,1.15,,,,67.2,-0.34,,6.86,-0.17,6.78,0.76,1097.1,614.9,22.4,38.4,6.31,-2.89,0.5,0.2,2,20.0,21.5,7.0,3.0,51.5,WATCH ⭐⭐,Expected ~76% CAGR (2yr) | Revenue CAGR 31% | Profit CAGR 26% | Promoter 67% holding | OPM 41% | Margin compressing ↓ ⚠️,High D/E 1.7 | Margin compression ↓ | Pattern still forming (not broken out),3-4 years,Medium-High,"yfinance, screener.in",90,225,,2026-07-25,2026-06-01,54,0.0,7,2.0
SAREGAMA,Saregama India Limited,Communication Services,Entertainment,9499.0,Mid-Cap,MonthlyStage2,Stage Change,1.0,24,10-EMA=423 | 30-EMA=422 | Above by 15.4% | MA turning=No,MonthlyDoubleBottom+MonthlyStage2,Uptrend,True,False,Uptrend,True,Downtrend,0,Uptrend,Uptrend,487.15,422.25,319.3,414.08,293.97,525.2,315.82,304.7,7.8,3.8,46.08,32.37,5.71,12.62,28.28,182.0,44.22,509.5,4,buy,13.0,17.8,-2.83,34.0,-0.2,21.03,7.22,-15.88,10.15,17.38,0.98,3.65,12.76,25.4,0.15,highly inconsistent earnings,0.04,,1.75,,403.43,4.25,60.84,0.0,,11.5,-0.68,8.6,1.5,517.7,307.05,5.9,58.7,3.0,0.72,0.15,0.59,4,21.0,25.5,0.0,5.0,51.5,WATCH ⭐⭐,Expected ~4% CAGR (2yr) | Nearly debt-free | Promoter 61% holding | OPM 34% | FCF yield 4.2% | DII buying +1.5% ↑,None identified,3-4 years,Medium-High,"yfinance, screener.in",100,289,,2026-07-25,2026-06-01,54,23.5,7,4.5
KPITTECH,KPIT Technologies Limited,Technology,Software - Infrastructure,15083.0,Mid-Cap,MonthlyDoubleBottom,Forming,0.447,10,Sep 10mo | Mid rally 48% | Asymmetry 3%,,Sideways,False,False,Below-MAs,True,Downtrend,0,Uptrend,Uptrend,743.7,1906.37,1271.82,1208.23,1239.15,2540.92,1727.44,1463.06,241.7,84.8,23.81,16.18,4.26,1.32,10.8,149.0,-18.13,732.43,21,hold,21.0,26.3,3.31,19.0,0.86,9.87,10.63,10.49,24.25,25.96,-24.17,18.07,34.08,-33.4,0.15,highly inconsistent earnings,0.24,,1.03,,1172.31,7.77,38.59,-0.82,,13.22,-0.03,23.6,-1.05,1328.0,543.0,44.0,37.0,-32.77,-53.43,1.77,-0.04,6,33.0,10.36,8.0,0.0,51.4,WATCH ⭐⭐,Expected ~85% CAGR (2yr) | Revenue CAGR 24% | ROE 21% | ROCE 26% | ROCE trend rising ↑ | Low D/E 0.24,Earnings due 2026-07-29 | Pattern still forming (not broken out),3-4 years,Medium-High,"yfinance, screener.in",100,86,2026-07-29,2026-07-25,2026-06-01,54,0.0,7,2.0
PANSARI,Pansari Developers Limited,Real Estate,Real Estate - Development,629.0,Small-Cap,MonthlyDoubleBottom,Forming,0.963,14,Sep 14mo | Mid rally 106% | Asymmetry 10%,,Downtrend,False,False,Below-MAs,False,Stage2,3,Uptrend,Uptrend,258.45,152.0,70.2,219.68,633.61,1365.06,2940.88,1365.06,428.2,129.8,31.64,,4.08,0.27,44.59,0.0,,,0,none,13.8,12.5,1.11,15.0,0.0,20.7,1.73,140.0,61.01,21.67,150.0,115.44,37.97,53.1,0.15,highly inconsistent earnings,0.65,,1.15,,-12.13,-1.93,73.88,0.0,,,,,,388.9,230.79,33.5,12.0,26.23,174.7,0.88,-0.44,3,23.0,15.06,7.0,6.0,51.1,WATCH ⭐⭐,Expected ~130% CAGR (2yr) | Revenue CAGR 61% | Profit CAGR 115% | ROCE trend rising ↑ | Promoter 74% holding | PEG 0.27 — deeply undervalued,Pattern still forming (not broken out),3-4 years,Medium-High,"yfinance, screener.in",100,111,,2026-07-25,2026-06-01,54,0.0,7,-5.0
ABSLAMC,,Financial Services,Asset Management,0.0,Micro-Cap,None,,0.0,0,,,Sideways-Above-MA,True,False,Constructive,False,Stage2,12,Uptrend,Uptrend,1146.6,,,974.61,854.98,1007.42,1187.05,1007.42,,,34.13,26.02,,1.91,22.83,222.0,60.09,,0,none,25.2,32.2,-2.57,64.0,0.43,47.41,18.67,3.73,15.08,11.33,4.73,17.83,13.14,-18.0,0.15,highly inconsistent earnings,0.02,,17.47,,823.49,,74.72,-0.1,,4.41,-1.34,14.26,2.71,1224.9,708.0,6.4,61.9,38.2,186.03,,0.33,6,33.0,9.0,1.0,8.0,51.0,WATCH ⭐⭐,Revenue CAGR 15% | ROE 25% | ROCE 32% | Nearly debt-free | Promoter 75% holding | OPM 64%,None identified,3-4 years,Medium-High,"yfinance, screener.in",90,58,,2026-07-25,2026-06-01,54,10.6,7,-4.0
SARDAEN,Sarda Energy & Minerals Limited,Basic Materials,Steel,17601.0,Mid-Cap,MonthlyDoubleBottom,Forming,1.0,20,Sep 20mo | Mid rally 119% | Asymmetry 0%,,Downtrend,False,False,Below-MAs,False,Stage2,1,Uptrend,Uptrend,495.8,12.83,5.84,421.43,823.57,1008.46,1234.85,1008.46,103.4,42.6,15.92,10.55,2.39,0.71,10.06,30.0,25.99,,0,none,16.1,17.4,-1.03,31.0,0.2,19.43,8.41,22.55,10.55,20.94,57.98,22.45,24.15,45.9,0.15,highly inconsistent earnings,0.35,,4.5,,582.53,3.31,73.16,0.0,,3.51,0.01,3.47,0.15,639.75,429.3,22.5,15.5,-16.03,100.82,0.13,0.41,6,26.0,16.0,8.0,1.0,51.0,WATCH ⭐⭐,Expected ~43% CAGR (2yr) | Profit CAGR 22% | Promoter 73% holding | OPM 31% | FCF yield 3.3% | Piotroski F=6 (above average quality),Pattern still forming (not broken out),3-4 years,Medium-High,"yfinance, screener.in",100,200,,2026-07-25,2026-06-01,54,-7.8,7,-4.0
RISHABH,Rishabh Instruments Limited,Technology,Scientific & Technical Instruments,2537.0,Small-Cap,MonthlyStage2,Breaking Out,1.0,24,10-EMA=417 | 30-EMA=404 | Above by 31.0% | MA turning=Yes,,Uptrend,True,True,Uptrend,True,Downtrend,0,Uptrend,Uptrend,529.2,403.96,209.95,449.82,673.09,793.77,936.1,793.77,50.0,22.5,31.15,20.83,3.39,1.74,19.07,30.0,,630.0,1,none,12.0,14.5,-0.69,16.0,-0.71,10.52,6.19,7.64,10.78,14.72,290.48,17.93,17.9,219.4,0.15,highly inconsistent earnings,0.11,,3.02,,-557.75,-21.99,69.4,-0.15,,1.17,1.07,11.21,-0.51,692.8,272.3,23.6,94.3,87.26,,1.75,1.09,4,12.0,27.0,4.0,8.0,51.0,WATCH ⭐⭐,Expected ~22% CAGR (2yr) | Low D/E 0.11 | Promoter 69% holding | Margin compressing ↓ ⚠️ | FII buying +1.1% ↑ | MonthlyStage2 — Breaking Out,Margin compression ↓,3-4 years,Medium-High,"yfinance, screener.in",100,33,,2026-07-25,2026-06-01,54,0.0,7,-2.0
PIDILITIND,Pidilite Industries Limited,Basic Materials,Specialty Chemicals,159396.0,Large-Cap,MonthlyDoubleBottom,Forming,0.288,29,Sep 29mo | Mid rally 33% | Asymmetry 4%,MonthlyDoubleBottom+MonthlyStage2,Sideways,False,False,Below-MAs,True,Stage2,1,Uptrend,Uptrend,1455.8,1695.86,1252.42,1237.43,597.61,2139.3,922.14,742.35,47.0,21.2,65.36,51.51,14.71,2.7,45.34,73.0,25.99,1652.9,21,buy,23.9,31.0,1.03,24.0,0.63,16.77,13.35,11.12,7.36,14.89,17.89,24.22,17.02,37.2,0.4,lumpy earner,0.04,,2.38,,1842.11,1.16,69.32,0.0,,11.75,-0.26,9.56,0.35,1626.7,1259.0,10.5,15.6,3.7,-8.79,1.29,0.36,6,35.0,10.96,0.0,5.0,51.0,WATCH ⭐⭐,Expected ~21% CAGR (2yr) | Profit CAGR 24% | ROE 24% | ROCE 31% | ROCE trend rising ↑ | Nearly debt-free,High PE 65 | Earnings due 2026-08-04 | Pattern still forming (not broken out),3-4 years,Medium-High,"yfinance, screener.in",100,287,2026-08-04,2026-07-25,2026-06-01,54,0.0,7,2.0
SHRIPISTON,SPR Auto Technologies Limited,Consumer Cyclical,Auto Parts,18368.0,Mid-Cap,None,,0.0,0,,,Uptrend,True,False,Tight-Above-MAs,True,Stage2,3,Uptrend,Uptrend,4240.5,,,3604.42,7442.74,9231.23,11449.5,9231.23,117.7,47.5,33.22,21.82,6.33,1.38,,24.0,-12.64,4850.0,1,none,21.4,20.8,2.29,20.0,1.37,8.02,,25.61,19.56,22.8,8.72,24.03,44.52,-50.6,0.4,lumpy earner,,,1.94,,,,43.75,0.0,,7.65,1.03,12.89,-0.25,4421.5,2301.2,4.1,84.3,69.95,270.38,,,4,24.0,15.0,4.0,8.0,51.0,WATCH ⭐⭐,Expected ~48% CAGR (2yr) | Revenue CAGR 20% | Profit CAGR 24% | ROE 21% | ROCE 21% | ROCE trend rising ↑,None identified,3-4 years,Medium-High,"yfinance, screener.in",70,122,,2026-07-25,2026-06-01,54,27.9,7,3.0
SIGMA,Sigma Solve Limited,Technology,Information Technology Services,384.0,Micro-Cap,MonthlyDoubleBottom,Forming,0.616,13,Sep 13mo | Mid rally 71% | Asymmetry 9%,,Downtrend,False,False,Below-MAs,False,Downtrend,0,Uptrend,Uptrend,37.88,307.38,171.56,162.98,77.72,443.2,94.15,85.54,1070.0,242.1,16.11,,5.0,1.6,13.36,13.0,35.72,,0,none,37.8,48.3,0.66,30.0,-1.14,24.97,22.7,26.32,19.68,35.52,26.32,10.06,36.85,-21.4,0.15,highly inconsistent earnings,0.03,,5.24,,17.02,4.43,73.21,0.0,,0.0,0.0,0.02,0.02,65.5,35.46,42.2,6.8,-4.74,-116.73,0.11,0.14,6,35.0,9.89,6.0,0.0,50.9,WATCH ⭐⭐,Expected ~242% CAGR (2yr) | Revenue CAGR 20% | ROE 38% | ROCE 48% | ROCE trend rising ↑ | Nearly debt-free,Margin compression ↓ | Pattern still forming (not broken out),3-4 years,Medium-High,"yfinance, screener.in",100,69,,2026-07-25,2026-06-01,54,-7.9,7,-1.0
KANPRPLA,Kanpur Plastipack Limited,Consumer Cyclical,Packaging & Containers,488.0,Micro-Cap,MonthlyDoubleBottom,Forming,0.69,16,Sep 16mo | Mid rally 75% | Asymmetry 6%,,Downtrend,False,False,Below-MAs,True,Stage2,3,Uptrend,Uptrend,193.47,148.82,82.49,164.45,2158.02,4610.18,9848.73,4610.18,2282.9,388.1,11.49,,1.79,0.1,9.06,60.0,-9.14,,0,none,14.9,17.0,-0.63,9.0,-0.46,5.5,6.93,27.53,14.68,9.75,254.55,113.63,5.39,400.0,0.15,highly inconsistent earnings,0.42,,1.74,,16.43,3.37,68.03,-0.09,,0.02,0.02,1.4,-0.08,247.0,151.25,21.7,27.9,1.04,62.85,0.6,0.48,5,25.0,11.78,12.0,2.0,50.8,WATCH ⭐⭐,Expected ~388% CAGR (2yr) | Profit CAGR 114% | Promoter 68% holding | FCF yield 3.4% | Piotroski F=5 (above average quality) | PEG 0.10 — deeply undervalued,Pattern still forming (not broken out),3-4 years,Medium-High,"yfinance, screener.in",100,65,,2026-07-25,2026-06-01,54,0.0,7,1.0
ANUP,The Anup Engineering Limited,Industrials,Specialty Industrial Machinery,4339.0,Small-Cap,MonthlyStage2,Stage Change,0.344,24,10-EMA=2105 | 30-EMA=2062 | Above by 5.2% | MA turning=Yes,,Uptrend,True,False,Tight-Above-MAs,True,Stage2,4,Uptrend,Uptrend,2168.6,2062.09,1571.2,1843.31,2369.07,2867.99,3471.99,2867.99,32.3,15.0,39.37,29.86,6.28,1.87,25.48,78.0,61.98,2532.5,2,buy,17.1,20.7,0.6,21.0,-1.31,13.43,9.64,12.14,41.85,27.39,-6.78,21.06,20.67,-15.8,0.15,highly inconsistent earnings,0.16,,2.47,,-75.39,-1.74,40.92,0.0,,3.18,-0.85,16.41,0.3,2815.1,1422.3,23.0,52.5,-0.54,72.66,0.24,-0.07,5,27.0,20.63,2.0,1.0,50.6,WATCH ⭐⭐,Expected ~15% CAGR (2yr) | Revenue CAGR 42% | Profit CAGR 21% | ROCE 21% | ROCE trend rising ↑ | Low D/E 0.16,Margin compression ↓,3-4 years,Medium-High,"yfinance, screener.in",100,89,,2026-07-25,2026-07-01,24,14.1,3,10.6
RESPONIND,Responsive Industries Limited,Basic Materials,Specialty Chemicals,5881.0,Small-Cap,MonthlyDoubleBottom,Forming,1.0,42,Sep 42mo | Mid rally 183% | Asymmetry 1%,,Sideways-Above-MA,True,True,Constructive,True,Stage2,1,Uptrend,Uptrend,165.42,206.53,72.68,140.61,165.14,340.38,555.35,302.84,105.8,43.4,39.68,,3.76,0.48,24.94,5.0,0.0,,0,none,10.3,10.8,2.2,17.0,1.26,10.65,5.94,-1.69,12.69,13.02,-25.63,83.38,43.88,-57.9,0.15,highly inconsistent earnings,0.12,,6.16,,-50.99,-0.87,59.14,0.0,,7.48,-24.72,3.22,0.0,246.9,117.25,33.0,41.1,-22.45,-21.08,2.03,0.7,6,19.0,22.5,7.0,2.0,50.5,WATCH ⭐⭐,Expected ~43% CAGR (2yr) | Profit CAGR 83% | ROCE trend rising ↑ | Low D/E 0.12 | Promoter 59% holding | Piotroski F=6 (above average quality),Pattern still forming (not broken out),3-4 years,Medium-High,"yfinance, screener.in",100,188,,2026-07-25,2026-06-01,54,0.0,7,-1.0
CARYSIL,Carysil Limited,Consumer Cyclical,"Furnishings, Fixtures & Appliances",3329.0,Small-Cap,MonthlyStage2,Stage Change,1.0,24,10-EMA=990 | 30-EMA=859 | Above by 36.6% | MA turning=Yes,MonthlyCupHandle+MonthlyDoubleBottom+MonthlyStage2,Sideways-Above-MA,True,False,Constructive,False,Stage2,3,Uptrend,Uptrend,1173.1,858.61,513.87,997.13,1985.48,2445.32,3011.66,2445.32,108.4,44.4,33.9,23.76,5.48,1.46,20.1,21.0,0.0,1270.5,2,strong_buy,17.4,17.8,-1.63,19.0,-0.83,10.63,8.48,13.24,15.87,24.41,54.69,23.16,20.48,48.6,0.15,highly inconsistent earnings,0.46,,1.44,,-36.46,-1.1,41.34,0.0,,1.63,0.04,11.91,0.17,1280.9,732.1,8.4,60.2,37.7,59.51,0.24,0.55,3,13.0,22.5,7.0,8.0,50.5,WATCH ⭐⭐,Expected ~44% CAGR (2yr) | Revenue CAGR 16% | Profit CAGR 23% | Margin compressing ↓ ⚠️ | PEG 1.46 — fair value | EV/EBITDA 20× vs sector 25×,Margin compression ↓,3-4 years,Medium-High,"yfinance, screener.in",100,67,,2026-07-25,2026-06-01,54,27.6,7,0.0
XCHANGING,Xchanging Solutions Limited,Technology,Information Technology Services,731.0,Small-Cap,MonthlyDoubleBottom,Forming,1.0,32,Sep 32mo | Mid rally 210% | Asymmetry 1%,,Sideways,False,False,Below-MAs,True,Downtrend,0,Uptrend,Uptrend,65.25,80.36,25.74,55.46,172.67,188.99,206.85,188.99,189.6,70.2,12.29,,1.84,1.3,7.15,305.0,-89.47,,0,none,15.8,18.0,1.23,34.0,0.66,29.3,8.34,9.73,5.27,0.7,18.0,9.45,-0.99,10.9,0.15,highly inconsistent earnings,0.18,,4.97,,29.48,4.03,75.0,0.0,,0.11,0.1,0.29,0.0,103.0,47.5,36.7,37.4,-23.06,-42.71,0.24,0.59,6,24.0,18.5,8.0,0.0,50.5,WATCH ⭐⭐,Expected ~70% CAGR (2yr) | ROCE trend rising ↑ | Low D/E 0.18 | Promoter 75% holding | OPM 34% | FCF yield 4.0%,Pattern still forming (not broken out),3-4 years,Medium-High,"yfinance, screener.in",100,257,,2026-07-25,2026-06-01,54,-2.1,7,0.0
SBCL,Shivalik Bimetal Controls Limited,Industrials,Metal Fabrication,4247.0,Small-Cap,MonthlyStage2,Stage Change,1.0,24,10-EMA=599 | 30-EMA=529 | Above by 39.8% | MA turning=Yes,MonthlyDoubleBottom+MonthlyStage2,Uptrend,True,False,Uptrend,True,Stage2,4,Uptrend,Uptrend,740.0,529.49,387.85,629.0,505.9,671.13,576.07,539.85,,,44.26,29.49,8.79,6.6,32.1,54.0,18.56,777.0,1,strong_buy,21.8,26.8,-0.43,23.0,0.4,16.79,12.78,12.4,6.7,22.86,24.68,6.71,30.88,23.7,0.15,highly inconsistent earnings,0.15,,3.47,,-2.47,-0.06,33.36,0.18,,1.73,-0.86,20.0,0.29,814.0,368.6,9.1,100.8,53.79,1.9,1.16,0.57,4,17.0,26.5,-1.0,8.0,50.5,WATCH ⭐⭐,ROE 22% | ROCE 27% | Low D/E 0.15 | Dividend growing 19%/yr | MonthlyStage2 forming (24mo base) | Weekly uptrend,None identified,3-4 years,Medium-High,"yfinance, screener.in",100,62,,2026-07-25,2026-06-01,54,16.9,7,2.0
TECHNOE,Techno Electric & Engineering Company Limited,Industrials,Engineering & Construction,12027.0,Mid-Cap,MonthlyDoubleBottom,Forming,1.0,34,Sep 34mo | Mid rally 107% | Asymmetry 4%,,Downtrend,False,False,Below-MAs,False,Stage2,4,Uptrend,Uptrend,1052.9,409.79,194.21,894.97,1927.67,2161.02,3583.79,2628.37,105.2,43.3,26.81,16.63,2.89,0.74,21.14,87.0,65.1,1460.0,3,none,11.4,14.8,0.6,14.0,-1.43,14.57,5.06,43.32,57.65,29.76,12.06,36.35,21.1,-15.0,0.15,highly inconsistent earnings,0.02,,4.06,,-870.88,-7.24,56.93,0.0,,8.08,-0.57,21.61,-1.11,1575.0,870.0,33.1,21.0,-29.06,75.63,0.24,0.77,4,25.0,16.5,9.0,0.0,50.5,WATCH ⭐⭐,Expected ~43% CAGR (2yr) | Revenue CAGR 58% | Profit CAGR 36% | ROCE trend rising ↑ | Nearly debt-free | Promoter 57% holding,Margin compression ↓ | Pattern still forming (not broken out),3-4 years,Medium-High,"yfinance, screener.in",100,232,,2026-07-25,2026-06-01,54,-11.8,7,3.0
TANLA,Tanla Platforms Limited,Technology,Software - Application,7726.0,Small-Cap,MonthlyDoubleBottom,Forming,1.0,33,Sep 33mo | Mid rally 174% | Asymmetry 9%,,Uptrend,True,False,Uptrend,True,Downtrend,0,Uptrend,Uptrend,568.5,1955.0,684.52,650.29,1054.33,3225.48,1148.05,1100.19,467.4,138.2,15.29,13.06,3.12,3.52,10.48,205.0,14.47,581.5,2,hold,21.4,26.3,-6.29,16.0,-0.83,11.53,10.8,9.68,9.61,13.54,0.39,4.35,7.41,14.5,0.15,highly inconsistent earnings,0.02,,2.3,,366.23,4.74,46.17,0.0,,7.63,0.03,0.38,0.1,766.0,365.9,25.8,55.4,-5.17,-63.9,0.27,0.66,4,20.0,25.5,4.0,1.0,50.5,WATCH ⭐⭐,Expected ~138% CAGR (2yr) | ROE 21% | ROCE 26% | Nearly debt-free | Margin compressing ↓ ⚠️ | FCF yield 4.7%,Margin compression ↓ | Earnings due 2026-07-22 | Pattern still forming (not broken out),3-4 years,Medium-High,"yfinance, screener.in",100,235,2026-07-22,2026-07-25,2026-06-01,54,8.6,7,6.0
CDSL,Central Depository Services (India) Limited,Financial Services,Capital Markets,29640.0,Mid-Cap,MonthlyStage2,Stage Change,0.92,24,10-EMA=1344 | 30-EMA=1258 | Above by 13.8% | MA turning=Yes,MonthlyDoubleBottom+MonthlyStage2,Sideways,False,False,Below-MAs,True,Stage2,12,Uptrend,Uptrend,1431.9,1258.26,1098.94,1217.12,562.65,1417.58,785.17,664.66,,,64.94,46.66,15.12,3.58,44.4,90.0,16.81,1292.4,15,hold,24.5,32.0,0.6,51.0,-2.17,36.92,16.64,5.82,27.3,27.19,-13.5,18.13,17.75,-20.0,0.15,highly inconsistent earnings,0.0,,2.92,,260.19,0.88,15.0,0.0,,11.36,-1.04,14.42,-0.7,1753.9,1116.3,18.4,28.3,2.25,133.8,0.69,0.21,6,31.0,18.54,-1.0,2.0,50.5,WATCH ⭐⭐,Revenue CAGR 27% | ROE 24% | ROCE 32% | ROCE trend rising ↑ | Nearly debt-free | OPM 51%,High PE 65 | Margin compression ↓,3-4 years,Medium-High,"yfinance, screener.in",100,110,,2026-07-25,2026-06-01,54,18.4,7,8.4
GRAVITA,Gravita India Limited,Industrials,Metal Fabrication,13243.0,Mid-Cap,MonthlyStage2,Stage Change,1.0,24,10-EMA=1676 | 30-EMA=1550 | Above by 19.7% | MA turning=Yes,MonthlyDoubleBottom+MonthlyStage2,Uptrend,True,False,Uptrend,True,Stage2,4,Uptrend,Uptrend,1854.6,1549.53,1318.1,1576.41,2345.41,2562.88,3538.57,2880.87,38.2,17.6,34.97,23.1,5.4,1.53,26.17,64.0,28.4,2085.89,9,strong_buy,16.8,17.0,-1.46,10.0,0.03,8.88,9.97,10.24,15.05,24.78,20.77,22.83,45.99,-3.4,0.15,highly inconsistent earnings,0.3,,2.91,,-231.15,-1.75,55.88,0.0,,13.94,-1.81,5.15,0.44,1949.0,1266.9,4.8,46.4,15.4,114.92,0.84,0.27,5,17.0,26.5,3.0,4.0,50.5,WATCH ⭐⭐,Expected ~18% CAGR (2yr) | Revenue CAGR 15% | Profit CAGR 23% | Low D/E 0.30 | Promoter 56% holding | Piotroski F=5 (above average quality),None identified,3-4 years,Medium-High,"yfinance, screener.in",100,189,,2026-07-25,2026-06-01,54,14.4,7,12.8
TBOTEK,TBO TEK LIMITED,Consumer Cyclical,Travel Services,15580.0,Mid-Cap,MonthlyDoubleBottom,Forming,0.756,11,Sep 11mo | Mid rally 76% | Asymmetry 1%,,Sideways-Above-MA,True,False,Constructive,True,Stage2,3,Uptrend,Uptrend,1457.3,1764.8,996.0,1238.7,1183.37,2533.6,1651.35,1397.91,73.9,31.9,64.1,31.43,10.06,3.54,39.15,0.0,,1736.09,11,strong_buy,17.6,18.0,2.91,14.0,4.94,9.12,2.35,54.12,35.97,79.92,6.09,18.13,27.3,2.0,0.15,highly inconsistent earnings,0.49,,1.08,,961.73,6.17,44.4,0.0,,29.71,-1.14,20.34,1.33,1764.8,1004.2,17.4,45.1,12.37,,0.82,0.68,4,28.0,18.07,1.0,3.0,50.1,WATCH ⭐⭐,Expected ~32% CAGR (2yr) | Revenue CAGR 36% | ROCE trend rising ↑ | FCF yield 6.2% | DII buying +1.3% ↑ | MonthlyDoubleBottom forming (11mo base),High PE 64 | Pattern still forming (not broken out),3-4 years,Medium-High,"yfinance, screener.in",100,27,,2026-07-25,2026-06-01,54,23.7,7,12.0
PITTIENG,Pitti Engineering Limited,Industrials,Metal Fabrication,3483.0,Small-Cap,MonthlyDoubleBottom,Forming,1.0,23,Sep 23mo | Mid rally 133% | Asymmetry 9%,MonthlyCupHandle+MonthlyDoubleBottom+MonthlyStage2,Sideways-Above-MA,True,True,Constructive,True,Stage2,4,Uptrend,Uptrend,921.65,1510.04,621.3,783.4,1408.71,2398.78,2236.11,1774.83,160.3,61.3,29.67,19.42,3.53,1.14,11.66,16.0,6.27,1178.0,1,none,12.5,14.8,-0.7,16.0,0.34,6.16,7.58,12.2,20.26,29.86,-3.28,25.99,32.4,-26.4,0.15,highly inconsistent earnings,0.82,,1.4,,-25.93,-0.74,54.17,0.0,,1.54,0.42,20.1,-0.13,1044.4,675.0,11.8,36.5,-1.28,128.8,0.57,0.27,4,18.0,22.0,8.0,2.0,50.0,WATCH ⭐⭐,Expected ~61% CAGR (2yr) | Revenue CAGR 20% | Profit CAGR 26% | Promoter 54% holding | PEG 1.14 — fair value | EV/EBITDA 12× below sector (18×),Pattern still forming (not broken out),3-4 years,Medium-High,"yfinance, screener.in",100,232,,2026-07-25,2026-06-01,54,0.0,7,0.0
SCHAEFFLER,Schaeffler India Limited,Consumer Cyclical,Auto Parts,64805.0,Large-Cap,MonthlyCupHandle,Forming,0.924,24,Cup 24mo | Depth 23% | Prior gain 30% | R²=1.00,MonthlyCupHandle+MonthlyDoubleBottom,Sideways-Above-MA,True,False,Constructive,False,Stage2,3,Uptrend,Uptrend,4113.5,4584.62,3519.0,3496.47,3425.54,5650.24,4187.21,3787.28,37.4,17.2,53.48,41.16,10.72,5.06,34.32,84.0,13.4,4788.71,7,buy,20.2,27.3,0.0,18.0,-0.2,12.03,,4.24,11.67,,5.65,10.56,,25.6,0.15,highly inconsistent earnings,0.01,,,,,,74.13,0.0,,4.36,0.11,16.21,-0.11,4467.7,3518.4,7.9,16.9,8.14,12.4,0.18,0.01,1,23.0,21.59,2.0,3.0,49.6,MONITOR ⭐,Expected ~17% CAGR (2yr) | ROE 20% | ROCE 27% | Nearly debt-free | Promoter 74% holding | Dividend growing 13%/yr,High PE 53 | Earnings due 2026-07-22 | Pattern still forming (not broken out),3-4 years,Medium-High,"yfinance, screener.in",80,289,2026-07-22,2026-07-25,2026-06-01,54,3.2,7,-5.5
DMCC,DMCC Speciality Chemicals Limited,Basic Materials,Chemicals,662.0,Small-Cap,MonthlyDoubleBottom,Forming,0.84,14,Sep 14mo | Mid rally 85% | Asymmetry 1%,,Uptrend,True,False,Constructive,False,Stage2,1,Uptrend,Uptrend,263.6,449.34,242.55,230.42,368.63,656.13,906.66,578.12,148.9,57.8,24.22,,2.66,0.43,10.63,94.0,35.72,,0,none,11.5,15.3,-0.63,11.0,-0.86,4.7,7.2,35.03,14.57,23.82,22.73,56.83,-3.93,9.8,0.15,highly inconsistent earnings,0.29,,1.37,,-17.99,-2.72,53.84,0.0,,0.15,0.02,1.5,0.23,350.0,191.35,24.7,37.8,-14.2,-46.68,0.29,0.25,2,16.0,22.58,10.0,1.0,49.6,MONITOR ⭐,Expected ~58% CAGR (2yr) | Profit CAGR 57% | Low D/E 0.29 | Promoter 54% holding | Margin compressing ↓ ⚠️ | Dividend growing 36%/yr,Margin compression ↓ | Pattern still forming (not broken out),3-4 years,Medium-High,"yfinance, screener.in",100,56,,2026-07-25,2026-06-01,54,-10.8,7,-3.0
ONWARDTEC,Onward Technologies Limited,Technology,Information Technology Services,627.0,Small-Cap,MonthlyDoubleBottom,Forming,1.0,31,Sep 31mo | Mid rally 245% | Asymmetry 6%,,Sideways,False,False,Below-MAs,True,Downtrend,0,Uptrend,Uptrend,258.17,720.06,202.91,219.44,537.27,1237.21,628.3,581.01,379.2,118.9,15.11,,2.57,1.86,9.35,282.0,38.67,,0,none,19.5,22.9,1.31,13.0,1.4,8.15,10.24,2.94,5.86,12.77,-2.27,8.14,12.37,-8.3,0.15,highly inconsistent earnings,0.16,,3.66,,37.48,5.98,40.02,0.95,,9.33,-0.5,1.8,-1.74,357.6,208.25,27.8,24.0,-16.72,-70.44,2.13,0.69,6,24.0,18.5,6.0,1.0,49.5,MONITOR ⭐,Expected ~119% CAGR (2yr) | ROCE 23% | ROCE trend rising ↑ | Low D/E 0.16 | FCF yield 6.0% | Piotroski F=6 (above average quality),Pattern still forming (not broken out),3-4 years,Medium-High,"yfinance, screener.in",100,287,,2026-07-25,2026-06-01,54,0.0,7,-10.0
INSECTICID,Insecticides (India) Limited,Basic Materials,Agricultural Inputs,1901.0,Small-Cap,MonthlyDoubleBottom,Forming,1.0,48,Sep 48mo | Mid rally 133% | Asymmetry 6%,,Downtrend,False,False,Below-MAs,False,Stage2,1,Uptrend,Uptrend,665.2,614.69,255.63,565.42,1370.93,1784.68,2323.3,1784.68,168.3,63.8,13.64,9.68,1.56,0.45,8.67,61.0,-30.66,,0,none,12.1,15.9,0.31,11.0,0.03,6.51,6.14,7.0,5.92,8.55,-2.11,30.18,8.14,-15.7,0.15,highly inconsistent earnings,0.13,,1.96,,-35.25,-1.85,72.3,0.0,,4.4,-0.1,9.26,-0.01,1098.0,518.6,39.4,28.3,-18.25,11.16,0.19,0.41,5,22.0,16.5,11.0,0.0,49.5,MONITOR ⭐,Expected ~64% CAGR (2yr) | Profit CAGR 30% | ROCE trend rising ↑ | Low D/E 0.13 | Promoter 72% holding | Piotroski F=5 (above average quality),Pattern still forming (not broken out),3-4 years,Medium-High,"yfinance, screener.in",100,231,,2026-07-25,2026-06-01,54,-12.4,7,-5.0
SIS,SIS Limited,Industrials,Security & Protection Services,6127.0,Small-Cap,MonthlyStage2,Stage Change,1.0,24,10-EMA=370 | 30-EMA=369 | Above by 18.7% | MA turning=No,MonthlyDoubleBottom+MonthlyStage2,Uptrend,True,True,Tight-Above-MAs,True,Stage2,4,Uptrend,Uptrend,438.5,369.38,280.3,372.72,244.48,458.46,244.48,244.48,4.6,2.3,44.84,12.09,2.41,,10.53,323.0,100.0,443.25,4,strong_buy,13.9,13.7,-3.0,4.0,-0.54,0.86,4.66,21.18,12.1,11.86,1050.0,-26.39,-17.77,,0.15,highly inconsistent earnings,0.7,,1.45,,324.0,5.29,71.88,-0.14,,12.56,0.79,6.62,-0.53,480.95,257.05,8.8,70.6,25.19,-31.36,0.29,0.31,4,10.0,28.5,5.0,6.0,49.5,MONITOR ⭐,Expected ~2% CAGR (2yr) | Declining profits (-26% CAGR) ⚠️ | Promoter 72% holding | Margin compressing ↓ ⚠️ | FCF yield 5.3% | FII buying +0.8% ↑,Margin compression ↓,3-4 years,Medium-High,"yfinance, screener.in",100,108,,2026-07-25,2026-06-01,54,8.5,7,-0.5
VEEDOL,Veedol Corporation Limited,Basic Materials,Specialty Chemicals,2394.0,Small-Cap,MonthlyDoubleBottom,Forming,1.0,43,Sep 43mo | Mid rally 344% | Asymmetry 9%,,Sideways,False,False,Below-MAs,True,Stage2,1,Uptrend,Uptrend,1451.0,3109.05,670.89,1233.35,2974.55,5547.21,4186.11,3528.71,282.3,95.5,12.5,,2.31,0.67,9.72,412.0,-7.17,,0,none,19.7,24.2,0.0,10.0,-0.4,8.84,9.06,10.1,5.37,11.51,13.61,18.63,6.37,-3.8,0.15,highly inconsistent earnings,0.01,,2.95,,104.96,4.38,64.58,0.0,,1.02,-0.04,1.17,0.0,2035.0,1238.2,28.7,17.2,-9.32,9.88,0.19,0.36,4,22.0,19.5,8.0,0.0,49.5,MONITOR ⭐,Expected ~96% CAGR (2yr) | ROCE 24% | Nearly debt-free | Promoter 65% holding | FCF yield 4.4% | PEG 0.67 — undervalued,Pattern still forming (not broken out),3-4 years,Medium-High,"yfinance, screener.in",100,235,,2026-07-25,2026-06-01,54,1.8,7,0.0
LINCOLN,Lincoln Pharmaceuticals Limited,Healthcare,Drug Manufacturers - Specialty & Generic,1196.0,Small-Cap,MonthlyStage2,Stage Change,1.0,24,10-EMA=592 | 30-EMA=559 | Above by 27.2% | MA turning=Yes,MonthlyCupHandle+MonthlyDoubleBottom+MonthlyStage2,Uptrend,True,True,Tight-Above-MAs,True,Stage2,6,Uptrend,Uptrend,710.35,558.63,456.45,603.8,2123.55,2260.09,2405.42,2260.09,218.2,78.4,13.61,,1.58,2.12,9.81,30.0,6.27,,0,none,12.3,16.3,-1.89,15.0,-1.23,13.1,6.16,7.7,9.58,9.62,7.32,6.43,7.26,0.5,0.15,highly inconsistent earnings,0.01,,5.25,,2.59,0.22,49.78,0.0,,4.6,-0.6,0.27,-0.81,770.0,440.0,7.7,61.4,33.68,54.55,0.77,0.36,4,10.0,28.5,4.0,7.0,49.5,MONITOR ⭐,Expected ~78% CAGR (2yr) | Nearly debt-free | Margin compressing ↓ ⚠️ | EV/EBITDA 10× below sector (22×) | MonthlyStage2 forming (24mo base) | Weekly uptrend,Margin compression ↓,3-4 years,Medium-High,"yfinance, screener.in",100,126,,2026-07-25,2026-06-01,54,0.0,7,1.0
YATHARTH,Yatharth Hospital & Trauma Care Services Limited,Healthcare,Medical Care Facilities,8132.0,Mid-Cap,None,,0.0,0,,,Uptrend,True,False,Uptrend,True,Stage2,6,Uptrend,Uptrend,844.35,,,717.7,1312.5,1482.91,2466.31,1799.18,75.6,32.5,46.3,25.85,4.57,1.25,25.68,0.0,,1008.5,4,strong_buy,10.4,12.4,-1.97,24.0,-1.46,14.22,7.17,40.35,36.17,41.21,29.77,37.08,53.42,22.7,0.4,lumpy earner,0.15,,3.87,,-88.68,-1.09,55.8,0.0,,5.62,0.37,10.84,-1.16,889.9,538.25,5.1,56.9,22.38,99.55,,0.95,4,24.0,13.0,6.0,6.0,49.0,MONITOR ⭐,Expected ~32% CAGR (2yr) | Revenue CAGR 36% | Profit CAGR 37% | Low D/E 0.15 | Promoter 56% holding | Margin compressing ↓ ⚠️,Margin compression ↓,3-4 years,Medium-High,"yfinance, screener.in",100,36,,2026-07-25,2026-06-01,54,1.4,7,-15.0
BALUFORGE,Balu Forge Industries Limited,Industrials,Metal Fabrication,5163.0,Small-Cap,None,,0.0,0,,,Downtrend,False,False,Below-MAs,False,Stage2,4,Uptrend,Uptrend,465.1,,,395.34,1674.07,3146.75,5914.95,3146.75,576.6,160.1,18.8,,2.91,0.21,15.73,3.0,0.0,,0,none,19.6,22.7,-0.8,27.0,3.94,23.38,11.67,19.81,50.15,50.79,26.96,87.97,100.47,4.9,0.4,lumpy earner,0.1,,3.54,,-314.56,-6.09,53.51,-0.88,,5.04,-0.99,0.95,0.06,697.0,341.05,33.3,36.4,-23.51,,,0.5,5,35.0,3.0,11.0,0.0,49.0,MONITOR ⭐,Expected ~160% CAGR (2yr) | Revenue CAGR 50% | Profit CAGR 88% | ROCE 23% | Nearly debt-free | Promoter 54% holding,None identified,3-4 years,Medium-High,"yfinance, screener.in",100,28,,2026-07-25,2026-06-01,54,-0.9,7,-4.0
DLINKINDIA,D-Link (India) Limited,Technology,Communication Equipment,1598.0,Small-Cap,MonthlyStage2,Breaking Out,1.0,24,10-EMA=458 | 30-EMA=421 | Above by 20.4% | MA turning=Yes,MonthlyCupHandle+MonthlyDoubleBottom+MonthlyStage2,Sideways-Above-MA,True,False,Below-MAs,False,Downtrend,0,Uptrend,Uptrend,506.45,420.68,352.15,430.48,993.08,1058.03,1127.23,1058.03,108.9,44.5,15.36,,3.16,2.35,11.28,911.0,40.1,,0,none,21.2,28.3,2.37,8.0,0.54,6.65,9.95,13.15,9.86,16.59,0.5,6.54,27.39,0.7,0.15,highly inconsistent earnings,0.03,,2.56,,-1.48,-0.09,51.02,0.0,,1.35,0.09,0.01,0.0,549.2,367.65,7.8,37.8,9.38,45.79,1.57,0.26,5,21.0,22.0,4.0,2.0,49.0,MONITOR ⭐,Expected ~44% CAGR (2yr) | ROE 21% | ROCE 28% | ROCE trend rising ↑ | Nearly debt-free | Promoter 51% holding,None identified,3-4 years,Medium-High,"yfinance, screener.in",100,200,,2026-07-25,2026-06-01,54,9.0,7,-3.2
MUFTI,CREDO BRANDS MARKETING L,Consumer Cyclical,Apparel Retail,553.0,Small-Cap,None,,0.0,0,,,Sideways,False,False,Below-MAs,True,Stage2,3,Uptrend,Uptrend,77.93,,,66.24,386.25,477.44,590.16,477.44,512.7,147.5,11.67,,1.26,0.49,4.6,354.0,500.0,,0,none,18.4,19.1,-0.3,29.0,1.8,8.01,6.35,8.99,21.92,,15.25,23.61,,10.2,0.15,highly inconsistent earnings,0.52,,3.27,,97.72,17.66,54.99,-0.02,,0.51,0.05,3.04,-0.32,177.02,63.06,56.0,23.6,-44.54,,,1.07,6,30.0,6.0,13.0,0.0,49.0,MONITOR ⭐,Expected ~148% CAGR (2yr) | Revenue CAGR 22% | Profit CAGR 24% | Promoter 55% holding | OPM 29% | FCF yield 17.7%,None identified,3-4 years,Medium-High,"yfinance, screener.in",100,30,,2026-07-25,2026-06-01,54,0.0,7,-1.0
GOODLUCK,Goodluck India Limited,Basic Materials,Steel,5141.0,Small-Cap,MonthlyDoubleBottom,Forming,0.458,17,Sep 17mo | Mid rally 50% | Asymmetry 4%,,Uptrend,True,True,Uptrend,True,Stage2,1,Uptrend,Uptrend,1565.9,1345.67,875.74,1331.02,1567.11,2000.26,2553.13,2000.26,27.7,13.0,27.55,16.96,3.11,1.0,13.72,45.0,-12.64,1653.0,2,none,12.9,14.4,0.37,10.0,0.54,4.41,7.88,4.17,10.1,21.13,10.24,27.64,43.57,30.1,0.15,highly inconsistent earnings,0.73,,1.38,,-225.28,-4.38,54.0,-2.44,,2.48,0.92,6.5,1.51,1672.1,915.0,6.4,71.1,33.16,152.18,0.45,-0.1,5,16.0,19.0,6.0,8.0,49.0,MONITOR ⭐,Expected ~13% CAGR (2yr) | Profit CAGR 28% | ROCE trend rising ↑ | Promoter 54% holding | Piotroski F=5 (above average quality) | FII buying +0.9% ↑,Pattern still forming (not broken out),3-4 years,Medium-High,"yfinance, screener.in",100,119,,2026-07-25,2026-06-01,54,15.3,7,-0.1
CHOICEIN,Choice International Limited,Financial Services,Capital Markets,18018.0,Mid-Cap,None,,0.0,0,,,Sideways-Above-MA,True,False,Constructive,True,Stage2,12,Uptrend,Uptrend,835.0,,,709.75,396.78,628.1,994.28,628.1,,,71.96,53.81,9.57,1.23,,0.0,,,0,none,16.1,18.0,1.66,36.0,1.94,20.62,7.69,21.5,41.74,44.76,46.01,58.3,69.52,12.7,0.15,highly inconsistent earnings,0.5,,1.97,,,,53.66,0.0,,11.41,-0.75,0.35,0.05,860.5,568.7,3.0,46.8,5.8,333.38,,-0.37,5,33.0,9.0,4.0,3.0,49.0,MONITOR ⭐,Revenue CAGR 42% | Profit CAGR 58% | ROCE trend rising ↑ | Promoter 54% holding | OPM 36% | Piotroski F=5 (above average quality),High PE 72,3-4 years,Medium-High,"yfinance, screener.in",90,52,,2026-07-25,2026-06-01,54,26.7,7,7.0
EMCURE,EMCURE PHARMACEUTICALS L,Healthcare,Drug Manufacturers - Specialty & Generic,33824.0,Large-Cap,None,,0.0,0,,,Uptrend,True,False,Uptrend,True,Stage2,6,Uptrend,Uptrend,1814.4,,,1542.24,2610.09,2625.09,3680.64,3099.48,44.7,20.3,36.63,23.87,6.83,1.95,19.68,17.0,,1913.5,6,strong_buy,20.1,24.0,-0.2,20.0,-0.97,10.04,9.62,16.57,15.42,12.83,33.1,18.75,17.56,28.8,0.15,highly inconsistent earnings,0.31,,1.43,,311.29,0.92,77.87,0.0,,3.35,-0.24,6.1,0.0,1944.0,1260.0,6.7,44.0,31.38,,,-0.02,4,22.0,13.0,6.0,8.0,49.0,MONITOR ⭐,Expected ~20% CAGR (2yr) | Revenue CAGR 15% | ROE 20% | ROCE 24% | Promoter 78% holding | Margin compressing ↓ ⚠️,Margin compression ↓,3-4 years,Medium-High,"yfinance, screener.in",100,25,,2026-07-25,2026-06-15,40,4.5,5,0.0
APARINDS,APAR Industries Limited,Industrials,Electrical Equipment & Parts,55585.0,Large-Cap,MonthlyDoubleBottom,Forming,0.535,45,Sep 45mo | Mid rally 63% | Asymmetry 10%,,Sideways-Above-MA,True,False,Constructive,False,Stage2,4,Uptrend,Uptrend,14058.0,837.93,488.3,11949.3,9252.46,11817.55,12291.77,10664.39,,,57.14,37.89,10.31,3.74,29.72,37.0,50.37,13547.29,7,buy,20.2,31.1,1.6,8.0,0.43,4.27,8.58,23.25,16.9,29.09,19.0,15.26,43.6,1.4,0.15,highly inconsistent earnings,0.18,,1.45,,-593.28,-1.07,57.76,-0.01,,10.76,1.38,23.02,-1.13,17157.0,6801.0,18.1,106.7,82.72,161.5,0.64,0.02,5,26.0,16.92,-1.0,7.0,48.9,MONITOR ⭐,Revenue CAGR 17% | ROE 20% | ROCE 31% | ROCE trend rising ↑ | Low D/E 0.18 | Promoter 58% holding,High PE 57 | Pattern still forming (not broken out),3-4 years,Medium-High,"yfinance, screener.in",100,265,,2026-07-25,2026-06-01,54,14.0,7,-8.0
M&M,Mahindra & Mahindra Limited,Consumer Cyclical,Auto Manufacturers,381746.0,Large-Cap,MonthlyDoubleBottom,Forming,0.864,42,Sep 42mo | Mid rally 91% | Asymmetry 4%,,Downtrend,False,False,Below-MAs,False,Stage2,3,Uptrend,Uptrend,3092.3,930.3,477.38,2628.45,7668.92,7070.78,10652.88,9038.59,128.7,51.2,20.88,19.95,3.82,1.17,12.19,104.0,26.63,4119.06,34,strong_buy,20.3,15.1,1.29,19.0,0.86,8.47,7.15,24.76,17.85,21.74,32.32,17.86,65.23,41.6,0.15,highly inconsistent earnings,1.25,,1.27,,12813.47,3.36,18.45,0.02,,36.23,-1.26,31.37,0.98,3839.9,2896.0,19.5,6.8,5.64,95.56,0.75,0.34,6,21.0,14.87,11.0,2.0,48.9,MONITOR ⭐,Expected ~51% CAGR (2yr) | Revenue CAGR 18% | ROE 20% | ROCE trend rising ↑ | FCF yield 3.4% | Piotroski F=6 (above average quality),High D/E 1.3 | Earnings due 2026-07-30 | Pattern still forming (not broken out),3-4 years,Medium-High,"yfinance, screener.in",100,365,2026-07-30,2026-07-25,2026-06-01,54,0.0,7,0.0
SBFC,SBFC Finance Limited,Financial Services,Credit Services,10412.0,Mid-Cap,MonthlyDoubleBottom,Forming,0.519,24,Sep 24mo | Mid rally 62% | Asymmetry 10%,,Sideways,False,False,Below-MAs,True,Stage2,12,Uptrend,Uptrend,92.59,123.0,72.4,78.7,152.02,208.26,462.59,265.19,124.9,50.0,22.95,15.42,2.79,0.31,,0.0,,122.86,7,strong_buy,11.6,11.6,,62.31,,44.59,4.58,28.16,35.15,,45.57,74.44,,30.7,0.75,consistent growth,1.96,,4.46,,,,52.35,-0.47,,6.21,-0.67,21.97,2.44,123.0,79.6,24.7,16.3,-11.42,-20.51,0.33,0.6,3,23.0,13.73,11.0,1.0,48.7,MONITOR ⭐,Expected ~50% CAGR (2yr) | Revenue CAGR 35% | Profit CAGR 74% | Promoter 52% holding | OPM 62% | EPS: consistent growth,High D/E 2.0 | Pattern still forming (not broken out),3-4 years,Medium-High,"yfinance, screener.in",90,36,,2026-07-25,2026-06-01,54,2.0,7,0.0
MARUTI,Maruti Suzuki India Limited,Consumer Cyclical,Auto Manufacturers,433970.0,Large-Cap,MonthlyDoubleBottom,Forming,0.506,46,Sep 46mo | Mid rally 51% | Asymmetry 0%,MonthlyDoubleBottom+MonthlyStage2,Downtrend,False,False,Below-MAs,False,Stage2,3,Uptrend,Uptrend,12956.0,9282.39,6134.0,11012.6,24281.27,24079.94,35767.95,29470.17,85.9,36.3,29.59,22.23,4.05,1.38,19.42,101.0,31.04,15994.6,38,buy,14.4,19.0,2.8,12.0,1.2,8.01,6.55,19.88,15.96,21.1,1.24,21.37,27.31,-6.4,0.15,highly inconsistent earnings,0.0,,1.07,,7713.18,1.78,58.65,0.12,,12.82,-1.3,25.09,1.0,17370.0,12201.0,25.4,6.2,13.33,13.6,0.59,0.27,6,26.0,10.57,9.0,3.0,48.6,MONITOR ⭐,Expected ~36% CAGR (2yr) | Revenue CAGR 16% | Profit CAGR 21% | ROCE trend rising ↑ | Nearly debt-free | Promoter 59% holding,Earnings due 2026-07-31 | Pattern still forming (not broken out),3-4 years,Medium-High,"yfinance, screener.in",100,275,2026-07-31,2026-07-25,2026-06-01,54,0.0,7,0.0
FCL,Fineotex Chemical Limited,Basic Materials,Specialty Chemicals,4512.0,Small-Cap,MonthlyStage2,Stage Change,1.0,24,10-EMA=31 | 30-EMA=29 | Above by 28.6% | MA turning=Yes,MonthlyDoubleBottom+MonthlyStage2,Uptrend,True,False,Tight-Above-MAs,True,Stage2,1,Uptrend,Uptrend,36.99,28.76,19.24,31.44,25.07,38.28,31.21,27.98,3.5,1.7,35.55,27.68,3.65,3.07,23.86,41.0,58.74,28.0,1,none,13.5,18.3,-1.86,17.0,0.26,14.08,7.68,44.84,14.3,28.66,14.68,11.57,22.67,58.3,0.15,highly inconsistent earnings,0.01,,2.8,,-75.68,-1.68,62.3,0.0,,3.16,0.24,1.35,0.08,47.18,19.1,21.6,93.7,56.78,-6.08,0.33,0.53,4,14.0,28.5,-1.0,7.0,48.5,MONITOR ⭐,Expected ~2% CAGR (2yr) | Nearly debt-free | Promoter 62% holding | Dividend growing 59%/yr | MonthlyStage2 forming (24mo base) | Weekly uptrend,None identified,3-4 years,Medium-High,"yfinance, screener.in",100,139,,2026-07-25,2026-06-01,54,11.3,7,-0.5
SONACOMS,Sona BLW Precision Forgings Limited,Consumer Cyclical,Auto Parts,43891.0,Large-Cap,MonthlyStage2,Stage Change,1.0,24,10-EMA=570 | 30-EMA=547 | Above by 22.3% | MA turning=Yes,MonthlyCupHandle+MonthlyDoubleBottom+MonthlyStage2,Uptrend,True,False,Uptrend,True,Stage2,3,Uptrend,Uptrend,668.55,546.74,410.42,568.27,494.55,683.06,674.45,577.54,2.2,1.1,68.5,44.4,7.33,4.08,42.11,51.0,6.56,632.13,15,buy,11.3,14.2,-1.29,24.0,-0.4,14.39,7.08,25.47,18.78,23.22,4.83,16.78,23.95,16.9,0.15,highly inconsistent earnings,0.07,,3.4,,-318.42,-0.73,28.01,-0.01,,23.7,-0.19,41.46,0.72,708.45,402.3,5.6,66.2,52.29,-11.83,0.38,0.38,4,13.0,26.5,-1.0,10.0,48.5,MONITOR ⭐,Expected ~1% CAGR (2yr) | Revenue CAGR 19% | Nearly debt-free | DII buying +0.7% ↑ | MonthlyStage2 forming (24mo base) | Weekly uptrend,High PE 68 | Earnings due 2026-07-23,3-4 years,Medium-High,"yfinance, screener.in",100,62,2026-07-23,2026-07-25,2026-06-01,54,15.3,7,0.6
RPGLIFE,RPG Life Sciences Limited,Healthcare,Drug Manufacturers - Specialty & Generic,4730.0,Small-Cap,MonthlyStage2,Stage Change,1.0,24,10-EMA=2168 | 30-EMA=1956 | Above by 16.7% | MA turning=Yes,MonthlyDoubleBottom+MonthlyStage2,Sideways-Above-MA,True,False,Constructive,True,Stage2,6,Uptrend,Uptrend,2282.6,1956.12,1609.85,1940.21,1949.36,2302.39,1949.36,1949.36,0.9,0.4,40.98,100.06,7.81,,30.48,84.0,25.99,,0,none,19.3,25.7,,21.0,-4.0,16.28,10.84,8.42,,,-37.16,,,-74.5,0.5,insufficient history,0.03,,3.48,,-16.17,-0.34,72.95,0.0,,0.87,-0.13,7.45,0.41,2993.8,1733.0,23.8,31.7,0.65,137.07,0.85,-0.21,4,21.0,22.5,0.0,5.0,48.5,MONITOR ⭐,Expected ~0% CAGR (2yr) | Revenue CAGR 24% | Declining profits (-74% CAGR) ⚠️ | ROCE 26% | Nearly debt-free | Promoter 73% holding,Margin compression ↓,3-4 years,Medium-High,"yfinance, screener.in",80,286,,2026-07-25,2026-06-01,54,0.0,7,1.0
COCHINSHIP,Cochin Shipyard Limited,Industrials,Aerospace & Defense,36889.0,Large-Cap,MonthlyDoubleBottom,Forming,1.0,13,Sep 13mo | Mid rally 115% | Asymmetry 1%,MonthlyCupHandle+MonthlyDoubleBottom,Downtrend,False,False,Below-MAs,False,Stage2,4,Uptrend,Uptrend,1418.0,2529.76,1170.04,1205.3,1316.71,3889.48,2328.08,1750.83,174.3,65.6,51.55,31.72,6.28,1.56,44.56,94.0,-27.01,1455.75,4,hold,12.5,16.0,0.06,16.0,-1.17,14.27,3.05,4.19,28.53,12.24,-13.3,32.97,3.32,-3.7,0.15,highly inconsistent earnings,0.28,,1.33,,1064.16,2.88,67.91,0.0,,2.83,-0.27,6.96,0.91,1979.9,1187.0,28.4,19.5,-10.4,196.02,0.84,0.56,3,31.0,15.5,2.0,0.0,48.5,MONITOR ⭐,Expected ~66% CAGR (2yr) | Revenue CAGR 29% | Profit CAGR 33% | ROCE trend rising ↑ | Low D/E 0.28 | Promoter 68% holding,High PE 52 | Margin compression ↓ | Pattern still forming (not broken out),3-4 years,Medium-High,"yfinance, screener.in",100,108,,2026-07-25,2026-06-01,54,-4.8,7,2.0
S&SPOWER,S&S Power Switchgear Limited,Industrials,Electrical Equipment & Parts,392.0,Micro-Cap,MonthlyStage2,Stage Change,1.0,24,10-EMA=354 | 30-EMA=311 | Above by 18.4% | MA turning=Yes,MonthlyDoubleBottom+MonthlyStage2,Sideways-Above-MA,True,False,Constructive,False,Stage2,4,Uptrend,Uptrend,368.05,310.97,243.15,312.84,464.14,629.93,854.94,629.93,71.2,30.8,38.74,,4.4,1.08,41.16,0.0,,,0,none,12.8,9.29,3.17,4.0,1.26,3.83,1.89,41.94,23.55,14.87,350.0,35.72,58.49,,0.2,multiple loss years in history,0.44,,1.32,,-7.35,-1.88,74.97,0.0,,0.0,,0.24,0.0,468.9,193.5,21.5,90.2,0.11,458.48,0.26,0.48,4,22.0,22.5,3.0,1.0,48.5,MONITOR ⭐,Expected ~31% CAGR (2yr) | Revenue CAGR 24% | Profit CAGR 36% | ROCE trend rising ↑ | Promoter 75% holding | PEG 1.08 — fair value,None identified,3-4 years,Medium-High,"yfinance, screener.in",100,77,,2026-07-25,2026-07-15,10,0.0,1,-1.0
DOMS,DOMS Industries Limited,Industrials,Business Equipment & Supplies,13749.0,Mid-Cap,MonthlyDoubleBottom,Forming,0.456,14,Sep 14mo | Mid rally 49% | Asymmetry 3%,MonthlyDoubleBottom+MonthlyStage2,Downtrend,False,False,Below-MAs,False,Stage2,4,Uptrend,Uptrend,2376.2,3060.88,2023.9,2019.77,1893.66,4097.86,3328.08,2510.43,72.5,31.3,59.89,41.23,11.27,1.84,34.55,14.0,26.0,2798.82,11,buy,20.7,24.3,4.71,17.0,2.34,9.89,12.16,21.59,24.27,41.85,12.15,32.57,44.57,17.1,0.15,highly inconsistent earnings,0.11,,2.17,,-86.9,-0.63,70.38,0.0,,7.62,-0.76,19.14,0.86,2770.0,2023.9,14.2,17.4,-1.26,,0.13,-0.33,6,35.0,8.97,3.0,1.0,48.0,MONITOR ⭐,Expected ~31% CAGR (2yr) | Revenue CAGR 24% | Profit CAGR 33% | ROE 21% | ROCE 24% | ROCE trend rising ↑,High PE 60 | Pattern still forming (not broken out),3-4 years,Medium-High,"yfinance, screener.in",100,32,,2026-07-25,2026-06-01,54,2.0,7,-1.0
ZAGGLE,Zaggle Prepaid Ocean Services Limited,Technology,Software - Infrastructure,2824.0,Small-Cap,None,,0.0,0,,,Sideways,False,False,Below-MAs,False,Downtrend,0,Uptrend,Uptrend,214.35,,,182.2,641.51,1168.51,2128.44,1168.51,445.1,133.5,20.45,11.31,2.16,0.25,3.68,0.0,,430.0,2,strong_buy,10.4,14.0,-1.5,10.0,0.3,7.24,28.47,46.32,51.11,,57.95,82.15,,30.5,1.0,steady compounder (low CV),0.04,,8.72,,734.97,26.03,44.16,0.03,,4.06,-3.55,7.4,-0.35,418.2,186.05,48.7,15.2,-44.48,,,0.61,4,31.0,5.0,12.0,0.0,48.0,MONITOR ⭐,Expected ~134% CAGR (2yr) | Revenue CAGR 51% | Profit CAGR 82% | Nearly debt-free | FCF yield 26.0% | EPS: steady compounder (low CV),None identified,3-4 years,Medium-High,"yfinance, screener.in",100,35,,2026-07-25,2026-06-01,54,-2.7,7,3.0
COMSYN,Commercial Syn Bags Limited,Consumer Cyclical,Packaging & Containers,764.0,Small-Cap,None,,0.0,0,,,Uptrend,True,False,Tight-Above-MAs,True,Stage2,3,Uptrend,Uptrend,193.94,,,164.85,561.13,831.15,1231.1,831.15,328.6,107.0,30.23,,4.25,0.63,18.39,21.0,,,0,none,16.1,13.9,-0.17,12.0,0.03,6.8,6.97,11.53,10.1,12.69,52.94,48.12,16.72,-21.4,0.15,highly inconsistent earnings,0.72,,1.27,,-9.1,-1.19,59.18,0.0,,0.0,-0.17,0.06,-0.03,213.0,126.18,8.9,53.7,36.21,,,0.21,4,16.0,15.0,9.0,8.0,48.0,MONITOR ⭐,Expected ~107% CAGR (2yr) | Profit CAGR 48% | Promoter 59% holding | PEG 0.63 — undervalued | EV/EBITDA 18× vs sector 25× | Weekly uptrend,None identified,3-4 years,Medium-High,"yfinance, screener.in",100,31,,2026-07-25,2026-06-01,54,26.7,7,12.0
CEIGALL,CEIGALL INDIA LIMITED,Industrials,Engineering & Construction,5947.0,Small-Cap,None,,0.0,0,,,Sideways-Above-MA,True,False,Constructive,False,Stage2,4,Uptrend,Uptrend,365.8,,,310.93,839.15,768.67,1264.8,1030.22,110.1,45.0,19.27,14.26,2.73,0.85,11.57,0.0,,376.33,3,hold,15.7,17.3,-4.0,15.0,-0.43,7.75,6.7,17.02,24.82,35.73,7.67,22.77,22.5,70.9,0.15,highly inconsistent earnings,0.61,,1.42,,107.93,1.81,82.05,0.0,,3.88,0.74,3.65,-1.72,405.7,222.61,9.8,64.3,50.06,,,,2,21.0,9.0,11.0,7.0,48.0,MONITOR ⭐,Expected ~45% CAGR (2yr) | Revenue CAGR 25% | Profit CAGR 23% | Promoter 82% holding | FII buying +0.7% ↑ | PEG 0.85 — undervalued,None identified,3-4 years,Medium-High,"yfinance, screener.in",100,24,,2026-07-25,2026-07-15,10,0.0,1,0.0
ELGIEQUIP,Elgi Equipments Limited,Industrials,Specialty Industrial Machinery,18338.0,Mid-Cap,MonthlyCupHandle,Forming,0.676,24,Cup 24mo | Depth 33% | Prior gain 42% | R²=0.90,MonthlyCupHandle+MonthlyDoubleBottom+MonthlyStage2,Sideways-Above-MA,True,False,Uptrend,True,Stage2,4,Uptrend,Uptrend,576.35,761.79,512.02,489.9,389.81,1011.56,430.09,409.45,75.5,32.5,42.74,31.9,8.21,8.48,30.96,46.0,10.52,677.4,5,strong_buy,21.5,23.7,1.77,15.0,0.86,10.89,9.36,12.56,9.12,15.48,22.86,5.04,33.34,25.4,0.15,highly inconsistent earnings,0.24,,2.08,,252.24,1.38,31.19,0.0,,21.9,-0.3,10.12,1.04,633.85,408.25,9.1,41.2,23.05,-7.44,0.22,0.04,6,21.0,19.61,1.0,6.0,47.6,MONITOR ⭐,Expected ~32% CAGR (2yr) | ROE 22% | ROCE 24% | ROCE trend rising ↑ | Low D/E 0.24 | Piotroski F=6 (above average quality),Earnings due 2026-08-11 | Pattern still forming (not broken out),3-4 years,Medium-High,"yfinance, screener.in",100,289,2026-08-11,2026-07-25,2026-06-01,54,6.5,7,1.2
HONAUT,Honeywell Automation India Limited,Industrials,Electrical Equipment & Parts,34465.0,Large-Cap,MonthlyDoubleBottom,Forming,0.928,35,Sep 35mo | Mid rally 96% | Asymmetry 3%,MonthlyDoubleBottom+MonthlyStage2,Uptrend,True,False,Tight-Above-MAs,True,Stage2,4,Uptrend,Uptrend,38645.0,59716.92,29912.76,32848.25,21480.95,89521.08,27965.64,24509.77,131.6,52.2,65.79,47.12,7.72,4.67,52.47,28.0,5.01,38354.75,4,buy,12.35,,,14.56,,11.21,5.85,5.9,,,14.1,,,14.2,0.5,insufficient history,0.03,,3.52,,468.54,1.36,75.0,0.0,,3.74,0.28,11.28,-0.25,40900.0,26220.0,5.5,47.4,0.66,-27.57,0.25,0.47,4,16.0,27.64,-1.0,5.0,47.6,MONITOR ⭐,Expected ~52% CAGR (2yr) | Nearly debt-free | Promoter 75% holding | MonthlyDoubleBottom forming (35mo base) | Weekly uptrend | Tight daily consolidation above MAs,High PE 66 | Earnings due 2026-08-06 | Pattern still forming (not broken out),3-4 years,Medium-High,"yfinance, screener.in",70,289,2026-08-06,2026-07-25,2026-06-01,54,32.9,7,12.0
PNB,Punjab National Bank,Financial Services,Banks - Regional,121561.0,Large-Cap,MonthlyDoubleBottom,Forming,1.0,36,Sep 36mo | Mid rally 236% | Asymmetry 1%,MonthlyCupHandle+MonthlyDoubleBottom,Downtrend,False,False,Below-MAs,False,Stage2,12,Uptrend,Uptrend,101.3,214.75,63.74,86.1,444.23,405.47,800.16,596.2,300.3,100.1,6.61,6.38,0.81,0.19,,284.0,66.5,119.38,16,hold,13.0,6.13,,29.4,,31.22,0.95,0.78,6.51,11.57,19.86,34.21,41.46,2.7,0.15,highly inconsistent earnings,,,,,,,70.08,0.0,,5.93,-0.46,16.06,0.01,135.15,98.5,25.0,2.8,2.05,84.12,0.85,0.53,1,17.0,16.5,12.0,2.0,47.5,MONITOR ⭐,Expected ~100% CAGR (2yr) | Profit CAGR 34% | Promoter 70% holding | OPM 29% | Dividend growing 66%/yr | PEG 0.19 — deeply undervalued,Earnings due 2026-07-18 | Pattern still forming (not broken out),3-4 years,Medium-High,"yfinance, screener.in",80,287,2026-07-18,2026-07-25,2026-06-01,54,0.0,7,-1.0
APLAPOLLO,APL Apollo Tubes Limited,Basic Materials,Steel,49851.0,Large-Cap,MonthlyDoubleBottom,Forming,1.0,13,Sep 13mo | Mid rally 119% | Asymmetry 4%,MonthlyCupHandle+MonthlyDoubleBottom,Downtrend,False,False,Below-MAs,True,Stage2,1,Uptrend,Uptrend,1835.9,218.88,97.89,1560.52,1178.21,1756.85,1790.63,1452.49,,,41.49,28.21,9.41,1.78,27.46,32.0,18.0,2213.39,20,buy,25.3,31.6,-0.06,8.0,-0.06,5.21,11.95,11.55,12.6,22.11,58.92,23.28,24.14,20.9,0.15,highly inconsistent earnings,0.09,,1.34,,402.28,0.81,28.25,-0.02,,37.52,4.4,16.05,-3.86,2301.4,1492.0,20.2,23.0,15.71,-15.03,0.49,0.26,4,26.0,15.5,3.0,3.0,47.5,MONITOR ⭐,Profit CAGR 23% | ROE 25% | ROCE 32% | Nearly debt-free | FII buying +4.4% ↑ | Dividend growing 18%/yr,Earnings due 2026-07-23 | Pattern still forming (not broken out),3-4 years,Medium-High,"yfinance, screener.in",100,176,2026-07-23,2026-07-25,2026-06-01,54,-1.5,7,0.0
IOB,Indian Overseas Bank,Financial Services,Banks - Regional,65184.0,Large-Cap,MonthlyDoubleBottom,Forming,1.0,28,Sep 28mo | Mid rally 168% | Asymmetry 9%,,Downtrend,False,False,Below-MAs,False,Stage2,12,Uptrend,Uptrend,33.93,176.3,62.82,59.68,80.13,289.78,150.55,109.83,754.1,192.2,12.54,37.61,1.76,0.34,,0.0,-37.86,,0,none,15.6,6.12,,47.15,,36.96,1.25,13.33,18.01,13.44,59.54,37.07,48.2,42.5,0.4,lumpy earner,,,,,,,92.44,0.0,,0.47,0.04,4.29,0.01,41.8,31.2,18.8,8.8,-10.02,-14.84,0.14,0.28,2,22.0,16.5,8.0,1.0,47.5,MONITOR ⭐,Expected ~192% CAGR (2yr) | Revenue CAGR 18% | Profit CAGR 37% | Promoter 92% holding | OPM 47% | PEG 0.34 — deeply undervalued,Pattern still forming (not broken out),3-4 years,Medium-High,"yfinance, screener.in",80,289,,2026-07-25,2026-06-01,54,1.2,7,0.0
VENUSPIPES,Venus Pipes and Tubes Limited,Basic Materials,Steel,3540.0,Small-Cap,MonthlyStage2,Stage Change,1.0,24,10-EMA=1417 | 30-EMA=1359 | Above by 31.7% | MA turning=Yes,,Uptrend,True,True,Tight-Above-MAs,True,Stage2,1,Uptrend,Uptrend,1789.6,1359.26,894.0,1521.16,1190.77,1824.52,1353.14,1269.36,2.0,1.0,34.61,19.52,5.26,5.24,19.77,6.0,25.99,1935.67,6,strong_buy,16.99,,,14.27,,8.74,9.05,16.2,,,6.6,,,7.6,0.5,insufficient history,0.43,,1.42,,-148.34,-4.19,48.41,0.0,,2.71,-1.26,17.49,0.14,1875.0,890.0,4.6,101.1,50.85,-8.06,0.74,0.06,3,11.0,28.5,0.0,8.0,47.5,MONITOR ⭐,Expected ~1% CAGR (2yr) | Revenue CAGR 16% | Dividend growing 26%/yr | MonthlyStage2 forming (24mo base) | Weekly uptrend | Weekly volume expanding,None identified,3-4 years,Medium-High,"yfinance, screener.in",70,51,,2026-07-25,2026-06-15,40,24.1,5,9.0
BRIGADE,Brigade Enterprises Limited,Real Estate,Real Estate - Development,18482.0,Mid-Cap,MonthlyDoubleBottom,Forming,1.0,42,Sep 42mo | Mid rally 180% | Asymmetry 0%,,Downtrend,False,False,Below-MAs,False,Stage2,3,Uptrend,Uptrend,574.6,249.66,88.97,488.41,1068.01,1252.85,2350.77,1584.51,118.0,47.7,28.73,15.56,2.71,0.59,15.97,35.0,18.56,755.37,15,strong_buy,10.4,10.5,1.74,25.0,0.31,11.31,2.88,12.28,18.25,23.91,6.62,48.36,20.79,-41.1,0.2,multiple loss years in history,0.84,,1.24,,-2239.16,-12.12,41.1,-0.01,,15.63,-1.12,25.46,0.72,846.6,450.75,32.1,27.5,-36.69,-28.39,1.18,0.13,4,19.0,16.5,12.0,0.0,47.5,MONITOR ⭐,Expected ~48% CAGR (2yr) | Revenue CAGR 18% | Profit CAGR 48% | ROCE trend rising ↑ | DII buying +0.7% ↑ | Dividend growing 19%/yr,Earnings due 2026-05-06 | Pattern still forming (not broken out),3-4 years,Medium-High,"yfinance, screener.in",100,224,2026-05-06,2026-07-25,2026-07-01,24,-15.3,3,1.0
CRAFTSMAN,Craftsman Automation Limited,Consumer Cyclical,Auto Parts,23814.0,Mid-Cap,MonthlyDoubleBottom,Forming,0.886,13,Sep 13mo | Mid rally 91% | Asymmetry 2%,,Uptrend,True,False,Tight-Above-MAs,True,Stage2,3,Uptrend,Uptrend,9301.0,7115.25,3696.88,7905.85,8084.16,10533.62,10734.11,9315.38,13.3,6.4,56.5,28.61,6.65,3.71,20.82,12.0,0.0,9282.75,8,buy,12.5,13.9,-0.54,15.0,-2.66,4.76,6.19,41.81,36.35,38.91,91.04,15.23,31.68,74.4,0.15,highly inconsistent earnings,1.11,,1.18,,-939.73,-3.95,42.41,-6.29,,17.28,2.09,32.9,4.61,9938.0,5954.0,6.4,56.2,35.45,64.04,0.21,0.27,3,10.0,26.13,3.0,8.0,47.1,MONITOR ⭐,Expected ~6% CAGR (2yr) | Revenue CAGR 36% | Margin compressing ↓ ⚠️ | FII buying +2.1% ↑ | DII buying +4.6% ↑ | EV/EBITDA 21× vs sector 25×,High D/E 1.1 | High PE 56 | Margin compression ↓ | Pattern still forming (not broken out),3-4 years,Medium-High,"yfinance, screener.in",100,65,,2026-07-25,2026-06-01,54,9.0,7,-5.0
GRANULES,Granules India Limited,Healthcare,Drug Manufacturers - Specialty & Generic,21826.0,Mid-Cap,MonthlyDoubleBottom,Forming,0.715,32,Sep 32mo | Mid rally 78% | Asymmetry 6%,,Uptrend,True,False,Uptrend,True,Stage2,6,Uptrend,Uptrend,889.85,149.73,81.58,756.37,969.75,930.69,1065.08,1016.3,4.6,2.3,35.97,22.46,4.29,7.49,19.16,20.0,14.47,802.29,7,buy,13.8,15.5,-1.57,22.0,-0.43,11.09,7.98,19.72,5.95,10.63,18.53,4.8,1.62,32.6,0.15,highly inconsistent earnings,0.3,,1.8,,83.07,0.38,38.01,-0.01,,17.5,2.19,16.11,-0.9,910.0,432.6,2.2,105.7,81.67,176.43,0.48,0.06,4,11.0,23.08,3.0,10.0,47.1,MONITOR ⭐,Expected ~2% CAGR (2yr) | Low D/E 0.30 | FII buying +2.2% ↑ | Dividend growing 14%/yr | EV/EBITDA 19× vs sector 22× | MonthlyDoubleBottom forming (32mo base),Pattern still forming (not broken out),3-4 years,Medium-High,"yfinance, screener.in",100,254,,2026-07-25,2026-06-01,54,16.1,7,-3.0
SOUTHBANK,The South Indian Bank Limited,Financial Services,Banks - Regional,11677.0,Mid-Cap,MonthlyDoubleBottom,Forming,0.79,36,Sep 36mo | Mid rally 79% | Asymmetry 0%,,Uptrend,True,False,Uptrend,True,Stage2,12,Uptrend,Uptrend,45.81,27.23,15.16,38.94,143.37,115.11,180.45,160.85,151.3,58.5,7.74,6.56,1.02,0.64,,101.0,12.0,46.5,6,buy,13.5,6.42,,38.45,,29.43,1.11,2.7,5.49,8.95,3.78,12.19,101.93,17.2,0.15,highly inconsistent earnings,,,,,,,,,,25.39,1.18,14.24,1.49,49.9,28.11,8.2,63.0,59.53,79.02,0.53,0.25,1,7.0,23.98,8.0,8.0,47.0,MONITOR ⭐,Expected ~58% CAGR (2yr) | OPM 38% | FII buying +1.2% ↑ | DII buying +1.5% ↑ | Dividend growing 12%/yr | PEG 0.64 — undervalued,Pattern still forming (not broken out),3-4 years,Medium-High,"yfinance, screener.in",70,332,,2026-07-25,2026-06-01,54,18.2,7,-10.0
FORCEMOT,Force Motors Limited,Consumer Cyclical,Auto Manufacturers,24039.0,Mid-Cap,None,,0.0,0,,,Downtrend,False,False,Below-MAs,False,Stage2,3,Uptrend,Uptrend,18170.0,,,15444.5,114480.45,238520.02,496956.46,238520.02,1212.7,262.3,19.84,,5.83,0.18,15.94,22.0,58.74,,0,none,29.2,36.1,9.23,16.0,3.37,13.38,12.82,12.2,21.67,35.43,51.31,108.35,53.33,-35.9,0.2,multiple loss years in history,,,1.87,,-98.59,-0.41,61.63,0.0,,9.51,-1.42,1.46,-0.29,26450.0,14911.0,31.3,21.9,-5.6,595.35,,0.53,6,32.0,3.0,12.0,0.0,47.0,MONITOR ⭐,Expected ~262% CAGR (2yr) | Revenue CAGR 22% | Profit CAGR 108% | ROE 29% | ROCE 36% | ROCE trend rising ↑,None identified,3-4 years,Medium-High,"yfinance, screener.in",90,83,,2026-07-25,2026-06-01,54,-5.4,7,-5.0
IRCTC,Indian Railway Catering & Tourism Corporation Limited,Consumer Cyclical,Travel Services,40560.0,Large-Cap,MonthlyDoubleBottom,Forming,0.621,37,Sep 37mo | Mid rally 67% | Asymmetry 5%,,Downtrend,False,False,Below-MAs,False,Stage2,3,Uptrend,Uptrend,499.6,1108.01,646.82,614.48,780.18,1569.2,969.24,869.59,214.1,77.2,29.07,22.29,9.41,2.54,22.67,187.0,-24.09,674.12,8,buy,34.6,46.1,-4.0,32.0,-1.3,26.72,14.05,11.55,13.77,,5.93,11.46,,-8.9,0.75,consistent growth,0.02,,2.15,,1005.71,2.48,62.4,0.0,,3.91,-0.95,14.86,0.0,773.3,492.65,35.4,1.4,-25.87,-48.79,0.25,0.12,5,30.0,11.95,5.0,0.0,47.0,MONITOR ⭐,Expected ~77% CAGR (2yr) | ROE 35% | ROCE 46% | Nearly debt-free | Promoter 62% holding | OPM 32%,Margin compression ↓ | Earnings due 2026-08-13 | Pattern still forming (not broken out),3-4 years,Medium-High,"yfinance, screener.in",100,82,2026-08-13,2026-07-25,2026-06-01,54,-5.7,7,-3.5
KIRLOSENG,Kirloskar Oil Engines Limited,Industrials,Specialty Industrial Machinery,32822.0,Large-Cap,MonthlyCupHandle,Forming,0.664,19,Cup 19mo | Depth 52% | Prior gain 89% | R²=0.97,MonthlyCupHandle+MonthlyDoubleBottom,Uptrend,True,False,Tight-Above-MAs,True,Stage2,4,Uptrend,Uptrend,1660.3,1683.63,815.49,1411.25,1183.99,2551.77,1681.72,1411.07,53.7,24.0,57.81,38.04,9.06,3.01,26.42,31.0,-20.63,2349.83,6,strong_buy,17.5,14.6,0.69,18.0,1.69,7.45,7.35,21.68,15.33,18.5,18.07,19.18,23.33,21.0,0.15,highly inconsistent earnings,1.55,,1.39,,-314.97,-0.96,41.08,-0.01,,10.79,2.34,26.69,-1.52,2720.0,855.8,39.0,94.0,104.0,310.02,0.47,0.68,5,12.0,23.97,4.0,7.0,47.0,MONITOR ⭐,"Expected ~24% CAGR (2yr) | Revenue CAGR 15% | ROCE trend rising ↑ | Piotroski F=5 (above average quality) | FII buying +2.3% ↑ | Analyst target ₹2350 (+42%, n=6)",High D/E 1.5 | High PE 58 | Pattern still forming (not broken out),3-4 years,Medium-High,"yfinance, screener.in",100,286,,2026-07-25,2026-06-01,54,0.0,7,0.0
NILAINFRA,Nila Infrastructures Limited,Real Estate,Real Estate - Development,286.0,Micro-Cap,MonthlyDoubleBottom,Forming,1.0,23,Sep 23mo | Mid rally 151% | Asymmetry 9%,,Downtrend,False,False,Below-MAs,True,Stage2,3,Uptrend,Uptrend,7.88,10.6,4.05,6.7,22.75,25.67,28.97,25.67,225.8,80.5,12.29,,1.52,0.96,9.55,0.0,3.23,,0,none,12.9,22.3,3.57,10.0,0.11,7.22,2.18,30.77,41.09,27.2,15.0,12.86,2.83,9.1,0.2,multiple loss years in history,0.13,,1.1,,-38.52,-13.49,61.9,0.0,,0.28,-0.06,0.03,0.03,12.16,5.9,35.2,33.6,-28.94,18.0,0.33,0.73,4,21.0,16.0,10.0,0.0,47.0,MONITOR ⭐,Expected ~80% CAGR (2yr) | Revenue CAGR 41% | ROCE 22% | ROCE trend rising ↑ | Low D/E 0.13 | Promoter 62% holding,Pattern still forming (not broken out),3-4 years,Medium-High,"yfinance, screener.in",100,133,,2026-07-25,2026-06-01,54,0.0,7,2.0
BETA,BETA DRUGS LIMITED,Healthcare,Drug Manufacturers - Specialty & Generic,2250.0,Small-Cap,MonthlyStage2,Breaking Out,1.0,24,10-EMA=1735 | 30-EMA=1561 | Above by 51.6% | MA turning=Yes,MonthlyDoubleBottom+MonthlyStage2,Uptrend,True,False,Tight-Above-MAs,True,Stage2,6,Uptrend,Uptrend,2366.8,1561.16,1051.6,2011.78,1906.87,2093.17,2297.67,2093.17,,,54.34,,9.23,5.56,30.15,0.0,,,0,none,18.8,19.2,-1.23,20.0,-0.4,10.78,7.85,6.35,19.26,27.12,-2.38,9.77,27.86,0.2,0.15,highly inconsistent earnings,0.6,,3.1,,-33.59,-1.49,59.1,-5.53,,1.02,-0.14,6.23,4.08,2424.3,990.1,2.4,139.0,27.2,112.92,1.51,-0.52,4,11.0,30.0,0.0,6.0,47.0,MONITOR ⭐,Revenue CAGR 19% | Promoter 59% holding | DII buying +4.1% ↑ | MonthlyStage2 — Breaking Out | Weekly uptrend | Tight daily consolidation above MAs,High PE 54,3-4 years,Medium-High,"yfinance, screener.in",100,106,,2026-07-25,2026-06-15,40,33.6,5,6.0
WANBURY,Wanbury Limited,Healthcare,Drug Manufacturers - Specialty & Generic,1161.0,Small-Cap,MonthlyDoubleBottom,Breakout Ready,1.0,11,Sep 11mo | Mid rally 147% | Asymmetry 2%,,Uptrend,True,True,Uptrend,True,Stage2,6,Uptrend,Uptrend,350.1,38.1,15.3,297.59,716.69,716.69,716.69,716.69,104.7,43.1,17.1,,6.88,,,0.0,-20.63,,0,none,76.5,36.6,3.06,14.0,2.03,-25.9,,5.0,9.11,9.95,38.71,-19.03,-7.06,,0.2,multiple loss years in history,,,,,,,43.01,0.0,,0.89,0.3,0.06,0.06,358.85,161.5,2.4,116.8,26.7,560.75,1.51,,2,12.0,28.0,1.0,6.0,47.0,MONITOR ⭐,Expected ~43% CAGR (2yr) | Declining profits (-19% CAGR) ⚠️ | ROE 76% | ROCE 37% | ROCE trend rising ↑ | MonthlyDoubleBottom — Breakout Ready,None identified,3-4 years,Medium-High,"yfinance, screener.in",70,235,,2026-07-25,2026-06-15,40,13.4,5,6.0
APLLTD,Alembic Pharmaceuticals Limited,Healthcare,Drug Manufacturers - Specialty & Generic,16218.0,Mid-Cap,MonthlyDoubleBottom,Forming,0.855,29,Sep 29mo | Mid rally 94% | Asymmetry 9%,,Sideways-Above-MA,True,False,Below-MAs,True,Stage2,6,Uptrend,Uptrend,837.4,1289.56,635.8,711.79,2075.41,1943.32,3252.7,2598.21,132.1,52.3,24.04,17.19,2.86,0.95,15.89,145.0,3.23,918.2,10,buy,13.4,12.6,-1.51,15.0,-1.71,9.19,6.02,10.09,9.12,6.37,15.29,25.19,-10.15,29.2,0.15,highly inconsistent earnings,0.25,,1.76,,20.35,0.13,69.87,0.13,,4.17,-0.09,15.93,-0.24,1038.0,635.8,19.3,31.7,-9.72,-15.48,0.46,0.37,4,16.0,19.76,10.0,1.0,46.8,MONITOR ⭐,Expected ~52% CAGR (2yr) | Profit CAGR 25% | Low D/E 0.25 | Promoter 70% holding | Margin compressing ↓ ⚠️ | PEG 0.95 — undervalued,Margin compression ↓ | Pattern still forming (not broken out),3-4 years,Medium-High,"yfinance, screener.in",100,179,,2026-07-25,2026-06-01,54,11.5,7,4.0
CRISIL,CRISIL Limited,Financial Services,Financial Data & Stock Exchanges,31049.0,Large-Cap,MonthlyDoubleBottom,Forming,0.859,27,Sep 27mo | Mid rally 89% | Asymmetry 3%,,Sideways-Above-MA,True,True,Constructive,True,Stage2,12,Uptrend,Uptrend,4097.4,6797.35,3537.68,3482.79,2591.2,10057.02,3047.05,2809.89,145.4,56.7,37.04,28.18,10.24,4.39,27.58,85.0,-8.94,4908.0,2,buy,24.5,32.6,-0.91,30.0,0.77,21.56,,6.69,7.43,11.09,9.53,8.44,12.48,45.9,0.75,consistent growth,0.1,,,,,,66.64,0.0,,7.18,-0.49,12.61,0.52,5945.0,3686.0,31.1,11.2,-15.87,-18.45,0.68,0.13,1,27.0,20.81,-1.0,0.0,46.8,MONITOR ⭐,Expected ~57% CAGR (2yr) | ROE 24% | ROCE 33% | Nearly debt-free | Promoter 67% holding | OPM 30%,Pattern still forming (not broken out),3-4 years,Medium-High,"yfinance, screener.in",80,289,,2026-07-25,2026-06-01,54,-0.4,7,7.8
ORIENTELEC,Orient Electric Limited,Consumer Cyclical,"Furnishings, Fixtures & Appliances",3689.0,Small-Cap,MonthlyDoubleBottom,Forming,0.97,7,Sep 7mo | Mid rally 103% | Asymmetry 6%,,Sideways-Above-MA,True,False,Constructive,True,Stage2,3,Uptrend,Uptrend,188.88,275.14,131.19,160.55,316.05,419.09,530.02,409.28,121.9,49.0,38.5,21.83,4.85,1.31,18.82,87.0,0.0,236.08,13,strong_buy,13.18,,,6.13,,2.88,5.91,10.0,,,29.5,,,28.9,0.5,insufficient history,0.12,,1.43,,59.38,1.61,38.3,0.0,,3.42,-0.18,32.52,0.62,226.68,149.05,16.7,26.7,-7.34,-42.19,0.86,0.28,3,16.0,20.64,9.0,1.0,46.6,MONITOR ⭐,Expected ~49% CAGR (2yr) | Profit CAGR 30% | Low D/E 0.12 | DII buying +0.6% ↑ | PEG 1.31 — fair value | EV/EBITDA 19× vs sector 25×,Pattern still forming (not broken out),3-4 years,Medium-High,"yfinance, screener.in",70,97,,2026-07-25,2026-06-01,54,0.0,7,-1.0
GARFIBRES,Garware Technical Fibres Limited,Consumer Cyclical,Textile Manufacturing,7475.0,Small-Cap,MonthlyDoubleBottom,Forming,0.755,13,Sep 13mo | Mid rally 84% | Asymmetry 8%,MonthlyDoubleBottom+MonthlyStage2,Uptrend,True,False,Tight-Above-MAs,True,Stage2,3,Uptrend,Uptrend,724.35,327.59,171.04,615.7,744.08,791.88,820.04,781.14,9.3,4.6,38.31,26.86,5.61,7.69,25.45,124.0,89.32,808.0,3,none,16.1,22.0,-0.06,19.0,0.11,13.0,8.57,-0.71,5.4,8.12,-14.22,4.98,4.72,-19.4,0.15,highly inconsistent earnings,0.03,,2.74,,68.48,0.92,53.36,0.0,,9.12,0.05,10.29,-0.15,970.0,579.75,25.3,24.9,-3.34,-10.71,0.2,-0.01,5,18.0,24.56,3.0,1.0,46.6,MONITOR ⭐,Expected ~5% CAGR (2yr) | ROCE 22% | Nearly debt-free | Promoter 53% holding | Piotroski F=5 (above average quality) | Dividend growing 89%/yr,Pattern still forming (not broken out),3-4 years,Medium-High,"yfinance, screener.in",100,288,,2026-07-25,2026-06-01,54,12.8,7,6.0
SURANAT&P,Surana Telecom and Power Limited,Utilities,Utilities - Independent Power Producers,244.0,Micro-Cap,MonthlyDoubleBottom,Forming,1.0,33,Sep 33mo | Mid rally 396% | Asymmetry 8%,MonthlyDoubleBottom+MonthlyStage2,Downtrend,False,False,Below-MAs,False,Stage2,4,Uptrend,Uptrend,18.31,11.01,2.13,15.56,63.68,104.34,170.97,104.34,469.9,138.7,11.31,,1.52,0.18,-137.79,0.0,6.27,,0,none,14.7,13.4,0.74,-5.0,-12.09,40.8,-2.65,281.25,29.64,16.03,-4.35,63.86,48.96,-7.1,0.15,highly inconsistent earnings,0.34,,2.28,,-117.0,-47.93,72.05,0.16,,0.0,0.0,0.05,0.0,26.78,15.5,31.6,18.1,-2.32,28.79,0.22,0.29,3,22.0,16.5,8.0,0.0,46.5,MONITOR ⭐,Expected ~139% CAGR (2yr) | Revenue CAGR 30% | Profit CAGR 64% | ROCE trend rising ↑ | Promoter 72% holding | Margin compressing ↓ ⚠️,Margin compression ↓ | Pattern still forming (not broken out),3-4 years,Medium-High,"yfinance, screener.in",100,289,,2026-07-25,2026-06-01,54,-1.8,7,-4.0
ALMONDZ,Almondz Global Securities Limited,Financial Services,Capital Markets,232.0,Micro-Cap,MonthlyDoubleBottom,Forming,1.0,36,Sep 36mo | Mid rally 282% | Asymmetry 9%,,Downtrend,False,False,Below-MAs,False,Stage2,12,Uptrend,Uptrend,13.18,39.13,9.83,11.2,42.6,68.43,63.33,51.94,419.2,127.9,8.15,,0.88,0.37,,0.0,11.87,,0,none,11.2,11.7,-0.49,15.0,-0.06,14.82,7.82,16.0,31.8,22.53,70.59,21.92,10.01,-15.8,0.15,highly inconsistent earnings,0.17,,2.56,,,,51.18,0.0,,0.02,-0.04,0.12,0.12,23.0,10.68,42.7,23.4,-31.75,-39.01,0.26,0.37,3,20.0,16.5,10.0,0.0,46.5,MONITOR ⭐,Expected ~128% CAGR (2yr) | Revenue CAGR 32% | Profit CAGR 22% | Low D/E 0.17 | Promoter 51% holding | Dividend growing 12%/yr,Pattern still forming (not broken out),3-4 years,Medium-High,"yfinance, screener.in",90,218,,2026-07-25,2026-06-01,54,-8.2,7,0.0
JSL,Jindal Stainless Limited,Basic Materials,Steel,60766.0,Large-Cap,MonthlyDoubleBottom,Forming,1.0,37,Sep 37mo | Mid rally 301% | Asymmetry 1%,,Downtrend,False,False,Below-MAs,False,Stage2,1,Uptrend,Uptrend,739.2,235.75,58.67,628.32,965.61,1014.77,1281.25,1112.29,37.3,17.2,19.05,14.3,13.5,1.25,6.82,41.0,-34.14,868.5,14,strong_buy,17.8,19.3,-1.77,13.0,-0.23,7.43,7.32,9.27,6.36,28.65,27.4,15.19,50.03,42.7,0.15,highly inconsistent earnings,0.38,,1.25,,1966.33,3.24,62.04,0.0,,20.45,-0.42,7.35,0.2,884.0,652.25,16.4,13.3,12.96,104.0,0.38,0.34,3,17.0,16.5,10.0,3.0,46.5,MONITOR ⭐,Expected ~17% CAGR (2yr) | Promoter 62% holding | FCF yield 3.2% | PEG 1.25 — fair value | EV/EBITDA 7× below sector (10×) | MonthlyDoubleBottom forming (37mo base),Earnings due 2026-08-05 | Pattern still forming (not broken out),3-4 years,Medium-High,"yfinance, screener.in",100,271,2026-08-05,2026-07-25,2026-06-01,54,0.0,7,0.0
CANBK,Canara Bank,Financial Services,Banks - Regional,113392.0,Large-Cap,MonthlyDoubleBottom,Forming,1.0,46,Sep 46mo | Mid rally 642% | Asymmetry 5%,,Downtrend,False,False,Below-MAs,False,Stage2,12,Uptrend,Uptrend,128.78,151.41,19.89,109.46,581.29,480.01,840.13,698.83,272.7,93.1,5.75,5.37,0.96,0.28,,336.0,20.51,151.78,18,buy,16.1,6.52,,-32.21,,37.04,0.99,3.92,13.74,12.46,11.42,20.22,46.14,-9.8,0.4,lumpy earner,,,,,,,62.93,0.0,,12.68,-1.56,11.91,1.0,162.89,103.55,20.9,24.4,24.93,88.09,0.52,0.49,2,13.0,16.5,12.0,5.0,46.5,MONITOR ⭐,Expected ~93% CAGR (2yr) | Profit CAGR 20% | Promoter 63% holding | DII buying +1.0% ↑ | Dividend growing 21%/yr | PEG 0.28 — deeply undervalued,Earnings due 2026-07-27 | Pattern still forming (not broken out),3-4 years,Medium-High,"yfinance, screener.in",80,284,2026-07-27,2026-07-25,2026-06-01,54,2.1,7,4.0
VIMTALABS,Vimta Labs Limited,Healthcare,Diagnostics & Research,2499.0,Small-Cap,MonthlyStage2,Stage Change,1.0,24,10-EMA=524 | 30-EMA=455 | Above by 27.9% | MA turning=Yes,MonthlyDoubleBottom+MonthlyStage2,Uptrend,True,False,Constructive,True,Stage2,6,Uptrend,Uptrend,581.4,454.69,271.0,494.19,868.55,991.54,1131.94,991.54,70.5,30.6,32.16,,5.47,2.27,16.9,36.0,25.99,,0,none,13.5,17.6,1.3,34.0,2.63,18.92,12.19,3.46,5.78,12.69,48.78,14.16,54.19,15.3,0.15,highly inconsistent earnings,0.01,,3.43,,12.9,0.52,35.85,-0.04,,4.89,0.3,0.13,0.02,902.65,376.05,35.6,54.6,-11.84,76.67,0.07,-0.18,6,18.0,25.5,3.0,0.0,46.5,MONITOR ⭐,Expected ~31% CAGR (2yr) | ROCE trend rising ↑ | Nearly debt-free | OPM 34% | Piotroski F=6 (above average quality) | Dividend growing 26%/yr,None identified,3-4 years,Medium-High,"yfinance, screener.in",100,248,,2026-07-25,2026-06-01,54,28.3,7,4.5
JASH,Jash Engineering Limited,Industrials,Specialty Industrial Machinery,3274.0,Small-Cap,MonthlyStage2,Stage Change,1.0,24,10-EMA=461 | 30-EMA=435 | Above by 22.5% | MA turning=Yes,MonthlyCupHandle+MonthlyDoubleBottom+MonthlyStage2,Uptrend,True,True,Below-MAs,False,Stage2,4,Uptrend,Uptrend,532.9,434.88,344.33,452.96,443.3,525.43,570.87,503.06,,,43.3,23.82,6.31,3.21,32.06,35.0,-20.63,600.5,2,strong_buy,16.0,17.7,0.31,14.0,0.0,10.35,6.33,0.14,22.33,19.74,-12.64,13.48,19.64,56.9,0.15,highly inconsistent earnings,0.2,,2.04,,22.98,0.7,43.24,-0.19,,1.79,-0.21,0.39,-0.1,621.95,327.1,14.3,62.9,3.96,57.24,0.71,-0.13,6,21.0,24.5,-1.0,2.0,46.5,MONITOR ⭐,Revenue CAGR 22% | ROCE trend rising ↑ | Low D/E 0.20 | Piotroski F=6 (above average quality) | MonthlyStage2 forming (24mo base) | Weekly uptrend,None identified,3-4 years,Medium-High,"yfinance, screener.in",100,106,,2026-07-25,2026-06-01,54,42.8,7,9.0
VMART,V-Mart Retail Limited,Consumer Cyclical,Department Stores,5936.0,Small-Cap,MonthlyDoubleBottom,Forming,1.0,25,Sep 25mo | Mid rally 164% | Asymmetry 8%,MonthlyDoubleBottom+MonthlyStage2,Uptrend,True,False,Tight-Above-MAs,True,Stage2,3,Uptrend,Uptrend,754.85,823.81,299.92,641.62,549.5,1347.7,549.5,549.5,78.5,33.6,48.08,30.25,5.94,,20.95,13.0,30.0,872.4,15,strong_buy,14.08,,,2.81,,3.27,5.21,24.5,,,-35.6,,,-39.1,0.5,insufficient history,1.01,,1.04,,238.89,4.02,44.2,0.05,,16.92,-0.09,31.87,-0.59,888.0,457.9,15.0,64.9,2.55,9.71,0.11,0.49,4,11.0,28.5,5.0,2.0,46.5,MONITOR ⭐,Expected ~34% CAGR (2yr) | Revenue CAGR 24% | Declining profits (-36% CAGR) ⚠️ | FCF yield 4.0% | Dividend growing 30%/yr | EV/EBITDA 21× vs sector 25×,High D/E 1.0 | Pattern still forming (not broken out),3-4 years,Medium-High,"yfinance, screener.in",70,162,,2026-07-25,2026-06-01,54,18.5,7,10.0
AURIONPRO,Aurionpro Solutions Limited,Technology,Software - Application,4679.0,Small-Cap,MonthlyDoubleBottom,Forming,0.516,9,Sep 9mo | Mid rally 59% | Asymmetry 8%,,Downtrend,False,False,Below-MAs,False,Downtrend,0,Uptrend,Uptrend,857.8,61.34,37.12,729.13,1673.66,2135.92,2725.87,2135.92,149.0,57.8,21.98,14.82,2.62,0.8,14.64,71.0,68.69,1095.0,2,strong_buy,13.4,16.3,3.0,20.0,-0.37,14.83,7.56,20.29,28.89,30.42,12.77,27.62,45.96,22.2,0.75,consistent growth,0.04,,2.41,,-163.96,-3.5,26.86,-0.02,,16.02,-0.27,1.47,0.22,1602.0,719.6,46.5,19.2,-34.15,44.79,0.21,-0.34,5,29.0,8.19,9.0,0.0,46.2,MONITOR ⭐,Expected ~58% CAGR (2yr) | Revenue CAGR 29% | Profit CAGR 28% | ROCE trend rising ↑ | Nearly debt-free | EPS: consistent growth,Pattern still forming (not broken out),3-4 years,Medium-High,"yfinance, screener.in",100,250,,2026-07-25,2026-06-01,54,17.4,7,-1.0
CUB,City Union Bank Limited,Financial Services,Banks - Regional,22256.0,Mid-Cap,MonthlyDoubleBottom,Forming,0.818,23,Sep 23mo | Mid rally 82% | Asymmetry 1%,MonthlyDoubleBottom+MonthlyStage2,Sideways,False,False,Below-MAs,True,Stage2,12,Uptrend,Uptrend,229.33,193.05,105.54,194.93,368.84,373.95,577.23,461.42,63.1,27.7,16.8,12.03,2.11,0.67,,89.0,25.99,242.75,23,buy,13.24,,,48.06,,37.62,1.52,23.6,,,25.1,,,24.9,0.5,insufficient history,,,,,,,,,,18.65,-4.72,44.84,4.11,243.07,145.12,5.7,58.0,18.98,65.04,0.5,0.38,2,18.0,16.82,7.0,4.0,45.8,MONITOR ⭐,Expected ~28% CAGR (2yr) | Revenue CAGR 24% | Profit CAGR 25% | OPM 48% | DII buying +4.1% ↑ | Dividend growing 26%/yr,Earnings due 2026-04-27 | Pattern still forming (not broken out),3-4 years,Medium-High,"yfinance, screener.in",40,289,2026-04-27,2026-07-25,2026-06-01,54,-8.7,7,-9.0
STARCEMENT,Star Cement Limited,Basic Materials,Building Materials,8304.0,Mid-Cap,MonthlyCupHandle,Forming,0.766,27,Cup 27mo | Depth 25% | Prior gain 60% | R²=0.94,MonthlyCupHandle+MonthlyDoubleBottom,Downtrend,False,False,Below-MAs,False,Stage2,1,Uptrend,Uptrend,205.47,292.3,218.46,207.54,244.68,366.14,330.89,284.54,78.2,33.5,21.09,18.07,2.61,1.29,9.46,97.0,30.0,279.0,13,strong_buy,13.2,16.7,0.2,25.0,1.09,10.42,8.15,19.38,11.76,17.03,130.77,16.29,15.84,20.4,0.15,highly inconsistent earnings,0.19,,1.31,,137.88,1.66,58.12,0.5,,2.26,-0.21,2.65,-1.83,308.95,196.53,33.5,4.5,-26.46,6.08,0.17,-0.02,6,23.0,13.69,9.0,0.0,45.7,MONITOR ⭐,Expected ~34% CAGR (2yr) | ROCE trend rising ↑ | Low D/E 0.19 | Promoter 58% holding | Piotroski F=6 (above average quality) | Dividend growing 30%/yr,Pattern still forming (not broken out),3-4 years,Medium-High,"yfinance, screener.in",100,110,,2026-07-25,2026-06-01,54,-2.5,7,-0.7
THERMAX,Thermax Limited,Industrials,Conglomerates,52517.0,Large-Cap,MonthlyStage2,Stage Change,1.0,24,10-EMA=4040 | 30-EMA=3650 | Above by 22.8% | MA turning=Yes,MonthlyCupHandle+MonthlyDoubleBottom+MonthlyStage2,Sideways-Above-MA,True,False,Constructive,False,Stage2,4,Uptrend,Uptrend,4484.5,3650.4,2878.0,3811.82,2400.73,4422.8,3279.06,2805.73,,,72.99,48.23,9.46,4.33,51.1,30.0,25.99,4438.91,22,hold,10.6,13.9,0.8,10.0,0.66,6.74,4.04,3.73,10.02,17.6,14.83,16.87,28.31,18.7,0.4,lumpy earner,0.42,,1.22,,-311.12,-0.59,61.99,0.0,,11.46,0.21,15.22,-0.27,5277.8,2742.7,15.0,63.5,40.71,34.94,0.44,0.3,5,16.0,22.5,-1.0,8.0,45.5,MONITOR ⭐,ROCE trend rising ↑ | Promoter 62% holding | Piotroski F=5 (above average quality) | Dividend growing 26%/yr | MonthlyStage2 forming (24mo base) | Sector in Stage2,High PE 73 | Earnings due 2026-07-30,3-4 years,Medium-High,"yfinance, screener.in",100,289,2026-07-30,2026-07-25,2026-06-01,54,1.5,7,-6.5
SIEMENS,Siemens Limited,Industrials,Specialty Industrial Machinery,130297.0,Large-Cap,MonthlyDoubleBottom,Forming,1.0,26,Sep 26mo | Mid rally 210% | Asymmetry 0%,MonthlyCupHandle+MonthlyDoubleBottom+MonthlyStage2,Sideways-Above-MA,True,False,Constructive,False,Stage2,4,Uptrend,Uptrend,3546.1,526.5,169.39,3014.18,1599.22,2590.14,2004.98,1790.64,,,76.93,52.94,9.41,6.43,65.76,49.0,14.47,3789.38,26,hold,19.2,21.4,0.89,12.0,0.17,9.46,,45.36,8.31,13.49,30.77,11.97,20.39,-36.4,0.15,highly inconsistent earnings,0.02,,2.57,,,,75.0,0.0,,6.8,-0.05,8.59,0.24,3937.3,2826.0,9.9,25.5,16.65,29.46,0.32,0.6,3,19.0,22.5,0.0,4.0,45.5,MONITOR ⭐,ROCE 21% | ROCE trend rising ↑ | Nearly debt-free | Promoter 75% holding | Dividend growing 14%/yr | MonthlyDoubleBottom forming (26mo base),High PE 77 | Earnings due 2026-08-06 | Pattern still forming (not broken out),3-4 years,Medium-High,"yfinance, screener.in",80,331,2026-08-06,2026-07-25,2026-06-01,54,-0.1,7,-6.0
DIACABS,Diamond Power Infrastructure Limited,Industrials,Specialty Industrial Machinery,11719.0,Mid-Cap,MonthlyDoubleBottom,Forming,1.0,39,Sep 39mo | Mid rally 421% | Asymmetry 4%,,Uptrend,True,False,Uptrend,True,Stage2,4,Uptrend,Uptrend,229.01,1438.5,271.0,257.45,108.59,2606.0,137.4,122.15,1037.9,237.3,74.13,,-19.4,5.93,61.11,0.0,-66.67,,0,none,,26.5,-1.74,12.0,3.91,8.28,5.99,71.3,19.08,-7.22,364.71,12.49,4.63,690.9,0.2,multiple loss years in history,,,2.04,,-258.15,-2.2,84.02,0.0,,1.77,1.41,0.23,0.16,251.8,115.57,9.1,98.2,67.04,1048.68,1.54,0.67,4,12.0,26.5,-1.0,8.0,45.5,MONITOR ⭐,Expected ~237% CAGR (2yr) | Revenue CAGR 19% | ROCE 26% | Promoter 84% holding | FII buying +1.4% ↑ | MonthlyDoubleBottom forming (39mo base),High PE 74 | Pattern still forming (not broken out),3-4 years,Medium-High,"yfinance, screener.in",80,191,,2026-07-25,2026-06-01,54,20.4,7,-1.0
APEX,Apex Frozen Foods Limited,Consumer Defensive,Farm Products,1251.0,Small-Cap,MonthlyStage2,Stage Change,1.0,24,10-EMA=362 | 30-EMA=296 | Above by 31.8% | MA turning=Yes,MonthlyDoubleBottom+MonthlyStage2,Sideways-Above-MA,True,False,Constructive,False,Stage2,15,Uptrend,Uptrend,390.5,296.27,195.17,331.93,593.67,682.72,785.13,682.72,74.8,32.2,32.15,23.27,2.37,,25.16,52.0,-7.17,,0,none,,,,3.98,,3.45,,14.5,,,,,,,0.5,insufficient history,0.08,,,,,,72.62,0.0,,6.0,1.26,0.66,0.11,514.5,208.74,24.1,87.1,87.07,61.9,0.04,-0.1,1,13.0,22.5,3.0,7.0,45.5,MONITOR ⭐,Expected ~32% CAGR (2yr) | Nearly debt-free | Promoter 73% holding | FII buying +1.3% ↑ | EV/EBITDA 25× vs sector 30× | MonthlyStage2 forming (24mo base),None identified,3-4 years,Medium-High,"yfinance, screener.in",50,107,,2026-07-25,2026-06-01,54,-9.3,7,0.0
EIHAHOTELS,EIH Associated Hotels Limited,Consumer Cyclical,Lodging,1958.0,Small-Cap,MonthlyDoubleBottom,Forming,1.0,33,Sep 33mo | Mid rally 164% | Asymmetry 7%,,Downtrend,False,False,Below-MAs,False,Stage2,3,Uptrend,Uptrend,319.75,327.18,119.64,271.79,763.46,913.71,1093.53,913.71,185.8,69.0,22.48,,3.25,1.14,14.63,109.0,100.0,,0,none,11.5,13.2,0.1,28.0,-0.8,22.72,9.39,8.84,5.66,3.48,33.33,19.68,1.76,-18.7,0.15,highly inconsistent earnings,0.01,,3.49,,32.52,1.66,75.0,0.0,,13.67,-0.03,,,434.9,266.65,26.5,19.9,-14.68,7.77,0.18,-0.04,5,21.0,16.5,8.0,0.0,45.5,MONITOR ⭐,Expected ~69% CAGR (2yr) | ROCE trend rising ↑ | Nearly debt-free | Promoter 75% holding | OPM 28% | Margin compressing ↓ ⚠️,Margin compression ↓ | Pattern still forming (not broken out),3-4 years,Medium-High,"yfinance, screener.in",100,220,,2026-07-25,2026-06-01,54,-1.8,7,0.0
MINDTECK,Mindteck (India) Limited,Technology,Information Technology Services,647.0,Small-Cap,MonthlyDoubleBottom,Forming,1.0,13,Sep 13mo | Mid rally 163% | Asymmetry 8%,MonthlyDoubleBottom+MonthlyStage2,Sideways,False,False,Below-MAs,True,Downtrend,0,Uptrend,Uptrend,206.35,365.37,133.72,175.4,376.29,597.02,498.25,432.99,189.3,70.1,20.53,,2.13,1.36,12.09,49.0,7.72,,0,none,12.1,15.1,0.83,9.0,0.37,7.74,6.03,-4.01,6.49,7.24,10.34,15.07,23.81,49.4,0.15,highly inconsistent earnings,0.01,,5.63,,12.65,1.96,64.2,0.0,,0.06,0.05,0.0,0.0,307.68,145.13,32.9,42.2,-5.04,63.64,0.51,0.65,6,20.0,17.5,8.0,0.0,45.5,MONITOR ⭐,Expected ~70% CAGR (2yr) | ROCE trend rising ↑ | Nearly debt-free | Promoter 64% holding | Piotroski F=6 (above average quality) | PEG 1.36 — fair value,Pattern still forming (not broken out),3-4 years,Medium-High,"yfinance, screener.in",100,118,,2026-07-25,2026-06-01,54,0.0,7,0.0
MASTEK,Mastek Limited,Technology,Information Technology Services,5495.0,Small-Cap,MonthlyDoubleBottom,Forming,1.0,36,Sep 36mo | Mid rally 140% | Asymmetry 8%,,Sideways,False,False,Below-MAs,True,Downtrend,0,Uptrend,Uptrend,1660.9,3331.6,1334.2,1411.77,3927.57,5329.0,4686.06,4290.09,220.9,79.1,13.68,11.34,1.78,1.48,8.23,135.0,-25.05,1951.4,5,buy,15.6,18.0,-2.57,16.0,-1.17,10.92,7.85,7.06,13.01,16.52,7.45,9.23,9.9,30.9,0.15,highly inconsistent earnings,0.15,,2.16,,408.11,7.43,35.77,0.0,,7.45,-0.58,19.86,0.84,2818.0,1334.2,41.1,24.5,-23.52,-35.09,0.29,0.19,5,17.0,18.5,10.0,0.0,45.5,MONITOR ⭐,Expected ~79% CAGR (2yr) | Low D/E 0.15 | Margin compressing ↓ ⚠️ | FCF yield 7.4% | Piotroski F=5 (above average quality) | DII buying +0.8% ↑,Margin compression ↓ | Earnings due 2026-07-21 | Pattern still forming (not broken out),3-4 years,Medium-High,"yfinance, screener.in",100,287,2026-07-21,2026-07-25,2026-06-01,54,0.0,7,1.0
SWSOLAR,Sterling and Wilson Renewable Energy Limited,Technology,Solar,5189.0,Small-Cap,MonthlyDoubleBottom,Forming,1.0,45,Sep 45mo | Mid rally 278% | Asymmetry 1%,,Uptrend,True,False,Tight-Above-MAs,True,Downtrend,0,Uptrend,Uptrend,241.15,828.0,218.45,207.53,363.18,1437.55,363.18,363.18,496.1,144.2,16.6,12.11,7.99,,20.99,0.0,,292.5,2,strong_buy,40.1,26.8,14.94,4.0,8.26,-3.89,,-2.27,34.45,7.25,5.07,-42.44,,69.6,0.2,multiple loss years in history,1.83,,,,,,45.73,0.0,,6.96,-0.23,3.19,0.21,321.35,148.0,25.0,62.9,-6.35,-61.98,0.25,0.66,3,16.0,27.5,2.0,0.0,45.5,MONITOR ⭐,Expected ~144% CAGR (2yr) | Revenue CAGR 34% | Declining profits (-42% CAGR) ⚠️ | ROE 40% | ROCE 27% | ROCE trend rising ↑,High D/E 1.8 | Pattern still forming (not broken out),3-4 years,Medium-High,"yfinance, screener.in",70,84,,2026-07-25,2026-06-01,54,21.9,5,4.0
BRITANNIA,Britannia Industries Limited,Consumer Defensive,Packaged Foods,130370.0,Large-Cap,MonthlyDoubleBottom,Forming,0.638,25,Sep 25mo | Mid rally 68% | Asymmetry 4%,MonthlyDoubleBottom+MonthlyStage2,Sideways,False,False,Below-MAs,True,Stage2,15,Uptrend,Uptrend,5353.0,3201.72,1876.14,4550.05,3911.39,4910.59,4156.05,4031.87,,,51.55,41.77,25.53,16.74,36.74,167.0,9.9,6228.67,33,buy,53.6,56.0,2.6,18.0,0.09,13.27,21.59,6.74,5.52,7.83,16.48,3.08,6.51,21.1,0.15,highly inconsistent earnings,0.27,,1.12,,1950.16,1.5,50.55,0.0,,15.63,0.75,18.82,-0.73,6336.0,5035.0,15.5,6.3,-5.98,-2.76,0.26,0.47,5,26.0,15.16,2.0,2.0,45.2,MONITOR ⭐,ROE 54% | ROCE 56% | ROCE trend rising ↑ | Low D/E 0.27 | Promoter 51% holding | Piotroski F=5 (above average quality),High PE 52 | Earnings due 2026-08-05 | Pattern still forming (not broken out),3-4 years,Medium-High,"yfinance, screener.in",100,367,2026-08-05,2026-07-25,2026-06-01,54,-1.2,7,3.0
LTFOODS,LT Foods Limited,Consumer Defensive,Packaged Foods,13298.0,Mid-Cap,MonthlyDoubleBottom,Forming,0.548,14,Sep 14mo | Mid rally 56% | Asymmetry 1%,,Uptrend,True,False,Constructive,True,Stage2,15,Uptrend,Uptrend,411.65,514.98,329.47,349.9,924.52,1053.02,1199.39,1053.02,155.8,59.9,21.28,13.21,7.46,1.53,10.45,104.0,0.0,509.0,2,buy,14.9,17.7,1.11,11.0,-0.09,5.68,7.45,26.09,16.43,18.71,2.12,13.9,16.68,71.0,0.15,highly inconsistent earnings,0.28,,1.76,,50.1,0.38,51.0,0.0,,8.74,-0.18,10.3,0.67,510.85,333.15,19.4,23.6,-7.07,,0.14,0.35,6,20.0,19.08,6.0,0.0,45.1,MONITOR ⭐,Expected ~60% CAGR (2yr) | Revenue CAGR 16% | ROCE trend rising ↑ | Low D/E 0.28 | Promoter 51% holding | Piotroski F=6 (above average quality),Pattern still forming (not broken out),3-4 years,Medium-High,"yfinance, screener.in",100,32,,2026-07-25,2026-06-01,54,0.0,7,-1.0
ANANDRATHI,Anand Rathi Wealth Limited,Financial Services,Asset Management,34415.0,Large-Cap,None,,0.0,0,,,Downtrend,False,False,Below-MAs,False,Stage2,12,Uptrend,Uptrend,2146.8,,,1824.78,785.62,1000.64,1274.52,1000.64,,,75.18,61.59,34.48,2.75,52.74,34.0,5.27,1615.0,2,underperform,47.3,59.2,5.6,39.0,-0.37,33.19,,-4.47,16.76,23.07,17.63,27.37,29.75,73.8,1.0,steady compounder (low CV),0.08,,,,,,41.37,-1.74,,6.37,0.59,10.4,1.3,2176.2,1270.0,1.4,69.0,-21.96,179.68,,0.34,2,39.0,3.0,-1.0,4.0,45.0,MONITOR ⭐,Revenue CAGR 17% | Profit CAGR 27% | ROE 47% | ROCE 59% | ROCE trend rising ↑ | Nearly debt-free,High PE 75,3-4 years,Medium-High,"yfinance, screener.in",80,56,,2026-07-25,2026-06-01,54,-39.8,7,-12.0
MEDANTA,Global Health Limited,Healthcare,Medical Care Facilities,35388.0,Large-Cap,MonthlyCupHandle,Forming,0.921,23,Cup 23mo | Depth 20% | Prior gain 75% | R²=1.00,MonthlyCupHandle+MonthlyDoubleBottom+MonthlyStage2,Sideways-Above-MA,True,True,Constructive,True,Stage2,6,Uptrend,Uptrend,1240.4,1441.56,1147.8,1090.41,1038.19,1735.32,1478.34,1238.87,39.9,18.3,63.68,40.84,8.93,3.29,38.58,4.0,,1439.06,17,strong_buy,15.2,17.1,2.23,21.0,1.29,12.62,8.16,19.45,17.62,24.97,15.18,19.33,80.39,42.0,0.15,highly inconsistent earnings,0.3,,2.67,,-214.19,-0.61,33.01,0.0,,10.15,-0.39,14.76,0.77,1456.5,956.0,14.8,29.7,16.87,65.51,0.86,0.16,6,19.0,21.05,1.0,4.0,45.0,MONITOR ⭐,Expected ~18% CAGR (2yr) | Revenue CAGR 18% | ROCE trend rising ↑ | Low D/E 0.30 | Piotroski F=6 (above average quality) | DII buying +0.8% ↑,High PE 64 | Pattern still forming (not broken out),3-4 years,Medium-High,"yfinance, screener.in",100,43,,2026-07-25,2026-06-01,54,0.0,7,2.0
ARVINDFASN,Arvind Fashions Limited,Consumer Cyclical,Apparel Retail,6229.0,Small-Cap,MonthlyDoubleBottom,Forming,0.995,20,Sep 20mo | Mid rally 108% | Asymmetry 8%,MonthlyCupHandle+MonthlyDoubleBottom+MonthlyStage2,Downtrend,False,False,Constructive,True,Stage2,3,Uptrend,Uptrend,466.0,637.73,295.19,396.1,582.6,980.27,959.91,747.83,110.4,45.0,50.49,24.46,6.59,1.78,10.94,34.0,28.0,658.43,7,strong_buy,14.1,18.9,5.23,13.0,2.49,2.33,6.46,13.98,8.98,19.06,457.58,28.36,69.89,,0.2,multiple loss years in history,1.15,,1.26,,141.09,2.26,35.1,-0.01,,11.97,-0.13,24.63,1.45,579.0,366.2,19.5,27.3,-9.16,20.34,0.39,-0.13,5,17.0,16.94,10.0,1.0,44.9,MONITOR ⭐,Expected ~45% CAGR (2yr) | Profit CAGR 28% | ROCE trend rising ↑ | Piotroski F=5 (above average quality) | DII buying +1.4% ↑ | Dividend growing 28%/yr,High D/E 1.2 | High PE 50 | Pattern still forming (not broken out),3-4 years,Medium-High,"yfinance, screener.in",100,89,,2026-07-25,2026-06-01,54,8.5,7,-2.0
UNITDSPR,UNITED SPIRITS LIMITED,Consumer Defensive,Beverages - Wineries & Distilleries,97689.0,Large-Cap,MonthlyDoubleBottom,Forming,0.285,13,Sep 13mo | Mid rally 32% | Asymmetry 4%,,Sideways-Above-MA,True,False,Constructive,True,Stage2,15,Uptrend,Uptrend,1387.2,1627.82,1210.8,1179.12,1254.1,2044.84,1738.52,1476.58,47.4,21.4,57.13,44.93,10.91,3.22,44.47,124.0,61.98,1497.0,26,buy,21.4,26.4,2.03,18.0,1.11,14.74,9.01,3.3,5.52,8.92,16.18,17.74,38.4,28.0,0.15,highly inconsistent earnings,0.05,,2.05,,621.37,0.64,56.68,0.0,,12.89,-1.52,17.14,1.78,1488.0,1210.8,6.8,14.6,7.83,,0.34,0.2,6,28.0,12.92,1.0,3.0,44.9,MONITOR ⭐,Expected ~21% CAGR (2yr) | ROE 21% | ROCE 26% | ROCE trend rising ↑ | Nearly debt-free | Promoter 57% holding,High PE 57 | Earnings due 2026-08-13 | Pattern still forming (not broken out),3-4 years,Medium-High,"yfinance, screener.in",100,27,2026-08-13,2026-07-25,2026-06-15,40,6.3,5,8.9
FDC,FDC Limited,Healthcare,Drug Manufacturers - Specialty & Generic,6840.0,Small-Cap,MonthlyDoubleBottom,Forming,0.981,23,Sep 23mo | Mid rally 105% | Asymmetry 7%,MonthlyDoubleBottom+MonthlyStage2,Uptrend,True,False,Tight-Above-MAs,True,Stage2,6,Uptrend,Uptrend,432.3,311.21,147.14,367.45,837.77,947.86,1072.4,947.86,119.3,48.1,24.27,18.03,2.75,1.85,18.3,238.0,100.0,,0,none,12.5,16.7,-0.49,16.0,-1.37,12.96,6.37,2.99,6.76,10.28,5.24,13.14,-1.37,167.4,0.15,highly inconsistent earnings,0.01,,3.11,,-1.74,-0.03,69.65,0.0,,1.4,-1.0,6.31,0.02,527.8,312.95,18.1,38.1,-3.46,-9.48,0.46,0.18,3,11.0,27.77,5.0,1.0,44.8,MONITOR ⭐,Expected ~48% CAGR (2yr) | Nearly debt-free | Promoter 70% holding | Margin compressing ↓ ⚠️ | Dividend growing 100%/yr | EV/EBITDA 18× vs sector 22×,Margin compression ↓ | Pattern still forming (not broken out),3-4 years,Medium-High,"yfinance, screener.in",100,289,,2026-07-25,2026-06-01,54,19.2,7,7.0
KSB,KSB Limited,Industrials,Specialty Industrial Machinery,15726.0,Mid-Cap,MonthlyCupHandle,Forming,0.895,20,Cup 20mo | Depth 20% | Prior gain 31% | R²=0.98,MonthlyCupHandle+MonthlyDoubleBottom+MonthlyStage2,Sideways-Above-MA,True,False,Constructive,False,Stage2,4,Uptrend,Uptrend,837.2,951.98,764.98,726.73,423.35,1138.98,488.42,454.72,36.0,16.6,60.97,39.54,9.37,8.23,42.6,49.0,13.62,936.0,2,strong_buy,18.4,24.7,1.26,13.0,-0.14,9.57,,0.22,6.34,12.54,-4.07,7.41,11.69,-22.9,0.4,lumpy earner,0.0,,,,,,69.8,0.0,,4.66,0.14,11.64,-0.31,1028.3,666.65,18.6,25.6,10.56,74.04,0.6,-0.23,1,21.0,20.74,-1.0,4.0,44.7,MONITOR ⭐,Expected ~17% CAGR (2yr) | ROCE 25% | ROCE trend rising ↑ | Nearly debt-free | Promoter 70% holding | Dividend growing 14%/yr,High PE 61 | Pattern still forming (not broken out),3-4 years,Medium-High,"yfinance, screener.in",80,287,,2026-07-25,2026-06-01,54,0.0,7,1.0
ADVENZYMES,Advanced Enzyme Technologies Limited,Basic Materials,Specialty Chemicals,3590.0,Small-Cap,MonthlyDoubleBottom,Forming,1.0,37,Sep 37mo | Mid rally 124% | Asymmetry 3%,MonthlyDoubleBottom+MonthlyStage2,Sideways-Above-MA,True,False,Below-MAs,False,Stage2,1,Uptrend,Uptrend,329.85,561.16,246.81,280.37,397.56,875.51,560.25,471.95,165.4,62.9,21.27,17.42,2.2,1.14,13.67,80.0,73.25,370.0,1,none,10.2,14.0,-1.31,31.0,-2.63,22.62,6.85,17.11,11.3,8.24,29.85,18.71,2.88,62.2,0.15,highly inconsistent earnings,0.02,,9.78,,66.82,1.86,43.25,-0.01,,26.7,1.2,4.77,-0.64,419.0,251.95,21.3,30.9,-3.75,-21.72,0.58,0.69,5,18.0,21.5,4.0,1.0,44.5,MONITOR ⭐,Expected ~63% CAGR (2yr) | Nearly debt-free | OPM 31% | Margin compressing ↓ ⚠️ | Piotroski F=5 (above average quality) | FII buying +1.2% ↑,Margin compression ↓ | Pattern still forming (not broken out),3-4 years,Medium-High,"yfinance, screener.in",100,120,,2026-07-25,2026-06-01,54,-14.6,7,-12.5
RSYSTEMS,R Systems International Limited,Technology,Information Technology Services,3023.0,Small-Cap,MonthlyDoubleBottom,Forming,1.0,38,Sep 38mo | Mid rally 149% | Asymmetry 2%,,Downtrend,False,False,Below-MAs,False,Downtrend,0,Uptrend,Uptrend,278.45,555.36,220.66,236.68,700.66,890.06,926.79,805.83,219.6,78.8,14.86,11.93,3.81,0.99,10.65,470.0,-4.09,411.5,4,strong_buy,24.4,19.5,-2.43,16.0,0.54,10.19,,6.79,7.46,12.58,14.52,15.01,8.6,69.5,0.15,highly inconsistent earnings,0.34,,,,,,51.85,0.0,,3.83,0.07,6.53,-2.07,496.9,213.52,44.0,30.4,-30.49,-50.86,0.73,0.14,1,15.0,15.5,14.0,0.0,44.5,MONITOR ⭐,"Expected ~79% CAGR (2yr) | ROE 24% | Promoter 52% holding | PEG 0.99 — undervalued | EV/EBITDA 11× below sector (20×) | Analyst target ₹412 (+48%, n=4)",Pattern still forming (not broken out),3-4 years,Medium-High,"yfinance, screener.in",80,242,,2026-07-25,2026-06-01,54,0.0,7,-2.0
MSUMI,Motherson Sumi Wiring India Limited,Consumer Cyclical,Auto Parts,26752.0,Mid-Cap,MonthlyDoubleBottom,Forming,0.709,23,Sep 23mo | Mid rally 75% | Asymmetry 4%,,Sideways,False,False,Below-MAs,False,Stage2,3,Uptrend,Uptrend,39.39,51.92,28.99,33.48,33.46,74.85,34.61,34.03,90.0,37.8,42.91,27.56,12.49,25.24,28.69,144.0,10.21,48.62,13,buy,32.39,,,6.04,,5.47,12.22,33.1,,,1.7,,,1.4,0.5,insufficient history,0.11,,1.62,,145.21,0.54,61.72,0.0,,8.91,-0.83,17.85,0.44,53.59,35.7,26.5,10.3,7.24,-16.38,0.6,0.06,5,25.0,15.51,2.0,2.0,44.5,MONITOR ⭐,Expected ~38% CAGR (2yr) | Revenue CAGR 33% | ROE 32% | Low D/E 0.11 | Promoter 62% holding | Piotroski F=5 (above average quality),Earnings due 2026-07-28 | Pattern still forming (not broken out),3-4 years,Medium-High,"yfinance, screener.in",70,51,2026-07-28,2026-07-25,2026-06-01,54,0.0,7,-1.0
AHLUCONT,Ahluwalia Contracts (India) Limited,Industrials,Engineering & Construction,5716.0,Small-Cap,MonthlyDoubleBottom,Forming,1.0,16,Sep 16mo | Mid rally 143% | Asymmetry 5%,,Sideways,False,False,Below-MAs,False,Stage2,4,Uptrend,Uptrend,842.95,1540.85,619.62,716.51,1330.19,2462.08,1641.58,1477.7,192.1,70.9,21.5,14.58,2.78,1.94,11.44,7.0,25.99,996.08,13,strong_buy,13.8,20.4,-0.06,10.0,0.09,5.82,5.28,11.37,17.17,18.16,31.68,11.09,28.14,-1.6,0.15,highly inconsistent earnings,0.04,,1.89,,-35.92,-0.63,55.32,0.0,,14.05,0.31,22.32,0.0,1115.0,645.15,24.4,30.7,-7.46,-9.46,0.12,0.56,5,17.0,18.5,8.0,1.0,44.5,MONITOR ⭐,Expected ~71% CAGR (2yr) | Revenue CAGR 17% | ROCE 20% | Nearly debt-free | Promoter 55% holding | Piotroski F=5 (above average quality),Pattern still forming (not broken out),3-4 years,Medium-High,"yfinance, screener.in",100,200,,2026-07-25,2026-06-01,54,6.7,7,4.0
ELECTHERM,Electrotherm (India) Limited,Basic Materials,Steel,1341.0,Small-Cap,MonthlyStage2,Stage Change,1.0,24,10-EMA=921 | 30-EMA=802 | Above by 39.6% | MA turning=Yes,MonthlyDoubleBottom+MonthlyStage2,Sideways-Above-MA,True,False,Constructive,False,Stage2,1,Uptrend,Uptrend,1119.5,801.65,555.35,951.57,,1047.95,,,,,,,-8.71,,53.98,0.0,0.0,,0,none,,0.45,2.31,1.0,-0.46,-0.42,-0.01,-10.28,6.3,7.95,-103.62,164.08,171.43,-92.7,0.2,multiple loss years in history,,,0.53,,250.96,18.72,29.86,-0.04,,9.28,3.42,0.78,-0.02,1277.0,551.0,12.3,103.2,32.47,701.39,0.3,0.7,3,16.0,22.5,-1.0,7.0,44.5,MONITOR ⭐,Profit CAGR 164% | ROCE trend rising ↑ | FCF yield 18.7% | FII buying +3.4% ↑ | MonthlyStage2 forming (24mo base) | Sector in Stage2,None identified,3-4 years,Medium-High,"yfinance, screener.in",70,228,,2026-07-25,2026-06-01,54,60.1,7,9.5
DODLA,Dodla Dairy Limited,Consumer Defensive,Food Distribution,6538.0,Small-Cap,MonthlyDoubleBottom,Forming,0.579,13,Sep 13mo | Mid rally 58% | Asymmetry 0%,MonthlyDoubleBottom+MonthlyStage2,Downtrend,False,False,Below-MAs,False,Stage2,15,Uptrend,Uptrend,1118.1,1522.83,964.1,950.38,2955.96,2824.63,4982.51,3837.72,152.6,58.9,24.51,19.27,3.91,0.82,19.82,46.0,150.0,1305.0,4,strong_buy,16.4,16.7,-1.17,8.0,-0.57,6.47,7.41,10.89,13.62,16.24,2.69,29.83,16.21,2.6,0.15,highly inconsistent earnings,0.03,,2.44,,111.17,1.7,58.92,0.0,,6.08,-0.36,25.85,0.51,1500.0,964.1,25.5,16.0,-17.05,25.67,0.12,0.28,5,22.0,10.45,12.0,0.0,44.4,MONITOR ⭐,Expected ~59% CAGR (2yr) | Profit CAGR 30% | Nearly debt-free | Promoter 59% holding | Margin compressing ↓ ⚠️ | Piotroski F=5 (above average quality),Margin compression ↓ | Pattern still forming (not broken out),3-4 years,Medium-High,"yfinance, screener.in",100,62,,2026-07-25,2026-06-01,54,8.6,7,0.0
KPIGREEN,KPI Green Energy Limited,Utilities,Utilities - Renewable,8097.0,Mid-Cap,MonthlyDoubleBottom,Forming,0.739,14,Sep 14mo | Mid rally 81% | Asymmetry 7%,MonthlyDoubleBottom+MonthlyStage2,Sideways,False,False,Below-MAs,True,Stage2,4,Uptrend,Uptrend,438.0,587.43,312.67,372.3,1028.11,1713.24,2854.94,1713.24,291.2,97.8,17.04,,2.66,0.26,13.32,21.0,8.74,,0,none,17.4,13.8,-0.54,36.0,-4.26,17.66,7.03,55.39,61.17,92.5,56.62,66.64,87.44,46.6,0.75,consistent growth,1.59,,1.64,,-2525.15,-31.19,49.49,0.24,,8.24,-0.44,0.64,0.01,555.0,335.65,21.1,30.5,-7.02,119.92,0.93,0.42,4,21.0,15.37,8.0,0.0,44.4,MONITOR ⭐,Expected ~98% CAGR (2yr) | Revenue CAGR 61% | Profit CAGR 67% | OPM 36% | Margin compressing ↓ ⚠️ | EPS: consistent growth,High D/E 1.6 | Margin compression ↓ | Pattern still forming (not broken out),3-4 years,Medium-High,"yfinance, screener.in",100,59,,2026-07-25,2026-06-01,54,0.0,7,0.0
ABBOTINDIA,Abbott India Limited,Healthcare,Drug Manufacturers - Specialty & Generic,59615.0,Large-Cap,MonthlyDoubleBottom,Forming,0.522,19,Sep 19mo | Mid rally 60% | Asymmetry 8%,MonthlyDoubleBottom+MonthlyStage2,Sideways-Above-MA,True,True,Constructive,True,Stage2,6,Uptrend,Uptrend,27165.0,22642.79,13589.28,23090.25,29486.76,32097.6,34139.06,31727.75,18.2,8.7,38.46,31.04,12.49,5.06,30.34,187.0,19.98,32652.38,8,buy,34.46,,,27.01,,22.4,18.28,6.5,,,7.6,,,7.6,0.5,insufficient history,0.04,,2.55,,1373.31,2.3,74.99,0.0,,0.38,0.11,8.77,-0.16,35310.0,25150.0,23.1,8.0,-12.81,-4.82,0.79,0.02,4,25.0,16.26,2.0,1.0,44.3,MONITOR ⭐,Expected ~9% CAGR (2yr) | ROE 34% | Nearly debt-free | Promoter 75% holding | OPM 27% | Dividend growing 20%/yr,Earnings due 2026-08-11 | Pattern still forming (not broken out),3-4 years,Medium-High,"yfinance, screener.in",70,288,2026-08-11,2026-07-25,2026-06-01,54,-2.3,7,4.0
AXISCADES,AXISCADES Technologies Limited,Industrials,Engineering & Construction,6584.0,Small-Cap,MonthlyDoubleBottom,Forming,1.0,7,Sep 7mo | Mid rally 108% | Asymmetry 0%,,Sideways-Above-MA,True,False,Below-MAs,False,Stage2,4,Uptrend,Uptrend,1603.3,129.0,62.0,1362.8,920.19,1346.14,1969.27,1346.14,,,91.76,,9.06,1.98,39.09,0.0,,,0,none,11.5,15.3,0.17,15.0,0.49,6.21,6.42,12.42,12.13,17.21,-4.0,46.29,36.85,-98.6,0.2,multiple loss years in history,0.53,,1.53,,-152.07,-2.31,58.05,0.0,,1.16,-0.29,1.63,0.69,2211.0,1063.3,27.5,50.8,29.6,161.06,1.02,0.28,5,19.0,20.0,1.0,4.0,44.0,MONITOR ⭐,Profit CAGR 46% | ROCE trend rising ↑ | Promoter 58% holding | Piotroski F=5 (above average quality) | DII buying +0.7% ↑ | MonthlyDoubleBottom forming (7mo base),High PE 92 | Pattern still forming (not broken out),3-4 years,Medium-High,"yfinance, screener.in",100,289,,2026-07-25,2026-06-01,54,-21.6,7,-4.0
BASF,BASF India Limited,Basic Materials,Specialty Chemicals,16115.0,Mid-Cap,MonthlyDoubleBottom,Forming,0.789,12,Sep 12mo | Mid rally 81% | Asymmetry 2%,,Sideways,False,False,Below-MAs,True,Stage2,1,Uptrend,Uptrend,3543.8,263.81,144.65,3012.23,5200.29,13693.93,36060.21,13693.93,286.4,96.6,38.76,22.59,4.07,0.24,23.52,67.0,49.38,4120.0,1,hold,10.9,14.5,-2.6,4.0,-0.94,2.81,4.16,1.11,25.31,62.52,-12.32,163.33,53.68,155.0,0.15,highly inconsistent earnings,0.03,,1.69,,-0.18,-0.0,73.33,0.0,,5.21,-0.13,6.29,0.0,5200.0,3122.2,31.8,13.5,-22.22,9.77,0.25,0.35,3,21.0,15.97,7.0,0.0,44.0,MONITOR ⭐,Expected ~97% CAGR (2yr) | Revenue CAGR 25% | Profit CAGR 163% | Nearly debt-free | Promoter 73% holding | Margin compressing ↓ ⚠️,Margin compression ↓ | Pattern still forming (not broken out),3-4 years,Medium-High,"yfinance, screener.in",100,289,,2026-07-25,2026-06-01,54,-7.0,7,-4.0
PAGEIND,Page Industries Limited,Consumer Cyclical,Apparel Manufacturing,44504.0,Large-Cap,MonthlyDoubleBottom,Forming,1.0,18,Sep 18mo | Mid rally 106% | Asymmetry 3%,,Sideways-Above-MA,True,False,Constructive,True,Stage2,3,Uptrend,Uptrend,38700.0,33328.2,15943.52,32895.0,28659.13,50712.88,34049.91,31238.45,31.0,14.5,58.14,43.49,29.62,6.46,40.06,150.0,0.61,42300.62,26,buy,52.5,,,18.87,,14.56,23.87,14.1,,,9.0,,,9.0,0.5,insufficient history,0.18,,1.73,,519.58,1.17,42.89,0.0,,18.91,-0.09,32.93,0.43,49090.0,29805.0,21.2,29.8,-13.15,-15.49,0.39,0.02,5,21.0,22.0,0.0,1.0,44.0,MONITOR ⭐,Expected ~14% CAGR (2yr) | ROE 52% | Low D/E 0.18 | Piotroski F=5 (above average quality) | MonthlyDoubleBottom forming (18mo base) | Sector in Stage2,High PE 58 | Earnings due 2026-08-13 | Pattern still forming (not broken out),3-4 years,Medium-High,"yfinance, screener.in",70,231,2026-08-13,2026-07-25,2026-06-01,54,0.0,7,-1.0
AGIIL,AGI Infra Limited,Real Estate,Real Estate - Development,4217.0,Small-Cap,None,,0.0,0,,,Sideways-Above-MA,True,False,Constructive,False,Stage2,3,Uptrend,Uptrend,345.6,,,293.76,359.26,451.05,566.3,451.05,30.5,14.2,43.48,,9.1,1.7,32.67,3.0,,,0,none,25.0,20.1,-0.91,35.0,1.11,26.91,5.0,8.62,13.72,26.26,41.79,25.55,41.08,69.6,0.4,lumpy earner,0.38,,1.31,,-85.2,-2.02,71.29,0.0,,4.68,0.7,0.01,0.0,434.4,206.2,20.4,67.6,52.88,,,-0.04,3,27.0,9.0,1.0,7.0,44.0,MONITOR ⭐,Expected ~14% CAGR (2yr) | Profit CAGR 26% | ROE 25% | ROCE 20% | Promoter 71% holding | OPM 35%,None identified,3-4 years,Medium-High,"yfinance, screener.in",100,25,,2026-07-25,2026-06-15,40,-7.2,5,-4.0
BANSALWIRE,BANSAL WIRE INDUSTRIES L,Basic Materials,Steel,4911.0,Small-Cap,None,,0.0,0,,,Uptrend,True,False,Tight-Above-MAs,True,Stage2,1,Uptrend,Uptrend,331.2,,,281.52,326.09,417.74,629.67,453.13,26.1,12.3,30.49,18.94,3.43,0.78,17.6,0.0,,364.67,3,strong_buy,12.1,13.8,-0.5,7.0,0.8,3.87,6.75,18.62,19.92,,10.27,38.96,,21.0,0.15,highly inconsistent earnings,0.39,,1.64,,4.53,0.09,77.99,0.0,,0.88,-1.24,17.06,1.39,434.3,222.5,23.7,48.9,-6.22,,,0.82,6,23.0,15.0,6.0,0.0,44.0,MONITOR ⭐,Expected ~12% CAGR (2yr) | Revenue CAGR 20% | Profit CAGR 39% | Promoter 78% holding | Piotroski F=6 (above average quality) | DII buying +1.4% ↑,None identified,3-4 years,Medium-High,"yfinance, screener.in",100,25,,2026-07-25,2026-06-15,40,9.0,5,5.0
HARSHA,Harsha Engineers International Limited,Industrials,Tools & Accessories,3823.0,Small-Cap,MonthlyDoubleBottom,Forming,0.95,36,Sep 36mo | Mid rally 97% | Asymmetry 2%,MonthlyCupHandle+MonthlyDoubleBottom+MonthlyStage2,Uptrend,True,False,Tight-Above-MAs,True,Stage2,4,Uptrend,Uptrend,425.0,611.14,306.92,361.25,540.64,915.36,630.71,583.94,115.4,46.8,24.63,17.52,2.73,3.07,16.24,36.0,14.47,484.33,3,buy,10.5,13.0,-0.51,15.0,-0.0,9.54,6.49,15.55,6.05,13.23,74.16,8.01,28.06,,0.15,highly inconsistent earnings,0.27,,2.6,,-57.12,-1.49,75.0,0.0,,1.79,-0.58,13.02,0.6,469.0,313.3,9.4,35.7,8.33,-31.65,0.95,0.57,3,10.0,27.9,3.0,3.0,43.9,MONITOR ⭐,Expected ~47% CAGR (2yr) | Low D/E 0.27 | Promoter 75% holding | DII buying +0.6% ↑ | Dividend growing 14%/yr | MonthlyDoubleBottom forming (36mo base),Pattern still forming (not broken out),3-4 years,Medium-High,"yfinance, screener.in",100,47,,2026-07-25,2026-06-01,54,4.1,7,7.0
ADANIPOWER,Adani Power Limited,Utilities,Utilities - Independent Power Producers,413560.0,Large-Cap,MonthlyDoubleBottom,Forming,0.774,13,Sep 13mo | Mid rally 86% | Asymmetry 9%,,Sideways-Above-MA,True,False,Constructive,False,Stage2,4,Uptrend,Uptrend,218.45,179.17,92.4,185.68,172.69,265.94,196.01,183.98,21.7,10.3,32.35,26.86,6.37,4.95,23.66,0.0,,247.67,9,strong_buy,21.1,17.2,1.77,37.0,1.03,23.66,7.48,-3.49,11.84,15.65,1.73,6.54,59.16,52.3,0.15,highly inconsistent earnings,0.82,,1.41,,-8656.76,-2.09,74.96,0.0,,11.76,0.03,4.07,0.38,254.2,110.45,14.1,97.8,82.75,214.22,0.36,0.53,5,18.0,18.79,0.0,7.0,43.8,MONITOR ⭐,Expected ~10% CAGR (2yr) | ROE 21% | ROCE trend rising ↑ | Promoter 75% holding | OPM 37% | Piotroski F=5 (above average quality),Earnings due 2026-07-22 | Pattern still forming (not broken out),3-4 years,Medium-High,"yfinance, screener.in",100,204,2026-07-22,2026-07-25,2026-06-01,54,-0.3,7,-6.0
RMDRIP,R M DRIP & SPRINK SYS LTD,Industrials,Farm & Heavy Construction Machinery,811.0,Small-Cap,MonthlyDoubleBottom,Forming,1.0,32,Sep 32mo | Mid rally 292% | Asymmetry 1%,,Downtrend,False,False,Below-MAs,False,Stage2,4,Uptrend,Uptrend,19.02,3.67,0.74,16.17,20.59,20.59,20.59,20.59,8.3,4.0,23.1,,4.27,,10.07,15.0,,,0,none,36.6,36.9,-7.0,27.0,8.0,17.7,16.7,50.38,,,45.83,,,-2.6,0.4,lumpy earner,0.48,,3.07,,-23.79,-2.93,21.06,0.0,,3.85,1.35,0.1,-0.25,72.22,14.81,73.7,28.4,-37.79,673.08,0.19,0.73,4,23.0,16.5,4.0,0.0,43.5,MONITOR ⭐,Expected ~4% CAGR (2yr) | Revenue CAGR 27% | Declining profits (-2% CAGR) ⚠️ | ROE 37% | ROCE 37% | OPM 27%,Pattern still forming (not broken out),3-4 years,Medium-High,"yfinance, screener.in",80,104,,2026-07-25,2026-06-01,54,0.0,7,-19.0
APOLLOTYRE,Apollo Tyres Limited,Consumer Cyclical,Auto Parts,27242.0,Mid-Cap,MonthlyDoubleBottom,Forming,1.0,38,Sep 38mo | Mid rally 116% | Asymmetry 9%,MonthlyDoubleBottom+MonthlyStage2,Sideways,False,False,Below-MAs,True,Stage2,3,Uptrend,Uptrend,440.1,271.7,120.24,374.09,962.63,822.98,1153.37,1053.69,87.0,36.7,19.88,13.31,1.63,2.1,8.06,255.0,10.06,476.91,23,buy,13.1,13.9,1.23,15.0,0.14,4.82,5.75,8.99,5.04,10.35,22.39,9.46,31.42,241.8,0.15,highly inconsistent earnings,0.22,,1.32,,1985.33,7.29,36.93,0.0,,12.15,-0.11,27.56,-0.33,540.5,365.3,18.6,20.5,-3.22,-9.08,0.47,0.14,5,18.0,19.5,5.0,1.0,43.5,MONITOR ⭐,Expected ~37% CAGR (2yr) | ROCE trend rising ↑ | Low D/E 0.22 | FCF yield 7.3% | Piotroski F=5 (above average quality) | Dividend growing 10%/yr,Earnings due 2026-08-06 | Pattern still forming (not broken out),3-4 years,Medium-High,"yfinance, screener.in",100,295,2026-08-06,2026-07-25,2026-06-01,54,18.3,7,-1.5
KTKBANK,The Karnataka Bank Limited,Financial Services,Banks - Regional,10330.0,Mid-Cap,MonthlyStage2,Stage Change,1.0,24,10-EMA=217 | 30-EMA=195 | Above by 27.1% | MA turning=Yes,MonthlyDoubleBottom+MonthlyStage2,Uptrend,True,False,Tight-Above-MAs,True,Stage2,12,Uptrend,Uptrend,247.75,194.86,163.04,210.59,702.27,543.6,753.3,727.34,119.4,48.1,7.89,6.99,0.78,2.21,,183.0,7.72,268.0,3,strong_buy,10.4,6.06,,45.57,,40.89,1.05,-1.07,7.29,7.43,2.99,3.57,22.15,61.6,0.15,highly inconsistent earnings,,,,,,,,,,13.1,1.32,15.75,-0.41,282.95,169.12,12.4,46.5,37.92,18.12,0.36,0.3,1,2.0,28.5,3.0,10.0,43.5,MONITOR ⭐,Expected ~48% CAGR (2yr) | OPM 46% | FII buying +1.3% ↑ | MonthlyStage2 forming (24mo base) | Weekly uptrend | Tight daily consolidation above MAs,None identified,3-4 years,Medium-High,"yfinance, screener.in",70,313,,2026-07-25,2026-06-01,54,0.0,7,1.0
KIRLOSBROS,Kirloskar Brothers Limited,Industrials,Specialty Industrial Machinery,14835.0,Mid-Cap,MonthlyDoubleBottom,Forming,1.0,26,Sep 26mo | Mid rally 217% | Asymmetry 2%,MonthlyDoubleBottom+MonthlyStage2,Sideways,False,False,Below-MAs,True,Stage2,4,Uptrend,Uptrend,1619.0,403.92,126.34,1376.15,1595.4,1865.03,2180.22,1865.03,15.2,7.3,39.68,,6.02,2.35,27.3,37.0,32.64,,0,none,17.3,20.4,2.31,12.0,1.09,8.23,6.89,1.02,6.75,10.8,-10.02,16.9,18.55,-18.6,0.15,highly inconsistent earnings,0.1,,1.83,,93.18,0.63,65.95,0.0,,6.41,0.17,10.23,-0.15,2189.2,1335.0,26.0,21.3,-23.37,145.92,0.3,0.25,6,23.0,19.5,-1.0,2.0,43.5,MONITOR ⭐,Expected ~7% CAGR (2yr) | ROCE 20% | ROCE trend rising ↑ | Low D/E 0.10 | Promoter 66% holding | Piotroski F=6 (above average quality),Pattern still forming (not broken out),3-4 years,Medium-High,"yfinance, screener.in",100,242,,2026-07-25,2026-06-01,54,0.0,7,4.0
DICIND,DIC India Limited,Basic Materials,Specialty Chemicals,472.0,Micro-Cap,MonthlyDoubleBottom,Forming,1.0,48,Sep 48mo | Mid rally 132% | Asymmetry 3%,,Sideways-Above-MA,True,True,Below-MAs,False,Stage2,1,Uptrend,Uptrend,522.6,697.35,296.01,444.21,516.82,1098.69,667.18,587.21,110.2,45.0,24.82,12.02,1.1,1.82,8.68,58.0,14.47,,0,none,10.8,15.2,0.2,8.0,0.3,2.05,,-2.14,10.48,,22.22,13.62,,63.8,0.15,highly inconsistent earnings,0.01,,,,,,71.75,0.0,,0.0,,,,650.0,450.5,19.6,16.0,-9.41,-10.9,0.58,0.07,3,15.0,21.5,6.0,1.0,43.5,MONITOR ⭐,Expected ~45% CAGR (2yr) | ROCE trend rising ↑ | Nearly debt-free | Promoter 72% holding | Dividend growing 14%/yr | EV/EBITDA 9× vs sector 10×,Pattern still forming (not broken out),3-4 years,Medium-High,"yfinance, screener.in",80,289,,2026-07-25,2026-06-01,54,3.5,7,6.0
GREENPANEL,Greenpanel Industries Limited,Basic Materials,Lumber & Wood Production,2394.0,Small-Cap,MonthlyDoubleBottom,Forming,0.662,15,Sep 15mo | Mid rally 72% | Asymmetry 5%,,Sideways,False,False,Below-MAs,True,Stage2,1,Uptrend,Uptrend,190.63,447.71,253.76,241.07,312.5,641.66,508.0,398.43,236.6,83.5,16.8,14.96,1.77,0.61,24.09,26.0,-41.52,245.56,16,buy,11.4,12.9,3.31,16.0,1.31,-1.89,0.42,-12.11,15.35,21.21,-44.36,27.5,32.51,-95.3,0.15,highly inconsistent earnings,0.27,,1.94,,-3.1,-0.13,53.13,0.0,,1.07,-0.03,28.4,-0.05,335.2,163.01,43.1,16.9,-28.61,-75.05,0.17,0.42,6,21.0,14.44,8.0,0.0,43.4,MONITOR ⭐,Expected ~84% CAGR (2yr) | Revenue CAGR 15% | Profit CAGR 28% | ROCE trend rising ↑ | Low D/E 0.27 | Promoter 53% holding,Pattern still forming (not broken out),3-4 years,Medium-High,"yfinance, screener.in",90,82,,2026-07-25,2026-06-01,54,4.2,7,3.0
DIVISLAB,Divi's Laboratories Limited,Healthcare,Drug Manufacturers - Specialty & Generic,192398.0,Large-Cap,MonthlyDoubleBottom,Forming,0.681,20,Sep 20mo | Mid rally 71% | Asymmetry 3%,,Uptrend,True,True,Uptrend,True,Stage2,6,Uptrend,Uptrend,6836.0,5284.12,3058.82,5810.6,4183.74,7509.42,5257.46,4689.97,9.9,4.8,75.19,51.47,11.48,6.21,55.02,41.0,0.0,7088.8,30,hold,16.5,22.0,-2.8,33.0,-2.17,24.32,10.07,12.82,10.78,8.67,17.21,12.1,5.3,13.4,0.15,highly inconsistent earnings,0.0,,5.43,,-928.13,-0.48,51.88,0.0,,20.2,-0.09,19.38,0.25,7390.0,5636.5,7.5,21.3,12.39,68.17,0.38,0.22,4,15.0,22.17,0.0,6.0,43.2,MONITOR ⭐,Expected ~5% CAGR (2yr) | ROCE 22% | Nearly debt-free | Promoter 52% holding | OPM 33% | Margin compressing ↓ ⚠️,High PE 75 | Margin compression ↓ | Earnings due 2026-08-05 | Pattern still forming (not broken out),3-4 years,Medium-High,"yfinance, screener.in",100,281,2026-08-05,2026-07-25,2026-06-01,54,-1.1,7,1.0
MANYAVAR,Vedant Fashions Limited,Consumer Cyclical,Apparel Manufacturing,9700.0,Mid-Cap,None,,0.0,0,,,Downtrend,False,False,Below-MAs,False,Stage2,3,Uptrend,Uptrend,402.3,,,341.95,663.94,634.34,782.47,720.77,57.7,25.6,25.84,21.87,4.93,3.02,15.29,200.0,16.96,504.7,10,buy,26.7,30.7,0.91,48.0,1.2,26.16,10.24,-1.68,8.92,7.99,-2.66,8.56,11.2,13.1,0.15,highly inconsistent earnings,0.23,,3.67,,404.98,4.18,74.94,0.0,,8.28,-1.01,12.62,0.62,804.0,329.2,50.0,22.2,-44.23,-93.0,,-0.1,6,33.0,3.0,7.0,0.0,43.0,MONITOR ⭐,Expected ~26% CAGR (2yr) | ROE 27% | ROCE 31% | ROCE trend rising ↑ | Low D/E 0.23 | Promoter 75% holding,None identified,3-4 years,Medium-High,"yfinance, screener.in",100,54,,2026-07-25,2026-06-01,54,-6.9,7,-2.0
JTEKTINDIA,JTEKT India Limited,Consumer Cyclical,Auto Parts,3780.0,Small-Cap,MonthlyDoubleBottom,Forming,1.0,6,Sep 6mo | Mid rally 132% | Asymmetry 4%,MonthlyCupHandle+MonthlyDoubleBottom,Downtrend,False,False,Below-MAs,False,Stage2,3,Uptrend,Uptrend,128.86,15.95,6.73,109.53,298.58,555.18,1032.3,555.18,330.8,107.6,48.15,30.62,3.19,0.56,20.19,51.0,21.39,177.5,2,buy,12.4,15.9,-0.91,9.0,-0.57,2.89,3.68,0.93,15.67,3.3,3.45,85.94,2.9,11.5,0.15,highly inconsistent earnings,0.29,,1.23,,-373.06,-9.87,74.98,0.0,,0.6,0.12,10.24,-0.9,188.5,117.01,31.6,10.1,-3.24,-31.39,0.33,0.76,3,19.0,15.0,9.0,0.0,43.0,MONITOR ⭐,Expected ~108% CAGR (2yr) | Revenue CAGR 16% | Profit CAGR 86% | Low D/E 0.29 | Promoter 75% holding | Margin compressing ↓ ⚠️,Margin compression ↓ | Pattern still forming (not broken out),3-4 years,Medium-High,"yfinance, screener.in",100,269,,2026-07-25,2026-06-01,54,0.0,7,0.0
SOTL,Savita Oil Technologies Limited,Basic Materials,Specialty Chemicals,3978.0,Small-Cap,MonthlyStage2,Breaking Out,1.0,24,10-EMA=443 | 30-EMA=413 | Above by 47.1% | MA turning=Yes,MonthlyDoubleBottom+MonthlyStage2,Uptrend,True,False,Uptrend,True,Stage2,1,Uptrend,Uptrend,607.45,412.86,288.1,516.33,599.68,599.68,599.68,599.68,,,21.88,9.56,2.19,,14.97,69.0,-7.17,,0,none,10.5,15.2,-1.34,6.0,-2.17,4.17,5.39,14.42,6.33,16.89,61.06,-6.96,-5.14,62.0,0.15,highly inconsistent earnings,0.0,,2.54,,72.85,1.83,68.93,0.0,,1.02,0.14,13.18,0.0,639.15,285.8,5.0,112.5,50.93,66.91,1.58,0.56,4,7.0,28.0,0.0,8.0,43.0,MONITOR ⭐,Declining profits (-7% CAGR) ⚠️ | Nearly debt-free | Promoter 69% holding | Margin compressing ↓ ⚠️ | MonthlyStage2 — Breaking Out | Weekly uptrend,Margin compression ↓,3-4 years,Medium-High,"yfinance, screener.in",100,289,,2026-07-25,2026-06-01,54,45.5,7,4.0
LATENTVIEW,Latent View Analytics Limited,Industrials,Consulting Services,6287.0,Small-Cap,MonthlyDoubleBottom,Forming,0.666,25,Sep 25mo | Mid rally 76% | Asymmetry 10%,,Sideways,False,False,Below-MAs,True,Stage2,4,Uptrend,Uptrend,325.25,575.0,310.45,294.93,331.38,839.55,395.37,361.96,158.1,60.7,31.75,22.78,3.58,3.44,24.48,0.0,,333.0,5,buy,11.9,15.8,-1.8,22.0,-2.49,18.63,6.39,25.0,25.29,28.21,16.76,9.23,17.29,-1.4,0.4,lumpy earner,0.02,,4.05,,199.62,3.17,65.1,0.0,,3.15,-0.57,4.13,-0.07,517.5,248.0,37.1,31.1,-13.24,-30.22,1.0,0.51,5,26.0,15.49,1.0,0.0,42.5,MONITOR ⭐,Expected ~61% CAGR (2yr) | Revenue CAGR 25% | Nearly debt-free | Promoter 65% holding | Margin compressing ↓ ⚠️ | FCF yield 3.2%,Margin compression ↓ | Pattern still forming (not broken out),3-4 years,Medium-High,"yfinance, screener.in",100,55,,2026-07-25,2026-06-01,54,0.0,7,-2.0
GATEWAY,Gateway Distriparks Limited,Industrials,Integrated Freight & Logistics,2901.0,Small-Cap,MonthlyDoubleBottom,Forming,1.0,37,Sep 37mo | Mid rally 123% | Asymmetry 10%,,Downtrend,False,False,Below-MAs,False,Stage2,4,Uptrend,Uptrend,58.71,112.36,48.1,49.9,138.44,176.62,144.85,141.61,200.8,73.4,11.34,9.25,1.26,4.95,7.64,344.0,0.0,87.4,5,strong_buy,11.5,10.8,0.2,22.0,-1.09,11.56,5.86,31.59,15.89,13.41,-30.75,2.29,22.47,,0.15,highly inconsistent earnings,0.25,,1.07,,268.06,9.24,33.93,0.0,,6.98,0.32,32.42,-1.57,76.5,48.1,23.3,22.1,-3.29,-50.75,0.32,0.21,5,16.0,16.5,9.0,1.0,42.5,MONITOR ⭐,Expected ~73% CAGR (2yr) | Revenue CAGR 16% | ROCE trend rising ↑ | Low D/E 0.25 | Margin compressing ↓ ⚠️ | FCF yield 9.2%,Margin compression ↓ | Pattern still forming (not broken out),3-4 years,Medium-High,"yfinance, screener.in",100,53,,2026-07-25,2026-06-01,54,4.7,7,1.0
KRSNAA,Krsnaa Diagnostics Limited,Healthcare,Diagnostics & Research,1752.0,Small-Cap,MonthlyDoubleBottom,Forming,1.0,48,Sep 48mo | Mid rally 111% | Asymmetry 9%,,Downtrend,False,False,Below-MAs,False,Stage2,6,Uptrend,Uptrend,566.3,1040.59,472.61,481.35,1670.59,1608.57,2312.75,1965.62,184.0,68.5,17.48,11.93,1.79,0.99,8.1,51.0,3.23,867.25,4,buy,10.9,12.7,1.2,27.0,-0.8,12.7,5.93,7.81,16.65,66.18,29.49,17.66,,101.8,0.15,highly inconsistent earnings,0.55,,2.68,,-27.35,-1.56,27.11,0.0,,4.28,0.37,14.51,0.62,894.4,515.0,36.7,10.0,-11.72,-24.88,0.53,0.06,5,12.0,16.5,14.0,0.0,42.5,MONITOR ⭐,Expected ~68% CAGR (2yr) | Revenue CAGR 17% | ROCE trend rising ↑ | OPM 27% | Margin compressing ↓ ⚠️ | Piotroski F=5 (above average quality),Margin compression ↓ | Pattern still forming (not broken out),3-4 years,Medium-High,"yfinance, screener.in",100,58,,2026-07-25,2026-06-01,54,0.0,7,3.0
HNDFDS,Hindustan Foods Limited,Industrials,Conglomerates,6766.0,Small-Cap,MonthlyDoubleBottom,Forming,0.454,22,Sep 22mo | Mid rally 51% | Asymmetry 6%,MonthlyDoubleBottom+MonthlyStage2,Uptrend,True,False,Uptrend,True,Stage2,4,Uptrend,Uptrend,560.8,686.4,442.0,476.68,571.2,930.8,936.3,731.31,66.0,28.8,45.25,25.97,5.81,1.61,21.47,0.0,,830.5,2,strong_buy,14.8,14.2,-0.77,9.0,0.63,3.51,6.03,19.28,17.84,25.13,35.45,28.03,34.38,35.1,0.75,consistent growth,0.93,,1.41,,-379.47,-5.61,61.31,0.0,,5.83,0.08,15.06,0.47,594.0,442.0,5.6,26.9,7.77,-23.54,0.63,0.32,4,18.0,19.45,2.0,3.0,42.4,MONITOR ⭐,Expected ~29% CAGR (2yr) | Revenue CAGR 18% | Profit CAGR 28% | Promoter 61% holding | EPS: consistent growth | MonthlyDoubleBottom forming (22mo base),Pattern still forming (not broken out),3-4 years,Medium-High,"yfinance, screener.in",100,45,,2026-07-25,2026-06-01,54,7.3,7,2.0
MANKIND,Mankind Pharma Limited,Healthcare,Drug Manufacturers - Specialty & Generic,102596.0,Large-Cap,MonthlyStage2,Stage Change,0.818,24,10-EMA=2295 | 30-EMA=2220 | Above by 12.3% | MA turning=Yes,MonthlyDoubleBottom+MonthlyStage2,Sideways-Above-MA,True,False,Constructive,True,Stage2,6,Uptrend,Uptrend,2492.6,2220.12,2005.8,2118.71,2217.26,2582.88,2878.52,2526.35,3.6,1.8,53.76,34.86,6.29,3.86,29.45,8.0,,2667.68,19,buy,13.1,13.5,-4.46,25.0,-0.29,13.4,6.31,16.97,17.73,18.1,-3.63,13.94,8.43,31.7,0.15,highly inconsistent earnings,0.38,,1.07,,1674.81,1.63,72.66,0.0,,10.24,-1.1,14.46,1.2,2694.9,1909.7,7.5,30.5,15.21,23.38,0.75,0.45,4,17.0,20.32,1.0,4.0,42.3,MONITOR ⭐,Expected ~2% CAGR (2yr) | Revenue CAGR 18% | Promoter 73% holding | DII buying +1.2% ↑ | MonthlyStage2 forming (24mo base) | Sector in Stage2,High PE 54 | Earnings due 2026-08-06,3-4 years,Medium-High,"yfinance, screener.in",100,37,2026-08-06,2026-07-25,2026-06-01,54,0.0,7,0.0
ACC,ACC Limited,Basic Materials,Building Materials,25871.0,Mid-Cap,MonthlyDoubleBottom,Forming,1.0,20,Sep 20mo | Mid rally 121% | Asymmetry 4%,,Downtrend,False,False,Below-MAs,False,Stage2,1,Uptrend,Uptrend,1384.5,980.37,434.56,1176.83,3305.88,3337.5,5950.23,4435.17,141.1,55.3,12.14,12.44,1.26,0.36,9.43,54.0,-6.75,1691.0,29,buy,10.9,11.2,-0.66,11.0,-1.11,8.3,4.32,19.3,5.34,13.5,-11.03,34.16,8.37,-68.3,0.15,highly inconsistent earnings,0.02,,1.97,,-3865.32,-14.94,56.69,0.0,,5.83,-0.1,21.12,-0.5,1993.6,1251.7,30.6,10.6,-22.26,-56.22,0.22,0.27,2,13.0,16.0,13.0,0.0,42.0,MONITOR ⭐,Expected ~55% CAGR (2yr) | Profit CAGR 34% | Nearly debt-free | Promoter 57% holding | Margin compressing ↓ ⚠️ | PEG 0.36 — deeply undervalued,Margin compression ↓ | Earnings due 2026-07-24 | Pattern still forming (not broken out),3-4 years,Medium-High,"yfinance, screener.in",100,289,2026-07-24,2026-07-25,2026-06-01,54,1.9,7,-5.0
JYOTICNC,Jyoti CNC Automation Limited,Industrials,Specialty Industrial Machinery,17773.0,Mid-Cap,None,,0.0,0,,,Downtrend,False,False,Below-MAs,False,Stage2,4,Uptrend,Uptrend,679.15,,,577.28,1225.77,3251.59,8625.5,3251.59,378.8,118.8,52.91,31.58,8.89,0.32,35.12,0.0,,724.0,2,strong_buy,18.2,21.3,5.0,25.0,4.71,16.05,9.3,15.13,31.09,31.51,6.33,165.27,,-16.9,0.2,multiple loss years in history,0.43,,2.26,,-284.71,-1.6,62.55,0.0,,6.29,-2.66,12.59,-1.09,1084.0,580.1,37.3,17.1,-28.15,,,-0.46,6,32.0,3.0,7.0,0.0,42.0,MONITOR ⭐,Expected ~119% CAGR (2yr) | Revenue CAGR 31% | Profit CAGR 165% | ROCE 21% | ROCE trend rising ↑ | Promoter 63% holding,High PE 53,3-4 years,Medium-High,"yfinance, screener.in",100,29,,2026-07-25,2026-06-01,54,0.0,7,-2.0
PARADEEP,Paradeep Phosphates Limited,Basic Materials,Agricultural Inputs,14561.0,Mid-Cap,MonthlyDoubleBottom,Forming,0.501,8,Sep 8mo | Mid rally 56% | Asymmetry 6%,MonthlyDoubleBottom+MonthlyStage2,Sideways,False,False,Below-MAs,True,Stage2,1,Uptrend,Uptrend,123.98,92.94,58.05,105.38,271.94,303.27,599.85,403.89,144.6,56.4,14.63,12.02,2.15,0.3,9.78,71.0,100.0,152.33,3,buy,18.9,17.1,0.23,10.0,-0.14,4.57,7.52,57.93,17.83,33.41,80.43,48.52,34.89,-2.8,0.15,highly inconsistent earnings,1.02,,1.15,,-3334.03,-22.9,57.86,0.07,,5.1,-3.26,18.07,2.58,234.39,99.7,47.1,24.4,-14.43,76.9,0.77,-0.08,3,18.0,12.01,12.0,0.0,42.0,MONITOR ⭐,Expected ~56% CAGR (2yr) | Revenue CAGR 18% | Profit CAGR 49% | ROCE trend rising ↑ | Promoter 58% holding | DII buying +2.6% ↑,High D/E 1.0 | Pattern still forming (not broken out),3-4 years,Medium-High,"yfinance, screener.in",100,49,,2026-07-25,2026-06-01,54,0.0,7,0.0
ICICIPRULI,ICICI Prudential Life Insurance Company Limited,Financial Services,Insurance - Life,72074.0,Large-Cap,MonthlyDoubleBottom,Forming,0.777,27,Sep 27mo | Mid rally 84% | Asymmetry 6%,,Sideways,False,False,Below-MAs,True,Stage2,12,Uptrend,Uptrend,512.6,488.35,258.34,435.71,325.14,718.36,512.35,408.15,40.1,18.4,42.75,34.76,5.29,1.67,38.62,33.0,40.1,683.79,34,buy,12.6,10.1,-0.51,2.0,0.77,2.55,0.34,-10.48,7.87,-5.3,35.58,25.53,10.96,61.9,0.15,highly inconsistent earnings,0.19,,1.47,,2168.01,3.01,72.8,-0.08,,10.89,-0.59,11.05,0.64,706.8,459.5,27.5,11.6,-13.64,-34.61,0.42,0.46,2,21.0,16.82,4.0,0.0,41.8,MONITOR ⭐,Expected ~18% CAGR (2yr) | Profit CAGR 26% | Low D/E 0.19 | Promoter 73% holding | FCF yield 3.0% | DII buying +0.6% ↑,Earnings due 2026-10-13 | Pattern still forming (not broken out),3-4 years,Medium-High,"yfinance, screener.in",100,119,2026-10-13,2026-07-25,2026-06-01,54,-1.8,7,1.0
METROPOLIS,Metropolis Healthcare Limited,Healthcare,Diagnostics & Research,11308.0,Mid-Cap,MonthlyDoubleBottom,Forming,0.936,12,Sep 12mo | Mid rally 96% | Asymmetry 2%,MonthlyCupHandle+MonthlyDoubleBottom+MonthlyStage2,Sideways-Above-MA,True,False,Constructive,True,Stage2,6,Uptrend,Uptrend,508.4,880.34,445.42,432.14,379.29,1315.26,460.03,417.71,158.7,60.8,59.14,35.91,7.46,5.84,28.25,37.0,-30.66,614.2,19,buy,13.8,17.8,-3.8,24.0,-1.2,11.54,8.34,23.67,12.76,10.52,30.82,10.13,0.86,74.7,0.15,highly inconsistent earnings,0.15,,1.4,,242.37,2.14,48.86,-0.01,,10.43,-1.25,35.8,1.07,600.0,412.25,15.3,23.3,27.39,14.38,2.35,0.22,4,13.0,20.73,2.0,6.0,41.7,MONITOR ⭐,Expected ~61% CAGR (2yr) | Low D/E 0.15 | Margin compressing ↓ ⚠️ | DII buying +1.1% ↑ | MonthlyDoubleBottom forming (12mo base) | Sector in Stage2,High PE 59 | Margin compression ↓ | Earnings due 2026-08-06 | Pattern still forming (not broken out),3-4 years,Medium-High,"yfinance, screener.in",100,86,2026-08-06,2026-07-25,2026-06-01,54,0.0,7,0.0
KEC,KEC International Limited,Industrials,Engineering & Construction,13188.0,Mid-Cap,MonthlyDoubleBottom,Forming,0.963,10,Sep 10mo | Mid rally 103% | Asymmetry 6%,,Downtrend,False,False,Below-MAs,False,Stage2,4,Uptrend,Uptrend,469.4,1305.02,623.52,592.34,1171.27,1986.52,2670.61,1768.62,323.2,105.7,21.79,12.63,2.14,0.43,10.89,111.0,11.2,583.87,23,buy,11.3,14.5,-0.54,7.0,-0.14,2.58,3.86,7.59,10.8,12.38,6.13,51.0,1.85,-28.1,0.15,highly inconsistent earnings,0.87,,1.23,,-1843.81,-13.98,50.1,0.0,,9.92,0.08,23.34,-3.52,937.8,466.0,49.9,0.7,-40.85,-36.2,1.07,0.08,2,13.0,14.56,14.0,0.0,41.6,MONITOR ⭐,Expected ~106% CAGR (2yr) | Profit CAGR 51% | Promoter 50% holding | Dividend growing 11%/yr | PEG 0.43 — deeply undervalued | EV/EBITDA 11× below sector (18×),Pattern still forming (not broken out),3-4 years,Medium-High,"yfinance, screener.in",100,286,,2026-07-25,2026-06-01,54,0.0,7,-1.0
FINCABLES,Finolex Cables Limited,Industrials,Electrical Equipment & Parts,15559.0,Mid-Cap,MonthlyDoubleBottom,Forming,1.0,32,Sep 32mo | Mid rally 130% | Asymmetry 8%,MonthlyCupHandle+MonthlyDoubleBottom+MonthlyStage2,Sideways-Above-MA,True,False,Constructive,False,Stage2,4,Uptrend,Uptrend,1054.5,1674.55,700.8,896.32,1693.43,2648.3,2136.02,1901.89,151.1,58.5,21.79,15.05,2.56,1.77,21.81,79.0,10.06,1204.33,6,buy,12.3,16.0,-0.74,10.0,-0.49,11.29,5.27,18.84,12.15,17.96,1.85,12.31,9.14,17.1,0.15,highly inconsistent earnings,0.0,,8.42,,-130.67,-0.84,35.86,0.0,,9.65,0.03,16.71,0.27,1203.9,700.8,12.4,50.5,30.67,-27.75,0.26,0.52,4,9.0,22.5,3.0,7.0,41.5,MONITOR ⭐,Expected ~58% CAGR (2yr) | Nearly debt-free | Dividend growing 10%/yr | MonthlyDoubleBottom forming (32mo base) | Sector in Stage2 | Outperforms Nifty by 31%/yr,Earnings due 2026-08-11 | Pattern still forming (not broken out),3-4 years,Medium-High,"yfinance, screener.in",100,289,2026-08-11,2026-07-25,2026-06-01,54,-0.2,7,-5.0
EUROBOND,EURO PANEL PRODUCTS LTD,Industrials,Building Products & Equipment,404.0,Micro-Cap,MonthlyDoubleBottom,Forming,0.581,12,Sep 12mo | Mid rally 61% | Asymmetry 3%,,Downtrend,False,False,Below-MAs,False,Stage2,4,Uptrend,Uptrend,171.56,230.0,140.5,145.83,553.96,756.15,1032.15,756.15,340.7,109.9,15.22,,2.52,0.42,10.17,0.0,,,0,none,18.1,16.8,,11.0,1.0,5.28,8.25,18.91,,,50.0,,,36.5,0.5,insufficient history,1.01,,1.41,,-37.8,-9.35,63.93,0.0,,0.0,0.0,1.29,0.0,254.5,126.3,32.6,35.8,-25.4,-12.26,0.16,0.09,3,19.0,10.47,12.0,0.0,41.5,MONITOR ⭐,Expected ~110% CAGR (2yr) | Revenue CAGR 20% | Profit CAGR 36% | Promoter 64% holding | PEG 0.42 — deeply undervalued | EV/EBITDA 10× below sector (18×),High D/E 1.0 | Pattern still forming (not broken out),3-4 years,Medium-High,"yfinance, screener.in",80,55,,2026-07-25,2026-06-01,54,-4.4,7,-4.0
JBMA,JBM Auto Limited,Consumer Cyclical,Auto Parts,15853.0,Mid-Cap,MonthlyDoubleBottom,Forming,1.0,48,Sep 48mo | Mid rally 372% | Asymmetry 5%,,Uptrend,True,False,Constructive,True,Stage2,3,Uptrend,Uptrend,622.95,121.35,25.11,529.51,500.41,620.21,768.68,620.21,,,72.47,33.82,13.89,3.03,34.49,13.0,19.35,,0,none,15.6,14.8,0.91,11.0,0.37,3.59,5.02,11.26,16.43,25.16,10.7,23.94,37.18,11.9,0.15,highly inconsistent earnings,1.9,,1.1,,-982.55,-6.2,67.53,0.0,,2.03,0.06,0.16,0.06,790.0,477.0,21.1,30.6,4.75,-29.27,0.87,0.07,4,14.0,25.5,0.0,2.0,41.5,MONITOR ⭐,Revenue CAGR 16% | Profit CAGR 24% | ROCE trend rising ↑ | Promoter 68% holding | Dividend growing 19%/yr | MonthlyDoubleBottom forming (48mo base),High D/E 1.9 | High PE 72 | Pattern still forming (not broken out),3-4 years,Medium-High,"yfinance, screener.in",100,258,,2026-07-25,2026-06-01,54,0.0,7,-3.0
JUBLFOOD,,Consumer Cyclical,Restaurants,0.0,Micro-Cap,MonthlyDoubleBottom,Forming,1.0,32,Sep 32mo | Mid rally 116% | Asymmetry 4%,,Sideways,False,False,Below-MAs,True,Stage2,3,Uptrend,Uptrend,473.0,191.15,86.69,402.05,270.5,390.59,315.21,292.0,,,73.57,44.93,,9.25,14.43,29.0,0.0,538.48,29,buy,18.9,14.6,-0.97,20.0,-1.14,4.5,6.42,16.84,22.63,23.49,104.61,7.95,13.96,-18.4,0.15,highly inconsistent earnings,0.03,,0.37,,478.52,,40.27,0.0,,17.29,-1.3,36.38,1.59,682.65,408.8,30.7,15.7,-24.77,-27.75,0.41,0.06,4,17.0,19.5,5.0,0.0,41.5,MONITOR ⭐,Revenue CAGR 23% | Nearly debt-free | Margin compressing ↓ ⚠️ | DII buying +1.6% ↑ | EV/EBITDA 14× below sector (25×) | MonthlyDoubleBottom forming (32mo base),High PE 74 | Margin compression ↓ | Pattern still forming (not broken out),3-4 years,Medium-High,"yfinance, screener.in",90,196,,2026-07-25,2026-06-01,54,0.0,7,-2.0
FORTIS,Fortis Healthcare Limited,Healthcare,Medical Care Facilities,71906.0,Large-Cap,MonthlyDoubleBottom,Forming,1.0,29,Sep 29mo | Mid rally 147% | Asymmetry 0%,,Sideways-Above-MA,True,False,Constructive,False,Stage2,6,Uptrend,Uptrend,968.0,186.33,75.52,822.8,741.79,976.45,1048.68,881.99,0.9,0.4,68.97,40.78,7.27,3.65,36.02,10.0,0.0,1118.15,20,strong_buy,11.3,13.5,1.74,23.0,1.97,11.41,6.89,17.28,13.17,17.76,31.52,18.9,63.52,44.6,0.15,highly inconsistent earnings,0.34,,0.86,,173.28,0.24,31.17,0.0,,25.98,-1.86,31.35,2.02,1104.3,766.8,12.3,26.2,7.1,167.09,0.29,0.65,6,15.0,22.5,1.0,3.0,41.5,MONITOR ⭐,Expected ~0% CAGR (2yr) | ROCE trend rising ↑ | Piotroski F=6 (above average quality) | DII buying +2.0% ↑ | MonthlyDoubleBottom forming (29mo base) | Sector in Stage2,High PE 69 | Earnings due 2026-08-06 | Pattern still forming (not broken out),3-4 years,Medium-High,"yfinance, screener.in",100,231,2026-08-06,2026-07-25,2026-06-01,54,0.8,7,-1.0
MINDACORP,Minda Corporation Limited,Consumer Cyclical,Auto Parts,15965.0,Mid-Cap,MonthlyDoubleBottom,Forming,1.0,48,Sep 48mo | Mid rally 251% | Asymmetry 3%,,Downtrend,False,False,Below-MAs,True,Stage2,3,Uptrend,Uptrend,520.2,220.84,62.05,442.17,486.69,610.35,567.89,525.72,17.3,8.3,45.04,30.44,6.04,5.62,24.02,24.0,-20.63,737.29,7,strong_buy,14.9,12.8,0.49,12.0,0.51,5.82,5.92,22.33,12.88,21.17,40.39,8.02,46.53,139.4,0.15,highly inconsistent earnings,0.55,,0.94,,78.01,0.49,64.84,0.0,,9.3,0.5,17.87,-0.95,713.65,445.05,27.1,16.9,7.75,63.17,0.27,0.41,6,14.0,16.5,6.0,5.0,41.5,MONITOR ⭐,"Expected ~8% CAGR (2yr) | ROCE trend rising ↑ | Promoter 65% holding | Piotroski F=6 (above average quality) | Analyst target ₹737 (+42%, n=7) | MonthlyDoubleBottom forming (48mo base)",Pattern still forming (not broken out),3-4 years,Medium-High,"yfinance, screener.in",100,171,,2026-07-25,2026-06-01,54,0.0,7,0.0
OBEROIRLTY,Oberoi Realty Limited,Real Estate,Real Estate - Development,68895.0,Large-Cap,MonthlyDoubleBottom,Forming,0.58,34,Sep 34mo | Mid rally 61% | Asymmetry 3%,MonthlyDoubleBottom+MonthlyStage2,Sideways-Above-MA,True,False,Constructive,True,Stage2,3,Uptrend,Uptrend,1622.0,306.35,186.68,1378.7,2093.37,2140.41,2575.52,2321.96,32.0,14.9,26.18,17.72,3.84,2.4,20.39,43.0,-12.64,1868.08,26,buy,14.6,17.3,1.63,56.0,2.37,41.73,8.4,5.21,12.03,18.6,4.91,10.92,20.23,62.4,0.15,highly inconsistent earnings,0.16,,3.99,,-108.58,-0.16,67.71,0.0,,15.11,-0.31,14.83,0.25,1986.1,1391.2,18.3,16.6,-6.75,45.09,0.35,0.3,6,18.0,17.46,2.0,4.0,41.5,MONITOR ⭐,Expected ~15% CAGR (2yr) | ROCE trend rising ↑ | Low D/E 0.16 | Promoter 68% holding | OPM 56% | Piotroski F=6 (above average quality),Earnings due 2026-10-14 | Pattern still forming (not broken out),3-4 years,Medium-High,"yfinance, screener.in",100,188,2026-10-14,2026-07-25,2026-06-01,54,0.0,7,1.0
JLHL,Jupiter Life Line Hospitals Limited,Healthcare,Medical Care Facilities,10182.0,Mid-Cap,MonthlyAscTriangle,Forming,0.17,14,3 resistance tests | Support rise 19% | Resistance flat 8.7%,,Sideways,False,True,Below-MAs,True,Stage2,6,Uptrend,Uptrend,1328.9,1651.6,1066.13,1129.57,1845.58,2237.07,3540.75,2556.31,68.3,29.7,52.36,35.94,6.59,1.36,31.31,6.0,0.0,1595.83,6,strong_buy,13.1,14.8,1.26,23.0,1.46,12.94,7.44,15.21,18.87,25.28,12.6,38.51,45.26,12.7,0.15,highly inconsistent earnings,0.38,,3.02,,-263.62,-2.59,40.91,0.0,,8.48,0.0,17.01,-0.43,1625.0,1178.0,18.2,12.8,-3.47,,1.49,0.19,6,23.0,8.54,6.0,4.0,41.5,MONITOR ⭐,Expected ~30% CAGR (2yr) | Revenue CAGR 19% | Profit CAGR 39% | ROCE trend rising ↑ | Piotroski F=6 (above average quality) | PEG 1.36 — fair value,High PE 52 | Pattern still forming (not broken out),3-4 years,Medium-High,"yfinance, screener.in",100,33,,2026-07-25,2026-06-01,54,0.0,7,2.0
DYCL,Dynamic Cables Limited,Industrials,Electrical Equipment & Parts,1873.0,Small-Cap,MonthlyStage2,Stage Change,1.0,24,10-EMA=341 | 30-EMA=315 | Above by 15.3% | MA turning=Yes,MonthlyDoubleBottom+MonthlyStage2,Uptrend,True,True,Uptrend,True,Stage2,4,Uptrend,Uptrend,362.8,314.74,240.9,308.38,440.22,451.22,462.5,451.22,24.4,11.5,22.17,,4.1,8.87,14.53,13.0,25.99,,0,none,20.32,,,9.71,,7.05,11.59,7.3,,,2.5,,,2.6,0.5,insufficient history,0.09,,2.52,,-4.15,-0.22,68.18,0.0,,0.9,0.37,1.27,0.24,520.0,236.8,30.2,53.2,-12.51,30.6,0.23,0.14,3,12.0,26.5,3.0,0.0,41.5,MONITOR ⭐,Expected ~12% CAGR (2yr) | ROE 20% | Nearly debt-free | Promoter 68% holding | Dividend growing 26%/yr | EV/EBITDA 15× vs sector 18×,None identified,3-4 years,Medium-High,"yfinance, screener.in",70,49,,2026-07-25,2026-07-01,24,14.1,3,2.5
BALMLAWRIE,Balmer Lawrie & Co. Ltd.,Industrials,Conglomerates,3048.0,Small-Cap,MonthlyDoubleBottom,Forming,0.563,45,Sep 45mo | Mid rally 60% | Asymmetry 4%,,Downtrend,False,False,Below-MAs,False,Stage2,4,Uptrend,Uptrend,179.35,134.49,82.33,152.45,640.43,750.14,878.64,750.14,318.3,104.5,11.01,,1.47,0.64,7.87,715.0,-17.25,,0,none,13.7,14.6,1.77,13.0,1.03,10.18,5.54,8.46,5.53,12.23,4.25,17.13,18.61,12.5,0.4,lumpy earner,0.1,,2.13,,150.66,4.94,,,,2.22,0.06,1.79,0.0,238.2,148.36,24.7,20.9,-11.69,8.13,0.18,0.66,6,19.0,11.26,11.0,0.0,41.3,MONITOR ⭐,Expected ~104% CAGR (2yr) | ROCE trend rising ↑ | Low D/E 0.10 | FCF yield 4.9% | Piotroski F=6 (above average quality) | PEG 0.64 — undervalued,Pattern still forming (not broken out),3-4 years,Medium-High,"yfinance, screener.in",90,289,,2026-07-25,2026-06-01,54,-2.8,7,-6.0
AWL,AWL Agri Business Limited,Consumer Defensive,Packaged Foods,24400.0,Mid-Cap,MonthlyDoubleBottom,Forming,0.547,17,Sep 17mo | Mid rally 58% | Asymmetry 4%,,Downtrend,False,False,Below-MAs,False,Stage2,15,Uptrend,Uptrend,190.0,509.0,315.5,299.72,451.55,702.5,667.03,548.82,269.7,92.3,23.41,18.39,2.34,1.09,10.47,53.0,,267.33,6,buy,10.7,18.3,-0.4,3.0,-0.06,1.39,4.87,17.37,8.7,15.04,-14.76,21.54,7.47,53.5,0.15,highly inconsistent earnings,0.11,,1.26,,2318.6,9.5,56.94,0.0,,21.1,-0.76,8.46,0.09,282.9,171.19,32.8,11.0,-23.55,-72.87,0.77,-0.15,3,19.0,10.06,12.0,0.0,41.1,MONITOR ⭐,Expected ~92% CAGR (2yr) | Profit CAGR 22% | Low D/E 0.11 | Promoter 57% holding | FCF yield 9.5% | PEG 1.09 — fair value,Pattern still forming (not broken out),3-4 years,Medium-High,"yfinance, screener.in",100,54,,2026-07-25,2026-06-01,54,-6.0,7,0.0
INDIANB,Indian Bank,Financial Services,Banks - Regional,112121.0,Large-Cap,MonthlyDoubleBottom,Forming,0.582,6,Sep 6mo | Mid rally 64% | Asymmetry 6%,,Sideways,False,False,Below-MAs,True,Stage2,12,Uptrend,Uptrend,846.35,187.63,110.59,719.4,2395.11,2057.33,3163.68,2752.7,143.1,55.9,8.77,7.62,1.34,0.59,,219.0,28.51,1014.27,15,strong_buy,15.4,6.32,,48.04,,36.41,1.34,2.68,7.59,12.25,9.23,14.93,25.28,47.5,0.4,lumpy earner,,,,,,,73.84,0.0,,6.16,0.34,17.03,-0.72,1000.9,606.0,15.4,39.7,30.49,108.69,0.94,0.29,1,12.0,12.98,9.0,7.0,41.0,MONITOR ⭐,Expected ~56% CAGR (2yr) | Promoter 74% holding | OPM 48% | Dividend growing 29%/yr | PEG 0.59 — undervalued | MonthlyDoubleBottom forming (6mo base),Earnings due 2026-10-08 | Pattern still forming (not broken out),3-4 years,Medium-High,"yfinance, screener.in",80,233,2026-10-08,2026-07-25,2026-06-01,54,3.6,7,-7.0
HINDALCO,Hindalco Industries Limited,Basic Materials,Aluminum,209586.0,Large-Cap,MonthlyDoubleBottom,Forming,1.0,6,Sep 6mo | Mid rally 972% | Asymmetry 8%,,Sideways-Above-MA,True,False,Constructive,False,Stage2,1,Uptrend,Uptrend,964.35,98.35,8.83,819.7,1460.2,1408.11,1762.66,1604.32,46.0,20.8,15.67,8.92,1.53,1.59,8.03,53.0,18.56,1113.79,29,hold,13.0,13.2,0.4,13.0,-0.14,4.87,5.54,15.28,7.2,15.81,-16.32,9.87,30.91,-50.8,0.15,highly inconsistent earnings,0.73,,1.21,,-8985.37,-4.29,34.67,0.02,,31.41,1.45,19.82,-1.53,1176.0,657.5,18.0,46.7,38.9,88.12,0.35,0.83,3,6.0,21.0,7.0,7.0,41.0,MONITOR ⭐,Expected ~21% CAGR (2yr) | ROCE trend rising ↑ | FII buying +1.4% ↑ | Dividend growing 19%/yr | EV/EBITDA 8× vs sector 10× | MonthlyDoubleBottom forming (6mo base),Earnings due 2026-08-07 | Pattern still forming (not broken out),3-4 years,Medium-High,"yfinance, screener.in",100,367,2026-08-07,2026-07-25,2026-06-01,54,-8.0,7,-6.0
SBGLP,Suratwwala Business Group Limited,Real Estate,Real Estate - Development,434.0,Micro-Cap,None,,0.0,0,,,Downtrend,False,False,Below-MAs,False,Stage2,3,Uptrend,Uptrend,25.48,,,21.66,95.91,116.87,142.42,116.87,358.7,114.2,11.63,,4.19,0.53,9.71,40.0,,,0,none,43.8,30.8,-9.1,37.0,-4.9,26.51,14.38,297.22,32.12,,245.45,21.86,,104.4,0.15,highly inconsistent earnings,0.75,,2.84,,-14.92,-3.44,73.39,0.0,,0.0,0.0,,,46.0,18.35,44.6,38.9,-30.74,-39.14,,0.33,3,27.0,3.0,11.0,0.0,41.0,MONITOR ⭐,Expected ~114% CAGR (2yr) | Revenue CAGR 32% | Profit CAGR 22% | ROE 44% | ROCE 31% | Promoter 73% holding,Margin compression ↓,3-4 years,Medium-High,"yfinance, screener.in",100,42,,2026-07-25,2026-06-01,54,-2.8,7,-5.0
POCL,Pondy Oxides And Chemicals Limited,Basic Materials,Specialty Chemicals,4174.0,Small-Cap,None,,0.0,0,,,Sideways-Above-MA,True,False,Constructive,True,Stage2,1,Uptrend,Uptrend,1529.8,,,1300.33,1280.61,1546.21,1866.89,1546.21,1.1,0.5,31.15,16.11,5.29,1.5,20.49,26.0,100.0,1953.0,1,strong_buy,19.2,23.2,2.29,7.0,0.74,4.46,13.5,43.8,26.08,52.55,127.59,20.74,113.15,126.0,0.15,highly inconsistent earnings,0.19,,3.61,,-153.69,-3.68,39.34,0.0,,2.22,-0.12,7.15,0.37,1619.0,898.7,5.5,70.2,83.86,663.12,,-0.21,5,24.0,9.0,1.0,7.0,41.0,MONITOR ⭐,Expected ~0% CAGR (2yr) | Revenue CAGR 26% | Profit CAGR 21% | ROCE 23% | ROCE trend rising ↑ | Low D/E 0.19,None identified,3-4 years,Medium-High,"yfinance, screener.in",100,188,,2026-07-25,2026-06-01,54,0.0,7,-2.0
KALAMANDIR,Sai Silks (Kalamandir) Limited,Consumer Cyclical,Apparel Retail,1355.0,Small-Cap,None,,0.0,0,,,Downtrend,False,False,Below-MAs,False,Stage2,3,Uptrend,Uptrend,101.82,,,86.55,1484.25,3581.49,8642.14,3581.49,3417.5,493.1,9.93,7.6,1.07,0.07,6.05,155.0,0.0,,0,strong_buy,11.78,,,12.0,1.0,8.52,7.22,67.3,,,800.0,,,141.7,0.15,highly inconsistent earnings,0.29,,5.18,,204.26,15.07,60.97,0.0,,0.62,0.06,6.28,-2.27,223.03,89.76,54.3,13.4,-25.14,,,0.91,5,25.0,3.0,13.0,0.0,41.0,MONITOR ⭐,Expected ~493% CAGR (2yr) | Profit CAGR 141% | Low D/E 0.29 | Promoter 61% holding | FCF yield 15.1% | Piotroski F=5 (above average quality),None identified,3-4 years,Medium-High,"yfinance, screener.in",70,33,,2026-07-25,2026-06-01,54,0.0,7,0.0
KFINTECH,KFin Technologies Limited,Technology,Software - Application,15347.0,Mid-Cap,None,,0.0,0,,,Downtrend,False,False,Below-MAs,False,Downtrend,0,Uptrend,Uptrend,824.7,,,701.0,745.34,972.88,1084.41,899.03,18.0,8.6,44.84,31.77,9.16,2.17,30.14,135.0,60.0,1083.67,18,strong_buy,21.6,29.2,1.94,41.0,-0.46,26.08,12.7,19.25,21.8,22.02,3.3,20.62,133.09,-4.6,0.4,lumpy earner,0.03,,3.3,,270.68,1.76,22.86,-0.01,,26.26,0.1,25.22,0.34,1287.4,784.95,35.9,5.1,-30.68,102.49,,-0.23,6,37.0,2.0,2.0,0.0,41.0,MONITOR ⭐,Expected ~9% CAGR (2yr) | Revenue CAGR 22% | Profit CAGR 21% | ROE 22% | ROCE 29% | ROCE trend rising ↑,None identified,3-4 years,Medium-High,"yfinance, screener.in",100,42,,2026-07-25,2026-06-01,54,0.0,7,0.0
THEJO,Thejo Engineering Limited,Industrials,Specialty Industrial Machinery,2039.0,Small-Cap,MonthlyDoubleBottom,Forming,1.0,20,Sep 20mo | Mid rally 156% | Asymmetry 0%,MonthlyDoubleBottom+MonthlyStage2,Uptrend,True,False,Tight-Above-MAs,True,Stage2,4,Uptrend,Uptrend,1882.8,3694.5,1442.32,1600.38,1570.47,5946.68,1965.43,1756.89,215.8,77.7,41.49,,5.76,3.5,25.46,27.0,35.72,,0,none,15.7,19.4,-1.86,13.0,-0.14,7.79,8.18,14.49,10.06,14.09,-5.77,11.87,11.06,4.1,0.15,highly inconsistent earnings,0.11,,2.7,,-11.44,-0.56,53.61,0.0,,0.85,0.01,3.38,0.21,2485.8,1443.6,24.3,30.4,-1.77,-15.06,0.33,0.64,4,12.0,28.0,0.0,1.0,41.0,MONITOR ⭐,Expected ~78% CAGR (2yr) | Low D/E 0.11 | Promoter 54% holding | Dividend growing 36%/yr | MonthlyDoubleBottom forming (20mo base) | Weekly uptrend,Pattern still forming (not broken out),3-4 years,Medium-High,"yfinance, screener.in",100,121,,2026-07-25,2026-07-15,10,0.0,1,0.0
RAINBOW,Rainbow Children's Medicare Limited,Healthcare,Medical Care Facilities,15150.0,Mid-Cap,MonthlyDoubleBottom,Forming,0.572,20,Sep 20mo | Mid rally 58% | Asymmetry 1%,MonthlyDoubleBottom+MonthlyStage2,Sideways-Above-MA,True,True,Constructive,True,Stage2,6,Uptrend,Uptrend,1350.7,1706.2,1074.13,1148.1,1093.11,2338.27,1322.18,1202.2,73.1,31.6,54.34,39.36,9.2,5.45,28.72,23.0,14.47,1620.29,14,strong_buy,15.9,17.4,0.37,32.0,1.06,16.34,9.55,12.34,13.2,21.24,15.57,9.98,47.79,36.8,0.15,highly inconsistent earnings,0.54,,3.59,,119.32,0.79,49.84,0.0,,16.03,-1.21,22.56,1.44,1645.7,1084.0,17.9,24.6,-5.64,18.91,0.87,0.17,7,20.0,16.86,2.0,2.0,40.9,MONITOR ⭐,Expected ~32% CAGR (2yr) | ROCE trend rising ↑ | OPM 32% | Piotroski F=7 (high quality compounder) | DII buying +1.4% ↑ | Dividend growing 14%/yr,High PE 54 | Pattern still forming (not broken out),3-4 years,Medium-High,"yfinance, screener.in",100,49,,2026-07-25,2026-06-01,54,0.0,7,1.0
REFEX,Refex Industries Limited,Energy,Thermal Coal,4210.0,Small-Cap,MonthlyDoubleBottom,Forming,0.49,6,Sep 6mo | Mid rally 55% | Asymmetry 6%,,Sideways-Above-MA,True,True,Constructive,True,Stage2,1,Uptrend,Uptrend,274.35,533.29,334.0,317.3,349.32,732.58,508.9,421.62,167.0,63.4,17.06,,2.8,0.82,10.23,65.0,15.0,,0,none,17.8,22.7,-11.29,16.0,0.97,8.93,9.14,0.8,11.81,28.07,29.11,20.7,43.95,88.0,0.15,highly inconsistent earnings,0.15,,2.04,,-140.79,-3.34,55.85,0.0,,1.65,0.28,0.14,0.01,454.4,188.0,39.6,45.9,-32.31,130.05,0.75,1.72,5,20.0,14.88,6.0,0.0,40.9,MONITOR ⭐,Expected ~63% CAGR (2yr) | Profit CAGR 21% | ROCE 23% | Low D/E 0.15 | Promoter 56% holding | Piotroski F=5 (above average quality),Pattern still forming (not broken out),3-4 years,Medium-High,"yfinance, screener.in",100,198,,2026-07-25,2026-06-01,54,0.0,7,1.0
MAPMYINDIA,C. E. Info Systems Limited,Technology,Software - Infrastructure,6424.0,Small-Cap,MonthlyDoubleBottom,Forming,0.708,9,Sep 9mo | Mid rally 76% | Asymmetry 6%,,Sideways,False,True,Below-MAs,True,Downtrend,0,Uptrend,Uptrend,1117.1,2738.33,1510.05,1434.55,720.91,3966.61,832.48,774.69,255.1,88.4,47.84,29.14,7.09,6.41,34.71,30.0,20.51,1142.5,6,buy,15.8,22.0,0.71,36.0,-0.17,28.3,9.17,2.38,19.04,25.54,-9.46,7.46,17.43,4.5,0.15,highly inconsistent earnings,0.01,,4.92,,42.06,0.65,51.41,0.05,,3.15,-0.75,14.31,0.36,1998.0,795.0,44.1,40.5,-31.12,-61.49,6.5,0.14,6,27.0,13.5,0.0,0.0,40.5,MONITOR ⭐,Expected ~88% CAGR (2yr) | Revenue CAGR 19% | ROCE 22% | ROCE trend rising ↑ | Nearly debt-free | Promoter 51% holding,Pattern still forming (not broken out),3-4 years,Medium-High,"yfinance, screener.in",100,56,,2026-07-25,2026-06-01,54,15.6,7,-3.0
SONATSOFTW,Sonata Software Limited,Technology,Information Technology Services,8510.0,Mid-Cap,MonthlyDoubleBottom,Forming,1.0,45,Sep 45mo | Mid rally 303% | Asymmetry 2%,,Sideways-Above-MA,True,False,Below-MAs,True,Downtrend,0,Uptrend,Uptrend,285.35,846.13,207.15,242.55,398.49,1485.11,405.54,402.0,420.5,128.1,18.38,13.66,4.47,20.88,14.09,400.0,-11.82,335.38,8,buy,28.2,30.7,-2.51,7.0,-0.37,4.34,6.89,5.36,12.83,20.41,9.18,0.88,13.72,21.4,0.15,highly inconsistent earnings,0.38,,1.05,,70.03,0.82,28.17,0.0,,9.17,0.43,24.68,-0.87,442.8,207.15,35.6,37.8,-16.84,-69.29,1.02,0.42,4,15.0,20.5,5.0,0.0,40.5,MONITOR ⭐,Expected ~128% CAGR (2yr) | ROE 28% | ROCE 31% | EV/EBITDA 14× vs sector 20× | MonthlyDoubleBottom forming (45mo base),Earnings due 2026-07-29 | Pattern still forming (not broken out),3-4 years,Medium-High,"yfinance, screener.in",100,289,2026-07-29,2026-07-25,2026-06-01,54,7.8,7,-1.0
ORIENTPPR,Orient Paper & Industries Limited,Basic Materials,Paper & Paper Products,359.0,Micro-Cap,MonthlyDoubleBottom,Forming,1.0,46,Sep 46mo | Mid rally 247% | Asymmetry 10%,,Downtrend,False,False,Below-MAs,False,Stage2,1,Uptrend,Uptrend,17.07,54.22,14.91,14.51,178.52,196.22,215.66,196.22,1049.5,239.0,2.27,4.62,0.24,0.23,-21.08,0.0,0.0,,0,none,22.1,22.2,-3.6,19.0,2.3,-3.18,-2.31,7.31,10.87,,-21.78,9.91,,,0.15,highly inconsistent earnings,0.2,,0.57,,-55.08,-15.35,38.73,0.0,,0.22,-0.29,0.37,0.09,30.89,13.25,44.7,28.8,-33.13,-79.54,0.31,0.28,2,12.0,16.5,12.0,0.0,40.5,MONITOR ⭐,Expected ~239% CAGR (2yr) | ROE 22% | ROCE 22% | Low D/E 0.20 | PEG 0.23 — deeply undervalued | PB 0.2 below justified 1.5,Pattern still forming (not broken out),3-4 years,Medium-High,"yfinance, screener.in",90,287,,2026-07-25,2026-06-01,54,0.0,7,0.0
MMP,MMP Industries Limited,Basic Materials,Aluminum,717.0,Small-Cap,MonthlyDoubleBottom,Forming,1.0,27,Sep 27mo | Mid rally 148% | Asymmetry 3%,MonthlyDoubleBottom+MonthlyStage2,Sideways-Above-MA,True,False,Constructive,True,Stage2,1,Uptrend,Uptrend,276.92,452.69,180.52,235.38,294.17,724.86,381.36,334.94,161.8,61.8,23.15,,2.07,1.67,13.87,71.0,25.99,,0,none,11.5,12.5,0.14,8.0,-0.4,3.76,5.71,19.08,15.27,28.96,-20.51,13.86,12.77,65.6,0.15,highly inconsistent earnings,0.53,,1.26,,-32.65,-4.55,100.0,25.52,,0.0,-0.02,0.0,0.0,319.98,185.2,13.5,49.5,7.17,18.26,2.21,0.2,4,13.0,22.5,2.0,3.0,40.5,MONITOR ⭐,Expected ~62% CAGR (2yr) | Revenue CAGR 15% | ROCE trend rising ↑ | Promoter 100% holding | Promoters buying ↑ | Dividend growing 26%/yr,Pattern still forming (not broken out),3-4 years,Medium-High,"yfinance, screener.in",100,98,,2026-07-25,2026-06-01,54,0.0,7,2.0
DOLLAR,Dollar Industries Limited,Consumer Cyclical,Apparel Manufacturing,1483.0,Small-Cap,MonthlyDoubleBottom,Forming,0.697,18,Sep 18mo | Mid rally 79% | Asymmetry 9%,,Downtrend,False,False,Below-MAs,False,Stage2,3,Uptrend,Uptrend,269.8,651.29,349.4,331.93,1208.9,1537.6,1955.67,1537.6,469.9,138.7,13.79,10.54,1.56,0.51,9.18,115.0,0.0,387.0,2,buy,11.8,13.6,-1.77,11.0,-0.63,5.71,6.62,10.0,10.5,12.65,16.3,27.19,4.71,11.4,0.15,highly inconsistent earnings,0.3,,2.31,,52.79,3.56,72.58,0.1,,2.55,-2.43,0.62,-0.35,410.8,220.5,34.3,22.4,-22.6,-62.46,0.62,0.21,5,18.0,12.36,10.0,0.0,40.4,MONITOR ⭐,Expected ~139% CAGR (2yr) | Profit CAGR 27% | Promoter 73% holding | Margin compressing ↓ ⚠️ | FCF yield 3.6% | Piotroski F=5 (above average quality),Margin compression ↓ | Pattern still forming (not broken out),3-4 years,Medium-High,"yfinance, screener.in",100,112,,2026-07-25,2026-06-01,54,1.8,7,-2.0
VBL,Varun Beverages Limited,Consumer Defensive,Beverages - Non-Alcoholic,156727.0,Large-Cap,MonthlyCupHandle,Forming,0.759,20,Cup 20mo | Depth 26% | Prior gain 29% | R²=0.96,MonthlyCupHandle+MonthlyDoubleBottom,Downtrend,False,False,Below-MAs,False,Stage2,15,Uptrend,Uptrend,466.0,651.76,485.45,461.18,463.96,818.07,615.2,534.26,75.6,32.5,49.24,38.57,8.0,3.25,30.36,43.0,12.62,587.23,26,strong_buy,16.2,19.7,2.03,23.0,0.69,14.02,,4.65,12.25,20.8,4.8,15.15,33.88,20.1,0.15,highly inconsistent earnings,0.13,,,,,,59.43,0.0,,19.03,-0.48,15.16,0.81,555.8,381.0,16.2,22.3,-3.14,4.86,0.41,0.26,3,21.0,13.11,5.0,1.0,40.1,MONITOR ⭐,Expected ~32% CAGR (2yr) | ROCE trend rising ↑ | Low D/E 0.13 | Promoter 59% holding | DII buying +0.8% ↑ | Dividend growing 13%/yr,Earnings due 2026-07-28 | Pattern still forming (not broken out),3-4 years,Medium-High,"yfinance, screener.in",80,117,2026-07-28,2026-07-25,2026-06-01,54,-9.5,7,-14.5
FEDERALBNK,The Federal Bank Limited,Financial Services,Banks - Regional,86099.0,Large-Cap,MonthlyDoubleBottom,Forming,1.0,19,Sep 19mo | Mid rally 253% | Asymmetry 3%,,Uptrend,True,False,Uptrend,True,Stage2,12,Uptrend,Uptrend,329.85,30.68,8.58,280.37,408.32,392.77,466.61,436.49,19.1,9.1,18.65,14.59,2.15,2.7,,34.0,-12.64,327.2,35,buy,11.6,6.39,,42.96,,30.72,,2.4,8.84,16.14,7.84,6.9,19.4,36.8,0.15,highly inconsistent earnings,,,,,,,,,,26.05,1.11,50.39,-0.71,351.0,185.11,6.0,78.2,74.0,107.91,0.21,0.28,0,4.0,26.0,0.0,10.0,40.0,MONITOR ⭐,Expected ~9% CAGR (2yr) | OPM 43% | FII buying +1.1% ↑ | MonthlyDoubleBottom forming (19mo base) | Weekly uptrend | Sector in Stage2,Earnings due 2026-10-15 | Pattern still forming (not broken out),3-4 years,Medium-High,"yfinance, screener.in",60,367,2026-10-15,2026-07-25,2026-06-01,54,15.1,7,-10.0
HIRECT,Hind Rectifiers Limited,Industrials,Electrical Equipment & Parts,4278.0,Small-Cap,MonthlyDoubleBottom,Forming,1.0,20,Sep 20mo | Mid rally 191% | Asymmetry 7%,,Sideways-Above-MA,True,False,Uptrend,True,Stage2,4,Uptrend,Uptrend,1067.9,132.62,43.88,907.72,280.38,280.38,280.38,280.38,,,95.22,,20.51,,57.31,11.0,71.0,,0,none,25.2,18.8,-3.0,9.0,0.0,4.51,8.13,52.52,,,5.41,,,-54.9,0.15,highly inconsistent earnings,1.19,,1.12,,-119.89,-2.8,43.92,-0.01,,6.57,0.19,0.2,0.07,1399.0,565.2,23.7,88.9,42.33,428.63,0.2,0.36,3,10.0,23.0,-1.0,8.0,40.0,MONITOR ⭐,Revenue CAGR 51% | Declining profits (-55% CAGR) ⚠️ | ROE 25% | Dividend growing 71%/yr | MonthlyDoubleBottom forming (20mo base) | Sector in Stage2,High D/E 1.2 | High PE 95 | Pattern still forming (not broken out),3-4 years,Medium-High,"yfinance, screener.in",80,236,,2026-07-25,2026-06-01,54,7.5,7,-3.0
AVALON,Avalon Technologies Limited,Technology,Electronic Components,11518.0,Mid-Cap,None,,0.0,0,,,Uptrend,True,False,Tight-Above-MAs,True,Downtrend,0,Uptrend,Uptrend,1768.1,,,1502.88,754.34,977.09,1265.63,977.09,,,102.01,51.82,15.96,3.45,57.29,0.0,,1377.0,15,hold,16.9,19.5,-0.97,11.0,-0.17,6.92,9.15,45.99,19.26,18.36,79.37,29.53,37.49,69.5,0.15,highly inconsistent earnings,0.29,,2.05,,-39.51,-0.34,44.41,-0.01,,6.42,-1.14,26.17,0.77,1853.0,777.3,4.6,127.5,113.75,226.1,,,4,19.0,14.0,-1.0,8.0,40.0,MONITOR ⭐,Revenue CAGR 19% | Profit CAGR 30% | Low D/E 0.29 | DII buying +0.8% ↑ | Weekly uptrend | Tight daily consolidation above MAs,High PE 102,3-4 years,Medium-High,"yfinance, screener.in",100,40,,2026-07-25,2026-06-01,54,30.3,7,-2.0
NPST,NETWORK PEOPLE SRV TECH L,Technology,Software - Application,3296.0,Small-Cap,None,,0.0,0,,,Downtrend,False,False,Below-MAs,False,Downtrend,0,Uptrend,Uptrend,1043.0,,,886.55,821.28,1480.45,2668.66,1480.45,41.9,19.1,76.92,,10.68,0.96,87.06,13.0,,,0,none,15.0,19.7,5.57,26.0,2.57,24.08,7.92,12.72,68.17,67.03,-8.89,80.26,110.16,191.9,0.15,highly inconsistent earnings,0.03,,7.42,,-91.83,-2.79,60.48,-0.04,,0.08,-0.04,10.02,0.0,2388.3,846.6,56.3,23.2,-41.84,259.28,,0.22,5,33.0,2.0,5.0,0.0,40.0,MONITOR ⭐,Expected ~19% CAGR (2yr) | Revenue CAGR 68% | Profit CAGR 80% | ROCE trend rising ↑ | Nearly debt-free | Promoter 60% holding,High PE 77,3-4 years,Medium-High,"yfinance, screener.in",100,57,,2026-07-25,2026-06-01,54,0.0,7,0.0
CIPLA,Cipla Limited,Healthcare,Drug Manufacturers - Specialty & Generic,114609.0,Large-Cap,MonthlyDoubleBottom,Forming,0.669,9,Sep 9mo | Mid rally 67% | Asymmetry 0%,MonthlyDoubleBottom+MonthlyStage2,Uptrend,True,False,Below-MAs,False,Stage2,6,Uptrend,Uptrend,1439.4,218.31,130.34,1223.49,2181.44,2043.53,2681.95,2418.78,42.0,19.2,29.59,22.35,3.33,2.72,18.14,92.0,15.21,1480.65,37,buy,11.6,15.5,0.37,21.0,0.34,13.94,7.58,2.23,7.37,8.01,-26.7,10.88,10.08,-54.6,0.15,highly inconsistent earnings,0.02,,3.44,,1140.04,0.99,29.22,0.0,,22.55,-1.38,31.71,1.26,1673.0,1165.7,14.0,23.5,-8.54,-9.07,0.22,0.11,6,16.0,19.03,4.0,1.0,40.0,MONITOR ⭐,Expected ~19% CAGR (2yr) | ROCE trend rising ↑ | Nearly debt-free | Piotroski F=6 (above average quality) | DII buying +1.3% ↑ | Dividend growing 15%/yr,Earnings due 2026-07-23 | Pattern still forming (not broken out),3-4 years,Medium-High,"yfinance, screener.in",100,367,2026-07-23,2026-07-25,2026-06-01,54,2.1,7,3.0
ASTERDM,Aster DM Quality Care Limited,Healthcare,Medical Care Facilities,71372.0,Large-Cap,MonthlyDoubleBottom,Forming,0.366,36,Sep 36mo | Mid rally 42% | Asymmetry 6%,,Uptrend,True,False,Uptrend,True,Stage2,6,Uptrend,Uptrend,808.9,146.37,100.11,687.56,260.36,484.36,260.36,260.36,,,108.74,44.06,9.23,,48.17,49.0,-40.0,820.36,11,buy,10.7,11.4,0.83,19.0,1.14,8.36,5.41,12.2,15.75,-11.61,-92.1,-3.49,19.12,77.4,0.15,highly inconsistent earnings,0.46,,1.99,,1346.63,1.89,40.39,0.0,,10.53,-6.65,27.65,0.08,836.5,519.1,3.3,55.8,36.3,197.17,0.2,-0.04,6,11.0,18.89,0.0,10.0,39.9,MONITOR ⭐,Revenue CAGR 16% | Declining profits (-3% CAGR) ⚠️ | ROCE trend rising ↑ | Piotroski F=6 (above average quality) | MonthlyDoubleBottom forming (36mo base) | Weekly uptrend,High PE 109 | Pattern still forming (not broken out),3-4 years,Medium-High,"yfinance, screener.in",100,102,,2026-07-25,2026-06-01,54,8.0,4,-3.0
BIKAJI,Bikaji Foods International Limited,Consumer Defensive,Packaged Foods,16007.0,Mid-Cap,MonthlyDoubleBottom,Forming,0.361,13,Sep 13mo | Mid rally 42% | Asymmetry 6%,,Downtrend,False,False,Below-MAs,False,Stage2,15,Uptrend,Uptrend,643.3,818.7,558.1,546.8,594.16,1079.3,901.09,731.7,67.8,29.5,62.1,43.22,9.96,2.68,38.91,20.0,18.56,783.2,10,strong_buy,17.5,19.7,0.89,14.0,0.94,8.63,9.44,14.19,15.05,17.96,30.93,23.15,23.06,26.6,0.15,highly inconsistent earnings,0.17,,2.47,,227.45,1.42,73.88,0.0,,4.61,-0.07,17.51,0.23,818.7,592.55,21.4,8.6,-17.6,3.74,0.33,0.23,7,29.0,7.83,2.0,1.0,39.8,MONITOR ⭐,Expected ~30% CAGR (2yr) | Revenue CAGR 15% | Profit CAGR 23% | ROCE trend rising ↑ | Low D/E 0.17 | Promoter 74% holding,High PE 62 | Pattern still forming (not broken out),3-4 years,Medium-High,"yfinance, screener.in",100,45,,2026-07-25,2026-06-01,54,-5.2,7,0.0
INDGN,INDEGENE LIMITED,Healthcare,Health Information Services,12289.0,Mid-Cap,MonthlyDoubleBottom,Forming,0.458,8,Sep 8mo | Mid rally 52% | Asymmetry 6%,,Sideways-Above-MA,True,False,Constructive,False,Stage2,6,Uptrend,Uptrend,512.55,733.84,468.53,445.1,808.29,999.15,1062.66,926.79,94.9,39.6,30.78,19.18,3.91,2.1,17.65,44.0,,605.29,7,buy,14.4,18.8,-7.06,18.0,-0.6,11.43,7.75,23.64,15.03,29.44,-1.47,14.66,21.9,-32.2,0.15,highly inconsistent earnings,0.05,,2.41,,643.81,5.24,,,,9.92,-0.35,8.74,0.45,596.8,414.0,14.1,23.8,-4.59,,0.33,0.73,5,18.0,14.5,5.0,2.0,39.5,MONITOR ⭐,Expected ~40% CAGR (2yr) | Revenue CAGR 15% | Nearly debt-free | Margin compressing ↓ ⚠️ | FCF yield 5.2% | Piotroski F=5 (above average quality),Margin compression ↓ | Pattern still forming (not broken out),3-4 years,Medium-High,"yfinance, screener.in",90,27,,2026-07-25,2026-07-01,24,0.2,3,4.0
SAFARI,Safari Industries (India) Limited,Consumer Cyclical,Footwear & Accessories,8038.0,Mid-Cap,MonthlyDoubleBottom,Forming,0.641,13,Sep 13mo | Mid rally 66% | Asymmetry 1%,,Sideways,False,False,Below-MAs,True,Stage2,3,Uptrend,Uptrend,1645.9,2740.41,1643.83,1561.64,1525.51,3836.99,1857.97,1683.56,133.1,52.7,47.84,31.58,7.21,4.62,32.57,24.0,-12.64,2249.4,10,strong_buy,15.9,19.3,4.06,13.0,2.63,8.19,9.21,15.52,19.09,44.23,17.48,10.36,40.21,-0.4,0.15,highly inconsistent earnings,0.1,,3.79,,116.72,1.45,44.7,0.0,,10.56,-0.25,28.26,-0.04,2507.1,1363.1,34.4,20.7,-22.23,-36.07,0.41,-0.42,7,22.0,14.19,3.0,0.0,39.2,MONITOR ⭐,Expected ~53% CAGR (2yr) | Revenue CAGR 19% | ROCE trend rising ↑ | Low D/E 0.10 | Piotroski F=7 (high quality compounder) | Analyst target ₹2249 (+37%),Pattern still forming (not broken out),3-4 years,Medium-High,"yfinance, screener.in",100,83,,2026-07-25,2026-06-01,54,15.3,7,-4.0
TCI,Transport Corporation of India Limited,Industrials,Integrated Freight & Logistics,7152.0,Small-Cap,MonthlyDoubleBottom,Forming,0.685,8,Sep 8mo | Mid rally 73% | Asymmetry 4%,,Sideways,False,False,Below-MAs,False,Stage2,4,Uptrend,Uptrend,925.9,158.85,90.19,787.01,2089.25,1885.99,2655.5,2355.42,103.7,42.7,15.67,13.41,2.78,1.23,13.82,107.0,12.62,1181.83,6,strong_buy,19.2,19.4,0.34,11.0,-0.0,9.25,7.97,9.46,9.13,11.9,10.58,12.74,25.12,7.3,0.15,highly inconsistent earnings,0.12,,2.68,,-96.22,-1.35,68.74,0.01,,3.03,-0.07,12.86,0.05,1256.1,868.05,26.3,6.7,-17.17,-8.81,0.42,-0.08,4,15.0,14.22,10.0,0.0,39.2,MONITOR ⭐,Expected ~43% CAGR (2yr) | ROCE trend rising ↑ | Low D/E 0.12 | Promoter 69% holding | Dividend growing 13%/yr | PEG 1.23 — fair value,Pattern still forming (not broken out),3-4 years,Medium-High,"yfinance, screener.in",100,289,,2026-07-25,2026-06-01,54,5.5,7,-3.0
LT,Larsen & Toubro Limited,Industrials,Engineering & Construction,524772.0,Large-Cap,MonthlyDoubleBottom,Forming,0.683,20,Sep 20mo | Mid rally 74% | Asymmetry 6%,,Sideways-Above-MA,True,False,Constructive,True,Stage2,4,Uptrend,Uptrend,3921.0,631.13,351.54,3332.85,4461.56,4877.73,5878.88,5121.42,24.4,11.5,32.68,20.78,4.8,2.21,17.48,100.0,8.2,4512.19,31,buy,15.9,14.6,1.17,12.0,-1.03,5.51,4.59,11.79,15.96,16.02,7.25,14.79,7.96,-3.1,0.15,highly inconsistent earnings,0.98,,1.25,,26195.48,4.99,,,,19.13,0.35,43.01,-0.31,4440.0,3288.1,11.7,19.2,15.56,40.24,0.8,0.46,4,13.0,18.2,4.0,4.0,39.2,MONITOR ⭐,Expected ~12% CAGR (2yr) | Revenue CAGR 16% | ROCE trend rising ↑ | Margin compressing ↓ ⚠️ | FCF yield 5.0% | MonthlyDoubleBottom forming (20mo base),Margin compression ↓ | Earnings due 2026-07-28 | Pattern still forming (not broken out),3-4 years,Medium-High,"yfinance, screener.in",90,287,2026-07-28,2026-07-25,2026-06-01,54,0.0,7,2.0
ASIANENE,Asian Energy Services Limited,Energy,Oil & Gas Equipment & Services,1733.0,Small-Cap,MonthlyStage2,Stage Change,0.968,24,10-EMA=319 | 30-EMA=291 | Above by 14.5% | MA turning=Yes,MonthlyCupHandle+MonthlyDoubleBottom+MonthlyStage2,Sideways-Above-MA,True,False,Constructive,False,Stage2,1,Uptrend,Uptrend,333.65,291.35,238.85,283.6,210.17,343.85,254.58,231.31,3.1,1.5,31.45,,3.23,3.13,16.87,28.0,,,0,none,12.9,16.5,0.43,12.0,-1.77,6.47,6.33,70.11,93.02,28.14,23.81,10.06,12.39,41.9,0.15,highly inconsistent earnings,0.32,,2.11,,-115.09,-6.64,56.16,-4.59,,1.18,-0.16,0.75,-0.06,392.0,230.0,14.9,45.1,-8.46,101.5,0.26,0.81,5,16.0,22.12,-1.0,2.0,39.1,MONITOR ⭐,Expected ~2% CAGR (2yr) | Revenue CAGR 93% | ROCE trend rising ↑ | Promoter 56% holding | Margin compressing ↓ ⚠️ | Piotroski F=5 (above average quality),Margin compression ↓,3-4 years,Medium-High,"yfinance, screener.in",100,56,,2026-07-25,2026-06-01,54,4.3,7,-4.0
JSWINFRA,JSW Infrastructure Limited,Industrials,Marine Shipping,79213.0,Large-Cap,None,,0.0,0,,,Sideways,False,False,Below-MAs,True,Stage2,4,Uptrend,Uptrend,266.15,,,226.23,259.86,337.83,421.04,330.77,26.9,12.7,46.93,30.56,6.56,1.72,29.81,26.0,12.5,348.41,17,buy,15.4,13.7,0.8,49.0,-0.09,28.38,6.7,19.77,18.83,27.29,1.71,27.29,40.26,-17.9,0.15,highly inconsistent earnings,0.59,,2.27,,-1086.94,-1.37,73.93,-9.68,,10.71,3.79,9.19,6.76,355.8,233.42,25.2,14.0,-7.06,,,0.54,5,25.0,6.0,4.0,4.0,39.0,MONITOR ⭐,Expected ~13% CAGR (2yr) | Revenue CAGR 19% | Profit CAGR 27% | ROCE trend rising ↑ | Promoter 74% holding | OPM 49%,None identified,3-4 years,Medium-High,"yfinance, screener.in",100,32,,2026-07-25,2026-06-01,54,0.0,7,1.0
ESABINDIA,ESAB India Limited,Industrials,Tools & Accessories,8702.0,Mid-Cap,MonthlyStage2,Stage Change,0.616,24,10-EMA=5683 | 30-EMA=5258 | Above by 9.2% | MA turning=Yes,MonthlyDoubleBottom+MonthlyStage2,Downtrend,False,False,Constructive,False,Stage2,4,Uptrend,Uptrend,5744.0,5258.46,4424.98,4882.4,3417.64,6091.94,3417.64,3417.64,6.1,3.0,42.02,,20.27,,32.03,207.0,-32.14,,0,none,59.3,90.8,-17.0,24.0,1.5,13.71,23.47,18.95,,,25.58,,,-8.2,0.4,lumpy earner,0.01,,2.15,,79.7,0.92,73.72,0.0,,1.62,0.06,12.87,-0.01,7319.5,4710.0,21.5,22.0,14.59,-14.82,0.16,0.36,5,24.0,12.89,-1.0,3.0,38.9,MONITOR ⭐,Expected ~3% CAGR (2yr) | Declining profits (-8% CAGR) ⚠️ | ROE 59% | ROCE 91% | Nearly debt-free | Promoter 74% holding,None identified,3-4 years,Medium-High,"yfinance, screener.in",80,289,,2026-07-25,2026-06-01,54,-12.5,7,-22.1
BANKBARODA,Bank of Baroda Limited,Financial Services,Banks - Regional,127629.0,Large-Cap,MonthlyDoubleBottom,Forming,1.0,32,Sep 32mo | Mid rally 187% | Asymmetry 3%,,Downtrend,False,False,Below-MAs,False,Stage2,12,Uptrend,Uptrend,250.95,71.55,24.51,213.31,928.76,738.05,1127.48,1023.31,194.1,71.5,6.43,5.71,0.77,0.63,,344.0,15.62,310.15,33,buy,12.7,5.63,,38.45,,31.18,1.01,4.97,12.57,12.56,-3.81,10.18,65.43,7.0,0.15,highly inconsistent earnings,,,,,,,63.97,0.0,,10.14,0.45,18.33,-0.59,325.5,230.81,22.9,8.7,8.68,16.86,0.8,0.42,2,10.0,16.5,10.0,2.0,38.5,MONITOR ⭐,Expected ~72% CAGR (2yr) | Promoter 64% holding | OPM 38% | Dividend growing 16%/yr | PEG 0.63 — undervalued | MonthlyDoubleBottom forming (32mo base),Earnings due 2026-07-24 | Pattern still forming (not broken out),3-4 years,Medium-High,"yfinance, screener.in",80,289,2026-07-24,2026-07-25,2026-06-01,54,-3.7,7,-4.0
ICICIBANK,ICICI Bank Limited,Financial Services,Banks - Regional,1036036.0,Large-Cap,MonthlyDoubleBottom,Forming,1.0,24,Sep 24mo | Mid rally 115% | Asymmetry 1%,MonthlyDoubleBottom+MonthlyStage2,Sideways-Above-MA,True,False,Constructive,True,Stage2,12,Uptrend,Uptrend,1427.0,328.33,152.59,1212.95,1741.03,1812.39,2070.41,1898.59,27.0,12.7,19.31,15.82,2.85,2.13,,83.0,30.06,1683.1,40,strong_buy,17.3,7.59,,33.29,,24.93,2.08,1.62,7.54,15.77,3.14,9.05,17.63,9.3,0.4,lumpy earner,,,,,,,,,,33.79,-0.69,42.32,2.38,1500.0,1187.6,4.9,20.2,3.78,26.8,0.37,0.23,1,9.0,22.5,2.0,5.0,38.5,MONITOR ⭐,Expected ~13% CAGR (2yr) | OPM 33% | DII buying +2.4% ↑ | Dividend growing 30%/yr | MonthlyDoubleBottom forming (24mo base) | Sector in Stage2,Earnings due 2026-07-18 | Pattern still forming (not broken out),3-4 years,Medium-High,"yfinance, screener.in",70,289,2026-07-18,2026-07-25,2026-06-01,54,15.0,7,-1.0
LGBBROSLTD,L.G. Balakrishnan & Bros Limited,Consumer Cyclical,Auto Parts,4938.0,Small-Cap,MonthlyDoubleBottom,Forming,1.0,41,Sep 41mo | Mid rally 236% | Asymmetry 7%,,Downtrend,False,False,Below-MAs,False,Stage2,3,Uptrend,Uptrend,1556.1,586.37,168.64,1322.68,4250.88,4598.61,4974.77,4598.61,195.5,71.9,15.48,13.58,2.29,1.89,10.14,142.0,10.06,2053.0,1,strong_buy,15.6,19.8,-0.8,16.0,-0.26,10.36,8.28,19.32,11.77,13.84,5.63,8.18,19.12,-17.0,0.15,highly inconsistent earnings,0.11,,1.78,,-102.59,-2.08,34.84,0.01,,6.42,-0.19,13.46,0.11,2048.0,1222.1,24.0,27.3,28.91,19.72,0.38,-0.01,4,11.0,16.5,6.0,5.0,38.5,MONITOR ⭐,Expected ~72% CAGR (2yr) | Low D/E 0.11 | Dividend growing 10%/yr | EV/EBITDA 10× below sector (25×) | MonthlyDoubleBottom forming (41mo base) | Sector in Stage2,Pattern still forming (not broken out),3-4 years,Medium-High,"yfinance, screener.in",100,221,,2026-07-25,2026-06-01,54,0.0,7,1.0
THOMASCOTT,Thomas Scott (India) Limited,Consumer Cyclical,Textile Manufacturing,456.0,Micro-Cap,MonthlyDoubleBottom,Forming,1.0,21,Sep 21mo | Mid rally 123% | Asymmetry 1%,MonthlyDoubleBottom+MonthlyStage2,Sideways-Above-MA,True,False,Constructive,True,Stage2,3,Uptrend,Uptrend,323.1,509.0,227.3,274.63,485.2,790.7,485.2,485.2,144.7,56.4,23.31,,3.23,,14.54,,,,0,none,15.87,,,13.33,,7.57,10.28,63.4,,,-36.7,,,8.0,0.5,insufficient history,0.34,,2.23,,-49.94,-10.94,52.32,0.0,,0.04,-0.01,2.45,0.0,459.8,230.0,29.7,40.5,-5.34,292.26,0.33,0.17,3,12.0,22.0,4.0,0.0,38.0,MONITOR ⭐,Expected ~56% CAGR (2yr) | Revenue CAGR 63% | Declining profits (-37% CAGR) ⚠️ | Promoter 52% holding | EV/EBITDA 15× below sector (25×) | MonthlyDoubleBottom forming (21mo base),Pattern still forming (not broken out),3-4 years,Medium-High,"yfinance, screener.in",70,175,,2026-07-25,2026-06-01,54,24.3,7,-2.0
PRAKASH,Prakash Industries Limited,Basic Materials,Steel,2222.0,Small-Cap,MonthlyDoubleBottom,Forming,1.0,20,Sep 20mo | Mid rally 1026% | Asymmetry 4%,MonthlyDoubleBottom+MonthlyStage2,Sideways-Above-MA,True,False,Constructive,True,Stage2,1,Uptrend,Uptrend,146.97,269.42,23.44,124.92,489.32,515.4,517.1,503.02,250.7,87.3,6.67,3.83,0.62,2.38,4.95,121.0,45.0,,0,none,14.1,,,20.0,,9.58,4.67,8.9,,,2.8,,,2.7,0.5,insufficient history,0.14,,1.71,,-251.19,-11.31,44.38,0.0,,3.72,-0.17,0.04,0.03,190.9,110.24,23.0,33.3,-1.01,72.6,0.41,0.37,3,8.0,22.0,8.0,0.0,38.0,MONITOR ⭐,Expected ~87% CAGR (2yr) | Low D/E 0.14 | Dividend growing 45%/yr | EV/EBITDA 5× below sector (10×) | PB 0.6 below justified 1.0 | MonthlyDoubleBottom forming (20mo base),Pattern still forming (not broken out),3-4 years,Medium-High,"yfinance, screener.in",70,287,,2026-07-25,2026-06-01,54,0.0,7,1.0
NH,Narayana Hrudayalaya Limited,Healthcare,Medical Care Facilities,41219.0,Large-Cap,None,,0.0,0,,,Sideways-Above-MA,True,False,Constructive,True,Stage2,6,Uptrend,Uptrend,1884.1,,,1601.48,1629.92,1935.49,1968.98,1791.44,2.7,1.4,50.76,28.94,9.09,5.12,27.53,22.0,21.64,2151.57,14,buy,20.9,15.4,1.34,20.0,2.43,10.2,7.4,44.01,20.39,25.04,1.9,9.91,46.61,13.5,0.15,highly inconsistent earnings,1.29,,2.15,,287.02,0.7,63.27,0.0,,9.4,-0.58,9.05,-0.09,2093.3,1589.0,10.0,18.6,-5.27,68.5,,0.18,7,24.0,9.0,1.0,4.0,38.0,MONITOR ⭐,Expected ~1% CAGR (2yr) | Revenue CAGR 20% | ROE 21% | ROCE trend rising ↑ | Promoter 63% holding | Piotroski F=7 (high quality compounder),High D/E 1.3 | High PE 51,3-4 years,Medium-High,"yfinance, screener.in",100,125,,2026-07-25,2026-06-01,54,0.0,7,3.0
SUPRAJIT,Suprajit Engineering Limited,Consumer Cyclical,Auto Parts,6722.0,Small-Cap,MonthlyDoubleBottom,Forming,0.941,27,Sep 27mo | Mid rally 97% | Asymmetry 3%,MonthlyDoubleBottom+MonthlyStage2,Uptrend,True,False,Uptrend,True,Stage2,3,Uptrend,Uptrend,491.8,328.55,164.5,418.03,541.45,575.59,612.74,575.99,17.0,8.2,36.9,20.22,4.68,5.78,18.6,61.0,-13.28,575.0,6,buy,13.8,16.0,-0.74,10.0,-0.91,4.78,5.2,16.72,11.6,18.44,84.85,6.38,5.06,161.1,0.15,highly inconsistent earnings,0.69,,1.45,,-140.97,-2.1,45.26,0.0,,6.54,0.04,17.01,-0.16,517.65,389.95,5.0,26.1,10.45,-7.31,0.64,0.22,3,3.0,25.79,5.0,4.0,37.8,MONITOR ⭐,Expected ~8% CAGR (2yr) | Margin compressing ↓ ⚠️ | EV/EBITDA 19× vs sector 25× | MonthlyDoubleBottom forming (27mo base) | Weekly uptrend | Sector in Stage2,Margin compression ↓ | Pattern still forming (not broken out),3-4 years,Medium-High,"yfinance, screener.in",100,258,,2026-07-25,2026-07-15,10,0.0,1,-2.0
TIMKEN,Timken India Limited,Industrials,Tools & Accessories,23635.0,Mid-Cap,MonthlyDoubleBottom,Forming,1.0,25,Sep 25mo | Mid rally 102% | Asymmetry 1%,MonthlyCupHandle+MonthlyDoubleBottom+MonthlyStage2,Downtrend,False,False,Below-MAs,False,Stage2,4,Uptrend,Uptrend,3168.5,943.11,465.78,2693.22,1394.07,2431.53,1394.07,1394.07,,,56.82,37.62,8.11,,36.88,8.0,188.45,3987.71,7,buy,14.3,19.0,,18.0,-1.0,11.93,9.23,8.79,,,-10.17,,,-15.3,0.5,insufficient history,0.01,,2.97,,21.57,0.09,51.05,0.0,,7.32,0.36,30.26,-0.37,3925.0,2800.5,19.3,13.1,10.61,-27.16,0.26,0.34,5,16.0,16.5,2.0,3.0,37.5,MONITOR ⭐,Revenue CAGR 16% | Declining profits (-15% CAGR) ⚠️ | Nearly debt-free | Promoter 51% holding | Margin compressing ↓ ⚠️ | Piotroski F=5 (above average quality),High PE 57 | Margin compression ↓ | Earnings due 2026-08-04 | Pattern still forming (not broken out),3-4 years,Medium-High,"yfinance, screener.in",80,288,2026-08-04,2026-07-25,2026-06-01,54,-10.4,7,-10.0
NUCLEUS,Nucleus Software Exports Limited,Technology,Software - Application,1983.0,Small-Cap,MonthlyDoubleBottom,Forming,1.0,42,Sep 42mo | Mid rally 268% | Asymmetry 1%,,Downtrend,False,False,Below-MAs,False,Downtrend,0,Uptrend,Uptrend,789.6,538.88,145.7,671.16,1162.78,1162.78,1162.78,1162.78,47.3,21.4,16.98,11.79,2.19,,12.57,166.0,7.72,1210.0,1,strong_buy,13.1,16.8,0.89,14.0,-0.4,13.33,5.64,5.29,11.38,11.25,-28.22,-2.95,-0.17,-46.7,0.15,highly inconsistent earnings,0.01,,2.09,,62.95,3.17,73.59,0.0,,4.46,-0.45,1.21,-0.17,1168.6,690.0,32.4,14.4,-25.36,-47.02,0.25,-0.12,6,18.0,15.5,4.0,0.0,37.5,MONITOR ⭐,Expected ~21% CAGR (2yr) | Declining profits (-3% CAGR) ⚠️ | ROCE trend rising ↑ | Nearly debt-free | Promoter 74% holding | FCF yield 3.2%,Pattern still forming (not broken out),3-4 years,Medium-High,"yfinance, screener.in",100,282,,2026-07-25,2026-06-01,54,0.0,7,-2.0
TARACHAND,Tara Chand Infralogistic Solutions Limited,Industrials,Farm & Heavy Construction Machinery,442.0,Micro-Cap,MonthlyDoubleBottom,Forming,1.0,17,Sep 17mo | Mid rally 798% | Asymmetry 5%,,Downtrend,False,False,Below-MAs,False,Stage2,4,Uptrend,Uptrend,56.17,37.76,4.11,47.74,118.58,131.03,144.79,131.03,133.3,52.7,15.83,,2.96,1.51,5.33,36.0,6.0,,0,none,20.5,18.2,,36.0,5.0,9.78,6.14,14.92,,,12.0,,,10.9,0.5,insufficient history,0.93,,1.72,,-32.4,-7.33,71.64,0.0,,0.13,0.0,0.0,0.0,103.67,53.0,45.8,6.0,-19.71,141.58,0.17,-0.3,4,16.0,15.5,6.0,0.0,37.5,MONITOR ⭐,Expected ~53% CAGR (2yr) | ROE 20% | Promoter 72% holding | OPM 36% | EV/EBITDA 5× below sector (18×) | MonthlyDoubleBottom forming (17mo base),Pattern still forming (not broken out),3-4 years,Medium-High,"yfinance, screener.in",80,101,,2026-07-25,2026-06-01,54,-6.2,7,-1.0
BLUESTARCO,Blue Star Limited,Industrials,Building Products & Equipment,34681.0,Large-Cap,MonthlyDoubleBottom,Forming,1.0,40,Sep 40mo | Mid rally 114% | Asymmetry 2%,MonthlyDoubleBottom+MonthlyStage2,Sideways,False,False,Below-MAs,False,Stage2,4,Uptrend,Uptrend,1662.0,423.3,195.02,1412.7,823.78,1259.71,988.45,902.37,,,65.79,40.35,10.11,6.9,40.01,50.0,12.31,1795.72,25,hold,17.2,21.2,1.69,8.0,0.4,4.25,5.53,3.63,15.85,23.8,-10.83,9.54,39.15,17.3,0.15,highly inconsistent earnings,0.24,,1.31,,-323.66,-0.93,36.48,0.0,,13.8,-0.86,27.78,1.02,2040.0,1450.0,18.5,14.6,-10.78,100.75,0.24,0.15,5,17.0,19.5,0.0,1.0,37.5,MONITOR ⭐,Revenue CAGR 16% | ROCE 21% | ROCE trend rising ↑ | Low D/E 0.24 | Piotroski F=5 (above average quality) | DII buying +1.0% ↑,High PE 66 | Earnings due 2026-08-06 | Pattern still forming (not broken out),3-4 years,Medium-High,"yfinance, screener.in",100,289,2026-08-06,2026-07-25,2026-06-01,54,-1.2,3,1.0
MEDIASSIST,MEDI ASSIST HEALTH SER L,Healthcare,Healthcare Plans,2663.0,Small-Cap,MonthlyDoubleBottom,Forming,0.626,10,Sep 10mo | Mid rally 67% | Asymmetry 5%,,Sideways,False,True,Below-MAs,True,Stage2,6,Uptrend,Uptrend,388.5,711.81,415.25,394.49,537.63,1008.37,608.08,571.77,159.6,61.1,29.34,18.28,3.1,4.62,13.9,0.0,,513.33,3,strong_buy,13.9,14.0,-1.14,19.0,-0.83,9.71,4.81,25.17,21.47,22.88,-3.26,6.35,27.9,148.7,0.15,highly inconsistent earnings,0.06,,1.34,,95.85,3.6,4.61,0.0,,25.42,1.11,47.24,-1.94,594.1,293.0,34.6,32.6,-19.31,,0.71,1.13,4,17.0,13.51,7.0,0.0,37.5,MONITOR ⭐,Expected ~61% CAGR (2yr) | Revenue CAGR 21% | Nearly debt-free | Margin compressing ↓ ⚠️ | FCF yield 3.6% | FII buying +1.1% ↑,Margin compression ↓ | Pattern still forming (not broken out),3-4 years,Medium-High,"yfinance, screener.in",100,29,,2026-07-25,2026-06-01,54,0.0,7,1.0
ERIS,Eris Lifesciences Limited,Healthcare,Drug Manufacturers - Specialty & Generic,20169.0,Mid-Cap,MonthlyDoubleBottom,Forming,0.653,42,Sep 42mo | Mid rally 71% | Asymmetry 6%,MonthlyDoubleBottom+MonthlyStage2,Downtrend,False,False,Below-MAs,False,Stage2,6,Uptrend,Uptrend,1431.2,814.47,462.16,1216.52,2408.54,2415.78,3474.67,2892.9,68.8,29.9,32.16,23.8,5.1,1.6,19.8,99.0,100.0,1700.1,10,strong_buy,18.7,14.1,-3.14,36.0,-0.03,19.89,7.3,8.12,22.91,20.89,72.8,20.11,12.79,201.3,0.15,highly inconsistent earnings,0.6,,0.74,,-30.12,-0.15,54.14,0.22,,5.76,-0.63,20.71,0.36,1885.0,1200.0,24.1,19.3,-19.6,51.97,0.2,-0.11,3,18.0,12.34,6.0,1.0,37.3,MONITOR ⭐,Expected ~30% CAGR (2yr) | Revenue CAGR 23% | Profit CAGR 20% | Promoter 54% holding | OPM 36% | Dividend growing 100%/yr,Pattern still forming (not broken out),3-4 years,Medium-High,"yfinance, screener.in",100,110,,2026-07-25,2026-06-01,54,7.1,7,-4.0
METROBRAND,Metro Brands Limited,Consumer Cyclical,Apparel Retail,29200.0,Mid-Cap,MonthlyDoubleBottom,Forming,0.441,9,Sep 9mo | Mid rally 44% | Asymmetry 0%,,Sideways,False,False,Below-MAs,True,Stage2,3,Uptrend,Uptrend,1052.0,1398.52,968.25,919.84,577.05,1828.79,629.67,602.78,73.8,31.8,70.9,49.57,14.64,15.9,34.69,56.0,-9.14,1246.76,21,buy,22.2,20.2,1.37,30.0,1.0,14.36,9.46,14.24,10.43,29.06,17.51,4.46,44.96,23.1,0.15,highly inconsistent earnings,0.78,,2.89,,161.57,0.55,71.8,0.0,,3.73,-0.04,7.68,0.1,1340.4,883.0,21.5,19.1,-0.36,-7.41,0.32,0.01,7,23.0,11.29,2.0,1.0,37.3,MONITOR ⭐,Expected ~32% CAGR (2yr) | ROE 22% | ROCE 20% | ROCE trend rising ↑ | Promoter 72% holding | OPM 30%,High PE 71 | Pattern still forming (not broken out),3-4 years,Medium-High,"yfinance, screener.in",100,54,,2026-07-25,2026-06-01,54,0.0,7,0.0
LTTS,L&T Technology Services Limited,Technology,Information Technology Services,36229.0,Large-Cap,MonthlyDoubleBottom,Forming,0.957,44,Sep 44mo | Mid rally 103% | Asymmetry 8%,,Sideways,False,False,Below-MAs,True,Downtrend,0,Uptrend,Uptrend,3554.6,5902.58,2798.51,3021.41,3175.62,9006.65,3201.72,3188.64,153.4,59.2,28.33,21.04,5.59,69.09,18.05,170.0,-5.23,3539.33,30,hold,21.5,26.7,-0.37,18.0,-0.86,11.68,,5.17,6.23,11.97,3.2,0.41,6.59,13.0,0.15,highly inconsistent earnings,0.09,,,,,,73.57,-0.01,,3.86,-0.36,14.64,0.07,4726.0,3010.0,24.8,18.1,-10.47,-29.21,0.47,0.06,0,17.0,17.98,2.0,0.0,37.0,MONITOR ⭐,Expected ~59% CAGR (2yr) | ROE 22% | ROCE 27% | Nearly debt-free | Promoter 74% holding | Margin compressing ↓ ⚠️,Margin compression ↓ | Earnings due 2026-07-14 | Pattern still forming (not broken out),3-4 years,Medium-High,"yfinance, screener.in",80,117,2026-07-14,2026-07-25,2026-06-01,54,0.0,7,-6.0
KRYSTAL,KRYSTAL INTEGRATED SER L,Industrials,Specialty Business Services,839.0,Small-Cap,None,,0.0,0,,,Sideways,False,False,Below-MAs,True,Stage2,4,Uptrend,Uptrend,581.4,,,494.19,1825.36,2171.81,2584.02,2171.81,273.5,93.3,13.07,,1.68,0.69,10.76,25.0,0.0,,0,none,13.7,15.9,-1.6,7.0,-0.09,5.04,5.59,5.89,22.01,22.23,1.59,18.98,30.36,59.1,0.4,lumpy earner,0.24,,2.01,,-16.04,-1.91,69.96,0.0,,1.77,0.52,3.76,0.0,729.5,500.0,20.3,16.3,2.34,,,0.91,4,19.0,6.0,10.0,2.0,37.0,MONITOR ⭐,Expected ~93% CAGR (2yr) | Revenue CAGR 22% | Low D/E 0.24 | Promoter 70% holding | FII buying +0.5% ↑ | PEG 0.69 — undervalued,None identified,3-4 years,Medium-High,"yfinance, screener.in",100,27,,2026-07-25,2026-06-01,54,0.0,7,-1.0
LEMONTREE,Lemon Tree Hotels Limited,Consumer Cyclical,Lodging,8866.0,Mid-Cap,None,,0.0,0,,,Downtrend,False,False,Below-MAs,False,Stage2,3,Uptrend,Uptrend,111.01,,,94.36,174.88,195.42,281.53,221.89,76.0,32.7,39.01,22.17,6.34,1.45,16.29,0.0,,155.71,21,strong_buy,19.4,14.0,3.2,48.0,5.14,15.72,8.38,12.29,18.17,41.79,18.52,26.88,80.58,8.1,0.2,multiple loss years in history,0.96,,1.21,,171.82,1.94,22.32,0.0,,19.44,-2.15,14.35,-1.32,180.68,99.61,38.6,11.4,-13.05,-4.24,,-0.18,6,22.0,3.0,12.0,0.0,37.0,MONITOR ⭐,Expected ~33% CAGR (2yr) | Revenue CAGR 18% | Profit CAGR 27% | ROCE trend rising ↑ | OPM 48% | Piotroski F=6 (above average quality),Earnings due 2026-08-06,3-4 years,Medium-High,"yfinance, screener.in",100,98,2026-08-06,2026-07-25,2026-06-01,54,0.0,7,-1.0
BAYERCROP,Bayer CropScience Limited,Basic Materials,Agricultural Inputs,19029.0,Mid-Cap,MonthlyDoubleBottom,Forming,0.671,27,Sep 27mo | Mid rally 68% | Asymmetry 1%,,Downtrend,False,False,Below-MAs,False,Stage2,1,Uptrend,Uptrend,4129.9,6868.99,4089.02,3884.57,3652.18,9648.96,4671.72,4130.61,133.6,52.9,27.63,21.92,6.42,2.11,20.18,354.0,0.0,5203.5,6,buy,15.8,20.1,,5.0,-4.0,12.14,8.9,9.0,,,44.74,,,13.1,0.5,insufficient history,0.03,,1.92,,960.34,5.05,71.44,0.0,,3.89,0.05,11.89,0.42,6509.5,4030.0,36.6,2.5,-18.08,-33.48,0.61,0.23,4,22.0,12.55,2.0,0.0,36.6,MONITOR ⭐,Expected ~53% CAGR (2yr) | ROCE 20% | Nearly debt-free | Promoter 71% holding | Margin compressing ↓ ⚠️ | FCF yield 5.0%,Margin compression ↓ | Earnings due 2026-08-06 | Pattern still forming (not broken out),3-4 years,Medium-High,"yfinance, screener.in",80,199,2026-08-06,2026-07-25,2026-06-15,40,-2.8,5,1.0
POLYMED,Poly Medicure Limited,Healthcare,Medical Instruments & Supplies,17054.0,Mid-Cap,MonthlyDoubleBottom,Forming,1.0,29,Sep 29mo | Mid rally 176% | Asymmetry 5%,,Downtrend,False,False,Below-MAs,False,Stage2,6,Uptrend,Uptrend,1455.1,3351.91,1182.0,1236.83,1528.34,5521.82,2255.8,1856.78,279.5,94.8,52.91,35.73,5.48,2.46,37.54,21.0,11.87,1607.17,6,buy,11.2,14.0,-0.71,24.0,-0.17,17.18,5.75,12.34,18.92,19.02,-5.31,21.49,18.74,-27.8,0.15,highly inconsistent earnings,0.11,,3.37,,-309.36,-1.81,62.42,0.0,,5.92,-3.49,15.6,1.76,2144.9,1182.0,32.2,23.1,-26.73,4.47,0.38,0.02,4,19.0,16.5,0.0,1.0,36.5,MONITOR ⭐,Expected ~95% CAGR (2yr) | Revenue CAGR 19% | Profit CAGR 21% | Low D/E 0.11 | Promoter 62% holding | DII buying +1.8% ↑,High PE 53 | Pattern still forming (not broken out),3-4 years,Medium-High,"yfinance, screener.in",100,174,,2026-07-25,2026-06-01,54,0.0,7,-2.0
BBTCL,B&B Triplewall Containers Limited,Consumer Cyclical,Packaging & Containers,442.0,Micro-Cap,MonthlyStage2,Stage Change,0.663,24,10-EMA=202 | 30-EMA=201 | Above by 9.9% | MA turning=Yes,,Uptrend,True,False,Tight-Above-MAs,True,Stage2,3,Uptrend,Uptrend,221.27,201.26,132.19,188.08,361.49,361.49,361.49,361.49,63.4,27.8,21.42,,3.35,,7.51,0.0,25.99,,0,none,17.0,13.7,-1.4,15.0,-0.1,3.34,7.13,25.2,22.27,,433.33,-5.9,,,0.15,highly inconsistent earnings,1.93,,1.16,,-1.51,-0.34,73.76,0.0,,0.0,,,,240.0,156.0,7.8,41.8,10.89,-33.47,0.24,0.07,3,4.0,24.46,4.0,4.0,36.5,MONITOR ⭐,Expected ~28% CAGR (2yr) | Revenue CAGR 22% | Declining profits (-6% CAGR) ⚠️ | Promoter 74% holding | Dividend growing 26%/yr | EV/EBITDA 8× below sector (25×),High D/E 1.9,3-4 years,Medium-High,"yfinance, screener.in",100,94,,2026-07-25,2026-06-15,40,-0.2,4,-0.8
KAMATHOTEL,Kamat Hotels (India) Limited,Consumer Cyclical,Lodging,522.0,Small-Cap,MonthlyDoubleBottom,Forming,1.0,33,Sep 33mo | Mid rally 499% | Asymmetry 10%,,Downtrend,False,False,Below-MAs,False,Stage2,3,Uptrend,Uptrend,163.69,158.95,25.3,139.14,411.24,411.24,411.24,411.24,151.2,58.5,13.93,,2.18,,9.19,0.0,-7.17,,0,none,14.4,15.8,3.6,25.0,2.0,10.0,6.77,8.12,9.38,42.37,-17.02,-50.05,18.07,49.2,0.2,multiple loss years in history,0.7,,1.06,,45.38,8.7,57.78,0.0,,0.02,-0.24,3.86,0.02,329.8,140.2,50.4,16.8,-24.77,-52.02,0.48,0.36,5,16.0,16.5,4.0,0.0,36.5,MONITOR ⭐,Expected ~58% CAGR (2yr) | Declining profits (-50% CAGR) ⚠️ | ROCE trend rising ↑ | Promoter 58% holding | FCF yield 8.7% | Piotroski F=5 (above average quality),Pattern still forming (not broken out),3-4 years,Medium-High,"yfinance, screener.in",100,287,,2026-07-25,2026-06-15,40,0.0,5,0.0
SSWL,Steel Strips Wheels Limited,Consumer Cyclical,Auto Parts,4188.0,Small-Cap,MonthlyStage2,Stage Change,1.0,24,10-EMA=217 | 30-EMA=210 | Above by 20.9% | MA turning=Yes,MonthlyCupHandle+MonthlyDoubleBottom+MonthlyStage2,Uptrend,True,True,Uptrend,True,Stage2,3,Uptrend,Uptrend,253.73,209.91,170.43,215.67,449.35,449.35,449.35,449.35,77.1,33.1,19.76,12.62,2.32,,9.06,47.0,18.56,337.0,1,strong_buy,11.1,14.8,-2.0,10.0,-0.51,3.86,,6.23,8.11,9.11,11.58,-32.03,0.67,47.0,0.15,highly inconsistent earnings,0.46,,,,,,61.15,0.0,,8.22,-0.11,5.08,0.37,283.0,169.0,10.3,50.1,18.9,-24.12,1.04,0.32,0,2.0,26.5,4.0,4.0,36.5,MONITOR ⭐,Expected ~33% CAGR (2yr) | Declining profits (-32% CAGR) ⚠️ | Promoter 61% holding | Margin compressing ↓ ⚠️ | Dividend growing 19%/yr | EV/EBITDA 9× below sector (25×),Margin compression ↓,3-4 years,Medium-High,"yfinance, screener.in",80,254,,2026-07-25,2026-07-15,10,0.0,1,-4.0
TCPLPACK,TCPL Packaging Limited,Consumer Cyclical,Packaging & Containers,2920.0,Small-Cap,MonthlyStage2,Stage Change,1.0,24,10-EMA=2946 | 30-EMA=2832 | Above by 17.5% | MA turning=Yes,,Sideways-Above-MA,True,False,Constructive,True,Stage2,3,Uptrend,Uptrend,3329.0,2832.36,2279.2,2829.65,3891.68,3891.68,3891.68,3891.68,16.9,8.1,29.94,,4.07,,12.11,78.0,44.22,,0,none,15.8,17.7,0.7,16.0,0.4,5.4,7.85,2.26,7.06,14.9,-31.47,-3.78,24.32,-42.9,0.15,highly inconsistent earnings,0.88,,1.26,,-7.08,-0.24,55.73,-0.01,,1.01,-0.03,13.69,0.13,3803.0,2200.0,12.5,51.3,0.4,51.66,0.32,0.54,4,8.0,22.5,4.0,2.0,36.5,MONITOR ⭐,Expected ~8% CAGR (2yr) | Declining profits (-4% CAGR) ⚠️ | ROCE trend rising ↑ | Promoter 56% holding | Dividend growing 44%/yr | EV/EBITDA 12× below sector (25×),None identified,3-4 years,Medium-High,"yfinance, screener.in",100,106,,2026-07-25,2026-07-15,10,0.0,1,-1.0
TIIL,Technocraft Industries (India) Limited,Industrials,Tools & Accessories,5755.0,Small-Cap,MonthlyDoubleBottom,Forming,0.679,8,Sep 8mo | Mid rally 73% | Asymmetry 5%,MonthlyDoubleBottom+MonthlyStage2,Sideways-Above-MA,True,False,Constructive,False,Stage2,4,Uptrend,Uptrend,2467.0,1231.93,696.55,2096.95,3223.44,3280.5,3338.56,3280.5,33.0,15.3,20.16,13.73,3.06,11.39,13.66,158.0,100.0,3650.0,1,strong_buy,15.0,16.1,0.03,17.0,-0.34,10.34,6.89,6.28,11.6,16.33,11.41,1.77,16.94,15.3,0.15,highly inconsistent earnings,0.4,,2.05,,-5.79,-0.1,74.74,0.0,,0.4,0.0,7.18,0.33,3383.0,1868.5,27.1,32.0,0.9,-7.58,0.19,0.21,5,14.0,17.15,3.0,2.0,36.2,MONITOR ⭐,Expected ~15% CAGR (2yr) | ROCE trend rising ↑ | Promoter 75% holding | Piotroski F=5 (above average quality) | Dividend growing 100%/yr | EV/EBITDA 14× vs sector 18×,Pattern still forming (not broken out),3-4 years,Medium-High,"yfinance, screener.in",100,234,,2026-07-25,2026-06-01,54,-5.4,7,-4.0
SIRCA,Sirca Paints India Limited,Basic Materials,Specialty Chemicals,2226.0,Small-Cap,MonthlyCupHandle,Forming,0.549,35,Cup 35mo | Depth 42% | Prior gain 31% | R²=0.75,MonthlyCupHandle+MonthlyDoubleBottom,Downtrend,False,False,Below-MAs,False,Stage2,1,Uptrend,Uptrend,394.95,528.73,304.23,335.71,284.26,753.23,357.98,319.0,90.7,38.1,33.68,21.97,4.93,2.76,21.37,38.0,14.47,565.5,2,strong_buy,15.8,21.2,1.57,20.0,1.46,13.2,10.59,32.26,23.06,28.4,32.65,12.22,30.77,25.3,0.15,highly inconsistent earnings,0.07,,5.21,,-4.1,-0.18,65.19,0.0,,6.08,-0.21,3.53,3.53,539.0,385.0,26.7,2.6,-13.47,-28.24,0.25,0.22,6,26.0,11.09,-1.0,0.0,36.1,MONITOR ⭐,Expected ~38% CAGR (2yr) | Revenue CAGR 23% | ROCE 21% | ROCE trend rising ↑ | Nearly debt-free | Promoter 65% holding,Pattern still forming (not broken out),3-4 years,Medium-High,"yfinance, screener.in",100,98,,2026-07-25,2026-06-01,54,-6.2,7,-2.0
DHARMAJ,Dharmaj Crop Guard Limited,Basic Materials,Agricultural Inputs,874.0,Small-Cap,MonthlyDoubleBottom,Forming,0.842,22,Sep 22mo | Mid rally 91% | Asymmetry 7%,MonthlyDoubleBottom+MonthlyStage2,Sideways-Above-MA,True,False,Constructive,False,Stage2,1,Uptrend,Uptrend,260.0,389.65,196.95,221.0,403.59,582.35,533.74,464.13,124.0,49.7,16.0,,1.95,,9.98,0.0,,,0,none,13.0,16.4,4.0,9.0,-0.5,4.8,6.46,19.66,,,57.14,,,,0.15,highly inconsistent earnings,0.29,,1.55,,-30.0,-3.43,70.4,0.0,,3.13,0.0,0.5,0.03,386.5,210.65,32.7,23.4,-28.3,-4.14,0.24,0.09,5,14.0,20.1,2.0,0.0,36.1,MONITOR ⭐,Expected ~50% CAGR (2yr) | ROCE trend rising ↑ | Low D/E 0.29 | Promoter 70% holding | Piotroski F=5 (above average quality) | MonthlyDoubleBottom forming (22mo base),Pattern still forming (not broken out),3-4 years,Medium-High,"yfinance, screener.in",80,44,,2026-07-25,2026-06-01,54,-2.3,7,0.0
AFFLE,Affle 3i Limited,Communication Services,Advertising Agencies,21553.0,Mid-Cap,MonthlyDoubleBottom,Forming,0.746,11,Sep 11mo | Mid rally 75% | Asymmetry 0%,,Downtrend,False,False,Below-MAs,False,Downtrend,0,Uptrend,Uptrend,1480.4,2185.9,1246.0,1258.34,1152.03,3125.8,1740.63,1416.07,111.1,45.3,47.39,30.86,5.89,2.07,32.96,0.0,,1981.27,11,strong_buy,13.8,16.8,-4.2,23.0,-0.2,16.79,7.55,19.55,23.62,39.27,19.11,22.92,27.51,16.0,0.4,lumpy earner,0.0,,3.59,,-171.67,-0.8,54.91,-0.01,,15.37,-1.29,18.77,0.87,2185.9,1251.3,32.3,18.3,-21.49,11.57,0.26,0.16,4,23.0,10.95,2.0,0.0,36.0,MONITOR ⭐,Expected ~45% CAGR (2yr) | Revenue CAGR 24% | Profit CAGR 23% | Nearly debt-free | Promoter 55% holding | DII buying +0.9% ↑,Pattern still forming (not broken out),3-4 years,Medium-High,"yfinance, screener.in",100,84,,2026-07-25,2026-06-01,54,1.6,7,-5.0
ICRA,ICRA Limited,Financial Services,Financial Data & Stock Exchanges,5002.0,Small-Cap,MonthlyDoubleBottom,Forming,0.543,30,Sep 30mo | Mid rally 55% | Asymmetry 0%,,Sideways,False,False,Below-MAs,True,Stage2,12,Uptrend,Uptrend,5293.5,7666.47,4952.24,4704.63,4558.35,10380.7,5528.65,5020.11,96.1,40.0,27.62,20.02,4.24,2.73,20.26,135.0,28.92,6558.5,2,strong_buy,16.7,23.0,1.51,36.0,1.31,30.28,8.4,20.48,14.19,14.79,7.02,10.13,17.13,32.2,0.4,lumpy earner,,,3.8,,115.7,2.31,51.86,0.0,,6.9,-1.02,24.27,-0.24,6982.0,4965.5,24.2,6.6,-14.4,-32.91,1.61,0.21,7,23.0,14.02,-1.0,0.0,36.0,MONITOR ⭐,Expected ~40% CAGR (2yr) | ROCE 23% | ROCE trend rising ↑ | Promoter 52% holding | OPM 36% | Piotroski F=7 (high quality compounder),Pattern still forming (not broken out),3-4 years,Medium-High,"yfinance, screener.in",90,232,,2026-07-25,2026-06-01,54,-2.3,7,-2.5
SUYOG,Suyog Telematics Limited,Communication Services,Telecom Services,996.0,Small-Cap,None,,0.0,0,,,Uptrend,True,False,Tight-Above-MAs,True,Downtrend,0,Uptrend,Uptrend,870.7,,,740.1,1853.57,2131.6,2451.34,2131.6,144.8,56.5,16.21,,2.04,,8.23,21.0,44.0,,0,none,14.2,14.6,1.0,74.0,2.0,28.43,7.82,15.03,,,53.66,,,,0.15,highly inconsistent earnings,0.76,,1.73,,-30.49,-3.06,51.64,-0.38,,0.67,0.03,0.0,-0.01,929.2,526.5,6.3,65.4,10.09,,,0.36,6,14.0,14.0,4.0,4.0,36.0,MONITOR ⭐,Expected ~56% CAGR (2yr) | ROCE trend rising ↑ | Promoter 52% holding | OPM 74% | Piotroski F=6 (above average quality) | Dividend growing 44%/yr,None identified,3-4 years,Medium-High,"yfinance, screener.in",80,24,,2026-07-25,2026-07-15,10,0.0,1,0.0
PFIZER,Pfizer Limited,Healthcare,Drug Manufacturers - General,20893.0,Mid-Cap,MonthlyDoubleBottom,Forming,0.773,36,Sep 36mo | Mid rally 85% | Asymmetry 8%,MonthlyDoubleBottom+MonthlyStage2,Downtrend,False,False,Below-MAs,True,Stage2,6,Uptrend,Uptrend,4785.4,5815.44,3025.08,4067.59,5794.95,8605.8,5794.95,5794.95,79.8,34.1,28.9,22.49,4.97,,20.57,164.0,23.31,6246.0,4,strong_buy,19.8,27.2,-10.0,-12.0,-15.5,28.67,10.77,0.3,,,-11.76,,,-39.6,0.15,highly inconsistent earnings,0.02,,6.06,,650.0,3.11,63.92,0.0,,1.65,-1.16,17.8,0.91,5873.5,4360.1,18.5,9.8,-5.55,9.74,0.42,0.12,4,16.0,13.78,5.0,1.0,35.8,MONITOR ⭐,Expected ~34% CAGR (2yr) | Declining profits (-40% CAGR) ⚠️ | ROCE 27% | Nearly debt-free | Promoter 64% holding | Margin compressing ↓ ⚠️,Margin compression ↓ | Earnings due 2026-08-12 | Pattern still forming (not broken out),3-4 years,Medium-High,"yfinance, screener.in",80,287,2026-08-12,2026-07-25,2026-06-01,54,0.0,7,0.0
IRIS,IRIS RegTech Solutions Limited,Technology,Software - Application,502.0,Small-Cap,MonthlyDoubleBottom,Forming,0.512,27,Sep 27mo | Mid rally 52% | Asymmetry 1%,,Downtrend,False,False,Below-MAs,True,Downtrend,0,Uptrend,Uptrend,254.0,162.4,106.15,215.9,753.93,2387.32,7559.46,2387.32,839.9,206.6,35.84,,2.5,0.17,38.21,0.0,,,0,none,10.2,12.6,1.74,8.0,-1.4,98.44,2.65,1.59,20.04,17.56,876.92,216.65,99.69,47.1,0.15,highly inconsistent earnings,0.01,,3.52,,-0.09,-0.02,34.63,0.0,,1.87,0.14,13.06,0.16,395.0,203.0,35.7,25.1,-28.39,110.33,0.38,0.58,5,19.0,9.64,7.0,0.0,35.6,MONITOR ⭐,Expected ~207% CAGR (2yr) | Revenue CAGR 20% | Profit CAGR 217% | ROCE trend rising ↑ | Nearly debt-free | Margin compressing ↓ ⚠️,Margin compression ↓ | Pattern still forming (not broken out),3-4 years,Medium-High,"yfinance, screener.in",100,57,,2026-07-25,2026-06-01,54,12.1,7,0.0
360ONE,360 One Wam Limited,Financial Services,Asset Management,45293.0,Large-Cap,MonthlyDoubleBottom,Forming,0.46,6,Sep 6mo | Mid rally 51% | Asymmetry 5%,,Sideways-Above-MA,True,False,Tight-Above-MAs,True,Stage2,12,Uptrend,Uptrend,1129.0,433.06,280.44,959.65,765.23,1066.74,1033.61,889.35,,,37.04,27.16,4.59,2.28,19.79,162.0,-28.26,1332.82,11,strong_buy,14.4,12.1,0.63,62.0,0.97,26.46,,5.94,16.52,17.4,3.78,16.22,16.9,16.1,0.75,consistent growth,1.62,,,,,,6.24,-0.01,,63.33,-2.18,12.75,1.93,1236.2,906.05,8.7,24.6,13.0,115.03,0.59,0.39,3,13.0,17.52,1.0,4.0,35.5,MONITOR ⭐,Revenue CAGR 17% | ROCE trend rising ↑ | OPM 62% | EPS: consistent growth | DII buying +1.9% ↑ | MonthlyDoubleBottom forming (6mo base),High D/E 1.6 | Earnings due 2026-10-15 | Pattern still forming (not broken out),3-4 years,Medium-High,"yfinance, screener.in",80,83,2026-10-15,2026-07-25,2026-06-01,54,2.8,7,-8.0
PENIND,Pennar Industries Limited,Industrials,Specialty Industrial Machinery,2260.0,Small-Cap,MonthlyDoubleBottom,Forming,1.0,13,Sep 13mo | Mid rally 111% | Asymmetry 5%,,Downtrend,False,False,Below-MAs,False,Stage2,4,Uptrend,Uptrend,151.69,279.9,129.1,128.94,411.66,505.65,621.09,505.65,233.3,82.6,16.29,11.63,1.94,0.71,8.88,0.0,0.0,260.0,1,strong_buy,12.8,15.3,2.03,10.0,0.77,3.83,5.21,12.18,7.73,18.87,16.81,22.83,115.37,15.4,0.15,highly inconsistent earnings,1.0,,1.13,,-301.61,-13.34,39.67,0.0,,3.98,-0.07,5.9,0.62,279.9,129.1,45.8,17.5,-29.25,73.9,0.43,-0.33,4,10.0,15.5,10.0,0.0,35.5,MONITOR ⭐,Expected ~83% CAGR (2yr) | Profit CAGR 23% | ROCE trend rising ↑ | DII buying +0.6% ↑ | PEG 0.71 — undervalued | EV/EBITDA 9× below sector (18×),Pattern still forming (not broken out),3-4 years,Medium-High,"yfinance, screener.in",100,187,,2026-07-25,2026-06-01,54,0.0,7,0.0
VRLLOG,VRL Logistics Limited,Industrials,Trucking,4058.0,Small-Cap,MonthlyDoubleBottom,Forming,1.0,33,Sep 33mo | Mid rally 104% | Asymmetry 1%,MonthlyCupHandle+MonthlyDoubleBottom,Downtrend,False,False,Below-MAs,False,Stage2,4,Uptrend,Uptrend,232.75,200.59,97.85,197.84,339.9,333.74,339.9,339.9,43.4,19.7,17.12,14.89,3.7,,9.93,431.0,25.99,324.5,6,strong_buy,21.27,,,16.06,,7.32,9.97,7.4,,,-2.9,,,-2.8,0.5,insufficient history,1.01,,0.49,,171.92,4.24,60.24,0.0,,2.68,-0.3,24.92,-0.13,320.0,225.0,27.3,3.4,-9.5,-53.54,0.15,0.02,3,12.0,16.5,7.0,0.0,35.5,MONITOR ⭐,Expected ~20% CAGR (2yr) | Declining profits (-3% CAGR) ⚠️ | ROE 21% | Promoter 60% holding | FCF yield 4.2% | Dividend growing 26%/yr,High D/E 1.0 | Pattern still forming (not broken out),3-4 years,Medium-High,"yfinance, screener.in",70,136,,2026-07-25,2026-06-01,54,-5.1,6,0.0
ROUTE,Route Mobile Limited,Communication Services,Telecom Services,3536.0,Small-Cap,MonthlyDoubleBottom,Forming,0.389,28,Sep 28mo | Mid rally 40% | Asymmetry 1%,,Sideways,False,False,Below-MAs,True,Downtrend,0,Uptrend,Uptrend,519.7,1886.51,1339.67,1272.69,878.2,2433.35,878.2,878.2,368.2,116.4,14.79,9.12,1.28,,4.26,214.0,-40.16,691.25,4,buy,12.5,17.2,-2.23,12.0,0.11,5.42,7.3,-3.67,7.29,25.68,-23.05,-8.27,14.08,93.2,0.15,highly inconsistent earnings,0.01,,3.85,,662.21,18.73,74.85,0.0,,2.4,-0.09,3.46,-0.55,960.5,410.7,45.9,26.5,-40.74,-89.1,0.45,0.29,5,16.0,11.17,8.0,0.0,35.2,MONITOR ⭐,Expected ~116% CAGR (2yr) | Declining profits (-8% CAGR) ⚠️ | Nearly debt-free | Promoter 75% holding | FCF yield 18.7% | Piotroski F=5 (above average quality),Pattern still forming (not broken out),3-4 years,Medium-High,"yfinance, screener.in",100,69,,2026-07-25,2026-06-01,54,0.0,7,0.0
INDRAMEDCO,Indraprastha Medical Corporation Limited,Healthcare,Medical Care Facilities,3399.0,Small-Cap,MonthlyDoubleBottom,Forming,0.664,19,Sep 19mo | Mid rally 75% | Asymmetry 9%,,Downtrend,False,False,Below-MAs,False,Stage2,6,Uptrend,Uptrend,379.2,640.85,351.2,333.64,748.23,930.5,775.41,761.7,145.4,56.6,18.52,15.07,4.59,10.29,11.88,121.0,21.64,550.0,1,strong_buy,27.47,,,13.48,,12.39,15.15,9.3,,,1.8,,,1.7,0.5,insufficient history,0.05,,2.46,,68.4,2.01,51.0,0.0,,2.77,0.34,0.59,-0.28,640.85,342.0,40.8,10.9,-11.91,92.99,0.12,0.42,4,19.0,11.97,4.0,0.0,35.0,MONITOR ⭐,Expected ~57% CAGR (2yr) | ROE 27% | Nearly debt-free | Promoter 51% holding | Dividend growing 22%/yr | EV/EBITDA 12× below sector (22×),Pattern still forming (not broken out),3-4 years,Medium-High,"yfinance, screener.in",70,351,,2026-07-25,2026-07-15,10,0.0,1,0.0
