Stock,Company_Name,Sector,Industry,Market_Cap_Cr,Cap_Class,Monthly_Pattern,Monthly_Pattern_Status,Monthly_Pattern_Quality,Monthly_Pattern_Duration_Mo,Monthly_Pattern_Details,Converging_Signals,Weekly_Trend,Weekly_Above_40MA,Weekly_Volume_Expanding,Daily_Setup,Daily_Above_50MA,Sector_Trend,Sector_Stage2_Age_Mo,Index_Regime,Nifty_Monthly_Trend,CMP,Breakout_Zone,Pattern_Bottom,Stop_Loss,Target_1yr,Target_2yr,Target_3yr,Fair_Value_Estimate,Upside_Potential_Pct,Expected_CAGR_2yr_Pct,PE_Ratio,Forward_PE,PB_Ratio,PEG_Ratio,EV_EBITDA,Dividend_Yield_Pct,Dividend_Growth_3yr_Pct,Analyst_Target,Analyst_Count,Analyst_Recommendation,ROE_Pct,ROCE_Pct,ROCE_Trend,Operating_Margin_Pct,OPM_Trend,Net_Margin_Pct,Return_on_Assets_Pct,Revenue_Growth_TTM_Pct,Revenue_Growth_3yr_CAGR,Revenue_Growth_5yr_CAGR,Profit_Growth_TTM_Pct,Profit_Growth_3yr_CAGR,Profit_Growth_5yr_CAGR,EPS_Growth_Quarterly_Pct,EPS_Consistency_Score,EPS_Consistency_Desc,Debt_to_Equity,DE_Trend,Current_Ratio,Interest_Coverage,Free_Cashflow_Cr,FCF_Yield_Pct,Promoter_Holding_Pct,Promoter_Change_QoQ,Promoter_Pledge_Pct,FII_Holding_Pct,FII_Change_QoQ,DII_Holding_Pct,DII_Change_QoQ,52wk_High,52wk_Low,Dist_From_52wk_High_Pct,Dist_From_52wk_Low_Pct,RS_vs_Nifty_1yr_Pct,RS_vs_Nifty_3yr_Pct,Monthly_Vol_Surge,Beta,Piotroski_F_Score,Fundamental_Score_40,Technical_Score_30,Valuation_Score_20,Momentum_Score_10,Overall_Score_100,Rating_Grade,Why_Buy,Key_Risks,Investment_Horizon,Risk_Level,Data_Sources,Data_Quality_Pct,Monthly_Bars,Next_Earnings,Scan_Date,First_Seen_Date,Days_On_Watchlist,Price_Change_Since_First_Pct,Times_Scanned,Score_vs_First
APCOTEXIND,Apcotex Industries Limited,Basic Materials,Specialty Chemicals,2631.0,Small-Cap,MonthlyStage2,Stage Change,1.0,24,10-EMA=429 | 30-EMA=406 | Above by 25.1% | MA turning=Yes,MonthlyDoubleBottom+MonthlyStage2,Uptrend,True,False,Uptrend,True,Stage2,1,Uptrend,Uptrend,507.4,405.67,300.82,431.29,874.91,1814.57,3763.42,1814.57,257.6,89.1,25.98,18.12,4.24,0.24,14.98,158.0,13.3,700.0,1,strong_buy,24.4,19.8,,10.0,-1.0,7.03,8.2,23.21,,,-2.56,,,107.3,0.15,highly inconsistent earnings,0.15,,1.66,,108.11,4.11,58.23,0.0,,0.64,0.02,2.23,0.0,579.0,310.45,12.4,63.4,32.47,-26.75,0.42,0.23,5,27.0,26.5,8.0,8.0,69.5,ACCUMULATE ⭐⭐⭐,Expected ~89% CAGR (2yr) | Profit CAGR 107% | ROE 24% | Low D/E 0.15 | Promoter 58% holding | Margin compressing ↓ ⚠️,Margin compression ↓,2-3 years,Medium,"yfinance, screener.in",80,288,,2026-07-15,2026-06-01,44,-0.2,6,-4.5
GLENMARK,Glenmark Pharmaceuticals Limited,Healthcare,Drug Manufacturers - Specialty & Generic,64424.0,Large-Cap,MonthlyDoubleBottom,Forming,1.0,48,Sep 48mo | Mid rally 152% | Asymmetry 2%,,Uptrend,True,False,Uptrend,True,Stage2,6,Uptrend,Uptrend,2282.9,1214.53,478.22,1940.46,2168.72,2444.19,2675.45,2408.8,7.1,3.5,47.39,23.23,6.13,4.28,13.96,22.0,25.99,2497.27,11,buy,30.5,39.8,3.89,27.0,0.94,8.02,13.9,27.48,13.61,9.19,30.09,11.07,11.91,6382.0,0.15,highly inconsistent earnings,0.06,,1.77,,1177.36,1.83,46.65,0.0,,20.35,1.15,19.28,-0.81,2474.0,1792.6,7.7,27.4,19.85,174.01,0.26,0.26,7,34.0,26.5,5.0,4.0,69.5,ACCUMULATE ⭐⭐⭐,Expected ~4% CAGR (2yr) | ROE 30% | ROCE 40% | ROCE trend rising ↑ | Nearly debt-free | OPM 27%,Earnings due 2026-08-13 | Pattern still forming (not broken out),2-3 years,Medium,"yfinance, screener.in",100,289,2026-08-13,2026-07-15,2026-06-01,44,-5.1,6,6.0
TALBROAUTO,Talbros Automotive Components Limited,Consumer Cyclical,Auto Parts,2519.0,Small-Cap,MonthlyStage2,Stage Change,1.0,24,10-EMA=329 | 30-EMA=283 | Above by 40.3% | MA turning=Yes,MonthlyDoubleBottom+MonthlyStage2,Uptrend,True,False,Tight-Above-MAs,True,Stage2,3,Uptrend,Uptrend,396.5,282.52,215.33,337.02,934.93,1149.21,1412.61,1149.21,189.8,70.2,24.22,,3.39,1.06,18.23,18.0,11.87,,0,none,15.1,18.6,1.0,16.0,0.74,11.97,6.38,5.2,10.38,14.4,10.64,22.92,21.67,18.9,0.15,highly inconsistent earnings,0.11,,1.96,,20.53,0.82,58.43,0.0,,0.49,-0.12,0.09,0.0,435.0,219.9,8.9,80.3,54.03,65.26,0.52,0.33,7,26.0,28.5,7.0,8.0,69.5,ACCUMULATE ⭐⭐⭐,Expected ~70% CAGR (2yr) | Profit CAGR 23% | ROCE trend rising ↑ | Low D/E 0.11 | Promoter 58% holding | Piotroski F=7 (high quality compounder),None identified,2-3 years,Medium,"yfinance, screener.in",100,239,,2026-07-15,2026-06-01,44,20.0,6,1.0
INDOTHAI,Indo Thai Securities Limited,Financial Services,Capital Markets,2809.0,Small-Cap,MonthlyDoubleBottom,Forming,0.878,30,Sep 30mo | Mid rally 95% | Asymmetry 7%,,Downtrend,False,False,Below-MAs,False,Stage2,12,Uptrend,Uptrend,217.97,47.7,23.57,185.27,212.69,398.97,748.38,398.97,83.0,35.3,41.52,,9.87,0.47,,7.0,0.0,,0,none,28.6,34.6,0.66,83.0,4.43,65.09,21.98,285.19,135.13,36.43,725.0,87.58,48.96,,0.15,highly inconsistent earnings,0.08,,1.95,,,,56.5,-0.27,,1.22,-0.06,0.49,0.3,466.35,143.65,53.3,51.7,39.51,816.9,0.78,1.31,5,40.0,15.04,8.0,6.0,69.0,ACCUMULATE ⭐⭐⭐,Expected ~35% CAGR (2yr) | Revenue CAGR 135% | Profit CAGR 88% | ROE 29% | ROCE 35% | ROCE trend rising ↑,Pattern still forming (not broken out),2-3 years,Medium,"yfinance, screener.in",90,177,,2026-07-15,2026-06-01,44,-18.8,6,0.0
PIGL,Power & Instrumental (Gujarat) Limited,Industrials,Engineering & Construction,242.0,Micro-Cap,MonthlyDoubleBottom,Forming,1.0,18,Sep 18mo | Mid rally 153% | Asymmetry 4%,,Downtrend,False,False,Below-MAs,False,Stage2,4,Uptrend,Uptrend,103.97,92.78,35.99,88.37,231.09,359.03,557.78,359.03,245.3,85.8,25.16,,1.29,0.45,9.45,18.0,0.0,,0,none,11.0,15.5,1.2,10.0,0.8,6.59,6.86,29.59,32.57,,25.0,55.36,,29.5,0.4,lumpy earner,0.08,,2.44,,32.42,13.4,50.7,4.41,,0.01,0.01,0.75,0.75,189.7,88.05,45.2,18.1,-16.67,127.82,0.61,0.45,5,40.0,16.0,13.0,0.0,69.0,ACCUMULATE ⭐⭐⭐,Expected ~86% CAGR (2yr) | Revenue CAGR 33% | Profit CAGR 55% | ROCE trend rising ↑ | Nearly debt-free | Promoter 51% holding,Pattern still forming (not broken out),2-3 years,Medium,"yfinance, screener.in",100,97,,2026-07-15,2026-06-01,44,0.0,6,9.0
SAKSOFT,Saksoft Limited,Technology,Information Technology Services,2187.0,Small-Cap,MonthlyDoubleBottom,Breakout Ready,1.0,19,Sep 19mo | Mid rally 307% | Asymmetry 2%,,Sideways-Above-MA,True,True,Constructive,True,Downtrend,0,Uptrend,Uptrend,177.85,15.03,3.66,151.17,418.64,491.87,577.89,491.87,176.6,66.3,16.77,5.01,2.81,0.96,10.59,58.0,17.8,,0,none,19.6,25.5,0.03,19.0,0.43,13.23,10.48,14.04,14.78,21.14,22.02,17.49,24.2,19.7,0.75,consistent growth,0.06,,2.17,,85.14,3.89,66.72,0.04,,2.4,0.17,0.0,-0.14,249.5,107.59,28.7,65.3,-14.89,-55.55,4.19,0.31,7,36.0,23.0,10.0,0.0,69.0,ACCUMULATE ⭐⭐⭐,Expected ~66% CAGR (2yr) | ROCE 26% | ROCE trend rising ↑ | Nearly debt-free | Promoter 67% holding | FCF yield 3.9%,None identified,2-3 years,Medium,"yfinance, screener.in",100,255,,2026-07-15,2026-06-01,44,23.5,6,5.0
SENCO,Senco Gold Limited,Consumer Cyclical,Luxury Goods,5933.0,Small-Cap,MonthlyStage2,Stage Change,0.525,24,10-EMA=337 | 30-EMA=349 | Above by 7.9% | MA turning=Yes,MonthlyDoubleBottom+MonthlyStage2,Uptrend,True,True,Uptrend,True,Stage2,3,Uptrend,Uptrend,377.0,349.47,271.02,320.45,3366.47,3291.56,7955.95,5175.27,773.1,195.5,10.33,14.64,2.36,0.19,8.37,50.0,14.47,466.0,6,buy,25.6,20.9,-0.29,11.0,0.37,6.81,9.39,33.22,27.4,25.95,261.01,53.73,56.57,151.3,0.15,highly inconsistent earnings,1.07,,1.54,,-224.74,-3.79,64.49,0.02,,7.6,-0.61,12.61,0.53,404.85,276.0,6.9,36.6,3.47,60.82,0.93,0.5,4,30.0,20.8,15.0,3.0,68.8,ACCUMULATE ⭐⭐⭐,Expected ~196% CAGR (2yr) | Revenue CAGR 27% | Profit CAGR 54% | ROE 26% | ROCE 21% | Promoter 64% holding,High D/E 1.1,2-3 years,Medium,"yfinance, screener.in",100,37,,2026-07-15,2026-06-01,44,12.5,6,7.9
CAPLIPOINT,Caplin Point Laboratories Limited,Healthcare,Drug Manufacturers - Specialty & Generic,19638.0,Mid-Cap,MonthlyStage2,Stage Change,1.0,24,10-EMA=2092 | 30-EMA=1825 | Above by 41.6% | MA turning=Yes,MonthlyDoubleBottom+MonthlyStage2,Uptrend,True,False,Tight-Above-MAs,True,Stage2,6,Uptrend,Uptrend,2583.6,1824.65,1504.8,2196.06,4540.46,5444.47,6528.46,5444.47,110.7,45.2,30.67,24.16,5.59,1.54,24.65,31.0,-3.85,2505.0,2,strong_buy,20.6,24.6,-0.6,35.0,0.91,29.32,11.86,12.91,14.24,15.57,20.15,19.91,20.96,19.3,1.0,steady compounder (low CV),0.0,,6.7,,2.13,0.01,70.57,0.0,,6.15,-0.43,2.14,0.09,2689.0,1500.3,3.9,72.2,24.18,120.87,0.43,0.19,6,30.0,28.5,2.0,8.0,68.5,ACCUMULATE ⭐⭐⭐,Expected ~45% CAGR (2yr) | ROE 21% | ROCE 25% | Nearly debt-free | Promoter 71% holding | OPM 35%,None identified,2-3 years,Medium,"yfinance, screener.in",100,146,,2026-07-15,2026-06-01,44,26.8,6,5.5
IPCALAB,Ipca Laboratories Limited,Healthcare,Drug Manufacturers - Specialty & Generic,45360.0,Large-Cap,MonthlyStage2,Stage Change,1.0,24,10-EMA=1587 | 30-EMA=1416 | Above by 32.2% | MA turning=Yes,MonthlyDoubleBottom+MonthlyStage2,Uptrend,True,False,Uptrend,True,Stage2,6,Uptrend,Uptrend,1872.2,1416.12,1271.2,1591.37,3349.41,3410.64,6123.31,4528.74,82.2,35.0,39.68,27.23,5.62,1.13,23.46,34.0,-20.63,1733.5,18,buy,16.0,17.3,-2.37,21.0,-1.43,11.83,8.08,8.42,15.85,12.32,50.83,35.21,0.74,341.0,0.15,highly inconsistent earnings,0.09,,2.76,,751.99,1.66,44.72,0.0,,10.63,0.01,37.13,0.14,1812.5,1251.6,-3.3,49.6,36.32,89.93,0.4,0.05,5,26.0,26.5,6.0,10.0,68.5,ACCUMULATE ⭐⭐⭐,Expected ~35% CAGR (2yr) | Revenue CAGR 16% | Profit CAGR 35% | Nearly debt-free | Margin compressing ↓ ⚠️ | Piotroski F=5 (above average quality),Margin compression ↓ | Earnings due 2026-08-10,2-3 years,Medium,"yfinance, screener.in",100,367,2026-08-10,2026-07-15,2026-06-01,44,13.0,6,0.0
SANDUMA,The Sandur Manganese & Iron Ores Limited,Basic Materials,Steel,9884.0,Mid-Cap,MonthlyDoubleBottom,Forming,0.877,11,Sep 11mo | Mid rally 90% | Asymmetry 2%,MonthlyCupHandle+MonthlyDoubleBottom,Downtrend,False,False,Below-MAs,False,Stage2,1,Uptrend,Uptrend,201.35,210.6,109.48,171.15,388.12,521.68,701.18,521.68,159.1,61.0,15.06,,3.04,0.44,8.8,25.0,25.0,,0,none,23.2,24.4,-1.57,24.0,-2.46,12.9,11.16,62.3,33.76,48.61,39.7,34.41,34.95,50.5,0.15,highly inconsistent earnings,0.31,,1.16,,793.91,8.03,74.22,0.0,,1.63,0.43,0.66,-0.01,273.0,141.37,26.2,42.4,41.32,,0.12,0.77,4,38.0,13.52,11.0,6.0,68.5,ACCUMULATE ⭐⭐⭐,Expected ~61% CAGR (2yr) | Revenue CAGR 34% | Profit CAGR 34% | ROE 23% | ROCE 24% | Promoter 74% holding,Margin compression ↓ | Pattern still forming (not broken out),2-3 years,Medium,"yfinance, screener.in",100,35,,2026-07-15,2026-06-01,44,-11.0,6,-12.0
KRISHNADEF,KRISHNA DEF AND ALD IND L,Industrials,Specialty Industrial Machinery,1964.0,Small-Cap,None,,0.0,0,,,Uptrend,True,False,Uptrend,True,Stage2,4,Uptrend,Uptrend,1171.6,,,995.86,1811.35,3652.58,7365.43,3652.58,211.8,76.6,46.95,,10.15,0.46,36.64,10.0,150.0,,0,none,25.4,30.7,7.0,22.0,2.5,16.88,16.06,28.95,56.43,,86.36,101.65,,72.9,1.0,steady compounder (low CV),0.01,,3.99,,72.96,3.71,59.9,-0.06,,1.36,0.75,1.32,-0.74,1400.0,665.0,16.3,76.2,38.47,529.09,,0.92,7,40.0,13.0,7.0,8.0,68.0,ACCUMULATE ⭐⭐⭐,Expected ~77% CAGR (2yr) | Revenue CAGR 56% | Profit CAGR 102% | ROE 25% | ROCE 31% | ROCE trend rising ↑,None identified,2-3 years,Medium,"yfinance, screener.in",100,50,,2026-07-15,2026-06-01,44,0.0,6,2.0
SIGNPOST,Signpost India Limited,Communication Services,Advertising Agencies,1698.0,Small-Cap,MonthlyStage2,Breaking Out,1.0,24,10-EMA=266 | 30-EMA=276 | Above by 16.2% | MA turning=Yes,MonthlyDoubleBottom+MonthlyStage2,Uptrend,True,True,Uptrend,True,Downtrend,0,Uptrend,Uptrend,321.3,276.39,196.4,273.11,502.82,633.5,798.15,633.5,97.2,40.4,24.15,,5.88,0.93,12.79,16.0,0.0,,0,none,27.6,24.9,0.0,25.0,1.1,12.17,10.68,27.15,19.56,,105.88,25.99,,2128.8,0.15,highly inconsistent earnings,0.7,,1.26,,-79.06,-4.66,60.38,0.0,,0.23,0.14,0.02,0.0,326.4,191.41,1.6,67.9,18.04,,6.76,0.82,4,26.0,27.0,9.0,6.0,68.0,ACCUMULATE ⭐⭐⭐,Expected ~40% CAGR (2yr) | Revenue CAGR 20% | Profit CAGR 26% | ROE 28% | ROCE 25% | Promoter 60% holding,None identified,2-3 years,Medium,"yfinance, screener.in",100,30,,2026-07-15,2026-06-01,44,17.4,6,22.8
SPECTRUM,SPECTRUM ELECTRIC IND LTD,Industrials,Electrical Equipment & Parts,3020.0,Small-Cap,MonthlyStage2,Breaking Out,1.0,24,10-EMA=1596 | 30-EMA=1490 | Above by 29.0% | MA turning=Yes,MonthlyCupHandle+MonthlyDoubleBottom+MonthlyStage2,Uptrend,True,True,Tight-Above-MAs,True,Stage2,4,Uptrend,Uptrend,1921.6,1489.77,1206.2,1633.36,1599.48,2823.41,4983.88,2823.41,46.9,21.2,76.34,,12.33,1.0,40.52,0.0,,,0,none,20.4,16.8,1.4,15.0,0.77,8.45,7.59,30.85,27.63,28.35,76.0,76.52,48.96,95.5,0.15,highly inconsistent earnings,1.02,,1.34,,-82.7,-2.74,72.72,0.0,,4.94,0.28,0.34,0.0,2200.0,1050.0,12.7,83.0,27.48,74.45,4.85,0.21,5,27.0,30.0,5.0,6.0,68.0,ACCUMULATE ⭐⭐⭐,Expected ~21% CAGR (2yr) | Revenue CAGR 28% | Profit CAGR 77% | ROE 20% | ROCE trend rising ↑ | Promoter 73% holding,High D/E 1.0 | High PE 76,2-3 years,Medium,"yfinance, screener.in",100,94,,2026-07-15,2026-06-01,44,33.6,6,17.8
WEBELSOLAR,Websol Energy System Limited,Technology,Solar,4335.0,Small-Cap,MonthlyDoubleBottom,Forming,1.0,20,Sep 20mo | Mid rally 263% | Asymmetry 4%,MonthlyDoubleBottom+MonthlyStage2,Sideways-Above-MA,True,False,Constructive,False,Downtrend,0,Uptrend,Uptrend,99.65,186.5,50.4,84.7,571.8,1396.92,3412.67,1396.92,1301.8,274.4,14.31,,10.77,0.1,10.5,0.0,0.0,,0,none,66.9,63.2,,41.0,-3.0,28.87,31.73,82.43,,,95.48,,,157.9,0.5,insufficient history,0.21,,2.94,,-57.61,-1.33,29.72,2.01,,4.12,-1.28,0.32,0.01,157.3,50.4,36.6,97.7,-24.2,720.92,0.16,0.27,4,35.0,21.0,12.0,0.0,68.0,ACCUMULATE ⭐⭐⭐,Expected ~274% CAGR (2yr) | Revenue CAGR 132% | Profit CAGR 144% | ROE 67% | ROCE 63% | Low D/E 0.21,Margin compression ↓ | Pattern still forming (not broken out),2-3 years,Medium,"yfinance, screener.in",80,231,,2026-07-15,2026-06-01,44,-5.6,6,-0.5
AUROPHARMA,Aurobindo Pharma Limited,Healthcare,Drug Manufacturers - Specialty & Generic,90029.0,Large-Cap,MonthlyStage2,Stage Change,1.0,24,10-EMA=1370 | 30-EMA=1208 | Above by 29.5% | MA turning=Yes,MonthlyCupHandle+MonthlyDoubleBottom+MonthlyStage2,Uptrend,True,False,Tight-Above-MAs,True,Stage2,6,Uptrend,Uptrend,1564.7,1207.85,1024.06,1329.99,3390.94,3108.5,5048.73,4137.63,98.7,40.9,25.91,17.39,2.4,1.18,12.88,26.0,-12.64,1564.79,29,buy,10.1,12.8,-0.49,20.0,0.17,10.41,5.86,6.08,10.63,6.32,0.55,22.02,-8.07,2.0,0.15,highly inconsistent earnings,0.21,,1.81,,1318.53,1.46,51.82,0.0,,15.24,1.29,25.82,-1.84,1636.8,1016.1,4.4,54.0,53.69,64.34,0.28,0.02,6,20.0,28.5,9.0,10.0,67.5,ACCUMULATE ⭐⭐⭐,Expected ~41% CAGR (2yr) | Profit CAGR 22% | Low D/E 0.21 | Promoter 52% holding | Piotroski F=6 (above average quality) | FII buying +1.3% ↑,Earnings due 2026-08-04,2-3 years,Medium,"yfinance, screener.in",100,367,2026-08-04,2026-07-15,2026-06-01,44,3.4,6,5.0
FIEMIND,Fiem Industries Limited,Consumer Cyclical,Auto Parts,5922.0,Small-Cap,MonthlyDoubleBottom,Forming,1.0,38,Sep 38mo | Mid rally 218% | Asymmetry 5%,,Sideways-Above-MA,True,False,Constructive,False,Stage2,3,Uptrend,Uptrend,2249.9,640.59,196.92,1912.41,5484.02,5131.12,8199.93,6705.86,128.1,51.0,23.15,16.99,4.87,1.04,14.77,178.0,44.22,2769.0,3,strong_buy,22.6,29.3,3.03,14.0,0.51,9.15,12.93,16.22,15.07,18.19,24.88,22.28,40.36,20.7,0.4,lumpy earner,0.05,,2.61,,-25.95,-0.44,54.51,0.0,,6.86,-0.07,11.4,0.53,2555.3,1794.0,12.0,25.4,8.0,117.9,0.15,0.48,6,32.0,22.5,10.0,3.0,67.5,ACCUMULATE ⭐⭐⭐,Expected ~51% CAGR (2yr) | Revenue CAGR 15% | Profit CAGR 22% | ROE 23% | ROCE 29% | ROCE trend rising ↑,Pattern still forming (not broken out),2-3 years,Medium,"yfinance, screener.in",100,238,,2026-07-15,2026-06-01,44,3.7,6,-8.0
NMDC,NMDC Limited,Basic Materials,Steel,74660.0,Large-Cap,MonthlyDoubleBottom,Forming,1.0,30,Sep 30mo | Mid rally 140% | Asymmetry 1%,,Uptrend,True,False,Tight-Above-MAs,True,Stage2,1,Uptrend,Uptrend,89.02,21.51,8.94,75.67,211.17,174.59,255.43,232.25,96.1,40.0,10.01,8.29,2.19,1.0,7.51,412.0,4.35,88.1,21,hold,23.4,27.6,-1.94,29.0,-5.29,23.23,12.29,34.15,21.99,15.85,14.26,9.98,3.49,37.2,0.15,highly inconsistent earnings,0.19,,2.43,,-1396.04,-1.87,60.79,0.0,,13.6,0.12,13.76,-0.3,97.49,67.75,8.7,31.4,40.59,168.73,0.5,0.62,4,23.0,28.5,8.0,8.0,67.5,ACCUMULATE ⭐⭐⭐,Expected ~40% CAGR (2yr) | Revenue CAGR 22% | ROE 23% | ROCE 28% | Low D/E 0.19 | Promoter 61% holding,Margin compression ↓ | Earnings due 2026-08-12 | Pattern still forming (not broken out),2-3 years,Medium,"yfinance, screener.in",100,219,2026-08-12,2026-07-15,2026-06-01,44,0.0,6,-1.0
STAR,Strides Pharma Science Limited,Healthcare,Drug Manufacturers - Specialty & Generic,9979.0,Mid-Cap,MonthlyDoubleBottom,Forming,1.0,26,Sep 26mo | Mid rally 276% | Asymmetry 1%,,Sideways-Above-MA,True,False,Constructive,False,Stage2,6,Uptrend,Uptrend,1068.1,986.17,260.8,907.88,8267.82,13666.91,57933.74,21885.74,1179.6,257.7,17.95,11.35,3.21,0.11,12.5,37.0,100.0,1338.67,3,strong_buy,20.4,18.6,3.49,19.0,2.6,11.45,6.96,6.44,9.63,7.94,-84.02,164.71,-3.41,54.4,0.2,multiple loss years in history,0.56,,1.25,,32.17,0.32,27.91,0.05,,28.68,-0.84,14.44,1.42,1231.0,768.65,13.2,39.0,24.57,117.49,0.14,0.34,5,24.0,22.5,15.0,6.0,67.5,ACCUMULATE ⭐⭐⭐,Expected ~258% CAGR (2yr) | Profit CAGR 165% | ROE 20% | ROCE trend rising ↑ | Piotroski F=5 (above average quality) | DII buying +1.4% ↑,Pattern still forming (not broken out),2-3 years,Medium,"yfinance, screener.in",100,290,,2026-07-15,2026-06-01,44,-7.4,6,-5.0
STYLAMIND,Stylam Industries Limited,Consumer Cyclical,"Furnishings, Fixtures & Appliances",5571.0,Small-Cap,MonthlyStage2,Stage Change,1.0,24,10-EMA=2562 | 30-EMA=2095 | Above by 56.6% | MA turning=Yes,MonthlyCupHandle+MonthlyDoubleBottom+MonthlyStage2,Uptrend,True,False,Tight-Above-MAs,True,Stage2,3,Uptrend,Uptrend,3281.5,2094.98,1576.4,2789.28,4406.54,4256.96,5933.52,5113.34,29.7,13.9,37.18,24.71,6.97,2.32,25.3,0.0,,2972.4,5,buy,20.5,27.0,0.66,20.0,0.29,13.27,14.22,10.15,5.85,18.85,22.95,16.04,22.22,29.3,0.15,highly inconsistent earnings,0.04,,3.48,,-39.14,-0.7,54.1,1.91,,2.81,0.77,13.31,0.07,3357.3,1594.1,2.3,105.9,95.64,64.93,0.22,0.09,5,27.0,28.5,2.0,10.0,67.5,ACCUMULATE ⭐⭐⭐,Expected ~14% CAGR (2yr) | ROE 20% | ROCE 27% | ROCE trend rising ↑ | Nearly debt-free | Promoter 54% holding,None identified,2-3 years,Medium,"yfinance, screener.in",100,60,,2026-07-15,2026-06-01,44,18.3,6,-3.0
UJJIVANSFB,Ujjivan Small Finance Bank Limited,Financial Services,Banks - Regional,12700.0,Mid-Cap,MonthlyDoubleBottom,Forming,1.0,36,Sep 36mo | Mid rally 122% | Asymmetry 2%,MonthlyCupHandle+MonthlyDoubleBottom,Uptrend,True,False,Uptrend,True,Stage2,12,Uptrend,Uptrend,66.56,47.27,21.13,56.58,257.46,544.0,2854.92,857.33,717.3,185.9,18.6,9.64,1.86,0.08,,,20.0,74.0,19,strong_buy,10.74,,,29.53,,16.57,1.32,44.4,,,233.0,,,238.2,0.5,insufficient history,,,,,,,0.0,0.0,,16.81,-0.42,33.45,2.33,68.0,41.32,2.1,61.1,56.85,14.76,0.75,0.44,2,22.0,26.5,9.0,10.0,67.5,ACCUMULATE ⭐⭐⭐,Expected ~186% CAGR (2yr) | Revenue CAGR 44% | Profit CAGR 233% | OPM 30% | DII buying +2.3% ↑ | Dividend growing 20%/yr,Pattern still forming (not broken out),2-3 years,Medium,"yfinance, screener.in",50,80,,2026-07-15,2026-06-01,44,23.0,6,9.0
BLS,BLS International Services Limited,Industrials,Specialty Business Services,9759.0,Mid-Cap,MonthlyDoubleBottom,Forming,1.0,11,Sep 11mo | Mid rally 150% | Asymmetry 3%,,Downtrend,False,False,Below-MAs,False,Stage2,4,Uptrend,Uptrend,237.15,69.59,27.34,201.58,914.26,1394.53,2127.07,1394.53,488.0,142.5,14.24,11.03,3.96,0.27,10.99,127.0,38.67,330.0,1,strong_buy,32.7,29.3,3.57,27.0,4.2,22.9,13.79,36.71,25.52,44.37,34.07,52.53,70.67,31.6,0.75,consistent growth,0.15,,2.91,,448.12,4.59,70.39,0.0,,6.14,-0.23,2.99,0.07,414.9,218.9,42.8,8.3,-33.79,-42.14,0.28,-0.25,7,40.0,15.0,12.0,0.0,67.0,ACCUMULATE ⭐⭐⭐,Expected ~142% CAGR (2yr) | Revenue CAGR 26% | Profit CAGR 53% | ROE 33% | ROCE 29% | ROCE trend rising ↑,Pattern still forming (not broken out),2-3 years,Medium,"yfinance, screener.in",100,122,,2026-07-15,2026-06-01,44,-9.5,6,0.0
LALPATHLAB,Dr. Lal PathLabs Limited,Healthcare,Diagnostics & Research,28266.0,Mid-Cap,MonthlyStage2,Breaking Out,1.0,24,10-EMA=1472 | 30-EMA=1405 | Above by 21.3% | MA turning=Yes,MonthlyDoubleBottom+MonthlyStage2,Sideways-Above-MA,True,False,Constructive,True,Stage2,6,Uptrend,Uptrend,1703.7,1404.72,1142.76,1448.14,1915.31,2160.99,3157.19,2459.06,26.8,12.6,56.18,41.04,11.27,1.98,36.69,83.0,7.72,1713.88,26,buy,22.3,28.0,-0.51,28.0,0.17,18.27,13.34,12.27,11.06,11.81,3.66,28.39,11.5,-15.2,0.15,highly inconsistent earnings,0.08,,3.48,,402.22,1.42,53.21,0.0,,17.18,-3.11,21.37,2.17,1803.0,1272.6,5.5,33.9,30.64,32.18,2.5,0.19,6,33.0,24.0,2.0,8.0,67.0,ACCUMULATE ⭐⭐⭐,Expected ~13% CAGR (2yr) | Profit CAGR 28% | ROE 22% | ROCE 28% | Nearly debt-free | Promoter 53% holding,High PE 56 | Earnings due 2026-07-24,2-3 years,Medium,"yfinance, screener.in",100,126,2026-07-24,2026-07-15,2026-06-01,44,0.0,6,0.0
SYNCOMF,Syncom Formulations (India) Limited,Healthcare,Drug Manufacturers - Specialty & Generic,1333.0,Small-Cap,MonthlyDoubleBottom,Forming,1.0,21,Sep 21mo | Mid rally 164% | Asymmetry 7%,,Downtrend,False,False,Below-MAs,False,Stage2,6,Uptrend,Uptrend,13.87,27.9,10.21,11.79,64.91,101.29,158.07,101.29,630.3,170.2,17.51,,3.46,0.31,16.01,0.0,,,0,none,20.2,26.8,2.26,16.0,1.31,15.63,9.36,5.62,30.11,21.46,55.1,56.05,47.19,42.3,0.4,lumpy earner,0.0,,3.19,,41.05,3.08,50.57,0.0,,0.21,-0.05,,,19.5,10.21,28.9,35.8,-16.19,35.55,0.45,0.73,7,40.0,16.0,11.0,0.0,67.0,ACCUMULATE ⭐⭐⭐,Expected ~170% CAGR (2yr) | Revenue CAGR 30% | Profit CAGR 56% | ROE 20% | ROCE 27% | ROCE trend rising ↑,Pattern still forming (not broken out),2-3 years,Medium,"yfinance, screener.in",100,45,,2026-07-15,2026-06-01,44,-2.0,6,-7.0
RADICO,Radico Khaitan Limited,Consumer Defensive,Beverages - Wineries & Distilleries,54580.0,Large-Cap,MonthlyDoubleBottom,Forming,0.7,13,Sep 13mo | Mid rally 71% | Asymmetry 1%,,Uptrend,True,False,Tight-Above-MAs,True,Stage2,15,Uptrend,Uptrend,3599.9,146.19,85.13,3059.91,3077.97,4177.34,6034.54,4309.77,16.0,7.7,90.09,56.36,16.44,2.25,40.28,15.0,10.06,3978.7,20,strong_buy,20.3,24.2,0.89,17.0,0.03,8.84,,24.92,24.53,20.57,74.57,40.02,16.87,62.3,0.15,highly inconsistent earnings,0.21,,,,,,40.2,-0.01,,17.63,-2.19,27.35,3.32,4161.8,2500.0,13.5,44.0,45.46,176.84,0.78,0.24,3,32.0,23.9,1.0,10.0,66.9,ACCUMULATE ⭐⭐⭐,Expected ~8% CAGR (2yr) | Revenue CAGR 25% | Profit CAGR 40% | ROE 20% | ROCE 24% | ROCE trend rising ↑,High PE 90 | Earnings due 2026-07-30 | Pattern still forming (not broken out),2-3 years,Medium,"yfinance, screener.in",80,276,2026-07-30,2026-07-15,2026-06-01,44,0.0,6,-2.0
ASKAUTOLTD,ASK AUTOMOTIVE LIMITED,Consumer Cyclical,Auto Parts,9302.0,Mid-Cap,MonthlyStage2,Stage Change,0.676,24,10-EMA=457 | 30-EMA=428 | Above by 10.1% | MA turning=Yes,MonthlyDoubleBottom+MonthlyStage2,Uptrend,True,False,Constructive,True,Stage2,3,Uptrend,Uptrend,471.85,428.44,362.29,401.07,1055.04,1078.47,1898.97,1415.45,128.6,51.2,31.25,22.97,7.09,0.91,18.77,39.0,50.0,573.0,7,strong_buy,25.3,25.5,1.71,13.0,0.51,7.12,11.63,15.97,17.79,22.02,19.76,34.16,22.88,24.2,0.15,highly inconsistent earnings,0.52,,1.04,,-311.06,-3.34,74.95,0.0,,9.29,-0.43,10.25,1.12,578.5,375.3,18.4,25.7,-1.2,,0.62,-0.17,5,33.0,21.61,11.0,1.0,66.6,ACCUMULATE ⭐⭐⭐,Expected ~51% CAGR (2yr) | Revenue CAGR 18% | Profit CAGR 34% | ROE 25% | ROCE 26% | ROCE trend rising ↑,None identified,2-3 years,Medium,"yfinance, screener.in",100,33,,2026-07-15,2026-06-01,44,3.5,6,9.0
20MICRONS,20 Microns Limited,Basic Materials,Other Industrial Metals & Mining,700.0,Small-Cap,MonthlyDoubleBottom,Forming,1.0,24,Sep 24mo | Mid rally 166% | Asymmetry 1%,MonthlyDoubleBottom+MonthlyStage2,Uptrend,True,True,Tight-Above-MAs,True,Stage2,1,Uptrend,Uptrend,198.34,346.44,129.61,168.59,478.0,563.27,652.54,558.49,184.0,68.5,10.47,,1.45,0.62,6.01,63.0,37.5,,0,none,14.5,17.3,0.37,13.0,0.2,6.96,9.25,4.49,10.77,14.54,8.06,16.84,23.84,15.7,0.4,lumpy earner,0.32,,1.92,,57.49,8.21,45.04,0.0,,0.41,0.0,0.07,-0.03,283.93,129.61,30.1,53.0,-13.19,47.68,0.27,0.62,7,27.0,28.5,11.0,0.0,66.5,ACCUMULATE ⭐⭐⭐,Expected ~68% CAGR (2yr) | ROCE trend rising ↑ | FCF yield 8.2% | Piotroski F=7 (high quality compounder) | Dividend growing 38%/yr | PEG 0.62 — undervalued,Pattern still forming (not broken out),2-3 years,Medium,"yfinance, screener.in",100,214,,2026-07-15,2026-06-01,44,20.1,6,19.0
BBTC,The Bombay Burmah Trading Corporation Limited,Consumer Defensive,Packaged Foods,10614.0,Mid-Cap,MonthlyDoubleBottom,Forming,1.0,27,Sep 27mo | Mid rally 129% | Asymmetry 6%,,Downtrend,False,False,Below-MAs,False,Stage2,15,Uptrend,Uptrend,1521.3,2919.66,1235.21,1293.11,15001.0,21847.45,31818.63,21847.45,1336.1,279.0,8.54,4.07,1.51,0.19,3.27,225.0,141.97,,0,none,19.1,33.0,3.34,18.0,1.0,6.26,15.63,6.78,5.54,7.84,13.64,45.64,14.32,43.8,0.15,highly inconsistent earnings,0.17,,1.19,,2049.95,19.31,74.04,0.0,,9.48,0.06,1.46,0.04,2135.0,1314.6,28.7,15.7,-11.52,29.86,0.11,0.61,5,37.0,16.5,13.0,0.0,66.5,ACCUMULATE ⭐⭐⭐,Expected ~279% CAGR (2yr) | Profit CAGR 46% | ROCE 33% | ROCE trend rising ↑ | Low D/E 0.17 | Promoter 74% holding,Pattern still forming (not broken out),2-3 years,Medium,"yfinance, screener.in",100,289,,2026-07-15,2026-06-01,44,-0.5,6,-3.0
INFOBEAN,InfoBeans Technologies Limited,Technology,Software - Application,1583.0,Small-Cap,MonthlyStage2,Stage Change,1.0,24,10-EMA=160 | 30-EMA=137 | Above by 23.8% | MA turning=Yes,MonthlyCupHandle+MonthlyDoubleBottom+MonthlyStage2,Sideways,False,False,Constructive,True,Downtrend,0,Uptrend,Uptrend,169.78,137.16,72.69,144.31,418.23,561.26,753.21,561.26,230.6,81.8,18.3,,3.83,0.54,12.14,15.0,0.0,,0,none,23.2,29.2,0.37,22.0,-0.71,16.87,12.26,30.13,10.11,23.35,128.95,34.2,18.65,104.2,0.15,highly inconsistent earnings,0.04,,10.14,,44.87,2.83,72.84,-1.56,,0.45,-0.1,0.2,-0.76,257.5,91.45,34.1,85.7,11.61,15.73,0.2,0.55,6,35.0,19.5,10.0,2.0,66.5,ACCUMULATE ⭐⭐⭐,Expected ~82% CAGR (2yr) | Profit CAGR 34% | ROE 23% | ROCE 29% | ROCE trend rising ↑ | Nearly debt-free,Margin compression ↓,2-3 years,Medium,"yfinance, screener.in",100,109,,2026-07-15,2026-06-01,44,11.5,6,0.5
VADILALIND,Vadilal Industries Limited,Consumer Defensive,Packaged Foods,4607.0,Small-Cap,MonthlyStage2,Stage Change,1.0,24,10-EMA=5406 | 30-EMA=4614 | Above by 51.2% | MA turning=Yes,MonthlyDoubleBottom+MonthlyStage2,Uptrend,True,False,Uptrend,True,Stage2,15,Uptrend,Uptrend,6977.0,4614.04,3572.53,5930.45,12041.31,14125.66,16570.81,14125.66,102.5,42.3,29.67,,5.87,1.71,19.21,33.0,156.12,,0,none,20.1,22.2,2.69,17.0,1.83,10.32,10.55,21.41,12.42,26.55,3.33,17.31,98.73,149.4,0.15,highly inconsistent earnings,0.27,,3.0,,-33.59,-0.73,64.72,0.0,,0.58,0.02,0.42,0.0,6525.0,3996.0,-6.9,74.6,38.66,136.31,0.37,0.07,6,24.0,26.5,6.0,10.0,66.5,ACCUMULATE ⭐⭐⭐,Expected ~42% CAGR (2yr) | ROE 20% | ROCE 22% | ROCE trend rising ↑ | Low D/E 0.27 | Promoter 65% holding,None identified,2-3 years,Medium,"yfinance, screener.in",100,182,,2026-07-15,2026-06-01,44,64.1,6,13.0
SOUTHWEST,South West Pinnacle Exploration Limited,Energy,Oil & Gas Equipment & Services,676.0,Small-Cap,MonthlyDoubleBottom,Forming,0.91,12,Sep 12mo | Mid rally 98% | Asymmetry 7%,,Sideways-Above-MA,True,False,Constructive,False,Stage2,1,Uptrend,Uptrend,226.63,187.16,91.07,192.64,300.04,462.67,713.43,462.67,104.2,42.9,20.96,,3.32,0.39,12.76,0.0,14.47,,0,none,17.7,20.0,0.97,24.0,0.06,13.59,9.64,35.0,25.14,18.5,106.25,54.2,26.97,30.6,0.15,highly inconsistent earnings,0.39,,1.84,,-26.37,-3.9,68.85,0.0,,0.76,0.48,,,275.0,121.0,17.6,87.3,63.56,50.76,0.45,-0.33,6,32.0,20.42,7.0,7.0,66.4,ACCUMULATE ⭐⭐⭐,Expected ~43% CAGR (2yr) | Revenue CAGR 25% | Profit CAGR 54% | ROCE trend rising ↑ | Promoter 69% holding | Piotroski F=6 (above average quality),Pattern still forming (not broken out),2-3 years,Medium,"yfinance, screener.in",100,102,,2026-07-15,2026-06-01,44,-9.2,6,-12.0
BHARTIARTL,Bharti Airtel Limited,Communication Services,Telecom Services,1198072.0,Large-Cap,MonthlyDoubleBottom,Forming,1.0,19,Sep 19mo | Mid rally 110% | Asymmetry 5%,,Sideways,False,False,Below-MAs,True,Downtrend,0,Uptrend,Uptrend,1920.4,429.14,200.07,1632.34,1865.12,2486.33,3663.47,2613.96,29.5,13.8,43.29,23.51,7.53,1.08,11.04,125.0,74.72,2294.88,33,strong_buy,21.9,18.5,1.77,57.0,1.74,12.65,7.85,21.96,14.88,15.96,-9.76,40.15,82.12,-33.5,0.15,highly inconsistent earnings,1.0,,0.52,,60950.84,5.09,50.07,1.2,,26.51,-1.28,20.64,0.11,2174.5,1740.5,11.7,10.3,2.57,102.69,0.3,0.02,6,35.0,18.0,10.0,3.0,66.0,ACCUMULATE ⭐⭐⭐,Expected ~14% CAGR (2yr) | Profit CAGR 40% | ROE 22% | ROCE trend rising ↑ | Promoter 50% holding | Promoters buying ↑,Earnings due 2026-08-04 | Pattern still forming (not broken out),2-3 years,Medium,"yfinance, screener.in",100,289,2026-08-04,2026-07-15,2026-06-01,44,0.4,6,5.0
RML,Rane (Madras) Limited,Consumer Cyclical,Auto Parts,3592.0,Small-Cap,MonthlyStage2,Breaking Out,1.0,24,10-EMA=799 | 30-EMA=769 | Above by 15.9% | MA turning=Yes,MonthlyDoubleBottom+MonthlyStage2,Uptrend,True,False,Constructive,True,Stage2,3,Uptrend,Uptrend,891.15,768.71,601.53,757.48,2442.81,3732.37,5702.69,3732.37,318.8,104.7,33.44,,4.79,0.63,12.64,123.0,100.0,,0,none,15.5,14.0,3.51,9.0,1.34,2.78,5.03,13.42,17.95,24.98,181.58,52.79,121.65,5.2,0.15,highly inconsistent earnings,1.0,,0.92,,107.07,2.98,70.45,0.0,,0.06,0.01,0.97,-0.06,1323.9,608.5,32.7,46.5,5.64,0.53,3.21,0.43,6,24.0,27.0,10.0,5.0,66.0,ACCUMULATE ⭐⭐⭐,Expected ~105% CAGR (2yr) | Revenue CAGR 18% | Profit CAGR 53% | ROCE trend rising ↑ | Promoter 70% holding | Piotroski F=6 (above average quality),High D/E 1.0,2-3 years,Medium,"yfinance, screener.in",100,250,,2026-07-15,2026-06-01,44,0.0,6,-2.0
ADANIPORTS,Adani Ports and Special Economic Zone Limited,Industrials,Marine Shipping,421187.0,Large-Cap,MonthlyCupHandle,Forming,0.739,22,Cup 22mo | Depth 35% | Prior gain 76% | R²=0.99,MonthlyCupHandle+MonthlyDoubleBottom,Uptrend,True,False,Uptrend,True,Stage2,4,Uptrend,Uptrend,1828.1,1861.32,1202.57,1553.88,2799.5,3027.52,4977.39,3732.85,65.6,28.7,31.35,23.71,4.39,0.94,21.4,42.0,14.47,1969.52,25,strong_buy,16.4,14.1,0.43,59.0,-0.91,33.06,6.76,27.11,22.93,25.28,15.56,33.34,20.41,10.4,0.15,highly inconsistent earnings,0.64,,1.39,,-3192.01,-0.76,66.03,-1.99,,15.58,2.33,13.6,-0.26,1891.1,1290.5,3.3,41.7,40.15,107.15,0.36,0.51,4,26.0,22.87,7.0,10.0,65.9,ACCUMULATE ⭐⭐⭐,Expected ~29% CAGR (2yr) | Revenue CAGR 23% | Profit CAGR 33% | ROCE trend rising ↑ | Promoter 66% holding | OPM 59%,Margin compression ↓ | Earnings due 2026-04-30 | Pattern still forming (not broken out),2-3 years,Medium,"yfinance, screener.in",100,225,2026-04-30,2026-07-15,2026-06-01,44,3.7,6,-0.5
BUTTERFLY,Butterfly Gandhimathi Appliances Limited,Consumer Cyclical,"Furnishings, Fixtures & Appliances",1308.0,Small-Cap,MonthlyDoubleBottom,Forming,1.0,37,Sep 37mo | Mid rally 368% | Asymmetry 1%,,Uptrend,True,False,Uptrend,True,Stage2,3,Uptrend,Uptrend,731.7,642.47,136.69,621.95,1564.57,1982.31,2511.58,1982.31,170.9,64.6,28.65,,3.51,1.07,14.63,,100.0,,0,none,13.08,,,5.96,,4.84,6.84,16.7,,,26.7,,,26.6,0.5,insufficient history,0.02,,2.1,,62.91,4.81,75.0,0.0,,0.01,-0.01,0.43,0.0,823.85,565.8,11.2,29.3,1.52,-65.37,0.8,-0.0,5,28.0,26.5,8.0,3.0,65.5,ACCUMULATE ⭐⭐⭐,Expected ~65% CAGR (2yr) | Revenue CAGR 17% | Profit CAGR 27% | Nearly debt-free | Promoter 75% holding | FCF yield 4.8%,Pattern still forming (not broken out),2-3 years,Medium,"yfinance, screener.in",70,148,,2026-07-15,2026-06-01,44,7.5,6,-0.5
DJML,DJ Mediaprint & Logistics Limited,Industrials,Specialty Business Services,407.0,Micro-Cap,MonthlyStage2,Stage Change,1.0,24,10-EMA=100 | 30-EMA=95 | Above by 18.9% | MA turning=Yes,MonthlyDoubleBottom+MonthlyStage2,Sideways-Above-MA,True,False,Constructive,False,Stage2,4,Uptrend,Uptrend,113.33,95.34,69.5,96.33,231.32,468.89,950.44,468.89,313.7,103.4,35.75,,4.31,0.35,17.34,13.0,44.22,,0,none,14.1,16.5,2.0,19.0,-2.5,7.91,8.88,68.29,,,57.14,,,110.7,1.0,steady compounder (low CV),0.43,,3.96,,-27.9,-6.85,56.17,0.65,,0.05,0.05,0.0,0.0,126.96,52.0,10.7,117.9,12.8,95.94,1.42,-0.23,4,29.0,22.5,10.0,4.0,65.5,ACCUMULATE ⭐⭐⭐,Expected ~103% CAGR (2yr) | Revenue CAGR 91% | Profit CAGR 103% | ROCE trend rising ↑ | Promoter 56% holding | Margin compressing ↓ ⚠️,Margin compression ↓,2-3 years,Medium,"yfinance, screener.in",80,44,,2026-07-15,2026-06-01,44,18.7,6,-0.5
GRWRHITECH,Garware Hi-Tech Films Limited,Basic Materials,Specialty Chemicals,16188.0,Mid-Cap,MonthlyStage2,Stage Change,1.0,24,10-EMA=4991 | 30-EMA=3733 | Above by 89.3% | MA turning=Yes,,Uptrend,True,False,Tight-Above-MAs,True,Stage2,1,Uptrend,Uptrend,7067.0,3733.01,2687.86,6006.95,4043.71,5125.4,6496.44,5125.4,,,47.85,38.24,6.09,1.79,35.49,17.0,6.27,,0,none,13.4,18.0,1.46,20.0,-0.0,15.95,8.55,0.52,13.81,16.47,2.11,26.75,21.82,39.1,0.15,highly inconsistent earnings,0.01,,4.43,,60.47,0.37,60.73,0.0,,3.98,0.02,5.28,-0.07,7185.0,2681.0,1.6,163.6,163.82,494.05,0.3,0.67,6,26.0,28.5,1.0,10.0,65.5,ACCUMULATE ⭐⭐⭐,Profit CAGR 27% | ROCE trend rising ↑ | Nearly debt-free | Promoter 61% holding | Piotroski F=6 (above average quality) | MonthlyStage2 forming (24mo base),None identified,2-3 years,Medium,"yfinance, screener.in",100,54,,2026-07-15,2026-06-01,44,27.5,6,-1.5
GVT&D,GE Vernova T&D India Ltd,Industrials,Specialty Industrial Machinery,119756.0,Large-Cap,MonthlyDoubleBottom,Forming,1.0,36,Sep 36mo | Mid rally 193% | Asymmetry 3%,,Sideways-Above-MA,True,False,Constructive,False,Stage2,4,Uptrend,Uptrend,4606.8,360.39,121.02,3915.78,3223.1,5615.34,11476.71,6081.99,21.9,10.4,97.1,58.57,44.51,1.09,70.23,22.0,100.0,4915.38,16,buy,18.6,,,12.0,,19.87,16.5,42.0,,,88.7,,,88.6,0.5,insufficient history,0.01,,1.33,,1180.97,0.99,51.0,0.0,,20.39,1.93,21.39,-1.88,5650.0,2265.0,18.5,103.4,66.96,1271.54,0.65,0.59,4,32.0,22.5,4.0,7.0,65.5,ACCUMULATE ⭐⭐⭐,Expected ~10% CAGR (2yr) | Revenue CAGR 42% | Profit CAGR 89% | Nearly debt-free | Promoter 51% holding | FII buying +1.9% ↑,High PE 97 | Pattern still forming (not broken out),2-3 years,Medium,"yfinance, screener.in",70,288,,2026-07-15,2026-06-01,44,5.1,6,-7.0
MPSLTD,MPS Limited,Communication Services,Publishing,3390.0,Small-Cap,MonthlyDoubleBottom,Forming,1.0,25,Sep 25mo | Mid rally 125% | Asymmetry 0%,,Sideways,False,False,Below-MAs,True,Downtrend,0,Uptrend,Uptrend,1828.9,3013.89,1336.1,1554.57,3270.63,4691.68,4450.41,3815.19,156.5,60.2,19.57,15.99,5.68,1.18,14.12,416.0,40.38,2500.0,1,strong_buy,31.2,39.3,3.0,31.0,0.94,22.54,15.89,5.64,15.3,12.67,16.11,16.65,24.0,-0.1,0.4,lumpy earner,0.1,,1.45,,194.33,5.73,68.34,0.0,,1.47,-0.16,1.96,0.8,2975.0,1336.1,38.5,36.9,-22.35,68.26,0.94,0.44,6,40.0,18.5,7.0,0.0,65.5,ACCUMULATE ⭐⭐⭐,Expected ~60% CAGR (2yr) | Revenue CAGR 15% | ROE 31% | ROCE 39% | ROCE trend rising ↑ | Low D/E 0.10,Pattern still forming (not broken out),2-3 years,Medium,"yfinance, screener.in",100,287,,2026-07-15,2026-06-01,44,0.0,6,0.0
PIXTRANS,PIX Transmissions Limited,Industrials,Specialty Industrial Machinery,2480.0,Small-Cap,MonthlyDoubleBottom,Forming,1.0,14,Sep 14mo | Mid rally 133% | Asymmetry 4%,MonthlyDoubleBottom+MonthlyStage2,Uptrend,True,False,Tight-Above-MAs,True,Stage2,4,Uptrend,Uptrend,1531.9,2783.67,1173.0,1302.12,2653.15,4394.34,3698.63,3132.58,186.9,69.4,23.2,,3.56,1.28,14.37,49.0,14.47,,0,none,16.4,21.7,-0.34,26.0,-0.34,18.31,10.49,-1.85,6.19,8.9,-5.31,18.07,10.48,-10.7,0.15,highly inconsistent earnings,0.04,,6.86,,106.04,4.28,62.06,0.0,,0.41,-0.57,2.51,0.96,1930.0,1220.1,20.6,25.6,3.82,45.58,0.29,-0.05,4,28.0,27.5,7.0,3.0,65.5,ACCUMULATE ⭐⭐⭐,Expected ~69% CAGR (2yr) | ROCE 22% | Nearly debt-free | Promoter 62% holding | OPM 26% | FCF yield 4.3%,Pattern still forming (not broken out),2-3 years,Medium,"yfinance, screener.in",100,50,,2026-07-15,2026-06-01,44,0.0,6,-3.0
SANDHAR,Sandhar Technologies Limited,Consumer Cyclical,Auto Parts,4058.0,Small-Cap,MonthlyStage2,Stage Change,1.0,24,10-EMA=570 | 30-EMA=498 | Above by 25.0% | MA turning=Yes,MonthlyDoubleBottom+MonthlyStage2,Sideways-Above-MA,True,False,Constructive,False,Stage2,3,Uptrend,Uptrend,622.2,497.61,341.35,528.87,2316.61,3221.47,4479.78,3221.47,417.8,127.5,20.37,16.01,3.04,0.52,11.76,52.0,15.87,854.0,2,strong_buy,16.2,14.4,1.14,9.0,0.09,4.09,4.87,24.92,18.59,21.09,40.14,39.06,27.96,49.8,0.4,lumpy earner,0.86,,0.94,,-142.16,-3.5,70.38,0.0,,0.77,-0.39,17.39,1.51,763.2,405.2,18.5,53.6,45.56,37.34,0.38,0.57,5,25.0,22.5,10.0,8.0,65.5,ACCUMULATE ⭐⭐⭐,Expected ~128% CAGR (2yr) | Revenue CAGR 19% | Profit CAGR 39% | ROCE trend rising ↑ | Promoter 70% holding | Piotroski F=5 (above average quality),None identified,2-3 years,Medium,"yfinance, screener.in",100,100,,2026-07-15,2026-06-01,44,21.7,6,-2.0
TERASOFT,Tera Software Limited,Technology,Information Technology Services,499.0,Micro-Cap,MonthlyDoubleBottom,Forming,1.0,14,Sep 14mo | Mid rally 167% | Asymmetry 8%,,Sideways,False,False,Below-MAs,True,Downtrend,0,Uptrend,Uptrend,401.2,84.8,30.63,341.02,1358.45,2754.11,5583.69,2754.11,586.5,162.0,20.12,,3.42,0.2,13.12,25.0,,,0,none,18.5,24.4,8.0,15.0,7.2,10.42,9.27,120.37,22.02,,177.78,102.74,,119.9,0.4,lumpy earner,0.27,,1.69,,-27.34,-5.48,47.53,0.0,,0.08,-0.06,,,598.0,282.8,32.9,41.9,32.32,857.5,0.22,0.3,5,30.0,17.5,12.0,6.0,65.5,ACCUMULATE ⭐⭐⭐,Expected ~162% CAGR (2yr) | Revenue CAGR 22% | Profit CAGR 103% | ROCE 24% | ROCE trend rising ↑ | Low D/E 0.27,Pattern still forming (not broken out),2-3 years,Medium,"yfinance, screener.in",100,116,,2026-07-15,2026-06-01,44,26.2,6,3.5
JBCHEPHARM,J. B. Chemicals & Pharmaceuticals Limited,Healthcare,Drug Manufacturers - Specialty & Generic,39104.0,Large-Cap,MonthlyDoubleBottom,Forming,0.662,29,Sep 29mo | Mid rally 74% | Asymmetry 8%,,Uptrend,True,False,Tight-Above-MAs,True,Stage2,6,Uptrend,Uptrend,2171.6,183.68,101.71,1845.86,2147.24,2460.05,3093.58,2577.34,13.3,6.4,54.64,33.42,9.4,2.73,34.74,76.0,35.34,2284.11,9,buy,18.9,25.4,-0.8,27.0,0.46,17.11,12.48,5.87,9.62,15.22,7.42,20.03,9.57,-30.4,0.15,highly inconsistent earnings,0.0,,4.92,,506.48,1.3,48.8,1.25,,16.33,1.45,21.38,-1.97,2474.0,1604.0,12.2,35.4,38.4,65.57,0.81,-0.02,5,31.0,24.44,0.0,10.0,65.4,ACCUMULATE ⭐⭐⭐,Expected ~6% CAGR (2yr) | Profit CAGR 20% | ROCE 25% | Nearly debt-free | Promoters buying ↑ | OPM 27%,High PE 55 | Earnings due 2026-07-30 | Pattern still forming (not broken out),2-3 years,Medium,"yfinance, screener.in",100,287,2026-07-30,2026-07-15,2026-06-01,44,0.0,6,1.0
CLSEL,Chaman Lal Setia Exports Ltd.,Consumer Defensive,Packaged Foods,1432.0,Small-Cap,MonthlyCupHandle,Forming,0.819,12,Cup 12mo | Depth 24% | Prior gain 22% | R²=0.99,MonthlyCupHandle+MonthlyStage2,Sideways-Above-MA,True,False,Constructive,False,Stage2,15,Uptrend,Uptrend,288.0,364.37,277.5,263.62,2276.79,3556.34,5555.0,3556.34,1134.8,251.4,12.47,,1.71,0.22,8.84,87.0,75.0,,0,none,14.61,,,11.85,,7.97,9.47,16.5,,,56.2,,,55.9,0.5,insufficient history,0.1,,6.94,,95.41,6.66,74.05,0.0,,3.08,0.0,1.58,-0.02,347.4,203.75,17.1,41.3,4.81,18.8,0.14,0.43,4,32.0,19.33,12.0,2.0,65.3,ACCUMULATE ⭐⭐⭐,Expected ~251% CAGR (2yr) | Revenue CAGR 16% | Profit CAGR 56% | Nearly debt-free | Promoter 74% holding | FCF yield 6.7%,Pattern still forming (not broken out),2-3 years,Medium,"yfinance, screener.in",70,63,,2026-07-15,2026-06-01,44,11.5,6,0.6
BAJAJ-AUTO,Bajaj Auto Limited,Consumer Cyclical,Auto Manufacturers,283628.0,Large-Cap,MonthlyCupHandle,Forming,0.932,20,Cup 20mo | Depth 21% | Prior gain 30% | R²=0.97,MonthlyCupHandle+MonthlyDoubleBottom,Uptrend,True,False,Uptrend,True,Stage2,3,Uptrend,Uptrend,10156.0,10533.55,8305.81,8632.6,20888.1,19433.16,30274.69,25147.18,91.3,38.3,26.45,21.83,7.31,1.3,19.79,148.0,2.33,10862.13,38,buy,29.2,28.2,1.06,21.0,0.74,16.89,13.74,23.36,19.94,17.79,44.35,20.39,16.84,103.2,0.15,highly inconsistent earnings,0.56,,1.76,,-643.96,-0.23,55.01,0.02,,8.82,-0.02,14.35,0.28,10834.0,7858.5,6.3,29.2,18.56,101.81,0.27,0.69,6,28.0,25.18,8.0,4.0,65.2,ACCUMULATE ⭐⭐⭐,Expected ~38% CAGR (2yr) | Revenue CAGR 20% | Profit CAGR 20% | ROE 29% | ROCE 28% | ROCE trend rising ↑,Earnings due 2026-07-21 | Pattern still forming (not broken out),2-3 years,Medium,"yfinance, screener.in",100,289,2026-07-21,2026-07-15,2026-06-01,44,-0.5,6,-8.1
ENDURANCE,Endurance Technologies Limited,Consumer Cyclical,Auto Parts,37788.0,Large-Cap,MonthlyStage2,Stage Change,0.974,24,10-EMA=2567 | 30-EMA=2344 | Above by 14.6% | MA turning=Yes,MonthlyDoubleBottom+MonthlyStage2,Uptrend,True,False,Tight-Above-MAs,True,Stage2,3,Uptrend,Uptrend,2686.4,2343.96,1758.83,2283.44,4067.49,4234.07,6420.69,5110.39,57.6,25.5,39.68,26.68,5.52,1.55,18.94,42.0,16.96,2919.6,15,buy,15.4,18.3,0.49,13.0,-0.4,6.52,7.41,26.25,18.35,17.39,13.88,25.64,12.86,12.8,0.15,highly inconsistent earnings,0.19,,1.55,,153.57,0.41,75.0,0.0,,13.14,-0.58,9.77,0.57,3079.9,2142.8,12.8,25.4,-5.09,37.92,0.35,0.68,6,29.0,28.19,6.0,2.0,65.2,ACCUMULATE ⭐⭐⭐,Expected ~26% CAGR (2yr) | Revenue CAGR 18% | Profit CAGR 26% | ROCE trend rising ↑ | Low D/E 0.19 | Promoter 75% holding,None identified,2-3 years,Medium,"yfinance, screener.in",100,118,,2026-07-15,2026-06-01,44,5.5,6,6.9
HDFCAMC,HDFC Asset Management Company Limited,Financial Services,Asset Management,118360.0,Large-Cap,MonthlyDoubleBottom,Forming,0.521,6,Sep 6mo | Mid rally 59% | Asymmetry 7%,,Uptrend,True,False,Tight-Above-MAs,True,Stage2,12,Uptrend,Uptrend,2698.5,1448.93,882.86,2293.72,1772.22,2568.63,2821.17,2236.01,,,41.5,31.51,12.82,1.59,29.23,196.0,31.04,3067.57,28,strong_buy,32.9,42.9,2.5,82.0,1.5,61.84,24.83,13.95,23.04,,16.18,26.17,,-2.5,0.75,consistent growth,0.02,,30.24,,2397.42,2.03,52.37,-0.01,,24.45,0.46,14.42,-0.48,2967.25,2205.6,9.1,22.3,-0.31,95.96,0.31,0.56,7,40.0,21.25,2.0,2.0,65.2,ACCUMULATE ⭐⭐⭐,Revenue CAGR 23% | Profit CAGR 26% | ROE 33% | ROCE 43% | ROCE trend rising ↑ | Nearly debt-free,Earnings due 2026-07-15 | Pattern still forming (not broken out),2-3 years,Medium,"yfinance, screener.in",100,96,2026-07-15,2026-07-15,2026-06-01,44,1.7,6,6.0
AVANTIFEED,Avanti Feeds Limited,Consumer Defensive,Packaged Foods,12599.0,Mid-Cap,MonthlyDoubleBottom,Forming,1.0,7,Sep 7mo | Mid rally 196% | Asymmetry 8%,,Downtrend,False,False,Below-MAs,False,Stage2,15,Uptrend,Uptrend,924.75,715.67,232.83,786.04,2793.18,3580.29,4589.22,3580.29,287.2,96.8,20.83,18.95,3.83,0.74,15.14,97.0,12.92,1166.0,1,hold,20.2,25.9,0.83,12.0,0.6,9.99,10.79,8.09,6.04,8.14,17.95,28.18,10.6,-17.6,0.15,highly inconsistent earnings,0.0,,5.58,,392.42,3.11,43.23,0.0,,7.63,-0.35,6.82,2.66,1593.8,614.25,42.0,50.5,46.94,95.65,0.12,0.07,6,34.0,15.0,10.0,6.0,65.0,ACCUMULATE ⭐⭐⭐,Expected ~97% CAGR (2yr) | Profit CAGR 28% | ROE 20% | ROCE 26% | ROCE trend rising ↑ | Nearly debt-free,Pattern still forming (not broken out),2-3 years,Medium,"yfinance, screener.in",100,199,,2026-07-15,2026-06-01,44,-27.0,6,-1.0
BSE,BSE Limited,Financial Services,Financial Data & Stock Exchanges,154800.0,Large-Cap,None,,0.0,0,,,Sideways-Above-MA,True,False,Constructive,False,Stage2,12,Uptrend,Uptrend,3811.6,,,3239.86,2983.93,5797.0,15702.71,6845.12,52.1,23.3,63.29,38.89,19.69,0.49,36.06,26.0,35.72,4224.81,16,buy,44.8,58.0,10.2,64.0,6.26,48.73,20.81,50.5,73.54,50.31,88.12,129.4,77.29,62.9,0.15,highly inconsistent earnings,0.0,,1.53,,5136.78,3.32,,,,19.42,1.97,25.09,1.35,4446.8,2021.5,14.3,88.6,82.73,975.35,,0.28,6,40.0,9.0,8.0,8.0,65.0,ACCUMULATE ⭐⭐⭐,Expected ~23% CAGR (2yr) | Revenue CAGR 74% | Profit CAGR 129% | ROE 45% | ROCE 58% | ROCE trend rising ↑,High PE 63,2-3 years,Medium,"yfinance, screener.in",90,114,,2026-07-15,2026-06-01,44,-9.0,6,-4.0
GODFRYPHLP,Godfrey Phillips India Limited,Consumer Defensive,Tobacco,32995.0,Large-Cap,MonthlyDoubleBottom,Forming,1.0,7,Sep 7mo | Mid rally 112% | Asymmetry 10%,MonthlyDoubleBottom+MonthlyStage2,Downtrend,False,False,Below-MAs,False,Stage2,15,Uptrend,Uptrend,2115.3,439.44,197.7,1798.01,6385.08,8319.13,10838.99,8319.13,293.3,98.3,21.64,18.87,5.31,0.71,20.59,176.0,58.27,,0,none,26.6,32.8,3.37,25.0,0.29,23.88,11.97,13.9,21.51,20.41,42.35,30.29,32.33,86.7,0.75,consistent growth,0.04,,2.44,,44.89,0.14,72.58,0.0,,7.91,-0.24,3.28,-0.93,3947.0,1832.1,46.4,15.5,-40.79,183.62,0.07,0.3,7,40.0,15.0,10.0,0.0,65.0,ACCUMULATE ⭐⭐⭐,Expected ~98% CAGR (2yr) | Revenue CAGR 22% | Profit CAGR 30% | ROE 27% | ROCE 33% | ROCE trend rising ↑,Pattern still forming (not broken out),2-3 years,Medium,"yfinance, screener.in",100,331,,2026-07-15,2026-06-01,44,-9.6,6,-2.0
HEROMOTOCO,Hero MotoCorp Limited,Consumer Cyclical,Auto Manufacturers,99028.0,Large-Cap,MonthlyCupHandle,Forming,0.833,22,Cup 22mo | Depth 36% | Prior gain 66% | R²=0.98,MonthlyCupHandle+MonthlyDoubleBottom,Downtrend,False,False,Below-MAs,False,Stage2,3,Uptrend,Uptrend,4910.0,6106.48,3934.36,4173.5,17606.25,15796.53,28531.44,22412.76,221.7,79.4,17.27,15.6,4.58,0.63,12.35,374.0,3.23,5872.18,34,buy,28.5,35.8,2.91,15.0,0.6,12.11,12.51,15.85,11.55,8.9,31.99,27.3,14.49,25.7,0.15,highly inconsistent earnings,0.04,,1.91,,6278.06,6.34,34.73,0.0,,31.15,1.72,24.69,-1.59,6388.5,4195.0,23.1,17.0,-0.71,58.16,0.39,0.5,7,38.0,14.0,12.0,1.0,65.0,ACCUMULATE ⭐⭐⭐,Expected ~79% CAGR (2yr) | Profit CAGR 27% | ROE 28% | ROCE 36% | ROCE trend rising ↑ | Nearly debt-free,Earnings due 2026-08-05 | Pattern still forming (not broken out),2-3 years,Medium,"yfinance, screener.in",100,289,2026-08-05,2026-07-15,2026-06-01,44,-1.9,6,-4.2
POLYCAB,Polycab India Limited,Industrials,Electrical Equipment & Parts,138690.0,Large-Cap,None,,0.0,0,,,Uptrend,True,False,Tight-Above-MAs,True,Stage2,4,Uptrend,Uptrend,9162.5,,,7788.12,8125.95,10068.66,13378.13,10426.41,9.9,4.8,52.08,37.01,11.55,1.84,33.16,51.0,32.95,9532.03,31,buy,23.0,33.2,2.31,14.0,0.43,9.25,13.56,28.9,26.98,26.86,32.36,28.31,25.04,6.3,0.4,lumpy earner,0.03,,1.84,,1620.23,1.17,61.5,0.0,,18.21,3.39,7.95,-3.18,10126.0,6620.0,9.5,38.4,48.36,139.42,,0.64,7,40.0,15.0,2.0,8.0,65.0,ACCUMULATE ⭐⭐⭐,Expected ~5% CAGR (2yr) | Revenue CAGR 27% | Profit CAGR 28% | ROE 23% | ROCE 33% | ROCE trend rising ↑,High PE 52 | Earnings due 2026-07-16,2-3 years,Medium,"yfinance, screener.in",100,86,2026-07-16,2026-07-15,2026-06-01,44,0.0,6,-2.0
NEULANDLAB,Neuland Laboratories Limited,Healthcare,Drug Manufacturers - Specialty & Generic,25026.0,Mid-Cap,MonthlyCupHandle,Forming,0.854,17,Cup 17mo | Depth 27% | Prior gain 121% | R²=0.97,MonthlyCupHandle+MonthlyDoubleBottom,Sideways-Above-MA,True,True,Constructive,True,Stage2,6,Uptrend,Uptrend,16790.0,18024.33,13107.61,14271.5,15948.17,22941.05,27135.16,20802.79,36.6,16.9,68.96,42.88,13.36,2.27,467.82,17.0,33.89,21222.0,4,strong_buy,21.2,26.5,3.26,29.0,2.66,2.29,,36.97,19.31,16.64,40.0,30.44,35.06,664.8,0.15,highly inconsistent earnings,0.16,,1.42,,,,32.63,0.0,,20.46,-0.44,15.84,1.12,20089.0,11500.0,16.4,46.0,47.75,473.99,1.12,-0.32,3,33.0,19.75,2.0,10.0,64.8,ACCUMULATE ⭐⭐⭐,Expected ~17% CAGR (2yr) | Revenue CAGR 19% | Profit CAGR 30% | ROE 21% | ROCE 26% | ROCE trend rising ↑,High PE 69 | Pattern still forming (not broken out),3-4 years,Medium-High,"yfinance, screener.in",80,212,,2026-07-15,2026-06-01,44,0.0,6,1.0
CARERATING,CARE Ratings Limited,Financial Services,Financial Data & Stock Exchanges,4969.0,Small-Cap,MonthlyDoubleBottom,Forming,0.925,14,Sep 14mo | Mid rally 93% | Asymmetry 1%,,Uptrend,True,False,Uptrend,True,Stage2,12,Uptrend,Uptrend,1651.6,708.57,364.76,1403.86,1558.32,1978.6,2512.22,1978.6,19.8,9.5,29.07,21.12,5.32,1.08,23.07,133.0,-24.09,2130.0,1,none,19.7,26.3,1.54,42.0,0.97,36.18,11.09,17.66,19.24,13.78,24.29,26.97,13.84,24.0,0.15,highly inconsistent earnings,0.03,,5.75,,132.32,2.66,,,,23.41,0.16,31.58,0.2,1887.9,1392.7,12.5,18.6,7.11,79.81,0.23,0.34,7,34.0,24.6,3.0,3.0,64.6,ACCUMULATE ⭐⭐⭐,Expected ~10% CAGR (2yr) | Revenue CAGR 19% | Profit CAGR 27% | ROCE 26% | ROCE trend rising ↑ | Nearly debt-free,Pattern still forming (not broken out),3-4 years,Medium-High,"yfinance, screener.in",90,164,,2026-07-15,2026-06-01,44,-6.0,6,4.0
RAMRAT,Ram Ratna Wires Limited,Industrials,Electrical Equipment & Parts,3912.0,Small-Cap,MonthlyCupHandle,Forming,0.717,19,Cup 19mo | Depth 32% | Prior gain 106% | R²=0.98,MonthlyCupHandle+MonthlyDoubleBottom,Uptrend,True,False,Tight-Above-MAs,True,Stage2,4,Uptrend,Uptrend,425.6,427.1,290.58,361.76,555.61,735.46,973.53,735.46,72.8,31.5,36.5,,6.75,1.13,17.37,60.0,0.0,,0,none,20.6,23.6,2.31,5.0,0.06,2.07,8.57,40.79,25.01,27.66,55.71,32.37,46.78,69.1,0.15,highly inconsistent earnings,1.15,,1.15,,-356.79,-9.12,69.3,0.0,,0.17,0.08,0.44,0.02,520.0,268.0,18.2,58.8,33.64,192.32,0.79,0.4,4,27.0,24.6,6.0,7.0,64.6,ACCUMULATE ⭐⭐⭐,Expected ~32% CAGR (2yr) | Revenue CAGR 25% | Profit CAGR 32% | ROE 21% | ROCE 24% | ROCE trend rising ↑,High D/E 1.2 | Pattern still forming (not broken out),3-4 years,Medium-High,"yfinance, screener.in",100,47,,2026-07-15,2026-06-01,44,0.0,6,0.0
INDNIPPON,India Nippon Electricals Limited,Consumer Cyclical,Auto Parts,2643.0,Small-Cap,MonthlyStage2,Stage Change,1.0,24,10-EMA=900 | 30-EMA=754 | Above by 60.4% | MA turning=Yes,MonthlyCupHandle+MonthlyDoubleBottom+MonthlyStage2,Uptrend,True,True,Uptrend,True,Stage2,3,Uptrend,Uptrend,1208.9,753.62,540.04,1027.57,3440.27,4549.41,6016.14,4549.41,276.3,94.0,23.75,47.71,3.22,0.74,,140.0,18.78,,0,none,11.9,17.0,1.2,11.0,0.49,10.4,6.27,26.39,17.64,17.3,35.37,32.24,22.65,,0.4,lumpy earner,,,2.51,,-11.52,-0.44,70.37,0.0,,0.41,-0.01,0.06,0.0,1184.0,675.0,-2.1,79.1,54.62,139.34,1.17,0.38,6,22.0,26.5,6.0,10.0,64.5,ACCUMULATE ⭐⭐⭐,Expected ~94% CAGR (2yr) | Revenue CAGR 18% | Profit CAGR 32% | ROCE trend rising ↑ | Promoter 70% holding | Piotroski F=6 (above average quality),None identified,3-4 years,Medium-High,"yfinance, screener.in",90,289,,2026-07-15,2026-06-01,44,54.9,6,14.9
KARURVYSYA,The Karur Vysya Bank Limited,Financial Services,Banks - Regional,29545.0,Mid-Cap,MonthlyDoubleBottom,Forming,1.0,35,Sep 35mo | Mid rally 115% | Asymmetry 0%,,Uptrend,True,False,Uptrend,True,Stage2,12,Uptrend,Uptrend,293.25,103.53,48.12,249.26,760.22,784.42,1515.69,1073.44,167.5,63.6,11.76,9.63,2.09,0.29,,85.0,17.57,350.89,18,buy,19.28,,,57.61,,40.05,1.96,19.5,,,41.2,,,41.2,0.5,insufficient history,,,,,,,2.07,0.0,,19.25,2.38,39.26,-0.94,343.45,201.82,14.6,45.3,40.57,170.12,0.78,-0.07,2,20.0,26.5,10.0,8.0,64.5,ACCUMULATE ⭐⭐⭐,Expected ~64% CAGR (2yr) | Revenue CAGR 20% | Profit CAGR 41% | OPM 58% | FII buying +2.4% ↑ | Dividend growing 18%/yr,Earnings due 2026-07-23 | Pattern still forming (not broken out),3-4 years,Medium-High,"yfinance, screener.in",50,365,2026-07-23,2026-07-15,2026-06-01,44,0.0,6,1.0
NBCC,NBCC (India) Limited,Industrials,Engineering & Construction,26995.0,Mid-Cap,MonthlyDoubleBottom,Forming,1.0,48,Sep 48mo | Mid rally 216% | Asymmetry 7%,MonthlyCupHandle+MonthlyDoubleBottom+MonthlyStage2,Sideways,False,False,Below-MAs,True,Stage2,4,Uptrend,Uptrend,93.08,89.08,27.25,79.12,124.13,172.18,238.83,172.18,85.0,36.0,37.45,32.25,8.99,0.97,19.99,68.0,-30.66,124.5,2,strong_buy,24.1,31.0,3.03,5.0,0.63,5.46,4.29,7.06,13.24,13.14,33.21,38.71,25.33,37.2,0.4,lumpy earner,0.0,,1.18,,992.51,3.68,61.75,0.0,,4.99,-0.21,10.75,-1.5,125.85,77.18,26.0,20.6,-15.94,239.5,0.72,0.66,5,38.0,19.5,6.0,1.0,64.5,ACCUMULATE ⭐⭐⭐,Expected ~36% CAGR (2yr) | Profit CAGR 39% | ROE 24% | ROCE 31% | ROCE trend rising ↑ | Nearly debt-free,Pattern still forming (not broken out),3-4 years,Medium-High,"yfinance, screener.in",100,170,,2026-07-15,2026-06-01,44,0.0,6,0.0
PARAS,Paras Defence and Space Technologies Limited,Industrials,Aerospace & Defense,10098.0,Mid-Cap,MonthlyDoubleBottom,Forming,1.0,42,Sep 42mo | Mid rally 172% | Asymmetry 9%,MonthlyDoubleBottom+MonthlyStage2,Uptrend,True,False,Tight-Above-MAs,True,Stage2,4,Uptrend,Uptrend,763.1,1591.47,560.27,648.63,323.12,2622.67,590.81,436.92,243.7,85.4,114.96,75.49,13.91,3.26,82.99,4.0,,703.0,1,none,12.6,16.9,0.97,25.0,-1.17,18.49,7.12,30.68,29.04,27.24,45.9,35.22,40.95,74.3,0.15,highly inconsistent earnings,0.04,,3.23,,55.19,0.55,53.2,0.0,,8.29,3.23,3.04,1.8,1443.0,580.5,47.1,31.5,3.33,1.82,0.86,0.52,5,34.0,28.5,-1.0,3.0,64.5,ACCUMULATE ⭐⭐⭐,Expected ~85% CAGR (2yr) | Revenue CAGR 29% | Profit CAGR 35% | ROCE trend rising ↑ | Nearly debt-free | Promoter 53% holding,High PE 115 | Margin compression ↓ | Pattern still forming (not broken out),3-4 years,Medium-High,"yfinance, screener.in",100,56,,2026-07-15,2026-06-01,44,0.0,5,2.0
VAIBHAVGBL,Vaibhav Global Limited,Consumer Cyclical,Luxury Goods,4372.0,Small-Cap,MonthlyDoubleBottom,Forming,1.0,17,Sep 17mo | Mid rally 113% | Asymmetry 3%,,Uptrend,True,False,Uptrend,True,Stage2,3,Uptrend,Uptrend,255.5,208.43,96.52,217.17,1116.48,1521.99,2074.78,1521.99,495.7,144.1,16.58,5.4,2.64,0.46,12.23,230.0,-20.63,,0,none,17.8,16.3,-3.37,10.0,-0.74,7.21,6.96,9.23,11.12,7.77,73.86,36.32,-0.45,167.4,0.15,highly inconsistent earnings,0.25,,2.75,,110.22,2.52,57.43,0.32,,16.44,-1.62,2.23,0.56,293.25,174.13,12.9,46.7,28.4,-64.56,0.66,0.23,5,21.0,25.5,12.0,6.0,64.5,ACCUMULATE ⭐⭐⭐,Expected ~144% CAGR (2yr) | Profit CAGR 36% | Low D/E 0.25 | Promoter 57% holding | Margin compressing ↓ ⚠️ | Piotroski F=5 (above average quality),Margin compression ↓ | Pattern still forming (not broken out),3-4 years,Medium-High,"yfinance, screener.in",100,268,,2026-07-15,2026-06-01,44,14.2,6,10.0
GENUSPOWER,Genus Power Infrastructures Limited,Industrials,Electrical Equipment & Parts,8770.0,Mid-Cap,MonthlyDoubleBottom,Forming,1.0,23,Sep 23mo | Mid rally 136% | Asymmetry 2%,MonthlyCupHandle+MonthlyDoubleBottom+MonthlyStage2,Sideways-Above-MA,True,False,Constructive,False,Stage2,4,Uptrend,Uptrend,317.05,482.57,202.74,269.49,2096.65,5730.14,15660.47,5730.14,1707.3,325.1,14.88,12.43,3.95,0.09,11.27,77.0,114.0,445.0,2,strong_buy,29.0,23.9,2.94,19.0,1.17,12.47,10.03,94.55,80.49,50.81,90.35,173.3,53.71,39.3,0.15,highly inconsistent earnings,1.04,,1.75,,-1130.65,-12.89,39.34,0.0,,18.89,0.15,3.34,0.13,394.0,206.36,19.5,53.6,-1.61,-1.7,2.23,0.31,5,29.0,22.0,12.0,1.0,64.0,ACCUMULATE ⭐⭐⭐,Expected ~325% CAGR (2yr) | Revenue CAGR 80% | Profit CAGR 173% | ROE 29% | ROCE 24% | ROCE trend rising ↑,High D/E 1.0 | Pattern still forming (not broken out),3-4 years,Medium-High,"yfinance, screener.in",100,253,,2026-07-15,2026-06-01,44,2.5,6,1.0
TEMBO,Tembo Global Industries Limited,Industrials,Metal Fabrication,862.0,Small-Cap,MonthlyDoubleBottom,Forming,1.0,18,Sep 18mo | Mid rally 285% | Asymmetry 8%,MonthlyCupHandle+MonthlyDoubleBottom+MonthlyStage2,Downtrend,False,False,Below-MAs,False,Stage2,4,Uptrend,Uptrend,551.4,302.52,75.32,468.69,4628.45,11743.3,29795.11,11743.3,2029.7,361.5,10.88,,1.83,0.07,7.01,36.0,-12.64,,0,none,27.5,22.8,3.54,13.0,1.49,8.38,10.0,46.51,63.37,59.98,92.16,153.72,117.79,83.6,0.4,lumpy earner,0.78,,1.92,,-341.83,-39.65,37.74,1.36,,8.53,-0.05,1.49,0.54,837.0,433.35,34.1,27.2,-14.72,129.04,0.62,0.68,5,34.0,16.0,14.0,0.0,64.0,ACCUMULATE ⭐⭐⭐,Expected ~362% CAGR (2yr) | Revenue CAGR 63% | Profit CAGR 154% | ROE 28% | ROCE 23% | ROCE trend rising ↑,Pattern still forming (not broken out),3-4 years,Medium-High,"yfinance, screener.in",100,96,,2026-07-15,2026-06-01,44,-3.2,6,-1.5
CUMMINSIND,Cummins India Limited,Industrials,Specialty Industrial Machinery,155828.0,Large-Cap,MonthlyDoubleBottom,Forming,0.524,17,Sep 17mo | Mid rally 59% | Asymmetry 7%,,Sideways-Above-MA,True,False,Constructive,False,Stage2,4,Uptrend,Uptrend,5621.5,1036.81,631.02,4778.27,3825.56,5139.49,5916.39,4757.47,,,65.79,47.24,18.39,2.7,48.82,117.0,-7.17,5712.52,23,hold,30.2,39.5,4.8,21.0,1.63,19.45,16.96,16.86,16.04,22.73,18.1,24.36,30.05,22.7,0.75,consistent growth,0.0,,3.32,,1341.12,0.86,51.0,0.0,,20.77,1.35,19.43,-1.17,6100.0,3465.0,7.8,62.2,48.49,214.33,0.29,0.57,7,40.0,15.79,0.0,8.0,63.8,ACCUMULATE ⭐⭐⭐,Revenue CAGR 16% | Profit CAGR 24% | ROE 30% | ROCE 40% | ROCE trend rising ↑ | Nearly debt-free,High PE 66 | Earnings due 2026-08-06 | Pattern still forming (not broken out),3-4 years,Medium-High,"yfinance, screener.in",100,289,2026-08-06,2026-07-15,2026-06-01,44,7.0,6,-5.0
CHALET,Chalet Hotels Limited,Consumer Cyclical,Lodging,18390.0,Mid-Cap,MonthlyDoubleBottom,Forming,0.557,8,Sep 8mo | Mid rally 61% | Asymmetry 6%,MonthlyDoubleBottom+MonthlyStage2,Sideways-Above-MA,True,False,Constructive,True,Stage2,3,Uptrend,Uptrend,839.75,1051.29,633.35,713.79,2691.76,2855.41,6233.78,4096.32,240.0,84.4,28.49,26.7,4.97,0.55,17.2,24.0,,994.05,21,strong_buy,19.2,17.1,3.83,43.0,7.94,23.29,8.33,61.23,34.91,57.48,354.23,52.18,38.4,31.6,0.2,multiple loss years in history,0.64,,0.7,,383.46,2.09,67.29,-0.04,,4.71,-0.37,24.57,0.58,1082.0,691.35,22.4,21.5,-15.89,26.79,0.18,-0.06,6,35.0,15.68,12.0,1.0,63.7,ACCUMULATE ⭐⭐⭐,Expected ~84% CAGR (2yr) | Revenue CAGR 35% | Profit CAGR 52% | ROCE trend rising ↑ | Promoter 67% holding | OPM 43%,Pattern still forming (not broken out),3-4 years,Medium-High,"yfinance, screener.in",100,90,,2026-07-15,2026-06-01,44,4.8,6,5.0
AGI,AGI Greenpac Limited,Consumer Cyclical,Packaging & Containers,4616.0,Small-Cap,MonthlyDoubleBottom,Forming,1.0,34,Sep 34mo | Mid rally 177% | Asymmetry 3%,MonthlyDoubleBottom+MonthlyStage2,Sideways-Above-MA,True,False,Constructive,True,Stage2,3,Uptrend,Uptrend,713.55,127.95,45.52,606.52,5486.37,9226.97,15517.92,9226.97,1193.1,259.6,13.12,11.18,1.92,0.19,7.89,99.0,11.87,,0,none,15.8,19.6,1.14,22.0,1.71,13.19,7.51,5.38,5.76,6.13,9.32,68.18,26.66,19.4,0.15,highly inconsistent earnings,0.1,,1.51,,12.41,0.27,60.39,0.16,,6.78,-0.46,2.03,-0.21,1009.0,465.0,29.3,53.5,-18.61,-26.8,0.13,-0.18,6,29.0,22.5,12.0,0.0,63.5,ACCUMULATE ⭐⭐⭐,Expected ~260% CAGR (2yr) | Profit CAGR 68% | ROCE trend rising ↑ | Low D/E 0.10 | Promoter 60% holding | Piotroski F=6 (above average quality),Pattern still forming (not broken out),3-4 years,Medium-High,"yfinance, screener.in",100,289,,2026-07-15,2026-06-01,44,23.5,6,3.0
BCLIND,BCL Industries Limited,Consumer Defensive,Beverages - Wineries & Distilleries,1011.0,Small-Cap,MonthlyDoubleBottom,Forming,1.0,40,Sep 40mo | Mid rally 223% | Asymmetry 7%,,Uptrend,True,False,Tight-Above-MAs,True,Stage2,15,Uptrend,Uptrend,34.24,85.38,25.53,29.1,232.98,291.99,365.96,291.99,752.8,192.0,8.78,,1.11,0.35,5.67,76.0,-19.59,,0,none,13.4,13.9,-1.2,9.0,0.49,4.12,7.82,-0.82,15.37,14.37,22.33,25.33,24.57,-8.6,0.15,highly inconsistent earnings,0.6,,2.01,,166.15,16.44,58.23,0.2,,0.43,0.06,0.0,-0.02,49.3,25.53,30.5,34.1,-12.93,-52.93,0.35,0.61,6,22.0,28.5,13.0,0.0,63.5,ACCUMULATE ⭐⭐⭐,Expected ~192% CAGR (2yr) | Revenue CAGR 15% | Profit CAGR 25% | Promoter 58% holding | FCF yield 16.4% | Piotroski F=6 (above average quality),Pattern still forming (not broken out),3-4 years,Medium-High,"yfinance, screener.in",100,65,,2026-07-15,2026-06-01,44,1.3,6,11.0
GMBREW,G.M. Breweries Limited,Consumer Defensive,Beverages - Wineries & Distilleries,2147.0,Small-Cap,MonthlyDoubleBottom,Forming,1.0,24,Sep 24mo | Mid rally 196% | Asymmetry 7%,MonthlyCupHandle+MonthlyDoubleBottom,Downtrend,False,False,Below-MAs,False,Stage2,15,Uptrend,Uptrend,939.85,727.29,237.38,798.87,6245.64,9112.39,13294.97,9112.39,869.6,211.4,12.72,15.49,1.99,0.28,,96.0,23.31,,0,none,12.5,18.0,,24.0,6.0,8.88,,17.43,,,21.71,,,45.9,0.5,insufficient history,0.03,,,,,,74.43,0.0,,1.19,-0.01,0.01,-0.14,1328.8,666.05,29.3,41.1,40.02,75.1,0.23,,2,33.0,16.5,8.0,6.0,63.5,ACCUMULATE ⭐⭐⭐,Expected ~211% CAGR (2yr) | Revenue CAGR 27% | Profit CAGR 46% | Nearly debt-free | Promoter 74% holding | Dividend growing 23%/yr,Pattern still forming (not broken out),3-4 years,Medium-High,"yfinance, screener.in",60,289,,2026-07-15,2026-06-01,44,3.6,6,28.0
KPIL,Kalpataru Projects International Limited,Industrials,Engineering & Construction,23088.0,Mid-Cap,MonthlyStage2,Stage Change,1.0,24,10-EMA=1193 | 30-EMA=1086 | Above by 15.3% | MA turning=Yes,MonthlyDoubleBottom+MonthlyStage2,Sideways-Above-MA,True,False,Constructive,True,Stage2,4,Uptrend,Uptrend,1251.5,1085.77,872.33,1063.77,2703.17,2776.34,4805.4,3604.14,121.8,48.9,22.22,15.12,2.97,0.67,11.37,81.0,16.26,1534.63,19,strong_buy,13.7,18.3,0.31,9.0,-0.43,3.83,4.12,21.63,18.38,15.95,81.83,33.33,9.26,92.6,0.15,highly inconsistent earnings,0.46,,1.25,,379.54,1.64,33.58,0.01,,10.92,-0.81,45.12,1.22,1479.6,1007.1,15.4,24.3,10.49,113.96,0.61,0.37,5,25.0,22.5,12.0,4.0,63.5,ACCUMULATE ⭐⭐⭐,Expected ~49% CAGR (2yr) | Revenue CAGR 18% | Profit CAGR 33% | ROCE trend rising ↑ | Piotroski F=5 (above average quality) | DII buying +1.2% ↑,Earnings due 2026-08-06,3-4 years,Medium-High,"yfinance, screener.in",100,37,2026-08-06,2026-07-15,2026-06-01,44,0.0,6,0.0
SUNPHARMA,Sun Pharmaceutical Industries Limited,Healthcare,Drug Manufacturers - Specialty & Generic,464391.0,Large-Cap,MonthlyDoubleBottom,Forming,1.0,32,Sep 32mo | Mid rally 113% | Asymmetry 4%,,Uptrend,True,False,Uptrend,True,Stage2,6,Uptrend,Uptrend,1955.4,1099.65,505.12,1662.09,2151.5,2249.35,2630.37,2378.92,15.0,7.3,40.48,29.93,5.56,3.83,26.71,83.0,11.64,2055.0,34,buy,16.0,20.5,1.43,28.0,0.6,19.64,8.47,11.19,10.03,11.78,4.96,10.57,38.33,26.2,0.15,highly inconsistent earnings,0.06,,2.82,,5948.38,1.28,54.48,0.0,,15.94,-0.18,21.0,0.28,1953.9,1548.0,-0.1,26.3,24.33,54.57,0.32,0.08,7,28.0,26.5,1.0,8.0,63.5,ACCUMULATE ⭐⭐⭐,Expected ~7% CAGR (2yr) | ROCE 20% | ROCE trend rising ↑ | Nearly debt-free | Promoter 54% holding | OPM 28%,Earnings due 2026-07-30 | Pattern still forming (not broken out),3-4 years,Medium-High,"yfinance, screener.in",100,367,2026-07-30,2026-07-15,2026-06-01,44,3.9,6,1.0
TMB,Tamilnad Mercantile Bank Limited,Financial Services,Banks - Regional,12693.0,Mid-Cap,MonthlyStage2,Stage Change,1.0,24,10-EMA=653 | 30-EMA=544 | Above by 49.7% | MA turning=Yes,MonthlyDoubleBottom+MonthlyStage2,Uptrend,True,False,Uptrend,True,Stage2,12,Uptrend,Uptrend,814.05,543.83,399.27,691.94,2372.26,3036.49,3886.71,3036.49,273.0,93.1,9.49,,1.26,0.34,,163.0,7.72,,0,none,13.99,,,54.29,,39.86,1.89,23.5,,,28.0,,,28.0,0.5,insufficient history,,,,,,,,,,6.19,1.24,1.91,-0.56,807.95,411.8,-0.8,97.7,97.92,31.53,0.5,0.43,2,18.0,26.5,9.0,10.0,63.5,ACCUMULATE ⭐⭐⭐,Expected ~93% CAGR (2yr) | Revenue CAGR 24% | Profit CAGR 28% | OPM 54% | FII buying +1.2% ↑ | PEG 0.34 — deeply undervalued,None identified,3-4 years,Medium-High,"yfinance, screener.in",40,47,,2026-07-15,2026-06-01,44,19.8,6,0.0
V2RETAIL,V2 Retail Limited,Consumer Cyclical,Apparel Retail,8030.0,Mid-Cap,MonthlyDoubleBottom,Forming,1.0,33,Sep 33mo | Mid rally 505% | Asymmetry 6%,,Sideways-Above-MA,True,False,Constructive,False,Stage2,3,Uptrend,Uptrend,221.72,55.56,8.93,188.46,725.04,1900.11,4979.63,1900.11,757.0,192.7,48.09,2.5,8.55,0.3,19.8,0.0,,,0,none,22.7,18.3,3.46,15.0,1.2,5.28,8.49,62.79,54.05,41.64,125.0,162.07,,172.0,0.2,multiple loss years in history,1.1,,1.44,,-463.56,-5.77,51.43,0.0,,2.62,-0.39,9.28,0.16,259.25,158.56,14.5,39.8,29.31,1424.76,0.58,0.22,4,25.0,22.5,11.0,5.0,63.5,ACCUMULATE ⭐⭐⭐,Expected ~193% CAGR (2yr) | Revenue CAGR 54% | Profit CAGR 162% | ROE 23% | ROCE trend rising ↑ | Promoter 51% holding,High D/E 1.1 | Pattern still forming (not broken out),3-4 years,Medium-High,"yfinance, screener.in",100,229,,2026-07-15,2026-06-01,44,-1.9,6,-3.0
DIXON,Dixon Technologies (India) Limited,Technology,Consumer Electronics,81602.0,Large-Cap,MonthlyStage2,Stage Change,0.895,24,10-EMA=12383 | 30-EMA=11833 | Above by 13.4% | MA turning=Yes,,Sideways-Above-MA,True,False,Constructive,True,Downtrend,0,Uptrend,Uptrend,13421.0,11832.62,9673.0,11407.85,16869.8,23882.08,58438.08,31398.07,77.9,33.4,49.75,50.37,14.95,0.58,37.71,6.0,58.74,12608.1,29,buy,37.4,42.0,3.31,4.0,-0.14,2.94,5.13,25.77,58.85,49.94,33.33,86.12,59.35,-36.0,0.15,highly inconsistent earnings,0.18,,1.06,,912.17,1.12,28.69,-0.14,,18.3,-0.38,28.14,-0.92,18471.0,9600.0,27.3,39.8,-18.65,142.87,0.75,-0.1,5,38.0,20.24,5.0,0.0,63.2,ACCUMULATE ⭐⭐⭐,Expected ~33% CAGR (2yr) | Revenue CAGR 59% | Profit CAGR 86% | ROE 37% | ROCE 42% | ROCE trend rising ↑,Earnings due 2026-07-22,3-4 years,Medium-High,"yfinance, screener.in",100,107,2026-07-22,2026-07-15,2026-06-01,44,21.5,6,12.2
PRUDENT,Prudent Corporate Advisory Services Limited,Financial Services,Asset Management,12352.0,Mid-Cap,MonthlyCupHandle,Forming,0.853,18,Cup 18mo | Depth 25% | Prior gain 127% | R²=0.96,,Uptrend,True,False,Constructive,True,Stage2,12,Uptrend,Uptrend,2726.2,3352.49,2515.37,2389.6,1312.27,4189.61,2011.25,1624.59,53.7,24.0,55.55,37.41,13.99,2.33,,12.0,35.72,3091.43,7,buy,28.6,37.5,-1.49,24.0,-0.17,16.62,20.48,16.24,28.76,34.88,13.27,23.8,37.6,14.3,0.4,lumpy earner,0.04,,1.32,,,,55.31,0.0,,14.89,-1.43,23.58,1.45,3160.1,2121.0,13.7,28.5,8.43,155.59,0.55,0.41,3,36.0,23.24,1.0,3.0,63.2,ACCUMULATE ⭐⭐⭐,Expected ~24% CAGR (2yr) | Revenue CAGR 29% | Profit CAGR 24% | ROE 29% | ROCE 38% | Nearly debt-free,High PE 56 | Pattern still forming (not broken out),3-4 years,Medium-High,"yfinance, screener.in",90,49,,2026-07-15,2026-06-01,44,0.0,6,0.0
ACE,Action Construction Equipment Limited,Industrials,Farm & Heavy Construction Machinery,11771.0,Mid-Cap,MonthlyDoubleBottom,Forming,0.497,9,Sep 9mo | Mid rally 59% | Asymmetry 9%,MonthlyDoubleBottom+MonthlyStage2,Uptrend,True,False,Constructive,True,Stage2,4,Uptrend,Uptrend,989.0,289.73,173.79,840.65,1682.42,2252.26,3015.1,2252.26,127.7,50.9,28.33,21.78,5.85,0.84,22.11,20.0,49.38,1247.0,2,none,22.9,31.7,3.66,15.0,1.34,12.65,9.83,-1.41,14.94,21.73,1.47,33.87,38.99,-6.5,0.4,lumpy earner,0.0,,1.33,,272.88,2.32,65.42,0.0,,7.82,-1.76,2.59,0.75,1199.0,745.1,17.5,32.7,-5.02,4.19,0.34,0.32,6,38.0,17.96,6.0,1.0,63.0,ACCUMULATE ⭐⭐⭐,Expected ~51% CAGR (2yr) | Profit CAGR 34% | ROE 23% | ROCE 32% | ROCE trend rising ↑ | Nearly debt-free,Pattern still forming (not broken out),3-4 years,Medium-High,"yfinance, screener.in",100,239,,2026-07-15,2026-06-01,44,12.1,6,2.0
NGLFINE,NGL Fine-Chem Limited,Healthcare,Drug Manufacturers - General,1973.0,Small-Cap,MonthlyStage2,Breaking Out,1.0,24,10-EMA=1877 | 30-EMA=1746 | Above by 30.4% | MA turning=Yes,MonthlyDoubleBottom+MonthlyStage2,Uptrend,True,False,Uptrend,True,Stage2,6,Uptrend,Uptrend,2276.7,1746.05,1057.08,1935.19,3863.37,5172.66,6925.68,5172.66,127.2,50.7,40.99,,5.99,1.21,28.02,5.0,0.0,,0,none,15.7,17.0,-7.2,15.0,-3.23,9.61,6.78,36.14,21.69,14.19,128.57,33.89,-3.38,1536.6,0.15,highly inconsistent earnings,0.33,,1.84,,-71.4,-3.62,72.73,-0.01,,0.03,0.03,0.0,0.0,3329.0,1175.5,31.6,93.7,114.69,-1.14,2.39,0.62,4,21.0,28.0,4.0,10.0,63.0,ACCUMULATE ⭐⭐⭐,Expected ~51% CAGR (2yr) | Revenue CAGR 22% | Profit CAGR 34% | Promoter 73% holding | Margin compressing ↓ ⚠️ | PEG 1.21 — fair value,Margin compression ↓,3-4 years,Medium-High,"yfinance, screener.in",100,47,,2026-07-15,2026-06-01,44,0.0,6,2.0
MAHABANK,Bank of Maharashtra,Financial Services,Banks - Regional,64801.0,Large-Cap,MonthlyDoubleBottom,Forming,0.948,24,Sep 24mo | Mid rally 101% | Asymmetry 6%,MonthlyCupHandle+MonthlyDoubleBottom,Uptrend,True,False,Tight-Above-MAs,True,Stage2,12,Uptrend,Uptrend,78.34,46.75,22.59,66.59,241.42,211.19,363.94,296.42,169.6,64.2,8.61,,1.95,0.38,,268.0,19.17,83.33,3,none,22.6,6.03,,46.81,,52.36,1.76,3.35,13.87,18.38,7.4,22.78,45.57,36.1,0.15,highly inconsistent earnings,,,,,,,73.6,0.0,,5.82,0.27,14.28,0.35,94.5,51.71,17.1,51.5,46.98,167.31,0.6,0.77,2,17.0,27.88,10.0,8.0,62.9,ACCUMULATE ⭐⭐⭐,Expected ~64% CAGR (2yr) | Profit CAGR 23% | ROE 23% | Promoter 74% holding | OPM 47% | Dividend growing 19%/yr,Pattern still forming (not broken out),3-4 years,Medium-High,"yfinance, screener.in",80,266,,2026-07-15,2026-06-01,44,0.0,6,-10.0
NILASPACES,Nila Spaces Limited,Real Estate,Real Estate - Development,494.0,Micro-Cap,MonthlyDoubleBottom,Forming,0.826,8,Sep 8mo | Mid rally 86% | Asymmetry 4%,,Downtrend,False,False,Below-MAs,False,Stage2,3,Uptrend,Uptrend,13.15,19.4,10.21,11.18,67.25,164.0,399.92,164.0,1147.1,253.1,17.16,,2.81,0.12,9.5,0.0,,,0,none,18.2,31.3,6.46,31.0,34.51,15.43,9.61,36.03,469.8,32.68,93.33,143.85,96.1,97.1,0.2,multiple loss years in history,0.46,,2.69,,-62.63,-12.69,61.9,0.0,,0.05,0.02,,,20.47,11.35,35.8,15.9,17.76,227.95,0.76,0.85,5,36.0,12.91,12.0,2.0,62.9,ACCUMULATE ⭐⭐⭐,Expected ~253% CAGR (2yr) | Revenue CAGR 470% | Profit CAGR 144% | ROCE 31% | ROCE trend rising ↑ | Promoter 62% holding,Pattern still forming (not broken out),3-4 years,Medium-High,"yfinance, screener.in",100,90,,2026-07-15,2026-06-01,44,0.0,6,0.0
MARICO,Marico Limited,Consumer Defensive,Household & Personal Products,110474.0,Large-Cap,MonthlyDoubleBottom,Forming,0.686,40,Sep 40mo | Mid rally 74% | Asymmetry 6%,,Uptrend,True,False,Tight-Above-MAs,True,Stage2,15,Uptrend,Uptrend,831.45,365.32,203.82,706.73,595.37,761.64,734.88,661.45,,,62.92,44.81,26.04,5.67,46.41,47.0,18.88,911.92,38,buy,43.0,47.2,0.77,17.0,-0.2,12.95,14.43,25.67,11.71,11.08,9.35,11.1,8.62,14.0,0.4,lumpy earner,0.12,,1.31,,2851.62,2.58,58.93,0.0,,24.08,0.06,12.17,-0.06,873.0,690.2,4.8,20.5,23.97,39.21,0.68,0.17,4,30.0,24.73,0.0,8.0,62.7,ACCUMULATE ⭐⭐⭐,ROE 43% | ROCE 47% | ROCE trend rising ↑ | Low D/E 0.12 | Promoter 59% holding | Dividend growing 19%/yr,High PE 63 | Earnings due 2026-08-04 | Pattern still forming (not broken out),3-4 years,Medium-High,"yfinance, screener.in",100,361,2026-08-04,2026-07-15,2026-06-01,44,0.0,6,-1.0
SYRMA,Syrma SGS Technology Limited,Technology,Electronic Components,27967.0,Mid-Cap,MonthlyDoubleBottom,Forming,0.717,6,Sep 6mo | Mid rally 73% | Asymmetry 2%,,Uptrend,True,False,Tight-Above-MAs,True,Downtrend,0,Uptrend,Uptrend,1426.1,645.9,369.32,1212.18,791.51,1170.08,1577.18,1117.3,,,85.46,49.92,9.7,2.08,50.63,10.0,0.0,1249.24,25,buy,13.9,16.7,-0.2,11.0,-0.17,6.59,5.77,27.25,33.01,40.32,88.04,41.16,38.05,54.4,0.4,lumpy earner,0.13,,1.7,,7.27,0.03,42.28,-0.44,,6.6,0.13,16.59,0.7,1517.7,634.5,6.0,124.8,90.58,140.56,0.33,0.19,5,31.0,22.6,-1.0,10.0,62.6,ACCUMULATE ⭐⭐⭐,Revenue CAGR 33% | Profit CAGR 41% | Low D/E 0.13 | Piotroski F=5 (above average quality) | DII buying +0.7% ↑ | MonthlyDoubleBottom forming (6mo base),High PE 85 | Pattern still forming (not broken out),3-4 years,Medium-High,"yfinance, screener.in",100,48,,2026-07-15,2026-06-01,44,44.9,6,0.0
ANANTRAJ,Anant Raj Limited,Real Estate,Real Estate - Development,21083.0,Mid-Cap,MonthlyStage2,Stage Change,1.0,24,10-EMA=533 | 30-EMA=490 | Above by 19.6% | MA turning=Yes,MonthlyDoubleBottom+MonthlyStage2,Sideways-Above-MA,True,False,Constructive,True,Stage2,3,Uptrend,Uptrend,585.85,489.87,405.7,497.97,883.9,1103.09,2129.04,1371.81,88.3,37.2,37.03,19.98,3.55,0.67,31.03,18.0,82.55,700.0,3,none,11.2,12.1,2.43,26.0,2.46,22.09,6.27,21.94,37.94,58.64,30.75,55.2,128.2,23.3,0.15,highly inconsistent earnings,0.12,,9.76,,-281.85,-1.34,57.41,0.0,,10.88,-0.26,4.83,-0.37,743.65,403.0,21.2,45.4,14.36,141.89,0.45,0.37,5,30.0,22.5,7.0,3.0,62.5,ACCUMULATE ⭐⭐⭐,Expected ~37% CAGR (2yr) | Revenue CAGR 38% | Profit CAGR 55% | ROCE trend rising ↑ | Low D/E 0.12 | Promoter 57% holding,None identified,3-4 years,Medium-High,"yfinance, screener.in",100,239,,2026-07-15,2026-06-01,44,21.4,6,4.0
BEL,Bharat Electronics Limited,Industrials,Aerospace & Defense,303246.0,Large-Cap,MonthlyDoubleBottom,Forming,1.0,41,Sep 41mo | Mid rally 112% | Asymmetry 5%,,Downtrend,False,False,Below-MAs,False,Stage2,4,Uptrend,Uptrend,414.85,55.0,25.4,352.62,378.34,483.5,606.58,479.05,16.5,8.0,49.98,36.46,12.64,1.88,36.62,105.0,2.7,490.18,28,buy,27.6,36.5,2.46,29.0,1.51,21.96,10.97,16.16,15.9,14.37,13.88,26.62,23.62,4.6,0.75,consistent growth,0.0,,1.98,,-390.91,-0.13,51.14,0.0,,19.51,1.0,20.0,-0.47,473.45,361.2,12.4,14.9,13.94,194.16,0.31,0.25,6,39.0,16.5,3.0,4.0,62.5,ACCUMULATE ⭐⭐⭐,Expected ~8% CAGR (2yr) | Revenue CAGR 16% | Profit CAGR 27% | ROE 28% | ROCE 36% | ROCE trend rising ↑,Earnings due 2026-08-03 | Pattern still forming (not broken out),3-4 years,Medium-High,"yfinance, screener.in",100,289,2026-08-03,2026-07-15,2026-06-01,44,-1.9,6,1.0
ONWARDTEC,Onward Technologies Limited,Technology,Information Technology Services,624.0,Small-Cap,MonthlyDoubleBottom,Forming,1.0,31,Sep 31mo | Mid rally 245% | Asymmetry 6%,,Sideways,False,False,Below-MAs,True,Downtrend,0,Uptrend,Uptrend,258.17,720.06,202.91,219.44,944.62,1499.5,2380.3,1499.5,480.8,141.0,14.58,,2.55,0.25,9.2,281.0,38.67,,0,none,19.5,22.9,1.31,13.0,1.17,8.15,10.24,10.79,7.25,17.78,62.96,58.74,44.43,-8.3,0.15,highly inconsistent earnings,0.16,,3.66,,37.48,6.01,40.02,0.95,,9.33,-0.5,1.8,-1.74,385.0,208.25,32.9,24.0,-16.72,-70.44,2.13,0.69,6,32.0,18.5,12.0,0.0,62.5,ACCUMULATE ⭐⭐⭐,Expected ~141% CAGR (2yr) | Profit CAGR 59% | ROCE 23% | ROCE trend rising ↑ | Low D/E 0.16 | FCF yield 6.0%,Pattern still forming (not broken out),3-4 years,Medium-High,"yfinance, screener.in",100,287,,2026-07-15,2026-06-01,44,0.0,6,3.0
SHARDAMOTR,Sharda Motor Industries Limited,Consumer Cyclical,Auto Parts,4981.0,Small-Cap,MonthlyDoubleBottom,Forming,1.0,44,Sep 44mo | Mid rally 319% | Asymmetry 7%,,Sideways,False,False,Below-MAs,True,Stage2,3,Uptrend,Uptrend,863.0,600.75,138.94,733.55,3055.74,3617.08,4281.54,3617.08,319.1,104.7,14.77,,3.79,0.8,9.65,208.0,58.58,,0,none,27.9,36.0,1.6,12.0,1.14,10.17,11.18,19.74,7.96,14.36,9.52,18.37,38.79,6.5,0.15,highly inconsistent earnings,0.04,,1.98,,241.62,4.85,64.31,0.0,,2.43,0.2,11.51,-0.19,1224.0,700.0,29.5,23.3,-14.58,-39.82,0.27,0.5,6,33.0,19.5,10.0,0.0,62.5,ACCUMULATE ⭐⭐⭐,Expected ~105% CAGR (2yr) | ROE 28% | ROCE 36% | ROCE trend rising ↑ | Nearly debt-free | Promoter 64% holding,Pattern still forming (not broken out),3-4 years,Medium-High,"yfinance, screener.in",100,131,,2026-07-15,2026-06-01,44,-2.2,6,-1.0
TATAELXSI,Tata Elxsi Limited,Technology,Software - Application,22990.0,Mid-Cap,MonthlyDoubleBottom,Forming,1.0,40,Sep 40mo | Mid rally 193% | Asymmetry 1%,,Downtrend,False,False,Below-MAs,False,Downtrend,0,Uptrend,Uptrend,3690.3,1365.89,463.42,3136.76,4835.42,5805.77,9865.83,6906.91,57.3,25.4,36.63,23.94,7.56,0.86,26.29,207.0,7.37,4154.07,15,hold,39.3,60.0,7.09,21.0,0.97,16.62,12.87,9.55,16.35,16.95,41.67,42.84,15.79,27.8,0.15,highly inconsistent earnings,0.05,,3.92,,683.07,2.97,43.9,0.0,,11.08,2.52,11.39,-0.89,6439.5,3562.0,42.7,3.6,-28.59,-73.73,0.66,0.32,7,40.0,15.5,7.0,0.0,62.5,ACCUMULATE ⭐⭐⭐,Expected ~25% CAGR (2yr) | Revenue CAGR 16% | Profit CAGR 43% | ROE 39% | ROCE 60% | ROCE trend rising ↑,Earnings due 2026-07-09 | Pattern still forming (not broken out),3-4 years,Medium-High,"yfinance, screener.in",100,289,2026-07-09,2026-07-15,2026-06-01,44,-11.8,6,-3.0
TRITURBINE,Triveni Turbine Limited,Industrials,Specialty Industrial Machinery,19268.0,Mid-Cap,MonthlyStage2,Stage Change,1.0,24,10-EMA=596 | 30-EMA=543 | Above by 15.9% | MA turning=Yes,MonthlyCupHandle+MonthlyDoubleBottom+MonthlyStage2,Sideways-Above-MA,True,False,Constructive,False,Stage2,4,Uptrend,Uptrend,629.5,543.23,439.85,535.07,498.53,646.61,739.94,607.35,2.7,1.3,55.25,36.72,13.31,2.53,41.52,65.0,67.5,687.33,9,buy,27.1,35.9,3.54,21.0,0.26,16.03,11.52,8.72,20.45,25.41,-2.79,21.83,27.89,8.6,0.15,highly inconsistent earnings,0.03,,1.98,,-258.5,-1.34,55.84,0.0,,20.81,-1.57,16.52,1.92,787.6,428.35,20.1,47.0,23.18,38.1,0.23,0.51,6,35.0,22.5,0.0,5.0,62.5,ACCUMULATE ⭐⭐⭐,Expected ~1% CAGR (2yr) | Revenue CAGR 20% | Profit CAGR 22% | ROE 27% | ROCE 36% | ROCE trend rising ↑,High PE 55,3-4 years,Medium-High,"yfinance, screener.in",100,178,,2026-07-15,2026-06-01,44,-1.3,6,-3.0
HARIOMPIPE,Hariom Pipe Industries Limited,Basic Materials,Steel,1188.0,Small-Cap,MonthlyDoubleBottom,Forming,0.698,8,Sep 8mo | Mid rally 75% | Asymmetry 5%,,Uptrend,True,False,Tight-Above-MAs,True,Stage2,1,Uptrend,Uptrend,401.3,571.56,319.99,341.11,963.98,1683.11,2938.71,1683.11,319.4,104.8,15.7,,1.84,0.21,7.6,16.0,1.67,,0,none,12.4,15.7,2.0,13.0,1.5,4.54,7.46,3.93,,,22.58,,,74.6,0.75,consistent growth,0.62,,1.68,,-33.97,-2.86,57.27,0.0,,9.5,0.27,0.06,0.01,572.2,268.05,29.9,49.7,-15.94,-62.33,0.14,0.7,6,28.0,23.38,11.0,0.0,62.4,ACCUMULATE ⭐⭐⭐,Expected ~105% CAGR (2yr) | Revenue CAGR 27% | Profit CAGR 75% | ROCE trend rising ↑ | Promoter 57% holding | EPS: consistent growth,Pattern still forming (not broken out),3-4 years,Medium-High,"yfinance, screener.in",80,52,,2026-07-15,2026-06-01,44,28.3,6,6.0
HAL,Hindustan Aeronautics Limited,Industrials,Aerospace & Defense,301403.0,Large-Cap,MonthlyCupHandle,Forming,0.944,23,Cup 23mo | Depth 19% | Prior gain 132% | R²=0.97,MonthlyCupHandle+MonthlyStage2,Uptrend,True,False,Tight-Above-MAs,True,Stage2,4,Uptrend,Uptrend,4460.7,5084.06,4137.25,3930.39,5166.81,6030.87,6962.05,5997.63,35.2,16.3,33.11,26.93,7.34,2.06,31.39,46.0,25.99,5165.96,25,buy,24.0,32.0,1.43,30.0,1.83,27.55,3.55,6.8,7.11,7.78,8.99,16.08,22.99,5.5,0.4,lumpy earner,0.0,,2.61,,-14431.69,-4.79,71.64,0.0,,9.34,-0.87,11.9,1.47,4978.0,3479.1,10.4,28.2,5.06,110.6,0.2,0.49,5,31.0,27.33,1.0,3.0,62.3,ACCUMULATE ⭐⭐⭐,Expected ~16% CAGR (2yr) | ROE 24% | ROCE 32% | ROCE trend rising ↑ | Nearly debt-free | Promoter 72% holding,Earnings due 2026-08-11 | Pattern still forming (not broken out),3-4 years,Medium-High,"yfinance, screener.in",100,100,2026-08-11,2026-07-15,2026-06-01,44,2.9,6,9.0
COFORGE,Coforge Limited,Technology,Information Technology Services,66572.0,Large-Cap,MonthlyDoubleBottom,Forming,0.964,29,Sep 29mo | Mid rally 105% | Asymmetry 9%,MonthlyDoubleBottom+MonthlyStage2,Sideways-Above-MA,True,False,Constructive,True,Downtrend,0,Uptrend,Uptrend,1503.8,1984.96,924.97,1278.23,1952.61,3044.95,3443.58,2593.06,102.5,42.3,34.36,21.97,5.3,1.05,16.5,106.0,-35.92,1721.51,35,buy,20.6,23.5,-1.23,18.0,-0.11,9.48,10.8,36.11,26.96,28.6,86.43,32.8,30.22,134.4,0.15,highly inconsistent earnings,0.07,,1.61,,1715.94,2.58,,,,24.66,-6.0,42.71,-13.47,1989.7,1008.1,24.4,49.2,-11.49,16.31,0.54,0.23,5,32.0,21.07,8.0,1.0,62.1,ACCUMULATE ⭐⭐⭐,Expected ~42% CAGR (2yr) | Revenue CAGR 27% | Profit CAGR 33% | ROE 21% | ROCE 24% | Nearly debt-free,Earnings due 2026-07-27 | Pattern still forming (not broken out),3-4 years,Medium-High,"yfinance, screener.in",90,264,2026-07-27,2026-07-15,2026-06-01,44,6.5,6,1.0
HATSUN,Hatsun Agro Product Limited,Consumer Defensive,Packaged Foods,20119.0,Mid-Cap,MonthlyDoubleBottom,Forming,0.614,30,Sep 30mo | Mid rally 65% | Asymmetry 3%,,Sideways,False,False,Below-MAs,True,Stage2,15,Uptrend,Uptrend,931.0,1384.31,825.48,791.35,6028.76,29402.28,143394.91,29402.28,3058.1,462.0,56.49,31.42,10.37,0.15,18.65,221.0,18.56,935.0,2,hold,16.7,12.9,1.0,12.0,1.9,3.58,8.13,10.62,103.56,,24.73,387.7,,2.5,0.15,highly inconsistent earnings,0.94,,0.52,,929.11,4.62,73.17,0.0,,3.13,-0.07,10.26,-0.02,1179.0,855.3,21.0,8.9,5.42,-47.23,0.16,-0.17,6,33.0,14.87,12.0,2.0,61.9,ACCUMULATE ⭐⭐⭐,Expected ~462% CAGR (2yr) | Revenue CAGR 104% | Profit CAGR 388% | ROCE trend rising ↑ | Promoter 73% holding | FCF yield 4.6%,High PE 56 | Earnings due 2026-07-20 | Pattern still forming (not broken out),3-4 years,Medium-High,"yfinance, screener.in",100,146,2026-07-20,2026-07-15,2026-06-01,44,-1.4,6,3.0
GPTHEALTH,GPT Healthcare Limited,Healthcare,Medical Care Facilities,1297.0,Small-Cap,MonthlyDoubleBottom,Forming,0.633,9,Sep 9mo | Mid rally 64% | Asymmetry 1%,MonthlyDoubleBottom+MonthlyStage2,Uptrend,True,False,Uptrend,True,Stage2,6,Uptrend,Uptrend,158.11,203.87,124.04,134.39,245.05,283.7,316.8,278.63,79.4,34.0,30.7,15.81,4.8,2.24,15.89,190.0,-28.57,136.0,1,none,28.5,23.7,10.0,22.0,2.5,8.94,8.41,38.68,,,100.0,,,13.0,1.0,steady compounder (low CV),0.34,,1.12,,19.64,1.51,65.57,0.0,,2.81,0.08,6.84,0.64,185.0,115.0,14.5,37.5,8.39,,0.42,0.46,6,35.0,20.6,3.0,3.0,61.6,ACCUMULATE ⭐⭐⭐,Expected ~34% CAGR (2yr) | Revenue CAGR 25% | ROE 28% | ROCE 24% | ROCE trend rising ↑ | Promoter 66% holding,Pattern still forming (not broken out),3-4 years,Medium-High,"yfinance, screener.in",80,30,,2026-07-15,2026-06-01,44,10.7,6,4.0
CAPACITE,Capacit'e Infraprojects Limited,Industrials,Engineering & Construction,2030.0,Small-Cap,MonthlyDoubleBottom,Forming,1.0,29,Sep 29mo | Mid rally 153% | Asymmetry 4%,,Downtrend,False,False,Below-MAs,False,Stage2,4,Uptrend,Uptrend,240.0,465.0,180.0,204.0,1031.79,920.46,1655.02,1306.76,283.5,95.8,10.61,7.12,1.06,0.4,5.72,0.0,0.0,341.0,3,strong_buy,10.4,15.5,1.94,16.0,0.06,7.3,5.53,11.62,13.39,24.41,-5.39,26.65,149.41,-11.1,0.15,highly inconsistent earnings,0.25,,1.68,,173.94,8.57,31.69,0.0,,14.96,0.87,7.82,-0.72,338.65,180.0,29.1,33.3,-13.96,-9.9,0.54,0.09,7,28.0,16.5,17.0,0.0,61.5,ACCUMULATE ⭐⭐⭐,Expected ~96% CAGR (2yr) | Profit CAGR 27% | ROCE trend rising ↑ | Low D/E 0.25 | FCF yield 8.6% | Piotroski F=7 (high quality compounder),Pattern still forming (not broken out),3-4 years,Medium-High,"yfinance, screener.in",100,107,,2026-07-15,2026-06-01,44,6.6,6,0.0
CEATLTD,CEAT Limited,Consumer Cyclical,Auto Parts,15598.0,Mid-Cap,MonthlyDoubleBottom,Forming,1.0,38,Sep 38mo | Mid rally 166% | Asymmetry 9%,,Sideways-Above-MA,True,False,Constructive,True,Stage2,3,Uptrend,Uptrend,3866.6,1859.94,668.36,3286.61,16224.49,16785.08,39712.04,25383.21,334.1,108.4,22.37,16.47,2.66,0.4,8.13,77.0,115.44,3887.88,16,buy,15.9,18.7,1.8,13.0,0.4,4.45,6.72,18.61,11.48,15.55,47.98,56.45,10.04,145.1,0.15,highly inconsistent earnings,0.65,,0.68,,-44.68,-0.29,47.29,0.08,,16.55,-0.37,20.9,0.42,4438.0,3000.5,12.9,28.9,25.51,49.5,0.62,0.45,5,20.0,22.5,13.0,6.0,61.5,ACCUMULATE ⭐⭐⭐,Expected ~108% CAGR (2yr) | Profit CAGR 56% | ROCE trend rising ↑ | Piotroski F=5 (above average quality) | Dividend growing 115%/yr | PEG 0.40 — deeply undervalued,Pattern still forming (not broken out),3-4 years,Medium-High,"yfinance, screener.in",100,222,,2026-07-15,2026-06-01,44,22.3,6,11.0
IFBIND,IFB Industries Limited,Consumer Cyclical,"Furnishings, Fixtures & Appliances",5594.0,Small-Cap,MonthlyDoubleBottom,Forming,1.0,28,Sep 28mo | Mid rally 172% | Asymmetry 4%,MonthlyDoubleBottom+MonthlyStage2,Sideways-Above-MA,True,False,Constructive,True,Stage2,3,Uptrend,Uptrend,1402.9,2359.9,850.0,1192.47,4597.75,6454.16,20767.58,9771.6,360.1,114.5,38.91,22.09,5.62,0.35,19.48,0.0,,1478.0,3,buy,15.7,19.5,3.0,6.0,0.14,2.56,5.09,10.35,10.23,14.94,21.01,112.53,40.82,126.1,0.15,highly inconsistent earnings,0.16,,1.33,,147.26,2.63,74.96,0.0,,0.92,-0.04,6.16,0.13,2019.8,883.2,30.5,58.8,-3.44,22.6,0.67,0.33,6,27.0,22.5,12.0,0.0,61.5,ACCUMULATE ⭐⭐⭐,Expected ~114% CAGR (2yr) | Profit CAGR 113% | ROCE trend rising ↑ | Low D/E 0.16 | Promoter 75% holding | Piotroski F=6 (above average quality),Pattern still forming (not broken out),3-4 years,Medium-High,"yfinance, screener.in",100,289,,2026-07-15,2026-06-01,44,27.7,6,-2.0
NESTLEIND,Nestlé India Limited,Consumer Defensive,Packaged Foods,280608.0,Large-Cap,MonthlyStage2,Stage Change,1.0,24,10-EMA=1299 | 30-EMA=1204 | Above by 18.9% | MA turning=Yes,MonthlyDoubleBottom+MonthlyStage2,Uptrend,True,True,Tight-Above-MAs,True,Stage2,15,Uptrend,Uptrend,1431.4,1203.53,1067.84,1216.69,708.87,1339.22,785.56,746.23,,,80.0,61.14,54.41,15.18,54.21,82.0,4.98,1482.28,36,buy,74.2,85.3,-11.0,23.0,-0.0,15.14,22.58,14.62,6.58,,9.07,5.27,,27.2,0.15,highly inconsistent earnings,0.09,,0.96,,3881.1,1.38,62.76,0.0,,9.74,-0.07,12.4,0.3,1498.1,1084.7,4.5,32.0,24.96,6.0,0.77,0.44,3,25.0,28.5,0.0,8.0,61.5,ACCUMULATE ⭐⭐⭐,ROE 74% | ROCE 85% | Nearly debt-free | Promoter 63% holding | MonthlyStage2 forming (24mo base) | Weekly uptrend,High PE 80 | Earnings due 2026-04-21,3-4 years,Medium-High,"yfinance, screener.in",100,286,2026-04-21,2026-07-15,2026-06-01,44,0.0,6,2.0
OFSS,Oracle Financial Services Software Limited,Technology,Software - Infrastructure,101448.0,Large-Cap,MonthlyStage2,Stage Change,1.0,24,10-EMA=8185 | 30-EMA=7510 | Above by 28.4% | MA turning=Yes,MonthlyDoubleBottom+MonthlyStage2,Uptrend,True,False,Constructive,True,Downtrend,0,Uptrend,Uptrend,9646.0,7510.05,6543.54,8199.1,8998.54,10211.54,11588.06,10211.54,5.9,2.9,38.61,30.39,12.96,2.86,27.76,571.0,6.27,10695.0,2,strong_buy,32.6,45.3,1.71,45.0,-0.94,34.4,21.25,12.05,10.42,9.01,10.88,13.48,8.41,30.7,0.15,highly inconsistent earnings,0.0,,5.43,,2351.81,2.32,72.41,-0.03,,9.7,1.66,8.79,-0.33,11685.0,6234.5,17.4,54.7,19.85,155.28,0.84,0.42,6,31.0,24.5,0.0,6.0,61.5,ACCUMULATE ⭐⭐⭐,Expected ~3% CAGR (2yr) | ROE 33% | ROCE 45% | ROCE trend rising ↑ | Nearly debt-free | Promoter 72% holding,Margin compression ↓ | Earnings due 2026-07-22,3-4 years,Medium-High,"yfinance, screener.in",100,288,2026-07-22,2026-07-15,2026-06-01,44,0.0,6,3.0
RATEGAIN,RateGain Travel Technologies Limited,Technology,Software - Application,11181.0,Mid-Cap,MonthlyStage2,Stage Change,1.0,24,10-EMA=592 | 30-EMA=580 | Above by 16.1% | MA turning=Yes,MonthlyDoubleBottom+MonthlyStage2,Sideways-Above-MA,True,True,Constructive,True,Downtrend,0,Uptrend,Uptrend,673.6,579.95,433.8,572.56,558.62,810.61,1123.71,792.29,20.3,9.7,57.46,28.59,5.56,1.37,35.25,0.0,,838.1,10,strong_buy,12.0,13.7,4.26,19.0,3.54,10.66,5.87,69.36,47.79,48.69,-7.18,41.83,77.53,27.7,0.15,highly inconsistent earnings,0.47,,1.41,,-11.97,-0.11,48.77,0.22,,5.35,0.38,20.86,0.24,970.0,417.6,30.6,61.3,54.95,38.49,0.39,0.82,5,25.0,21.5,5.0,10.0,61.5,ACCUMULATE ⭐⭐⭐,Expected ~10% CAGR (2yr) | Revenue CAGR 48% | Profit CAGR 42% | ROCE trend rising ↑ | Piotroski F=5 (above average quality) | PEG 1.37 — fair value,High PE 57,3-4 years,Medium-High,"yfinance, screener.in",100,54,,2026-07-15,2026-06-01,44,0.0,6,-1.0
STARHEALTH,Star Health and Allied Insurance Company Limited,Financial Services,Insurance - Life,35495.0,Large-Cap,MonthlyStage2,Stage Change,1.0,24,10-EMA=521 | 30-EMA=515 | Above by 16.6% | MA turning=Yes,MonthlyDoubleBottom+MonthlyStage2,Uptrend,True,False,Tight-Above-MAs,True,Stage2,12,Uptrend,Uptrend,600.85,515.23,356.65,510.72,38506.52,4366880.57,1375491428.08,7277732.42,726683.8,8425.2,63.7,22.91,4.67,0.0,,,,602.79,24,buy,,,,3.25,,3.12,,13.8,,,18800.0,,,21731.4,0.5,insufficient history,,,,,,,57.98,0.0,,15.06,0.99,20.31,-0.65,614.2,416.55,2.2,44.2,35.36,-31.24,0.24,0.2,1,14.0,28.5,9.0,10.0,61.5,ACCUMULATE ⭐⭐⭐,Expected ~8425% CAGR (2yr) | Profit CAGR 18800% | Promoter 58% holding | FII buying +1.0% ↑ | PEG 0.00 — deeply undervalued | MonthlyStage2 forming (24mo base),High PE 64 | Earnings due 2026-07-29,3-4 years,Medium-High,"yfinance, screener.in",40,56,2026-07-29,2026-07-15,2026-06-01,44,16.2,6,10.6
VIJAYA,Vijaya Diagnostic Centre Limited,Healthcare,Diagnostics & Research,14293.0,Mid-Cap,MonthlyStage2,Stage Change,1.0,24,10-EMA=1161 | 30-EMA=981 | Above by 41.7% | MA turning=Yes,MonthlyCupHandle+MonthlyStage2,Uptrend,True,True,Tight-Above-MAs,True,Stage2,6,Uptrend,Uptrend,1389.4,980.5,861.4,1180.99,1030.56,1335.3,1655.13,1306.03,,,82.64,52.74,14.93,3.09,42.82,15.0,25.99,1379.2,10,buy,19.7,21.3,-1.4,41.0,-0.77,21.25,11.02,19.53,21.04,16.64,20.14,26.73,15.27,38.4,0.15,highly inconsistent earnings,0.44,,2.6,,-1.45,-0.01,52.51,-0.09,,13.38,-1.72,29.93,1.33,1427.8,848.0,2.7,63.8,39.04,142.36,0.36,0.34,4,24.0,28.5,-1.0,10.0,61.5,ACCUMULATE ⭐⭐⭐,Revenue CAGR 21% | Profit CAGR 27% | ROCE 21% | Promoter 53% holding | OPM 41% | Margin compressing ↓ ⚠️,High PE 83 | Margin compression ↓,3-4 years,Medium-High,"yfinance, screener.in",100,59,,2026-07-15,2026-06-01,44,6.9,6,1.0
CAMPUS,Campus Activewear Limited,Consumer Cyclical,Footwear & Accessories,7063.0,Small-Cap,MonthlyDoubleBottom,Forming,0.744,13,Sep 13mo | Mid rally 76% | Asymmetry 1%,,Downtrend,False,False,Below-MAs,False,Stage2,3,Uptrend,Uptrend,231.09,370.52,209.77,199.28,379.94,531.27,749.26,533.55,129.9,51.6,47.16,32.8,7.82,1.17,24.63,65.0,,302.57,7,strong_buy,29.5,31.8,4.1,20.0,11.14,8.46,9.18,67.93,26.13,259.08,300.0,40.43,,26.0,0.15,highly inconsistent earnings,0.26,,2.37,,-11.2,-0.16,72.09,-0.02,,6.07,-0.08,11.6,-0.11,304.4,215.2,24.1,7.4,-11.57,-48.87,0.24,0.1,6,39.0,12.43,9.0,1.0,61.4,ACCUMULATE ⭐⭐⭐,Expected ~52% CAGR (2yr) | Revenue CAGR 26% | Profit CAGR 40% | ROE 30% | ROCE 32% | ROCE trend rising ↑,Pattern still forming (not broken out),3-4 years,Medium-High,"yfinance, screener.in",100,51,,2026-07-15,2026-06-01,44,-0.6,6,-3.0
ALKYLAMINE,Alkyl Amines Chemicals Limited,Basic Materials,Specialty Chemicals,10004.0,Mid-Cap,MonthlyStage2,Stage Change,0.315,24,10-EMA=1703 | 30-EMA=1868 | Above by 4.7% | MA turning=No,MonthlyDoubleBottom+MonthlyStage2,Uptrend,True,False,Uptrend,True,Stage2,1,Uptrend,Uptrend,1956.0,1867.81,1231.6,1662.6,1193.59,2504.02,2939.82,1873.21,28.0,13.1,55.55,44.19,6.52,0.98,,76.0,0.0,1492.33,3,hold,41.4,41.3,2.57,26.0,1.14,11.77,,17.38,25.61,15.84,133.72,56.94,34.9,-3.4,0.15,highly inconsistent earnings,,,,,,,72.05,0.02,,3.45,0.0,3.01,0.0,2400.0,1212.0,18.5,61.4,-1.57,-46.66,0.82,0.27,3,36.0,18.28,6.0,1.0,61.3,ACCUMULATE ⭐⭐⭐,Expected ~13% CAGR (2yr) | Revenue CAGR 26% | Profit CAGR 57% | ROE 41% | ROCE 41% | ROCE trend rising ↑,High PE 56,3-4 years,Medium-High,"yfinance, screener.in",70,225,,2026-07-15,2026-06-01,44,10.7,6,9.7
INOXINDIA,INOX India Limited,Industrials,Specialty Industrial Machinery,17953.0,Mid-Cap,MonthlyDoubleBottom,Forming,0.343,19,Sep 19mo | Mid rally 38% | Asymmetry 4%,,Uptrend,True,False,Tight-Above-MAs,True,Stage2,4,Uptrend,Uptrend,1882.4,1504.44,1068.2,1600.04,1092.94,1940.68,1535.0,1295.25,3.1,1.5,69.92,46.82,16.06,3.78,53.69,10.0,0.0,1783.33,3,strong_buy,26.1,33.5,0.57,22.0,-0.03,16.25,10.21,21.52,18.0,21.72,14.16,18.51,21.86,14.8,0.75,consistent growth,0.07,,1.79,,-70.64,-0.39,75.0,0.0,,7.13,-0.01,7.72,0.45,2099.0,1065.0,10.3,76.8,69.11,,1.15,0.49,5,34.0,20.12,-1.0,8.0,61.1,ACCUMULATE ⭐⭐⭐,Expected ~2% CAGR (2yr) | Revenue CAGR 18% | ROE 26% | ROCE 34% | ROCE trend rising ↑ | Nearly debt-free,High PE 70 | Pattern still forming (not broken out),3-4 years,Medium-High,"yfinance, screener.in",100,32,,2026-07-15,2026-06-01,44,31.7,6,-6.3
3MINDIA,3M India Limited,Industrials,Conglomerates,39845.0,Large-Cap,MonthlyCupHandle,Forming,0.916,22,Cup 22mo | Depth 21% | Prior gain 23% | R²=0.97,MonthlyCupHandle+MonthlyDoubleBottom+MonthlyStage2,Sideways-Above-MA,True,False,Constructive,True,Stage2,4,Uptrend,Uptrend,35370.0,37436.67,29755.96,30064.5,21846.58,45117.38,37473.75,28612.47,27.6,12.9,76.34,46.95,22.64,2.46,39.95,45.0,-14.3,36726.0,1,none,30.5,40.5,0.09,19.0,1.34,10.26,18.76,-0.07,7.86,6.98,4.8,30.97,13.67,203.1,0.15,highly inconsistent earnings,0.1,,2.18,,459.29,1.15,75.0,0.0,,3.52,0.02,8.34,-0.05,38030.0,28730.0,7.0,23.1,15.89,-8.2,0.3,0.27,6,37.0,20.99,-1.0,4.0,61.0,ACCUMULATE ⭐⭐⭐,Expected ~13% CAGR (2yr) | Profit CAGR 31% | ROE 30% | ROCE 40% | ROCE trend rising ↑ | Nearly debt-free,High PE 76 | Pattern still forming (not broken out),3-4 years,Medium-High,"yfinance, screener.in",100,289,,2026-07-15,2026-06-01,44,11.2,6,0.9
KALYANKJIL,Kalyan Jewellers India Limited,Consumer Cyclical,Luxury Goods,49174.0,Large-Cap,MonthlyDoubleBottom,Forming,1.0,23,Sep 23mo | Mid rally 138% | Asymmetry 8%,,Downtrend,False,False,Below-MAs,False,Stage2,3,Uptrend,Uptrend,344.15,793.08,320.29,304.28,801.19,1265.87,1712.51,1171.35,267.8,91.8,36.49,25.15,7.79,0.79,24.08,32.0,25.0,658.89,9,strong_buy,24.8,20.5,2.46,7.0,-0.2,3.78,7.21,42.72,36.44,33.05,89.08,46.2,56.89,118.3,0.4,lumpy earner,0.97,,1.3,,-515.68,-1.05,62.86,0.11,,14.55,0.44,14.13,-1.1,617.7,327.05,44.3,5.2,-30.19,113.22,1.57,-0.04,4,32.0,16.0,12.0,1.0,61.0,ACCUMULATE ⭐⭐⭐,Expected ~92% CAGR (2yr) | Revenue CAGR 36% | Profit CAGR 46% | ROE 25% | ROCE 20% | ROCE trend rising ↑,Pattern still forming (not broken out),3-4 years,Medium-High,"yfinance, screener.in",100,63,,2026-07-15,2026-06-01,44,0.0,6,4.0
KEI,KEI Industries Limited,Industrials,Electrical Equipment & Parts,49230.0,Large-Cap,MonthlyDoubleBottom,Forming,1.0,20,Sep 20mo | Mid rally 117% | Asymmetry 9%,,Uptrend,True,True,Tight-Above-MAs,True,Stage2,4,Uptrend,Uptrend,5082.4,5029.01,2215.84,4320.04,4233.18,7842.18,6549.94,5265.65,54.3,24.2,53.76,37.45,7.39,2.2,39.03,9.0,14.47,5365.0,24,buy,14.8,20.1,-0.37,10.0,-0.14,7.82,8.79,20.67,19.34,22.95,31.9,24.39,27.45,25.5,1.0,steady compounder (low CV),0.04,,2.96,,170.84,0.35,35.0,0.0,,27.27,1.78,25.83,-1.44,5708.0,3612.0,11.0,40.7,41.88,97.48,1.09,0.5,5,25.0,28.0,0.0,8.0,61.0,ACCUMULATE ⭐⭐⭐,Expected ~24% CAGR (2yr) | Revenue CAGR 19% | Profit CAGR 24% | ROCE 20% | Nearly debt-free | EPS: steady compounder (low CV),High PE 54 | Earnings due 2026-07-21 | Pattern still forming (not broken out),3-4 years,Medium-High,"yfinance, screener.in",100,243,2026-07-21,2026-07-15,2026-06-01,44,0.0,6,-2.0
NRBBEARING,NRB Bearings Limited,Consumer Cyclical,Auto Parts,4157.0,Small-Cap,MonthlyStage2,Breaking Out,1.0,24,10-EMA=278 | 30-EMA=257 | Above by 38.8% | MA turning=Yes,MonthlyDoubleBottom+MonthlyStage2,Uptrend,True,True,Uptrend,True,Stage2,3,Uptrend,Uptrend,356.7,256.94,194.68,303.19,597.85,687.53,790.66,687.53,92.7,38.8,29.16,23.25,4.32,1.94,18.48,286.0,2.24,423.5,2,strong_buy,15.6,18.4,1.06,17.0,0.49,10.69,8.34,11.34,8.09,11.87,78.05,15.0,21.12,,0.15,highly inconsistent earnings,0.16,,2.26,,101.86,2.45,51.2,0.0,,14.69,0.57,10.06,-0.25,467.6,212.55,23.7,67.8,30.69,86.4,3.99,0.52,6,20.0,28.0,5.0,8.0,61.0,ACCUMULATE ⭐⭐⭐,Expected ~39% CAGR (2yr) | ROCE trend rising ↑ | Low D/E 0.16 | Promoter 51% holding | Piotroski F=6 (above average quality) | FII buying +0.6% ↑,None identified,3-4 years,Medium-High,"yfinance, screener.in",100,287,,2026-07-15,2026-06-01,44,0.0,6,-3.0
SPLPETRO,Supreme Petrochem Limited,Basic Materials,Specialty Chemicals,13794.0,Mid-Cap,MonthlyCupHandle,Forming,0.92,22,Cup 22mo | Depth 26% | Prior gain 33% | R²=0.98,MonthlyCupHandle+MonthlyDoubleBottom+MonthlyStage2,Uptrend,True,False,Tight-Above-MAs,True,Stage2,1,Uptrend,Uptrend,718.4,898.69,663.01,629.86,901.07,2189.52,5320.32,2189.52,204.8,74.6,41.85,29.82,5.8,0.29,25.82,146.0,-5.9,791.5,2,hold,13.7,,3.1,10.0,1.31,6.09,8.12,235.15,53.9,30.43,450.0,142.99,80.97,57.7,0.15,highly inconsistent earnings,0.06,,2.01,,-19.9,-0.14,64.24,0.0,,3.69,-0.01,4.24,0.28,979.0,462.3,26.6,55.4,-4.77,23.77,0.11,-0.05,6,27.0,27.04,7.0,0.0,61.0,ACCUMULATE ⭐⭐⭐,Expected ~75% CAGR (2yr) | Revenue CAGR 54% | Profit CAGR 143% | ROCE trend rising ↑ | Nearly debt-free | Promoter 64% holding,Pattern still forming (not broken out),3-4 years,Medium-High,"yfinance, screener.in",90,289,,2026-07-15,2026-06-01,44,1.6,6,12.2
AJMERA,Ajmera Realty & Infra India Limited,Real Estate,Real Estate - Development,2650.0,Small-Cap,MonthlyDoubleBottom,Forming,1.0,37,Sep 37mo | Mid rally 808% | Asymmetry 10%,,Sideways,False,False,Below-MAs,True,Stage2,3,Uptrend,Uptrend,134.67,143.26,15.06,114.47,355.24,460.64,597.32,460.64,242.1,84.9,17.7,6.47,1.89,0.6,11.27,69.0,25.99,175.0,1,none,11.5,14.3,1.69,27.0,0.46,13.74,7.58,47.7,36.24,25.72,24.6,29.67,38.33,120.0,0.75,consistent growth,0.47,,6.28,,-116.82,-4.41,68.23,0.0,,0.78,0.25,1.13,-0.08,221.4,98.03,39.2,37.4,-21.38,58.98,0.4,0.49,6,31.0,19.5,10.0,0.0,60.5,ACCUMULATE ⭐⭐⭐,Expected ~85% CAGR (2yr) | Revenue CAGR 36% | Profit CAGR 30% | ROCE trend rising ↑ | Promoter 68% holding | OPM 27%,Pattern still forming (not broken out),3-4 years,Medium-High,"yfinance, screener.in",100,239,,2026-07-15,2026-06-01,44,12.2,6,3.0
IRISDOREME,Iris Clothings Limited,Consumer Cyclical,Apparel Manufacturing,757.0,Small-Cap,MonthlyDoubleBottom,Forming,1.0,48,Sep 48mo | Mid rally 289% | Asymmetry 7%,,Uptrend,True,False,Tight-Above-MAs,True,Stage2,3,Uptrend,Uptrend,44.0,106.0,26.35,37.4,48.8,185.65,74.55,60.32,321.9,105.4,52.15,,5.92,2.21,29.93,,,,0,none,14.46,,,15.76,,8.48,8.48,50.4,,,23.6,,,43.5,0.5,insufficient history,0.24,,3.19,,-26.83,-3.55,61.17,0.0,,,0.0,0.79,-0.09,45.9,26.35,4.1,67.0,40.14,-64.96,0.77,-0.16,3,22.0,28.5,0.0,10.0,60.5,ACCUMULATE ⭐⭐⭐,Expected ~105% CAGR (2yr) | Revenue CAGR 50% | Profit CAGR 24% | Low D/E 0.24 | Promoter 61% holding | MonthlyDoubleBottom forming (48mo base),High PE 52 | Pattern still forming (not broken out),3-4 years,Medium-High,"yfinance, screener.in",70,93,,2026-07-15,2026-06-01,44,20.3,6,13.0
NDRAUTO,NDR Auto Components Limited,Consumer Cyclical,Auto Parts,2039.0,Small-Cap,MonthlyStage2,Stage Change,1.0,24,10-EMA=790 | 30-EMA=689 | Above by 17.0% | MA turning=Yes,MonthlyCupHandle+MonthlyDoubleBottom+MonthlyStage2,Sideways,False,False,Below-MAs,True,Stage2,3,Uptrend,Uptrend,806.1,689.23,421.07,685.18,1607.73,2095.51,2731.29,2095.51,160.0,61.2,32.79,,5.68,1.08,23.96,47.0,63.86,,0,none,18.9,22.2,3.46,11.0,1.09,7.53,8.41,15.43,27.94,48.49,16.98,30.34,47.11,11.7,0.4,lumpy earner,0.17,,1.22,,-26.29,-1.29,73.13,0.0,,0.08,0.03,0.0,0.0,1220.0,605.05,33.9,33.2,-22.26,275.97,0.69,0.75,5,35.0,19.5,6.0,0.0,60.5,ACCUMULATE ⭐⭐⭐,Expected ~61% CAGR (2yr) | Revenue CAGR 28% | Profit CAGR 30% | ROCE 22% | ROCE trend rising ↑ | Low D/E 0.17,None identified,3-4 years,Medium-High,"yfinance, screener.in",100,71,,2026-07-15,2026-06-01,44,0.0,6,-1.0
PGIL,Pearl Global Industries Limited,Consumer Cyclical,Apparel Manufacturing,9228.0,Mid-Cap,MonthlyDoubleBottom,Forming,1.0,38,Sep 38mo | Mid rally 150% | Asymmetry 2%,MonthlyCupHandle+MonthlyDoubleBottom,Uptrend,True,False,Uptrend,True,Stage2,3,Uptrend,Uptrend,1604.5,124.1,49.29,1363.83,2650.73,2856.62,3870.68,3203.14,78.0,33.4,33.22,20.76,6.32,1.59,21.86,105.0,-8.92,2336.83,6,strong_buy,21.0,19.9,3.06,10.0,1.11,5.53,8.07,11.52,16.75,27.51,16.88,20.84,73.85,22.0,0.15,highly inconsistent earnings,0.66,,1.6,,-30.71,-0.33,61.16,-0.08,,6.48,0.21,18.8,2.03,2115.7,1178.1,24.2,36.2,15.25,390.36,0.9,-0.28,6,21.0,26.5,9.0,4.0,60.5,ACCUMULATE ⭐⭐⭐,Expected ~33% CAGR (2yr) | Revenue CAGR 17% | Profit CAGR 21% | ROE 21% | ROCE trend rising ↑ | Promoter 61% holding,Pattern still forming (not broken out),3-4 years,Medium-High,"yfinance, screener.in",100,232,,2026-07-15,2026-06-01,44,0.0,6,-2.0
WEALTH,Wealth First Portfolio Managers Limited,Financial Services,Capital Markets,1049.0,Small-Cap,MonthlyDoubleBottom,Forming,0.757,9,Sep 9mo | Mid rally 78% | Asymmetry 2%,MonthlyDoubleBottom+MonthlyStage2,Sideways-Above-MA,True,False,Below-MAs,True,Stage2,12,Uptrend,Uptrend,955.9,1388.83,771.33,812.51,1062.66,2006.33,2067.66,1482.3,109.9,44.9,27.1,,6.97,0.69,,162.0,10.06,,0,none,27.7,34.6,-0.91,72.0,0.49,54.41,24.22,13.33,32.85,22.16,11.76,39.49,23.93,,0.15,highly inconsistent earnings,,,5.79,,,,74.04,0.0,,0.04,,0.1,-0.01,1386.7,774.95,31.1,23.3,-19.21,185.98,0.17,-0.23,5,37.0,17.08,6.0,0.0,60.1,ACCUMULATE ⭐⭐⭐,Expected ~45% CAGR (2yr) | Revenue CAGR 33% | Profit CAGR 39% | ROE 28% | ROCE 35% | Promoter 74% holding,Pattern still forming (not broken out),3-4 years,Medium-High,"yfinance, screener.in",80,113,,2026-07-15,2026-06-01,44,6.0,6,4.0
ABSLAMC,Aditya Birla Sun Life AMC Limited,Financial Services,Asset Management,33160.0,Large-Cap,None,,0.0,0,,,Uptrend,True,False,Tight-Above-MAs,True,Stage2,12,Uptrend,Uptrend,1146.6,,,974.61,857.96,1073.71,1191.19,1010.94,,,34.01,25.93,8.19,1.91,22.75,222.0,60.09,1167.86,14,buy,25.2,32.2,-2.57,64.0,0.43,47.41,18.67,3.73,15.08,11.33,4.73,17.83,13.14,-18.0,0.15,highly inconsistent earnings,0.02,,17.47,,823.49,2.48,74.82,0.0,,5.75,-0.3,11.55,0.76,1224.9,708.0,6.4,61.9,38.2,186.03,,0.33,6,35.0,15.0,2.0,8.0,60.0,ACCUMULATE ⭐⭐⭐,Revenue CAGR 15% | ROE 25% | ROCE 32% | Nearly debt-free | Promoter 75% holding | OPM 64%,None identified,3-4 years,Medium-High,"yfinance, screener.in",100,58,,2026-07-15,2026-06-01,44,10.6,6,5.0
FMGOETZE,Federal-Mogul Goetze (India) Limited,Consumer Cyclical,Auto Parts,2523.0,Small-Cap,MonthlyDoubleBottom,Forming,1.0,8,Sep 8mo | Mid rally 123% | Asymmetry 3%,MonthlyDoubleBottom+MonthlyStage2,Uptrend,True,False,Constructive,True,Stage2,3,Uptrend,Uptrend,453.45,539.95,238.3,385.43,1609.48,1907.07,2259.68,1907.07,320.6,105.1,14.77,,1.76,0.8,5.86,0.0,58.74,,0,none,13.5,18.5,2.77,15.0,0.8,8.71,7.12,8.78,6.22,12.08,4.71,18.49,104.31,-17.3,0.15,highly inconsistent earnings,0.0,,2.98,,184.46,7.31,74.98,0.0,,0.38,-0.16,0.49,0.05,611.9,358.0,25.9,26.7,-13.73,-1.34,0.15,0.07,6,26.0,24.0,10.0,0.0,60.0,ACCUMULATE ⭐⭐⭐,Expected ~105% CAGR (2yr) | ROCE trend rising ↑ | Nearly debt-free | Promoter 75% holding | FCF yield 7.3% | Piotroski F=6 (above average quality),Pattern still forming (not broken out),3-4 years,Medium-High,"yfinance, screener.in",100,289,,2026-07-15,2026-06-01,44,0.3,6,9.0
LLOYDSENGG,Lloyds Engineering Works Limited,Industrials,Specialty Industrial Machinery,12913.0,Mid-Cap,MonthlyStage2,Breaking Out,1.0,24,10-EMA=56 | 30-EMA=58 | Above by 18.6% | MA turning=Yes,MonthlyDoubleBottom+MonthlyStage2,Sideways-Above-MA,True,True,Constructive,True,Stage2,4,Uptrend,Uptrend,68.44,57.7,37.73,58.17,86.11,182.97,388.82,182.97,167.3,63.5,60.81,,7.47,0.54,64.49,28.0,80.47,,0,none,16.4,17.1,,15.0,-1.0,14.59,6.21,53.78,,,88.57,,,156.5,0.5,insufficient history,0.07,,2.77,,-383.29,-2.97,41.92,0.0,,2.11,0.14,0.18,0.0,92.59,37.4,26.1,83.0,4.47,,1.72,1.14,3,26.0,24.0,5.0,5.0,60.0,ACCUMULATE ⭐⭐⭐,Expected ~64% CAGR (2yr) | Revenue CAGR 113% | Profit CAGR 112% | Nearly debt-free | Margin compressing ↓ ⚠️ | Dividend growing 80%/yr,High PE 61 | Margin compression ↓,3-4 years,Medium-High,"yfinance, screener.in",80,32,,2026-07-15,2026-06-01,44,0.0,6,0.0
MANORAMA,Manorama Industries Limited,Consumer Defensive,Packaged Foods,10121.0,Mid-Cap,None,,0.0,0,,,Uptrend,True,False,Below-MAs,True,Stage2,15,Uptrend,Uptrend,1371.4,,,1165.69,2050.31,2696.16,3545.45,2696.16,96.6,40.2,44.64,29.37,14.03,1.42,27.34,4.0,50.0,1831.0,2,none,39.4,35.0,,26.0,2.0,16.46,19.22,77.3,,,104.55,,,31.0,0.5,insufficient history,0.52,,1.97,,119.05,1.18,54.32,0.0,,3.22,0.33,2.63,-0.37,1760.0,1060.6,22.1,29.3,1.65,325.28,,0.17,6,40.0,11.0,6.0,3.0,60.0,ACCUMULATE ⭐⭐⭐,Expected ~40% CAGR (2yr) | Revenue CAGR 68% | Profit CAGR 32% | ROE 39% | ROCE 35% | Promoter 54% holding,None identified,3-4 years,Medium-High,"yfinance, screener.in",80,47,,2026-07-15,2026-06-01,44,0.0,6,3.0
MARKSANS,Marksans Pharma Limited,Healthcare,Drug Manufacturers - General,12344.0,Mid-Cap,MonthlyStage2,Breaking Out,1.0,24,10-EMA=190 | 30-EMA=185 | Above by 17.4% | MA turning=Yes,MonthlyDoubleBottom+MonthlyStage2,Uptrend,True,True,Constructive,True,Stage2,6,Uptrend,Uptrend,217.3,185.07,156.89,184.71,370.86,365.83,504.12,432.39,68.4,29.8,29.58,20.18,4.08,1.78,19.51,32.0,47.36,266.0,3,strong_buy,15.2,18.8,-3.0,20.0,-0.37,14.16,8.84,12.5,16.8,16.49,9.66,16.59,11.94,63.6,0.15,highly inconsistent earnings,0.11,,5.17,,70.35,0.57,43.87,0.0,,16.76,8.63,6.57,0.66,281.6,155.0,22.8,40.2,-8.89,118.23,1.56,1.09,5,22.0,27.0,7.0,4.0,60.0,ACCUMULATE ⭐⭐⭐,Expected ~30% CAGR (2yr) | Revenue CAGR 17% | Low D/E 0.11 | Piotroski F=5 (above average quality) | FII buying +8.6% ↑ | DII buying +0.7% ↑,None identified,3-4 years,Medium-High,"yfinance, screener.in",100,287,,2026-07-15,2026-06-01,44,0.0,6,2.0
SHAILY,Shaily Engineering Plastics Limited,Basic Materials,Specialty Chemicals,12729.0,Mid-Cap,None,,0.0,0,,,Sideways-Above-MA,True,False,Constructive,False,Stage2,1,Uptrend,Uptrend,2725.7,,,2316.84,1326.21,2754.62,3803.48,2245.93,1.1,0.5,75.18,35.55,17.75,1.08,45.98,7.0,100.0,3517.67,6,strong_buy,26.9,29.3,6.0,28.0,3.3,17.15,13.87,25.92,17.75,,82.8,69.35,,40.5,0.4,lumpy earner,0.25,,1.25,,-11.78,-0.09,43.39,0.0,,16.73,4.72,10.61,-3.03,3233.9,1535.9,15.7,77.5,23.12,674.76,,-0.11,5,39.0,9.0,6.0,6.0,60.0,ACCUMULATE ⭐⭐⭐,Expected ~0% CAGR (2yr) | Revenue CAGR 18% | Profit CAGR 69% | ROE 27% | ROCE 29% | ROCE trend rising ↑,High PE 75,3-4 years,Medium-High,"yfinance, screener.in",100,52,,2026-07-15,2026-06-01,44,3.4,6,-10.0
COLPAL,Colgate-Palmolive (India) Limited,Consumer Defensive,Household & Personal Products,55822.0,Large-Cap,MonthlyDoubleBottom,Forming,0.511,17,Sep 17mo | Mid rally 59% | Asymmetry 8%,,Downtrend,False,False,Below-MAs,False,Stage2,15,Uptrend,Uptrend,2052.4,1418.08,861.94,1744.54,3951.69,4300.31,8120.42,5664.75,109.5,44.8,42.2,34.87,35.24,0.97,29.34,234.0,-17.67,2253.65,26,hold,158.0,179.0,31.8,22.0,1.4,21.96,33.6,15.43,14.93,,51.39,43.35,,-0.5,0.4,lumpy earner,0.03,,1.28,,1530.03,2.74,51.0,0.0,,13.6,-1.58,15.25,1.75,2504.0,1782.0,18.0,15.2,-10.13,-14.26,0.22,0.51,6,40.0,9.63,9.0,1.0,59.6,WATCH ⭐⭐,Expected ~45% CAGR (2yr) | Profit CAGR 43% | ROE 158% | ROCE 179% | ROCE trend rising ↑ | Nearly debt-free,Earnings due 2026-07-22 | Pattern still forming (not broken out),3-4 years,Medium-High,"yfinance, screener.in",100,289,2026-07-22,2026-07-15,2026-06-01,44,-6.2,6,-3.0
DPABHUSHAN,D. P. Abhushan Limited,Consumer Cyclical,Luxury Goods,2725.0,Small-Cap,MonthlyDoubleBottom,Forming,0.47,7,Sep 7mo | Mid rally 55% | Asymmetry 8%,MonthlyDoubleBottom+MonthlyStage2,Sideways,False,True,Below-MAs,True,Stage2,3,Uptrend,Uptrend,1193.7,1927.0,1189.25,1129.79,11317.14,22985.11,46682.76,22985.11,1825.5,338.8,12.85,,4.3,0.12,9.85,0.0,0.0,,0,none,34.5,24.4,2.0,4.0,0.0,5.21,18.54,42.22,,,51.85,,,101.2,1.0,steady compounder (low CV),0.48,,2.14,,-154.9,-5.68,74.89,0.01,,0.32,0.1,0.0,0.0,1729.6,866.1,31.0,37.8,-23.11,136.09,2.4,-0.49,4,36.0,11.64,12.0,0.0,59.6,WATCH ⭐⭐,Expected ~339% CAGR (2yr) | Revenue CAGR 86% | Profit CAGR 103% | ROE 34% | ROCE 24% | ROCE trend rising ↑,Pattern still forming (not broken out),3-4 years,Medium-High,"yfinance, screener.in",80,106,,2026-07-15,2026-06-01,44,34.2,6,3.0
ARIES,Aries Agro Limited,Basic Materials,Agricultural Inputs,448.0,Micro-Cap,MonthlyDoubleBottom,Forming,1.0,38,Sep 38mo | Mid rally 244% | Asymmetry 6%,,Sideways,False,False,Below-MAs,False,Stage2,1,Uptrend,Uptrend,344.15,269.12,76.07,292.53,981.52,1354.01,1867.85,1354.01,293.4,98.4,10.45,,1.34,0.28,6.02,35.0,14.47,,0,none,13.7,21.2,1.46,12.0,-0.4,5.79,6.69,21.06,16.85,14.6,27.27,37.95,21.29,,0.15,highly inconsistent earnings,0.17,,1.69,,-7.01,-1.57,52.66,0.0,,3.13,-0.12,0.02,0.02,459.9,285.35,25.2,20.6,-13.56,61.69,0.1,-0.06,5,27.0,19.5,13.0,0.0,59.5,WATCH ⭐⭐,Expected ~98% CAGR (2yr) | Revenue CAGR 17% | Profit CAGR 38% | ROCE 21% | ROCE trend rising ↑ | Low D/E 0.17,Pattern still forming (not broken out),3-4 years,Medium-High,"yfinance, screener.in",100,223,,2026-07-15,2026-06-01,44,-3.4,6,1.0
BANKINDIA,Bank of India Limited,Financial Services,Banks - Regional,65968.0,Large-Cap,MonthlyDoubleBottom,Forming,1.0,29,Sep 29mo | Mid rally 186% | Asymmetry 7%,MonthlyCupHandle+MonthlyDoubleBottom,Sideways,False,False,Below-MAs,True,Stage2,12,Uptrend,Uptrend,144.9,190.57,64.34,123.17,713.97,659.29,1379.46,992.42,355.0,113.3,6.09,5.66,0.73,0.16,,336.0,32.48,159.6,5,hold,12.4,5.93,,45.0,,31.89,0.92,6.04,16.41,13.1,7.93,39.0,37.72,18.7,0.4,lumpy earner,,,,,,,73.38,0.0,,6.87,-0.39,13.96,0.0,178.36,108.81,18.8,33.2,32.28,53.27,0.43,0.76,2,22.0,19.5,11.0,7.0,59.5,WATCH ⭐⭐,Expected ~113% CAGR (2yr) | Revenue CAGR 16% | Profit CAGR 39% | Promoter 73% holding | OPM 45% | Dividend growing 32%/yr,Pattern still forming (not broken out),3-4 years,Medium-High,"yfinance, screener.in",80,289,,2026-07-15,2026-06-01,44,4.5,6,3.0
CGPOWER,CG Power and Industrial Solutions Limited,Industrials,Electrical Equipment & Parts,144363.0,Large-Cap,MonthlyStage2,Stage Change,1.0,24,10-EMA=801 | 30-EMA=672 | Above by 36.4% | MA turning=Yes,MonthlyDoubleBottom+MonthlyStage2,Uptrend,True,False,Uptrend,True,Stage2,4,Uptrend,Uptrend,916.6,672.19,570.2,779.11,238.49,774.18,276.01,256.56,,,119.04,65.64,18.11,15.7,90.5,14.0,-4.66,889.68,19,buy,20.5,26.7,1.89,13.0,1.37,9.71,8.92,25.32,21.21,33.18,23.23,7.58,-1.3,34.4,0.15,highly inconsistent earnings,0.01,,1.91,,-19.68,-0.01,56.36,0.0,,12.03,0.01,18.01,0.49,980.9,525.5,6.6,74.4,33.21,89.28,0.8,0.41,6,26.0,26.5,-1.0,8.0,59.5,WATCH ⭐⭐,Revenue CAGR 21% | ROE 20% | ROCE 27% | ROCE trend rising ↑ | Nearly debt-free | Promoter 56% holding,High PE 119 | Earnings due 2026-07-23,3-4 years,Medium-High,"yfinance, screener.in",100,289,2026-07-23,2026-07-15,2026-06-01,44,11.9,3,-1.0
GLAND,Gland Pharma Limited,Healthcare,Drug Manufacturers - Specialty & Generic,40900.0,Large-Cap,MonthlyStage2,Stage Change,1.0,24,10-EMA=2070 | 30-EMA=1907 | Above by 30.0% | MA turning=Yes,MonthlyDoubleBottom+MonthlyStage2,Uptrend,True,True,Tight-Above-MAs,True,Stage2,6,Uptrend,Uptrend,2479.4,1906.6,1387.08,2107.49,2712.17,2697.27,3255.52,2971.45,8.8,4.3,39.84,27.19,3.94,4.17,23.13,81.0,-10.0,2286.0,14,buy,10.7,15.1,-3.0,25.0,-2.91,15.97,6.35,14.51,21.06,13.18,46.92,9.56,0.59,96.6,0.15,highly inconsistent earnings,0.03,,4.68,,504.15,1.23,51.83,0.0,,7.29,-0.29,33.36,0.37,2573.5,1573.6,3.7,57.6,34.62,19.46,0.78,0.48,5,19.0,28.5,2.0,10.0,59.5,WATCH ⭐⭐,Expected ~4% CAGR (2yr) | Revenue CAGR 21% | Nearly debt-free | Promoter 52% holding | Margin compressing ↓ ⚠️ | Piotroski F=5 (above average quality),Margin compression ↓ | Earnings due 2026-08-05,3-4 years,Medium-High,"yfinance, screener.in",100,69,2026-08-05,2026-07-15,2026-06-01,44,10.1,6,0.5
GUFICBIO,Gufic Biosciences Limited,Healthcare,Drug Manufacturers - Specialty & Generic,3935.0,Small-Cap,MonthlyStage2,Stage Change,1.0,24,10-EMA=348 | 30-EMA=336 | Above by 19.1% | MA turning=Yes,MonthlyDoubleBottom+MonthlyStage2,Uptrend,True,True,Tight-Above-MAs,True,Stage2,6,Uptrend,Uptrend,399.95,335.7,273.8,339.96,969.52,2744.71,7770.26,2744.71,586.3,162.0,61.31,,5.93,0.33,28.21,3.0,0.0,,0,none,10.1,12.3,-1.0,16.0,-1.5,6.8,6.0,15.12,,,-8.57,,,183.6,0.4,lumpy earner,0.61,,1.55,,-33.97,-0.86,72.5,0.0,,0.42,-0.02,3.83,0.09,448.0,268.0,10.7,49.2,9.92,3.65,0.88,-0.04,4,20.0,28.5,8.0,3.0,59.5,WATCH ⭐⭐,Expected ~162% CAGR (2yr) | Revenue CAGR 23% | Profit CAGR 183% | Promoter 72% holding | Margin compressing ↓ ⚠️ | PEG 0.33 — deeply undervalued,High PE 61 | Margin compression ↓,3-4 years,Medium-High,"yfinance, screener.in",80,262,,2026-07-15,2026-06-15,30,7.7,4,5.5
HUHTAMAKI,Huhtamaki India Limited,Consumer Cyclical,Packaging & Containers,1594.0,Small-Cap,MonthlyDoubleBottom,Forming,1.0,48,Sep 48mo | Mid rally 207% | Asymmetry 4%,MonthlyDoubleBottom+MonthlyStage2,Sideways-Above-MA,True,True,Constructive,True,Stage2,3,Uptrend,Uptrend,220.23,442.79,141.24,187.2,799.83,922.52,1064.04,922.52,318.9,104.7,13.55,10.77,1.23,0.88,7.11,96.0,0.0,265.0,1,strong_buy,13.0,17.6,0.0,11.0,0.3,4.75,,6.92,26.11,,12.66,15.34,,-2.1,0.75,consistent growth,0.11,,,,,,67.73,0.0,,1.34,0.22,1.14,0.02,272.65,148.6,19.2,48.2,4.15,-38.94,0.37,-0.09,2,24.0,22.5,11.0,2.0,59.5,WATCH ⭐⭐,Expected ~105% CAGR (2yr) | Revenue CAGR 26% | Low D/E 0.11 | Promoter 68% holding | EPS: consistent growth | PEG 0.88 — undervalued,Pattern still forming (not broken out),3-4 years,Medium-High,"yfinance, screener.in",80,289,,2026-07-15,2026-06-01,44,34.5,6,11.0
J&KBANK,Jammu and Kashmir Bank Limited,Financial Services,Banks - Regional,21214.0,Mid-Cap,MonthlyDoubleBottom,Forming,1.0,14,Sep 14mo | Mid rally 109% | Asymmetry 6%,,Uptrend,True,False,Uptrend,True,Stage2,12,Uptrend,Uptrend,183.31,46.14,21.49,155.81,554.53,698.48,879.81,698.48,281.0,95.2,8.99,8.27,1.29,0.35,,112.0,64.5,198.0,1,none,15.4,5.84,,23.3,,34.68,1.32,4.86,12.02,10.15,13.35,25.96,40.7,,0.15,highly inconsistent earnings,,,,,,,59.4,0.0,,8.35,0.21,6.0,0.16,201.75,97.35,9.1,88.3,90.05,88.21,0.82,0.48,2,15.0,25.5,9.0,10.0,59.5,WATCH ⭐⭐,Expected ~95% CAGR (2yr) | Profit CAGR 26% | Promoter 59% holding | Dividend growing 64%/yr | PEG 0.35 — deeply undervalued | MonthlyDoubleBottom forming (14mo base),Pattern still forming (not broken out),3-4 years,Medium-High,"yfinance, screener.in",80,288,,2026-07-15,2026-06-01,44,37.5,6,1.0
MARINE,Marine Electricals (India) Limited,Industrials,Electrical Equipment & Parts,3432.0,Small-Cap,MonthlyStage2,Stage Change,1.0,24,10-EMA=204 | 30-EMA=177 | Above by 25.4% | MA turning=Yes,MonthlyDoubleBottom+MonthlyStage2,Sideways-Above-MA,True,False,Constructive,True,Stage2,4,Uptrend,Uptrend,222.05,177.13,147.48,188.74,197.42,298.9,452.53,298.9,34.6,16.0,61.3,,7.29,1.19,37.52,12.0,9.0,,0,none,13.2,18.2,1.23,11.0,-0.03,6.66,6.17,14.34,25.56,28.43,55.26,51.4,33.34,38.1,0.4,lumpy earner,0.18,,2.12,,-39.23,-1.14,68.2,-0.34,,0.59,-0.06,0.34,0.22,297.9,150.86,25.5,47.2,11.91,331.09,0.63,1.06,4,30.0,22.5,3.0,4.0,59.5,WATCH ⭐⭐,Expected ~16% CAGR (2yr) | Revenue CAGR 26% | Profit CAGR 51% | ROCE trend rising ↑ | Low D/E 0.18 | Promoter 68% holding,High PE 61,3-4 years,Medium-High,"yfinance, screener.in",100,92,,2026-07-15,2026-06-01,44,0.0,6,-3.0
MOLDTKPAC,Mold-Tek Packaging Limited,Consumer Cyclical,Packaging & Containers,2224.0,Small-Cap,MonthlyDoubleBottom,Forming,1.0,44,Sep 44mo | Mid rally 161% | Asymmetry 6%,MonthlyDoubleBottom+MonthlyStage2,Sideways-Above-MA,True,False,Constructive,True,Stage2,3,Uptrend,Uptrend,681.8,1088.22,406.02,579.53,1352.49,1770.42,2146.88,1704.01,159.7,61.1,30.48,19.51,3.22,1.17,14.1,60.0,-30.66,814.89,9,strong_buy,17.8,22.2,0.09,19.0,0.49,8.22,7.09,31.73,15.93,15.96,33.33,25.99,21.67,26.9,0.75,consistent growth,0.32,,1.49,,-63.1,-2.84,33.19,0.12,,9.69,-0.67,20.95,0.83,892.9,464.9,23.6,46.7,5.54,-54.23,3.4,0.52,5,26.0,22.5,10.0,1.0,59.5,WATCH ⭐⭐,Expected ~61% CAGR (2yr) | Revenue CAGR 16% | Profit CAGR 26% | ROCE 22% | ROCE trend rising ↑ | EPS: consistent growth,Pattern still forming (not broken out),3-4 years,Medium-High,"yfinance, screener.in",100,136,,2026-07-15,2026-06-01,44,0.0,6,-1.0
WINDLAS,Windlas Biotech Limited,Healthcare,Drug Manufacturers - Specialty & Generic,1713.0,Small-Cap,MonthlyAscTriangle,Forming,1.0,16,3 resistance tests | Support rise 256% | Resistance flat 8.2%,MonthlyAscTriangle+MonthlyCupHandle+MonthlyDoubleBottom+MonthlyStage2,Uptrend,True,False,Uptrend,True,Stage2,6,Uptrend,Uptrend,846.4,1132.84,195.75,719.44,1562.26,2069.93,2078.69,1802.07,144.6,56.4,26.67,,3.26,1.74,14.58,76.0,18.34,,0,none,12.2,15.9,-0.14,12.0,-0.06,7.35,5.55,18.95,20.79,16.13,8.2,15.35,32.77,-1.8,0.15,highly inconsistent earnings,0.06,,1.95,,29.78,1.74,63.31,1.41,,0.99,0.39,10.2,-1.6,1097.9,697.4,22.9,21.4,-14.32,106.06,0.36,0.27,5,27.0,25.5,6.0,1.0,59.5,WATCH ⭐⭐,Expected ~56% CAGR (2yr) | Revenue CAGR 21% | Nearly debt-free | Promoter 63% holding | Promoters buying ↑ | Piotroski F=5 (above average quality),Pattern still forming (not broken out),3-4 years,Medium-High,"yfinance, screener.in",100,60,,2026-07-15,2026-06-01,44,10.3,6,7.5
MBAPL,Madhya Bharat Agro Products Limited,Basic Materials,Agricultural Inputs,5751.0,Small-Cap,MonthlyDoubleBottom,Forming,0.328,17,Sep 17mo | Mid rally 39% | Asymmetry 6%,,Uptrend,True,False,Uptrend,True,Stage2,1,Uptrend,Uptrend,530.85,342.81,239.72,451.22,1253.75,5245.7,21948.02,5245.7,888.2,214.4,38.27,,2.09,0.12,27.77,8.0,25.99,,0,none,31.5,,,9.2,,8.02,9.61,35.2,,,318.4,,,319.3,0.5,insufficient history,1.57,,1.44,,-595.6,-10.36,74.76,0.0,,0.46,0.27,,,133.4,74.63,-297.9,611.3,35.3,57.21,0.62,-0.04,2,23.0,17.44,9.0,10.0,59.4,WATCH ⭐⭐,Expected ~214% CAGR (2yr) | Revenue CAGR 35% | Profit CAGR 318% | ROE 32% | Promoter 75% holding | Dividend growing 26%/yr,High D/E 1.6 | Pattern still forming (not broken out),3-4 years,Medium-High,"yfinance, screener.in",70,117,,2026-07-15,2026-06-01,44,0.0,6,4.0
MEDPLUS,MedPlus Health Services Limited,Healthcare,Pharmaceutical Retailers,9920.0,Mid-Cap,MonthlyStage2,Stage Change,0.993,24,10-EMA=848 | 30-EMA=813 | Above by 14.9% | MA turning=Yes,MonthlyDoubleBottom+MonthlyStage2,Uptrend,True,False,Uptrend,True,Stage2,6,Uptrend,Uptrend,934.65,813.47,666.85,794.45,1777.25,2214.81,4771.94,2912.21,137.0,53.9,45.24,32.34,5.02,0.71,26.59,0.0,,1168.71,7,strong_buy,11.8,12.6,0.06,9.0,0.37,3.19,5.56,12.32,14.78,17.56,46.67,63.86,28.42,24.6,0.15,highly inconsistent earnings,0.72,,3.0,,271.58,2.74,40.22,-0.07,,15.53,-1.3,27.82,1.24,1022.2,732.0,8.6,27.7,11.05,-2.1,0.38,0.44,7,21.0,26.42,9.0,3.0,59.4,WATCH ⭐⭐,Expected ~54% CAGR (2yr) | Profit CAGR 64% | ROCE trend rising ↑ | Piotroski F=7 (high quality compounder) | DII buying +1.2% ↑ | PEG 0.71 — undervalued,None identified,3-4 years,Medium-High,"yfinance, screener.in",100,54,,2026-07-15,2026-06-01,44,0.0,6,0.0
INDHOTEL,The Indian Hotels Company Limited,Consumer Cyclical,Lodging,107085.0,Large-Cap,MonthlyStage2,Stage Change,0.955,24,10-EMA=694 | 30-EMA=650 | Above by 14.3% | MA turning=Yes,MonthlyDoubleBottom+MonthlyStage2,Uptrend,True,False,Constructive,True,Stage2,3,Uptrend,Uptrend,743.5,650.32,570.95,631.98,921.5,1030.92,1527.3,1186.34,38.7,17.8,51.28,41.01,8.2,1.78,32.24,43.0,48.12,797.79,29,buy,14.2,17.1,4.71,33.0,9.74,20.92,9.42,16.24,18.59,43.81,10.26,28.74,49.99,14.9,0.2,multiple loss years in history,0.19,,2.5,,1306.16,1.22,38.12,0.0,,23.23,-1.86,22.58,1.92,811.95,565.0,8.4,31.6,-1.07,51.97,0.4,-0.16,7,29.0,24.96,3.0,2.0,59.0,WATCH ⭐⭐,Expected ~18% CAGR (2yr) | Revenue CAGR 19% | Profit CAGR 29% | ROCE trend rising ↑ | Low D/E 0.19 | OPM 33%,High PE 51 | Earnings due 2026-07-16,3-4 years,Medium-High,"yfinance, screener.in",100,289,2026-07-16,2026-07-15,2026-06-01,44,13.9,6,9.1
ALKEM,Alkem Laboratories Limited,Healthcare,Drug Manufacturers - Specialty & Generic,67787.0,Large-Cap,MonthlyDoubleBottom,Forming,0.452,24,Sep 24mo | Mid rally 52% | Asymmetry 7%,MonthlyDoubleBottom+MonthlyFlatBase,Sideways-Above-MA,True,True,Constructive,True,Stage2,6,Uptrend,Uptrend,5669.5,2269.93,1443.69,4819.07,13125.87,12833.59,23099.8,17412.78,126.4,50.5,29.41,25.06,4.91,0.9,21.76,35.0,-4.9,5964.8,20,buy,18.9,21.2,0.2,20.0,-0.17,15.65,8.5,13.47,8.25,10.66,6.14,32.66,7.76,-22.7,0.15,highly inconsistent earnings,0.14,,2.55,,1374.31,2.03,49.7,-1.5,,10.42,0.27,22.64,1.25,5933.5,4738.5,4.4,19.6,8.84,34.23,0.49,0.27,5,29.0,15.92,9.0,5.0,58.9,WATCH ⭐⭐,Expected ~50% CAGR (2yr) | Profit CAGR 33% | ROCE 21% | ROCE trend rising ↑ | Low D/E 0.14 | Piotroski F=5 (above average quality),Earnings due 2026-08-12 | Pattern still forming (not broken out),3-4 years,Medium-High,"yfinance, screener.in",100,128,2026-08-12,2026-07-15,2026-06-01,44,3.6,6,2.0
EPL,EPL Limited,Consumer Cyclical,Packaging & Containers,7609.0,Small-Cap,MonthlyStage2,Stage Change,0.869,24,10-EMA=219 | 30-EMA=210 | Above by 13.0% | MA turning=Yes,MonthlyCupHandle+MonthlyDoubleBottom+MonthlyStage2,Uptrend,True,False,Tight-Above-MAs,True,Stage2,3,Uptrend,Uptrend,237.56,210.16,184.8,201.93,648.95,582.07,926.4,775.36,145.0,56.5,19.57,13.49,2.66,1.0,8.28,210.0,5.16,292.14,7,strong_buy,15.8,17.8,0.57,20.0,0.31,8.16,8.76,13.05,8.84,9.03,8.24,19.48,10.06,-10.0,0.15,highly inconsistent earnings,0.34,,1.56,,59.91,0.79,26.38,0.0,,17.22,-0.35,10.2,0.65,246.86,176.4,3.8,34.7,9.08,3.39,0.45,0.38,6,17.0,26.93,10.0,5.0,58.9,WATCH ⭐⭐,Expected ~56% CAGR (2yr) | ROCE trend rising ↑ | Piotroski F=6 (above average quality) | DII buying +0.7% ↑ | PEG 1.00 — fair value | EV/EBITDA 8× below sector (25×),None identified,3-4 years,Medium-High,"yfinance, screener.in",100,289,,2026-07-15,2026-06-01,44,9.4,6,10.1
ALEMBICLTD,Alembic Limited,Real Estate,Real Estate - Development,2310.0,Small-Cap,MonthlyDoubleBottom,Forming,1.0,33,Sep 33mo | Mid rally 6454% | Asymmetry 1%,,Sideways,False,False,Below-MAs,False,Stage2,3,Uptrend,Uptrend,89.97,168.13,2.55,76.47,500.49,592.58,701.62,592.58,558.6,156.6,7.28,1.81,0.95,0.4,24.59,267.0,10.06,,0,none,13.3,6.28,1.0,38.0,5.46,132.25,1.92,8.11,23.63,26.53,1.93,18.4,-1.56,-1.9,0.15,highly inconsistent earnings,0.0,,1.95,,22.95,0.99,70.88,0.0,,1.25,-0.04,0.05,0.0,122.4,70.46,26.5,27.7,-8.59,-7.66,0.29,0.63,7,29.0,19.5,10.0,0.0,58.5,WATCH ⭐⭐,Expected ~157% CAGR (2yr) | Revenue CAGR 24% | ROCE trend rising ↑ | Nearly debt-free | Promoter 71% holding | OPM 38%,Pattern still forming (not broken out),3-4 years,Medium-High,"yfinance, screener.in",100,289,,2026-07-15,2026-06-01,44,0.1,6,-1.0
BOSCHLTD,Bosch Limited,Consumer Cyclical,Auto Parts,123338.0,Large-Cap,MonthlyStage2,Stage Change,1.0,24,10-EMA=37026 | 30-EMA=32773 | Above by 27.6% | MA turning=Yes,MonthlyDoubleBottom+MonthlyStage2,Uptrend,True,False,Tight-Above-MAs,True,Stage2,3,Uptrend,Uptrend,41815.0,32773.46,26188.55,35542.75,55676.24,59412.57,86743.77,69495.09,42.1,19.2,44.44,40.6,8.31,1.79,44.14,65.0,34.59,44288.8,5,strong_buy,14.6,21.5,1.77,13.0,0.26,13.84,6.73,10.77,10.3,15.57,37.62,24.82,41.9,3.0,0.15,highly inconsistent earnings,0.01,,1.96,,-2037.69,-1.65,70.54,0.0,,7.22,-0.12,15.05,0.15,42565.0,28610.0,1.8,46.2,5.54,105.23,0.44,0.64,6,23.0,28.5,2.0,5.0,58.5,WATCH ⭐⭐,Expected ~19% CAGR (2yr) | Profit CAGR 25% | ROCE 22% | ROCE trend rising ↑ | Nearly debt-free | Promoter 71% holding,Earnings due 2026-08-03,3-4 years,Medium-High,"yfinance, screener.in",100,289,2026-08-03,2026-07-15,2026-06-01,44,12.6,6,4.0
EIMCOELECO,Eimco Elecon (India) Limited,Industrials,Farm & Heavy Construction Machinery,1006.0,Small-Cap,MonthlyDoubleBottom,Forming,1.0,40,Sep 40mo | Mid rally 251% | Asymmetry 5%,MonthlyDoubleBottom+MonthlyStage2,Uptrend,True,True,Constructive,True,Stage2,4,Uptrend,Uptrend,1744.6,592.92,164.95,1482.91,3773.33,5753.58,8773.05,5753.58,229.8,81.6,25.38,18.36,2.15,0.48,,23.0,-7.17,2106.0,1,strong_buy,10.4,13.2,0.8,18.0,1.4,16.33,,31.79,21.86,4.27,95.0,52.48,11.14,6.2,0.15,highly inconsistent earnings,0.01,,,,,,48.96,0.0,,3.25,0.15,0.98,-0.07,2588.0,1405.5,32.6,24.1,-21.4,76.86,0.93,,3,25.0,25.5,8.0,0.0,58.5,WATCH ⭐⭐,Expected ~82% CAGR (2yr) | Revenue CAGR 22% | Profit CAGR 52% | ROCE trend rising ↑ | Nearly debt-free | PEG 0.48 — deeply undervalued,Pattern still forming (not broken out),3-4 years,Medium-High,"yfinance, screener.in",80,289,,2026-07-15,2026-06-01,44,9.8,6,8.0
GOLDIAM,Goldiam International Limited,Consumer Cyclical,Luxury Goods,5691.0,Small-Cap,MonthlyStage2,Stage Change,1.0,24,10-EMA=356 | 30-EMA=315 | Above by 20.2% | MA turning=Yes,MonthlyCupHandle+MonthlyDoubleBottom+MonthlyStage2,Downtrend,False,False,Below-MAs,False,Stage2,3,Uptrend,Uptrend,378.0,314.56,268.65,321.3,688.87,869.63,1097.82,869.63,130.1,51.7,33.33,,5.15,1.27,25.91,74.0,-4.93,,0,none,18.5,23.9,0.49,21.0,0.43,17.46,10.51,25.1,22.38,19.2,46.15,26.24,20.61,61.2,0.15,highly inconsistent earnings,0.07,,5.94,,-58.54,-1.03,58.51,0.0,,1.99,1.36,0.78,-0.17,380.59,198.75,0.7,90.2,6.01,181.33,1.09,0.93,6,31.0,16.5,6.0,5.0,58.5,WATCH ⭐⭐,Expected ~52% CAGR (2yr) | Revenue CAGR 22% | Profit CAGR 26% | ROCE 24% | ROCE trend rising ↑ | Nearly debt-free,None identified,3-4 years,Medium-High,"yfinance, screener.in",100,252,,2026-07-15,2026-06-01,44,-0.5,6,-15.0
INDIAGLYCO,India Glycols Limited,Basic Materials,Chemicals,7157.0,Small-Cap,MonthlyDoubleBottom,Forming,1.0,41,Sep 41mo | Mid rally 459% | Asymmetry 8%,,Uptrend,True,False,Uptrend,True,Stage2,1,Uptrend,Uptrend,1158.7,216.52,37.22,984.89,1373.24,1752.39,2236.23,1752.39,51.2,23.0,23.26,,2.44,0.84,13.55,117.0,25.99,,0,none,11.3,12.4,0.63,15.0,0.74,6.95,4.86,11.76,16.68,12.69,26.84,27.61,17.29,35.7,0.15,highly inconsistent earnings,0.58,,0.74,,-315.34,-4.41,59.63,0.0,,2.27,-0.15,5.19,-0.03,1222.0,792.5,5.2,46.2,44.89,190.74,0.53,0.26,5,18.0,26.5,6.0,8.0,58.5,WATCH ⭐⭐,Expected ~23% CAGR (2yr) | Revenue CAGR 17% | Profit CAGR 28% | ROCE trend rising ↑ | Promoter 60% holding | Piotroski F=5 (above average quality),Pattern still forming (not broken out),3-4 years,Medium-High,"yfinance, screener.in",100,288,,2026-07-15,2026-06-01,44,16.1,6,6.0
IZMO,IZMO Limited,Technology,Software - Application,1511.0,Small-Cap,MonthlyDoubleBottom,Forming,1.0,12,Sep 12mo | Mid rally 177% | Asymmetry 4%,,Uptrend,True,False,Uptrend,True,Downtrend,0,Uptrend,Uptrend,1111.5,649.45,229.7,944.77,1579.96,2115.4,2832.32,2115.4,90.3,38.0,31.65,,3.69,0.93,29.13,0.0,-68.75,,0,none,12.4,12.6,0.29,18.0,-0.89,16.7,4.64,26.67,22.77,19.7,-2.04,33.89,12.2,151.1,0.15,highly inconsistent earnings,0.04,,2.62,,-42.29,-2.8,34.79,-0.02,,3.27,0.01,0.49,-0.02,1374.7,350.05,19.1,217.5,66.46,431.14,0.22,0.45,5,22.0,24.5,6.0,6.0,58.5,WATCH ⭐⭐,Expected ~38% CAGR (2yr) | Revenue CAGR 23% | Profit CAGR 34% | ROCE trend rising ↑ | Nearly debt-free | Margin compressing ↓ ⚠️,Margin compression ↓ | Pattern still forming (not broken out),3-4 years,Medium-High,"yfinance, screener.in",100,234,,2026-07-15,2026-06-01,44,66.9,6,7.0
LUMAXIND,Lumax Industries Limited,Consumer Cyclical,Auto Parts,5030.0,Small-Cap,MonthlyDoubleBottom,Forming,1.0,33,Sep 33mo | Mid rally 107% | Asymmetry 0%,,Uptrend,True,False,Uptrend,True,Stage2,3,Uptrend,Uptrend,5257.5,1697.5,819.49,4468.88,9482.18,11249.66,13346.6,11249.66,114.0,46.3,29.15,16.58,5.48,1.56,14.75,102.0,37.38,6809.0,2,strong_buy,22.0,17.7,1.8,10.0,0.43,4.12,5.03,23.06,21.72,24.02,22.86,18.64,57.05,23.0,0.15,highly inconsistent earnings,1.06,,0.76,,-17.12,-0.34,75.0,0.0,,1.63,0.25,6.07,0.36,6934.5,3272.0,24.2,60.7,54.12,134.02,0.37,0.83,5,19.0,26.5,6.0,7.0,58.5,WATCH ⭐⭐,Expected ~46% CAGR (2yr) | Revenue CAGR 22% | ROE 22% | ROCE trend rising ↑ | Promoter 75% holding | Piotroski F=5 (above average quality),High D/E 1.1 | Pattern still forming (not broken out),3-4 years,Medium-High,"yfinance, screener.in",100,287,,2026-07-15,2026-06-01,44,0.0,6,1.0
STYRENIX,Styrenix Performance Materials Limited,Basic Materials,Chemicals,3997.0,Small-Cap,MonthlyDoubleBottom,Forming,1.0,31,Sep 31mo | Mid rally 179% | Asymmetry 8%,MonthlyDoubleBottom+MonthlyStage2,Uptrend,True,False,Tight-Above-MAs,True,Stage2,1,Uptrend,Uptrend,2310.0,543.85,186.84,1963.5,4862.28,10344.98,22009.99,10344.98,347.8,111.6,21.83,16.86,2.92,0.19,12.77,237.0,-43.27,2964.0,1,strong_buy,14.6,15.1,-12.0,10.0,1.8,5.32,6.0,15.29,19.61,,-22.13,112.76,,30.8,0.15,highly inconsistent earnings,0.4,,2.29,,0.6,0.01,46.24,0.0,,0.95,-0.27,17.33,1.58,3251.0,1780.0,28.9,29.8,-10.66,107.64,0.23,0.45,6,22.0,28.5,8.0,0.0,58.5,WATCH ⭐⭐,Expected ~112% CAGR (2yr) | Revenue CAGR 20% | Profit CAGR 113% | Piotroski F=6 (above average quality) | DII buying +1.6% ↑ | PEG 0.19 — deeply undervalued,Pattern still forming (not broken out),3-4 years,Medium-High,"yfinance, screener.in",100,288,,2026-07-15,2026-06-01,44,1.8,6,3.0
WELENT,Welspun Enterprises Limited,Industrials,Engineering & Construction,8327.0,Mid-Cap,MonthlyStage2,Stage Change,1.0,24,10-EMA=535 | 30-EMA=468 | Above by 33.9% | MA turning=Yes,MonthlyCupHandle+MonthlyDoubleBottom+MonthlyStage2,Uptrend,True,True,Tight-Above-MAs,True,Stage2,4,Uptrend,Uptrend,627.1,468.44,415.06,533.03,669.49,669.49,669.49,669.49,6.8,3.3,23.42,16.68,2.7,,11.64,49.0,-29.33,,0,none,14.1,16.8,2.49,21.0,1.94,9.68,6.51,0.86,9.44,18.76,11.02,-18.5,24.76,53.0,0.15,highly inconsistent earnings,0.61,,1.96,,635.45,7.63,56.13,0.0,,3.47,-0.29,9.32,0.07,633.7,412.0,1.0,52.2,34.97,102.41,0.84,0.4,5,16.0,28.5,4.0,10.0,58.5,WATCH ⭐⭐,Expected ~3% CAGR (2yr) | Declining profits (-18% CAGR) ⚠️ | ROCE trend rising ↑ | Promoter 56% holding | FCF yield 7.6% | Piotroski F=5 (above average quality),None identified,3-4 years,Medium-High,"yfinance, screener.in",100,261,,2026-07-15,2026-06-01,44,27.1,6,13.0
HINDZINC,Hindustan Zinc Limited,Basic Materials,Other Industrial Metals & Mining,226879.0,Large-Cap,MonthlyCupHandle,Forming,0.909,24,Cup 24mo | Depth 32% | Prior gain 63% | R²=0.95,MonthlyCupHandle+MonthlyDoubleBottom,Downtrend,False,False,Below-MAs,False,Stage2,1,Uptrend,Uptrend,534.05,665.61,449.98,453.94,770.98,881.24,925.78,844.84,65.0,28.5,16.4,12.24,10.03,1.71,10.05,397.0,-40.42,660.27,15,buy,76.6,69.5,7.7,54.0,-0.17,35.12,30.08,19.84,6.2,12.54,33.6,9.58,11.63,67.6,0.15,highly inconsistent earnings,0.39,,1.47,,10509.13,4.63,60.71,-1.13,,2.39,0.85,4.84,0.16,733.0,413.5,27.1,29.2,30.61,61.8,0.18,0.67,4,31.0,15.41,6.0,6.0,58.4,WATCH ⭐⭐,Expected ~28% CAGR (2yr) | ROE 77% | ROCE 70% | ROCE trend rising ↑ | Promoter 61% holding | OPM 54%,Earnings due 2026-07-17 | Pattern still forming (not broken out),3-4 years,Medium-High,"yfinance, screener.in",100,288,2026-07-17,2026-07-15,2026-06-01,44,-15.6,6,-8.5
PGHL,Procter & Gamble Health Limited,Healthcare,Drug Manufacturers - Specialty & Generic,11352.0,Mid-Cap,MonthlyStage2,Stage Change,0.318,24,10-EMA=5273 | 30-EMA=5097 | Above by 4.8% | MA turning=Yes,MonthlyDoubleBottom+MonthlyStage2,Sideways,False,False,Below-MAs,True,Stage2,6,Uptrend,Uptrend,5340.5,5097.17,4739.86,4539.43,12483.49,19299.48,29837.0,19299.48,261.4,90.1,34.72,25.56,21.64,0.64,24.47,136.0,18.98,7535.0,1,none,61.59,,,34.94,,23.22,33.1,19.1,,,54.6,,,54.6,0.5,insufficient history,0.02,,2.18,,292.48,2.58,51.82,0.0,,6.33,0.13,12.44,-1.23,6941.0,4707.0,23.1,13.5,1.93,-9.25,0.6,0.23,5,36.0,11.32,6.0,5.0,58.3,WATCH ⭐⭐,Expected ~90% CAGR (2yr) | Revenue CAGR 19% | Profit CAGR 55% | ROE 62% | Nearly debt-free | Promoter 52% holding,None identified,3-4 years,Medium-High,"yfinance, screener.in",70,287,,2026-07-15,2026-06-01,44,0.0,6,0.0
ADFFOODS,ADF Foods Limited,Consumer Defensive,Packaged Foods,3515.0,Small-Cap,MonthlyStage2,Breaking Out,1.0,24,10-EMA=254 | 30-EMA=232 | Above by 38.0% | MA turning=Yes,MonthlyCupHandle+MonthlyDoubleBottom+MonthlyStage2,Uptrend,True,False,Tight-Above-MAs,True,Stage2,15,Uptrend,Uptrend,319.9,231.85,167.18,271.91,417.92,489.51,573.36,489.51,53.0,23.7,39.06,,6.14,2.28,26.64,38.0,14.47,266.0,1,none,17.8,22.8,-0.66,19.0,0.29,13.16,9.9,15.76,14.92,13.04,30.43,17.13,12.47,57.6,0.15,highly inconsistent earnings,0.1,,3.84,,-30.62,-0.87,36.14,0.0,,11.55,0.24,23.21,0.1,346.95,153.1,7.8,108.9,56.95,25.75,4.28,0.52,5,17.0,30.0,3.0,8.0,58.0,WATCH ⭐⭐,Expected ~24% CAGR (2yr) | ROCE 23% | Nearly debt-free | Piotroski F=5 (above average quality) | Dividend growing 14%/yr | EV/EBITDA 27× vs sector 30×,None identified,3-4 years,Medium-High,"yfinance, screener.in",100,191,,2026-07-15,2026-06-01,44,18.9,6,4.5
AXISBANK,Axis Bank Limited,Financial Services,Banks - Regional,411792.0,Large-Cap,MonthlyDoubleBottom,Forming,1.0,20,Sep 20mo | Mid rally 100% | Asymmetry 0%,MonthlyDoubleBottom+MonthlyStage2,Uptrend,True,False,Tight-Above-MAs,True,Stage2,12,Uptrend,Uptrend,1323.7,292.75,145.82,1125.14,2452.89,2615.05,4435.37,3298.41,97.6,40.6,15.67,11.08,1.91,0.45,,8.0,0.0,1590.0,39,strong_buy,13.1,6.24,,39.29,,35.39,1.47,4.05,14.87,15.53,-5.83,34.47,29.63,1.7,0.15,highly inconsistent earnings,,,,,,,8.14,-0.01,,42.04,-0.54,43.35,0.7,1418.3,1042.5,6.7,27.0,27.55,10.47,0.3,0.42,2,14.0,28.0,10.0,6.0,58.0,WATCH ⭐⭐,Expected ~41% CAGR (2yr) | Profit CAGR 34% | OPM 39% | DII buying +0.7% ↑ | PEG 0.45 — deeply undervalued | MonthlyDoubleBottom forming (20mo base),Earnings due 2026-07-18 | Pattern still forming (not broken out),3-4 years,Medium-High,"yfinance, screener.in",80,333,2026-07-18,2026-07-15,2026-06-01,44,6.9,6,4.0
NETWEB,Netweb Technologies India Limited,Technology,Computer Hardware,24513.0,Mid-Cap,None,,0.0,0,,,Uptrend,True,False,Tight-Above-MAs,True,Downtrend,0,Uptrend,Uptrend,3746.4,,,3184.44,1737.19,3582.39,4689.44,2854.2,,,119.05,59.24,33.8,1.85,85.75,6.0,25.0,4674.67,3,strong_buy,32.83,,,11.99,,9.43,10.75,86.6,,,64.3,,,64.2,0.5,insufficient history,0.39,,1.44,,112.21,0.46,66.98,-4.02,,9.29,-0.26,4.68,1.38,5244.0,1812.5,28.6,106.7,111.0,,,1.74,4,34.0,14.0,3.0,7.0,58.0,WATCH ⭐⭐,Revenue CAGR 87% | Profit CAGR 64% | ROE 33% | Promoter 67% holding | DII buying +1.4% ↑ | Dividend growing 25%/yr,High PE 119,3-4 years,Medium-High,"yfinance, screener.in",70,35,,2026-07-15,2026-07-15,0,,1,
SAMHI,SAMHI Hotels Limited,Consumer Cyclical,Lodging,3845.0,Small-Cap,MonthlyDoubleBottom,Forming,1.0,11,Sep 11mo | Mid rally 105% | Asymmetry 5%,MonthlyDoubleBottom+MonthlyStage2,Sideways-Above-MA,True,False,Constructive,True,Stage2,3,Uptrend,Uptrend,177.3,254.5,121.1,150.71,8530.14,27709.11,248370.43,46028.62,15528.4,1150.1,6.73,14.05,2.52,0.02,16.82,0.0,,229.83,6,strong_buy,24.8,8.92,3.51,35.0,13.49,40.31,4.69,10.44,19.08,48.99,559.3,,,671.1,0.2,multiple loss years in history,0.81,,0.81,,-99.3,-2.58,,,,44.28,0.14,16.39,-1.68,254.5,127.0,30.3,39.6,-15.22,,0.2,0.85,5,22.0,21.0,15.0,0.0,58.0,WATCH ⭐⭐,Expected ~1150% CAGR (2yr) | Revenue CAGR 19% | Profit CAGR 440% | ROE 25% | ROCE trend rising ↑ | OPM 35%,Pattern still forming (not broken out),3-4 years,Medium-High,"yfinance, screener.in",80,35,,2026-07-15,2026-06-01,44,23.7,6,1.0
JYOTHYLAB,Jyothy Labs Limited,Consumer Defensive,Household & Personal Products,7364.0,Small-Cap,MonthlyDoubleBottom,Breakout Ready,0.463,6,Sep 6mo | Mid rally 50% | Asymmetry 3%,,Downtrend,False,False,Below-MAs,False,Stage2,15,Uptrend,Uptrend,213.5,86.18,56.71,181.47,655.22,628.5,1150.66,868.29,194.4,71.6,22.13,18.58,4.64,0.68,15.31,175.0,5.27,268.82,11,buy,19.0,24.6,2.4,18.0,0.57,11.32,11.63,3.26,9.04,10.72,0.27,32.52,17.82,-12.4,0.15,highly inconsistent earnings,0.03,,2.68,,265.71,3.61,62.89,0.0,,12.35,-0.42,14.62,-0.52,359.8,188.1,40.7,13.5,-29.97,-20.62,1.31,0.4,6,33.0,11.56,13.0,0.0,57.6,WATCH ⭐⭐,Expected ~72% CAGR (2yr) | Profit CAGR 33% | ROCE 25% | ROCE trend rising ↑ | Nearly debt-free | Promoter 63% holding,None identified,3-4 years,Medium-High,"yfinance, screener.in",100,222,,2026-07-15,2026-06-01,44,0.0,6,-1.0
GLOBAL,Global Education Limited,Consumer Defensive,Education & Training Services,520.0,Small-Cap,MonthlyStage2,Stage Change,1.0,24,10-EMA=93 | 30-EMA=80 | Above by 28.3% | MA turning=Yes,MonthlyCupHandle+MonthlyDoubleBottom+MonthlyStage2,Sideways-Above-MA,True,False,Constructive,False,Stage2,15,Uptrend,Uptrend,102.18,79.65,41.17,86.85,201.27,209.66,218.41,209.66,105.2,43.2,19.61,,4.22,4.7,16.4,98.0,-5.9,,0,none,22.0,29.2,-0.4,38.0,0.06,26.15,13.29,30.56,14.88,29.31,-7.14,4.17,26.58,93.7,0.15,highly inconsistent earnings,,,3.75,,33.18,6.38,72.73,0.0,,0.03,-0.37,0.08,0.02,121.9,55.3,16.2,84.8,55.45,16.7,0.15,-0.72,5,24.0,22.5,4.0,7.0,57.5,WATCH ⭐⭐,Expected ~43% CAGR (2yr) | ROE 22% | ROCE 29% | Promoter 73% holding | OPM 38% | FCF yield 6.4%,None identified,3-4 years,Medium-High,"yfinance, screener.in",90,113,,2026-07-15,2026-06-01,44,-0.5,6,-6.0
IEX,Indian Energy Exchange Limited,Financial Services,Capital Markets,10640.0,Mid-Cap,MonthlyDoubleBottom,Forming,1.0,33,Sep 33mo | Mid rally 112% | Asymmetry 4%,,Downtrend,False,False,Below-MAs,False,Stage2,12,Uptrend,Uptrend,119.51,233.91,108.28,102.87,140.13,359.54,192.58,164.27,200.8,73.4,21.6,18.97,7.85,1.25,13.69,334.0,51.83,141.27,11,hold,39.4,51.4,-1.2,84.0,0.71,65.99,16.95,14.71,15.38,14.14,14.92,17.23,19.18,10.8,0.15,highly inconsistent earnings,0.01,,2.0,,799.84,7.52,,,,14.16,2.74,30.26,-4.69,209.99,114.6,43.1,4.3,-11.22,-25.12,0.18,0.31,5,35.0,16.5,6.0,0.0,57.5,WATCH ⭐⭐,Expected ~73% CAGR (2yr) | Revenue CAGR 15% | ROE 39% | ROCE 51% | Nearly debt-free | OPM 84%,Earnings due 2026-04-23 | Pattern still forming (not broken out),3-4 years,Medium-High,"yfinance, screener.in",90,106,2026-04-23,2026-07-15,2026-06-01,44,-4.8,6,-2.0
INNOVACAP,Innova Captab Limited,Healthcare,Drug Manufacturers - Specialty & Generic,5662.0,Small-Cap,MonthlyStage2,Stage Change,1.0,24,10-EMA=844 | 30-EMA=772 | Above by 30.5% | MA turning=Yes,MonthlyCupHandle+MonthlyDoubleBottom+MonthlyStage2,Uptrend,True,False,Tight-Above-MAs,True,Stage2,6,Uptrend,Uptrend,1008.0,772.33,655.96,856.8,1560.33,1989.74,2537.31,1989.74,97.4,40.5,40.17,22.03,5.19,1.46,25.73,40.0,,1078.5,2,strong_buy,13.7,15.0,-3.37,15.0,0.6,8.64,6.83,31.03,20.74,31.73,10.16,27.52,32.91,28.8,0.15,highly inconsistent earnings,0.32,,1.87,,-26.78,-0.47,50.9,0.0,,0.34,0.11,19.92,-0.22,1033.8,622.0,2.5,62.1,12.98,,0.43,-0.05,5,19.0,28.5,4.0,6.0,57.5,WATCH ⭐⭐,Expected ~40% CAGR (2yr) | Revenue CAGR 21% | Profit CAGR 28% | Promoter 51% holding | Piotroski F=5 (above average quality) | PEG 1.46 — fair value,None identified,3-4 years,Medium-High,"yfinance, screener.in",100,32,,2026-07-15,2026-06-01,44,15.4,6,8.0
PREMEXPLN,Premier Explosives Limited,Basic Materials,Specialty Chemicals,3698.0,Small-Cap,MonthlyStage2,Stage Change,1.0,24,10-EMA=513 | 30-EMA=449 | Above by 16.8% | MA turning=Yes,MonthlyCupHandle+MonthlyDoubleBottom+MonthlyStage2,Sideways-Above-MA,True,False,Constructive,True,Stage2,1,Uptrend,Uptrend,524.75,449.18,333.32,446.04,263.42,565.04,924.2,493.41,7.7,3.8,80.6,43.51,12.83,0.92,95.3,7.0,18.56,710.0,1,none,18.6,22.6,4.63,10.0,1.37,11.8,3.33,-6.95,24.31,20.61,58.62,87.31,33.13,76.1,0.15,highly inconsistent earnings,0.11,,1.65,,-51.95,-1.4,41.33,0.0,,1.18,0.27,9.17,-0.06,829.8,378.4,36.8,38.7,0.77,481.7,0.29,1.15,5,28.0,22.5,5.0,2.0,57.5,WATCH ⭐⭐,Expected ~4% CAGR (2yr) | Revenue CAGR 24% | Profit CAGR 87% | ROCE 23% | ROCE trend rising ↑ | Low D/E 0.11,High PE 81,3-4 years,Medium-High,"yfinance, screener.in",100,120,,2026-07-15,2026-06-01,44,0.0,6,-3.0
REMSONSIND,Remsons Industries Limited,Consumer Cyclical,Auto Parts,283.0,Micro-Cap,MonthlyDoubleBottom,Forming,1.0,15,Sep 15mo | Mid rally 598% | Asymmetry 8%,,Downtrend,False,False,Below-MAs,False,Stage2,3,Uptrend,Uptrend,99.14,25.13,3.46,84.27,473.24,652.83,900.59,652.83,558.5,156.6,15.6,,1.89,0.41,7.35,62.0,-12.64,,0,none,13.5,15.5,0.5,11.0,1.31,3.85,5.91,24.4,14.43,15.72,23.53,37.95,39.33,14.7,0.75,consistent growth,0.63,,1.31,,17.53,6.19,65.53,-0.71,,2.33,-1.06,1.22,0.09,152.45,77.15,35.0,28.5,-20.04,93.36,0.44,1.1,6,30.0,15.5,12.0,0.0,57.5,WATCH ⭐⭐,Expected ~157% CAGR (2yr) | Profit CAGR 38% | ROCE trend rising ↑ | Promoter 66% holding | FCF yield 6.2% | EPS: consistent growth,Pattern still forming (not broken out),3-4 years,Medium-High,"yfinance, screener.in",100,287,,2026-07-15,2026-06-01,44,0.0,6,-1.0
TAJGVK,TAJGVK Hotels & Resorts Limited,Consumer Cyclical,Lodging,2331.0,Small-Cap,MonthlyDoubleBottom,Forming,1.0,42,Sep 42mo | Mid rally 115% | Asymmetry 0%,MonthlyDoubleBottom+MonthlyStage2,Sideways,False,False,Below-MAs,True,Stage2,3,Uptrend,Uptrend,360.0,126.81,58.83,306.0,6223.08,10203.98,16731.47,10203.98,2734.4,432.4,5.69,128.17,2.28,0.09,17.49,55.0,60.0,,0,none,18.4,13.2,3.4,30.0,5.29,80.69,6.59,12.89,9.78,40.14,250.43,63.97,71.05,818.6,0.15,highly inconsistent earnings,0.09,,1.26,,-64.46,-2.77,71.0,0.0,,0.41,0.09,4.08,0.06,512.65,281.35,29.8,28.0,-10.63,25.44,0.41,0.24,4,26.0,19.5,12.0,0.0,57.5,WATCH ⭐⭐,Expected ~432% CAGR (2yr) | Profit CAGR 64% | ROCE trend rising ↑ | Nearly debt-free | Promoter 71% holding | OPM 30%,Pattern still forming (not broken out),3-4 years,Medium-High,"yfinance, screener.in",100,288,,2026-07-15,2026-06-01,44,16.6,6,0.0
UNIONBANK,Union Bank of India,Financial Services,Banks - Regional,125580.0,Large-Cap,MonthlyDoubleBottom,Forming,1.0,33,Sep 33mo | Mid rally 152% | Asymmetry 0%,MonthlyCupHandle+MonthlyDoubleBottom,Sideways-Above-MA,True,False,Constructive,True,Stage2,12,Uptrend,Uptrend,172.47,166.52,65.95,146.6,758.84,677.05,1315.6,999.16,292.6,98.1,6.46,6.37,0.94,0.2,,304.0,18.56,193.88,16,buy,15.7,6.3,,-887.68,,39.67,1.25,0.19,9.58,9.03,7.78,31.67,46.67,,0.4,lumpy earner,,,,,,,74.76,0.0,,9.37,1.23,11.51,-0.4,205.49,124.64,16.1,38.4,39.08,87.34,0.51,0.89,1,17.0,22.5,11.0,7.0,57.5,WATCH ⭐⭐,Expected ~98% CAGR (2yr) | Profit CAGR 32% | Promoter 75% holding | FII buying +1.2% ↑ | Dividend growing 19%/yr | PEG 0.20 — deeply undervalued,Earnings due 2026-07-15 | Pattern still forming (not broken out),3-4 years,Medium-High,"yfinance, screener.in",80,287,2026-07-15,2026-07-15,2026-06-01,44,8.5,6,3.0
AMRUTANJAN,Amrutanjan Health Care Limited,Healthcare,Drug Manufacturers - Specialty & Generic,1555.0,Small-Cap,MonthlyDoubleBottom,Breakout Ready,1.0,15,Sep 15mo | Mid rally 127% | Asymmetry 8%,,Downtrend,False,False,Below-MAs,False,Stage2,6,Uptrend,Uptrend,538.2,533.98,225.81,457.47,1257.01,1609.73,2061.42,1609.73,199.1,72.9,26.88,,4.2,0.96,20.26,104.0,-39.87,,0,none,20.0,31.4,3.43,18.0,0.97,11.53,8.3,12.03,10.55,11.87,40.0,28.06,16.0,6.7,0.15,highly inconsistent earnings,0.01,,2.31,,13.0,0.84,46.52,0.0,,2.17,-0.1,12.66,-0.34,790.95,486.0,32.0,10.7,-20.85,-36.37,2.18,0.37,7,31.0,18.0,8.0,0.0,57.0,WATCH ⭐⭐,Expected ~73% CAGR (2yr) | Profit CAGR 28% | ROCE 31% | ROCE trend rising ↑ | Nearly debt-free | Piotroski F=7 (high quality compounder),None identified,3-4 years,Medium-High,"yfinance, screener.in",100,201,,2026-07-15,2026-06-01,44,-3.4,6,-3.0
SANSERA,Sansera Engineering Limited,Consumer Cyclical,Auto Parts,20618.0,Mid-Cap,MonthlyDoubleBottom,Forming,0.794,13,Sep 13mo | Mid rally 88% | Asymmetry 8%,,Uptrend,True,False,Tight-Above-MAs,True,Stage2,3,Uptrend,Uptrend,3284.2,1751.11,896.77,2791.57,3366.18,3833.28,5710.75,4384.46,16.7,8.0,63.7,38.85,6.66,2.11,32.86,10.0,17.57,3006.5,10,buy,11.5,14.1,0.11,18.0,0.03,9.27,6.47,15.94,14.37,17.69,50.69,30.25,24.35,104.8,0.4,lumpy earner,0.19,,1.75,,-211.33,-1.02,29.21,-0.89,,21.52,2.73,31.04,-4.34,3339.0,1216.3,1.6,170.0,160.01,220.94,0.46,0.77,6,22.0,25.03,0.0,10.0,57.0,WATCH ⭐⭐,Expected ~8% CAGR (2yr) | Profit CAGR 30% | ROCE trend rising ↑ | Low D/E 0.19 | Piotroski F=6 (above average quality) | FII buying +2.7% ↑,High PE 64 | Pattern still forming (not broken out),3-4 years,Medium-High,"yfinance, screener.in",100,59,,2026-07-15,2026-06-01,44,37.0,6,-1.0
APTUS,Aptus Value Housing Finance India Limited,Financial Services,Mortgage Finance,14212.0,Mid-Cap,MonthlyDoubleBottom,Forming,0.867,45,Sep 45mo | Mid rally 95% | Asymmetry 9%,,Uptrend,True,False,Tight-Above-MAs,True,Stage2,12,Uptrend,Uptrend,283.8,389.74,191.24,241.23,501.8,588.24,763.01,618.77,107.3,44.0,15.06,10.94,2.8,0.65,,179.0,7.72,351.56,16,strong_buy,20.1,15.4,,78.61,,61.41,7.76,25.26,26.11,27.92,25.57,23.31,28.71,26.1,1.0,steady compounder (low CV),1.56,,183.59,,,,23.86,0.0,,30.34,-2.85,29.43,2.14,364.0,193.03,22.0,47.0,-8.29,-15.52,0.23,0.69,3,21.0,26.9,8.0,1.0,56.9,WATCH ⭐⭐,Expected ~44% CAGR (2yr) | Revenue CAGR 26% | Profit CAGR 23% | ROE 20% | OPM 79% | EPS: steady compounder (low CV),High D/E 1.6 | Pattern still forming (not broken out),3-4 years,Medium-High,"yfinance, screener.in",90,60,,2026-07-15,2026-06-01,44,11.5,6,9.0
KINGFA,Kingfa Science & Technology (India) Limited,Basic Materials,Specialty Chemicals,6974.0,Small-Cap,MonthlyDoubleBottom,Forming,0.482,10,Sep 10mo | Mid rally 51% | Asymmetry 3%,,Uptrend,True,False,Tight-Above-MAs,True,Stage2,1,Uptrend,Uptrend,5225.4,812.66,529.48,4441.59,3988.27,5033.2,6351.9,5033.2,,,35.71,,4.98,1.36,23.86,,100.0,,0,none,17.41,,,14.75,,9.28,10.61,23.2,,,26.2,,,41.2,0.5,insufficient history,0.01,,4.06,,-101.63,-1.46,67.02,0.0,,7.76,0.02,8.85,0.1,5699.4,3184.9,8.3,64.1,59.17,132.74,0.74,0.63,4,25.0,20.78,3.0,8.0,56.8,WATCH ⭐⭐,Revenue CAGR 23% | Profit CAGR 26% | Nearly debt-free | Promoter 67% holding | Dividend growing 100%/yr | PEG 1.36 — fair value,Pattern still forming (not broken out),3-4 years,Medium-High,"yfinance, screener.in",70,197,,2026-07-15,2026-06-01,44,0.0,6,11.0
NAVINFLUOR,Navin Fluorine International Limited,Basic Materials,Chemicals,39552.0,Large-Cap,MonthlyDoubleBottom,Forming,0.472,19,Sep 19mo | Mid rally 47% | Asymmetry 0%,,Uptrend,True,True,Tight-Above-MAs,True,Stage2,1,Uptrend,Uptrend,7075.5,4902.73,3318.97,6014.18,3124.65,6486.49,4573.29,3780.21,,,59.17,41.05,9.94,2.82,36.49,20.0,-16.93,7435.82,28,buy,20.3,21.4,-1.0,33.0,0.71,20.02,10.4,41.08,16.85,22.96,129.76,20.98,20.81,123.9,0.15,highly inconsistent earnings,0.32,,2.61,,56.74,0.14,27.1,-0.01,,23.78,0.04,27.61,-0.48,7810.0,4498.5,9.4,57.3,54.88,35.96,0.6,0.25,6,25.0,21.66,0.0,10.0,56.7,WATCH ⭐⭐,Revenue CAGR 17% | Profit CAGR 21% | ROE 20% | ROCE 21% | OPM 33% | Piotroski F=6 (above average quality),High PE 59 | Earnings due 2026-07-30 | Pattern still forming (not broken out),3-4 years,Medium-High,"yfinance, screener.in",100,228,2026-07-30,2026-07-15,2026-06-01,44,0.0,6,2.0
AARVI,Aarvi Encon Limited,Industrials,Staffing & Employment Services,230.0,Micro-Cap,MonthlyStage2,Stage Change,1.0,24,10-EMA=134 | 30-EMA=126 | Above by 23.3% | MA turning=Yes,MonthlyDoubleBottom+MonthlyStage2,Uptrend,True,True,Tight-Above-MAs,True,Stage2,4,Uptrend,Uptrend,155.24,125.95,100.16,131.95,352.21,374.29,397.76,374.29,141.1,55.3,13.18,,1.62,2.1,10.54,136.0,10.06,,0,none,13.4,14.4,-0.29,3.0,-0.49,2.71,5.81,27.45,14.15,26.33,80.0,6.27,12.47,55.7,0.15,highly inconsistent earnings,0.19,,2.04,,9.65,4.2,73.53,0.0,,,-0.01,,,168.4,96.99,7.8,60.1,23.76,-0.49,0.78,-0.11,5,18.0,28.5,4.0,6.0,56.5,WATCH ⭐⭐,Expected ~55% CAGR (2yr) | Low D/E 0.19 | Promoter 74% holding | FCF yield 4.2% | Piotroski F=5 (above average quality) | Dividend growing 10%/yr,None identified,3-4 years,Medium-High,"yfinance, screener.in",100,106,,2026-07-15,2026-06-15,30,4.7,4,-2.0
BHARATFORG,Bharat Forge Limited,Consumer Cyclical,Auto Parts,101211.0,Large-Cap,MonthlyStage2,Stage Change,1.0,24,10-EMA=1791 | 30-EMA=1463 | Above by 44.7% | MA turning=Yes,MonthlyCupHandle+MonthlyDoubleBottom+MonthlyStage2,Uptrend,True,False,Tight-Above-MAs,True,Stage2,3,Uptrend,Uptrend,2117.0,1462.64,1008.31,1799.45,1431.37,1916.97,2379.73,1845.61,,,94.34,42.94,10.57,3.26,36.36,40.0,15.62,1861.91,22,hold,12.5,13.1,1.66,17.0,0.57,6.42,5.77,11.17,9.2,21.55,19.28,28.94,25.56,-17.5,0.15,highly inconsistent earnings,0.77,,1.17,,723.22,0.71,44.07,0.0,,14.15,1.75,32.62,-1.46,2238.0,1100.5,5.4,92.4,92.41,74.89,0.25,0.53,5,20.0,28.5,0.0,8.0,56.5,WATCH ⭐⭐,Profit CAGR 29% | ROCE trend rising ↑ | Piotroski F=5 (above average quality) | FII buying +1.8% ↑ | Dividend growing 16%/yr | MonthlyStage2 forming (24mo base),High PE 94 | Earnings due 2026-08-05,3-4 years,Medium-High,"yfinance, screener.in",100,367,2026-08-05,2026-07-15,2026-06-01,44,14.0,6,-1.0
DATAMATICS,Datamatics Global Services Limited,Technology,Information Technology Services,5322.0,Small-Cap,MonthlyStage2,Stage Change,1.0,24,10-EMA=787 | 30-EMA=699 | Above by 28.9% | MA turning=Yes,MonthlyDoubleBottom+MonthlyStage2,Uptrend,True,False,Uptrend,True,Downtrend,0,Uptrend,Uptrend,900.45,698.57,569.21,765.38,865.9,881.23,896.82,881.23,,,27.39,18.38,3.45,15.48,13.38,58.0,58.74,920.0,1,none,16.4,20.8,0.31,19.0,0.71,9.77,8.15,15.32,10.84,11.58,-5.34,1.77,18.35,-1.4,0.15,highly inconsistent earnings,0.14,,1.99,,409.59,7.7,66.33,0.0,,0.48,-0.05,0.11,-0.02,1120.0,632.0,19.6,42.5,-9.49,37.84,0.53,0.0,6,26.0,25.5,4.0,1.0,56.5,WATCH ⭐⭐,ROCE 21% | ROCE trend rising ↑ | Low D/E 0.14 | Promoter 66% holding | FCF yield 7.7% | Piotroski F=6 (above average quality),None identified,3-4 years,Medium-High,"yfinance, screener.in",100,267,,2026-07-15,2026-06-01,44,21.7,6,5.6
EIHOTEL,EIH Limited,Consumer Cyclical,Lodging,20621.0,Mid-Cap,MonthlyDoubleBottom,Forming,1.0,24,Sep 24mo | Mid rally 191% | Asymmetry 3%,MonthlyDoubleBottom+MonthlyStage2,Sideways,False,False,Below-MAs,True,Stage2,3,Uptrend,Uptrend,329.75,187.68,63.63,280.29,607.65,765.21,963.63,765.21,132.1,52.3,32.78,22.52,3.92,1.26,19.44,45.0,45.0,365.0,1,strong_buy,14.5,20.7,7.03,35.0,18.91,21.37,8.89,7.18,13.35,42.86,-14.68,25.93,34.55,-6.1,0.2,multiple loss years in history,0.05,,2.69,,85.06,0.41,32.85,0.0,,6.62,0.46,13.88,-0.25,434.8,271.15,24.2,21.6,-16.46,8.38,0.24,-0.26,7,29.0,19.5,7.0,1.0,56.5,WATCH ⭐⭐,Expected ~52% CAGR (2yr) | Profit CAGR 26% | ROCE 21% | ROCE trend rising ↑ | Nearly debt-free | OPM 35%,Pattern still forming (not broken out),3-4 years,Medium-High,"yfinance, screener.in",100,367,,2026-07-15,2026-06-01,44,1.1,6,3.0
HAPPYFORGE,HAPPY FORGINGS LIMITED,Industrials,Metal Fabrication,14934.0,Mid-Cap,MonthlyStage2,Stage Change,1.0,24,10-EMA=1310 | 30-EMA=1139 | Above by 40.9% | MA turning=Yes,MonthlyDoubleBottom+MonthlyStage2,Uptrend,True,False,Tight-Above-MAs,True,Stage2,4,Uptrend,Uptrend,1604.6,1139.1,767.47,1363.91,1155.08,1510.73,1476.22,1305.81,,,49.51,31.43,7.02,3.79,31.51,26.0,-25.0,1487.29,7,buy,15.0,18.0,-1.5,30.0,0.63,19.51,9.86,9.72,8.9,21.45,13.11,13.05,28.56,23.4,0.4,lumpy earner,0.15,,2.35,,3.83,0.03,78.46,-0.02,,1.88,0.15,15.54,-0.94,1598.3,862.05,-0.4,86.1,78.9,,0.5,0.81,5,19.0,28.5,-1.0,10.0,56.5,WATCH ⭐⭐,Low D/E 0.15 | Promoter 78% holding | OPM 30% | Piotroski F=5 (above average quality) | MonthlyStage2 forming (24mo base) | Weekly uptrend,None identified,3-4 years,Medium-High,"yfinance, screener.in",100,32,,2026-07-15,2026-06-01,44,17.0,6,4.0
JKIL,J. Kumar Infraprojects Limited,Industrials,Engineering & Construction,3789.0,Small-Cap,MonthlyDoubleBottom,Forming,1.0,30,Sep 30mo | Mid rally 260% | Asymmetry 2%,,Sideways,False,False,Below-MAs,True,Stage2,4,Uptrend,Uptrend,482.75,348.95,96.02,410.34,1719.84,1446.76,2165.08,1929.66,199.7,73.1,9.79,7.16,1.12,0.8,4.49,80.0,10.06,722.4,5,strong_buy,12.4,18.4,1.7,14.0,-0.37,6.75,6.61,0.53,10.84,30.57,-1.02,12.2,32.16,-4.0,0.15,highly inconsistent earnings,0.18,,1.62,,454.64,12.0,46.64,0.0,,11.68,-0.87,15.16,0.0,758.4,425.0,36.3,13.6,-24.98,41.06,0.34,0.24,6,22.0,19.5,15.0,0.0,56.5,WATCH ⭐⭐,Expected ~73% CAGR (2yr) | ROCE trend rising ↑ | Low D/E 0.18 | FCF yield 12.0% | Piotroski F=6 (above average quality) | Dividend growing 10%/yr,Pattern still forming (not broken out),3-4 years,Medium-High,"yfinance, screener.in",100,220,,2026-07-15,2026-06-01,44,0.0,6,0.0
MWL,MANGALAM WORLDWIDE LTD,Basic Materials,Steel,1089.0,Small-Cap,MonthlyDoubleBottom,Forming,0.377,6,Sep 6mo | Mid rally 43% | Asymmetry 5%,,Uptrend,True,True,Tight-Above-MAs,True,Stage2,1,Uptrend,Uptrend,370.2,183.78,125.07,314.67,518.32,728.6,1024.19,728.6,96.8,40.3,21.69,,0.36,0.53,17.62,8.0,-41.52,,0,none,18.0,17.7,0.6,8.0,1.17,4.15,6.44,13.87,23.29,31.93,66.67,40.57,75.54,81.3,0.15,highly inconsistent earnings,1.62,,1.51,,-275.42,-25.3,66.5,0.0,,0.01,0.01,0.0,-0.36,41.95,16.41,-782.5,2156.6,135.11,166.75,0.9,0.55,6,20.0,19.52,9.0,8.0,56.5,WATCH ⭐⭐,Expected ~40% CAGR (2yr) | Revenue CAGR 23% | Profit CAGR 41% | ROCE trend rising ↑ | Promoter 66% holding | Piotroski F=6 (above average quality),High D/E 1.6 | Pattern still forming (not broken out),3-4 years,Medium-High,"yfinance, screener.in",100,47,,2026-07-15,2026-06-01,44,0.0,6,-2.0
PARAGMILK,Parag Milk Foods Limited,Consumer Defensive,Packaged Foods,2931.0,Small-Cap,MonthlyDoubleBottom,Forming,1.0,26,Sep 26mo | Mid rally 106% | Asymmetry 6%,MonthlyDoubleBottom+MonthlyStage2,Sideways,False,False,Below-MAs,True,Stage2,15,Uptrend,Uptrend,214.03,376.95,177.84,181.93,710.47,970.29,1325.13,970.29,353.3,112.9,21.92,14.57,2.3,0.6,11.23,43.0,30.0,275.0,2,strong_buy,12.3,13.5,5.6,7.0,2.46,3.54,6.94,11.25,9.69,15.69,13.45,36.57,7.51,23.0,0.4,lumpy earner,0.48,,1.71,,130.83,4.46,40.65,0.0,,8.77,-0.49,5.25,-0.91,376.95,177.84,43.2,20.3,4.54,23.76,0.34,0.5,6,26.0,19.5,10.0,1.0,56.5,WATCH ⭐⭐,Expected ~113% CAGR (2yr) | Profit CAGR 37% | ROCE trend rising ↑ | FCF yield 4.5% | Piotroski F=6 (above average quality) | Dividend growing 30%/yr,Pattern still forming (not broken out),3-4 years,Medium-High,"yfinance, screener.in",100,121,,2026-07-15,2026-06-01,44,0.0,6,0.0
VSSL,Vardhman Special Steels Limited,Basic Materials,Steel,2672.0,Small-Cap,MonthlyStage2,Stage Change,1.0,24,10-EMA=270 | 30-EMA=250 | Above by 18.4% | MA turning=Yes,MonthlyDoubleBottom+MonthlyStage2,Uptrend,True,False,Uptrend,True,Stage2,1,Uptrend,Uptrend,295.6,249.65,197.72,251.26,442.3,644.88,940.23,644.88,118.2,47.7,21.05,12.39,2.19,0.46,12.2,111.0,19.68,,0,none,12.1,16.5,,8.0,-1.0,6.96,7.94,6.2,,,1.09,,,72.2,0.5,insufficient history,0.07,,2.9,,-167.91,-6.28,51.06,0.0,,0.55,0.0,3.27,-0.07,324.0,206.4,8.8,43.2,18.87,13.89,0.11,0.42,3,18.0,26.5,8.0,4.0,56.5,WATCH ⭐⭐,Expected ~48% CAGR (2yr) | Profit CAGR 46% | Nearly debt-free | Promoter 51% holding | Margin compressing ↓ ⚠️ | Dividend growing 20%/yr,Margin compression ↓,3-4 years,Medium-High,"yfinance, screener.in",80,171,,2026-07-15,2026-06-01,44,5.7,6,5.7
BAJAJHLDNG,Bajaj Holdings & Investment Limited,Financial Services,Asset Management,118572.0,Large-Cap,MonthlyCupHandle,Forming,0.74,12,Cup 12mo | Depth 26% | Prior gain 28% | R²=0.99,MonthlyCupHandle+MonthlyDoubleBottom+MonthlyStage2,Sideways,False,False,Below-MAs,True,Stage2,12,Uptrend,Uptrend,10654.0,14628.72,10768.33,10229.91,23489.49,29491.06,37026.02,29491.06,176.8,66.4,12.3,,1.62,0.48,136.66,150.0,1.86,,0,none,11.9,11.0,0.31,86.0,1.83,857.48,0.73,51.69,29.02,19.66,47.74,25.55,21.79,49.2,0.15,highly inconsistent earnings,0.0,,2.65,,1612.17,1.36,51.46,0.0,,9.62,-0.64,8.08,0.77,14763.0,8588.0,27.8,24.1,-15.26,21.97,0.32,0.13,7,34.0,15.38,7.0,0.0,56.4,WATCH ⭐⭐,Expected ~66% CAGR (2yr) | Revenue CAGR 29% | Profit CAGR 26% | ROCE trend rising ↑ | Nearly debt-free | Promoter 51% holding,Earnings due 2026-07-31 | Pattern still forming (not broken out),3-4 years,Medium-High,"yfinance, screener.in",100,288,2026-07-31,2026-07-15,2026-06-01,44,3.3,6,1.2
ECLERX,eClerx Services Limited,Technology,Information Technology Services,14924.0,Mid-Cap,MonthlyDoubleBottom,Forming,0.785,10,Sep 10mo | Mid rally 81% | Asymmetry 3%,MonthlyDoubleBottom+MonthlyStage2,Sideways,False,True,Below-MAs,True,Downtrend,0,Uptrend,Uptrend,1621.7,1938.02,1056.37,1378.44,2651.0,2819.67,3386.26,2996.16,73.9,31.9,21.79,16.48,5.86,1.67,13.65,3.0,14.47,1806.4,10,buy,29.0,34.8,0.94,26.0,-1.03,17.15,16.0,22.31,15.85,21.36,30.5,13.02,20.06,24.4,0.4,lumpy earner,0.15,,3.4,,488.99,3.28,54.53,0.72,,11.82,0.43,23.95,-1.36,2497.5,1320.0,35.1,22.9,-22.25,74.22,0.7,0.41,6,35.0,14.42,7.0,0.0,56.4,WATCH ⭐⭐,Expected ~32% CAGR (2yr) | Revenue CAGR 16% | ROE 29% | ROCE 35% | ROCE trend rising ↑ | Low D/E 0.15,Margin compression ↓ | Pattern still forming (not broken out),3-4 years,Medium-High,"yfinance, screener.in",100,224,,2026-07-15,2026-06-01,44,4.4,6,2.0
TARIL,TRANS & RECTI. LTD,Industrials,Electrical Equipment & Parts,10348.0,Mid-Cap,MonthlyStage2,Stage Change,0.157,24,10-EMA=340 | 30-EMA=329 | Above by 2.4% | MA turning=Yes,,Uptrend,True,False,Constructive,True,Stage2,4,Uptrend,Uptrend,337.2,329.43,236.15,286.62,576.93,782.43,2004.53,1075.39,132.0,52.3,39.22,27.8,6.68,0.45,26.93,6.0,38.67,343.0,3,hold,19.1,23.3,3.54,15.0,1.74,10.54,9.1,24.39,21.58,27.59,25.93,86.4,102.44,-5.2,0.15,highly inconsistent earnings,0.3,,1.81,,-265.13,-2.56,64.36,0.0,,8.33,1.32,1.77,-2.41,578.5,224.05,41.7,50.5,-30.31,458.67,0.42,-0.33,5,32.0,15.38,9.0,0.0,56.4,WATCH ⭐⭐,Expected ~52% CAGR (2yr) | Revenue CAGR 22% | Profit CAGR 86% | ROCE 23% | ROCE trend rising ↑ | Low D/E 0.30,None identified,3-4 years,Medium-High,"yfinance, screener.in",100,158,,2026-07-15,2026-06-01,44,13.4,6,8.4
CAMS,Computer Age Management Services Limited,Technology,Information Technology Services,19621.0,Mid-Cap,MonthlyStage2,Stage Change,0.736,24,10-EMA=752 | 30-EMA=712 | Above by 11.0% | MA turning=Yes,MonthlyCupHandle+MonthlyDoubleBottom+MonthlyStage2,Sideways-Above-MA,True,False,Constructive,False,Downtrend,0,Uptrend,Uptrend,790.5,711.9,615.56,671.92,760.46,895.22,1064.43,899.7,13.2,6.4,41.32,30.44,14.84,2.26,29.73,161.0,-2.53,888.5,20,buy,36.3,47.0,0.6,45.0,0.37,31.39,21.46,6.61,15.97,16.51,1.51,18.31,18.15,10.9,0.15,highly inconsistent earnings,0.05,,3.43,,384.74,1.96,0.0,0.0,,44.44,-0.21,22.06,0.06,857.8,611.4,7.8,29.3,8.82,49.06,0.33,0.13,7,34.0,18.33,1.0,3.0,56.3,WATCH ⭐⭐,Expected ~6% CAGR (2yr) | Revenue CAGR 16% | ROE 36% | ROCE 47% | ROCE trend rising ↑ | Nearly debt-free,Earnings due 2026-07-30,3-4 years,Medium-High,"yfinance, screener.in",100,70,2026-07-30,2026-07-15,2026-06-01,44,1.4,6,-2.3
TRENT,Trent Limited,Consumer Cyclical,Apparel Retail,154787.0,Large-Cap,MonthlyDoubleBottom,Forming,0.852,10,Sep 10mo | Mid rally 92% | Asymmetry 7%,,Downtrend,False,False,Below-MAs,False,Stage2,3,Uptrend,Uptrend,2872.2,8337.78,4192.37,3982.75,3126.89,12483.19,8355.81,5111.52,334.6,108.5,90.09,58.14,22.16,1.42,56.6,14.0,39.71,3296.73,25,buy,27.7,28.3,6.26,19.0,2.46,8.57,13.71,17.15,34.54,50.58,12.19,63.47,74.62,25.8,0.15,highly inconsistent earnings,0.36,,1.26,,997.66,0.64,37.01,0.0,,15.59,-0.03,22.19,0.82,5674.0,2183.67,49.4,31.5,-44.89,14.7,0.81,0.33,6,39.0,13.22,4.0,0.0,56.2,WATCH ⭐⭐,Expected ~108% CAGR (2yr) | Revenue CAGR 35% | Profit CAGR 63% | ROE 28% | ROCE 28% | ROCE trend rising ↑,High PE 90 | Earnings due 2026-04-22 | Pattern still forming (not broken out),3-4 years,Medium-High,"yfinance, screener.in",100,289,2026-04-22,2026-07-15,2026-06-01,44,-29.4,6,-4.0
FIVESTAR,Five-Star Business Finance Limited,Financial Services,Credit Services,16129.0,Mid-Cap,MonthlyDoubleBottom,Forming,0.876,30,Sep 30mo | Mid rally 89% | Asymmetry 1%,,Sideways-Above-MA,True,False,Constructive,True,Stage2,12,Uptrend,Uptrend,546.4,940.49,494.39,469.67,1801.42,2674.29,9025.09,4032.12,389.4,121.2,14.66,11.04,2.19,0.12,,37.0,,637.56,9,strong_buy,16.0,17.0,,60.44,,48.5,7.27,103.48,104.25,,196.23,123.83,,-3.5,0.4,lumpy earner,1.12,,5.57,,,,18.61,0.05,,48.48,-4.47,17.58,2.84,794.45,338.15,31.2,61.6,1.5,-54.11,0.29,0.63,3,24.0,21.01,10.0,1.0,56.0,WATCH ⭐⭐,Expected ~121% CAGR (2yr) | Revenue CAGR 104% | Profit CAGR 124% | OPM 60% | DII buying +2.8% ↑ | PEG 0.12 — deeply undervalued,High D/E 1.1 | Pattern still forming (not broken out),3-4 years,Medium-High,"yfinance, screener.in",90,45,,2026-07-15,2026-06-01,44,20.5,6,3.0
KRISHANA,Krishana Phoschem Limited,Basic Materials,Agricultural Inputs,4334.0,Small-Cap,None,,0.0,0,,,Uptrend,True,False,Tight-Above-MAs,True,Stage2,1,Uptrend,Uptrend,681.7,,,579.45,1549.74,3922.4,9927.59,3922.4,475.4,139.9,24.05,,7.73,0.16,16.04,7.0,25.99,,0,none,38.15,,,12.84,,7.45,13.08,59.8,,,153.1,,,152.8,0.5,insufficient history,1.31,,1.36,,-370.84,-8.56,72.94,0.68,,0.26,0.06,,,152.3,86.2,-347.6,690.8,44.43,185.63,,0.03,2,26.0,15.0,7.0,8.0,56.0,WATCH ⭐⭐,Expected ~140% CAGR (2yr) | Revenue CAGR 60% | Profit CAGR 153% | ROE 38% | Promoter 73% holding | Dividend growing 26%/yr,High D/E 1.3,3-4 years,Medium-High,"yfinance, screener.in",70,112,,2026-07-15,2026-06-01,44,0.0,6,0.0
SRM,SRM CONTRACTORS LIMITED,Industrials,Engineering & Construction,1149.0,Small-Cap,None,,0.0,0,,,Downtrend,False,False,Below-MAs,False,Stage2,4,Uptrend,Uptrend,492.0,,,418.2,3084.48,5555.15,10004.83,5555.15,1029.1,236.0,10.34,,3.1,0.13,6.78,0.0,,,0,none,34.3,37.1,-0.2,16.0,1.17,10.82,13.52,94.32,50.66,45.01,101.82,80.1,69.22,126.5,0.4,lumpy earner,0.33,,1.59,,-70.78,-6.16,72.59,0.0,,0.43,0.38,1.11,-0.15,649.95,361.35,24.3,36.2,7.23,,,0.52,5,38.0,3.0,13.0,2.0,56.0,WATCH ⭐⭐,Expected ~236% CAGR (2yr) | Revenue CAGR 51% | Profit CAGR 80% | ROE 34% | ROCE 37% | Promoter 73% holding,None identified,3-4 years,Medium-High,"yfinance, screener.in",100,28,,2026-07-15,2026-06-01,44,1.3,6,-5.0
PERSISTENT,Persistent Systems Limited,Technology,Information Technology Services,78958.0,Large-Cap,MonthlyDoubleBottom,Forming,0.563,8,Sep 8mo | Mid rally 66% | Asymmetry 10%,MonthlyDoubleBottom+MonthlyStage2,Sideways,False,False,Below-MAs,True,Downtrend,0,Uptrend,Uptrend,5066.3,347.71,199.89,4306.36,5060.99,5884.98,8100.0,6402.65,16.2,7.8,42.55,28.94,10.09,1.61,29.63,87.0,-4.17,5108.47,34,hold,27.3,34.4,2.17,19.0,0.4,12.65,14.87,23.53,20.87,28.63,33.21,26.51,32.83,33.7,0.75,consistent growth,0.06,,2.43,,1351.13,1.71,30.29,0.0,,22.11,-0.68,30.47,0.67,6599.0,4244.5,23.2,19.4,-7.9,83.6,0.63,0.12,7,40.0,11.76,3.0,1.0,55.8,WATCH ⭐⭐,Expected ~8% CAGR (2yr) | Revenue CAGR 21% | Profit CAGR 27% | ROE 27% | ROCE 34% | ROCE trend rising ↑,Earnings due 2026-07-21 | Pattern still forming (not broken out),3-4 years,Medium-High,"yfinance, screener.in",100,194,2026-07-21,2026-07-15,2026-06-01,44,0.0,6,0.0
TORNTPHARM,Torrent Pharmaceuticals Limited,Healthcare,Drug Manufacturers - Specialty & Generic,165889.0,Large-Cap,MonthlyDoubleBottom,Forming,0.528,15,Sep 15mo | Mid rally 53% | Asymmetry 1%,,Uptrend,True,True,Uptrend,True,Stage2,6,Uptrend,Uptrend,4951.2,786.41,511.58,4208.52,3458.89,4450.17,4960.08,4142.03,,,76.92,52.17,19.78,3.89,41.76,78.0,19.98,4912.38,29,buy,27.4,15.2,0.49,33.0,0.57,15.47,7.25,21.4,13.27,11.8,11.88,19.75,11.3,-21.9,0.15,highly inconsistent earnings,0.85,,1.13,,2601.22,1.57,68.31,0.0,,16.18,0.05,8.96,-0.09,4948.0,3314.2,-0.1,49.4,40.94,150.33,0.57,0.14,6,27.0,19.84,-1.0,10.0,55.8,WATCH ⭐⭐,ROE 27% | ROCE trend rising ↑ | Promoter 68% holding | OPM 33% | Piotroski F=6 (above average quality) | Dividend growing 20%/yr,High PE 77 | Earnings due 2026-07-27 | Pattern still forming (not broken out),3-4 years,Medium-High,"yfinance, screener.in",100,289,2026-07-27,2026-07-15,2026-06-01,44,11.0,6,-3.4
CCL,CCL Products (India) Limited,Consumer Defensive,Packaged Foods,16186.0,Mid-Cap,MonthlyDoubleBottom,Forming,0.645,9,Sep 9mo | Mid rally 66% | Asymmetry 1%,,Uptrend,True,False,Tight-Above-MAs,True,Stage2,15,Uptrend,Uptrend,1214.0,226.87,136.34,1031.9,1308.87,1383.32,1611.5,1452.32,13.9,6.7,41.66,25.81,6.9,3.8,23.3,64.0,-20.63,1279.82,11,buy,18.0,15.8,-0.51,16.0,-1.63,8.69,8.6,43.5,29.11,29.12,25.16,10.96,16.35,12.4,0.15,highly inconsistent earnings,0.56,,1.49,,562.47,3.48,46.11,0.0,,11.24,0.23,21.43,-0.1,1236.2,815.5,1.8,48.9,41.39,78.47,0.27,-0.07,4,19.0,22.74,4.0,10.0,55.7,WATCH ⭐⭐,Expected ~7% CAGR (2yr) | Revenue CAGR 29% | Margin compressing ↓ ⚠️ | FCF yield 3.5% | EV/EBITDA 23× vs sector 30× | MonthlyDoubleBottom forming (9mo base),Margin compression ↓ | Pattern still forming (not broken out),3-4 years,Medium-High,"yfinance, screener.in",100,266,,2026-07-15,2026-06-01,44,11.4,6,7.0
JAGSNPHARM,Jagsonpal Pharmaceuticals Limited,Healthcare,Drug Manufacturers - Specialty & Generic,1532.0,Small-Cap,MonthlyStage2,Stage Change,1.0,24,10-EMA=212 | 30-EMA=196 | Above by 16.2% | MA turning=Yes,MonthlyCupHandle+MonthlyDoubleBottom+MonthlyStage2,Uptrend,True,False,Tight-Above-MAs,True,Stage2,6,Uptrend,Uptrend,228.19,196.33,160.87,193.96,359.16,444.64,550.47,444.64,94.9,39.6,36.89,,5.91,1.55,26.41,108.0,75.0,,0,none,16.7,,,13.77,,15.0,10.22,9.6,,,23.8,,,33.1,0.5,insufficient history,0.03,,5.06,,39.77,2.6,69.36,1.47,,2.46,0.02,0.31,0.09,301.65,155.0,24.4,47.2,-0.53,7.87,0.39,-0.35,4,24.0,28.5,2.0,1.0,55.5,WATCH ⭐⭐,Expected ~40% CAGR (2yr) | Profit CAGR 24% | Nearly debt-free | Promoter 69% holding | Promoters buying ↑ | Dividend growing 75%/yr,None identified,3-4 years,Medium-High,"yfinance, screener.in",70,289,,2026-07-15,2026-06-01,44,15.7,6,10.3
KRISHIVAL,KRISHIVAL FOODS LIMITED,Consumer Defensive,Packaged Foods,1014.0,Small-Cap,MonthlyStage2,Stage Change,1.0,24,10-EMA=357 | 30-EMA=321 | Above by 18.5% | MA turning=Yes,MonthlyDoubleBottom+MonthlyStage2,Sideways,False,False,Below-MAs,True,Stage2,15,Uptrend,Uptrend,379.85,320.55,214.73,322.87,751.97,1101.48,1613.45,1101.48,190.0,70.3,43.09,,4.61,0.93,23.13,6.0,68.69,,0,none,13.1,16.2,1.43,9.0,-0.6,7.34,9.36,45.05,61.16,59.93,57.14,46.48,85.56,3.5,0.4,lumpy earner,0.18,,5.19,,-54.9,-5.42,37.23,0.02,,0.54,-0.36,1.33,1.33,508.0,282.3,25.2,34.6,4.63,5.08,0.23,-0.91,4,25.0,19.5,9.0,2.0,55.5,WATCH ⭐⭐,Expected ~70% CAGR (2yr) | Revenue CAGR 61% | Profit CAGR 46% | ROCE trend rising ↑ | Low D/E 0.18 | Margin compressing ↓ ⚠️,Margin compression ↓,3-4 years,Medium-High,"yfinance, screener.in",100,50,,2026-07-15,2026-06-01,44,0.0,6,0.0
MACPOWER,Macpower CNC Machines Limited,Industrials,Specialty Industrial Machinery,1372.0,Small-Cap,MonthlyStage2,Stage Change,1.0,24,10-EMA=990 | 30-EMA=921 | Above by 22.7% | MA turning=Yes,MonthlyDoubleBottom+MonthlyStage2,Uptrend,True,False,Tight-Above-MAs,True,Stage2,4,Uptrend,Uptrend,1130.1,920.81,744.29,960.58,1101.75,1292.36,1515.93,1292.36,14.4,6.9,40.49,,7.83,2.34,25.35,11.0,14.47,,0,none,21.3,,,14.22,,10.17,12.02,24.8,,,17.3,,,17.2,0.5,insufficient history,0.0,,2.34,,-4.37,-0.32,73.22,0.05,,0.57,-0.54,0.39,-0.13,1470.0,761.0,23.1,48.5,19.48,237.78,0.92,-0.42,4,23.0,28.5,0.0,4.0,55.5,WATCH ⭐⭐,Expected ~7% CAGR (2yr) | Revenue CAGR 25% | ROE 21% | Nearly debt-free | Promoter 73% holding | Dividend growing 14%/yr,None identified,3-4 years,Medium-High,"yfinance, screener.in",70,99,,2026-07-15,2026-06-01,44,0.0,6,-13.0
MEDICO,Medico Remedies Limited,Healthcare,Drug Manufacturers - Specialty & Generic,330.0,Micro-Cap,MonthlyDoubleBottom,Forming,1.0,14,Sep 14mo | Mid rally 122% | Asymmetry 7%,,Sideways,False,False,Below-MAs,True,Stage2,6,Uptrend,Uptrend,44.93,79.83,34.8,38.19,128.11,174.87,238.7,174.87,289.2,97.3,25.13,,4.34,0.69,20.14,,,,0,none,19.02,,,11.18,,6.35,6.38,37.5,,,36.5,,,34.9,0.5,insufficient history,0.25,,1.66,,-8.76,-2.66,61.38,0.0,,0.03,-0.46,0.0,0.0,56.88,30.22,21.0,48.7,15.75,-64.14,0.34,0.6,4,27.0,18.5,8.0,2.0,55.5,WATCH ⭐⭐,Expected ~97% CAGR (2yr) | Revenue CAGR 38% | Profit CAGR 36% | Low D/E 0.25 | Promoter 61% holding | PEG 0.69 — undervalued,Pattern still forming (not broken out),3-4 years,Medium-High,"yfinance, screener.in",70,49,,2026-07-15,2026-06-01,44,0.0,6,-1.0
SIEMENS,Siemens Limited,Industrials,Specialty Industrial Machinery,124518.0,Large-Cap,MonthlyDoubleBottom,Forming,1.0,26,Sep 26mo | Mid rally 210% | Asymmetry 0%,MonthlyCupHandle+MonthlyDoubleBottom+MonthlyStage2,Sideways-Above-MA,True,False,Constructive,False,Stage2,4,Uptrend,Uptrend,3546.1,526.5,169.39,3014.18,2085.39,3033.5,3068.39,2529.58,,,73.53,50.59,8.99,3.45,49.72,39.0,14.47,3789.38,26,hold,16.3,21.2,2.43,11.0,0.43,9.21,,11.72,15.47,20.09,1.32,21.3,29.06,-36.4,0.4,lumpy earner,0.02,,2.57,,,,75.0,0.0,,6.8,-0.05,8.59,0.24,3937.3,2826.0,9.9,25.5,16.65,29.46,0.32,,4,29.0,22.5,0.0,4.0,55.5,WATCH ⭐⭐,Revenue CAGR 15% | Profit CAGR 21% | ROCE 21% | ROCE trend rising ↑ | Nearly debt-free | Promoter 75% holding,High PE 74 | Earnings due 2026-08-06 | Pattern still forming (not broken out),3-4 years,Medium-High,"yfinance, screener.in",80,331,2026-08-06,2026-07-15,2026-06-01,44,-0.1,6,4.0
SPAL,S.P. Apparels Limited,Consumer Cyclical,Apparel Manufacturing,2915.0,Small-Cap,MonthlyStage2,Stage Change,1.0,24,10-EMA=882 | 30-EMA=761 | Above by 52.4% | MA turning=Yes,MonthlyCupHandle+MonthlyDoubleBottom+MonthlyStage2,Uptrend,True,True,Tight-Above-MAs,True,Stage2,3,Uptrend,Uptrend,1159.7,760.96,674.15,985.75,1644.31,1755.46,1874.13,1755.46,51.4,23.0,28.9,16.37,3.08,4.27,14.93,17.0,60.0,1105.5,2,strong_buy,11.2,14.0,0.34,13.0,-0.83,6.39,6.97,13.19,13.46,19.35,6.32,6.76,18.62,-38.8,0.15,highly inconsistent earnings,0.45,,1.32,,74.78,2.56,61.81,-0.12,,1.48,-0.35,16.57,-2.15,1221.9,600.0,5.1,93.3,60.93,84.35,0.85,-0.14,5,15.0,28.5,4.0,8.0,55.5,WATCH ⭐⭐,Expected ~23% CAGR (2yr) | ROCE trend rising ↑ | Promoter 62% holding | Margin compressing ↓ ⚠️ | Piotroski F=5 (above average quality) | Dividend growing 60%/yr,Margin compression ↓,3-4 years,Medium-High,"yfinance, screener.in",100,120,,2026-07-15,2026-06-01,44,48.0,6,7.4
TIMETECHNO,Time Technoplast Limited,Consumer Cyclical,Packaging & Containers,9100.0,Mid-Cap,MonthlyDoubleBottom,Forming,1.0,27,Sep 27mo | Mid rally 198% | Asymmetry 4%,MonthlyDoubleBottom+MonthlyStage2,Sideways-Above-MA,True,True,Constructive,True,Stage2,3,Uptrend,Uptrend,188.23,107.47,35.27,160.0,647.27,832.72,1071.29,832.72,342.4,110.3,18.45,13.17,2.23,0.64,10.36,68.0,35.72,280.0,1,none,13.4,16.7,1.66,15.0,0.31,7.67,8.94,11.87,12.49,15.23,21.07,28.65,35.1,20.4,0.4,lumpy earner,0.18,,3.63,,-487.52,-5.36,47.57,0.06,,10.88,-0.78,17.37,0.67,249.15,154.0,24.5,22.2,-16.25,132.41,0.63,0.3,6,23.0,22.5,10.0,0.0,55.5,WATCH ⭐⭐,Expected ~110% CAGR (2yr) | Profit CAGR 29% | ROCE trend rising ↑ | Low D/E 0.18 | Piotroski F=6 (above average quality) | DII buying +0.7% ↑,Pattern still forming (not broken out),3-4 years,Medium-High,"yfinance, screener.in",100,230,,2026-07-15,2026-06-01,44,9.0,6,6.0
ZENSARTECH,Zensar Technologies Limited,Technology,Information Technology Services,11525.0,Mid-Cap,MonthlyDoubleBottom,Forming,1.0,46,Sep 46mo | Mid rally 195% | Asymmetry 7%,,Sideways,False,False,Below-MAs,True,Downtrend,0,Uptrend,Uptrend,518.6,548.62,179.94,440.81,1538.85,1460.69,2729.85,2049.59,181.7,67.8,15.08,13.16,2.44,0.45,16.42,295.0,-21.7,577.33,12,buy,18.1,23.5,0.71,16.0,-0.09,7.27,,7.69,5.46,8.51,19.23,33.19,20.35,19.4,0.15,highly inconsistent earnings,0.02,,,,,,49.01,0.0,,10.51,-1.29,23.66,0.54,868.95,423.0,40.3,22.6,-31.35,-24.16,15.37,,1,25.0,18.5,12.0,0.0,55.5,WATCH ⭐⭐,Expected ~68% CAGR (2yr) | Profit CAGR 33% | ROCE 24% | ROCE trend rising ↑ | Nearly debt-free | DII buying +0.5% ↑,Pattern still forming (not broken out),3-4 years,Medium-High,"yfinance, screener.in",80,289,,2026-07-15,2026-06-01,44,5.0,6,2.0
TITAN,Titan Company Limited,Consumer Cyclical,Luxury Goods,406657.0,Large-Cap,MonthlyDoubleBottom,Forming,0.906,17,Sep 17mo | Mid rally 92% | Asymmetry 1%,,Uptrend,True,False,Tight-Above-MAs,True,Stage2,3,Uptrend,Uptrend,4585.5,1363.41,707.14,3897.67,2843.12,3994.61,3807.26,3290.06,,,79.99,53.74,25.92,5.09,55.0,33.0,14.47,5051.43,37,buy,37.7,20.5,0.91,10.0,-0.03,5.79,9.32,44.87,29.24,32.26,52.02,15.72,39.1,35.2,0.15,highly inconsistent earnings,1.95,,1.28,,-6802.38,-1.67,52.9,0.0,,15.65,0.1,14.84,0.01,4679.8,3303.1,2.0,38.8,27.26,22.91,0.5,0.22,4,21.0,26.37,0.0,8.0,55.4,WATCH ⭐⭐,Revenue CAGR 29% | ROE 38% | ROCE 20% | ROCE trend rising ↑ | Promoter 53% holding | Dividend growing 14%/yr,High D/E 1.9 | High PE 80 | Earnings due 2026-08-06 | Pattern still forming (not broken out),3-4 years,Medium-High,"yfinance, screener.in",100,367,2026-08-06,2026-07-15,2026-06-01,44,11.8,6,4.0
MAZDOCK,Mazagon Dock Shipbuilders Limited,Industrials,Aerospace & Defense,97622.0,Large-Cap,MonthlyDoubleBottom,Forming,0.814,13,Sep 13mo | Mid rally 89% | Asymmetry 8%,MonthlyCupHandle+MonthlyDoubleBottom+MonthlyStage2,Downtrend,False,False,Below-MAs,False,Stage2,4,Uptrend,Uptrend,2422.8,3751.65,1904.04,2059.38,3052.48,5599.26,5324.28,4031.4,131.1,52.0,37.74,29.7,10.01,1.18,37.61,81.0,-12.25,2751.18,11,buy,29.2,36.0,4.06,17.0,2.57,19.86,4.83,13.77,18.44,26.29,6.79,32.07,38.06,108.8,0.4,lumpy earner,0.04,,1.4,,-3999.91,-4.1,81.22,0.0,,1.73,-0.07,5.09,-0.28,3149.5,2057.4,23.1,17.8,-17.14,276.68,0.42,0.56,4,37.0,13.27,4.0,1.0,55.3,WATCH ⭐⭐,Expected ~52% CAGR (2yr) | Revenue CAGR 18% | Profit CAGR 32% | ROE 29% | ROCE 36% | ROCE trend rising ↑,Pattern still forming (not broken out),3-4 years,Medium-High,"yfinance, screener.in",100,68,,2026-07-15,2026-06-01,44,0.0,6,0.0
CANTABIL,Cantabil Retail India Limited,Consumer Cyclical,Apparel Manufacturing,2101.0,Small-Cap,MonthlyDoubleBottom,Forming,0.582,18,Sep 18mo | Mid rally 59% | Asymmetry 1%,MonthlyDoubleBottom+MonthlyStage2,Sideways-Above-MA,True,True,Constructive,True,Stage2,3,Uptrend,Uptrend,251.22,331.82,208.5,213.54,747.54,973.29,1267.23,973.29,287.4,96.8,21.92,,4.39,0.73,9.9,60.0,-5.9,,0,none,21.98,,,19.47,,11.23,9.84,15.7,,,30.2,,,29.8,0.5,insufficient history,1.14,,2.42,,52.73,2.51,74.46,0.0,,2.16,0.0,0.21,-0.82,321.5,208.5,21.9,20.5,1.17,-1.86,1.39,-0.21,5,26.0,16.98,10.0,2.0,55.0,WATCH ⭐⭐,Expected ~97% CAGR (2yr) | Revenue CAGR 16% | Profit CAGR 30% | ROE 22% | Promoter 74% holding | Piotroski F=5 (above average quality),High D/E 1.1 | Pattern still forming (not broken out),3-4 years,Medium-High,"yfinance, screener.in",70,190,,2026-07-15,2026-06-01,44,13.1,6,9.3
ESCORTS,Escorts Kubota Limited,Industrials,Farm & Heavy Construction Machinery,32368.0,Large-Cap,MonthlyDoubleBottom,Forming,0.875,14,Sep 14mo | Mid rally 88% | Asymmetry 0%,,Sideways,False,False,Below-MAs,True,Stage2,4,Uptrend,Uptrend,2941.8,976.3,520.15,2500.53,6948.46,7840.56,16797.24,10803.47,166.5,63.3,23.7,20.75,2.66,0.43,18.27,112.0,93.86,3396.19,16,hold,18.7,13.9,-2.34,13.0,-0.51,20.75,5.39,12.65,11.04,10.47,89.25,55.48,22.38,0.7,0.15,highly inconsistent earnings,0.01,,3.25,,1203.44,3.72,68.04,0.0,,5.71,0.46,11.66,-0.54,4180.0,2700.0,29.6,9.0,-16.23,-30.91,0.31,0.32,5,26.0,17.0,12.0,0.0,55.0,WATCH ⭐⭐,Expected ~63% CAGR (2yr) | Profit CAGR 55% | Nearly debt-free | Promoter 68% holding | Margin compressing ↓ ⚠️ | FCF yield 3.7%,Margin compression ↓ | Earnings due 2026-08-03 | Pattern still forming (not broken out),3-4 years,Medium-High,"yfinance, screener.in",100,367,2026-08-03,2026-07-15,2026-06-01,44,1.8,6,4.0
TDPOWERSYS,TD Power Systems Limited,Industrials,Specialty Industrial Machinery,17969.0,Mid-Cap,None,,0.0,0,,,Sideways-Above-MA,True,False,Constructive,False,Stage2,4,Uptrend,Uptrend,1158.6,,,984.81,749.34,1012.06,1366.89,1012.06,,,75.18,40.72,16.77,2.14,53.96,17.0,33.08,1417.0,2,none,24.7,33.4,4.29,18.0,1.43,12.86,11.83,45.11,28.63,25.59,36.57,35.06,39.65,36.2,1.0,steady compounder (low CV),0.02,,1.95,,19.94,0.11,26.87,0.0,,26.18,-0.51,23.88,1.64,1379.6,453.1,16.0,155.7,132.05,315.53,,0.52,7,40.0,9.0,-1.0,7.0,55.0,WATCH ⭐⭐,Revenue CAGR 29% | Profit CAGR 35% | ROE 25% | ROCE 33% | ROCE trend rising ↑ | Nearly debt-free,High PE 75,3-4 years,Medium-High,"yfinance, screener.in",100,179,,2026-07-15,2026-06-01,44,-7.8,6,-9.0
GLAXO,GlaxoSmithKline Pharmaceuticals Limited,Healthcare,Drug Manufacturers - General,41305.0,Large-Cap,MonthlyDoubleBottom,Forming,0.802,23,Sep 23mo | Mid rally 82% | Asymmetry 2%,MonthlyDoubleBottom+MonthlyStage2,Sideways-Above-MA,True,False,Below-MAs,True,Stage2,6,Uptrend,Uptrend,2438.2,1511.0,822.17,2072.47,3256.14,3517.47,4629.64,3882.62,44.3,20.1,39.84,31.55,18.22,2.07,30.0,234.0,21.22,2969.75,4,buy,45.6,61.4,5.94,34.0,2.71,27.11,18.5,1.95,5.53,5.49,11.64,19.24,23.68,5.7,0.15,highly inconsistent earnings,0.01,,2.03,,729.34,1.77,75.0,0.0,,4.79,0.17,7.81,0.13,3254.9,2088.1,25.1,16.8,-11.55,50.02,0.3,0.04,6,34.0,18.62,2.0,0.0,54.6,WATCH ⭐⭐,Expected ~20% CAGR (2yr) | ROE 46% | ROCE 61% | ROCE trend rising ↑ | Nearly debt-free | Promoter 75% holding,Pattern still forming (not broken out),3-4 years,Medium-High,"yfinance, screener.in",100,289,,2026-07-15,2026-06-01,44,2.0,6,3.0
CARYSIL,Carysil Limited,Consumer Cyclical,"Furnishings, Fixtures & Appliances",3337.0,Small-Cap,MonthlyStage2,Stage Change,1.0,24,10-EMA=990 | 30-EMA=859 | Above by 36.6% | MA turning=Yes,MonthlyCupHandle+MonthlyDoubleBottom+MonthlyStage2,Uptrend,True,False,Uptrend,True,Stage2,3,Uptrend,Uptrend,1173.1,858.61,513.87,997.13,1978.62,2436.87,3001.25,2436.87,107.7,44.1,34.01,23.81,5.49,1.47,20.15,20.0,0.0,1270.5,2,strong_buy,17.4,17.8,-1.63,19.0,-0.83,10.63,8.48,13.24,15.87,24.41,54.69,23.16,20.48,48.6,0.15,highly inconsistent earnings,0.46,,1.44,,-36.46,-1.09,41.34,0.0,,1.63,0.04,11.91,0.17,1247.9,732.1,6.0,60.2,37.7,59.51,0.24,0.55,3,13.0,26.5,7.0,8.0,54.5,WATCH ⭐⭐,Expected ~44% CAGR (2yr) | Revenue CAGR 16% | Profit CAGR 23% | Margin compressing ↓ ⚠️ | PEG 1.47 — fair value | EV/EBITDA 20× vs sector 25×,Margin compression ↓,3-4 years,Medium-High,"yfinance, screener.in",100,67,,2026-07-15,2026-06-01,44,27.6,6,4.0
GATEWAY,Gateway Distriparks Limited,Industrials,Integrated Freight & Logistics,2933.0,Small-Cap,MonthlyDoubleBottom,Forming,1.0,37,Sep 37mo | Mid rally 123% | Asymmetry 10%,,Uptrend,True,False,Tight-Above-MAs,True,Stage2,4,Uptrend,Uptrend,58.71,112.36,48.1,49.9,136.93,176.62,143.27,140.06,200.8,73.4,11.47,9.36,1.27,5.01,7.7,341.0,0.0,87.4,5,strong_buy,11.5,10.8,0.2,22.0,-1.09,11.56,5.86,31.59,15.89,13.41,-30.75,2.29,22.47,,0.15,highly inconsistent earnings,0.25,,1.07,,268.06,9.14,33.93,0.0,,6.98,0.32,32.42,-1.57,76.5,48.1,23.3,22.1,-3.29,-50.75,0.32,0.21,5,16.0,28.5,9.0,1.0,54.5,WATCH ⭐⭐,Expected ~73% CAGR (2yr) | Revenue CAGR 16% | ROCE trend rising ↑ | Low D/E 0.25 | Margin compressing ↓ ⚠️ | FCF yield 9.1%,Margin compression ↓ | Pattern still forming (not broken out),3-4 years,Medium-High,"yfinance, screener.in",100,53,,2026-07-15,2026-06-01,44,4.7,6,13.0
HESTERBIO,Hester Biosciences Limited,Healthcare,Drug Manufacturers - Specialty & Generic,1804.0,Small-Cap,MonthlyStage2,Stage Change,1.0,24,10-EMA=1896 | 30-EMA=1856 | Above by 31.4% | MA turning=No,MonthlyCupHandle+MonthlyDoubleBottom+MonthlyStage2,Uptrend,True,False,Uptrend,True,Stage2,6,Uptrend,Uptrend,2439.8,1856.27,1250.16,2073.83,4606.49,5838.26,7399.42,5838.26,139.3,54.7,32.47,,5.01,1.21,24.49,52.0,-11.21,,0,none,15.9,15.2,-0.77,26.0,-1.4,16.65,6.51,7.07,7.78,9.25,96.55,26.74,10.25,1138.0,0.15,highly inconsistent earnings,0.53,,1.37,,28.84,1.6,53.73,0.0,,0.38,-0.14,0.0,-0.01,2350.0,1239.3,-3.8,96.9,21.74,17.68,0.57,0.49,3,18.0,26.5,4.0,6.0,54.5,WATCH ⭐⭐,Expected ~55% CAGR (2yr) | Profit CAGR 27% | Promoter 54% holding | OPM 26% | Margin compressing ↓ ⚠️ | PEG 1.21 — fair value,Margin compression ↓,3-4 years,Medium-High,"yfinance, screener.in",100,137,,2026-07-15,2026-06-01,44,35.8,6,7.0
ASALCBR,Associated Alcohols & Breweries Limited,Consumer Defensive,Beverages - Wineries & Distilleries,1662.0,Small-Cap,MonthlyDoubleBottom,Forming,0.571,29,Sep 29mo | Mid rally 61% | Asymmetry 4%,,Downtrend,False,False,Below-MAs,False,Stage2,15,Uptrend,Uptrend,827.9,647.81,396.25,703.71,8435.73,20648.98,50544.58,20648.98,2394.1,399.4,18.02,14.32,2.27,0.12,11.33,24.0,25.99,1070.0,1,none,14.6,18.0,4.3,14.0,1.74,8.68,9.41,-5.21,68.5,73.94,8.64,144.78,144.85,5.3,0.15,highly inconsistent earnings,0.1,,2.58,,-20.86,-1.26,62.35,0.0,,0.68,0.35,1.26,0.32,1277.0,660.65,35.2,25.3,-19.93,66.9,0.19,0.37,6,31.0,11.35,12.0,0.0,54.4,WATCH ⭐⭐,Expected ~399% CAGR (2yr) | Revenue CAGR 68% | Profit CAGR 145% | ROCE trend rising ↑ | Nearly debt-free | Promoter 62% holding,Pattern still forming (not broken out),3-4 years,Medium-High,"yfinance, screener.in",100,78,,2026-07-15,2026-06-01,44,3.1,6,-6.0
BAJAJCON,Bajaj Consumer Care Limited,Consumer Defensive,Household & Personal Products,8755.0,Mid-Cap,MonthlyDoubleBottom,Forming,0.911,24,Sep 24mo | Mid rally 95% | Asymmetry 4%,,Sideways-Above-MA,True,False,Uptrend,True,Stage2,15,Uptrend,Uptrend,670.25,288.95,145.42,569.71,638.54,644.24,786.46,708.65,,,47.17,32.5,11.89,4.3,38.85,0.0,-33.06,547.62,8,strong_buy,25.3,30.6,-1.54,19.0,-1.57,16.33,13.92,20.73,6.63,4.79,52.0,10.98,-3.15,105.3,0.15,highly inconsistent earnings,0.02,,3.49,,136.45,1.56,42.97,0.0,,16.11,-0.48,14.91,0.64,679.85,220.1,1.4,204.5,186.82,145.0,0.3,0.87,4,22.0,22.43,0.0,10.0,54.4,WATCH ⭐⭐,ROE 25% | ROCE 31% | Nearly debt-free | Margin compressing ↓ ⚠️ | DII buying +0.6% ↑ | MonthlyDoubleBottom forming (24mo base),Margin compression ↓ | Pattern still forming (not broken out),3-4 years,Medium-High,"yfinance, screener.in",100,192,,2026-07-15,2026-06-01,44,27.2,6,-8.0
COALINDIA,Coal India Limited,Energy,Thermal Coal,264566.0,Large-Cap,MonthlyCupHandle,Forming,0.862,23,Cup 23mo | Depth 24% | Prior gain 85% | R²=0.92,MonthlyCupHandle+MonthlyDoubleBottom,Sideways-Above-MA,True,False,Constructive,False,Stage2,1,Uptrend,Uptrend,429.3,487.57,371.22,364.9,907.92,731.75,907.92,907.92,70.5,30.6,8.51,7.48,2.22,,5.42,512.0,-39.22,467.5,24,buy,28.5,35.3,-2.49,24.0,1.31,18.46,7.12,17.46,6.8,13.34,-11.99,-0.69,19.59,12.9,0.15,highly inconsistent earnings,0.12,,1.86,,7237.59,2.74,63.13,0.0,,8.38,0.16,22.76,0.23,491.25,368.65,12.6,16.5,23.49,102.75,0.21,-0.04,5,22.0,20.34,6.0,6.0,54.3,WATCH ⭐⭐,Expected ~31% CAGR (2yr) | Declining profits (-1% CAGR) ⚠️ | ROE 28% | ROCE 35% | Low D/E 0.12 | Promoter 63% holding,Earnings due 2026-04-27 | Pattern still forming (not broken out),3-4 years,Medium-High,"yfinance, screener.in",100,189,2026-04-27,2026-07-15,2026-06-01,44,-6.1,6,-5.7
GULFOILLUB,Gulf Oil Lubricants India Limited,Basic Materials,Specialty Chemicals,5183.0,Small-Cap,MonthlyDoubleBottom,Forming,0.607,21,Sep 21mo | Mid rally 70% | Asymmetry 9%,MonthlyDoubleBottom+MonthlyStage2,Sideways,False,False,Below-MAs,True,Stage2,1,Uptrend,Uptrend,1039.9,1408.6,790.27,883.92,1792.06,2026.93,2334.68,2045.46,94.9,39.6,14.31,10.4,3.37,1.01,9.01,401.0,-5.65,1580.6,5,strong_buy,24.3,26.2,1.0,13.0,0.2,8.57,9.63,11.7,10.59,,-3.36,14.14,,-2.6,0.15,highly inconsistent earnings,0.36,,1.85,,232.22,4.48,67.01,-0.1,,8.91,-0.31,8.17,0.04,1329.0,865.0,21.8,20.2,-12.47,79.13,0.35,0.61,7,29.0,14.28,10.0,1.0,54.3,WATCH ⭐⭐,Expected ~40% CAGR (2yr) | ROE 24% | ROCE 26% | ROCE trend rising ↑ | Promoter 67% holding | FCF yield 4.5%,Pattern still forming (not broken out),3-4 years,Medium-High,"yfinance, screener.in",100,145,,2026-07-15,2026-06-01,44,14.8,6,2.3
SHAKTIPUMP,Shakti Pumps (India) Limited,Industrials,Specialty Industrial Machinery,7148.0,Small-Cap,MonthlyDoubleBottom,Forming,0.431,8,Sep 8mo | Mid rally 51% | Asymmetry 8%,,Sideways,False,False,Below-MAs,True,Stage2,4,Uptrend,Uptrend,561.05,98.85,63.22,476.89,1618.38,3571.76,7882.87,3571.76,536.6,152.3,27.54,22.11,4.19,0.23,16.51,17.0,44.23,640.0,1,buy,18.0,23.7,2.8,16.0,1.69,9.55,9.79,7.23,40.73,23.74,-36.76,120.7,27.69,-65.2,0.15,highly inconsistent earnings,0.3,,2.12,,-146.02,-2.04,50.36,0.02,,4.83,-0.51,4.97,-1.33,946.0,456.35,40.7,22.9,-29.51,270.25,0.83,-0.15,6,33.0,11.17,10.0,0.0,54.2,WATCH ⭐⭐,Expected ~152% CAGR (2yr) | Revenue CAGR 41% | Profit CAGR 121% | ROCE 24% | ROCE trend rising ↑ | Low D/E 0.30,Pattern still forming (not broken out),3-4 years,Medium-High,"yfinance, screener.in",100,178,,2026-07-15,2026-06-01,44,11.6,6,-6.3
PATANJALI,Patanjali Foods Limited,Consumer Defensive,Packaged Foods,45016.0,Large-Cap,MonthlyDoubleBottom,Forming,1.0,9,Sep 9mo | Mid rally 137% | Asymmetry 5%,,Sideways,False,False,Below-MAs,True,Stage2,15,Uptrend,Uptrend,471.1,5144.45,2118.49,2012.57,2645.65,8170.41,9129.28,4914.56,1634.3,316.5,24.81,22.49,3.43,0.29,26.8,85.0,-4.35,588.75,4,strong_buy,16.5,12.0,-2.34,4.0,2.66,4.52,5.48,17.6,49.48,5.84,39.43,85.76,50.62,46.1,0.2,multiple loss years in history,0.21,,2.14,,-2396.98,-5.32,68.25,0.0,,8.53,-0.67,11.05,-1.01,653.93,406.35,28.0,15.9,-5.99,-1.26,0.79,-0.18,4,23.0,18.0,13.0,0.0,54.0,WATCH ⭐⭐,Expected ~316% CAGR (2yr) | Revenue CAGR 49% | Profit CAGR 86% | Low D/E 0.21 | Promoter 68% holding | PEG 0.29 — deeply undervalued,Earnings due 2026-07-16 | Pattern still forming (not broken out),3-4 years,Medium-High,"yfinance, screener.in",100,287,2026-07-16,2026-07-15,2026-06-01,44,0.0,6,2.0
PHOENIXLTD,The Phoenix Mills Limited,Real Estate,Real Estate - Diversified,76496.0,Large-Cap,MonthlyDoubleBottom,Forming,1.0,19,Sep 19mo | Mid rally 106% | Asymmetry 5%,MonthlyCupHandle+MonthlyDoubleBottom,Uptrend,True,False,Tight-Above-MAs,True,Stage2,3,Uptrend,Uptrend,1721.8,485.27,230.52,1463.53,743.48,1263.53,769.72,756.49,,,60.97,41.05,6.96,34.84,31.97,12.0,27.72,2024.1,21,buy,11.6,12.8,1.86,60.0,2.23,27.67,6.41,16.18,19.13,33.58,19.13,1.75,100.54,50.0,0.15,highly inconsistent earnings,0.37,,0.87,,1810.56,2.37,47.25,0.0,,32.97,-0.88,16.14,0.88,2149.0,1402.5,19.9,22.8,18.15,98.83,0.33,0.29,6,19.0,28.0,1.0,6.0,54.0,WATCH ⭐⭐,Revenue CAGR 19% | ROCE trend rising ↑ | OPM 60% | Piotroski F=6 (above average quality) | DII buying +0.9% ↑ | Dividend growing 28%/yr,High PE 61 | Earnings due 2026-07-23 | Pattern still forming (not broken out),3-4 years,Medium-High,"yfinance, screener.in",100,230,2026-07-23,2026-07-15,2026-06-01,44,0.0,6,1.0
RBZJEWEL,RBZ Jewellers Limited,Consumer Cyclical,Luxury Goods,617.0,Small-Cap,MonthlyDoubleBottom,Forming,1.0,10,Sep 10mo | Mid rally 107% | Asymmetry 6%,,Downtrend,False,False,Below-MAs,False,Stage2,3,Uptrend,Uptrend,123.52,251.68,118.15,112.24,796.14,1085.93,1481.21,1085.93,779.2,196.5,11.26,,2.06,0.31,8.53,,,,0,none,20.11,,,10.43,,8.61,13.06,38.0,,,36.4,,,36.3,0.5,insufficient history,0.57,,2.99,,-61.32,-9.94,75.0,0.0,,0.0,0.0,0.07,0.01,179.0,100.0,31.0,23.5,-4.93,,0.49,0.12,3,25.0,15.0,12.0,2.0,54.0,WATCH ⭐⭐,Expected ~196% CAGR (2yr) | Revenue CAGR 38% | Profit CAGR 36% | ROE 20% | Promoter 75% holding | PEG 0.31 — deeply undervalued,Pattern still forming (not broken out),3-4 years,Medium-High,"yfinance, screener.in",70,30,,2026-07-15,2026-06-01,44,0.0,6,1.0
RPTECH,Rashi Peripherals Limited,Technology,Electronics & Computer Distribution,5160.0,Small-Cap,None,,0.0,0,,,Uptrend,True,False,Tight-Above-MAs,True,Downtrend,0,Uptrend,Uptrend,543.25,,,461.76,1266.06,1669.43,2201.31,1669.43,207.3,75.3,19.01,,2.55,0.6,13.25,26.0,100.0,,0,none,14.7,16.8,-2.57,3.0,-0.23,1.75,5.7,14.91,18.74,21.71,34.29,31.86,15.7,64.2,0.15,highly inconsistent earnings,0.49,,1.6,,-47.2,-0.91,64.01,0.03,,0.78,0.12,17.45,-1.0,812.85,275.6,33.2,97.1,86.99,,,0.87,4,20.0,14.0,10.0,10.0,54.0,WATCH ⭐⭐,Expected ~75% CAGR (2yr) | Revenue CAGR 19% | Profit CAGR 32% | Promoter 64% holding | Dividend growing 100%/yr | PEG 0.60 — undervalued,None identified,3-4 years,Medium-High,"yfinance, screener.in",100,28,,2026-07-15,2026-06-01,44,0.0,6,-2.0
SHREEPUSHK,Shree Pushkar Chemicals & Fertilisers Limited,Basic Materials,Specialty Chemicals,1381.0,Small-Cap,MonthlyDoubleBottom,Forming,1.0,19,Sep 19mo | Mid rally 123% | Asymmetry 6%,,Uptrend,True,False,Tight-Above-MAs,True,Stage2,1,Uptrend,Uptrend,408.0,315.52,137.87,346.8,550.41,680.75,841.95,680.75,66.9,29.2,19.8,26.44,2.26,0.84,13.86,46.0,0.0,,0,none,12.2,13.0,-0.0,10.0,-0.69,7.18,5.17,21.22,12.62,22.44,18.64,23.68,19.27,-22.2,0.15,highly inconsistent earnings,0.22,,1.68,,-35.84,-2.6,69.36,0.0,,0.42,-0.17,0.29,-0.09,476.0,272.45,14.3,49.8,31.61,65.29,0.13,0.11,4,12.0,28.0,6.0,8.0,54.0,WATCH ⭐⭐,Expected ~29% CAGR (2yr) | Profit CAGR 24% | Low D/E 0.22 | Promoter 69% holding | Margin compressing ↓ ⚠️ | PEG 0.84 — undervalued,Margin compression ↓ | Pattern still forming (not broken out),3-4 years,Medium-High,"yfinance, screener.in",100,131,,2026-07-15,2026-06-01,44,10.3,6,14.0
LODHA,Lodha Developers Limited,Real Estate,Real Estate - Development,121943.0,Large-Cap,MonthlyDoubleBottom,Forming,0.37,12,Sep 12mo | Mid rally 43% | Asymmetry 6%,,Sideways,False,False,Below-MAs,True,Stage2,3,Uptrend,Uptrend,892.2,1525.97,1039.62,987.64,1726.51,2460.53,6318.95,3302.99,175.8,66.1,35.59,25.7,5.24,0.39,25.98,35.0,88.89,1196.83,18,strong_buy,15.8,16.6,1.91,30.0,1.26,20.56,5.26,21.02,20.76,25.07,24.0,91.31,134.87,9.4,0.15,highly inconsistent earnings,0.42,,1.75,,-2345.45,-1.92,72.27,0.42,,21.24,-2.25,4.62,1.45,1461.5,650.8,39.0,37.1,-27.61,9.37,0.72,0.58,6,31.0,10.94,11.0,1.0,53.9,WATCH ⭐⭐,Expected ~66% CAGR (2yr) | Revenue CAGR 21% | Profit CAGR 91% | ROCE trend rising ↑ | Promoter 72% holding | OPM 30%,Earnings due 2026-04-24 | Pattern still forming (not broken out),3-4 years,Medium-High,"yfinance, screener.in",100,62,2026-04-24,2026-07-15,2026-06-01,44,0.0,6,1.0
PRICOLLTD,Pricol Limited,Consumer Cyclical,Auto Parts,7645.0,Small-Cap,MonthlyCupHandle,Forming,0.699,17,Cup 17mo | Depth 32% | Prior gain 32% | R²=0.88,MonthlyCupHandle+MonthlyDoubleBottom,Downtrend,False,False,Below-MAs,False,Stage2,3,Uptrend,Uptrend,544.75,687.67,468.79,463.04,1083.62,1367.09,1724.73,1367.09,151.0,58.4,30.49,21.05,6.1,1.17,16.85,65.0,60.0,725.0,1,none,22.1,25.9,2.34,12.0,-0.11,6.21,9.87,50.11,27.3,23.39,50.3,26.16,42.98,109.5,0.15,highly inconsistent earnings,0.3,,1.21,,-194.07,-2.54,38.51,0.0,,13.95,-1.66,11.79,-0.65,694.2,415.1,21.5,31.2,26.97,115.66,2.15,-0.11,4,28.0,11.89,8.0,6.0,53.9,WATCH ⭐⭐,Expected ~58% CAGR (2yr) | Revenue CAGR 27% | Profit CAGR 26% | ROE 22% | ROCE 26% | ROCE trend rising ↑,Pattern still forming (not broken out),3-4 years,Medium-High,"yfinance, screener.in",100,287,,2026-07-15,2026-06-01,44,0.0,6,-1.0
GPPL,Gujarat Pipavav Port Limited,Industrials,Marine Shipping,7462.0,Small-Cap,MonthlyDoubleBottom,Forming,0.689,35,Sep 35mo | Mid rally 76% | Asymmetry 7%,MonthlyDoubleBottom+MonthlyStage2,Downtrend,False,False,Below-MAs,False,Stage2,4,Uptrend,Uptrend,154.3,96.94,53.14,131.16,428.27,372.42,596.94,505.62,141.4,55.4,14.47,13.36,3.17,0.8,9.78,648.0,23.47,172.62,8,hold,21.2,28.0,2.71,61.0,0.77,44.47,12.22,17.21,8.09,9.58,29.72,18.06,18.33,26.6,0.15,highly inconsistent earnings,0.01,,2.54,,-52.68,-0.71,44.01,0.0,,22.14,1.1,14.96,0.03,200.09,141.55,22.9,9.0,10.53,8.6,0.21,0.43,5,27.0,12.77,11.0,3.0,53.8,WATCH ⭐⭐,Expected ~55% CAGR (2yr) | ROE 21% | ROCE 28% | ROCE trend rising ↑ | Nearly debt-free | OPM 61%,Pattern still forming (not broken out),3-4 years,Medium-High,"yfinance, screener.in",100,191,,2026-07-15,2026-06-01,44,1.4,6,-2.0
GRSE,Garden Reach Shipbuilders & Engineers Limited,Industrials,Aerospace & Defense,30494.0,Large-Cap,MonthlyCupHandle,Forming,0.688,24,Cup 24mo | Depth 47% | Prior gain 124% | R²=0.96,,Sideways-Above-MA,True,False,Constructive,False,Stage2,4,Uptrend,Uptrend,2640.0,3226.54,1708.53,2244.0,2667.64,4744.55,4115.01,3313.21,79.7,34.1,44.25,31.69,11.61,1.83,34.13,102.0,4.87,3146.0,6,buy,31.79,,,16.15,,10.68,4.45,29.1,,,24.2,,,24.1,0.5,insufficient history,0.01,,1.23,,-291.49,-0.96,74.5,0.0,,3.51,0.55,1.69,0.05,3339.0,1963.7,20.9,34.4,13.95,205.24,0.13,0.68,2,29.0,18.76,3.0,3.0,53.8,WATCH ⭐⭐,Expected ~34% CAGR (2yr) | Revenue CAGR 29% | Profit CAGR 24% | ROE 32% | Nearly debt-free | Promoter 74% holding,Pattern still forming (not broken out),3-4 years,Medium-High,"yfinance, screener.in",70,94,,2026-07-15,2026-06-01,44,-0.7,6,-0.6
AUTOAXLES,Automotive Axles Limited,Consumer Cyclical,Auto Parts,2680.0,Small-Cap,MonthlyDoubleBottom,Forming,0.767,36,Sep 36mo | Mid rally 81% | Asymmetry 5%,MonthlyCupHandle+MonthlyDoubleBottom,Sideways,False,False,Below-MAs,True,Stage2,3,Uptrend,Uptrend,1773.7,498.28,268.83,1507.64,5567.13,6530.25,7659.98,6530.25,268.2,91.9,16.31,13.32,2.44,0.94,9.68,180.0,26.69,2132.0,1,strong_buy,15.8,,,10.12,,7.55,8.74,18.7,,,17.3,,,17.3,0.5,insufficient history,0.01,,2.96,,66.67,2.49,71.04,0.0,,0.83,0.15,15.15,0.58,2115.0,1540.2,16.1,15.2,5.04,-42.55,0.18,0.5,5,25.0,16.7,10.0,2.0,53.7,WATCH ⭐⭐,Expected ~92% CAGR (2yr) | Revenue CAGR 19% | Nearly debt-free | Promoter 71% holding | Piotroski F=5 (above average quality) | DII buying +0.6% ↑,Pattern still forming (not broken out),3-4 years,Medium-High,"yfinance, screener.in",70,289,,2026-07-15,2026-06-01,44,4.8,6,3.0
INDIASHLTR,India Shelter Finance Corporation Limited,Financial Services,Mortgage Finance,8709.0,Mid-Cap,MonthlyDoubleBottom,Forming,0.519,13,Sep 13mo | Mid rally 60% | Asymmetry 8%,MonthlyDoubleBottom+MonthlyStage2,Sideways-Above-MA,True,False,Constructive,True,Stage2,12,Uptrend,Uptrend,815.1,1005.98,603.54,692.84,1464.81,1714.6,3210.7,2168.66,110.4,45.0,17.79,11.36,2.72,0.37,,125.0,100.0,1033.5,8,strong_buy,17.0,12.8,,62.9,,48.16,5.8,31.13,37.75,36.98,33.07,48.05,42.04,27.2,0.75,consistent growth,1.95,,6.09,,,,47.53,-0.07,,6.87,-0.61,21.39,0.67,1011.75,653.2,19.4,24.8,-12.58,,0.2,-0.04,3,26.0,15.73,11.0,1.0,53.7,WATCH ⭐⭐,Expected ~45% CAGR (2yr) | Revenue CAGR 38% | Profit CAGR 48% | OPM 63% | EPS: consistent growth | DII buying +0.7% ↑,High D/E 2.0 | Pattern still forming (not broken out),3-4 years,Medium-High,"yfinance, screener.in",90,32,,2026-07-15,2026-06-01,44,4.7,6,7.0
APOLLOHOSP,Apollo Hospitals Enterprise Limited,Healthcare,Medical Care Facilities,127120.0,Large-Cap,MonthlyDoubleBottom,Forming,0.676,13,Sep 13mo | Mid rally 70% | Asymmetry 3%,,Uptrend,True,False,Tight-Above-MAs,True,Stage2,6,Uptrend,Uptrend,8841.0,1784.0,1031.85,7514.85,9327.67,11229.17,16596.63,12442.18,27.0,12.7,65.36,41.25,13.41,1.96,35.54,23.0,-12.64,9409.65,31,strong_buy,22.1,17.9,1.46,15.0,0.51,7.7,8.44,15.76,14.94,19.03,33.09,33.39,71.0,35.9,0.15,highly inconsistent earnings,0.85,,1.06,,395.55,0.31,28.02,0.0,,41.49,-1.13,23.72,0.96,8950.0,6696.5,1.2,32.0,17.38,59.45,0.26,0.18,6,22.0,23.61,2.0,6.0,53.6,WATCH ⭐⭐,Expected ~13% CAGR (2yr) | Profit CAGR 33% | ROE 22% | ROCE trend rising ↑ | Piotroski F=6 (above average quality) | DII buying +1.0% ↑,High PE 65 | Earnings due 2026-08-12 | Pattern still forming (not broken out),3-4 years,Medium-High,"yfinance, screener.in",100,289,2026-08-12,2026-07-15,2026-06-01,44,10.2,6,1.0
CDSL,Central Depository Services (India) Limited,Financial Services,Capital Markets,29927.0,Mid-Cap,MonthlyStage2,Stage Change,0.92,24,10-EMA=1344 | 30-EMA=1258 | Above by 13.8% | MA turning=Yes,MonthlyDoubleBottom+MonthlyStage2,Sideways-Above-MA,True,False,Constructive,True,Stage2,12,Uptrend,Uptrend,1431.9,1258.26,1098.94,1217.12,555.23,1417.58,774.81,655.89,,,65.8,47.0,15.27,3.63,44.84,95.0,18.56,1284.4,15,hold,24.5,32.0,0.6,51.0,-2.17,36.92,16.64,5.82,27.3,27.19,-13.5,18.13,17.75,-20.0,0.15,highly inconsistent earnings,0.0,,2.92,,260.19,0.87,15.0,0.0,,11.36,-1.04,14.42,-0.7,1753.9,1116.3,18.4,28.3,2.25,133.8,0.69,0.21,6,31.0,21.54,-1.0,2.0,53.5,WATCH ⭐⭐,Revenue CAGR 27% | ROE 24% | ROCE 32% | ROCE trend rising ↑ | Nearly debt-free | OPM 51%,High PE 66 | Margin compression ↓,3-4 years,Medium-High,"yfinance, screener.in",100,110,,2026-07-15,2026-06-01,44,18.4,6,11.4
GABRIEL,Gabriel India Limited,Consumer Cyclical,Auto Parts,22168.0,Mid-Cap,MonthlyDoubleBottom,Forming,1.0,29,Sep 29mo | Mid rally 110% | Asymmetry 7%,,Uptrend,True,False,Tight-Above-MAs,True,Stage2,3,Uptrend,Uptrend,1250.8,29.47,13.58,1063.18,662.92,936.48,707.39,684.8,,,71.43,34.78,13.15,21.65,40.68,39.0,36.67,1314.0,6,buy,20.6,26.1,-2.0,9.0,0.0,5.41,9.48,14.87,,,2.86,,,3.5,0.15,highly inconsistent earnings,0.11,,1.66,,88.54,0.4,63.55,8.53,,6.51,-0.07,12.8,-3.48,1388.0,795.7,9.9,57.2,9.9,279.18,0.21,0.68,5,22.0,28.5,0.0,3.0,53.5,WATCH ⭐⭐,ROE 21% | ROCE 26% | Low D/E 0.11 | Promoter 64% holding | Promoters buying ↑ | Piotroski F=5 (above average quality),High PE 71 | Pattern still forming (not broken out),3-4 years,Medium-High,"yfinance, screener.in",80,256,,2026-07-15,2026-06-01,44,14.2,6,6.0
GRINDWELL,Grindwell Norton Limited,Industrials,Building Products & Equipment,22793.0,Mid-Cap,MonthlyDoubleBottom,Forming,1.0,33,Sep 33mo | Mid rally 112% | Asymmetry 5%,MonthlyCupHandle+MonthlyDoubleBottom+MonthlyStage2,Uptrend,True,False,Tight-Above-MAs,True,Stage2,4,Uptrend,Uptrend,2052.3,2913.24,1342.7,1744.46,1073.56,4483.78,1179.77,1125.41,118.5,47.8,54.94,41.53,9.0,11.37,38.29,92.0,9.43,1995.67,3,buy,16.2,21.2,-0.8,19.0,-0.34,13.53,9.35,9.28,6.54,13.41,12.4,4.83,11.87,28.8,0.15,highly inconsistent earnings,0.02,,2.81,,375.83,1.65,58.04,0.0,,5.56,-0.83,19.18,0.83,2294.4,1329.0,10.6,54.4,32.16,-33.53,0.9,0.51,4,18.0,28.5,-1.0,8.0,53.5,WATCH ⭐⭐,Expected ~48% CAGR (2yr) | ROCE 21% | Nearly debt-free | Promoter 58% holding | DII buying +0.8% ↑ | MonthlyDoubleBottom forming (33mo base),High PE 55 | Earnings due 2026-07-23 | Pattern still forming (not broken out),3-4 years,Medium-High,"yfinance, screener.in",100,239,2026-07-23,2026-07-15,2026-06-01,44,9.3,6,3.0
OLECTRA,Olectra Greentech Limited,Industrials,Farm & Heavy Construction Machinery,11685.0,Mid-Cap,MonthlyDoubleBottom,Forming,1.0,33,Sep 33mo | Mid rally 548% | Asymmetry 8%,,Sideways,False,False,Below-MAs,True,Stage2,4,Uptrend,Uptrend,1219.6,279.39,41.39,1036.66,927.83,1289.86,1793.17,1289.86,5.8,2.8,65.79,32.88,9.52,1.69,1250.62,3.0,0.0,,0,none,15.6,21.0,3.89,14.0,1.11,2.01,,28.3,28.45,52.43,29.5,39.02,86.4,164.4,0.15,highly inconsistent earnings,0.31,,,,,,50.02,0.0,,7.11,0.21,0.68,-0.14,1714.2,866.6,28.9,40.7,11.84,2.83,0.68,0.3,3,30.0,19.5,1.0,3.0,53.5,WATCH ⭐⭐,Expected ~3% CAGR (2yr) | Revenue CAGR 28% | Profit CAGR 39% | ROCE 21% | ROCE trend rising ↑ | Promoter 50% holding,High PE 66 | Pattern still forming (not broken out),3-4 years,Medium-High,"yfinance, screener.in",80,287,,2026-07-15,2026-06-01,44,0.0,6,-1.0
SBIN,State Bank of India,Financial Services,Banks - Regional,956292.0,Large-Cap,MonthlyDoubleBottom,Forming,1.0,24,Sep 24mo | Mid rally 179% | Asymmetry 8%,,Sideways-Above-MA,True,False,Tight-Above-MAs,True,Stage2,12,Uptrend,Uptrend,1032.0,190.51,65.77,877.2,2245.91,2022.0,2943.94,2571.35,95.9,40.0,11.36,10.11,1.6,0.78,,167.0,15.36,1197.97,38,strong_buy,15.4,6.13,,28.96,,22.11,1.11,5.02,13.64,13.11,7.63,14.49,29.4,0.2,0.4,lumpy earner,,,,,,,55.52,0.02,,11.41,1.07,26.11,-0.93,1234.7,786.55,16.4,31.2,31.82,68.39,0.34,0.36,2,13.0,25.5,8.0,7.0,53.5,WATCH ⭐⭐,Expected ~40% CAGR (2yr) | Promoter 56% holding | OPM 29% | FII buying +1.1% ↑ | Dividend growing 15%/yr | PEG 0.78 — undervalued,Earnings due 2026-08-06 | Pattern still forming (not broken out),3-4 years,Medium-High,"yfinance, screener.in",80,367,2026-08-06,2026-07-15,2026-06-01,44,8.8,6,9.0
SWARAJENG,Swaraj Engines Limited,Consumer Cyclical,Auto Parts,4592.0,Small-Cap,MonthlyDoubleBottom,Forming,0.479,13,Sep 13mo | Mid rally 53% | Asymmetry 6%,,Uptrend,True,False,Uptrend,True,Stage2,3,Uptrend,Uptrend,3806.4,1662.58,1054.07,3235.44,8793.85,10561.41,12684.26,10561.41,177.5,66.6,23.42,20.95,9.39,1.17,16.49,295.0,6.14,4629.5,2,strong_buy,43.23,,,12.78,,9.78,21.52,20.2,,,20.1,,,20.1,0.5,insufficient history,0.0,,2.06,,-25.39,-0.55,52.11,-0.01,,2.82,-0.33,9.09,-0.65,4720.0,3301.3,19.4,15.3,-4.21,73.16,0.4,0.38,4,25.0,19.25,8.0,1.0,53.2,WATCH ⭐⭐,Expected ~67% CAGR (2yr) | Revenue CAGR 20% | Profit CAGR 20% | ROE 43% | Nearly debt-free | Promoter 52% holding,Pattern still forming (not broken out),3-4 years,Medium-High,"yfinance, screener.in",70,289,,2026-07-15,2026-06-01,44,2.5,6,-3.0
PYRAMID,Pyramid Technoplast Limited,Consumer Cyclical,Packaging & Containers,610.0,Small-Cap,MonthlyDoubleBottom,Forming,0.926,21,Sep 21mo | Mid rally 94% | Asymmetry 2%,MonthlyDoubleBottom+MonthlyStage2,Uptrend,True,False,Constructive,True,Stage2,3,Uptrend,Uptrend,170.81,258.24,131.8,145.19,772.1,1213.73,1907.99,1213.73,610.6,166.6,20.87,,2.14,0.36,13.79,30.0,,,0,none,10.96,,,8.17,,4.23,6.16,13.8,,,57.2,,,51.6,0.5,insufficient history,0.67,,1.73,,-134.41,-22.02,74.94,0.0,,0.97,0.01,3.26,0.0,188.38,131.8,9.3,29.6,2.87,,1.55,0.15,3,14.0,24.11,12.0,3.0,53.1,WATCH ⭐⭐,Expected ~167% CAGR (2yr) | Profit CAGR 57% | Promoter 75% holding | PEG 0.36 — deeply undervalued | EV/EBITDA 14× below sector (25×) | MonthlyDoubleBottom forming (21mo base),Pattern still forming (not broken out),3-4 years,Medium-High,"yfinance, screener.in",70,34,,2026-07-15,2026-06-01,44,0.0,6,0.0
RAMCOSYS,Ramco Systems Limited,Technology,Software - Application,3028.0,Small-Cap,MonthlyDoubleBottom,Forming,1.0,22,Sep 22mo | Mid rally 109% | Asymmetry 9%,,Sideways,False,False,Below-MAs,True,Downtrend,0,Uptrend,Uptrend,394.35,572.4,262.65,335.2,247.26,882.15,451.9,334.27,123.7,49.6,72.45,36.79,8.61,2.06,21.85,0.0,,610.0,1,strong_buy,18.0,19.3,0.49,23.0,0.34,5.97,5.13,18.61,12.53,2.29,223.53,35.19,30.73,371.8,0.2,multiple loss years in history,0.12,,1.02,,56.51,1.87,55.69,2.66,,10.02,0.07,2.03,-3.75,967.5,342.1,59.2,15.3,4.31,31.78,0.23,0.54,6,31.0,18.0,2.0,2.0,53.0,WATCH ⭐⭐,Expected ~50% CAGR (2yr) | Profit CAGR 35% | ROCE trend rising ↑ | Low D/E 0.12 | Promoter 56% holding | Promoters buying ↑,High PE 72 | Pattern still forming (not broken out),3-4 years,Medium-High,"yfinance, screener.in",100,286,,2026-07-15,2026-06-01,44,0.0,6,-7.0
SOUTHBANK,The South Indian Bank Limited,Financial Services,Banks - Regional,11993.0,Mid-Cap,MonthlyDoubleBottom,Forming,0.79,36,Sep 36mo | Mid rally 79% | Asymmetry 0%,,Uptrend,True,False,Uptrend,True,Stage2,12,Uptrend,Uptrend,45.81,27.23,15.16,38.94,147.92,127.98,225.21,182.52,179.4,67.1,8.25,6.7,1.05,0.35,,87.0,12.0,46.17,6,buy,13.5,6.42,,43.14,,28.95,1.09,4.6,10.83,6.15,11.74,23.39,88.0,19.0,0.15,highly inconsistent earnings,,,,,,,,,,24.21,3.27,12.75,-1.04,49.9,28.11,8.2,63.0,59.53,79.02,0.53,0.25,2,11.0,23.98,10.0,8.0,53.0,WATCH ⭐⭐,Expected ~67% CAGR (2yr) | Profit CAGR 23% | OPM 43% | FII buying +3.3% ↑ | Dividend growing 12%/yr | PEG 0.35 — deeply undervalued,Pattern still forming (not broken out),3-4 years,Medium-High,"yfinance, screener.in",70,332,,2026-07-15,2026-06-01,44,18.2,6,-4.0
ABDL,ALLIED BLEND N DISTILS L,Consumer Defensive,Beverages - Wineries & Distilleries,18146.0,Mid-Cap,MonthlyDoubleBottom,Forming,0.485,6,Sep 6mo | Mid rally 55% | Asymmetry 6%,,Uptrend,True,False,Uptrend,True,Stage2,15,Uptrend,Uptrend,648.75,440.72,276.69,551.44,2935.93,8722.91,67401.66,14067.22,1244.6,266.7,79.41,40.66,10.91,0.21,35.52,83.0,50.0,706.45,11,strong_buy,14.3,18.4,1.97,14.0,1.31,5.82,7.57,11.45,7.62,10.81,12.82,379.14,136.08,-47.9,0.15,highly inconsistent earnings,0.68,,1.34,,-85.0,-0.47,80.91,0.0,,3.23,-0.13,4.82,0.21,711.7,382.1,8.8,69.8,29.26,,0.68,0.76,4,19.0,18.82,9.0,6.0,52.8,WATCH ⭐⭐,Expected ~267% CAGR (2yr) | Profit CAGR 379% | ROCE trend rising ↑ | Promoter 81% holding | Dividend growing 50%/yr | PEG 0.21 — deeply undervalued,High PE 79 | Pattern still forming (not broken out),3-4 years,Medium-High,"yfinance, screener.in",100,25,,2026-07-15,2026-06-15,30,0.7,4,2.0
SILVERTUC,Silver Touch Technologies Limited,Technology,Information Technology Services,2272.0,Small-Cap,MonthlyDoubleBottom,Forming,0.354,13,Sep 13mo | Mid rally 37% | Asymmetry 2%,,Sideways,False,False,Below-MAs,True,Downtrend,0,Uptrend,Uptrend,204.0,844.59,609.96,579.46,164.74,1079.22,386.94,252.48,429.0,130.0,63.77,,13.42,1.2,38.91,3.0,-20.63,,0,none,23.6,28.9,4.77,18.0,2.6,10.45,11.89,20.14,28.26,17.88,63.64,53.26,104.77,43.4,0.15,highly inconsistent earnings,0.2,,1.95,,7.3,0.32,74.62,0.01,,1.14,0.39,0.0,-0.04,1117.45,100.5,81.7,103.0,-69.78,337.87,0.41,0.46,7,40.0,9.75,3.0,0.0,52.8,WATCH ⭐⭐,Expected ~130% CAGR (2yr) | Revenue CAGR 28% | Profit CAGR 53% | ROE 24% | ROCE 29% | ROCE trend rising ↑,High PE 64 | Pattern still forming (not broken out),3-4 years,Medium-High,"yfinance, screener.in",100,104,,2026-07-15,2026-06-01,44,39.7,6,0.0
GRAVITA,Gravita India Limited,Industrials,Metal Fabrication,13508.0,Mid-Cap,MonthlyStage2,Stage Change,1.0,24,10-EMA=1676 | 30-EMA=1550 | Above by 19.7% | MA turning=Yes,MonthlyDoubleBottom+MonthlyStage2,Uptrend,True,False,Uptrend,True,Stage2,4,Uptrend,Uptrend,1854.6,1549.53,1318.1,1576.41,2296.28,2524.45,3464.45,2820.52,36.1,16.7,35.71,23.71,5.51,1.56,26.69,64.0,28.4,2080.33,9,strong_buy,16.8,17.0,-1.46,10.0,0.03,8.88,9.97,10.24,15.05,24.78,20.77,22.83,45.99,-3.4,0.15,highly inconsistent earnings,0.3,,2.91,,-231.15,-1.71,55.88,0.0,,13.94,-1.81,5.15,0.44,1949.0,1266.9,4.8,46.4,15.4,114.92,0.84,0.27,5,17.0,26.5,3.0,6.0,52.5,WATCH ⭐⭐,Expected ~17% CAGR (2yr) | Revenue CAGR 15% | Profit CAGR 23% | Low D/E 0.30 | Promoter 56% holding | Piotroski F=5 (above average quality),None identified,3-4 years,Medium-High,"yfinance, screener.in",100,189,,2026-07-15,2026-06-01,44,14.4,6,14.8
NESCO,Nesco Limited,Industrials,Conglomerates,7744.0,Small-Cap,MonthlyStage2,Stage Change,1.0,24,10-EMA=1182 | 30-EMA=1046 | Above by 20.3% | MA turning=Yes,MonthlyDoubleBottom+MonthlyStage2,Sideways-Above-MA,True,False,Constructive,True,Stage2,4,Uptrend,Uptrend,1258.6,1045.86,865.55,1069.81,2351.49,2642.61,2969.76,2642.61,110.0,44.9,18.76,16.11,2.58,1.52,13.54,64.0,29.4,1316.0,1,none,14.8,18.5,0.94,53.0,-2.11,40.01,10.08,27.32,19.51,26.21,10.13,12.38,19.15,5.0,0.15,highly inconsistent earnings,0.09,,0.83,,68.46,0.88,68.54,0.0,,4.63,-0.02,3.84,0.06,1638.9,996.0,23.2,26.4,16.34,80.31,0.36,0.51,5,23.0,22.5,5.0,2.0,52.5,WATCH ⭐⭐,Expected ~45% CAGR (2yr) | Revenue CAGR 20% | ROCE trend rising ↑ | Nearly debt-free | Promoter 69% holding | OPM 53%,Margin compression ↓,3-4 years,Medium-High,"yfinance, screener.in",100,218,,2026-07-15,2026-06-01,44,0.0,6,0.0
SUBROS,Subros Limited,Consumer Cyclical,Auto Parts,5360.0,Small-Cap,MonthlyDoubleBottom,Forming,1.0,17,Sep 17mo | Mid rally 113% | Asymmetry 3%,MonthlyDoubleBottom+MonthlyStage2,Sideways-Above-MA,True,False,Below-MAs,True,Stage2,3,Uptrend,Uptrend,814.45,432.61,200.73,692.28,2283.5,2449.07,5221.79,3453.11,200.7,73.4,32.36,21.74,4.31,0.63,16.33,37.0,54.87,943.0,3,strong_buy,14.7,19.8,3.03,9.0,0.31,4.41,6.24,11.52,10.21,15.9,9.93,51.22,28.71,6.8,0.15,highly inconsistent earnings,0.06,,1.61,,-89.81,-1.68,36.79,0.0,,32.79,0.01,10.76,-0.29,1213.7,622.1,32.9,30.9,-5.53,71.26,0.15,0.53,6,20.0,20.5,12.0,0.0,52.5,WATCH ⭐⭐,Expected ~73% CAGR (2yr) | Profit CAGR 51% | ROCE trend rising ↑ | Nearly debt-free | Piotroski F=6 (above average quality) | Dividend growing 55%/yr,Pattern still forming (not broken out),3-4 years,Medium-High,"yfinance, screener.in",100,253,,2026-07-15,2026-06-01,44,11.2,6,4.0
WHEELS,Wheels India Limited,Consumer Cyclical,Auto Parts,3697.0,Small-Cap,MonthlyDoubleBottom,Forming,1.0,33,Sep 33mo | Mid rally 148% | Asymmetry 5%,,Sideways-Above-MA,True,False,Constructive,False,Stage2,3,Uptrend,Uptrend,1484.1,1236.83,487.61,1261.48,5247.91,7650.4,11152.76,7650.4,415.5,127.0,23.87,40.59,3.55,0.52,,95.0,27.48,,0,none,15.8,18.8,2.6,8.0,0.37,3.19,,15.2,5.61,17.76,41.07,45.78,27.44,-9.8,0.15,highly inconsistent earnings,,,,,,,58.31,0.0,,1.15,-0.03,9.64,-0.17,1808.0,705.85,17.9,110.3,104.63,90.84,0.96,,2,17.0,22.5,6.0,7.0,52.5,WATCH ⭐⭐,Expected ~127% CAGR (2yr) | Profit CAGR 46% | ROCE trend rising ↑ | Promoter 58% holding | Dividend growing 27%/yr | PEG 0.52 — undervalued,Pattern still forming (not broken out),3-4 years,Medium-High,"yfinance, screener.in",70,289,,2026-07-15,2026-06-01,44,-5.1,6,-7.5
INDIAMART,IndiaMART InterMESH Limited,Communication Services,Internet Content & Information,11571.0,Mid-Cap,MonthlyDoubleBottom,Forming,0.735,33,Sep 33mo | Mid rally 78% | Asymmetry 5%,,Downtrend,False,False,Below-MAs,False,Downtrend,0,Uptrend,Uptrend,1923.4,3241.48,1779.33,1690.36,2801.28,4703.63,3946.91,3325.12,144.5,56.4,24.45,18.57,4.82,1.31,16.26,156.0,81.71,2324.56,18,buy,20.7,28.0,-0.4,30.0,-3.11,30.25,7.16,13.04,16.79,18.55,-13.79,18.7,11.15,-72.2,0.15,highly inconsistent earnings,0.01,,2.34,,503.42,4.35,49.12,0.0,,19.17,0.89,13.54,-2.87,2799.0,1860.0,31.3,3.4,-25.04,-61.07,0.26,0.24,5,32.0,12.32,8.0,0.0,52.3,WATCH ⭐⭐,Expected ~56% CAGR (2yr) | Revenue CAGR 17% | ROE 21% | ROCE 28% | Nearly debt-free | OPM 30%,Margin compression ↓ | Earnings due 2026-07-17 | Pattern still forming (not broken out),3-4 years,Medium-High,"yfinance, screener.in",100,85,2026-07-17,2026-07-15,2026-06-01,44,-3.0,6,0.0
DCBBANK,DCB Bank Limited,Financial Services,Banks - Regional,6077.0,Small-Cap,MonthlyDoubleBottom,Forming,1.0,22,Sep 22mo | Mid rally 152% | Asymmetry 1%,,Uptrend,True,False,Uptrend,True,Stage2,12,Uptrend,Uptrend,188.67,72.77,28.63,160.37,558.71,471.11,717.22,633.02,149.7,58.0,8.26,5.55,0.93,0.62,,78.0,5.07,228.24,17,strong_buy,11.97,,,34.23,,24.44,0.89,12.4,,,13.3,,,16.1,0.5,insufficient history,,,,,,,16.23,-0.01,,12.64,0.72,32.8,0.66,205.9,119.51,8.4,57.9,55.08,39.15,0.19,0.42,2,8.0,26.0,10.0,8.0,52.0,WATCH ⭐⭐,Expected ~58% CAGR (2yr) | OPM 34% | FII buying +0.7% ↑ | DII buying +0.7% ↑ | PEG 0.62 — undervalued | MonthlyDoubleBottom forming (22mo base),Pattern still forming (not broken out),3-4 years,Medium-High,"yfinance, screener.in",50,238,,2026-07-15,2026-06-01,44,6.6,6,2.0
DOMS,DOMS Industries Limited,Industrials,Business Equipment & Supplies,14421.0,Mid-Cap,MonthlyDoubleBottom,Forming,0.456,14,Sep 14mo | Mid rally 49% | Asymmetry 3%,MonthlyDoubleBottom+MonthlyStage2,Sideways,False,False,Below-MAs,True,Stage2,4,Uptrend,Uptrend,2376.2,3060.88,2023.9,2019.77,1803.06,4097.86,3168.84,2390.31,72.5,31.3,62.9,43.24,11.82,1.93,36.22,13.0,26.0,2798.82,11,buy,20.7,24.3,4.71,17.0,2.34,9.89,12.16,21.59,24.27,41.85,12.15,32.57,44.57,17.1,0.15,highly inconsistent earnings,0.11,,2.17,,-86.9,-0.6,70.38,0.0,,7.62,-0.76,19.14,0.86,2770.0,2023.9,14.2,17.4,-1.26,,0.13,-0.33,6,35.0,11.97,3.0,2.0,52.0,WATCH ⭐⭐,Expected ~31% CAGR (2yr) | Revenue CAGR 24% | Profit CAGR 33% | ROE 21% | ROCE 24% | ROCE trend rising ↑,High PE 63 | Pattern still forming (not broken out),3-4 years,Medium-High,"yfinance, screener.in",100,32,,2026-07-15,2026-06-01,44,2.0,6,3.0
KAPSTON,Kapston Services Limited,Industrials,Specialty Business Services,1264.0,Small-Cap,MonthlyDoubleBottom,Forming,0.622,14,Sep 14mo | Mid rally 72% | Asymmetry 9%,,Uptrend,True,False,Tight-Above-MAs,True,Stage2,4,Uptrend,Uptrend,325.05,65.23,36.33,276.29,323.18,402.03,500.13,402.03,23.7,11.2,45.04,,10.86,1.85,32.74,0.0,,,0,none,27.4,14.9,2.0,5.0,0.5,3.39,7.7,20.46,,,55.56,,,24.3,1.0,steady compounder (low CV),1.58,,1.43,,-17.41,-1.38,72.87,0.0,,,,,,439.0,231.58,26.0,40.4,43.92,332.06,0.43,0.17,5,20.0,22.96,1.0,8.0,52.0,WATCH ⭐⭐,Expected ~11% CAGR (2yr) | Revenue CAGR 17% | Profit CAGR 24% | ROE 27% | ROCE trend rising ↑ | Promoter 73% holding,High D/E 1.6 | Pattern still forming (not broken out),3-4 years,Medium-High,"yfinance, screener.in",80,98,,2026-07-15,2026-06-01,44,0.0,6,-7.0
RISHABH,Rishabh Instruments Limited,Technology,Scientific & Technical Instruments,2560.0,Small-Cap,MonthlyStage2,Breaking Out,1.0,24,10-EMA=417 | 30-EMA=404 | Above by 31.0% | MA turning=Yes,,Uptrend,True,True,Uptrend,True,Downtrend,0,Uptrend,Uptrend,529.2,403.96,209.95,449.82,666.67,786.21,927.17,786.21,48.6,21.9,31.45,21.02,3.42,1.75,19.22,30.0,,630.0,1,none,12.0,14.5,-0.69,16.0,-0.71,10.52,6.01,7.64,10.78,14.72,290.48,17.93,17.9,207.7,0.15,highly inconsistent earnings,0.11,,3.02,,-33.72,-1.32,69.55,-0.12,,0.1,-0.14,11.72,-0.85,692.8,272.3,23.6,94.3,87.26,,1.75,1.09,4,11.0,27.0,4.0,10.0,52.0,WATCH ⭐⭐,Expected ~22% CAGR (2yr) | Low D/E 0.11 | Promoter 70% holding | Margin compressing ↓ ⚠️ | MonthlyStage2 — Breaking Out | Weekly uptrend,Margin compression ↓,3-4 years,Medium-High,"yfinance, screener.in",100,33,,2026-07-15,2026-06-01,44,0.0,6,-1.0
SOLEX,SOLEX ENERGY LIMITED,Technology,Solar,1078.0,Small-Cap,None,,0.0,0,,,Downtrend,False,False,Below-MAs,False,Downtrend,0,Uptrend,Uptrend,1010.5,,,858.92,9670.44,30913.51,98821.2,30913.51,2959.2,453.1,11.22,,4.26,0.05,7.06,6.0,66.11,,0,none,46.3,35.8,6.0,11.0,1.5,5.93,11.92,144.41,115.35,,127.91,219.67,,304.5,0.75,consistent growth,1.32,,1.23,,-25.69,-2.38,66.15,0.0,,0.13,-0.12,0.81,-0.17,1985.0,795.45,49.1,27.0,-17.03,65.87,,-0.24,5,37.0,2.0,13.0,0.0,52.0,WATCH ⭐⭐,Expected ~453% CAGR (2yr) | Revenue CAGR 115% | Profit CAGR 220% | ROE 46% | ROCE 36% | ROCE trend rising ↑,High D/E 1.3,3-4 years,Medium-High,"yfinance, screener.in",100,101,,2026-07-15,2026-06-01,44,-24.9,6,-16.0
APARINDS,APAR Industries Limited,Industrials,Electrical Equipment & Parts,56477.0,Large-Cap,MonthlyDoubleBottom,Forming,0.535,45,Sep 45mo | Mid rally 63% | Asymmetry 10%,,Sideways-Above-MA,True,False,Tight-Above-MAs,True,Stage2,4,Uptrend,Uptrend,14058.0,837.93,488.3,11949.3,9146.59,11744.33,12151.13,10542.36,,,57.8,38.5,10.47,3.79,30.2,36.0,50.37,13547.29,7,buy,20.2,31.1,1.6,8.0,0.43,4.27,8.58,23.25,16.9,29.09,19.0,15.26,43.6,1.4,0.15,highly inconsistent earnings,0.18,,1.45,,-593.28,-1.05,57.77,0.0,,9.38,0.03,24.15,0.95,17157.0,6801.0,18.1,106.7,82.72,161.5,0.64,0.02,5,26.0,19.92,-1.0,7.0,51.9,WATCH ⭐⭐,Revenue CAGR 17% | ROE 20% | ROCE 31% | ROCE trend rising ↑ | Low D/E 0.18 | Promoter 58% holding,High PE 58 | Pattern still forming (not broken out),3-4 years,Medium-High,"yfinance, screener.in",100,265,,2026-07-15,2026-06-01,44,14.0,6,-5.0
NAZARA,Nazara Technologies Limited,Communication Services,Electronic Gaming & Multimedia,11273.0,Mid-Cap,MonthlyStage2,Stage Change,1.0,24,10-EMA=270 | 30-EMA=250 | Above by 17.8% | MA turning=Yes,MonthlyDoubleBottom+MonthlyStage2,Sideways-Above-MA,True,False,Constructive,True,Downtrend,0,Uptrend,Uptrend,294.95,250.43,217.27,250.71,872.87,697.22,1063.09,963.3,136.4,53.7,11.19,41.12,3.84,1.08,50.65,0.0,,298.1,10,buy,30.5,27.2,3.11,-2.0,-2.17,5.24,0.34,12.62,18.79,32.14,60.78,10.36,42.41,79471.4,0.15,highly inconsistent earnings,0.06,,2.05,,157.84,1.4,35.45,0.0,,13.3,1.32,2.16,-1.46,363.25,215.7,18.8,36.7,-1.43,40.11,1.27,0.07,6,25.0,21.5,4.0,1.0,51.5,WATCH ⭐⭐,Expected ~54% CAGR (2yr) | Revenue CAGR 19% | ROE 30% | ROCE 27% | ROCE trend rising ↑ | Nearly debt-free,Margin compression ↓,3-4 years,Medium-High,"yfinance, screener.in",100,63,,2026-07-15,2026-06-01,44,0.0,6,-2.0
RESPONIND,Responsive Industries Limited,Basic Materials,Specialty Chemicals,5022.0,Small-Cap,MonthlyDoubleBottom,Forming,1.0,42,Sep 42mo | Mid rally 183% | Asymmetry 1%,,Sideways-Above-MA,True,True,Constructive,True,Stage2,1,Uptrend,Uptrend,165.42,206.53,72.68,140.61,194.11,355.95,652.74,355.95,115.2,46.7,33.76,,3.21,0.4,21.4,5.0,0.0,,0,none,10.3,10.8,2.2,17.0,1.26,10.65,5.94,-1.69,12.69,13.02,-25.63,83.38,43.88,-57.9,0.15,highly inconsistent earnings,0.12,,6.16,,-50.99,-1.02,59.14,0.0,,32.2,0.97,3.22,-0.06,246.9,117.25,33.0,41.1,-22.45,-21.08,2.03,0.7,6,21.0,22.5,7.0,1.0,51.5,WATCH ⭐⭐,Expected ~47% CAGR (2yr) | Profit CAGR 83% | ROCE trend rising ↑ | Low D/E 0.12 | Promoter 59% holding | Piotroski F=6 (above average quality),Pattern still forming (not broken out),3-4 years,Medium-High,"yfinance, screener.in",100,188,,2026-07-15,2026-06-01,44,0.0,6,0.0
TANLA,Tanla Platforms Limited,Technology,Software - Application,7272.0,Small-Cap,MonthlyDoubleBottom,Forming,1.0,33,Sep 33mo | Mid rally 174% | Asymmetry 9%,,Uptrend,True,False,Uptrend,True,Downtrend,0,Uptrend,Uptrend,568.5,1955.0,684.52,650.29,1120.44,3225.48,1220.04,1169.18,467.4,138.2,14.39,12.27,2.93,3.31,9.8,218.0,14.47,571.5,2,none,21.4,26.3,-6.29,16.0,-0.83,11.53,10.8,9.68,9.61,13.54,0.39,4.35,7.41,14.5,0.15,highly inconsistent earnings,0.02,,2.3,,366.23,5.04,46.17,0.0,,7.63,0.03,0.38,0.1,766.0,365.9,25.8,55.4,-5.17,-63.9,0.27,0.66,4,22.0,25.5,4.0,0.0,51.5,WATCH ⭐⭐,Expected ~138% CAGR (2yr) | ROE 21% | ROCE 26% | Nearly debt-free | Margin compressing ↓ ⚠️ | FCF yield 5.0%,Margin compression ↓ | Earnings due 2026-07-23 | Pattern still forming (not broken out),3-4 years,Medium-High,"yfinance, screener.in",100,235,2026-07-23,2026-07-15,2026-06-01,44,8.6,6,7.0
KPITTECH,KPIT Technologies Limited,Technology,Software - Infrastructure,15292.0,Mid-Cap,MonthlyDoubleBottom,Forming,0.447,10,Sep 10mo | Mid rally 48% | Asymmetry 3%,,Sideways,False,False,Below-MAs,True,Downtrend,0,Uptrend,Uptrend,743.7,1906.37,1271.82,1208.23,1221.64,2540.92,1703.03,1442.39,241.7,84.8,24.15,16.41,4.32,1.34,10.96,151.0,-18.13,732.43,21,hold,21.0,26.3,3.31,19.0,0.86,9.87,10.63,10.49,24.25,25.96,-24.17,18.07,34.08,-33.4,0.15,highly inconsistent earnings,0.24,,1.03,,1172.31,7.67,39.41,0.0,,13.25,-0.32,24.65,-0.7,1328.0,543.35,44.0,36.9,-32.77,-53.43,1.77,-0.04,6,33.0,10.36,8.0,0.0,51.4,WATCH ⭐⭐,Expected ~85% CAGR (2yr) | Revenue CAGR 24% | ROE 21% | ROCE 26% | ROCE trend rising ↑ | Low D/E 0.24,Earnings due 2026-07-29 | Pattern still forming (not broken out),3-4 years,Medium-High,"yfinance, screener.in",100,86,2026-07-29,2026-07-15,2026-06-01,44,0.0,6,2.0
MRF,MRF Limited,Consumer Cyclical,Auto Parts,57012.0,Large-Cap,MonthlyDoubleBottom,Forming,0.547,40,Sep 40mo | Mid rally 61% | Asymmetry 6%,,Downtrend,False,False,Below-MAs,False,Stage2,3,Uptrend,Uptrend,126730.0,97766.92,58930.66,107720.5,461841.58,461198.88,993382.24,677336.86,263.9,90.8,23.47,16.3,2.72,0.5,11.22,35.0,-74.22,136991.9,10,hold,12.5,15.7,1.17,16.0,0.26,7.79,6.39,10.65,10.63,14.02,29.8,46.66,13.69,37.1,0.15,highly inconsistent earnings,0.15,,1.65,,2325.5,4.08,27.77,0.04,,17.98,-0.2,12.25,-0.25,163600.0,122000.0,22.5,3.9,-3.12,3.03,0.62,0.15,7,28.0,11.06,11.0,1.0,51.1,WATCH ⭐⭐,Expected ~91% CAGR (2yr) | Profit CAGR 47% | ROCE trend rising ↑ | Low D/E 0.15 | FCF yield 4.1% | Piotroski F=7 (high quality compounder),Earnings due 2026-05-07 | Pattern still forming (not broken out),3-4 years,Medium-High,"yfinance, screener.in",100,287,2026-05-07,2026-07-15,2026-06-01,44,0.0,6,-2.0
PANSARI,Pansari Developers Limited,Real Estate,Real Estate - Development,633.0,Small-Cap,MonthlyDoubleBottom,Forming,0.963,14,Sep 14mo | Mid rally 106% | Asymmetry 10%,,Downtrend,False,False,Below-MAs,False,Stage2,3,Uptrend,Uptrend,258.45,152.0,70.2,219.68,539.17,1161.59,2502.54,1161.59,349.4,112.0,37.18,,4.11,0.32,44.83,0.0,,,0,none,13.8,12.5,1.11,15.0,0.0,20.7,1.73,140.0,61.01,21.67,150.0,115.44,37.97,53.1,0.15,highly inconsistent earnings,0.65,,1.15,,-12.13,-1.92,73.88,0.0,,,,,,388.9,230.79,33.5,12.0,26.23,174.7,0.88,-0.44,3,23.0,15.06,7.0,6.0,51.1,WATCH ⭐⭐,Expected ~112% CAGR (2yr) | Revenue CAGR 61% | Profit CAGR 115% | ROCE trend rising ↑ | Promoter 74% holding | PEG 0.32 — deeply undervalued,Pattern still forming (not broken out),3-4 years,Medium-High,"yfinance, screener.in",100,111,,2026-07-15,2026-06-01,44,0.0,6,-5.0
TBOTEK,TBO TEK LIMITED,Consumer Cyclical,Travel Services,16070.0,Mid-Cap,MonthlyDoubleBottom,Forming,0.756,11,Sep 11mo | Mid rally 76% | Asymmetry 1%,,Sideways-Above-MA,True,False,Constructive,True,Stage2,3,Uptrend,Uptrend,1457.3,1764.8,996.0,1238.7,1145.26,2533.6,1598.17,1352.89,73.9,31.9,66.24,32.3,10.38,3.65,40.45,0.0,,1729.27,11,strong_buy,17.6,18.0,2.91,14.0,4.94,9.12,2.35,54.12,35.97,79.92,6.09,18.13,27.3,2.0,0.15,highly inconsistent earnings,0.49,,1.08,,961.73,5.98,44.4,0.0,,29.71,-1.14,20.34,1.33,1764.8,1004.2,17.4,45.1,12.37,,0.82,0.68,4,28.0,18.07,1.0,4.0,51.1,WATCH ⭐⭐,Expected ~32% CAGR (2yr) | Revenue CAGR 36% | ROCE trend rising ↑ | FCF yield 6.0% | DII buying +1.3% ↑ | MonthlyDoubleBottom forming (11mo base),High PE 66 | Pattern still forming (not broken out),3-4 years,Medium-High,"yfinance, screener.in",100,27,,2026-07-15,2026-06-01,44,23.7,6,13.0
CHOICEIN,Choice International Limited,Financial Services,Capital Markets,18602.0,Mid-Cap,None,,0.0,0,,,Sideways-Above-MA,True,False,Constructive,True,Stage2,12,Uptrend,Uptrend,835.0,,,709.75,382.62,605.68,958.8,605.68,,,74.62,55.56,9.88,1.28,,0.0,,,0,none,16.1,18.0,1.66,36.0,1.94,20.62,7.69,21.5,41.74,44.76,46.01,58.3,69.52,12.7,0.15,highly inconsistent earnings,0.5,,1.97,,,,53.66,0.0,,11.41,-0.75,0.35,0.05,860.5,568.7,3.0,46.8,5.8,333.38,,-0.37,5,33.0,9.0,4.0,5.0,51.0,WATCH ⭐⭐,Revenue CAGR 42% | Profit CAGR 58% | ROCE trend rising ↑ | Promoter 54% holding | OPM 36% | Piotroski F=5 (above average quality),High PE 75,3-4 years,Medium-High,"yfinance, screener.in",90,52,,2026-07-15,2026-06-01,44,26.7,6,9.0
DLINKINDIA,D-Link (India) Limited,Technology,Communication Equipment,1798.0,Small-Cap,MonthlyStage2,Breaking Out,1.0,24,10-EMA=458 | 30-EMA=421 | Above by 20.4% | MA turning=Yes,MonthlyCupHandle+MonthlyDoubleBottom+MonthlyStage2,Sideways-Above-MA,True,False,Constructive,False,Downtrend,0,Uptrend,Uptrend,506.45,420.68,352.15,430.48,883.08,940.84,1002.37,940.84,85.8,36.3,17.27,,3.56,2.64,12.82,751.0,40.1,,0,none,21.2,28.3,2.37,8.0,0.54,6.65,10.0,13.15,9.86,16.59,0.5,6.54,27.39,0.7,0.15,highly inconsistent earnings,0.03,,2.56,,-0.62,-0.03,51.02,0.0,,1.35,0.09,0.01,0.0,549.55,367.65,7.8,37.8,9.38,45.79,1.57,0.26,5,21.0,23.0,4.0,3.0,51.0,WATCH ⭐⭐,Expected ~36% CAGR (2yr) | ROE 21% | ROCE 28% | ROCE trend rising ↑ | Nearly debt-free | Promoter 51% holding,None identified,3-4 years,Medium-High,"yfinance, screener.in",100,200,,2026-07-15,2026-06-01,44,9.0,6,-1.2
PIDILITIND,Pidilite Industries Limited,Basic Materials,Specialty Chemicals,162691.0,Large-Cap,MonthlyDoubleBottom,Forming,0.288,29,Sep 29mo | Mid rally 33% | Asymmetry 4%,MonthlyDoubleBottom+MonthlyStage2,Sideways,False,False,Below-MAs,True,Stage2,1,Uptrend,Uptrend,1455.8,1695.86,1252.42,1237.43,585.98,2139.3,904.2,727.91,47.0,21.2,66.66,52.69,15.02,2.75,45.23,72.0,25.99,1636.05,20,buy,23.9,31.0,1.03,24.0,0.63,16.77,13.26,11.12,7.36,14.89,17.89,24.22,17.02,37.2,0.4,lumpy earner,0.04,,2.38,,1837.48,1.13,69.32,0.0,,11.75,-0.26,9.56,0.35,1626.7,1259.0,10.5,15.6,3.7,-8.79,1.29,0.36,6,35.0,10.96,0.0,5.0,51.0,WATCH ⭐⭐,Expected ~21% CAGR (2yr) | Profit CAGR 24% | ROE 24% | ROCE 31% | ROCE trend rising ↑ | Nearly debt-free,High PE 67 | Earnings due 2026-05-07 | Pattern still forming (not broken out),3-4 years,Medium-High,"yfinance, screener.in",100,287,2026-05-07,2026-07-15,2026-06-01,44,0.0,6,2.0
SARDAEN,Sarda Energy & Minerals Limited,Basic Materials,Steel,17653.0,Mid-Cap,MonthlyDoubleBottom,Forming,1.0,20,Sep 20mo | Mid rally 119% | Asymmetry 0%,,Downtrend,False,False,Below-MAs,False,Stage2,1,Uptrend,Uptrend,495.8,12.83,5.84,421.43,820.92,1005.22,1230.89,1005.22,102.7,42.4,15.97,10.58,2.4,0.71,10.09,30.0,25.99,,0,none,16.1,17.4,-1.03,31.0,0.2,19.43,8.41,22.55,10.55,20.94,57.98,22.45,24.15,45.9,0.15,highly inconsistent earnings,0.35,,4.5,,582.53,3.3,73.16,0.0,,3.51,0.01,3.47,0.15,639.75,429.3,22.5,15.5,-16.03,100.82,0.13,0.41,6,26.0,16.0,8.0,1.0,51.0,WATCH ⭐⭐,Expected ~42% CAGR (2yr) | Profit CAGR 22% | Promoter 73% holding | OPM 31% | FCF yield 3.3% | Piotroski F=6 (above average quality),Pattern still forming (not broken out),3-4 years,Medium-High,"yfinance, screener.in",100,200,,2026-07-15,2026-06-01,44,-7.8,6,-4.0
SHRIPISTON,SPR Auto Technologies Limited,Consumer Cyclical,Auto Parts,18455.0,Mid-Cap,None,,0.0,0,,,Uptrend,True,False,Tight-Above-MAs,True,Stage2,3,Uptrend,Uptrend,4240.5,,,3604.42,7393.58,9170.26,11373.87,9170.26,116.3,47.1,33.44,21.92,6.36,1.39,,24.0,-12.64,4850.0,1,none,21.4,20.8,2.29,20.0,1.37,8.02,,25.61,19.56,22.8,8.72,24.03,44.52,-50.6,0.4,lumpy earner,,,1.94,,,,43.75,0.0,,7.65,1.03,12.89,-0.25,4421.5,2301.2,4.1,84.3,69.95,270.38,,,4,24.0,15.0,4.0,8.0,51.0,WATCH ⭐⭐,Expected ~47% CAGR (2yr) | Revenue CAGR 20% | Profit CAGR 24% | ROE 21% | ROCE 21% | ROCE trend rising ↑,None identified,3-4 years,Medium-High,"yfinance, screener.in",70,122,,2026-07-15,2026-06-01,44,27.9,6,3.0
SMSPHARMA,SMS Pharmaceuticals Limited,Healthcare,Drug Manufacturers - General,3771.0,Small-Cap,MonthlyDoubleBottom,Forming,1.0,9,Sep 9mo | Mid rally 126% | Asymmetry 1%,MonthlyCupHandle+MonthlyDoubleBottom,Uptrend,True,False,Tight-Above-MAs,True,Stage2,6,Uptrend,Uptrend,397.95,397.02,174.82,338.26,572.65,676.01,798.03,676.01,69.9,30.3,36.12,,4.92,2.0,23.35,10.0,10.06,,0,none,14.3,13.3,-0.34,19.0,-0.6,11.5,6.53,13.28,19.33,9.52,47.83,18.05,26.09,61.0,0.15,highly inconsistent earnings,0.47,,1.81,,-95.11,-2.52,68.07,0.0,,0.65,0.34,2.83,-0.19,447.8,207.99,11.1,91.3,69.15,186.71,0.35,0.3,4,14.0,27.0,2.0,8.0,51.0,WATCH ⭐⭐,Expected ~30% CAGR (2yr) | Revenue CAGR 19% | Promoter 68% holding | Margin compressing ↓ ⚠️ | Dividend growing 10%/yr | MonthlyDoubleBottom forming (9mo base),Margin compression ↓ | Pattern still forming (not broken out),3-4 years,Medium-High,"yfinance, screener.in",100,234,,2026-07-15,2026-06-01,44,-3.0,6,5.0
SIGMA,Sigma Solve Limited,Technology,Information Technology Services,394.0,Micro-Cap,MonthlyDoubleBottom,Forming,0.616,13,Sep 13mo | Mid rally 71% | Asymmetry 9%,,Downtrend,False,False,Below-MAs,False,Downtrend,0,Uptrend,Uptrend,37.88,307.38,171.56,162.98,75.76,443.2,91.77,83.38,1070.0,242.1,16.53,,5.13,1.64,13.71,13.0,35.72,,0,none,37.8,48.3,0.66,30.0,-1.14,24.97,22.7,26.32,19.68,35.52,26.32,10.06,36.85,-21.4,0.15,highly inconsistent earnings,0.03,,5.24,,17.02,4.32,73.21,0.0,,0.0,0.0,0.02,0.02,65.5,35.46,42.2,6.8,-4.74,-116.73,0.11,0.14,6,35.0,9.89,6.0,0.0,50.9,WATCH ⭐⭐,Expected ~242% CAGR (2yr) | Revenue CAGR 20% | ROE 38% | ROCE 48% | ROCE trend rising ↑ | Nearly debt-free,Margin compression ↓ | Pattern still forming (not broken out),3-4 years,Medium-High,"yfinance, screener.in",100,69,,2026-07-15,2026-06-01,44,-7.9,6,-1.0
GANDHITUBE,Gandhi Special Tubes Limited,Industrials,Metal Fabrication,1039.0,Small-Cap,MonthlyDoubleBottom,Forming,0.848,34,Sep 34mo | Mid rally 86% | Asymmetry 1%,,Uptrend,True,False,Constructive,False,Stage2,4,Uptrend,Uptrend,855.15,515.59,276.77,726.88,1406.75,1406.75,1406.75,1406.75,64.5,28.3,15.2,,3.29,,12.28,175.0,14.47,,0,none,23.51,,,39.49,,35.65,16.0,8.9,,,-21.5,,,-21.6,0.5,insufficient history,0.0,,6.11,,47.37,4.56,73.52,0.0,,1.23,0.0,0.06,-0.03,1031.8,649.5,17.1,31.7,3.6,-1.94,0.1,0.76,4,21.0,23.68,4.0,2.0,50.7,WATCH ⭐⭐,Expected ~28% CAGR (2yr) | Declining profits (-22% CAGR) ⚠️ | ROE 24% | Nearly debt-free | Promoter 74% holding | OPM 39%,Pattern still forming (not broken out),3-4 years,Medium-High,"yfinance, screener.in",70,235,,2026-07-15,2026-06-01,44,-2.0,6,3.0
AEROFLEX,Aeroflex Industries Limited,Industrials,Metal Fabrication,5473.0,Small-Cap,MonthlyStage2,Stage Change,1.0,24,10-EMA=315 | 30-EMA=235 | Above by 75.9% | MA turning=Yes,MonthlyDoubleBottom+MonthlyStage2,Sideways-Above-MA,True,False,Constructive,False,Stage2,4,Uptrend,Uptrend,413.55,235.12,165.64,351.52,188.83,304.6,286.29,232.51,,,97.08,45.45,12.24,4.2,55.83,10.0,20.0,410.0,1,none,14.1,18.9,-1.14,23.0,1.09,12.56,9.29,17.55,18.0,25.14,5.66,23.13,56.32,57.0,0.15,highly inconsistent earnings,0.02,,2.92,,-14.26,-0.26,65.47,-1.52,,1.49,0.5,3.8,0.25,521.9,158.0,20.8,161.7,143.57,128.37,0.4,0.77,5,22.0,22.5,-1.0,7.0,50.5,WATCH ⭐⭐,Revenue CAGR 18% | Profit CAGR 23% | Nearly debt-free | Promoter 65% holding | Piotroski F=5 (above average quality) | Dividend growing 20%/yr,High PE 97,3-4 years,Medium-High,"yfinance, screener.in",100,36,,2026-07-15,2026-06-01,44,8.3,6,-8.5
DHANUKA,Dhanuka Agritech Limited,Basic Materials,Agricultural Inputs,4662.0,Small-Cap,MonthlyDoubleBottom,Forming,1.0,24,Sep 24mo | Mid rally 117% | Asymmetry 4%,,Downtrend,False,False,Below-MAs,False,Stage2,1,Uptrend,Uptrend,1045.9,1975.0,889.6,889.02,1546.95,3060.4,1955.42,1739.23,192.6,71.1,16.42,13.44,2.8,1.32,11.03,19.0,-47.72,1401.88,8,buy,22.0,28.3,-0.57,20.0,0.66,14.22,10.87,15.69,11.25,12.69,24.27,12.43,16.07,29.5,0.15,highly inconsistent earnings,0.02,,4.09,,112.15,2.41,69.72,0.0,,1.93,-0.21,19.43,0.65,1975.0,889.6,47.0,17.6,-33.73,8.18,0.16,0.3,6,27.0,16.5,7.0,0.0,50.5,WATCH ⭐⭐,Expected ~71% CAGR (2yr) | ROE 22% | ROCE 28% | Nearly debt-free | Promoter 70% holding | Piotroski F=6 (above average quality),Pattern still forming (not broken out),3-4 years,Medium-High,"yfinance, screener.in",100,182,,2026-07-15,2026-06-01,44,-11.5,6,-2.0
ELECTHERM,Electrotherm (India) Limited,Basic Materials,Steel,1427.0,Small-Cap,MonthlyStage2,Stage Change,1.0,24,10-EMA=921 | 30-EMA=802 | Above by 39.6% | MA turning=Yes,MonthlyDoubleBottom+MonthlyStage2,Uptrend,True,False,Tight-Above-MAs,True,Stage2,1,Uptrend,Uptrend,1119.5,801.65,555.35,951.57,,1047.95,,,,,,,-9.27,,55.98,0.0,0.0,,0,none,,0.45,2.31,1.0,-0.46,-0.42,-0.01,-10.28,6.3,7.95,-103.62,164.08,171.43,-92.7,0.2,multiple loss years in history,,,0.53,,250.96,17.59,29.9,0.0,,5.86,-0.03,0.8,-0.05,1277.0,551.0,12.3,103.2,32.47,701.39,0.3,0.7,3,15.0,28.5,-1.0,8.0,50.5,WATCH ⭐⭐,Profit CAGR 164% | ROCE trend rising ↑ | FCF yield 17.6% | MonthlyStage2 forming (24mo base) | Weekly uptrend | Tight daily consolidation above MAs,None identified,3-4 years,Medium-High,"yfinance, screener.in",70,228,,2026-07-15,2026-06-01,44,60.1,6,15.5
LINCOLN,Lincoln Pharmaceuticals Limited,Healthcare,Drug Manufacturers - Specialty & Generic,1233.0,Small-Cap,MonthlyStage2,Stage Change,1.0,24,10-EMA=592 | 30-EMA=559 | Above by 27.2% | MA turning=Yes,MonthlyCupHandle+MonthlyDoubleBottom+MonthlyStage2,Uptrend,True,True,Tight-Above-MAs,True,Stage2,6,Uptrend,Uptrend,710.35,558.63,456.45,603.8,2060.19,2192.66,2333.65,2192.66,208.7,75.7,14.02,,1.63,2.18,10.19,29.0,6.27,,0,none,12.3,16.3,-1.89,15.0,-1.23,13.1,6.16,7.7,9.58,9.62,7.32,6.43,7.26,0.5,0.15,highly inconsistent earnings,0.01,,5.25,,2.59,0.21,49.78,0.0,,5.2,0.5,1.08,1.07,770.0,440.0,7.7,61.4,33.68,54.55,0.77,0.36,4,11.0,28.5,4.0,7.0,50.5,WATCH ⭐⭐,Expected ~76% CAGR (2yr) | Nearly debt-free | Margin compressing ↓ ⚠️ | DII buying +1.1% ↑ | EV/EBITDA 10× below sector (22×) | MonthlyStage2 forming (24mo base),Margin compression ↓,3-4 years,Medium-High,"yfinance, screener.in",100,126,,2026-07-15,2026-06-01,44,0.0,6,2.0
MOTILALOFS,Motilal Oswal Financial Services Limited,Financial Services,Capital Markets,58971.0,Large-Cap,MonthlyDoubleBottom,Forming,1.0,40,Sep 40mo | Mid rally 267% | Asymmetry 2%,MonthlyDoubleBottom+MonthlyStage2,Sideways-Above-MA,True,False,Below-MAs,True,Stage2,12,Uptrend,Uptrend,850.95,1525.03,411.93,723.31,720.54,2638.13,1144.66,908.17,210.0,76.1,32.15,16.35,4.57,1.23,,112.0,33.89,1113.0,5,strong_buy,15.5,12.7,-1.06,41.0,-1.26,23.22,4.83,12.48,30.95,20.94,-25.36,26.04,8.15,,0.15,highly inconsistent earnings,1.66,,1.15,,,,67.54,-0.08,,7.03,0.1,6.02,-0.4,1097.1,614.9,22.4,38.4,6.31,-2.89,0.5,0.2,2,19.0,21.5,7.0,3.0,50.5,WATCH ⭐⭐,Expected ~76% CAGR (2yr) | Revenue CAGR 31% | Profit CAGR 26% | Promoter 68% holding | OPM 41% | Margin compressing ↓ ⚠️,High D/E 1.7 | Margin compression ↓ | Pattern still forming (not broken out),3-4 years,Medium-High,"yfinance, screener.in",90,225,,2026-07-15,2026-06-01,44,0.0,6,1.0
SBCL,Shivalik Bimetal Controls Limited,Industrials,Metal Fabrication,4303.0,Small-Cap,MonthlyStage2,Stage Change,1.0,24,10-EMA=599 | 30-EMA=529 | Above by 39.8% | MA turning=Yes,MonthlyDoubleBottom+MonthlyStage2,Uptrend,True,False,Uptrend,True,Stage2,4,Uptrend,Uptrend,740.0,529.49,387.85,629.0,499.33,671.13,568.59,532.84,,,44.84,29.88,8.9,6.68,32.53,55.0,18.56,777.0,1,strong_buy,21.8,26.8,-0.43,23.0,0.4,16.79,12.78,12.4,6.7,22.86,24.68,6.71,30.88,23.7,0.15,highly inconsistent earnings,0.15,,3.47,,-2.47,-0.06,33.36,0.18,,1.73,-0.86,20.0,0.29,814.0,368.6,9.1,100.8,53.79,1.9,1.16,0.57,4,17.0,26.5,-1.0,8.0,50.5,WATCH ⭐⭐,ROE 22% | ROCE 27% | Low D/E 0.15 | Dividend growing 19%/yr | MonthlyStage2 forming (24mo base) | Weekly uptrend,None identified,3-4 years,Medium-High,"yfinance, screener.in",100,62,,2026-07-15,2026-06-01,44,16.9,6,2.0
SUZLON,Suzlon Energy Limited,Industrials,Specialty Industrial Machinery,74107.0,Large-Cap,MonthlyDoubleBottom,Forming,1.0,15,Sep 15mo | Mid rally 155% | Asymmetry 7%,MonthlyDoubleBottom+MonthlyStage2,Sideways-Above-MA,True,False,Constructive,False,Stage2,4,Uptrend,Uptrend,53.33,419.96,159.56,151.58,62.52,680.36,66.45,64.45,1175.8,257.2,23.34,23.2,7.84,7.55,23.93,0.0,0.0,65.85,13,strong_buy,40.6,35.1,4.74,18.0,0.6,18.97,10.78,53.65,40.98,37.98,52.65,3.09,30.0,-5.7,0.15,highly inconsistent earnings,0.06,,1.65,,-430.29,-0.58,11.73,0.0,,23.85,0.12,9.18,-0.05,68.3,38.19,21.9,39.6,-4.59,91.5,0.32,0.69,6,26.0,21.5,2.0,1.0,50.5,WATCH ⭐⭐,Expected ~257% CAGR (2yr) | Revenue CAGR 41% | ROE 41% | ROCE 35% | ROCE trend rising ↑ | Nearly debt-free,Earnings due 2026-08-12 | Pattern still forming (not broken out),3-4 years,Medium-High,"yfinance, screener.in",100,250,2026-08-12,2026-07-15,2026-06-01,44,0.8,6,0.0
TECHNOE,Techno Electric & Engineering Company Limited,Industrials,Engineering & Construction,12214.0,Mid-Cap,MonthlyDoubleBottom,Forming,1.0,34,Sep 34mo | Mid rally 107% | Asymmetry 4%,,Downtrend,False,False,Below-MAs,False,Stage2,4,Uptrend,Uptrend,1052.9,409.79,194.21,894.97,1896.64,2135.64,3526.1,2586.07,102.8,42.4,27.25,16.88,2.94,0.75,21.55,86.0,65.1,1460.0,3,none,11.4,14.8,0.6,14.0,-1.43,14.57,5.06,43.32,57.65,29.76,12.06,36.35,21.1,-15.0,0.15,highly inconsistent earnings,0.02,,4.06,,-870.88,-7.13,56.93,0.0,,8.65,0.12,22.72,-0.33,1589.1,870.0,33.7,21.0,-29.06,75.63,0.24,0.77,4,25.0,16.5,9.0,0.0,50.5,WATCH ⭐⭐,Expected ~42% CAGR (2yr) | Revenue CAGR 58% | Profit CAGR 36% | ROCE trend rising ↑ | Nearly debt-free | Promoter 57% holding,Margin compression ↓ | Pattern still forming (not broken out),3-4 years,Medium-High,"yfinance, screener.in",100,232,,2026-07-15,2026-06-01,44,-11.8,6,3.0
XCHANGING,Xchanging Solutions Limited,Technology,Information Technology Services,722.0,Small-Cap,MonthlyDoubleBottom,Forming,1.0,32,Sep 32mo | Mid rally 210% | Asymmetry 1%,,Sideways,False,False,Below-MAs,True,Downtrend,0,Uptrend,Uptrend,65.25,80.36,25.74,55.46,174.8,191.32,209.4,191.32,193.2,71.2,12.14,,1.82,1.29,7.02,308.0,-89.47,,0,none,15.8,18.0,1.23,34.0,0.66,29.3,8.34,9.73,5.27,0.7,18.0,9.45,-0.99,10.9,0.15,highly inconsistent earnings,0.18,,4.97,,29.48,4.08,75.0,0.0,,0.11,0.1,0.29,0.0,103.0,47.5,36.7,37.4,-23.06,-42.71,0.24,0.59,6,24.0,18.5,8.0,0.0,50.5,WATCH ⭐⭐,Expected ~71% CAGR (2yr) | ROCE trend rising ↑ | Low D/E 0.18 | Promoter 75% holding | OPM 34% | FCF yield 4.1%,Pattern still forming (not broken out),3-4 years,Medium-High,"yfinance, screener.in",100,257,,2026-07-15,2026-06-01,44,-2.1,6,0.0
BETA,BETA DRUGS LIMITED,Healthcare,Drug Manufacturers - Specialty & Generic,2389.0,Small-Cap,MonthlyStage2,Breaking Out,1.0,24,10-EMA=1735 | 30-EMA=1561 | Above by 51.6% | MA turning=Yes,MonthlyDoubleBottom+MonthlyStage2,Uptrend,True,False,Tight-Above-MAs,True,Stage2,6,Uptrend,Uptrend,2366.8,1561.16,1051.6,2011.78,1792.86,2070.72,2160.3,1968.03,,,57.8,,9.8,5.92,31.99,0.0,,,0,none,18.8,19.2,-1.23,20.0,-0.4,10.78,7.85,6.35,19.26,27.12,-2.38,9.77,27.86,0.2,0.15,highly inconsistent earnings,0.6,,3.1,,-33.59,-1.41,59.1,-5.53,,2.95,1.79,6.01,3.86,2395.0,990.1,1.2,139.0,27.2,112.92,1.51,-0.52,4,12.0,30.0,0.0,8.0,50.0,WATCH ⭐⭐,Revenue CAGR 19% | Promoter 59% holding | FII buying +1.8% ↑ | DII buying +3.9% ↑ | MonthlyStage2 — Breaking Out | Weekly uptrend,High PE 58,3-4 years,Medium-High,"yfinance, screener.in",100,106,,2026-07-15,2026-06-15,30,33.6,4,9.0
EMCURE,EMCURE PHARMACEUTICALS L,Healthcare,Drug Manufacturers - Specialty & Generic,34416.0,Large-Cap,None,,0.0,0,,,Uptrend,True,False,Tight-Above-MAs,True,Stage2,6,Uptrend,Uptrend,1814.4,,,1542.24,2572.06,2597.99,3627.0,3054.32,43.2,19.7,37.17,24.29,6.95,1.98,20.01,17.0,,1913.5,6,strong_buy,20.1,24.0,-0.2,20.0,-0.97,10.04,9.62,16.57,15.42,12.83,33.1,18.75,17.56,28.8,0.15,highly inconsistent earnings,0.31,,1.43,,311.29,0.9,77.87,0.0,,3.35,-0.24,6.1,0.0,1944.0,1260.0,6.7,44.0,31.38,,,,4,22.0,15.0,5.0,8.0,50.0,WATCH ⭐⭐,Expected ~20% CAGR (2yr) | Revenue CAGR 15% | ROE 20% | ROCE 24% | Promoter 78% holding | Margin compressing ↓ ⚠️,Margin compression ↓,3-4 years,Medium-High,"yfinance, screener.in",100,25,,2026-07-15,2026-06-15,30,4.5,4,1.0
PITTIENG,Pitti Engineering Limited,Industrials,Metal Fabrication,3576.0,Small-Cap,MonthlyDoubleBottom,Forming,1.0,23,Sep 23mo | Mid rally 133% | Asymmetry 9%,MonthlyCupHandle+MonthlyDoubleBottom+MonthlyStage2,Sideways-Above-MA,True,True,Constructive,True,Stage2,4,Uptrend,Uptrend,921.65,1510.04,621.3,783.4,1371.2,2398.78,2176.58,1727.58,160.3,61.3,30.49,19.94,3.62,1.17,11.92,15.0,6.27,1178.0,1,none,12.5,14.8,-0.7,16.0,0.34,6.16,7.58,12.2,20.26,29.86,-3.28,25.99,32.4,-26.4,0.15,highly inconsistent earnings,0.82,,1.4,,-25.93,-0.73,54.17,0.0,,1.12,0.19,20.23,0.0,1044.4,675.0,11.8,36.5,-1.28,128.8,0.57,0.27,4,18.0,22.0,8.0,2.0,50.0,WATCH ⭐⭐,Expected ~61% CAGR (2yr) | Revenue CAGR 20% | Profit CAGR 26% | Promoter 54% holding | PEG 1.17 — fair value | EV/EBITDA 12× below sector (18×),Pattern still forming (not broken out),3-4 years,Medium-High,"yfinance, screener.in",100,232,,2026-07-15,2026-06-01,44,0.0,6,0.0
YATHARTH,Yatharth Hospital & Trauma Care Services Limited,Healthcare,Medical Care Facilities,7995.0,Small-Cap,None,,0.0,0,,,Uptrend,True,False,Uptrend,True,Stage2,6,Uptrend,Uptrend,844.35,,,717.7,1330.65,1488.83,2500.41,1824.05,76.3,32.8,45.67,26.3,4.73,1.23,25.24,0.0,,986.0,4,strong_buy,10.4,12.4,-1.97,24.0,-1.46,14.22,7.17,40.35,36.17,41.21,29.77,37.08,53.42,22.7,0.4,lumpy earner,0.15,,3.87,,-88.68,-1.11,55.8,0.0,,5.25,-0.93,12.0,0.98,889.9,538.25,5.1,56.9,22.38,99.55,,0.95,4,25.0,13.0,6.0,6.0,50.0,WATCH ⭐⭐,Expected ~33% CAGR (2yr) | Revenue CAGR 36% | Profit CAGR 37% | Low D/E 0.15 | Promoter 56% holding | Margin compressing ↓ ⚠️,Margin compression ↓,3-4 years,Medium-High,"yfinance, screener.in",100,36,,2026-07-15,2026-06-01,44,1.4,6,-14.0
