Stock,Company_Name,Sector,Industry,Market_Cap_Cr,Cap_Class,Monthly_Pattern,Monthly_Pattern_Status,Monthly_Pattern_Quality,Monthly_Pattern_Duration_Mo,Monthly_Pattern_Details,Converging_Signals,Weekly_Trend,Weekly_Above_40MA,Weekly_Volume_Expanding,Daily_Setup,Daily_Above_50MA,Sector_Trend,Sector_Stage2_Age_Mo,Index_Regime,Nifty_Monthly_Trend,CMP,Breakout_Zone,Pattern_Bottom,Stop_Loss,Target_1yr,Target_2yr,Target_3yr,Fair_Value_Estimate,Upside_Potential_Pct,Expected_CAGR_2yr_Pct,PE_Ratio,Forward_PE,PB_Ratio,PEG_Ratio,EV_EBITDA,Dividend_Yield_Pct,Dividend_Growth_3yr_Pct,Analyst_Target,Analyst_Count,Analyst_Recommendation,ROE_Pct,ROCE_Pct,ROCE_Trend,Operating_Margin_Pct,OPM_Trend,Net_Margin_Pct,Return_on_Assets_Pct,Revenue_Growth_TTM_Pct,Revenue_Growth_3yr_CAGR,Revenue_Growth_5yr_CAGR,Profit_Growth_TTM_Pct,Profit_Growth_3yr_CAGR,Profit_Growth_5yr_CAGR,EPS_Growth_Quarterly_Pct,EPS_Consistency_Score,EPS_Consistency_Desc,Debt_to_Equity,DE_Trend,Current_Ratio,Interest_Coverage,Free_Cashflow_Cr,FCF_Yield_Pct,Promoter_Holding_Pct,Promoter_Change_QoQ,Promoter_Pledge_Pct,FII_Holding_Pct,FII_Change_QoQ,DII_Holding_Pct,DII_Change_QoQ,52wk_High,52wk_Low,Dist_From_52wk_High_Pct,Dist_From_52wk_Low_Pct,RS_vs_Nifty_1yr_Pct,RS_vs_Nifty_3yr_Pct,Monthly_Vol_Surge,Beta,Piotroski_F_Score,Fundamental_Score_40,Technical_Score_30,Valuation_Score_20,Momentum_Score_10,Overall_Score_100,Rating_Grade,Why_Buy,Key_Risks,Investment_Horizon,Risk_Level,Data_Sources,Data_Quality_Pct,Monthly_Bars,Next_Earnings,Scan_Date,First_Seen_Date,Days_On_Watchlist,Price_Change_Since_First_Pct,Times_Scanned,Score_vs_First
STOVEKRAFT,Stove Kraft Limited,Consumer Cyclical,"Furnishings, Fixtures & Appliances",2645.0,Small-Cap,MonthlyStage2,Stage Change,1.0,24,10-EMA=640 | 30-EMA=623 | Above by 24.4% | MA turning=Yes,MonthlyDoubleBottom+MonthlyStage2,Uptrend,True,False,Tight-Above-MAs,True,Stage2,3,Uptrend,Uptrend,774.95,623.06,453.5,658.71,3073.96,7958.35,53171.12,12784.59,927.0,220.5,62.91,31.41,5.24,0.2,16.42,44.0,20.0,719.0,3,none,67.5,31.8,7.4,13.0,2.86,2.61,4.55,28.21,17.91,11.48,2600.0,,,317.9,0.2,multiple loss years in history,0.23,,0.97,,141.1,5.33,55.79,0.0,,0.81,-0.06,7.97,-0.37,828.0,447.05,6.4,73.3,22.78,21.74,0.34,0.41,6,40.0,28.5,13.0,8.0,89.5,STRONG BUY ⭐⭐⭐⭐⭐,Expected ~220% CAGR (2yr) | Revenue CAGR 18% | Profit CAGR 316% | ROE 68% | ROCE 32% | ROCE trend rising ↑,High PE 63,1-3 years,Low-Medium,"yfinance, screener.in",90,66,,2026-07-18,2026-06-01,47,43.4,7,10.0
LUPIN,Lupin Limited,Healthcare,Drug Manufacturers - Specialty & Generic,114140.0,Large-Cap,MonthlyDoubleBottom,Forming,0.974,41,Sep 41mo | Mid rally 98% | Asymmetry 1%,,Sideways-Above-MA,True,True,Constructive,False,Stage2,6,Uptrend,Uptrend,2287.4,1234.32,618.72,1944.29,12795.24,18546.39,66888.74,29255.05,710.8,184.7,21.46,24.4,5.08,0.17,13.67,72.0,44.22,2483.41,37,buy,29.1,30.3,5.69,32.0,4.29,19.07,12.76,23.12,18.88,13.02,61.98,128.64,54.16,89.0,0.15,highly inconsistent earnings,0.29,,1.9,,4926.22,4.32,46.85,-0.04,,21.7,0.2,25.32,-0.26,2526.9,1836.8,9.5,24.5,26.48,134.47,1.09,0.18,7,40.0,22.19,13.0,8.0,83.2,STRONG BUY ⭐⭐⭐⭐⭐,Expected ~185% CAGR (2yr) | Revenue CAGR 19% | Profit CAGR 129% | ROE 29% | ROCE 30% | ROCE trend rising ↑,Earnings due 2026-08-05 | Pattern still forming (not broken out),1-3 years,Low-Medium,"yfinance, screener.in",100,297,2026-08-05,2026-07-18,2026-06-01,47,0.0,7,2.0
JINDRILL,Jindal Drilling & Industries Limited,Energy,Oil & Gas Equipment & Services,1748.0,Small-Cap,MonthlyDoubleBottom,Forming,1.0,21,Sep 21mo | Mid rally 456% | Asymmetry 0%,MonthlyDoubleBottom+MonthlyStage2,Uptrend,True,False,Constructive,True,Stage2,1,Uptrend,Uptrend,655.45,1032.12,185.38,557.13,1842.12,2386.84,3092.63,2386.84,264.2,90.8,8.3,,0.96,0.28,4.24,17.0,25.99,,0,none,12.5,15.4,2.69,35.0,3.43,21.13,4.92,20.41,24.87,20.16,-2.31,29.57,25.42,-36.6,0.15,highly inconsistent earnings,0.05,,1.58,,130.28,7.45,66.78,0.34,,0.62,-0.23,0.0,0.0,693.5,440.1,5.5,48.9,10.86,69.85,8.92,-0.34,7,40.0,25.0,14.0,4.0,83.0,STRONG BUY ⭐⭐⭐⭐⭐,Expected ~91% CAGR (2yr) | Revenue CAGR 25% | Profit CAGR 30% | ROCE trend rising ↑ | Nearly debt-free | Promoter 67% holding,Pattern still forming (not broken out),1-3 years,Low-Medium,"yfinance, screener.in",100,261,,2026-07-18,2026-06-01,47,0.0,7,0.0
CONSOFINVT,Consolidated Finvest & Holdings Limited,Financial Services,Capital Markets,851.0,Small-Cap,MonthlyStage2,Stage Change,1.0,24,10-EMA=217 | 30-EMA=198 | Above by 32.7% | MA turning=Yes,MonthlyCupHandle+MonthlyDoubleBottom+MonthlyStage2,Uptrend,True,True,Uptrend,True,Stage2,12,Uptrend,Uptrend,263.33,198.41,164.27,223.83,782.27,1447.67,2679.06,1447.67,449.8,134.5,13.46,,0.73,0.16,13.78,43.0,33.9,,0,none,33.6,34.5,,99.18,,86.77,3.22,-87.62,17.57,-0.75,1.58,85.06,53.39,-40.0,0.2,multiple loss years in history,,,190.33,,36.74,4.32,74.89,0.0,,2.58,-1.6,0.02,0.0,269.0,152.0,2.1,73.2,44.02,62.5,0.85,0.53,3,34.0,26.5,12.0,10.0,82.5,STRONG BUY ⭐⭐⭐⭐⭐,Expected ~134% CAGR (2yr) | Revenue CAGR 18% | Profit CAGR 85% | ROE 34% | ROCE 34% | Promoter 75% holding,None identified,1-3 years,Low-Medium,"yfinance, screener.in",90,289,,2026-07-18,2026-06-01,47,13.9,7,7.0
LUMAXTECH,Lumax Auto Technologies Limited,Consumer Cyclical,Auto Parts,10162.0,Mid-Cap,MonthlyDoubleBottom,Forming,1.0,33,Sep 33mo | Mid rally 205% | Asymmetry 2%,,Sideways-Above-MA,True,False,Constructive,False,Stage2,3,Uptrend,Uptrend,1626.1,194.78,63.18,1382.18,3702.9,4033.88,7763.89,5361.8,148.1,57.5,36.5,23.36,8.4,0.81,17.18,37.0,16.26,2042.0,5,strong_buy,26.8,21.4,1.4,14.0,1.03,5.73,8.34,33.9,38.15,34.46,47.16,44.8,45.89,50.9,1.0,steady compounder (low CV),0.83,,1.06,,65.65,0.65,55.98,0.0,,8.38,0.38,16.81,0.29,1898.0,954.1,14.3,70.4,46.64,349.82,0.45,0.43,6,39.0,22.5,13.0,7.0,81.5,STRONG BUY ⭐⭐⭐⭐⭐,Expected ~58% CAGR (2yr) | Revenue CAGR 38% | Profit CAGR 45% | ROE 27% | ROCE 21% | ROCE trend rising ↑,Pattern still forming (not broken out),2-3 years,Medium,"yfinance, screener.in",100,233,,2026-07-18,2026-06-01,47,0.0,7,5.0
MCX,Multi Commodity Exchange of India Limited,Financial Services,Financial Data & Stock Exchanges,70518.0,Large-Cap,MonthlyDoubleBottom,Forming,0.968,25,Sep 25mo | Mid rally 104% | Asymmetry 7%,,Uptrend,True,False,Uptrend,True,Stage2,12,Uptrend,Uptrend,3414.7,251.5,119.52,2902.49,2877.88,4955.71,12395.86,5972.76,45.1,20.5,53.19,33.57,16.76,0.49,37.62,22.0,19.91,3430.14,14,buy,56.3,71.4,10.17,71.0,4.26,54.82,17.92,106.83,64.83,42.56,137.86,107.54,42.71,291.1,0.15,highly inconsistent earnings,0.0,,1.31,,2811.41,3.99,,,,26.07,5.43,54.35,-4.81,3480.0,1460.8,1.9,133.8,99.34,1033.5,0.58,0.6,6,40.0,26.12,8.0,7.0,81.1,STRONG BUY ⭐⭐⭐⭐⭐,Expected ~20% CAGR (2yr) | Revenue CAGR 65% | Profit CAGR 108% | ROE 56% | ROCE 71% | ROCE trend rising ↑,High PE 53 | Earnings due 2026-07-30 | Pattern still forming (not broken out),1-3 years,Low-Medium,"yfinance, screener.in",90,171,2026-07-30,2026-07-18,2026-06-01,47,0.0,7,2.0
NAM-INDIA,Nippon Life India Asset Management Limited,Financial Services,Asset Management,77527.0,Large-Cap,MonthlyDoubleBottom,Forming,1.0,36,Sep 36mo | Mid rally 133% | Asymmetry 3%,,Uptrend,True,False,Tight-Above-MAs,True,Stage2,12,Uptrend,Uptrend,1082.2,412.28,174.58,919.87,585.15,916.21,964.11,751.1,,,51.28,36.19,16.61,1.81,36.86,176.0,-1.3,1163.88,24,buy,34.5,43.8,3.06,69.0,1.11,52.14,25.06,16.12,24.59,15.56,18.9,28.36,17.59,28.8,0.15,highly inconsistent earnings,0.02,,12.5,,1295.47,1.67,71.93,-0.12,,7.35,-0.55,14.77,0.94,1233.5,780.25,12.3,38.7,46.1,289.82,0.71,0.59,7,40.0,28.5,2.0,10.0,80.5,STRONG BUY ⭐⭐⭐⭐⭐,Revenue CAGR 25% | Profit CAGR 28% | ROE 34% | ROCE 44% | ROCE trend rising ↑ | Nearly debt-free,High PE 51 | Pattern still forming (not broken out),1-3 years,Low-Medium,"yfinance, screener.in",100,103,,2026-07-18,2026-06-01,47,0.0,7,0.0
NATIONALUM,National Aluminium Company Limited,Basic Materials,Aluminum,65173.0,Large-Cap,MonthlyDoubleBottom,Forming,0.971,11,Sep 11mo | Mid rally 98% | Asymmetry 1%,,Sideways-Above-MA,True,False,Constructive,False,Stage2,1,Uptrend,Uptrend,398.95,109.96,55.48,339.11,1292.92,1396.93,3279.32,2059.1,250.2,87.1,10.61,9.57,3.02,0.18,7.12,225.0,5.73,403.67,12,hold,29.4,39.6,4.8,44.0,4.69,32.49,18.2,6.28,7.77,14.78,10.04,59.26,34.87,-16.7,0.15,highly inconsistent earnings,0.0,,3.6,,3402.6,5.22,51.28,0.0,,21.99,-0.28,11.22,0.47,445.15,179.93,10.4,121.7,124.1,428.71,0.39,0.61,6,40.0,20.65,12.0,7.0,79.6,BUY ⭐⭐⭐⭐,Expected ~87% CAGR (2yr) | Profit CAGR 59% | ROE 29% | ROCE 40% | ROCE trend rising ↑ | Nearly debt-free,Earnings due 2026-07-30 | Pattern still forming (not broken out),1-3 years,Low-Medium,"yfinance, screener.in",100,326,2026-07-30,2026-07-18,2026-06-01,47,0.0,7,-3.0
SANGHVIMOV,Sanghvi Movers Limited,Industrials,Rental & Leasing Services,3976.0,Small-Cap,MonthlyStage2,Stage Change,1.0,24,10-EMA=354 | 30-EMA=332 | Above by 28.8% | MA turning=Yes,MonthlyCupHandle+MonthlyDoubleBottom+MonthlyStage2,Uptrend,True,False,Tight-Above-MAs,True,Stage2,4,Uptrend,Uptrend,427.9,332.19,209.13,363.71,1323.29,2449.81,4535.34,2449.81,472.5,139.3,21.55,,3.03,0.25,11.08,43.0,58.74,,0,none,15.5,16.7,2.0,37.0,-0.3,17.22,8.16,36.83,47.27,,17.2,85.13,,27.8,0.15,highly inconsistent earnings,0.51,,1.77,,-221.36,-5.57,47.25,0.0,,1.48,0.02,1.3,-0.1,473.0,223.8,9.5,91.2,32.71,-8.16,0.35,0.96,5,29.0,28.5,12.0,10.0,79.5,BUY ⭐⭐⭐⭐,Expected ~139% CAGR (2yr) | Revenue CAGR 47% | Profit CAGR 85% | ROCE trend rising ↑ | OPM 37% | Piotroski F=5 (above average quality),None identified,2-3 years,Medium,"yfinance, screener.in",100,235,,2026-07-18,2026-06-01,47,33.6,7,13.1
KIRLPNU,Kirloskar Pneumatic Company Limited,Industrials,Specialty Industrial Machinery,11587.0,Mid-Cap,MonthlyStage2,Stage Change,1.0,24,10-EMA=1275 | 30-EMA=1142 | Above by 38.5% | MA turning=Yes,MonthlyCupHandle+MonthlyDoubleBottom+MonthlyStage2,Uptrend,True,True,Tight-Above-MAs,True,Stage2,4,Uptrend,Uptrend,1581.5,1141.5,988.59,1344.27,3040.56,5137.84,17755.25,7347.51,224.9,80.2,45.25,33.91,9.28,0.32,31.29,67.0,58.74,1823.33,3,strong_buy,22.6,29.6,-3.09,20.0,1.6,14.34,11.95,8.96,59.43,27.14,20.38,141.65,38.97,79.8,0.15,highly inconsistent earnings,0.0,,2.65,,115.04,0.99,38.81,-0.01,,9.56,2.83,26.53,-1.71,2197.1,990.1,28.0,59.7,20.18,125.03,1.01,0.53,6,36.0,28.5,9.0,5.0,78.5,BUY ⭐⭐⭐⭐,Expected ~80% CAGR (2yr) | Revenue CAGR 59% | Profit CAGR 142% | ROE 23% | ROCE 30% | Nearly debt-free,None identified,1-3 years,Low-Medium,"yfinance, screener.in",100,38,,2026-07-18,2026-06-01,47,0.0,7,2.0
SKYGOLD,Sky Gold and Diamonds Limited,Consumer Cyclical,Luxury Goods,9662.0,Mid-Cap,MonthlyDoubleBottom,Forming,0.372,13,Sep 13mo | Mid rally 40% | Asymmetry 2%,,Uptrend,True,True,Uptrend,True,Stage2,3,Uptrend,Uptrend,638.9,402.85,285.0,543.06,2722.66,4253.49,16442.97,6690.93,565.8,158.0,34.6,20.38,8.06,0.24,23.73,0.0,,597.33,3,strong_buy,29.2,27.0,3.3,7.0,1.1,4.37,14.83,77.42,76.03,,112.03,145.75,,120.8,0.4,lumpy earner,0.72,,1.89,,137.76,1.43,51.74,0.0,,1.2,0.42,13.14,1.48,638.0,246.05,-0.1,159.7,122.82,2124.37,0.6,0.15,5,40.0,17.96,10.0,10.0,78.0,BUY ⭐⭐⭐⭐,Expected ~158% CAGR (2yr) | Revenue CAGR 76% | Profit CAGR 146% | ROE 29% | ROCE 27% | ROCE trend rising ↑,Pattern still forming (not broken out),2-3 years,Medium,"yfinance, screener.in",100,43,,2026-07-18,2026-06-01,47,39.4,7,-5.0
NATCOPHARM,NATCO Pharma Limited,Healthcare,Drug Manufacturers - Specialty & Generic,17626.0,Mid-Cap,MonthlyStage2,Stage Change,1.0,24,10-EMA=985 | 30-EMA=956 | Above by 18.3% | MA turning=Yes,MonthlyCupHandle+MonthlyDoubleBottom+MonthlyStage2,Uptrend,True,False,Uptrend,True,Stage2,6,Uptrend,Uptrend,1130.9,956.11,764.93,961.27,5469.62,4531.71,8634.02,6872.03,300.7,100.2,12.42,21.49,1.91,0.48,11.28,68.0,-45.95,1021.22,9,hold,16.9,17.1,3.4,35.0,4.06,34.78,7.8,-7.95,14.64,14.72,-24.69,25.64,26.26,-34.1,0.15,highly inconsistent earnings,0.08,,3.01,,820.65,4.66,49.41,0.0,,16.99,-0.38,5.63,0.17,1226.8,789.0,7.8,43.3,30.47,43.98,0.36,0.2,7,32.0,26.5,12.0,7.0,77.5,BUY ⭐⭐⭐⭐,Expected ~100% CAGR (2yr) | Profit CAGR 26% | ROCE trend rising ↑ | Nearly debt-free | OPM 35% | FCF yield 4.7%,Earnings due 2026-08-12,1-3 years,Low-Medium,"yfinance, screener.in",100,365,2026-08-12,2026-07-18,2026-06-01,47,0.0,7,-1.0
TIPSMUSIC,Tips Music Limited,Communication Services,Entertainment,9096.0,Mid-Cap,MonthlyStage2,Stage Change,1.0,24,10-EMA=607 | 30-EMA=547 | Above by 21.2% | MA turning=Yes,MonthlyCupHandle+MonthlyStage2,Sideways-Above-MA,True,False,Uptrend,True,Downtrend,0,Uptrend,Uptrend,663.1,546.9,493.7,563.63,915.87,1371.72,3429.22,1772.2,106.9,43.8,42.03,30.54,34.99,0.45,32.43,225.0,12.62,771.0,3,strong_buy,92.33,,,73.42,,57.72,48.7,32.4,,,93.5,,,92.9,0.5,insufficient history,0.02,,3.12,,174.48,1.92,64.15,0.0,,7.99,0.51,5.36,0.42,726.75,481.15,8.8,37.8,17.66,89.05,0.49,0.28,5,40.0,22.5,9.0,6.0,77.5,BUY ⭐⭐⭐⭐,Expected ~44% CAGR (2yr) | Revenue CAGR 32% | Profit CAGR 94% | ROE 92% | Nearly debt-free | Promoter 64% holding,None identified,1-3 years,Low-Medium,"yfinance, screener.in",70,289,,2026-07-18,2026-06-01,47,1.8,7,-1.0
RRKABEL,R R Kabel Limited,Industrials,Electrical Equipment & Parts,25174.0,Mid-Cap,MonthlyStage2,Breaking Out,1.0,24,10-EMA=1502 | 30-EMA=1429 | Above by 34.3% | MA turning=Yes,,Uptrend,True,False,Tight-Above-MAs,True,Stage2,4,Uptrend,Uptrend,1918.9,1428.79,885.37,1631.07,1859.12,2374.29,3505.7,2552.95,23.7,11.2,51.02,32.51,9.78,1.37,33.05,50.0,22.39,2106.31,13,strong_buy,21.3,28.1,2.2,8.0,-0.2,5.06,10.62,27.62,20.19,28.98,57.69,37.32,29.52,30.1,0.15,highly inconsistent earnings,0.13,,1.65,,-191.82,-0.76,61.65,0.0,,9.1,0.7,13.33,-0.61,2549.0,1165.0,24.7,64.7,50.79,,2.07,1.45,5,35.0,30.0,4.0,8.0,77.0,BUY ⭐⭐⭐⭐,Expected ~11% CAGR (2yr) | Revenue CAGR 20% | Profit CAGR 37% | ROE 21% | ROCE 28% | ROCE trend rising ↑,High PE 51,1-3 years,Low-Medium,"yfinance, screener.in",100,33,,2026-07-18,2026-06-01,47,0.0,7,-2.0
ZYDUSLIFE,Zydus Lifesciences Limited,Healthcare,Drug Manufacturers - Specialty & Generic,114793.0,Large-Cap,MonthlyDoubleBottom,Forming,1.0,8,Sep 8mo | Mid rally 1741% | Asymmetry 1%,MonthlyCupHandle+MonthlyDoubleBottom,Uptrend,True,False,Uptrend,True,Stage2,6,Uptrend,Uptrend,1155.0,64.09,3.47,981.75,3548.9,3307.84,6448.73,4783.92,186.4,69.2,22.99,24.41,4.27,0.66,17.02,9.0,63.86,1093.71,31,hold,21.2,21.2,2.14,31.0,2.14,18.57,8.07,16.81,16.35,12.45,9.65,34.8,18.59,8.7,0.15,highly inconsistent earnings,0.42,,1.27,,1331.01,1.16,75.02,0.02,,6.89,-0.06,11.27,0.07,1181.5,835.5,2.2,38.2,18.63,61.4,0.58,0.4,6,37.0,25.0,9.0,6.0,77.0,BUY ⭐⭐⭐⭐,Expected ~69% CAGR (2yr) | Revenue CAGR 16% | Profit CAGR 35% | ROE 21% | ROCE 21% | ROCE trend rising ↑,Earnings due 2026-08-12 | Pattern still forming (not broken out),2-3 years,Medium,"yfinance, screener.in",100,316,2026-08-12,2026-07-18,2026-06-01,47,13.4,7,0.0
SEAMECLTD,Seamec Limited,Industrials,Marine Shipping,3635.0,Small-Cap,MonthlyStage2,Stage Change,1.0,24,10-EMA=1347 | 30-EMA=1166 | Above by 25.2% | MA turning=Yes,MonthlyCupHandle+MonthlyDoubleBottom+MonthlyStage2,Sideways-Above-MA,True,False,Constructive,False,Stage2,4,Uptrend,Uptrend,1460.1,1166.39,796.15,1241.08,7131.45,13941.27,27253.78,13941.27,854.8,209.0,14.41,,2.78,0.15,9.48,0.0,0.0,,0,none,21.8,20.0,2.03,42.0,2.06,26.39,9.36,46.01,29.63,29.94,188.64,95.49,20.74,140.8,0.15,highly inconsistent earnings,0.27,,1.89,,-201.82,-5.55,72.72,0.0,,3.73,0.37,4.49,0.41,1709.2,752.55,14.6,94.0,48.67,103.79,0.23,0.11,6,35.0,22.5,12.0,7.0,76.5,BUY ⭐⭐⭐⭐,Expected ~209% CAGR (2yr) | Revenue CAGR 30% | Profit CAGR 95% | ROE 22% | ROCE trend rising ↑ | Low D/E 0.27,None identified,1-3 years,Low-Medium,"yfinance, screener.in",100,289,,2026-07-18,2026-06-01,47,-6.5,7,-6.5
ASHIANA,Ashiana Housing Limited,Real Estate,Real Estate - Development,3766.0,Small-Cap,MonthlyStage2,Stage Change,1.0,24,10-EMA=340 | 30-EMA=306 | Above by 22.6% | MA turning=Yes,MonthlyCupHandle+MonthlyDoubleBottom+MonthlyStage2,Uptrend,True,False,Tight-Above-MAs,True,Stage2,3,Uptrend,Uptrend,374.65,305.69,263.99,318.45,697.23,1126.23,1819.2,1126.23,200.6,73.4,31.25,21.78,4.16,0.51,22.67,67.0,25.99,,0,none,14.5,14.4,2.54,11.0,2.26,10.31,1.87,116.07,40.74,36.41,555.56,61.53,53.16,3.2,0.15,highly inconsistent earnings,0.38,,1.33,,442.37,11.75,61.11,0.0,,8.29,0.39,8.07,0.01,406.0,269.45,7.7,39.0,22.33,58.48,0.25,0.28,5,36.0,28.5,6.0,6.0,76.5,BUY ⭐⭐⭐⭐,Expected ~73% CAGR (2yr) | Revenue CAGR 41% | Profit CAGR 62% | ROCE trend rising ↑ | Promoter 61% holding | FCF yield 11.7%,None identified,2-3 years,Medium,"yfinance, screener.in",100,182,,2026-07-18,2026-06-01,47,2.8,7,-2.0
WABAG,VA Tech Wabag Limited,Industrials,Engineering & Construction,13864.0,Mid-Cap,MonthlyStage2,Stage Change,1.0,24,10-EMA=1607 | 30-EMA=1330 | Above by 61.3% | MA turning=Yes,MonthlyDoubleBottom+MonthlyStage2,Uptrend,True,False,Tight-Above-MAs,True,Stage2,4,Uptrend,Uptrend,2144.6,1329.89,1077.7,1822.91,7775.49,15831.97,81020.51,25099.29,638.2,171.7,32.05,25.15,4.89,0.14,24.59,23.0,100.0,1931.0,7,strong_buy,15.9,21.3,1.74,12.0,1.06,9.39,5.17,19.73,10.04,6.83,25.42,222.8,29.65,28.9,0.15,highly inconsistent earnings,0.09,,1.71,,140.94,1.02,19.09,-0.01,,16.6,-2.37,5.77,1.45,2248.0,1033.0,4.6,107.6,48.39,308.99,1.38,0.74,7,30.0,28.5,8.0,10.0,76.5,BUY ⭐⭐⭐⭐,Expected ~172% CAGR (2yr) | Profit CAGR 223% | ROCE 21% | ROCE trend rising ↑ | Nearly debt-free | Piotroski F=7 (high quality compounder),None identified,1-3 years,Low-Medium,"yfinance, screener.in",100,190,,2026-07-18,2026-06-01,47,54.2,7,4.3
FILATEX,Filatex India Limited,Consumer Cyclical,Textile Manufacturing,2764.0,Small-Cap,MonthlyStage2,Stage Change,1.0,24,10-EMA=51 | 30-EMA=51 | Above by 23.0% | MA turning=Yes,MonthlyDoubleBottom+MonthlyStage2,Uptrend,True,True,Uptrend,True,Stage2,3,Uptrend,Uptrend,62.25,50.63,36.9,52.91,344.45,499.52,724.4,499.52,702.4,183.3,15.07,4.68,2.87,0.33,4.76,62.0,35.72,,0,none,12.9,16.9,1.2,8.0,-0.11,4.33,,-2.14,29.23,26.63,36.57,45.02,47.74,16.6,1.0,steady compounder (low CV),0.1,,,,,,65.47,0.09,,4.22,-0.29,2.78,0.4,66.1,36.26,5.8,71.7,21.56,7.33,1.19,0.04,2,32.0,26.5,12.0,6.0,76.5,BUY ⭐⭐⭐⭐,Expected ~183% CAGR (2yr) | Revenue CAGR 29% | Profit CAGR 45% | ROCE trend rising ↑ | Low D/E 0.10 | Promoter 65% holding,None identified,1-3 years,Low-Medium,"yfinance, screener.in",80,180,,2026-07-18,2026-06-01,47,46.9,7,13.0
PRIVISCL,Privi Speciality Chemicals Limited,Basic Materials,Specialty Chemicals,14308.0,Mid-Cap,MonthlyDoubleBottom,Forming,0.718,14,Sep 14mo | Mid rally 72% | Asymmetry 1%,,Uptrend,True,False,Tight-Above-MAs,True,Stage2,1,Uptrend,Uptrend,3086.0,1736.85,1003.74,2623.1,3640.8,8997.86,22237.32,8997.86,191.6,70.8,45.25,25.52,10.13,0.31,23.87,27.0,35.72,3884.5,2,strong_buy,26.0,22.1,2.11,25.0,2.17,12.78,10.54,22.04,16.83,14.96,71.35,147.14,22.06,40.9,0.15,highly inconsistent earnings,0.71,,1.46,,112.89,0.79,60.6,0.0,,1.37,-0.27,10.67,0.42,3760.0,2173.2,17.9,42.0,43.91,163.88,0.55,-0.12,6,35.0,24.12,7.0,10.0,76.1,BUY ⭐⭐⭐⭐,Expected ~71% CAGR (2yr) | Revenue CAGR 17% | Profit CAGR 147% | ROE 26% | ROCE 22% | ROCE trend rising ↑,Pattern still forming (not broken out),2-3 years,Medium,"yfinance, screener.in",100,133,,2026-07-18,2026-06-01,47,0.0,7,2.0
TBZ,Tribhovandas Bhimji Zaveri Limited,Consumer Cyclical,Luxury Goods,1524.0,Small-Cap,MonthlyStage2,Breaking Out,1.0,24,10-EMA=184 | 30-EMA=166 | Above by 59.9% | MA turning=Yes,MonthlyDoubleBottom+MonthlyStage2,Uptrend,True,True,Uptrend,True,Stage2,3,Uptrend,Uptrend,264.9,165.62,111.51,225.16,3620.94,6212.45,10658.71,6212.45,2245.2,384.3,7.53,76.88,1.82,0.11,6.27,99.0,31.04,,0,none,27.1,21.4,2.0,11.0,0.57,6.3,10.94,22.25,10.19,19.0,197.06,71.57,36.26,612.6,0.15,highly inconsistent earnings,1.06,,1.65,,-81.27,-5.33,74.12,0.0,,1.47,1.21,0.0,0.0,242.04,110.5,-9.4,139.7,45.58,110.7,2.2,0.48,6,27.0,28.0,13.0,8.0,76.0,BUY ⭐⭐⭐⭐,Expected ~384% CAGR (2yr) | Profit CAGR 72% | ROE 27% | ROCE 21% | ROCE trend rising ↑ | Promoter 74% holding,High D/E 1.1,2-3 years,Medium,"yfinance, screener.in",100,171,,2026-07-18,2026-06-01,47,103.9,7,12.5
EICHERMOT,Eicher Motors Limited,Consumer Cyclical,Auto Manufacturers,202181.0,Large-Cap,MonthlyDoubleBottom,Forming,1.0,43,Sep 43mo | Mid rally 123% | Asymmetry 5%,,Uptrend,True,False,Tight-Above-MAs,True,Stage2,3,Uptrend,Uptrend,7365.5,3131.16,1371.92,6260.68,11651.09,11806.29,17825.26,14411.24,60.3,26.6,36.63,27.64,8.05,1.55,33.96,111.0,49.38,7898.86,36,buy,24.0,30.5,3.14,25.0,1.11,23.56,10.42,24.05,17.47,21.83,16.5,23.69,32.57,11.6,0.4,lumpy earner,0.02,,1.9,,3151.76,1.56,49.06,0.0,,26.77,-0.24,14.73,0.09,8230.0,5353.0,10.5,37.6,23.15,102.86,0.47,0.28,7,38.0,28.5,3.0,6.0,75.5,BUY ⭐⭐⭐⭐,Expected ~27% CAGR (2yr) | Revenue CAGR 17% | Profit CAGR 24% | ROE 24% | ROCE 30% | ROCE trend rising ↑,Earnings due 2026-07-30 | Pattern still forming (not broken out),1-3 years,Low-Medium,"yfinance, screener.in",100,367,2026-07-30,2026-07-18,2026-06-01,47,7.0,7,3.0
BORORENEW,Borosil Renewables Limited,Technology,Solar,8986.0,Mid-Cap,MonthlyStage2,Stage Change,1.0,24,10-EMA=543 | 30-EMA=521 | Above by 23.0% | MA turning=Yes,MonthlyCupHandle+MonthlyDoubleBottom+MonthlyStage2,Uptrend,True,False,Tight-Above-MAs,True,Downtrend,0,Uptrend,Uptrend,640.55,520.93,377.0,544.47,437.53,664.86,825.52,600.99,3.8,1.9,67.57,,5.94,1.81,19.23,0.0,4.0,,0,none,26.1,25.3,0.91,28.0,0.8,8.3,13.18,5.42,20.42,19.71,245.98,37.36,34.36,,0.2,multiple loss years in history,0.11,,4.76,,208.04,2.32,58.77,0.0,,4.27,0.26,2.33,-0.24,721.0,374.4,11.2,71.1,17.01,20.42,0.66,0.01,7,40.0,27.5,4.0,4.0,75.5,BUY ⭐⭐⭐⭐,Expected ~2% CAGR (2yr) | Revenue CAGR 20% | Profit CAGR 37% | ROE 26% | ROCE 25% | ROCE trend rising ↑,High PE 68,1-3 years,Low-Medium,"yfinance, screener.in",100,99,,2026-07-18,2026-06-01,47,22.0,7,15.3
KERNEX,Kernex Microsystems (India) Limited,Technology,Software - Application,3625.0,Small-Cap,MonthlyStage2,Stage Change,1.0,24,10-EMA=1163 | 30-EMA=944 | Above by 43.5% | MA turning=Yes,MonthlyDoubleBottom+MonthlyStage2,Uptrend,True,False,Tight-Above-MAs,True,Downtrend,0,Uptrend,Uptrend,1354.0,943.72,396.3,1150.9,3423.24,10557.27,32558.63,10557.27,679.7,179.2,40.99,,14.59,0.2,25.23,0.0,0.0,,0,none,43.5,47.8,9.51,35.0,24.6,20.53,15.46,126.32,375.48,88.64,76.0,208.4,,109.5,0.2,multiple loss years in history,0.66,,1.31,,-131.54,-3.63,28.85,-0.04,,0.3,0.23,0.02,-0.05,2445.0,850.0,44.6,59.3,21.79,255.02,1.06,0.06,4,33.0,27.5,8.0,6.0,74.5,BUY ⭐⭐⭐⭐,Expected ~179% CAGR (2yr) | Revenue CAGR 375% | Profit CAGR 208% | ROE 44% | ROCE 48% | ROCE trend rising ↑,None identified,2-3 years,Medium,"yfinance, screener.in",100,246,,2026-07-18,2026-06-01,47,0.0,7,-2.0
DSSL,Dynacons Systems & Solutions Limited,Technology,Information Technology Services,1688.0,Small-Cap,MonthlyStage2,Stage Change,1.0,24,10-EMA=1188 | 30-EMA=1034 | Above by 28.1% | MA turning=Yes,MonthlyDoubleBottom+MonthlyStage2,Sideways-Above-MA,True,False,Constructive,False,Downtrend,0,Uptrend,Uptrend,1325.1,1034.05,784.85,1126.33,3069.82,4208.12,5768.48,4208.12,217.6,78.2,19.88,,5.33,0.54,12.37,4.0,0.0,,0,none,31.0,29.8,2.31,10.0,1.14,5.95,9.18,12.39,20.99,26.71,18.06,37.08,56.69,3.9,0.4,lumpy earner,0.75,,1.35,,13.4,0.79,60.89,-0.06,,0.37,0.03,0.3,0.04,1924.8,781.0,31.2,69.7,35.56,59.32,0.12,0.76,6,37.0,21.5,10.0,6.0,74.5,BUY ⭐⭐⭐⭐,Expected ~78% CAGR (2yr) | Revenue CAGR 21% | Profit CAGR 37% | ROE 31% | ROCE 30% | ROCE trend rising ↑,None identified,2-3 years,Medium,"yfinance, screener.in",100,223,,2026-07-18,2026-06-01,47,-14.4,7,-1.5
PANACHE,Panache Digilife Limited,Technology,Communication Equipment,674.0,Small-Cap,MonthlyDoubleBottom,Forming,1.0,33,Sep 33mo | Mid rally 147% | Asymmetry 8%,,Sideways-Above-MA,True,True,Constructive,True,Downtrend,0,Uptrend,Uptrend,368.85,94.8,36.79,313.52,643.39,1654.36,4253.85,1654.36,348.5,111.8,49.53,,6.17,0.32,23.37,0.0,-20.63,,0,none,21.6,25.6,2.43,11.0,0.51,6.67,10.32,109.48,29.46,25.52,142.86,157.13,33.56,323.7,0.15,highly inconsistent earnings,0.26,,1.82,,-27.14,-4.03,54.05,2.37,,,,,,472.15,212.0,21.9,74.0,81.85,477.04,0.53,0.27,5,37.0,21.5,8.0,8.0,74.5,BUY ⭐⭐⭐⭐,Expected ~112% CAGR (2yr) | Revenue CAGR 29% | Profit CAGR 157% | ROE 22% | ROCE 26% | ROCE trend rising ↑,Pattern still forming (not broken out),2-3 years,Medium,"yfinance, screener.in",100,110,,2026-07-18,2026-06-01,47,0.0,7,0.0
SPARC,Sun Pharma Advanced Research Company Limited,Healthcare,Drug Manufacturers - Specialty & Generic,8587.0,Mid-Cap,MonthlyStage2,Stage Change,1.0,24,10-EMA=185 | 30-EMA=185 | Above by 43.4% | MA turning=No,MonthlyDoubleBottom+MonthlyStage2,Uptrend,True,False,Uptrend,True,Stage2,6,Uptrend,Uptrend,264.6,184.51,112.39,224.91,2339.65,2690.59,3094.18,2690.59,916.9,218.9,5.53,4.78,6.41,,5.72,0.0,,,0,none,279.0,164.0,136.0,85.0,60.7,3967.31,79.22,2509.72,98.84,,552.77,,,,0.2,multiple loss years in history,0.42,,2.47,,-894.95,-10.42,65.68,0.01,,2.48,0.44,0.1,-0.78,289.0,108.0,8.4,145.0,89.78,-22.65,0.59,0.54,5,32.0,26.5,8.0,8.0,74.5,BUY ⭐⭐⭐⭐,Expected ~219% CAGR (2yr) | Revenue CAGR 99% | ROE 279% | ROCE 164% | ROCE trend rising ↑ | Promoter 66% holding,None identified,2-3 years,Medium,"yfinance, screener.in",90,283,,2026-07-18,2026-06-01,47,47.2,7,2.5
POWERMECH,Power Mech Projects Limited,Industrials,Engineering & Construction,8347.0,Mid-Cap,MonthlyDoubleBottom,Forming,1.0,16,Sep 16mo | Mid rally 120% | Asymmetry 1%,MonthlyDoubleBottom+MonthlyStage2,Sideways-Above-MA,True,False,Constructive,True,Stage2,4,Uptrend,Uptrend,2479.6,3722.33,1681.27,2107.66,4895.55,5763.39,7746.29,6158.11,132.4,52.5,22.94,14.43,3.31,0.89,12.19,5.0,18.56,3180.33,3,buy,15.6,21.8,3.49,12.0,1.54,6.0,7.72,15.82,18.96,26.33,18.39,25.79,25.75,21.6,0.75,consistent growth,0.26,,1.71,,528.1,6.33,58.41,0.0,,6.54,0.06,20.6,0.42,3397.0,1717.7,27.0,44.4,-18.37,24.81,0.52,0.59,7,39.0,21.5,13.0,1.0,74.5,BUY ⭐⭐⭐⭐,Expected ~52% CAGR (2yr) | Revenue CAGR 19% | Profit CAGR 26% | ROCE 22% | ROCE trend rising ↑ | Low D/E 0.26,Pattern still forming (not broken out),2-3 years,Medium,"yfinance, screener.in",100,130,,2026-07-18,2026-06-01,47,0.0,7,4.0
ABB,ABB India Limited,Industrials,Specialty Industrial Machinery,144861.0,Large-Cap,MonthlyStage2,Stage Change,1.0,24,10-EMA=6415 | 30-EMA=5825 | Above by 17.4% | MA turning=Yes,MonthlyCupHandle+MonthlyDoubleBottom+MonthlyStage2,Uptrend,True,False,Uptrend,True,Stage2,4,Uptrend,Uptrend,6836.0,5825.16,4876.16,5810.6,7278.45,14613.32,55601.16,20116.92,113.8,46.2,93.45,67.68,18.49,0.53,74.09,58.0,39.08,6357.93,27,underperform,22.4,29.9,20.0,14.0,2.8,22.26,,-0.83,19.84,,78.48,176.39,,275.8,0.15,highly inconsistent earnings,0.01,,,,,,75.0,0.0,,8.19,0.55,9.28,0.13,7822.5,4637.5,12.6,47.4,38.47,33.17,0.25,0.52,3,35.0,26.5,5.0,8.0,74.5,BUY ⭐⭐⭐⭐,Expected ~46% CAGR (2yr) | Revenue CAGR 20% | Profit CAGR 176% | ROE 22% | ROCE 30% | ROCE trend rising ↑,High PE 93 | Earnings due 2026-07-30,2-3 years,Medium,"yfinance, screener.in",80,289,2026-07-30,2026-07-18,2026-06-01,47,8.0,7,4.1
DEEPINDS,Deep Industries Limited,Energy,Oil & Gas E&P,2978.0,Small-Cap,MonthlyStage2,Stage Change,0.977,24,10-EMA=452 | 30-EMA=406 | Above by 14.7% | MA turning=Yes,MonthlyCupHandle+MonthlyStage2,Sideways-Above-MA,True,False,Constructive,False,Stage2,1,Uptrend,Uptrend,465.3,405.8,347.1,395.5,707.46,989.53,1384.05,989.53,112.7,45.8,16.56,7.89,1.49,0.42,8.74,67.0,48.84,650.0,1,none,19.4,16.5,2.83,40.0,0.26,20.2,7.42,54.69,37.73,35.65,349.37,39.87,44.75,,0.15,highly inconsistent earnings,0.1,,2.69,,41.62,1.4,63.49,0.0,,1.81,0.1,1.13,0.03,578.0,330.0,19.5,41.0,-11.97,67.67,0.21,-0.61,7,40.0,22.22,11.0,1.0,74.2,BUY ⭐⭐⭐⭐,Expected ~46% CAGR (2yr) | Revenue CAGR 38% | Profit CAGR 40% | ROCE trend rising ↑ | Nearly debt-free | Promoter 63% holding,None identified,2-3 years,Medium,"yfinance, screener.in",100,64,,2026-07-18,2026-06-01,47,-1.8,7,-4.3
GOKULAGRO,Gokul Agro Resources Limited,Consumer Defensive,Packaged Foods,6424.0,Small-Cap,MonthlyDoubleBottom,Forming,0.42,10,Sep 10mo | Mid rally 42% | Asymmetry 0%,,Sideways-Above-MA,True,False,Constructive,False,Stage2,15,Uptrend,Uptrend,217.71,67.5,47.4,185.05,977.7,1377.29,1940.19,1377.29,532.6,151.5,17.39,,4.53,0.43,9.38,0.0,,,0,none,30.0,36.7,2.09,3.0,0.23,1.54,8.6,23.15,30.88,23.53,50.0,40.87,52.32,144.8,0.15,highly inconsistent earnings,0.41,,1.23,,420.05,6.54,74.24,0.0,,1.87,0.36,0.11,0.02,249.92,142.5,12.9,52.8,34.32,272.1,0.11,-0.08,5,40.0,14.04,12.0,8.0,74.0,BUY ⭐⭐⭐⭐,Expected ~152% CAGR (2yr) | Revenue CAGR 31% | Profit CAGR 41% | ROE 30% | ROCE 37% | ROCE trend rising ↑,Pattern still forming (not broken out),2-3 years,Medium,"yfinance, screener.in",100,125,,2026-07-18,2026-06-01,47,-8.1,7,-6.0
SKMEGGPROD,SKM Egg Products Export (India) Limited,Consumer Defensive,Packaged Foods,1694.0,Small-Cap,MonthlyDoubleBottom,Forming,1.0,22,Sep 22mo | Mid rally 174% | Asymmetry 3%,,Uptrend,True,True,Tight-Above-MAs,True,Stage2,15,Uptrend,Uptrend,352.95,64.65,23.29,300.01,973.12,1080.35,1199.41,1080.35,206.1,75.0,16.31,,4.28,1.48,10.18,24.0,44.22,,0,none,29.7,30.0,2.49,21.0,1.8,13.51,17.0,54.22,5.08,23.35,197.14,11.02,45.41,414.4,0.15,highly inconsistent earnings,0.36,,2.86,,16.81,0.99,57.47,0.0,,1.29,0.8,0.21,-0.15,325.05,142.5,-8.6,147.7,91.68,22.3,0.72,-0.14,6,28.0,28.0,8.0,10.0,74.0,BUY ⭐⭐⭐⭐,Expected ~75% CAGR (2yr) | ROE 30% | ROCE 30% | ROCE trend rising ↑ | Promoter 57% holding | Piotroski F=6 (above average quality),Pattern still forming (not broken out),2-3 years,Medium,"yfinance, screener.in",100,289,,2026-07-18,2026-06-01,47,80.9,7,6.0
WELCORP,Welspun Corp Limited,Basic Materials,Steel,42525.0,Large-Cap,MonthlyDoubleBottom,Forming,1.0,48,Sep 48mo | Mid rally 1092% | Asymmetry 0%,,Uptrend,True,True,Uptrend,True,Stage2,1,Uptrend,Uptrend,1697.2,430.46,36.1,1442.62,2802.48,3997.31,11341.45,5637.74,135.5,53.5,26.32,17.77,5.2,0.26,18.07,31.0,0.0,1536.67,6,strong_buy,19.4,22.9,1.51,13.0,0.83,9.62,6.91,19.97,19.78,18.58,-14.83,101.17,14.39,-47.0,0.15,highly inconsistent earnings,0.25,,1.33,,186.57,0.44,49.73,0.0,,11.23,-0.22,21.49,0.94,1634.0,710.0,-3.9,139.0,102.37,400.29,1.1,0.48,6,30.0,26.5,7.0,10.0,73.5,BUY ⭐⭐⭐⭐,Expected ~54% CAGR (2yr) | Revenue CAGR 20% | Profit CAGR 101% | ROCE 23% | ROCE trend rising ↑ | Low D/E 0.25,Pattern still forming (not broken out),2-3 years,Medium,"yfinance, screener.in",100,314,,2026-07-18,2026-06-01,47,32.5,7,-4.0
THYROCARE,Thyrocare Technologies Limited,Healthcare,Diagnostics & Research,8208.0,Mid-Cap,MonthlyDoubleBottom,Forming,1.0,36,Sep 36mo | Mid rally 676% | Asymmetry 6%,,Uptrend,True,False,Uptrend,True,Stage2,6,Uptrend,Uptrend,536.55,967.28,121.16,456.07,761.59,1813.4,1420.26,1040.03,238.0,83.8,50.51,34.66,15.35,1.38,33.21,317.0,5.27,603.0,5,strong_buy,28.4,35.4,-1.57,32.0,-1.43,19.67,17.69,20.67,16.3,10.86,79.12,36.56,7.6,118.6,0.15,highly inconsistent earnings,0.09,,3.39,,171.93,2.09,60.92,-0.01,,5.37,0.41,21.0,0.48,578.25,342.55,7.2,56.6,28.83,186.33,0.15,0.47,5,37.0,26.5,4.0,6.0,73.5,BUY ⭐⭐⭐⭐,Expected ~84% CAGR (2yr) | Revenue CAGR 16% | Profit CAGR 37% | ROE 28% | ROCE 35% | Nearly debt-free,High PE 51 | Margin compression ↓ | Pattern still forming (not broken out),2-3 years,Medium,"yfinance, screener.in",100,123,,2026-07-18,2026-06-01,47,14.0,7,-2.0
ZENTEC,Zen Technologies Limited,Industrials,Aerospace & Defense,16912.0,Mid-Cap,MonthlyStage2,Stage Change,1.0,24,10-EMA=1604 | 30-EMA=1405 | Above by 30.4% | MA turning=Yes,MonthlyCupHandle+MonthlyDoubleBottom+MonthlyStage2,Uptrend,True,False,Tight-Above-MAs,True,Stage2,4,Uptrend,Uptrend,1832.1,1404.65,1043.83,1557.28,1228.57,1908.27,3279.01,2007.11,4.2,2.1,87.71,35.9,9.41,1.38,67.28,6.0,171.44,1760.0,6,buy,10.7,16.2,5.51,36.0,6.11,28.13,6.62,-29.36,46.46,65.75,-27.09,63.37,135.65,-68.8,0.15,highly inconsistent earnings,0.01,,8.86,,374.0,2.21,48.51,0.0,,5.99,0.45,10.06,2.2,2024.0,1223.0,9.5,49.8,26.6,92.74,0.6,0.04,6,36.0,28.5,3.0,6.0,73.5,BUY ⭐⭐⭐⭐,Expected ~2% CAGR (2yr) | Revenue CAGR 46% | Profit CAGR 63% | ROCE trend rising ↑ | Nearly debt-free | OPM 36%,High PE 88,2-3 years,Medium,"yfinance, screener.in",100,137,,2026-07-18,2026-06-01,47,17.1,7,5.0
SCPL,Sheetal Cool Products Limited,Consumer Defensive,Packaged Foods,519.0,Small-Cap,MonthlyStage2,Breaking Out,1.0,24,10-EMA=380 | 30-EMA=368 | Above by 29.7% | MA turning=No,,Uptrend,True,False,Uptrend,True,Stage2,15,Uptrend,Uptrend,477.45,368.21,212.71,405.83,2164.99,3734.6,6442.19,3734.6,682.2,179.7,27.1,,3.3,0.37,13.55,,,,0,none,13.27,,,9.98,,5.21,8.01,60.2,,,72.5,,,72.4,0.5,insufficient history,0.32,,2.65,,-12.14,-2.34,67.07,1.48,,0.0,0.0,0.0,0.0,594.85,190.03,19.7,151.2,97.3,-7.49,2.01,-0.06,4,26.0,28.0,12.0,7.0,73.0,BUY ⭐⭐⭐⭐,Expected ~180% CAGR (2yr) | Revenue CAGR 60% | Profit CAGR 72% | Promoter 67% holding | Promoters buying ↑ | PEG 0.37 — deeply undervalued,None identified,2-3 years,Medium,"yfinance, screener.in",70,45,,2026-07-18,2026-07-01,17,-8.5,3,0.5
AJANTPHARM,Ajanta Pharma Limited,Healthcare,Drug Manufacturers - Specialty & Generic,41836.0,Large-Cap,MonthlyCupHandle,Forming,0.9,22,Cup 22mo | Depth 25% | Prior gain 76% | R²=0.97,MonthlyCupHandle+MonthlyDoubleBottom,Uptrend,True,False,Tight-Above-MAs,True,Stage2,6,Uptrend,Uptrend,3348.6,3433.6,2558.14,2846.31,4694.86,4761.27,6936.38,5706.6,42.2,19.2,39.68,29.42,9.24,1.84,27.66,167.0,58.74,3343.29,14,strong_buy,27.1,34.5,0.94,28.0,-0.91,19.37,14.82,17.32,13.36,13.54,14.78,21.55,10.06,18.4,0.15,highly inconsistent earnings,0.06,,2.64,,0.87,0.0,66.25,0.0,,8.26,0.29,18.36,-0.22,3506.9,2329.9,4.5,43.7,37.57,77.33,0.28,0.18,6,34.0,26.8,2.0,10.0,72.8,BUY ⭐⭐⭐⭐,Expected ~19% CAGR (2yr) | Profit CAGR 22% | ROE 27% | ROCE 34% | ROCE trend rising ↑ | Nearly debt-free,Margin compression ↓ | Pattern still forming (not broken out),2-3 years,Medium,"yfinance, screener.in",100,289,,2026-07-18,2026-06-01,47,3.1,7,1.9
SKIPPER,Skipper Limited,Industrials,Engineering & Construction,6170.0,Small-Cap,MonthlyStage2,Stage Change,1.0,24,10-EMA=484 | 30-EMA=421 | Above by 32.7% | MA turning=Yes,MonthlyDoubleBottom+MonthlyStage2,Uptrend,True,False,Uptrend,True,Stage2,4,Uptrend,Uptrend,558.3,420.74,334.35,474.55,1253.89,2267.9,4101.96,2267.9,306.2,101.5,28.99,17.86,4.11,0.36,12.3,2.0,0.78,565.0,2,none,16.5,23.3,3.46,10.0,0.14,3.84,7.77,20.09,41.02,28.55,42.95,80.87,58.94,62.9,0.4,lumpy earner,0.64,,1.3,,-309.44,-5.02,66.5,0.02,,6.07,-0.3,1.66,0.86,593.0,327.05,5.9,70.7,9.76,137.07,0.59,0.64,5,31.0,26.5,12.0,3.0,72.5,BUY ⭐⭐⭐⭐,Expected ~102% CAGR (2yr) | Revenue CAGR 41% | Profit CAGR 81% | ROCE 23% | ROCE trend rising ↑ | Promoter 66% holding,None identified,2-3 years,Medium,"yfinance, screener.in",100,135,,2026-07-18,2026-06-01,47,19.6,7,5.0
HONASA,Honasa Consumer Limited,Consumer Defensive,Household & Personal Products,15392.0,Mid-Cap,MonthlyStage2,Stage Change,1.0,24,10-EMA=369 | 30-EMA=350 | Above by 35.9% | MA turning=Yes,,Uptrend,True,False,Tight-Above-MAs,True,Stage2,15,Uptrend,Uptrend,476.0,350.13,215.43,404.6,1126.59,1827.36,6632.69,2733.55,283.9,95.9,76.89,49.5,10.86,0.54,73.88,0.0,,468.07,14,buy,15.7,19.2,3.3,10.0,43.17,8.36,6.17,15.72,17.01,39.06,173.97,142.64,,177.0,0.2,multiple loss years in history,0.1,,1.69,,159.64,1.04,35.54,0.0,,13.74,-0.88,19.24,0.6,478.8,248.4,0.6,91.6,63.39,,0.35,0.61,7,29.0,28.5,5.0,10.0,72.5,BUY ⭐⭐⭐⭐,Expected ~96% CAGR (2yr) | Revenue CAGR 17% | Profit CAGR 143% | ROCE trend rising ↑ | Nearly debt-free | Piotroski F=7 (high quality compounder),High PE 77,2-3 years,Medium,"yfinance, screener.in",100,33,,2026-07-18,2026-06-01,47,34.3,7,5.1
JSLL,JEENA SIKHO LIFECARE LTD,Healthcare,Medical Care Facilities,7371.0,Small-Cap,MonthlyDoubleBottom,Forming,1.0,27,Sep 27mo | Mid rally 354% | Asymmetry 6%,,Downtrend,False,False,Below-MAs,True,Stage2,6,Uptrend,Uptrend,654.35,2495.23,534.4,556.2,2805.92,7639.38,20798.99,7639.38,1067.5,241.7,33.33,15.56,15.78,0.19,20.88,19.0,31.58,1000.0,1,strong_buy,61.3,64.1,12.0,44.0,10.4,27.68,37.62,70.79,75.97,,177.5,172.26,,78.1,1.0,steady compounder (low CV),0.27,,3.25,,213.96,2.9,63.62,0.0,,6.17,-0.14,0.46,0.35,849.5,492.0,23.0,33.0,61.38,125.56,1.45,1.05,7,40.0,16.5,10.0,6.0,72.5,BUY ⭐⭐⭐⭐,Expected ~242% CAGR (2yr) | Revenue CAGR 76% | Profit CAGR 172% | ROE 61% | ROCE 64% | ROCE trend rising ↑,Pattern still forming (not broken out),2-3 years,Medium,"yfinance, screener.in",100,49,,2026-07-18,2026-06-01,47,0.0,7,6.0
ASTRAMICRO,Astra Microwave Products Limited,Technology,Communication Equipment,17125.0,Mid-Cap,MonthlyDoubleBottom,Forming,1.0,34,Sep 34mo | Mid rally 178% | Asymmetry 8%,,Uptrend,True,False,Tight-Above-MAs,True,Downtrend,0,Uptrend,Uptrend,1803.7,54.67,18.86,1533.14,951.7,1383.59,1871.2,1334.48,,,89.29,55.79,13.03,2.22,51.42,12.0,16.26,1457.25,8,buy,16.0,20.2,2.17,29.0,3.71,16.59,9.44,10.66,12.54,12.65,25.32,40.22,46.09,44.2,0.4,lumpy earner,0.22,,3.13,,306.21,1.79,6.54,0.0,,7.56,1.3,15.42,0.67,1871.0,851.0,3.6,112.0,77.42,333.71,0.5,0.5,7,36.0,27.5,-1.0,10.0,72.5,BUY ⭐⭐⭐⭐,Profit CAGR 40% | ROCE 20% | ROCE trend rising ↑ | Low D/E 0.22 | OPM 29% | Piotroski F=7 (high quality compounder),High PE 89 | Pattern still forming (not broken out),2-3 years,Medium,"yfinance, screener.in",100,261,,2026-07-18,2026-06-01,47,65.1,7,8.0
BFUTILITIE,BF Utilities Limited,Industrials,Infrastructure Operations,2180.0,Small-Cap,MonthlyDoubleBottom,Forming,1.0,26,Sep 26mo | Mid rally 210% | Asymmetry 7%,,Uptrend,True,False,Constructive,True,Stage2,4,Uptrend,Uptrend,578.8,2000.76,622.0,590.9,2325.81,3575.93,5497.99,3575.93,517.8,148.6,13.77,,7.24,0.26,5.14,0.0,,,0,none,113.0,29.9,3.89,74.0,2.66,17.85,,-13.62,17.73,9.36,11.18,53.75,36.24,20.0,0.15,highly inconsistent earnings,0.69,,,,,,56.73,0.0,,1.57,0.0,0.05,-0.05,898.7,368.7,35.6,57.0,-27.22,-41.77,0.32,0.36,3,33.0,25.5,14.0,0.0,72.5,BUY ⭐⭐⭐⭐,Expected ~149% CAGR (2yr) | Revenue CAGR 18% | Profit CAGR 54% | ROE 113% | ROCE 30% | ROCE trend rising ↑,Pattern still forming (not broken out),2-3 years,Medium,"yfinance, screener.in",80,231,,2026-07-18,2026-06-01,47,10.3,7,13.0
VARROC,Varroc Engineering Limited,Consumer Cyclical,Auto Parts,10107.0,Mid-Cap,MonthlyStage2,Stage Change,1.0,24,10-EMA=583 | 30-EMA=539 | Above by 23.7% | MA turning=Yes,MonthlyDoubleBottom+MonthlyStage2,Uptrend,True,False,Tight-Above-MAs,True,Stage2,3,Uptrend,Uptrend,666.8,539.07,421.09,566.78,3790.07,9914.34,68400.09,16100.96,1386.9,285.6,44.84,19.86,5.67,0.14,12.94,23.0,30.0,634.4,5,buy,15.2,19.0,3.83,9.0,0.54,2.53,6.61,9.03,8.86,15.24,228.57,324.82,-12.6,236.9,0.2,multiple loss years in history,0.51,,0.88,,296.92,2.94,75.0,0.0,,4.29,-0.16,11.18,-0.17,694.7,462.0,4.0,44.3,25.91,32.27,0.4,0.3,5,24.0,28.5,12.0,8.0,72.5,BUY ⭐⭐⭐⭐,Expected ~286% CAGR (2yr) | Profit CAGR 325% | ROCE trend rising ↑ | Promoter 75% holding | Piotroski F=5 (above average quality) | Dividend growing 30%/yr,None identified,2-3 years,Medium,"yfinance, screener.in",100,97,,2026-07-18,2026-06-01,47,19.0,7,14.3
LLOYDSME,Lloyds Metals and Energy Limited,Basic Materials,Steel,101260.0,Large-Cap,MonthlyCupHandle,Forming,0.572,12,Cup 12mo | Depth 19% | Prior gain 117% | R²=0.67,MonthlyAscTriangle+MonthlyCupHandle,Uptrend,True,False,Tight-Above-MAs,True,Stage2,1,Uptrend,Uptrend,1664.5,1657.23,1347.5,1414.83,4554.25,10084.05,52798.94,15506.75,505.8,146.1,26.88,12.21,7.3,0.11,19.41,6.0,0.0,1950.0,6,strong_buy,36.6,27.3,3.17,36.0,5.31,21.48,13.75,154.62,72.17,132.66,163.16,240.49,353.33,585.3,0.15,highly inconsistent earnings,1.45,,0.81,,-7270.92,-7.18,61.65,-2.08,,2.26,0.37,1.71,-0.14,1888.6,1042.9,11.9,59.6,12.48,,0.88,0.12,5,35.0,22.36,9.0,6.0,72.4,BUY ⭐⭐⭐⭐,Expected ~146% CAGR (2yr) | Revenue CAGR 72% | Profit CAGR 240% | ROE 37% | ROCE 27% | ROCE trend rising ↑,High D/E 1.5 | Pattern still forming (not broken out),2-3 years,Medium,"yfinance, screener.in",100,35,,2026-07-18,2026-06-01,47,0.0,7,0.0
SJS,S.J.S. Enterprises Limited,Consumer Cyclical,Auto Parts,6988.0,Small-Cap,None,,0.0,0,,,Uptrend,True,False,Tight-Above-MAs,True,Stage2,3,Uptrend,Uptrend,2170.2,,,1844.67,3861.02,4117.63,7239.34,5286.89,89.7,37.7,41.15,27.44,8.05,1.11,25.59,16.0,40.0,2363.75,4,strong_buy,22.0,28.6,2.5,28.0,0.5,17.87,13.65,25.66,30.17,,44.54,36.93,,45.1,1.0,steady compounder (low CV),0.03,,2.95,,124.49,1.78,21.15,-0.03,,15.68,-1.24,31.09,1.99,2288.9,1131.3,5.2,91.8,68.48,192.3,,0.44,7,40.0,15.0,7.0,10.0,72.0,BUY ⭐⭐⭐⭐,Expected ~38% CAGR (2yr) | Revenue CAGR 30% | Profit CAGR 37% | ROE 22% | ROCE 29% | ROCE trend rising ↑,None identified,2-3 years,Medium,"yfinance, screener.in",100,57,,2026-07-18,2026-06-01,47,9.5,7,-1.0
TPLPLASTEH,TPL Plastech Limited,Consumer Cyclical,Packaging & Containers,644.0,Small-Cap,MonthlyStage2,Breaking Out,1.0,24,10-EMA=72 | 30-EMA=71 | Above by 17.0% | MA turning=Yes,MonthlyCupHandle+MonthlyDoubleBottom+MonthlyStage2,Uptrend,True,False,Uptrend,True,Stage2,3,Uptrend,Uptrend,82.5,70.54,51.5,70.12,208.73,254.48,310.27,254.48,208.5,75.6,22.15,,3.83,1.01,13.65,121.0,35.72,,0,none,18.4,22.3,1.2,11.0,0.03,6.88,10.56,21.2,16.0,14.39,20.83,21.92,21.4,18.0,0.15,highly inconsistent earnings,0.11,,2.08,,27.6,4.28,74.86,0.0,,0.5,0.05,0.04,-0.04,90.33,50.01,8.7,65.0,9.88,85.8,1.88,0.05,7,33.0,28.0,8.0,3.0,72.0,BUY ⭐⭐⭐⭐,Expected ~76% CAGR (2yr) | Revenue CAGR 16% | Profit CAGR 22% | ROCE 22% | ROCE trend rising ↑ | Low D/E 0.11,None identified,2-3 years,Medium,"yfinance, screener.in",100,135,,2026-07-18,2026-06-01,47,29.5,7,5.5
BLSE,BLS E-SERVICES LIMITED,Industrials,Specialty Business Services,2386.0,Small-Cap,MonthlyStage2,Breaking Out,1.0,24,10-EMA=209 | 30-EMA=225 | Above by 17.1% | MA turning=Yes,MonthlyDoubleBottom+MonthlyStage2,Uptrend,True,False,Tight-Above-MAs,True,Stage2,4,Uptrend,Uptrend,263.25,224.78,145.42,223.76,343.78,519.46,784.9,519.46,97.3,40.5,41.65,,4.58,0.82,27.52,57.0,-50.0,,0,none,11.4,17.0,-5.7,7.0,0.43,5.14,5.98,115.41,66.32,77.2,16.95,51.1,87.22,11.7,0.15,highly inconsistent earnings,0.01,,2.85,,39.32,1.65,69.81,0.92,,0.46,-0.53,0.01,-0.1,285.9,124.3,7.9,111.8,51.43,,2.48,0.15,6,29.0,30.0,5.0,8.0,72.0,BUY ⭐⭐⭐⭐,Expected ~40% CAGR (2yr) | Revenue CAGR 66% | Profit CAGR 51% | Nearly debt-free | Promoter 70% holding | Piotroski F=6 (above average quality),None identified,2-3 years,Medium,"yfinance, screener.in",100,30,,2026-07-18,2026-06-01,47,30.9,7,10.7
SOLARINDS,Solar Industries India Limited,Basic Materials,Specialty Chemicals,165018.0,Large-Cap,MonthlyCupHandle,Forming,0.843,13,Cup 13mo | Depth 27% | Prior gain 32% | R²=0.98,MonthlyCupHandle+MonthlyDoubleBottom,Uptrend,True,False,Tight-Above-MAs,True,Stage2,1,Uptrend,Uptrend,18542.0,18875.33,13845.0,15760.7,5265.87,23905.66,8749.35,6787.7,28.9,13.5,98.04,54.75,26.29,3.39,63.4,6.0,10.06,19375.62,13,buy,31.5,36.8,3.57,27.0,1.83,17.05,15.45,30.48,12.45,31.35,34.86,28.9,43.25,70.0,0.4,lumpy earner,0.23,,2.06,,-1315.16,-0.8,73.15,0.0,,6.59,-0.15,12.89,-0.02,18972.0,11646.0,2.3,59.2,35.31,258.02,0.43,0.2,6,36.0,25.62,0.0,10.0,71.6,BUY ⭐⭐⭐⭐,Expected ~14% CAGR (2yr) | Profit CAGR 29% | ROE 32% | ROCE 37% | ROCE trend rising ↑ | Low D/E 0.23,High PE 98 | Earnings due 2026-08-06 | Pattern still forming (not broken out),2-3 years,Medium,"yfinance, screener.in",100,244,2026-08-06,2026-07-18,2026-06-01,47,2.4,7,8.0
HINDCOPPER,Hindustan Copper Limited,Basic Materials,Copper,48221.0,Large-Cap,MonthlyStage2,Stage Change,1.0,24,10-EMA=476 | 30-EMA=365 | Above by 35.8% | MA turning=Yes,MonthlyDoubleBottom+MonthlyStage2,Sideways-Above-MA,True,False,Constructive,False,Stage2,1,Uptrend,Uptrend,495.4,364.84,200.96,421.09,298.37,528.72,636.44,435.77,6.7,3.3,52.38,24.69,14.44,1.14,32.53,51.0,2.82,715.0,1,none,32.9,42.5,5.66,48.0,4.34,29.84,19.92,48.62,22.44,11.49,97.63,46.05,52.89,137.4,0.15,highly inconsistent earnings,0.03,,1.68,,864.71,1.79,66.14,0.0,,5.96,-0.38,4.84,-0.55,760.05,226.7,34.8,118.5,117.84,191.85,0.08,1.42,7,40.0,22.5,3.0,6.0,71.5,BUY ⭐⭐⭐⭐,Expected ~3% CAGR (2yr) | Revenue CAGR 22% | Profit CAGR 46% | ROE 33% | ROCE 42% | ROCE trend rising ↑,High PE 52,2-3 years,Medium,"yfinance, screener.in",100,199,,2026-07-18,2026-06-01,47,-13.0,7,-4.0
ASHAPURMIN,Ashapura Minechem Limited,Basic Materials,Other Industrial Metals & Mining,6174.0,Small-Cap,MonthlyDoubleBottom,Forming,1.0,13,Sep 13mo | Mid rally 127% | Asymmetry 0%,,Uptrend,True,False,Uptrend,True,Stage2,1,Uptrend,Uptrend,646.35,41.64,18.35,549.4,1413.75,2202.63,3431.7,2202.63,240.8,84.6,15.39,,3.74,0.28,10.81,15.0,25.99,,0,none,28.0,20.7,1.34,11.0,0.51,7.66,7.84,91.2,41.95,35.47,43.94,55.8,36.75,28.0,0.15,highly inconsistent earnings,0.88,,1.36,,-76.18,-1.23,48.03,0.15,,19.5,0.25,0.33,-0.05,924.9,455.1,30.1,42.0,26.35,159.28,0.15,0.66,5,32.0,25.5,10.0,4.0,71.5,BUY ⭐⭐⭐⭐,Expected ~85% CAGR (2yr) | Revenue CAGR 42% | Profit CAGR 56% | ROE 28% | ROCE 21% | ROCE trend rising ↑,Pattern still forming (not broken out),2-3 years,Medium,"yfinance, screener.in",100,367,,2026-07-18,2026-06-01,47,1.3,7,3.0
MONARCH,Monarch Networth Capital Limited,Financial Services,Capital Markets,2861.0,Small-Cap,MonthlyDoubleBottom,Forming,1.0,21,Sep 21mo | Mid rally 116% | Asymmetry 4%,MonthlyDoubleBottom+MonthlyStage2,Sideways-Above-MA,True,True,Constructive,True,Stage2,12,Uptrend,Uptrend,312.45,497.5,225.65,265.58,688.79,1112.12,1795.63,1112.12,255.9,88.7,15.82,,2.94,0.26,,28.0,25.99,,0,none,20.5,27.7,-2.71,69.0,6.14,49.44,12.91,13.41,31.93,29.28,21.48,61.46,49.79,84.3,0.15,highly inconsistent earnings,0.04,,2.21,,,,53.86,0.45,,1.47,0.03,0.15,0.0,398.8,235.45,21.7,32.7,-0.03,136.24,0.69,0.12,5,39.0,22.0,8.0,2.0,71.0,BUY ⭐⭐⭐⭐,Expected ~89% CAGR (2yr) | Revenue CAGR 32% | Profit CAGR 61% | ROE 20% | ROCE 28% | Nearly debt-free,Pattern still forming (not broken out),2-3 years,Medium,"yfinance, screener.in",90,53,,2026-07-18,2026-06-01,47,0.0,7,1.0
THANGAMAYL,Thangamayil Jewellery Limited,Consumer Cyclical,Luxury Goods,20329.0,Mid-Cap,MonthlyDoubleBottom,Forming,0.991,8,Sep 8mo | Mid rally 109% | Asymmetry 10%,,Uptrend,True,True,Tight-Above-MAs,True,Stage2,3,Uptrend,Uptrend,6671.5,230.34,105.16,5670.77,31224.72,140792.27,634832.36,140792.27,2010.4,359.4,57.8,42.28,14.36,0.16,38.2,27.0,37.16,4925.0,3,buy,27.93,,,7.28,,4.14,10.33,105.6,,,350.9,,,354.3,0.5,insufficient history,0.65,,1.54,,-47.18,-0.23,61.61,0.05,,4.37,-0.33,17.41,0.79,7165.0,1750.1,6.9,281.2,196.7,420.3,1.02,0.5,4,29.0,26.89,7.0,8.0,70.9,BUY ⭐⭐⭐⭐,Expected ~359% CAGR (2yr) | Revenue CAGR 106% | Profit CAGR 351% | ROE 28% | Promoter 62% holding | DII buying +0.8% ↑,High PE 58 | Pattern still forming (not broken out),2-3 years,Medium,"yfinance, screener.in",70,198,,2026-07-18,2026-06-01,47,82.6,7,-11.0
MOTHERSON,Samvardhana Motherson International Limited,Consumer Cyclical,Auto Parts,150797.0,Large-Cap,MonthlyDoubleBottom,Forming,1.0,42,Sep 42mo | Mid rally 191% | Asymmetry 3%,MonthlyCupHandle+MonthlyDoubleBottom,Uptrend,True,False,Tight-Above-MAs,True,Stage2,3,Uptrend,Uptrend,131.49,65.07,21.99,111.77,237.85,253.82,431.87,320.5,93.0,38.9,39.02,21.78,3.68,1.12,15.06,35.0,-6.87,153.81,21,buy,11.2,13.4,1.83,10.0,0.49,3.08,4.24,10.95,17.02,17.06,-1.45,34.75,21.1,42.5,0.15,highly inconsistent earnings,0.44,,1.06,,3707.91,2.46,48.6,0.0,,12.45,0.7,21.08,-0.49,155.25,89.7,15.3,46.6,35.8,112.19,0.55,1.02,6,24.0,28.5,10.0,8.0,70.5,BUY ⭐⭐⭐⭐,Expected ~39% CAGR (2yr) | Revenue CAGR 17% | Profit CAGR 35% | ROCE trend rising ↑ | Piotroski F=6 (above average quality) | FII buying +0.7% ↑,Earnings due 2026-08-13 | Pattern still forming (not broken out),2-3 years,Medium,"yfinance, screener.in",100,287,2026-08-13,2026-07-18,2026-06-01,47,0.0,7,-1.0
MAYURUNIQ,Mayur Uniquoters Limited,Consumer Cyclical,Textile Manufacturing,3622.0,Small-Cap,MonthlyStage2,Stage Change,1.0,24,10-EMA=541 | 30-EMA=526 | Above by 17.7% | MA turning=Yes,MonthlyDoubleBottom+MonthlyStage2,Uptrend,True,False,Uptrend,True,Stage2,3,Uptrend,Uptrend,619.4,526.3,456.31,526.49,1862.2,1730.62,2802.23,2284.37,179.4,67.2,18.91,13.71,3.2,0.83,14.37,60.0,35.72,900.0,3,buy,18.4,24.7,1.26,24.0,0.31,19.83,11.08,9.89,7.61,13.52,28.86,22.67,16.36,43.2,0.4,lumpy earner,0.01,,7.46,,-11.45,-0.32,58.77,0.18,,3.68,0.45,3.65,0.33,907.0,471.2,31.7,31.5,19.34,-1.46,1.21,0.36,5,26.0,26.5,14.0,4.0,70.5,BUY ⭐⭐⭐⭐,Expected ~67% CAGR (2yr) | Profit CAGR 23% | ROCE 25% | ROCE trend rising ↑ | Nearly debt-free | Promoter 59% holding,None identified,2-3 years,Medium,"yfinance, screener.in",100,165,,2026-07-18,2026-06-01,47,0.0,7,0.0
ENGINERSIN,Engineers India Limited,Industrials,Engineering & Construction,13469.0,Mid-Cap,MonthlyStage2,Stage Change,1.0,24,10-EMA=220 | 30-EMA=194 | Above by 23.3% | MA turning=Yes,MonthlyCupHandle+MonthlyDoubleBottom+MonthlyStage2,Sideways-Above-MA,True,False,Constructive,False,Stage2,4,Uptrend,Uptrend,239.64,194.37,145.07,203.69,557.43,529.31,884.84,702.31,120.9,48.6,19.5,15.56,4.29,0.75,17.35,125.0,-20.63,269.8,5,strong_buy,23.8,30.6,0.8,18.0,1.43,17.61,7.34,27.2,5.66,4.55,19.31,25.99,22.68,-30.1,0.15,highly inconsistent earnings,0.01,,1.3,,178.13,1.32,51.32,0.0,,9.66,1.92,12.19,-1.19,267.0,163.55,10.2,46.5,24.47,38.25,0.2,0.9,5,33.0,22.5,9.0,6.0,70.5,BUY ⭐⭐⭐⭐,Expected ~49% CAGR (2yr) | Profit CAGR 26% | ROE 24% | ROCE 31% | ROCE trend rising ↑ | Nearly debt-free,None identified,2-3 years,Medium,"yfinance, screener.in",100,347,,2026-07-18,2026-06-01,47,-2.2,7,1.0
BANCOINDIA,Banco Products (India) Limited,Consumer Cyclical,Auto Parts,9753.0,Mid-Cap,MonthlyDoubleBottom,Forming,0.71,8,Sep 8mo | Mid rally 75% | Asymmetry 4%,,Uptrend,True,False,Constructive,True,Stage2,3,Uptrend,Uptrend,681.85,41.16,23.09,579.57,1977.8,2509.44,3183.98,2509.44,268.0,91.8,21.19,,5.79,0.79,14.98,235.0,-10.07,,0,none,31.2,30.9,2.43,17.0,1.11,12.36,11.57,21.26,18.66,20.51,22.96,26.88,33.42,-4.0,0.75,consistent growth,0.36,,2.25,,-17.15,-0.18,67.88,0.0,,4.06,0.06,0.22,0.0,879.8,502.0,22.5,35.8,21.92,172.8,0.11,0.65,6,35.0,20.52,10.0,5.0,70.5,BUY ⭐⭐⭐⭐,Expected ~92% CAGR (2yr) | Revenue CAGR 19% | Profit CAGR 27% | ROE 31% | ROCE 31% | ROCE trend rising ↑,Pattern still forming (not broken out),2-3 years,Medium,"yfinance, screener.in",100,236,,2026-07-18,2026-06-01,47,15.5,7,2.0
SUPRIYA,Supriya Lifescience Limited,Healthcare,Biotechnology,6878.0,Small-Cap,MonthlyStage2,Stage Change,1.0,24,10-EMA=795 | 30-EMA=661 | Above by 30.1% | MA turning=Yes,MonthlyDoubleBottom+MonthlyStage2,Sideways-Above-MA,True,False,Constructive,False,Stage2,6,Uptrend,Uptrend,860.3,661.24,544.21,731.25,2014.26,2954.92,4334.87,2954.92,243.5,85.3,32.89,21.47,5.74,0.7,23.15,12.0,18.56,940.0,2,strong_buy,19.06,,,32.23,,25.26,13.45,50.2,,,46.7,,,47.3,0.5,insufficient history,0.01,,4.4,,-15.58,-0.23,68.3,0.0,,5.16,-0.03,5.7,0.7,1085.0,545.5,20.7,57.7,32.89,182.86,0.95,0.63,4,33.0,22.5,8.0,7.0,70.5,BUY ⭐⭐⭐⭐,Expected ~85% CAGR (2yr) | Revenue CAGR 50% | Profit CAGR 47% | Nearly debt-free | Promoter 68% holding | OPM 32%,None identified,2-3 years,Medium,"yfinance, screener.in",70,56,,2026-07-18,2026-06-01,47,19.4,7,4.0
ADOR,Ador Welding Limited,Industrials,Specialty Industrial Machinery,2306.0,Small-Cap,MonthlyStage2,Stage Change,1.0,24,10-EMA=1127 | 30-EMA=1075 | Above by 23.3% | MA turning=Yes,MonthlyDoubleBottom+MonthlyStage2,Uptrend,True,False,Tight-Above-MAs,True,Stage2,4,Uptrend,Uptrend,1324.8,1074.81,821.65,1126.08,2067.93,2525.77,3084.97,2525.77,90.7,38.1,28.17,17.76,4.16,1.27,14.47,224.0,16.96,1307.0,1,strong_buy,15.8,22.8,2.37,11.0,0.83,5.82,,1.51,19.92,16.73,36.67,22.14,26.82,73.4,0.15,highly inconsistent earnings,0.0,,,,,,53.76,0.02,,0.37,0.23,12.63,0.07,1360.0,848.0,2.6,56.2,46.18,-10.24,0.43,0.29,3,25.0,28.5,7.0,10.0,70.5,BUY ⭐⭐⭐⭐,Expected ~38% CAGR (2yr) | Revenue CAGR 20% | Profit CAGR 22% | ROCE 23% | ROCE trend rising ↑ | Nearly debt-free,None identified,2-3 years,Medium,"yfinance, screener.in",80,263,,2026-07-18,2026-06-01,47,25.5,7,12.0
AUBANK,AU Small Finance Bank Limited,Financial Services,Banks - Regional,80232.0,Large-Cap,MonthlyDoubleBottom,Forming,0.647,39,Sep 39mo | Mid rally 71% | Asymmetry 6%,,Uptrend,True,False,Tight-Above-MAs,True,Stage2,12,Uptrend,Uptrend,1072.1,811.12,460.2,911.28,1485.28,2187.91,5713.44,2913.09,104.1,42.9,30.58,17.69,4.01,0.32,,9.0,25.99,1100.14,28,buy,22.3,12.4,,35.55,,21.37,,18.49,28.91,,208.5,96.13,,65.2,0.4,lumpy earner,,,,,,,22.76,-0.03,,37.27,0.82,31.3,0.03,1090.4,682.15,1.7,57.2,50.21,22.86,0.31,,1,27.0,24.26,9.0,10.0,70.3,BUY ⭐⭐⭐⭐,Expected ~43% CAGR (2yr) | Revenue CAGR 29% | Profit CAGR 96% | ROE 22% | OPM 36% | FII buying +0.8% ↑,Earnings due 2026-07-21 | Pattern still forming (not broken out),2-3 years,Medium,"yfinance, screener.in",70,109,2026-07-21,2026-07-18,2026-06-01,47,10.3,7,6.0
APCOTEXIND,Apcotex Industries Limited,Basic Materials,Specialty Chemicals,2631.0,Small-Cap,MonthlyStage2,Stage Change,1.0,24,10-EMA=429 | 30-EMA=406 | Above by 25.1% | MA turning=Yes,MonthlyDoubleBottom+MonthlyStage2,Uptrend,True,False,Uptrend,True,Stage2,1,Uptrend,Uptrend,507.4,405.67,300.82,431.29,874.91,1814.57,3763.42,1814.57,257.6,89.1,25.98,18.12,4.24,0.24,14.98,158.0,13.3,700.0,1,strong_buy,24.4,19.8,,10.0,-1.0,7.03,8.2,23.21,,,-2.56,,,107.3,0.15,highly inconsistent earnings,0.15,,1.66,,108.11,4.11,58.23,0.0,,0.64,0.02,2.23,0.0,579.0,310.45,12.4,63.4,32.47,-26.75,0.42,0.23,5,27.0,26.5,8.0,8.0,69.5,ACCUMULATE ⭐⭐⭐,Expected ~89% CAGR (2yr) | Profit CAGR 107% | ROE 24% | Low D/E 0.15 | Promoter 58% holding | Margin compressing ↓ ⚠️,Margin compression ↓,2-3 years,Medium,"yfinance, screener.in",80,288,,2026-07-18,2026-06-01,47,-0.2,7,-4.5
GPTINFRA,GPT Infraprojects Limited,Industrials,Engineering & Construction,1565.0,Small-Cap,MonthlyStage2,Stage Change,1.0,24,10-EMA=117 | 30-EMA=107 | Above by 15.9% | MA turning=Yes,MonthlyCupHandle+MonthlyStage2,Uptrend,True,False,Constructive,False,Stage2,4,Uptrend,Uptrend,123.87,106.87,89.91,105.29,409.9,606.11,896.26,606.11,389.3,121.2,16.09,,2.6,0.34,10.15,323.0,0.0,,0,none,17.3,21.3,1.91,14.0,-0.06,7.54,8.18,8.59,16.83,16.2,31.08,47.87,37.14,31.5,0.4,lumpy earner,0.5,,1.59,,-24.47,-1.56,69.37,0.0,,2.72,0.14,7.03,-0.07,150.0,96.22,17.4,28.7,13.75,197.84,0.14,-0.12,5,29.0,25.5,12.0,3.0,69.5,ACCUMULATE ⭐⭐⭐,Expected ~121% CAGR (2yr) | Revenue CAGR 17% | Profit CAGR 48% | ROCE 21% | ROCE trend rising ↑ | Promoter 69% holding,None identified,2-3 years,Medium,"yfinance, screener.in",100,121,,2026-07-18,2026-06-01,47,5.7,7,-0.2
TALBROAUTO,Talbros Automotive Components Limited,Consumer Cyclical,Auto Parts,2519.0,Small-Cap,MonthlyStage2,Stage Change,1.0,24,10-EMA=329 | 30-EMA=283 | Above by 40.3% | MA turning=Yes,MonthlyDoubleBottom+MonthlyStage2,Uptrend,True,False,Tight-Above-MAs,True,Stage2,3,Uptrend,Uptrend,396.5,282.52,215.33,337.02,934.93,1149.21,1412.61,1149.21,189.8,70.2,24.22,,3.39,1.06,18.23,18.0,11.87,,0,none,15.1,18.6,1.0,16.0,0.74,11.97,6.38,5.2,10.38,14.4,10.64,22.92,21.67,18.9,0.15,highly inconsistent earnings,0.11,,1.96,,20.53,0.82,58.43,0.0,,0.49,-0.12,0.09,0.0,435.0,219.9,8.9,80.3,54.03,65.26,0.52,0.33,7,26.0,28.5,7.0,8.0,69.5,ACCUMULATE ⭐⭐⭐,Expected ~70% CAGR (2yr) | Profit CAGR 23% | ROCE trend rising ↑ | Low D/E 0.11 | Promoter 58% holding | Piotroski F=7 (high quality compounder),None identified,2-3 years,Medium,"yfinance, screener.in",100,239,,2026-07-18,2026-06-01,47,20.0,7,1.0
GLENMARK,Glenmark Pharmaceuticals Limited,Healthcare,Drug Manufacturers - Specialty & Generic,64424.0,Large-Cap,MonthlyDoubleBottom,Forming,1.0,48,Sep 48mo | Mid rally 152% | Asymmetry 2%,,Uptrend,True,False,Uptrend,True,Stage2,6,Uptrend,Uptrend,2282.9,1214.53,478.22,1940.46,2168.72,2444.19,2675.45,2408.8,7.1,3.5,47.39,23.23,6.13,4.28,13.96,22.0,25.99,2497.27,11,buy,30.5,39.8,3.89,27.0,0.94,8.02,13.9,27.48,13.61,9.19,30.09,11.07,11.91,6382.0,0.15,highly inconsistent earnings,0.06,,1.77,,1177.36,1.83,46.65,0.0,,20.35,1.15,19.28,-0.81,2474.0,1792.6,7.7,27.4,19.85,174.01,0.26,0.26,7,34.0,26.5,5.0,4.0,69.5,ACCUMULATE ⭐⭐⭐,Expected ~4% CAGR (2yr) | ROE 30% | ROCE 40% | ROCE trend rising ↑ | Nearly debt-free | OPM 27%,Earnings due 2026-08-13 | Pattern still forming (not broken out),2-3 years,Medium,"yfinance, screener.in",100,289,2026-08-13,2026-07-18,2026-06-01,47,-5.1,7,6.0
INDOTHAI,Indo Thai Securities Limited,Financial Services,Capital Markets,2809.0,Small-Cap,MonthlyDoubleBottom,Forming,0.878,30,Sep 30mo | Mid rally 95% | Asymmetry 7%,,Downtrend,False,False,Below-MAs,False,Stage2,12,Uptrend,Uptrend,217.97,47.7,23.57,185.27,212.69,398.97,748.38,398.97,83.0,35.3,41.52,,9.87,0.47,,7.0,0.0,,0,none,28.6,34.6,0.66,83.0,4.43,65.09,21.98,285.19,135.13,36.43,725.0,87.58,48.96,,0.15,highly inconsistent earnings,0.08,,1.95,,,,56.5,-0.27,,1.22,-0.06,0.49,0.3,466.35,143.65,53.3,51.7,39.51,816.9,0.78,1.31,5,40.0,15.04,8.0,6.0,69.0,ACCUMULATE ⭐⭐⭐,Expected ~35% CAGR (2yr) | Revenue CAGR 135% | Profit CAGR 88% | ROE 29% | ROCE 35% | ROCE trend rising ↑,Pattern still forming (not broken out),2-3 years,Medium,"yfinance, screener.in",90,177,,2026-07-18,2026-06-01,47,-18.8,7,0.0
SAKSOFT,Saksoft Limited,Technology,Information Technology Services,2187.0,Small-Cap,MonthlyDoubleBottom,Breakout Ready,1.0,19,Sep 19mo | Mid rally 307% | Asymmetry 2%,,Sideways-Above-MA,True,True,Constructive,True,Downtrend,0,Uptrend,Uptrend,177.85,15.03,3.66,151.17,418.64,491.87,577.89,491.87,176.6,66.3,16.77,5.01,2.81,0.96,10.59,58.0,17.8,,0,none,19.6,25.5,0.03,19.0,0.43,13.23,10.48,14.04,14.78,21.14,22.02,17.49,24.2,19.7,0.75,consistent growth,0.06,,2.17,,85.14,3.89,66.72,0.04,,2.4,0.17,0.0,-0.14,249.5,107.59,28.7,65.3,-14.89,-55.55,4.19,0.31,7,36.0,23.0,10.0,0.0,69.0,ACCUMULATE ⭐⭐⭐,Expected ~66% CAGR (2yr) | ROCE 26% | ROCE trend rising ↑ | Nearly debt-free | Promoter 67% holding | FCF yield 3.9%,None identified,2-3 years,Medium,"yfinance, screener.in",100,255,,2026-07-18,2026-06-01,47,23.5,7,5.0
PIGL,Power & Instrumental (Gujarat) Limited,Industrials,Engineering & Construction,242.0,Micro-Cap,MonthlyDoubleBottom,Forming,1.0,18,Sep 18mo | Mid rally 153% | Asymmetry 4%,,Downtrend,False,False,Below-MAs,False,Stage2,4,Uptrend,Uptrend,103.97,92.78,35.99,88.37,231.09,359.03,557.78,359.03,245.3,85.8,25.16,,1.29,0.45,9.45,18.0,0.0,,0,none,11.0,15.5,1.2,10.0,0.8,6.59,6.86,29.59,32.57,,25.0,55.36,,29.5,0.4,lumpy earner,0.08,,2.44,,32.42,13.4,50.7,4.41,,0.01,0.01,0.75,0.75,189.7,88.05,45.2,18.1,-16.67,127.82,0.61,0.45,5,40.0,16.0,13.0,0.0,69.0,ACCUMULATE ⭐⭐⭐,Expected ~86% CAGR (2yr) | Revenue CAGR 33% | Profit CAGR 55% | ROCE trend rising ↑ | Nearly debt-free | Promoter 51% holding,Pattern still forming (not broken out),2-3 years,Medium,"yfinance, screener.in",100,97,,2026-07-18,2026-06-01,47,0.0,7,9.0
SENCO,Senco Gold Limited,Consumer Cyclical,Luxury Goods,5933.0,Small-Cap,MonthlyStage2,Stage Change,0.525,24,10-EMA=337 | 30-EMA=349 | Above by 7.9% | MA turning=Yes,MonthlyDoubleBottom+MonthlyStage2,Uptrend,True,True,Uptrend,True,Stage2,3,Uptrend,Uptrend,377.0,349.47,271.02,320.45,3366.47,3291.56,7955.95,5175.27,773.1,195.5,10.33,14.64,2.36,0.19,8.37,50.0,14.47,466.0,6,buy,25.6,20.9,-0.29,11.0,0.37,6.81,9.39,33.22,27.4,25.95,261.01,53.73,56.57,151.3,0.15,highly inconsistent earnings,1.07,,1.54,,-224.74,-3.79,64.49,0.02,,7.6,-0.61,12.61,0.53,404.85,276.0,6.9,36.6,3.47,60.82,0.93,0.5,4,30.0,20.8,15.0,3.0,68.8,ACCUMULATE ⭐⭐⭐,Expected ~196% CAGR (2yr) | Revenue CAGR 27% | Profit CAGR 54% | ROE 26% | ROCE 21% | Promoter 64% holding,High D/E 1.1,2-3 years,Medium,"yfinance, screener.in",100,37,,2026-07-18,2026-06-01,47,12.5,7,7.9
SANDUMA,The Sandur Manganese & Iron Ores Limited,Basic Materials,Steel,9884.0,Mid-Cap,MonthlyDoubleBottom,Forming,0.877,11,Sep 11mo | Mid rally 90% | Asymmetry 2%,MonthlyCupHandle+MonthlyDoubleBottom,Downtrend,False,False,Below-MAs,False,Stage2,1,Uptrend,Uptrend,201.35,210.6,109.48,171.15,388.12,521.68,701.18,521.68,159.1,61.0,15.06,,3.04,0.44,8.8,25.0,25.0,,0,none,23.2,24.4,-1.57,24.0,-2.46,12.9,11.16,62.3,33.76,48.61,39.7,34.41,34.95,50.5,0.15,highly inconsistent earnings,0.31,,1.16,,793.91,8.03,74.22,0.0,,1.63,0.43,0.66,-0.01,273.0,141.37,26.2,42.4,41.32,,0.12,0.77,4,38.0,13.52,11.0,6.0,68.5,ACCUMULATE ⭐⭐⭐,Expected ~61% CAGR (2yr) | Revenue CAGR 34% | Profit CAGR 34% | ROE 23% | ROCE 24% | Promoter 74% holding,Margin compression ↓ | Pattern still forming (not broken out),2-3 years,Medium,"yfinance, screener.in",100,35,,2026-07-18,2026-06-01,47,-11.0,7,-12.0
FIEMIND,Fiem Industries Limited,Consumer Cyclical,Auto Parts,5922.0,Small-Cap,MonthlyDoubleBottom,Forming,1.0,38,Sep 38mo | Mid rally 218% | Asymmetry 5%,,Sideways-Above-MA,True,False,Uptrend,True,Stage2,3,Uptrend,Uptrend,2249.9,640.59,196.92,1912.41,5484.02,5131.12,8199.93,6705.86,128.1,51.0,23.15,16.99,4.87,1.04,14.77,178.0,44.22,2769.0,3,strong_buy,22.6,29.3,3.03,14.0,0.51,9.15,12.93,16.22,15.07,18.19,24.88,22.28,40.36,20.7,0.4,lumpy earner,0.05,,2.61,,-25.95,-0.44,54.51,0.0,,6.86,-0.07,11.4,0.53,2555.3,1794.0,12.0,25.4,8.0,117.9,0.15,0.48,6,32.0,23.5,10.0,3.0,68.5,ACCUMULATE ⭐⭐⭐,Expected ~51% CAGR (2yr) | Revenue CAGR 15% | Profit CAGR 22% | ROE 23% | ROCE 29% | ROCE trend rising ↑,Pattern still forming (not broken out),2-3 years,Medium,"yfinance, screener.in",100,238,,2026-07-18,2026-06-01,47,3.7,7,-7.0
IPCALAB,Ipca Laboratories Limited,Healthcare,Drug Manufacturers - Specialty & Generic,45360.0,Large-Cap,MonthlyStage2,Stage Change,1.0,24,10-EMA=1587 | 30-EMA=1416 | Above by 32.2% | MA turning=Yes,MonthlyDoubleBottom+MonthlyStage2,Uptrend,True,False,Uptrend,True,Stage2,6,Uptrend,Uptrend,1872.2,1416.12,1271.2,1591.37,3349.41,3410.64,6123.31,4528.74,82.2,35.0,39.68,27.23,5.62,1.13,23.46,34.0,-20.63,1733.5,18,buy,16.0,17.3,-2.37,21.0,-1.43,11.83,8.08,8.42,15.85,12.32,50.83,35.21,0.74,341.0,0.15,highly inconsistent earnings,0.09,,2.76,,751.99,1.66,44.72,0.0,,10.63,0.01,37.13,0.14,1812.5,1251.6,-3.3,49.6,36.32,89.93,0.4,0.05,5,26.0,26.5,6.0,10.0,68.5,ACCUMULATE ⭐⭐⭐,Expected ~35% CAGR (2yr) | Revenue CAGR 16% | Profit CAGR 35% | Nearly debt-free | Margin compressing ↓ ⚠️ | Piotroski F=5 (above average quality),Margin compression ↓ | Earnings due 2026-08-10,2-3 years,Medium,"yfinance, screener.in",100,367,2026-08-10,2026-07-18,2026-06-01,47,13.0,7,0.0
CAPLIPOINT,Caplin Point Laboratories Limited,Healthcare,Drug Manufacturers - Specialty & Generic,19638.0,Mid-Cap,MonthlyStage2,Stage Change,1.0,24,10-EMA=2092 | 30-EMA=1825 | Above by 41.6% | MA turning=Yes,MonthlyDoubleBottom+MonthlyStage2,Uptrend,True,False,Tight-Above-MAs,True,Stage2,6,Uptrend,Uptrend,2583.6,1824.65,1504.8,2196.06,4540.46,5444.47,6528.46,5444.47,110.7,45.2,30.67,24.16,5.59,1.54,24.65,31.0,-3.85,2505.0,2,strong_buy,20.6,24.6,-0.6,35.0,0.91,29.32,11.86,12.91,14.24,15.57,20.15,19.91,20.96,19.3,1.0,steady compounder (low CV),0.0,,6.7,,2.13,0.01,70.57,0.0,,6.15,-0.43,2.14,0.09,2689.0,1500.3,3.9,72.2,24.18,120.87,0.43,0.19,6,30.0,28.5,2.0,8.0,68.5,ACCUMULATE ⭐⭐⭐,Expected ~45% CAGR (2yr) | ROE 21% | ROCE 25% | Nearly debt-free | Promoter 71% holding | OPM 35%,None identified,2-3 years,Medium,"yfinance, screener.in",100,146,,2026-07-18,2026-06-01,47,26.8,7,5.5
WEBELSOLAR,Websol Energy System Limited,Technology,Solar,4335.0,Small-Cap,MonthlyDoubleBottom,Forming,1.0,20,Sep 20mo | Mid rally 263% | Asymmetry 4%,MonthlyDoubleBottom+MonthlyStage2,Sideways-Above-MA,True,False,Constructive,False,Downtrend,0,Uptrend,Uptrend,99.65,186.5,50.4,84.7,571.8,1396.92,3412.67,1396.92,1301.8,274.4,14.31,,10.77,0.1,10.5,0.0,0.0,,0,none,66.9,63.2,,41.0,-3.0,28.87,31.73,82.43,,,95.48,,,157.9,0.5,insufficient history,0.21,,2.94,,-57.61,-1.33,29.72,2.01,,4.12,-1.28,0.32,0.01,157.3,50.4,36.6,97.7,-24.2,720.92,0.16,0.27,4,35.0,21.0,12.0,0.0,68.0,ACCUMULATE ⭐⭐⭐,Expected ~274% CAGR (2yr) | Revenue CAGR 132% | Profit CAGR 144% | ROE 67% | ROCE 63% | Low D/E 0.21,Margin compression ↓ | Pattern still forming (not broken out),2-3 years,Medium,"yfinance, screener.in",80,231,,2026-07-18,2026-06-01,47,-5.6,7,-0.5
KRISHNADEF,KRISHNA DEF AND ALD IND L,Industrials,Specialty Industrial Machinery,1964.0,Small-Cap,None,,0.0,0,,,Uptrend,True,False,Uptrend,True,Stage2,4,Uptrend,Uptrend,1171.6,,,995.86,1811.35,3652.58,7365.43,3652.58,211.8,76.6,46.95,,10.15,0.46,36.64,10.0,150.0,,0,none,25.4,30.7,7.0,22.0,2.5,16.88,16.06,28.95,56.43,,86.36,101.65,,72.9,1.0,steady compounder (low CV),0.01,,3.99,,72.96,3.71,59.9,-0.06,,1.36,0.75,1.32,-0.74,1400.0,665.0,16.3,76.2,38.47,529.09,,0.92,7,40.0,13.0,7.0,8.0,68.0,ACCUMULATE ⭐⭐⭐,Expected ~77% CAGR (2yr) | Revenue CAGR 56% | Profit CAGR 102% | ROE 25% | ROCE 31% | ROCE trend rising ↑,None identified,2-3 years,Medium,"yfinance, screener.in",100,50,,2026-07-18,2026-06-01,47,0.0,7,2.0
SPECTRUM,SPECTRUM ELECTRIC IND LTD,Industrials,Electrical Equipment & Parts,3020.0,Small-Cap,MonthlyStage2,Breaking Out,1.0,24,10-EMA=1596 | 30-EMA=1490 | Above by 29.0% | MA turning=Yes,MonthlyCupHandle+MonthlyDoubleBottom+MonthlyStage2,Uptrend,True,True,Tight-Above-MAs,True,Stage2,4,Uptrend,Uptrend,1921.6,1489.77,1206.2,1633.36,1599.48,2823.41,4983.88,2823.41,46.9,21.2,76.34,,12.33,1.0,40.52,0.0,,,0,none,20.4,16.8,1.4,15.0,0.77,8.45,7.59,30.85,27.63,28.35,76.0,76.52,48.96,95.5,0.15,highly inconsistent earnings,1.02,,1.34,,-82.7,-2.74,72.72,0.0,,4.94,0.28,0.34,0.0,2200.0,1050.0,12.7,83.0,27.48,74.45,4.85,0.21,5,27.0,30.0,5.0,6.0,68.0,ACCUMULATE ⭐⭐⭐,Expected ~21% CAGR (2yr) | Revenue CAGR 28% | Profit CAGR 77% | ROE 20% | ROCE trend rising ↑ | Promoter 73% holding,High D/E 1.0 | High PE 76,2-3 years,Medium,"yfinance, screener.in",100,94,,2026-07-18,2026-06-01,47,33.6,7,17.8
SIGNPOST,Signpost India Limited,Communication Services,Advertising Agencies,1698.0,Small-Cap,MonthlyStage2,Breaking Out,1.0,24,10-EMA=266 | 30-EMA=276 | Above by 16.2% | MA turning=Yes,MonthlyDoubleBottom+MonthlyStage2,Uptrend,True,True,Uptrend,True,Downtrend,0,Uptrend,Uptrend,321.3,276.39,196.4,273.11,502.82,633.5,798.15,633.5,97.2,40.4,24.15,,5.88,0.93,12.79,16.0,0.0,,0,none,27.6,24.9,0.0,25.0,1.1,12.17,10.68,27.15,19.56,,105.88,25.99,,2128.8,0.15,highly inconsistent earnings,0.7,,1.26,,-79.06,-4.66,60.38,0.0,,0.23,0.14,0.02,0.0,326.4,191.41,1.6,67.9,18.04,,6.76,0.82,4,26.0,27.0,9.0,6.0,68.0,ACCUMULATE ⭐⭐⭐,Expected ~40% CAGR (2yr) | Revenue CAGR 20% | Profit CAGR 26% | ROE 28% | ROCE 25% | Promoter 60% holding,None identified,2-3 years,Medium,"yfinance, screener.in",100,30,,2026-07-18,2026-06-01,47,17.4,7,22.8
ADANIPORTS,Adani Ports and Special Economic Zone Limited,Industrials,Marine Shipping,421187.0,Large-Cap,MonthlyCupHandle,Forming,0.739,22,Cup 22mo | Depth 35% | Prior gain 76% | R²=0.99,MonthlyCupHandle+MonthlyDoubleBottom,Uptrend,True,False,Tight-Above-MAs,True,Stage2,4,Uptrend,Uptrend,1828.1,1861.32,1202.57,1553.88,2799.5,3027.52,4977.39,3732.85,65.6,28.7,31.35,23.71,4.39,0.94,21.4,42.0,14.47,1969.52,25,strong_buy,16.4,14.1,0.43,59.0,-0.91,33.06,6.76,27.11,22.93,25.28,15.56,33.34,20.41,10.4,0.15,highly inconsistent earnings,0.64,,1.39,,-3192.01,-0.76,66.03,-1.99,,15.58,2.33,13.6,-0.26,1891.1,1290.5,3.3,41.7,40.15,107.15,0.36,0.51,4,26.0,24.87,7.0,10.0,67.9,ACCUMULATE ⭐⭐⭐,Expected ~29% CAGR (2yr) | Revenue CAGR 23% | Profit CAGR 33% | ROCE trend rising ↑ | Promoter 66% holding | OPM 59%,Margin compression ↓ | Earnings due 2026-04-30 | Pattern still forming (not broken out),2-3 years,Medium,"yfinance, screener.in",100,225,2026-04-30,2026-07-18,2026-06-01,47,3.7,7,1.5
STAR,Strides Pharma Science Limited,Healthcare,Drug Manufacturers - Specialty & Generic,9979.0,Mid-Cap,MonthlyDoubleBottom,Forming,1.0,26,Sep 26mo | Mid rally 276% | Asymmetry 1%,,Sideways-Above-MA,True,False,Constructive,False,Stage2,6,Uptrend,Uptrend,1068.1,986.17,260.8,907.88,8267.82,13666.91,57933.74,21885.74,1179.6,257.7,17.95,11.35,3.21,0.11,12.5,37.0,100.0,1338.67,3,strong_buy,20.4,18.6,3.49,19.0,2.6,11.45,6.96,6.44,9.63,7.94,-84.02,164.71,-3.41,54.4,0.2,multiple loss years in history,0.56,,1.25,,32.17,0.32,27.91,0.05,,28.68,-0.84,14.44,1.42,1231.0,768.65,13.2,39.0,24.57,117.49,0.14,0.34,5,24.0,22.5,15.0,6.0,67.5,ACCUMULATE ⭐⭐⭐,Expected ~258% CAGR (2yr) | Profit CAGR 165% | ROE 20% | ROCE trend rising ↑ | Piotroski F=5 (above average quality) | DII buying +1.4% ↑,Pattern still forming (not broken out),2-3 years,Medium,"yfinance, screener.in",100,290,,2026-07-18,2026-06-01,47,-7.4,7,-5.0
STYLAMIND,Stylam Industries Limited,Consumer Cyclical,"Furnishings, Fixtures & Appliances",5571.0,Small-Cap,MonthlyStage2,Stage Change,1.0,24,10-EMA=2562 | 30-EMA=2095 | Above by 56.6% | MA turning=Yes,MonthlyCupHandle+MonthlyDoubleBottom+MonthlyStage2,Uptrend,True,False,Tight-Above-MAs,True,Stage2,3,Uptrend,Uptrend,3281.5,2094.98,1576.4,2789.28,4406.54,4256.96,5933.52,5113.34,29.7,13.9,37.18,24.71,6.97,2.32,25.3,0.0,,2972.4,5,buy,20.5,27.0,0.66,20.0,0.29,13.27,14.22,10.15,5.85,18.85,22.95,16.04,22.22,29.3,0.15,highly inconsistent earnings,0.04,,3.48,,-39.14,-0.7,54.1,1.91,,2.81,0.77,13.31,0.07,3357.3,1594.1,2.3,105.9,95.64,64.93,0.22,0.09,5,27.0,28.5,2.0,10.0,67.5,ACCUMULATE ⭐⭐⭐,Expected ~14% CAGR (2yr) | ROE 20% | ROCE 27% | ROCE trend rising ↑ | Nearly debt-free | Promoter 54% holding,None identified,2-3 years,Medium,"yfinance, screener.in",100,60,,2026-07-18,2026-06-01,47,18.3,7,-3.0
NMDC,NMDC Limited,Basic Materials,Steel,74660.0,Large-Cap,MonthlyDoubleBottom,Forming,1.0,30,Sep 30mo | Mid rally 140% | Asymmetry 1%,,Uptrend,True,False,Tight-Above-MAs,True,Stage2,1,Uptrend,Uptrend,89.02,21.51,8.94,75.67,211.17,174.59,255.43,232.25,96.1,40.0,10.01,8.29,2.19,1.0,7.51,412.0,4.35,88.1,21,hold,23.4,27.6,-1.94,29.0,-5.29,23.23,12.29,34.15,21.99,15.85,14.26,9.98,3.49,37.2,0.15,highly inconsistent earnings,0.19,,2.43,,-1396.04,-1.87,60.79,0.0,,13.6,0.12,13.76,-0.3,97.49,67.75,8.7,31.4,40.59,168.73,0.5,0.62,4,23.0,28.5,8.0,8.0,67.5,ACCUMULATE ⭐⭐⭐,Expected ~40% CAGR (2yr) | Revenue CAGR 22% | ROE 23% | ROCE 28% | Low D/E 0.19 | Promoter 61% holding,Margin compression ↓ | Earnings due 2026-08-12 | Pattern still forming (not broken out),2-3 years,Medium,"yfinance, screener.in",100,219,2026-08-12,2026-07-18,2026-06-01,47,0.0,7,-1.0
AUROPHARMA,Aurobindo Pharma Limited,Healthcare,Drug Manufacturers - Specialty & Generic,90029.0,Large-Cap,MonthlyStage2,Stage Change,1.0,24,10-EMA=1370 | 30-EMA=1208 | Above by 29.5% | MA turning=Yes,MonthlyCupHandle+MonthlyDoubleBottom+MonthlyStage2,Uptrend,True,False,Tight-Above-MAs,True,Stage2,6,Uptrend,Uptrend,1564.7,1207.85,1024.06,1329.99,3390.94,3108.5,5048.73,4137.63,98.7,40.9,25.91,17.39,2.4,1.18,12.88,26.0,-12.64,1564.79,29,buy,10.1,12.8,-0.49,20.0,0.17,10.41,5.86,6.08,10.63,6.32,0.55,22.02,-8.07,2.0,0.15,highly inconsistent earnings,0.21,,1.81,,1318.53,1.46,51.82,0.0,,15.24,1.29,25.82,-1.84,1636.8,1016.1,4.4,54.0,53.69,64.34,0.28,0.02,6,20.0,28.5,9.0,10.0,67.5,ACCUMULATE ⭐⭐⭐,Expected ~41% CAGR (2yr) | Profit CAGR 22% | Low D/E 0.21 | Promoter 52% holding | Piotroski F=6 (above average quality) | FII buying +1.3% ↑,Earnings due 2026-08-04,2-3 years,Medium,"yfinance, screener.in",100,367,2026-08-04,2026-07-18,2026-06-01,47,3.4,7,5.0
ARVSMART,Arvind SmartSpaces Limited,Real Estate,Real Estate - Development,2809.0,Small-Cap,MonthlyDoubleBottom,Forming,1.0,42,Sep 42mo | Mid rally 291% | Asymmetry 2%,MonthlyDoubleBottom+MonthlyStage2,Uptrend,True,False,Constructive,False,Stage2,3,Uptrend,Uptrend,612.5,228.17,57.67,520.62,1164.26,1402.92,2774.44,1797.27,129.0,51.3,29.24,17.25,4.15,0.54,21.24,98.0,100.0,811.4,5,strong_buy,15.5,12.9,1.69,27.0,0.83,17.1,2.9,-20.9,30.12,30.5,-13.45,54.37,62.82,121.0,0.15,highly inconsistent earnings,0.65,,1.21,,-44.3,-1.58,53.83,4.0,,0.67,-0.16,8.6,-7.22,681.75,486.8,10.2,25.8,4.81,57.89,0.08,0.17,4,30.0,25.5,9.0,3.0,67.5,ACCUMULATE ⭐⭐⭐,Expected ~51% CAGR (2yr) | Revenue CAGR 30% | Profit CAGR 54% | ROCE trend rising ↑ | Promoter 54% holding | Promoters buying ↑,Pattern still forming (not broken out),2-3 years,Medium,"yfinance, screener.in",100,132,,2026-07-18,2026-06-01,47,3.9,7,6.0
UJJIVANSFB,Ujjivan Small Finance Bank Limited,Financial Services,Banks - Regional,12700.0,Mid-Cap,MonthlyDoubleBottom,Forming,1.0,36,Sep 36mo | Mid rally 122% | Asymmetry 2%,MonthlyCupHandle+MonthlyDoubleBottom,Uptrend,True,False,Uptrend,True,Stage2,12,Uptrend,Uptrend,66.56,47.27,21.13,56.58,257.46,544.0,2854.92,857.33,717.3,185.9,18.6,9.64,1.86,0.08,,,20.0,74.0,19,strong_buy,10.74,,,29.53,,16.57,1.32,44.4,,,233.0,,,238.2,0.5,insufficient history,,,,,,,0.0,0.0,,16.81,-0.42,33.45,2.33,68.0,41.32,2.1,61.1,56.85,14.76,0.75,0.44,2,22.0,26.5,9.0,10.0,67.5,ACCUMULATE ⭐⭐⭐,Expected ~186% CAGR (2yr) | Revenue CAGR 44% | Profit CAGR 233% | OPM 30% | DII buying +2.3% ↑ | Dividend growing 20%/yr,Pattern still forming (not broken out),2-3 years,Medium,"yfinance, screener.in",50,80,,2026-07-18,2026-06-01,47,23.0,7,9.0
BAJAJ-AUTO,Bajaj Auto Limited,Consumer Cyclical,Auto Manufacturers,283628.0,Large-Cap,MonthlyCupHandle,Forming,0.932,20,Cup 20mo | Depth 21% | Prior gain 30% | R²=0.97,MonthlyCupHandle+MonthlyDoubleBottom,Uptrend,True,False,Tight-Above-MAs,True,Stage2,3,Uptrend,Uptrend,10156.0,10533.55,8305.81,8632.6,20888.1,19433.16,30274.69,25147.18,91.3,38.3,26.45,21.83,7.31,1.3,19.79,148.0,2.33,10862.13,38,buy,29.2,28.2,1.06,21.0,0.74,16.89,13.74,23.36,19.94,17.79,44.35,20.39,16.84,103.2,0.15,highly inconsistent earnings,0.56,,1.76,,-643.96,-0.23,55.01,0.02,,8.82,-0.02,14.35,0.28,10834.0,7858.5,6.3,29.2,18.56,101.81,0.27,0.69,6,28.0,27.18,8.0,4.0,67.2,ACCUMULATE ⭐⭐⭐,Expected ~38% CAGR (2yr) | Revenue CAGR 20% | Profit CAGR 20% | ROE 29% | ROCE 28% | ROCE trend rising ↑,Earnings due 2026-07-21 | Pattern still forming (not broken out),2-3 years,Medium,"yfinance, screener.in",100,289,2026-07-21,2026-07-18,2026-06-01,47,-0.5,7,-6.1
SYNCOMF,Syncom Formulations (India) Limited,Healthcare,Drug Manufacturers - Specialty & Generic,1333.0,Small-Cap,MonthlyDoubleBottom,Forming,1.0,21,Sep 21mo | Mid rally 164% | Asymmetry 7%,,Downtrend,False,False,Below-MAs,False,Stage2,6,Uptrend,Uptrend,13.87,27.9,10.21,11.79,64.91,101.29,158.07,101.29,630.3,170.2,17.51,,3.46,0.31,16.01,0.0,,,0,none,20.2,26.8,2.26,16.0,1.31,15.63,9.36,5.62,30.11,21.46,55.1,56.05,47.19,42.3,0.4,lumpy earner,0.0,,3.19,,41.05,3.08,50.57,0.0,,0.21,-0.05,,,19.5,10.21,28.9,35.8,-16.19,35.55,0.45,0.73,7,40.0,16.0,11.0,0.0,67.0,ACCUMULATE ⭐⭐⭐,Expected ~170% CAGR (2yr) | Revenue CAGR 30% | Profit CAGR 56% | ROE 20% | ROCE 27% | ROCE trend rising ↑,Pattern still forming (not broken out),2-3 years,Medium,"yfinance, screener.in",100,45,,2026-07-18,2026-06-01,47,-2.0,7,-7.0
BLS,BLS International Services Limited,Industrials,Specialty Business Services,9759.0,Mid-Cap,MonthlyDoubleBottom,Forming,1.0,11,Sep 11mo | Mid rally 150% | Asymmetry 3%,,Downtrend,False,False,Below-MAs,False,Stage2,4,Uptrend,Uptrend,237.15,69.59,27.34,201.58,914.26,1394.53,2127.07,1394.53,488.0,142.5,14.24,11.03,3.96,0.27,10.99,127.0,38.67,330.0,1,strong_buy,32.7,29.3,3.57,27.0,4.2,22.9,13.79,36.71,25.52,44.37,34.07,52.53,70.67,31.6,0.75,consistent growth,0.15,,2.91,,448.12,4.59,70.39,0.0,,6.14,-0.23,2.99,0.07,414.9,218.9,42.8,8.3,-33.79,-42.14,0.28,-0.25,7,40.0,15.0,12.0,0.0,67.0,ACCUMULATE ⭐⭐⭐,Expected ~142% CAGR (2yr) | Revenue CAGR 26% | Profit CAGR 53% | ROE 33% | ROCE 29% | ROCE trend rising ↑,Pattern still forming (not broken out),2-3 years,Medium,"yfinance, screener.in",100,122,,2026-07-18,2026-06-01,47,-9.5,7,0.0
LALPATHLAB,Dr. Lal PathLabs Limited,Healthcare,Diagnostics & Research,28266.0,Mid-Cap,MonthlyStage2,Breaking Out,1.0,24,10-EMA=1472 | 30-EMA=1405 | Above by 21.3% | MA turning=Yes,MonthlyDoubleBottom+MonthlyStage2,Sideways-Above-MA,True,False,Constructive,True,Stage2,6,Uptrend,Uptrend,1703.7,1404.72,1142.76,1448.14,1915.31,2160.99,3157.19,2459.06,26.8,12.6,56.18,41.04,11.27,1.98,36.69,83.0,7.72,1713.88,26,buy,22.3,28.0,-0.51,28.0,0.17,18.27,13.34,12.27,11.06,11.81,3.66,28.39,11.5,-15.2,0.15,highly inconsistent earnings,0.08,,3.48,,402.22,1.42,53.21,0.0,,17.18,-3.11,21.37,2.17,1803.0,1272.6,5.5,33.9,30.64,32.18,2.5,0.19,6,33.0,24.0,2.0,8.0,67.0,ACCUMULATE ⭐⭐⭐,Expected ~13% CAGR (2yr) | Profit CAGR 28% | ROE 22% | ROCE 28% | Nearly debt-free | Promoter 53% holding,High PE 56 | Earnings due 2026-07-24,2-3 years,Medium,"yfinance, screener.in",100,126,2026-07-24,2026-07-18,2026-06-01,47,0.0,7,0.0
GENUSPOWER,Genus Power Infrastructures Limited,Industrials,Electrical Equipment & Parts,8770.0,Mid-Cap,MonthlyDoubleBottom,Forming,1.0,23,Sep 23mo | Mid rally 136% | Asymmetry 2%,MonthlyCupHandle+MonthlyDoubleBottom+MonthlyStage2,Sideways-Above-MA,True,False,Tight-Above-MAs,True,Stage2,4,Uptrend,Uptrend,317.05,482.57,202.74,269.49,2096.65,5730.14,15660.47,5730.14,1707.3,325.1,14.88,12.43,3.95,0.09,11.27,77.0,114.0,445.0,2,strong_buy,29.0,23.9,2.94,19.0,1.17,12.47,10.03,94.55,80.49,50.81,90.35,173.3,53.71,39.3,0.15,highly inconsistent earnings,1.04,,1.75,,-1130.65,-12.89,39.34,0.0,,18.89,0.15,3.34,0.13,394.0,206.36,19.5,53.6,-1.61,-1.7,2.23,0.31,5,29.0,25.0,12.0,1.0,67.0,ACCUMULATE ⭐⭐⭐,Expected ~325% CAGR (2yr) | Revenue CAGR 80% | Profit CAGR 173% | ROE 29% | ROCE 24% | ROCE trend rising ↑,High D/E 1.0 | Pattern still forming (not broken out),2-3 years,Medium,"yfinance, screener.in",100,253,,2026-07-18,2026-06-01,47,2.5,7,4.0
RADICO,Radico Khaitan Limited,Consumer Defensive,Beverages - Wineries & Distilleries,54580.0,Large-Cap,MonthlyDoubleBottom,Forming,0.7,13,Sep 13mo | Mid rally 71% | Asymmetry 1%,,Uptrend,True,False,Tight-Above-MAs,True,Stage2,15,Uptrend,Uptrend,3599.9,146.19,85.13,3059.91,3077.97,4177.34,6034.54,4309.77,16.0,7.7,90.09,56.36,16.44,2.25,40.28,15.0,10.06,3978.7,20,strong_buy,20.3,24.2,0.89,17.0,0.03,8.84,,24.92,24.53,20.57,74.57,40.02,16.87,62.3,0.15,highly inconsistent earnings,0.21,,,,,,40.2,-0.01,,17.63,-2.19,27.35,3.32,4161.8,2500.0,13.5,44.0,45.46,176.84,0.78,0.24,3,32.0,23.9,1.0,10.0,66.9,ACCUMULATE ⭐⭐⭐,Expected ~8% CAGR (2yr) | Revenue CAGR 25% | Profit CAGR 40% | ROE 20% | ROCE 24% | ROCE trend rising ↑,High PE 90 | Earnings due 2026-07-30 | Pattern still forming (not broken out),2-3 years,Medium,"yfinance, screener.in",80,276,2026-07-30,2026-07-18,2026-06-01,47,0.0,7,-2.0
CARERATING,CARE Ratings Limited,Financial Services,Financial Data & Stock Exchanges,4969.0,Small-Cap,MonthlyDoubleBottom,Forming,0.925,14,Sep 14mo | Mid rally 93% | Asymmetry 1%,,Uptrend,True,False,Tight-Above-MAs,True,Stage2,12,Uptrend,Uptrend,1651.6,708.57,364.76,1403.86,1558.32,1978.6,2512.22,1978.6,19.8,9.5,29.07,21.12,5.32,1.08,23.07,133.0,-24.09,2130.0,1,none,19.7,26.3,1.54,42.0,0.97,36.18,11.09,17.66,19.24,13.78,24.29,26.97,13.84,24.0,0.15,highly inconsistent earnings,0.03,,5.75,,132.32,2.66,,,,23.41,0.16,31.58,0.2,1887.9,1392.7,12.5,18.6,7.11,79.81,0.23,0.34,7,34.0,26.6,3.0,3.0,66.6,ACCUMULATE ⭐⭐⭐,Expected ~10% CAGR (2yr) | Revenue CAGR 19% | Profit CAGR 27% | ROCE 26% | ROCE trend rising ↑ | Nearly debt-free,Pattern still forming (not broken out),2-3 years,Medium,"yfinance, screener.in",90,164,,2026-07-18,2026-06-01,47,-6.0,7,6.0
ASKAUTOLTD,ASK AUTOMOTIVE LIMITED,Consumer Cyclical,Auto Parts,9302.0,Mid-Cap,MonthlyStage2,Stage Change,0.676,24,10-EMA=457 | 30-EMA=428 | Above by 10.1% | MA turning=Yes,MonthlyDoubleBottom+MonthlyStage2,Uptrend,True,False,Constructive,True,Stage2,3,Uptrend,Uptrend,471.85,428.44,362.29,401.07,1055.04,1078.47,1898.97,1415.45,128.6,51.2,31.25,22.97,7.09,0.91,18.77,39.0,50.0,573.0,7,strong_buy,25.3,25.5,1.71,13.0,0.51,7.12,11.63,15.97,17.79,22.02,19.76,34.16,22.88,24.2,0.15,highly inconsistent earnings,0.52,,1.04,,-311.06,-3.34,74.95,0.0,,9.29,-0.43,10.25,1.12,578.5,375.3,18.4,25.7,-1.2,,0.62,-0.17,5,33.0,21.61,11.0,1.0,66.6,ACCUMULATE ⭐⭐⭐,Expected ~51% CAGR (2yr) | Revenue CAGR 18% | Profit CAGR 34% | ROE 25% | ROCE 26% | ROCE trend rising ↑,None identified,2-3 years,Medium,"yfinance, screener.in",100,33,,2026-07-18,2026-06-01,47,3.5,7,9.0
BBTC,The Bombay Burmah Trading Corporation Limited,Consumer Defensive,Packaged Foods,10614.0,Mid-Cap,MonthlyDoubleBottom,Forming,1.0,27,Sep 27mo | Mid rally 129% | Asymmetry 6%,,Downtrend,False,False,Below-MAs,False,Stage2,15,Uptrend,Uptrend,1521.3,2919.66,1235.21,1293.11,15001.0,21847.45,31818.63,21847.45,1336.1,279.0,8.54,4.07,1.51,0.19,3.27,225.0,141.97,,0,none,19.1,33.0,3.34,18.0,1.0,6.26,15.63,6.78,5.54,7.84,13.64,45.64,14.32,43.8,0.15,highly inconsistent earnings,0.17,,1.19,,2049.95,19.31,74.04,0.0,,9.48,0.06,1.46,0.04,2135.0,1314.6,28.7,15.7,-11.52,29.86,0.11,0.61,5,37.0,16.5,13.0,0.0,66.5,ACCUMULATE ⭐⭐⭐,Expected ~279% CAGR (2yr) | Profit CAGR 46% | ROCE 33% | ROCE trend rising ↑ | Low D/E 0.17 | Promoter 74% holding,Pattern still forming (not broken out),2-3 years,Medium,"yfinance, screener.in",100,289,,2026-07-18,2026-06-01,47,-0.5,7,-3.0
VADILALIND,Vadilal Industries Limited,Consumer Defensive,Packaged Foods,4607.0,Small-Cap,MonthlyStage2,Stage Change,1.0,24,10-EMA=5406 | 30-EMA=4614 | Above by 51.2% | MA turning=Yes,MonthlyDoubleBottom+MonthlyStage2,Uptrend,True,False,Uptrend,True,Stage2,15,Uptrend,Uptrend,6977.0,4614.04,3572.53,5930.45,12041.31,14125.66,16570.81,14125.66,102.5,42.3,29.67,,5.87,1.71,19.21,33.0,156.12,,0,none,20.1,22.2,2.69,17.0,1.83,10.32,10.55,21.41,12.42,26.55,3.33,17.31,98.73,149.4,0.15,highly inconsistent earnings,0.27,,3.0,,-33.59,-0.73,64.72,0.0,,0.58,0.02,0.42,0.0,6525.0,3996.0,-6.9,74.6,38.66,136.31,0.37,0.07,6,24.0,26.5,6.0,10.0,66.5,ACCUMULATE ⭐⭐⭐,Expected ~42% CAGR (2yr) | ROE 20% | ROCE 22% | ROCE trend rising ↑ | Low D/E 0.27 | Promoter 65% holding,None identified,2-3 years,Medium,"yfinance, screener.in",100,182,,2026-07-18,2026-06-01,47,64.1,7,13.0
20MICRONS,20 Microns Limited,Basic Materials,Other Industrial Metals & Mining,700.0,Small-Cap,MonthlyDoubleBottom,Forming,1.0,24,Sep 24mo | Mid rally 166% | Asymmetry 1%,MonthlyDoubleBottom+MonthlyStage2,Uptrend,True,True,Tight-Above-MAs,True,Stage2,1,Uptrend,Uptrend,198.34,346.44,129.61,168.59,478.0,563.27,652.54,558.49,184.0,68.5,10.47,,1.45,0.62,6.01,63.0,37.5,,0,none,14.5,17.3,0.37,13.0,0.2,6.96,9.25,4.49,10.77,14.54,8.06,16.84,23.84,15.7,0.4,lumpy earner,0.32,,1.92,,57.49,8.21,45.04,0.0,,0.41,0.0,0.07,-0.03,283.93,129.61,30.1,53.0,-13.19,47.68,0.27,0.62,7,27.0,28.5,11.0,0.0,66.5,ACCUMULATE ⭐⭐⭐,Expected ~68% CAGR (2yr) | ROCE trend rising ↑ | FCF yield 8.2% | Piotroski F=7 (high quality compounder) | Dividend growing 38%/yr | PEG 0.62 — undervalued,Pattern still forming (not broken out),2-3 years,Medium,"yfinance, screener.in",100,214,,2026-07-18,2026-06-01,47,20.1,7,19.0
SOUTHWEST,South West Pinnacle Exploration Limited,Energy,Oil & Gas Equipment & Services,676.0,Small-Cap,MonthlyDoubleBottom,Forming,0.91,12,Sep 12mo | Mid rally 98% | Asymmetry 7%,,Sideways-Above-MA,True,False,Constructive,False,Stage2,1,Uptrend,Uptrend,226.63,187.16,91.07,192.64,300.04,462.67,713.43,462.67,104.2,42.9,20.96,,3.32,0.39,12.76,0.0,14.47,,0,none,17.7,20.0,0.97,24.0,0.06,13.59,9.64,35.0,25.14,18.5,106.25,54.2,26.97,30.6,0.15,highly inconsistent earnings,0.39,,1.84,,-26.37,-3.9,68.85,0.0,,0.76,0.48,,,275.0,121.0,17.6,87.3,63.56,50.76,0.45,-0.33,6,32.0,20.42,7.0,7.0,66.4,ACCUMULATE ⭐⭐⭐,Expected ~43% CAGR (2yr) | Revenue CAGR 25% | Profit CAGR 54% | ROCE trend rising ↑ | Promoter 69% holding | Piotroski F=6 (above average quality),Pattern still forming (not broken out),2-3 years,Medium,"yfinance, screener.in",100,102,,2026-07-18,2026-06-01,47,-9.2,7,-12.0
RML,Rane (Madras) Limited,Consumer Cyclical,Auto Parts,3592.0,Small-Cap,MonthlyStage2,Breaking Out,1.0,24,10-EMA=799 | 30-EMA=769 | Above by 15.9% | MA turning=Yes,MonthlyDoubleBottom+MonthlyStage2,Uptrend,True,False,Constructive,True,Stage2,3,Uptrend,Uptrend,891.15,768.71,601.53,757.48,2442.81,3732.37,5702.69,3732.37,318.8,104.7,33.44,,4.79,0.63,12.64,123.0,100.0,,0,none,15.5,14.0,3.51,9.0,1.34,2.78,5.03,13.42,17.95,24.98,181.58,52.79,121.65,5.2,0.15,highly inconsistent earnings,1.0,,0.92,,107.07,2.98,70.45,0.0,,0.06,0.01,0.97,-0.06,1323.9,608.5,32.7,46.5,5.64,0.53,3.21,0.43,6,24.0,27.0,10.0,5.0,66.0,ACCUMULATE ⭐⭐⭐,Expected ~105% CAGR (2yr) | Revenue CAGR 18% | Profit CAGR 53% | ROCE trend rising ↑ | Promoter 70% holding | Piotroski F=6 (above average quality),High D/E 1.0,2-3 years,Medium,"yfinance, screener.in",100,250,,2026-07-18,2026-06-01,47,0.0,7,-2.0
AVANTIFEED,Avanti Feeds Limited,Consumer Defensive,Packaged Foods,12599.0,Mid-Cap,MonthlyDoubleBottom,Forming,1.0,7,Sep 7mo | Mid rally 196% | Asymmetry 8%,,Downtrend,False,False,Constructive,False,Stage2,15,Uptrend,Uptrend,924.75,715.67,232.83,786.04,2793.18,3580.29,4589.22,3580.29,287.2,96.8,20.83,18.95,3.83,0.74,15.14,97.0,12.92,1166.0,1,hold,20.2,25.9,0.83,12.0,0.6,9.99,10.79,8.09,6.04,8.14,17.95,28.18,10.6,-17.6,0.15,highly inconsistent earnings,0.0,,5.58,,392.42,3.11,43.23,0.0,,7.63,-0.35,6.82,2.66,1593.8,614.25,42.0,50.5,46.94,95.65,0.12,0.07,6,34.0,16.0,10.0,6.0,66.0,ACCUMULATE ⭐⭐⭐,Expected ~97% CAGR (2yr) | Profit CAGR 28% | ROE 20% | ROCE 26% | ROCE trend rising ↑ | Nearly debt-free,Pattern still forming (not broken out),2-3 years,Medium,"yfinance, screener.in",100,199,,2026-07-18,2026-06-01,47,-27.0,7,0.0
ACE,Action Construction Equipment Limited,Industrials,Farm & Heavy Construction Machinery,11771.0,Mid-Cap,MonthlyDoubleBottom,Forming,0.497,9,Sep 9mo | Mid rally 59% | Asymmetry 9%,MonthlyDoubleBottom+MonthlyStage2,Uptrend,True,False,Tight-Above-MAs,True,Stage2,4,Uptrend,Uptrend,989.0,289.73,173.79,840.65,1682.42,2252.26,3015.1,2252.26,127.7,50.9,28.33,21.78,5.85,0.84,22.11,20.0,49.38,1247.0,2,none,22.9,31.7,3.66,15.0,1.34,12.65,9.83,-1.41,14.94,21.73,1.47,33.87,38.99,-6.5,0.4,lumpy earner,0.0,,1.33,,272.88,2.32,65.42,0.0,,7.82,-1.76,2.59,0.75,1199.0,745.1,17.5,32.7,-5.02,4.19,0.34,0.32,6,38.0,20.96,6.0,1.0,66.0,ACCUMULATE ⭐⭐⭐,Expected ~51% CAGR (2yr) | Profit CAGR 34% | ROE 23% | ROCE 32% | ROCE trend rising ↑ | Nearly debt-free,Pattern still forming (not broken out),2-3 years,Medium,"yfinance, screener.in",100,239,,2026-07-18,2026-06-01,47,12.1,7,5.0
BHARTIARTL,Bharti Airtel Limited,Communication Services,Telecom Services,1198072.0,Large-Cap,MonthlyDoubleBottom,Forming,1.0,19,Sep 19mo | Mid rally 110% | Asymmetry 5%,,Sideways,False,False,Below-MAs,True,Downtrend,0,Uptrend,Uptrend,1920.4,429.14,200.07,1632.34,1865.12,2486.33,3663.47,2613.96,29.5,13.8,43.29,23.51,7.53,1.08,11.04,125.0,74.72,2294.88,33,strong_buy,21.9,18.5,1.77,57.0,1.74,12.65,7.85,21.96,14.88,15.96,-9.76,40.15,82.12,-33.5,0.15,highly inconsistent earnings,1.0,,0.52,,60950.84,5.09,50.07,1.2,,26.51,-1.28,20.64,0.11,2174.5,1740.5,11.7,10.3,2.57,102.69,0.3,0.02,6,35.0,18.0,10.0,3.0,66.0,ACCUMULATE ⭐⭐⭐,Expected ~14% CAGR (2yr) | Profit CAGR 40% | ROE 22% | ROCE trend rising ↑ | Promoter 50% holding | Promoters buying ↑,Earnings due 2026-08-04 | Pattern still forming (not broken out),2-3 years,Medium,"yfinance, screener.in",100,289,2026-08-04,2026-07-18,2026-06-01,47,0.4,7,5.0
GVT&D,GE Vernova T&D India Ltd,Industrials,Specialty Industrial Machinery,119756.0,Large-Cap,MonthlyDoubleBottom,Forming,1.0,36,Sep 36mo | Mid rally 193% | Asymmetry 3%,,Sideways-Above-MA,True,False,Constructive,False,Stage2,4,Uptrend,Uptrend,4606.8,360.39,121.02,3915.78,3223.1,5615.34,11476.71,6081.99,21.9,10.4,97.1,58.57,44.51,1.09,70.23,22.0,100.0,4915.38,16,buy,18.6,,,12.0,,19.87,16.5,42.0,,,88.7,,,88.6,0.5,insufficient history,0.01,,1.33,,1180.97,0.99,51.0,0.0,,20.39,1.93,21.39,-1.88,5650.0,2265.0,18.5,103.4,66.96,1271.54,0.65,0.59,4,32.0,22.5,4.0,7.0,65.5,ACCUMULATE ⭐⭐⭐,Expected ~10% CAGR (2yr) | Revenue CAGR 42% | Profit CAGR 89% | Nearly debt-free | Promoter 51% holding | FII buying +1.9% ↑,High PE 97 | Pattern still forming (not broken out),2-3 years,Medium,"yfinance, screener.in",70,288,,2026-07-18,2026-06-01,47,5.1,7,-7.0
PIXTRANS,PIX Transmissions Limited,Industrials,Specialty Industrial Machinery,2480.0,Small-Cap,MonthlyDoubleBottom,Forming,1.0,14,Sep 14mo | Mid rally 133% | Asymmetry 4%,MonthlyDoubleBottom+MonthlyStage2,Uptrend,True,False,Tight-Above-MAs,True,Stage2,4,Uptrend,Uptrend,1531.9,2783.67,1173.0,1302.12,2653.15,4394.34,3698.63,3132.58,186.9,69.4,23.2,,3.56,1.28,14.37,49.0,14.47,,0,none,16.4,21.7,-0.34,26.0,-0.34,18.31,10.49,-1.85,6.19,8.9,-5.31,18.07,10.48,-10.7,0.15,highly inconsistent earnings,0.04,,6.86,,106.04,4.28,62.06,0.0,,0.41,-0.57,2.51,0.96,1930.0,1220.1,20.6,25.6,3.82,45.58,0.29,-0.05,4,28.0,27.5,7.0,3.0,65.5,ACCUMULATE ⭐⭐⭐,Expected ~69% CAGR (2yr) | ROCE 22% | Nearly debt-free | Promoter 62% holding | OPM 26% | FCF yield 4.3%,Pattern still forming (not broken out),2-3 years,Medium,"yfinance, screener.in",100,50,,2026-07-18,2026-06-01,47,0.0,7,-3.0
SANDHAR,Sandhar Technologies Limited,Consumer Cyclical,Auto Parts,4058.0,Small-Cap,MonthlyStage2,Stage Change,1.0,24,10-EMA=570 | 30-EMA=498 | Above by 25.0% | MA turning=Yes,MonthlyDoubleBottom+MonthlyStage2,Sideways-Above-MA,True,False,Constructive,False,Stage2,3,Uptrend,Uptrend,622.2,497.61,341.35,528.87,2316.61,3221.47,4479.78,3221.47,417.8,127.5,20.37,16.01,3.04,0.52,11.76,52.0,15.87,854.0,2,strong_buy,16.2,14.4,1.14,9.0,0.09,4.09,4.87,24.92,18.59,21.09,40.14,39.06,27.96,49.8,0.4,lumpy earner,0.86,,0.94,,-142.16,-3.5,70.38,0.0,,0.77,-0.39,17.39,1.51,763.2,405.2,18.5,53.6,45.56,37.34,0.38,0.57,5,25.0,22.5,10.0,8.0,65.5,ACCUMULATE ⭐⭐⭐,Expected ~128% CAGR (2yr) | Revenue CAGR 19% | Profit CAGR 39% | ROCE trend rising ↑ | Promoter 70% holding | Piotroski F=5 (above average quality),None identified,2-3 years,Medium,"yfinance, screener.in",100,100,,2026-07-18,2026-06-01,47,21.7,7,-2.0
GRWRHITECH,Garware Hi-Tech Films Limited,Basic Materials,Specialty Chemicals,16188.0,Mid-Cap,MonthlyStage2,Stage Change,1.0,24,10-EMA=4991 | 30-EMA=3733 | Above by 89.3% | MA turning=Yes,,Uptrend,True,False,Tight-Above-MAs,True,Stage2,1,Uptrend,Uptrend,7067.0,3733.01,2687.86,6006.95,4043.71,5125.4,6496.44,5125.4,,,47.85,38.24,6.09,1.79,35.49,17.0,6.27,,0,none,13.4,18.0,1.46,20.0,-0.0,15.95,8.55,0.52,13.81,16.47,2.11,26.75,21.82,39.1,0.15,highly inconsistent earnings,0.01,,4.43,,60.47,0.37,60.73,0.0,,3.98,0.02,5.28,-0.07,7185.0,2681.0,1.6,163.6,163.82,494.05,0.3,0.67,6,26.0,28.5,1.0,10.0,65.5,ACCUMULATE ⭐⭐⭐,Profit CAGR 27% | ROCE trend rising ↑ | Nearly debt-free | Promoter 61% holding | Piotroski F=6 (above average quality) | MonthlyStage2 forming (24mo base),None identified,2-3 years,Medium,"yfinance, screener.in",100,54,,2026-07-18,2026-06-01,47,27.5,7,-1.5
BUTTERFLY,Butterfly Gandhimathi Appliances Limited,Consumer Cyclical,"Furnishings, Fixtures & Appliances",1308.0,Small-Cap,MonthlyDoubleBottom,Forming,1.0,37,Sep 37mo | Mid rally 368% | Asymmetry 1%,,Uptrend,True,False,Uptrend,True,Stage2,3,Uptrend,Uptrend,731.7,642.47,136.69,621.95,1564.57,1982.31,2511.58,1982.31,170.9,64.6,28.65,,3.51,1.07,14.63,,100.0,,0,none,13.08,,,5.96,,4.84,6.84,16.7,,,26.7,,,26.6,0.5,insufficient history,0.02,,2.1,,62.91,4.81,75.0,0.0,,0.01,-0.01,0.43,0.0,823.85,565.8,11.2,29.3,1.52,-65.37,0.8,-0.0,5,28.0,26.5,8.0,3.0,65.5,ACCUMULATE ⭐⭐⭐,Expected ~65% CAGR (2yr) | Revenue CAGR 17% | Profit CAGR 27% | Nearly debt-free | Promoter 75% holding | FCF yield 4.8%,Pattern still forming (not broken out),2-3 years,Medium,"yfinance, screener.in",70,148,,2026-07-18,2026-06-01,47,7.5,7,-0.5
DJML,DJ Mediaprint & Logistics Limited,Industrials,Specialty Business Services,407.0,Micro-Cap,MonthlyStage2,Stage Change,1.0,24,10-EMA=100 | 30-EMA=95 | Above by 18.9% | MA turning=Yes,MonthlyDoubleBottom+MonthlyStage2,Sideways-Above-MA,True,False,Constructive,False,Stage2,4,Uptrend,Uptrend,113.33,95.34,69.5,96.33,231.32,468.89,950.44,468.89,313.7,103.4,35.75,,4.31,0.35,17.34,13.0,44.22,,0,none,14.1,16.5,2.0,19.0,-2.5,7.91,8.88,68.29,,,57.14,,,110.7,1.0,steady compounder (low CV),0.43,,3.96,,-27.9,-6.85,56.17,0.65,,0.05,0.05,0.0,0.0,126.96,52.0,10.7,117.9,12.8,95.94,1.42,-0.23,4,29.0,22.5,10.0,4.0,65.5,ACCUMULATE ⭐⭐⭐,Expected ~103% CAGR (2yr) | Revenue CAGR 91% | Profit CAGR 103% | ROCE trend rising ↑ | Promoter 56% holding | Margin compressing ↓ ⚠️,Margin compression ↓,2-3 years,Medium,"yfinance, screener.in",80,44,,2026-07-18,2026-06-01,47,18.7,7,-0.5
INFOBEAN,InfoBeans Technologies Limited,Technology,Software - Application,1583.0,Small-Cap,MonthlyStage2,Stage Change,1.0,24,10-EMA=160 | 30-EMA=137 | Above by 23.8% | MA turning=Yes,MonthlyCupHandle+MonthlyDoubleBottom+MonthlyStage2,Sideways,False,False,Below-MAs,True,Downtrend,0,Uptrend,Uptrend,169.78,137.16,72.69,144.31,418.23,561.26,753.21,561.26,230.6,81.8,18.3,,3.83,0.54,12.14,15.0,0.0,,0,none,23.2,29.2,0.37,22.0,-0.71,16.87,12.26,30.13,10.11,23.35,128.95,34.2,18.65,104.2,0.15,highly inconsistent earnings,0.04,,10.14,,44.87,2.83,72.84,-1.56,,0.45,-0.1,0.2,-0.76,257.5,91.45,34.1,85.7,11.61,15.73,0.2,0.55,6,35.0,18.5,10.0,2.0,65.5,ACCUMULATE ⭐⭐⭐,Expected ~82% CAGR (2yr) | Profit CAGR 34% | ROE 23% | ROCE 29% | ROCE trend rising ↑ | Nearly debt-free,Margin compression ↓,2-3 years,Medium,"yfinance, screener.in",100,109,,2026-07-18,2026-06-01,47,11.5,7,-0.5
MPSLTD,MPS Limited,Communication Services,Publishing,3390.0,Small-Cap,MonthlyDoubleBottom,Forming,1.0,25,Sep 25mo | Mid rally 125% | Asymmetry 0%,,Sideways,False,False,Below-MAs,True,Downtrend,0,Uptrend,Uptrend,1828.9,3013.89,1336.1,1554.57,3270.63,4691.68,4450.41,3815.19,156.5,60.2,19.57,15.99,5.68,1.18,14.12,416.0,40.38,2500.0,1,strong_buy,31.2,39.3,3.0,31.0,0.94,22.54,15.89,5.64,15.3,12.67,16.11,16.65,24.0,-0.1,0.4,lumpy earner,0.1,,1.45,,194.33,5.73,68.34,0.0,,1.47,-0.16,1.96,0.8,2975.0,1336.1,38.5,36.9,-22.35,68.26,0.94,0.44,6,40.0,18.5,7.0,0.0,65.5,ACCUMULATE ⭐⭐⭐,Expected ~60% CAGR (2yr) | Revenue CAGR 15% | ROE 31% | ROCE 39% | ROCE trend rising ↑ | Low D/E 0.10,Pattern still forming (not broken out),2-3 years,Medium,"yfinance, screener.in",100,287,,2026-07-18,2026-06-01,47,0.0,7,0.0
TERASOFT,Tera Software Limited,Technology,Information Technology Services,499.0,Micro-Cap,MonthlyDoubleBottom,Forming,1.0,14,Sep 14mo | Mid rally 167% | Asymmetry 8%,,Sideways,False,False,Below-MAs,True,Downtrend,0,Uptrend,Uptrend,401.2,84.8,30.63,341.02,1358.45,2754.11,5583.69,2754.11,586.5,162.0,20.12,,3.42,0.2,13.12,25.0,,,0,none,18.5,24.4,8.0,15.0,7.2,10.42,9.27,120.37,22.02,,177.78,102.74,,119.9,0.4,lumpy earner,0.27,,1.69,,-27.34,-5.48,47.53,0.0,,0.08,-0.06,,,598.0,282.8,32.9,41.9,32.32,857.5,0.22,0.3,5,30.0,17.5,12.0,6.0,65.5,ACCUMULATE ⭐⭐⭐,Expected ~162% CAGR (2yr) | Revenue CAGR 22% | Profit CAGR 103% | ROCE 24% | ROCE trend rising ↑ | Low D/E 0.27,Pattern still forming (not broken out),2-3 years,Medium,"yfinance, screener.in",100,116,,2026-07-18,2026-06-01,47,26.2,7,3.5
JBCHEPHARM,J. B. Chemicals & Pharmaceuticals Limited,Healthcare,Drug Manufacturers - Specialty & Generic,39104.0,Large-Cap,MonthlyDoubleBottom,Forming,0.662,29,Sep 29mo | Mid rally 74% | Asymmetry 8%,,Uptrend,True,False,Tight-Above-MAs,True,Stage2,6,Uptrend,Uptrend,2171.6,183.68,101.71,1845.86,2147.24,2460.05,3093.58,2577.34,13.3,6.4,54.64,33.42,9.4,2.73,34.74,76.0,35.34,2284.11,9,buy,18.9,25.4,-0.8,27.0,0.46,17.11,12.48,5.87,9.62,15.22,7.42,20.03,9.57,-30.4,0.15,highly inconsistent earnings,0.0,,4.92,,506.48,1.3,48.8,1.25,,16.33,1.45,21.38,-1.97,2474.0,1604.0,12.2,35.4,38.4,65.57,0.81,-0.02,5,31.0,24.44,0.0,10.0,65.4,ACCUMULATE ⭐⭐⭐,Expected ~6% CAGR (2yr) | Profit CAGR 20% | ROCE 25% | Nearly debt-free | Promoters buying ↑ | OPM 27%,High PE 55 | Earnings due 2026-07-30 | Pattern still forming (not broken out),2-3 years,Medium,"yfinance, screener.in",100,287,2026-07-30,2026-07-18,2026-06-01,47,0.0,7,1.0
CLSEL,Chaman Lal Setia Exports Ltd.,Consumer Defensive,Packaged Foods,1432.0,Small-Cap,MonthlyCupHandle,Forming,0.819,12,Cup 12mo | Depth 24% | Prior gain 22% | R²=0.99,MonthlyCupHandle+MonthlyStage2,Sideways-Above-MA,True,False,Constructive,False,Stage2,15,Uptrend,Uptrend,288.0,364.37,277.5,263.62,2276.79,3556.34,5555.0,3556.34,1134.8,251.4,12.47,,1.71,0.22,8.84,87.0,75.0,,0,none,14.61,,,11.85,,7.97,9.47,16.5,,,56.2,,,55.9,0.5,insufficient history,0.1,,6.94,,95.41,6.66,74.05,0.0,,3.08,0.0,1.58,-0.02,347.4,203.75,17.1,41.3,4.81,18.8,0.14,0.43,4,32.0,19.33,12.0,2.0,65.3,ACCUMULATE ⭐⭐⭐,Expected ~251% CAGR (2yr) | Revenue CAGR 16% | Profit CAGR 56% | Nearly debt-free | Promoter 74% holding | FCF yield 6.7%,Pattern still forming (not broken out),2-3 years,Medium,"yfinance, screener.in",70,63,,2026-07-18,2026-06-01,47,11.5,7,0.6
ENDURANCE,Endurance Technologies Limited,Consumer Cyclical,Auto Parts,37788.0,Large-Cap,MonthlyStage2,Stage Change,0.974,24,10-EMA=2567 | 30-EMA=2344 | Above by 14.6% | MA turning=Yes,MonthlyDoubleBottom+MonthlyStage2,Uptrend,True,False,Tight-Above-MAs,True,Stage2,3,Uptrend,Uptrend,2686.4,2343.96,1758.83,2283.44,4067.49,4234.07,6420.69,5110.39,57.6,25.5,39.68,26.68,5.52,1.55,18.94,42.0,16.96,2919.6,15,buy,15.4,18.3,0.49,13.0,-0.4,6.52,7.41,26.25,18.35,17.39,13.88,25.64,12.86,12.8,0.15,highly inconsistent earnings,0.19,,1.55,,153.57,0.41,75.0,0.0,,13.14,-0.58,9.77,0.57,3079.9,2142.8,12.8,25.4,-5.09,37.92,0.35,0.68,6,29.0,28.19,6.0,2.0,65.2,ACCUMULATE ⭐⭐⭐,Expected ~26% CAGR (2yr) | Revenue CAGR 18% | Profit CAGR 26% | ROCE trend rising ↑ | Low D/E 0.19 | Promoter 75% holding,None identified,2-3 years,Medium,"yfinance, screener.in",100,118,,2026-07-18,2026-06-01,47,5.5,7,6.9
HEROMOTOCO,Hero MotoCorp Limited,Consumer Cyclical,Auto Manufacturers,99028.0,Large-Cap,MonthlyCupHandle,Forming,0.833,22,Cup 22mo | Depth 36% | Prior gain 66% | R²=0.98,MonthlyCupHandle+MonthlyDoubleBottom,Downtrend,False,False,Below-MAs,False,Stage2,3,Uptrend,Uptrend,4910.0,6106.48,3934.36,4173.5,17606.25,15796.53,28531.44,22412.76,221.7,79.4,17.27,15.6,4.58,0.63,12.35,374.0,3.23,5872.18,34,buy,28.5,35.8,2.91,15.0,0.6,12.11,12.51,15.85,11.55,8.9,31.99,27.3,14.49,25.7,0.15,highly inconsistent earnings,0.04,,1.91,,6278.06,6.34,34.73,0.0,,31.15,1.72,24.69,-1.59,6388.5,4195.0,23.1,17.0,-0.71,58.16,0.39,0.5,7,38.0,14.0,12.0,1.0,65.0,ACCUMULATE ⭐⭐⭐,Expected ~79% CAGR (2yr) | Profit CAGR 27% | ROE 28% | ROCE 36% | ROCE trend rising ↑ | Nearly debt-free,Earnings due 2026-08-05 | Pattern still forming (not broken out),2-3 years,Medium,"yfinance, screener.in",100,289,2026-08-05,2026-07-18,2026-06-01,47,-1.9,7,-4.2
BSE,BSE Limited,Financial Services,Financial Data & Stock Exchanges,154800.0,Large-Cap,None,,0.0,0,,,Sideways-Above-MA,True,False,Constructive,False,Stage2,12,Uptrend,Uptrend,3811.6,,,3239.86,2983.93,5797.0,15702.71,6845.12,52.1,23.3,63.29,38.89,19.69,0.49,36.06,26.0,35.72,4224.81,16,buy,44.8,58.0,10.2,64.0,6.26,48.73,20.81,50.5,73.54,50.31,88.12,129.4,77.29,62.9,0.15,highly inconsistent earnings,0.0,,1.53,,5136.78,3.32,,,,19.42,1.97,25.09,1.35,4446.8,2021.5,14.3,88.6,82.73,975.35,,0.28,6,40.0,9.0,8.0,8.0,65.0,ACCUMULATE ⭐⭐⭐,Expected ~23% CAGR (2yr) | Revenue CAGR 74% | Profit CAGR 129% | ROE 45% | ROCE 58% | ROCE trend rising ↑,High PE 63,2-3 years,Medium,"yfinance, screener.in",90,114,,2026-07-18,2026-06-01,47,-9.0,7,-4.0
GODFRYPHLP,Godfrey Phillips India Limited,Consumer Defensive,Tobacco,32995.0,Large-Cap,MonthlyDoubleBottom,Forming,1.0,7,Sep 7mo | Mid rally 112% | Asymmetry 10%,MonthlyDoubleBottom+MonthlyStage2,Downtrend,False,False,Below-MAs,False,Stage2,15,Uptrend,Uptrend,2115.3,439.44,197.7,1798.01,6385.08,8319.13,10838.99,8319.13,293.3,98.3,21.64,18.87,5.31,0.71,20.59,176.0,58.27,,0,none,26.6,32.8,3.37,25.0,0.29,23.88,11.97,13.9,21.51,20.41,42.35,30.29,32.33,86.7,0.75,consistent growth,0.04,,2.44,,44.89,0.14,72.58,0.0,,7.91,-0.24,3.28,-0.93,3947.0,1832.1,46.4,15.5,-40.79,183.62,0.07,0.3,7,40.0,15.0,10.0,0.0,65.0,ACCUMULATE ⭐⭐⭐,Expected ~98% CAGR (2yr) | Revenue CAGR 22% | Profit CAGR 30% | ROE 27% | ROCE 33% | ROCE trend rising ↑,Pattern still forming (not broken out),2-3 years,Medium,"yfinance, screener.in",100,331,,2026-07-18,2026-06-01,47,-9.6,7,-2.0
POLYCAB,Polycab India Limited,Industrials,Electrical Equipment & Parts,138690.0,Large-Cap,None,,0.0,0,,,Uptrend,True,False,Tight-Above-MAs,True,Stage2,4,Uptrend,Uptrend,9162.5,,,7788.12,8125.95,10068.66,13378.13,10426.41,9.9,4.8,52.08,37.01,11.55,1.84,33.16,51.0,32.95,9532.03,31,buy,23.0,33.2,2.31,14.0,0.43,9.25,13.56,28.9,26.98,26.86,32.36,28.31,25.04,6.3,0.4,lumpy earner,0.03,,1.84,,1620.23,1.17,61.5,0.0,,18.21,3.39,7.95,-3.18,10126.0,6620.0,9.5,38.4,48.36,139.42,,0.64,7,40.0,15.0,2.0,8.0,65.0,ACCUMULATE ⭐⭐⭐,Expected ~5% CAGR (2yr) | Revenue CAGR 27% | Profit CAGR 28% | ROE 23% | ROCE 33% | ROCE trend rising ↑,High PE 52 | Earnings due 2026-07-16,2-3 years,Medium,"yfinance, screener.in",100,86,2026-07-16,2026-07-18,2026-06-01,47,0.0,7,-2.0
NEULANDLAB,Neuland Laboratories Limited,Healthcare,Drug Manufacturers - Specialty & Generic,25026.0,Mid-Cap,MonthlyCupHandle,Forming,0.854,17,Cup 17mo | Depth 27% | Prior gain 121% | R²=0.97,MonthlyCupHandle+MonthlyDoubleBottom,Sideways-Above-MA,True,True,Constructive,True,Stage2,6,Uptrend,Uptrend,16790.0,18024.33,13107.61,14271.5,15948.17,22941.05,27135.16,20802.79,36.6,16.9,68.96,42.88,13.36,2.27,467.82,17.0,33.89,21222.0,4,strong_buy,21.2,26.5,3.26,29.0,2.66,2.29,,36.97,19.31,16.64,40.0,30.44,35.06,664.8,0.15,highly inconsistent earnings,0.16,,1.42,,,,32.63,0.0,,20.46,-0.44,15.84,1.12,20089.0,11500.0,16.4,46.0,47.75,473.99,1.12,-0.32,3,33.0,19.75,2.0,10.0,64.8,ACCUMULATE ⭐⭐⭐,Expected ~17% CAGR (2yr) | Revenue CAGR 19% | Profit CAGR 30% | ROE 21% | ROCE 26% | ROCE trend rising ↑,High PE 69 | Pattern still forming (not broken out),3-4 years,Medium-High,"yfinance, screener.in",80,212,,2026-07-18,2026-06-01,47,0.0,7,1.0
RAMRAT,Ram Ratna Wires Limited,Industrials,Electrical Equipment & Parts,3912.0,Small-Cap,MonthlyCupHandle,Forming,0.717,19,Cup 19mo | Depth 32% | Prior gain 106% | R²=0.98,MonthlyCupHandle+MonthlyDoubleBottom,Uptrend,True,False,Tight-Above-MAs,True,Stage2,4,Uptrend,Uptrend,425.6,427.1,290.58,361.76,555.61,735.46,973.53,735.46,72.8,31.5,36.5,,6.75,1.13,17.37,60.0,0.0,,0,none,20.6,23.6,2.31,5.0,0.06,2.07,8.57,40.79,25.01,27.66,55.71,32.37,46.78,69.1,0.15,highly inconsistent earnings,1.15,,1.15,,-356.79,-9.12,69.3,0.0,,0.17,0.08,0.44,0.02,520.0,268.0,18.2,58.8,33.64,192.32,0.79,0.4,4,27.0,24.6,6.0,7.0,64.6,ACCUMULATE ⭐⭐⭐,Expected ~32% CAGR (2yr) | Revenue CAGR 25% | Profit CAGR 32% | ROE 21% | ROCE 24% | ROCE trend rising ↑,High D/E 1.2 | Pattern still forming (not broken out),3-4 years,Medium-High,"yfinance, screener.in",100,47,,2026-07-18,2026-06-01,47,0.0,7,0.0
NBCC,NBCC (India) Limited,Industrials,Engineering & Construction,26995.0,Mid-Cap,MonthlyDoubleBottom,Forming,1.0,48,Sep 48mo | Mid rally 216% | Asymmetry 7%,MonthlyCupHandle+MonthlyDoubleBottom+MonthlyStage2,Sideways,False,False,Below-MAs,True,Stage2,4,Uptrend,Uptrend,93.08,89.08,27.25,79.12,124.13,172.18,238.83,172.18,85.0,36.0,37.45,32.25,8.99,0.97,19.99,68.0,-30.66,124.5,2,strong_buy,24.1,31.0,3.03,5.0,0.63,5.46,4.29,7.06,13.24,13.14,33.21,38.71,25.33,37.2,0.4,lumpy earner,0.0,,1.18,,992.51,3.68,61.75,0.0,,4.99,-0.21,10.75,-1.5,125.85,77.18,26.0,20.6,-15.94,239.5,0.72,0.66,5,38.0,19.5,6.0,1.0,64.5,ACCUMULATE ⭐⭐⭐,Expected ~36% CAGR (2yr) | Profit CAGR 39% | ROE 24% | ROCE 31% | ROCE trend rising ↑ | Nearly debt-free,Pattern still forming (not broken out),3-4 years,Medium-High,"yfinance, screener.in",100,170,,2026-07-18,2026-06-01,47,0.0,7,0.0
KARURVYSYA,The Karur Vysya Bank Limited,Financial Services,Banks - Regional,29545.0,Mid-Cap,MonthlyDoubleBottom,Forming,1.0,35,Sep 35mo | Mid rally 115% | Asymmetry 0%,,Uptrend,True,False,Uptrend,True,Stage2,12,Uptrend,Uptrend,293.25,103.53,48.12,249.26,760.22,784.42,1515.69,1073.44,167.5,63.6,11.76,9.63,2.09,0.29,,85.0,17.57,350.89,18,buy,19.28,,,57.61,,40.05,1.96,19.5,,,41.2,,,41.2,0.5,insufficient history,,,,,,,2.07,0.0,,19.25,2.38,39.26,-0.94,343.45,201.82,14.6,45.3,40.57,170.12,0.78,-0.07,2,20.0,26.5,10.0,8.0,64.5,ACCUMULATE ⭐⭐⭐,Expected ~64% CAGR (2yr) | Revenue CAGR 20% | Profit CAGR 41% | OPM 58% | FII buying +2.4% ↑ | Dividend growing 18%/yr,Earnings due 2026-07-23 | Pattern still forming (not broken out),3-4 years,Medium-High,"yfinance, screener.in",50,365,2026-07-23,2026-07-18,2026-06-01,47,0.0,7,1.0
PARAS,Paras Defence and Space Technologies Limited,Industrials,Aerospace & Defense,10098.0,Mid-Cap,MonthlyDoubleBottom,Forming,1.0,42,Sep 42mo | Mid rally 172% | Asymmetry 9%,MonthlyDoubleBottom+MonthlyStage2,Uptrend,True,False,Tight-Above-MAs,True,Stage2,4,Uptrend,Uptrend,763.1,1591.47,560.27,648.63,323.12,2622.67,590.81,436.92,243.7,85.4,114.96,75.49,13.91,3.26,82.99,4.0,,703.0,1,none,12.6,16.9,0.97,25.0,-1.17,18.49,7.12,30.68,29.04,27.24,45.9,35.22,40.95,74.3,0.15,highly inconsistent earnings,0.04,,3.23,,55.19,0.55,53.2,0.0,,8.29,3.23,3.04,1.8,1443.0,580.5,47.1,31.5,3.33,1.82,0.86,0.52,5,34.0,28.5,-1.0,3.0,64.5,ACCUMULATE ⭐⭐⭐,Expected ~85% CAGR (2yr) | Revenue CAGR 29% | Profit CAGR 35% | ROCE trend rising ↑ | Nearly debt-free | Promoter 53% holding,High PE 115 | Margin compression ↓ | Pattern still forming (not broken out),3-4 years,Medium-High,"yfinance, screener.in",100,56,,2026-07-18,2026-06-01,47,0.0,6,2.0
VAIBHAVGBL,Vaibhav Global Limited,Consumer Cyclical,Luxury Goods,4372.0,Small-Cap,MonthlyDoubleBottom,Forming,1.0,17,Sep 17mo | Mid rally 113% | Asymmetry 3%,,Uptrend,True,False,Uptrend,True,Stage2,3,Uptrend,Uptrend,255.5,208.43,96.52,217.17,1116.48,1521.99,2074.78,1521.99,495.7,144.1,16.58,5.4,2.64,0.46,12.23,230.0,-20.63,,0,none,17.8,16.3,-3.37,10.0,-0.74,7.21,6.96,9.23,11.12,7.77,73.86,36.32,-0.45,167.4,0.15,highly inconsistent earnings,0.25,,2.75,,110.22,2.52,57.43,0.32,,16.44,-1.62,2.23,0.56,293.25,174.13,12.9,46.7,28.4,-64.56,0.66,0.23,5,21.0,25.5,12.0,6.0,64.5,ACCUMULATE ⭐⭐⭐,Expected ~144% CAGR (2yr) | Profit CAGR 36% | Low D/E 0.25 | Promoter 57% holding | Margin compressing ↓ ⚠️ | Piotroski F=5 (above average quality),Margin compression ↓ | Pattern still forming (not broken out),3-4 years,Medium-High,"yfinance, screener.in",100,268,,2026-07-18,2026-06-01,47,14.2,7,10.0
INDNIPPON,India Nippon Electricals Limited,Consumer Cyclical,Auto Parts,2643.0,Small-Cap,MonthlyStage2,Stage Change,1.0,24,10-EMA=900 | 30-EMA=754 | Above by 60.4% | MA turning=Yes,MonthlyCupHandle+MonthlyDoubleBottom+MonthlyStage2,Uptrend,True,True,Uptrend,True,Stage2,3,Uptrend,Uptrend,1208.9,753.62,540.04,1027.57,3440.27,4549.41,6016.14,4549.41,276.3,94.0,23.75,47.71,3.22,0.74,,140.0,18.78,,0,none,11.9,17.0,1.2,11.0,0.49,10.4,6.27,26.39,17.64,17.3,35.37,32.24,22.65,,0.4,lumpy earner,,,2.51,,-11.52,-0.44,70.37,0.0,,0.41,-0.01,0.06,0.0,1184.0,675.0,-2.1,79.1,54.62,139.34,1.17,0.38,6,22.0,26.5,6.0,10.0,64.5,ACCUMULATE ⭐⭐⭐,Expected ~94% CAGR (2yr) | Revenue CAGR 18% | Profit CAGR 32% | ROCE trend rising ↑ | Promoter 70% holding | Piotroski F=6 (above average quality),None identified,3-4 years,Medium-High,"yfinance, screener.in",90,289,,2026-07-18,2026-06-01,47,54.9,7,14.9
TEMBO,Tembo Global Industries Limited,Industrials,Metal Fabrication,862.0,Small-Cap,MonthlyDoubleBottom,Forming,1.0,18,Sep 18mo | Mid rally 285% | Asymmetry 8%,MonthlyCupHandle+MonthlyDoubleBottom+MonthlyStage2,Downtrend,False,False,Below-MAs,False,Stage2,4,Uptrend,Uptrend,551.4,302.52,75.32,468.69,4628.45,11743.3,29795.11,11743.3,2029.7,361.5,10.88,,1.83,0.07,7.01,36.0,-12.64,,0,none,27.5,22.8,3.54,13.0,1.49,8.38,10.0,46.51,63.37,59.98,92.16,153.72,117.79,83.6,0.4,lumpy earner,0.78,,1.92,,-341.83,-39.65,37.74,1.36,,8.53,-0.05,1.49,0.54,837.0,433.35,34.1,27.2,-14.72,129.04,0.62,0.68,5,34.0,16.0,14.0,0.0,64.0,ACCUMULATE ⭐⭐⭐,Expected ~362% CAGR (2yr) | Revenue CAGR 63% | Profit CAGR 154% | ROE 28% | ROCE 23% | ROCE trend rising ↑,Pattern still forming (not broken out),3-4 years,Medium-High,"yfinance, screener.in",100,96,,2026-07-18,2026-06-01,47,-3.2,7,-1.5
CUMMINSIND,Cummins India Limited,Industrials,Specialty Industrial Machinery,155828.0,Large-Cap,MonthlyDoubleBottom,Forming,0.524,17,Sep 17mo | Mid rally 59% | Asymmetry 7%,,Sideways-Above-MA,True,False,Constructive,False,Stage2,4,Uptrend,Uptrend,5621.5,1036.81,631.02,4778.27,3825.56,5139.49,5916.39,4757.47,,,65.79,47.24,18.39,2.7,48.82,117.0,-7.17,5712.52,23,hold,30.2,39.5,4.8,21.0,1.63,19.45,16.96,16.86,16.04,22.73,18.1,24.36,30.05,22.7,0.75,consistent growth,0.0,,3.32,,1341.12,0.86,51.0,0.0,,20.77,1.35,19.43,-1.17,6100.0,3465.0,7.8,62.2,48.49,214.33,0.29,0.57,7,40.0,15.79,0.0,8.0,63.8,ACCUMULATE ⭐⭐⭐,Revenue CAGR 16% | Profit CAGR 24% | ROE 30% | ROCE 40% | ROCE trend rising ↑ | Nearly debt-free,High PE 66 | Earnings due 2026-08-06 | Pattern still forming (not broken out),3-4 years,Medium-High,"yfinance, screener.in",100,289,2026-08-06,2026-07-18,2026-06-01,47,7.0,7,-5.0
CHALET,Chalet Hotels Limited,Consumer Cyclical,Lodging,18390.0,Mid-Cap,MonthlyDoubleBottom,Forming,0.557,8,Sep 8mo | Mid rally 61% | Asymmetry 6%,MonthlyDoubleBottom+MonthlyStage2,Sideways-Above-MA,True,False,Constructive,True,Stage2,3,Uptrend,Uptrend,839.75,1051.29,633.35,713.79,2691.76,2855.41,6233.78,4096.32,240.0,84.4,28.49,26.7,4.97,0.55,17.2,24.0,,994.05,21,strong_buy,19.2,17.1,3.83,43.0,7.94,23.29,8.33,61.23,34.91,57.48,354.23,52.18,38.4,31.6,0.2,multiple loss years in history,0.64,,0.7,,383.46,2.09,67.29,-0.04,,4.71,-0.37,24.57,0.58,1082.0,691.35,22.4,21.5,-15.89,26.79,0.18,-0.06,6,35.0,15.68,12.0,1.0,63.7,ACCUMULATE ⭐⭐⭐,Expected ~84% CAGR (2yr) | Revenue CAGR 35% | Profit CAGR 52% | ROCE trend rising ↑ | Promoter 67% holding | OPM 43%,Pattern still forming (not broken out),3-4 years,Medium-High,"yfinance, screener.in",100,90,,2026-07-18,2026-06-01,47,4.8,7,5.0
V2RETAIL,V2 Retail Limited,Consumer Cyclical,Apparel Retail,8030.0,Mid-Cap,MonthlyDoubleBottom,Forming,1.0,33,Sep 33mo | Mid rally 505% | Asymmetry 6%,,Sideways-Above-MA,True,False,Constructive,False,Stage2,3,Uptrend,Uptrend,221.72,55.56,8.93,188.46,725.04,1900.11,4979.63,1900.11,757.0,192.7,48.09,2.5,8.55,0.3,19.8,0.0,,,0,none,22.7,18.3,3.46,15.0,1.2,5.28,8.49,62.79,54.05,41.64,125.0,162.07,,172.0,0.2,multiple loss years in history,1.1,,1.44,,-463.56,-5.77,51.43,0.0,,2.62,-0.39,9.28,0.16,259.25,158.56,14.5,39.8,29.31,1424.76,0.58,0.22,4,25.0,22.5,11.0,5.0,63.5,ACCUMULATE ⭐⭐⭐,Expected ~193% CAGR (2yr) | Revenue CAGR 54% | Profit CAGR 162% | ROE 23% | ROCE trend rising ↑ | Promoter 51% holding,High D/E 1.1 | Pattern still forming (not broken out),3-4 years,Medium-High,"yfinance, screener.in",100,229,,2026-07-18,2026-06-01,47,-1.9,7,-3.0
KPIL,Kalpataru Projects International Limited,Industrials,Engineering & Construction,23088.0,Mid-Cap,MonthlyStage2,Stage Change,1.0,24,10-EMA=1193 | 30-EMA=1086 | Above by 15.3% | MA turning=Yes,MonthlyDoubleBottom+MonthlyStage2,Sideways-Above-MA,True,False,Constructive,True,Stage2,4,Uptrend,Uptrend,1251.5,1085.77,872.33,1063.77,2703.17,2776.34,4805.4,3604.14,121.8,48.9,22.22,15.12,2.97,0.67,11.37,81.0,16.26,1534.63,19,strong_buy,13.7,18.3,0.31,9.0,-0.43,3.83,4.12,21.63,18.38,15.95,81.83,33.33,9.26,92.6,0.15,highly inconsistent earnings,0.46,,1.25,,379.54,1.64,33.58,0.01,,10.92,-0.81,45.12,1.22,1479.6,1007.1,15.4,24.3,10.49,113.96,0.61,0.37,5,25.0,22.5,12.0,4.0,63.5,ACCUMULATE ⭐⭐⭐,Expected ~49% CAGR (2yr) | Revenue CAGR 18% | Profit CAGR 33% | ROCE trend rising ↑ | Piotroski F=5 (above average quality) | DII buying +1.2% ↑,Earnings due 2026-08-06,3-4 years,Medium-High,"yfinance, screener.in",100,37,2026-08-06,2026-07-18,2026-06-01,47,0.0,7,0.0
TMB,Tamilnad Mercantile Bank Limited,Financial Services,Banks - Regional,12693.0,Mid-Cap,MonthlyStage2,Stage Change,1.0,24,10-EMA=653 | 30-EMA=544 | Above by 49.7% | MA turning=Yes,MonthlyDoubleBottom+MonthlyStage2,Uptrend,True,False,Uptrend,True,Stage2,12,Uptrend,Uptrend,814.05,543.83,399.27,691.94,2372.26,3036.49,3886.71,3036.49,273.0,93.1,9.49,,1.26,0.34,,163.0,7.72,,0,none,13.99,,,54.29,,39.86,1.89,23.5,,,28.0,,,28.0,0.5,insufficient history,,,,,,,,,,6.19,1.24,1.91,-0.56,807.95,411.8,-0.8,97.7,97.92,31.53,0.5,0.43,2,18.0,26.5,9.0,10.0,63.5,ACCUMULATE ⭐⭐⭐,Expected ~93% CAGR (2yr) | Revenue CAGR 24% | Profit CAGR 28% | OPM 54% | FII buying +1.2% ↑ | PEG 0.34 — deeply undervalued,None identified,3-4 years,Medium-High,"yfinance, screener.in",40,47,,2026-07-18,2026-06-01,47,19.8,7,0.0
SUNPHARMA,Sun Pharmaceutical Industries Limited,Healthcare,Drug Manufacturers - Specialty & Generic,464391.0,Large-Cap,MonthlyDoubleBottom,Forming,1.0,32,Sep 32mo | Mid rally 113% | Asymmetry 4%,,Uptrend,True,False,Uptrend,True,Stage2,6,Uptrend,Uptrend,1955.4,1099.65,505.12,1662.09,2151.5,2249.35,2630.37,2378.92,15.0,7.3,40.48,29.93,5.56,3.83,26.71,83.0,11.64,2055.0,34,buy,16.0,20.5,1.43,28.0,0.6,19.64,8.47,11.19,10.03,11.78,4.96,10.57,38.33,26.2,0.15,highly inconsistent earnings,0.06,,2.82,,5948.38,1.28,54.48,0.0,,15.94,-0.18,21.0,0.28,1953.9,1548.0,-0.1,26.3,24.33,54.57,0.32,0.08,7,28.0,26.5,1.0,8.0,63.5,ACCUMULATE ⭐⭐⭐,Expected ~7% CAGR (2yr) | ROCE 20% | ROCE trend rising ↑ | Nearly debt-free | Promoter 54% holding | OPM 28%,Earnings due 2026-07-30 | Pattern still forming (not broken out),3-4 years,Medium-High,"yfinance, screener.in",100,367,2026-07-30,2026-07-18,2026-06-01,47,3.9,7,1.0
AGI,AGI Greenpac Limited,Consumer Cyclical,Packaging & Containers,4616.0,Small-Cap,MonthlyDoubleBottom,Forming,1.0,34,Sep 34mo | Mid rally 177% | Asymmetry 3%,MonthlyDoubleBottom+MonthlyStage2,Sideways-Above-MA,True,False,Constructive,True,Stage2,3,Uptrend,Uptrend,713.55,127.95,45.52,606.52,5486.37,9226.97,15517.92,9226.97,1193.1,259.6,13.12,11.18,1.92,0.19,7.89,99.0,11.87,,0,none,15.8,19.6,1.14,22.0,1.71,13.19,7.51,5.38,5.76,6.13,9.32,68.18,26.66,19.4,0.15,highly inconsistent earnings,0.1,,1.51,,12.41,0.27,60.39,0.16,,6.78,-0.46,2.03,-0.21,1009.0,465.0,29.3,53.5,-18.61,-26.8,0.13,-0.18,6,29.0,22.5,12.0,0.0,63.5,ACCUMULATE ⭐⭐⭐,Expected ~260% CAGR (2yr) | Profit CAGR 68% | ROCE trend rising ↑ | Low D/E 0.10 | Promoter 60% holding | Piotroski F=6 (above average quality),Pattern still forming (not broken out),3-4 years,Medium-High,"yfinance, screener.in",100,289,,2026-07-18,2026-06-01,47,23.5,7,3.0
BCLIND,BCL Industries Limited,Consumer Defensive,Beverages - Wineries & Distilleries,1011.0,Small-Cap,MonthlyDoubleBottom,Forming,1.0,40,Sep 40mo | Mid rally 223% | Asymmetry 7%,,Uptrend,True,False,Tight-Above-MAs,True,Stage2,15,Uptrend,Uptrend,34.24,85.38,25.53,29.1,232.98,291.99,365.96,291.99,752.8,192.0,8.78,,1.11,0.35,5.67,76.0,-19.59,,0,none,13.4,13.9,-1.2,9.0,0.49,4.12,7.82,-0.82,15.37,14.37,22.33,25.33,24.57,-8.6,0.15,highly inconsistent earnings,0.6,,2.01,,166.15,16.44,58.23,0.2,,0.43,0.06,0.0,-0.02,49.3,25.53,30.5,34.1,-12.93,-52.93,0.35,0.61,6,22.0,28.5,13.0,0.0,63.5,ACCUMULATE ⭐⭐⭐,Expected ~192% CAGR (2yr) | Revenue CAGR 15% | Profit CAGR 25% | Promoter 58% holding | FCF yield 16.4% | Piotroski F=6 (above average quality),Pattern still forming (not broken out),3-4 years,Medium-High,"yfinance, screener.in",100,65,,2026-07-18,2026-06-01,47,1.3,7,11.0
GMBREW,G.M. Breweries Limited,Consumer Defensive,Beverages - Wineries & Distilleries,2147.0,Small-Cap,MonthlyDoubleBottom,Forming,1.0,24,Sep 24mo | Mid rally 196% | Asymmetry 7%,MonthlyCupHandle+MonthlyDoubleBottom,Downtrend,False,False,Below-MAs,False,Stage2,15,Uptrend,Uptrend,939.85,727.29,237.38,798.87,6245.64,9112.39,13294.97,9112.39,869.6,211.4,12.72,15.49,1.99,0.28,,96.0,23.31,,0,none,12.5,18.0,,24.0,6.0,8.88,,17.43,,,21.71,,,45.9,0.5,insufficient history,0.03,,,,,,74.43,0.0,,1.19,-0.01,0.01,-0.14,1328.8,666.05,29.3,41.1,40.02,75.1,0.23,,2,33.0,16.5,8.0,6.0,63.5,ACCUMULATE ⭐⭐⭐,Expected ~211% CAGR (2yr) | Revenue CAGR 27% | Profit CAGR 46% | Nearly debt-free | Promoter 74% holding | Dividend growing 23%/yr,Pattern still forming (not broken out),3-4 years,Medium-High,"yfinance, screener.in",60,289,,2026-07-18,2026-06-01,47,3.6,7,28.0
PRUDENT,Prudent Corporate Advisory Services Limited,Financial Services,Asset Management,12352.0,Mid-Cap,MonthlyCupHandle,Forming,0.853,18,Cup 18mo | Depth 25% | Prior gain 127% | R²=0.96,,Uptrend,True,False,Constructive,True,Stage2,12,Uptrend,Uptrend,2726.2,3352.49,2515.37,2389.6,1312.27,4189.61,2011.25,1624.59,53.7,24.0,55.55,37.41,13.99,2.33,,12.0,35.72,3091.43,7,buy,28.6,37.5,-1.49,24.0,-0.17,16.62,20.48,16.24,28.76,34.88,13.27,23.8,37.6,14.3,0.4,lumpy earner,0.04,,1.32,,,,55.31,0.0,,14.89,-1.43,23.58,1.45,3160.1,2121.0,13.7,28.5,8.43,155.59,0.55,0.41,3,36.0,23.24,1.0,3.0,63.2,ACCUMULATE ⭐⭐⭐,Expected ~24% CAGR (2yr) | Revenue CAGR 29% | Profit CAGR 24% | ROE 29% | ROCE 38% | Nearly debt-free,High PE 56 | Pattern still forming (not broken out),3-4 years,Medium-High,"yfinance, screener.in",90,49,,2026-07-18,2026-06-01,47,0.0,7,0.0
DIXON,Dixon Technologies (India) Limited,Technology,Consumer Electronics,81602.0,Large-Cap,MonthlyStage2,Stage Change,0.895,24,10-EMA=12383 | 30-EMA=11833 | Above by 13.4% | MA turning=Yes,,Sideways-Above-MA,True,False,Constructive,True,Downtrend,0,Uptrend,Uptrend,13421.0,11832.62,9673.0,11407.85,16869.8,23882.08,58438.08,31398.07,77.9,33.4,49.75,50.37,14.95,0.58,37.71,6.0,58.74,12608.1,29,buy,37.4,42.0,3.31,4.0,-0.14,2.94,5.13,25.77,58.85,49.94,33.33,86.12,59.35,-36.0,0.15,highly inconsistent earnings,0.18,,1.06,,912.17,1.12,28.69,-0.14,,18.3,-0.38,28.14,-0.92,18471.0,9600.0,27.3,39.8,-18.65,142.87,0.75,-0.1,5,38.0,20.24,5.0,0.0,63.2,ACCUMULATE ⭐⭐⭐,Expected ~33% CAGR (2yr) | Revenue CAGR 59% | Profit CAGR 86% | ROE 37% | ROCE 42% | ROCE trend rising ↑,Earnings due 2026-07-22,3-4 years,Medium-High,"yfinance, screener.in",100,107,2026-07-22,2026-07-18,2026-06-01,47,21.5,7,12.2
NGLFINE,NGL Fine-Chem Limited,Healthcare,Drug Manufacturers - General,1973.0,Small-Cap,MonthlyStage2,Breaking Out,1.0,24,10-EMA=1877 | 30-EMA=1746 | Above by 30.4% | MA turning=Yes,MonthlyDoubleBottom+MonthlyStage2,Uptrend,True,False,Uptrend,True,Stage2,6,Uptrend,Uptrend,2276.7,1746.05,1057.08,1935.19,3863.37,5172.66,6925.68,5172.66,127.2,50.7,40.99,,5.99,1.21,28.02,5.0,0.0,,0,none,15.7,17.0,-7.2,15.0,-3.23,9.61,6.78,36.14,21.69,14.19,128.57,33.89,-3.38,1536.6,0.15,highly inconsistent earnings,0.33,,1.84,,-71.4,-3.62,72.73,-0.01,,0.03,0.03,0.0,0.0,3329.0,1175.5,31.6,93.7,114.69,-1.14,2.39,0.62,4,21.0,28.0,4.0,10.0,63.0,ACCUMULATE ⭐⭐⭐,Expected ~51% CAGR (2yr) | Revenue CAGR 22% | Profit CAGR 34% | Promoter 73% holding | Margin compressing ↓ ⚠️ | PEG 1.21 — fair value,Margin compression ↓,3-4 years,Medium-High,"yfinance, screener.in",100,47,,2026-07-18,2026-06-01,47,0.0,7,2.0
MAHABANK,Bank of Maharashtra,Financial Services,Banks - Regional,64801.0,Large-Cap,MonthlyDoubleBottom,Forming,0.948,24,Sep 24mo | Mid rally 101% | Asymmetry 6%,MonthlyCupHandle+MonthlyDoubleBottom,Uptrend,True,False,Tight-Above-MAs,True,Stage2,12,Uptrend,Uptrend,78.34,46.75,22.59,66.59,241.42,211.19,363.94,296.42,169.6,64.2,8.61,,1.95,0.38,,268.0,19.17,83.33,3,none,22.6,6.03,,46.81,,52.36,1.76,3.35,13.87,18.38,7.4,22.78,45.57,36.1,0.15,highly inconsistent earnings,,,,,,,73.6,0.0,,5.82,0.27,14.28,0.35,94.5,51.71,17.1,51.5,46.98,167.31,0.6,0.77,2,17.0,27.88,10.0,8.0,62.9,ACCUMULATE ⭐⭐⭐,Expected ~64% CAGR (2yr) | Profit CAGR 23% | ROE 23% | Promoter 74% holding | OPM 47% | Dividend growing 19%/yr,Pattern still forming (not broken out),3-4 years,Medium-High,"yfinance, screener.in",80,266,,2026-07-18,2026-06-01,47,0.0,7,-10.0
NILASPACES,Nila Spaces Limited,Real Estate,Real Estate - Development,494.0,Micro-Cap,MonthlyDoubleBottom,Forming,0.826,8,Sep 8mo | Mid rally 86% | Asymmetry 4%,,Downtrend,False,False,Below-MAs,False,Stage2,3,Uptrend,Uptrend,13.15,19.4,10.21,11.18,67.25,164.0,399.92,164.0,1147.1,253.1,17.16,,2.81,0.12,9.5,0.0,,,0,none,18.2,31.3,6.46,31.0,34.51,15.43,9.61,36.03,469.8,32.68,93.33,143.85,96.1,97.1,0.2,multiple loss years in history,0.46,,2.69,,-62.63,-12.69,61.9,0.0,,0.05,0.02,,,20.47,11.35,35.8,15.9,17.76,227.95,0.76,0.85,5,36.0,12.91,12.0,2.0,62.9,ACCUMULATE ⭐⭐⭐,Expected ~253% CAGR (2yr) | Revenue CAGR 470% | Profit CAGR 144% | ROCE 31% | ROCE trend rising ↑ | Promoter 62% holding,Pattern still forming (not broken out),3-4 years,Medium-High,"yfinance, screener.in",100,90,,2026-07-18,2026-06-01,47,0.0,7,0.0
MARICO,Marico Limited,Consumer Defensive,Household & Personal Products,110474.0,Large-Cap,MonthlyDoubleBottom,Forming,0.686,40,Sep 40mo | Mid rally 74% | Asymmetry 6%,,Uptrend,True,False,Tight-Above-MAs,True,Stage2,15,Uptrend,Uptrend,831.45,365.32,203.82,706.73,595.37,761.64,734.88,661.45,,,62.92,44.81,26.04,5.67,46.41,47.0,18.88,911.92,38,buy,43.0,47.2,0.77,17.0,-0.2,12.95,14.43,25.67,11.71,11.08,9.35,11.1,8.62,14.0,0.4,lumpy earner,0.12,,1.31,,2851.62,2.58,58.93,0.0,,24.08,0.06,12.17,-0.06,873.0,690.2,4.8,20.5,23.97,39.21,0.68,0.17,4,30.0,24.73,0.0,8.0,62.7,ACCUMULATE ⭐⭐⭐,ROE 43% | ROCE 47% | ROCE trend rising ↑ | Low D/E 0.12 | Promoter 59% holding | Dividend growing 19%/yr,High PE 63 | Earnings due 2026-08-04 | Pattern still forming (not broken out),3-4 years,Medium-High,"yfinance, screener.in",100,361,2026-08-04,2026-07-18,2026-06-01,47,0.0,7,-1.0
SYRMA,Syrma SGS Technology Limited,Technology,Electronic Components,27967.0,Mid-Cap,MonthlyDoubleBottom,Forming,0.717,6,Sep 6mo | Mid rally 73% | Asymmetry 2%,,Uptrend,True,False,Tight-Above-MAs,True,Downtrend,0,Uptrend,Uptrend,1426.1,645.9,369.32,1212.18,791.51,1170.08,1577.18,1117.3,,,85.46,49.92,9.7,2.08,50.63,10.0,0.0,1249.24,25,buy,13.9,16.7,-0.2,11.0,-0.17,6.59,5.77,27.25,33.01,40.32,88.04,41.16,38.05,54.4,0.4,lumpy earner,0.13,,1.7,,7.27,0.03,42.28,-0.44,,6.6,0.13,16.59,0.7,1517.7,634.5,6.0,124.8,90.58,140.56,0.33,0.19,5,31.0,22.6,-1.0,10.0,62.6,ACCUMULATE ⭐⭐⭐,Revenue CAGR 33% | Profit CAGR 41% | Low D/E 0.13 | Piotroski F=5 (above average quality) | DII buying +0.7% ↑ | MonthlyDoubleBottom forming (6mo base),High PE 85 | Pattern still forming (not broken out),3-4 years,Medium-High,"yfinance, screener.in",100,48,,2026-07-18,2026-06-01,47,44.9,7,0.0
TATAELXSI,Tata Elxsi Limited,Technology,Software - Application,22990.0,Mid-Cap,MonthlyDoubleBottom,Forming,1.0,40,Sep 40mo | Mid rally 193% | Asymmetry 1%,,Downtrend,False,False,Below-MAs,False,Downtrend,0,Uptrend,Uptrend,3690.3,1365.89,463.42,3136.76,4835.42,5805.77,9865.83,6906.91,57.3,25.4,36.63,23.94,7.56,0.86,26.29,207.0,7.37,4154.07,15,hold,39.3,60.0,7.09,21.0,0.97,16.62,12.87,9.55,16.35,16.95,41.67,42.84,15.79,27.8,0.15,highly inconsistent earnings,0.05,,3.92,,683.07,2.97,43.9,0.0,,11.08,2.52,11.39,-0.89,6439.5,3562.0,42.7,3.6,-28.59,-73.73,0.66,0.32,7,40.0,15.5,7.0,0.0,62.5,ACCUMULATE ⭐⭐⭐,Expected ~25% CAGR (2yr) | Revenue CAGR 16% | Profit CAGR 43% | ROE 39% | ROCE 60% | ROCE trend rising ↑,Earnings due 2026-07-09 | Pattern still forming (not broken out),3-4 years,Medium-High,"yfinance, screener.in",100,289,2026-07-09,2026-07-18,2026-06-01,47,-11.8,7,-3.0
TRITURBINE,Triveni Turbine Limited,Industrials,Specialty Industrial Machinery,19268.0,Mid-Cap,MonthlyStage2,Stage Change,1.0,24,10-EMA=596 | 30-EMA=543 | Above by 15.9% | MA turning=Yes,MonthlyCupHandle+MonthlyDoubleBottom+MonthlyStage2,Sideways-Above-MA,True,False,Constructive,False,Stage2,4,Uptrend,Uptrend,629.5,543.23,439.85,535.07,498.53,646.61,739.94,607.35,2.7,1.3,55.25,36.72,13.31,2.53,41.52,65.0,67.5,687.33,9,buy,27.1,35.9,3.54,21.0,0.26,16.03,11.52,8.72,20.45,25.41,-2.79,21.83,27.89,8.6,0.15,highly inconsistent earnings,0.03,,1.98,,-258.5,-1.34,55.84,0.0,,20.81,-1.57,16.52,1.92,787.6,428.35,20.1,47.0,23.18,38.1,0.23,0.51,6,35.0,22.5,0.0,5.0,62.5,ACCUMULATE ⭐⭐⭐,Expected ~1% CAGR (2yr) | Revenue CAGR 20% | Profit CAGR 22% | ROE 27% | ROCE 36% | ROCE trend rising ↑,High PE 55,3-4 years,Medium-High,"yfinance, screener.in",100,178,,2026-07-18,2026-06-01,47,-1.3,7,-3.0
SHARDAMOTR,Sharda Motor Industries Limited,Consumer Cyclical,Auto Parts,4981.0,Small-Cap,MonthlyDoubleBottom,Forming,1.0,44,Sep 44mo | Mid rally 319% | Asymmetry 7%,,Sideways,False,False,Below-MAs,True,Stage2,3,Uptrend,Uptrend,863.0,600.75,138.94,733.55,3055.74,3617.08,4281.54,3617.08,319.1,104.7,14.77,,3.79,0.8,9.65,208.0,58.58,,0,none,27.9,36.0,1.6,12.0,1.14,10.17,11.18,19.74,7.96,14.36,9.52,18.37,38.79,6.5,0.15,highly inconsistent earnings,0.04,,1.98,,241.62,4.85,64.31,0.0,,2.43,0.2,11.51,-0.19,1224.0,700.0,29.5,23.3,-14.58,-39.82,0.27,0.5,6,33.0,19.5,10.0,0.0,62.5,ACCUMULATE ⭐⭐⭐,Expected ~105% CAGR (2yr) | ROE 28% | ROCE 36% | ROCE trend rising ↑ | Nearly debt-free | Promoter 64% holding,Pattern still forming (not broken out),3-4 years,Medium-High,"yfinance, screener.in",100,131,,2026-07-18,2026-06-01,47,-2.2,7,-1.0
BEL,Bharat Electronics Limited,Industrials,Aerospace & Defense,303246.0,Large-Cap,MonthlyDoubleBottom,Forming,1.0,41,Sep 41mo | Mid rally 112% | Asymmetry 5%,,Downtrend,False,False,Below-MAs,False,Stage2,4,Uptrend,Uptrend,414.85,55.0,25.4,352.62,378.34,483.5,606.58,479.05,16.5,8.0,49.98,36.46,12.64,1.88,36.62,105.0,2.7,490.18,28,buy,27.6,36.5,2.46,29.0,1.51,21.96,10.97,16.16,15.9,14.37,13.88,26.62,23.62,4.6,0.75,consistent growth,0.0,,1.98,,-390.91,-0.13,51.14,0.0,,19.51,1.0,20.0,-0.47,473.45,361.2,12.4,14.9,13.94,194.16,0.31,0.25,6,39.0,16.5,3.0,4.0,62.5,ACCUMULATE ⭐⭐⭐,Expected ~8% CAGR (2yr) | Revenue CAGR 16% | Profit CAGR 27% | ROE 28% | ROCE 36% | ROCE trend rising ↑,Earnings due 2026-08-03 | Pattern still forming (not broken out),3-4 years,Medium-High,"yfinance, screener.in",100,289,2026-08-03,2026-07-18,2026-06-01,47,-1.9,7,1.0
ONWARDTEC,Onward Technologies Limited,Technology,Information Technology Services,624.0,Small-Cap,MonthlyDoubleBottom,Forming,1.0,31,Sep 31mo | Mid rally 245% | Asymmetry 6%,,Sideways,False,False,Below-MAs,True,Downtrend,0,Uptrend,Uptrend,258.17,720.06,202.91,219.44,944.62,1499.5,2380.3,1499.5,480.8,141.0,14.58,,2.55,0.25,9.2,281.0,38.67,,0,none,19.5,22.9,1.31,13.0,1.17,8.15,10.24,10.79,7.25,17.78,62.96,58.74,44.43,-8.3,0.15,highly inconsistent earnings,0.16,,3.66,,37.48,6.01,40.02,0.95,,9.33,-0.5,1.8,-1.74,385.0,208.25,32.9,24.0,-16.72,-70.44,2.13,0.69,6,32.0,18.5,12.0,0.0,62.5,ACCUMULATE ⭐⭐⭐,Expected ~141% CAGR (2yr) | Profit CAGR 59% | ROCE 23% | ROCE trend rising ↑ | Low D/E 0.16 | FCF yield 6.0%,Pattern still forming (not broken out),3-4 years,Medium-High,"yfinance, screener.in",100,287,,2026-07-18,2026-06-01,47,0.0,7,3.0
ANANTRAJ,Anant Raj Limited,Real Estate,Real Estate - Development,21083.0,Mid-Cap,MonthlyStage2,Stage Change,1.0,24,10-EMA=533 | 30-EMA=490 | Above by 19.6% | MA turning=Yes,MonthlyDoubleBottom+MonthlyStage2,Sideways-Above-MA,True,False,Constructive,True,Stage2,3,Uptrend,Uptrend,585.85,489.87,405.7,497.97,883.9,1103.09,2129.04,1371.81,88.3,37.2,37.03,19.98,3.55,0.67,31.03,18.0,82.55,700.0,3,none,11.2,12.1,2.43,26.0,2.46,22.09,6.27,21.94,37.94,58.64,30.75,55.2,128.2,23.3,0.15,highly inconsistent earnings,0.12,,9.76,,-281.85,-1.34,57.41,0.0,,10.88,-0.26,4.83,-0.37,743.65,403.0,21.2,45.4,14.36,141.89,0.45,0.37,5,30.0,22.5,7.0,3.0,62.5,ACCUMULATE ⭐⭐⭐,Expected ~37% CAGR (2yr) | Revenue CAGR 38% | Profit CAGR 55% | ROCE trend rising ↑ | Low D/E 0.12 | Promoter 57% holding,None identified,3-4 years,Medium-High,"yfinance, screener.in",100,239,,2026-07-18,2026-06-01,47,21.4,7,4.0
HARIOMPIPE,Hariom Pipe Industries Limited,Basic Materials,Steel,1188.0,Small-Cap,MonthlyDoubleBottom,Forming,0.698,8,Sep 8mo | Mid rally 75% | Asymmetry 5%,,Uptrend,True,False,Tight-Above-MAs,True,Stage2,1,Uptrend,Uptrend,401.3,571.56,319.99,341.11,963.98,1683.11,2938.71,1683.11,319.4,104.8,15.7,,1.84,0.21,7.6,16.0,1.67,,0,none,12.4,15.7,2.0,13.0,1.5,4.54,7.46,3.93,,,22.58,,,74.6,0.75,consistent growth,0.62,,1.68,,-33.97,-2.86,57.27,0.0,,9.5,0.27,0.06,0.01,572.2,268.05,29.9,49.7,-15.94,-62.33,0.14,0.7,6,28.0,23.38,11.0,0.0,62.4,ACCUMULATE ⭐⭐⭐,Expected ~105% CAGR (2yr) | Revenue CAGR 27% | Profit CAGR 75% | ROCE trend rising ↑ | Promoter 57% holding | EPS: consistent growth,Pattern still forming (not broken out),3-4 years,Medium-High,"yfinance, screener.in",80,52,,2026-07-18,2026-06-01,47,28.3,7,6.0
HAL,Hindustan Aeronautics Limited,Industrials,Aerospace & Defense,301403.0,Large-Cap,MonthlyCupHandle,Forming,0.944,23,Cup 23mo | Depth 19% | Prior gain 132% | R²=0.97,MonthlyCupHandle+MonthlyStage2,Uptrend,True,False,Tight-Above-MAs,True,Stage2,4,Uptrend,Uptrend,4460.7,5084.06,4137.25,3930.39,5166.81,6030.87,6962.05,5997.63,35.2,16.3,33.11,26.93,7.34,2.06,31.39,46.0,25.99,5165.96,25,buy,24.0,32.0,1.43,30.0,1.83,27.55,3.55,6.8,7.11,7.78,8.99,16.08,22.99,5.5,0.4,lumpy earner,0.0,,2.61,,-14431.69,-4.79,71.64,0.0,,9.34,-0.87,11.9,1.47,4978.0,3479.1,10.4,28.2,5.06,110.6,0.2,0.49,5,31.0,27.33,1.0,3.0,62.3,ACCUMULATE ⭐⭐⭐,Expected ~16% CAGR (2yr) | ROE 24% | ROCE 32% | ROCE trend rising ↑ | Nearly debt-free | Promoter 72% holding,Earnings due 2026-08-11 | Pattern still forming (not broken out),3-4 years,Medium-High,"yfinance, screener.in",100,100,2026-08-11,2026-07-18,2026-06-01,47,2.9,7,9.0
HATSUN,Hatsun Agro Product Limited,Consumer Defensive,Packaged Foods,20119.0,Mid-Cap,MonthlyDoubleBottom,Forming,0.614,30,Sep 30mo | Mid rally 65% | Asymmetry 3%,,Sideways,False,False,Below-MAs,True,Stage2,15,Uptrend,Uptrend,931.0,1384.31,825.48,791.35,6028.76,29402.28,143394.91,29402.28,3058.1,462.0,56.49,31.42,10.37,0.15,18.65,221.0,18.56,935.0,2,hold,16.7,12.9,1.0,12.0,1.9,3.58,8.13,10.62,103.56,,24.73,387.7,,2.5,0.15,highly inconsistent earnings,0.94,,0.52,,929.11,4.62,73.17,0.0,,3.13,-0.07,10.26,-0.02,1179.0,855.3,21.0,8.9,5.42,-47.23,0.16,-0.17,6,33.0,14.87,12.0,2.0,61.9,ACCUMULATE ⭐⭐⭐,Expected ~462% CAGR (2yr) | Revenue CAGR 104% | Profit CAGR 388% | ROCE trend rising ↑ | Promoter 73% holding | FCF yield 4.6%,High PE 56 | Earnings due 2026-07-20 | Pattern still forming (not broken out),3-4 years,Medium-High,"yfinance, screener.in",100,146,2026-07-20,2026-07-18,2026-06-01,47,-1.4,7,3.0
GPTHEALTH,GPT Healthcare Limited,Healthcare,Medical Care Facilities,1297.0,Small-Cap,MonthlyDoubleBottom,Forming,0.633,9,Sep 9mo | Mid rally 64% | Asymmetry 1%,MonthlyDoubleBottom+MonthlyStage2,Uptrend,True,False,Uptrend,True,Stage2,6,Uptrend,Uptrend,158.11,203.87,124.04,134.39,245.05,283.7,316.8,278.63,79.4,34.0,30.7,15.81,4.8,2.24,15.89,190.0,-28.57,136.0,1,none,28.5,23.7,10.0,22.0,2.5,8.94,8.41,38.68,,,100.0,,,13.0,1.0,steady compounder (low CV),0.34,,1.12,,19.64,1.51,65.57,0.0,,2.81,0.08,6.84,0.64,185.0,115.0,14.5,37.5,8.39,,0.42,0.46,6,35.0,20.6,3.0,3.0,61.6,ACCUMULATE ⭐⭐⭐,Expected ~34% CAGR (2yr) | Revenue CAGR 25% | ROE 28% | ROCE 24% | ROCE trend rising ↑ | Promoter 66% holding,Pattern still forming (not broken out),3-4 years,Medium-High,"yfinance, screener.in",80,30,,2026-07-18,2026-06-01,47,10.7,7,4.0
RATEGAIN,RateGain Travel Technologies Limited,Technology,Software - Application,11181.0,Mid-Cap,MonthlyStage2,Stage Change,1.0,24,10-EMA=592 | 30-EMA=580 | Above by 16.1% | MA turning=Yes,MonthlyDoubleBottom+MonthlyStage2,Sideways-Above-MA,True,True,Constructive,True,Downtrend,0,Uptrend,Uptrend,673.6,579.95,433.8,572.56,558.62,810.61,1123.71,792.29,20.3,9.7,57.46,28.59,5.56,1.37,35.25,0.0,,838.1,10,strong_buy,12.0,13.7,4.26,19.0,3.54,10.66,5.87,69.36,47.79,48.69,-7.18,41.83,77.53,27.7,0.15,highly inconsistent earnings,0.47,,1.41,,-11.97,-0.11,48.77,0.22,,5.35,0.38,20.86,0.24,970.0,417.6,30.6,61.3,54.95,38.49,0.39,0.82,5,25.0,21.5,5.0,10.0,61.5,ACCUMULATE ⭐⭐⭐,Expected ~10% CAGR (2yr) | Revenue CAGR 48% | Profit CAGR 42% | ROCE trend rising ↑ | Piotroski F=5 (above average quality) | PEG 1.37 — fair value,High PE 57,3-4 years,Medium-High,"yfinance, screener.in",100,54,,2026-07-18,2026-06-01,47,0.0,7,-1.0
CAPACITE,Capacit'e Infraprojects Limited,Industrials,Engineering & Construction,2030.0,Small-Cap,MonthlyDoubleBottom,Forming,1.0,29,Sep 29mo | Mid rally 153% | Asymmetry 4%,,Downtrend,False,False,Below-MAs,False,Stage2,4,Uptrend,Uptrend,240.0,465.0,180.0,204.0,1031.79,920.46,1655.02,1306.76,283.5,95.8,10.61,7.12,1.06,0.4,5.72,0.0,0.0,341.0,3,strong_buy,10.4,15.5,1.94,16.0,0.06,7.3,5.53,11.62,13.39,24.41,-5.39,26.65,149.41,-11.1,0.15,highly inconsistent earnings,0.25,,1.68,,173.94,8.57,31.69,0.0,,14.96,0.87,7.82,-0.72,338.65,180.0,29.1,33.3,-13.96,-9.9,0.54,0.09,7,28.0,16.5,17.0,0.0,61.5,ACCUMULATE ⭐⭐⭐,Expected ~96% CAGR (2yr) | Profit CAGR 27% | ROCE trend rising ↑ | Low D/E 0.25 | FCF yield 8.6% | Piotroski F=7 (high quality compounder),Pattern still forming (not broken out),3-4 years,Medium-High,"yfinance, screener.in",100,107,,2026-07-18,2026-06-01,47,6.6,7,0.0
VIJAYA,Vijaya Diagnostic Centre Limited,Healthcare,Diagnostics & Research,14293.0,Mid-Cap,MonthlyStage2,Stage Change,1.0,24,10-EMA=1161 | 30-EMA=981 | Above by 41.7% | MA turning=Yes,MonthlyCupHandle+MonthlyStage2,Uptrend,True,True,Tight-Above-MAs,True,Stage2,6,Uptrend,Uptrend,1389.4,980.5,861.4,1180.99,1030.56,1335.3,1655.13,1306.03,,,82.64,52.74,14.93,3.09,42.82,15.0,25.99,1379.2,10,buy,19.7,21.3,-1.4,41.0,-0.77,21.25,11.02,19.53,21.04,16.64,20.14,26.73,15.27,38.4,0.15,highly inconsistent earnings,0.44,,2.6,,-1.45,-0.01,52.51,-0.09,,13.38,-1.72,29.93,1.33,1427.8,848.0,2.7,63.8,39.04,142.36,0.36,0.34,4,24.0,28.5,-1.0,10.0,61.5,ACCUMULATE ⭐⭐⭐,Revenue CAGR 21% | Profit CAGR 27% | ROCE 21% | Promoter 53% holding | OPM 41% | Margin compressing ↓ ⚠️,High PE 83 | Margin compression ↓,3-4 years,Medium-High,"yfinance, screener.in",100,59,,2026-07-18,2026-06-01,47,6.9,7,1.0
NESTLEIND,Nestlé India Limited,Consumer Defensive,Packaged Foods,280608.0,Large-Cap,MonthlyStage2,Stage Change,1.0,24,10-EMA=1299 | 30-EMA=1204 | Above by 18.9% | MA turning=Yes,MonthlyDoubleBottom+MonthlyStage2,Uptrend,True,True,Tight-Above-MAs,True,Stage2,15,Uptrend,Uptrend,1431.4,1203.53,1067.84,1216.69,708.87,1339.22,785.56,746.23,,,80.0,61.14,54.41,15.18,54.21,82.0,4.98,1482.28,36,buy,74.2,85.3,-11.0,23.0,-0.0,15.14,22.58,14.62,6.58,,9.07,5.27,,27.2,0.15,highly inconsistent earnings,0.09,,0.96,,3881.1,1.38,62.76,0.0,,9.74,-0.07,12.4,0.3,1498.1,1084.7,4.5,32.0,24.96,6.0,0.77,0.44,3,25.0,28.5,0.0,8.0,61.5,ACCUMULATE ⭐⭐⭐,ROE 74% | ROCE 85% | Nearly debt-free | Promoter 63% holding | MonthlyStage2 forming (24mo base) | Weekly uptrend,High PE 80 | Earnings due 2026-04-21,3-4 years,Medium-High,"yfinance, screener.in",100,286,2026-04-21,2026-07-18,2026-06-01,47,0.0,7,2.0
OFSS,Oracle Financial Services Software Limited,Technology,Software - Infrastructure,101448.0,Large-Cap,MonthlyStage2,Stage Change,1.0,24,10-EMA=8185 | 30-EMA=7510 | Above by 28.4% | MA turning=Yes,MonthlyDoubleBottom+MonthlyStage2,Uptrend,True,False,Constructive,True,Downtrend,0,Uptrend,Uptrend,9646.0,7510.05,6543.54,8199.1,8998.54,10211.54,11588.06,10211.54,5.9,2.9,38.61,30.39,12.96,2.86,27.76,571.0,6.27,10695.0,2,strong_buy,32.6,45.3,1.71,45.0,-0.94,34.4,21.25,12.05,10.42,9.01,10.88,13.48,8.41,30.7,0.15,highly inconsistent earnings,0.0,,5.43,,2351.81,2.32,72.41,-0.03,,9.7,1.66,8.79,-0.33,11685.0,6234.5,17.4,54.7,19.85,155.28,0.84,0.42,6,31.0,24.5,0.0,6.0,61.5,ACCUMULATE ⭐⭐⭐,Expected ~3% CAGR (2yr) | ROE 33% | ROCE 45% | ROCE trend rising ↑ | Nearly debt-free | Promoter 72% holding,Margin compression ↓ | Earnings due 2026-07-22,3-4 years,Medium-High,"yfinance, screener.in",100,288,2026-07-22,2026-07-18,2026-06-01,47,0.0,7,3.0
STARHEALTH,Star Health and Allied Insurance Company Limited,Financial Services,Insurance - Life,35495.0,Large-Cap,MonthlyStage2,Stage Change,1.0,24,10-EMA=521 | 30-EMA=515 | Above by 16.6% | MA turning=Yes,MonthlyDoubleBottom+MonthlyStage2,Uptrend,True,False,Tight-Above-MAs,True,Stage2,12,Uptrend,Uptrend,600.85,515.23,356.65,510.72,38506.52,4366880.57,1375491428.08,7277732.42,726683.8,8425.2,63.7,22.91,4.67,0.0,,,,602.79,24,buy,,,,3.25,,3.12,,13.8,,,18800.0,,,21731.4,0.5,insufficient history,,,,,,,57.98,0.0,,15.06,0.99,20.31,-0.65,614.2,416.55,2.2,44.2,35.36,-31.24,0.24,0.2,1,14.0,28.5,9.0,10.0,61.5,ACCUMULATE ⭐⭐⭐,Expected ~8425% CAGR (2yr) | Profit CAGR 18800% | Promoter 58% holding | FII buying +1.0% ↑ | PEG 0.00 — deeply undervalued | MonthlyStage2 forming (24mo base),High PE 64 | Earnings due 2026-07-29,3-4 years,Medium-High,"yfinance, screener.in",40,56,2026-07-29,2026-07-18,2026-06-01,47,16.2,7,10.6
CAMPUS,Campus Activewear Limited,Consumer Cyclical,Footwear & Accessories,7063.0,Small-Cap,MonthlyDoubleBottom,Forming,0.744,13,Sep 13mo | Mid rally 76% | Asymmetry 1%,,Downtrend,False,False,Below-MAs,False,Stage2,3,Uptrend,Uptrend,231.09,370.52,209.77,199.28,379.94,531.27,749.26,533.55,129.9,51.6,47.16,32.8,7.82,1.17,24.63,65.0,,302.57,7,strong_buy,29.5,31.8,4.1,20.0,11.14,8.46,9.18,67.93,26.13,259.08,300.0,40.43,,26.0,0.15,highly inconsistent earnings,0.26,,2.37,,-11.2,-0.16,72.09,-0.02,,6.07,-0.08,11.6,-0.11,304.4,215.2,24.1,7.4,-11.57,-48.87,0.24,0.1,6,39.0,12.43,9.0,1.0,61.4,ACCUMULATE ⭐⭐⭐,Expected ~52% CAGR (2yr) | Revenue CAGR 26% | Profit CAGR 40% | ROE 30% | ROCE 32% | ROCE trend rising ↑,Pattern still forming (not broken out),3-4 years,Medium-High,"yfinance, screener.in",100,51,,2026-07-18,2026-06-01,47,-0.6,7,-3.0
ALKYLAMINE,Alkyl Amines Chemicals Limited,Basic Materials,Specialty Chemicals,10004.0,Mid-Cap,MonthlyStage2,Stage Change,0.315,24,10-EMA=1703 | 30-EMA=1868 | Above by 4.7% | MA turning=No,MonthlyDoubleBottom+MonthlyStage2,Uptrend,True,False,Uptrend,True,Stage2,1,Uptrend,Uptrend,1956.0,1867.81,1231.6,1662.6,1193.59,2504.02,2939.82,1873.21,28.0,13.1,55.55,44.19,6.52,0.98,,76.0,0.0,1492.33,3,hold,41.4,41.3,2.57,26.0,1.14,11.77,,17.38,25.61,15.84,133.72,56.94,34.9,-3.4,0.15,highly inconsistent earnings,,,,,,,72.05,0.02,,3.45,0.0,3.01,0.0,2400.0,1212.0,18.5,61.4,-1.57,-46.66,0.82,0.27,3,36.0,18.28,6.0,1.0,61.3,ACCUMULATE ⭐⭐⭐,Expected ~13% CAGR (2yr) | Revenue CAGR 26% | Profit CAGR 57% | ROE 41% | ROCE 41% | ROCE trend rising ↑,High PE 56,3-4 years,Medium-High,"yfinance, screener.in",70,225,,2026-07-18,2026-06-01,47,10.7,7,9.7
HDFCAMC,HDFC Asset Management Company Limited,Financial Services,Asset Management,118360.0,Large-Cap,MonthlyDoubleBottom,Forming,0.521,6,Sep 6mo | Mid rally 59% | Asymmetry 7%,,Uptrend,True,False,Below-MAs,False,Stage2,12,Uptrend,Uptrend,2698.5,1448.93,882.86,2293.72,1772.22,2568.63,2821.17,2236.01,,,41.5,31.51,12.82,1.59,29.23,196.0,31.04,3067.57,28,strong_buy,32.9,42.9,2.5,82.0,1.5,61.84,24.83,13.95,23.04,,16.18,26.17,,-2.5,0.75,consistent growth,0.02,,30.24,,2397.42,2.03,52.37,-0.01,,24.45,0.46,14.42,-0.48,2967.25,2205.6,9.1,22.3,-0.31,95.96,0.31,0.56,7,40.0,17.25,2.0,2.0,61.2,ACCUMULATE ⭐⭐⭐,Revenue CAGR 23% | Profit CAGR 26% | ROE 33% | ROCE 43% | ROCE trend rising ↑ | Nearly debt-free,Earnings due 2026-07-15 | Pattern still forming (not broken out),3-4 years,Medium-High,"yfinance, screener.in",100,96,2026-07-15,2026-07-18,2026-06-01,47,1.7,7,2.0
INOXINDIA,INOX India Limited,Industrials,Specialty Industrial Machinery,17953.0,Mid-Cap,MonthlyDoubleBottom,Forming,0.343,19,Sep 19mo | Mid rally 38% | Asymmetry 4%,,Uptrend,True,False,Tight-Above-MAs,True,Stage2,4,Uptrend,Uptrend,1882.4,1504.44,1068.2,1600.04,1092.94,1940.68,1535.0,1295.25,3.1,1.5,69.92,46.82,16.06,3.78,53.69,10.0,0.0,1783.33,3,strong_buy,26.1,33.5,0.57,22.0,-0.03,16.25,10.21,21.52,18.0,21.72,14.16,18.51,21.86,14.8,0.75,consistent growth,0.07,,1.79,,-70.64,-0.39,75.0,0.0,,7.13,-0.01,7.72,0.45,2099.0,1065.0,10.3,76.8,69.11,,1.15,0.49,5,34.0,20.12,-1.0,8.0,61.1,ACCUMULATE ⭐⭐⭐,Expected ~2% CAGR (2yr) | Revenue CAGR 18% | ROE 26% | ROCE 34% | ROCE trend rising ↑ | Nearly debt-free,High PE 70 | Pattern still forming (not broken out),3-4 years,Medium-High,"yfinance, screener.in",100,32,,2026-07-18,2026-06-01,47,31.7,7,-6.3
COFORGE,Coforge Limited,Technology,Information Technology Services,66572.0,Large-Cap,MonthlyDoubleBottom,Forming,0.964,29,Sep 29mo | Mid rally 105% | Asymmetry 9%,MonthlyDoubleBottom+MonthlyStage2,Sideways-Above-MA,True,False,Below-MAs,True,Downtrend,0,Uptrend,Uptrend,1503.8,1984.96,924.97,1278.23,1952.61,3044.95,3443.58,2593.06,102.5,42.3,34.36,21.97,5.3,1.05,16.5,106.0,-35.92,1721.51,35,buy,20.6,23.5,-1.23,18.0,-0.11,9.48,10.8,36.11,26.96,28.6,86.43,32.8,30.22,134.4,0.15,highly inconsistent earnings,0.07,,1.61,,1715.94,2.58,,,,24.66,-6.0,42.71,-13.47,1989.7,1008.1,24.4,49.2,-11.49,16.31,0.54,0.23,5,32.0,20.07,8.0,1.0,61.1,ACCUMULATE ⭐⭐⭐,Expected ~42% CAGR (2yr) | Revenue CAGR 27% | Profit CAGR 33% | ROE 21% | ROCE 24% | Nearly debt-free,Earnings due 2026-07-27 | Pattern still forming (not broken out),3-4 years,Medium-High,"yfinance, screener.in",90,264,2026-07-27,2026-07-18,2026-06-01,47,6.5,7,0.0
NRBBEARING,NRB Bearings Limited,Consumer Cyclical,Auto Parts,4157.0,Small-Cap,MonthlyStage2,Breaking Out,1.0,24,10-EMA=278 | 30-EMA=257 | Above by 38.8% | MA turning=Yes,MonthlyDoubleBottom+MonthlyStage2,Uptrend,True,True,Uptrend,True,Stage2,3,Uptrend,Uptrend,356.7,256.94,194.68,303.19,597.85,687.53,790.66,687.53,92.7,38.8,29.16,23.25,4.32,1.94,18.48,286.0,2.24,423.5,2,strong_buy,15.6,18.4,1.06,17.0,0.49,10.69,8.34,11.34,8.09,11.87,78.05,15.0,21.12,,0.15,highly inconsistent earnings,0.16,,2.26,,101.86,2.45,51.2,0.0,,14.69,0.57,10.06,-0.25,467.6,212.55,23.7,67.8,30.69,86.4,3.99,0.52,6,20.0,28.0,5.0,8.0,61.0,ACCUMULATE ⭐⭐⭐,Expected ~39% CAGR (2yr) | ROCE trend rising ↑ | Low D/E 0.16 | Promoter 51% holding | Piotroski F=6 (above average quality) | FII buying +0.6% ↑,None identified,3-4 years,Medium-High,"yfinance, screener.in",100,287,,2026-07-18,2026-06-01,47,0.0,7,-3.0
KEI,KEI Industries Limited,Industrials,Electrical Equipment & Parts,49230.0,Large-Cap,MonthlyDoubleBottom,Forming,1.0,20,Sep 20mo | Mid rally 117% | Asymmetry 9%,,Uptrend,True,True,Tight-Above-MAs,True,Stage2,4,Uptrend,Uptrend,5082.4,5029.01,2215.84,4320.04,4233.18,7842.18,6549.94,5265.65,54.3,24.2,53.76,37.45,7.39,2.2,39.03,9.0,14.47,5365.0,24,buy,14.8,20.1,-0.37,10.0,-0.14,7.82,8.79,20.67,19.34,22.95,31.9,24.39,27.45,25.5,1.0,steady compounder (low CV),0.04,,2.96,,170.84,0.35,35.0,0.0,,27.27,1.78,25.83,-1.44,5708.0,3612.0,11.0,40.7,41.88,97.48,1.09,0.5,5,25.0,28.0,0.0,8.0,61.0,ACCUMULATE ⭐⭐⭐,Expected ~24% CAGR (2yr) | Revenue CAGR 19% | Profit CAGR 24% | ROCE 20% | Nearly debt-free | EPS: steady compounder (low CV),High PE 54 | Earnings due 2026-07-21 | Pattern still forming (not broken out),3-4 years,Medium-High,"yfinance, screener.in",100,243,2026-07-21,2026-07-18,2026-06-01,47,0.0,7,-2.0
3MINDIA,3M India Limited,Industrials,Conglomerates,39845.0,Large-Cap,MonthlyCupHandle,Forming,0.916,22,Cup 22mo | Depth 21% | Prior gain 23% | R²=0.97,MonthlyCupHandle+MonthlyDoubleBottom+MonthlyStage2,Sideways-Above-MA,True,False,Constructive,True,Stage2,4,Uptrend,Uptrend,35370.0,37436.67,29755.96,30064.5,21846.58,45117.38,37473.75,28612.47,27.6,12.9,76.34,46.95,22.64,2.46,39.95,45.0,-14.3,36726.0,1,none,30.5,40.5,0.09,19.0,1.34,10.26,18.76,-0.07,7.86,6.98,4.8,30.97,13.67,203.1,0.15,highly inconsistent earnings,0.1,,2.18,,459.29,1.15,75.0,0.0,,3.52,0.02,8.34,-0.05,38030.0,28730.0,7.0,23.1,15.89,-8.2,0.3,0.27,6,37.0,20.99,-1.0,4.0,61.0,ACCUMULATE ⭐⭐⭐,Expected ~13% CAGR (2yr) | Profit CAGR 31% | ROE 30% | ROCE 40% | ROCE trend rising ↑ | Nearly debt-free,High PE 76 | Pattern still forming (not broken out),3-4 years,Medium-High,"yfinance, screener.in",100,289,,2026-07-18,2026-06-01,47,11.2,7,0.9
KALYANKJIL,Kalyan Jewellers India Limited,Consumer Cyclical,Luxury Goods,49174.0,Large-Cap,MonthlyDoubleBottom,Forming,1.0,23,Sep 23mo | Mid rally 138% | Asymmetry 8%,,Downtrend,False,False,Below-MAs,False,Stage2,3,Uptrend,Uptrend,344.15,793.08,320.29,304.28,801.19,1265.87,1712.51,1171.35,267.8,91.8,36.49,25.15,7.79,0.79,24.08,32.0,25.0,658.89,9,strong_buy,24.8,20.5,2.46,7.0,-0.2,3.78,7.21,42.72,36.44,33.05,89.08,46.2,56.89,118.3,0.4,lumpy earner,0.97,,1.3,,-515.68,-1.05,62.86,0.11,,14.55,0.44,14.13,-1.1,617.7,327.05,44.3,5.2,-30.19,113.22,1.57,-0.04,4,32.0,16.0,12.0,1.0,61.0,ACCUMULATE ⭐⭐⭐,Expected ~92% CAGR (2yr) | Revenue CAGR 36% | Profit CAGR 46% | ROE 25% | ROCE 20% | ROCE trend rising ↑,Pattern still forming (not broken out),3-4 years,Medium-High,"yfinance, screener.in",100,63,,2026-07-18,2026-06-01,47,0.0,7,4.0
SPLPETRO,Supreme Petrochem Limited,Basic Materials,Specialty Chemicals,13794.0,Mid-Cap,MonthlyCupHandle,Forming,0.92,22,Cup 22mo | Depth 26% | Prior gain 33% | R²=0.98,MonthlyCupHandle+MonthlyDoubleBottom+MonthlyStage2,Uptrend,True,False,Tight-Above-MAs,True,Stage2,1,Uptrend,Uptrend,718.4,898.69,663.01,629.86,901.07,2189.52,5320.32,2189.52,204.8,74.6,41.85,29.82,5.8,0.29,25.82,146.0,-5.9,791.5,2,hold,13.7,,3.1,10.0,1.31,6.09,8.12,235.15,53.9,30.43,450.0,142.99,80.97,57.7,0.15,highly inconsistent earnings,0.06,,2.01,,-19.9,-0.14,64.24,0.0,,3.69,-0.01,4.24,0.28,979.0,462.3,26.6,55.4,-4.77,23.77,0.11,-0.05,6,27.0,27.04,7.0,0.0,61.0,ACCUMULATE ⭐⭐⭐,Expected ~75% CAGR (2yr) | Revenue CAGR 54% | Profit CAGR 143% | ROCE trend rising ↑ | Nearly debt-free | Promoter 64% holding,Pattern still forming (not broken out),3-4 years,Medium-High,"yfinance, screener.in",90,289,,2026-07-18,2026-06-01,47,1.6,7,12.2
DPABHUSHAN,D. P. Abhushan Limited,Consumer Cyclical,Luxury Goods,2725.0,Small-Cap,MonthlyDoubleBottom,Forming,0.47,7,Sep 7mo | Mid rally 55% | Asymmetry 8%,MonthlyDoubleBottom+MonthlyStage2,Sideways,False,True,Constructive,True,Stage2,3,Uptrend,Uptrend,1193.7,1927.0,1189.25,1129.79,11317.14,22985.11,46682.76,22985.11,1825.5,338.8,12.85,,4.3,0.12,9.85,0.0,0.0,,0,none,34.5,24.4,2.0,4.0,0.0,5.21,18.54,42.22,,,51.85,,,101.2,1.0,steady compounder (low CV),0.48,,2.14,,-154.9,-5.68,74.89,0.01,,0.32,0.1,0.0,0.0,1729.6,866.1,31.0,37.8,-23.11,136.09,2.4,-0.49,4,36.0,12.64,12.0,0.0,60.6,ACCUMULATE ⭐⭐⭐,Expected ~339% CAGR (2yr) | Revenue CAGR 86% | Profit CAGR 103% | ROE 34% | ROCE 24% | ROCE trend rising ↑,Pattern still forming (not broken out),3-4 years,Medium-High,"yfinance, screener.in",80,106,,2026-07-18,2026-06-01,47,34.2,7,4.0
IFBIND,IFB Industries Limited,Consumer Cyclical,"Furnishings, Fixtures & Appliances",5594.0,Small-Cap,MonthlyDoubleBottom,Forming,1.0,28,Sep 28mo | Mid rally 172% | Asymmetry 4%,MonthlyDoubleBottom+MonthlyStage2,Sideways-Above-MA,True,False,Below-MAs,True,Stage2,3,Uptrend,Uptrend,1402.9,2359.9,850.0,1192.47,4597.75,6454.16,20767.58,9771.6,360.1,114.5,38.91,22.09,5.62,0.35,19.48,0.0,,1478.0,3,buy,15.7,19.5,3.0,6.0,0.14,2.56,5.09,10.35,10.23,14.94,21.01,112.53,40.82,126.1,0.15,highly inconsistent earnings,0.16,,1.33,,147.26,2.63,74.96,0.0,,0.92,-0.04,6.16,0.13,2019.8,883.2,30.5,58.8,-3.44,22.6,0.67,0.33,6,27.0,21.5,12.0,0.0,60.5,ACCUMULATE ⭐⭐⭐,Expected ~114% CAGR (2yr) | Profit CAGR 113% | ROCE trend rising ↑ | Low D/E 0.16 | Promoter 75% holding | Piotroski F=6 (above average quality),Pattern still forming (not broken out),3-4 years,Medium-High,"yfinance, screener.in",100,289,,2026-07-18,2026-06-01,47,27.7,7,-3.0
PGIL,Pearl Global Industries Limited,Consumer Cyclical,Apparel Manufacturing,9228.0,Mid-Cap,MonthlyDoubleBottom,Forming,1.0,38,Sep 38mo | Mid rally 150% | Asymmetry 2%,MonthlyCupHandle+MonthlyDoubleBottom,Uptrend,True,False,Uptrend,True,Stage2,3,Uptrend,Uptrend,1604.5,124.1,49.29,1363.83,2650.73,2856.62,3870.68,3203.14,78.0,33.4,33.22,20.76,6.32,1.59,21.86,105.0,-8.92,2336.83,6,strong_buy,21.0,19.9,3.06,10.0,1.11,5.53,8.07,11.52,16.75,27.51,16.88,20.84,73.85,22.0,0.15,highly inconsistent earnings,0.66,,1.6,,-30.71,-0.33,61.16,-0.08,,6.48,0.21,18.8,2.03,2115.7,1178.1,24.2,36.2,15.25,390.36,0.9,-0.28,6,21.0,26.5,9.0,4.0,60.5,ACCUMULATE ⭐⭐⭐,Expected ~33% CAGR (2yr) | Revenue CAGR 17% | Profit CAGR 21% | ROE 21% | ROCE trend rising ↑ | Promoter 61% holding,Pattern still forming (not broken out),3-4 years,Medium-High,"yfinance, screener.in",100,232,,2026-07-18,2026-06-01,47,0.0,7,-2.0
NDRAUTO,NDR Auto Components Limited,Consumer Cyclical,Auto Parts,2039.0,Small-Cap,MonthlyStage2,Stage Change,1.0,24,10-EMA=790 | 30-EMA=689 | Above by 17.0% | MA turning=Yes,MonthlyCupHandle+MonthlyDoubleBottom+MonthlyStage2,Sideways,False,False,Below-MAs,True,Stage2,3,Uptrend,Uptrend,806.1,689.23,421.07,685.18,1607.73,2095.51,2731.29,2095.51,160.0,61.2,32.79,,5.68,1.08,23.96,47.0,63.86,,0,none,18.9,22.2,3.46,11.0,1.09,7.53,8.41,15.43,27.94,48.49,16.98,30.34,47.11,11.7,0.4,lumpy earner,0.17,,1.22,,-26.29,-1.29,73.13,0.0,,0.08,0.03,0.0,0.0,1220.0,605.05,33.9,33.2,-22.26,275.97,0.69,0.75,5,35.0,19.5,6.0,0.0,60.5,ACCUMULATE ⭐⭐⭐,Expected ~61% CAGR (2yr) | Revenue CAGR 28% | Profit CAGR 30% | ROCE 22% | ROCE trend rising ↑ | Low D/E 0.17,None identified,3-4 years,Medium-High,"yfinance, screener.in",100,71,,2026-07-18,2026-06-01,47,0.0,7,-1.0
AJMERA,Ajmera Realty & Infra India Limited,Real Estate,Real Estate - Development,2650.0,Small-Cap,MonthlyDoubleBottom,Forming,1.0,37,Sep 37mo | Mid rally 808% | Asymmetry 10%,,Sideways,False,False,Below-MAs,True,Stage2,3,Uptrend,Uptrend,134.67,143.26,15.06,114.47,355.24,460.64,597.32,460.64,242.1,84.9,17.7,6.47,1.89,0.6,11.27,69.0,25.99,175.0,1,none,11.5,14.3,1.69,27.0,0.46,13.74,7.58,47.7,36.24,25.72,24.6,29.67,38.33,120.0,0.75,consistent growth,0.47,,6.28,,-116.82,-4.41,68.23,0.0,,0.78,0.25,1.13,-0.08,221.4,98.03,39.2,37.4,-21.38,58.98,0.4,0.49,6,31.0,19.5,10.0,0.0,60.5,ACCUMULATE ⭐⭐⭐,Expected ~85% CAGR (2yr) | Revenue CAGR 36% | Profit CAGR 30% | ROCE trend rising ↑ | Promoter 68% holding | OPM 27%,Pattern still forming (not broken out),3-4 years,Medium-High,"yfinance, screener.in",100,239,,2026-07-18,2026-06-01,47,12.2,7,3.0
CEATLTD,CEAT Limited,Consumer Cyclical,Auto Parts,15598.0,Mid-Cap,MonthlyDoubleBottom,Forming,1.0,38,Sep 38mo | Mid rally 166% | Asymmetry 9%,,Sideways-Above-MA,True,False,Below-MAs,True,Stage2,3,Uptrend,Uptrend,3866.6,1859.94,668.36,3286.61,16224.49,16785.08,39712.04,25383.21,334.1,108.4,22.37,16.47,2.66,0.4,8.13,77.0,115.44,3887.88,16,buy,15.9,18.7,1.8,13.0,0.4,4.45,6.72,18.61,11.48,15.55,47.98,56.45,10.04,145.1,0.15,highly inconsistent earnings,0.65,,0.68,,-44.68,-0.29,47.29,0.08,,16.55,-0.37,20.9,0.42,4438.0,3000.5,12.9,28.9,25.51,49.5,0.62,0.45,5,20.0,21.5,13.0,6.0,60.5,ACCUMULATE ⭐⭐⭐,Expected ~108% CAGR (2yr) | Profit CAGR 56% | ROCE trend rising ↑ | Piotroski F=5 (above average quality) | Dividend growing 115%/yr | PEG 0.40 — deeply undervalued,Pattern still forming (not broken out),3-4 years,Medium-High,"yfinance, screener.in",100,222,,2026-07-18,2026-06-01,47,22.3,7,10.0
IRISDOREME,Iris Clothings Limited,Consumer Cyclical,Apparel Manufacturing,757.0,Small-Cap,MonthlyDoubleBottom,Forming,1.0,48,Sep 48mo | Mid rally 289% | Asymmetry 7%,,Uptrend,True,False,Tight-Above-MAs,True,Stage2,3,Uptrend,Uptrend,44.0,106.0,26.35,37.4,48.8,185.65,74.55,60.32,321.9,105.4,52.15,,5.92,2.21,29.93,,,,0,none,14.46,,,15.76,,8.48,8.48,50.4,,,23.6,,,43.5,0.5,insufficient history,0.24,,3.19,,-26.83,-3.55,61.17,0.0,,,0.0,0.79,-0.09,45.9,26.35,4.1,67.0,40.14,-64.96,0.77,-0.16,3,22.0,28.5,0.0,10.0,60.5,ACCUMULATE ⭐⭐⭐,Expected ~105% CAGR (2yr) | Revenue CAGR 50% | Profit CAGR 24% | Low D/E 0.24 | Promoter 61% holding | MonthlyDoubleBottom forming (48mo base),High PE 52 | Pattern still forming (not broken out),3-4 years,Medium-High,"yfinance, screener.in",70,93,,2026-07-18,2026-06-01,47,20.3,7,13.0
WEALTH,Wealth First Portfolio Managers Limited,Financial Services,Capital Markets,1049.0,Small-Cap,MonthlyDoubleBottom,Forming,0.757,9,Sep 9mo | Mid rally 78% | Asymmetry 2%,MonthlyDoubleBottom+MonthlyStage2,Sideways-Above-MA,True,False,Below-MAs,True,Stage2,12,Uptrend,Uptrend,955.9,1388.83,771.33,812.51,1062.66,2006.33,2067.66,1482.3,109.9,44.9,27.1,,6.97,0.69,,162.0,10.06,,0,none,27.7,34.6,-0.91,72.0,0.49,54.41,24.22,13.33,32.85,22.16,11.76,39.49,23.93,,0.15,highly inconsistent earnings,,,5.79,,,,74.04,0.0,,0.04,,0.1,-0.01,1386.7,774.95,31.1,23.3,-19.21,185.98,0.17,-0.23,5,37.0,17.08,6.0,0.0,60.1,ACCUMULATE ⭐⭐⭐,Expected ~45% CAGR (2yr) | Revenue CAGR 33% | Profit CAGR 39% | ROE 28% | ROCE 35% | Promoter 74% holding,Pattern still forming (not broken out),3-4 years,Medium-High,"yfinance, screener.in",80,113,,2026-07-18,2026-06-01,47,6.0,7,4.0
SHAILY,Shaily Engineering Plastics Limited,Basic Materials,Specialty Chemicals,12729.0,Mid-Cap,None,,0.0,0,,,Sideways-Above-MA,True,False,Constructive,False,Stage2,1,Uptrend,Uptrend,2725.7,,,2316.84,1326.21,2754.62,3803.48,2245.93,1.1,0.5,75.18,35.55,17.75,1.08,45.98,7.0,100.0,3517.67,6,strong_buy,26.9,29.3,6.0,28.0,3.3,17.15,13.87,25.92,17.75,,82.8,69.35,,40.5,0.4,lumpy earner,0.25,,1.25,,-11.78,-0.09,43.39,0.0,,16.73,4.72,10.61,-3.03,3233.9,1535.9,15.7,77.5,23.12,674.76,,-0.11,5,39.0,9.0,6.0,6.0,60.0,ACCUMULATE ⭐⭐⭐,Expected ~0% CAGR (2yr) | Revenue CAGR 18% | Profit CAGR 69% | ROE 27% | ROCE 29% | ROCE trend rising ↑,High PE 75,3-4 years,Medium-High,"yfinance, screener.in",100,52,,2026-07-18,2026-06-01,47,3.4,7,-10.0
LLOYDSENGG,Lloyds Engineering Works Limited,Industrials,Specialty Industrial Machinery,12913.0,Mid-Cap,MonthlyStage2,Breaking Out,1.0,24,10-EMA=56 | 30-EMA=58 | Above by 18.6% | MA turning=Yes,MonthlyDoubleBottom+MonthlyStage2,Sideways-Above-MA,True,True,Constructive,True,Stage2,4,Uptrend,Uptrend,68.44,57.7,37.73,58.17,86.11,182.97,388.82,182.97,167.3,63.5,60.81,,7.47,0.54,64.49,28.0,80.47,,0,none,16.4,17.1,,15.0,-1.0,14.59,6.21,53.78,,,88.57,,,156.5,0.5,insufficient history,0.07,,2.77,,-383.29,-2.97,41.92,0.0,,2.11,0.14,0.18,0.0,92.59,37.4,26.1,83.0,4.47,,1.72,1.14,3,26.0,24.0,5.0,5.0,60.0,ACCUMULATE ⭐⭐⭐,Expected ~64% CAGR (2yr) | Revenue CAGR 113% | Profit CAGR 112% | Nearly debt-free | Margin compressing ↓ ⚠️ | Dividend growing 80%/yr,High PE 61 | Margin compression ↓,3-4 years,Medium-High,"yfinance, screener.in",80,32,,2026-07-18,2026-06-01,47,0.0,7,0.0
MARKSANS,Marksans Pharma Limited,Healthcare,Drug Manufacturers - General,12344.0,Mid-Cap,MonthlyStage2,Breaking Out,1.0,24,10-EMA=190 | 30-EMA=185 | Above by 17.4% | MA turning=Yes,MonthlyDoubleBottom+MonthlyStage2,Uptrend,True,True,Constructive,True,Stage2,6,Uptrend,Uptrend,217.3,185.07,156.89,184.71,370.86,365.83,504.12,432.39,68.4,29.8,29.58,20.18,4.08,1.78,19.51,32.0,47.36,266.0,3,strong_buy,15.2,18.8,-3.0,20.0,-0.37,14.16,8.84,12.5,16.8,16.49,9.66,16.59,11.94,63.6,0.15,highly inconsistent earnings,0.11,,5.17,,70.35,0.57,43.87,0.0,,16.76,8.63,6.57,0.66,281.6,155.0,22.8,40.2,-8.89,118.23,1.56,1.09,5,22.0,27.0,7.0,4.0,60.0,ACCUMULATE ⭐⭐⭐,Expected ~30% CAGR (2yr) | Revenue CAGR 17% | Low D/E 0.11 | Piotroski F=5 (above average quality) | FII buying +8.6% ↑ | DII buying +0.7% ↑,None identified,3-4 years,Medium-High,"yfinance, screener.in",100,287,,2026-07-18,2026-06-01,47,0.0,7,2.0
MANORAMA,Manorama Industries Limited,Consumer Defensive,Packaged Foods,10121.0,Mid-Cap,None,,0.0,0,,,Uptrend,True,False,Below-MAs,True,Stage2,15,Uptrend,Uptrend,1371.4,,,1165.69,2050.31,2696.16,3545.45,2696.16,96.6,40.2,44.64,29.37,14.03,1.42,27.34,4.0,50.0,1831.0,2,none,39.4,35.0,,26.0,2.0,16.46,19.22,77.3,,,104.55,,,31.0,0.5,insufficient history,0.52,,1.97,,119.05,1.18,54.32,0.0,,3.22,0.33,2.63,-0.37,1760.0,1060.6,22.1,29.3,1.65,325.28,,0.17,6,40.0,11.0,6.0,3.0,60.0,ACCUMULATE ⭐⭐⭐,Expected ~40% CAGR (2yr) | Revenue CAGR 68% | Profit CAGR 32% | ROE 39% | ROCE 35% | Promoter 54% holding,None identified,3-4 years,Medium-High,"yfinance, screener.in",80,47,,2026-07-18,2026-06-01,47,0.0,7,3.0
ABSLAMC,Aditya Birla Sun Life AMC Limited,Financial Services,Asset Management,33160.0,Large-Cap,None,,0.0,0,,,Uptrend,True,False,Tight-Above-MAs,True,Stage2,12,Uptrend,Uptrend,1146.6,,,974.61,857.96,1073.71,1191.19,1010.94,,,34.01,25.93,8.19,1.91,22.75,222.0,60.09,1167.86,14,buy,25.2,32.2,-2.57,64.0,0.43,47.41,18.67,3.73,15.08,11.33,4.73,17.83,13.14,-18.0,0.15,highly inconsistent earnings,0.02,,17.47,,823.49,2.48,74.82,0.0,,5.75,-0.3,11.55,0.76,1224.9,708.0,6.4,61.9,38.2,186.03,,0.33,6,35.0,15.0,2.0,8.0,60.0,ACCUMULATE ⭐⭐⭐,Revenue CAGR 15% | ROE 25% | ROCE 32% | Nearly debt-free | Promoter 75% holding | OPM 64%,None identified,3-4 years,Medium-High,"yfinance, screener.in",100,58,,2026-07-18,2026-06-01,47,10.6,7,5.0
FMGOETZE,Federal-Mogul Goetze (India) Limited,Consumer Cyclical,Auto Parts,2523.0,Small-Cap,MonthlyDoubleBottom,Forming,1.0,8,Sep 8mo | Mid rally 123% | Asymmetry 3%,MonthlyDoubleBottom+MonthlyStage2,Uptrend,True,False,Constructive,True,Stage2,3,Uptrend,Uptrend,453.45,539.95,238.3,385.43,1609.48,1907.07,2259.68,1907.07,320.6,105.1,14.77,,1.76,0.8,5.86,0.0,58.74,,0,none,13.5,18.5,2.77,15.0,0.8,8.71,7.12,8.78,6.22,12.08,4.71,18.49,104.31,-17.3,0.15,highly inconsistent earnings,0.0,,2.98,,184.46,7.31,74.98,0.0,,0.38,-0.16,0.49,0.05,611.9,358.0,25.9,26.7,-13.73,-1.34,0.15,0.07,6,26.0,24.0,10.0,0.0,60.0,ACCUMULATE ⭐⭐⭐,Expected ~105% CAGR (2yr) | ROCE trend rising ↑ | Nearly debt-free | Promoter 75% holding | FCF yield 7.3% | Piotroski F=6 (above average quality),Pattern still forming (not broken out),3-4 years,Medium-High,"yfinance, screener.in",100,289,,2026-07-18,2026-06-01,47,0.3,7,9.0
COLPAL,Colgate-Palmolive (India) Limited,Consumer Defensive,Household & Personal Products,55822.0,Large-Cap,MonthlyDoubleBottom,Forming,0.511,17,Sep 17mo | Mid rally 59% | Asymmetry 8%,,Downtrend,False,False,Below-MAs,False,Stage2,15,Uptrend,Uptrend,2052.4,1418.08,861.94,1744.54,3951.69,4300.31,8120.42,5664.75,109.5,44.8,42.2,34.87,35.24,0.97,29.34,234.0,-17.67,2253.65,26,hold,158.0,179.0,31.8,22.0,1.4,21.96,33.6,15.43,14.93,,51.39,43.35,,-0.5,0.4,lumpy earner,0.03,,1.28,,1530.03,2.74,51.0,0.0,,13.6,-1.58,15.25,1.75,2504.0,1782.0,18.0,15.2,-10.13,-14.26,0.22,0.51,6,40.0,9.63,9.0,1.0,59.6,WATCH ⭐⭐,Expected ~45% CAGR (2yr) | Profit CAGR 43% | ROE 158% | ROCE 179% | ROCE trend rising ↑ | Nearly debt-free,Earnings due 2026-07-22 | Pattern still forming (not broken out),3-4 years,Medium-High,"yfinance, screener.in",100,289,2026-07-22,2026-07-18,2026-06-01,47,-6.2,7,-3.0
MARINE,Marine Electricals (India) Limited,Industrials,Electrical Equipment & Parts,3432.0,Small-Cap,MonthlyStage2,Stage Change,1.0,24,10-EMA=204 | 30-EMA=177 | Above by 25.4% | MA turning=Yes,MonthlyDoubleBottom+MonthlyStage2,Sideways-Above-MA,True,False,Constructive,True,Stage2,4,Uptrend,Uptrend,222.05,177.13,147.48,188.74,197.42,298.9,452.53,298.9,34.6,16.0,61.3,,7.29,1.19,37.52,12.0,9.0,,0,none,13.2,18.2,1.23,11.0,-0.03,6.66,6.17,14.34,25.56,28.43,55.26,51.4,33.34,38.1,0.4,lumpy earner,0.18,,2.12,,-39.23,-1.14,68.2,-0.34,,0.59,-0.06,0.34,0.22,297.9,150.86,25.5,47.2,11.91,331.09,0.63,1.06,4,30.0,22.5,3.0,4.0,59.5,WATCH ⭐⭐,Expected ~16% CAGR (2yr) | Revenue CAGR 26% | Profit CAGR 51% | ROCE trend rising ↑ | Low D/E 0.18 | Promoter 68% holding,High PE 61,3-4 years,Medium-High,"yfinance, screener.in",100,92,,2026-07-18,2026-06-01,47,0.0,7,-3.0
MOLDTKPAC,Mold-Tek Packaging Limited,Consumer Cyclical,Packaging & Containers,2224.0,Small-Cap,MonthlyDoubleBottom,Forming,1.0,44,Sep 44mo | Mid rally 161% | Asymmetry 6%,MonthlyDoubleBottom+MonthlyStage2,Sideways-Above-MA,True,False,Constructive,True,Stage2,3,Uptrend,Uptrend,681.8,1088.22,406.02,579.53,1352.49,1770.42,2146.88,1704.01,159.7,61.1,30.48,19.51,3.22,1.17,14.1,60.0,-30.66,814.89,9,strong_buy,17.8,22.2,0.09,19.0,0.49,8.22,7.09,31.73,15.93,15.96,33.33,25.99,21.67,26.9,0.75,consistent growth,0.32,,1.49,,-63.1,-2.84,33.19,0.12,,9.69,-0.67,20.95,0.83,892.9,464.9,23.6,46.7,5.54,-54.23,3.4,0.52,5,26.0,22.5,10.0,1.0,59.5,WATCH ⭐⭐,Expected ~61% CAGR (2yr) | Revenue CAGR 16% | Profit CAGR 26% | ROCE 22% | ROCE trend rising ↑ | EPS: consistent growth,Pattern still forming (not broken out),3-4 years,Medium-High,"yfinance, screener.in",100,136,,2026-07-18,2026-06-01,47,0.0,7,-1.0
GLAND,Gland Pharma Limited,Healthcare,Drug Manufacturers - Specialty & Generic,40900.0,Large-Cap,MonthlyStage2,Stage Change,1.0,24,10-EMA=2070 | 30-EMA=1907 | Above by 30.0% | MA turning=Yes,MonthlyDoubleBottom+MonthlyStage2,Uptrend,True,True,Tight-Above-MAs,True,Stage2,6,Uptrend,Uptrend,2479.4,1906.6,1387.08,2107.49,2712.17,2697.27,3255.52,2971.45,8.8,4.3,39.84,27.19,3.94,4.17,23.13,81.0,-10.0,2286.0,14,buy,10.7,15.1,-3.0,25.0,-2.91,15.97,6.35,14.51,21.06,13.18,46.92,9.56,0.59,96.6,0.15,highly inconsistent earnings,0.03,,4.68,,504.15,1.23,51.83,0.0,,7.29,-0.29,33.36,0.37,2573.5,1573.6,3.7,57.6,34.62,19.46,0.78,0.48,5,19.0,28.5,2.0,10.0,59.5,WATCH ⭐⭐,Expected ~4% CAGR (2yr) | Revenue CAGR 21% | Nearly debt-free | Promoter 52% holding | Margin compressing ↓ ⚠️ | Piotroski F=5 (above average quality),Margin compression ↓ | Earnings due 2026-08-05,3-4 years,Medium-High,"yfinance, screener.in",100,69,2026-08-05,2026-07-18,2026-06-01,47,10.1,7,0.5
ARIES,Aries Agro Limited,Basic Materials,Agricultural Inputs,448.0,Micro-Cap,MonthlyDoubleBottom,Forming,1.0,38,Sep 38mo | Mid rally 244% | Asymmetry 6%,,Sideways,False,False,Below-MAs,True,Stage2,1,Uptrend,Uptrend,344.15,269.12,76.07,292.53,981.52,1354.01,1867.85,1354.01,293.4,98.4,10.45,,1.34,0.28,6.02,35.0,14.47,,0,none,13.7,21.2,1.46,12.0,-0.4,5.79,6.69,21.06,16.85,14.6,27.27,37.95,21.29,,0.15,highly inconsistent earnings,0.17,,1.69,,-7.01,-1.57,52.66,0.0,,3.13,-0.12,0.02,0.02,459.9,285.35,25.2,20.6,-13.56,61.69,0.1,-0.06,5,27.0,19.5,13.0,0.0,59.5,WATCH ⭐⭐,Expected ~98% CAGR (2yr) | Revenue CAGR 17% | Profit CAGR 38% | ROCE 21% | ROCE trend rising ↑ | Low D/E 0.17,Pattern still forming (not broken out),3-4 years,Medium-High,"yfinance, screener.in",100,223,,2026-07-18,2026-06-01,47,-3.4,7,1.0
J&KBANK,Jammu and Kashmir Bank Limited,Financial Services,Banks - Regional,21214.0,Mid-Cap,MonthlyDoubleBottom,Forming,1.0,14,Sep 14mo | Mid rally 109% | Asymmetry 6%,,Uptrend,True,False,Uptrend,True,Stage2,12,Uptrend,Uptrend,183.31,46.14,21.49,155.81,554.53,698.48,879.81,698.48,281.0,95.2,8.99,8.27,1.29,0.35,,112.0,64.5,198.0,1,none,15.4,5.84,,23.3,,34.68,1.32,4.86,12.02,10.15,13.35,25.96,40.7,,0.15,highly inconsistent earnings,,,,,,,59.4,0.0,,8.35,0.21,6.0,0.16,201.75,97.35,9.1,88.3,90.05,88.21,0.82,0.48,2,15.0,25.5,9.0,10.0,59.5,WATCH ⭐⭐,Expected ~95% CAGR (2yr) | Profit CAGR 26% | Promoter 59% holding | Dividend growing 64%/yr | PEG 0.35 — deeply undervalued | MonthlyDoubleBottom forming (14mo base),Pattern still forming (not broken out),3-4 years,Medium-High,"yfinance, screener.in",80,288,,2026-07-18,2026-06-01,47,37.5,7,1.0
BANKINDIA,Bank of India Limited,Financial Services,Banks - Regional,65968.0,Large-Cap,MonthlyDoubleBottom,Forming,1.0,29,Sep 29mo | Mid rally 186% | Asymmetry 7%,MonthlyCupHandle+MonthlyDoubleBottom,Sideways,False,False,Below-MAs,True,Stage2,12,Uptrend,Uptrend,144.9,190.57,64.34,123.17,713.97,659.29,1379.46,992.42,355.0,113.3,6.09,5.66,0.73,0.16,,336.0,32.48,159.6,5,hold,12.4,5.93,,45.0,,31.89,0.92,6.04,16.41,13.1,7.93,39.0,37.72,18.7,0.4,lumpy earner,,,,,,,73.38,0.0,,6.87,-0.39,13.96,0.0,178.36,108.81,18.8,33.2,32.28,53.27,0.43,0.76,2,22.0,19.5,11.0,7.0,59.5,WATCH ⭐⭐,Expected ~113% CAGR (2yr) | Revenue CAGR 16% | Profit CAGR 39% | Promoter 73% holding | OPM 45% | Dividend growing 32%/yr,Pattern still forming (not broken out),3-4 years,Medium-High,"yfinance, screener.in",80,289,,2026-07-18,2026-06-01,47,4.5,7,3.0
WINDLAS,Windlas Biotech Limited,Healthcare,Drug Manufacturers - Specialty & Generic,1713.0,Small-Cap,MonthlyAscTriangle,Forming,1.0,16,3 resistance tests | Support rise 256% | Resistance flat 8.2%,MonthlyAscTriangle+MonthlyCupHandle+MonthlyDoubleBottom+MonthlyStage2,Uptrend,True,False,Uptrend,True,Stage2,6,Uptrend,Uptrend,846.4,1132.84,195.75,719.44,1562.26,2069.93,2078.69,1802.07,144.6,56.4,26.67,,3.26,1.74,14.58,76.0,18.34,,0,none,12.2,15.9,-0.14,12.0,-0.06,7.35,5.55,18.95,20.79,16.13,8.2,15.35,32.77,-1.8,0.15,highly inconsistent earnings,0.06,,1.95,,29.78,1.74,63.31,1.41,,0.99,0.39,10.2,-1.6,1097.9,697.4,22.9,21.4,-14.32,106.06,0.36,0.27,5,27.0,25.5,6.0,1.0,59.5,WATCH ⭐⭐,Expected ~56% CAGR (2yr) | Revenue CAGR 21% | Nearly debt-free | Promoter 63% holding | Promoters buying ↑ | Piotroski F=5 (above average quality),Pattern still forming (not broken out),3-4 years,Medium-High,"yfinance, screener.in",100,60,,2026-07-18,2026-06-01,47,10.3,7,7.5
HUHTAMAKI,Huhtamaki India Limited,Consumer Cyclical,Packaging & Containers,1594.0,Small-Cap,MonthlyDoubleBottom,Forming,1.0,48,Sep 48mo | Mid rally 207% | Asymmetry 4%,MonthlyDoubleBottom+MonthlyStage2,Sideways-Above-MA,True,True,Constructive,True,Stage2,3,Uptrend,Uptrend,220.23,442.79,141.24,187.2,799.83,922.52,1064.04,922.52,318.9,104.7,13.55,10.77,1.23,0.88,7.11,96.0,0.0,265.0,1,strong_buy,13.0,17.6,0.0,11.0,0.3,4.75,,6.92,26.11,,12.66,15.34,,-2.1,0.75,consistent growth,0.11,,,,,,67.73,0.0,,1.34,0.22,1.14,0.02,272.65,148.6,19.2,48.2,4.15,-38.94,0.37,-0.09,2,24.0,22.5,11.0,2.0,59.5,WATCH ⭐⭐,Expected ~105% CAGR (2yr) | Revenue CAGR 26% | Low D/E 0.11 | Promoter 68% holding | EPS: consistent growth | PEG 0.88 — undervalued,Pattern still forming (not broken out),3-4 years,Medium-High,"yfinance, screener.in",80,289,,2026-07-18,2026-06-01,47,34.5,7,11.0
GUFICBIO,Gufic Biosciences Limited,Healthcare,Drug Manufacturers - Specialty & Generic,3935.0,Small-Cap,MonthlyStage2,Stage Change,1.0,24,10-EMA=348 | 30-EMA=336 | Above by 19.1% | MA turning=Yes,MonthlyDoubleBottom+MonthlyStage2,Uptrend,True,True,Tight-Above-MAs,True,Stage2,6,Uptrend,Uptrend,399.95,335.7,273.8,339.96,969.52,2744.71,7770.26,2744.71,586.3,162.0,61.31,,5.93,0.33,28.21,3.0,0.0,,0,none,10.1,12.3,-1.0,16.0,-1.5,6.8,6.0,15.12,,,-8.57,,,183.6,0.4,lumpy earner,0.61,,1.55,,-33.97,-0.86,72.5,0.0,,0.42,-0.02,3.83,0.09,448.0,268.0,10.7,49.2,9.92,3.65,0.88,-0.04,4,20.0,28.5,8.0,3.0,59.5,WATCH ⭐⭐,Expected ~162% CAGR (2yr) | Revenue CAGR 23% | Profit CAGR 183% | Promoter 72% holding | Margin compressing ↓ ⚠️ | PEG 0.33 — deeply undervalued,High PE 61 | Margin compression ↓,3-4 years,Medium-High,"yfinance, screener.in",80,262,,2026-07-18,2026-06-15,33,7.7,5,5.5
MEDPLUS,MedPlus Health Services Limited,Healthcare,Pharmaceutical Retailers,9920.0,Mid-Cap,MonthlyStage2,Stage Change,0.993,24,10-EMA=848 | 30-EMA=813 | Above by 14.9% | MA turning=Yes,MonthlyDoubleBottom+MonthlyStage2,Uptrend,True,False,Uptrend,True,Stage2,6,Uptrend,Uptrend,934.65,813.47,666.85,794.45,1777.25,2214.81,4771.94,2912.21,137.0,53.9,45.24,32.34,5.02,0.71,26.59,0.0,,1168.71,7,strong_buy,11.8,12.6,0.06,9.0,0.37,3.19,5.56,12.32,14.78,17.56,46.67,63.86,28.42,24.6,0.15,highly inconsistent earnings,0.72,,3.0,,271.58,2.74,40.22,-0.07,,15.53,-1.3,27.82,1.24,1022.2,732.0,8.6,27.7,11.05,-2.1,0.38,0.44,7,21.0,26.42,9.0,3.0,59.4,WATCH ⭐⭐,Expected ~54% CAGR (2yr) | Profit CAGR 64% | ROCE trend rising ↑ | Piotroski F=7 (high quality compounder) | DII buying +1.2% ↑ | PEG 0.71 — undervalued,None identified,3-4 years,Medium-High,"yfinance, screener.in",100,54,,2026-07-18,2026-06-01,47,0.0,7,0.0
MBAPL,Madhya Bharat Agro Products Limited,Basic Materials,Agricultural Inputs,5751.0,Small-Cap,MonthlyDoubleBottom,Forming,0.328,17,Sep 17mo | Mid rally 39% | Asymmetry 6%,,Uptrend,True,False,Uptrend,True,Stage2,1,Uptrend,Uptrend,530.85,342.81,239.72,451.22,1253.75,5245.7,21948.02,5245.7,888.2,214.4,38.27,,2.09,0.12,27.77,8.0,25.99,,0,none,31.5,,,9.2,,8.02,9.61,35.2,,,318.4,,,319.3,0.5,insufficient history,1.57,,1.44,,-595.6,-10.36,74.76,0.0,,0.46,0.27,,,133.4,74.63,-297.9,611.3,35.3,57.21,0.62,-0.04,2,23.0,17.44,9.0,10.0,59.4,WATCH ⭐⭐,Expected ~214% CAGR (2yr) | Revenue CAGR 35% | Profit CAGR 318% | ROE 32% | Promoter 75% holding | Dividend growing 26%/yr,High D/E 1.6 | Pattern still forming (not broken out),3-4 years,Medium-High,"yfinance, screener.in",70,117,,2026-07-18,2026-06-01,47,0.0,7,4.0
INDHOTEL,The Indian Hotels Company Limited,Consumer Cyclical,Lodging,107085.0,Large-Cap,MonthlyStage2,Stage Change,0.955,24,10-EMA=694 | 30-EMA=650 | Above by 14.3% | MA turning=Yes,MonthlyDoubleBottom+MonthlyStage2,Uptrend,True,False,Constructive,True,Stage2,3,Uptrend,Uptrend,743.5,650.32,570.95,631.98,921.5,1030.92,1527.3,1186.34,38.7,17.8,51.28,41.01,8.2,1.78,32.24,43.0,48.12,797.79,29,buy,14.2,17.1,4.71,33.0,9.74,20.92,9.42,16.24,18.59,43.81,10.26,28.74,49.99,14.9,0.2,multiple loss years in history,0.19,,2.5,,1306.16,1.22,38.12,0.0,,23.23,-1.86,22.58,1.92,811.95,565.0,8.4,31.6,-1.07,51.97,0.4,-0.16,7,29.0,24.96,3.0,2.0,59.0,WATCH ⭐⭐,Expected ~18% CAGR (2yr) | Revenue CAGR 19% | Profit CAGR 29% | ROCE trend rising ↑ | Low D/E 0.19 | OPM 33%,High PE 51 | Earnings due 2026-07-16,3-4 years,Medium-High,"yfinance, screener.in",100,289,2026-07-16,2026-07-18,2026-06-01,47,13.9,7,9.1
ALKEM,Alkem Laboratories Limited,Healthcare,Drug Manufacturers - Specialty & Generic,67787.0,Large-Cap,MonthlyDoubleBottom,Forming,0.452,24,Sep 24mo | Mid rally 52% | Asymmetry 7%,MonthlyDoubleBottom+MonthlyFlatBase,Sideways-Above-MA,True,True,Constructive,True,Stage2,6,Uptrend,Uptrend,5669.5,2269.93,1443.69,4819.07,13125.87,12833.59,23099.8,17412.78,126.4,50.5,29.41,25.06,4.91,0.9,21.76,35.0,-4.9,5964.8,20,buy,18.9,21.2,0.2,20.0,-0.17,15.65,8.5,13.47,8.25,10.66,6.14,32.66,7.76,-22.7,0.15,highly inconsistent earnings,0.14,,2.55,,1374.31,2.03,49.7,-1.5,,10.42,0.27,22.64,1.25,5933.5,4738.5,4.4,19.6,8.84,34.23,0.49,0.27,5,29.0,15.92,9.0,5.0,58.9,WATCH ⭐⭐,Expected ~50% CAGR (2yr) | Profit CAGR 33% | ROCE 21% | ROCE trend rising ↑ | Low D/E 0.14 | Piotroski F=5 (above average quality),Earnings due 2026-08-12 | Pattern still forming (not broken out),3-4 years,Medium-High,"yfinance, screener.in",100,128,2026-08-12,2026-07-18,2026-06-01,47,3.6,7,2.0
EPL,EPL Limited,Consumer Cyclical,Packaging & Containers,7609.0,Small-Cap,MonthlyStage2,Stage Change,0.869,24,10-EMA=219 | 30-EMA=210 | Above by 13.0% | MA turning=Yes,MonthlyCupHandle+MonthlyDoubleBottom+MonthlyStage2,Uptrend,True,False,Tight-Above-MAs,True,Stage2,3,Uptrend,Uptrend,237.56,210.16,184.8,201.93,648.95,582.07,926.4,775.36,145.0,56.5,19.57,13.49,2.66,1.0,8.28,210.0,5.16,292.14,7,strong_buy,15.8,17.8,0.57,20.0,0.31,8.16,8.76,13.05,8.84,9.03,8.24,19.48,10.06,-10.0,0.15,highly inconsistent earnings,0.34,,1.56,,59.91,0.79,26.38,0.0,,17.22,-0.35,10.2,0.65,246.86,176.4,3.8,34.7,9.08,3.39,0.45,0.38,6,17.0,26.93,10.0,5.0,58.9,WATCH ⭐⭐,Expected ~56% CAGR (2yr) | ROCE trend rising ↑ | Piotroski F=6 (above average quality) | DII buying +0.7% ↑ | PEG 1.00 — fair value | EV/EBITDA 8× below sector (25×),None identified,3-4 years,Medium-High,"yfinance, screener.in",100,289,,2026-07-18,2026-06-01,47,9.4,7,10.1
GOLDIAM,Goldiam International Limited,Consumer Cyclical,Luxury Goods,5691.0,Small-Cap,MonthlyStage2,Stage Change,1.0,24,10-EMA=356 | 30-EMA=315 | Above by 20.2% | MA turning=Yes,MonthlyCupHandle+MonthlyDoubleBottom+MonthlyStage2,Downtrend,False,False,Below-MAs,False,Stage2,3,Uptrend,Uptrend,378.0,314.56,268.65,321.3,688.87,869.63,1097.82,869.63,130.1,51.7,33.33,,5.15,1.27,25.91,74.0,-4.93,,0,none,18.5,23.9,0.49,21.0,0.43,17.46,10.51,25.1,22.38,19.2,46.15,26.24,20.61,61.2,0.15,highly inconsistent earnings,0.07,,5.94,,-58.54,-1.03,58.51,0.0,,1.99,1.36,0.78,-0.17,380.59,198.75,0.7,90.2,6.01,181.33,1.09,0.93,6,31.0,16.5,6.0,5.0,58.5,WATCH ⭐⭐,Expected ~52% CAGR (2yr) | Revenue CAGR 22% | Profit CAGR 26% | ROCE 24% | ROCE trend rising ↑ | Nearly debt-free,None identified,3-4 years,Medium-High,"yfinance, screener.in",100,252,,2026-07-18,2026-06-01,47,-0.5,7,-15.0
CGPOWER,CG Power and Industrial Solutions Limited,Industrials,Electrical Equipment & Parts,144363.0,Large-Cap,MonthlyStage2,Stage Change,1.0,24,10-EMA=801 | 30-EMA=672 | Above by 36.4% | MA turning=Yes,MonthlyDoubleBottom+MonthlyStage2,Uptrend,True,False,Constructive,False,Stage2,4,Uptrend,Uptrend,916.6,672.19,570.2,779.11,238.49,774.18,276.01,256.56,,,119.04,65.64,18.11,15.7,90.5,14.0,-4.66,889.68,19,buy,20.5,26.7,1.89,13.0,1.37,9.71,8.92,25.32,21.21,33.18,23.23,7.58,-1.3,34.4,0.15,highly inconsistent earnings,0.01,,1.91,,-19.68,-0.01,56.36,0.0,,12.03,0.01,18.01,0.49,980.9,525.5,6.6,74.4,33.21,89.28,0.8,0.41,6,26.0,25.5,-1.0,8.0,58.5,WATCH ⭐⭐,Revenue CAGR 21% | ROE 20% | ROCE 27% | ROCE trend rising ↑ | Nearly debt-free | Promoter 56% holding,High PE 119 | Earnings due 2026-07-23,3-4 years,Medium-High,"yfinance, screener.in",100,289,2026-07-23,2026-07-18,2026-06-01,47,11.9,4,-2.0
ALEMBICLTD,Alembic Limited,Real Estate,Real Estate - Development,2310.0,Small-Cap,MonthlyDoubleBottom,Forming,1.0,33,Sep 33mo | Mid rally 6454% | Asymmetry 1%,,Sideways,False,False,Below-MAs,False,Stage2,3,Uptrend,Uptrend,89.97,168.13,2.55,76.47,500.49,592.58,701.62,592.58,558.6,156.6,7.28,1.81,0.95,0.4,24.59,267.0,10.06,,0,none,13.3,6.28,1.0,38.0,5.46,132.25,1.92,8.11,23.63,26.53,1.93,18.4,-1.56,-1.9,0.15,highly inconsistent earnings,0.0,,1.95,,22.95,0.99,70.88,0.0,,1.25,-0.04,0.05,0.0,122.4,70.46,26.5,27.7,-8.59,-7.66,0.29,0.63,7,29.0,19.5,10.0,0.0,58.5,WATCH ⭐⭐,Expected ~157% CAGR (2yr) | Revenue CAGR 24% | ROCE trend rising ↑ | Nearly debt-free | Promoter 71% holding | OPM 38%,Pattern still forming (not broken out),3-4 years,Medium-High,"yfinance, screener.in",100,289,,2026-07-18,2026-06-01,47,0.1,7,-1.0
LUMAXIND,Lumax Industries Limited,Consumer Cyclical,Auto Parts,5030.0,Small-Cap,MonthlyDoubleBottom,Forming,1.0,33,Sep 33mo | Mid rally 107% | Asymmetry 0%,,Uptrend,True,False,Uptrend,True,Stage2,3,Uptrend,Uptrend,5257.5,1697.5,819.49,4468.88,9482.18,11249.66,13346.6,11249.66,114.0,46.3,29.15,16.58,5.48,1.56,14.75,102.0,37.38,6809.0,2,strong_buy,22.0,17.7,1.8,10.0,0.43,4.12,5.03,23.06,21.72,24.02,22.86,18.64,57.05,23.0,0.15,highly inconsistent earnings,1.06,,0.76,,-17.12,-0.34,75.0,0.0,,1.63,0.25,6.07,0.36,6934.5,3272.0,24.2,60.7,54.12,134.02,0.37,0.83,5,19.0,26.5,6.0,7.0,58.5,WATCH ⭐⭐,Expected ~46% CAGR (2yr) | Revenue CAGR 22% | ROE 22% | ROCE trend rising ↑ | Promoter 75% holding | Piotroski F=5 (above average quality),High D/E 1.1 | Pattern still forming (not broken out),3-4 years,Medium-High,"yfinance, screener.in",100,287,,2026-07-18,2026-06-01,47,0.0,7,1.0
STYRENIX,Styrenix Performance Materials Limited,Basic Materials,Chemicals,3997.0,Small-Cap,MonthlyDoubleBottom,Forming,1.0,31,Sep 31mo | Mid rally 179% | Asymmetry 8%,MonthlyDoubleBottom+MonthlyStage2,Uptrend,True,False,Tight-Above-MAs,True,Stage2,1,Uptrend,Uptrend,2310.0,543.85,186.84,1963.5,4862.28,10344.98,22009.99,10344.98,347.8,111.6,21.83,16.86,2.92,0.19,12.77,237.0,-43.27,2964.0,1,strong_buy,14.6,15.1,-12.0,10.0,1.8,5.32,6.0,15.29,19.61,,-22.13,112.76,,30.8,0.15,highly inconsistent earnings,0.4,,2.29,,0.6,0.01,46.24,0.0,,0.95,-0.27,17.33,1.58,3251.0,1780.0,28.9,29.8,-10.66,107.64,0.23,0.45,6,22.0,28.5,8.0,0.0,58.5,WATCH ⭐⭐,Expected ~112% CAGR (2yr) | Revenue CAGR 20% | Profit CAGR 113% | Piotroski F=6 (above average quality) | DII buying +1.6% ↑ | PEG 0.19 — deeply undervalued,Pattern still forming (not broken out),3-4 years,Medium-High,"yfinance, screener.in",100,288,,2026-07-18,2026-06-01,47,1.8,7,3.0
BOSCHLTD,Bosch Limited,Consumer Cyclical,Auto Parts,123338.0,Large-Cap,MonthlyStage2,Stage Change,1.0,24,10-EMA=37026 | 30-EMA=32773 | Above by 27.6% | MA turning=Yes,MonthlyDoubleBottom+MonthlyStage2,Uptrend,True,False,Tight-Above-MAs,True,Stage2,3,Uptrend,Uptrend,41815.0,32773.46,26188.55,35542.75,55676.24,59412.57,86743.77,69495.09,42.1,19.2,44.44,40.6,8.31,1.79,44.14,65.0,34.59,44288.8,5,strong_buy,14.6,21.5,1.77,13.0,0.26,13.84,6.73,10.77,10.3,15.57,37.62,24.82,41.9,3.0,0.15,highly inconsistent earnings,0.01,,1.96,,-2037.69,-1.65,70.54,0.0,,7.22,-0.12,15.05,0.15,42565.0,28610.0,1.8,46.2,5.54,105.23,0.44,0.64,6,23.0,28.5,2.0,5.0,58.5,WATCH ⭐⭐,Expected ~19% CAGR (2yr) | Profit CAGR 25% | ROCE 22% | ROCE trend rising ↑ | Nearly debt-free | Promoter 71% holding,Earnings due 2026-08-03,3-4 years,Medium-High,"yfinance, screener.in",100,289,2026-08-03,2026-07-18,2026-06-01,47,12.6,7,4.0
INDIAGLYCO,India Glycols Limited,Basic Materials,Chemicals,7157.0,Small-Cap,MonthlyDoubleBottom,Forming,1.0,41,Sep 41mo | Mid rally 459% | Asymmetry 8%,,Uptrend,True,False,Uptrend,True,Stage2,1,Uptrend,Uptrend,1158.7,216.52,37.22,984.89,1373.24,1752.39,2236.23,1752.39,51.2,23.0,23.26,,2.44,0.84,13.55,117.0,25.99,,0,none,11.3,12.4,0.63,15.0,0.74,6.95,4.86,11.76,16.68,12.69,26.84,27.61,17.29,35.7,0.15,highly inconsistent earnings,0.58,,0.74,,-315.34,-4.41,59.63,0.0,,2.27,-0.15,5.19,-0.03,1222.0,792.5,5.2,46.2,44.89,190.74,0.53,0.26,5,18.0,26.5,6.0,8.0,58.5,WATCH ⭐⭐,Expected ~23% CAGR (2yr) | Revenue CAGR 17% | Profit CAGR 28% | ROCE trend rising ↑ | Promoter 60% holding | Piotroski F=5 (above average quality),Pattern still forming (not broken out),3-4 years,Medium-High,"yfinance, screener.in",100,288,,2026-07-18,2026-06-01,47,16.1,7,6.0
IZMO,IZMO Limited,Technology,Software - Application,1511.0,Small-Cap,MonthlyDoubleBottom,Forming,1.0,12,Sep 12mo | Mid rally 177% | Asymmetry 4%,,Uptrend,True,False,Uptrend,True,Downtrend,0,Uptrend,Uptrend,1111.5,649.45,229.7,944.77,1579.96,2115.4,2832.32,2115.4,90.3,38.0,31.65,,3.69,0.93,29.13,0.0,-68.75,,0,none,12.4,12.6,0.29,18.0,-0.89,16.7,4.64,26.67,22.77,19.7,-2.04,33.89,12.2,151.1,0.15,highly inconsistent earnings,0.04,,2.62,,-42.29,-2.8,34.79,-0.02,,3.27,0.01,0.49,-0.02,1374.7,350.05,19.1,217.5,66.46,431.14,0.22,0.45,5,22.0,24.5,6.0,6.0,58.5,WATCH ⭐⭐,Expected ~38% CAGR (2yr) | Revenue CAGR 23% | Profit CAGR 34% | ROCE trend rising ↑ | Nearly debt-free | Margin compressing ↓ ⚠️,Margin compression ↓ | Pattern still forming (not broken out),3-4 years,Medium-High,"yfinance, screener.in",100,234,,2026-07-18,2026-06-01,47,66.9,7,7.0
EIMCOELECO,Eimco Elecon (India) Limited,Industrials,Farm & Heavy Construction Machinery,1006.0,Small-Cap,MonthlyDoubleBottom,Forming,1.0,40,Sep 40mo | Mid rally 251% | Asymmetry 5%,MonthlyDoubleBottom+MonthlyStage2,Uptrend,True,True,Constructive,True,Stage2,4,Uptrend,Uptrend,1744.6,592.92,164.95,1482.91,3773.33,5753.58,8773.05,5753.58,229.8,81.6,25.38,18.36,2.15,0.48,,23.0,-7.17,2106.0,1,strong_buy,10.4,13.2,0.8,18.0,1.4,16.33,,31.79,21.86,4.27,95.0,52.48,11.14,6.2,0.15,highly inconsistent earnings,0.01,,,,,,48.96,0.0,,3.25,0.15,0.98,-0.07,2588.0,1405.5,32.6,24.1,-21.4,76.86,0.93,,3,25.0,25.5,8.0,0.0,58.5,WATCH ⭐⭐,Expected ~82% CAGR (2yr) | Revenue CAGR 22% | Profit CAGR 52% | ROCE trend rising ↑ | Nearly debt-free | PEG 0.48 — deeply undervalued,Pattern still forming (not broken out),3-4 years,Medium-High,"yfinance, screener.in",80,289,,2026-07-18,2026-06-01,47,9.8,7,8.0
WELENT,Welspun Enterprises Limited,Industrials,Engineering & Construction,8327.0,Mid-Cap,MonthlyStage2,Stage Change,1.0,24,10-EMA=535 | 30-EMA=468 | Above by 33.9% | MA turning=Yes,MonthlyCupHandle+MonthlyDoubleBottom+MonthlyStage2,Uptrend,True,True,Tight-Above-MAs,True,Stage2,4,Uptrend,Uptrend,627.1,468.44,415.06,533.03,669.49,669.49,669.49,669.49,6.8,3.3,23.42,16.68,2.7,,11.64,49.0,-29.33,,0,none,14.1,16.8,2.49,21.0,1.94,9.68,6.51,0.86,9.44,18.76,11.02,-18.5,24.76,53.0,0.15,highly inconsistent earnings,0.61,,1.96,,635.45,7.63,56.13,0.0,,3.47,-0.29,9.32,0.07,633.7,412.0,1.0,52.2,34.97,102.41,0.84,0.4,5,16.0,28.5,4.0,10.0,58.5,WATCH ⭐⭐,Expected ~3% CAGR (2yr) | Declining profits (-18% CAGR) ⚠️ | ROCE trend rising ↑ | Promoter 56% holding | FCF yield 7.6% | Piotroski F=5 (above average quality),None identified,3-4 years,Medium-High,"yfinance, screener.in",100,261,,2026-07-18,2026-06-01,47,27.1,7,13.0
HINDZINC,Hindustan Zinc Limited,Basic Materials,Other Industrial Metals & Mining,226879.0,Large-Cap,MonthlyCupHandle,Forming,0.909,24,Cup 24mo | Depth 32% | Prior gain 63% | R²=0.95,MonthlyCupHandle+MonthlyDoubleBottom,Downtrend,False,False,Below-MAs,False,Stage2,1,Uptrend,Uptrend,534.05,665.61,449.98,453.94,770.98,881.24,925.78,844.84,65.0,28.5,16.4,12.24,10.03,1.71,10.05,397.0,-40.42,660.27,15,buy,76.6,69.5,7.7,54.0,-0.17,35.12,30.08,19.84,6.2,12.54,33.6,9.58,11.63,67.6,0.15,highly inconsistent earnings,0.39,,1.47,,10509.13,4.63,60.71,-1.13,,2.39,0.85,4.84,0.16,733.0,413.5,27.1,29.2,30.61,61.8,0.18,0.67,4,31.0,15.41,6.0,6.0,58.4,WATCH ⭐⭐,Expected ~28% CAGR (2yr) | ROE 77% | ROCE 70% | ROCE trend rising ↑ | Promoter 61% holding | OPM 54%,Earnings due 2026-07-17 | Pattern still forming (not broken out),3-4 years,Medium-High,"yfinance, screener.in",100,288,2026-07-17,2026-07-18,2026-06-01,47,-15.6,7,-8.5
PGHL,Procter & Gamble Health Limited,Healthcare,Drug Manufacturers - Specialty & Generic,11352.0,Mid-Cap,MonthlyStage2,Stage Change,0.318,24,10-EMA=5273 | 30-EMA=5097 | Above by 4.8% | MA turning=Yes,MonthlyDoubleBottom+MonthlyStage2,Sideways,False,False,Below-MAs,True,Stage2,6,Uptrend,Uptrend,5340.5,5097.17,4739.86,4539.43,12483.49,19299.48,29837.0,19299.48,261.4,90.1,34.72,25.56,21.64,0.64,24.47,136.0,18.98,7535.0,1,none,61.59,,,34.94,,23.22,33.1,19.1,,,54.6,,,54.6,0.5,insufficient history,0.02,,2.18,,292.48,2.58,51.82,0.0,,6.33,0.13,12.44,-1.23,6941.0,4707.0,23.1,13.5,1.93,-9.25,0.6,0.23,5,36.0,11.32,6.0,5.0,58.3,WATCH ⭐⭐,Expected ~90% CAGR (2yr) | Revenue CAGR 19% | Profit CAGR 55% | ROE 62% | Nearly debt-free | Promoter 52% holding,None identified,3-4 years,Medium-High,"yfinance, screener.in",70,287,,2026-07-18,2026-06-01,47,0.0,7,0.0
SAMHI,SAMHI Hotels Limited,Consumer Cyclical,Lodging,3845.0,Small-Cap,MonthlyDoubleBottom,Forming,1.0,11,Sep 11mo | Mid rally 105% | Asymmetry 5%,MonthlyDoubleBottom+MonthlyStage2,Sideways-Above-MA,True,False,Constructive,True,Stage2,3,Uptrend,Uptrend,177.3,254.5,121.1,150.71,8530.14,27709.11,248370.43,46028.62,15528.4,1150.1,6.73,14.05,2.52,0.02,16.82,0.0,,229.83,6,strong_buy,24.8,8.92,3.51,35.0,13.49,40.31,4.69,10.44,19.08,48.99,559.3,,,671.1,0.2,multiple loss years in history,0.81,,0.81,,-99.3,-2.58,,,,44.28,0.14,16.39,-1.68,254.5,127.0,30.3,39.6,-15.22,,0.2,0.85,5,22.0,21.0,15.0,0.0,58.0,WATCH ⭐⭐,Expected ~1150% CAGR (2yr) | Revenue CAGR 19% | Profit CAGR 440% | ROE 25% | ROCE trend rising ↑ | OPM 35%,Pattern still forming (not broken out),3-4 years,Medium-High,"yfinance, screener.in",80,35,,2026-07-18,2026-06-01,47,23.7,7,1.0
AXISBANK,Axis Bank Limited,Financial Services,Banks - Regional,411792.0,Large-Cap,MonthlyDoubleBottom,Forming,1.0,20,Sep 20mo | Mid rally 100% | Asymmetry 0%,MonthlyDoubleBottom+MonthlyStage2,Uptrend,True,False,Tight-Above-MAs,True,Stage2,12,Uptrend,Uptrend,1323.7,292.75,145.82,1125.14,2452.89,2615.05,4435.37,3298.41,97.6,40.6,15.67,11.08,1.91,0.45,,8.0,0.0,1590.0,39,strong_buy,13.1,6.24,,39.29,,35.39,1.47,4.05,14.87,15.53,-5.83,34.47,29.63,1.7,0.15,highly inconsistent earnings,,,,,,,8.14,-0.01,,42.04,-0.54,43.35,0.7,1418.3,1042.5,6.7,27.0,27.55,10.47,0.3,0.42,2,14.0,28.0,10.0,6.0,58.0,WATCH ⭐⭐,Expected ~41% CAGR (2yr) | Profit CAGR 34% | OPM 39% | DII buying +0.7% ↑ | PEG 0.45 — deeply undervalued | MonthlyDoubleBottom forming (20mo base),Earnings due 2026-07-18 | Pattern still forming (not broken out),3-4 years,Medium-High,"yfinance, screener.in",80,333,2026-07-18,2026-07-18,2026-06-01,47,6.9,7,4.0
ADFFOODS,ADF Foods Limited,Consumer Defensive,Packaged Foods,3515.0,Small-Cap,MonthlyStage2,Breaking Out,1.0,24,10-EMA=254 | 30-EMA=232 | Above by 38.0% | MA turning=Yes,MonthlyCupHandle+MonthlyDoubleBottom+MonthlyStage2,Uptrend,True,False,Tight-Above-MAs,True,Stage2,15,Uptrend,Uptrend,319.9,231.85,167.18,271.91,417.92,489.51,573.36,489.51,53.0,23.7,39.06,,6.14,2.28,26.64,38.0,14.47,266.0,1,none,17.8,22.8,-0.66,19.0,0.29,13.16,9.9,15.76,14.92,13.04,30.43,17.13,12.47,57.6,0.15,highly inconsistent earnings,0.1,,3.84,,-30.62,-0.87,36.14,0.0,,11.55,0.24,23.21,0.1,346.95,153.1,7.8,108.9,56.95,25.75,4.28,0.52,5,17.0,30.0,3.0,8.0,58.0,WATCH ⭐⭐,Expected ~24% CAGR (2yr) | ROCE 23% | Nearly debt-free | Piotroski F=5 (above average quality) | Dividend growing 14%/yr | EV/EBITDA 27× vs sector 30×,None identified,3-4 years,Medium-High,"yfinance, screener.in",100,191,,2026-07-18,2026-06-01,47,18.9,7,4.5
NETWEB,Netweb Technologies India Limited,Technology,Computer Hardware,24513.0,Mid-Cap,None,,0.0,0,,,Uptrend,True,False,Tight-Above-MAs,True,Downtrend,0,Uptrend,Uptrend,3746.4,,,3184.44,1737.19,3582.39,4689.44,2854.2,,,119.05,59.24,33.8,1.85,85.75,6.0,25.0,4674.67,3,strong_buy,32.83,,,11.99,,9.43,10.75,86.6,,,64.3,,,64.2,0.5,insufficient history,0.39,,1.44,,112.21,0.46,66.98,-4.02,,9.29,-0.26,4.68,1.38,5244.0,1812.5,28.6,106.7,111.0,,,1.74,4,34.0,14.0,3.0,7.0,58.0,WATCH ⭐⭐,Revenue CAGR 87% | Profit CAGR 64% | ROE 33% | Promoter 67% holding | DII buying +1.4% ↑ | Dividend growing 25%/yr,High PE 119,3-4 years,Medium-High,"yfinance, screener.in",70,35,,2026-07-18,2026-07-15,3,0.0,1,0.0
JYOTHYLAB,Jyothy Labs Limited,Consumer Defensive,Household & Personal Products,7364.0,Small-Cap,MonthlyDoubleBottom,Breakout Ready,0.463,6,Sep 6mo | Mid rally 50% | Asymmetry 3%,,Downtrend,False,False,Below-MAs,False,Stage2,15,Uptrend,Uptrend,213.5,86.18,56.71,181.47,655.22,628.5,1150.66,868.29,194.4,71.6,22.13,18.58,4.64,0.68,15.31,175.0,5.27,268.82,11,buy,19.0,24.6,2.4,18.0,0.57,11.32,11.63,3.26,9.04,10.72,0.27,32.52,17.82,-12.4,0.15,highly inconsistent earnings,0.03,,2.68,,265.71,3.61,62.89,0.0,,12.35,-0.42,14.62,-0.52,359.8,188.1,40.7,13.5,-29.97,-20.62,1.31,0.4,6,33.0,11.56,13.0,0.0,57.6,WATCH ⭐⭐,Expected ~72% CAGR (2yr) | Profit CAGR 33% | ROCE 25% | ROCE trend rising ↑ | Nearly debt-free | Promoter 63% holding,None identified,3-4 years,Medium-High,"yfinance, screener.in",100,222,,2026-07-18,2026-06-01,47,0.0,7,-1.0
GLOBAL,Global Education Limited,Consumer Defensive,Education & Training Services,520.0,Small-Cap,MonthlyStage2,Stage Change,1.0,24,10-EMA=93 | 30-EMA=80 | Above by 28.3% | MA turning=Yes,MonthlyCupHandle+MonthlyDoubleBottom+MonthlyStage2,Sideways-Above-MA,True,False,Constructive,False,Stage2,15,Uptrend,Uptrend,102.18,79.65,41.17,86.85,201.27,209.66,218.41,209.66,105.2,43.2,19.61,,4.22,4.7,16.4,98.0,-5.9,,0,none,22.0,29.2,-0.4,38.0,0.06,26.15,13.29,30.56,14.88,29.31,-7.14,4.17,26.58,93.7,0.15,highly inconsistent earnings,,,3.75,,33.18,6.38,72.73,0.0,,0.03,-0.37,0.08,0.02,121.9,55.3,16.2,84.8,55.45,16.7,0.15,-0.72,5,24.0,22.5,4.0,7.0,57.5,WATCH ⭐⭐,Expected ~43% CAGR (2yr) | ROE 22% | ROCE 29% | Promoter 73% holding | OPM 38% | FCF yield 6.4%,None identified,3-4 years,Medium-High,"yfinance, screener.in",90,113,,2026-07-18,2026-06-01,47,-0.5,7,-6.0
PREMEXPLN,Premier Explosives Limited,Basic Materials,Specialty Chemicals,3698.0,Small-Cap,MonthlyStage2,Stage Change,1.0,24,10-EMA=513 | 30-EMA=449 | Above by 16.8% | MA turning=Yes,MonthlyCupHandle+MonthlyDoubleBottom+MonthlyStage2,Sideways-Above-MA,True,False,Constructive,True,Stage2,1,Uptrend,Uptrend,524.75,449.18,333.32,446.04,263.42,565.04,924.2,493.41,7.7,3.8,80.6,43.51,12.83,0.92,95.3,7.0,18.56,710.0,1,none,18.6,22.6,4.63,10.0,1.37,11.8,3.33,-6.95,24.31,20.61,58.62,87.31,33.13,76.1,0.15,highly inconsistent earnings,0.11,,1.65,,-51.95,-1.4,41.33,0.0,,1.18,0.27,9.17,-0.06,829.8,378.4,36.8,38.7,0.77,481.7,0.29,1.15,5,28.0,22.5,5.0,2.0,57.5,WATCH ⭐⭐,Expected ~4% CAGR (2yr) | Revenue CAGR 24% | Profit CAGR 87% | ROCE 23% | ROCE trend rising ↑ | Low D/E 0.11,High PE 81,3-4 years,Medium-High,"yfinance, screener.in",100,120,,2026-07-18,2026-06-01,47,0.0,7,-3.0
IEX,Indian Energy Exchange Limited,Financial Services,Capital Markets,10640.0,Mid-Cap,MonthlyDoubleBottom,Forming,1.0,33,Sep 33mo | Mid rally 112% | Asymmetry 4%,,Downtrend,False,False,Below-MAs,False,Stage2,12,Uptrend,Uptrend,119.51,233.91,108.28,102.87,140.13,359.54,192.58,164.27,200.8,73.4,21.6,18.97,7.85,1.25,13.69,334.0,51.83,141.27,11,hold,39.4,51.4,-1.2,84.0,0.71,65.99,16.95,14.71,15.38,14.14,14.92,17.23,19.18,10.8,0.15,highly inconsistent earnings,0.01,,2.0,,799.84,7.52,,,,14.16,2.74,30.26,-4.69,209.99,114.6,43.1,4.3,-11.22,-25.12,0.18,0.31,5,35.0,16.5,6.0,0.0,57.5,WATCH ⭐⭐,Expected ~73% CAGR (2yr) | Revenue CAGR 15% | ROE 39% | ROCE 51% | Nearly debt-free | OPM 84%,Earnings due 2026-04-23 | Pattern still forming (not broken out),3-4 years,Medium-High,"yfinance, screener.in",90,106,2026-04-23,2026-07-18,2026-06-01,47,-4.8,7,-2.0
REMSONSIND,Remsons Industries Limited,Consumer Cyclical,Auto Parts,283.0,Micro-Cap,MonthlyDoubleBottom,Forming,1.0,15,Sep 15mo | Mid rally 598% | Asymmetry 8%,,Downtrend,False,False,Below-MAs,False,Stage2,3,Uptrend,Uptrend,99.14,25.13,3.46,84.27,473.24,652.83,900.59,652.83,558.5,156.6,15.6,,1.89,0.41,7.35,62.0,-12.64,,0,none,13.5,15.5,0.5,11.0,1.31,3.85,5.91,24.4,14.43,15.72,23.53,37.95,39.33,14.7,0.75,consistent growth,0.63,,1.31,,17.53,6.19,65.53,-0.71,,2.33,-1.06,1.22,0.09,152.45,77.15,35.0,28.5,-20.04,93.36,0.44,1.1,6,30.0,15.5,12.0,0.0,57.5,WATCH ⭐⭐,Expected ~157% CAGR (2yr) | Profit CAGR 38% | ROCE trend rising ↑ | Promoter 66% holding | FCF yield 6.2% | EPS: consistent growth,Pattern still forming (not broken out),3-4 years,Medium-High,"yfinance, screener.in",100,287,,2026-07-18,2026-06-01,47,0.0,7,-1.0
TAJGVK,TAJGVK Hotels & Resorts Limited,Consumer Cyclical,Lodging,2331.0,Small-Cap,MonthlyDoubleBottom,Forming,1.0,42,Sep 42mo | Mid rally 115% | Asymmetry 0%,MonthlyDoubleBottom+MonthlyStage2,Sideways,False,False,Below-MAs,True,Stage2,3,Uptrend,Uptrend,360.0,126.81,58.83,306.0,6223.08,10203.98,16731.47,10203.98,2734.4,432.4,5.69,128.17,2.28,0.09,17.49,55.0,60.0,,0,none,18.4,13.2,3.4,30.0,5.29,80.69,6.59,12.89,9.78,40.14,250.43,63.97,71.05,818.6,0.15,highly inconsistent earnings,0.09,,1.26,,-64.46,-2.77,71.0,0.0,,0.41,0.09,4.08,0.06,512.65,281.35,29.8,28.0,-10.63,25.44,0.41,0.24,4,26.0,19.5,12.0,0.0,57.5,WATCH ⭐⭐,Expected ~432% CAGR (2yr) | Profit CAGR 64% | ROCE trend rising ↑ | Nearly debt-free | Promoter 71% holding | OPM 30%,Pattern still forming (not broken out),3-4 years,Medium-High,"yfinance, screener.in",100,288,,2026-07-18,2026-06-01,47,16.6,7,0.0
UNIONBANK,Union Bank of India,Financial Services,Banks - Regional,125580.0,Large-Cap,MonthlyDoubleBottom,Forming,1.0,33,Sep 33mo | Mid rally 152% | Asymmetry 0%,MonthlyCupHandle+MonthlyDoubleBottom,Sideways-Above-MA,True,False,Constructive,True,Stage2,12,Uptrend,Uptrend,172.47,166.52,65.95,146.6,758.84,677.05,1315.6,999.16,292.6,98.1,6.46,6.37,0.94,0.2,,304.0,18.56,193.88,16,buy,15.7,6.3,,-887.68,,39.67,1.25,0.19,9.58,9.03,7.78,31.67,46.67,,0.4,lumpy earner,,,,,,,74.76,0.0,,9.37,1.23,11.51,-0.4,205.49,124.64,16.1,38.4,39.08,87.34,0.51,0.89,1,17.0,22.5,11.0,7.0,57.5,WATCH ⭐⭐,Expected ~98% CAGR (2yr) | Profit CAGR 32% | Promoter 75% holding | FII buying +1.2% ↑ | Dividend growing 19%/yr | PEG 0.20 — deeply undervalued,Earnings due 2026-07-15 | Pattern still forming (not broken out),3-4 years,Medium-High,"yfinance, screener.in",80,287,2026-07-15,2026-07-18,2026-06-01,47,8.5,7,3.0
INNOVACAP,Innova Captab Limited,Healthcare,Drug Manufacturers - Specialty & Generic,5662.0,Small-Cap,MonthlyStage2,Stage Change,1.0,24,10-EMA=844 | 30-EMA=772 | Above by 30.5% | MA turning=Yes,MonthlyCupHandle+MonthlyDoubleBottom+MonthlyStage2,Uptrend,True,False,Tight-Above-MAs,True,Stage2,6,Uptrend,Uptrend,1008.0,772.33,655.96,856.8,1560.33,1989.74,2537.31,1989.74,97.4,40.5,40.17,22.03,5.19,1.46,25.73,40.0,,1078.5,2,strong_buy,13.7,15.0,-3.37,15.0,0.6,8.64,6.83,31.03,20.74,31.73,10.16,27.52,32.91,28.8,0.15,highly inconsistent earnings,0.32,,1.87,,-26.78,-0.47,50.9,0.0,,0.34,0.11,19.92,-0.22,1033.8,622.0,2.5,62.1,12.98,,0.43,-0.05,5,19.0,28.5,4.0,6.0,57.5,WATCH ⭐⭐,Expected ~40% CAGR (2yr) | Revenue CAGR 21% | Profit CAGR 28% | Promoter 51% holding | Piotroski F=5 (above average quality) | PEG 1.46 — fair value,None identified,3-4 years,Medium-High,"yfinance, screener.in",100,32,,2026-07-18,2026-06-01,47,15.4,7,8.0
ECLERX,eClerx Services Limited,Technology,Information Technology Services,14924.0,Mid-Cap,MonthlyDoubleBottom,Forming,0.785,10,Sep 10mo | Mid rally 81% | Asymmetry 3%,MonthlyDoubleBottom+MonthlyStage2,Sideways,False,True,Constructive,True,Downtrend,0,Uptrend,Uptrend,1621.7,1938.02,1056.37,1378.44,2651.0,2819.67,3386.26,2996.16,73.9,31.9,21.79,16.48,5.86,1.67,13.65,3.0,14.47,1806.4,10,buy,29.0,34.8,0.94,26.0,-1.03,17.15,16.0,22.31,15.85,21.36,30.5,13.02,20.06,24.4,0.4,lumpy earner,0.15,,3.4,,488.99,3.28,54.53,0.72,,11.82,0.43,23.95,-1.36,2497.5,1320.0,35.1,22.9,-22.25,74.22,0.7,0.41,6,35.0,15.42,7.0,0.0,57.4,WATCH ⭐⭐,Expected ~32% CAGR (2yr) | Revenue CAGR 16% | ROE 29% | ROCE 35% | ROCE trend rising ↑ | Low D/E 0.15,Margin compression ↓ | Pattern still forming (not broken out),3-4 years,Medium-High,"yfinance, screener.in",100,224,,2026-07-18,2026-06-01,47,4.4,7,3.0
AMRUTANJAN,Amrutanjan Health Care Limited,Healthcare,Drug Manufacturers - Specialty & Generic,1555.0,Small-Cap,MonthlyDoubleBottom,Breakout Ready,1.0,15,Sep 15mo | Mid rally 127% | Asymmetry 8%,,Downtrend,False,False,Below-MAs,False,Stage2,6,Uptrend,Uptrend,538.2,533.98,225.81,457.47,1257.01,1609.73,2061.42,1609.73,199.1,72.9,26.88,,4.2,0.96,20.26,104.0,-39.87,,0,none,20.0,31.4,3.43,18.0,0.97,11.53,8.3,12.03,10.55,11.87,40.0,28.06,16.0,6.7,0.15,highly inconsistent earnings,0.01,,2.31,,13.0,0.84,46.52,0.0,,2.17,-0.1,12.66,-0.34,790.95,486.0,32.0,10.7,-20.85,-36.37,2.18,0.37,7,31.0,18.0,8.0,0.0,57.0,WATCH ⭐⭐,Expected ~73% CAGR (2yr) | Profit CAGR 28% | ROCE 31% | ROCE trend rising ↑ | Nearly debt-free | Piotroski F=7 (high quality compounder),None identified,3-4 years,Medium-High,"yfinance, screener.in",100,201,,2026-07-18,2026-06-01,47,-3.4,7,-3.0
SANSERA,Sansera Engineering Limited,Consumer Cyclical,Auto Parts,20618.0,Mid-Cap,MonthlyDoubleBottom,Forming,0.794,13,Sep 13mo | Mid rally 88% | Asymmetry 8%,,Uptrend,True,False,Tight-Above-MAs,True,Stage2,3,Uptrend,Uptrend,3284.2,1751.11,896.77,2791.57,3366.18,3833.28,5710.75,4384.46,16.7,8.0,63.7,38.85,6.66,2.11,32.86,10.0,17.57,3006.5,10,buy,11.5,14.1,0.11,18.0,0.03,9.27,6.47,15.94,14.37,17.69,50.69,30.25,24.35,104.8,0.4,lumpy earner,0.19,,1.75,,-211.33,-1.02,29.21,-0.89,,21.52,2.73,31.04,-4.34,3339.0,1216.3,1.6,170.0,160.01,220.94,0.46,0.77,6,22.0,25.03,0.0,10.0,57.0,WATCH ⭐⭐,Expected ~8% CAGR (2yr) | Profit CAGR 30% | ROCE trend rising ↑ | Low D/E 0.19 | Piotroski F=6 (above average quality) | FII buying +2.7% ↑,High PE 64 | Pattern still forming (not broken out),3-4 years,Medium-High,"yfinance, screener.in",100,59,,2026-07-18,2026-06-01,47,37.0,7,-1.0
APTUS,Aptus Value Housing Finance India Limited,Financial Services,Mortgage Finance,14212.0,Mid-Cap,MonthlyDoubleBottom,Forming,0.867,45,Sep 45mo | Mid rally 95% | Asymmetry 9%,,Uptrend,True,False,Tight-Above-MAs,True,Stage2,12,Uptrend,Uptrend,283.8,389.74,191.24,241.23,501.8,588.24,763.01,618.77,107.3,44.0,15.06,10.94,2.8,0.65,,179.0,7.72,351.56,16,strong_buy,20.1,15.4,,78.61,,61.41,7.76,25.26,26.11,27.92,25.57,23.31,28.71,26.1,1.0,steady compounder (low CV),1.56,,183.59,,,,23.86,0.0,,30.34,-2.85,29.43,2.14,364.0,193.03,22.0,47.0,-8.29,-15.52,0.23,0.69,3,21.0,26.9,8.0,1.0,56.9,WATCH ⭐⭐,Expected ~44% CAGR (2yr) | Revenue CAGR 26% | Profit CAGR 23% | ROE 20% | OPM 79% | EPS: steady compounder (low CV),High D/E 1.6 | Pattern still forming (not broken out),3-4 years,Medium-High,"yfinance, screener.in",90,60,,2026-07-18,2026-06-01,47,11.5,7,9.0
KINGFA,Kingfa Science & Technology (India) Limited,Basic Materials,Specialty Chemicals,6974.0,Small-Cap,MonthlyDoubleBottom,Forming,0.482,10,Sep 10mo | Mid rally 51% | Asymmetry 3%,,Uptrend,True,False,Tight-Above-MAs,True,Stage2,1,Uptrend,Uptrend,5225.4,812.66,529.48,4441.59,3988.27,5033.2,6351.9,5033.2,,,35.71,,4.98,1.36,23.86,,100.0,,0,none,17.41,,,14.75,,9.28,10.61,23.2,,,26.2,,,41.2,0.5,insufficient history,0.01,,4.06,,-101.63,-1.46,67.02,0.0,,7.76,0.02,8.85,0.1,5699.4,3184.9,8.3,64.1,59.17,132.74,0.74,0.63,4,25.0,20.78,3.0,8.0,56.8,WATCH ⭐⭐,Revenue CAGR 23% | Profit CAGR 26% | Nearly debt-free | Promoter 67% holding | Dividend growing 100%/yr | PEG 1.36 — fair value,Pattern still forming (not broken out),3-4 years,Medium-High,"yfinance, screener.in",70,197,,2026-07-18,2026-06-01,47,0.0,7,11.0
NAVINFLUOR,Navin Fluorine International Limited,Basic Materials,Chemicals,39552.0,Large-Cap,MonthlyDoubleBottom,Forming,0.472,19,Sep 19mo | Mid rally 47% | Asymmetry 0%,,Uptrend,True,True,Tight-Above-MAs,True,Stage2,1,Uptrend,Uptrend,7075.5,4902.73,3318.97,6014.18,3124.65,6486.49,4573.29,3780.21,,,59.17,41.05,9.94,2.82,36.49,20.0,-16.93,7435.82,28,buy,20.3,21.4,-1.0,33.0,0.71,20.02,10.4,41.08,16.85,22.96,129.76,20.98,20.81,123.9,0.15,highly inconsistent earnings,0.32,,2.61,,56.74,0.14,27.1,-0.01,,23.78,0.04,27.61,-0.48,7810.0,4498.5,9.4,57.3,54.88,35.96,0.6,0.25,6,25.0,21.66,0.0,10.0,56.7,WATCH ⭐⭐,Revenue CAGR 17% | Profit CAGR 21% | ROE 20% | ROCE 21% | OPM 33% | Piotroski F=6 (above average quality),High PE 59 | Earnings due 2026-07-30 | Pattern still forming (not broken out),3-4 years,Medium-High,"yfinance, screener.in",100,228,2026-07-30,2026-07-18,2026-06-01,47,0.0,7,2.0
MWL,MANGALAM WORLDWIDE LTD,Basic Materials,Steel,1089.0,Small-Cap,MonthlyDoubleBottom,Forming,0.377,6,Sep 6mo | Mid rally 43% | Asymmetry 5%,,Uptrend,True,True,Tight-Above-MAs,True,Stage2,1,Uptrend,Uptrend,370.2,183.78,125.07,314.67,518.32,728.6,1024.19,728.6,96.8,40.3,21.69,,0.36,0.53,17.62,8.0,-41.52,,0,none,18.0,17.7,0.6,8.0,1.17,4.15,6.44,13.87,23.29,31.93,66.67,40.57,75.54,81.3,0.15,highly inconsistent earnings,1.62,,1.51,,-275.42,-25.3,66.5,0.0,,0.01,0.01,0.0,-0.36,41.95,16.41,-782.5,2156.6,135.11,166.75,0.9,0.55,6,20.0,19.52,9.0,8.0,56.5,WATCH ⭐⭐,Expected ~40% CAGR (2yr) | Revenue CAGR 23% | Profit CAGR 41% | ROCE trend rising ↑ | Promoter 66% holding | Piotroski F=6 (above average quality),High D/E 1.6 | Pattern still forming (not broken out),3-4 years,Medium-High,"yfinance, screener.in",100,47,,2026-07-18,2026-06-01,47,0.0,7,-2.0
BHARATFORG,Bharat Forge Limited,Consumer Cyclical,Auto Parts,101211.0,Large-Cap,MonthlyStage2,Stage Change,1.0,24,10-EMA=1791 | 30-EMA=1463 | Above by 44.7% | MA turning=Yes,MonthlyCupHandle+MonthlyDoubleBottom+MonthlyStage2,Uptrend,True,False,Tight-Above-MAs,True,Stage2,3,Uptrend,Uptrend,2117.0,1462.64,1008.31,1799.45,1431.37,1916.97,2379.73,1845.61,,,94.34,42.94,10.57,3.26,36.36,40.0,15.62,1861.91,22,hold,12.5,13.1,1.66,17.0,0.57,6.42,5.77,11.17,9.2,21.55,19.28,28.94,25.56,-17.5,0.15,highly inconsistent earnings,0.77,,1.17,,723.22,0.71,44.07,0.0,,14.15,1.75,32.62,-1.46,2238.0,1100.5,5.4,92.4,92.41,74.89,0.25,0.53,5,20.0,28.5,0.0,8.0,56.5,WATCH ⭐⭐,Profit CAGR 29% | ROCE trend rising ↑ | Piotroski F=5 (above average quality) | FII buying +1.8% ↑ | Dividend growing 16%/yr | MonthlyStage2 forming (24mo base),High PE 94 | Earnings due 2026-08-05,3-4 years,Medium-High,"yfinance, screener.in",100,367,2026-08-05,2026-07-18,2026-06-01,47,14.0,7,-1.0
JKIL,J. Kumar Infraprojects Limited,Industrials,Engineering & Construction,3789.0,Small-Cap,MonthlyDoubleBottom,Forming,1.0,30,Sep 30mo | Mid rally 260% | Asymmetry 2%,,Sideways,False,False,Below-MAs,True,Stage2,4,Uptrend,Uptrend,482.75,348.95,96.02,410.34,1719.84,1446.76,2165.08,1929.66,199.7,73.1,9.79,7.16,1.12,0.8,4.49,80.0,10.06,722.4,5,strong_buy,12.4,18.4,1.7,14.0,-0.37,6.75,6.61,0.53,10.84,30.57,-1.02,12.2,32.16,-4.0,0.15,highly inconsistent earnings,0.18,,1.62,,454.64,12.0,46.64,0.0,,11.68,-0.87,15.16,0.0,758.4,425.0,36.3,13.6,-24.98,41.06,0.34,0.24,6,22.0,19.5,15.0,0.0,56.5,WATCH ⭐⭐,Expected ~73% CAGR (2yr) | ROCE trend rising ↑ | Low D/E 0.18 | FCF yield 12.0% | Piotroski F=6 (above average quality) | Dividend growing 10%/yr,Pattern still forming (not broken out),3-4 years,Medium-High,"yfinance, screener.in",100,220,,2026-07-18,2026-06-01,47,0.0,7,0.0
PARAGMILK,Parag Milk Foods Limited,Consumer Defensive,Packaged Foods,2931.0,Small-Cap,MonthlyDoubleBottom,Forming,1.0,26,Sep 26mo | Mid rally 106% | Asymmetry 6%,MonthlyDoubleBottom+MonthlyStage2,Sideways,False,False,Below-MAs,True,Stage2,15,Uptrend,Uptrend,214.03,376.95,177.84,181.93,710.47,970.29,1325.13,970.29,353.3,112.9,21.92,14.57,2.3,0.6,11.23,43.0,30.0,275.0,2,strong_buy,12.3,13.5,5.6,7.0,2.46,3.54,6.94,11.25,9.69,15.69,13.45,36.57,7.51,23.0,0.4,lumpy earner,0.48,,1.71,,130.83,4.46,40.65,0.0,,8.77,-0.49,5.25,-0.91,376.95,177.84,43.2,20.3,4.54,23.76,0.34,0.5,6,26.0,19.5,10.0,1.0,56.5,WATCH ⭐⭐,Expected ~113% CAGR (2yr) | Profit CAGR 37% | ROCE trend rising ↑ | FCF yield 4.5% | Piotroski F=6 (above average quality) | Dividend growing 30%/yr,Pattern still forming (not broken out),3-4 years,Medium-High,"yfinance, screener.in",100,121,,2026-07-18,2026-06-01,47,0.0,7,0.0
EIHOTEL,EIH Limited,Consumer Cyclical,Lodging,20621.0,Mid-Cap,MonthlyDoubleBottom,Forming,1.0,24,Sep 24mo | Mid rally 191% | Asymmetry 3%,MonthlyDoubleBottom+MonthlyStage2,Sideways,False,False,Below-MAs,True,Stage2,3,Uptrend,Uptrend,329.75,187.68,63.63,280.29,607.65,765.21,963.63,765.21,132.1,52.3,32.78,22.52,3.92,1.26,19.44,45.0,45.0,365.0,1,strong_buy,14.5,20.7,7.03,35.0,18.91,21.37,8.89,7.18,13.35,42.86,-14.68,25.93,34.55,-6.1,0.2,multiple loss years in history,0.05,,2.69,,85.06,0.41,32.85,0.0,,6.62,0.46,13.88,-0.25,434.8,271.15,24.2,21.6,-16.46,8.38,0.24,-0.26,7,29.0,19.5,7.0,1.0,56.5,WATCH ⭐⭐,Expected ~52% CAGR (2yr) | Profit CAGR 26% | ROCE 21% | ROCE trend rising ↑ | Nearly debt-free | OPM 35%,Pattern still forming (not broken out),3-4 years,Medium-High,"yfinance, screener.in",100,367,,2026-07-18,2026-06-01,47,1.1,7,3.0
HAPPYFORGE,HAPPY FORGINGS LIMITED,Industrials,Metal Fabrication,14934.0,Mid-Cap,MonthlyStage2,Stage Change,1.0,24,10-EMA=1310 | 30-EMA=1139 | Above by 40.9% | MA turning=Yes,MonthlyDoubleBottom+MonthlyStage2,Uptrend,True,False,Tight-Above-MAs,True,Stage2,4,Uptrend,Uptrend,1604.6,1139.1,767.47,1363.91,1155.08,1510.73,1476.22,1305.81,,,49.51,31.43,7.02,3.79,31.51,26.0,-25.0,1487.29,7,buy,15.0,18.0,-1.5,30.0,0.63,19.51,9.86,9.72,8.9,21.45,13.11,13.05,28.56,23.4,0.4,lumpy earner,0.15,,2.35,,3.83,0.03,78.46,-0.02,,1.88,0.15,15.54,-0.94,1598.3,862.05,-0.4,86.1,78.9,,0.5,0.81,5,19.0,28.5,-1.0,10.0,56.5,WATCH ⭐⭐,Low D/E 0.15 | Promoter 78% holding | OPM 30% | Piotroski F=5 (above average quality) | MonthlyStage2 forming (24mo base) | Weekly uptrend,None identified,3-4 years,Medium-High,"yfinance, screener.in",100,32,,2026-07-18,2026-06-01,47,17.0,7,4.0
DATAMATICS,Datamatics Global Services Limited,Technology,Information Technology Services,5322.0,Small-Cap,MonthlyStage2,Stage Change,1.0,24,10-EMA=787 | 30-EMA=699 | Above by 28.9% | MA turning=Yes,MonthlyDoubleBottom+MonthlyStage2,Uptrend,True,False,Uptrend,True,Downtrend,0,Uptrend,Uptrend,900.45,698.57,569.21,765.38,865.9,881.23,896.82,881.23,,,27.39,18.38,3.45,15.48,13.38,58.0,58.74,920.0,1,none,16.4,20.8,0.31,19.0,0.71,9.77,8.15,15.32,10.84,11.58,-5.34,1.77,18.35,-1.4,0.15,highly inconsistent earnings,0.14,,1.99,,409.59,7.7,66.33,0.0,,0.48,-0.05,0.11,-0.02,1120.0,632.0,19.6,42.5,-9.49,37.84,0.53,0.0,6,26.0,25.5,4.0,1.0,56.5,WATCH ⭐⭐,ROCE 21% | ROCE trend rising ↑ | Low D/E 0.14 | Promoter 66% holding | FCF yield 7.7% | Piotroski F=6 (above average quality),None identified,3-4 years,Medium-High,"yfinance, screener.in",100,267,,2026-07-18,2026-06-01,47,21.7,7,5.6
VSSL,Vardhman Special Steels Limited,Basic Materials,Steel,2672.0,Small-Cap,MonthlyStage2,Stage Change,1.0,24,10-EMA=270 | 30-EMA=250 | Above by 18.4% | MA turning=Yes,MonthlyDoubleBottom+MonthlyStage2,Uptrend,True,False,Uptrend,True,Stage2,1,Uptrend,Uptrend,295.6,249.65,197.72,251.26,442.3,644.88,940.23,644.88,118.2,47.7,21.05,12.39,2.19,0.46,12.2,111.0,19.68,,0,none,12.1,16.5,,8.0,-1.0,6.96,7.94,6.2,,,1.09,,,72.2,0.5,insufficient history,0.07,,2.9,,-167.91,-6.28,51.06,0.0,,0.55,0.0,3.27,-0.07,324.0,206.4,8.8,43.2,18.87,13.89,0.11,0.42,3,18.0,26.5,8.0,4.0,56.5,WATCH ⭐⭐,Expected ~48% CAGR (2yr) | Profit CAGR 46% | Nearly debt-free | Promoter 51% holding | Margin compressing ↓ ⚠️ | Dividend growing 20%/yr,Margin compression ↓,3-4 years,Medium-High,"yfinance, screener.in",80,171,,2026-07-18,2026-06-01,47,5.7,7,5.7
AARVI,Aarvi Encon Limited,Industrials,Staffing & Employment Services,230.0,Micro-Cap,MonthlyStage2,Stage Change,1.0,24,10-EMA=134 | 30-EMA=126 | Above by 23.3% | MA turning=Yes,MonthlyDoubleBottom+MonthlyStage2,Uptrend,True,True,Tight-Above-MAs,True,Stage2,4,Uptrend,Uptrend,155.24,125.95,100.16,131.95,352.21,374.29,397.76,374.29,141.1,55.3,13.18,,1.62,2.1,10.54,136.0,10.06,,0,none,13.4,14.4,-0.29,3.0,-0.49,2.71,5.81,27.45,14.15,26.33,80.0,6.27,12.47,55.7,0.15,highly inconsistent earnings,0.19,,2.04,,9.65,4.2,73.53,0.0,,,-0.01,,,168.4,96.99,7.8,60.1,23.76,-0.49,0.78,-0.11,5,18.0,28.5,4.0,6.0,56.5,WATCH ⭐⭐,Expected ~55% CAGR (2yr) | Low D/E 0.19 | Promoter 74% holding | FCF yield 4.2% | Piotroski F=5 (above average quality) | Dividend growing 10%/yr,None identified,3-4 years,Medium-High,"yfinance, screener.in",100,106,,2026-07-18,2026-06-15,33,4.7,5,-2.0
BAJAJHLDNG,Bajaj Holdings & Investment Limited,Financial Services,Asset Management,118572.0,Large-Cap,MonthlyCupHandle,Forming,0.74,12,Cup 12mo | Depth 26% | Prior gain 28% | R²=0.99,MonthlyCupHandle+MonthlyDoubleBottom+MonthlyStage2,Sideways,False,False,Below-MAs,False,Stage2,12,Uptrend,Uptrend,10654.0,14628.72,10768.33,10229.91,23489.49,29491.06,37026.02,29491.06,176.8,66.4,12.3,,1.62,0.48,136.66,150.0,1.86,,0,none,11.9,11.0,0.31,86.0,1.83,857.48,0.73,51.69,29.02,19.66,47.74,25.55,21.79,49.2,0.15,highly inconsistent earnings,0.0,,2.65,,1612.17,1.36,51.46,0.0,,9.62,-0.64,8.08,0.77,14763.0,8588.0,27.8,24.1,-15.26,21.97,0.32,0.13,7,34.0,15.38,7.0,0.0,56.4,WATCH ⭐⭐,Expected ~66% CAGR (2yr) | Revenue CAGR 29% | Profit CAGR 26% | ROCE trend rising ↑ | Nearly debt-free | Promoter 51% holding,Earnings due 2026-07-31 | Pattern still forming (not broken out),3-4 years,Medium-High,"yfinance, screener.in",100,288,2026-07-31,2026-07-18,2026-06-01,47,3.3,7,1.2
TARIL,TRANS & RECTI. LTD,Industrials,Electrical Equipment & Parts,10348.0,Mid-Cap,MonthlyStage2,Stage Change,0.157,24,10-EMA=340 | 30-EMA=329 | Above by 2.4% | MA turning=Yes,,Uptrend,True,False,Constructive,True,Stage2,4,Uptrend,Uptrend,337.2,329.43,236.15,286.62,576.93,782.43,2004.53,1075.39,132.0,52.3,39.22,27.8,6.68,0.45,26.93,6.0,38.67,343.0,3,hold,19.1,23.3,3.54,15.0,1.74,10.54,9.1,24.39,21.58,27.59,25.93,86.4,102.44,-5.2,0.15,highly inconsistent earnings,0.3,,1.81,,-265.13,-2.56,64.36,0.0,,8.33,1.32,1.77,-2.41,578.5,224.05,41.7,50.5,-30.31,458.67,0.42,-0.33,5,32.0,15.38,9.0,0.0,56.4,WATCH ⭐⭐,Expected ~52% CAGR (2yr) | Revenue CAGR 22% | Profit CAGR 86% | ROCE 23% | ROCE trend rising ↑ | Low D/E 0.30,None identified,3-4 years,Medium-High,"yfinance, screener.in",100,158,,2026-07-18,2026-06-01,47,13.4,7,8.4
CAMS,Computer Age Management Services Limited,Technology,Information Technology Services,19621.0,Mid-Cap,MonthlyStage2,Stage Change,0.736,24,10-EMA=752 | 30-EMA=712 | Above by 11.0% | MA turning=Yes,MonthlyCupHandle+MonthlyDoubleBottom+MonthlyStage2,Sideways-Above-MA,True,False,Constructive,False,Downtrend,0,Uptrend,Uptrend,790.5,711.9,615.56,671.92,760.46,895.22,1064.43,899.7,13.2,6.4,41.32,30.44,14.84,2.26,29.73,161.0,-2.53,888.5,20,buy,36.3,47.0,0.6,45.0,0.37,31.39,21.46,6.61,15.97,16.51,1.51,18.31,18.15,10.9,0.15,highly inconsistent earnings,0.05,,3.43,,384.74,1.96,0.0,0.0,,44.44,-0.21,22.06,0.06,857.8,611.4,7.8,29.3,8.82,49.06,0.33,0.13,7,34.0,18.33,1.0,3.0,56.3,WATCH ⭐⭐,Expected ~6% CAGR (2yr) | Revenue CAGR 16% | ROE 36% | ROCE 47% | ROCE trend rising ↑ | Nearly debt-free,Earnings due 2026-07-30,3-4 years,Medium-High,"yfinance, screener.in",100,70,2026-07-30,2026-07-18,2026-06-01,47,1.4,7,-2.3
TRENT,Trent Limited,Consumer Cyclical,Apparel Retail,154787.0,Large-Cap,MonthlyDoubleBottom,Forming,0.852,10,Sep 10mo | Mid rally 92% | Asymmetry 7%,,Downtrend,False,False,Below-MAs,False,Stage2,3,Uptrend,Uptrend,2872.2,8337.78,4192.37,3982.75,3126.89,12483.19,8355.81,5111.52,334.6,108.5,90.09,58.14,22.16,1.42,56.6,14.0,39.71,3296.73,25,buy,27.7,28.3,6.26,19.0,2.46,8.57,13.71,17.15,34.54,50.58,12.19,63.47,74.62,25.8,0.15,highly inconsistent earnings,0.36,,1.26,,997.66,0.64,37.01,0.0,,15.59,-0.03,22.19,0.82,5674.0,2183.67,49.4,31.5,-44.89,14.7,0.81,0.33,6,39.0,13.22,4.0,0.0,56.2,WATCH ⭐⭐,Expected ~108% CAGR (2yr) | Revenue CAGR 35% | Profit CAGR 63% | ROE 28% | ROCE 28% | ROCE trend rising ↑,High PE 90 | Earnings due 2026-04-22 | Pattern still forming (not broken out),3-4 years,Medium-High,"yfinance, screener.in",100,289,2026-04-22,2026-07-18,2026-06-01,47,-29.4,7,-4.0
SRM,SRM CONTRACTORS LIMITED,Industrials,Engineering & Construction,1149.0,Small-Cap,None,,0.0,0,,,Downtrend,False,False,Below-MAs,False,Stage2,4,Uptrend,Uptrend,492.0,,,418.2,3084.48,5555.15,10004.83,5555.15,1029.1,236.0,10.34,,3.1,0.13,6.78,0.0,,,0,none,34.3,37.1,-0.2,16.0,1.17,10.82,13.52,94.32,50.66,45.01,101.82,80.1,69.22,126.5,0.4,lumpy earner,0.33,,1.59,,-70.78,-6.16,72.59,0.0,,0.43,0.38,1.11,-0.15,649.95,361.35,24.3,36.2,7.23,,,0.52,5,38.0,3.0,13.0,2.0,56.0,WATCH ⭐⭐,Expected ~236% CAGR (2yr) | Revenue CAGR 51% | Profit CAGR 80% | ROE 34% | ROCE 37% | Promoter 73% holding,None identified,3-4 years,Medium-High,"yfinance, screener.in",100,28,,2026-07-18,2026-06-01,47,1.3,7,-5.0
KRISHANA,Krishana Phoschem Limited,Basic Materials,Agricultural Inputs,4334.0,Small-Cap,None,,0.0,0,,,Uptrend,True,False,Tight-Above-MAs,True,Stage2,1,Uptrend,Uptrend,681.7,,,579.45,1549.74,3922.4,9927.59,3922.4,475.4,139.9,24.05,,7.73,0.16,16.04,7.0,25.99,,0,none,38.15,,,12.84,,7.45,13.08,59.8,,,153.1,,,152.8,0.5,insufficient history,1.31,,1.36,,-370.84,-8.56,72.94,0.68,,0.26,0.06,,,152.3,86.2,-347.6,690.8,44.43,185.63,,0.03,2,26.0,15.0,7.0,8.0,56.0,WATCH ⭐⭐,Expected ~140% CAGR (2yr) | Revenue CAGR 60% | Profit CAGR 153% | ROE 38% | Promoter 73% holding | Dividend growing 26%/yr,High D/E 1.3,3-4 years,Medium-High,"yfinance, screener.in",70,112,,2026-07-18,2026-06-01,47,0.0,7,0.0
FIVESTAR,Five-Star Business Finance Limited,Financial Services,Credit Services,16129.0,Mid-Cap,MonthlyDoubleBottom,Forming,0.876,30,Sep 30mo | Mid rally 89% | Asymmetry 1%,,Sideways-Above-MA,True,False,Constructive,True,Stage2,12,Uptrend,Uptrend,546.4,940.49,494.39,469.67,1801.42,2674.29,9025.09,4032.12,389.4,121.2,14.66,11.04,2.19,0.12,,37.0,,637.56,9,strong_buy,16.0,17.0,,60.44,,48.5,7.27,103.48,104.25,,196.23,123.83,,-3.5,0.4,lumpy earner,1.12,,5.57,,,,18.61,0.05,,48.48,-4.47,17.58,2.84,794.45,338.15,31.2,61.6,1.5,-54.11,0.29,0.63,3,24.0,21.01,10.0,1.0,56.0,WATCH ⭐⭐,Expected ~121% CAGR (2yr) | Revenue CAGR 104% | Profit CAGR 124% | OPM 60% | DII buying +2.8% ↑ | PEG 0.12 — deeply undervalued,High D/E 1.1 | Pattern still forming (not broken out),3-4 years,Medium-High,"yfinance, screener.in",90,45,,2026-07-18,2026-06-01,47,20.5,7,3.0
TORNTPHARM,Torrent Pharmaceuticals Limited,Healthcare,Drug Manufacturers - Specialty & Generic,165889.0,Large-Cap,MonthlyDoubleBottom,Forming,0.528,15,Sep 15mo | Mid rally 53% | Asymmetry 1%,,Uptrend,True,True,Uptrend,True,Stage2,6,Uptrend,Uptrend,4951.2,786.41,511.58,4208.52,3458.89,4450.17,4960.08,4142.03,,,76.92,52.17,19.78,3.89,41.76,78.0,19.98,4912.38,29,buy,27.4,15.2,0.49,33.0,0.57,15.47,7.25,21.4,13.27,11.8,11.88,19.75,11.3,-21.9,0.15,highly inconsistent earnings,0.85,,1.13,,2601.22,1.57,68.31,0.0,,16.18,0.05,8.96,-0.09,4948.0,3314.2,-0.1,49.4,40.94,150.33,0.57,0.14,6,27.0,19.84,-1.0,10.0,55.8,WATCH ⭐⭐,ROE 27% | ROCE trend rising ↑ | Promoter 68% holding | OPM 33% | Piotroski F=6 (above average quality) | Dividend growing 20%/yr,High PE 77 | Earnings due 2026-07-27 | Pattern still forming (not broken out),3-4 years,Medium-High,"yfinance, screener.in",100,289,2026-07-27,2026-07-18,2026-06-01,47,11.0,7,-3.4
PERSISTENT,Persistent Systems Limited,Technology,Information Technology Services,78958.0,Large-Cap,MonthlyDoubleBottom,Forming,0.563,8,Sep 8mo | Mid rally 66% | Asymmetry 10%,MonthlyDoubleBottom+MonthlyStage2,Sideways,False,False,Below-MAs,True,Downtrend,0,Uptrend,Uptrend,5066.3,347.71,199.89,4306.36,5060.99,5884.98,8100.0,6402.65,16.2,7.8,42.55,28.94,10.09,1.61,29.63,87.0,-4.17,5108.47,34,hold,27.3,34.4,2.17,19.0,0.4,12.65,14.87,23.53,20.87,28.63,33.21,26.51,32.83,33.7,0.75,consistent growth,0.06,,2.43,,1351.13,1.71,30.29,0.0,,22.11,-0.68,30.47,0.67,6599.0,4244.5,23.2,19.4,-7.9,83.6,0.63,0.12,7,40.0,11.76,3.0,1.0,55.8,WATCH ⭐⭐,Expected ~8% CAGR (2yr) | Revenue CAGR 21% | Profit CAGR 27% | ROE 27% | ROCE 34% | ROCE trend rising ↑,Earnings due 2026-07-21 | Pattern still forming (not broken out),3-4 years,Medium-High,"yfinance, screener.in",100,194,2026-07-21,2026-07-18,2026-06-01,47,0.0,7,0.0
CCL,CCL Products (India) Limited,Consumer Defensive,Packaged Foods,16186.0,Mid-Cap,MonthlyDoubleBottom,Forming,0.645,9,Sep 9mo | Mid rally 66% | Asymmetry 1%,,Uptrend,True,False,Tight-Above-MAs,True,Stage2,15,Uptrend,Uptrend,1214.0,226.87,136.34,1031.9,1308.87,1383.32,1611.5,1452.32,13.9,6.7,41.66,25.81,6.9,3.8,23.3,64.0,-20.63,1279.82,11,buy,18.0,15.8,-0.51,16.0,-1.63,8.69,8.6,43.5,29.11,29.12,25.16,10.96,16.35,12.4,0.15,highly inconsistent earnings,0.56,,1.49,,562.47,3.48,46.11,0.0,,11.24,0.23,21.43,-0.1,1236.2,815.5,1.8,48.9,41.39,78.47,0.27,-0.07,4,19.0,22.74,4.0,10.0,55.7,WATCH ⭐⭐,Expected ~7% CAGR (2yr) | Revenue CAGR 29% | Margin compressing ↓ ⚠️ | FCF yield 3.5% | EV/EBITDA 23× vs sector 30× | MonthlyDoubleBottom forming (9mo base),Margin compression ↓ | Pattern still forming (not broken out),3-4 years,Medium-High,"yfinance, screener.in",100,266,,2026-07-18,2026-06-01,47,11.4,7,7.0
GLAXO,GlaxoSmithKline Pharmaceuticals Limited,Healthcare,Drug Manufacturers - General,41305.0,Large-Cap,MonthlyDoubleBottom,Forming,0.802,23,Sep 23mo | Mid rally 82% | Asymmetry 2%,MonthlyDoubleBottom+MonthlyStage2,Sideways-Above-MA,True,False,Constructive,True,Stage2,6,Uptrend,Uptrend,2438.2,1511.0,822.17,2072.47,3256.14,3517.47,4629.64,3882.62,44.3,20.1,39.84,31.55,18.22,2.07,30.0,234.0,21.22,2969.75,4,buy,45.6,61.4,5.94,34.0,2.71,27.11,18.5,1.95,5.53,5.49,11.64,19.24,23.68,5.7,0.15,highly inconsistent earnings,0.01,,2.03,,729.34,1.77,75.0,0.0,,4.79,0.17,7.81,0.13,3254.9,2088.1,25.1,16.8,-11.55,50.02,0.3,0.04,6,34.0,19.62,2.0,0.0,55.6,WATCH ⭐⭐,Expected ~20% CAGR (2yr) | ROE 46% | ROCE 61% | ROCE trend rising ↑ | Nearly debt-free | Promoter 75% holding,Pattern still forming (not broken out),3-4 years,Medium-High,"yfinance, screener.in",100,289,,2026-07-18,2026-06-01,47,2.0,7,4.0
MACPOWER,Macpower CNC Machines Limited,Industrials,Specialty Industrial Machinery,1372.0,Small-Cap,MonthlyStage2,Stage Change,1.0,24,10-EMA=990 | 30-EMA=921 | Above by 22.7% | MA turning=Yes,MonthlyDoubleBottom+MonthlyStage2,Uptrend,True,False,Tight-Above-MAs,True,Stage2,4,Uptrend,Uptrend,1130.1,920.81,744.29,960.58,1101.75,1292.36,1515.93,1292.36,14.4,6.9,40.49,,7.83,2.34,25.35,11.0,14.47,,0,none,21.3,,,14.22,,10.17,12.02,24.8,,,17.3,,,17.2,0.5,insufficient history,0.0,,2.34,,-4.37,-0.32,73.22,0.05,,0.57,-0.54,0.39,-0.13,1470.0,761.0,23.1,48.5,19.48,237.78,0.92,-0.42,4,23.0,28.5,0.0,4.0,55.5,WATCH ⭐⭐,Expected ~7% CAGR (2yr) | Revenue CAGR 25% | ROE 21% | Nearly debt-free | Promoter 73% holding | Dividend growing 14%/yr,None identified,3-4 years,Medium-High,"yfinance, screener.in",70,99,,2026-07-18,2026-06-01,47,0.0,7,-13.0
MEDICO,Medico Remedies Limited,Healthcare,Drug Manufacturers - Specialty & Generic,330.0,Micro-Cap,MonthlyDoubleBottom,Forming,1.0,14,Sep 14mo | Mid rally 122% | Asymmetry 7%,,Sideways,False,False,Below-MAs,True,Stage2,6,Uptrend,Uptrend,44.93,79.83,34.8,38.19,128.11,174.87,238.7,174.87,289.2,97.3,25.13,,4.34,0.69,20.14,,,,0,none,19.02,,,11.18,,6.35,6.38,37.5,,,36.5,,,34.9,0.5,insufficient history,0.25,,1.66,,-8.76,-2.66,61.38,0.0,,0.03,-0.46,0.0,0.0,56.88,30.22,21.0,48.7,15.75,-64.14,0.34,0.6,4,27.0,18.5,8.0,2.0,55.5,WATCH ⭐⭐,Expected ~97% CAGR (2yr) | Revenue CAGR 38% | Profit CAGR 36% | Low D/E 0.25 | Promoter 61% holding | PEG 0.69 — undervalued,Pattern still forming (not broken out),3-4 years,Medium-High,"yfinance, screener.in",70,49,,2026-07-18,2026-06-01,47,0.0,7,-1.0
KRISHIVAL,KRISHIVAL FOODS LIMITED,Consumer Defensive,Packaged Foods,1014.0,Small-Cap,MonthlyStage2,Stage Change,1.0,24,10-EMA=357 | 30-EMA=321 | Above by 18.5% | MA turning=Yes,MonthlyDoubleBottom+MonthlyStage2,Sideways,False,False,Below-MAs,True,Stage2,15,Uptrend,Uptrend,379.85,320.55,214.73,322.87,751.97,1101.48,1613.45,1101.48,190.0,70.3,43.09,,4.61,0.93,23.13,6.0,68.69,,0,none,13.1,16.2,1.43,9.0,-0.6,7.34,9.36,45.05,61.16,59.93,57.14,46.48,85.56,3.5,0.4,lumpy earner,0.18,,5.19,,-54.9,-5.42,37.23,0.02,,0.54,-0.36,1.33,1.33,508.0,282.3,25.2,34.6,4.63,5.08,0.23,-0.91,4,25.0,19.5,9.0,2.0,55.5,WATCH ⭐⭐,Expected ~70% CAGR (2yr) | Revenue CAGR 61% | Profit CAGR 46% | ROCE trend rising ↑ | Low D/E 0.18 | Margin compressing ↓ ⚠️,Margin compression ↓,3-4 years,Medium-High,"yfinance, screener.in",100,50,,2026-07-18,2026-06-01,47,0.0,7,0.0
ZENSARTECH,Zensar Technologies Limited,Technology,Information Technology Services,11525.0,Mid-Cap,MonthlyDoubleBottom,Forming,1.0,46,Sep 46mo | Mid rally 195% | Asymmetry 7%,,Sideways,False,False,Below-MAs,True,Downtrend,0,Uptrend,Uptrend,518.6,548.62,179.94,440.81,1538.85,1460.69,2729.85,2049.59,181.7,67.8,15.08,13.16,2.44,0.45,16.42,295.0,-21.7,577.33,12,buy,18.1,23.5,0.71,16.0,-0.09,7.27,,7.69,5.46,8.51,19.23,33.19,20.35,19.4,0.15,highly inconsistent earnings,0.02,,,,,,49.01,0.0,,10.51,-1.29,23.66,0.54,868.95,423.0,40.3,22.6,-31.35,-24.16,15.37,,1,25.0,18.5,12.0,0.0,55.5,WATCH ⭐⭐,Expected ~68% CAGR (2yr) | Profit CAGR 33% | ROCE 24% | ROCE trend rising ↑ | Nearly debt-free | DII buying +0.5% ↑,Pattern still forming (not broken out),3-4 years,Medium-High,"yfinance, screener.in",80,289,,2026-07-18,2026-06-01,47,5.0,7,2.0
SIEMENS,Siemens Limited,Industrials,Specialty Industrial Machinery,124518.0,Large-Cap,MonthlyDoubleBottom,Forming,1.0,26,Sep 26mo | Mid rally 210% | Asymmetry 0%,MonthlyCupHandle+MonthlyDoubleBottom+MonthlyStage2,Sideways-Above-MA,True,False,Constructive,False,Stage2,4,Uptrend,Uptrend,3546.1,526.5,169.39,3014.18,2085.39,3033.5,3068.39,2529.58,,,73.53,50.59,8.99,3.45,49.72,39.0,14.47,3789.38,26,hold,16.3,21.2,2.43,11.0,0.43,9.21,,11.72,15.47,20.09,1.32,21.3,29.06,-36.4,0.4,lumpy earner,0.02,,2.57,,,,75.0,0.0,,6.8,-0.05,8.59,0.24,3937.3,2826.0,9.9,25.5,16.65,29.46,0.32,,4,29.0,22.5,0.0,4.0,55.5,WATCH ⭐⭐,Revenue CAGR 15% | Profit CAGR 21% | ROCE 21% | ROCE trend rising ↑ | Nearly debt-free | Promoter 75% holding,High PE 74 | Earnings due 2026-08-06 | Pattern still forming (not broken out),3-4 years,Medium-High,"yfinance, screener.in",80,331,2026-08-06,2026-07-18,2026-06-01,47,-0.1,7,4.0
TIMETECHNO,Time Technoplast Limited,Consumer Cyclical,Packaging & Containers,9100.0,Mid-Cap,MonthlyDoubleBottom,Forming,1.0,27,Sep 27mo | Mid rally 198% | Asymmetry 4%,MonthlyDoubleBottom+MonthlyStage2,Sideways-Above-MA,True,True,Constructive,True,Stage2,3,Uptrend,Uptrend,188.23,107.47,35.27,160.0,647.27,832.72,1071.29,832.72,342.4,110.3,18.45,13.17,2.23,0.64,10.36,68.0,35.72,280.0,1,none,13.4,16.7,1.66,15.0,0.31,7.67,8.94,11.87,12.49,15.23,21.07,28.65,35.1,20.4,0.4,lumpy earner,0.18,,3.63,,-487.52,-5.36,47.57,0.06,,10.88,-0.78,17.37,0.67,249.15,154.0,24.5,22.2,-16.25,132.41,0.63,0.3,6,23.0,22.5,10.0,0.0,55.5,WATCH ⭐⭐,Expected ~110% CAGR (2yr) | Profit CAGR 29% | ROCE trend rising ↑ | Low D/E 0.18 | Piotroski F=6 (above average quality) | DII buying +0.7% ↑,Pattern still forming (not broken out),3-4 years,Medium-High,"yfinance, screener.in",100,230,,2026-07-18,2026-06-01,47,9.0,7,6.0
SPAL,S.P. Apparels Limited,Consumer Cyclical,Apparel Manufacturing,2915.0,Small-Cap,MonthlyStage2,Stage Change,1.0,24,10-EMA=882 | 30-EMA=761 | Above by 52.4% | MA turning=Yes,MonthlyCupHandle+MonthlyDoubleBottom+MonthlyStage2,Uptrend,True,True,Tight-Above-MAs,True,Stage2,3,Uptrend,Uptrend,1159.7,760.96,674.15,985.75,1644.31,1755.46,1874.13,1755.46,51.4,23.0,28.9,16.37,3.08,4.27,14.93,17.0,60.0,1105.5,2,strong_buy,11.2,14.0,0.34,13.0,-0.83,6.39,6.97,13.19,13.46,19.35,6.32,6.76,18.62,-38.8,0.15,highly inconsistent earnings,0.45,,1.32,,74.78,2.56,61.81,-0.12,,1.48,-0.35,16.57,-2.15,1221.9,600.0,5.1,93.3,60.93,84.35,0.85,-0.14,5,15.0,28.5,4.0,8.0,55.5,WATCH ⭐⭐,Expected ~23% CAGR (2yr) | ROCE trend rising ↑ | Promoter 62% holding | Margin compressing ↓ ⚠️ | Piotroski F=5 (above average quality) | Dividend growing 60%/yr,Margin compression ↓,3-4 years,Medium-High,"yfinance, screener.in",100,120,,2026-07-18,2026-06-01,47,48.0,7,7.4
JAGSNPHARM,Jagsonpal Pharmaceuticals Limited,Healthcare,Drug Manufacturers - Specialty & Generic,1532.0,Small-Cap,MonthlyStage2,Stage Change,1.0,24,10-EMA=212 | 30-EMA=196 | Above by 16.2% | MA turning=Yes,MonthlyCupHandle+MonthlyDoubleBottom+MonthlyStage2,Uptrend,True,False,Tight-Above-MAs,True,Stage2,6,Uptrend,Uptrend,228.19,196.33,160.87,193.96,359.16,444.64,550.47,444.64,94.9,39.6,36.89,,5.91,1.55,26.41,108.0,75.0,,0,none,16.7,,,13.77,,15.0,10.22,9.6,,,23.8,,,33.1,0.5,insufficient history,0.03,,5.06,,39.77,2.6,69.36,1.47,,2.46,0.02,0.31,0.09,301.65,155.0,24.4,47.2,-0.53,7.87,0.39,-0.35,4,24.0,28.5,2.0,1.0,55.5,WATCH ⭐⭐,Expected ~40% CAGR (2yr) | Profit CAGR 24% | Nearly debt-free | Promoter 69% holding | Promoters buying ↑ | Dividend growing 75%/yr,None identified,3-4 years,Medium-High,"yfinance, screener.in",70,289,,2026-07-18,2026-06-01,47,15.7,7,10.3
TITAN,Titan Company Limited,Consumer Cyclical,Luxury Goods,406657.0,Large-Cap,MonthlyDoubleBottom,Forming,0.906,17,Sep 17mo | Mid rally 92% | Asymmetry 1%,,Uptrend,True,False,Tight-Above-MAs,True,Stage2,3,Uptrend,Uptrend,4585.5,1363.41,707.14,3897.67,2843.12,3994.61,3807.26,3290.06,,,79.99,53.74,25.92,5.09,55.0,33.0,14.47,5051.43,37,buy,37.7,20.5,0.91,10.0,-0.03,5.79,9.32,44.87,29.24,32.26,52.02,15.72,39.1,35.2,0.15,highly inconsistent earnings,1.95,,1.28,,-6802.38,-1.67,52.9,0.0,,15.65,0.1,14.84,0.01,4679.8,3303.1,2.0,38.8,27.26,22.91,0.5,0.22,4,21.0,26.37,0.0,8.0,55.4,WATCH ⭐⭐,Revenue CAGR 29% | ROE 38% | ROCE 20% | ROCE trend rising ↑ | Promoter 53% holding | Dividend growing 14%/yr,High D/E 1.9 | High PE 80 | Earnings due 2026-08-06 | Pattern still forming (not broken out),3-4 years,Medium-High,"yfinance, screener.in",100,367,2026-08-06,2026-07-18,2026-06-01,47,11.8,7,4.0
MAZDOCK,Mazagon Dock Shipbuilders Limited,Industrials,Aerospace & Defense,97622.0,Large-Cap,MonthlyDoubleBottom,Forming,0.814,13,Sep 13mo | Mid rally 89% | Asymmetry 8%,MonthlyCupHandle+MonthlyDoubleBottom+MonthlyStage2,Downtrend,False,False,Below-MAs,False,Stage2,4,Uptrend,Uptrend,2422.8,3751.65,1904.04,2059.38,3052.48,5599.26,5324.28,4031.4,131.1,52.0,37.74,29.7,10.01,1.18,37.61,81.0,-12.25,2751.18,11,buy,29.2,36.0,4.06,17.0,2.57,19.86,4.83,13.77,18.44,26.29,6.79,32.07,38.06,108.8,0.4,lumpy earner,0.04,,1.4,,-3999.91,-4.1,81.22,0.0,,1.73,-0.07,5.09,-0.28,3149.5,2057.4,23.1,17.8,-17.14,276.68,0.42,0.56,4,37.0,13.27,4.0,1.0,55.3,WATCH ⭐⭐,Expected ~52% CAGR (2yr) | Revenue CAGR 18% | Profit CAGR 32% | ROE 29% | ROCE 36% | ROCE trend rising ↑,Pattern still forming (not broken out),3-4 years,Medium-High,"yfinance, screener.in",100,68,,2026-07-18,2026-06-01,47,0.0,7,0.0
TDPOWERSYS,TD Power Systems Limited,Industrials,Specialty Industrial Machinery,17969.0,Mid-Cap,None,,0.0,0,,,Sideways-Above-MA,True,False,Constructive,False,Stage2,4,Uptrend,Uptrend,1158.6,,,984.81,749.34,1012.06,1366.89,1012.06,,,75.18,40.72,16.77,2.14,53.96,17.0,33.08,1417.0,2,none,24.7,33.4,4.29,18.0,1.43,12.86,11.83,45.11,28.63,25.59,36.57,35.06,39.65,36.2,1.0,steady compounder (low CV),0.02,,1.95,,19.94,0.11,26.87,0.0,,26.18,-0.51,23.88,1.64,1379.6,453.1,16.0,155.7,132.05,315.53,,0.52,7,40.0,9.0,-1.0,7.0,55.0,WATCH ⭐⭐,Revenue CAGR 29% | Profit CAGR 35% | ROE 25% | ROCE 33% | ROCE trend rising ↑ | Nearly debt-free,High PE 75,3-4 years,Medium-High,"yfinance, screener.in",100,179,,2026-07-18,2026-06-01,47,-7.8,7,-9.0
ESCORTS,Escorts Kubota Limited,Industrials,Farm & Heavy Construction Machinery,32368.0,Large-Cap,MonthlyDoubleBottom,Forming,0.875,14,Sep 14mo | Mid rally 88% | Asymmetry 0%,,Sideways,False,False,Below-MAs,True,Stage2,4,Uptrend,Uptrend,2941.8,976.3,520.15,2500.53,6948.46,7840.56,16797.24,10803.47,166.5,63.3,23.7,20.75,2.66,0.43,18.27,112.0,93.86,3396.19,16,hold,18.7,13.9,-2.34,13.0,-0.51,20.75,5.39,12.65,11.04,10.47,89.25,55.48,22.38,0.7,0.15,highly inconsistent earnings,0.01,,3.25,,1203.44,3.72,68.04,0.0,,5.71,0.46,11.66,-0.54,4180.0,2700.0,29.6,9.0,-16.23,-30.91,0.31,0.32,5,26.0,17.0,12.0,0.0,55.0,WATCH ⭐⭐,Expected ~63% CAGR (2yr) | Profit CAGR 55% | Nearly debt-free | Promoter 68% holding | Margin compressing ↓ ⚠️ | FCF yield 3.7%,Margin compression ↓ | Earnings due 2026-08-03 | Pattern still forming (not broken out),3-4 years,Medium-High,"yfinance, screener.in",100,367,2026-08-03,2026-07-18,2026-06-01,47,1.8,7,4.0
CANTABIL,Cantabil Retail India Limited,Consumer Cyclical,Apparel Manufacturing,2101.0,Small-Cap,MonthlyDoubleBottom,Forming,0.582,18,Sep 18mo | Mid rally 59% | Asymmetry 1%,MonthlyDoubleBottom+MonthlyStage2,Sideways-Above-MA,True,True,Constructive,True,Stage2,3,Uptrend,Uptrend,251.22,331.82,208.5,213.54,747.54,973.29,1267.23,973.29,287.4,96.8,21.92,,4.39,0.73,9.9,60.0,-5.9,,0,none,21.98,,,19.47,,11.23,9.84,15.7,,,30.2,,,29.8,0.5,insufficient history,1.14,,2.42,,52.73,2.51,74.46,0.0,,2.16,0.0,0.21,-0.82,321.5,208.5,21.9,20.5,1.17,-1.86,1.39,-0.21,5,26.0,16.98,10.0,2.0,55.0,WATCH ⭐⭐,Expected ~97% CAGR (2yr) | Revenue CAGR 16% | Profit CAGR 30% | ROE 22% | Promoter 74% holding | Piotroski F=5 (above average quality),High D/E 1.1 | Pattern still forming (not broken out),3-4 years,Medium-High,"yfinance, screener.in",70,190,,2026-07-18,2026-06-01,47,13.1,7,9.3
AUTOAXLES,Automotive Axles Limited,Consumer Cyclical,Auto Parts,2680.0,Small-Cap,MonthlyDoubleBottom,Forming,0.767,36,Sep 36mo | Mid rally 81% | Asymmetry 5%,MonthlyCupHandle+MonthlyDoubleBottom,Sideways,False,False,Constructive,True,Stage2,3,Uptrend,Uptrend,1773.7,498.28,268.83,1507.64,5567.13,6530.25,7659.98,6530.25,268.2,91.9,16.31,13.32,2.44,0.94,9.68,180.0,26.69,2132.0,1,strong_buy,15.8,,,10.12,,7.55,8.74,18.7,,,17.3,,,17.3,0.5,insufficient history,0.01,,2.96,,66.67,2.49,71.04,0.0,,0.83,0.15,15.15,0.58,2115.0,1540.2,16.1,15.2,5.04,-42.55,0.18,0.5,5,25.0,17.7,10.0,2.0,54.7,WATCH ⭐⭐,Expected ~92% CAGR (2yr) | Revenue CAGR 19% | Nearly debt-free | Promoter 71% holding | Piotroski F=5 (above average quality) | DII buying +0.6% ↑,Pattern still forming (not broken out),3-4 years,Medium-High,"yfinance, screener.in",70,289,,2026-07-18,2026-06-01,47,4.8,7,4.0
CARYSIL,Carysil Limited,Consumer Cyclical,"Furnishings, Fixtures & Appliances",3337.0,Small-Cap,MonthlyStage2,Stage Change,1.0,24,10-EMA=990 | 30-EMA=859 | Above by 36.6% | MA turning=Yes,MonthlyCupHandle+MonthlyDoubleBottom+MonthlyStage2,Uptrend,True,False,Uptrend,True,Stage2,3,Uptrend,Uptrend,1173.1,858.61,513.87,997.13,1978.62,2436.87,3001.25,2436.87,107.7,44.1,34.01,23.81,5.49,1.47,20.15,20.0,0.0,1270.5,2,strong_buy,17.4,17.8,-1.63,19.0,-0.83,10.63,8.48,13.24,15.87,24.41,54.69,23.16,20.48,48.6,0.15,highly inconsistent earnings,0.46,,1.44,,-36.46,-1.09,41.34,0.0,,1.63,0.04,11.91,0.17,1247.9,732.1,6.0,60.2,37.7,59.51,0.24,0.55,3,13.0,26.5,7.0,8.0,54.5,WATCH ⭐⭐,Expected ~44% CAGR (2yr) | Revenue CAGR 16% | Profit CAGR 23% | Margin compressing ↓ ⚠️ | PEG 1.47 — fair value | EV/EBITDA 20× vs sector 25×,Margin compression ↓,3-4 years,Medium-High,"yfinance, screener.in",100,67,,2026-07-18,2026-06-01,47,27.6,7,4.0
HESTERBIO,Hester Biosciences Limited,Healthcare,Drug Manufacturers - Specialty & Generic,1804.0,Small-Cap,MonthlyStage2,Stage Change,1.0,24,10-EMA=1896 | 30-EMA=1856 | Above by 31.4% | MA turning=No,MonthlyCupHandle+MonthlyDoubleBottom+MonthlyStage2,Uptrend,True,False,Uptrend,True,Stage2,6,Uptrend,Uptrend,2439.8,1856.27,1250.16,2073.83,4606.49,5838.26,7399.42,5838.26,139.3,54.7,32.47,,5.01,1.21,24.49,52.0,-11.21,,0,none,15.9,15.2,-0.77,26.0,-1.4,16.65,6.51,7.07,7.78,9.25,96.55,26.74,10.25,1138.0,0.15,highly inconsistent earnings,0.53,,1.37,,28.84,1.6,53.73,0.0,,0.38,-0.14,0.0,-0.01,2350.0,1239.3,-3.8,96.9,21.74,17.68,0.57,0.49,3,18.0,26.5,4.0,6.0,54.5,WATCH ⭐⭐,Expected ~55% CAGR (2yr) | Profit CAGR 27% | Promoter 54% holding | OPM 26% | Margin compressing ↓ ⚠️ | PEG 1.21 — fair value,Margin compression ↓,3-4 years,Medium-High,"yfinance, screener.in",100,137,,2026-07-18,2026-06-01,47,35.8,7,7.0
GATEWAY,Gateway Distriparks Limited,Industrials,Integrated Freight & Logistics,2933.0,Small-Cap,MonthlyDoubleBottom,Forming,1.0,37,Sep 37mo | Mid rally 123% | Asymmetry 10%,,Uptrend,True,False,Tight-Above-MAs,True,Stage2,4,Uptrend,Uptrend,58.71,112.36,48.1,49.9,136.93,176.62,143.27,140.06,200.8,73.4,11.47,9.36,1.27,5.01,7.7,341.0,0.0,87.4,5,strong_buy,11.5,10.8,0.2,22.0,-1.09,11.56,5.86,31.59,15.89,13.41,-30.75,2.29,22.47,,0.15,highly inconsistent earnings,0.25,,1.07,,268.06,9.14,33.93,0.0,,6.98,0.32,32.42,-1.57,76.5,48.1,23.3,22.1,-3.29,-50.75,0.32,0.21,5,16.0,28.5,9.0,1.0,54.5,WATCH ⭐⭐,Expected ~73% CAGR (2yr) | Revenue CAGR 16% | ROCE trend rising ↑ | Low D/E 0.25 | Margin compressing ↓ ⚠️ | FCF yield 9.1%,Margin compression ↓ | Pattern still forming (not broken out),3-4 years,Medium-High,"yfinance, screener.in",100,53,,2026-07-18,2026-06-01,47,4.7,7,13.0
ASALCBR,Associated Alcohols & Breweries Limited,Consumer Defensive,Beverages - Wineries & Distilleries,1662.0,Small-Cap,MonthlyDoubleBottom,Forming,0.571,29,Sep 29mo | Mid rally 61% | Asymmetry 4%,,Downtrend,False,False,Below-MAs,False,Stage2,15,Uptrend,Uptrend,827.9,647.81,396.25,703.71,8435.73,20648.98,50544.58,20648.98,2394.1,399.4,18.02,14.32,2.27,0.12,11.33,24.0,25.99,1070.0,1,none,14.6,18.0,4.3,14.0,1.74,8.68,9.41,-5.21,68.5,73.94,8.64,144.78,144.85,5.3,0.15,highly inconsistent earnings,0.1,,2.58,,-20.86,-1.26,62.35,0.0,,0.68,0.35,1.26,0.32,1277.0,660.65,35.2,25.3,-19.93,66.9,0.19,0.37,6,31.0,11.35,12.0,0.0,54.4,WATCH ⭐⭐,Expected ~399% CAGR (2yr) | Revenue CAGR 68% | Profit CAGR 145% | ROCE trend rising ↑ | Nearly debt-free | Promoter 62% holding,Pattern still forming (not broken out),3-4 years,Medium-High,"yfinance, screener.in",100,78,,2026-07-18,2026-06-01,47,3.1,7,-6.0
COALINDIA,Coal India Limited,Energy,Thermal Coal,264566.0,Large-Cap,MonthlyCupHandle,Forming,0.862,23,Cup 23mo | Depth 24% | Prior gain 85% | R²=0.92,MonthlyCupHandle+MonthlyDoubleBottom,Sideways-Above-MA,True,False,Constructive,False,Stage2,1,Uptrend,Uptrend,429.3,487.57,371.22,364.9,907.92,731.75,907.92,907.92,70.5,30.6,8.51,7.48,2.22,,5.42,512.0,-39.22,467.5,24,buy,28.5,35.3,-2.49,24.0,1.31,18.46,7.12,17.46,6.8,13.34,-11.99,-0.69,19.59,12.9,0.15,highly inconsistent earnings,0.12,,1.86,,7237.59,2.74,63.13,0.0,,8.38,0.16,22.76,0.23,491.25,368.65,12.6,16.5,23.49,102.75,0.21,-0.04,5,22.0,20.34,6.0,6.0,54.3,WATCH ⭐⭐,Expected ~31% CAGR (2yr) | Declining profits (-1% CAGR) ⚠️ | ROE 28% | ROCE 35% | Low D/E 0.12 | Promoter 63% holding,Earnings due 2026-04-27 | Pattern still forming (not broken out),3-4 years,Medium-High,"yfinance, screener.in",100,189,2026-04-27,2026-07-18,2026-06-01,47,-6.1,7,-5.7
GULFOILLUB,Gulf Oil Lubricants India Limited,Basic Materials,Specialty Chemicals,5183.0,Small-Cap,MonthlyDoubleBottom,Forming,0.607,21,Sep 21mo | Mid rally 70% | Asymmetry 9%,MonthlyDoubleBottom+MonthlyStage2,Sideways,False,False,Below-MAs,True,Stage2,1,Uptrend,Uptrend,1039.9,1408.6,790.27,883.92,1792.06,2026.93,2334.68,2045.46,94.9,39.6,14.31,10.4,3.37,1.01,9.01,401.0,-5.65,1580.6,5,strong_buy,24.3,26.2,1.0,13.0,0.2,8.57,9.63,11.7,10.59,,-3.36,14.14,,-2.6,0.15,highly inconsistent earnings,0.36,,1.85,,232.22,4.48,67.01,-0.1,,8.91,-0.31,8.17,0.04,1329.0,865.0,21.8,20.2,-12.47,79.13,0.35,0.61,7,29.0,14.28,10.0,1.0,54.3,WATCH ⭐⭐,Expected ~40% CAGR (2yr) | ROE 24% | ROCE 26% | ROCE trend rising ↑ | Promoter 67% holding | FCF yield 4.5%,Pattern still forming (not broken out),3-4 years,Medium-High,"yfinance, screener.in",100,145,,2026-07-18,2026-06-01,47,14.8,7,2.3
SHAKTIPUMP,Shakti Pumps (India) Limited,Industrials,Specialty Industrial Machinery,7148.0,Small-Cap,MonthlyDoubleBottom,Forming,0.431,8,Sep 8mo | Mid rally 51% | Asymmetry 8%,,Sideways,False,False,Below-MAs,True,Stage2,4,Uptrend,Uptrend,561.05,98.85,63.22,476.89,1618.38,3571.76,7882.87,3571.76,536.6,152.3,27.54,22.11,4.19,0.23,16.51,17.0,44.23,640.0,1,buy,18.0,23.7,2.8,16.0,1.69,9.55,9.79,7.23,40.73,23.74,-36.76,120.7,27.69,-65.2,0.15,highly inconsistent earnings,0.3,,2.12,,-146.02,-2.04,50.36,0.02,,4.83,-0.51,4.97,-1.33,946.0,456.35,40.7,22.9,-29.51,270.25,0.83,-0.15,6,33.0,11.17,10.0,0.0,54.2,WATCH ⭐⭐,Expected ~152% CAGR (2yr) | Revenue CAGR 41% | Profit CAGR 121% | ROCE 24% | ROCE trend rising ↑ | Low D/E 0.30,Pattern still forming (not broken out),3-4 years,Medium-High,"yfinance, screener.in",100,178,,2026-07-18,2026-06-01,47,11.6,7,-6.3
RPTECH,Rashi Peripherals Limited,Technology,Electronics & Computer Distribution,5160.0,Small-Cap,None,,0.0,0,,,Uptrend,True,False,Tight-Above-MAs,True,Downtrend,0,Uptrend,Uptrend,543.25,,,461.76,1266.06,1669.43,2201.31,1669.43,207.3,75.3,19.01,,2.55,0.6,13.25,26.0,100.0,,0,none,14.7,16.8,-2.57,3.0,-0.23,1.75,5.7,14.91,18.74,21.71,34.29,31.86,15.7,64.2,0.15,highly inconsistent earnings,0.49,,1.6,,-47.2,-0.91,64.01,0.03,,0.78,0.12,17.45,-1.0,812.85,275.6,33.2,97.1,86.99,,,0.87,4,20.0,14.0,10.0,10.0,54.0,WATCH ⭐⭐,Expected ~75% CAGR (2yr) | Revenue CAGR 19% | Profit CAGR 32% | Promoter 64% holding | Dividend growing 100%/yr | PEG 0.60 — undervalued,None identified,3-4 years,Medium-High,"yfinance, screener.in",100,28,,2026-07-18,2026-06-01,47,0.0,7,-2.0
PHOENIXLTD,The Phoenix Mills Limited,Real Estate,Real Estate - Diversified,76496.0,Large-Cap,MonthlyDoubleBottom,Forming,1.0,19,Sep 19mo | Mid rally 106% | Asymmetry 5%,MonthlyCupHandle+MonthlyDoubleBottom,Uptrend,True,False,Tight-Above-MAs,True,Stage2,3,Uptrend,Uptrend,1721.8,485.27,230.52,1463.53,743.48,1263.53,769.72,756.49,,,60.97,41.05,6.96,34.84,31.97,12.0,27.72,2024.1,21,buy,11.6,12.8,1.86,60.0,2.23,27.67,6.41,16.18,19.13,33.58,19.13,1.75,100.54,50.0,0.15,highly inconsistent earnings,0.37,,0.87,,1810.56,2.37,47.25,0.0,,32.97,-0.88,16.14,0.88,2149.0,1402.5,19.9,22.8,18.15,98.83,0.33,0.29,6,19.0,28.0,1.0,6.0,54.0,WATCH ⭐⭐,Revenue CAGR 19% | ROCE trend rising ↑ | OPM 60% | Piotroski F=6 (above average quality) | DII buying +0.9% ↑ | Dividend growing 28%/yr,High PE 61 | Earnings due 2026-07-23 | Pattern still forming (not broken out),3-4 years,Medium-High,"yfinance, screener.in",100,230,2026-07-23,2026-07-18,2026-06-01,47,0.0,7,1.0
RBZJEWEL,RBZ Jewellers Limited,Consumer Cyclical,Luxury Goods,617.0,Small-Cap,MonthlyDoubleBottom,Forming,1.0,10,Sep 10mo | Mid rally 107% | Asymmetry 6%,,Downtrend,False,False,Below-MAs,False,Stage2,3,Uptrend,Uptrend,123.52,251.68,118.15,112.24,796.14,1085.93,1481.21,1085.93,779.2,196.5,11.26,,2.06,0.31,8.53,,,,0,none,20.11,,,10.43,,8.61,13.06,38.0,,,36.4,,,36.3,0.5,insufficient history,0.57,,2.99,,-61.32,-9.94,75.0,0.0,,0.0,0.0,0.07,0.01,179.0,100.0,31.0,23.5,-4.93,,0.49,0.12,3,25.0,15.0,12.0,2.0,54.0,WATCH ⭐⭐,Expected ~196% CAGR (2yr) | Revenue CAGR 38% | Profit CAGR 36% | ROE 20% | Promoter 75% holding | PEG 0.31 — deeply undervalued,Pattern still forming (not broken out),3-4 years,Medium-High,"yfinance, screener.in",70,30,,2026-07-18,2026-06-01,47,0.0,7,1.0
PATANJALI,Patanjali Foods Limited,Consumer Defensive,Packaged Foods,45016.0,Large-Cap,MonthlyDoubleBottom,Forming,1.0,9,Sep 9mo | Mid rally 137% | Asymmetry 5%,,Sideways,False,False,Below-MAs,True,Stage2,15,Uptrend,Uptrend,471.1,5144.45,2118.49,2012.57,2645.65,8170.41,9129.28,4914.56,1634.3,316.5,24.81,22.49,3.43,0.29,26.8,85.0,-4.35,588.75,4,strong_buy,16.5,12.0,-2.34,4.0,2.66,4.52,5.48,17.6,49.48,5.84,39.43,85.76,50.62,46.1,0.2,multiple loss years in history,0.21,,2.14,,-2396.98,-5.32,68.25,0.0,,8.53,-0.67,11.05,-1.01,653.93,406.35,28.0,15.9,-5.99,-1.26,0.79,-0.18,4,23.0,18.0,13.0,0.0,54.0,WATCH ⭐⭐,Expected ~316% CAGR (2yr) | Revenue CAGR 49% | Profit CAGR 86% | Low D/E 0.21 | Promoter 68% holding | PEG 0.29 — deeply undervalued,Earnings due 2026-07-16 | Pattern still forming (not broken out),3-4 years,Medium-High,"yfinance, screener.in",100,287,2026-07-16,2026-07-18,2026-06-01,47,0.0,7,2.0
DCBBANK,DCB Bank Limited,Financial Services,Banks - Regional,6077.0,Small-Cap,MonthlyDoubleBottom,Forming,1.0,22,Sep 22mo | Mid rally 152% | Asymmetry 1%,,Uptrend,True,False,Tight-Above-MAs,True,Stage2,12,Uptrend,Uptrend,188.67,72.77,28.63,160.37,558.71,471.11,717.22,633.02,149.7,58.0,8.26,5.55,0.93,0.62,,78.0,5.07,228.24,17,strong_buy,11.97,,,34.23,,24.44,0.89,12.4,,,13.3,,,16.1,0.5,insufficient history,,,,,,,16.23,-0.01,,12.64,0.72,32.8,0.66,205.9,119.51,8.4,57.9,55.08,39.15,0.19,0.42,2,8.0,28.0,10.0,8.0,54.0,WATCH ⭐⭐,Expected ~58% CAGR (2yr) | OPM 34% | FII buying +0.7% ↑ | DII buying +0.7% ↑ | PEG 0.62 — undervalued | MonthlyDoubleBottom forming (22mo base),Pattern still forming (not broken out),3-4 years,Medium-High,"yfinance, screener.in",50,238,,2026-07-18,2026-06-01,47,6.6,7,4.0
SHREEPUSHK,Shree Pushkar Chemicals & Fertilisers Limited,Basic Materials,Specialty Chemicals,1381.0,Small-Cap,MonthlyDoubleBottom,Forming,1.0,19,Sep 19mo | Mid rally 123% | Asymmetry 6%,,Uptrend,True,False,Tight-Above-MAs,True,Stage2,1,Uptrend,Uptrend,408.0,315.52,137.87,346.8,550.41,680.75,841.95,680.75,66.9,29.2,19.8,26.44,2.26,0.84,13.86,46.0,0.0,,0,none,12.2,13.0,-0.0,10.0,-0.69,7.18,5.17,21.22,12.62,22.44,18.64,23.68,19.27,-22.2,0.15,highly inconsistent earnings,0.22,,1.68,,-35.84,-2.6,69.36,0.0,,0.42,-0.17,0.29,-0.09,476.0,272.45,14.3,49.8,31.61,65.29,0.13,0.11,4,12.0,28.0,6.0,8.0,54.0,WATCH ⭐⭐,Expected ~29% CAGR (2yr) | Profit CAGR 24% | Low D/E 0.22 | Promoter 69% holding | Margin compressing ↓ ⚠️ | PEG 0.84 — undervalued,Margin compression ↓ | Pattern still forming (not broken out),3-4 years,Medium-High,"yfinance, screener.in",100,131,,2026-07-18,2026-06-01,47,10.3,7,14.0
PRICOLLTD,Pricol Limited,Consumer Cyclical,Auto Parts,7645.0,Small-Cap,MonthlyCupHandle,Forming,0.699,17,Cup 17mo | Depth 32% | Prior gain 32% | R²=0.88,MonthlyCupHandle+MonthlyDoubleBottom,Downtrend,False,False,Below-MAs,False,Stage2,3,Uptrend,Uptrend,544.75,687.67,468.79,463.04,1083.62,1367.09,1724.73,1367.09,151.0,58.4,30.49,21.05,6.1,1.17,16.85,65.0,60.0,725.0,1,none,22.1,25.9,2.34,12.0,-0.11,6.21,9.87,50.11,27.3,23.39,50.3,26.16,42.98,109.5,0.15,highly inconsistent earnings,0.3,,1.21,,-194.07,-2.54,38.51,0.0,,13.95,-1.66,11.79,-0.65,694.2,415.1,21.5,31.2,26.97,115.66,2.15,-0.11,4,28.0,11.89,8.0,6.0,53.9,WATCH ⭐⭐,Expected ~58% CAGR (2yr) | Revenue CAGR 27% | Profit CAGR 26% | ROE 22% | ROCE 26% | ROCE trend rising ↑,Pattern still forming (not broken out),3-4 years,Medium-High,"yfinance, screener.in",100,287,,2026-07-18,2026-06-01,47,0.0,7,-1.0
LODHA,Lodha Developers Limited,Real Estate,Real Estate - Development,121943.0,Large-Cap,MonthlyDoubleBottom,Forming,0.37,12,Sep 12mo | Mid rally 43% | Asymmetry 6%,,Sideways,False,False,Below-MAs,True,Stage2,3,Uptrend,Uptrend,892.2,1525.97,1039.62,987.64,1726.51,2460.53,6318.95,3302.99,175.8,66.1,35.59,25.7,5.24,0.39,25.98,35.0,88.89,1196.83,18,strong_buy,15.8,16.6,1.91,30.0,1.26,20.56,5.26,21.02,20.76,25.07,24.0,91.31,134.87,9.4,0.15,highly inconsistent earnings,0.42,,1.75,,-2345.45,-1.92,72.27,0.42,,21.24,-2.25,4.62,1.45,1461.5,650.8,39.0,37.1,-27.61,9.37,0.72,0.58,6,31.0,10.94,11.0,1.0,53.9,WATCH ⭐⭐,Expected ~66% CAGR (2yr) | Revenue CAGR 21% | Profit CAGR 91% | ROCE trend rising ↑ | Promoter 72% holding | OPM 30%,Earnings due 2026-04-24 | Pattern still forming (not broken out),3-4 years,Medium-High,"yfinance, screener.in",100,62,2026-04-24,2026-07-18,2026-06-01,47,0.0,7,1.0
GPPL,Gujarat Pipavav Port Limited,Industrials,Marine Shipping,7462.0,Small-Cap,MonthlyDoubleBottom,Forming,0.689,35,Sep 35mo | Mid rally 76% | Asymmetry 7%,MonthlyDoubleBottom+MonthlyStage2,Downtrend,False,False,Below-MAs,False,Stage2,4,Uptrend,Uptrend,154.3,96.94,53.14,131.16,428.27,372.42,596.94,505.62,141.4,55.4,14.47,13.36,3.17,0.8,9.78,648.0,23.47,172.62,8,hold,21.2,28.0,2.71,61.0,0.77,44.47,12.22,17.21,8.09,9.58,29.72,18.06,18.33,26.6,0.15,highly inconsistent earnings,0.01,,2.54,,-52.68,-0.71,44.01,0.0,,22.14,1.1,14.96,0.03,200.09,141.55,22.9,9.0,10.53,8.6,0.21,0.43,5,27.0,12.77,11.0,3.0,53.8,WATCH ⭐⭐,Expected ~55% CAGR (2yr) | ROE 21% | ROCE 28% | ROCE trend rising ↑ | Nearly debt-free | OPM 61%,Pattern still forming (not broken out),3-4 years,Medium-High,"yfinance, screener.in",100,191,,2026-07-18,2026-06-01,47,1.4,7,-2.0
GRSE,Garden Reach Shipbuilders & Engineers Limited,Industrials,Aerospace & Defense,30494.0,Large-Cap,MonthlyCupHandle,Forming,0.688,24,Cup 24mo | Depth 47% | Prior gain 124% | R²=0.96,,Sideways-Above-MA,True,False,Constructive,False,Stage2,4,Uptrend,Uptrend,2640.0,3226.54,1708.53,2244.0,2667.64,4744.55,4115.01,3313.21,79.7,34.1,44.25,31.69,11.61,1.83,34.13,102.0,4.87,3146.0,6,buy,31.79,,,16.15,,10.68,4.45,29.1,,,24.2,,,24.1,0.5,insufficient history,0.01,,1.23,,-291.49,-0.96,74.5,0.0,,3.51,0.55,1.69,0.05,3339.0,1963.7,20.9,34.4,13.95,205.24,0.13,0.68,2,29.0,18.76,3.0,3.0,53.8,WATCH ⭐⭐,Expected ~34% CAGR (2yr) | Revenue CAGR 29% | Profit CAGR 24% | ROE 32% | Nearly debt-free | Promoter 74% holding,Pattern still forming (not broken out),3-4 years,Medium-High,"yfinance, screener.in",70,94,,2026-07-18,2026-06-01,47,-0.7,7,-0.6
INDIASHLTR,India Shelter Finance Corporation Limited,Financial Services,Mortgage Finance,8709.0,Mid-Cap,MonthlyDoubleBottom,Forming,0.519,13,Sep 13mo | Mid rally 60% | Asymmetry 8%,MonthlyDoubleBottom+MonthlyStage2,Sideways-Above-MA,True,False,Constructive,True,Stage2,12,Uptrend,Uptrend,815.1,1005.98,603.54,692.84,1464.81,1714.6,3210.7,2168.66,110.4,45.0,17.79,11.36,2.72,0.37,,125.0,100.0,1033.5,8,strong_buy,17.0,12.8,,62.9,,48.16,5.8,31.13,37.75,36.98,33.07,48.05,42.04,27.2,0.75,consistent growth,1.95,,6.09,,,,47.53,-0.07,,6.87,-0.61,21.39,0.67,1011.75,653.2,19.4,24.8,-12.58,,0.2,-0.04,3,26.0,15.73,11.0,1.0,53.7,WATCH ⭐⭐,Expected ~45% CAGR (2yr) | Revenue CAGR 38% | Profit CAGR 48% | OPM 63% | EPS: consistent growth | DII buying +0.7% ↑,High D/E 2.0 | Pattern still forming (not broken out),3-4 years,Medium-High,"yfinance, screener.in",90,32,,2026-07-18,2026-06-01,47,4.7,7,7.0
APOLLOHOSP,Apollo Hospitals Enterprise Limited,Healthcare,Medical Care Facilities,127120.0,Large-Cap,MonthlyDoubleBottom,Forming,0.676,13,Sep 13mo | Mid rally 70% | Asymmetry 3%,,Uptrend,True,False,Tight-Above-MAs,True,Stage2,6,Uptrend,Uptrend,8841.0,1784.0,1031.85,7514.85,9327.67,11229.17,16596.63,12442.18,27.0,12.7,65.36,41.25,13.41,1.96,35.54,23.0,-12.64,9409.65,31,strong_buy,22.1,17.9,1.46,15.0,0.51,7.7,8.44,15.76,14.94,19.03,33.09,33.39,71.0,35.9,0.15,highly inconsistent earnings,0.85,,1.06,,395.55,0.31,28.02,0.0,,41.49,-1.13,23.72,0.96,8950.0,6696.5,1.2,32.0,17.38,59.45,0.26,0.18,6,22.0,23.61,2.0,6.0,53.6,WATCH ⭐⭐,Expected ~13% CAGR (2yr) | Profit CAGR 33% | ROE 22% | ROCE trend rising ↑ | Piotroski F=6 (above average quality) | DII buying +1.0% ↑,High PE 65 | Earnings due 2026-08-12 | Pattern still forming (not broken out),3-4 years,Medium-High,"yfinance, screener.in",100,289,2026-08-12,2026-07-18,2026-06-01,47,10.2,7,1.0
OLECTRA,Olectra Greentech Limited,Industrials,Farm & Heavy Construction Machinery,11685.0,Mid-Cap,MonthlyDoubleBottom,Forming,1.0,33,Sep 33mo | Mid rally 548% | Asymmetry 8%,,Sideways,False,False,Below-MAs,True,Stage2,4,Uptrend,Uptrend,1219.6,279.39,41.39,1036.66,927.83,1289.86,1793.17,1289.86,5.8,2.8,65.79,32.88,9.52,1.69,1250.62,3.0,0.0,,0,none,15.6,21.0,3.89,14.0,1.11,2.01,,28.3,28.45,52.43,29.5,39.02,86.4,164.4,0.15,highly inconsistent earnings,0.31,,,,,,50.02,0.0,,7.11,0.21,0.68,-0.14,1714.2,866.6,28.9,40.7,11.84,2.83,0.68,0.3,3,30.0,19.5,1.0,3.0,53.5,WATCH ⭐⭐,Expected ~3% CAGR (2yr) | Revenue CAGR 28% | Profit CAGR 39% | ROCE 21% | ROCE trend rising ↑ | Promoter 50% holding,High PE 66 | Pattern still forming (not broken out),3-4 years,Medium-High,"yfinance, screener.in",80,287,,2026-07-18,2026-06-01,47,0.0,7,-1.0
GABRIEL,Gabriel India Limited,Consumer Cyclical,Auto Parts,22168.0,Mid-Cap,MonthlyDoubleBottom,Forming,1.0,29,Sep 29mo | Mid rally 110% | Asymmetry 7%,,Uptrend,True,False,Tight-Above-MAs,True,Stage2,3,Uptrend,Uptrend,1250.8,29.47,13.58,1063.18,662.92,936.48,707.39,684.8,,,71.43,34.78,13.15,21.65,40.68,39.0,36.67,1314.0,6,buy,20.6,26.1,-2.0,9.0,0.0,5.41,9.48,14.87,,,2.86,,,3.5,0.15,highly inconsistent earnings,0.11,,1.66,,88.54,0.4,63.55,8.53,,6.51,-0.07,12.8,-3.48,1388.0,795.7,9.9,57.2,9.9,279.18,0.21,0.68,5,22.0,28.5,0.0,3.0,53.5,WATCH ⭐⭐,ROE 21% | ROCE 26% | Low D/E 0.11 | Promoter 64% holding | Promoters buying ↑ | Piotroski F=5 (above average quality),High PE 71 | Pattern still forming (not broken out),3-4 years,Medium-High,"yfinance, screener.in",80,256,,2026-07-18,2026-06-01,47,14.2,7,6.0
SBIN,State Bank of India,Financial Services,Banks - Regional,956292.0,Large-Cap,MonthlyDoubleBottom,Forming,1.0,24,Sep 24mo | Mid rally 179% | Asymmetry 8%,,Sideways-Above-MA,True,False,Tight-Above-MAs,True,Stage2,12,Uptrend,Uptrend,1032.0,190.51,65.77,877.2,2245.91,2022.0,2943.94,2571.35,95.9,40.0,11.36,10.11,1.6,0.78,,167.0,15.36,1197.97,38,strong_buy,15.4,6.13,,28.96,,22.11,1.11,5.02,13.64,13.11,7.63,14.49,29.4,0.2,0.4,lumpy earner,,,,,,,55.52,0.02,,11.41,1.07,26.11,-0.93,1234.7,786.55,16.4,31.2,31.82,68.39,0.34,0.36,2,13.0,25.5,8.0,7.0,53.5,WATCH ⭐⭐,Expected ~40% CAGR (2yr) | Promoter 56% holding | OPM 29% | FII buying +1.1% ↑ | Dividend growing 15%/yr | PEG 0.78 — undervalued,Earnings due 2026-08-06 | Pattern still forming (not broken out),3-4 years,Medium-High,"yfinance, screener.in",80,367,2026-08-06,2026-07-18,2026-06-01,47,8.8,7,9.0
CDSL,Central Depository Services (India) Limited,Financial Services,Capital Markets,29927.0,Mid-Cap,MonthlyStage2,Stage Change,0.92,24,10-EMA=1344 | 30-EMA=1258 | Above by 13.8% | MA turning=Yes,MonthlyDoubleBottom+MonthlyStage2,Sideways-Above-MA,True,False,Constructive,True,Stage2,12,Uptrend,Uptrend,1431.9,1258.26,1098.94,1217.12,555.23,1417.58,774.81,655.89,,,65.8,47.0,15.27,3.63,44.84,95.0,18.56,1284.4,15,hold,24.5,32.0,0.6,51.0,-2.17,36.92,16.64,5.82,27.3,27.19,-13.5,18.13,17.75,-20.0,0.15,highly inconsistent earnings,0.0,,2.92,,260.19,0.87,15.0,0.0,,11.36,-1.04,14.42,-0.7,1753.9,1116.3,18.4,28.3,2.25,133.8,0.69,0.21,6,31.0,21.54,-1.0,2.0,53.5,WATCH ⭐⭐,Revenue CAGR 27% | ROE 24% | ROCE 32% | ROCE trend rising ↑ | Nearly debt-free | OPM 51%,High PE 66 | Margin compression ↓,3-4 years,Medium-High,"yfinance, screener.in",100,110,,2026-07-18,2026-06-01,47,18.4,7,11.4
BAJAJCON,Bajaj Consumer Care Limited,Consumer Defensive,Household & Personal Products,8755.0,Mid-Cap,MonthlyDoubleBottom,Forming,0.911,24,Sep 24mo | Mid rally 95% | Asymmetry 4%,,Sideways-Above-MA,True,False,Constructive,False,Stage2,15,Uptrend,Uptrend,670.25,288.95,145.42,569.71,638.54,644.24,786.46,708.65,,,47.17,32.5,11.89,4.3,38.85,0.0,-33.06,547.62,8,strong_buy,25.3,30.6,-1.54,19.0,-1.57,16.33,13.92,20.73,6.63,4.79,52.0,10.98,-3.15,105.3,0.15,highly inconsistent earnings,0.02,,3.49,,136.45,1.56,42.97,0.0,,16.11,-0.48,14.91,0.64,679.85,220.1,1.4,204.5,186.82,145.0,0.3,0.87,4,22.0,21.43,0.0,10.0,53.4,WATCH ⭐⭐,ROE 25% | ROCE 31% | Nearly debt-free | Margin compressing ↓ ⚠️ | DII buying +0.6% ↑ | MonthlyDoubleBottom forming (24mo base),Margin compression ↓ | Pattern still forming (not broken out),3-4 years,Medium-High,"yfinance, screener.in",100,192,,2026-07-18,2026-06-01,47,27.2,7,-9.0
SWARAJENG,Swaraj Engines Limited,Consumer Cyclical,Auto Parts,4592.0,Small-Cap,MonthlyDoubleBottom,Forming,0.479,13,Sep 13mo | Mid rally 53% | Asymmetry 6%,,Uptrend,True,False,Uptrend,True,Stage2,3,Uptrend,Uptrend,3806.4,1662.58,1054.07,3235.44,8793.85,10561.41,12684.26,10561.41,177.5,66.6,23.42,20.95,9.39,1.17,16.49,295.0,6.14,4629.5,2,strong_buy,43.23,,,12.78,,9.78,21.52,20.2,,,20.1,,,20.1,0.5,insufficient history,0.0,,2.06,,-25.39,-0.55,52.11,-0.01,,2.82,-0.33,9.09,-0.65,4720.0,3301.3,19.4,15.3,-4.21,73.16,0.4,0.38,4,25.0,19.25,8.0,1.0,53.2,WATCH ⭐⭐,Expected ~67% CAGR (2yr) | Revenue CAGR 20% | Profit CAGR 20% | ROE 43% | Nearly debt-free | Promoter 52% holding,Pattern still forming (not broken out),3-4 years,Medium-High,"yfinance, screener.in",70,289,,2026-07-18,2026-06-01,47,2.5,7,-3.0
PYRAMID,Pyramid Technoplast Limited,Consumer Cyclical,Packaging & Containers,610.0,Small-Cap,MonthlyDoubleBottom,Forming,0.926,21,Sep 21mo | Mid rally 94% | Asymmetry 2%,MonthlyDoubleBottom+MonthlyStage2,Uptrend,True,False,Constructive,True,Stage2,3,Uptrend,Uptrend,170.81,258.24,131.8,145.19,772.1,1213.73,1907.99,1213.73,610.6,166.6,20.87,,2.14,0.36,13.79,30.0,,,0,none,10.96,,,8.17,,4.23,6.16,13.8,,,57.2,,,51.6,0.5,insufficient history,0.67,,1.73,,-134.41,-22.02,74.94,0.0,,0.97,0.01,3.26,0.0,188.38,131.8,9.3,29.6,2.87,,1.55,0.15,3,14.0,24.11,12.0,3.0,53.1,WATCH ⭐⭐,Expected ~167% CAGR (2yr) | Profit CAGR 57% | Promoter 75% holding | PEG 0.36 — deeply undervalued | EV/EBITDA 14× below sector (25×) | MonthlyDoubleBottom forming (21mo base),Pattern still forming (not broken out),3-4 years,Medium-High,"yfinance, screener.in",70,34,,2026-07-18,2026-06-01,47,0.0,7,0.0
RAMCOSYS,Ramco Systems Limited,Technology,Software - Application,3028.0,Small-Cap,MonthlyDoubleBottom,Forming,1.0,22,Sep 22mo | Mid rally 109% | Asymmetry 9%,,Sideways,False,False,Below-MAs,True,Downtrend,0,Uptrend,Uptrend,394.35,572.4,262.65,335.2,247.26,882.15,451.9,334.27,123.7,49.6,72.45,36.79,8.61,2.06,21.85,0.0,,610.0,1,strong_buy,18.0,19.3,0.49,23.0,0.34,5.97,5.13,18.61,12.53,2.29,223.53,35.19,30.73,371.8,0.2,multiple loss years in history,0.12,,1.02,,56.51,1.87,55.69,2.66,,10.02,0.07,2.03,-3.75,967.5,342.1,59.2,15.3,4.31,31.78,0.23,0.54,6,31.0,18.0,2.0,2.0,53.0,WATCH ⭐⭐,Expected ~50% CAGR (2yr) | Profit CAGR 35% | ROCE trend rising ↑ | Low D/E 0.12 | Promoter 56% holding | Promoters buying ↑,High PE 72 | Pattern still forming (not broken out),3-4 years,Medium-High,"yfinance, screener.in",100,286,,2026-07-18,2026-06-01,47,0.0,7,-7.0
SOUTHBANK,The South Indian Bank Limited,Financial Services,Banks - Regional,11993.0,Mid-Cap,MonthlyDoubleBottom,Forming,0.79,36,Sep 36mo | Mid rally 79% | Asymmetry 0%,,Uptrend,True,False,Uptrend,True,Stage2,12,Uptrend,Uptrend,45.81,27.23,15.16,38.94,147.92,127.98,225.21,182.52,179.4,67.1,8.25,6.7,1.05,0.35,,87.0,12.0,46.17,6,buy,13.5,6.42,,43.14,,28.95,1.09,4.6,10.83,6.15,11.74,23.39,88.0,19.0,0.15,highly inconsistent earnings,,,,,,,,,,24.21,3.27,12.75,-1.04,49.9,28.11,8.2,63.0,59.53,79.02,0.53,0.25,2,11.0,23.98,10.0,8.0,53.0,WATCH ⭐⭐,Expected ~67% CAGR (2yr) | Profit CAGR 23% | OPM 43% | FII buying +3.3% ↑ | Dividend growing 12%/yr | PEG 0.35 — deeply undervalued,Pattern still forming (not broken out),3-4 years,Medium-High,"yfinance, screener.in",70,332,,2026-07-18,2026-06-01,47,18.2,7,-4.0
SILVERTUC,Silver Touch Technologies Limited,Technology,Information Technology Services,2272.0,Small-Cap,MonthlyDoubleBottom,Forming,0.354,13,Sep 13mo | Mid rally 37% | Asymmetry 2%,,Sideways,False,False,Below-MAs,True,Downtrend,0,Uptrend,Uptrend,204.0,844.59,609.96,579.46,164.74,1079.22,386.94,252.48,429.0,130.0,63.77,,13.42,1.2,38.91,3.0,-20.63,,0,none,23.6,28.9,4.77,18.0,2.6,10.45,11.89,20.14,28.26,17.88,63.64,53.26,104.77,43.4,0.15,highly inconsistent earnings,0.2,,1.95,,7.3,0.32,74.62,0.01,,1.14,0.39,0.0,-0.04,1117.45,100.5,81.7,103.0,-69.78,337.87,0.41,0.46,7,40.0,9.75,3.0,0.0,52.8,WATCH ⭐⭐,Expected ~130% CAGR (2yr) | Revenue CAGR 28% | Profit CAGR 53% | ROE 24% | ROCE 29% | ROCE trend rising ↑,High PE 64 | Pattern still forming (not broken out),3-4 years,Medium-High,"yfinance, screener.in",100,104,,2026-07-18,2026-06-01,47,39.7,7,0.0
ABDL,ALLIED BLEND N DISTILS L,Consumer Defensive,Beverages - Wineries & Distilleries,18146.0,Mid-Cap,MonthlyDoubleBottom,Forming,0.485,6,Sep 6mo | Mid rally 55% | Asymmetry 6%,,Uptrend,True,False,Uptrend,True,Stage2,15,Uptrend,Uptrend,648.75,440.72,276.69,551.44,2935.93,8722.91,67401.66,14067.22,1244.6,266.7,79.41,40.66,10.91,0.21,35.52,83.0,50.0,706.45,11,strong_buy,14.3,18.4,1.97,14.0,1.31,5.82,7.57,11.45,7.62,10.81,12.82,379.14,136.08,-47.9,0.15,highly inconsistent earnings,0.68,,1.34,,-85.0,-0.47,80.91,0.0,,3.23,-0.13,4.82,0.21,711.7,382.1,8.8,69.8,29.26,,0.68,0.76,4,19.0,18.82,9.0,6.0,52.8,WATCH ⭐⭐,Expected ~267% CAGR (2yr) | Profit CAGR 379% | ROCE trend rising ↑ | Promoter 81% holding | Dividend growing 50%/yr | PEG 0.21 — deeply undervalued,High PE 79 | Pattern still forming (not broken out),3-4 years,Medium-High,"yfinance, screener.in",100,25,,2026-07-18,2026-06-15,33,0.7,5,2.0
WHEELS,Wheels India Limited,Consumer Cyclical,Auto Parts,3697.0,Small-Cap,MonthlyDoubleBottom,Forming,1.0,33,Sep 33mo | Mid rally 148% | Asymmetry 5%,,Sideways-Above-MA,True,False,Constructive,False,Stage2,3,Uptrend,Uptrend,1484.1,1236.83,487.61,1261.48,5247.91,7650.4,11152.76,7650.4,415.5,127.0,23.87,40.59,3.55,0.52,,95.0,27.48,,0,none,15.8,18.8,2.6,8.0,0.37,3.19,,15.2,5.61,17.76,41.07,45.78,27.44,-9.8,0.15,highly inconsistent earnings,,,,,,,58.31,0.0,,1.15,-0.03,9.64,-0.17,1808.0,705.85,17.9,110.3,104.63,90.84,0.96,,2,17.0,22.5,6.0,7.0,52.5,WATCH ⭐⭐,Expected ~127% CAGR (2yr) | Profit CAGR 46% | ROCE trend rising ↑ | Promoter 58% holding | Dividend growing 27%/yr | PEG 0.52 — undervalued,Pattern still forming (not broken out),3-4 years,Medium-High,"yfinance, screener.in",70,289,,2026-07-18,2026-06-01,47,-5.1,7,-7.5
NESCO,Nesco Limited,Industrials,Conglomerates,7744.0,Small-Cap,MonthlyStage2,Stage Change,1.0,24,10-EMA=1182 | 30-EMA=1046 | Above by 20.3% | MA turning=Yes,MonthlyDoubleBottom+MonthlyStage2,Sideways-Above-MA,True,False,Constructive,True,Stage2,4,Uptrend,Uptrend,1258.6,1045.86,865.55,1069.81,2351.49,2642.61,2969.76,2642.61,110.0,44.9,18.76,16.11,2.58,1.52,13.54,64.0,29.4,1316.0,1,none,14.8,18.5,0.94,53.0,-2.11,40.01,10.08,27.32,19.51,26.21,10.13,12.38,19.15,5.0,0.15,highly inconsistent earnings,0.09,,0.83,,68.46,0.88,68.54,0.0,,4.63,-0.02,3.84,0.06,1638.9,996.0,23.2,26.4,16.34,80.31,0.36,0.51,5,23.0,22.5,5.0,2.0,52.5,WATCH ⭐⭐,Expected ~45% CAGR (2yr) | Revenue CAGR 20% | ROCE trend rising ↑ | Nearly debt-free | Promoter 69% holding | OPM 53%,Margin compression ↓,3-4 years,Medium-High,"yfinance, screener.in",100,218,,2026-07-18,2026-06-01,47,0.0,7,0.0
SUBROS,Subros Limited,Consumer Cyclical,Auto Parts,5360.0,Small-Cap,MonthlyDoubleBottom,Forming,1.0,17,Sep 17mo | Mid rally 113% | Asymmetry 3%,MonthlyDoubleBottom+MonthlyStage2,Sideways-Above-MA,True,False,Below-MAs,True,Stage2,3,Uptrend,Uptrend,814.45,432.61,200.73,692.28,2283.5,2449.07,5221.79,3453.11,200.7,73.4,32.36,21.74,4.31,0.63,16.33,37.0,54.87,943.0,3,strong_buy,14.7,19.8,3.03,9.0,0.31,4.41,6.24,11.52,10.21,15.9,9.93,51.22,28.71,6.8,0.15,highly inconsistent earnings,0.06,,1.61,,-89.81,-1.68,36.79,0.0,,32.79,0.01,10.76,-0.29,1213.7,622.1,32.9,30.9,-5.53,71.26,0.15,0.53,6,20.0,20.5,12.0,0.0,52.5,WATCH ⭐⭐,Expected ~73% CAGR (2yr) | Profit CAGR 51% | ROCE trend rising ↑ | Nearly debt-free | Piotroski F=6 (above average quality) | Dividend growing 55%/yr,Pattern still forming (not broken out),3-4 years,Medium-High,"yfinance, screener.in",100,253,,2026-07-18,2026-06-01,47,11.2,7,4.0
GRAVITA,Gravita India Limited,Industrials,Metal Fabrication,13508.0,Mid-Cap,MonthlyStage2,Stage Change,1.0,24,10-EMA=1676 | 30-EMA=1550 | Above by 19.7% | MA turning=Yes,MonthlyDoubleBottom+MonthlyStage2,Uptrend,True,False,Uptrend,True,Stage2,4,Uptrend,Uptrend,1854.6,1549.53,1318.1,1576.41,2296.28,2524.45,3464.45,2820.52,36.1,16.7,35.71,23.71,5.51,1.56,26.69,64.0,28.4,2080.33,9,strong_buy,16.8,17.0,-1.46,10.0,0.03,8.88,9.97,10.24,15.05,24.78,20.77,22.83,45.99,-3.4,0.15,highly inconsistent earnings,0.3,,2.91,,-231.15,-1.71,55.88,0.0,,13.94,-1.81,5.15,0.44,1949.0,1266.9,4.8,46.4,15.4,114.92,0.84,0.27,5,17.0,26.5,3.0,6.0,52.5,WATCH ⭐⭐,Expected ~17% CAGR (2yr) | Revenue CAGR 15% | Profit CAGR 23% | Low D/E 0.30 | Promoter 56% holding | Piotroski F=5 (above average quality),None identified,3-4 years,Medium-High,"yfinance, screener.in",100,189,,2026-07-18,2026-06-01,47,14.4,7,14.8
INDIAMART,IndiaMART InterMESH Limited,Communication Services,Internet Content & Information,11571.0,Mid-Cap,MonthlyDoubleBottom,Forming,0.735,33,Sep 33mo | Mid rally 78% | Asymmetry 5%,,Downtrend,False,False,Below-MAs,False,Downtrend,0,Uptrend,Uptrend,1923.4,3241.48,1779.33,1690.36,2801.28,4703.63,3946.91,3325.12,144.5,56.4,24.45,18.57,4.82,1.31,16.26,156.0,81.71,2324.56,18,buy,20.7,28.0,-0.4,30.0,-3.11,30.25,7.16,13.04,16.79,18.55,-13.79,18.7,11.15,-72.2,0.15,highly inconsistent earnings,0.01,,2.34,,503.42,4.35,49.12,0.0,,19.17,0.89,13.54,-2.87,2799.0,1860.0,31.3,3.4,-25.04,-61.07,0.26,0.24,5,32.0,12.32,8.0,0.0,52.3,WATCH ⭐⭐,Expected ~56% CAGR (2yr) | Revenue CAGR 17% | ROE 21% | ROCE 28% | Nearly debt-free | OPM 30%,Margin compression ↓ | Earnings due 2026-07-17 | Pattern still forming (not broken out),3-4 years,Medium-High,"yfinance, screener.in",100,85,2026-07-17,2026-07-18,2026-06-01,47,-3.0,7,0.0
SOLEX,SOLEX ENERGY LIMITED,Technology,Solar,1078.0,Small-Cap,None,,0.0,0,,,Downtrend,False,False,Below-MAs,False,Downtrend,0,Uptrend,Uptrend,1010.5,,,858.92,9670.44,30913.51,98821.2,30913.51,2959.2,453.1,11.22,,4.26,0.05,7.06,6.0,66.11,,0,none,46.3,35.8,6.0,11.0,1.5,5.93,11.92,144.41,115.35,,127.91,219.67,,304.5,0.75,consistent growth,1.32,,1.23,,-25.69,-2.38,66.15,0.0,,0.13,-0.12,0.81,-0.17,1985.0,795.45,49.1,27.0,-17.03,65.87,,-0.24,5,37.0,2.0,13.0,0.0,52.0,WATCH ⭐⭐,Expected ~453% CAGR (2yr) | Revenue CAGR 115% | Profit CAGR 220% | ROE 46% | ROCE 36% | ROCE trend rising ↑,High D/E 1.3,3-4 years,Medium-High,"yfinance, screener.in",100,101,,2026-07-18,2026-06-01,47,-24.9,7,-16.0
KAPSTON,Kapston Services Limited,Industrials,Specialty Business Services,1264.0,Small-Cap,MonthlyDoubleBottom,Forming,0.622,14,Sep 14mo | Mid rally 72% | Asymmetry 9%,,Uptrend,True,False,Tight-Above-MAs,True,Stage2,4,Uptrend,Uptrend,325.05,65.23,36.33,276.29,323.18,402.03,500.13,402.03,23.7,11.2,45.04,,10.86,1.85,32.74,0.0,,,0,none,27.4,14.9,2.0,5.0,0.5,3.39,7.7,20.46,,,55.56,,,24.3,1.0,steady compounder (low CV),1.58,,1.43,,-17.41,-1.38,72.87,0.0,,,,,,439.0,231.58,26.0,40.4,43.92,332.06,0.43,0.17,5,20.0,22.96,1.0,8.0,52.0,WATCH ⭐⭐,Expected ~11% CAGR (2yr) | Revenue CAGR 17% | Profit CAGR 24% | ROE 27% | ROCE trend rising ↑ | Promoter 73% holding,High D/E 1.6 | Pattern still forming (not broken out),3-4 years,Medium-High,"yfinance, screener.in",80,98,,2026-07-18,2026-06-01,47,0.0,7,-7.0
RISHABH,Rishabh Instruments Limited,Technology,Scientific & Technical Instruments,2560.0,Small-Cap,MonthlyStage2,Breaking Out,1.0,24,10-EMA=417 | 30-EMA=404 | Above by 31.0% | MA turning=Yes,,Uptrend,True,True,Uptrend,True,Downtrend,0,Uptrend,Uptrend,529.2,403.96,209.95,449.82,666.67,786.21,927.17,786.21,48.6,21.9,31.45,21.02,3.42,1.75,19.22,30.0,,630.0,1,none,12.0,14.5,-0.69,16.0,-0.71,10.52,6.01,7.64,10.78,14.72,290.48,17.93,17.9,207.7,0.15,highly inconsistent earnings,0.11,,3.02,,-33.72,-1.32,69.55,-0.12,,0.1,-0.14,11.72,-0.85,692.8,272.3,23.6,94.3,87.26,,1.75,1.09,4,11.0,27.0,4.0,10.0,52.0,WATCH ⭐⭐,Expected ~22% CAGR (2yr) | Low D/E 0.11 | Promoter 70% holding | Margin compressing ↓ ⚠️ | MonthlyStage2 — Breaking Out | Weekly uptrend,Margin compression ↓,3-4 years,Medium-High,"yfinance, screener.in",100,33,,2026-07-18,2026-06-01,47,0.0,7,-1.0
DOMS,DOMS Industries Limited,Industrials,Business Equipment & Supplies,14421.0,Mid-Cap,MonthlyDoubleBottom,Forming,0.456,14,Sep 14mo | Mid rally 49% | Asymmetry 3%,MonthlyDoubleBottom+MonthlyStage2,Sideways,False,False,Below-MAs,True,Stage2,4,Uptrend,Uptrend,2376.2,3060.88,2023.9,2019.77,1803.06,4097.86,3168.84,2390.31,72.5,31.3,62.9,43.24,11.82,1.93,36.22,13.0,26.0,2798.82,11,buy,20.7,24.3,4.71,17.0,2.34,9.89,12.16,21.59,24.27,41.85,12.15,32.57,44.57,17.1,0.15,highly inconsistent earnings,0.11,,2.17,,-86.9,-0.6,70.38,0.0,,7.62,-0.76,19.14,0.86,2770.0,2023.9,14.2,17.4,-1.26,,0.13,-0.33,6,35.0,11.97,3.0,2.0,52.0,WATCH ⭐⭐,Expected ~31% CAGR (2yr) | Revenue CAGR 24% | Profit CAGR 33% | ROE 21% | ROCE 24% | ROCE trend rising ↑,High PE 63 | Pattern still forming (not broken out),3-4 years,Medium-High,"yfinance, screener.in",100,32,,2026-07-18,2026-06-01,47,2.0,7,3.0
APARINDS,APAR Industries Limited,Industrials,Electrical Equipment & Parts,56477.0,Large-Cap,MonthlyDoubleBottom,Forming,0.535,45,Sep 45mo | Mid rally 63% | Asymmetry 10%,,Sideways-Above-MA,True,False,Tight-Above-MAs,True,Stage2,4,Uptrend,Uptrend,14058.0,837.93,488.3,11949.3,9146.59,11744.33,12151.13,10542.36,,,57.8,38.5,10.47,3.79,30.2,36.0,50.37,13547.29,7,buy,20.2,31.1,1.6,8.0,0.43,4.27,8.58,23.25,16.9,29.09,19.0,15.26,43.6,1.4,0.15,highly inconsistent earnings,0.18,,1.45,,-593.28,-1.05,57.77,0.0,,9.38,0.03,24.15,0.95,17157.0,6801.0,18.1,106.7,82.72,161.5,0.64,0.02,5,26.0,19.92,-1.0,7.0,51.9,WATCH ⭐⭐,Revenue CAGR 17% | ROE 20% | ROCE 31% | ROCE trend rising ↑ | Low D/E 0.18 | Promoter 58% holding,High PE 58 | Pattern still forming (not broken out),3-4 years,Medium-High,"yfinance, screener.in",100,265,,2026-07-18,2026-06-01,47,14.0,7,-5.0
GANDHITUBE,Gandhi Special Tubes Limited,Industrials,Metal Fabrication,1039.0,Small-Cap,MonthlyDoubleBottom,Forming,0.848,34,Sep 34mo | Mid rally 86% | Asymmetry 1%,,Uptrend,True,False,Uptrend,True,Stage2,4,Uptrend,Uptrend,855.15,515.59,276.77,726.88,1406.75,1406.75,1406.75,1406.75,64.5,28.3,15.2,,3.29,,12.28,175.0,14.47,,0,none,23.51,,,39.49,,35.65,16.0,8.9,,,-21.5,,,-21.6,0.5,insufficient history,0.0,,6.11,,47.37,4.56,73.52,0.0,,1.23,0.0,0.06,-0.03,1031.8,649.5,17.1,31.7,3.6,-1.94,0.1,0.76,4,21.0,24.68,4.0,2.0,51.7,WATCH ⭐⭐,Expected ~28% CAGR (2yr) | Declining profits (-22% CAGR) ⚠️ | ROE 24% | Nearly debt-free | Promoter 74% holding | OPM 39%,Pattern still forming (not broken out),3-4 years,Medium-High,"yfinance, screener.in",70,235,,2026-07-18,2026-06-01,47,-2.0,7,4.0
NAZARA,Nazara Technologies Limited,Communication Services,Electronic Gaming & Multimedia,11273.0,Mid-Cap,MonthlyStage2,Stage Change,1.0,24,10-EMA=270 | 30-EMA=250 | Above by 17.8% | MA turning=Yes,MonthlyDoubleBottom+MonthlyStage2,Sideways-Above-MA,True,False,Constructive,True,Downtrend,0,Uptrend,Uptrend,294.95,250.43,217.27,250.71,872.87,697.22,1063.09,963.3,136.4,53.7,11.19,41.12,3.84,1.08,50.65,0.0,,298.1,10,buy,30.5,27.2,3.11,-2.0,-2.17,5.24,0.34,12.62,18.79,32.14,60.78,10.36,42.41,79471.4,0.15,highly inconsistent earnings,0.06,,2.05,,157.84,1.4,35.45,0.0,,13.3,1.32,2.16,-1.46,363.25,215.7,18.8,36.7,-1.43,40.11,1.27,0.07,6,25.0,21.5,4.0,1.0,51.5,WATCH ⭐⭐,Expected ~54% CAGR (2yr) | Revenue CAGR 19% | ROE 30% | ROCE 27% | ROCE trend rising ↑ | Nearly debt-free,Margin compression ↓,3-4 years,Medium-High,"yfinance, screener.in",100,63,,2026-07-18,2026-06-01,47,0.0,7,-2.0
RESPONIND,Responsive Industries Limited,Basic Materials,Specialty Chemicals,5022.0,Small-Cap,MonthlyDoubleBottom,Forming,1.0,42,Sep 42mo | Mid rally 183% | Asymmetry 1%,,Sideways-Above-MA,True,True,Constructive,True,Stage2,1,Uptrend,Uptrend,165.42,206.53,72.68,140.61,194.11,355.95,652.74,355.95,115.2,46.7,33.76,,3.21,0.4,21.4,5.0,0.0,,0,none,10.3,10.8,2.2,17.0,1.26,10.65,5.94,-1.69,12.69,13.02,-25.63,83.38,43.88,-57.9,0.15,highly inconsistent earnings,0.12,,6.16,,-50.99,-1.02,59.14,0.0,,32.2,0.97,3.22,-0.06,246.9,117.25,33.0,41.1,-22.45,-21.08,2.03,0.7,6,21.0,22.5,7.0,1.0,51.5,WATCH ⭐⭐,Expected ~47% CAGR (2yr) | Profit CAGR 83% | ROCE trend rising ↑ | Low D/E 0.12 | Promoter 59% holding | Piotroski F=6 (above average quality),Pattern still forming (not broken out),3-4 years,Medium-High,"yfinance, screener.in",100,188,,2026-07-18,2026-06-01,47,0.0,7,0.0
GRINDWELL,Grindwell Norton Limited,Industrials,Building Products & Equipment,22793.0,Mid-Cap,MonthlyDoubleBottom,Forming,1.0,33,Sep 33mo | Mid rally 112% | Asymmetry 5%,MonthlyCupHandle+MonthlyDoubleBottom+MonthlyStage2,Uptrend,True,False,Uptrend,True,Stage2,4,Uptrend,Uptrend,2052.3,2913.24,1342.7,1744.46,1073.56,4483.78,1179.77,1125.41,118.5,47.8,54.94,41.53,9.0,11.37,38.29,92.0,9.43,1995.67,3,buy,16.2,21.2,-0.8,19.0,-0.34,13.53,9.35,9.28,6.54,13.41,12.4,4.83,11.87,28.8,0.15,highly inconsistent earnings,0.02,,2.81,,375.83,1.65,58.04,0.0,,5.56,-0.83,19.18,0.83,2294.4,1329.0,10.6,54.4,32.16,-33.53,0.9,0.51,4,18.0,26.5,-1.0,8.0,51.5,WATCH ⭐⭐,Expected ~48% CAGR (2yr) | ROCE 21% | Nearly debt-free | Promoter 58% holding | DII buying +0.8% ↑ | MonthlyDoubleBottom forming (33mo base),High PE 55 | Earnings due 2026-07-23 | Pattern still forming (not broken out),3-4 years,Medium-High,"yfinance, screener.in",100,239,2026-07-23,2026-07-18,2026-06-01,47,9.3,7,1.0
TANLA,Tanla Platforms Limited,Technology,Software - Application,7272.0,Small-Cap,MonthlyDoubleBottom,Forming,1.0,33,Sep 33mo | Mid rally 174% | Asymmetry 9%,,Uptrend,True,False,Uptrend,True,Downtrend,0,Uptrend,Uptrend,568.5,1955.0,684.52,650.29,1120.44,3225.48,1220.04,1169.18,467.4,138.2,14.39,12.27,2.93,3.31,9.8,218.0,14.47,571.5,2,none,21.4,26.3,-6.29,16.0,-0.83,11.53,10.8,9.68,9.61,13.54,0.39,4.35,7.41,14.5,0.15,highly inconsistent earnings,0.02,,2.3,,366.23,5.04,46.17,0.0,,7.63,0.03,0.38,0.1,766.0,365.9,25.8,55.4,-5.17,-63.9,0.27,0.66,4,22.0,25.5,4.0,0.0,51.5,WATCH ⭐⭐,Expected ~138% CAGR (2yr) | ROE 21% | ROCE 26% | Nearly debt-free | Margin compressing ↓ ⚠️ | FCF yield 5.0%,Margin compression ↓ | Earnings due 2026-07-23 | Pattern still forming (not broken out),3-4 years,Medium-High,"yfinance, screener.in",100,235,2026-07-23,2026-07-18,2026-06-01,47,8.6,7,7.0
JASH,Jash Engineering Limited,Industrials,Specialty Industrial Machinery,3351.0,Small-Cap,MonthlyStage2,Stage Change,1.0,24,10-EMA=461 | 30-EMA=435 | Above by 22.5% | MA turning=Yes,MonthlyCupHandle+MonthlyDoubleBottom+MonthlyStage2,Uptrend,True,True,Tight-Above-MAs,True,Stage2,4,Uptrend,Uptrend,532.9,434.88,344.33,452.96,431.98,525.43,556.3,490.22,,,44.43,24.38,6.46,3.3,32.82,34.0,-20.63,600.5,2,none,16.0,17.7,0.31,14.0,-0.0,10.35,6.33,0.14,22.33,19.74,-12.64,13.48,19.64,56.9,0.15,highly inconsistent earnings,0.2,,2.04,,22.98,0.69,43.24,-0.19,,1.79,-0.21,0.39,-0.1,622.9,327.1,14.4,62.9,3.96,57.24,0.71,-0.13,6,21.0,28.5,-1.0,3.0,51.5,WATCH ⭐⭐,Revenue CAGR 22% | ROCE trend rising ↑ | Low D/E 0.20 | Piotroski F=6 (above average quality) | MonthlyStage2 forming (24mo base) | Weekly uptrend,None identified,3-4 years,Medium-High,"yfinance, screener.in",100,106,,2026-07-18,2026-06-01,47,42.8,7,14.0
KPITTECH,KPIT Technologies Limited,Technology,Software - Infrastructure,15292.0,Mid-Cap,MonthlyDoubleBottom,Forming,0.447,10,Sep 10mo | Mid rally 48% | Asymmetry 3%,,Sideways,False,False,Below-MAs,True,Downtrend,0,Uptrend,Uptrend,743.7,1906.37,1271.82,1208.23,1221.64,2540.92,1703.03,1442.39,241.7,84.8,24.15,16.41,4.32,1.34,10.96,151.0,-18.13,732.43,21,hold,21.0,26.3,3.31,19.0,0.86,9.87,10.63,10.49,24.25,25.96,-24.17,18.07,34.08,-33.4,0.15,highly inconsistent earnings,0.24,,1.03,,1172.31,7.67,39.41,0.0,,13.25,-0.32,24.65,-0.7,1328.0,543.35,44.0,36.9,-32.77,-53.43,1.77,-0.04,6,33.0,10.36,8.0,0.0,51.4,WATCH ⭐⭐,Expected ~85% CAGR (2yr) | Revenue CAGR 24% | ROE 21% | ROCE 26% | ROCE trend rising ↑ | Low D/E 0.24,Earnings due 2026-07-29 | Pattern still forming (not broken out),3-4 years,Medium-High,"yfinance, screener.in",100,86,2026-07-29,2026-07-18,2026-06-01,47,0.0,7,2.0
PANSARI,Pansari Developers Limited,Real Estate,Real Estate - Development,633.0,Small-Cap,MonthlyDoubleBottom,Forming,0.963,14,Sep 14mo | Mid rally 106% | Asymmetry 10%,,Downtrend,False,False,Below-MAs,False,Stage2,3,Uptrend,Uptrend,258.45,152.0,70.2,219.68,539.17,1161.59,2502.54,1161.59,349.4,112.0,37.18,,4.11,0.32,44.83,0.0,,,0,none,13.8,12.5,1.11,15.0,0.0,20.7,1.73,140.0,61.01,21.67,150.0,115.44,37.97,53.1,0.15,highly inconsistent earnings,0.65,,1.15,,-12.13,-1.92,73.88,0.0,,,,,,388.9,230.79,33.5,12.0,26.23,174.7,0.88,-0.44,3,23.0,15.06,7.0,6.0,51.1,WATCH ⭐⭐,Expected ~112% CAGR (2yr) | Revenue CAGR 61% | Profit CAGR 115% | ROCE trend rising ↑ | Promoter 74% holding | PEG 0.32 — deeply undervalued,Pattern still forming (not broken out),3-4 years,Medium-High,"yfinance, screener.in",100,111,,2026-07-18,2026-06-01,47,0.0,7,-5.0
MRF,MRF Limited,Consumer Cyclical,Auto Parts,57012.0,Large-Cap,MonthlyDoubleBottom,Forming,0.547,40,Sep 40mo | Mid rally 61% | Asymmetry 6%,,Downtrend,False,False,Below-MAs,False,Stage2,3,Uptrend,Uptrend,126730.0,97766.92,58930.66,107720.5,461841.58,461198.88,993382.24,677336.86,263.9,90.8,23.47,16.3,2.72,0.5,11.22,35.0,-74.22,136991.9,10,hold,12.5,15.7,1.17,16.0,0.26,7.79,6.39,10.65,10.63,14.02,29.8,46.66,13.69,37.1,0.15,highly inconsistent earnings,0.15,,1.65,,2325.5,4.08,27.77,0.04,,17.98,-0.2,12.25,-0.25,163600.0,122000.0,22.5,3.9,-3.12,3.03,0.62,0.15,7,28.0,11.06,11.0,1.0,51.1,WATCH ⭐⭐,Expected ~91% CAGR (2yr) | Profit CAGR 47% | ROCE trend rising ↑ | Low D/E 0.15 | FCF yield 4.1% | Piotroski F=7 (high quality compounder),Earnings due 2026-05-07 | Pattern still forming (not broken out),3-4 years,Medium-High,"yfinance, screener.in",100,287,2026-05-07,2026-07-18,2026-06-01,47,0.0,7,-2.0
TBOTEK,TBO TEK LIMITED,Consumer Cyclical,Travel Services,16070.0,Mid-Cap,MonthlyDoubleBottom,Forming,0.756,11,Sep 11mo | Mid rally 76% | Asymmetry 1%,,Sideways-Above-MA,True,False,Constructive,True,Stage2,3,Uptrend,Uptrend,1457.3,1764.8,996.0,1238.7,1145.26,2533.6,1598.17,1352.89,73.9,31.9,66.24,32.3,10.38,3.65,40.45,0.0,,1729.27,11,strong_buy,17.6,18.0,2.91,14.0,4.94,9.12,2.35,54.12,35.97,79.92,6.09,18.13,27.3,2.0,0.15,highly inconsistent earnings,0.49,,1.08,,961.73,5.98,44.4,0.0,,29.71,-1.14,20.34,1.33,1764.8,1004.2,17.4,45.1,12.37,,0.82,0.68,4,28.0,18.07,1.0,4.0,51.1,WATCH ⭐⭐,Expected ~32% CAGR (2yr) | Revenue CAGR 36% | ROCE trend rising ↑ | FCF yield 6.0% | DII buying +1.3% ↑ | MonthlyDoubleBottom forming (11mo base),High PE 66 | Pattern still forming (not broken out),3-4 years,Medium-High,"yfinance, screener.in",100,27,,2026-07-18,2026-06-01,47,23.7,7,13.0
SARDAEN,Sarda Energy & Minerals Limited,Basic Materials,Steel,17653.0,Mid-Cap,MonthlyDoubleBottom,Forming,1.0,20,Sep 20mo | Mid rally 119% | Asymmetry 0%,,Downtrend,False,False,Below-MAs,False,Stage2,1,Uptrend,Uptrend,495.8,12.83,5.84,421.43,820.92,1005.22,1230.89,1005.22,102.7,42.4,15.97,10.58,2.4,0.71,10.09,30.0,25.99,,0,none,16.1,17.4,-1.03,31.0,0.2,19.43,8.41,22.55,10.55,20.94,57.98,22.45,24.15,45.9,0.15,highly inconsistent earnings,0.35,,4.5,,582.53,3.3,73.16,0.0,,3.51,0.01,3.47,0.15,639.75,429.3,22.5,15.5,-16.03,100.82,0.13,0.41,6,26.0,16.0,8.0,1.0,51.0,WATCH ⭐⭐,Expected ~42% CAGR (2yr) | Profit CAGR 22% | Promoter 73% holding | OPM 31% | FCF yield 3.3% | Piotroski F=6 (above average quality),Pattern still forming (not broken out),3-4 years,Medium-High,"yfinance, screener.in",100,200,,2026-07-18,2026-06-01,47,-7.8,7,-4.0
DLINKINDIA,D-Link (India) Limited,Technology,Communication Equipment,1798.0,Small-Cap,MonthlyStage2,Breaking Out,1.0,24,10-EMA=458 | 30-EMA=421 | Above by 20.4% | MA turning=Yes,MonthlyCupHandle+MonthlyDoubleBottom+MonthlyStage2,Sideways-Above-MA,True,False,Constructive,False,Downtrend,0,Uptrend,Uptrend,506.45,420.68,352.15,430.48,883.08,940.84,1002.37,940.84,85.8,36.3,17.27,,3.56,2.64,12.82,751.0,40.1,,0,none,21.2,28.3,2.37,8.0,0.54,6.65,10.0,13.15,9.86,16.59,0.5,6.54,27.39,0.7,0.15,highly inconsistent earnings,0.03,,2.56,,-0.62,-0.03,51.02,0.0,,1.35,0.09,0.01,0.0,549.55,367.65,7.8,37.8,9.38,45.79,1.57,0.26,5,21.0,23.0,4.0,3.0,51.0,WATCH ⭐⭐,Expected ~36% CAGR (2yr) | ROE 21% | ROCE 28% | ROCE trend rising ↑ | Nearly debt-free | Promoter 51% holding,None identified,3-4 years,Medium-High,"yfinance, screener.in",100,200,,2026-07-18,2026-06-01,47,9.0,7,-1.2
PIDILITIND,Pidilite Industries Limited,Basic Materials,Specialty Chemicals,162691.0,Large-Cap,MonthlyDoubleBottom,Forming,0.288,29,Sep 29mo | Mid rally 33% | Asymmetry 4%,MonthlyDoubleBottom+MonthlyStage2,Sideways,False,False,Below-MAs,True,Stage2,1,Uptrend,Uptrend,1455.8,1695.86,1252.42,1237.43,585.98,2139.3,904.2,727.91,47.0,21.2,66.66,52.69,15.02,2.75,45.23,72.0,25.99,1636.05,20,buy,23.9,31.0,1.03,24.0,0.63,16.77,13.26,11.12,7.36,14.89,17.89,24.22,17.02,37.2,0.4,lumpy earner,0.04,,2.38,,1837.48,1.13,69.32,0.0,,11.75,-0.26,9.56,0.35,1626.7,1259.0,10.5,15.6,3.7,-8.79,1.29,0.36,6,35.0,10.96,0.0,5.0,51.0,WATCH ⭐⭐,Expected ~21% CAGR (2yr) | Profit CAGR 24% | ROE 24% | ROCE 31% | ROCE trend rising ↑ | Nearly debt-free,High PE 67 | Earnings due 2026-05-07 | Pattern still forming (not broken out),3-4 years,Medium-High,"yfinance, screener.in",100,287,2026-05-07,2026-07-18,2026-06-01,47,0.0,7,2.0
SHRIPISTON,SPR Auto Technologies Limited,Consumer Cyclical,Auto Parts,18455.0,Mid-Cap,None,,0.0,0,,,Uptrend,True,False,Tight-Above-MAs,True,Stage2,3,Uptrend,Uptrend,4240.5,,,3604.42,7393.58,9170.26,11373.87,9170.26,116.3,47.1,33.44,21.92,6.36,1.39,,24.0,-12.64,4850.0,1,none,21.4,20.8,2.29,20.0,1.37,8.02,,25.61,19.56,22.8,8.72,24.03,44.52,-50.6,0.4,lumpy earner,,,1.94,,,,43.75,0.0,,7.65,1.03,12.89,-0.25,4421.5,2301.2,4.1,84.3,69.95,270.38,,,4,24.0,15.0,4.0,8.0,51.0,WATCH ⭐⭐,Expected ~47% CAGR (2yr) | Revenue CAGR 20% | Profit CAGR 24% | ROE 21% | ROCE 21% | ROCE trend rising ↑,None identified,3-4 years,Medium-High,"yfinance, screener.in",70,122,,2026-07-18,2026-06-01,47,27.9,7,3.0
SMSPHARMA,SMS Pharmaceuticals Limited,Healthcare,Drug Manufacturers - General,3771.0,Small-Cap,MonthlyDoubleBottom,Forming,1.0,9,Sep 9mo | Mid rally 126% | Asymmetry 1%,MonthlyCupHandle+MonthlyDoubleBottom,Uptrend,True,False,Tight-Above-MAs,True,Stage2,6,Uptrend,Uptrend,397.95,397.02,174.82,338.26,572.65,676.01,798.03,676.01,69.9,30.3,36.12,,4.92,2.0,23.35,10.0,10.06,,0,none,14.3,13.3,-0.34,19.0,-0.6,11.5,6.53,13.28,19.33,9.52,47.83,18.05,26.09,61.0,0.15,highly inconsistent earnings,0.47,,1.81,,-95.11,-2.52,68.07,0.0,,0.65,0.34,2.83,-0.19,447.8,207.99,11.1,91.3,69.15,186.71,0.35,0.3,4,14.0,27.0,2.0,8.0,51.0,WATCH ⭐⭐,Expected ~30% CAGR (2yr) | Revenue CAGR 19% | Promoter 68% holding | Margin compressing ↓ ⚠️ | Dividend growing 10%/yr | MonthlyDoubleBottom forming (9mo base),Margin compression ↓ | Pattern still forming (not broken out),3-4 years,Medium-High,"yfinance, screener.in",100,234,,2026-07-18,2026-06-01,47,-3.0,7,5.0
CHOICEIN,Choice International Limited,Financial Services,Capital Markets,18602.0,Mid-Cap,None,,0.0,0,,,Sideways-Above-MA,True,False,Constructive,True,Stage2,12,Uptrend,Uptrend,835.0,,,709.75,382.62,605.68,958.8,605.68,,,74.62,55.56,9.88,1.28,,0.0,,,0,none,16.1,18.0,1.66,36.0,1.94,20.62,7.69,21.5,41.74,44.76,46.01,58.3,69.52,12.7,0.15,highly inconsistent earnings,0.5,,1.97,,,,53.66,0.0,,11.41,-0.75,0.35,0.05,860.5,568.7,3.0,46.8,5.8,333.38,,-0.37,5,33.0,9.0,4.0,5.0,51.0,WATCH ⭐⭐,Revenue CAGR 42% | Profit CAGR 58% | ROCE trend rising ↑ | Promoter 54% holding | OPM 36% | Piotroski F=5 (above average quality),High PE 75,3-4 years,Medium-High,"yfinance, screener.in",90,52,,2026-07-18,2026-06-01,47,26.7,7,9.0
SIGMA,Sigma Solve Limited,Technology,Information Technology Services,394.0,Micro-Cap,MonthlyDoubleBottom,Forming,0.616,13,Sep 13mo | Mid rally 71% | Asymmetry 9%,,Downtrend,False,False,Below-MAs,False,Downtrend,0,Uptrend,Uptrend,37.88,307.38,171.56,162.98,75.76,443.2,91.77,83.38,1070.0,242.1,16.53,,5.13,1.64,13.71,13.0,35.72,,0,none,37.8,48.3,0.66,30.0,-1.14,24.97,22.7,26.32,19.68,35.52,26.32,10.06,36.85,-21.4,0.15,highly inconsistent earnings,0.03,,5.24,,17.02,4.32,73.21,0.0,,0.0,0.0,0.02,0.02,65.5,35.46,42.2,6.8,-4.74,-116.73,0.11,0.14,6,35.0,9.89,6.0,0.0,50.9,WATCH ⭐⭐,Expected ~242% CAGR (2yr) | Revenue CAGR 20% | ROE 38% | ROCE 48% | ROCE trend rising ↑ | Nearly debt-free,Margin compression ↓ | Pattern still forming (not broken out),3-4 years,Medium-High,"yfinance, screener.in",100,69,,2026-07-18,2026-06-01,47,-7.9,7,-1.0
AEROFLEX,Aeroflex Industries Limited,Industrials,Metal Fabrication,5473.0,Small-Cap,MonthlyStage2,Stage Change,1.0,24,10-EMA=315 | 30-EMA=235 | Above by 75.9% | MA turning=Yes,MonthlyDoubleBottom+MonthlyStage2,Sideways-Above-MA,True,False,Constructive,False,Stage2,4,Uptrend,Uptrend,413.55,235.12,165.64,351.52,188.83,304.6,286.29,232.51,,,97.08,45.45,12.24,4.2,55.83,10.0,20.0,410.0,1,none,14.1,18.9,-1.14,23.0,1.09,12.56,9.29,17.55,18.0,25.14,5.66,23.13,56.32,57.0,0.15,highly inconsistent earnings,0.02,,2.92,,-14.26,-0.26,65.47,-1.52,,1.49,0.5,3.8,0.25,521.9,158.0,20.8,161.7,143.57,128.37,0.4,0.77,5,22.0,22.5,-1.0,7.0,50.5,WATCH ⭐⭐,Revenue CAGR 18% | Profit CAGR 23% | Nearly debt-free | Promoter 65% holding | Piotroski F=5 (above average quality) | Dividend growing 20%/yr,High PE 97,3-4 years,Medium-High,"yfinance, screener.in",100,36,,2026-07-18,2026-06-01,47,8.3,7,-8.5
DHANUKA,Dhanuka Agritech Limited,Basic Materials,Agricultural Inputs,4662.0,Small-Cap,MonthlyDoubleBottom,Forming,1.0,24,Sep 24mo | Mid rally 117% | Asymmetry 4%,,Downtrend,False,False,Below-MAs,False,Stage2,1,Uptrend,Uptrend,1045.9,1975.0,889.6,889.02,1546.95,3060.4,1955.42,1739.23,192.6,71.1,16.42,13.44,2.8,1.32,11.03,19.0,-47.72,1401.88,8,buy,22.0,28.3,-0.57,20.0,0.66,14.22,10.87,15.69,11.25,12.69,24.27,12.43,16.07,29.5,0.15,highly inconsistent earnings,0.02,,4.09,,112.15,2.41,69.72,0.0,,1.93,-0.21,19.43,0.65,1975.0,889.6,47.0,17.6,-33.73,8.18,0.16,0.3,6,27.0,16.5,7.0,0.0,50.5,WATCH ⭐⭐,Expected ~71% CAGR (2yr) | ROE 22% | ROCE 28% | Nearly debt-free | Promoter 70% holding | Piotroski F=6 (above average quality),Pattern still forming (not broken out),3-4 years,Medium-High,"yfinance, screener.in",100,182,,2026-07-18,2026-06-01,47,-11.5,7,-2.0
SUZLON,Suzlon Energy Limited,Industrials,Specialty Industrial Machinery,74107.0,Large-Cap,MonthlyDoubleBottom,Forming,1.0,15,Sep 15mo | Mid rally 155% | Asymmetry 7%,MonthlyDoubleBottom+MonthlyStage2,Sideways-Above-MA,True,False,Constructive,False,Stage2,4,Uptrend,Uptrend,53.33,419.96,159.56,151.58,62.52,680.36,66.45,64.45,1175.8,257.2,23.34,23.2,7.84,7.55,23.93,0.0,0.0,65.85,13,strong_buy,40.6,35.1,4.74,18.0,0.6,18.97,10.78,53.65,40.98,37.98,52.65,3.09,30.0,-5.7,0.15,highly inconsistent earnings,0.06,,1.65,,-430.29,-0.58,11.73,0.0,,23.85,0.12,9.18,-0.05,68.3,38.19,21.9,39.6,-4.59,91.5,0.32,0.69,6,26.0,21.5,2.0,1.0,50.5,WATCH ⭐⭐,Expected ~257% CAGR (2yr) | Revenue CAGR 41% | ROE 41% | ROCE 35% | ROCE trend rising ↑ | Nearly debt-free,Earnings due 2026-08-12 | Pattern still forming (not broken out),3-4 years,Medium-High,"yfinance, screener.in",100,250,2026-08-12,2026-07-18,2026-06-01,47,0.8,7,0.0
XCHANGING,Xchanging Solutions Limited,Technology,Information Technology Services,722.0,Small-Cap,MonthlyDoubleBottom,Forming,1.0,32,Sep 32mo | Mid rally 210% | Asymmetry 1%,,Sideways,False,False,Below-MAs,True,Downtrend,0,Uptrend,Uptrend,65.25,80.36,25.74,55.46,174.8,191.32,209.4,191.32,193.2,71.2,12.14,,1.82,1.29,7.02,308.0,-89.47,,0,none,15.8,18.0,1.23,34.0,0.66,29.3,8.34,9.73,5.27,0.7,18.0,9.45,-0.99,10.9,0.15,highly inconsistent earnings,0.18,,4.97,,29.48,4.08,75.0,0.0,,0.11,0.1,0.29,0.0,103.0,47.5,36.7,37.4,-23.06,-42.71,0.24,0.59,6,24.0,18.5,8.0,0.0,50.5,WATCH ⭐⭐,Expected ~71% CAGR (2yr) | ROCE trend rising ↑ | Low D/E 0.18 | Promoter 75% holding | OPM 34% | FCF yield 4.1%,Pattern still forming (not broken out),3-4 years,Medium-High,"yfinance, screener.in",100,257,,2026-07-18,2026-06-01,47,-2.1,7,0.0
MOTILALOFS,Motilal Oswal Financial Services Limited,Financial Services,Capital Markets,58971.0,Large-Cap,MonthlyDoubleBottom,Forming,1.0,40,Sep 40mo | Mid rally 267% | Asymmetry 2%,MonthlyDoubleBottom+MonthlyStage2,Sideways-Above-MA,True,False,Below-MAs,True,Stage2,12,Uptrend,Uptrend,850.95,1525.03,411.93,723.31,720.54,2638.13,1144.66,908.17,210.0,76.1,32.15,16.35,4.57,1.23,,112.0,33.89,1113.0,5,strong_buy,15.5,12.7,-1.06,41.0,-1.26,23.22,4.83,12.48,30.95,20.94,-25.36,26.04,8.15,,0.15,highly inconsistent earnings,1.66,,1.15,,,,67.54,-0.08,,7.03,0.1,6.02,-0.4,1097.1,614.9,22.4,38.4,6.31,-2.89,0.5,0.2,2,19.0,21.5,7.0,3.0,50.5,WATCH ⭐⭐,Expected ~76% CAGR (2yr) | Revenue CAGR 31% | Profit CAGR 26% | Promoter 68% holding | OPM 41% | Margin compressing ↓ ⚠️,High D/E 1.7 | Margin compression ↓ | Pattern still forming (not broken out),3-4 years,Medium-High,"yfinance, screener.in",90,225,,2026-07-18,2026-06-01,47,0.0,7,1.0
LINCOLN,Lincoln Pharmaceuticals Limited,Healthcare,Drug Manufacturers - Specialty & Generic,1233.0,Small-Cap,MonthlyStage2,Stage Change,1.0,24,10-EMA=592 | 30-EMA=559 | Above by 27.2% | MA turning=Yes,MonthlyCupHandle+MonthlyDoubleBottom+MonthlyStage2,Uptrend,True,True,Tight-Above-MAs,True,Stage2,6,Uptrend,Uptrend,710.35,558.63,456.45,603.8,2060.19,2192.66,2333.65,2192.66,208.7,75.7,14.02,,1.63,2.18,10.19,29.0,6.27,,0,none,12.3,16.3,-1.89,15.0,-1.23,13.1,6.16,7.7,9.58,9.62,7.32,6.43,7.26,0.5,0.15,highly inconsistent earnings,0.01,,5.25,,2.59,0.21,49.78,0.0,,5.2,0.5,1.08,1.07,770.0,440.0,7.7,61.4,33.68,54.55,0.77,0.36,4,11.0,28.5,4.0,7.0,50.5,WATCH ⭐⭐,Expected ~76% CAGR (2yr) | Nearly debt-free | Margin compressing ↓ ⚠️ | DII buying +1.1% ↑ | EV/EBITDA 10× below sector (22×) | MonthlyStage2 forming (24mo base),Margin compression ↓,3-4 years,Medium-High,"yfinance, screener.in",100,126,,2026-07-18,2026-06-01,47,0.0,7,2.0
SBCL,Shivalik Bimetal Controls Limited,Industrials,Metal Fabrication,4303.0,Small-Cap,MonthlyStage2,Stage Change,1.0,24,10-EMA=599 | 30-EMA=529 | Above by 39.8% | MA turning=Yes,MonthlyDoubleBottom+MonthlyStage2,Uptrend,True,False,Uptrend,True,Stage2,4,Uptrend,Uptrend,740.0,529.49,387.85,629.0,499.33,671.13,568.59,532.84,,,44.84,29.88,8.9,6.68,32.53,55.0,18.56,777.0,1,strong_buy,21.8,26.8,-0.43,23.0,0.4,16.79,12.78,12.4,6.7,22.86,24.68,6.71,30.88,23.7,0.15,highly inconsistent earnings,0.15,,3.47,,-2.47,-0.06,33.36,0.18,,1.73,-0.86,20.0,0.29,814.0,368.6,9.1,100.8,53.79,1.9,1.16,0.57,4,17.0,26.5,-1.0,8.0,50.5,WATCH ⭐⭐,ROE 22% | ROCE 27% | Low D/E 0.15 | Dividend growing 19%/yr | MonthlyStage2 forming (24mo base) | Weekly uptrend,None identified,3-4 years,Medium-High,"yfinance, screener.in",100,62,,2026-07-18,2026-06-01,47,16.9,7,2.0
TECHNOE,Techno Electric & Engineering Company Limited,Industrials,Engineering & Construction,12214.0,Mid-Cap,MonthlyDoubleBottom,Forming,1.0,34,Sep 34mo | Mid rally 107% | Asymmetry 4%,,Downtrend,False,False,Below-MAs,False,Stage2,4,Uptrend,Uptrend,1052.9,409.79,194.21,894.97,1896.64,2135.64,3526.1,2586.07,102.8,42.4,27.25,16.88,2.94,0.75,21.55,86.0,65.1,1460.0,3,none,11.4,14.8,0.6,14.0,-1.43,14.57,5.06,43.32,57.65,29.76,12.06,36.35,21.1,-15.0,0.15,highly inconsistent earnings,0.02,,4.06,,-870.88,-7.13,56.93,0.0,,8.65,0.12,22.72,-0.33,1589.1,870.0,33.7,21.0,-29.06,75.63,0.24,0.77,4,25.0,16.5,9.0,0.0,50.5,WATCH ⭐⭐,Expected ~42% CAGR (2yr) | Revenue CAGR 58% | Profit CAGR 36% | ROCE trend rising ↑ | Nearly debt-free | Promoter 57% holding,Margin compression ↓ | Pattern still forming (not broken out),3-4 years,Medium-High,"yfinance, screener.in",100,232,,2026-07-18,2026-06-01,47,-11.8,7,3.0
ELECTHERM,Electrotherm (India) Limited,Basic Materials,Steel,1427.0,Small-Cap,MonthlyStage2,Stage Change,1.0,24,10-EMA=921 | 30-EMA=802 | Above by 39.6% | MA turning=Yes,MonthlyDoubleBottom+MonthlyStage2,Uptrend,True,False,Tight-Above-MAs,True,Stage2,1,Uptrend,Uptrend,1119.5,801.65,555.35,951.57,,1047.95,,,,,,,-9.27,,55.98,0.0,0.0,,0,none,,0.45,2.31,1.0,-0.46,-0.42,-0.01,-10.28,6.3,7.95,-103.62,164.08,171.43,-92.7,0.2,multiple loss years in history,,,0.53,,250.96,17.59,29.9,0.0,,5.86,-0.03,0.8,-0.05,1277.0,551.0,12.3,103.2,32.47,701.39,0.3,0.7,3,15.0,28.5,-1.0,8.0,50.5,WATCH ⭐⭐,Profit CAGR 164% | ROCE trend rising ↑ | FCF yield 17.6% | MonthlyStage2 forming (24mo base) | Weekly uptrend | Tight daily consolidation above MAs,None identified,3-4 years,Medium-High,"yfinance, screener.in",70,228,,2026-07-18,2026-06-01,47,60.1,7,15.5
YATHARTH,Yatharth Hospital & Trauma Care Services Limited,Healthcare,Medical Care Facilities,7995.0,Small-Cap,None,,0.0,0,,,Uptrend,True,False,Uptrend,True,Stage2,6,Uptrend,Uptrend,844.35,,,717.7,1330.65,1488.83,2500.41,1824.05,76.3,32.8,45.67,26.3,4.73,1.23,25.24,0.0,,986.0,4,strong_buy,10.4,12.4,-1.97,24.0,-1.46,14.22,7.17,40.35,36.17,41.21,29.77,37.08,53.42,22.7,0.4,lumpy earner,0.15,,3.87,,-88.68,-1.11,55.8,0.0,,5.25,-0.93,12.0,0.98,889.9,538.25,5.1,56.9,22.38,99.55,,0.95,4,25.0,13.0,6.0,6.0,50.0,WATCH ⭐⭐,Expected ~33% CAGR (2yr) | Revenue CAGR 36% | Profit CAGR 37% | Low D/E 0.15 | Promoter 56% holding | Margin compressing ↓ ⚠️,Margin compression ↓,3-4 years,Medium-High,"yfinance, screener.in",100,36,,2026-07-18,2026-06-01,47,1.4,7,-14.0
PITTIENG,Pitti Engineering Limited,Industrials,Metal Fabrication,3576.0,Small-Cap,MonthlyDoubleBottom,Forming,1.0,23,Sep 23mo | Mid rally 133% | Asymmetry 9%,MonthlyCupHandle+MonthlyDoubleBottom+MonthlyStage2,Sideways-Above-MA,True,True,Constructive,True,Stage2,4,Uptrend,Uptrend,921.65,1510.04,621.3,783.4,1371.2,2398.78,2176.58,1727.58,160.3,61.3,30.49,19.94,3.62,1.17,11.92,15.0,6.27,1178.0,1,none,12.5,14.8,-0.7,16.0,0.34,6.16,7.58,12.2,20.26,29.86,-3.28,25.99,32.4,-26.4,0.15,highly inconsistent earnings,0.82,,1.4,,-25.93,-0.73,54.17,0.0,,1.12,0.19,20.23,0.0,1044.4,675.0,11.8,36.5,-1.28,128.8,0.57,0.27,4,18.0,22.0,8.0,2.0,50.0,WATCH ⭐⭐,Expected ~61% CAGR (2yr) | Revenue CAGR 20% | Profit CAGR 26% | Promoter 54% holding | PEG 1.17 — fair value | EV/EBITDA 12× below sector (18×),Pattern still forming (not broken out),3-4 years,Medium-High,"yfinance, screener.in",100,232,,2026-07-18,2026-06-01,47,0.0,7,0.0
EMCURE,EMCURE PHARMACEUTICALS L,Healthcare,Drug Manufacturers - Specialty & Generic,34416.0,Large-Cap,None,,0.0,0,,,Uptrend,True,False,Tight-Above-MAs,True,Stage2,6,Uptrend,Uptrend,1814.4,,,1542.24,2572.06,2597.99,3627.0,3054.32,43.2,19.7,37.17,24.29,6.95,1.98,20.01,17.0,,1913.5,6,strong_buy,20.1,24.0,-0.2,20.0,-0.97,10.04,9.62,16.57,15.42,12.83,33.1,18.75,17.56,28.8,0.15,highly inconsistent earnings,0.31,,1.43,,311.29,0.9,77.87,0.0,,3.35,-0.24,6.1,0.0,1944.0,1260.0,6.7,44.0,31.38,,,,4,22.0,15.0,5.0,8.0,50.0,WATCH ⭐⭐,Expected ~20% CAGR (2yr) | Revenue CAGR 15% | ROE 20% | ROCE 24% | Promoter 78% holding | Margin compressing ↓ ⚠️,Margin compression ↓,3-4 years,Medium-High,"yfinance, screener.in",100,25,,2026-07-18,2026-06-15,33,4.5,5,1.0
BETA,BETA DRUGS LIMITED,Healthcare,Drug Manufacturers - Specialty & Generic,2389.0,Small-Cap,MonthlyStage2,Breaking Out,1.0,24,10-EMA=1735 | 30-EMA=1561 | Above by 51.6% | MA turning=Yes,MonthlyDoubleBottom+MonthlyStage2,Uptrend,True,False,Tight-Above-MAs,True,Stage2,6,Uptrend,Uptrend,2366.8,1561.16,1051.6,2011.78,1792.86,2070.72,2160.3,1968.03,,,57.8,,9.8,5.92,31.99,0.0,,,0,none,18.8,19.2,-1.23,20.0,-0.4,10.78,7.85,6.35,19.26,27.12,-2.38,9.77,27.86,0.2,0.15,highly inconsistent earnings,0.6,,3.1,,-33.59,-1.41,59.1,-5.53,,2.95,1.79,6.01,3.86,2395.0,990.1,1.2,139.0,27.2,112.92,1.51,-0.52,4,12.0,30.0,0.0,8.0,50.0,WATCH ⭐⭐,Revenue CAGR 19% | Promoter 59% holding | FII buying +1.8% ↑ | DII buying +3.9% ↑ | MonthlyStage2 — Breaking Out | Weekly uptrend,High PE 58,3-4 years,Medium-High,"yfinance, screener.in",100,106,,2026-07-18,2026-06-15,33,33.6,5,9.0
KANPRPLA,Kanpur Plastipack Limited,Consumer Cyclical,Packaging & Containers,477.0,Micro-Cap,MonthlyDoubleBottom,Forming,0.69,16,Sep 16mo | Mid rally 75% | Asymmetry 6%,,Downtrend,False,False,Below-MAs,True,Stage2,3,Uptrend,Uptrend,193.47,148.82,82.49,164.45,2183.42,4703.96,10134.21,4703.96,2331.4,393.1,11.45,,1.78,0.1,8.88,45.0,-9.14,,0,none,17.2,17.9,-0.4,9.0,-0.54,5.5,6.93,14.67,14.74,9.78,263.64,115.44,5.92,400.0,0.15,highly inconsistent earnings,0.42,,1.74,,16.89,3.54,68.03,-0.09,,0.02,0.02,1.4,-0.08,247.0,151.25,21.7,27.9,1.04,62.85,0.6,0.48,5,24.0,11.78,12.0,2.0,49.8,MONITOR ⭐,Expected ~393% CAGR (2yr) | Profit CAGR 115% | Promoter 68% holding | Margin compressing ↓ ⚠️ | FCF yield 3.5% | Piotroski F=5 (above average quality),Margin compression ↓ | Pattern still forming (not broken out),3-4 years,Medium-High,"yfinance, screener.in",100,65,,2026-07-18,2026-06-01,47,0.0,7,0.0
SCHAEFFLER,Schaeffler India Limited,Consumer Cyclical,Auto Parts,63850.0,Large-Cap,MonthlyCupHandle,Forming,0.924,24,Cup 24mo | Depth 23% | Prior gain 30% | R²=1.00,MonthlyCupHandle+MonthlyDoubleBottom,Sideways-Above-MA,True,False,Constructive,False,Stage2,3,Uptrend,Uptrend,4113.5,4584.62,3519.0,3496.47,3480.81,5650.24,4254.78,3848.39,37.4,17.2,52.63,40.55,10.56,4.98,33.8,86.0,13.4,4788.71,7,buy,20.2,27.3,0.0,18.0,-0.2,12.03,,4.24,11.67,,5.65,10.56,,25.6,0.15,highly inconsistent earnings,0.01,,,,,,74.13,0.0,,4.25,-0.2,16.32,0.21,4467.7,3518.4,7.9,16.9,8.14,12.4,0.18,0.01,1,23.0,21.59,2.0,3.0,49.6,MONITOR ⭐,Expected ~17% CAGR (2yr) | ROE 20% | ROCE 27% | Nearly debt-free | Promoter 74% holding | Dividend growing 13%/yr,High PE 53 | Earnings due 2026-07-23 | Pattern still forming (not broken out),3-4 years,Medium-High,"yfinance, screener.in",80,289,2026-07-23,2026-07-18,2026-06-01,47,3.2,7,-5.5
ANUP,The Anup Engineering Limited,Industrials,Specialty Industrial Machinery,4344.0,Small-Cap,MonthlyStage2,Stage Change,0.344,24,10-EMA=2105 | 30-EMA=2062 | Above by 5.2% | MA turning=Yes,,Uptrend,True,False,Tight-Above-MAs,True,Stage2,4,Uptrend,Uptrend,2168.6,2062.09,1571.2,1843.31,2369.14,2868.07,3472.09,2868.07,32.3,15.0,39.37,29.89,6.29,1.87,25.5,79.0,61.98,2532.5,2,buy,17.1,20.7,0.6,21.0,-1.31,13.43,9.64,12.14,41.85,27.39,-6.78,21.06,20.67,-15.8,0.15,highly inconsistent earnings,0.16,,2.47,,-75.39,-1.74,40.92,0.0,,3.18,-0.85,16.41,0.3,2939.1,1422.3,26.2,52.5,-0.54,72.66,0.24,-0.07,5,27.0,20.63,2.0,0.0,49.6,MONITOR ⭐,Expected ~15% CAGR (2yr) | Revenue CAGR 42% | Profit CAGR 21% | ROCE 21% | ROCE trend rising ↑ | Low D/E 0.16,Margin compression ↓,3-4 years,Medium-High,"yfinance, screener.in",100,89,,2026-07-18,2026-07-01,17,14.1,3,9.6
INSECTICID,Insecticides (India) Limited,Basic Materials,Agricultural Inputs,1918.0,Small-Cap,MonthlyDoubleBottom,Forming,1.0,48,Sep 48mo | Mid rally 133% | Asymmetry 6%,,Downtrend,False,False,Below-MAs,False,Stage2,1,Uptrend,Uptrend,665.2,614.69,255.63,565.42,1359.85,1770.25,2304.52,1770.25,166.1,63.1,13.75,9.76,1.57,0.46,8.74,61.0,-30.66,,0,none,12.1,15.9,0.31,11.0,0.03,6.51,6.14,7.0,5.92,8.55,-2.11,30.18,8.14,-15.7,0.15,highly inconsistent earnings,0.13,,1.96,,-35.25,-1.84,72.3,0.0,,4.5,0.04,9.27,-0.13,1098.0,518.6,39.4,28.3,-18.25,11.16,0.19,0.41,5,22.0,16.5,11.0,0.0,49.5,MONITOR ⭐,Expected ~63% CAGR (2yr) | Profit CAGR 30% | ROCE trend rising ↑ | Low D/E 0.13 | Promoter 72% holding | Piotroski F=5 (above average quality),Pattern still forming (not broken out),3-4 years,Medium-High,"yfinance, screener.in",100,231,,2026-07-18,2026-06-01,47,-12.4,7,-5.0
SIS,SIS Limited,Industrials,Security & Protection Services,6154.0,Small-Cap,MonthlyStage2,Stage Change,1.0,24,10-EMA=370 | 30-EMA=369 | Above by 18.7% | MA turning=No,MonthlyDoubleBottom+MonthlyStage2,Uptrend,True,True,Tight-Above-MAs,True,Stage2,4,Uptrend,Uptrend,438.5,369.38,280.3,372.72,243.42,458.46,243.42,243.42,4.6,2.3,45.04,12.15,2.42,,10.57,321.0,100.0,443.25,4,strong_buy,13.9,13.7,-3.0,4.0,-0.54,0.86,4.66,21.18,12.1,11.86,1050.0,-26.39,-17.77,,0.15,highly inconsistent earnings,0.7,,1.45,,324.0,5.27,71.88,-0.14,,12.56,0.79,6.62,-0.53,480.95,257.05,8.8,70.6,25.19,-31.36,0.29,0.31,4,10.0,28.5,5.0,6.0,49.5,MONITOR ⭐,Expected ~2% CAGR (2yr) | Declining profits (-26% CAGR) ⚠️ | Promoter 72% holding | Margin compressing ↓ ⚠️ | FCF yield 5.3% | FII buying +0.8% ↑,Margin compression ↓,3-4 years,Medium-High,"yfinance, screener.in",100,108,,2026-07-18,2026-06-01,47,8.5,7,-0.5
VEEDOL,Veedol Corporation Limited,Basic Materials,Specialty Chemicals,2472.0,Small-Cap,MonthlyDoubleBottom,Forming,1.0,43,Sep 43mo | Mid rally 344% | Asymmetry 9%,,Sideways,False,False,Below-MAs,True,Stage2,1,Uptrend,Uptrend,1451.0,3109.05,670.89,1233.35,2881.57,5547.21,4055.25,3418.4,282.3,95.5,12.9,,2.53,0.69,10.06,399.0,-32.24,,0,none,19.7,24.2,-0.0,10.0,-0.4,8.84,9.06,10.1,5.37,11.51,13.61,18.63,6.37,-3.8,0.15,highly inconsistent earnings,0.01,,2.95,,104.96,4.25,64.58,0.0,,1.02,-0.04,1.17,0.0,2035.0,1238.2,28.7,17.2,-9.32,9.88,0.19,0.36,4,22.0,19.5,8.0,0.0,49.5,MONITOR ⭐,Expected ~96% CAGR (2yr) | ROCE 24% | Nearly debt-free | Promoter 65% holding | FCF yield 4.2% | PEG 0.69 — undervalued,Pattern still forming (not broken out),3-4 years,Medium-High,"yfinance, screener.in",100,235,,2026-07-18,2026-06-01,47,1.8,7,0.0
VENUSPIPES,Venus Pipes and Tubes Limited,Basic Materials,Steel,3745.0,Small-Cap,MonthlyStage2,Stage Change,1.0,24,10-EMA=1417 | 30-EMA=1359 | Above by 31.7% | MA turning=Yes,,Uptrend,True,True,Tight-Above-MAs,True,Stage2,1,Uptrend,Uptrend,1789.6,1359.26,894.0,1521.16,1125.04,1824.52,1278.45,1199.29,2.0,1.0,36.63,20.65,5.57,5.55,20.84,6.0,25.99,1935.67,6,strong_buy,16.99,,,14.27,,8.74,9.05,16.2,,,6.6,,,7.6,0.5,insufficient history,0.43,,1.42,,-148.34,-3.96,48.41,0.0,,2.71,-1.26,17.49,0.14,1875.0,890.0,4.6,101.1,50.85,-8.06,0.74,0.06,3,11.0,28.5,0.0,10.0,49.5,MONITOR ⭐,Expected ~1% CAGR (2yr) | Revenue CAGR 16% | Dividend growing 26%/yr | MonthlyStage2 forming (24mo base) | Weekly uptrend | Weekly volume expanding,None identified,3-4 years,Medium-High,"yfinance, screener.in",70,51,,2026-07-18,2026-06-15,33,24.1,5,11.0
S&SPOWER,S&S Power Switchgear Limited,Industrials,Electrical Equipment & Parts,455.0,Micro-Cap,MonthlyStage2,Stage Change,1.0,24,10-EMA=354 | 30-EMA=311 | Above by 18.4% | MA turning=Yes,MonthlyDoubleBottom+MonthlyStage2,Sideways-Above-MA,True,False,Constructive,False,Stage2,4,Uptrend,Uptrend,368.05,310.97,243.15,312.84,399.18,541.77,735.29,541.77,47.2,21.3,45.05,,5.1,1.26,47.52,0.0,,,0,none,12.8,9.29,3.17,4.0,1.26,3.83,1.89,41.94,23.55,14.87,350.0,35.72,58.49,,0.2,multiple loss years in history,0.44,,1.32,,-7.35,-1.62,74.97,0.0,,0.0,,0.24,0.0,468.9,193.5,21.5,90.2,0.11,458.48,0.26,0.48,4,22.0,22.5,3.0,2.0,49.5,MONITOR ⭐,Expected ~21% CAGR (2yr) | Revenue CAGR 24% | Profit CAGR 36% | ROCE trend rising ↑ | Promoter 75% holding | PEG 1.26 — fair value,None identified,3-4 years,Medium-High,"yfinance, screener.in",100,77,,2026-07-18,2026-07-15,3,0.0,1,0.0
AURIONPRO,Aurionpro Solutions Limited,Technology,Software - Application,4736.0,Small-Cap,MonthlyDoubleBottom,Forming,0.516,9,Sep 9mo | Mid rally 59% | Asymmetry 8%,,Sideways,False,False,Below-MAs,True,Downtrend,0,Uptrend,Uptrend,857.8,61.34,37.12,729.13,1651.75,2107.96,2690.18,2107.96,145.7,56.8,22.27,15.0,2.66,0.81,14.82,70.0,68.69,1095.0,2,strong_buy,13.4,16.3,3.0,20.0,-0.37,14.83,7.56,20.29,28.89,30.42,12.77,27.62,45.96,22.2,0.75,consistent growth,0.04,,2.41,,-163.96,-3.46,26.88,0.0,,16.29,-0.48,1.25,0.36,1665.9,719.6,48.5,19.2,-34.15,44.79,0.21,-0.34,5,29.0,11.19,9.0,0.0,49.2,MONITOR ⭐,Expected ~57% CAGR (2yr) | Revenue CAGR 29% | Profit CAGR 28% | ROCE trend rising ↑ | Nearly debt-free | EPS: consistent growth,Pattern still forming (not broken out),3-4 years,Medium-High,"yfinance, screener.in",100,250,,2026-07-18,2026-06-01,47,17.4,7,2.0
GOODLUCK,Goodluck India Limited,Basic Materials,Steel,5205.0,Small-Cap,MonthlyDoubleBottom,Forming,0.458,17,Sep 17mo | Mid rally 50% | Asymmetry 4%,,Uptrend,True,True,Uptrend,True,Stage2,1,Uptrend,Uptrend,1565.9,1345.67,875.74,1331.02,1545.59,1972.79,2518.07,1972.79,26.0,12.2,27.93,17.17,3.15,1.01,13.86,45.0,-12.64,1653.0,2,strong_buy,12.9,14.4,0.37,10.0,0.54,4.41,7.88,4.17,10.1,21.13,10.24,27.64,43.57,30.1,0.15,highly inconsistent earnings,0.73,,1.38,,-225.28,-4.33,56.44,0.0,,1.56,0.08,4.99,0.57,1575.0,915.0,0.6,71.1,33.16,152.18,0.45,-0.1,5,16.0,19.0,4.0,10.0,49.0,MONITOR ⭐,Expected ~12% CAGR (2yr) | Profit CAGR 28% | ROCE trend rising ↑ | Promoter 56% holding | Piotroski F=5 (above average quality) | DII buying +0.6% ↑,Pattern still forming (not broken out),3-4 years,Medium-High,"yfinance, screener.in",100,119,,2026-07-18,2026-06-01,47,15.3,7,-0.1
CENTRALBK,Central Bank of India,Financial Services,Banks - Regional,29508.0,Mid-Cap,MonthlyDoubleBottom,Forming,1.0,7,Sep 7mo | Mid rally 114% | Asymmetry 0%,,Sideways,False,False,Below-MAs,False,Stage2,12,Uptrend,Uptrend,32.6,20.82,9.73,27.71,150.1,208.61,289.92,208.61,539.9,153.0,6.52,,0.76,0.17,,426.0,24.0,,0,none,11.9,5.64,,34.41,,24.42,0.88,7.02,12.13,9.64,14.91,38.98,46.56,-32.5,0.75,consistent growth,,,,,,,81.19,-8.08,,0.84,0.09,10.82,6.0,40.92,29.32,20.3,11.2,-2.1,-28.67,0.43,0.4,2,20.0,18.0,10.0,1.0,49.0,MONITOR ⭐,Expected ~153% CAGR (2yr) | Profit CAGR 39% | Promoter 81% holding | OPM 34% | EPS: consistent growth | DII buying +6.0% ↑,Pattern still forming (not broken out),3-4 years,Medium-High,"yfinance, screener.in",80,228,,2026-07-18,2026-06-01,47,-4.2,7,4.0
GICL,GLOBE INTL CARRIERS LTD,Industrials,Integrated Freight & Logistics,202.0,Micro-Cap,MonthlyDoubleBottom,Forming,1.0,7,Sep 7mo | Mid rally 121% | Asymmetry 3%,,Downtrend,False,False,Below-MAs,False,Stage2,4,Uptrend,Uptrend,18.06,77.7,34.6,32.87,18.97,120.8,62.64,34.47,568.9,158.6,62.28,,2.57,0.76,17.42,0.0,,,0,none,12.5,15.9,1.51,11.0,1.2,5.63,7.99,11.46,15.36,16.95,140.0,81.71,64.38,-7.3,0.4,lumpy earner,0.46,,2.3,,-60.69,-30.01,63.49,0.0,,0.02,0.02,0.0,0.0,169.95,15.61,89.4,15.7,-83.53,-81.62,0.28,-0.25,6,26.0,15.0,8.0,0.0,49.0,MONITOR ⭐,Expected ~159% CAGR (2yr) | Revenue CAGR 15% | Profit CAGR 82% | ROCE trend rising ↑ | Promoter 63% holding | Piotroski F=6 (above average quality),High PE 62 | Pattern still forming (not broken out),3-4 years,Medium-High,"yfinance, screener.in",100,113,,2026-07-18,2026-06-15,33,-18.7,5,2.0
M&M,Mahindra & Mahindra Limited,Consumer Cyclical,Auto Manufacturers,375767.0,Large-Cap,MonthlyDoubleBottom,Forming,0.864,42,Sep 42mo | Mid rally 91% | Asymmetry 4%,,Downtrend,False,False,Below-MAs,False,Stage2,3,Uptrend,Uptrend,3092.3,930.3,477.38,2628.45,7781.24,7150.1,10808.91,9170.97,131.2,52.1,20.58,19.61,3.76,1.15,12.04,105.0,26.63,4118.79,34,strong_buy,20.3,15.1,1.29,19.0,0.86,8.47,7.15,24.76,17.85,21.74,32.32,17.86,65.23,41.6,0.15,highly inconsistent earnings,1.25,,1.27,,12813.47,3.41,18.45,0.02,,36.23,-1.26,31.37,0.98,3839.9,2896.0,19.5,6.8,5.64,95.56,0.75,0.34,6,21.0,14.87,11.0,2.0,48.9,MONITOR ⭐,Expected ~52% CAGR (2yr) | Revenue CAGR 18% | ROE 20% | ROCE trend rising ↑ | FCF yield 3.4% | Piotroski F=6 (above average quality),High D/E 1.3 | Earnings due 2026-07-30 | Pattern still forming (not broken out),3-4 years,Medium-High,"yfinance, screener.in",100,365,2026-07-30,2026-07-18,2026-06-01,47,0.0,7,0.0
MARUTI,Maruti Suzuki India Limited,Consumer Cyclical,Auto Manufacturers,435573.0,Large-Cap,MonthlyDoubleBottom,Forming,0.506,46,Sep 46mo | Mid rally 51% | Asymmetry 0%,MonthlyDoubleBottom+MonthlyStage2,Downtrend,False,False,Below-MAs,False,Stage2,3,Uptrend,Uptrend,12956.0,9282.39,6134.0,11012.6,24209.51,24026.25,35662.25,29383.08,85.4,36.2,29.67,22.3,4.06,1.39,19.5,102.0,31.04,15991.0,38,buy,14.4,19.0,2.8,12.0,1.2,8.01,6.55,19.88,15.96,21.1,1.24,21.37,27.31,-6.4,0.15,highly inconsistent earnings,0.0,,1.07,,7713.18,1.77,58.53,0.25,,14.12,-1.64,24.09,1.25,17370.0,12201.0,25.4,6.2,13.33,13.6,0.59,0.27,6,26.0,10.57,9.0,3.0,48.6,MONITOR ⭐,Expected ~36% CAGR (2yr) | Revenue CAGR 16% | Profit CAGR 21% | ROCE trend rising ↑ | Nearly debt-free | Promoter 59% holding,Earnings due 2026-04-28 | Pattern still forming (not broken out),3-4 years,Medium-High,"yfinance, screener.in",100,275,2026-04-28,2026-07-18,2026-06-01,47,0.0,7,0.0
FCL,Fineotex Chemical Limited,Basic Materials,Specialty Chemicals,4307.0,Small-Cap,MonthlyStage2,Stage Change,1.0,24,10-EMA=31 | 30-EMA=29 | Above by 28.6% | MA turning=Yes,MonthlyDoubleBottom+MonthlyStage2,Uptrend,True,False,Tight-Above-MAs,True,Stage2,1,Uptrend,Uptrend,36.99,28.76,19.24,31.44,26.27,38.28,32.7,29.31,3.5,1.7,33.94,26.42,3.49,2.93,22.78,43.0,58.74,28.0,1,none,13.5,18.3,-1.86,17.0,0.26,14.08,7.68,44.84,14.3,28.66,14.68,11.57,22.67,58.3,0.15,highly inconsistent earnings,0.01,,2.8,,-75.68,-1.76,62.3,-0.27,,2.92,0.39,1.27,-0.01,47.18,19.1,21.6,93.7,56.78,-6.08,0.33,0.53,4,14.0,28.5,-1.0,7.0,48.5,MONITOR ⭐,Expected ~2% CAGR (2yr) | Nearly debt-free | Promoter 62% holding | Dividend growing 59%/yr | MonthlyStage2 forming (24mo base) | Weekly uptrend,None identified,3-4 years,Medium-High,"yfinance, screener.in",100,139,,2026-07-18,2026-06-01,47,11.3,7,-0.5
PNB,Punjab National Bank,Financial Services,Banks - Regional,121147.0,Large-Cap,MonthlyDoubleBottom,Forming,1.0,36,Sep 36mo | Mid rally 236% | Asymmetry 1%,MonthlyCupHandle+MonthlyDoubleBottom,Downtrend,False,False,Below-MAs,False,Stage2,12,Uptrend,Uptrend,101.3,214.75,63.74,86.1,586.17,668.47,1825.84,1034.53,559.9,156.9,6.59,6.35,0.81,0.09,,290.0,66.5,119.38,16,hold,13.0,6.13,,29.4,,31.22,0.95,5.45,14.62,9.8,-0.46,76.49,46.95,2.7,0.15,highly inconsistent earnings,,,,,,,70.08,0.0,,6.39,0.46,16.05,-0.04,135.15,98.5,25.0,2.8,2.05,84.12,0.85,0.53,2,18.0,16.5,12.0,2.0,48.5,MONITOR ⭐,Expected ~157% CAGR (2yr) | Profit CAGR 76% | Promoter 70% holding | OPM 29% | Dividend growing 66%/yr | PEG 0.09 — deeply undervalued,Earnings due 2026-07-30 | Pattern still forming (not broken out),3-4 years,Medium-High,"yfinance, screener.in",80,287,2026-07-30,2026-07-18,2026-06-01,47,0.0,7,0.0
SONACOMS,Sona BLW Precision Forgings Limited,Consumer Cyclical,Auto Parts,41586.0,Large-Cap,MonthlyStage2,Stage Change,1.0,24,10-EMA=570 | 30-EMA=547 | Above by 22.3% | MA turning=Yes,MonthlyCupHandle+MonthlyDoubleBottom+MonthlyStage2,Uptrend,True,False,Uptrend,True,Stage2,3,Uptrend,Uptrend,668.55,546.74,410.42,568.27,521.91,683.06,711.76,609.49,2.2,1.1,64.91,42.09,6.95,3.87,39.91,54.0,6.56,630.13,15,buy,11.3,14.2,-1.29,24.0,-0.4,14.39,7.08,25.47,18.78,23.22,4.83,16.78,23.95,16.9,0.15,highly inconsistent earnings,0.07,,3.4,,-318.42,-0.77,28.01,-0.01,,23.7,-0.19,41.46,0.72,682.2,402.3,2.0,66.2,52.29,-11.83,0.38,0.38,4,13.0,26.5,-1.0,10.0,48.5,MONITOR ⭐,Expected ~1% CAGR (2yr) | Revenue CAGR 19% | Nearly debt-free | DII buying +0.7% ↑ | MonthlyStage2 forming (24mo base) | Weekly uptrend,High PE 65 | Earnings due 2026-04-30,3-4 years,Medium-High,"yfinance, screener.in",100,62,2026-04-30,2026-07-18,2026-06-01,47,15.3,7,0.6
IDBI,IDBI Bank Limited,Financial Services,Banks - Regional,89127.0,Large-Cap,MonthlyDoubleBottom,Forming,1.0,46,Sep 46mo | Mid rally 161% | Asymmetry 6%,MonthlyCupHandle+MonthlyDoubleBottom+MonthlyStage2,Sideways,False,False,Below-MAs,True,Stage2,12,Uptrend,Uptrend,88.65,163.43,60.67,75.35,267.9,362.52,490.57,362.52,308.9,102.2,9.67,16.92,1.3,0.27,,255.0,63.0,,0,none,14.1,5.92,,15.58,,43.38,2.1,0.36,12.12,7.78,20.65,35.32,43.24,,0.75,consistent growth,,,,,,,94.72,0.0,,0.56,0.04,0.08,-0.04,118.38,61.01,25.1,45.3,4.38,28.21,0.36,0.81,2,19.0,19.5,9.0,1.0,48.5,MONITOR ⭐,Expected ~102% CAGR (2yr) | Profit CAGR 35% | Promoter 95% holding | EPS: consistent growth | Dividend growing 63%/yr | PEG 0.27 — deeply undervalued,Pattern still forming (not broken out),3-4 years,Medium-High,"yfinance, screener.in",80,367,,2026-07-18,2026-06-01,47,20.5,7,1.0
RPGLIFE,RPG Life Sciences Limited,Healthcare,Drug Manufacturers - Specialty & Generic,4725.0,Small-Cap,MonthlyStage2,Stage Change,1.0,24,10-EMA=2168 | 30-EMA=1956 | Above by 16.7% | MA turning=Yes,MonthlyDoubleBottom+MonthlyStage2,Sideways-Above-MA,True,False,Constructive,True,Stage2,6,Uptrend,Uptrend,2282.6,1956.12,1609.85,1940.21,1949.39,2302.39,1949.39,1949.39,0.9,0.4,40.98,99.96,7.81,,30.44,90.0,25.99,,0,none,19.3,25.7,,21.0,-4.0,16.28,10.84,8.42,,,-37.16,,,-74.5,0.5,insufficient history,0.03,,3.48,,-16.17,-0.34,72.95,0.0,,0.87,-0.13,7.45,0.41,2889.0,1733.0,21.0,31.7,0.65,137.07,0.85,-0.21,4,21.0,22.5,0.0,5.0,48.5,MONITOR ⭐,Expected ~0% CAGR (2yr) | Revenue CAGR 24% | Declining profits (-74% CAGR) ⚠️ | ROCE 26% | Nearly debt-free | Promoter 73% holding,Margin compression ↓,3-4 years,Medium-High,"yfinance, screener.in",80,286,,2026-07-18,2026-06-01,47,0.0,7,1.0
SAREGAMA,Saregama India Limited,Communication Services,Entertainment,9199.0,Mid-Cap,MonthlyStage2,Stage Change,1.0,24,10-EMA=423 | 30-EMA=422 | Above by 15.4% | MA turning=No,MonthlyDoubleBottom+MonthlyStage2,Uptrend,True,False,Uptrend,True,Downtrend,0,Uptrend,Uptrend,487.15,422.25,319.3,414.08,303.29,525.2,325.83,314.36,7.8,3.8,44.66,31.35,5.53,12.24,27.37,189.0,44.22,509.5,4,buy,13.0,17.8,-2.83,34.0,-0.2,21.03,7.22,-15.88,10.15,17.38,0.98,3.65,12.76,25.4,0.15,highly inconsistent earnings,0.04,,1.75,,403.43,4.39,60.84,0.45,,12.18,-2.0,7.1,2.06,520.0,307.05,6.3,58.7,3.0,0.72,0.15,0.59,4,20.0,25.5,0.0,3.0,48.5,MONITOR ⭐,Expected ~4% CAGR (2yr) | Nearly debt-free | Promoter 61% holding | OPM 34% | FCF yield 4.4% | DII buying +2.1% ↑,None identified,3-4 years,Medium-High,"yfinance, screener.in",100,289,,2026-07-18,2026-06-01,47,23.5,7,1.5
EIHAHOTELS,EIH Associated Hotels Limited,Consumer Cyclical,Lodging,1948.0,Small-Cap,MonthlyDoubleBottom,Forming,1.0,33,Sep 33mo | Mid rally 164% | Asymmetry 7%,,Sideways,False,False,Below-MAs,True,Stage2,3,Uptrend,Uptrend,319.75,327.18,119.64,271.79,768.48,919.71,1100.71,919.71,187.6,69.6,22.33,,3.23,1.13,14.6,110.0,100.0,,0,none,11.5,13.2,0.1,28.0,-0.8,22.72,9.26,8.84,5.66,3.48,33.33,19.68,1.76,-18.7,0.15,highly inconsistent earnings,0.01,,3.49,,31.58,1.62,75.0,0.0,,13.67,-0.03,,,434.9,266.65,26.5,19.9,-14.68,7.77,0.18,-0.04,5,21.0,19.5,8.0,0.0,48.5,MONITOR ⭐,Expected ~70% CAGR (2yr) | ROCE trend rising ↑ | Nearly debt-free | Promoter 75% holding | OPM 28% | Margin compressing ↓ ⚠️,Margin compression ↓ | Pattern still forming (not broken out),3-4 years,Medium-High,"yfinance, screener.in",100,220,,2026-07-18,2026-06-01,47,-1.8,7,3.0
SONAMLTD,Sonam Limited,Consumer Cyclical,"Furnishings, Fixtures & Appliances",218.0,Micro-Cap,MonthlyStage2,Stage Change,1.0,24,10-EMA=51 | 30-EMA=47 | Above by 23.1% | MA turning=Yes,MonthlyDoubleBottom+MonthlyStage2,Uptrend,True,False,Tight-Above-MAs,True,Stage2,3,Uptrend,Uptrend,57.63,46.83,39.02,48.99,74.34,77.16,80.09,77.16,33.9,15.7,29.69,,3.26,7.81,20.66,,0.0,,0,none,,,,8.35,,4.4,,50.8,,,3.8,,,3.9,0.5,insufficient history,0.3,,,,,,57.55,0.28,,0.26,0.24,,,63.0,37.4,8.5,54.1,19.53,59.58,0.2,-0.06,1,13.0,28.5,3.0,4.0,48.5,MONITOR ⭐,Expected ~16% CAGR (2yr) | Revenue CAGR 51% | Promoter 58% holding | EV/EBITDA 21× vs sector 25× | MonthlyStage2 forming (24mo base) | Weekly uptrend,None identified,3-4 years,Medium-High,"yfinance, screener.in",50,98,,2026-07-18,2026-06-01,47,12.1,7,3.5
BRIGADE,Brigade Enterprises Limited,Real Estate,Real Estate - Development,18741.0,Mid-Cap,MonthlyDoubleBottom,Forming,1.0,42,Sep 42mo | Mid rally 180% | Asymmetry 0%,,Downtrend,False,False,Below-MAs,False,Stage2,3,Uptrend,Uptrend,574.6,249.66,88.97,488.41,1055.91,1242.7,2324.13,1566.54,116.3,47.1,29.06,15.72,2.75,0.6,16.15,35.0,18.56,756.95,15,strong_buy,10.4,10.5,1.74,25.0,0.31,11.31,2.88,12.28,18.25,23.91,6.62,48.36,20.79,-41.1,0.2,multiple loss years in history,0.84,,1.24,,-2239.16,-11.95,41.1,-0.01,,15.83,-0.92,25.53,0.79,856.5,450.75,32.9,27.5,-36.69,-28.39,1.18,0.13,4,20.0,16.5,12.0,0.0,48.5,MONITOR ⭐,Expected ~47% CAGR (2yr) | Revenue CAGR 18% | Profit CAGR 48% | ROCE trend rising ↑ | DII buying +0.8% ↑ | Dividend growing 19%/yr,Earnings due 2026-05-06 | Pattern still forming (not broken out),3-4 years,Medium-High,"yfinance, screener.in",100,224,2026-05-06,2026-07-18,2026-07-01,17,-15.3,3,2.0
CRAFTSMAN,Craftsman Automation Limited,Consumer Cyclical,Auto Parts,24326.0,Mid-Cap,MonthlyDoubleBottom,Forming,0.886,13,Sep 13mo | Mid rally 91% | Asymmetry 2%,,Uptrend,True,False,Tight-Above-MAs,True,Stage2,3,Uptrend,Uptrend,9301.0,7115.25,3696.88,7905.85,7901.53,10533.62,10491.61,9104.93,13.3,6.4,57.8,29.36,6.8,3.8,21.21,12.0,10.06,9232.75,8,buy,12.5,13.9,-0.54,15.0,-2.66,4.76,6.19,41.81,36.35,38.91,91.04,15.23,31.68,74.4,0.15,highly inconsistent earnings,1.11,,1.18,,-939.73,-3.86,42.41,-6.29,,17.28,2.09,32.9,4.61,9938.0,5900.0,6.4,57.6,35.45,64.04,0.21,0.27,3,11.0,26.13,3.0,8.0,48.1,MONITOR ⭐,Expected ~6% CAGR (2yr) | Revenue CAGR 36% | Margin compressing ↓ ⚠️ | FII buying +2.1% ↑ | DII buying +4.6% ↑ | Dividend growing 10%/yr,High D/E 1.1 | High PE 58 | Margin compression ↓ | Pattern still forming (not broken out),3-4 years,Medium-High,"yfinance, screener.in",100,65,,2026-07-18,2026-06-01,47,9.0,7,-4.0
FORCEMOT,Force Motors Limited,Consumer Cyclical,Auto Manufacturers,23941.0,Mid-Cap,None,,0.0,0,,,Downtrend,False,False,Below-MAs,False,Stage2,3,Uptrend,Uptrend,18170.0,,,15444.5,114934.2,239465.4,498926.17,239465.4,1217.9,263.0,19.76,,5.81,0.18,15.87,22.0,58.74,,0,none,29.2,36.1,9.23,16.0,3.37,13.38,12.82,12.2,21.67,35.43,51.31,108.35,53.33,-35.9,0.2,multiple loss years in history,,,1.87,,-98.59,-0.41,61.63,0.0,,10.93,0.47,1.75,-0.05,26450.0,14911.0,31.3,21.9,-5.6,595.35,,0.53,6,33.0,3.0,12.0,0.0,48.0,MONITOR ⭐,Expected ~263% CAGR (2yr) | Revenue CAGR 22% | Profit CAGR 108% | ROE 29% | ROCE 36% | ROCE trend rising ↑,None identified,3-4 years,Medium-High,"yfinance, screener.in",90,83,,2026-07-18,2026-06-01,47,-5.4,7,-4.0
IRCTC,Indian Railway Catering & Tourism Corporation Limited,Consumer Cyclical,Travel Services,40260.0,Large-Cap,MonthlyDoubleBottom,Forming,0.621,37,Sep 37mo | Mid rally 67% | Asymmetry 5%,,Downtrend,False,False,Below-MAs,False,Stage2,3,Uptrend,Uptrend,499.6,1108.01,646.82,614.48,784.64,1569.2,974.79,874.56,214.1,77.2,28.91,22.12,9.34,2.52,22.49,191.0,-24.09,674.12,8,buy,34.6,46.1,-4.0,32.0,-1.3,26.72,14.05,11.55,13.77,,5.93,11.46,,-8.9,0.75,consistent growth,0.02,,2.15,,1005.71,2.5,62.4,0.0,,4.86,-2.33,14.86,0.84,781.9,492.65,36.1,1.4,-25.87,-48.79,0.25,0.12,5,30.0,11.95,6.0,0.0,48.0,MONITOR ⭐,Expected ~77% CAGR (2yr) | ROE 35% | ROCE 46% | Nearly debt-free | Promoter 62% holding | OPM 32%,Margin compression ↓ | Earnings due 2026-08-13 | Pattern still forming (not broken out),3-4 years,Medium-High,"yfinance, screener.in",100,82,2026-08-13,2026-07-18,2026-06-01,47,-5.7,7,-2.5
MUFTI,CREDO BRANDS MARKETING L,Consumer Cyclical,Apparel Retail,560.0,Small-Cap,None,,0.0,0,,,Sideways,False,False,Below-MAs,True,Stage2,3,Uptrend,Uptrend,77.93,,,66.24,381.78,471.92,583.34,471.92,505.6,146.1,11.81,,1.28,0.5,4.64,350.0,500.0,,0,none,18.4,19.1,-0.3,29.0,1.8,8.01,6.35,8.99,21.92,,15.25,23.61,,10.2,0.15,highly inconsistent earnings,0.52,,3.27,,97.72,17.45,55.01,0.0,,0.46,0.0,3.36,1.03,177.02,63.06,56.0,23.6,-44.54,,,1.07,6,31.0,6.0,11.0,0.0,48.0,MONITOR ⭐,Expected ~146% CAGR (2yr) | Revenue CAGR 22% | Profit CAGR 24% | Promoter 55% holding | OPM 29% | FCF yield 17.5%,None identified,3-4 years,Medium-High,"yfinance, screener.in",100,30,,2026-07-18,2026-06-01,47,0.0,7,-2.0
ZAGGLE,Zaggle Prepaid Ocean Services Limited,Technology,Software - Infrastructure,2799.0,Small-Cap,None,,0.0,0,,,Sideways,False,False,Below-MAs,False,Downtrend,0,Uptrend,Uptrend,214.35,,,182.2,647.76,1179.9,2149.18,1179.9,450.5,134.6,20.25,11.21,2.14,0.25,3.64,0.0,,430.0,2,strong_buy,10.4,14.0,-1.5,10.0,0.3,7.24,28.47,46.32,51.11,,57.95,82.15,,30.5,1.0,steady compounder (low CV),0.04,,8.72,,734.97,26.25,44.16,0.03,,4.06,-3.55,7.4,-0.35,431.95,186.05,50.4,15.2,-44.48,,,0.61,4,31.0,5.0,12.0,0.0,48.0,MONITOR ⭐,Expected ~135% CAGR (2yr) | Revenue CAGR 51% | Profit CAGR 82% | Nearly debt-free | FCF yield 26.3% | EPS: steady compounder (low CV),None identified,3-4 years,Medium-High,"yfinance, screener.in",100,35,,2026-07-18,2026-06-01,47,-2.7,7,3.0
COMSYN,Commercial Syn Bags Limited,Consumer Cyclical,Packaging & Containers,782.0,Small-Cap,None,,0.0,0,,,Uptrend,True,False,Tight-Above-MAs,True,Stage2,3,Uptrend,Uptrend,193.94,,,164.85,547.62,811.14,1201.46,811.14,318.2,104.5,30.98,,4.36,0.64,18.78,21.0,,,0,none,16.1,13.9,-0.17,12.0,0.03,6.8,6.97,11.53,10.1,12.69,52.94,48.12,16.72,-21.4,0.15,highly inconsistent earnings,0.72,,1.27,,-9.1,-1.16,59.18,0.0,,0.0,-0.17,0.06,-0.03,213.0,124.81,8.9,55.4,36.21,,,0.21,4,16.0,15.0,9.0,8.0,48.0,MONITOR ⭐,Expected ~104% CAGR (2yr) | Profit CAGR 48% | Promoter 59% holding | PEG 0.64 — undervalued | EV/EBITDA 19× vs sector 25× | Weekly uptrend,None identified,3-4 years,Medium-High,"yfinance, screener.in",100,31,,2026-07-18,2026-06-01,47,26.7,7,12.0
CEIGALL,CEIGALL INDIA LIMITED,Industrials,Engineering & Construction,6372.0,Small-Cap,None,,0.0,0,,,Sideways-Above-MA,True,False,Constructive,False,Stage2,4,Uptrend,Uptrend,365.8,,,310.93,784.06,728.09,1181.77,962.59,99.0,41.1,20.62,15.28,2.92,0.91,12.28,0.0,,376.33,3,hold,15.7,17.3,-4.0,15.0,-0.43,7.75,6.7,17.02,24.82,35.73,7.67,22.77,22.5,70.9,0.15,highly inconsistent earnings,0.61,,1.42,,107.93,1.69,82.05,0.0,,3.14,0.24,5.37,0.29,405.7,222.61,9.8,64.3,50.06,,,,2,20.0,9.0,11.0,8.0,48.0,MONITOR ⭐,Expected ~41% CAGR (2yr) | Revenue CAGR 25% | Profit CAGR 23% | Promoter 82% holding | PEG 0.91 — undervalued | EV/EBITDA 12× below sector (18×),None identified,3-4 years,Medium-High,"yfinance, screener.in",100,24,,2026-07-18,2026-07-15,3,0.0,1,0.0
APLLTD,Alembic Pharmaceuticals Limited,Healthcare,Drug Manufacturers - Specialty & Generic,16460.0,Mid-Cap,MonthlyDoubleBottom,Forming,0.855,29,Sep 29mo | Mid rally 94% | Asymmetry 9%,,Sideways-Above-MA,True,False,Constructive,True,Stage2,6,Uptrend,Uptrend,837.4,1289.56,635.8,711.79,2045.53,1943.32,3205.86,2560.79,132.1,52.3,24.39,17.45,2.9,0.97,15.81,143.0,3.23,918.2,10,buy,13.4,12.6,-1.51,15.0,-1.71,9.19,6.05,10.09,9.12,6.37,15.29,25.19,-10.15,29.2,0.15,highly inconsistent earnings,0.25,,1.76,,28.48,0.17,69.74,0.0,,4.26,0.03,16.17,0.0,1044.8,635.8,19.9,31.7,-9.72,-15.48,0.46,0.37,4,16.0,20.76,10.0,1.0,47.8,MONITOR ⭐,Expected ~52% CAGR (2yr) | Profit CAGR 25% | Low D/E 0.25 | Promoter 70% holding | Margin compressing ↓ ⚠️ | PEG 0.97 — undervalued,Margin compression ↓ | Pattern still forming (not broken out),3-4 years,Medium-High,"yfinance, screener.in",100,179,,2026-07-18,2026-06-01,47,11.5,7,5.0
SBFC,SBFC Finance Limited,Financial Services,Credit Services,10176.0,Mid-Cap,MonthlyDoubleBottom,Forming,0.519,24,Sep 24mo | Mid rally 62% | Asymmetry 10%,,Sideways,False,False,Below-MAs,True,Stage2,12,Uptrend,Uptrend,92.59,123.0,72.4,78.7,155.54,211.94,473.3,271.33,128.9,51.3,22.43,14.6,2.73,0.3,,0.0,,122.86,7,strong_buy,11.6,11.6,,62.31,,44.59,4.58,28.16,35.15,,45.57,74.44,,30.7,0.75,consistent growth,1.96,,4.46,,,,52.35,-0.47,,6.21,-0.67,21.97,2.44,123.0,79.6,24.7,16.3,-11.42,-20.51,0.33,0.6,3,23.0,13.73,11.0,0.0,47.7,MONITOR ⭐,Expected ~51% CAGR (2yr) | Revenue CAGR 35% | Profit CAGR 74% | Promoter 52% holding | OPM 62% | EPS: consistent growth,High D/E 2.0 | Pattern still forming (not broken out),3-4 years,Medium-High,"yfinance, screener.in",90,36,,2026-07-18,2026-06-01,47,2.0,7,-1.0
DMCC,DMCC Speciality Chemicals Limited,Basic Materials,Chemicals,657.0,Small-Cap,MonthlyDoubleBottom,Forming,0.84,14,Sep 14mo | Mid rally 85% | Asymmetry 1%,,Sideways-Above-MA,True,False,Uptrend,True,Stage2,1,Uptrend,Uptrend,263.6,449.34,242.55,230.42,371.61,656.13,914.0,582.8,148.9,57.8,24.03,,2.65,0.42,10.56,95.0,35.72,,0,none,11.5,15.3,-0.63,11.0,-0.86,4.7,7.2,35.03,14.57,23.82,22.73,56.83,-3.93,9.8,0.15,highly inconsistent earnings,0.29,,1.37,,-17.99,-2.74,53.84,0.0,,0.13,0.0,1.27,0.0,350.0,191.35,24.7,37.8,-14.2,-46.68,0.29,0.25,2,16.0,20.58,10.0,1.0,47.6,MONITOR ⭐,Expected ~58% CAGR (2yr) | Profit CAGR 57% | Low D/E 0.29 | Promoter 54% holding | Margin compressing ↓ ⚠️ | Dividend growing 36%/yr,Margin compression ↓ | Pattern still forming (not broken out),3-4 years,Medium-High,"yfinance, screener.in",100,56,,2026-07-18,2026-06-01,47,-10.8,7,-5.0
ORIENTELEC,Orient Electric Limited,Consumer Cyclical,"Furnishings, Fixtures & Appliances",3808.0,Small-Cap,MonthlyDoubleBottom,Forming,0.97,7,Sep 7mo | Mid rally 103% | Asymmetry 6%,,Sideways-Above-MA,True,False,Constructive,True,Stage2,3,Uptrend,Uptrend,188.88,275.14,131.19,160.55,306.86,419.09,514.62,397.39,121.9,49.0,39.66,22.53,5.01,1.34,19.43,84.0,0.0,236.85,13,strong_buy,13.18,,,6.13,,2.88,5.91,10.0,,,29.5,,,28.9,0.5,insufficient history,0.12,,1.43,,59.38,1.56,38.3,0.0,,3.42,-0.18,32.52,0.62,229.41,149.05,17.7,26.7,-7.34,-42.19,0.86,0.28,3,16.0,20.64,10.0,1.0,47.6,MONITOR ⭐,Expected ~49% CAGR (2yr) | Profit CAGR 30% | Low D/E 0.12 | DII buying +0.6% ↑ | PEG 1.34 — fair value | EV/EBITDA 19× vs sector 25×,Pattern still forming (not broken out),3-4 years,Medium-High,"yfinance, screener.in",70,97,,2026-07-18,2026-06-01,47,0.0,7,0.0
SHARDACROP,Sharda Cropchem Limited,Basic Materials,Agricultural Inputs,8253.0,Mid-Cap,MonthlyDoubleBottom,Forming,0.712,20,Sep 20mo | Mid rally 74% | Asymmetry 3%,,Sideways,False,False,Below-MAs,False,Stage2,1,Uptrend,Uptrend,921.15,515.05,292.69,782.98,2065.24,2063.83,3268.9,2598.28,124.0,49.7,12.12,11.12,2.63,0.47,7.38,202.0,0.0,1262.17,6,buy,24.2,30.4,-0.06,20.0,-0.46,12.93,8.51,21.94,9.2,17.07,124.01,25.81,24.35,56.5,0.15,highly inconsistent earnings,,,1.86,,-142.3,-1.72,74.82,0.0,,3.12,-1.48,9.18,-0.52,1297.0,755.55,29.0,21.9,-0.98,84.34,0.16,0.56,3,18.0,15.54,14.0,0.0,47.5,MONITOR ⭐,Expected ~50% CAGR (2yr) | Profit CAGR 26% | ROE 24% | ROCE 30% | Promoter 75% holding | PEG 0.47 — deeply undervalued,Pattern still forming (not broken out),3-4 years,Medium-High,"yfinance, screener.in",90,143,,2026-07-18,2026-06-01,47,0.5,7,-5.0
APLAPOLLO,APL Apollo Tubes Limited,Basic Materials,Steel,50975.0,Large-Cap,MonthlyDoubleBottom,Forming,1.0,13,Sep 13mo | Mid rally 119% | Asymmetry 4%,MonthlyCupHandle+MonthlyDoubleBottom,Downtrend,False,False,Below-MAs,False,Stage2,1,Uptrend,Uptrend,1835.9,218.88,97.89,1560.52,1153.81,1738.81,1753.56,1422.42,,,42.37,28.85,9.63,1.82,28.08,31.0,18.0,2213.39,20,strong_buy,25.3,31.6,-0.06,8.0,-0.06,5.21,11.95,11.55,12.6,22.11,58.92,23.28,24.14,20.9,0.15,highly inconsistent earnings,0.09,,1.34,,402.28,0.79,28.25,-0.02,,37.52,4.4,16.05,-3.86,2301.4,1492.0,20.2,23.0,15.71,-15.03,0.49,0.26,4,26.0,15.5,3.0,3.0,47.5,MONITOR ⭐,Profit CAGR 23% | ROE 25% | ROCE 32% | Nearly debt-free | FII buying +4.4% ↑ | Dividend growing 18%/yr,Earnings due 2026-07-23 | Pattern still forming (not broken out),3-4 years,Medium-High,"yfinance, screener.in",100,176,2026-07-23,2026-07-18,2026-06-01,47,-1.5,7,0.0
IOB,Indian Overseas Bank,Financial Services,Banks - Regional,66589.0,Large-Cap,MonthlyDoubleBottom,Forming,1.0,28,Sep 28mo | Mid rally 168% | Asymmetry 9%,,Downtrend,False,False,Below-MAs,False,Stage2,12,Uptrend,Uptrend,33.93,176.3,62.82,59.68,78.44,289.78,147.37,107.51,754.1,192.2,12.81,38.42,1.8,0.35,,0.0,-37.86,,0,none,15.6,6.12,,47.15,,36.96,1.25,13.33,18.01,13.44,59.54,37.07,48.2,42.5,0.4,lumpy earner,,,,,,,92.44,0.0,,0.43,0.08,4.28,0.02,41.8,31.2,18.8,8.8,-10.02,-14.84,0.14,0.28,2,22.0,16.5,8.0,1.0,47.5,MONITOR ⭐,Expected ~192% CAGR (2yr) | Revenue CAGR 18% | Profit CAGR 37% | Promoter 92% holding | OPM 47% | PEG 0.35 — deeply undervalued,Pattern still forming (not broken out),3-4 years,Medium-High,"yfinance, screener.in",80,289,,2026-07-18,2026-06-01,47,1.2,7,0.0
COCHINSHIP,Cochin Shipyard Limited,Industrials,Aerospace & Defense,37305.0,Large-Cap,MonthlyDoubleBottom,Forming,1.0,13,Sep 13mo | Mid rally 115% | Asymmetry 1%,MonthlyCupHandle+MonthlyDoubleBottom,Downtrend,False,False,Below-MAs,False,Stage2,4,Uptrend,Uptrend,1418.0,2529.76,1170.04,1205.3,1303.48,3889.48,2304.68,1733.24,174.3,65.6,52.07,32.08,6.35,1.58,45.07,93.0,-27.01,1455.75,4,hold,12.5,16.0,0.06,16.0,-1.17,14.27,3.05,4.19,28.53,12.24,-13.3,32.97,3.32,-3.7,0.15,highly inconsistent earnings,0.28,,1.33,,1064.16,2.85,67.91,0.0,,3.1,0.36,6.05,-0.42,1979.9,1187.0,28.4,19.5,-10.4,196.02,0.84,0.56,3,30.0,15.5,2.0,0.0,47.5,MONITOR ⭐,Expected ~66% CAGR (2yr) | Revenue CAGR 29% | Profit CAGR 33% | ROCE trend rising ↑ | Low D/E 0.28 | Promoter 68% holding,High PE 52 | Margin compression ↓ | Pattern still forming (not broken out),3-4 years,Medium-High,"yfinance, screener.in",100,108,,2026-07-18,2026-06-01,47,-4.8,7,1.0
360ONE,360 One Wam Limited,Financial Services,Asset Management,45915.0,Large-Cap,MonthlyDoubleBottom,Forming,0.46,6,Sep 6mo | Mid rally 51% | Asymmetry 5%,,Uptrend,True,False,Below-MAs,False,Stage2,12,Uptrend,Uptrend,1129.0,433.06,280.44,959.65,775.08,1100.78,1167.29,951.18,,,38.61,27.22,4.66,1.7,21.34,159.0,-28.26,1325.18,11,buy,14.4,12.1,0.63,62.0,1.34,27.16,7.1,18.4,28.47,21.4,19.8,22.72,26.94,15.7,0.4,lumpy earner,1.62,,13.02,,1433.27,3.12,6.24,-0.01,,63.33,-2.18,12.75,1.93,1236.2,906.05,8.7,24.6,13.0,115.03,0.59,0.39,5,24.0,16.52,3.0,4.0,47.5,MONITOR ⭐,Revenue CAGR 28% | Profit CAGR 23% | ROCE trend rising ↑ | OPM 62% | FCF yield 3.1% | Piotroski F=5 (above average quality),High D/E 1.6 | Earnings due 2026-07-16 | Pattern still forming (not broken out),3-4 years,Medium-High,"yfinance, screener.in",100,83,2026-07-16,2026-07-18,2026-06-01,47,2.8,7,4.0
SWSOLAR,Sterling and Wilson Renewable Energy Limited,Technology,Solar,5524.0,Small-Cap,MonthlyDoubleBottom,Forming,1.0,45,Sep 45mo | Mid rally 278% | Asymmetry 1%,,Uptrend,True,False,Tight-Above-MAs,True,Downtrend,0,Uptrend,Uptrend,241.15,828.0,218.45,207.53,363.18,1437.55,363.18,363.18,496.1,144.2,16.6,12.93,8.5,,21.58,0.0,,292.5,2,strong_buy,40.1,26.8,14.94,4.0,4.97,-4.1,3.35,19.77,55.31,8.24,-444.19,-42.44,,143.0,0.2,multiple loss years in history,1.83,,1.16,,25.75,0.47,45.73,0.0,,6.96,-0.23,3.19,0.21,341.0,148.0,29.3,62.9,-6.35,-61.98,0.25,0.66,4,18.0,27.5,2.0,0.0,47.5,MONITOR ⭐,Expected ~144% CAGR (2yr) | Revenue CAGR 55% | Declining profits (-42% CAGR) ⚠️ | ROE 40% | ROCE 27% | ROCE trend rising ↑,High D/E 1.8 | Pattern still forming (not broken out),3-4 years,Medium-High,"yfinance, screener.in",90,84,,2026-07-18,2026-06-01,47,21.9,5,6.0
DODLA,Dodla Dairy Limited,Consumer Defensive,Food Distribution,6745.0,Small-Cap,MonthlyDoubleBottom,Forming,0.579,13,Sep 13mo | Mid rally 58% | Asymmetry 0%,MonthlyDoubleBottom+MonthlyStage2,Sideways,False,False,Below-MAs,False,Stage2,15,Uptrend,Uptrend,1118.1,1522.83,964.1,950.38,2869.55,2757.32,4836.86,3725.54,146.6,57.0,25.25,19.88,4.03,0.85,20.51,45.0,150.0,1305.0,4,strong_buy,16.4,16.7,-1.17,8.0,-0.57,6.47,7.41,10.89,13.62,16.24,2.69,29.83,16.21,2.6,0.15,highly inconsistent earnings,0.03,,2.44,,111.17,1.65,58.92,0.0,,6.08,-0.36,25.85,0.51,1525.0,964.1,26.7,16.0,-17.05,25.67,0.12,0.28,5,22.0,13.45,12.0,0.0,47.4,MONITOR ⭐,Expected ~57% CAGR (2yr) | Profit CAGR 30% | Nearly debt-free | Promoter 59% holding | Margin compressing ↓ ⚠️ | Piotroski F=5 (above average quality),Margin compression ↓ | Pattern still forming (not broken out),3-4 years,Medium-High,"yfinance, screener.in",100,62,,2026-07-18,2026-06-01,47,8.6,7,3.0
BALMLAWRIE,Balmer Lawrie & Co. Ltd.,Industrials,Conglomerates,3067.0,Small-Cap,MonthlyDoubleBottom,Forming,0.563,45,Sep 45mo | Mid rally 60% | Asymmetry 4%,,Sideways-Above-MA,True,False,Below-MAs,False,Stage2,4,Uptrend,Uptrend,179.35,134.49,82.33,152.45,636.11,745.08,872.71,745.08,315.4,103.8,11.08,,1.48,0.65,7.92,722.0,-17.25,,0,none,13.7,14.6,1.77,13.0,1.03,10.18,5.54,8.46,5.53,12.23,4.25,17.13,18.61,12.5,0.4,lumpy earner,0.1,,2.13,,150.66,4.91,,,,2.22,0.06,1.79,0.0,238.2,148.36,24.7,20.9,-11.69,8.13,0.18,0.66,6,19.0,16.26,11.0,1.0,47.3,MONITOR ⭐,Expected ~104% CAGR (2yr) | ROCE trend rising ↑ | Low D/E 0.10 | FCF yield 4.9% | Piotroski F=6 (above average quality) | PEG 0.65 — undervalued,Pattern still forming (not broken out),3-4 years,Medium-High,"yfinance, screener.in",90,289,,2026-07-18,2026-06-01,47,-2.8,7,0.0
GRANULES,Granules India Limited,Healthcare,Drug Manufacturers - Specialty & Generic,22050.0,Mid-Cap,MonthlyDoubleBottom,Forming,0.715,32,Sep 32mo | Mid rally 78% | Asymmetry 6%,,Uptrend,True,False,Uptrend,True,Stage2,6,Uptrend,Uptrend,889.85,149.73,81.58,756.37,959.11,924.0,1053.39,1005.14,3.8,1.9,36.36,22.69,4.29,7.58,18.86,20.0,14.47,802.29,7,buy,13.7,15.5,-1.71,22.0,-0.43,11.09,7.95,19.72,5.95,10.63,18.53,4.8,1.62,32.6,0.15,highly inconsistent earnings,0.3,,1.8,,69.0,0.31,38.01,-0.01,,17.5,2.19,16.11,-0.9,901.8,432.6,1.3,105.7,81.67,176.43,0.48,0.06,4,11.0,23.08,3.0,10.0,47.1,MONITOR ⭐,Expected ~2% CAGR (2yr) | Low D/E 0.30 | FII buying +2.2% ↑ | Dividend growing 14%/yr | EV/EBITDA 19× vs sector 22× | MonthlyDoubleBottom forming (32mo base),Pattern still forming (not broken out),3-4 years,Medium-High,"yfinance, screener.in",100,254,,2026-07-18,2026-06-01,47,16.1,7,-3.0
BALUFORGE,Balu Forge Industries Limited,Industrials,Metal Fabrication,5348.0,Small-Cap,None,,0.0,0,,,Downtrend,False,False,Below-MAs,False,Stage2,4,Uptrend,Uptrend,465.1,,,395.34,1617.97,3041.3,5716.73,3041.3,553.9,155.7,19.45,,3.02,0.22,16.28,3.0,0.0,,0,none,19.6,22.7,-0.8,27.0,3.94,23.38,11.67,19.81,50.15,50.79,26.96,87.97,100.47,4.9,0.4,lumpy earner,0.1,,3.54,,-314.56,-5.88,54.39,-0.48,,6.03,-1.91,0.89,0.09,702.7,341.05,33.8,36.4,-23.51,,,0.5,5,34.0,3.0,10.0,0.0,47.0,MONITOR ⭐,Expected ~156% CAGR (2yr) | Revenue CAGR 50% | Profit CAGR 88% | ROCE 23% | Nearly debt-free | Promoter 54% holding,None identified,3-4 years,Medium-High,"yfinance, screener.in",100,28,,2026-07-18,2026-06-01,47,-0.9,7,-6.0
BASF,BASF India Limited,Basic Materials,Specialty Chemicals,15340.0,Mid-Cap,MonthlyDoubleBottom,Forming,0.789,12,Sep 12mo | Mid rally 81% | Asymmetry 2%,,Sideways,False,False,Below-MAs,True,Stage2,1,Uptrend,Uptrend,3543.8,263.81,144.65,3012.23,5462.69,14384.89,37879.73,14384.89,305.9,101.5,36.9,21.5,3.88,0.23,21.93,71.0,49.38,4120.0,1,hold,11.0,14.7,-2.6,4.0,-0.94,2.81,3.81,-2.07,25.31,62.52,-12.32,163.33,53.68,155.0,0.15,highly inconsistent earnings,0.03,,1.69,,13.01,0.08,73.33,0.0,,5.21,-0.13,6.29,0.0,5260.0,3122.2,32.6,13.5,-22.22,9.77,0.25,0.35,3,24.0,15.97,7.0,0.0,47.0,MONITOR ⭐,Expected ~102% CAGR (2yr) | Revenue CAGR 25% | Profit CAGR 163% | Nearly debt-free | Promoter 73% holding | Margin compressing ↓ ⚠️,Margin compression ↓ | Pattern still forming (not broken out),3-4 years,Medium-High,"yfinance, screener.in",100,289,,2026-07-18,2026-06-01,47,-7.0,7,-1.0
LICI,Life Insurance Corporation of India,Financial Services,Insurance - Life,560458.0,Large-Cap,MonthlyCupHandle,Forming,0.835,20,Cup 20mo | Depth 24% | Prior gain 55% | R²=0.98,MonthlyCupHandle+MonthlyDoubleBottom,Sideways,False,False,Below-MAs,True,Stage2,12,Uptrend,Uptrend,803.5,1090.33,826.98,785.63,2078.76,2429.24,2838.81,2429.24,202.3,73.9,9.76,7.86,3.55,0.58,10.28,226.0,88.21,532.56,24,strong_buy,37.8,35.1,-4.97,5.0,1.23,6.56,0.58,9.87,7.61,7.19,18.9,16.86,80.8,55.1,0.15,highly inconsistent earnings,,,5.95,,4030.76,0.72,96.5,0.0,,0.33,0.02,1.09,-0.18,468.48,360.75,-71.5,122.7,-8.59,7.88,0.49,0.54,3,18.0,17.02,10.0,2.0,47.0,MONITOR ⭐,Expected ~74% CAGR (2yr) | ROE 38% | ROCE 35% | Promoter 96% holding | Dividend growing 88%/yr | PEG 0.58 — undervalued,Earnings due 2026-08-06 | Pattern still forming (not broken out),3-4 years,Medium-High,"yfinance, screener.in",90,49,2026-08-06,2026-07-18,2026-06-01,47,0.0,7,-1.0
KIRLOSENG,Kirloskar Oil Engines Limited,Industrials,Specialty Industrial Machinery,36259.0,Large-Cap,MonthlyCupHandle,Forming,0.664,19,Cup 19mo | Depth 52% | Prior gain 89% | R²=0.97,MonthlyCupHandle+MonthlyDoubleBottom,Uptrend,True,False,Tight-Above-MAs,True,Stage2,4,Uptrend,Uptrend,1660.3,1683.63,815.49,1411.25,1074.51,2551.77,1526.21,1280.6,53.7,24.0,63.7,42.02,10.0,3.32,28.24,28.0,-20.63,2349.83,6,strong_buy,17.7,14.7,0.69,18.0,1.69,7.46,7.27,21.29,15.33,18.5,18.07,19.18,23.33,21.0,0.15,highly inconsistent earnings,1.5,,1.39,,-174.38,-0.48,41.08,-0.01,,10.79,2.34,26.69,-1.52,2720.0,855.8,39.0,94.0,104.0,310.02,0.47,0.68,5,12.0,23.97,3.0,8.0,47.0,MONITOR ⭐,"Expected ~24% CAGR (2yr) | Revenue CAGR 15% | ROCE trend rising ↑ | Piotroski F=5 (above average quality) | FII buying +2.3% ↑ | Analyst target ₹2350 (+42%, n=6)",High D/E 1.5 | High PE 64 | Pattern still forming (not broken out),3-4 years,Medium-High,"yfinance, screener.in",100,286,,2026-07-18,2026-06-01,47,0.0,7,0.0
NILAINFRA,Nila Infrastructures Limited,Real Estate,Real Estate - Development,288.0,Micro-Cap,MonthlyDoubleBottom,Forming,1.0,23,Sep 23mo | Mid rally 151% | Asymmetry 9%,,Downtrend,False,False,Below-MAs,True,Stage2,3,Uptrend,Uptrend,7.88,10.6,4.05,6.7,22.59,25.5,28.78,25.5,223.6,79.9,12.37,,1.52,0.96,9.61,0.0,3.23,,0,none,12.9,22.3,3.57,10.0,0.11,7.22,2.18,30.77,41.09,27.2,15.0,12.86,2.83,9.1,0.2,multiple loss years in history,0.13,,1.1,,-38.52,-13.4,61.9,0.0,,0.34,0.06,,,13.5,5.9,41.6,33.6,-28.94,18.0,0.33,0.73,4,21.0,16.0,10.0,0.0,47.0,MONITOR ⭐,Expected ~80% CAGR (2yr) | Revenue CAGR 41% | ROCE 22% | ROCE trend rising ↑ | Low D/E 0.13 | Promoter 62% holding,Pattern still forming (not broken out),3-4 years,Medium-High,"yfinance, screener.in",100,133,,2026-07-18,2026-06-01,47,0.0,7,2.0
ARVINDFASN,Arvind Fashions Limited,Consumer Cyclical,Apparel Retail,6228.0,Small-Cap,MonthlyDoubleBottom,Forming,0.995,20,Sep 20mo | Mid rally 108% | Asymmetry 8%,MonthlyCupHandle+MonthlyDoubleBottom+MonthlyStage2,Sideways,False,False,Below-MAs,True,Stage2,3,Uptrend,Uptrend,466.0,637.73,295.19,396.1,582.67,980.27,960.02,747.91,110.4,45.0,50.49,24.45,6.59,1.78,10.94,34.0,28.0,658.43,7,strong_buy,14.1,18.9,5.23,13.0,2.49,2.33,6.46,13.98,8.98,19.06,457.58,28.36,69.89,,0.2,multiple loss years in history,1.15,,1.26,,141.09,2.27,35.1,-0.01,,11.97,-0.13,24.63,1.45,579.0,366.2,19.5,27.3,-9.16,20.34,0.39,-0.13,5,17.0,18.94,10.0,1.0,46.9,MONITOR ⭐,Expected ~45% CAGR (2yr) | Profit CAGR 28% | ROCE trend rising ↑ | Piotroski F=5 (above average quality) | DII buying +1.4% ↑ | Dividend growing 28%/yr,High D/E 1.2 | High PE 50 | Pattern still forming (not broken out),3-4 years,Medium-High,"yfinance, screener.in",100,89,,2026-07-18,2026-06-01,47,8.5,7,0.0
ELGIEQUIP,Elgi Equipments Limited,Industrials,Specialty Industrial Machinery,18169.0,Mid-Cap,MonthlyCupHandle,Forming,0.676,24,Cup 24mo | Depth 33% | Prior gain 42% | R²=0.90,MonthlyCupHandle+MonthlyDoubleBottom+MonthlyStage2,Sideways-Above-MA,True,False,Constructive,False,Stage2,4,Uptrend,Uptrend,576.35,761.79,512.02,489.9,393.14,1011.56,433.76,412.95,75.5,32.5,42.38,31.61,8.13,8.41,30.67,46.0,24.14,677.4,5,strong_buy,21.5,23.7,1.77,15.0,0.86,10.89,9.36,12.56,9.12,15.48,22.86,5.04,33.34,25.4,0.15,highly inconsistent earnings,0.24,,2.08,,252.24,1.39,31.19,0.0,,22.2,-0.91,9.08,1.0,633.85,408.25,9.1,41.2,23.05,-7.44,0.22,0.04,6,21.0,18.61,1.0,6.0,46.6,MONITOR ⭐,Expected ~32% CAGR (2yr) | ROE 22% | ROCE 24% | ROCE trend rising ↑ | Low D/E 0.24 | Piotroski F=6 (above average quality),Earnings due 2026-08-11 | Pattern still forming (not broken out),3-4 years,Medium-High,"yfinance, screener.in",100,289,2026-08-11,2026-07-18,2026-06-01,47,6.5,7,0.2
SURANAT&P,Surana Telecom and Power Limited,Utilities,Utilities - Independent Power Producers,254.0,Micro-Cap,MonthlyDoubleBottom,Forming,1.0,33,Sep 33mo | Mid rally 396% | Asymmetry 8%,MonthlyDoubleBottom+MonthlyStage2,Downtrend,False,False,Below-MAs,False,Stage2,4,Uptrend,Uptrend,18.31,11.01,2.13,15.56,61.19,100.27,164.3,100.27,447.6,134.0,11.77,,1.58,0.18,-142.19,0.0,6.27,,0,none,14.7,13.4,0.74,-5.0,-12.09,40.8,-2.65,281.25,29.64,16.03,-4.35,63.86,48.96,-7.1,0.15,highly inconsistent earnings,0.34,,2.28,,-117.0,-46.06,71.89,0.38,,0.0,0.0,0.05,0.0,26.78,15.5,31.6,18.1,-2.32,28.79,0.22,0.29,3,22.0,16.5,8.0,0.0,46.5,MONITOR ⭐,Expected ~134% CAGR (2yr) | Revenue CAGR 30% | Profit CAGR 64% | ROCE trend rising ↑ | Promoter 72% holding | Margin compressing ↓ ⚠️,Margin compression ↓ | Pattern still forming (not broken out),3-4 years,Medium-High,"yfinance, screener.in",100,289,,2026-07-18,2026-06-01,47,-1.8,7,-4.0
ALMONDZ,Almondz Global Securities Limited,Financial Services,Capital Markets,231.0,Micro-Cap,MonthlyDoubleBottom,Forming,1.0,36,Sep 36mo | Mid rally 282% | Asymmetry 9%,,Downtrend,False,False,Below-MAs,False,Stage2,12,Uptrend,Uptrend,13.18,39.13,9.83,11.2,42.93,68.43,63.81,52.33,419.2,127.9,8.09,,0.87,0.37,,0.0,11.87,,0,none,11.2,11.7,-0.49,15.0,-0.06,14.82,7.82,16.0,31.8,22.53,70.59,21.92,10.01,-15.8,0.15,highly inconsistent earnings,0.17,,2.56,,,,51.18,0.0,,0.02,-0.04,0.12,0.12,23.58,10.68,44.1,23.4,-31.75,-39.01,0.26,0.37,3,20.0,16.5,10.0,0.0,46.5,MONITOR ⭐,Expected ~128% CAGR (2yr) | Revenue CAGR 32% | Profit CAGR 22% | Low D/E 0.17 | Promoter 51% holding | Dividend growing 12%/yr,Pattern still forming (not broken out),3-4 years,Medium-High,"yfinance, screener.in",90,218,,2026-07-18,2026-06-01,47,-8.2,7,0.0
JSL,Jindal Stainless Limited,Basic Materials,Steel,59028.0,Large-Cap,MonthlyDoubleBottom,Forming,1.0,37,Sep 37mo | Mid rally 301% | Asymmetry 1%,,Downtrend,False,False,Below-MAs,False,Stage2,1,Uptrend,Uptrend,739.2,235.75,58.67,628.32,993.28,1034.47,1317.96,1144.16,39.9,18.3,18.52,13.87,13.11,1.22,6.64,42.0,-34.14,869.93,14,strong_buy,17.8,19.3,-1.77,13.0,-0.23,7.43,7.32,9.27,6.36,28.65,27.4,15.19,50.03,42.7,0.15,highly inconsistent earnings,0.38,,1.25,,1966.33,3.33,62.04,0.82,,20.87,-0.66,7.15,-0.08,884.0,652.25,16.4,13.3,12.96,104.0,0.38,0.34,3,17.0,16.5,10.0,3.0,46.5,MONITOR ⭐,Expected ~18% CAGR (2yr) | Promoter 62% holding | FCF yield 3.3% | PEG 1.22 — fair value | EV/EBITDA 7× below sector (10×) | MonthlyDoubleBottom forming (37mo base),Earnings due 2026-08-05 | Pattern still forming (not broken out),3-4 years,Medium-High,"yfinance, screener.in",100,271,2026-08-05,2026-07-18,2026-06-01,47,0.0,7,0.0
CANBK,Canara Bank,Financial Services,Banks - Regional,116812.0,Large-Cap,MonthlyDoubleBottom,Forming,1.0,46,Sep 46mo | Mid rally 642% | Asymmetry 5%,,Downtrend,False,False,Below-MAs,False,Stage2,12,Uptrend,Uptrend,128.78,151.41,19.89,109.46,564.27,467.73,815.54,678.37,263.2,90.6,5.93,5.54,0.99,0.29,,326.0,20.51,151.78,18,buy,16.1,6.52,,-32.21,,37.04,0.99,3.92,13.74,12.46,11.42,20.22,46.14,-9.8,0.4,lumpy earner,,,,,,,62.93,0.0,,12.68,-1.56,11.91,1.0,162.89,103.55,20.9,24.4,24.93,88.09,0.52,0.49,2,13.0,16.5,12.0,5.0,46.5,MONITOR ⭐,Expected ~91% CAGR (2yr) | Profit CAGR 20% | Promoter 63% holding | DII buying +1.0% ↑ | Dividend growing 21%/yr | PEG 0.29 — deeply undervalued,Earnings due 2026-07-23 | Pattern still forming (not broken out),3-4 years,Medium-High,"yfinance, screener.in",80,284,2026-07-23,2026-07-18,2026-06-01,47,2.1,7,4.0
VIMTALABS,Vimta Labs Limited,Healthcare,Diagnostics & Research,2530.0,Small-Cap,MonthlyStage2,Stage Change,1.0,24,10-EMA=524 | 30-EMA=455 | Above by 27.9% | MA turning=Yes,MonthlyDoubleBottom+MonthlyStage2,Uptrend,True,False,Constructive,True,Stage2,6,Uptrend,Uptrend,581.4,454.69,271.0,494.19,857.47,978.89,1117.5,978.89,68.4,29.8,32.57,,5.53,2.3,17.11,35.0,25.99,,0,none,13.5,17.6,1.3,34.0,2.63,18.92,12.19,3.46,5.78,12.69,48.78,14.16,54.19,15.3,0.15,highly inconsistent earnings,0.01,,3.43,,12.9,0.51,35.85,-0.04,,4.89,0.3,0.13,0.02,902.65,376.05,35.6,54.6,-11.84,76.67,0.07,-0.18,6,18.0,25.5,3.0,0.0,46.5,MONITOR ⭐,Expected ~30% CAGR (2yr) | ROCE trend rising ↑ | Nearly debt-free | OPM 34% | Piotroski F=6 (above average quality) | Dividend growing 26%/yr,None identified,3-4 years,Medium-High,"yfinance, screener.in",100,248,,2026-07-18,2026-06-01,47,28.3,7,4.5
VMART,V-Mart Retail Limited,Consumer Cyclical,Department Stores,6188.0,Small-Cap,MonthlyDoubleBottom,Forming,1.0,25,Sep 25mo | Mid rally 164% | Asymmetry 8%,MonthlyDoubleBottom+MonthlyStage2,Uptrend,True,False,Tight-Above-MAs,True,Stage2,3,Uptrend,Uptrend,754.85,823.81,299.92,641.62,528.5,1347.7,528.5,528.5,78.5,33.6,49.99,31.54,6.19,,21.72,13.0,-23.87,870.73,15,strong_buy,14.08,,,2.81,,3.27,5.21,24.5,,,-35.6,,,-39.1,0.5,insufficient history,1.01,,1.04,,238.89,3.86,44.2,0.05,,16.92,-0.09,31.87,-0.59,888.0,457.9,15.0,64.9,2.55,9.71,0.11,0.49,4,10.0,28.5,5.0,3.0,46.5,MONITOR ⭐,Expected ~34% CAGR (2yr) | Revenue CAGR 24% | Declining profits (-36% CAGR) ⚠️ | FCF yield 3.9% | EV/EBITDA 22× vs sector 25× | MonthlyDoubleBottom forming (25mo base),High D/E 1.0 | Pattern still forming (not broken out),3-4 years,Medium-High,"yfinance, screener.in",70,162,,2026-07-18,2026-06-01,47,18.5,7,10.0
LTFOODS,LT Foods Limited,Consumer Defensive,Packaged Foods,13512.0,Mid-Cap,MonthlyDoubleBottom,Forming,0.548,14,Sep 14mo | Mid rally 56% | Asymmetry 1%,,Uptrend,True,False,Constructive,True,Stage2,15,Uptrend,Uptrend,411.65,514.98,329.47,349.9,910.91,1037.53,1181.75,1037.53,152.0,58.8,21.59,13.42,7.58,1.55,10.61,103.0,0.0,509.0,2,buy,14.9,17.7,1.11,11.0,-0.09,5.68,7.45,26.09,16.43,18.71,2.12,13.9,16.68,71.0,0.15,highly inconsistent earnings,0.28,,1.76,,50.1,0.37,51.0,0.0,,8.74,-0.18,10.3,0.67,518.55,333.15,20.6,23.6,-7.07,,0.14,0.35,6,20.0,19.08,6.0,1.0,46.1,MONITOR ⭐,Expected ~59% CAGR (2yr) | Revenue CAGR 16% | ROCE trend rising ↑ | Low D/E 0.28 | Promoter 51% holding | Piotroski F=6 (above average quality),Pattern still forming (not broken out),3-4 years,Medium-High,"yfinance, screener.in",100,32,,2026-07-18,2026-06-01,47,0.0,7,0.0
WANBURY,Wanbury Limited,Healthcare,Drug Manufacturers - Specialty & Generic,1041.0,Small-Cap,MonthlyDoubleBottom,Breakout Ready,1.0,11,Sep 11mo | Mid rally 147% | Asymmetry 2%,,Uptrend,True,True,Uptrend,True,Stage2,6,Uptrend,Uptrend,350.1,38.1,15.3,297.59,798.94,798.94,798.94,798.94,128.2,51.1,15.34,,16.47,,,0.0,-20.63,,0,none,76.5,36.6,3.06,14.0,2.03,-25.9,,5.0,9.11,9.95,38.71,-19.03,-7.06,,0.2,multiple loss years in history,,,,,,,43.01,-0.07,,0.59,-0.13,,,315.2,161.5,-11.1,116.8,26.7,560.75,1.51,,2,12.0,28.0,0.0,6.0,46.0,MONITOR ⭐,Expected ~51% CAGR (2yr) | Declining profits (-19% CAGR) ⚠️ | ROE 76% | ROCE 37% | ROCE trend rising ↑ | MonthlyDoubleBottom — Breakout Ready,None identified,3-4 years,Medium-High,"yfinance, screener.in",70,235,,2026-07-18,2026-06-15,33,13.4,5,5.0
CUB,City Union Bank Limited,Financial Services,Banks - Regional,22722.0,Mid-Cap,MonthlyDoubleBottom,Forming,0.818,23,Sep 23mo | Mid rally 82% | Asymmetry 1%,MonthlyDoubleBottom+MonthlyStage2,Sideways,False,False,Below-MAs,True,Stage2,12,Uptrend,Uptrend,229.33,193.05,105.54,194.93,361.28,371.17,565.4,451.96,61.8,27.2,17.15,12.29,2.15,0.68,,87.0,25.99,249.98,23,buy,13.24,,,48.06,,37.62,1.52,23.6,,,25.1,,,24.9,0.5,insufficient history,,,,,,,,,,23.37,-0.12,40.73,0.5,243.07,145.12,5.7,58.0,18.98,65.04,0.5,0.38,2,18.0,16.82,7.0,4.0,45.8,MONITOR ⭐,Expected ~27% CAGR (2yr) | Revenue CAGR 24% | Profit CAGR 25% | OPM 48% | Dividend growing 26%/yr | PEG 0.68 — undervalued,Earnings due 2026-04-27 | Pattern still forming (not broken out),3-4 years,Medium-High,"yfinance, screener.in",40,289,2026-04-27,2026-07-18,2026-06-01,47,-8.7,7,-9.0
KSOLVES,Ksolves India Limited,Technology,Software - Application,684.0,Small-Cap,MonthlyDoubleBottom,Forming,0.481,9,Sep 9mo | Mid rally 50% | Asymmetry 2%,,Downtrend,False,False,Below-MAs,False,Downtrend,0,Uptrend,Uptrend,282.35,678.94,446.67,424.34,477.3,911.21,585.86,528.8,222.7,79.6,19.92,,23.24,1.85,14.1,694.0,-17.79,,0,none,137.0,131.0,-2.57,30.0,-2.51,21.1,47.64,18.98,27.85,42.23,65.8,10.79,30.45,65.3,0.15,highly inconsistent earnings,0.19,,2.4,,20.58,3.01,58.92,-0.02,,0.08,-0.04,0.01,0.0,402.0,245.75,29.8,14.9,-6.76,-53.99,1.14,-0.06,5,33.0,7.77,5.0,0.0,45.8,MONITOR ⭐,Expected ~80% CAGR (2yr) | Revenue CAGR 28% | ROE 137% | ROCE 131% | Low D/E 0.19 | Promoter 59% holding,Margin compression ↓ | Pattern still forming (not broken out),3-4 years,Medium-High,"yfinance, screener.in",100,70,,2026-07-18,2026-06-01,47,0.0,7,-1.0
STARCEMENT,Star Cement Limited,Basic Materials,Building Materials,8296.0,Mid-Cap,MonthlyCupHandle,Forming,0.766,27,Cup 27mo | Depth 25% | Prior gain 60% | R²=0.94,MonthlyCupHandle+MonthlyDoubleBottom,Downtrend,False,False,Below-MAs,False,Stage2,1,Uptrend,Uptrend,205.47,292.3,218.46,207.54,244.65,366.14,330.86,284.51,78.2,33.5,21.1,18.06,2.6,1.3,9.45,97.0,30.0,279.0,13,strong_buy,13.2,16.7,0.2,25.0,1.09,10.42,8.15,19.38,11.76,17.03,130.77,16.29,15.84,20.4,0.15,highly inconsistent earnings,0.19,,1.31,,137.88,1.66,58.12,0.5,,2.26,-0.21,2.65,-1.83,308.95,196.53,33.5,4.5,-26.46,6.08,0.17,-0.02,6,23.0,13.69,9.0,0.0,45.7,MONITOR ⭐,Expected ~34% CAGR (2yr) | ROCE trend rising ↑ | Low D/E 0.19 | Promoter 58% holding | Piotroski F=6 (above average quality) | Dividend growing 30%/yr,Pattern still forming (not broken out),3-4 years,Medium-High,"yfinance, screener.in",100,110,,2026-07-18,2026-06-01,47,-2.5,7,-0.7
GARFIBRES,Garware Technical Fibres Limited,Consumer Cyclical,Textile Manufacturing,7073.0,Small-Cap,MonthlyDoubleBottom,Forming,0.755,13,Sep 13mo | Mid rally 84% | Asymmetry 8%,MonthlyDoubleBottom+MonthlyStage2,Uptrend,True,False,Tight-Above-MAs,True,Stage2,3,Uptrend,Uptrend,724.35,327.59,171.04,615.7,786.75,818.76,867.06,825.93,13.0,6.3,36.24,25.42,5.31,7.28,24.01,131.0,89.32,808.0,3,none,16.1,22.0,-0.06,19.0,0.11,13.0,8.57,-0.71,5.4,8.12,-14.22,4.98,4.72,-19.4,0.15,highly inconsistent earnings,0.03,,2.74,,68.48,0.97,53.36,0.0,,9.12,0.05,10.29,-0.15,970.0,579.75,25.3,24.9,-3.34,-10.71,0.2,-0.01,5,18.0,24.56,3.0,0.0,45.6,MONITOR ⭐,Expected ~6% CAGR (2yr) | ROCE 22% | Nearly debt-free | Promoter 53% holding | Piotroski F=5 (above average quality) | Dividend growing 89%/yr,Pattern still forming (not broken out),3-4 years,Medium-High,"yfinance, screener.in",100,288,,2026-07-18,2026-06-01,47,12.8,7,5.0
HONAUT,Honeywell Automation India Limited,Industrials,Electrical Equipment & Parts,33775.0,Large-Cap,MonthlyDoubleBottom,Forming,0.928,35,Sep 35mo | Mid rally 96% | Asymmetry 3%,MonthlyDoubleBottom+MonthlyStage2,Uptrend,True,False,Tight-Above-MAs,True,Stage2,4,Uptrend,Uptrend,38645.0,59716.92,29912.76,32848.25,22046.09,89521.08,28701.39,25154.59,131.6,52.2,64.1,45.35,7.56,4.55,49.65,29.0,5.27,38639.67,3,buy,12.35,,,14.41,,11.21,5.83,5.9,,,14.1,,,14.2,0.5,insufficient history,0.03,,3.52,,468.21,1.39,75.0,0.0,,3.74,0.28,11.28,-0.25,41075.0,26220.0,5.9,47.4,0.66,-27.57,0.25,0.47,4,16.0,27.64,-1.0,3.0,45.6,MONITOR ⭐,Expected ~52% CAGR (2yr) | Nearly debt-free | Promoter 75% holding | MonthlyDoubleBottom forming (35mo base) | Weekly uptrend | Tight daily consolidation above MAs,High PE 64 | Earnings due 2026-08-06 | Pattern still forming (not broken out),3-4 years,Medium-High,"yfinance, screener.in",70,289,2026-08-06,2026-07-18,2026-06-01,47,32.9,7,10.0
THERMAX,Thermax Limited,Industrials,Conglomerates,54173.0,Large-Cap,MonthlyStage2,Stage Change,1.0,24,10-EMA=4040 | 30-EMA=3650 | Above by 22.8% | MA turning=Yes,MonthlyCupHandle+MonthlyDoubleBottom+MonthlyStage2,Sideways-Above-MA,True,False,Constructive,False,Stage2,4,Uptrend,Uptrend,4484.5,3650.4,2878.0,3811.82,2330.62,4422.8,3183.3,2723.8,,,75.19,49.75,9.76,4.46,52.72,29.0,25.99,4438.91,22,hold,10.6,13.9,0.8,10.0,0.66,6.74,4.04,3.73,10.02,17.6,14.83,16.87,28.31,18.7,0.4,lumpy earner,0.42,,1.22,,-311.12,-0.57,61.99,0.0,,11.25,-1.11,15.49,0.65,5277.8,2742.7,15.0,63.5,40.71,34.94,0.44,0.3,5,16.0,22.5,-1.0,8.0,45.5,MONITOR ⭐,ROCE trend rising ↑ | Promoter 62% holding | Piotroski F=5 (above average quality) | DII buying +0.7% ↑ | Dividend growing 26%/yr | MonthlyStage2 forming (24mo base),High PE 75 | Earnings due 2026-07-30,3-4 years,Medium-High,"yfinance, screener.in",100,289,2026-07-30,2026-07-18,2026-06-01,47,1.5,7,-6.5
APEX,Apex Frozen Foods Limited,Consumer Defensive,Farm Products,1220.0,Small-Cap,MonthlyStage2,Stage Change,1.0,24,10-EMA=362 | 30-EMA=296 | Above by 31.8% | MA turning=Yes,MonthlyDoubleBottom+MonthlyStage2,Sideways-Above-MA,True,False,Constructive,False,Stage2,15,Uptrend,Uptrend,390.5,296.27,195.17,331.93,607.03,698.08,802.79,698.08,78.8,33.7,31.44,22.7,2.31,,25.16,52.0,-7.17,,0,none,,,,3.98,,3.45,,14.5,,,,,,,0.5,insufficient history,0.08,,,,,,72.62,0.0,,6.0,1.26,0.66,0.11,514.5,208.74,24.1,87.1,87.07,61.9,0.04,-0.1,1,13.0,22.5,3.0,7.0,45.5,MONITOR ⭐,Expected ~34% CAGR (2yr) | Nearly debt-free | Promoter 73% holding | FII buying +1.3% ↑ | EV/EBITDA 25× vs sector 30× | MonthlyStage2 forming (24mo base),None identified,3-4 years,Medium-High,"yfinance, screener.in",50,107,,2026-07-18,2026-06-01,47,-9.3,7,0.0
MINDTECK,Mindteck (India) Limited,Technology,Information Technology Services,672.0,Small-Cap,MonthlyDoubleBottom,Forming,1.0,13,Sep 13mo | Mid rally 163% | Asymmetry 8%,MonthlyDoubleBottom+MonthlyStage2,Sideways,False,False,Below-MAs,True,Downtrend,0,Uptrend,Uptrend,206.35,365.37,133.72,175.4,362.33,597.02,479.76,416.93,189.3,70.1,21.32,,2.21,1.41,12.75,48.0,7.72,,0,none,12.1,15.1,0.83,9.0,0.37,7.74,6.03,-4.01,6.49,7.24,10.34,15.07,23.81,49.4,0.15,highly inconsistent earnings,0.01,,5.63,,12.65,1.88,64.2,0.0,,0.01,-0.06,0.0,0.0,307.68,145.13,32.9,42.2,-5.04,63.64,0.51,0.65,6,20.0,17.5,8.0,0.0,45.5,MONITOR ⭐,Expected ~70% CAGR (2yr) | ROCE trend rising ↑ | Nearly debt-free | Promoter 64% holding | Piotroski F=6 (above average quality) | PEG 1.41 — fair value,Pattern still forming (not broken out),3-4 years,Medium-High,"yfinance, screener.in",100,118,,2026-07-18,2026-06-01,47,0.0,7,0.0
MASTEK,Mastek Limited,Technology,Information Technology Services,5208.0,Small-Cap,MonthlyDoubleBottom,Forming,1.0,36,Sep 36mo | Mid rally 140% | Asymmetry 8%,,Sideways,False,False,Below-MAs,True,Downtrend,0,Uptrend,Uptrend,1660.9,3331.6,1334.2,1411.77,4142.53,5329.0,4942.53,4524.89,220.9,79.1,12.97,10.75,1.68,1.41,7.75,143.0,-25.05,1951.4,5,buy,15.6,18.0,-2.57,16.0,-1.17,10.92,7.85,7.06,13.01,16.52,7.45,9.23,9.9,30.9,0.15,highly inconsistent earnings,0.15,,2.16,,408.11,7.84,35.77,0.0,,7.45,-0.58,19.86,0.84,2818.0,1334.2,41.1,24.5,-23.52,-35.09,0.29,0.19,5,17.0,18.5,10.0,0.0,45.5,MONITOR ⭐,Expected ~79% CAGR (2yr) | Low D/E 0.15 | Margin compressing ↓ ⚠️ | FCF yield 7.8% | Piotroski F=5 (above average quality) | DII buying +0.8% ↑,Margin compression ↓ | Earnings due 2026-07-17 | Pattern still forming (not broken out),3-4 years,Medium-High,"yfinance, screener.in",100,287,2026-07-17,2026-07-18,2026-06-01,47,0.0,7,1.0
DOLLAR,Dollar Industries Limited,Consumer Cyclical,Apparel Manufacturing,1530.0,Small-Cap,MonthlyDoubleBottom,Forming,0.697,18,Sep 18mo | Mid rally 79% | Asymmetry 9%,,Sideways,False,False,Below-MAs,False,Stage2,3,Uptrend,Uptrend,269.8,651.29,349.4,331.93,1170.64,1488.94,1893.78,1488.94,451.9,134.9,14.24,10.88,1.61,0.52,9.15,111.0,0.0,387.0,2,buy,11.9,13.6,-1.77,11.0,-0.63,5.71,6.62,10.0,10.5,12.65,16.3,27.19,4.71,11.4,0.15,highly inconsistent earnings,0.3,,2.31,,52.89,3.46,72.48,0.27,,4.98,0.62,0.97,-0.24,429.9,220.5,37.2,22.4,-22.6,-62.46,0.62,0.21,5,20.0,15.36,10.0,0.0,45.4,MONITOR ⭐,Expected ~135% CAGR (2yr) | Profit CAGR 27% | Promoter 72% holding | Margin compressing ↓ ⚠️ | FCF yield 3.5% | Piotroski F=5 (above average quality),Margin compression ↓ | Pattern still forming (not broken out),3-4 years,Medium-High,"yfinance, screener.in",100,112,,2026-07-18,2026-06-01,47,1.8,7,3.0
ANANDRATHI,Anand Rathi Wealth Limited,Financial Services,Asset Management,35646.0,Large-Cap,None,,0.0,0,,,Downtrend,False,True,Below-MAs,False,Stage2,12,Uptrend,Uptrend,2146.8,,,1824.78,761.81,970.31,1235.89,970.31,,,77.53,63.69,35.71,2.83,,33.0,5.27,1665.0,2,hold,47.3,59.2,5.6,39.0,-0.37,33.19,,-4.47,16.76,23.07,17.63,27.37,29.75,73.8,1.0,steady compounder (low CV),0.08,,,,,,41.37,-1.74,,6.78,1.0,9.4,0.3,2176.2,1108.15,1.4,93.7,-21.96,179.68,,,2,38.0,3.0,0.0,4.0,45.0,MONITOR ⭐,Revenue CAGR 17% | Profit CAGR 27% | ROE 47% | ROCE 59% | ROCE trend rising ↑ | Nearly debt-free,High PE 78,3-4 years,Medium-High,"yfinance, screener.in",80,56,,2026-07-18,2026-06-01,47,-39.8,7,-12.0
FEDERALBNK,The Federal Bank Limited,Financial Services,Banks - Regional,81361.0,Large-Cap,MonthlyDoubleBottom,Forming,1.0,19,Sep 19mo | Mid rally 253% | Asymmetry 3%,,Uptrend,True,False,Uptrend,True,Stage2,12,Uptrend,Uptrend,329.85,30.68,8.58,280.37,422.27,411.37,528.19,472.27,24.7,11.7,18.87,13.89,2.03,1.59,,37.0,-12.64,320.03,35,buy,11.6,6.39,,43.17,,29.91,1.18,5.58,18.55,15.7,6.07,11.84,21.73,22.9,0.15,highly inconsistent earnings,,,,,,,,,,26.05,1.11,50.39,-0.71,334.3,185.11,1.3,78.2,74.0,107.91,0.21,0.28,2,7.0,26.0,2.0,10.0,45.0,MONITOR ⭐,Expected ~12% CAGR (2yr) | Revenue CAGR 19% | OPM 43% | FII buying +1.1% ↑ | MonthlyDoubleBottom forming (19mo base) | Weekly uptrend,Earnings due 2026-07-30 | Pattern still forming (not broken out),3-4 years,Medium-High,"yfinance, screener.in",70,367,2026-07-30,2026-07-18,2026-06-01,47,15.1,7,-5.0
ACC,ACC Limited,Basic Materials,Building Materials,25999.0,Mid-Cap,MonthlyDoubleBottom,Forming,1.0,20,Sep 20mo | Mid rally 121% | Asymmetry 4%,,Sideways,False,False,Below-MAs,True,Stage2,1,Uptrend,Uptrend,1384.5,980.37,434.56,1176.83,3289.94,3326.32,5921.52,4413.78,140.3,55.0,12.2,12.29,1.27,0.36,9.48,55.0,-6.75,1695.14,29,buy,10.9,11.2,-0.66,11.0,-1.11,8.3,4.32,18.44,5.34,13.5,-11.03,34.16,8.37,-68.3,0.15,highly inconsistent earnings,0.02,,1.97,,-3865.32,-14.87,56.69,0.0,,5.83,-0.1,21.12,-0.5,1998.0,1251.7,30.7,10.6,-22.26,-56.22,0.22,0.27,2,13.0,19.0,13.0,0.0,45.0,MONITOR ⭐,Expected ~55% CAGR (2yr) | Profit CAGR 34% | Nearly debt-free | Promoter 57% holding | Margin compressing ↓ ⚠️ | PEG 0.36 — deeply undervalued,Margin compression ↓ | Earnings due 2026-04-30 | Pattern still forming (not broken out),3-4 years,Medium-High,"yfinance, screener.in",100,289,2026-04-30,2026-07-18,2026-06-01,47,1.9,7,-2.0
MANYAVAR,Vedant Fashions Limited,Consumer Cyclical,Apparel Manufacturing,9528.0,Mid-Cap,None,,0.0,0,,,Sideways,False,False,Below-MAs,True,Stage2,3,Uptrend,Uptrend,431.95,,,367.16,725.69,674.57,855.25,787.81,56.2,25.0,25.38,21.48,4.84,2.97,15.02,204.0,16.96,504.7,10,buy,26.7,30.7,0.91,48.0,1.2,26.16,10.24,-1.68,8.92,7.99,-2.66,8.56,11.2,13.1,0.15,highly inconsistent earnings,0.23,,3.67,,404.98,4.25,74.94,0.0,,8.28,-1.01,12.62,0.62,824.35,329.2,47.6,31.2,-38.47,-86.97,,-0.1,6,33.0,6.0,6.0,0.0,45.0,MONITOR ⭐,Expected ~25% CAGR (2yr) | ROE 27% | ROCE 31% | ROCE trend rising ↑ | Low D/E 0.23 | Promoter 75% holding,None identified,3-4 years,Medium-High,"yfinance, screener.in",100,52,,2026-07-18,2026-06-01,47,0.0,7,0.0
LTTS,L&T Technology Services Limited,Technology,Information Technology Services,34771.0,Large-Cap,MonthlyDoubleBottom,Forming,0.957,44,Sep 44mo | Mid rally 103% | Asymmetry 8%,,Sideways,False,False,Below-MAs,True,Downtrend,0,Uptrend,Uptrend,3554.6,5902.58,2798.51,3021.41,3420.0,9006.65,3624.76,3520.89,153.4,59.2,28.33,20.13,5.37,9.6,18.34,177.0,-5.23,3626.72,29,hold,21.5,26.7,-0.37,18.0,-0.29,11.63,9.85,14.04,11.12,15.07,1.34,2.95,13.98,6.8,0.15,highly inconsistent earnings,0.09,,2.28,,993.11,2.86,73.57,-0.01,,3.86,-0.36,14.64,0.07,4726.0,3010.0,24.8,18.1,-10.47,-29.21,0.47,0.06,5,24.0,17.98,3.0,0.0,45.0,MONITOR ⭐,Expected ~59% CAGR (2yr) | ROE 22% | ROCE 27% | Nearly debt-free | Promoter 74% holding | Piotroski F=5 (above average quality),Earnings due 2026-07-14 | Pattern still forming (not broken out),3-4 years,Medium-High,"yfinance, screener.in",100,117,2026-07-14,2026-07-18,2026-06-01,47,0.0,7,2.0
MEDANTA,Global Health Limited,Healthcare,Medical Care Facilities,35925.0,Large-Cap,MonthlyCupHandle,Forming,0.921,23,Cup 23mo | Depth 20% | Prior gain 75% | R²=1.00,MonthlyCupHandle+MonthlyDoubleBottom+MonthlyStage2,Sideways-Above-MA,True,True,Constructive,True,Stage2,6,Uptrend,Uptrend,1240.4,1441.56,1147.8,1090.41,1024.64,1735.32,1459.05,1222.7,39.9,18.3,64.52,41.46,9.07,3.34,39.16,4.0,,1439.06,17,strong_buy,15.2,17.1,2.23,21.0,1.29,12.62,8.16,19.45,17.62,24.97,15.18,19.33,80.39,42.0,0.15,highly inconsistent earnings,0.3,,2.67,,-214.19,-0.6,33.01,0.0,,10.15,-0.39,14.76,0.77,1456.5,956.0,14.8,29.7,16.87,65.51,0.86,0.16,6,19.0,21.05,1.0,4.0,45.0,MONITOR ⭐,Expected ~18% CAGR (2yr) | Revenue CAGR 18% | ROCE trend rising ↑ | Low D/E 0.30 | Piotroski F=6 (above average quality) | DII buying +0.8% ↑,High PE 65 | Pattern still forming (not broken out),3-4 years,Medium-High,"yfinance, screener.in",100,43,,2026-07-18,2026-06-01,47,0.0,7,2.0
ASTERDM,Aster DM Quality Care Limited,Healthcare,Medical Care Facilities,41815.0,Large-Cap,MonthlyDoubleBottom,Forming,0.366,36,Sep 36mo | Mid rally 42% | Asymmetry 6%,,Uptrend,True,False,Tight-Above-MAs,True,Stage2,6,Uptrend,Uptrend,808.9,146.37,100.11,687.56,263.2,486.07,263.2,263.2,,,107.57,43.47,9.11,,47.54,49.0,-40.0,820.36,11,buy,10.7,11.4,0.83,19.0,1.14,8.36,5.41,12.2,15.75,-11.61,-92.1,-3.49,19.12,77.4,0.15,highly inconsistent earnings,0.46,,1.99,,1346.63,3.22,40.39,0.0,,17.18,-1.28,27.57,1.45,836.5,519.1,3.3,55.8,36.3,197.17,0.2,-0.04,6,14.0,20.89,0.0,10.0,44.9,MONITOR ⭐,Revenue CAGR 16% | Declining profits (-3% CAGR) ⚠️ | ROCE trend rising ↑ | FCF yield 3.2% | Piotroski F=6 (above average quality) | DII buying +1.4% ↑,High PE 108 | Pattern still forming (not broken out),3-4 years,Medium-High,"yfinance, screener.in",100,102,,2026-07-18,2026-06-01,47,8.0,4,2.0
UNITDSPR,UNITED SPIRITS LIMITED,Consumer Defensive,Beverages - Wineries & Distilleries,100796.0,Large-Cap,MonthlyDoubleBottom,Forming,0.285,13,Sep 13mo | Mid rally 32% | Asymmetry 4%,,Sideways-Above-MA,True,False,Constructive,True,Stage2,15,Uptrend,Uptrend,1387.2,1627.82,1210.8,1179.12,1246.69,2044.84,1728.25,1467.85,47.4,21.4,57.47,45.26,10.99,3.24,41.85,123.0,61.98,1497.0,26,buy,21.4,27.5,2.17,18.0,1.11,14.74,9.01,3.3,5.52,8.92,16.18,17.74,38.4,28.0,0.15,highly inconsistent earnings,0.05,,2.05,,618.38,0.61,56.68,0.0,,14.41,0.28,15.36,0.0,1488.0,1210.8,6.8,14.6,7.83,,0.34,0.2,6,28.0,12.92,1.0,3.0,44.9,MONITOR ⭐,Expected ~21% CAGR (2yr) | ROE 21% | ROCE 28% | ROCE trend rising ↑ | Nearly debt-free | Promoter 57% holding,High PE 57 | Earnings due 2026-08-13 | Pattern still forming (not broken out),3-4 years,Medium-High,"yfinance, screener.in",100,27,2026-08-13,2026-07-18,2026-06-15,33,6.3,5,8.9
ADANIPOWER,Adani Power Limited,Utilities,Utilities - Independent Power Producers,421274.0,Large-Cap,MonthlyDoubleBottom,Forming,0.774,13,Sep 13mo | Mid rally 86% | Asymmetry 9%,,Sideways-Above-MA,True,False,Constructive,False,Stage2,4,Uptrend,Uptrend,218.45,179.17,92.4,185.68,169.27,265.94,192.14,180.34,21.7,10.3,33.0,25.97,6.49,5.05,24.06,0.0,,242.0,9,buy,21.1,17.2,1.77,37.0,1.03,23.66,7.48,-3.49,11.84,15.65,1.73,6.54,59.16,52.3,0.15,highly inconsistent earnings,0.82,,1.41,,-8656.76,-2.05,74.96,0.0,,11.76,0.03,4.07,0.38,254.2,110.45,14.1,97.8,82.75,214.22,0.36,0.53,5,18.0,18.79,0.0,8.0,44.8,MONITOR ⭐,Expected ~10% CAGR (2yr) | ROE 21% | ROCE trend rising ↑ | Promoter 75% holding | OPM 37% | Piotroski F=5 (above average quality),Earnings due 2026-04-29 | Pattern still forming (not broken out),3-4 years,Medium-High,"yfinance, screener.in",100,204,2026-04-29,2026-07-18,2026-06-01,47,-0.3,7,-5.0
FDC,FDC Limited,Healthcare,Drug Manufacturers - Specialty & Generic,7038.0,Small-Cap,MonthlyDoubleBottom,Forming,0.981,23,Sep 23mo | Mid rally 105% | Asymmetry 7%,MonthlyDoubleBottom+MonthlyStage2,Uptrend,True,False,Tight-Above-MAs,True,Stage2,6,Uptrend,Uptrend,432.3,311.21,147.14,367.45,813.19,920.04,1040.93,920.04,112.8,45.9,25.0,18.55,2.83,1.9,18.87,231.0,100.0,,0,none,12.5,16.7,-0.49,16.0,-1.37,12.96,6.37,2.99,6.76,10.28,5.24,13.14,-1.37,167.4,0.15,highly inconsistent earnings,0.01,,3.11,,-1.74,-0.02,69.65,-0.01,,2.4,0.08,6.29,0.02,527.8,312.95,18.1,38.1,-3.46,-9.48,0.46,0.18,3,11.0,27.77,5.0,1.0,44.8,MONITOR ⭐,Expected ~46% CAGR (2yr) | Nearly debt-free | Promoter 70% holding | Margin compressing ↓ ⚠️ | Dividend growing 100%/yr | EV/EBITDA 19× vs sector 22×,Margin compression ↓ | Pattern still forming (not broken out),3-4 years,Medium-High,"yfinance, screener.in",100,289,,2026-07-18,2026-06-01,47,19.2,7,7.0
KSB,KSB Limited,Industrials,Specialty Industrial Machinery,16364.0,Mid-Cap,MonthlyCupHandle,Forming,0.895,20,Cup 20mo | Depth 20% | Prior gain 31% | R²=0.98,MonthlyCupHandle+MonthlyDoubleBottom+MonthlyStage2,Sideways-Above-MA,True,False,Constructive,False,Stage2,4,Uptrend,Uptrend,837.2,951.98,764.98,726.73,407.95,1138.98,470.65,438.18,36.0,16.6,63.27,41.15,9.75,8.54,44.36,47.0,13.62,936.0,2,strong_buy,18.4,24.7,1.26,13.0,-0.14,9.57,,0.22,6.34,12.54,-4.07,7.41,11.69,-22.9,0.4,lumpy earner,0.0,,,,,,69.8,0.0,,4.66,0.14,11.64,-0.31,1028.3,666.65,18.6,25.6,10.56,74.04,0.6,-0.23,1,21.0,20.74,-1.0,4.0,44.7,MONITOR ⭐,Expected ~17% CAGR (2yr) | ROCE 25% | ROCE trend rising ↑ | Nearly debt-free | Promoter 70% holding | Dividend growing 14%/yr,High PE 63 | Pattern still forming (not broken out),3-4 years,Medium-High,"yfinance, screener.in",80,287,,2026-07-18,2026-06-01,47,0.0,7,1.0
ADVENZYMES,Advanced Enzyme Technologies Limited,Basic Materials,Specialty Chemicals,3694.0,Small-Cap,MonthlyDoubleBottom,Forming,1.0,37,Sep 37mo | Mid rally 124% | Asymmetry 3%,MonthlyDoubleBottom+MonthlyStage2,Sideways-Above-MA,True,False,Constructive,False,Stage2,1,Uptrend,Uptrend,329.85,561.16,246.81,280.37,386.42,875.51,544.54,458.71,165.4,62.9,21.89,17.93,2.26,1.17,14.15,77.0,73.25,370.0,1,none,10.2,14.0,-1.31,31.0,-2.63,22.62,6.85,17.11,11.3,8.24,29.85,18.71,2.88,62.2,0.15,highly inconsistent earnings,0.02,,9.78,,66.82,1.81,43.26,0.22,,25.5,-0.35,5.41,-0.1,419.0,251.95,21.3,30.9,-3.75,-21.72,0.58,0.69,5,17.0,22.5,4.0,1.0,44.5,MONITOR ⭐,Expected ~63% CAGR (2yr) | Nearly debt-free | OPM 31% | Margin compressing ↓ ⚠️ | Piotroski F=5 (above average quality) | Dividend growing 73%/yr,Margin compression ↓ | Pattern still forming (not broken out),3-4 years,Medium-High,"yfinance, screener.in",100,120,,2026-07-18,2026-06-01,47,-14.6,7,-12.5
DIACABS,Diamond Power Infrastructure Limited,Industrials,Specialty Industrial Machinery,12068.0,Mid-Cap,MonthlyDoubleBottom,Forming,1.0,39,Sep 39mo | Mid rally 421% | Asymmetry 4%,,Uptrend,True,False,Uptrend,True,Stage2,4,Uptrend,Uptrend,229.01,1438.5,271.0,257.45,105.44,2606.0,133.43,118.61,1037.9,237.3,76.34,,-19.98,6.11,62.62,0.0,-66.67,,0,none,,26.5,-1.74,12.0,3.91,8.28,5.99,71.3,19.08,-7.22,364.71,12.49,4.63,690.9,0.2,multiple loss years in history,,,2.04,,-258.15,-2.14,84.02,0.0,,0.36,-0.08,0.07,-0.03,251.8,115.57,9.1,98.2,67.04,1048.68,1.54,0.67,4,11.0,26.5,-1.0,8.0,44.5,MONITOR ⭐,Expected ~237% CAGR (2yr) | Revenue CAGR 19% | ROCE 26% | Promoter 84% holding | MonthlyDoubleBottom forming (39mo base) | Weekly uptrend,High PE 76 | Pattern still forming (not broken out),3-4 years,Medium-High,"yfinance, screener.in",80,191,,2026-07-18,2026-06-01,47,20.4,7,-2.0
RSYSTEMS,R Systems International Limited,Technology,Information Technology Services,2866.0,Small-Cap,MonthlyDoubleBottom,Forming,1.0,38,Sep 38mo | Mid rally 149% | Asymmetry 2%,,Downtrend,False,False,Below-MAs,False,Downtrend,0,Uptrend,Uptrend,278.45,555.36,220.66,236.68,738.99,890.06,977.49,849.91,219.6,78.8,14.09,11.32,3.61,0.94,10.18,496.0,-4.09,411.5,4,strong_buy,24.4,19.5,-2.43,16.0,0.54,10.19,,6.79,7.46,12.58,14.52,15.01,8.6,69.5,0.15,highly inconsistent earnings,0.34,,,,,,51.85,0.0,,3.89,0.13,7.2,-1.4,496.9,213.52,44.0,30.4,-30.49,-50.86,0.73,0.14,1,15.0,15.5,14.0,0.0,44.5,MONITOR ⭐,"Expected ~79% CAGR (2yr) | ROE 24% | Promoter 52% holding | PEG 0.94 — undervalued | EV/EBITDA 10× below sector (20×) | Analyst target ₹412 (+48%, n=4)",Pattern still forming (not broken out),3-4 years,Medium-High,"yfinance, screener.in",80,242,,2026-07-18,2026-06-01,47,0.0,7,-2.0
FORTIS,Fortis Healthcare Limited,Healthcare,Medical Care Facilities,73080.0,Large-Cap,MonthlyDoubleBottom,Forming,1.0,29,Sep 29mo | Mid rally 147% | Asymmetry 0%,,Uptrend,True,False,Constructive,False,Stage2,6,Uptrend,Uptrend,968.0,186.33,75.52,822.8,731.46,969.08,1034.08,869.7,0.1,0.1,69.94,41.45,7.39,3.7,36.58,10.0,0.0,1118.15,20,strong_buy,11.3,13.5,1.74,23.0,1.97,11.41,6.89,17.28,13.17,17.76,31.52,18.9,63.52,44.6,0.15,highly inconsistent earnings,0.34,,0.86,,173.28,0.24,31.17,0.0,,25.98,-1.86,31.35,2.02,1104.3,761.0,12.3,27.2,7.1,167.09,0.29,0.65,6,15.0,25.5,1.0,3.0,44.5,MONITOR ⭐,Expected ~0% CAGR (2yr) | ROCE trend rising ↑ | Piotroski F=6 (above average quality) | DII buying +2.0% ↑ | MonthlyDoubleBottom forming (29mo base) | Weekly uptrend,High PE 70 | Earnings due 2026-08-06 | Pattern still forming (not broken out),3-4 years,Medium-High,"yfinance, screener.in",100,231,2026-08-06,2026-07-18,2026-06-01,47,0.8,7,2.0
ICICIBANK,ICICI Bank Limited,Financial Services,Banks - Regional,1005085.0,Large-Cap,MonthlyDoubleBottom,Forming,1.0,24,Sep 24mo | Mid rally 115% | Asymmetry 1%,MonthlyDoubleBottom+MonthlyStage2,Sideways-Above-MA,True,False,Constructive,True,Stage2,12,Uptrend,Uptrend,1427.0,328.33,152.59,1212.95,1938.5,2042.04,2689.12,2283.17,43.1,19.6,18.73,15.43,2.76,1.05,,86.0,30.06,1680.35,40,strong_buy,16.1,7.2,,33.29,,24.93,2.08,4.77,17.26,16.97,6.17,17.78,23.26,9.3,0.75,consistent growth,,,,,,,,,,34.48,-9.39,39.94,-6.8,1500.0,1187.6,4.9,20.2,3.78,26.8,0.37,0.23,2,13.0,22.5,6.0,3.0,44.5,MONITOR ⭐,Expected ~20% CAGR (2yr) | Revenue CAGR 17% | OPM 33% | EPS: consistent growth | Dividend growing 30%/yr | PEG 1.05 — fair value,Earnings due 2026-07-18 | Pattern still forming (not broken out),3-4 years,Medium-High,"yfinance, screener.in",70,289,2026-07-18,2026-07-18,2026-06-01,47,15.0,7,5.0
KIRLOSBROS,Kirloskar Brothers Limited,Industrials,Specialty Industrial Machinery,15250.0,Mid-Cap,MonthlyDoubleBottom,Forming,1.0,26,Sep 26mo | Mid rally 217% | Asymmetry 2%,MonthlyDoubleBottom+MonthlyStage2,Sideways,False,False,Below-MAs,True,Stage2,4,Uptrend,Uptrend,1619.0,403.92,126.34,1376.15,1550.97,1813.08,2119.49,1813.08,12.0,5.8,40.82,,6.19,2.42,26.94,36.0,32.64,,0,none,17.3,20.4,2.31,12.0,1.09,8.23,6.88,1.02,6.75,10.8,-10.02,16.9,18.55,-18.7,0.15,highly inconsistent earnings,0.1,,1.83,,56.14,0.37,65.95,0.0,,6.24,0.19,10.38,0.06,2257.9,1335.0,28.3,21.3,-23.37,145.92,0.3,0.25,6,23.0,19.5,0.0,2.0,44.5,MONITOR ⭐,Expected ~6% CAGR (2yr) | ROCE 20% | ROCE trend rising ↑ | Low D/E 0.10 | Promoter 66% holding | Piotroski F=6 (above average quality),Pattern still forming (not broken out),3-4 years,Medium-High,"yfinance, screener.in",100,242,,2026-07-18,2026-06-01,47,0.0,7,5.0
KPIGREEN,KPI Green Energy Limited,Utilities,Utilities - Renewable,7998.0,Small-Cap,MonthlyDoubleBottom,Forming,0.739,14,Sep 14mo | Mid rally 81% | Asymmetry 7%,MonthlyDoubleBottom+MonthlyStage2,Sideways,False,False,Below-MAs,True,Stage2,4,Uptrend,Uptrend,438.0,587.43,312.67,372.3,1040.38,1733.69,2889.02,1733.69,295.8,99.0,16.84,,2.63,0.25,13.22,21.0,8.74,,0,none,17.4,13.8,-0.54,36.0,-4.26,17.66,7.03,55.39,61.17,92.5,56.62,66.64,87.44,46.6,0.75,consistent growth,1.59,,1.64,,-2525.15,-31.57,49.49,0.24,,8.24,-0.44,0.64,0.01,563.0,335.65,22.2,30.5,-7.02,119.92,0.93,0.42,4,21.0,15.37,8.0,0.0,44.4,MONITOR ⭐,Expected ~99% CAGR (2yr) | Revenue CAGR 61% | Profit CAGR 67% | OPM 36% | Margin compressing ↓ ⚠️ | EPS: consistent growth,High D/E 1.6 | Margin compression ↓ | Pattern still forming (not broken out),3-4 years,Medium-High,"yfinance, screener.in",100,59,,2026-07-18,2026-06-01,47,0.0,7,0.0
HNDFDS,Hindustan Foods Limited,Industrials,Conglomerates,6901.0,Small-Cap,MonthlyDoubleBottom,Forming,0.454,22,Sep 22mo | Mid rally 51% | Asymmetry 6%,MonthlyDoubleBottom+MonthlyStage2,Uptrend,True,False,Uptrend,True,Stage2,4,Uptrend,Uptrend,560.8,686.4,442.0,476.68,560.93,930.8,919.46,718.16,66.0,28.8,46.08,26.49,5.92,1.64,21.84,0.0,,830.5,2,strong_buy,14.8,14.2,-0.77,9.0,0.63,3.51,6.03,19.28,17.84,25.13,35.45,28.03,34.38,35.1,0.75,consistent growth,0.93,,1.41,,-379.47,-5.5,61.31,0.0,,5.83,0.08,15.06,0.47,581.05,442.0,3.5,26.9,7.77,-23.54,0.63,0.32,4,18.0,19.45,2.0,5.0,44.4,MONITOR ⭐,Expected ~29% CAGR (2yr) | Revenue CAGR 18% | Profit CAGR 28% | Promoter 61% holding | EPS: consistent growth | MonthlyDoubleBottom forming (22mo base),Pattern still forming (not broken out),3-4 years,Medium-High,"yfinance, screener.in",100,45,,2026-07-18,2026-06-01,47,7.3,7,4.0
ABBOTINDIA,Abbott India Limited,Healthcare,Drug Manufacturers - Specialty & Generic,57724.0,Large-Cap,MonthlyDoubleBottom,Forming,0.522,19,Sep 19mo | Mid rally 60% | Asymmetry 8%,MonthlyDoubleBottom+MonthlyStage2,Sideways-Above-MA,True,True,Constructive,True,Stage2,6,Uptrend,Uptrend,27165.0,22642.79,13589.28,23090.25,30507.52,32721.0,35320.87,32826.09,20.5,9.8,37.17,30.02,12.09,4.89,29.34,193.0,19.98,32563.38,8,buy,34.46,,,27.01,,22.4,18.28,6.5,,,7.6,,,7.6,0.5,insufficient history,0.04,,2.55,,1373.31,2.38,74.99,0.0,,0.27,0.08,8.93,-0.07,35310.0,25150.0,23.1,8.0,-12.81,-4.82,0.79,0.02,4,25.0,16.26,2.0,1.0,44.3,MONITOR ⭐,Expected ~10% CAGR (2yr) | ROE 34% | Nearly debt-free | Promoter 75% holding | OPM 27% | Dividend growing 20%/yr,Earnings due 2026-08-11 | Pattern still forming (not broken out),3-4 years,Medium-High,"yfinance, screener.in",70,288,2026-08-11,2026-07-18,2026-06-01,47,-2.3,7,4.0
BRITANNIA,Britannia Industries Limited,Consumer Defensive,Packaged Foods,128937.0,Large-Cap,MonthlyDoubleBottom,Forming,0.638,25,Sep 25mo | Mid rally 68% | Asymmetry 4%,MonthlyDoubleBottom+MonthlyStage2,Sideways,False,False,Below-MAs,True,Stage2,15,Uptrend,Uptrend,5353.0,3201.72,1876.14,4550.05,3951.86,4938.09,4199.04,4073.57,,,51.02,41.28,25.25,16.56,36.22,169.0,9.9,6234.88,34,buy,53.6,56.0,2.6,18.0,0.09,13.23,21.59,6.74,5.52,7.83,16.48,3.08,6.51,21.1,0.15,highly inconsistent earnings,0.27,,1.12,,2049.09,1.59,50.55,0.0,,15.63,0.75,18.82,-0.73,6336.0,5035.0,15.5,6.3,-5.98,-2.76,0.26,0.47,5,26.0,15.16,2.0,1.0,44.2,MONITOR ⭐,ROE 54% | ROCE 56% | ROCE trend rising ↑ | Low D/E 0.27 | Promoter 51% holding | Piotroski F=5 (above average quality),High PE 51 | Earnings due 2026-08-05 | Pattern still forming (not broken out),3-4 years,Medium-High,"yfinance, screener.in",100,367,2026-08-05,2026-07-18,2026-06-01,47,-1.2,7,2.0
SBGLP,Suratwwala Business Group Limited,Real Estate,Real Estate - Development,436.0,Micro-Cap,None,,0.0,0,,,Downtrend,False,False,Below-MAs,False,Stage2,3,Uptrend,Uptrend,25.48,,,21.66,95.3,116.13,141.51,116.13,355.8,113.5,11.71,,4.21,0.54,9.76,40.0,,,0,none,43.8,30.8,-17.8,37.0,103.1,26.51,14.38,297.22,32.12,,245.45,21.86,,104.4,0.15,highly inconsistent earnings,0.75,,2.84,,-14.92,-3.42,73.39,0.0,,0.0,-0.01,,,46.0,18.35,44.6,38.9,-30.74,-39.14,,0.33,4,30.0,3.0,11.0,0.0,44.0,MONITOR ⭐,Expected ~114% CAGR (2yr) | Revenue CAGR 32% | Profit CAGR 22% | ROE 44% | ROCE 31% | Promoter 73% holding,None identified,3-4 years,Medium-High,"yfinance, screener.in",100,42,,2026-07-18,2026-06-01,47,-2.8,7,-2.0
PAGEIND,Page Industries Limited,Consumer Cyclical,Apparel Manufacturing,43941.0,Large-Cap,MonthlyDoubleBottom,Forming,1.0,18,Sep 18mo | Mid rally 106% | Asymmetry 3%,,Sideways-Above-MA,True,False,Constructive,True,Stage2,3,Uptrend,Uptrend,38700.0,33328.2,15943.52,32895.0,28992.25,50712.88,34445.69,31601.55,31.0,14.5,57.47,42.94,29.24,6.39,37.98,152.0,0.61,42242.92,26,buy,52.5,,,18.56,,14.56,23.78,14.1,,,9.0,,,9.0,0.5,insufficient history,0.18,,1.73,,523.14,1.19,42.89,0.0,,19.0,-1.71,32.5,1.72,49380.0,29805.0,21.6,29.8,-13.15,-15.49,0.39,0.02,5,21.0,22.0,0.0,1.0,44.0,MONITOR ⭐,Expected ~14% CAGR (2yr) | ROE 52% | Low D/E 0.18 | Piotroski F=5 (above average quality) | DII buying +1.7% ↑ | MonthlyDoubleBottom forming (18mo base),High PE 57 | Earnings due 2026-08-13 | Pattern still forming (not broken out),3-4 years,Medium-High,"yfinance, screener.in",70,231,2026-08-13,2026-07-18,2026-06-01,47,0.0,7,-1.0
JTEKTINDIA,JTEKT India Limited,Consumer Cyclical,Auto Parts,4019.0,Small-Cap,MonthlyDoubleBottom,Forming,1.0,6,Sep 6mo | Mid rally 132% | Asymmetry 4%,MonthlyCupHandle+MonthlyDoubleBottom,Downtrend,False,False,Below-MAs,False,Stage2,3,Uptrend,Uptrend,128.86,15.95,6.73,109.53,281.77,523.92,974.18,523.92,306.6,101.6,51.02,32.56,3.39,0.59,21.39,48.0,21.39,177.5,2,buy,12.4,15.9,-0.91,9.0,-0.57,2.89,3.68,0.93,15.67,3.3,3.45,85.94,2.9,11.5,0.15,highly inconsistent earnings,0.29,,1.23,,-373.06,-9.28,74.98,0.0,,0.48,0.02,11.14,0.02,188.5,117.01,31.6,10.1,-3.24,-31.39,0.33,0.76,3,19.0,15.0,9.0,1.0,44.0,MONITOR ⭐,Expected ~102% CAGR (2yr) | Revenue CAGR 16% | Profit CAGR 86% | Low D/E 0.29 | Promoter 75% holding | Margin compressing ↓ ⚠️,High PE 51 | Margin compression ↓ | Pattern still forming (not broken out),3-4 years,Medium-High,"yfinance, screener.in",100,269,,2026-07-18,2026-06-01,47,0.0,7,1.0
HERITGFOOD,Heritage Foods Limited,Consumer Defensive,Packaged Foods,3124.0,Small-Cap,MonthlyDoubleBottom,Forming,1.0,23,Sep 23mo | Mid rally 146% | Asymmetry 0%,,Sideways,False,False,Below-MAs,True,Stage2,15,Uptrend,Uptrend,335.7,720.27,292.55,285.34,1191.36,1149.82,2244.56,1635.26,242.5,85.1,20.74,15.14,2.83,0.56,12.22,74.0,25.4,421.67,3,buy,12.6,14.8,-1.77,6.0,-0.6,3.32,6.81,9.46,11.78,12.85,-20.21,37.26,0.27,-36.1,0.15,highly inconsistent earnings,0.33,,1.4,,-163.39,-5.23,41.3,0.0,,1.98,-0.23,6.38,0.17,540.0,292.55,37.8,14.7,-26.36,10.84,0.27,0.26,3,12.0,19.0,13.0,0.0,44.0,MONITOR ⭐,Expected ~85% CAGR (2yr) | Profit CAGR 37% | Margin compressing ↓ ⚠️ | Dividend growing 25%/yr | PEG 0.56 — undervalued | EV/EBITDA 12× below sector (30×),Margin compression ↓ | Pattern still forming (not broken out),3-4 years,Medium-High,"yfinance, screener.in",100,289,,2026-07-18,2026-06-01,47,2.6,7,2.0
SOTL,Savita Oil Technologies Limited,Basic Materials,Specialty Chemicals,4165.0,Small-Cap,MonthlyStage2,Breaking Out,1.0,24,10-EMA=443 | 30-EMA=413 | Above by 47.1% | MA turning=Yes,MonthlyDoubleBottom+MonthlyStage2,Uptrend,True,False,Uptrend,True,Stage2,1,Uptrend,Uptrend,607.45,412.86,288.1,516.33,573.48,573.48,573.48,573.48,,,22.88,10.0,2.29,,15.73,69.0,-7.17,,0,none,10.5,15.2,-1.34,6.0,-2.17,4.17,5.39,14.42,6.33,16.89,61.06,-6.96,-5.14,62.0,0.15,highly inconsistent earnings,0.0,,2.54,,72.85,1.75,68.93,0.02,,0.88,0.01,13.18,0.0,639.15,285.8,5.0,112.5,50.93,66.91,1.58,0.56,4,7.0,28.0,-1.0,10.0,44.0,MONITOR ⭐,Declining profits (-7% CAGR) ⚠️ | Nearly debt-free | Promoter 69% holding | Margin compressing ↓ ⚠️ | MonthlyStage2 — Breaking Out | Weekly uptrend,Margin compression ↓,3-4 years,Medium-High,"yfinance, screener.in",100,289,,2026-07-18,2026-06-01,47,45.5,7,5.0
AGIIL,AGI Infra Limited,Real Estate,Real Estate - Development,4320.0,Small-Cap,None,,0.0,0,,,Sideways-Above-MA,True,False,Constructive,False,Stage2,3,Uptrend,Uptrend,345.6,,,293.76,351.64,441.48,554.28,441.48,27.7,13.0,44.42,,9.32,1.74,33.45,3.0,,,0,none,25.0,20.1,-0.91,35.0,1.11,26.91,5.0,8.62,13.72,26.26,41.79,25.55,41.08,69.6,0.4,lumpy earner,0.38,,1.31,,-85.2,-1.97,71.29,-1.66,,3.98,3.15,0.01,-0.01,434.4,199.8,20.4,73.0,52.88,,,-0.04,3,27.0,9.0,1.0,7.0,44.0,MONITOR ⭐,Expected ~13% CAGR (2yr) | Profit CAGR 26% | ROE 25% | ROCE 20% | Promoter 71% holding | OPM 35%,None identified,3-4 years,Medium-High,"yfinance, screener.in",100,25,,2026-07-18,2026-06-15,33,-7.2,5,-4.0
NEWGEN,Newgen Software Technologies Limited,Technology,Software - Infrastructure,7301.0,Small-Cap,MonthlyDoubleBottom,Forming,0.322,6,Sep 6mo | Mid rally 39% | Asymmetry 7%,,Downtrend,False,False,Below-MAs,False,Downtrend,0,Uptrend,Uptrend,461.15,211.47,147.53,391.98,760.23,818.73,1083.09,907.41,77.5,33.2,24.33,17.74,4.11,1.26,15.74,116.0,30.5,685.71,7,buy,19.6,25.0,-0.26,26.0,-0.4,19.09,10.54,5.85,17.35,18.52,-4.44,19.36,19.03,-1.9,0.15,highly inconsistent earnings,0.02,,3.66,,197.71,2.71,53.52,0.0,,14.48,-2.86,8.85,-0.83,1109.9,401.05,58.5,15.0,-52.74,15.43,0.3,0.59,5,27.0,5.86,11.0,0.0,43.9,MONITOR ⭐,Expected ~33% CAGR (2yr) | Revenue CAGR 17% | ROCE 25% | Nearly debt-free | Promoter 54% holding | OPM 26%,Pattern still forming (not broken out),3-4 years,Medium-High,"yfinance, screener.in",100,101,,2026-07-18,2026-06-01,47,0.0,7,-7.0
HARSHA,Harsha Engineers International Limited,Industrials,Tools & Accessories,3894.0,Small-Cap,MonthlyDoubleBottom,Forming,0.95,36,Sep 36mo | Mid rally 97% | Asymmetry 2%,MonthlyCupHandle+MonthlyDoubleBottom+MonthlyStage2,Uptrend,True,False,Tight-Above-MAs,True,Stage2,4,Uptrend,Uptrend,425.0,611.14,306.92,361.25,531.4,915.36,619.94,573.96,115.4,46.8,25.06,17.85,2.78,3.13,16.54,35.0,14.47,484.33,3,buy,10.5,13.0,-0.51,15.0,-0.0,9.54,6.49,15.55,6.05,13.23,74.16,8.01,28.06,,0.15,highly inconsistent earnings,0.27,,2.6,,-57.12,-1.47,75.0,0.0,,1.79,-0.58,13.02,0.6,469.0,313.3,9.4,35.7,8.33,-31.65,0.95,0.57,3,10.0,27.9,3.0,3.0,43.9,MONITOR ⭐,Expected ~47% CAGR (2yr) | Low D/E 0.27 | Promoter 75% holding | DII buying +0.6% ↑ | Dividend growing 14%/yr | MonthlyDoubleBottom forming (36mo base),Pattern still forming (not broken out),3-4 years,Medium-High,"yfinance, screener.in",100,47,,2026-07-18,2026-06-01,47,4.1,7,7.0
CRISIL,CRISIL Limited,Financial Services,Financial Data & Stock Exchanges,29964.0,Mid-Cap,MonthlyDoubleBottom,Forming,0.859,27,Sep 27mo | Mid rally 89% | Asymmetry 3%,,Sideways,False,False,Below-MAs,True,Stage2,12,Uptrend,Uptrend,4097.4,6797.35,3537.68,3482.79,2687.33,10057.02,3160.09,2914.14,145.4,56.7,35.71,27.2,9.88,4.23,26.58,89.0,-8.94,4908.0,2,buy,24.5,32.6,-0.91,30.0,0.77,21.56,,6.69,7.43,11.09,9.53,8.44,12.48,45.9,0.75,consistent growth,0.1,,,,,,66.64,0.0,,7.18,-0.49,12.61,0.52,6130.0,3686.0,33.2,11.2,-15.87,-18.45,0.68,0.13,1,27.0,17.81,-1.0,0.0,43.8,MONITOR ⭐,Expected ~57% CAGR (2yr) | ROE 24% | ROCE 33% | Nearly debt-free | Promoter 67% holding | OPM 30%,Pattern still forming (not broken out),3-4 years,Medium-High,"yfinance, screener.in",80,289,,2026-07-18,2026-06-01,47,-0.4,7,4.8
RMDRIP,R M DRIP & SPRINK SYS LTD,Industrials,Farm & Heavy Construction Machinery,829.0,Small-Cap,MonthlyDoubleBottom,Forming,1.0,32,Sep 32mo | Mid rally 292% | Asymmetry 1%,,Downtrend,False,False,Below-MAs,False,Stage2,4,Uptrend,Uptrend,19.02,3.67,0.74,16.17,20.13,20.13,20.13,20.13,5.8,2.9,23.62,,4.37,,10.28,15.0,,,0,none,36.6,36.9,-7.0,27.0,8.0,17.7,16.7,50.38,,,45.83,,,-2.6,0.4,lumpy earner,0.48,,3.07,,-23.79,-2.87,21.06,0.0,,3.85,1.35,0.1,-0.25,72.22,14.81,73.7,28.4,-37.79,673.08,0.19,0.73,4,23.0,16.5,4.0,0.0,43.5,MONITOR ⭐,Expected ~3% CAGR (2yr) | Revenue CAGR 27% | Declining profits (-2% CAGR) ⚠️ | ROE 37% | ROCE 37% | OPM 27%,Pattern still forming (not broken out),3-4 years,Medium-High,"yfinance, screener.in",80,104,,2026-07-18,2026-06-01,47,0.0,7,-19.0
FINCABLES,Finolex Cables Limited,Industrials,Electrical Equipment & Parts,16127.0,Mid-Cap,MonthlyDoubleBottom,Forming,1.0,32,Sep 32mo | Mid rally 130% | Asymmetry 8%,MonthlyCupHandle+MonthlyDoubleBottom+MonthlyStage2,Sideways-Above-MA,True,False,Constructive,False,Stage2,4,Uptrend,Uptrend,1054.5,1674.55,700.8,896.32,1634.39,2648.3,2061.55,1835.58,151.1,58.5,22.58,15.6,2.65,1.83,22.73,76.0,10.06,1204.33,6,buy,12.3,16.0,-0.74,10.0,-0.49,11.29,5.27,18.84,12.15,17.96,1.85,12.31,9.14,17.1,0.15,highly inconsistent earnings,0.0,,8.42,,-130.67,-0.81,35.86,0.0,,9.62,0.2,16.44,0.67,1203.9,700.8,12.4,50.5,30.67,-27.75,0.26,0.52,4,10.0,22.5,3.0,8.0,43.5,MONITOR ⭐,Expected ~58% CAGR (2yr) | Nearly debt-free | DII buying +0.7% ↑ | Dividend growing 10%/yr | MonthlyDoubleBottom forming (32mo base) | Sector in Stage2,Earnings due 2026-08-11 | Pattern still forming (not broken out),3-4 years,Medium-High,"yfinance, screener.in",100,289,2026-08-11,2026-07-18,2026-06-01,47,-0.2,7,-3.0
MSUMI,Motherson Sumi Wiring India Limited,Consumer Cyclical,Auto Parts,26619.0,Mid-Cap,MonthlyDoubleBottom,Forming,0.709,23,Sep 23mo | Mid rally 75% | Asymmetry 4%,,Sideways,False,False,Below-MAs,False,Stage2,3,Uptrend,Uptrend,39.39,51.92,28.99,33.48,33.63,74.85,34.78,34.2,90.0,37.8,42.7,27.29,12.43,25.12,28.55,144.0,11.87,48.69,13,buy,32.39,,,6.04,,5.47,12.22,33.1,,,1.7,,,1.4,0.5,insufficient history,0.11,,1.62,,145.21,0.55,61.72,0.0,,9.74,-0.4,17.41,0.24,53.59,35.7,26.5,10.3,7.24,-16.38,0.6,0.06,5,25.0,15.51,2.0,1.0,43.5,MONITOR ⭐,Expected ~38% CAGR (2yr) | Revenue CAGR 33% | ROE 32% | Low D/E 0.11 | Promoter 62% holding | Piotroski F=5 (above average quality),Earnings due 2026-07-28 | Pattern still forming (not broken out),3-4 years,Medium-High,"yfinance, screener.in",70,51,2026-07-28,2026-07-18,2026-06-01,47,0.0,7,-2.0
APOLLOTYRE,Apollo Tyres Limited,Consumer Cyclical,Auto Parts,27840.0,Mid-Cap,MonthlyDoubleBottom,Forming,1.0,38,Sep 38mo | Mid rally 116% | Asymmetry 9%,MonthlyDoubleBottom+MonthlyStage2,Sideways,False,False,Below-MAs,True,Stage2,3,Uptrend,Uptrend,440.1,271.7,120.24,374.09,941.53,808.86,1128.09,1030.59,83.8,35.6,20.33,13.56,1.67,2.15,8.23,250.0,10.06,476.26,23,buy,13.1,13.9,1.23,15.0,0.14,4.82,5.75,8.99,5.04,10.35,22.39,9.46,31.42,241.8,0.15,highly inconsistent earnings,0.22,,1.32,,1985.33,7.13,36.93,0.0,,12.15,-0.11,27.56,-0.33,540.5,365.3,18.6,20.5,-3.22,-9.08,0.47,0.14,5,18.0,19.5,5.0,1.0,43.5,MONITOR ⭐,Expected ~36% CAGR (2yr) | ROCE trend rising ↑ | Low D/E 0.22 | FCF yield 7.1% | Piotroski F=5 (above average quality) | Dividend growing 10%/yr,Earnings due 2026-08-06 | Pattern still forming (not broken out),3-4 years,Medium-High,"yfinance, screener.in",100,295,2026-08-06,2026-07-18,2026-06-01,47,18.3,7,-1.5
JBMA,JBM Auto Limited,Consumer Cyclical,Auto Parts,16193.0,Mid-Cap,MonthlyDoubleBottom,Forming,1.0,48,Sep 48mo | Mid rally 372% | Asymmetry 5%,MonthlyDoubleBottom+MonthlyStage2,Sideways-Above-MA,True,False,Tight-Above-MAs,True,Stage2,3,Uptrend,Uptrend,670.35,121.35,25.11,569.8,526.63,652.7,808.96,652.7,,,74.1,34.55,14.18,3.1,35.14,13.0,19.35,,0,none,15.6,14.8,0.91,11.0,0.37,3.59,5.02,11.26,16.43,25.16,10.7,23.94,37.18,11.9,0.15,highly inconsistent earnings,1.9,,1.1,,-982.55,-6.07,67.53,0.0,,2.03,0.06,0.16,0.06,790.0,477.0,15.1,40.5,13.72,-37.03,0.18,0.07,4,14.0,25.5,0.0,4.0,43.5,MONITOR ⭐,Revenue CAGR 16% | Profit CAGR 24% | ROCE trend rising ↑ | Promoter 68% holding | Dividend growing 19%/yr | MonthlyDoubleBottom forming (48mo base),High D/E 1.9 | High PE 74 | Pattern still forming (not broken out),3-4 years,Medium-High,"yfinance, screener.in",100,260,,2026-07-18,2026-06-01,47,7.6,7,-1.0
AHLUCONT,Ahluwalia Contracts (India) Limited,Industrials,Engineering & Construction,5647.0,Small-Cap,MonthlyDoubleBottom,Forming,1.0,16,Sep 16mo | Mid rally 143% | Asymmetry 5%,,Sideways,False,False,Below-MAs,True,Stage2,4,Uptrend,Uptrend,842.95,1540.85,619.62,716.51,1347.12,2462.08,1662.48,1496.51,192.1,70.9,21.23,14.42,2.74,1.91,11.28,7.0,25.99,992.0,12,strong_buy,13.8,20.4,-0.06,10.0,0.09,5.82,5.28,11.37,17.17,18.16,31.68,11.09,28.14,-1.6,0.15,highly inconsistent earnings,0.04,,1.89,,-35.92,-0.64,55.32,0.0,,14.05,0.31,22.32,0.0,1125.0,645.15,25.1,30.7,-7.46,-9.46,0.12,0.56,5,17.0,18.5,8.0,0.0,43.5,MONITOR ⭐,Expected ~71% CAGR (2yr) | Revenue CAGR 17% | ROCE 20% | Nearly debt-free | Promoter 55% holding | Piotroski F=5 (above average quality),Pattern still forming (not broken out),3-4 years,Medium-High,"yfinance, screener.in",100,200,,2026-07-18,2026-06-01,47,6.7,7,3.0
DICIND,DIC India Limited,Basic Materials,Specialty Chemicals,480.0,Micro-Cap,MonthlyDoubleBottom,Forming,1.0,48,Sep 48mo | Mid rally 132% | Asymmetry 3%,,Sideways-Above-MA,True,False,Below-MAs,False,Stage2,1,Uptrend,Uptrend,522.6,697.35,296.01,444.21,509.24,1098.69,657.41,578.6,110.2,45.0,25.19,12.22,1.12,1.85,8.84,57.0,14.47,,0,none,10.8,15.2,0.2,8.0,0.3,2.05,,-2.14,10.48,,22.22,13.62,,63.8,0.15,highly inconsistent earnings,0.01,,,,,,71.75,0.0,,0.0,,,,650.0,450.5,19.6,16.0,-9.41,-10.9,0.58,0.07,3,15.0,21.5,6.0,1.0,43.5,MONITOR ⭐,Expected ~45% CAGR (2yr) | ROCE trend rising ↑ | Nearly debt-free | Promoter 72% holding | Dividend growing 14%/yr | EV/EBITDA 9× vs sector 10×,Pattern still forming (not broken out),3-4 years,Medium-High,"yfinance, screener.in",80,289,,2026-07-18,2026-06-01,47,3.5,7,6.0
DYCL,Dynamic Cables Limited,Industrials,Electrical Equipment & Parts,1758.0,Small-Cap,MonthlyStage2,Stage Change,1.0,24,10-EMA=341 | 30-EMA=315 | Above by 15.3% | MA turning=Yes,MonthlyDoubleBottom+MonthlyStage2,Uptrend,True,False,Tight-Above-MAs,True,Stage2,4,Uptrend,Uptrend,362.8,314.74,240.9,308.38,468.44,480.15,492.15,480.15,32.3,15.0,20.84,,3.84,8.34,13.64,14.0,25.99,,0,none,20.32,,,9.71,,7.05,11.59,7.3,,,2.5,,,2.6,0.5,insufficient history,0.09,,2.52,,-4.15,-0.24,68.18,0.0,,0.9,0.37,1.27,0.24,520.0,236.8,30.2,53.2,-12.51,30.6,0.23,0.14,3,12.0,28.5,3.0,0.0,43.5,MONITOR ⭐,Expected ~15% CAGR (2yr) | ROE 20% | Nearly debt-free | Promoter 68% holding | Dividend growing 26%/yr | EV/EBITDA 14× vs sector 18×,None identified,3-4 years,Medium-High,"yfinance, screener.in",70,49,,2026-07-18,2026-07-01,17,14.1,3,4.5
GREENPANEL,Greenpanel Industries Limited,Basic Materials,Lumber & Wood Production,2338.0,Small-Cap,MonthlyDoubleBottom,Forming,0.662,15,Sep 15mo | Mid rally 72% | Asymmetry 5%,,Sideways,False,False,Below-MAs,False,Stage2,1,Uptrend,Uptrend,190.63,447.71,253.76,241.07,320.12,641.66,520.39,408.15,236.6,83.5,16.4,14.61,1.76,0.6,32.03,26.0,-41.52,245.56,16,buy,11.4,12.9,3.31,16.0,1.31,-1.89,-0.64,-12.11,15.35,21.21,-44.36,27.5,32.51,-95.3,0.15,highly inconsistent earnings,0.27,,1.94,,-27.44,-1.17,53.13,0.0,,1.07,-0.03,28.4,-0.05,335.2,163.01,43.1,16.9,-28.61,-75.05,0.17,0.42,5,21.0,14.44,8.0,0.0,43.4,MONITOR ⭐,Expected ~84% CAGR (2yr) | Revenue CAGR 15% | Profit CAGR 28% | ROCE trend rising ↑ | Low D/E 0.27 | Promoter 53% holding,Pattern still forming (not broken out),3-4 years,Medium-High,"yfinance, screener.in",90,82,,2026-07-18,2026-06-01,47,4.2,7,3.0
DIVISLAB,Divi's Laboratories Limited,Healthcare,Drug Manufacturers - Specialty & Generic,181474.0,Large-Cap,MonthlyDoubleBottom,Forming,0.681,20,Sep 20mo | Mid rally 71% | Asymmetry 3%,,Uptrend,True,False,Uptrend,True,Stage2,6,Uptrend,Uptrend,6836.0,5284.12,3058.82,5810.6,4466.87,7509.42,5613.26,5007.37,9.9,4.8,70.42,48.55,10.82,5.82,51.71,44.0,0.0,7088.8,30,hold,16.5,22.0,-2.8,33.0,-2.17,24.32,10.07,12.82,10.78,8.67,17.21,12.1,5.3,13.4,0.15,highly inconsistent earnings,0.0,,5.43,,-747.12,-0.41,51.88,0.0,,20.29,0.21,19.13,-0.05,6968.0,5636.5,1.9,21.3,12.39,68.17,0.38,0.22,4,15.0,22.17,0.0,6.0,43.2,MONITOR ⭐,Expected ~5% CAGR (2yr) | ROCE 22% | Nearly debt-free | Promoter 52% holding | OPM 33% | Margin compressing ↓ ⚠️,High PE 70 | Margin compression ↓ | Earnings due 2026-08-05 | Pattern still forming (not broken out),3-4 years,Medium-High,"yfinance, screener.in",100,281,2026-08-05,2026-07-18,2026-06-01,47,-1.1,7,1.0
JYOTICNC,Jyoti CNC Automation Limited,Industrials,Specialty Industrial Machinery,18115.0,Mid-Cap,None,,0.0,0,,,Downtrend,False,False,Below-MAs,False,Stage2,4,Uptrend,Uptrend,679.15,,,577.28,1206.68,3200.96,8491.17,3200.96,371.3,117.1,53.75,32.18,9.06,0.33,35.77,0.0,,724.0,2,strong_buy,18.2,21.3,5.0,25.0,4.71,16.05,9.3,15.13,31.09,31.51,6.33,165.27,,-16.9,0.2,multiple loss years in history,0.43,,2.26,,-284.71,-1.57,62.55,0.0,,8.95,-0.75,13.68,0.29,1084.0,580.1,37.3,17.1,-28.15,,,-0.46,6,33.0,3.0,7.0,0.0,43.0,MONITOR ⭐,Expected ~117% CAGR (2yr) | Revenue CAGR 31% | Profit CAGR 165% | ROCE 21% | ROCE trend rising ↑ | Promoter 63% holding,High PE 54,3-4 years,Medium-High,"yfinance, screener.in",100,29,,2026-07-18,2026-06-01,47,0.0,7,-1.0
LATENTVIEW,Latent View Analytics Limited,Industrials,Consulting Services,6232.0,Small-Cap,MonthlyDoubleBottom,Forming,0.666,25,Sep 25mo | Mid rally 76% | Asymmetry 10%,,Sideways,False,False,Below-MAs,True,Stage2,4,Uptrend,Uptrend,325.25,575.0,310.45,294.93,333.65,839.55,398.08,364.45,158.1,60.7,31.53,22.57,3.55,3.42,24.24,0.0,,333.0,5,buy,11.9,15.8,-1.8,22.0,-2.49,18.63,6.39,25.0,25.29,28.21,16.76,9.23,17.29,-1.4,0.4,lumpy earner,0.02,,4.05,,199.62,3.2,65.1,0.0,,3.15,-0.57,4.13,-0.07,517.5,248.0,37.1,31.1,-13.24,-30.22,1.0,0.51,5,26.0,15.49,1.0,0.0,42.5,MONITOR ⭐,Expected ~61% CAGR (2yr) | Revenue CAGR 25% | Nearly debt-free | Promoter 65% holding | Margin compressing ↓ ⚠️ | FCF yield 3.2%,Margin compression ↓ | Pattern still forming (not broken out),3-4 years,Medium-High,"yfinance, screener.in",100,55,,2026-07-18,2026-06-01,47,0.0,7,-2.0
JUBLFOOD,Jubilant FoodWorks Limited,Consumer Cyclical,Restaurants,28809.0,Mid-Cap,MonthlyDoubleBottom,Forming,1.0,32,Sep 32mo | Mid rally 116% | Asymmetry 4%,,Sideways,False,False,Below-MAs,True,Stage2,3,Uptrend,Uptrend,473.0,191.15,86.69,402.05,258.5,383.47,301.23,279.05,,,76.99,47.18,12.6,9.68,15.15,27.0,0.0,540.1,29,buy,18.9,14.6,-0.97,20.0,-1.14,4.5,6.42,16.84,22.63,23.49,104.61,7.95,13.96,-18.4,0.15,highly inconsistent earnings,0.03,,0.37,,478.52,1.66,40.27,0.0,,17.29,-1.3,36.38,1.59,695.5,408.8,32.0,15.7,-24.77,-27.75,0.41,0.06,4,18.0,19.5,5.0,0.0,42.5,MONITOR ⭐,Revenue CAGR 23% | Nearly debt-free | Margin compressing ↓ ⚠️ | DII buying +1.6% ↑ | EV/EBITDA 15× below sector (25×) | MonthlyDoubleBottom forming (32mo base),High PE 77 | Margin compression ↓ | Earnings due 2026-08-19 | Pattern still forming (not broken out),3-4 years,Medium-High,"yfinance, screener.in",100,196,2026-08-19,2026-07-18,2026-06-01,47,0.0,7,-1.0
KTKBANK,The Karnataka Bank Limited,Financial Services,Banks - Regional,10451.0,Mid-Cap,MonthlyStage2,Stage Change,1.0,24,10-EMA=217 | 30-EMA=195 | Above by 27.1% | MA turning=Yes,MonthlyDoubleBottom+MonthlyStage2,Uptrend,True,False,Tight-Above-MAs,True,Stage2,12,Uptrend,Uptrend,247.75,194.86,163.04,210.59,693.93,541.09,744.37,718.71,118.4,47.8,7.99,6.89,0.79,2.24,,181.0,7.72,274.67,3,none,10.4,6.06,,45.57,,40.89,1.05,-1.07,7.29,7.43,2.99,3.57,22.15,61.6,0.15,highly inconsistent earnings,,,,,,,,,,11.78,0.09,16.16,0.32,282.95,169.12,12.4,46.5,37.92,18.12,0.36,0.3,1,1.0,28.5,3.0,10.0,42.5,MONITOR ⭐,Expected ~48% CAGR (2yr) | OPM 46% | MonthlyStage2 forming (24mo base) | Weekly uptrend | Tight daily consolidation above MAs | Sector in Stage2,None identified,3-4 years,Medium-High,"yfinance, screener.in",70,313,,2026-07-18,2026-06-01,47,0.0,7,0.0
MANKIND,Mankind Pharma Limited,Healthcare,Drug Manufacturers - Specialty & Generic,104286.0,Large-Cap,MonthlyStage2,Stage Change,0.818,24,10-EMA=2295 | 30-EMA=2220 | Above by 12.3% | MA turning=Yes,MonthlyDoubleBottom+MonthlyStage2,Sideways-Above-MA,True,False,Constructive,True,Stage2,6,Uptrend,Uptrend,2492.6,2220.12,2005.8,2118.71,2181.35,2559.02,2831.9,2485.43,2.7,1.3,54.64,35.33,6.39,3.92,29.98,8.0,,2669.4,20,buy,13.1,13.5,-4.54,25.0,-0.29,13.4,6.11,16.97,17.73,18.1,-3.63,13.94,8.43,31.7,0.15,highly inconsistent earnings,0.38,,1.07,,1647.91,1.58,72.66,0.0,,10.24,-1.1,14.46,1.2,2716.5,1909.7,8.2,30.5,15.21,23.38,0.75,0.45,4,17.0,20.32,1.0,4.0,42.3,MONITOR ⭐,Expected ~1% CAGR (2yr) | Revenue CAGR 18% | Promoter 73% holding | DII buying +1.2% ↑ | MonthlyStage2 forming (24mo base) | Sector in Stage2,High PE 55 | Earnings due 2026-08-06,3-4 years,Medium-High,"yfinance, screener.in",100,37,2026-08-06,2026-07-18,2026-06-01,47,0.0,7,0.0
ERIS,Eris Lifesciences Limited,Healthcare,Drug Manufacturers - Specialty & Generic,19833.0,Mid-Cap,MonthlyDoubleBottom,Forming,0.653,42,Sep 42mo | Mid rally 71% | Asymmetry 6%,MonthlyDoubleBottom+MonthlyStage2,Sideways,False,False,Constructive,True,Stage2,6,Uptrend,Uptrend,1431.2,814.47,462.16,1216.52,2447.65,2443.96,3531.08,2939.87,70.8,30.7,31.64,23.41,5.01,1.57,19.51,101.0,100.0,1700.1,10,strong_buy,18.7,14.1,-3.14,36.0,-0.03,19.89,7.3,8.12,22.91,20.89,72.8,20.11,12.79,201.3,0.15,highly inconsistent earnings,0.6,,0.74,,-30.12,-0.15,53.92,-0.93,,6.39,-0.46,20.35,0.04,1885.0,1200.0,24.1,19.3,-19.6,51.97,0.2,-0.11,3,18.0,16.34,7.0,1.0,42.3,MONITOR ⭐,Expected ~31% CAGR (2yr) | Revenue CAGR 23% | Profit CAGR 20% | Promoter 54% holding | OPM 36% | Dividend growing 100%/yr,Pattern still forming (not broken out),3-4 years,Medium-High,"yfinance, screener.in",100,110,,2026-07-18,2026-06-01,47,7.1,7,1.0
AWL,AWL Agri Business Limited,Consumer Defensive,Packaged Foods,24574.0,Mid-Cap,MonthlyDoubleBottom,Forming,0.547,17,Sep 17mo | Mid rally 58% | Asymmetry 4%,,Downtrend,False,False,Below-MAs,False,Stage2,15,Uptrend,Uptrend,190.0,509.0,315.5,299.72,448.37,702.5,662.33,544.95,269.7,92.3,23.57,18.52,2.35,1.09,10.55,54.0,,267.33,6,buy,10.7,18.3,-0.4,3.0,-0.06,1.39,4.87,17.37,8.7,15.04,-14.76,21.54,7.47,53.5,0.15,highly inconsistent earnings,0.11,,1.26,,2318.6,9.44,56.94,0.0,,21.86,0.71,8.37,-0.91,286.0,171.19,33.6,11.0,-23.55,-72.87,0.77,-0.15,3,20.0,10.06,12.0,0.0,42.1,MONITOR ⭐,Expected ~92% CAGR (2yr) | Profit CAGR 22% | Low D/E 0.11 | Promoter 57% holding | FCF yield 9.4% | FII buying +0.7% ↑,Pattern still forming (not broken out),3-4 years,Medium-High,"yfinance, screener.in",100,54,,2026-07-18,2026-06-01,47,-6.0,7,1.0
AXISCADES,AXISCADES Technologies Limited,Industrials,Engineering & Construction,6819.0,Small-Cap,MonthlyDoubleBottom,Forming,1.0,7,Sep 7mo | Mid rally 108% | Asymmetry 0%,,Sideways-Above-MA,True,False,Below-MAs,False,Stage2,4,Uptrend,Uptrend,1603.3,129.0,62.0,1362.8,886.34,1296.63,1896.84,1296.63,,,95.26,,9.39,2.06,40.42,0.0,,,0,none,11.5,15.3,0.17,15.0,0.49,6.21,6.42,12.42,12.13,17.21,-4.0,46.29,36.85,-98.6,0.2,multiple loss years in history,0.53,,1.53,,-152.07,-2.23,58.05,0.0,,1.16,-0.29,1.63,0.69,2211.0,1063.3,27.5,50.8,29.6,161.06,1.02,0.28,5,19.0,20.0,-1.0,4.0,42.0,MONITOR ⭐,Profit CAGR 46% | ROCE trend rising ↑ | Promoter 58% holding | Piotroski F=5 (above average quality) | DII buying +0.7% ↑ | MonthlyDoubleBottom forming (7mo base),High PE 95 | Pattern still forming (not broken out),3-4 years,Medium-High,"yfinance, screener.in",100,289,,2026-07-18,2026-06-01,47,-21.6,7,-6.0
INDIANB,Indian Bank,Financial Services,Banks - Regional,117280.0,Large-Cap,MonthlyDoubleBottom,Forming,0.582,6,Sep 6mo | Mid rally 64% | Asymmetry 6%,,Sideways,False,False,Below-MAs,True,Stage2,12,Uptrend,Uptrend,846.35,187.63,110.59,719.4,2290.24,1978.79,3025.15,2632.17,133.8,52.9,9.17,8.05,1.47,0.61,,230.0,28.51,998.71,14,strong_buy,15.4,6.32,,46.92,,34.17,1.25,2.68,7.59,12.25,9.23,14.93,25.28,6.4,0.4,lumpy earner,,,,,,,73.84,0.0,,6.16,0.34,17.03,-0.72,1000.9,606.0,15.4,39.7,30.49,108.69,0.94,0.29,1,12.0,12.98,9.0,8.0,42.0,MONITOR ⭐,Expected ~53% CAGR (2yr) | Promoter 74% holding | OPM 47% | Dividend growing 29%/yr | PEG 0.61 — undervalued | MonthlyDoubleBottom forming (6mo base),Earnings due 2026-07-10 | Pattern still forming (not broken out),3-4 years,Medium-High,"yfinance, screener.in",80,233,2026-07-10,2026-07-18,2026-06-01,47,3.6,7,-6.0
POCL,Pondy Oxides And Chemicals Limited,Basic Materials,Specialty Chemicals,4348.0,Small-Cap,None,,0.0,0,,,Sideways-Above-MA,True,False,Constructive,True,Stage2,1,Uptrend,Uptrend,1529.8,,,1300.33,1232.75,1488.42,1797.11,1488.42,,,32.36,16.78,5.51,1.56,21.32,25.0,100.0,1953.0,1,strong_buy,19.2,23.2,2.29,7.0,0.74,4.46,13.5,43.8,26.08,52.55,127.59,20.74,113.15,126.0,0.15,highly inconsistent earnings,0.19,,3.61,,-153.69,-3.53,39.34,0.0,,2.22,-0.12,7.15,0.37,1619.0,898.7,5.5,70.2,83.86,663.12,,-0.21,5,24.0,9.0,1.0,8.0,42.0,MONITOR ⭐,Revenue CAGR 26% | Profit CAGR 21% | ROCE 23% | ROCE trend rising ↑ | Low D/E 0.19 | Piotroski F=5 (above average quality),None identified,3-4 years,Medium-High,"yfinance, screener.in",100,188,,2026-07-18,2026-06-01,47,0.0,7,-1.0
AVALON,Avalon Technologies Limited,Technology,Electronic Components,11813.0,Mid-Cap,None,,0.0,0,,,Uptrend,True,False,Tight-Above-MAs,True,Downtrend,0,Uptrend,Uptrend,1768.1,,,1502.88,731.17,947.09,1226.76,947.09,,,105.24,53.14,16.37,3.56,58.74,0.0,,1377.0,15,hold,16.9,19.5,-0.97,11.0,-0.17,6.92,9.15,45.99,19.26,18.36,79.37,29.53,37.49,69.5,0.15,highly inconsistent earnings,0.29,,2.05,,-39.51,-0.33,44.41,-0.01,,6.42,-1.14,26.17,0.77,1853.0,777.3,4.6,127.5,113.75,226.1,,,4,19.0,14.0,-1.0,10.0,42.0,MONITOR ⭐,Revenue CAGR 19% | Profit CAGR 30% | Low D/E 0.29 | DII buying +0.8% ↑ | Weekly uptrend | Tight daily consolidation above MAs,High PE 105,3-4 years,Medium-High,"yfinance, screener.in",100,40,,2026-07-18,2026-06-01,47,30.3,7,0.0
PARADEEP,Paradeep Phosphates Limited,Basic Materials,Agricultural Inputs,14722.0,Mid-Cap,MonthlyDoubleBottom,Forming,0.501,8,Sep 8mo | Mid rally 56% | Asymmetry 6%,MonthlyDoubleBottom+MonthlyStage2,Sideways,False,False,Below-MAs,True,Stage2,1,Uptrend,Uptrend,123.98,92.94,58.05,105.38,268.97,300.62,593.3,399.47,142.5,55.7,14.79,12.16,2.17,0.3,9.85,71.0,100.0,152.33,3,buy,18.9,17.1,0.23,10.0,-0.14,4.57,7.52,57.93,17.83,33.41,80.43,48.52,34.89,-2.8,0.15,highly inconsistent earnings,1.02,,1.15,,-3334.15,-22.65,57.79,0.09,,8.36,-3.07,15.49,2.24,234.39,99.7,47.1,24.4,-14.43,76.9,0.77,-0.08,3,18.0,12.01,12.0,0.0,42.0,MONITOR ⭐,Expected ~56% CAGR (2yr) | Revenue CAGR 18% | Profit CAGR 49% | ROCE trend rising ↑ | Promoter 58% holding | DII buying +2.2% ↑,High D/E 1.0 | Pattern still forming (not broken out),3-4 years,Medium-High,"yfinance, screener.in",100,49,,2026-07-18,2026-06-01,47,0.0,7,0.0
CIPLA,Cipla Limited,Healthcare,Drug Manufacturers - Specialty & Generic,116281.0,Large-Cap,MonthlyDoubleBottom,Forming,0.669,9,Sep 9mo | Mid rally 67% | Asymmetry 0%,MonthlyDoubleBottom+MonthlyStage2,Uptrend,True,False,Constructive,True,Stage2,6,Uptrend,Uptrend,1439.4,218.31,130.34,1223.49,2149.18,2020.82,2642.28,2383.01,40.4,18.5,30.03,22.68,3.38,2.76,18.43,90.0,15.21,1477.54,37,buy,11.6,15.5,0.37,21.0,0.34,13.94,7.58,2.23,7.37,8.01,-26.7,10.88,10.08,-54.6,0.15,highly inconsistent earnings,0.02,,3.44,,1140.04,0.98,29.22,0.0,,22.55,-1.38,31.71,1.26,1673.0,1165.7,14.0,23.5,-8.54,-9.07,0.22,0.11,6,16.0,20.03,4.0,2.0,42.0,MONITOR ⭐,Expected ~18% CAGR (2yr) | ROCE trend rising ↑ | Nearly debt-free | Piotroski F=6 (above average quality) | DII buying +1.3% ↑ | Dividend growing 15%/yr,Earnings due 2026-07-23 | Pattern still forming (not broken out),3-4 years,Medium-High,"yfinance, screener.in",100,367,2026-07-23,2026-07-18,2026-06-01,47,2.1,7,5.0
BANSALWIRE,BANSAL WIRE INDUSTRIES L,Basic Materials,Steel,5185.0,Small-Cap,None,,0.0,0,,,Uptrend,True,False,Constructive,False,Stage2,1,Uptrend,Uptrend,331.2,,,281.52,308.26,402.88,595.24,428.35,21.6,10.3,32.25,19.99,3.62,0.83,18.48,0.0,,364.67,3,strong_buy,12.1,13.8,-0.5,7.0,0.8,3.87,6.75,18.62,19.92,,10.27,38.96,,21.0,0.15,highly inconsistent earnings,0.39,,1.64,,4.53,0.09,77.99,0.0,,0.88,-1.24,17.06,1.39,434.3,222.5,23.7,48.9,-6.22,,,,6,23.0,12.0,6.0,1.0,42.0,MONITOR ⭐,Expected ~10% CAGR (2yr) | Revenue CAGR 20% | Profit CAGR 39% | Promoter 78% holding | Piotroski F=6 (above average quality) | DII buying +1.4% ↑,None identified,3-4 years,Medium-High,"yfinance, screener.in",100,25,,2026-07-18,2026-06-15,33,9.0,5,3.0
METROPOLIS,Metropolis Healthcare Limited,Healthcare,Diagnostics & Research,11778.0,Mid-Cap,MonthlyDoubleBottom,Forming,0.936,12,Sep 12mo | Mid rally 96% | Asymmetry 2%,MonthlyCupHandle+MonthlyDoubleBottom+MonthlyStage2,Sideways-Above-MA,True,False,Constructive,True,Stage2,6,Uptrend,Uptrend,508.4,880.34,445.42,432.14,363.37,1315.26,440.72,400.18,158.7,60.8,61.73,37.4,7.77,6.09,29.42,36.0,-30.66,614.2,19,buy,13.8,17.8,-3.8,24.0,-1.2,11.54,8.34,23.67,12.76,10.52,30.82,10.13,0.86,74.7,0.15,highly inconsistent earnings,0.15,,1.4,,242.37,2.06,48.86,-0.01,,10.43,-1.25,35.8,1.07,600.0,412.25,15.3,23.3,27.39,14.38,2.35,0.22,4,13.0,20.73,2.0,6.0,41.7,MONITOR ⭐,Expected ~61% CAGR (2yr) | Low D/E 0.15 | Margin compressing ↓ ⚠️ | DII buying +1.1% ↑ | MonthlyDoubleBottom forming (12mo base) | Sector in Stage2,High PE 62 | Margin compression ↓ | Earnings due 2026-08-06 | Pattern still forming (not broken out),3-4 years,Medium-High,"yfinance, screener.in",100,86,2026-08-06,2026-07-18,2026-06-01,47,0.0,7,0.0
KEC,KEC International Limited,Industrials,Engineering & Construction,13439.0,Mid-Cap,MonthlyDoubleBottom,Forming,0.963,10,Sep 10mo | Mid rally 103% | Asymmetry 6%,,Downtrend,False,False,Below-MAs,False,Stage2,4,Uptrend,Uptrend,469.4,1305.02,623.52,592.34,1150.86,1986.52,2624.08,1737.8,323.2,105.7,22.17,12.88,2.18,0.43,11.04,109.0,11.2,583.87,23,buy,11.3,14.5,-0.54,7.0,-0.14,2.58,3.86,7.59,10.8,12.38,6.13,51.0,1.85,-28.1,0.15,highly inconsistent earnings,0.87,,1.23,,-1843.81,-13.72,50.1,0.0,,9.84,-1.91,26.86,1.39,937.8,466.0,49.9,0.7,-40.85,-36.2,1.07,0.08,2,13.0,14.56,14.0,0.0,41.6,MONITOR ⭐,Expected ~106% CAGR (2yr) | Profit CAGR 51% | Promoter 50% holding | DII buying +1.4% ↑ | Dividend growing 11%/yr | PEG 0.43 — deeply undervalued,Pattern still forming (not broken out),3-4 years,Medium-High,"yfinance, screener.in",100,286,,2026-07-18,2026-06-01,47,0.0,7,-1.0
EUROBOND,EURO PANEL PRODUCTS LTD,Industrials,Building Products & Equipment,420.0,Micro-Cap,MonthlyDoubleBottom,Forming,0.581,12,Sep 12mo | Mid rally 61% | Asymmetry 3%,,Downtrend,False,False,Below-MAs,False,Stage2,4,Uptrend,Uptrend,171.56,230.0,140.5,145.83,532.68,727.1,992.5,727.1,323.8,105.9,15.83,,2.62,0.43,10.46,0.0,,,0,none,18.1,16.8,,11.0,1.0,5.28,8.25,18.91,,,50.0,,,36.5,0.5,insufficient history,1.01,,1.41,,-37.8,-8.99,63.93,0.55,,0.0,0.0,1.29,0.0,254.5,126.3,32.6,35.8,-25.4,-12.26,0.16,0.09,3,19.0,10.47,12.0,0.0,41.5,MONITOR ⭐,Expected ~106% CAGR (2yr) | Revenue CAGR 20% | Profit CAGR 36% | Promoter 64% holding | PEG 0.43 — deeply undervalued | EV/EBITDA 10× below sector (18×),High D/E 1.0 | Pattern still forming (not broken out),3-4 years,Medium-High,"yfinance, screener.in",80,55,,2026-07-18,2026-06-01,47,-4.4,7,-4.0
MAPMYINDIA,C. E. Info Systems Limited,Technology,Software - Infrastructure,5933.0,Small-Cap,MonthlyDoubleBottom,Forming,0.708,9,Sep 9mo | Mid rally 76% | Asymmetry 6%,,Sideways,False,False,Below-MAs,True,Downtrend,0,Uptrend,Uptrend,966.6,2738.33,1510.05,1434.55,674.33,3966.61,778.69,724.63,310.4,102.6,44.25,26.52,6.55,5.93,31.92,33.0,20.51,1162.5,6,buy,15.8,22.0,0.71,36.0,-0.17,28.3,9.17,2.38,19.04,25.54,-9.46,7.46,17.43,4.5,0.15,highly inconsistent earnings,0.01,,4.92,,42.06,0.71,51.41,0.05,,3.15,-0.75,14.31,0.36,1998.0,795.0,51.6,21.6,-37.25,-42.09,3.4,0.14,6,27.0,13.5,1.0,0.0,41.5,MONITOR ⭐,Expected ~103% CAGR (2yr) | Revenue CAGR 19% | ROCE 22% | ROCE trend rising ↑ | Nearly debt-free | Promoter 51% holding,Pattern still forming (not broken out),3-4 years,Medium-High,"yfinance, screener.in",100,54,,2026-07-18,2026-06-01,47,0.0,7,-2.0
MINDACORP,Minda Corporation Limited,Consumer Cyclical,Auto Parts,16449.0,Mid-Cap,MonthlyDoubleBottom,Forming,1.0,48,Sep 48mo | Mid rally 251% | Asymmetry 3%,,Downtrend,False,False,Below-MAs,True,Stage2,3,Uptrend,Uptrend,520.2,220.84,62.05,442.17,473.6,599.85,552.61,511.58,15.3,7.4,46.28,31.36,6.23,5.77,24.69,23.0,-20.63,732.25,8,strong_buy,14.9,12.8,0.49,12.0,0.51,5.82,5.92,22.33,12.88,21.17,40.39,8.02,46.53,139.4,0.15,highly inconsistent earnings,0.55,,0.94,,78.01,0.47,64.84,0.0,,8.8,-0.29,18.82,0.39,713.65,445.05,27.1,16.9,7.75,63.17,0.27,0.41,6,14.0,16.5,6.0,5.0,41.5,MONITOR ⭐,"Expected ~7% CAGR (2yr) | ROCE trend rising ↑ | Promoter 65% holding | Piotroski F=6 (above average quality) | Analyst target ₹732 (+41%, n=8) | MonthlyDoubleBottom forming (48mo base)",Pattern still forming (not broken out),3-4 years,Medium-High,"yfinance, screener.in",100,171,,2026-07-18,2026-06-01,47,0.0,7,0.0
SONATSOFTW,Sonata Software Limited,Technology,Information Technology Services,7898.0,Small-Cap,MonthlyDoubleBottom,Forming,1.0,45,Sep 45mo | Mid rally 303% | Asymmetry 2%,,Sideways-Above-MA,True,False,Below-MAs,True,Downtrend,0,Uptrend,Uptrend,285.35,846.13,207.15,242.55,429.87,1485.11,437.47,433.65,420.5,128.1,17.04,12.68,4.15,19.36,13.09,431.0,-45.86,335.38,8,buy,28.2,30.7,-2.51,7.0,-0.37,4.34,6.89,5.36,12.83,20.41,9.18,0.88,13.72,21.4,0.15,highly inconsistent earnings,0.38,,1.05,,70.03,0.89,28.17,0.0,,9.17,0.43,24.68,-0.87,447.3,207.15,36.2,37.8,-16.84,-69.29,1.02,0.42,4,15.0,20.5,6.0,0.0,41.5,MONITOR ⭐,Expected ~128% CAGR (2yr) | ROE 28% | ROCE 31% | EV/EBITDA 13× below sector (20×) | MonthlyDoubleBottom forming (45mo base),Earnings due 2026-07-29 | Pattern still forming (not broken out),3-4 years,Medium-High,"yfinance, screener.in",100,289,2026-07-29,2026-07-18,2026-06-01,47,7.8,7,0.0
OBEROIRLTY,Oberoi Realty Limited,Real Estate,Real Estate - Development,69986.0,Large-Cap,MonthlyDoubleBottom,Forming,0.58,34,Sep 34mo | Mid rally 61% | Asymmetry 3%,MonthlyDoubleBottom+MonthlyStage2,Sideways-Above-MA,True,False,Constructive,True,Stage2,3,Uptrend,Uptrend,1622.0,306.35,186.68,1378.7,1896.1,1993.23,2277.21,2077.94,22.9,10.9,27.93,18.19,3.91,2.91,20.71,42.0,-12.64,1866.15,26,buy,14.6,17.3,1.63,56.0,2.4,41.73,8.4,13.68,12.74,23.96,12.62,9.59,27.67,62.4,0.15,highly inconsistent earnings,0.16,,3.99,,-108.58,-0.16,67.71,0.0,,15.42,-1.16,14.58,1.12,1986.1,1391.2,18.3,16.6,-6.75,45.09,0.35,0.3,6,18.0,17.46,2.0,4.0,41.5,MONITOR ⭐,Expected ~11% CAGR (2yr) | ROCE trend rising ↑ | Low D/E 0.16 | Promoter 68% holding | OPM 56% | Piotroski F=6 (above average quality),Earnings due 2026-07-20 | Pattern still forming (not broken out),3-4 years,Medium-High,"yfinance, screener.in",100,188,2026-07-20,2026-07-18,2026-06-01,47,0.0,7,1.0
VBL,Varun Beverages Limited,Consumer Defensive,Beverages - Non-Alcoholic,161716.0,Large-Cap,MonthlyCupHandle,Forming,0.759,20,Cup 20mo | Depth 26% | Prior gain 29% | R²=0.96,MonthlyCupHandle+MonthlyDoubleBottom,Downtrend,False,False,Below-MAs,False,Stage2,15,Uptrend,Uptrend,466.0,651.76,485.45,461.18,450.13,818.07,596.85,518.32,75.6,32.5,50.75,39.79,8.26,3.35,31.32,42.0,12.62,587.23,26,strong_buy,16.2,19.7,2.03,23.0,0.69,14.02,,4.65,12.25,20.8,4.8,15.15,33.88,20.1,0.15,highly inconsistent earnings,0.13,,,,,,59.43,-0.01,,19.51,-0.8,14.35,0.79,555.8,381.0,16.2,22.3,-3.14,4.86,0.41,0.26,3,21.0,13.11,5.0,2.0,41.1,MONITOR ⭐,Expected ~32% CAGR (2yr) | ROCE trend rising ↑ | Low D/E 0.13 | Promoter 59% holding | DII buying +0.8% ↑ | Dividend growing 13%/yr,High PE 51 | Earnings due 2026-07-28 | Pattern still forming (not broken out),3-4 years,Medium-High,"yfinance, screener.in",80,117,2026-07-28,2026-07-18,2026-06-01,47,-9.5,7,-13.5
HINDALCO,Hindalco Industries Limited,Basic Materials,Aluminum,214758.0,Large-Cap,MonthlyDoubleBottom,Forming,1.0,6,Sep 6mo | Mid rally 972% | Asymmetry 8%,,Sideways-Above-MA,True,False,Constructive,False,Stage2,1,Uptrend,Uptrend,964.35,98.35,8.83,819.7,1423.61,1385.92,1718.5,1564.12,43.7,19.9,16.08,9.13,1.57,1.63,8.18,52.0,18.56,1118.62,29,hold,13.0,13.2,0.4,13.0,-0.14,4.87,5.54,15.28,7.2,15.81,-16.32,9.87,30.91,-50.8,0.15,highly inconsistent earnings,0.73,,1.21,,-8985.37,-4.18,34.67,0.02,,31.41,1.45,19.82,-1.53,1176.0,657.5,18.0,46.7,38.9,88.12,0.35,0.83,3,6.0,21.0,7.0,7.0,41.0,MONITOR ⭐,Expected ~20% CAGR (2yr) | ROCE trend rising ↑ | FII buying +1.4% ↑ | Dividend growing 19%/yr | EV/EBITDA 8× vs sector 10× | MonthlyDoubleBottom forming (6mo base),Earnings due 2026-08-12 | Pattern still forming (not broken out),3-4 years,Medium-High,"yfinance, screener.in",100,367,2026-08-12,2026-07-18,2026-06-01,47,-8.0,7,-6.0
KALAMANDIR,Sai Silks (Kalamandir) Limited,Consumer Cyclical,Apparel Retail,1489.0,Small-Cap,None,,0.0,0,,,Downtrend,False,False,Below-MAs,False,Stage2,3,Uptrend,Uptrend,101.82,,,86.55,1394.64,3365.27,8120.41,3365.27,3205.1,474.9,10.57,8.35,1.18,0.07,6.49,99.0,0.0,,0,none,11.78,,,12.0,1.0,8.52,7.22,67.3,,,800.0,,,141.7,0.15,highly inconsistent earnings,0.29,,5.18,,204.26,13.72,60.97,0.0,,0.62,0.06,6.28,-2.27,223.03,89.76,54.3,13.4,-25.14,,,0.91,5,25.0,3.0,13.0,0.0,41.0,MONITOR ⭐,Expected ~475% CAGR (2yr) | Profit CAGR 141% | Low D/E 0.29 | Promoter 61% holding | FCF yield 13.7% | Piotroski F=5 (above average quality),None identified,3-4 years,Medium-High,"yfinance, screener.in",70,33,,2026-07-18,2026-06-01,47,0.0,7,0.0
KFINTECH,KFin Technologies Limited,Technology,Software - Application,15575.0,Mid-Cap,None,,0.0,0,,,Downtrend,False,False,Below-MAs,False,Downtrend,0,Uptrend,Uptrend,824.7,,,701.0,735.17,965.52,1069.61,886.76,17.1,8.2,45.46,32.24,9.29,2.2,30.6,133.0,30.43,1083.67,18,strong_buy,21.6,29.2,1.94,41.0,-0.46,26.08,12.7,19.25,21.8,22.02,3.3,20.62,133.09,-4.6,0.4,lumpy earner,0.03,,3.3,,270.68,1.74,22.86,-0.01,,26.26,0.1,25.22,0.34,1308.3,784.95,37.0,5.1,-30.68,102.49,,-0.23,6,37.0,2.0,2.0,0.0,41.0,MONITOR ⭐,Expected ~8% CAGR (2yr) | Revenue CAGR 22% | Profit CAGR 21% | ROE 22% | ROCE 29% | ROCE trend rising ↑,None identified,3-4 years,Medium-High,"yfinance, screener.in",100,42,,2026-07-18,2026-06-01,47,0.0,7,0.0
THEJO,Thejo Engineering Limited,Industrials,Specialty Industrial Machinery,2060.0,Small-Cap,MonthlyDoubleBottom,Forming,1.0,20,Sep 20mo | Mid rally 156% | Asymmetry 0%,MonthlyDoubleBottom+MonthlyStage2,Uptrend,True,False,Tight-Above-MAs,True,Stage2,4,Uptrend,Uptrend,1882.8,3694.5,1442.32,1600.38,1557.34,5946.68,1949.0,1742.2,215.8,77.7,41.84,,5.82,3.52,25.72,26.0,35.72,,0,none,15.7,19.4,-1.86,13.0,-0.14,7.79,8.18,14.49,10.06,14.09,-5.77,11.87,11.06,4.1,0.15,highly inconsistent earnings,0.11,,2.7,,-11.44,-0.56,53.61,0.0,,0.84,0.05,3.17,0.03,2485.8,1443.6,24.3,30.4,-1.77,-15.06,0.33,0.64,4,12.0,28.0,0.0,1.0,41.0,MONITOR ⭐,Expected ~78% CAGR (2yr) | Low D/E 0.11 | Promoter 54% holding | Dividend growing 36%/yr | MonthlyDoubleBottom forming (20mo base) | Weekly uptrend,Pattern still forming (not broken out),3-4 years,Medium-High,"yfinance, screener.in",100,121,,2026-07-18,2026-07-15,3,0.0,1,0.0
RAINBOW,Rainbow Children's Medicare Limited,Healthcare,Medical Care Facilities,14917.0,Mid-Cap,MonthlyDoubleBottom,Forming,0.572,20,Sep 20mo | Mid rally 58% | Asymmetry 1%,MonthlyDoubleBottom+MonthlyStage2,Sideways-Above-MA,True,True,Constructive,True,Stage2,6,Uptrend,Uptrend,1350.7,1706.2,1074.13,1148.1,1104.96,2338.27,1336.51,1215.23,73.1,31.6,53.76,38.76,9.06,5.39,28.29,24.0,14.47,1610.77,13,strong_buy,15.9,17.4,0.37,32.0,1.06,16.34,9.55,12.34,13.2,21.24,15.57,9.98,47.79,36.8,0.15,highly inconsistent earnings,0.54,,3.59,,119.32,0.8,49.84,0.0,,17.24,-2.0,21.12,1.63,1645.7,1084.0,17.9,24.6,-5.64,18.91,0.87,0.17,7,20.0,16.86,2.0,2.0,40.9,MONITOR ⭐,Expected ~32% CAGR (2yr) | ROCE trend rising ↑ | OPM 32% | Piotroski F=7 (high quality compounder) | DII buying +1.6% ↑ | Dividend growing 14%/yr,High PE 54 | Pattern still forming (not broken out),3-4 years,Medium-High,"yfinance, screener.in",100,49,,2026-07-18,2026-06-01,47,0.0,7,1.0
REFEX,Refex Industries Limited,Energy,Thermal Coal,4731.0,Small-Cap,MonthlyDoubleBottom,Forming,0.49,6,Sep 6mo | Mid rally 55% | Asymmetry 6%,,Sideways-Above-MA,True,True,Constructive,True,Stage2,1,Uptrend,Uptrend,274.35,533.29,334.0,317.3,310.52,732.58,452.38,374.8,167.0,63.4,19.2,,3.14,0.93,11.5,57.0,15.0,,0,none,17.8,22.7,-11.29,16.0,0.97,8.93,9.08,0.8,11.81,28.07,29.11,20.7,43.95,88.0,0.15,highly inconsistent earnings,0.15,,2.04,,-149.05,-3.15,55.85,0.0,,1.65,0.28,0.14,0.01,464.35,188.0,40.9,45.9,-32.31,130.05,0.75,1.72,5,20.0,14.88,6.0,0.0,40.9,MONITOR ⭐,Expected ~63% CAGR (2yr) | Profit CAGR 21% | ROCE 23% | Low D/E 0.15 | Promoter 56% holding | Piotroski F=5 (above average quality),Pattern still forming (not broken out),3-4 years,Medium-High,"yfinance, screener.in",100,198,,2026-07-18,2026-06-01,47,0.0,7,1.0
ANGELONE,Angel One Limited,Financial Services,Capital Markets,31612.0,Large-Cap,MonthlyStage2,Stage Change,1.0,24,10-EMA=291 | 30-EMA=254 | Above by 36.1% | MA turning=Yes,MonthlyDoubleBottom+MonthlyStage2,Sideways-Above-MA,True,False,Constructive,False,Stage2,12,Uptrend,Uptrend,346.05,254.35,209.86,294.14,214.96,298.84,218.97,216.96,,,35.1,20.09,5.15,37.74,,205.0,-3.56,361.42,12,buy,15.6,14.8,-2.63,35.0,-0.4,19.29,4.49,-1.93,19.62,31.86,-21.93,0.93,25.24,83.5,0.15,highly inconsistent earnings,1.29,,1.32,,,,28.8,-0.07,,12.81,0.36,18.88,0.77,360.45,208.63,4.0,65.9,60.03,67.58,0.31,0.1,2,7.0,22.5,1.0,10.0,40.5,MONITOR ⭐,Revenue CAGR 20% | OPM 35% | DII buying +0.8% ↑ | MonthlyStage2 forming (24mo base) | Sector in Stage2 | Outperforms Nifty by 60%/yr,High D/E 1.3,3-4 years,Medium-High,"yfinance, screener.in",90,70,,2026-07-18,2026-06-01,47,5.5,7,-2.0
ORIENTPPR,Orient Paper & Industries Limited,Basic Materials,Paper & Paper Products,355.0,Micro-Cap,MonthlyDoubleBottom,Forming,1.0,46,Sep 46mo | Mid rally 247% | Asymmetry 10%,,Downtrend,False,False,Below-MAs,False,Stage2,1,Uptrend,Uptrend,17.07,54.22,14.91,14.51,180.11,197.96,217.58,197.96,1059.7,240.5,2.25,4.57,0.24,0.23,-20.96,0.0,0.0,,0,none,22.1,22.2,-3.6,19.0,2.3,-3.18,-2.31,7.31,10.87,,-21.78,9.91,,,0.15,highly inconsistent earnings,0.2,,0.57,,-55.08,-15.52,38.73,0.0,,0.22,-0.29,0.37,0.09,30.89,13.25,44.7,28.8,-33.13,-79.54,0.31,0.28,2,12.0,16.5,12.0,0.0,40.5,MONITOR ⭐,Expected ~240% CAGR (2yr) | ROE 22% | ROCE 22% | Low D/E 0.20 | PEG 0.23 — deeply undervalued | PB 0.2 below justified 1.5,Pattern still forming (not broken out),3-4 years,Medium-High,"yfinance, screener.in",90,287,,2026-07-18,2026-06-01,47,0.0,7,0.0
MMP,MMP Industries Limited,Basic Materials,Aluminum,731.0,Small-Cap,MonthlyDoubleBottom,Forming,1.0,27,Sep 27mo | Mid rally 148% | Asymmetry 3%,MonthlyDoubleBottom+MonthlyStage2,Sideways-Above-MA,True,False,Constructive,True,Stage2,1,Uptrend,Uptrend,276.92,452.69,180.52,235.38,288.8,724.86,374.4,328.83,161.8,61.8,23.58,,2.11,1.7,14.07,70.0,25.99,,0,none,11.5,12.5,0.14,8.0,-0.4,3.76,5.71,19.08,15.27,28.96,-20.51,13.86,12.77,65.6,0.15,highly inconsistent earnings,0.53,,1.26,,-32.65,-4.47,100.0,25.52,,0.0,-0.02,0.0,0.0,319.98,185.2,13.5,49.5,7.17,18.26,2.21,0.2,4,13.0,22.5,2.0,3.0,40.5,MONITOR ⭐,Expected ~62% CAGR (2yr) | Revenue CAGR 15% | ROCE trend rising ↑ | Promoter 100% holding | Promoters buying ↑ | Dividend growing 26%/yr,Pattern still forming (not broken out),3-4 years,Medium-High,"yfinance, screener.in",100,98,,2026-07-18,2026-06-01,47,0.0,7,2.0
SSWL,Steel Strips Wheels Limited,Consumer Cyclical,Auto Parts,3870.0,Small-Cap,MonthlyStage2,Stage Change,1.0,24,10-EMA=217 | 30-EMA=210 | Above by 20.9% | MA turning=Yes,MonthlyCupHandle+MonthlyDoubleBottom+MonthlyStage2,Uptrend,True,True,Uptrend,True,Stage2,3,Uptrend,Uptrend,253.73,209.91,170.43,215.67,436.0,436.0,436.0,436.0,71.8,31.1,20.37,12.55,2.14,,9.18,52.0,18.56,275.0,1,strong_buy,11.1,14.8,-2.0,10.0,-0.6,3.67,6.5,17.02,8.65,,-2.56,-0.69,,0.3,0.15,highly inconsistent earnings,0.46,,1.01,,152.04,3.93,61.15,0.0,,8.22,-0.11,5.08,0.37,259.45,169.0,2.2,50.1,18.9,-24.12,1.04,0.32,3,6.0,26.5,4.0,4.0,40.5,MONITOR ⭐,Expected ~31% CAGR (2yr) | Declining profits (-1% CAGR) ⚠️ | Promoter 61% holding | Margin compressing ↓ ⚠️ | FCF yield 3.9% | Dividend growing 19%/yr,Margin compression ↓,3-4 years,Medium-High,"yfinance, screener.in",100,254,,2026-07-18,2026-07-15,3,0.0,1,0.0
SAFARI,Safari Industries (India) Limited,Consumer Cyclical,Footwear & Accessories,7992.0,Small-Cap,MonthlyDoubleBottom,Forming,0.641,13,Sep 13mo | Mid rally 66% | Asymmetry 1%,,Sideways,False,False,Below-MAs,True,Stage2,3,Uptrend,Uptrend,1645.9,2740.41,1643.83,1561.64,1532.87,3836.99,1866.93,1691.67,133.1,52.7,47.61,31.41,7.17,4.6,28.89,25.0,106.06,2249.4,10,strong_buy,16.2,19.5,4.06,13.0,2.63,8.19,9.05,15.52,19.09,44.23,17.48,10.36,40.21,-0.3,0.15,highly inconsistent earnings,0.1,,3.79,,117.24,1.47,44.7,0.0,,10.81,-1.51,28.3,1.74,2507.1,1363.1,34.4,20.7,-22.23,-36.07,0.41,-0.42,7,23.0,14.19,3.0,0.0,40.2,MONITOR ⭐,Expected ~53% CAGR (2yr) | Revenue CAGR 19% | ROCE trend rising ↑ | Low D/E 0.10 | Piotroski F=7 (high quality compounder) | DII buying +1.7% ↑,Pattern still forming (not broken out),3-4 years,Medium-High,"yfinance, screener.in",100,83,,2026-07-18,2026-06-01,47,15.3,7,-3.0
ASIANENE,Asian Energy Services Limited,Energy,Oil & Gas Equipment & Services,1621.0,Small-Cap,MonthlyStage2,Stage Change,0.968,24,10-EMA=319 | 30-EMA=291 | Above by 14.5% | MA turning=Yes,MonthlyCupHandle+MonthlyDoubleBottom+MonthlyStage2,Sideways-Above-MA,True,False,Uptrend,True,Stage2,1,Uptrend,Uptrend,333.65,291.35,238.85,283.6,224.65,343.85,272.13,247.25,3.1,1.5,29.42,,3.02,2.92,15.79,30.0,,,0,none,12.9,16.5,0.43,12.0,-1.77,6.47,6.33,70.11,93.02,28.14,23.81,10.06,12.39,41.9,0.15,highly inconsistent earnings,0.32,,2.11,,-115.09,-7.1,56.16,-4.59,,1.18,-0.16,0.75,-0.06,392.0,230.0,14.9,45.1,-8.46,101.5,0.26,0.81,5,16.0,23.12,-1.0,2.0,40.1,MONITOR ⭐,Expected ~2% CAGR (2yr) | Revenue CAGR 93% | ROCE trend rising ↑ | Promoter 56% holding | Margin compressing ↓ ⚠️ | Piotroski F=5 (above average quality),Margin compression ↓,3-4 years,Medium-High,"yfinance, screener.in",100,56,,2026-07-18,2026-06-01,47,4.3,7,-3.0
NPST,NETWORK PEOPLE SRV TECH L,Technology,Software - Application,3379.0,Small-Cap,None,,0.0,0,,,Downtrend,False,False,Below-MAs,False,Downtrend,0,Uptrend,Uptrend,1043.0,,,886.55,802.27,1446.18,2606.88,1446.18,38.7,17.8,78.74,,10.95,0.98,89.41,12.0,,,0,none,15.0,19.7,5.57,26.0,2.57,24.08,7.92,12.72,68.17,67.03,-8.89,80.26,110.16,191.9,0.15,highly inconsistent earnings,0.03,,7.42,,-91.83,-2.72,60.52,0.25,,0.12,-0.03,10.02,0.07,2388.3,846.6,56.3,23.2,-41.84,259.28,,0.22,5,33.0,2.0,5.0,0.0,40.0,MONITOR ⭐,Expected ~18% CAGR (2yr) | Revenue CAGR 68% | Profit CAGR 80% | ROCE trend rising ↑ | Nearly debt-free | Promoter 61% holding,High PE 79,3-4 years,Medium-High,"yfinance, screener.in",100,57,,2026-07-18,2026-06-01,47,0.0,7,0.0
ICICIPRULI,ICICI Prudential Life Insurance Company Limited,Financial Services,Insurance - Life,73988.0,Large-Cap,MonthlyDoubleBottom,Forming,0.777,27,Sep 27mo | Mid rally 84% | Asymmetry 6%,,Sideways,False,False,Below-MAs,False,Stage2,12,Uptrend,Uptrend,512.6,488.35,258.34,435.71,301.48,718.36,475.07,378.45,40.1,18.4,46.1,37.88,5.43,1.81,39.66,32.0,40.1,678.85,33,buy,12.6,10.1,-0.51,2.0,0.77,2.55,0.34,-10.48,7.87,-5.3,35.58,25.53,10.96,61.9,0.15,highly inconsistent earnings,0.19,,1.47,,2168.01,2.93,72.8,-0.08,,10.89,-0.59,11.05,0.64,706.8,459.5,27.5,11.6,-13.64,-34.61,0.42,0.46,2,19.0,16.82,4.0,0.0,39.8,MONITOR ⭐,Expected ~18% CAGR (2yr) | Profit CAGR 26% | Low D/E 0.19 | Promoter 73% holding | DII buying +0.6% ↑ | Dividend growing 40%/yr,Earnings due 2026-07-15 | Pattern still forming (not broken out),3-4 years,Medium-High,"yfinance, screener.in",100,119,2026-07-15,2026-07-18,2026-06-01,47,-1.8,7,-1.0
BIKAJI,Bikaji Foods International Limited,Consumer Defensive,Packaged Foods,16130.0,Mid-Cap,MonthlyDoubleBottom,Forming,0.361,13,Sep 13mo | Mid rally 42% | Asymmetry 6%,,Downtrend,False,False,Below-MAs,False,Stage2,15,Uptrend,Uptrend,643.3,818.7,558.1,546.8,590.2,1079.3,895.1,726.84,67.8,29.5,62.52,43.55,10.04,2.7,39.21,19.0,0.0,783.2,10,strong_buy,17.5,19.7,0.89,14.0,0.94,8.63,9.44,14.19,15.05,17.96,30.93,23.15,23.06,26.6,0.15,highly inconsistent earnings,0.17,,2.47,,227.45,1.41,73.88,-0.04,,4.68,-0.24,17.28,0.66,818.7,592.55,21.4,8.6,-17.6,3.74,0.33,0.23,7,29.0,7.83,2.0,1.0,39.8,MONITOR ⭐,Expected ~30% CAGR (2yr) | Revenue CAGR 15% | Profit CAGR 23% | ROCE trend rising ↑ | Low D/E 0.17 | Promoter 74% holding,High PE 63 | Pattern still forming (not broken out),3-4 years,Medium-High,"yfinance, screener.in",100,45,,2026-07-18,2026-06-01,47,-5.2,7,0.0
SUPRAJIT,Suprajit Engineering Limited,Consumer Cyclical,Auto Parts,6982.0,Small-Cap,MonthlyDoubleBottom,Forming,0.941,27,Sep 27mo | Mid rally 97% | Asymmetry 3%,MonthlyDoubleBottom+MonthlyStage2,Uptrend,True,False,Uptrend,True,Stage2,3,Uptrend,Uptrend,491.8,328.55,164.5,418.03,521.29,562.73,589.93,554.55,14.4,7.0,38.33,21.0,4.86,6.01,19.26,59.0,-13.28,575.0,6,buy,13.8,16.0,-0.74,10.0,-0.91,4.78,5.2,16.72,11.6,18.44,84.85,6.38,5.06,161.1,0.15,highly inconsistent earnings,0.69,,1.45,,-140.97,-2.02,45.26,0.12,,6.5,-0.29,17.17,0.07,517.65,389.95,5.0,26.1,10.45,-7.31,0.64,0.22,3,3.0,25.79,5.0,6.0,39.8,MONITOR ⭐,Expected ~7% CAGR (2yr) | Margin compressing ↓ ⚠️ | EV/EBITDA 19× vs sector 25× | MonthlyDoubleBottom forming (27mo base) | Weekly uptrend | Sector in Stage2,Margin compression ↓ | Pattern still forming (not broken out),3-4 years,Medium-High,"yfinance, screener.in",100,258,,2026-07-18,2026-07-15,3,0.0,1,0.0
JLHL,Jupiter Life Line Hospitals Limited,Healthcare,Medical Care Facilities,9545.0,Mid-Cap,MonthlyAscTriangle,Forming,0.17,14,3 resistance tests | Support rise 19% | Resistance flat 8.7%,,Sideways,False,True,Below-MAs,True,Stage2,6,Uptrend,Uptrend,1328.9,1651.6,1066.13,1129.57,1961.5,2268.46,3763.14,2716.87,70.7,30.7,49.27,33.69,6.18,1.28,29.36,7.0,0.0,1595.83,6,strong_buy,13.1,14.8,1.26,23.0,1.46,12.94,7.44,15.21,18.87,25.28,12.6,38.51,45.26,12.7,0.15,highly inconsistent earnings,0.38,,3.02,,-263.62,-2.76,40.91,0.0,,8.48,0.0,17.01,-0.43,1625.0,1178.0,18.2,12.8,-3.47,,1.49,0.19,6,23.0,8.54,6.0,2.0,39.5,MONITOR ⭐,Expected ~31% CAGR (2yr) | Revenue CAGR 19% | Profit CAGR 39% | ROCE trend rising ↑ | Piotroski F=6 (above average quality) | PEG 1.28 — fair value,Pattern still forming (not broken out),3-4 years,Medium-High,"yfinance, screener.in",100,33,,2026-07-18,2026-06-01,47,0.0,7,0.0
KRSNAA,Krsnaa Diagnostics Limited,Healthcare,Diagnostics & Research,1806.0,Small-Cap,MonthlyDoubleBottom,Forming,1.0,48,Sep 48mo | Mid rally 111% | Asymmetry 9%,,Downtrend,False,False,Below-MAs,False,Stage2,6,Uptrend,Uptrend,566.3,1040.59,472.61,481.35,1620.63,1608.57,2243.57,1906.83,184.0,68.5,18.02,12.3,1.84,1.02,8.32,49.0,3.23,867.25,4,buy,10.9,12.7,1.2,27.0,-0.8,12.7,5.93,7.81,16.65,66.18,29.49,17.66,,101.8,0.15,highly inconsistent earnings,0.55,,2.68,,-27.35,-1.51,27.11,0.0,,3.91,-0.26,13.89,0.04,894.4,515.0,36.7,10.0,-11.72,-24.88,0.53,0.06,5,11.0,16.5,12.0,0.0,39.5,MONITOR ⭐,Expected ~68% CAGR (2yr) | Revenue CAGR 17% | ROCE trend rising ↑ | OPM 27% | Margin compressing ↓ ⚠️ | Piotroski F=5 (above average quality),Margin compression ↓ | Pattern still forming (not broken out),3-4 years,Medium-High,"yfinance, screener.in",100,58,,2026-07-18,2026-06-01,47,0.0,7,0.0
TARACHAND,Tara Chand Infralogistic Solutions Limited,Industrials,Farm & Heavy Construction Machinery,438.0,Micro-Cap,MonthlyDoubleBottom,Forming,1.0,17,Sep 17mo | Mid rally 798% | Asymmetry 5%,,Downtrend,False,False,Below-MAs,False,Stage2,4,Uptrend,Uptrend,56.17,37.76,4.11,47.74,119.5,132.05,145.91,132.05,135.1,53.3,15.71,,2.94,1.5,5.3,36.0,6.0,,0,none,20.5,18.2,,36.0,5.0,9.78,6.14,14.92,,,12.0,,,10.9,0.5,insufficient history,0.93,,1.72,,-32.4,-7.39,71.64,0.5,,0.13,0.02,0.0,0.0,103.67,53.0,45.8,6.0,-19.71,141.58,0.17,-0.3,4,16.0,15.5,8.0,0.0,39.5,MONITOR ⭐,Expected ~53% CAGR (2yr) | ROE 20% | Promoter 72% holding | OPM 36% | PEG 1.50 — fair value | EV/EBITDA 5× below sector (18×),Pattern still forming (not broken out),3-4 years,Medium-High,"yfinance, screener.in",80,101,,2026-07-18,2026-06-01,47,-6.2,7,1.0
AFFLE,Affle 3i Limited,Communication Services,Advertising Agencies,20820.0,Mid-Cap,MonthlyDoubleBottom,Forming,0.746,11,Sep 11mo | Mid rally 75% | Asymmetry 0%,,Sideways,False,False,Below-MAs,True,Downtrend,0,Uptrend,Uptrend,1480.4,2185.9,1246.0,1258.34,1189.99,3125.8,1797.99,1462.73,111.1,45.3,45.88,29.71,5.69,2.0,31.76,0.0,,1981.64,11,strong_buy,13.8,16.8,-4.2,23.0,-0.2,16.79,7.55,19.55,23.62,39.27,19.11,22.92,27.51,16.0,0.4,lumpy earner,0.0,,3.59,,-171.67,-0.82,54.92,-0.03,,16.66,-1.13,17.9,1.54,2185.9,1251.3,32.3,18.3,-21.49,11.57,0.26,0.16,4,23.0,13.95,2.0,0.0,39.0,MONITOR ⭐,Expected ~45% CAGR (2yr) | Revenue CAGR 24% | Profit CAGR 23% | Nearly debt-free | Promoter 55% holding | DII buying +1.5% ↑,Pattern still forming (not broken out),3-4 years,Medium-High,"yfinance, screener.in",100,84,,2026-07-18,2026-06-01,47,1.6,7,-2.0
ESABINDIA,ESAB India Limited,Industrials,Tools & Accessories,8842.0,Mid-Cap,MonthlyStage2,Stage Change,0.616,24,10-EMA=5683 | 30-EMA=5258 | Above by 9.2% | MA turning=Yes,MonthlyDoubleBottom+MonthlyStage2,Downtrend,False,False,Constructive,False,Stage2,4,Uptrend,Uptrend,5744.0,5258.46,4424.98,4882.4,3360.25,6091.94,3360.25,3360.25,6.1,3.0,42.73,,20.59,,32.55,204.0,-32.14,,0,none,59.3,90.8,-17.0,24.0,1.5,13.71,23.47,18.95,,,25.58,,,-8.2,0.4,lumpy earner,0.01,,2.15,,79.7,0.9,73.72,0.0,,1.62,0.06,12.87,-0.01,7319.5,4710.0,21.5,22.0,14.59,-14.82,0.16,0.36,5,24.0,12.89,-1.0,3.0,38.9,MONITOR ⭐,Expected ~3% CAGR (2yr) | Declining profits (-8% CAGR) ⚠️ | ROE 59% | ROCE 91% | Nearly debt-free | Promoter 74% holding,None identified,3-4 years,Medium-High,"yfinance, screener.in",80,289,,2026-07-18,2026-06-01,47,-12.5,7,-22.1
FSL,Firstsource Solutions Limited,Technology,Information Technology Services,17934.0,Mid-Cap,MonthlyDoubleBottom,Forming,0.512,30,Sep 30mo | Mid rally 60% | Asymmetry 8%,,Sideways,False,False,Below-MAs,True,Downtrend,0,Uptrend,Uptrend,259.71,36.08,21.7,220.75,311.03,320.94,372.59,340.42,23.6,11.2,27.17,16.5,4.09,2.87,13.21,226.0,16.26,291.71,14,strong_buy,17.7,16.2,-0.14,16.0,-0.17,7.06,8.13,19.75,16.64,13.48,13.47,9.45,13.24,27.7,0.15,highly inconsistent earnings,0.67,,0.79,,944.37,5.27,53.66,0.0,,8.85,-0.35,25.49,0.3,381.4,202.0,31.9,28.6,-23.49,41.61,0.4,0.23,4,21.0,12.64,5.0,0.0,38.6,MONITOR ⭐,Expected ~11% CAGR (2yr) | Revenue CAGR 17% | Promoter 54% holding | FCF yield 5.3% | Dividend growing 16%/yr | EV/EBITDA 13× below sector (20×),Pattern still forming (not broken out),3-4 years,Medium-High,"yfinance, screener.in",100,234,,2026-07-18,2026-06-01,47,7.3,7,-4.0
BANKBARODA,Bank of Baroda Limited,Financial Services,Banks - Regional,129775.0,Large-Cap,MonthlyDoubleBottom,Forming,1.0,32,Sep 32mo | Mid rally 187% | Asymmetry 3%,,Downtrend,False,False,Below-MAs,False,Stage2,12,Uptrend,Uptrend,250.95,71.55,24.51,213.31,913.16,727.73,1108.55,1006.12,190.0,70.3,6.54,5.81,0.78,0.64,,348.0,15.62,310.15,33,buy,12.7,5.63,,38.45,,31.18,1.01,4.97,12.57,12.56,-3.81,10.18,65.43,7.0,0.15,highly inconsistent earnings,,,,,,,63.97,0.0,,10.14,0.45,18.33,-0.59,325.5,230.81,22.9,8.7,8.68,16.86,0.8,0.42,2,10.0,16.5,10.0,2.0,38.5,MONITOR ⭐,Expected ~70% CAGR (2yr) | Promoter 64% holding | OPM 38% | Dividend growing 16%/yr | PEG 0.64 — undervalued | MonthlyDoubleBottom forming (32mo base),Earnings due 2026-07-24 | Pattern still forming (not broken out),3-4 years,Medium-High,"yfinance, screener.in",80,289,2026-07-24,2026-07-18,2026-06-01,47,-3.7,7,-4.0
LGBBROSLTD,L.G. Balakrishnan & Bros Limited,Consumer Cyclical,Auto Parts,5057.0,Small-Cap,MonthlyDoubleBottom,Forming,1.0,41,Sep 41mo | Mid rally 236% | Asymmetry 7%,,Downtrend,False,False,Below-MAs,False,Stage2,3,Uptrend,Uptrend,1556.1,586.37,168.64,1322.68,4145.47,4484.57,4851.41,4484.57,188.2,69.8,15.87,13.91,2.35,1.94,10.39,139.0,10.06,2053.0,1,strong_buy,15.6,19.8,-0.8,16.0,-0.26,10.36,8.28,19.32,11.77,13.84,5.63,8.18,19.12,-17.0,0.15,highly inconsistent earnings,0.11,,1.78,,-102.59,-2.03,34.84,0.01,,6.42,-0.19,13.46,0.11,2048.0,1222.1,24.0,27.3,28.91,19.72,0.38,-0.01,4,11.0,16.5,6.0,5.0,38.5,MONITOR ⭐,Expected ~70% CAGR (2yr) | Low D/E 0.11 | Dividend growing 10%/yr | EV/EBITDA 10× below sector (25×) | MonthlyDoubleBottom forming (41mo base) | Sector in Stage2,Pattern still forming (not broken out),3-4 years,Medium-High,"yfinance, screener.in",100,221,,2026-07-18,2026-06-01,47,0.0,7,1.0
INDGN,INDEGENE LIMITED,Healthcare,Health Information Services,12269.0,Mid-Cap,MonthlyDoubleBottom,Forming,0.458,8,Sep 8mo | Mid rally 52% | Asymmetry 6%,,Sideways-Above-MA,True,False,Constructive,False,Stage2,6,Uptrend,Uptrend,512.55,733.84,468.53,445.1,810.83,999.15,1065.99,929.7,94.9,39.6,30.68,19.12,3.9,2.09,17.59,39.0,,605.29,7,buy,14.4,18.8,-7.06,18.0,-0.6,11.43,7.75,23.64,15.03,29.44,-1.47,14.66,21.9,-32.2,0.15,highly inconsistent earnings,0.05,,2.41,,643.81,5.25,,,,10.27,-1.21,8.29,0.23,596.8,414.0,14.1,23.8,-4.59,,0.33,0.73,5,17.0,14.5,5.0,2.0,38.5,MONITOR ⭐,Expected ~40% CAGR (2yr) | Revenue CAGR 15% | Nearly debt-free | Margin compressing ↓ ⚠️ | FCF yield 5.2% | Piotroski F=5 (above average quality),Margin compression ↓ | Pattern still forming (not broken out),3-4 years,Medium-High,"yfinance, screener.in",90,27,,2026-07-18,2026-07-01,17,0.2,3,3.0
HDFCBANK,HDFC Bank Limited,Financial Services,Banks - Regional,1270523.0,Large-Cap,MonthlyDoubleBottom,Forming,0.398,29,Sep 29mo | Mid rally 42% | Asymmetry 2%,,Sideways,False,False,Below-MAs,True,Stage2,12,Uptrend,Uptrend,818.05,1020.5,710.68,695.34,1148.75,1330.32,1647.04,1375.52,62.6,27.5,18.42,13.11,2.17,0.93,,159.0,11.02,1039.62,40,strong_buy,13.8,7.04,,40.54,,26.83,1.7,3.64,26.86,22.08,7.87,19.74,19.98,8.0,0.4,lumpy earner,,,,,,,,,,41.82,-2.23,41.75,1.61,1020.5,726.65,19.8,12.6,-13.13,-18.76,0.54,0.42,2,16.0,12.28,9.0,1.0,38.3,MONITOR ⭐,Expected ~28% CAGR (2yr) | Revenue CAGR 27% | OPM 41% | DII buying +1.6% ↑ | Dividend growing 11%/yr | PEG 0.93 — undervalued,Earnings due 2026-07-18 | Pattern still forming (not broken out),3-4 years,Medium-High,"yfinance, screener.in",70,367,2026-07-18,2026-07-18,2026-07-01,17,5.9,3,2.1
TCI,Transport Corporation of India Limited,Industrials,Integrated Freight & Logistics,7186.0,Small-Cap,MonthlyDoubleBottom,Forming,0.685,8,Sep 8mo | Mid rally 73% | Asymmetry 4%,,Sideways,False,False,Below-MAs,False,Stage2,4,Uptrend,Uptrend,925.9,158.85,90.19,787.01,2079.42,1879.34,2643.01,2344.34,103.0,42.5,15.75,13.48,2.79,1.24,13.88,107.0,8.74,1181.83,6,strong_buy,19.2,19.4,0.34,11.0,-0.0,9.25,7.97,9.46,9.13,11.9,10.58,12.74,25.12,7.3,0.15,highly inconsistent earnings,0.12,,2.68,,-96.22,-1.34,68.74,0.01,,3.03,-0.07,12.86,0.05,1289.0,868.05,28.2,6.7,-17.17,-8.81,0.42,-0.08,4,14.0,14.22,10.0,0.0,38.2,MONITOR ⭐,Expected ~42% CAGR (2yr) | ROCE trend rising ↑ | Low D/E 0.12 | Promoter 69% holding | PEG 1.24 — fair value | EV/EBITDA 14× vs sector 18×,Pattern still forming (not broken out),3-4 years,Medium-High,"yfinance, screener.in",100,289,,2026-07-18,2026-06-01,47,5.5,7,-4.0
LT,Larsen & Toubro Limited,Industrials,Engineering & Construction,542835.0,Large-Cap,MonthlyDoubleBottom,Forming,0.683,20,Sep 20mo | Mid rally 74% | Asymmetry 6%,,Sideways-Above-MA,True,False,Constructive,True,Stage2,4,Uptrend,Uptrend,3921.0,631.13,351.54,3332.85,4316.05,4777.52,5687.15,4954.4,21.8,10.4,33.78,21.5,4.97,2.28,18.01,98.0,8.2,4512.19,31,buy,15.9,14.6,1.17,12.0,-1.03,5.51,4.59,11.79,15.96,16.02,7.25,14.79,7.96,-3.1,0.15,highly inconsistent earnings,0.98,,1.25,,26195.48,4.83,,,,18.78,-1.28,43.32,0.33,4440.0,3288.1,11.7,19.2,15.56,40.24,0.8,0.46,4,12.0,18.2,4.0,4.0,38.2,MONITOR ⭐,Expected ~10% CAGR (2yr) | Revenue CAGR 16% | ROCE trend rising ↑ | Margin compressing ↓ ⚠️ | FCF yield 4.8% | MonthlyDoubleBottom forming (20mo base),Margin compression ↓ | Earnings due 2026-07-28 | Pattern still forming (not broken out),3-4 years,Medium-High,"yfinance, screener.in",90,287,2026-07-28,2026-07-18,2026-06-01,47,0.0,7,1.0
HIRECT,Hind Rectifiers Limited,Industrials,Electrical Equipment & Parts,3627.0,Small-Cap,MonthlyDoubleBottom,Forming,1.0,20,Sep 20mo | Mid rally 191% | Asymmetry 7%,,Sideways-Above-MA,True,False,Uptrend,True,Stage2,4,Uptrend,Uptrend,1067.9,132.62,43.88,907.72,347.16,347.16,347.16,347.16,,,76.9,,17.4,,47.23,10.0,71.0,,0,none,21.7,18.6,-3.0,8.0,-0.5,4.51,8.13,52.52,,,5.41,,,-54.9,0.15,highly inconsistent earnings,1.19,,1.12,,-118.82,-3.28,43.93,0.0,,6.38,0.17,0.13,0.0,1212.1,565.2,11.9,88.9,42.33,428.63,0.2,0.36,3,8.0,23.0,-1.0,8.0,38.0,MONITOR ⭐,Revenue CAGR 51% | Declining profits (-55% CAGR) ⚠️ | ROE 22% | Dividend growing 71%/yr | MonthlyDoubleBottom forming (20mo base) | Sector in Stage2,High D/E 1.2 | High PE 77 | Pattern still forming (not broken out),3-4 years,Medium-High,"yfinance, screener.in",80,236,,2026-07-18,2026-06-01,47,7.5,7,-5.0
THOMASCOTT,Thomas Scott (India) Limited,Consumer Cyclical,Textile Manufacturing,475.0,Micro-Cap,MonthlyDoubleBottom,Forming,1.0,21,Sep 21mo | Mid rally 123% | Asymmetry 1%,MonthlyDoubleBottom+MonthlyStage2,Sideways-Above-MA,True,False,Constructive,True,Stage2,3,Uptrend,Uptrend,323.1,509.0,227.3,274.63,465.89,790.7,465.89,465.89,144.7,56.4,24.27,,3.36,,15.07,,,,0,none,15.87,,,13.33,,7.57,10.28,63.4,,,-36.7,,,8.0,0.5,insufficient history,0.34,,2.23,,-49.94,-10.51,52.32,0.17,,0.05,0.05,2.45,0.0,459.8,230.0,29.7,40.5,-5.34,292.26,0.33,0.17,3,12.0,22.0,4.0,0.0,38.0,MONITOR ⭐,Expected ~56% CAGR (2yr) | Revenue CAGR 63% | Declining profits (-37% CAGR) ⚠️ | Promoter 52% holding | EV/EBITDA 15× below sector (25×) | MonthlyDoubleBottom forming (21mo base),Pattern still forming (not broken out),3-4 years,Medium-High,"yfinance, screener.in",70,175,,2026-07-18,2026-06-01,47,24.3,7,-2.0
PRAKASH,Prakash Industries Limited,Basic Materials,Steel,2311.0,Small-Cap,MonthlyDoubleBottom,Forming,1.0,20,Sep 20mo | Mid rally 1026% | Asymmetry 4%,MonthlyDoubleBottom+MonthlyStage2,Sideways-Above-MA,True,False,Constructive,True,Stage2,1,Uptrend,Uptrend,146.97,269.42,23.44,124.92,470.14,515.4,496.84,483.31,250.7,87.3,6.94,3.98,0.64,2.48,5.12,116.0,45.0,,0,none,14.1,,,20.0,,9.58,4.67,8.9,,,2.8,,,2.7,0.5,insufficient history,0.14,,1.71,,-251.19,-10.87,44.38,0.0,,3.72,-0.17,0.04,0.03,190.9,110.24,23.0,33.3,-1.01,72.6,0.41,0.37,3,8.0,22.0,8.0,0.0,38.0,MONITOR ⭐,Expected ~87% CAGR (2yr) | Low D/E 0.14 | Dividend growing 45%/yr | EV/EBITDA 5× below sector (10×) | PB 0.6 below justified 1.0 | MonthlyDoubleBottom forming (20mo base),Pattern still forming (not broken out),3-4 years,Medium-High,"yfinance, screener.in",70,287,,2026-07-18,2026-06-01,47,0.0,7,1.0
NH,Narayana Hrudayalaya Limited,Healthcare,Medical Care Facilities,41174.0,Large-Cap,None,,0.0,0,,,Sideways-Above-MA,True,False,Constructive,True,Stage2,6,Uptrend,Uptrend,1884.1,,,1601.48,1630.06,1935.58,1969.14,1791.59,2.7,1.4,50.76,28.9,9.08,5.12,27.5,22.0,65.1,2151.57,14,buy,20.9,15.4,1.34,20.0,2.43,10.2,7.4,44.01,20.39,25.04,1.9,9.91,46.61,13.5,0.15,highly inconsistent earnings,1.29,,2.15,,287.02,0.7,63.27,0.0,,9.98,-1.12,9.14,1.23,2093.3,1589.0,10.0,18.6,-5.27,68.5,,0.18,7,24.0,9.0,1.0,4.0,38.0,MONITOR ⭐,Expected ~1% CAGR (2yr) | Revenue CAGR 20% | ROE 21% | ROCE trend rising ↑ | Promoter 63% holding | Piotroski F=7 (high quality compounder),High D/E 1.3 | High PE 51,3-4 years,Medium-High,"yfinance, screener.in",100,125,,2026-07-18,2026-06-01,47,0.0,7,3.0
TIMKEN,Timken India Limited,Industrials,Tools & Accessories,24108.0,Mid-Cap,MonthlyDoubleBottom,Forming,1.0,25,Sep 25mo | Mid rally 102% | Asymmetry 1%,MonthlyCupHandle+MonthlyDoubleBottom+MonthlyStage2,Downtrend,False,False,Below-MAs,False,Stage2,4,Uptrend,Uptrend,3168.5,943.11,465.78,2693.22,1362.55,2412.62,1362.55,1362.55,,,58.14,38.37,8.27,,37.62,8.0,188.45,3987.71,7,buy,14.3,19.0,,18.0,-1.0,11.93,9.23,8.79,,,-10.17,,,-15.3,0.5,insufficient history,0.01,,2.97,,21.57,0.09,51.05,0.0,,6.96,0.02,30.63,0.48,3925.0,2800.5,19.3,13.1,10.61,-27.16,0.26,0.34,5,16.0,16.5,2.0,3.0,37.5,MONITOR ⭐,Revenue CAGR 16% | Declining profits (-15% CAGR) ⚠️ | Nearly debt-free | Promoter 51% holding | Margin compressing ↓ ⚠️ | Piotroski F=5 (above average quality),High PE 58 | Margin compression ↓ | Earnings due 2026-07-30 | Pattern still forming (not broken out),3-4 years,Medium-High,"yfinance, screener.in",80,288,2026-07-30,2026-07-18,2026-06-01,47,-10.4,7,-10.0
NUCLEUS,Nucleus Software Exports Limited,Technology,Software - Application,1981.0,Small-Cap,MonthlyDoubleBottom,Forming,1.0,42,Sep 42mo | Mid rally 268% | Asymmetry 1%,,Downtrend,False,False,Below-MAs,False,Downtrend,0,Uptrend,Uptrend,789.6,538.88,145.7,671.16,1162.7,1162.7,1162.7,1162.7,47.3,21.3,16.98,11.78,2.18,,12.55,166.0,7.72,1210.0,1,strong_buy,13.1,16.8,0.89,14.0,-0.4,13.33,5.64,5.29,11.38,11.25,-28.22,-2.95,-0.17,-46.7,0.15,highly inconsistent earnings,0.01,,2.09,,62.95,3.18,73.59,0.0,,4.46,-0.45,1.21,-0.17,1168.6,690.0,32.4,14.4,-25.36,-47.02,0.25,-0.12,6,18.0,15.5,4.0,0.0,37.5,MONITOR ⭐,Expected ~21% CAGR (2yr) | Declining profits (-3% CAGR) ⚠️ | ROCE trend rising ↑ | Nearly debt-free | Promoter 74% holding | FCF yield 3.2%,Pattern still forming (not broken out),3-4 years,Medium-High,"yfinance, screener.in",100,282,,2026-07-18,2026-06-01,47,0.0,7,-2.0
BLUESTARCO,Blue Star Limited,Industrials,Building Products & Equipment,34169.0,Large-Cap,MonthlyDoubleBottom,Forming,1.0,40,Sep 40mo | Mid rally 114% | Asymmetry 2%,MonthlyDoubleBottom+MonthlyStage2,Sideways,False,False,Below-MAs,True,Stage2,4,Uptrend,Uptrend,1662.0,423.3,195.02,1412.7,834.49,1265.47,1001.31,914.1,,,64.95,39.82,9.95,6.81,36.68,51.0,21.64,1792.52,25,hold,17.1,21.2,1.69,8.0,0.4,4.25,5.58,3.63,15.85,23.8,-10.83,9.54,39.15,17.3,0.15,highly inconsistent earnings,0.24,,1.31,,-320.65,-0.94,36.48,0.0,,13.8,-0.86,27.78,1.02,2040.0,1450.0,18.5,14.6,-10.78,100.75,0.24,0.15,5,17.0,19.5,0.0,1.0,37.5,MONITOR ⭐,Revenue CAGR 16% | ROCE 21% | ROCE trend rising ↑ | Low D/E 0.24 | Piotroski F=5 (above average quality) | DII buying +1.0% ↑,High PE 65 | Earnings due 2026-08-05 | Pattern still forming (not broken out),3-4 years,Medium-High,"yfinance, screener.in",100,289,2026-08-05,2026-07-18,2026-06-01,47,-1.2,3,1.0
TCPLPACK,TCPL Packaging Limited,Consumer Cyclical,Packaging & Containers,2742.0,Small-Cap,MonthlyStage2,Stage Change,1.0,24,10-EMA=2946 | 30-EMA=2832 | Above by 17.5% | MA turning=Yes,,Sideways-Above-MA,True,False,Constructive,True,Stage2,3,Uptrend,Uptrend,3329.0,2832.36,2279.2,2829.65,4147.94,4147.94,4147.94,4147.94,24.6,11.6,28.09,,3.82,,11.5,83.0,44.22,,0,none,15.8,17.7,0.7,16.0,0.4,5.4,7.85,2.26,7.06,14.9,-31.47,-3.78,24.32,-42.9,0.15,highly inconsistent earnings,0.88,,1.26,,-7.08,-0.26,55.74,0.0,,1.04,0.08,13.56,0.9,3950.0,2200.0,15.7,51.3,0.4,51.66,0.32,0.54,4,9.0,22.5,4.0,2.0,37.5,MONITOR ⭐,Expected ~12% CAGR (2yr) | Declining profits (-4% CAGR) ⚠️ | ROCE trend rising ↑ | Promoter 56% holding | DII buying +0.9% ↑ | Dividend growing 44%/yr,None identified,3-4 years,Medium-High,"yfinance, screener.in",100,106,,2026-07-18,2026-07-15,3,0.0,1,0.0
METROBRAND,Metro Brands Limited,Consumer Cyclical,Apparel Retail,28881.0,Mid-Cap,MonthlyDoubleBottom,Forming,0.441,9,Sep 9mo | Mid rally 44% | Asymmetry 0%,,Sideways,False,False,Below-MAs,True,Stage2,3,Uptrend,Uptrend,1052.0,1398.52,968.25,919.84,581.1,1828.79,634.09,607.02,73.8,31.8,70.41,48.96,14.48,15.79,34.33,56.0,-9.14,1246.76,21,buy,22.2,20.2,1.37,30.0,1.0,14.36,9.46,14.24,10.43,29.06,17.51,4.46,44.96,23.1,0.15,highly inconsistent earnings,0.78,,2.89,,161.57,0.56,71.8,-0.03,,3.77,-0.04,7.58,0.07,1340.4,883.0,21.5,19.1,-0.36,-7.41,0.32,0.01,7,23.0,11.29,2.0,1.0,37.3,MONITOR ⭐,Expected ~32% CAGR (2yr) | ROE 22% | ROCE 20% | ROCE trend rising ↑ | Promoter 72% holding | OPM 30%,High PE 70 | Pattern still forming (not broken out),3-4 years,Medium-High,"yfinance, screener.in",100,54,,2026-07-18,2026-06-01,47,0.0,7,0.0
JSWINFRA,JSW Infrastructure Limited,Industrials,Marine Shipping,76412.0,Large-Cap,None,,0.0,0,,,Sideways,False,False,Below-MAs,True,Stage2,4,Uptrend,Uptrend,266.15,,,226.23,269.38,345.1,436.48,342.9,29.7,13.9,45.27,29.48,6.33,1.66,28.83,28.0,12.5,348.41,17,buy,15.4,13.7,0.8,49.0,-0.09,28.38,6.7,19.77,18.83,27.29,1.71,27.29,40.26,-17.9,0.15,highly inconsistent earnings,0.59,,2.27,,-1086.94,-1.42,73.93,-9.68,,10.71,3.79,9.19,6.76,349.0,233.42,23.7,14.0,-7.06,,,0.54,5,25.0,6.0,4.0,2.0,37.0,MONITOR ⭐,Expected ~14% CAGR (2yr) | Revenue CAGR 19% | Profit CAGR 27% | ROCE trend rising ↑ | Promoter 74% holding | OPM 49%,None identified,3-4 years,Medium-High,"yfinance, screener.in",100,32,,2026-07-18,2026-06-01,47,0.0,7,-1.0
ELECON,Elecon Engineering Company Limited,Industrials,Specialty Industrial Machinery,11457.0,Mid-Cap,MonthlyDoubleBottom,Forming,1.0,17,Sep 17mo | Mid rally 125% | Asymmetry 0%,MonthlyDoubleBottom+MonthlyStage2,Sideways-Above-MA,True,False,Below-MAs,False,Stage2,4,Uptrend,Uptrend,510.55,45.39,20.17,433.97,263.0,263.0,263.0,263.0,,,48.53,20.84,4.97,,,39.0,0.0,525.5,2,none,16.4,20.9,2.54,21.0,0.03,9.87,,1.27,7.35,14.6,-30.79,-12.81,11.01,-59.9,0.15,highly inconsistent earnings,0.12,,,,,,59.28,0.0,,6.99,-0.14,7.18,1.51,637.85,352.0,20.0,45.0,-6.57,-9.29,0.65,,2,15.0,20.5,0.0,1.0,36.5,MONITOR ⭐,Declining profits (-13% CAGR) ⚠️ | ROCE 21% | ROCE trend rising ↑ | Low D/E 0.12 | Promoter 59% holding | DII buying +1.5% ↑,Pattern still forming (not broken out),3-4 years,Medium-High,"yfinance, screener.in",80,239,,2026-07-18,2026-06-01,47,5.2,7,-14.0
MEDIASSIST,MEDI ASSIST HEALTH SER L,Healthcare,Healthcare Plans,2673.0,Small-Cap,MonthlyDoubleBottom,Forming,0.626,10,Sep 10mo | Mid rally 67% | Asymmetry 5%,,Sideways,False,True,Below-MAs,True,Stage2,6,Uptrend,Uptrend,388.5,711.81,415.25,394.49,534.72,1008.37,604.79,568.68,159.6,61.1,29.5,18.35,3.11,4.65,13.96,0.0,,510.0,3,strong_buy,13.9,14.0,-1.14,19.0,-0.83,9.71,4.81,25.17,21.47,22.88,-3.26,6.35,27.9,148.7,0.15,highly inconsistent earnings,0.06,,1.34,,95.85,3.59,4.61,-0.01,,24.31,-0.96,49.18,-0.73,594.1,293.0,34.6,32.6,-19.31,,0.71,1.13,4,16.0,13.51,7.0,0.0,36.5,MONITOR ⭐,Expected ~61% CAGR (2yr) | Revenue CAGR 21% | Nearly debt-free | Margin compressing ↓ ⚠️ | FCF yield 3.6% | EV/EBITDA 14× below sector (22×),Margin compression ↓ | Pattern still forming (not broken out),3-4 years,Medium-High,"yfinance, screener.in",100,29,,2026-07-18,2026-06-01,47,0.0,7,0.0
KAMATHOTEL,Kamat Hotels (India) Limited,Consumer Cyclical,Lodging,557.0,Small-Cap,MonthlyDoubleBottom,Forming,1.0,33,Sep 33mo | Mid rally 499% | Asymmetry 10%,,Downtrend,False,False,Below-MAs,False,Stage2,3,Uptrend,Uptrend,163.69,158.95,25.3,139.14,385.6,385.6,385.6,385.6,135.6,53.5,14.86,,2.33,,9.68,0.0,-7.17,,0,none,14.4,15.8,3.6,25.0,2.0,10.0,6.77,8.12,9.38,42.37,-17.02,-50.05,18.07,49.2,0.2,multiple loss years in history,0.7,,1.06,,45.38,8.15,57.78,0.0,,0.26,0.16,3.84,0.0,329.8,140.2,50.4,16.8,-24.77,-52.02,0.48,0.36,5,16.0,16.5,4.0,0.0,36.5,MONITOR ⭐,Expected ~54% CAGR (2yr) | Declining profits (-50% CAGR) ⚠️ | ROCE trend rising ↑ | Promoter 58% holding | FCF yield 8.1% | Piotroski F=5 (above average quality),Pattern still forming (not broken out),3-4 years,Medium-High,"yfinance, screener.in",100,287,,2026-07-18,2026-06-15,33,0.0,5,0.0
DHARMAJ,Dharmaj Crop Guard Limited,Basic Materials,Agricultural Inputs,879.0,Small-Cap,MonthlyDoubleBottom,Forming,0.842,22,Sep 22mo | Mid rally 91% | Asymmetry 7%,MonthlyDoubleBottom+MonthlyStage2,Sideways-Above-MA,True,False,Constructive,False,Stage2,1,Uptrend,Uptrend,260.0,389.65,196.95,221.0,401.66,582.35,531.2,461.91,124.0,49.7,16.08,,1.96,,10.03,0.0,,,0,none,13.0,16.4,4.0,9.0,-0.5,4.8,6.46,19.66,,,57.14,,,,0.15,highly inconsistent earnings,0.29,,1.55,,-30.0,-3.41,70.4,0.0,,3.13,-0.36,0.47,0.0,386.5,210.65,32.7,23.4,-28.3,-4.14,0.24,0.09,5,14.0,20.1,2.0,0.0,36.1,MONITOR ⭐,Expected ~50% CAGR (2yr) | ROCE trend rising ↑ | Low D/E 0.29 | Promoter 70% holding | Piotroski F=5 (above average quality) | MonthlyDoubleBottom forming (22mo base),Pattern still forming (not broken out),3-4 years,Medium-High,"yfinance, screener.in",80,44,,2026-07-18,2026-06-01,47,-2.3,7,0.0
ICRA,ICRA Limited,Financial Services,Financial Data & Stock Exchanges,5099.0,Small-Cap,MonthlyDoubleBottom,Forming,0.543,30,Sep 30mo | Mid rally 55% | Asymmetry 0%,,Sideways,False,False,Below-MAs,False,Stage2,12,Uptrend,Uptrend,5293.5,7666.47,4952.24,4704.63,4470.26,10380.7,5421.81,4923.1,96.1,40.0,28.17,20.41,4.32,2.78,20.71,132.0,28.92,6558.5,2,strong_buy,16.7,23.0,1.51,36.0,1.31,30.28,8.4,20.48,14.19,14.79,7.02,10.13,17.13,32.2,0.4,lumpy earner,,,3.8,,115.7,2.27,51.86,0.0,,6.9,-1.02,24.27,-0.24,7130.0,4965.5,25.8,6.6,-14.4,-32.91,1.61,0.21,7,23.0,14.02,-1.0,0.0,36.0,MONITOR ⭐,Expected ~40% CAGR (2yr) | ROCE 23% | ROCE trend rising ↑ | Promoter 52% holding | OPM 36% | Piotroski F=7 (high quality compounder),Pattern still forming (not broken out),3-4 years,Medium-High,"yfinance, screener.in",90,232,,2026-07-18,2026-06-01,47,-2.3,7,-2.5
KRYSTAL,KRYSTAL INTEGRATED SER L,Industrials,Specialty Business Services,839.0,Small-Cap,None,,0.0,0,,,Sideways,False,False,Below-MAs,True,Stage2,4,Uptrend,Uptrend,581.4,,,494.19,1825.33,2171.78,2583.99,2171.78,273.5,93.3,13.07,,1.68,0.69,10.77,25.0,0.0,,0,none,13.7,15.9,-1.6,7.0,-0.09,5.04,5.59,5.89,22.01,22.23,1.59,18.98,30.36,59.1,0.4,lumpy earner,0.24,,2.01,,-16.04,-1.91,69.96,0.0,,1.25,-0.54,3.76,-0.47,729.5,500.0,20.3,16.3,2.34,,,0.91,4,18.0,6.0,10.0,2.0,36.0,MONITOR ⭐,Expected ~93% CAGR (2yr) | Revenue CAGR 22% | Low D/E 0.24 | Promoter 70% holding | PEG 0.69 — undervalued | EV/EBITDA 11× below sector (18×),None identified,3-4 years,Medium-High,"yfinance, screener.in",100,27,,2026-07-18,2026-06-01,47,0.0,7,-2.0
SUYOG,Suyog Telematics Limited,Communication Services,Telecom Services,1022.0,Small-Cap,None,,0.0,0,,,Uptrend,True,False,Tight-Above-MAs,True,Downtrend,0,Uptrend,Uptrend,870.7,,,740.1,1805.45,2076.27,2387.71,2076.27,138.5,54.4,16.64,,2.09,,8.39,21.0,44.0,,0,none,14.2,14.6,1.0,74.0,2.0,28.43,7.82,15.03,,,53.66,,,,0.15,highly inconsistent earnings,0.76,,1.73,,-30.49,-2.98,52.02,0.0,,0.64,-0.04,0.01,0.0,929.2,526.5,6.3,65.4,10.09,,,0.36,6,14.0,14.0,4.0,4.0,36.0,MONITOR ⭐,Expected ~54% CAGR (2yr) | ROCE trend rising ↑ | Promoter 52% holding | OPM 74% | Piotroski F=6 (above average quality) | Dividend growing 44%/yr,None identified,3-4 years,Medium-High,"yfinance, screener.in",80,24,,2026-07-18,2026-07-15,3,0.0,1,0.0
PFIZER,Pfizer Limited,Healthcare,Drug Manufacturers - General,21645.0,Mid-Cap,MonthlyDoubleBottom,Forming,0.773,36,Sep 36mo | Mid rally 85% | Asymmetry 8%,MonthlyDoubleBottom+MonthlyStage2,Downtrend,False,False,Below-MAs,True,Stage2,6,Uptrend,Uptrend,4785.4,5815.44,3025.08,4067.59,5594.18,8605.8,5594.18,5594.18,79.8,34.1,29.94,23.3,5.15,,21.43,163.0,36.41,6246.0,4,strong_buy,19.8,27.2,-10.0,-12.0,-15.5,28.67,10.77,0.3,,,-11.76,,,-39.6,0.15,highly inconsistent earnings,0.02,,6.06,,650.0,3.0,63.92,0.0,,2.81,0.1,16.89,-0.16,5873.5,4360.1,18.5,9.8,-5.55,9.74,0.42,0.12,4,16.0,13.78,5.0,1.0,35.8,MONITOR ⭐,Expected ~34% CAGR (2yr) | Declining profits (-40% CAGR) ⚠️ | ROCE 27% | Nearly debt-free | Promoter 64% holding | Margin compressing ↓ ⚠️,Margin compression ↓ | Earnings due 2026-08-12 | Pattern still forming (not broken out),3-4 years,Medium-High,"yfinance, screener.in",80,287,2026-08-12,2026-07-18,2026-06-01,47,0.0,7,0.0
ROLEXRINGS,Rolex Rings Limited,Industrials,Metal Fabrication,3842.0,Small-Cap,MonthlyDoubleBottom,Forming,0.508,14,Sep 14mo | Mid rally 57% | Asymmetry 6%,,Uptrend,True,False,Tight-Above-MAs,True,Stage2,4,Uptrend,Uptrend,141.99,262.0,162.26,154.15,194.87,361.74,257.71,224.09,154.8,59.6,27.23,15.94,3.17,,15.09,,,170.0,2,strong_buy,12.35,,,15.33,,12.34,9.1,7.7,,,,,,,0.5,insufficient history,,,8.29,,39.58,1.03,52.24,0.0,,5.4,-0.61,28.76,-1.51,176.0,99.79,19.3,42.3,-4.13,-58.9,0.49,0.36,4,10.0,21.6,3.0,1.0,35.6,MONITOR ⭐,Expected ~60% CAGR (2yr) | Promoter 52% holding | EV/EBITDA 15× vs sector 18× | MonthlyDoubleBottom forming (14mo base) | Weekly uptrend | Tight daily consolidation above MAs,Pattern still forming (not broken out),3-4 years,Medium-High,"yfinance, screener.in",60,58,,2026-07-18,2026-06-01,47,0.0,6,-1.0
IRIS,IRIS RegTech Solutions Limited,Technology,Software - Application,530.0,Small-Cap,MonthlyDoubleBottom,Forming,0.512,27,Sep 27mo | Mid rally 52% | Asymmetry 1%,,Downtrend,False,False,Below-MAs,True,Downtrend,0,Uptrend,Uptrend,254.0,162.4,106.15,215.9,715.89,2266.85,7177.99,2266.85,792.5,198.7,37.75,,2.63,0.17,40.84,0.0,,,0,none,10.2,12.6,1.74,8.0,-1.4,98.44,2.65,1.59,20.04,17.56,876.92,216.65,99.69,47.1,0.15,highly inconsistent earnings,0.01,,3.52,,-0.09,-0.02,34.63,0.0,,1.87,0.14,13.06,0.16,426.95,203.0,40.5,25.1,-28.39,110.33,0.38,0.58,5,19.0,9.64,7.0,0.0,35.6,MONITOR ⭐,Expected ~199% CAGR (2yr) | Revenue CAGR 20% | Profit CAGR 217% | ROCE trend rising ↑ | Nearly debt-free | Margin compressing ↓ ⚠️,Margin compression ↓ | Pattern still forming (not broken out),3-4 years,Medium-High,"yfinance, screener.in",100,57,,2026-07-18,2026-06-01,47,12.1,7,0.0
BAYERCROP,Bayer CropScience Limited,Basic Materials,Agricultural Inputs,18561.0,Mid-Cap,MonthlyDoubleBottom,Forming,0.671,27,Sep 27mo | Mid rally 68% | Asymmetry 1%,,Downtrend,False,False,Below-MAs,False,Stage2,1,Uptrend,Uptrend,4129.9,6868.99,4089.02,3884.57,3743.1,9648.96,4788.03,4233.45,133.6,52.9,26.95,21.4,6.26,2.06,19.64,364.0,0.0,5153.5,6,buy,15.8,20.1,,5.0,-4.0,12.14,8.9,9.0,,,44.74,,,13.1,0.5,insufficient history,0.03,,1.92,,960.34,5.17,71.44,0.0,,3.89,0.05,11.89,0.42,6509.5,4030.0,36.6,2.5,-18.08,-33.48,0.61,0.23,4,22.0,12.55,1.0,0.0,35.6,MONITOR ⭐,Expected ~53% CAGR (2yr) | ROCE 20% | Nearly debt-free | Promoter 71% holding | Margin compressing ↓ ⚠️ | FCF yield 5.2%,Margin compression ↓ | Earnings due 2026-08-06 | Pattern still forming (not broken out),3-4 years,Medium-High,"yfinance, screener.in",80,199,2026-08-06,2026-07-18,2026-06-15,33,-2.8,5,0.0
POLYMED,Poly Medicure Limited,Healthcare,Medical Instruments & Supplies,16930.0,Mid-Cap,MonthlyDoubleBottom,Forming,1.0,29,Sep 29mo | Mid rally 176% | Asymmetry 5%,,Downtrend,False,False,Below-MAs,False,Stage2,6,Uptrend,Uptrend,1455.1,3351.91,1182.0,1236.83,1536.6,5521.82,2268.0,1866.82,279.5,94.8,52.63,35.47,5.44,2.45,37.26,21.0,11.87,1607.17,6,buy,11.2,14.0,-0.71,24.0,-0.17,17.18,5.75,12.34,18.92,19.02,-5.31,21.49,18.74,-27.8,0.15,highly inconsistent earnings,0.11,,3.37,,-309.36,-1.83,62.42,0.0,,5.92,-3.49,15.6,1.76,2230.0,1182.0,34.7,23.1,-26.73,4.47,0.38,0.02,4,19.0,16.5,0.0,0.0,35.5,MONITOR ⭐,Expected ~95% CAGR (2yr) | Revenue CAGR 19% | Profit CAGR 21% | Low D/E 0.11 | Promoter 62% holding | DII buying +1.8% ↑,High PE 53 | Pattern still forming (not broken out),3-4 years,Medium-High,"yfinance, screener.in",100,174,,2026-07-18,2026-06-01,47,0.0,7,-3.0
PENIND,Pennar Industries Limited,Industrials,Specialty Industrial Machinery,2323.0,Small-Cap,MonthlyDoubleBottom,Forming,1.0,13,Sep 13mo | Mid rally 111% | Asymmetry 5%,,Downtrend,False,False,Below-MAs,False,Stage2,4,Uptrend,Uptrend,151.69,279.9,129.1,128.94,401.28,492.89,605.41,492.89,224.9,80.3,16.72,11.96,2.0,0.73,9.05,0.0,0.0,260.0,1,none,12.8,15.3,2.03,10.0,0.77,3.83,5.21,12.18,7.73,18.87,16.81,22.83,115.37,15.4,0.15,highly inconsistent earnings,1.0,,1.13,,-301.61,-12.98,39.67,0.0,,4.05,-0.97,5.28,3.1,279.9,129.1,45.8,17.5,-29.25,73.9,0.43,-0.33,4,10.0,15.5,10.0,0.0,35.5,MONITOR ⭐,Expected ~80% CAGR (2yr) | Profit CAGR 23% | ROCE trend rising ↑ | DII buying +3.1% ↑ | PEG 0.73 — undervalued | EV/EBITDA 9× below sector (18×),Pattern still forming (not broken out),3-4 years,Medium-High,"yfinance, screener.in",100,187,,2026-07-18,2026-06-01,47,0.0,7,0.0
INFY,Infosys Limited,Technology,Information Technology Services,432426.0,Large-Cap,MonthlyDoubleBottom,Forming,0.533,18,Sep 18mo | Mid rally 54% | Asymmetry 1%,,Downtrend,False,False,Below-MAs,False,Downtrend,0,Uptrend,Uptrend,1079.0,1948.78,1257.64,1194.76,2322.02,2639.92,2655.0,2482.93,144.7,56.4,14.14,13.1,4.66,2.04,975.49,468.0,-11.03,1332.22,40,buy,31.9,40.0,0.8,24.0,-0.74,16.43,15.09,9.61,6.77,12.2,10.18,6.93,8.7,13.2,0.4,lumpy earner,0.1,,1.98,,317.02,0.07,14.38,-0.14,,28.45,-1.82,43.19,2.11,1728.0,982.4,37.6,9.8,-24.55,-44.85,0.47,0.13,5,25.0,9.4,1.0,0.0,35.4,MONITOR ⭐,Expected ~56% CAGR (2yr) | ROE 32% | ROCE 40% | ROCE trend rising ↑ | Nearly debt-free | Margin compressing ↓ ⚠️,Margin compression ↓ | Earnings due 2026-07-23 | Pattern still forming (not broken out),3-4 years,Medium-High,"yfinance, screener.in",100,367,2026-07-23,2026-07-18,2026-06-01,47,-9.9,6,-1.0
TIIL,Technocraft Industries (India) Limited,Industrials,Tools & Accessories,5621.0,Small-Cap,MonthlyDoubleBottom,Forming,0.679,8,Sep 8mo | Mid rally 73% | Asymmetry 5%,MonthlyDoubleBottom+MonthlyStage2,Sideways-Above-MA,True,False,Constructive,False,Stage2,4,Uptrend,Uptrend,2467.0,1231.93,696.55,2096.95,3301.33,3359.77,3419.23,3359.77,36.2,16.7,19.69,13.41,2.98,11.12,13.38,161.0,100.0,3650.0,1,strong_buy,15.0,16.1,0.03,17.0,-0.34,10.34,6.89,6.28,11.6,16.33,11.41,1.77,16.94,15.3,0.15,highly inconsistent earnings,0.4,,2.05,,-5.79,-0.1,74.74,0.0,,0.4,0.0,7.18,0.33,3383.0,1868.5,27.1,32.0,0.9,-7.58,0.19,0.21,5,14.0,17.15,3.0,1.0,35.2,MONITOR ⭐,Expected ~17% CAGR (2yr) | ROCE trend rising ↑ | Promoter 75% holding | Piotroski F=5 (above average quality) | Dividend growing 100%/yr | EV/EBITDA 13× vs sector 18×,Pattern still forming (not broken out),3-4 years,Medium-High,"yfinance, screener.in",100,234,,2026-07-18,2026-06-01,47,-5.4,7,-5.0
ROUTE,Route Mobile Limited,Communication Services,Telecom Services,3442.0,Small-Cap,MonthlyDoubleBottom,Forming,0.389,28,Sep 28mo | Mid rally 40% | Asymmetry 1%,,Sideways,False,False,Below-MAs,True,Downtrend,0,Uptrend,Uptrend,519.7,1886.51,1339.67,1272.69,902.87,2433.35,902.87,902.87,368.2,116.4,14.39,8.85,1.24,,4.08,223.0,-40.16,687.5,4,buy,12.5,17.2,-2.23,12.0,0.11,5.42,7.3,-3.67,7.29,25.68,-23.05,-8.27,14.08,93.2,0.15,highly inconsistent earnings,0.01,,3.85,,662.21,19.24,74.85,0.0,,2.49,-0.24,4.01,-1.97,1028.0,410.7,49.4,26.5,-40.74,-89.1,0.45,0.29,5,16.0,11.17,8.0,0.0,35.2,MONITOR ⭐,Expected ~116% CAGR (2yr) | Declining profits (-8% CAGR) ⚠️ | Nearly debt-free | Promoter 75% holding | FCF yield 19.2% | Piotroski F=5 (above average quality),Pattern still forming (not broken out),3-4 years,Medium-High,"yfinance, screener.in",100,69,,2026-07-18,2026-06-01,47,0.0,7,0.0
SIRCA,Sirca Paints India Limited,Basic Materials,Specialty Chemicals,2241.0,Small-Cap,MonthlyCupHandle,Forming,0.549,35,Cup 35mo | Depth 42% | Prior gain 31% | R²=0.75,MonthlyCupHandle+MonthlyDoubleBottom,Downtrend,False,False,Below-MAs,False,Stage2,1,Uptrend,Uptrend,394.95,528.73,304.23,335.71,282.35,753.23,355.57,316.85,90.7,38.1,33.91,22.12,4.96,2.77,21.52,38.0,14.47,565.5,2,strong_buy,15.8,21.2,1.57,20.0,1.46,13.2,10.59,32.26,23.06,28.4,32.65,12.22,30.77,25.3,0.15,highly inconsistent earnings,0.07,,5.21,,-4.1,-0.18,65.19,0.0,,6.29,-0.63,0.0,-0.32,539.0,388.8,26.7,1.6,-13.47,-28.24,0.25,0.22,6,25.0,11.09,-1.0,0.0,35.1,MONITOR ⭐,Expected ~38% CAGR (2yr) | Revenue CAGR 23% | ROCE 21% | ROCE trend rising ↑ | Nearly debt-free | Promoter 65% holding,Pattern still forming (not broken out),3-4 years,Medium-High,"yfinance, screener.in",100,98,,2026-07-18,2026-06-01,47,-6.2,7,-3.0
HCLTECH,HCL Technologies Limited,Technology,Information Technology Services,314978.0,Large-Cap,MonthlyDoubleBottom,Forming,0.508,10,Sep 10mo | Mid rally 59% | Asymmetry 8%,,Sideways,False,False,Below-MAs,True,Downtrend,0,Uptrend,Uptrend,1171.6,1888.39,1142.71,1085.57,1728.93,2634.07,1866.42,1796.36,124.8,49.9,18.97,14.53,4.16,4.87,1085.97,825.0,-10.37,1293.65,40,hold,24.0,30.6,1.37,21.0,-1.03,12.8,12.83,11.18,8.65,11.54,-4.29,3.9,8.32,-1.8,0.15,highly inconsistent earnings,0.07,,2.22,,185.05,0.06,60.86,0.04,,15.51,-0.7,18.95,0.58,1780.1,1030.0,34.2,13.7,-15.77,-14.35,0.58,0.06,5,24.0,11.1,0.0,0.0,35.1,MONITOR ⭐,Expected ~50% CAGR (2yr) | ROE 24% | ROCE 31% | ROCE trend rising ↑ | Nearly debt-free | Promoter 61% holding,Margin compression ↓ | Earnings due 2026-07-13 | Pattern still forming (not broken out),3-4 years,Medium-High,"yfinance, screener.in",100,288,2026-07-13,2026-07-18,2026-07-15,3,0.0,1,0.0
LEMONTREE,Lemon Tree Hotels Limited,Consumer Cyclical,Lodging,9376.0,Mid-Cap,None,,0.0,0,,,Downtrend,False,False,Below-MAs,False,Stage2,3,Uptrend,Uptrend,111.01,,,94.36,165.37,188.18,266.22,209.82,69.5,30.2,41.26,23.47,6.71,1.53,17.02,0.0,,155.71,21,strong_buy,19.4,14.0,3.2,48.0,5.14,15.72,8.38,12.29,18.17,41.79,18.52,26.88,80.58,8.1,0.2,multiple loss years in history,0.96,,1.21,,171.82,1.83,22.32,0.0,,19.44,-2.15,14.35,-1.32,180.68,99.61,38.6,11.4,-13.05,-4.24,,-0.18,6,22.0,3.0,10.0,0.0,35.0,MONITOR ⭐,Expected ~30% CAGR (2yr) | Revenue CAGR 18% | Profit CAGR 27% | ROCE trend rising ↑ | OPM 48% | Piotroski F=6 (above average quality),Earnings due 2026-08-06,3-4 years,Medium-High,"yfinance, screener.in",100,98,2026-08-06,2026-07-18,2026-06-01,47,0.0,7,-3.0
GODIGIT,GO DIGIT GENERAL INS LTD,Financial Services,Insurance - Property & Casualty,28838.0,Mid-Cap,None,,0.0,0,,,Downtrend,False,False,Below-MAs,False,Stage2,12,Uptrend,Uptrend,312.0,,,265.2,163.43,272.88,271.55,210.67,,,53.15,32.33,6.14,1.84,44.6,,,366.2,10,buy,11.71,,,5.41,,5.2,1.68,22.6,,,28.9,,,29.2,0.5,insufficient history,0.07,,0.1,,3284.74,11.39,73.01,-0.01,,8.01,-0.25,14.62,0.28,381.4,290.8,18.2,7.3,-11.86,,,0.07,3,28.0,3.0,3.0,1.0,35.0,MONITOR ⭐,Revenue CAGR 23% | Profit CAGR 29% | Nearly debt-free | Promoter 73% holding | FCF yield 11.4% | Sector in Stage2,High PE 53,3-4 years,Medium-High,"yfinance, screener.in",70,27,,2026-07-18,2026-06-01,47,0.3,7,0.0
PLATIND,Platinum Industries Limited,Basic Materials,Specialty Chemicals,1292.0,Small-Cap,MonthlyDoubleBottom,Forming,1.0,21,Sep 21mo | Mid rally 184% | Asymmetry 8%,,Sideways,False,False,Below-MAs,True,Stage2,1,Uptrend,Uptrend,225.04,502.05,169.7,191.28,224.35,834.4,273.0,247.48,270.8,92.6,23.9,,2.82,2.32,18.88,0.0,,,0,none,12.7,15.7,-20.0,13.0,0.66,11.54,6.62,14.8,24.89,38.28,2.0,10.31,59.12,136.9,0.15,highly inconsistent earnings,0.02,,4.17,,-37.39,-2.89,70.03,0.0,,0.59,-0.03,3.6,0.65,342.4,183.5,34.3,22.6,-10.43,,0.47,0.55,4,17.0,19.0,-1.0,0.0,35.0,MONITOR ⭐,Expected ~93% CAGR (2yr) | Revenue CAGR 25% | Nearly debt-free | Promoter 70% holding | DII buying +0.7% ↑ | MonthlyDoubleBottom forming (21mo base),Pattern still forming (not broken out),3-4 years,Medium-High,"yfinance, screener.in",90,27,,2026-07-18,2026-06-01,47,0.0,7,0.0
INDRAMEDCO,Indraprastha Medical Corporation Limited,Healthcare,Medical Care Facilities,3491.0,Small-Cap,MonthlyDoubleBottom,Forming,0.664,19,Sep 19mo | Mid rally 75% | Asymmetry 9%,,Downtrend,False,False,Below-MAs,False,Stage2,6,Uptrend,Uptrend,379.2,640.85,351.2,333.64,728.85,930.5,755.32,741.97,145.4,56.6,19.01,15.48,4.71,10.56,12.23,119.0,21.64,550.0,1,none,27.47,,,13.48,,12.39,15.15,9.3,,,1.8,,,1.7,0.5,insufficient history,0.05,,2.46,,68.4,1.96,51.0,0.0,,2.43,-0.29,0.87,0.05,640.85,342.0,40.8,10.9,-11.91,92.99,0.12,0.42,4,19.0,11.97,4.0,0.0,35.0,MONITOR ⭐,Expected ~57% CAGR (2yr) | ROE 27% | Nearly debt-free | Promoter 51% holding | Dividend growing 22%/yr | EV/EBITDA 12× below sector (22×),Pattern still forming (not broken out),3-4 years,Medium-High,"yfinance, screener.in",70,351,,2026-07-18,2026-07-15,3,0.0,1,0.0
