Stock,Company_Name,Sector,Industry,Market_Cap_Cr,Cap_Class,Monthly_Pattern,Monthly_Pattern_Status,Monthly_Pattern_Quality,Monthly_Pattern_Duration_Mo,Monthly_Pattern_Details,Converging_Signals,Weekly_Trend,Weekly_Above_40MA,Weekly_Volume_Expanding,Daily_Setup,Daily_Above_50MA,Sector_Trend,Sector_Stage2_Age_Mo,Index_Regime,Nifty_Monthly_Trend,CMP,Breakout_Zone,Pattern_Bottom,Stop_Loss,Target_1yr,Target_2yr,Target_3yr,Fair_Value_Estimate,Upside_Potential_Pct,Expected_CAGR_2yr_Pct,PE_Ratio,Forward_PE,PB_Ratio,PEG_Ratio,EV_EBITDA,Dividend_Yield_Pct,Dividend_Growth_3yr_Pct,Analyst_Target,Analyst_Count,Analyst_Recommendation,ROE_Pct,ROCE_Pct,ROCE_Trend,Operating_Margin_Pct,OPM_Trend,Net_Margin_Pct,Return_on_Assets_Pct,Revenue_Growth_TTM_Pct,Revenue_Growth_3yr_CAGR,Revenue_Growth_5yr_CAGR,Profit_Growth_TTM_Pct,Profit_Growth_3yr_CAGR,Profit_Growth_5yr_CAGR,EPS_Growth_Quarterly_Pct,EPS_Consistency_Score,EPS_Consistency_Desc,Debt_to_Equity,DE_Trend,Current_Ratio,Interest_Coverage,Free_Cashflow_Cr,FCF_Yield_Pct,Promoter_Holding_Pct,Promoter_Change_QoQ,Promoter_Pledge_Pct,FII_Holding_Pct,FII_Change_QoQ,DII_Holding_Pct,DII_Change_QoQ,52wk_High,52wk_Low,Dist_From_52wk_High_Pct,Dist_From_52wk_Low_Pct,RS_vs_Nifty_1yr_Pct,RS_vs_Nifty_3yr_Pct,Monthly_Vol_Surge,Beta,Piotroski_F_Score,Fundamental_Score_40,Technical_Score_30,Valuation_Score_20,Momentum_Score_10,Overall_Score_100,Rating_Grade,Why_Buy,Key_Risks,Investment_Horizon,Risk_Level,Data_Sources,Data_Quality_Pct,Monthly_Bars,Next_Earnings,Scan_Date,First_Seen_Date,Days_On_Watchlist,Price_Change_Since_First_Pct,Times_Scanned,Score_vs_First
SENCO,Senco Gold Limited,Consumer Cyclical,Luxury Goods,6273.0,Small-Cap,MonthlyStage2,Stage Change,0.525,24,10-EMA=337 | 30-EMA=349 | Above by 7.9% | MA turning=Yes,MonthlyDoubleBottom+MonthlyStage2,Uptrend,True,True,Uptrend,True,Stage2,3,Uptrend,Uptrend,377.0,349.47,271.02,320.45,3185.36,3129.18,7527.93,4896.85,730.0,188.1,10.92,15.48,2.49,0.2,8.72,46.0,14.47,477.67,6,none,25.6,20.9,-0.29,11.0,0.37,6.81,9.39,33.22,27.4,25.95,261.01,53.73,56.57,151.3,0.15,highly inconsistent earnings,1.07,,1.54,,-224.74,-3.58,64.48,-0.01,,6.88,-0.72,13.54,0.93,404.85,276.0,6.9,36.6,3.47,60.82,0.93,0.5,4,30.0,20.8,16.0,3.0,69.8,ACCUMULATE ⭐⭐⭐,Expected ~188% CAGR (2yr) | Revenue CAGR 27% | Profit CAGR 54% | ROE 26% | ROCE 21% | Promoter 64% holding,High D/E 1.1,2-3 years,Medium,"yfinance, screener.in",100,37,,2026-08-01,2026-06-01,61,12.5,9,8.9
SPARC,Sun Pharma Advanced Research Company Limited,Healthcare,Drug Manufacturers - Specialty & Generic,7017.0,Small-Cap,MonthlyStage2,Stage Change,1.0,24,10-EMA=185 | 30-EMA=185 | Above by 43.4% | MA turning=No,MonthlyDoubleBottom+MonthlyStage2,Sideways-Above-MA,True,False,Constructive,False,Stage2,6,Uptrend,Uptrend,264.6,184.51,112.39,224.91,2861.82,3291.1,3784.76,3291.1,1143.8,252.7,4.52,3.9,5.24,,4.71,0.0,,,0,none,279.0,164.0,136.0,85.0,60.7,82.65,79.74,2509.72,98.84,,552.77,,,,0.2,multiple loss years in history,0.42,,2.47,,-886.82,-12.64,65.68,0.01,,3.9,1.86,0.09,-0.79,289.0,108.0,8.4,145.0,89.78,-22.65,0.59,0.54,5,33.0,22.5,8.0,6.0,69.5,ACCUMULATE ⭐⭐⭐,Expected ~253% CAGR (2yr) | Revenue CAGR 99% | ROE 279% | ROCE 164% | ROCE trend rising ↑ | Promoter 66% holding,None identified,2-3 years,Medium,"yfinance, screener.in",90,283,,2026-08-01,2026-06-01,61,47.2,9,-2.5
MOTHERSON,Samvardhana Motherson International Limited,Consumer Cyclical,Auto Parts,153282.0,Large-Cap,MonthlyDoubleBottom,Forming,1.0,42,Sep 42mo | Mid rally 191% | Asymmetry 3%,MonthlyCupHandle+MonthlyDoubleBottom,Uptrend,True,False,Tight-Above-MAs,True,Stage2,3,Uptrend,Uptrend,150.75,65.07,21.99,128.14,266.8,277.64,484.45,359.52,84.2,35.7,39.88,22.07,3.74,1.15,15.28,34.0,11.46,154.82,22,buy,11.2,13.4,1.83,10.0,0.49,3.08,4.24,10.95,17.02,17.06,-1.45,34.75,21.1,42.5,0.15,highly inconsistent earnings,0.44,,1.06,,3707.91,2.42,48.6,0.0,,12.87,0.42,20.59,-0.49,155.25,89.7,2.9,68.1,63.94,115.2,0.9,1.02,6,24.0,28.5,9.0,8.0,69.5,ACCUMULATE ⭐⭐⭐,Expected ~36% CAGR (2yr) | Revenue CAGR 17% | Profit CAGR 35% | ROCE trend rising ↑ | Piotroski F=6 (above average quality) | Dividend growing 11%/yr,Earnings due 2026-08-06 | Pattern still forming (not broken out),2-3 years,Medium,"yfinance, screener.in",100,289,2026-08-06,2026-08-01,2026-06-01,61,14.6,9,-2.0
MAYURUNIQ,Mayur Uniquoters Limited,Consumer Cyclical,Textile Manufacturing,3427.0,Small-Cap,MonthlyStage2,Stage Change,1.0,24,10-EMA=646 | 30-EMA=570 | Above by 35.0% | MA turning=Yes,MonthlyDoubleBottom+MonthlyStage2,Sideways-Above-MA,True,False,Constructive,False,Stage2,3,Uptrend,Uptrend,769.1,569.67,456.31,653.74,2447.8,2161.63,3683.42,3002.71,181.1,67.6,17.86,12.97,3.03,0.79,13.53,63.0,35.72,900.0,3,none,18.4,24.7,1.26,24.0,0.31,19.83,11.08,9.89,7.61,13.52,28.86,22.67,16.36,43.2,0.4,lumpy earner,0.01,,7.46,,-11.45,-0.33,58.77,0.0,,4.78,1.1,3.13,-0.52,907.0,471.2,15.2,63.2,49.18,13.71,0.92,0.36,5,27.0,22.5,12.0,8.0,69.5,ACCUMULATE ⭐⭐⭐,Expected ~68% CAGR (2yr) | Profit CAGR 23% | ROCE 25% | ROCE trend rising ↑ | Nearly debt-free | Promoter 59% holding,None identified,2-3 years,Medium,"yfinance, screener.in",100,167,,2026-08-01,2026-06-01,61,24.2,9,-1.0
BUTTERFLY,Butterfly Gandhimathi Appliances Limited,Consumer Cyclical,"Furnishings, Fixtures & Appliances",1362.0,Small-Cap,MonthlyDoubleBottom,Forming,1.0,37,Sep 37mo | Mid rally 368% | Asymmetry 1%,,Uptrend,True,False,Tight-Above-MAs,True,Stage2,3,Uptrend,Uptrend,731.7,642.47,136.69,621.95,1501.37,1902.24,2410.14,1902.24,160.0,61.2,29.86,,3.66,1.12,16.63,,100.0,,0,none,13.08,,,6.04,,4.84,6.86,16.3,,,26.7,,,26.6,0.5,insufficient history,0.02,,2.1,,73.26,5.38,75.0,0.0,,0.01,0.0,0.43,0.0,823.85,565.8,11.2,29.3,1.52,-65.37,0.8,-0.0,5,30.0,28.5,8.0,3.0,69.5,ACCUMULATE ⭐⭐⭐,Expected ~61% CAGR (2yr) | Revenue CAGR 16% | Profit CAGR 27% | Nearly debt-free | Promoter 75% holding | FCF yield 5.4%,Pattern still forming (not broken out),2-3 years,Medium,"yfinance, screener.in",70,148,,2026-08-01,2026-06-01,61,7.5,9,3.5
BORORENEW,Borosil Renewables Limited,Technology,Solar,8163.0,Mid-Cap,MonthlyStage2,Stage Change,1.0,24,10-EMA=543 | 30-EMA=521 | Above by 23.0% | MA turning=Yes,MonthlyCupHandle+MonthlyDoubleBottom+MonthlyStage2,Sideways-Above-MA,True,False,Constructive,False,Downtrend,0,Uptrend,Uptrend,640.55,520.93,377.0,544.47,1997.77,3815.54,7287.3,3815.54,495.7,144.1,20.58,,5.39,0.23,15.18,0.0,4.0,,0,none,26.1,25.3,0.91,31.0,3.46,23.69,,3.79,5.61,16.21,229.13,90.99,24.99,,0.2,multiple loss years in history,0.11,,,,,,58.78,0.01,,6.14,1.87,2.62,0.29,721.0,374.4,11.2,71.1,17.01,20.42,0.66,0.01,2,34.0,21.5,11.0,3.0,69.5,ACCUMULATE ⭐⭐⭐,Expected ~144% CAGR (2yr) | Profit CAGR 91% | ROE 26% | ROCE 25% | ROCE trend rising ↑ | Low D/E 0.11,None identified,2-3 years,Medium,"yfinance, screener.in",80,99,,2026-08-01,2026-06-01,61,22.0,9,9.3
SOUTHWEST,South West Pinnacle Exploration Limited,Energy,Oil & Gas Equipment & Services,763.0,Small-Cap,MonthlyDoubleBottom,Forming,0.91,12,Sep 12mo | Mid rally 98% | Asymmetry 7%,,Sideways-Above-MA,True,False,Constructive,False,Stage2,1,Uptrend,Uptrend,226.63,187.16,91.07,192.64,390.77,668.22,1142.65,668.22,194.9,71.7,17.85,,3.42,0.25,11.41,0.0,14.47,,0,none,17.7,20.0,0.97,25.0,1.26,15.11,,8.64,25.68,17.47,21.21,71.0,29.46,288.5,0.15,highly inconsistent earnings,0.39,,,,,,65.94,1.13,,0.41,-0.4,,,275.0,121.0,17.6,87.3,63.56,50.76,0.45,-0.33,3,34.0,20.42,8.0,7.0,69.4,ACCUMULATE ⭐⭐⭐,Expected ~72% CAGR (2yr) | Revenue CAGR 26% | Profit CAGR 71% | ROCE trend rising ↑ | Promoter 66% holding | Promoters buying ↑,Pattern still forming (not broken out),2-3 years,Medium,"yfinance, screener.in",80,102,,2026-08-01,2026-06-01,61,-9.2,9,-9.0
DIXON,Dixon Technologies (India) Limited,Technology,Consumer Electronics,84186.0,Large-Cap,MonthlyStage2,Stage Change,0.895,24,10-EMA=12383 | 30-EMA=11833 | Above by 13.4% | MA turning=Yes,,Uptrend,True,True,Tight-Above-MAs,True,Downtrend,0,Uptrend,Uptrend,13421.0,11832.62,9673.0,11407.85,16366.53,23553.85,56694.73,30461.39,75.5,32.5,51.28,50.84,15.42,0.6,38.89,6.0,58.74,13192.55,29,buy,37.4,42.0,3.31,4.0,-0.14,2.94,5.13,25.77,58.85,49.94,33.33,86.12,59.35,-36.0,0.15,highly inconsistent earnings,0.18,,1.06,,912.17,1.08,28.55,-0.14,,17.87,-0.43,28.38,0.24,18471.0,9600.0,27.3,39.8,-18.65,142.87,0.75,-0.1,5,38.0,26.24,5.0,0.0,69.2,ACCUMULATE ⭐⭐⭐,Expected ~32% CAGR (2yr) | Revenue CAGR 59% | Profit CAGR 86% | ROE 37% | ROCE 42% | ROCE trend rising ↑,High PE 51 | Earnings due 2026-07-28,2-3 years,Medium,"yfinance, screener.in",100,107,2026-07-28,2026-08-01,2026-06-01,61,21.5,9,18.2
LLOYDSENGG,Lloyds Engineering Works Limited,Industrials,Specialty Industrial Machinery,12602.0,Mid-Cap,MonthlyStage2,Breaking Out,1.0,24,10-EMA=67 | 30-EMA=62 | Above by 43.6% | MA turning=Yes,MonthlyDoubleBottom+MonthlyStage2,Uptrend,True,False,Tight-Above-MAs,True,Stage2,4,Uptrend,Uptrend,88.66,61.73,37.73,75.36,114.29,242.88,516.11,242.88,173.9,65.5,59.34,,7.29,0.53,62.9,29.0,80.47,,0,none,16.4,17.1,,15.0,-1.0,14.59,6.21,53.78,,,88.57,,,156.5,0.5,insufficient history,0.07,,2.77,,-383.29,-3.04,41.92,0.0,,2.44,0.47,0.24,0.06,95.1,37.4,6.8,137.1,42.11,,1.79,1.14,3,26.0,30.0,5.0,8.0,69.0,ACCUMULATE ⭐⭐⭐,Expected ~66% CAGR (2yr) | Revenue CAGR 113% | Profit CAGR 112% | Nearly debt-free | Margin compressing ↓ ⚠️ | Dividend growing 80%/yr,High PE 59 | Margin compression ↓,2-3 years,Medium,"yfinance, screener.in",80,34,,2026-08-01,2026-06-01,61,29.5,9,9.0
RADICO,Radico Khaitan Limited,Consumer Defensive,Beverages - Wineries & Distilleries,54816.0,Large-Cap,MonthlyDoubleBottom,Breakout Ready,0.7,13,Sep 13mo | Mid rally 71% | Asymmetry 1%,,Uptrend,True,True,Uptrend,True,Stage2,15,Uptrend,Uptrend,4366.6,146.19,85.13,3711.61,3699.36,4699.38,7252.81,5179.84,7.6,3.7,90.92,56.6,16.52,2.27,40.28,15.0,44.22,3978.7,20,none,20.3,24.2,0.89,17.0,0.03,8.84,,24.65,24.44,20.52,74.57,40.02,16.87,62.3,0.15,highly inconsistent earnings,0.21,,,,,,40.19,-0.01,,18.2,0.57,28.08,0.73,4193.0,2500.0,-4.1,74.7,53.98,222.33,1.28,0.24,3,34.0,24.9,0.0,10.0,68.9,ACCUMULATE ⭐⭐⭐,Expected ~4% CAGR (2yr) | Revenue CAGR 24% | Profit CAGR 40% | ROE 20% | ROCE 24% | ROCE trend rising ↑,High PE 91 | Earnings due 2026-07-28,2-3 years,Medium,"yfinance, screener.in",80,278,2026-07-28,2026-08-01,2026-06-01,61,21.3,9,0.0
SOLARINDS,Solar Industries India Limited,Basic Materials,Specialty Chemicals,167352.0,Large-Cap,MonthlyCupHandle,Forming,0.843,13,Cup 13mo | Depth 27% | Prior gain 32% | R²=0.98,MonthlyCupHandle+MonthlyDoubleBottom,Uptrend,True,False,Constructive,False,Stage2,1,Uptrend,Uptrend,18542.0,18875.33,13845.0,15760.7,5162.54,23905.66,8577.66,6654.51,28.9,13.5,100.0,55.52,26.66,3.46,64.53,6.0,10.06,19375.62,13,buy,32.6,38.1,3.71,28.0,1.97,17.05,15.56,30.48,12.45,31.35,34.86,28.9,43.25,70.0,0.4,lumpy earner,0.23,,2.06,,-1405.69,-0.84,73.15,0.0,,6.39,-0.2,13.36,0.47,19187.0,11646.0,3.4,59.2,35.31,258.02,0.43,0.2,6,36.0,22.62,0.0,10.0,68.6,ACCUMULATE ⭐⭐⭐,Expected ~14% CAGR (2yr) | Profit CAGR 29% | ROE 33% | ROCE 38% | ROCE trend rising ↑ | Low D/E 0.23,High PE 100 | Earnings due 2026-08-06 | Pattern still forming (not broken out),2-3 years,Medium,"yfinance, screener.in",100,244,2026-08-06,2026-08-01,2026-06-01,61,2.4,9,5.0
ASKAUTOLTD,ASK AUTOMOTIVE LIMITED,Consumer Cyclical,Auto Parts,10040.0,Mid-Cap,MonthlyStage2,Stage Change,0.676,24,10-EMA=457 | 30-EMA=428 | Above by 10.1% | MA turning=Yes,MonthlyDoubleBottom+MonthlyStage2,Uptrend,True,True,Uptrend,True,Stage2,3,Uptrend,Uptrend,471.85,428.44,362.29,401.07,976.17,1008.44,1757.0,1309.63,113.7,46.2,33.77,24.92,7.66,0.99,20.44,36.0,50.0,556.67,6,strong_buy,25.1,25.4,1.71,13.0,0.51,7.12,11.68,15.97,17.79,22.02,19.76,34.16,22.88,24.2,0.15,highly inconsistent earnings,0.52,,1.04,,-309.78,-3.09,74.95,0.0,,9.5,0.21,10.97,0.72,578.5,375.3,18.4,25.7,-1.2,,0.62,-0.17,5,33.0,22.61,11.0,2.0,68.6,ACCUMULATE ⭐⭐⭐,Expected ~46% CAGR (2yr) | Revenue CAGR 18% | Profit CAGR 34% | ROE 25% | ROCE 25% | ROCE trend rising ↑,None identified,2-3 years,Medium,"yfinance, screener.in",100,33,,2026-08-01,2026-06-01,61,3.5,9,11.0
IPCALAB,Ipca Laboratories Limited,Healthcare,Drug Manufacturers - Specialty & Generic,44720.0,Large-Cap,MonthlyStage2,Stage Change,1.0,24,10-EMA=1587 | 30-EMA=1416 | Above by 32.2% | MA turning=Yes,MonthlyDoubleBottom+MonthlyStage2,Uptrend,True,False,Tight-Above-MAs,True,Stage2,6,Uptrend,Uptrend,1872.2,1416.12,1271.2,1591.37,3389.0,3442.76,6195.68,4582.27,83.9,35.6,39.21,26.85,5.55,1.11,22.79,34.0,-20.63,1733.5,18,buy,15.7,17.0,-2.37,21.0,-1.43,11.83,8.42,7.89,15.66,12.21,50.83,35.21,0.74,341.0,0.15,highly inconsistent earnings,0.09,,2.76,,790.13,1.77,44.72,0.0,,10.72,0.09,37.04,-0.09,1944.9,1251.6,3.7,49.6,36.32,89.93,0.4,0.05,5,26.0,28.5,6.0,8.0,68.5,ACCUMULATE ⭐⭐⭐,Expected ~36% CAGR (2yr) | Revenue CAGR 16% | Profit CAGR 35% | Nearly debt-free | Margin compressing ↓ ⚠️ | Piotroski F=5 (above average quality),Margin compression ↓ | Earnings due 2026-08-10,2-3 years,Medium,"yfinance, screener.in",100,367,2026-08-10,2026-08-01,2026-06-01,61,13.0,9,0.0
GLENMARK,Glenmark Pharmaceuticals Limited,Healthcare,Drug Manufacturers - Specialty & Generic,61858.0,Large-Cap,MonthlyDoubleBottom,Forming,1.0,48,Sep 48mo | Mid rally 152% | Asymmetry 2%,,Uptrend,True,False,Constructive,False,Stage2,6,Uptrend,Uptrend,2282.9,1214.53,478.22,1940.46,2261.0,2505.68,2789.29,2511.29,9.8,4.8,45.46,22.3,5.88,4.11,13.4,23.0,25.99,2497.27,11,buy,30.5,39.8,3.89,27.0,0.94,8.02,13.9,27.48,13.61,9.19,30.09,11.07,11.91,6382.0,0.15,highly inconsistent earnings,0.06,,1.77,,1177.36,1.9,46.65,0.0,,20.89,0.54,18.6,-0.68,2474.0,1792.6,7.7,27.4,19.85,174.01,0.26,0.26,7,34.0,25.5,5.0,4.0,68.5,ACCUMULATE ⭐⭐⭐,Expected ~5% CAGR (2yr) | ROE 30% | ROCE 40% | ROCE trend rising ↑ | Nearly debt-free | OPM 27%,Earnings due 2026-07-31 | Pattern still forming (not broken out),2-3 years,Medium,"yfinance, screener.in",100,289,2026-07-31,2026-08-01,2026-06-01,61,-5.1,9,5.0
PARAS,Paras Defence and Space Technologies Limited,Industrials,Aerospace & Defense,9632.0,Mid-Cap,MonthlyStage2,Stage Change,1.0,24,10-EMA=904 | 30-EMA=814 | Above by 54.4% | MA turning=Yes,MonthlyDoubleBottom+MonthlyStage2,Uptrend,True,False,Tight-Above-MAs,True,Stage2,4,Uptrend,Uptrend,1256.5,813.65,437.01,1068.02,556.79,1190.29,1018.07,752.9,,,109.85,72.0,13.27,3.12,79.12,4.0,,703.0,1,none,12.6,16.9,0.97,25.0,-1.17,18.49,7.12,30.68,29.04,27.24,45.9,35.22,40.95,74.3,0.15,highly inconsistent earnings,0.04,,3.23,,55.19,0.57,53.2,0.0,,8.29,3.23,3.04,1.8,1443.0,580.5,12.9,116.5,94.74,44.77,1.16,0.52,5,34.0,28.5,-1.0,7.0,68.5,ACCUMULATE ⭐⭐⭐,Revenue CAGR 29% | Profit CAGR 35% | ROCE trend rising ↑ | Nearly debt-free | Promoter 53% holding | Margin compressing ↓ ⚠️,High PE 110 | Margin compression ↓,2-3 years,Medium,"yfinance, screener.in",100,58,,2026-08-01,2026-06-01,61,64.7,8,6.0
ANANTRAJ,Anant Raj Limited,Real Estate,Real Estate - Development,21109.0,Mid-Cap,MonthlyStage2,Stage Change,1.0,24,10-EMA=533 | 30-EMA=490 | Above by 19.6% | MA turning=Yes,MonthlyDoubleBottom+MonthlyStage2,Uptrend,True,True,Tight-Above-MAs,True,Stage2,3,Uptrend,Uptrend,585.85,489.87,405.7,497.97,884.98,1105.05,2136.61,1375.08,88.6,37.3,37.03,20.09,3.65,0.67,32.17,17.0,82.55,700.0,3,strong_buy,11.2,12.1,2.43,26.0,2.46,22.18,6.27,21.94,37.94,58.64,31.22,55.38,128.37,25.1,0.15,highly inconsistent earnings,0.12,,9.76,,-293.54,-1.39,57.43,0.02,,10.74,-0.14,4.6,-0.23,743.65,403.0,21.2,45.4,14.36,141.89,0.45,0.37,5,30.0,28.5,7.0,3.0,68.5,ACCUMULATE ⭐⭐⭐,Expected ~37% CAGR (2yr) | Revenue CAGR 38% | Profit CAGR 55% | ROCE trend rising ↑ | Low D/E 0.12 | Promoter 57% holding,None identified,2-3 years,Medium,"yfinance, screener.in",100,239,,2026-08-01,2026-06-01,61,21.4,9,10.0
VAIBHAVGBL,Vaibhav Global Limited,Consumer Cyclical,Luxury Goods,4215.0,Small-Cap,MonthlyDoubleBottom,Forming,1.0,17,Sep 17mo | Mid rally 113% | Asymmetry 3%,,Uptrend,True,False,Tight-Above-MAs,True,Stage2,3,Uptrend,Uptrend,255.5,208.43,96.52,217.17,1157.49,1577.9,2150.99,1577.9,517.6,148.5,16.0,5.21,2.55,0.44,14.3,238.0,-20.63,,0,none,17.9,16.4,-3.37,10.0,-0.74,7.21,7.03,9.23,11.12,7.77,73.86,36.32,-0.45,167.4,0.15,highly inconsistent earnings,0.25,,2.75,,127.99,3.04,57.33,-0.1,,16.66,0.22,2.22,-0.01,293.25,174.13,12.9,46.7,28.4,-64.56,0.66,0.23,5,23.0,27.5,12.0,6.0,68.5,ACCUMULATE ⭐⭐⭐,Expected ~148% CAGR (2yr) | Profit CAGR 36% | Low D/E 0.25 | Promoter 57% holding | Margin compressing ↓ ⚠️ | FCF yield 3.0%,Margin compression ↓ | Pattern still forming (not broken out),2-3 years,Medium,"yfinance, screener.in",100,268,,2026-08-01,2026-06-01,61,14.2,9,14.0
SYNCOMF,Syncom Formulations (India) Limited,Healthcare,Drug Manufacturers - Specialty & Generic,1230.0,Small-Cap,MonthlyDoubleBottom,Forming,1.0,21,Sep 21mo | Mid rally 164% | Asymmetry 7%,,Downtrend,False,False,Below-MAs,False,Stage2,6,Uptrend,Uptrend,13.87,27.9,10.21,11.79,70.31,109.73,171.23,109.73,691.1,181.3,16.16,,3.19,0.29,14.66,0.0,,,0,none,20.2,26.8,2.26,16.0,1.31,15.63,9.36,5.62,30.11,21.46,55.1,56.05,47.19,42.3,0.4,lumpy earner,0.0,,3.19,,41.05,3.34,50.57,0.0,,0.35,0.14,,,18.93,10.21,26.7,35.8,-16.19,35.55,0.45,0.73,7,40.0,16.0,12.0,0.0,68.0,ACCUMULATE ⭐⭐⭐,Expected ~181% CAGR (2yr) | Revenue CAGR 30% | Profit CAGR 56% | ROE 20% | ROCE 27% | ROCE trend rising ↑,Pattern still forming (not broken out),2-3 years,Medium,"yfinance, screener.in",100,45,,2026-08-01,2026-06-01,61,-2.0,9,-6.0
KARURVYSYA,The Karur Vysya Bank Limited,Financial Services,Banks - Regional,32759.0,Large-Cap,MonthlyDoubleBottom,Breakout Ready,1.0,35,Sep 35mo | Mid rally 115% | Asymmetry 0%,,Uptrend,True,True,Uptrend,True,Stage2,12,Uptrend,Uptrend,342.45,103.53,48.12,291.08,898.81,925.74,1889.74,1303.27,170.3,64.4,11.93,10.31,2.32,0.27,,77.0,15.98,359.44,18,strong_buy,,,,56.66,,41.31,,26.0,,,45.0,,,44.9,0.5,insufficient history,,,,,,,2.07,0.0,,17.92,-1.33,41.22,1.96,347.9,201.82,1.6,69.7,62.49,224.96,2.54,-0.07,1,21.0,28.0,9.0,10.0,68.0,ACCUMULATE ⭐⭐⭐,Expected ~64% CAGR (2yr) | Revenue CAGR 26% | Profit CAGR 45% | OPM 57% | DII buying +2.0% ↑ | Dividend growing 16%/yr,Earnings due 2026-10-16,2-3 years,Medium,"yfinance, screener.in",40,367,2026-10-16,2026-08-01,2026-06-01,61,16.8,9,4.5
3MINDIA,3M India Limited,Industrials,Conglomerates,39991.0,Large-Cap,MonthlyCupHandle,Forming,0.916,22,Cup 22mo | Depth 21% | Prior gain 23% | R²=0.97,MonthlyCupHandle+MonthlyDoubleBottom+MonthlyStage2,Uptrend,True,False,Tight-Above-MAs,True,Stage2,4,Uptrend,Uptrend,35370.0,37436.67,29755.96,30064.5,21846.44,45117.38,37473.51,28612.28,27.6,12.9,76.34,47.12,22.72,2.46,40.1,45.0,71.68,36726.0,1,none,30.5,40.5,0.09,19.0,1.34,10.26,18.76,-0.07,7.86,6.98,4.8,30.97,13.67,203.1,0.15,highly inconsistent earnings,0.1,,2.18,,459.29,1.15,75.0,0.0,,3.5,-0.02,8.16,-0.18,38030.0,28730.0,7.0,23.1,15.89,-8.2,0.3,0.27,6,38.0,26.99,-1.0,4.0,68.0,ACCUMULATE ⭐⭐⭐,Expected ~13% CAGR (2yr) | Profit CAGR 31% | ROE 30% | ROCE 40% | ROCE trend rising ↑ | Nearly debt-free,High PE 76 | Pattern still forming (not broken out),2-3 years,Medium,"yfinance, screener.in",100,289,,2026-08-01,2026-06-01,61,11.2,9,7.9
PIGL,Power & Instrumental (Gujarat) Limited,Industrials,Engineering & Construction,223.0,Micro-Cap,MonthlyDoubleBottom,Breakout Ready,1.0,18,Sep 18mo | Mid rally 153% | Asymmetry 4%,,Downtrend,False,False,Below-MAs,False,Stage2,4,Uptrend,Uptrend,102.23,92.78,35.99,86.9,246.54,383.03,595.07,383.03,274.7,93.6,23.19,,1.19,0.42,8.79,19.0,0.0,,0,none,11.0,15.5,1.2,10.0,0.8,6.59,6.86,29.59,32.57,,25.0,55.36,,29.5,0.4,lumpy earner,0.08,,2.44,,32.42,14.54,50.7,0.0,,0.0,-0.01,0.82,0.07,189.7,88.05,46.1,16.1,-33.51,145.26,1.39,0.45,5,37.0,18.0,13.0,0.0,68.0,ACCUMULATE ⭐⭐⭐,Expected ~94% CAGR (2yr) | Revenue CAGR 33% | Profit CAGR 55% | ROCE trend rising ↑ | Nearly debt-free | Promoter 51% holding,None identified,2-3 years,Medium,"yfinance, screener.in",100,99,,2026-08-01,2026-06-01,61,-1.7,9,8.0
RPTECH,Rashi Peripherals Limited,Technology,Electronics & Computer Distribution,5139.0,Small-Cap,MonthlyStage2,Breaking Out,1.0,24,10-EMA=530 | 30-EMA=412 | Above by 102.3% | MA turning=Yes,,Uptrend,True,False,Uptrend,True,Downtrend,0,Uptrend,Uptrend,833.55,412.0,259.78,708.52,1950.11,2571.42,3390.67,2571.42,208.5,75.6,18.94,,2.54,0.59,13.21,26.0,100.0,,0,none,14.7,16.8,-2.57,3.0,-0.23,1.75,5.7,14.91,18.74,21.71,34.29,31.86,15.7,64.2,0.15,highly inconsistent earnings,0.49,,1.6,,-47.2,-0.92,64.04,0.03,,3.27,2.49,12.68,-4.77,812.85,275.6,-2.5,202.4,197.82,,1.52,0.87,4,21.0,27.0,10.0,10.0,68.0,ACCUMULATE ⭐⭐⭐,Expected ~76% CAGR (2yr) | Revenue CAGR 19% | Profit CAGR 32% | Promoter 64% holding | FII buying +2.5% ↑ | Dividend growing 100%/yr,None identified,2-3 years,Medium,"yfinance, screener.in",100,30,,2026-08-01,2026-06-01,61,53.4,9,12.0
THANGAMAYL,Thangamayil Jewellery Limited,Consumer Cyclical,Luxury Goods,21467.0,Mid-Cap,MonthlyDoubleBottom,Forming,0.991,8,Sep 8mo | Mid rally 109% | Asymmetry 10%,,Sideways-Above-MA,True,False,Uptrend,True,Stage2,3,Uptrend,Uptrend,6671.5,230.34,105.16,5670.77,29601.37,82369.42,601827.91,133472.59,1134.6,251.4,60.97,44.64,15.16,0.17,40.26,26.0,45.76,5714.67,3,none,27.93,,,7.28,,4.14,10.33,105.6,,,350.9,,,354.3,0.5,insufficient history,0.65,,1.54,,-47.18,-0.22,61.61,0.0,,5.54,1.17,16.43,-0.98,7165.0,1750.1,6.9,281.2,196.7,420.3,1.02,0.5,4,29.0,21.89,7.0,10.0,67.9,ACCUMULATE ⭐⭐⭐,Expected ~251% CAGR (2yr) | Revenue CAGR 106% | Profit CAGR 351% | ROE 28% | Promoter 62% holding | FII buying +1.2% ↑,High PE 61 | Pattern still forming (not broken out),2-3 years,Medium,"yfinance, screener.in",70,198,,2026-08-01,2026-06-01,61,82.6,9,-14.0
GVT&D,GE Vernova T&D India Limited,Industrials,Specialty Industrial Machinery,106449.0,Large-Cap,MonthlyDoubleBottom,Forming,1.0,36,Sep 36mo | Mid rally 193% | Asymmetry 3%,,Sideways-Above-MA,True,False,Constructive,False,Stage2,4,Uptrend,Uptrend,4606.8,360.39,121.02,3915.78,3630.52,6085.07,12927.45,6850.8,32.1,14.9,86.2,52.15,39.56,0.97,62.33,24.0,100.0,4936.47,17,buy,18.6,,,12.0,,19.87,16.5,42.0,,,88.7,,,88.6,0.5,insufficient history,0.01,,1.33,,1180.97,1.11,51.0,0.0,,22.89,2.5,18.46,-2.93,5650.0,2356.5,18.5,95.5,66.96,1271.54,0.65,0.59,4,33.0,22.5,6.0,6.0,67.5,ACCUMULATE ⭐⭐⭐,Expected ~15% CAGR (2yr) | Revenue CAGR 42% | Profit CAGR 89% | Nearly debt-free | Promoter 51% holding | FII buying +2.5% ↑,High PE 86 | Pattern still forming (not broken out),2-3 years,Medium,"yfinance, screener.in",70,288,,2026-08-01,2026-06-01,61,5.1,9,-5.0
AGI,AGI Greenpac Limited,Consumer Cyclical,Packaging & Containers,4353.0,Small-Cap,MonthlyDoubleBottom,Forming,1.0,34,Sep 34mo | Mid rally 177% | Asymmetry 3%,MonthlyDoubleBottom+MonthlyStage2,Uptrend,True,False,Uptrend,True,Stage2,3,Uptrend,Uptrend,713.55,127.95,45.52,606.52,5818.23,9785.1,16456.59,9785.1,1271.3,270.3,12.38,10.55,1.81,0.18,7.45,104.0,11.87,,0,none,15.8,19.6,1.14,22.0,1.71,13.19,7.51,5.38,5.76,6.13,9.32,68.18,26.66,19.4,0.15,highly inconsistent earnings,0.1,,1.51,,12.41,0.29,60.39,0.0,,6.26,-0.52,1.06,-0.97,992.0,465.0,28.1,53.5,-18.61,-26.8,0.13,-0.18,6,29.0,26.5,12.0,0.0,67.5,ACCUMULATE ⭐⭐⭐,Expected ~270% CAGR (2yr) | Profit CAGR 68% | ROCE trend rising ↑ | Low D/E 0.10 | Promoter 60% holding | Piotroski F=6 (above average quality),Pattern still forming (not broken out),2-3 years,Medium,"yfinance, screener.in",100,289,,2026-08-01,2026-06-01,61,23.5,9,7.0
VADILALIND,Vadilal Industries Limited,Consumer Defensive,Packaged Foods,4823.0,Small-Cap,MonthlyStage2,Stage Change,1.0,24,10-EMA=5406 | 30-EMA=4614 | Above by 51.2% | MA turning=Yes,MonthlyDoubleBottom+MonthlyStage2,Uptrend,True,False,Uptrend,True,Stage2,15,Uptrend,Uptrend,6977.0,4614.04,3572.53,5930.45,11505.29,13496.85,15833.16,13496.85,93.4,39.1,31.06,,5.67,1.79,20.08,31.0,156.12,,0,none,20.1,22.2,2.69,17.0,1.83,10.32,10.55,21.41,12.42,26.55,3.33,17.31,98.73,149.4,0.15,highly inconsistent earnings,0.27,,3.0,,-33.59,-0.7,64.72,0.0,,1.02,0.44,1.26,0.84,6997.0,3996.0,0.3,74.6,38.66,136.31,0.37,0.07,6,25.0,26.5,6.0,10.0,67.5,ACCUMULATE ⭐⭐⭐,Expected ~39% CAGR (2yr) | ROE 20% | ROCE 22% | ROCE trend rising ↑ | Low D/E 0.27 | Promoter 65% holding,None identified,2-3 years,Medium,"yfinance, screener.in",100,182,,2026-08-01,2026-06-01,61,64.1,9,14.0
HUHTAMAKI,Huhtamaki India Limited,Consumer Cyclical,Packaging & Containers,2407.0,Small-Cap,MonthlyDoubleBottom,Forming,1.0,48,Sep 48mo | Mid rally 207% | Asymmetry 4%,MonthlyDoubleBottom+MonthlyStage2,Uptrend,True,False,Uptrend,True,Stage2,3,Uptrend,Uptrend,220.23,442.79,141.24,187.2,614.59,744.34,817.6,708.86,238.0,83.8,17.64,16.26,1.86,1.15,9.92,63.0,0.0,265.0,1,none,13.0,17.6,0.0,11.0,0.3,5.22,4.81,6.92,26.11,,12.66,15.34,,75.3,0.75,consistent growth,0.11,,2.2,,68.77,2.86,67.73,0.0,,0.66,-0.68,1.03,-0.11,320.78,148.6,31.3,48.2,4.15,-38.94,0.37,-0.09,6,28.0,26.5,8.0,5.0,67.5,ACCUMULATE ⭐⭐⭐,Expected ~84% CAGR (2yr) | Revenue CAGR 26% | Low D/E 0.11 | Promoter 68% holding | EPS: consistent growth | Piotroski F=6 (above average quality),Pattern still forming (not broken out),2-3 years,Medium,"yfinance, screener.in",100,289,,2026-08-01,2026-06-01,61,34.5,9,19.0
GMBREW,G.M. Breweries Limited,Consumer Defensive,Beverages - Wineries & Distilleries,2066.0,Small-Cap,MonthlyDoubleBottom,Forming,1.0,24,Sep 24mo | Mid rally 196% | Asymmetry 7%,MonthlyCupHandle+MonthlyDoubleBottom,Downtrend,False,False,Below-MAs,False,Stage2,15,Uptrend,Uptrend,939.85,727.29,237.38,798.87,6483.94,9460.07,13802.24,9460.07,906.6,217.3,12.26,14.91,1.92,0.27,10.66,100.0,23.31,,0,none,12.5,18.0,,24.0,6.0,8.88,,17.43,,,21.71,,,45.9,0.5,insufficient history,0.03,,,,,,74.43,0.0,,0.61,-0.58,0.0,-0.01,1328.8,666.05,29.3,41.1,40.02,75.1,0.23,0.29,2,33.0,16.5,12.0,6.0,67.5,ACCUMULATE ⭐⭐⭐,Expected ~217% CAGR (2yr) | Revenue CAGR 26% | Profit CAGR 46% | Nearly debt-free | Promoter 74% holding | Dividend growing 23%/yr,Pattern still forming (not broken out),2-3 years,Medium,"yfinance, screener.in",60,289,,2026-08-01,2026-06-01,61,3.6,9,32.0
HINDZINC,Hindustan Zinc Limited,Basic Materials,Other Industrial Metals & Mining,224766.0,Large-Cap,MonthlyCupHandle,Forming,0.909,24,Cup 24mo | Depth 32% | Prior gain 63% | R²=0.95,MonthlyCupHandle+MonthlyDoubleBottom,Downtrend,False,False,Below-MAs,False,Stage2,1,Uptrend,Uptrend,534.05,665.61,449.98,453.94,1138.78,1148.17,1926.03,1480.99,115.0,46.6,13.17,12.11,9.93,0.44,,395.0,-40.42,648.93,15,buy,76.6,69.5,7.7,56.0,0.51,37.59,,14.63,17.4,9.72,23.39,30.05,12.13,144.8,0.15,highly inconsistent earnings,0.39,,,,,,60.71,0.0,,2.2,-0.19,4.96,0.12,733.0,413.5,27.1,29.2,30.61,61.8,0.18,,3,36.0,15.41,10.0,6.0,67.4,ACCUMULATE ⭐⭐⭐,Expected ~47% CAGR (2yr) | Revenue CAGR 17% | Profit CAGR 30% | ROE 77% | ROCE 70% | ROCE trend rising ↑,Earnings due 2026-10-23 | Pattern still forming (not broken out),2-3 years,Medium,"yfinance, screener.in",80,288,2026-10-23,2026-08-01,2026-06-01,61,-15.6,9,0.5
INDOTHAI,Indo Thai Securities Limited,Financial Services,Capital Markets,2782.0,Small-Cap,MonthlyDoubleBottom,Forming,0.878,30,Sep 30mo | Mid rally 95% | Asymmetry 7%,,Downtrend,False,False,Below-MAs,False,Stage2,12,Uptrend,Uptrend,217.97,47.7,23.57,185.27,195.84,325.71,541.68,325.71,49.4,22.2,39.98,,9.78,0.6,,9.0,0.0,,0,none,28.6,34.6,0.66,83.0,19.29,63.75,,5.77,52.53,40.63,4.55,66.31,47.15,28.6,0.15,highly inconsistent earnings,0.08,,,,,,56.07,-0.43,,1.28,0.06,0.46,-0.03,466.35,143.65,53.3,51.7,39.51,816.9,0.78,1.31,3,40.0,15.04,6.0,6.0,67.0,ACCUMULATE ⭐⭐⭐,Expected ~22% CAGR (2yr) | Revenue CAGR 53% | Profit CAGR 66% | ROE 29% | ROCE 35% | ROCE trend rising ↑,Pattern still forming (not broken out),2-3 years,Medium,"yfinance, screener.in",80,177,,2026-08-01,2026-06-01,61,-18.8,9,-2.0
WEBELSOLAR,Websol Energy System Limited,Technology,Solar,4332.0,Small-Cap,MonthlyDoubleBottom,Forming,1.0,20,Sep 20mo | Mid rally 263% | Asymmetry 4%,MonthlyDoubleBottom+MonthlyStage2,Sideways-Above-MA,True,False,Constructive,False,Downtrend,0,Uptrend,Uptrend,99.65,186.5,50.4,84.7,572.26,1398.04,3415.41,1398.04,1303.0,274.6,14.29,,7.16,0.1,10.49,0.0,0.0,,0,none,66.9,63.2,,41.0,-3.0,28.87,31.73,82.43,,,95.48,,,157.9,0.5,insufficient history,0.21,,2.94,,-57.61,-1.33,29.72,0.0,,3.74,-0.38,0.43,0.11,157.3,50.4,36.6,97.7,-24.2,720.92,0.16,0.27,4,34.0,21.0,12.0,0.0,67.0,ACCUMULATE ⭐⭐⭐,Expected ~275% CAGR (2yr) | Revenue CAGR 132% | Profit CAGR 144% | ROE 67% | ROCE 63% | Low D/E 0.21,Margin compression ↓ | Pattern still forming (not broken out),2-3 years,Medium,"yfinance, screener.in",80,231,,2026-08-01,2026-06-01,61,-5.6,9,-1.5
BLS,BLS International Services Limited,Industrials,Specialty Business Services,9613.0,Mid-Cap,MonthlyDoubleBottom,Forming,1.0,11,Sep 11mo | Mid rally 150% | Asymmetry 3%,,Downtrend,False,False,Below-MAs,False,Stage2,4,Uptrend,Uptrend,237.15,69.59,27.34,201.58,927.04,1414.02,2156.8,1414.02,496.3,144.2,14.05,10.87,3.9,0.27,10.81,128.0,38.67,330.0,1,none,32.7,29.3,3.57,27.0,4.2,22.9,13.79,36.71,25.52,44.37,34.07,52.53,70.67,31.6,0.75,consistent growth,0.15,,2.91,,448.12,4.66,70.39,0.0,,4.14,-2.0,3.1,0.11,414.9,218.9,42.8,8.3,-33.79,-42.14,0.28,-0.25,7,40.0,15.0,12.0,0.0,67.0,ACCUMULATE ⭐⭐⭐,Expected ~144% CAGR (2yr) | Revenue CAGR 26% | Profit CAGR 53% | ROE 33% | ROCE 29% | ROCE trend rising ↑,Pattern still forming (not broken out),2-3 years,Medium,"yfinance, screener.in",100,122,,2026-08-01,2026-06-01,61,-9.5,9,0.0
MANORAMA,Manorama Industries Limited,Consumer Defensive,Packaged Foods,10008.0,Mid-Cap,None,,0.0,0,,,Uptrend,True,False,Tight-Above-MAs,True,Stage2,15,Uptrend,Uptrend,1604.5,,,1363.83,2430.62,2683.36,4203.09,3196.27,67.2,29.3,44.05,29.71,13.88,1.4,27.05,4.0,50.0,1914.0,3,strong_buy,39.4,35.0,,26.0,2.0,16.46,19.22,77.3,,,104.55,,,31.0,0.5,insufficient history,0.52,,1.97,,119.05,1.19,54.32,0.0,,3.22,0.33,2.63,-0.37,1760.0,1060.6,8.8,51.3,19.34,297.06,,0.17,6,40.0,15.0,8.0,4.0,67.0,ACCUMULATE ⭐⭐⭐,Expected ~29% CAGR (2yr) | Revenue CAGR 68% | Profit CAGR 32% | ROE 39% | ROCE 35% | Promoter 54% holding,None identified,2-3 years,Medium,"yfinance, screener.in",80,49,,2026-08-01,2026-06-01,61,17.0,9,10.0
NEULANDLAB,Neuland Laboratories Limited,Healthcare,Drug Manufacturers - Specialty & Generic,23794.0,Mid-Cap,MonthlyCupHandle,Forming,0.742,19,Cup 19mo | Depth 31% | Prior gain 121% | R²=0.97,MonthlyCupHandle+MonthlyDoubleBottom,Uptrend,True,False,Tight-Above-MAs,True,Stage2,6,Uptrend,Uptrend,19202.0,19033.53,13107.61,16321.7,19245.07,24959.45,32744.71,25103.28,30.0,14.0,65.36,40.77,12.69,2.15,449.65,18.0,50.37,21222.0,4,strong_buy,21.2,26.5,3.26,29.0,2.66,2.29,,36.97,19.31,16.64,40.0,30.44,35.06,664.8,0.15,highly inconsistent earnings,0.16,,1.42,,,,32.62,-0.01,,21.08,0.62,16.52,0.68,20089.0,11500.0,4.4,67.0,43.61,370.51,0.59,-0.32,3,34.0,24.9,0.0,8.0,66.9,ACCUMULATE ⭐⭐⭐,Expected ~14% CAGR (2yr) | Revenue CAGR 19% | Profit CAGR 30% | ROE 21% | ROCE 26% | ROCE trend rising ↑,High PE 65 | Pattern still forming (not broken out),2-3 years,Medium,"yfinance, screener.in",80,214,,2026-08-01,2026-06-01,61,14.4,9,3.1
CARERATING,CARE Ratings Limited,Financial Services,Financial Data & Stock Exchanges,5055.0,Small-Cap,MonthlyDoubleBottom,Forming,0.925,14,Sep 14mo | Mid rally 93% | Asymmetry 1%,,Uptrend,True,False,Tight-Above-MAs,True,Stage2,12,Uptrend,Uptrend,1651.6,708.57,364.76,1403.86,1530.9,1943.78,2468.02,1943.78,17.7,8.5,29.59,21.48,5.41,1.1,23.52,131.0,-24.09,2130.0,1,none,19.7,26.3,1.54,42.0,0.97,36.18,11.09,17.66,19.24,13.78,24.29,26.97,13.84,24.0,0.15,highly inconsistent earnings,0.03,,5.75,,132.32,2.62,,,,23.41,0.16,31.58,0.2,1838.0,1392.7,10.1,18.6,7.11,79.81,0.23,0.34,7,34.0,26.6,3.0,3.0,66.6,ACCUMULATE ⭐⭐⭐,Expected ~8% CAGR (2yr) | Revenue CAGR 19% | Profit CAGR 27% | ROCE 26% | ROCE trend rising ↑ | Nearly debt-free,Pattern still forming (not broken out),2-3 years,Medium,"yfinance, screener.in",90,164,,2026-08-01,2026-06-01,61,-6.0,9,6.0
HINDCOPPER,Hindustan Copper Limited,Basic Materials,Copper,46722.0,Large-Cap,MonthlyStage2,Stage Change,1.0,24,10-EMA=476 | 30-EMA=365 | Above by 35.8% | MA turning=Yes,MonthlyDoubleBottom+MonthlyStage2,Downtrend,False,False,Constructive,False,Stage2,1,Uptrend,Uptrend,495.4,364.84,200.96,421.09,307.94,528.72,656.85,449.75,6.7,3.3,50.75,23.92,13.99,1.1,31.51,51.0,2.82,715.0,1,none,32.9,42.5,5.66,48.0,4.34,29.84,19.92,48.62,22.44,11.49,97.63,46.05,52.89,137.4,0.15,highly inconsistent earnings,0.03,,1.68,,864.71,1.85,66.14,0.0,,5.96,-0.38,4.84,-0.55,760.05,226.7,34.8,118.5,117.84,191.85,0.08,1.42,7,40.0,17.5,3.0,6.0,66.5,ACCUMULATE ⭐⭐⭐,Expected ~3% CAGR (2yr) | Revenue CAGR 22% | Profit CAGR 46% | ROE 33% | ROCE 42% | ROCE trend rising ↑,High PE 51,2-3 years,Medium,"yfinance, screener.in",100,199,,2026-08-01,2026-06-01,61,-13.0,9,-9.0
GPTINFRA,GPT Infraprojects Limited,Industrials,Engineering & Construction,1471.0,Small-Cap,MonthlyStage2,Stage Change,1.0,24,10-EMA=117 | 30-EMA=107 | Above by 15.9% | MA turning=Yes,MonthlyCupHandle+MonthlyStage2,Sideways-Above-MA,True,False,Constructive,False,Stage2,4,Uptrend,Uptrend,123.87,106.87,89.91,105.29,435.6,644.12,952.46,644.12,420.0,128.0,15.14,,2.44,0.32,9.95,344.0,0.0,,0,none,17.3,21.4,1.91,14.0,-0.06,7.54,8.19,8.59,16.83,16.2,31.08,47.87,37.14,31.5,0.4,lumpy earner,0.5,,1.59,,-62.06,-4.22,69.37,0.0,,2.96,0.24,7.03,0.0,150.0,96.22,17.4,28.7,13.75,197.84,0.14,-0.12,5,29.0,22.5,12.0,3.0,66.5,ACCUMULATE ⭐⭐⭐,Expected ~128% CAGR (2yr) | Revenue CAGR 17% | Profit CAGR 48% | ROCE 21% | ROCE trend rising ↑ | Promoter 69% holding,None identified,2-3 years,Medium,"yfinance, screener.in",100,121,,2026-08-01,2026-06-01,61,5.7,9,-3.2
BBTC,The Bombay Burmah Trading Corporation Limited,Consumer Defensive,Packaged Foods,10174.0,Mid-Cap,MonthlyDoubleBottom,Forming,1.0,27,Sep 27mo | Mid rally 129% | Asymmetry 6%,,Downtrend,False,False,Below-MAs,False,Stage2,15,Uptrend,Uptrend,1521.3,2919.66,1235.21,1293.11,15642.22,22781.34,33178.74,22781.34,1397.5,287.0,8.19,3.9,1.44,0.18,3.18,233.0,141.97,,0,none,18.7,33.0,3.34,18.0,1.0,6.26,15.56,6.78,5.54,7.84,13.64,45.64,14.32,43.8,0.15,highly inconsistent earnings,0.17,,1.19,,2027.28,19.93,74.04,0.0,,9.46,-0.02,1.04,-0.42,2135.0,1314.6,28.7,15.7,-11.52,29.86,0.11,0.61,5,37.0,16.5,13.0,0.0,66.5,ACCUMULATE ⭐⭐⭐,Expected ~287% CAGR (2yr) | Profit CAGR 46% | ROCE 33% | ROCE trend rising ↑ | Low D/E 0.17 | Promoter 74% holding,Pattern still forming (not broken out),2-3 years,Medium,"yfinance, screener.in",100,289,,2026-08-01,2026-06-01,61,-0.5,9,-3.0
SANDHAR,Sandhar Technologies Limited,Consumer Cyclical,Auto Parts,3584.0,Small-Cap,MonthlyStage2,Stage Change,1.0,24,10-EMA=570 | 30-EMA=498 | Above by 25.0% | MA turning=Yes,MonthlyDoubleBottom+MonthlyStage2,Sideways-Above-MA,True,False,Constructive,False,Stage2,3,Uptrend,Uptrend,622.2,497.61,341.35,528.87,2622.98,3647.52,5072.24,3647.52,486.2,142.1,17.99,14.14,2.68,0.46,10.68,59.0,15.87,854.0,2,none,16.2,14.4,1.14,9.0,0.09,4.09,4.87,24.92,18.59,21.09,40.14,39.06,27.96,49.8,0.4,lumpy earner,0.86,,0.94,,-142.16,-3.97,70.38,0.0,,2.09,1.32,14.82,-2.57,763.2,405.2,18.5,53.6,45.56,37.34,0.38,0.57,5,25.0,22.5,12.0,7.0,66.5,ACCUMULATE ⭐⭐⭐,Expected ~142% CAGR (2yr) | Revenue CAGR 19% | Profit CAGR 39% | ROCE trend rising ↑ | Promoter 70% holding | Piotroski F=5 (above average quality),None identified,2-3 years,Medium,"yfinance, screener.in",100,100,,2026-08-01,2026-06-01,61,21.7,9,-1.0
SKIPPER,Skipper Limited,Industrials,Engineering & Construction,5969.0,Small-Cap,MonthlyStage2,Stage Change,1.0,24,10-EMA=484 | 30-EMA=421 | Above by 32.7% | MA turning=Yes,MonthlyDoubleBottom+MonthlyStage2,Sideways-Above-MA,True,False,Constructive,False,Stage2,4,Uptrend,Uptrend,558.3,420.74,334.35,474.55,1297.6,2346.97,4244.96,2346.97,320.4,105.0,28.02,17.28,3.98,0.35,11.95,2.0,0.78,565.0,2,none,16.5,23.3,3.46,10.0,0.14,3.84,7.77,20.09,41.02,28.55,42.95,80.87,58.94,62.9,0.4,lumpy earner,0.64,,1.3,,-309.44,-5.18,66.5,0.0,,4.11,-1.96,1.92,0.26,593.0,327.05,5.9,70.7,9.76,137.07,0.59,0.64,5,29.0,22.5,12.0,3.0,66.5,ACCUMULATE ⭐⭐⭐,Expected ~105% CAGR (2yr) | Revenue CAGR 41% | Profit CAGR 81% | ROCE 23% | ROCE trend rising ↑ | Promoter 66% holding,None identified,2-3 years,Medium,"yfinance, screener.in",100,135,,2026-08-01,2026-06-01,61,19.6,9,-1.0
SKMEGGPROD,SKM Egg Products Export (India) Limited,Consumer Defensive,Packaged Foods,1712.0,Small-Cap,MonthlyDoubleBottom,Forming,1.0,22,Sep 22mo | Mid rally 174% | Asymmetry 3%,,Sideways-Above-MA,True,False,Constructive,False,Stage2,15,Uptrend,Uptrend,352.95,64.65,23.29,300.01,963.42,1069.59,1187.45,1069.59,203.0,74.1,16.48,,4.32,1.5,10.29,23.0,44.22,,0,none,29.7,30.0,2.49,21.0,1.8,13.51,17.0,54.22,5.08,23.35,197.14,11.02,45.41,414.4,0.15,highly inconsistent earnings,0.36,,2.86,,16.81,0.98,57.47,0.0,,1.29,0.8,0.21,-0.15,372.0,143.1,5.1,146.6,91.68,22.3,0.72,-0.14,6,28.0,22.0,8.0,8.0,66.0,ACCUMULATE ⭐⭐⭐,Expected ~74% CAGR (2yr) | ROE 30% | ROCE 30% | ROCE trend rising ↑ | Promoter 57% holding | Piotroski F=6 (above average quality),Pattern still forming (not broken out),2-3 years,Medium,"yfinance, screener.in",100,289,,2026-08-01,2026-06-01,61,80.9,9,-2.0
BHARTIARTL,Bharti Airtel Limited,Communication Services,Telecom Services,1184222.0,Large-Cap,MonthlyDoubleBottom,Forming,1.0,19,Sep 19mo | Mid rally 110% | Asymmetry 5%,,Sideways-Above-MA,True,False,Constructive,True,Downtrend,0,Uptrend,Uptrend,1920.4,429.14,200.07,1632.34,1889.48,2506.65,3711.32,2648.11,30.5,14.2,42.73,23.23,7.75,1.06,12.52,124.0,81.71,2294.45,33,strong_buy,20.3,17.6,1.77,55.0,1.46,12.65,7.88,21.96,14.88,15.96,-9.76,40.15,82.12,-33.5,0.15,highly inconsistent earnings,1.0,,0.52,,50896.0,4.3,50.07,1.2,,26.48,-1.31,20.64,0.11,2174.5,1740.5,11.7,10.3,2.57,102.69,0.3,0.02,6,33.0,21.0,9.0,3.0,66.0,ACCUMULATE ⭐⭐⭐,Expected ~14% CAGR (2yr) | Profit CAGR 40% | ROE 20% | ROCE trend rising ↑ | Promoter 50% holding | Promoters buying ↑,Earnings due 2026-08-04 | Pattern still forming (not broken out),2-3 years,Medium,"yfinance, screener.in",100,289,2026-08-04,2026-08-01,2026-06-01,61,0.4,9,5.0
PANSARI,Pansari Developers Limited,Real Estate,Real Estate - Development,620.0,Small-Cap,MonthlyDoubleBottom,Breakout Ready,0.963,14,Sep 14mo | Mid rally 106% | Asymmetry 10%,,Uptrend,True,False,Tight-Above-MAs,True,Stage2,3,Uptrend,Uptrend,329.85,152.0,70.2,280.37,821.06,1768.9,3810.92,1768.9,436.3,131.6,31.16,,4.02,0.27,44.01,0.0,,,0,none,13.8,12.5,1.11,15.0,0.0,20.7,1.73,140.0,61.01,21.67,150.0,115.44,37.97,53.1,0.15,highly inconsistent earnings,0.65,,1.15,,-12.13,-1.96,73.88,0.0,,,,,,388.9,230.79,15.2,42.9,20.43,150.07,11.77,-0.44,3,23.0,30.0,7.0,6.0,66.0,ACCUMULATE ⭐⭐⭐,Expected ~132% CAGR (2yr) | Revenue CAGR 61% | Profit CAGR 115% | ROCE trend rising ↑ | Promoter 74% holding | PEG 0.27 — deeply undervalued,None identified,2-3 years,Medium,"yfinance, screener.in",100,113,,2026-08-01,2026-06-01,61,27.6,9,9.9
AUROPHARMA,Aurobindo Pharma Limited,Healthcare,Drug Manufacturers - Specialty & Generic,88148.0,Large-Cap,MonthlyStage2,Stage Change,1.0,24,10-EMA=1370 | 30-EMA=1208 | Above by 29.5% | MA turning=Yes,MonthlyCupHandle+MonthlyDoubleBottom+MonthlyStage2,Uptrend,True,False,Tight-Above-MAs,True,Stage2,6,Uptrend,Uptrend,1564.7,1207.85,1024.06,1329.99,3461.03,3162.22,5153.08,4223.14,102.1,42.2,25.38,16.95,2.35,1.15,12.61,26.0,-12.64,1570.83,29,buy,10.1,12.8,-0.49,20.0,0.17,10.41,5.86,6.08,10.63,6.32,0.55,22.02,-8.07,2.0,0.15,highly inconsistent earnings,0.21,,1.81,,1318.53,1.5,51.88,0.06,,16.38,1.14,25.05,-0.77,1636.8,1016.1,4.4,54.0,53.69,64.34,0.28,0.02,6,20.0,28.5,9.0,8.0,65.5,ACCUMULATE ⭐⭐⭐,Expected ~42% CAGR (2yr) | Profit CAGR 22% | Low D/E 0.21 | Promoter 52% holding | Piotroski F=6 (above average quality) | FII buying +1.1% ↑,Earnings due 2026-08-04,2-3 years,Medium,"yfinance, screener.in",100,367,2026-08-04,2026-08-01,2026-06-01,61,3.4,9,3.0
SUNPHARMA,Sun Pharmaceutical Industries Limited,Healthcare,Drug Manufacturers - Specialty & Generic,465735.0,Large-Cap,MonthlyDoubleBottom,Forming,1.0,32,Sep 32mo | Mid rally 113% | Asymmetry 4%,,Uptrend,True,False,Tight-Above-MAs,True,Stage2,6,Uptrend,Uptrend,1955.4,1099.65,505.12,1662.09,2142.6,2243.45,2619.49,2369.08,14.7,7.1,40.65,30.2,5.57,3.85,26.8,82.0,11.64,2055.0,34,buy,16.0,20.5,1.43,28.0,0.6,19.64,8.47,11.19,10.03,11.78,4.96,10.57,38.33,26.2,0.15,highly inconsistent earnings,0.06,,2.82,,5948.38,1.28,54.48,0.0,,14.54,-1.4,22.06,1.06,1966.5,1548.0,0.6,26.3,24.33,54.57,0.32,0.08,7,28.0,28.5,1.0,8.0,65.5,ACCUMULATE ⭐⭐⭐,Expected ~7% CAGR (2yr) | ROCE 20% | ROCE trend rising ↑ | Nearly debt-free | Promoter 54% holding | OPM 28%,Earnings due 2026-07-31 | Pattern still forming (not broken out),2-3 years,Medium,"yfinance, screener.in",100,367,2026-07-31,2026-08-01,2026-06-01,61,3.9,9,3.0
ZENSARTECH,Zensar Technologies Limited,Technology,Information Technology Services,11471.0,Mid-Cap,MonthlyDoubleBottom,Forming,1.0,46,Sep 46mo | Mid rally 195% | Asymmetry 7%,,Sideways,False,False,Below-MAs,True,Downtrend,0,Uptrend,Uptrend,518.6,548.62,179.94,440.81,1545.54,1463.93,2741.72,2058.5,182.3,68.0,15.02,13.1,2.43,0.45,10.3,297.0,44.22,572.08,12,buy,17.3,22.8,0.57,16.0,-0.09,13.62,9.04,7.69,5.46,8.51,19.23,33.19,20.35,19.4,0.15,highly inconsistent earnings,0.02,,3.52,,771.32,6.72,49.0,-0.01,,10.73,0.22,21.98,-1.68,868.95,423.0,40.3,22.6,-31.35,-24.16,15.37,0.12,5,34.0,18.5,13.0,0.0,65.5,ACCUMULATE ⭐⭐⭐,Expected ~68% CAGR (2yr) | Profit CAGR 33% | ROCE 23% | ROCE trend rising ↑ | Nearly debt-free | FCF yield 6.7%,Pattern still forming (not broken out),2-3 years,Medium,"yfinance, screener.in",100,289,,2026-08-01,2026-06-01,61,5.0,9,12.0
GABRIEL,Gabriel India Limited,Consumer Cyclical,Auto Parts,24165.0,Mid-Cap,MonthlyDoubleBottom,Forming,1.0,29,Sep 29mo | Mid rally 110% | Asymmetry 7%,,Uptrend,True,True,Tight-Above-MAs,True,Stage2,3,Uptrend,Uptrend,1250.8,29.47,13.58,1063.18,968.75,1355.72,1517.79,1212.58,8.4,4.1,76.9,34.01,14.33,3.06,53.42,35.0,36.67,1570.43,7,buy,34.7,40.4,12.0,9.0,-0.0,5.24,,-1.53,14.92,,-18.75,25.17,,73.2,0.15,highly inconsistent earnings,0.11,,,,,,63.55,8.53,,6.35,-0.23,12.92,-3.36,1519.9,795.7,17.7,57.2,9.9,279.18,0.21,0.68,2,32.0,28.5,2.0,3.0,65.5,ACCUMULATE ⭐⭐⭐,Expected ~4% CAGR (2yr) | Profit CAGR 25% | ROE 35% | ROCE 40% | ROCE trend rising ↑ | Low D/E 0.11,High PE 77 | Pattern still forming (not broken out),2-3 years,Medium,"yfinance, screener.in",80,256,,2026-08-01,2026-06-01,61,14.2,9,18.0
CLSEL,Chaman Lal Setia Exports Ltd.,Consumer Defensive,Packaged Foods,1391.0,Small-Cap,MonthlyCupHandle,Forming,0.819,12,Cup 12mo | Depth 24% | Prior gain 22% | R²=0.99,MonthlyCupHandle+MonthlyStage2,Sideways-Above-MA,True,False,Constructive,False,Stage2,15,Uptrend,Uptrend,288.0,364.37,277.5,263.62,2344.53,3662.15,5720.28,3662.15,1171.6,256.6,12.11,,1.66,0.22,8.58,89.0,75.0,,0,none,14.61,,,11.85,,7.97,9.47,16.5,,,56.2,,,55.9,0.5,insufficient history,0.1,,6.94,,95.41,6.86,74.05,0.0,,3.3,0.22,1.57,-0.01,332.0,203.75,13.3,41.3,4.81,18.8,0.14,0.43,4,32.0,19.33,12.0,2.0,65.3,ACCUMULATE ⭐⭐⭐,Expected ~257% CAGR (2yr) | Revenue CAGR 16% | Profit CAGR 56% | Nearly debt-free | Promoter 74% holding | FCF yield 6.9%,Pattern still forming (not broken out),2-3 years,Medium,"yfinance, screener.in",70,63,,2026-08-01,2026-06-01,61,11.5,9,0.6
AUBANK,AU Small Finance Bank Limited,Financial Services,Banks - Regional,75166.0,Large-Cap,MonthlyDoubleBottom,Forming,0.647,39,Sep 39mo | Mid rally 71% | Asymmetry 6%,,Uptrend,True,False,Uptrend,True,Stage2,12,Uptrend,Uptrend,1072.1,811.12,460.2,911.28,1585.12,2305.76,6097.5,3108.91,115.1,46.7,28.65,16.6,3.76,0.3,,9.0,25.99,1101.04,28,buy,22.3,12.4,,35.55,,21.37,,18.49,28.91,,208.5,96.13,,65.2,0.4,lumpy earner,,,,,,,22.74,-0.02,,35.98,-1.29,32.81,1.51,1090.4,682.15,1.7,57.2,50.21,22.86,0.31,,1,26.0,22.26,9.0,8.0,65.3,ACCUMULATE ⭐⭐⭐,Expected ~47% CAGR (2yr) | Revenue CAGR 29% | Profit CAGR 96% | ROE 22% | OPM 36% | DII buying +1.5% ↑,Earnings due 2026-07-25 | Pattern still forming (not broken out),2-3 years,Medium,"yfinance, screener.in",70,109,2026-07-25,2026-08-01,2026-06-01,61,10.3,9,1.0
PIDILITIND,Pidilite Industries Limited,Basic Materials,Specialty Chemicals,159885.0,Large-Cap,MonthlyStage2,Stage Change,0.888,24,10-EMA=1492 | 30-EMA=1438 | Above by 13.3% | MA turning=Yes,MonthlyDoubleBottom+MonthlyStage2,Uptrend,True,True,Uptrend,True,Stage2,1,Uptrend,Uptrend,1629.9,1438.31,1285.0,1385.41,668.98,1591.62,1032.27,831.0,,,65.37,51.64,14.76,2.7,45.48,73.0,27.87,1652.9,21,buy,23.9,31.0,1.03,24.0,0.63,16.77,13.35,11.12,7.36,14.89,17.89,24.22,17.02,37.2,0.4,lumpy earner,0.04,,2.38,,1842.11,1.15,69.24,-0.08,,11.69,-0.06,9.81,0.25,1626.7,1259.0,-0.2,29.5,7.77,5.44,1.43,0.36,6,35.0,25.16,0.0,5.0,65.2,ACCUMULATE ⭐⭐⭐,Profit CAGR 24% | ROE 24% | ROCE 31% | ROCE trend rising ↑ | Nearly debt-free | Promoter 69% holding,High PE 65 | Earnings due 2026-08-04,2-3 years,Medium,"yfinance, screener.in",100,289,2026-08-04,2026-08-01,2026-06-01,61,12.0,9,16.2
GODFRYPHLP,Godfrey Phillips India Limited,Consumer Defensive,Tobacco,33218.0,Large-Cap,MonthlyDoubleBottom,Forming,1.0,7,Sep 7mo | Mid rally 112% | Asymmetry 10%,MonthlyDoubleBottom+MonthlyStage2,Downtrend,False,False,Below-MAs,False,Stage2,15,Uptrend,Uptrend,2115.3,439.44,197.7,1798.01,6343.51,8264.95,10768.41,8264.95,290.7,97.7,21.79,19.0,5.35,0.72,20.74,174.0,58.27,,0,none,26.6,32.8,3.37,25.0,0.29,23.88,11.97,13.9,21.51,20.41,42.35,30.29,32.33,86.7,0.75,consistent growth,0.04,,2.44,,44.89,0.14,72.58,0.0,,7.8,-0.11,3.66,0.38,3947.0,1832.1,46.4,15.5,-40.79,183.62,0.07,0.3,7,40.0,15.0,10.0,0.0,65.0,ACCUMULATE ⭐⭐⭐,Expected ~98% CAGR (2yr) | Revenue CAGR 22% | Profit CAGR 30% | ROE 27% | ROCE 33% | ROCE trend rising ↑,Pattern still forming (not broken out),2-3 years,Medium,"yfinance, screener.in",100,331,,2026-08-01,2026-06-01,61,-9.6,9,-2.0
SAKSOFT,Saksoft Limited,Technology,Information Technology Services,2152.0,Small-Cap,MonthlyDoubleBottom,Breakout Ready,1.0,19,Sep 19mo | Mid rally 307% | Asymmetry 2%,,Sideways-Above-MA,True,False,Constructive,True,Downtrend,0,Uptrend,Uptrend,177.85,15.03,3.66,151.17,424.68,498.95,586.22,498.95,180.5,67.5,16.53,4.93,2.76,0.95,10.88,59.0,17.8,,0,none,19.6,25.5,-0.11,19.0,0.43,13.23,10.48,14.04,14.78,21.14,22.02,17.49,24.2,19.7,0.75,consistent growth,0.06,,2.17,,85.43,3.97,66.72,0.0,,2.18,-0.22,0.01,0.01,229.68,107.59,22.6,65.3,-14.89,-55.55,4.19,0.31,6,32.0,23.0,10.0,0.0,65.0,ACCUMULATE ⭐⭐⭐,Expected ~68% CAGR (2yr) | ROCE 26% | Nearly debt-free | Promoter 67% holding | FCF yield 4.0% | EPS: consistent growth,None identified,2-3 years,Medium,"yfinance, screener.in",100,255,,2026-08-01,2026-06-01,61,23.5,9,1.0
SPECTRUM,SPECTRUM ELECTRIC IND LTD,Industrials,Electrical Equipment & Parts,3585.0,Small-Cap,MonthlyStage2,Breaking Out,1.0,24,10-EMA=1596 | 30-EMA=1490 | Above by 29.0% | MA turning=Yes,MonthlyCupHandle+MonthlyDoubleBottom+MonthlyStage2,Uptrend,True,True,Uptrend,True,Stage2,4,Uptrend,Uptrend,1921.6,1489.77,1206.2,1633.36,1514.09,2672.68,4717.81,2672.68,39.1,17.9,80.65,,14.64,1.05,47.61,0.0,,,0,none,20.4,16.8,1.4,15.0,0.77,8.45,7.59,30.85,27.63,28.35,76.0,76.52,48.96,95.5,0.15,highly inconsistent earnings,1.02,,1.34,,-82.7,-2.31,72.72,0.0,,3.63,-1.31,0.36,0.02,2394.5,1050.0,19.7,83.0,27.48,74.45,4.85,0.21,5,26.0,28.0,3.0,8.0,65.0,ACCUMULATE ⭐⭐⭐,Expected ~18% CAGR (2yr) | Revenue CAGR 28% | Profit CAGR 77% | ROE 20% | ROCE trend rising ↑ | Promoter 73% holding,High D/E 1.0 | High PE 81,2-3 years,Medium,"yfinance, screener.in",100,94,,2026-08-01,2026-06-01,61,33.6,9,14.8
DCBBANK,DCB Bank Limited,Financial Services,Banks - Regional,5998.0,Small-Cap,MonthlyDoubleBottom,Forming,1.0,22,Sep 22mo | Mid rally 152% | Asymmetry 1%,,Uptrend,True,False,Tight-Above-MAs,True,Stage2,12,Uptrend,Uptrend,188.67,72.77,28.63,160.37,660.84,616.19,1158.44,874.95,226.6,80.7,8.16,5.44,0.92,0.25,,78.0,5.07,228.06,17,strong_buy,,,,34.86,,25.28,,17.4,,,32.4,,,35.6,0.5,insufficient history,,,,,,,16.22,-0.01,,13.48,0.84,32.28,-0.52,205.9,119.51,8.4,57.9,55.08,39.15,0.19,,1,17.0,28.0,12.0,8.0,65.0,ACCUMULATE ⭐⭐⭐,Expected ~81% CAGR (2yr) | Revenue CAGR 17% | Profit CAGR 32% | OPM 35% | FII buying +0.8% ↑ | PEG 0.25 — deeply undervalued,Pattern still forming (not broken out),2-3 years,Medium,"yfinance, screener.in",40,238,,2026-08-01,2026-06-01,61,6.6,9,15.0
SIGNPOST,Signpost India Limited,Communication Services,Advertising Agencies,1654.0,Small-Cap,MonthlyStage2,Breaking Out,1.0,24,10-EMA=266 | 30-EMA=276 | Above by 16.2% | MA turning=Yes,MonthlyDoubleBottom+MonthlyStage2,Sideways-Above-MA,True,False,Tight-Above-MAs,True,Downtrend,0,Uptrend,Uptrend,321.3,276.39,196.4,273.11,516.15,650.29,819.31,650.29,102.4,42.3,23.53,,5.73,0.91,12.49,16.0,0.0,,0,none,27.6,24.9,0.0,25.0,1.1,12.17,10.68,27.15,19.56,,105.88,25.99,,2128.8,0.15,highly inconsistent earnings,0.7,,1.26,,-79.06,-4.78,60.38,0.0,,0.23,0.14,0.02,0.0,336.8,191.41,4.6,67.9,18.04,,6.76,0.82,4,26.0,26.0,9.0,4.0,65.0,ACCUMULATE ⭐⭐⭐,Expected ~42% CAGR (2yr) | Revenue CAGR 20% | Profit CAGR 26% | ROE 28% | ROCE 25% | Promoter 60% holding,None identified,2-3 years,Medium,"yfinance, screener.in",100,30,,2026-08-01,2026-06-01,61,17.4,9,19.8
KANPRPLA,Kanpur Plastipack Limited,Consumer Cyclical,Packaging & Containers,542.0,Small-Cap,MonthlyDoubleBottom,Breakout Ready,0.69,16,Sep 16mo | Mid rally 75% | Asymmetry 6%,,Uptrend,True,True,Uptrend,True,Stage2,3,Uptrend,Uptrend,210.84,148.82,82.49,179.21,2119.25,4527.36,9671.8,4527.36,2047.3,363.4,12.75,,1.98,0.11,9.88,54.0,-9.14,,0,none,14.9,17.0,-0.63,9.0,-0.46,5.5,6.93,27.53,14.68,9.75,254.55,113.63,5.39,400.0,0.15,highly inconsistent earnings,0.42,,1.74,,16.43,3.03,68.03,-0.09,,0.02,0.02,1.4,-0.08,247.0,151.25,14.6,39.4,7.73,49.07,2.94,0.48,5,25.0,24.78,12.0,3.0,64.8,ACCUMULATE ⭐⭐⭐,Expected ~363% CAGR (2yr) | Profit CAGR 114% | Promoter 68% holding | FCF yield 3.0% | Piotroski F=5 (above average quality) | PEG 0.11 — deeply undervalued,None identified,3-4 years,Medium-High,"yfinance, screener.in",100,67,,2026-08-01,2026-06-01,61,9.0,9,15.0
DPABHUSHAN,D. P. Abhushan Limited,Consumer Cyclical,Luxury Goods,3032.0,Small-Cap,MonthlyDoubleBottom,Forming,0.47,7,Sep 7mo | Mid rally 55% | Asymmetry 8%,MonthlyDoubleBottom+MonthlyStage2,Sideways-Above-MA,True,False,Constructive,True,Stage2,3,Uptrend,Uptrend,1193.7,1927.0,1189.25,1129.79,9930.41,17427.88,30585.93,17427.88,1360.0,282.1,12.66,,4.78,0.17,9.6,0.0,0.0,,0,none,34.5,24.4,2.0,4.0,0.0,5.48,,42.22,,,51.85,,,76.9,1.0,steady compounder (low CV),0.48,,,,,,74.89,0.0,,0.23,-0.09,0.0,0.0,1729.6,866.1,31.0,37.8,-23.11,136.09,2.4,-0.49,2,37.0,14.64,12.0,1.0,64.6,ACCUMULATE ⭐⭐⭐,Expected ~282% CAGR (2yr) | Revenue CAGR 58% | Profit CAGR 76% | ROE 34% | ROCE 24% | ROCE trend rising ↑,Pattern still forming (not broken out),3-4 years,Medium-High,"yfinance, screener.in",60,106,,2026-08-01,2026-06-01,61,34.2,9,8.0
NMDC,NMDC Limited,Basic Materials,Steel,73464.0,Large-Cap,MonthlyDoubleBottom,Forming,1.0,30,Sep 30mo | Mid rally 140% | Asymmetry 1%,,Sideways-Above-MA,True,False,Constructive,False,Stage2,1,Uptrend,Uptrend,85.04,21.51,8.94,72.28,204.77,170.71,247.69,225.21,100.7,41.7,9.87,8.15,2.15,0.99,7.38,424.0,4.35,88.95,21,hold,23.4,27.6,-1.94,29.0,-5.29,23.23,12.29,34.15,21.99,15.85,14.26,9.98,3.49,37.2,0.15,highly inconsistent earnings,0.19,,2.43,,-1396.04,-1.9,60.79,0.0,,13.59,-0.01,13.8,0.04,97.49,68.19,12.8,24.7,30.04,111.05,0.75,0.62,4,23.0,22.5,11.0,8.0,64.5,ACCUMULATE ⭐⭐⭐,Expected ~42% CAGR (2yr) | Revenue CAGR 22% | ROE 23% | ROCE 28% | Low D/E 0.19 | Promoter 61% holding,Margin compression ↓ | Earnings due 2026-08-12 | Pattern still forming (not broken out),3-4 years,Medium-High,"yfinance, screener.in",100,221,2026-08-12,2026-08-01,2026-06-01,61,-4.5,9,-4.0
GRWRHITECH,Garware Hi-Tech Films Limited,Basic Materials,Specialty Chemicals,16037.0,Mid-Cap,MonthlyStage2,Stage Change,1.0,24,10-EMA=4991 | 30-EMA=3733 | Above by 89.3% | MA turning=Yes,,Uptrend,True,False,Uptrend,True,Stage2,1,Uptrend,Uptrend,7067.0,3733.01,2687.86,6006.95,4082.34,5174.37,6558.51,5174.37,,,47.39,37.89,6.04,1.77,35.15,17.0,6.27,,0,none,13.4,18.0,1.46,20.0,-0.0,15.95,8.55,0.52,13.81,16.47,2.11,26.75,21.82,39.1,0.15,highly inconsistent earnings,0.01,,4.43,,60.47,0.38,60.73,0.0,,4.22,0.24,6.35,1.07,7185.0,2681.0,1.6,163.6,163.82,494.05,0.3,0.67,6,27.0,26.5,1.0,10.0,64.5,ACCUMULATE ⭐⭐⭐,Profit CAGR 27% | ROCE trend rising ↑ | Nearly debt-free | Promoter 61% holding | Piotroski F=6 (above average quality) | DII buying +1.1% ↑,None identified,3-4 years,Medium-High,"yfinance, screener.in",100,54,,2026-08-01,2026-06-01,61,27.5,9,-2.5
SHARDAMOTR,Sharda Motor Industries Limited,Consumer Cyclical,Auto Parts,4744.0,Small-Cap,MonthlyDoubleBottom,Forming,1.0,44,Sep 44mo | Mid rally 319% | Asymmetry 7%,,Sideways,False,False,Below-MAs,True,Stage2,3,Uptrend,Uptrend,863.0,600.75,138.94,733.55,3209.17,3798.69,4496.51,3798.69,340.2,109.8,14.06,,3.61,0.77,9.08,208.0,58.58,,0,none,27.9,36.0,1.6,12.0,1.14,10.17,11.18,19.74,7.96,14.36,9.52,18.37,38.79,6.5,0.15,highly inconsistent earnings,0.04,,1.98,,241.62,5.09,64.31,0.0,,1.73,-0.7,11.99,0.48,1189.9,700.0,27.5,23.3,-14.58,-39.82,0.27,0.5,6,35.0,19.5,10.0,0.0,64.5,ACCUMULATE ⭐⭐⭐,Expected ~110% CAGR (2yr) | ROE 28% | ROCE 36% | ROCE trend rising ↑ | Nearly debt-free | Promoter 64% holding,Pattern still forming (not broken out),3-4 years,Medium-High,"yfinance, screener.in",100,131,,2026-08-01,2026-06-01,61,-2.2,9,1.0
PRICOLLTD,Pricol Limited,Consumer Cyclical,Auto Parts,7663.0,Small-Cap,MonthlyCupHandle,Forming,0.708,19,Cup 19mo | Depth 32% | Prior gain 32% | R²=0.88,MonthlyCupHandle+MonthlyDoubleBottom,Uptrend,True,False,Uptrend,True,Stage2,3,Uptrend,Uptrend,681.05,687.67,468.79,578.89,1350.97,1704.38,2150.25,1704.38,150.3,58.2,30.58,20.71,6.11,1.17,16.4,64.0,60.0,752.5,2,strong_buy,21.8,24.5,1.89,12.0,-0.11,6.21,10.81,50.11,27.3,23.39,50.3,26.16,42.98,109.5,0.15,highly inconsistent earnings,0.3,,1.21,,-91.64,-1.2,38.51,0.0,,13.95,-1.66,11.79,-0.65,694.2,415.1,1.9,64.1,49.51,76.04,0.95,-0.11,4,26.0,22.5,8.0,8.0,64.5,ACCUMULATE ⭐⭐⭐,Expected ~58% CAGR (2yr) | Revenue CAGR 27% | Profit CAGR 26% | ROE 22% | ROCE 24% | ROCE trend rising ↑,Pattern still forming (not broken out),3-4 years,Medium-High,"yfinance, screener.in",100,289,,2026-08-01,2026-06-01,61,25.0,9,9.6
BOSCHLTD,Bosch Limited,Consumer Cyclical,Auto Parts,123161.0,Large-Cap,MonthlyStage2,Stage Change,1.0,24,10-EMA=37026 | 30-EMA=32773 | Above by 27.6% | MA turning=Yes,MonthlyDoubleBottom+MonthlyStage2,Uptrend,True,False,Tight-Above-MAs,True,Stage2,3,Uptrend,Uptrend,41815.0,32773.46,26188.55,35542.75,55676.24,59412.57,86743.76,69495.08,42.1,19.2,44.44,40.55,8.3,1.79,44.49,64.0,34.59,44288.8,5,none,14.6,21.5,1.77,13.0,0.26,14.0,6.73,10.77,10.3,15.57,37.62,24.82,41.9,3.0,0.15,highly inconsistent earnings,0.01,,1.96,,1700.69,1.38,70.54,0.0,,7.1,-0.12,15.17,0.12,42985.0,28610.0,2.7,46.2,5.54,105.23,0.44,0.64,7,29.0,28.5,2.0,5.0,64.5,ACCUMULATE ⭐⭐⭐,Expected ~19% CAGR (2yr) | Profit CAGR 25% | ROCE 22% | ROCE trend rising ↑ | Nearly debt-free | Promoter 71% holding,Earnings due 2026-08-10,3-4 years,Medium-High,"yfinance, screener.in",100,289,2026-08-10,2026-08-01,2026-06-01,61,12.6,9,10.0
BCLIND,BCL Industries Limited,Consumer Defensive,Beverages - Wineries & Distilleries,1055.0,Small-Cap,MonthlyDoubleBottom,Forming,1.0,40,Sep 40mo | Mid rally 223% | Asymmetry 7%,,Uptrend,True,False,Tight-Above-MAs,True,Stage2,15,Uptrend,Uptrend,34.24,85.38,25.53,29.1,223.2,279.74,350.6,279.74,717.0,185.8,9.16,,1.16,0.36,5.84,73.0,-19.59,,0,none,13.4,13.9,-1.2,9.0,0.49,4.12,7.82,-0.82,15.37,14.37,22.33,25.33,24.57,-8.6,0.15,highly inconsistent earnings,0.6,,2.01,,166.15,15.75,58.23,0.0,,0.24,-0.19,0.01,0.01,45.8,25.53,25.2,34.1,-12.93,-52.93,0.35,0.61,6,22.0,28.5,13.0,1.0,64.5,ACCUMULATE ⭐⭐⭐,Expected ~186% CAGR (2yr) | Revenue CAGR 15% | Profit CAGR 25% | Promoter 58% holding | FCF yield 15.8% | Piotroski F=6 (above average quality),Pattern still forming (not broken out),3-4 years,Medium-High,"yfinance, screener.in",100,65,,2026-08-01,2026-06-01,61,1.3,9,12.0
INDNIPPON,India Nippon Electricals Limited,Consumer Cyclical,Auto Parts,2710.0,Small-Cap,MonthlyStage2,Stage Change,1.0,24,10-EMA=900 | 30-EMA=754 | Above by 60.4% | MA turning=Yes,MonthlyCupHandle+MonthlyDoubleBottom+MonthlyStage2,Uptrend,True,False,Tight-Above-MAs,True,Stage2,3,Uptrend,Uptrend,1208.9,753.62,540.04,1027.57,3350.78,4431.07,5859.64,4431.07,266.5,91.5,24.39,48.92,3.3,0.76,,129.0,18.78,,0,none,11.9,17.0,1.2,11.0,0.49,10.4,6.28,26.39,17.64,17.3,35.37,32.24,22.65,,0.4,lumpy earner,,,2.51,,-4.1,-0.15,70.37,0.0,,0.33,-0.08,0.22,0.16,1278.2,675.0,5.4,79.1,54.62,139.34,1.17,0.38,6,22.0,28.5,6.0,8.0,64.5,ACCUMULATE ⭐⭐⭐,Expected ~92% CAGR (2yr) | Revenue CAGR 18% | Profit CAGR 32% | ROCE trend rising ↑ | Promoter 70% holding | Piotroski F=6 (above average quality),None identified,3-4 years,Medium-High,"yfinance, screener.in",90,289,,2026-08-01,2026-06-01,61,54.9,9,14.9
SONAMLTD,Sonam Limited,Consumer Cyclical,"Furnishings, Fixtures & Appliances",212.0,Micro-Cap,MonthlyStage2,Stage Change,1.0,24,10-EMA=51 | 30-EMA=47 | Above by 23.1% | MA turning=Yes,MonthlyDoubleBottom+MonthlyStage2,Uptrend,True,True,Constructive,False,Stage2,3,Uptrend,Uptrend,57.63,46.83,39.02,48.99,271.33,616.73,1401.82,616.73,970.2,227.1,28.97,,3.37,0.23,13.72,113.0,0.0,,0,none,,,,6.55,,4.51,,76.0,,,127.3,,,127.0,0.5,insufficient history,0.3,,,,,,58.12,0.57,,,-0.26,,,63.0,37.4,8.5,54.1,19.53,59.58,0.2,-0.06,1,24.0,25.5,12.0,3.0,64.5,ACCUMULATE ⭐⭐⭐,Expected ~227% CAGR (2yr) | Revenue CAGR 76% | Profit CAGR 127% | Low D/E 0.30 | Promoter 58% holding | PEG 0.23 — deeply undervalued,None identified,3-4 years,Medium-High,"yfinance, screener.in",50,98,,2026-08-01,2026-06-01,61,12.1,9,19.5
DYCL,Dynamic Cables Limited,Industrials,Electrical Equipment & Parts,1950.0,Small-Cap,MonthlyStage2,Stage Change,1.0,24,10-EMA=341 | 30-EMA=315 | Above by 15.3% | MA turning=Yes,MonthlyDoubleBottom+MonthlyStage2,Uptrend,True,True,Uptrend,True,Stage2,4,Uptrend,Uptrend,362.8,314.74,240.9,308.38,835.52,1144.67,1568.2,1144.67,215.5,77.6,21.42,,4.26,0.58,13.95,12.0,25.99,,0,none,,,,10.06,,7.1,,33.2,,,37.0,,,37.0,0.5,insufficient history,0.09,,,,,,68.18,0.0,,0.67,-0.23,0.98,-0.29,520.0,236.8,30.2,53.2,-12.51,30.6,0.23,0.14,1,28.0,26.5,9.0,1.0,64.5,ACCUMULATE ⭐⭐⭐,Expected ~78% CAGR (2yr) | Revenue CAGR 33% | Profit CAGR 37% | Nearly debt-free | Promoter 68% holding | Dividend growing 26%/yr,None identified,3-4 years,Medium-High,"yfinance, screener.in",50,49,,2026-08-01,2026-07-01,31,14.1,5,25.5
SHAILY,Shaily Engineering Plastics Limited,Basic Materials,Specialty Chemicals,13659.0,Mid-Cap,None,,0.0,0,,,Uptrend,True,False,Uptrend,True,Stage2,1,Uptrend,Uptrend,2725.7,,,2316.84,1236.2,2663.17,3545.35,2093.5,,,80.65,38.31,19.04,1.16,49.3,7.0,100.0,3517.67,6,strong_buy,26.9,29.3,6.0,28.0,3.3,17.15,13.87,25.92,17.75,,82.8,69.35,,40.5,0.4,lumpy earner,0.25,,1.25,,-11.78,-0.09,41.09,-2.3,,18.18,1.45,14.84,4.23,3233.9,1535.9,15.7,77.5,23.12,674.76,,-0.11,5,39.0,13.0,6.0,6.0,64.0,ACCUMULATE ⭐⭐⭐,Revenue CAGR 18% | Profit CAGR 69% | ROE 27% | ROCE 29% | ROCE trend rising ↑ | Low D/E 0.25,High PE 81,3-4 years,Medium-High,"yfinance, screener.in",100,52,,2026-08-01,2026-06-01,61,3.4,9,-6.0
BSE,BSE Limited,Financial Services,Financial Data & Stock Exchanges,144787.0,Large-Cap,None,,0.0,0,,,Sideways-Above-MA,True,False,Constructive,False,Stage2,12,Uptrend,Uptrend,3811.6,,,3239.86,3210.47,6078.11,16894.87,7364.81,59.5,26.3,58.83,36.65,18.34,0.45,33.46,28.0,35.72,4148.06,17,buy,44.8,58.0,10.2,64.0,6.26,48.73,20.81,50.5,73.54,50.31,88.12,129.4,77.29,62.9,0.15,highly inconsistent earnings,0.0,,1.53,,5136.78,3.55,,,,21.32,1.9,24.15,-0.94,4446.8,2021.5,14.3,88.6,82.73,975.35,,0.28,6,40.0,9.0,8.0,7.0,64.0,ACCUMULATE ⭐⭐⭐,Expected ~26% CAGR (2yr) | Revenue CAGR 74% | Profit CAGR 129% | ROE 45% | ROCE 58% | ROCE trend rising ↑,High PE 59,3-4 years,Medium-High,"yfinance, screener.in",90,114,,2026-08-01,2026-06-01,61,-9.0,9,-5.0
KRISHNADEF,KRISHNA DEF AND ALD IND L,Industrials,Specialty Industrial Machinery,1966.0,Small-Cap,None,,0.0,0,,,Sideways-Above-MA,True,False,Constructive,False,Stage2,4,Uptrend,Uptrend,1191.1,,,1012.43,1841.88,3714.16,7489.6,3714.16,211.8,76.6,46.94,,10.16,0.46,36.69,9.0,150.0,,0,none,25.4,30.7,7.0,22.0,2.5,16.88,16.06,28.95,56.43,,86.36,101.65,,72.9,1.0,steady compounder (low CV),0.01,,3.99,,72.96,3.71,59.9,-0.06,,1.36,0.75,1.32,-0.74,1400.0,665.0,14.9,79.1,55.07,288.43,,0.92,7,40.0,9.0,7.0,8.0,64.0,ACCUMULATE ⭐⭐⭐,Expected ~77% CAGR (2yr) | Revenue CAGR 56% | Profit CAGR 102% | ROE 25% | ROCE 31% | ROCE trend rising ↑,None identified,3-4 years,Medium-High,"yfinance, screener.in",100,52,,2026-08-01,2026-06-01,61,1.7,9,-2.0
GENUSPOWER,Genus Power Infrastructures Limited,Industrials,Electrical Equipment & Parts,8729.0,Mid-Cap,MonthlyDoubleBottom,Forming,1.0,23,Sep 23mo | Mid rally 136% | Asymmetry 2%,MonthlyCupHandle+MonthlyDoubleBottom+MonthlyStage2,Sideways-Above-MA,True,False,Constructive,False,Stage2,4,Uptrend,Uptrend,317.05,482.57,202.74,269.49,2105.29,5753.76,15725.04,5753.76,1714.8,326.0,14.82,12.38,3.94,0.09,11.23,78.0,114.0,445.0,2,none,29.0,23.9,2.94,19.0,1.17,12.47,10.03,94.55,80.49,50.81,90.35,173.3,53.71,39.3,0.15,highly inconsistent earnings,1.04,,1.75,,-1130.65,-12.95,39.34,0.0,,18.73,-0.16,3.04,-0.3,394.0,206.36,19.5,53.6,-1.61,-1.7,2.23,0.31,5,29.0,22.0,12.0,1.0,64.0,ACCUMULATE ⭐⭐⭐,Expected ~326% CAGR (2yr) | Revenue CAGR 80% | Profit CAGR 173% | ROE 29% | ROCE 24% | ROCE trend rising ↑,High D/E 1.0 | Pattern still forming (not broken out),3-4 years,Medium-High,"yfinance, screener.in",100,253,,2026-08-01,2026-06-01,61,2.5,9,1.0
RBZJEWEL,RBZ Jewellers Limited,Consumer Cyclical,Luxury Goods,564.0,Small-Cap,MonthlyDoubleBottom,Forming,1.0,10,Sep 10mo | Mid rally 107% | Asymmetry 6%,MonthlyDoubleBottom+MonthlyStage2,Uptrend,True,False,Constructive,True,Stage2,3,Uptrend,Uptrend,141.5,251.68,118.15,120.27,998.3,1361.68,1857.33,1361.68,862.3,210.2,10.29,,1.88,0.28,7.95,,,,0,none,20.11,,,10.43,,8.61,13.06,38.0,,,36.4,,,36.3,0.5,insufficient history,0.57,,2.99,,-61.32,-10.88,75.0,0.0,,0.03,0.03,0.01,-0.06,179.0,100.0,20.9,41.5,4.02,,1.44,0.12,3,25.0,24.0,13.0,2.0,64.0,ACCUMULATE ⭐⭐⭐,Expected ~210% CAGR (2yr) | Revenue CAGR 38% | Profit CAGR 36% | ROE 20% | Promoter 75% holding | PEG 0.28 — deeply undervalued,Pattern still forming (not broken out),3-4 years,Medium-High,"yfinance, screener.in",70,32,,2026-08-01,2026-06-01,61,14.6,9,11.0
FMGOETZE,Federal-Mogul Goetze (India) Limited,Consumer Cyclical,Auto Parts,2664.0,Small-Cap,MonthlyDoubleBottom,Forming,1.0,8,Sep 8mo | Mid rally 123% | Asymmetry 3%,MonthlyDoubleBottom+MonthlyStage2,Uptrend,True,False,Tight-Above-MAs,True,Stage2,3,Uptrend,Uptrend,453.45,539.95,238.3,385.43,1523.61,1805.32,2139.12,1805.32,298.1,99.5,15.6,,1.85,0.84,6.33,0.0,58.74,,0,none,13.5,18.5,2.77,15.0,0.8,8.71,7.12,8.78,6.22,12.08,4.71,18.49,104.31,-17.3,0.15,highly inconsistent earnings,0.0,,2.98,,184.46,6.92,74.98,0.0,,0.39,0.01,0.49,0.0,602.95,358.0,24.8,26.7,-13.73,-1.34,0.15,0.07,6,26.0,27.0,10.0,1.0,64.0,ACCUMULATE ⭐⭐⭐,Expected ~100% CAGR (2yr) | ROCE trend rising ↑ | Nearly debt-free | Promoter 75% holding | FCF yield 6.9% | Piotroski F=6 (above average quality),Pattern still forming (not broken out),3-4 years,Medium-High,"yfinance, screener.in",100,289,,2026-08-01,2026-06-01,61,0.3,9,13.0
CUMMINSIND,Cummins India Limited,Industrials,Specialty Industrial Machinery,155246.0,Large-Cap,MonthlyDoubleBottom,Forming,0.524,17,Sep 17mo | Mid rally 59% | Asymmetry 7%,,Sideways-Above-MA,True,False,Constructive,False,Stage2,4,Uptrend,Uptrend,5621.5,1036.81,631.02,4778.27,3825.53,5141.21,5916.33,4757.43,,,65.79,47.09,18.32,2.7,54.82,118.0,38.21,5716.87,23,hold,30.2,39.5,4.8,21.0,1.63,19.45,15.03,16.86,16.04,22.73,18.1,24.36,30.05,22.7,0.75,consistent growth,0.0,,3.32,,1126.21,0.73,51.0,0.0,,21.19,0.42,19.06,-0.37,6100.0,3481.5,7.8,61.5,48.49,214.33,0.29,0.57,7,40.0,15.79,0.0,8.0,63.8,ACCUMULATE ⭐⭐⭐,Revenue CAGR 16% | Profit CAGR 24% | ROE 30% | ROCE 40% | ROCE trend rising ↑ | Nearly debt-free,High PE 66 | Earnings due 2026-08-05 | Pattern still forming (not broken out),3-4 years,Medium-High,"yfinance, screener.in",100,289,2026-08-05,2026-08-01,2026-06-01,61,7.0,9,-5.0
NAM-INDIA,Nippon Life India Asset Management Limited,Financial Services,Asset Management,71122.0,Large-Cap,MonthlyDoubleBottom,Forming,1.0,36,Sep 36mo | Mid rally 133% | Asymmetry 3%,,Uptrend,True,False,Uptrend,True,Stage2,12,Uptrend,Uptrend,1146.9,412.28,174.58,974.87,640.59,926.49,831.49,729.82,,,44.06,32.87,15.24,3.16,31.41,193.0,-1.3,1221.5,24,buy,34.5,43.8,3.06,67.0,0.69,52.51,,-1.88,12.11,13.35,7.06,13.93,17.08,27.2,0.15,highly inconsistent earnings,0.02,,,,,,71.8,-0.13,,7.04,-0.31,15.49,0.72,1233.5,780.25,7.0,47.0,48.56,266.45,0.96,0.59,3,29.0,26.5,0.0,8.0,63.5,ACCUMULATE ⭐⭐⭐,ROE 34% | ROCE 44% | ROCE trend rising ↑ | Nearly debt-free | Promoter 72% holding | OPM 67%,Pattern still forming (not broken out),3-4 years,Medium-High,"yfinance, screener.in",80,105,,2026-08-01,2026-06-01,61,6.0,9,-17.0
NATCOPHARM,NATCO Pharma Limited,Healthcare,Drug Manufacturers - Specialty & Generic,16504.0,Mid-Cap,MonthlyDoubleBottom,Forming,1.0,48,Sep 48mo | Mid rally 172% | Asymmetry 7%,MonthlyCupHandle+MonthlyDoubleBottom,Downtrend,False,False,Below-MAs,False,Stage2,6,Uptrend,Uptrend,917.0,1012.45,359.03,779.45,4737.83,3980.05,7478.86,5952.61,334.0,108.3,11.63,20.12,1.79,0.45,10.5,71.0,-45.95,1021.22,9,hold,16.9,17.1,3.4,35.0,4.06,34.78,7.8,-7.95,14.64,14.72,-24.69,25.64,26.26,-34.1,0.15,highly inconsistent earnings,0.08,,3.01,,820.65,4.97,49.41,0.0,,16.99,-0.38,5.63,0.17,1226.8,789.0,25.3,16.2,7.9,-23.17,0.46,0.2,7,32.0,16.5,13.0,2.0,63.5,ACCUMULATE ⭐⭐⭐,Expected ~108% CAGR (2yr) | Profit CAGR 26% | ROCE trend rising ↑ | Nearly debt-free | OPM 35% | FCF yield 5.0%,Earnings due 2026-08-12 | Pattern still forming (not broken out),3-4 years,Medium-High,"yfinance, screener.in",100,367,2026-08-12,2026-08-01,2026-06-01,61,-18.9,9,-15.0
V2RETAIL,V2 Retail Limited,Consumer Cyclical,Apparel Retail,7996.0,Small-Cap,MonthlyDoubleBottom,Forming,1.0,33,Sep 33mo | Mid rally 505% | Asymmetry 6%,,Sideways-Above-MA,True,False,Constructive,False,Stage2,3,Uptrend,Uptrend,221.72,55.56,8.93,188.46,728.15,1908.26,5000.98,1908.26,760.7,193.4,47.88,2.49,8.51,0.3,26.56,0.0,,,0,none,22.9,19.3,3.6,15.0,1.2,5.28,9.03,62.79,54.05,41.64,125.0,162.07,,181.3,0.2,multiple loss years in history,1.1,,1.44,,-453.54,-5.67,51.43,0.0,,3.11,0.49,10.65,1.37,259.25,158.56,14.5,39.8,29.31,1424.76,0.58,0.22,4,26.0,22.5,10.0,5.0,63.5,ACCUMULATE ⭐⭐⭐,Expected ~193% CAGR (2yr) | Revenue CAGR 54% | Profit CAGR 162% | ROE 23% | ROCE trend rising ↑ | Promoter 51% holding,High D/E 1.1 | Pattern still forming (not broken out),3-4 years,Medium-High,"yfinance, screener.in",100,229,,2026-08-01,2026-06-01,61,-1.9,9,-3.0
NBCC,NBCC (India) Limited,Industrials,Engineering & Construction,25337.0,Mid-Cap,MonthlyDoubleBottom,Forming,1.0,48,Sep 48mo | Mid rally 216% | Asymmetry 7%,MonthlyCupHandle+MonthlyDoubleBottom+MonthlyStage2,Downtrend,False,False,Below-MAs,False,Stage2,4,Uptrend,Uptrend,94.8,89.08,27.25,80.58,134.69,186.83,259.15,186.83,97.1,40.4,35.15,30.27,8.44,0.91,18.39,73.0,-30.66,124.5,2,none,24.1,31.0,3.03,5.0,0.63,5.46,4.29,7.06,13.24,13.14,33.21,38.71,25.33,37.2,0.4,lumpy earner,0.0,,1.18,,992.51,3.92,61.75,0.0,,4.77,-0.22,11.28,0.53,125.85,77.18,24.7,22.8,-1.99,158.22,0.78,0.66,5,39.0,16.5,8.0,0.0,63.5,ACCUMULATE ⭐⭐⭐,Expected ~40% CAGR (2yr) | Profit CAGR 39% | ROE 24% | ROCE 31% | ROCE trend rising ↑ | Nearly debt-free,Pattern still forming (not broken out),3-4 years,Medium-High,"yfinance, screener.in",100,172,,2026-08-01,2026-06-01,61,1.8,9,-1.0
PGIL,Pearl Global Industries Limited,Consumer Cyclical,Apparel Manufacturing,9119.0,Mid-Cap,MonthlyDoubleBottom,Forming,1.0,38,Sep 38mo | Mid rally 150% | Asymmetry 2%,,Uptrend,True,False,Tight-Above-MAs,True,Stage2,3,Uptrend,Uptrend,2028.0,124.1,49.29,1723.8,3394.76,3401.05,4957.14,4102.23,67.7,29.5,32.79,20.49,6.24,1.57,21.61,106.0,-8.92,2349.29,7,strong_buy,21.0,19.9,3.06,10.0,1.11,5.53,8.07,11.52,16.75,27.51,16.88,20.84,73.85,22.0,0.15,highly inconsistent earnings,0.66,,1.6,,-30.71,-0.34,61.11,-0.05,,6.82,0.34,19.16,0.36,2144.2,1178.1,5.4,72.1,65.9,396.66,0.64,-0.28,6,20.0,28.5,7.0,8.0,63.5,ACCUMULATE ⭐⭐⭐,Expected ~30% CAGR (2yr) | Revenue CAGR 17% | Profit CAGR 21% | ROE 21% | ROCE trend rising ↑ | Promoter 61% holding,Pattern still forming (not broken out),3-4 years,Medium-High,"yfinance, screener.in",100,234,,2026-08-01,2026-06-01,61,26.4,9,1.0
RATEGAIN,RateGain Travel Technologies Limited,Technology,Software - Application,10657.0,Mid-Cap,MonthlyStage2,Stage Change,1.0,24,10-EMA=702 | 30-EMA=624 | Above by 43.7% | MA turning=Yes,MonthlyDoubleBottom+MonthlyStage2,Uptrend,True,False,Tight-Above-MAs,True,Downtrend,0,Uptrend,Uptrend,896.45,623.75,433.8,761.98,777.64,1017.79,1564.27,1102.92,13.5,6.6,54.94,27.22,5.3,1.31,33.7,0.0,,890.1,10,strong_buy,12.0,13.7,4.26,19.0,3.54,10.66,5.87,69.36,47.79,48.69,-7.18,41.83,77.53,27.7,0.15,highly inconsistent earnings,0.47,,1.41,,-11.97,-0.11,48.78,0.01,,5.75,0.4,20.86,0.0,997.25,417.6,10.1,114.7,76.06,23.29,0.73,0.82,5,25.0,27.5,3.0,8.0,63.5,ACCUMULATE ⭐⭐⭐,Expected ~7% CAGR (2yr) | Revenue CAGR 48% | Profit CAGR 42% | ROCE trend rising ↑ | Piotroski F=5 (above average quality) | PEG 1.31 — fair value,High PE 55,3-4 years,Medium-High,"yfinance, screener.in",100,56,,2026-08-01,2026-06-01,61,33.1,9,1.0
BFUTILITIE,BF Utilities Limited,Industrials,Infrastructure Operations,2186.0,Small-Cap,MonthlyDoubleBottom,Forming,1.0,26,Sep 26mo | Mid rally 210% | Asymmetry 7%,,Downtrend,False,False,Below-MAs,False,Stage2,4,Uptrend,Uptrend,578.8,2000.76,622.0,590.9,2319.4,3566.07,5482.83,3566.07,516.1,148.2,13.81,,7.26,0.26,5.15,0.0,,,0,none,113.0,29.9,3.89,74.0,2.66,17.85,,-13.62,17.73,9.36,11.18,53.75,36.24,20.0,0.15,highly inconsistent earnings,0.69,,,,,,56.73,0.0,,1.61,0.04,0.06,0.01,898.7,368.7,35.6,57.0,-27.22,-41.77,0.32,0.36,3,33.0,16.5,14.0,0.0,63.5,ACCUMULATE ⭐⭐⭐,Expected ~148% CAGR (2yr) | Revenue CAGR 18% | Profit CAGR 54% | ROE 113% | ROCE 30% | ROCE trend rising ↑,Pattern still forming (not broken out),3-4 years,Medium-High,"yfinance, screener.in",80,231,,2026-08-01,2026-06-01,61,10.3,9,4.0
NDRAUTO,NDR Auto Components Limited,Consumer Cyclical,Auto Parts,1939.0,Small-Cap,MonthlyStage2,Stage Change,0.993,24,10-EMA=797 | 30-EMA=704 | Above by 14.9% | MA turning=Yes,MonthlyCupHandle+MonthlyDoubleBottom+MonthlyStage2,Sideways-Above-MA,True,False,Constructive,False,Stage2,3,Uptrend,Uptrend,808.95,704.12,604.19,687.61,1692.88,2206.5,2875.96,2206.5,172.8,65.2,31.25,,5.4,1.03,22.81,49.0,47.36,,0,none,18.9,22.2,3.46,11.0,1.09,7.53,8.41,15.43,27.94,48.49,16.98,30.34,47.11,11.7,0.4,lumpy earner,0.17,,1.22,,-26.29,-1.36,73.13,0.0,,0.08,0.0,0.01,0.01,1186.6,605.05,31.8,33.7,-18.56,162.3,0.86,0.75,5,35.0,22.42,6.0,0.0,63.4,ACCUMULATE ⭐⭐⭐,Expected ~65% CAGR (2yr) | Revenue CAGR 28% | Profit CAGR 30% | ROCE 22% | ROCE trend rising ↑ | Low D/E 0.17,None identified,3-4 years,Medium-High,"yfinance, screener.in",100,73,,2026-08-01,2026-06-01,61,0.4,9,1.9
CAMS,Computer Age Management Services Limited,Technology,Information Technology Services,18900.0,Mid-Cap,MonthlyStage2,Stage Change,0.736,24,10-EMA=752 | 30-EMA=712 | Above by 11.0% | MA turning=Yes,MonthlyCupHandle+MonthlyDoubleBottom+MonthlyStage2,Uptrend,True,False,Tight-Above-MAs,True,Downtrend,0,Uptrend,Uptrend,790.5,711.9,615.56,671.92,788.65,915.23,1103.89,933.05,15.8,7.6,39.85,29.34,14.3,2.18,28.6,164.0,-2.53,888.5,20,buy,36.3,47.0,0.6,45.0,0.37,31.39,21.46,6.61,15.97,16.51,1.51,18.31,18.15,10.9,0.15,highly inconsistent earnings,0.05,,3.43,,384.74,2.04,0.0,0.0,,44.88,0.44,23.54,1.48,844.9,611.4,6.4,29.3,8.82,49.06,0.33,0.13,7,35.0,24.33,1.0,3.0,63.3,ACCUMULATE ⭐⭐⭐,Expected ~8% CAGR (2yr) | Revenue CAGR 16% | ROE 36% | ROCE 47% | ROCE trend rising ↑ | Nearly debt-free,Earnings due 2026-08-03,3-4 years,Medium-High,"yfinance, screener.in",100,70,2026-08-03,2026-08-01,2026-06-01,61,1.4,9,4.7
PERSISTENT,Persistent Systems Limited,Technology,Information Technology Services,81248.0,Large-Cap,MonthlyStage2,Stage Change,0.896,24,10-EMA=5190 | 30-EMA=4861 | Above by 13.4% | MA turning=Yes,MonthlyDoubleBottom+MonthlyStage2,Sideways-Above-MA,True,False,Constructive,True,Downtrend,0,Uptrend,Uptrend,5514.7,4861.1,4311.53,4687.49,5368.05,6110.95,8591.44,6791.11,10.8,5.3,43.67,29.78,10.38,1.65,30.51,69.0,-4.17,5090.71,34,hold,27.2,34.4,2.26,19.0,0.4,12.65,14.87,23.53,20.87,28.63,33.21,26.51,32.83,33.7,0.75,consistent growth,0.06,,2.43,,1351.13,1.66,30.29,0.0,,20.79,-1.32,30.25,-0.22,6599.0,4244.5,16.4,29.9,5.22,82.84,1.39,0.12,7,40.0,20.25,1.0,2.0,63.2,ACCUMULATE ⭐⭐⭐,Expected ~5% CAGR (2yr) | Revenue CAGR 21% | Profit CAGR 27% | ROE 27% | ROCE 34% | ROCE trend rising ↑,Earnings due 2026-08-02,3-4 years,Medium-High,"yfinance, screener.in",100,196,2026-08-02,2026-08-01,2026-06-01,61,8.9,9,7.4
TEMBO,Tembo Global Industries Limited,Industrials,Metal Fabrication,820.0,Small-Cap,MonthlyDoubleBottom,Forming,1.0,18,Sep 18mo | Mid rally 285% | Asymmetry 8%,MonthlyCupHandle+MonthlyDoubleBottom+MonthlyStage2,Downtrend,False,False,Below-MAs,False,Stage2,4,Uptrend,Uptrend,551.4,302.52,75.32,468.69,4865.52,12344.81,31321.24,12344.81,2138.8,373.2,10.35,,1.74,0.07,6.75,38.0,-12.64,,0,none,27.5,22.8,3.54,13.0,1.49,8.38,10.0,46.51,63.37,59.98,92.16,153.72,117.79,83.6,0.4,lumpy earner,0.78,,1.92,,-341.83,-41.67,39.04,1.3,,8.25,-0.23,1.56,-0.09,837.0,433.35,34.1,27.2,-14.72,129.04,0.62,0.68,5,33.0,16.0,14.0,0.0,63.0,ACCUMULATE ⭐⭐⭐,Expected ~373% CAGR (2yr) | Revenue CAGR 63% | Profit CAGR 154% | ROE 28% | ROCE 23% | ROCE trend rising ↑,Pattern still forming (not broken out),3-4 years,Medium-High,"yfinance, screener.in",100,96,,2026-08-01,2026-06-01,61,-3.2,9,-2.5
SAMHI,SAMHI Hotels Limited,Consumer Cyclical,Lodging,3946.0,Small-Cap,MonthlyDoubleBottom,Forming,1.0,11,Sep 11mo | Mid rally 105% | Asymmetry 5%,MonthlyDoubleBottom+MonthlyStage2,Uptrend,True,False,Constructive,True,Stage2,3,Uptrend,Uptrend,177.3,254.5,121.1,150.71,8313.46,27007.6,242061.6,44859.45,15132.7,1134.2,6.9,14.41,2.58,0.02,17.16,0.0,,229.83,6,strong_buy,24.8,8.92,3.51,35.0,13.49,40.31,4.69,10.44,19.08,48.99,559.3,,,671.1,0.2,multiple loss years in history,0.81,,0.81,,-99.3,-2.52,,,,44.62,0.34,17.35,0.96,234.91,127.0,24.5,39.6,-15.22,,0.2,0.85,5,23.0,24.0,15.0,1.0,63.0,ACCUMULATE ⭐⭐⭐,Expected ~1134% CAGR (2yr) | Revenue CAGR 19% | Profit CAGR 440% | ROE 25% | ROCE trend rising ↑ | OPM 35%,Pattern still forming (not broken out),3-4 years,Medium-High,"yfinance, screener.in",80,35,,2026-08-01,2026-06-01,61,23.7,9,6.0
FIVESTAR,Five-Star Business Finance Limited,Financial Services,Credit Services,15798.0,Mid-Cap,MonthlyDoubleBottom,Forming,0.876,30,Sep 30mo | Mid rally 89% | Asymmetry 1%,,Uptrend,True,False,Tight-Above-MAs,True,Stage2,12,Uptrend,Uptrend,546.4,940.49,494.39,469.67,1838.62,2724.26,9211.48,4115.39,398.6,123.3,14.37,10.85,2.14,0.12,,37.0,,637.56,9,strong_buy,16.0,17.0,,60.44,,48.5,7.27,103.48,104.25,,196.23,123.83,,-3.5,0.4,lumpy earner,1.12,,5.57,,,,18.61,0.0,,43.97,-4.51,22.35,4.77,695.15,338.15,21.4,61.6,1.5,-54.11,0.29,0.63,3,24.0,27.01,10.0,2.0,63.0,ACCUMULATE ⭐⭐⭐,Expected ~123% CAGR (2yr) | Revenue CAGR 104% | Profit CAGR 124% | OPM 60% | DII buying +4.8% ↑ | PEG 0.12 — deeply undervalued,High D/E 1.1 | Pattern still forming (not broken out),3-4 years,Medium-High,"yfinance, screener.in",90,45,,2026-08-01,2026-06-01,61,20.5,9,10.0
COLPAL,Colgate-Palmolive (India) Limited,Consumer Defensive,Household & Personal Products,56739.0,Large-Cap,MonthlyDoubleBottom,Forming,0.511,17,Sep 17mo | Mid rally 59% | Asymmetry 8%,,Sideways,False,False,Below-MAs,True,Stage2,15,Uptrend,Uptrend,2052.4,1418.08,861.94,1744.54,3901.44,4257.09,8017.16,5592.71,107.4,44.0,42.74,35.43,35.82,0.99,29.84,230.0,-17.67,2253.65,26,hold,158.0,179.0,31.8,22.0,1.4,21.96,33.6,15.43,14.93,,51.39,43.35,,-0.5,0.4,lumpy earner,0.03,,1.28,,1530.03,2.7,51.0,0.0,,13.6,0.0,15.54,0.29,2504.0,1782.0,18.0,15.2,-10.13,-14.26,0.22,0.51,6,40.0,12.63,9.0,1.0,62.6,ACCUMULATE ⭐⭐⭐,Expected ~44% CAGR (2yr) | Profit CAGR 43% | ROE 158% | ROCE 179% | ROCE trend rising ↑ | Nearly debt-free,Earnings due 2026-07-29 | Pattern still forming (not broken out),3-4 years,Medium-High,"yfinance, screener.in",100,289,2026-07-29,2026-08-01,2026-06-01,61,-6.2,9,0.0
GOLDIAM,Goldiam International Limited,Consumer Cyclical,Luxury Goods,5262.0,Small-Cap,MonthlyStage2,Stage Change,1.0,24,10-EMA=356 | 30-EMA=315 | Above by 20.2% | MA turning=Yes,MonthlyCupHandle+MonthlyDoubleBottom+MonthlyStage2,Sideways-Above-MA,True,True,Constructive,False,Stage2,3,Uptrend,Uptrend,378.0,314.56,268.65,321.3,743.73,938.88,1185.24,938.88,148.4,57.6,30.87,,4.76,1.18,23.81,80.0,-4.93,,0,none,18.5,23.9,0.49,21.0,0.43,17.46,10.51,25.1,22.38,19.2,46.15,26.24,20.61,61.2,0.15,highly inconsistent earnings,0.07,,5.94,,-58.54,-1.11,58.51,0.0,,1.99,1.36,0.78,-0.17,393.65,198.75,4.0,90.2,6.01,181.33,1.09,0.93,6,31.0,22.5,6.0,3.0,62.5,ACCUMULATE ⭐⭐⭐,Expected ~58% CAGR (2yr) | Revenue CAGR 22% | Profit CAGR 26% | ROCE 24% | ROCE trend rising ↑ | Nearly debt-free,None identified,3-4 years,Medium-High,"yfinance, screener.in",100,252,,2026-08-01,2026-06-01,61,-0.5,9,-11.0
TRITURBINE,Triveni Turbine Limited,Industrials,Specialty Industrial Machinery,19449.0,Mid-Cap,MonthlyStage2,Stage Change,1.0,24,10-EMA=596 | 30-EMA=543 | Above by 15.9% | MA turning=Yes,MonthlyCupHandle+MonthlyDoubleBottom+MonthlyStage2,Sideways-Above-MA,True,False,Constructive,False,Stage2,4,Uptrend,Uptrend,629.5,543.23,439.85,535.07,495.68,646.61,735.72,603.89,2.7,1.3,55.57,37.07,13.43,2.55,41.92,65.0,67.5,687.33,9,none,27.1,35.9,3.54,21.0,0.26,16.03,11.52,8.72,20.45,25.41,-2.79,21.83,27.89,8.6,0.15,highly inconsistent earnings,0.03,,1.98,,-258.5,-1.33,55.84,0.0,,20.58,-0.23,15.99,-0.53,787.6,428.35,20.1,47.0,23.18,38.1,0.23,0.51,6,35.0,22.5,0.0,5.0,62.5,ACCUMULATE ⭐⭐⭐,Expected ~1% CAGR (2yr) | Revenue CAGR 20% | Profit CAGR 22% | ROE 27% | ROCE 36% | ROCE trend rising ↑,High PE 56,3-4 years,Medium-High,"yfinance, screener.in",100,178,,2026-08-01,2026-06-01,61,-1.3,9,-3.0
TERASOFT,Tera Software Limited,Technology,Information Technology Services,493.0,Micro-Cap,MonthlyDoubleBottom,Forming,1.0,14,Sep 14mo | Mid rally 167% | Asymmetry 8%,,Downtrend,False,False,Below-MAs,False,Downtrend,0,Uptrend,Uptrend,401.2,84.8,30.63,341.02,1374.48,2786.63,5649.61,2786.63,594.6,163.5,19.88,,3.38,0.19,12.96,25.0,,,0,none,18.5,24.4,8.0,15.0,7.2,10.42,9.27,120.37,22.02,,177.78,102.74,,119.9,0.4,lumpy earner,0.27,,1.69,,-27.34,-5.55,47.53,0.0,,0.0,-0.08,,,598.0,282.8,32.9,41.9,32.32,857.5,0.22,0.3,5,30.0,14.5,12.0,6.0,62.5,ACCUMULATE ⭐⭐⭐,Expected ~164% CAGR (2yr) | Revenue CAGR 22% | Profit CAGR 103% | ROCE 24% | ROCE trend rising ↑ | Low D/E 0.27,Pattern still forming (not broken out),3-4 years,Medium-High,"yfinance, screener.in",100,116,,2026-08-01,2026-06-01,61,26.2,9,0.5
ARVSMART,Arvind SmartSpaces Limited,Real Estate,Real Estate - Development,2792.0,Small-Cap,MonthlyDoubleBottom,Forming,1.0,42,Sep 42mo | Mid rally 291% | Asymmetry 2%,MonthlyDoubleBottom+MonthlyStage2,Sideways-Above-MA,True,False,Constructive,False,Stage2,3,Uptrend,Uptrend,612.5,228.17,57.67,520.62,1170.78,1408.96,2789.97,1807.33,130.0,51.7,29.07,17.15,4.12,0.53,21.13,99.0,100.0,811.4,5,none,15.5,12.9,1.69,27.0,0.83,17.1,2.9,-20.9,30.12,30.5,-13.45,54.37,62.82,121.0,0.15,highly inconsistent earnings,0.65,,1.21,,-44.3,-1.59,53.83,0.0,,0.69,0.02,8.99,0.39,669.0,486.8,8.4,25.8,4.81,57.89,0.08,0.17,4,28.0,22.5,9.0,3.0,62.5,ACCUMULATE ⭐⭐⭐,Expected ~52% CAGR (2yr) | Revenue CAGR 30% | Profit CAGR 54% | ROCE trend rising ↑ | Promoter 54% holding | OPM 27%,Pattern still forming (not broken out),3-4 years,Medium-High,"yfinance, screener.in",100,132,,2026-08-01,2026-06-01,61,3.9,9,1.0
PREMEXPLN,Premier Explosives Limited,Basic Materials,Specialty Chemicals,3561.0,Small-Cap,MonthlyStage2,Stage Change,1.0,24,10-EMA=603 | 30-EMA=493 | Above by 32.8% | MA turning=Yes,MonthlyDoubleBottom+MonthlyStage2,Sideways-Above-MA,True,False,Constructive,False,Stage2,1,Uptrend,Uptrend,655.25,493.37,333.32,556.96,341.94,653.42,1199.71,640.5,,,77.53,41.91,12.35,0.89,91.75,8.0,18.56,710.0,1,none,18.6,22.6,4.63,10.0,1.37,11.8,3.33,-6.95,24.31,20.61,58.62,87.31,33.13,76.1,0.15,highly inconsistent earnings,0.11,,1.65,,-51.95,-1.46,41.33,0.0,,1.67,0.49,9.37,0.2,829.8,378.4,21.0,73.2,31.11,159.98,1.0,1.15,5,28.0,22.5,5.0,7.0,62.5,ACCUMULATE ⭐⭐⭐,Revenue CAGR 24% | Profit CAGR 87% | ROCE 23% | ROCE trend rising ↑ | Low D/E 0.11 | Piotroski F=5 (above average quality),High PE 78,3-4 years,Medium-High,"yfinance, screener.in",100,122,,2026-08-01,2026-06-01,61,24.9,9,2.0
SIEMENS,Siemens Limited,Industrials,Specialty Industrial Machinery,131401.0,Large-Cap,MonthlyDoubleBottom,Forming,1.0,26,Sep 26mo | Mid rally 210% | Asymmetry 0%,MonthlyCupHandle+MonthlyDoubleBottom+MonthlyStage2,Uptrend,True,False,Tight-Above-MAs,True,Stage2,4,Uptrend,Uptrend,3546.1,526.5,169.39,3014.18,1978.22,2955.51,2910.7,2399.59,,,77.52,53.66,9.49,3.64,66.34,49.0,14.47,3789.38,26,hold,19.2,21.4,1.83,12.0,0.57,9.46,,64.04,15.47,20.09,1.32,21.3,29.06,-36.4,0.4,lumpy earner,0.02,,2.57,,,,75.0,0.0,,6.47,-0.33,9.1,0.51,3937.3,2826.0,9.9,25.5,16.65,29.46,0.32,0.6,4,30.0,28.5,0.0,4.0,62.5,ACCUMULATE ⭐⭐⭐,Revenue CAGR 15% | Profit CAGR 21% | ROCE 21% | ROCE trend rising ↑ | Nearly debt-free | Promoter 75% holding,High PE 78 | Earnings due 2026-08-06 | Pattern still forming (not broken out),3-4 years,Medium-High,"yfinance, screener.in",80,331,2026-08-06,2026-08-01,2026-06-01,61,-0.1,9,11.0
PLASTIBLEN,Plastiblends India Limited,Basic Materials,Specialty Chemicals,491.0,Micro-Cap,MonthlyDoubleBottom,Forming,1.0,36,Sep 36mo | Mid rally 211% | Asymmetry 9%,,Uptrend,True,False,Tight-Above-MAs,True,Stage2,1,Uptrend,Uptrend,184.76,393.82,121.01,157.05,582.62,976.47,1636.56,976.47,428.5,129.9,11.48,,1.09,0.17,7.51,142.0,-14.5,,0,none,,,,8.24,,5.27,,11.0,,,67.6,,,67.5,0.5,insufficient history,0.05,,,,,,62.82,0.0,,0.25,0.01,0.0,0.0,216.29,121.01,14.6,52.7,-1.15,-42.35,8.51,0.34,1,20.0,28.5,12.0,2.0,62.5,ACCUMULATE ⭐⭐⭐,Expected ~130% CAGR (2yr) | Profit CAGR 68% | Nearly debt-free | Promoter 63% holding | PEG 0.17 — deeply undervalued | EV/EBITDA 8× vs sector 10×,Pattern still forming (not broken out),3-4 years,Medium-High,"yfinance, screener.in",50,236,,2026-08-01,2026-08-01,0,11.4,1,7.0
DCI,DC Infotech and Communication Limited,Technology,Electronics & Computer Distribution,472.0,Micro-Cap,MonthlyCupHandle,Forming,0.732,17,Cup 17mo | Depth 25% | Prior gain 36% | R²=0.81,MonthlyCupHandle+MonthlyDoubleBottom+MonthlyStage2,Uptrend,True,False,Uptrend,True,Downtrend,0,Uptrend,Uptrend,277.55,362.33,272.3,258.69,669.43,1026.91,1575.28,1026.91,270.0,92.4,21.37,,4.3,0.4,14.81,0.0,,,0,none,23.6,22.9,,5.0,-0.0,2.88,7.01,32.55,,,50.0,,,52.4,0.5,insufficient history,0.81,,1.38,,-38.02,-8.05,62.2,0.0,,1.16,-0.12,,,475.0,201.35,41.6,37.8,15.85,56.63,0.12,-0.26,2,28.0,21.28,11.0,2.0,62.3,ACCUMULATE ⭐⭐⭐,Expected ~92% CAGR (2yr) | Revenue CAGR 39% | Profit CAGR 53% | ROE 24% | ROCE 23% | Promoter 62% holding,Pattern still forming (not broken out),3-4 years,Medium-High,"yfinance, screener.in",80,79,,2026-08-01,2026-08-01,0,0.0,1,0.0
SRM,SRM CONTRACTORS LIMITED,Industrials,Engineering & Construction,1165.0,Small-Cap,None,,0.0,0,,,Sideways-Above-MA,True,False,Constructive,False,Stage2,4,Uptrend,Uptrend,492.0,,,418.2,3039.74,5474.56,9859.69,5474.56,1012.7,233.6,10.49,,3.14,0.13,6.88,0.0,,,0,none,34.3,37.1,-0.2,16.0,1.17,10.82,13.52,94.32,50.66,45.01,101.82,80.1,69.22,126.5,0.4,lumpy earner,0.33,,1.59,,-70.78,-6.08,72.59,0.0,,0.1,-0.33,0.25,-0.86,649.95,361.35,24.3,36.2,7.23,,,0.52,5,38.0,9.0,13.0,2.0,62.0,ACCUMULATE ⭐⭐⭐,Expected ~234% CAGR (2yr) | Revenue CAGR 51% | Profit CAGR 80% | ROE 34% | ROCE 37% | Promoter 73% holding,None identified,3-4 years,Medium-High,"yfinance, screener.in",100,28,,2026-08-01,2026-06-01,61,1.3,9,1.0
RAMRAT,Ram Ratna Wires Limited,Industrials,Electrical Equipment & Parts,3866.0,Small-Cap,MonthlyDoubleBottom,Breakout Ready,0.45,15,Sep 15mo | Mid rally 49% | Asymmetry 4%,,Uptrend,True,False,Uptrend,True,Stage2,4,Uptrend,Uptrend,460.25,391.54,258.4,391.21,607.5,804.14,1064.44,804.14,74.7,32.2,36.1,,6.67,1.12,17.42,60.0,0.0,,0,none,20.6,23.6,2.31,5.0,0.06,2.08,8.55,40.79,25.01,27.66,55.71,32.37,46.78,69.1,0.15,highly inconsistent earnings,1.15,,1.15,,-359.5,-9.3,69.3,0.0,,0.47,0.3,0.62,0.18,520.0,268.0,11.5,71.7,30.06,181.28,1.36,0.4,4,27.0,21.9,6.0,7.0,61.9,ACCUMULATE ⭐⭐⭐,Expected ~32% CAGR (2yr) | Revenue CAGR 25% | Profit CAGR 32% | ROE 21% | ROCE 24% | ROCE trend rising ↑,High D/E 1.2,3-4 years,Medium-High,"yfinance, screener.in",100,49,,2026-08-01,2026-06-01,61,8.1,9,-2.7
HSCL,Himadri Speciality Chemical Limited,Basic Materials,Specialty Chemicals,39838.0,Large-Cap,MonthlyCupHandle,Forming,0.803,21,Cup 21mo | Depth 30% | Prior gain 93% | R²=0.99,,Uptrend,True,False,Tight-Above-MAs,True,Stage2,1,Uptrend,Uptrend,680.8,688.78,483.65,578.68,371.54,893.91,581.18,464.69,31.3,14.6,49.5,38.33,8.46,1.97,37.77,10.0,47.36,720.0,1,hold,17.8,22.1,4.2,20.0,3.06,16.07,,6.72,5.93,12.25,6.49,25.07,83.16,26.3,0.15,highly inconsistent earnings,0.16,,,,,,52.49,0.0,,6.8,0.82,3.33,0.11,819.5,418.5,16.9,62.7,53.58,178.43,1.03,0.32,2,25.0,25.64,1.0,10.0,61.6,ACCUMULATE ⭐⭐⭐,Expected ~15% CAGR (2yr) | Profit CAGR 25% | ROCE 22% | ROCE trend rising ↑ | Low D/E 0.16 | Promoter 52% holding,Pattern still forming (not broken out),3-4 years,Medium-High,"yfinance, screener.in",80,233,,2026-08-01,2026-08-01,0,0.0,1,2.0
PIXTRANS,PIX Transmissions Limited,Industrials,Specialty Industrial Machinery,2406.0,Small-Cap,MonthlyDoubleBottom,Forming,1.0,14,Sep 14mo | Mid rally 133% | Asymmetry 4%,MonthlyCupHandle+MonthlyDoubleBottom+MonthlyStage2,Sideways-Above-MA,True,False,Constructive,False,Stage2,4,Uptrend,Uptrend,1690.6,2783.67,1173.0,1437.01,3016.22,4394.34,4204.76,3561.25,159.9,61.2,22.52,,3.45,1.25,13.88,51.0,14.47,,0,none,16.4,21.7,-0.34,26.0,-0.34,18.31,10.49,-1.85,6.19,8.9,-5.31,18.07,10.48,-10.7,0.15,highly inconsistent earnings,0.04,,6.86,,106.04,4.41,62.06,0.0,,0.61,0.2,2.7,0.19,1937.9,1220.1,12.8,38.6,23.39,18.2,0.79,-0.05,4,27.0,21.5,7.0,6.0,61.5,ACCUMULATE ⭐⭐⭐,Expected ~61% CAGR (2yr) | ROCE 22% | Nearly debt-free | Promoter 62% holding | OPM 26% | FCF yield 4.4%,Pattern still forming (not broken out),3-4 years,Medium-High,"yfinance, screener.in",100,52,,2026-08-01,2026-06-01,61,10.4,9,-7.0
TMB,Tamilnad Mercantile Bank Limited,Financial Services,Banks - Regional,12739.0,Mid-Cap,MonthlyStage2,Stage Change,1.0,24,10-EMA=653 | 30-EMA=544 | Above by 49.7% | MA turning=Yes,MonthlyDoubleBottom+MonthlyStage2,Uptrend,True,True,Uptrend,True,Stage2,12,Uptrend,Uptrend,814.05,543.83,399.27,691.94,2363.15,3024.83,3871.78,3024.83,271.6,92.8,9.52,,1.26,0.34,,155.0,7.72,,0,none,13.99,,,54.29,,39.86,1.89,23.5,,,28.0,,,28.0,0.5,insufficient history,,,,,,,,,,6.73,0.54,1.96,0.05,847.0,411.8,3.9,97.7,97.92,31.53,0.5,0.43,2,18.0,26.5,9.0,8.0,61.5,ACCUMULATE ⭐⭐⭐,Expected ~93% CAGR (2yr) | Revenue CAGR 24% | Profit CAGR 28% | OPM 54% | FII buying +0.5% ↑ | PEG 0.34 — deeply undervalued,None identified,3-4 years,Medium-High,"yfinance, screener.in",40,47,,2026-08-01,2026-06-01,61,19.8,9,-2.0
BEL,Bharat Electronics Limited,Industrials,Aerospace & Defense,296046.0,Large-Cap,MonthlyDoubleBottom,Forming,1.0,41,Sep 41mo | Mid rally 112% | Asymmetry 5%,,Downtrend,False,False,Below-MAs,False,Stage2,4,Uptrend,Uptrend,414.85,55.0,25.4,352.62,387.54,490.5,621.33,490.71,18.2,8.7,48.8,35.65,12.34,1.83,35.73,107.0,2.7,490.18,28,buy,27.6,36.5,2.46,29.0,1.51,21.96,10.97,16.16,15.9,14.37,13.88,26.62,23.62,4.6,0.75,consistent growth,0.0,,1.98,,-390.91,-0.13,51.14,0.0,,18.02,-1.49,21.02,1.02,473.45,361.2,12.4,14.9,13.94,194.16,0.31,0.25,6,38.0,16.5,3.0,4.0,61.5,ACCUMULATE ⭐⭐⭐,Expected ~9% CAGR (2yr) | Revenue CAGR 16% | Profit CAGR 27% | ROE 28% | ROCE 36% | ROCE trend rising ↑,Earnings due 2026-07-27 | Pattern still forming (not broken out),3-4 years,Medium-High,"yfinance, screener.in",100,289,2026-07-27,2026-08-01,2026-06-01,61,-1.9,9,0.0
CAPACITE,Capacit'e Infraprojects Limited,Industrials,Engineering & Construction,1800.0,Small-Cap,MonthlyDoubleBottom,Forming,1.0,29,Sep 29mo | Mid rally 153% | Asymmetry 4%,,Downtrend,False,False,Below-MAs,False,Stage2,4,Uptrend,Uptrend,240.0,465.0,180.0,204.0,1164.46,1021.27,1867.82,1474.79,325.5,106.3,9.4,6.31,0.94,0.35,5.17,0.0,0.0,341.0,3,none,10.4,15.5,1.94,16.0,0.06,7.3,5.53,11.62,13.39,24.41,-5.39,26.65,149.41,-11.1,0.15,highly inconsistent earnings,0.25,,1.68,,173.94,9.66,31.69,0.0,,14.16,-0.8,7.73,-0.09,334.0,180.0,28.1,33.3,-13.96,-9.9,0.54,0.09,7,27.0,16.5,18.0,0.0,61.5,ACCUMULATE ⭐⭐⭐,Expected ~106% CAGR (2yr) | Profit CAGR 27% | ROCE trend rising ↑ | Low D/E 0.25 | FCF yield 9.7% | Piotroski F=7 (high quality compounder),Pattern still forming (not broken out),3-4 years,Medium-High,"yfinance, screener.in",100,107,,2026-08-01,2026-06-01,61,6.6,9,0.0
NGLFINE,NGL Fine-Chem Limited,Healthcare,Drug Manufacturers - General,1980.0,Small-Cap,MonthlyStage2,Stage Change,1.0,24,10-EMA=2376 | 30-EMA=1956 | Above by 67.7% | MA turning=Yes,MonthlyDoubleBottom+MonthlyStage2,Uptrend,True,False,Uptrend,True,Stage2,6,Uptrend,Uptrend,3280.0,1955.89,1057.08,2788.0,5543.09,7421.64,9936.83,7421.64,126.3,50.4,41.15,,6.01,1.21,28.12,5.0,0.0,,0,none,15.7,17.0,-7.2,15.0,-3.23,9.61,6.78,36.14,21.69,14.19,128.57,33.89,-3.38,1536.6,0.15,highly inconsistent earnings,0.33,,1.84,,-71.4,-3.61,72.49,-0.24,,0.05,0.02,0.02,0.02,3329.0,1175.5,1.5,179.0,131.78,22.2,1.24,0.62,4,21.0,26.5,4.0,10.0,61.5,ACCUMULATE ⭐⭐⭐,Expected ~50% CAGR (2yr) | Revenue CAGR 22% | Profit CAGR 34% | Promoter 72% holding | Margin compressing ↓ ⚠️ | PEG 1.21 — fair value,Margin compression ↓,3-4 years,Medium-High,"yfinance, screener.in",100,49,,2026-08-01,2026-06-01,61,44.1,9,0.5
MARKSANS,Marksans Pharma Limited,Healthcare,Drug Manufacturers - General,11161.0,Mid-Cap,MonthlyStage2,Stage Change,1.0,24,10-EMA=219 | 30-EMA=197 | Above by 31.4% | MA turning=Yes,MonthlyCupHandle+MonthlyDoubleBottom+MonthlyStage2,Uptrend,True,False,Uptrend,True,Stage2,6,Uptrend,Uptrend,258.6,196.73,156.89,219.81,488.12,447.85,663.51,569.09,73.2,31.6,26.74,18.24,3.69,1.61,17.55,37.0,47.36,266.0,3,none,15.2,18.8,-3.0,20.0,-0.37,14.16,8.84,12.5,16.8,16.49,9.66,16.59,11.94,63.6,0.15,highly inconsistent earnings,0.11,,5.17,,70.35,0.63,43.87,0.0,,17.47,0.71,6.19,-0.38,281.6,155.0,8.2,66.8,54.82,104.4,1.25,1.09,5,21.0,26.5,6.0,8.0,61.5,ACCUMULATE ⭐⭐⭐,Expected ~32% CAGR (2yr) | Revenue CAGR 17% | Low D/E 0.11 | Piotroski F=5 (above average quality) | FII buying +0.7% ↑ | Dividend growing 47%/yr,None identified,3-4 years,Medium-High,"yfinance, screener.in",100,289,,2026-08-01,2026-06-01,61,19.0,9,3.5
MEDICO,Medico Remedies Limited,Healthcare,Drug Manufacturers - Specialty & Generic,315.0,Micro-Cap,MonthlyDoubleBottom,Forming,1.0,14,Sep 14mo | Mid rally 122% | Asymmetry 7%,MonthlyCupHandle+MonthlyDoubleBottom,Sideways-Above-MA,True,False,Constructive,True,Stage2,6,Uptrend,Uptrend,47.54,79.83,34.8,40.41,141.69,193.41,264.0,193.41,306.8,101.7,24.04,,4.15,0.66,19.31,,,,0,none,19.02,,,11.18,,6.35,6.38,37.5,,,36.5,,,34.9,0.5,insufficient history,0.25,,1.66,,-8.76,-2.78,61.38,0.0,,0.08,0.05,0.0,0.0,56.88,30.22,16.4,57.3,25.25,-65.96,0.64,0.6,4,27.0,21.5,9.0,4.0,61.5,ACCUMULATE ⭐⭐⭐,Expected ~102% CAGR (2yr) | Revenue CAGR 38% | Profit CAGR 36% | Low D/E 0.25 | Promoter 61% holding | PEG 0.66 — undervalued,Pattern still forming (not broken out),3-4 years,Medium-High,"yfinance, screener.in",70,51,,2026-08-01,2026-06-01,61,5.8,9,5.0
EIMCOELECO,Eimco Elecon (India) Limited,Industrials,Farm & Heavy Construction Machinery,1032.0,Small-Cap,MonthlyDoubleBottom,Forming,1.0,40,Sep 40mo | Mid rally 251% | Asymmetry 5%,MonthlyDoubleBottom+MonthlyStage2,Uptrend,True,False,Tight-Above-MAs,True,Stage2,4,Uptrend,Uptrend,1744.6,592.92,164.95,1482.91,3677.67,5607.71,8550.63,5607.71,221.4,79.3,26.04,18.83,2.21,0.5,22.01,22.0,-7.17,2106.0,1,none,10.4,13.2,0.8,18.0,1.4,16.3,,31.79,21.86,4.27,95.0,52.48,11.14,6.2,0.15,highly inconsistent earnings,0.01,,,,,,48.96,0.0,,3.25,0.15,0.98,-0.07,2553.4,1405.5,31.7,24.1,-21.4,76.86,0.93,0.11,3,25.0,28.5,8.0,0.0,61.5,ACCUMULATE ⭐⭐⭐,Expected ~79% CAGR (2yr) | Revenue CAGR 22% | Profit CAGR 52% | ROCE trend rising ↑ | Nearly debt-free | PEG 0.50 — deeply undervalued,Pattern still forming (not broken out),3-4 years,Medium-High,"yfinance, screener.in",80,289,,2026-08-01,2026-06-01,61,9.8,9,11.0
20MICRONS,20 Microns Limited,Basic Materials,Other Industrial Metals & Mining,721.0,Small-Cap,MonthlyDoubleBottom,Forming,1.0,24,Sep 24mo | Mid rally 166% | Asymmetry 1%,MonthlyDoubleBottom+MonthlyStage2,Sideways-Above-MA,True,False,Constructive,False,Stage2,1,Uptrend,Uptrend,198.34,346.44,129.61,168.59,463.97,563.27,633.39,542.1,184.0,68.5,10.79,,1.49,0.64,6.75,61.0,18.56,,0,none,14.5,17.3,0.37,13.0,0.2,7.0,8.77,4.49,10.77,14.54,8.06,16.84,23.84,15.7,0.4,lumpy earner,0.32,,1.92,,47.42,6.58,45.04,0.0,,0.41,0.0,0.07,-0.03,267.02,129.61,25.7,53.0,-13.19,47.68,0.27,0.62,7,27.0,22.5,11.0,1.0,61.5,ACCUMULATE ⭐⭐⭐,Expected ~68% CAGR (2yr) | ROCE trend rising ↑ | FCF yield 6.6% | Piotroski F=7 (high quality compounder) | Dividend growing 19%/yr | PEG 0.64 — undervalued,Pattern still forming (not broken out),3-4 years,Medium-High,"yfinance, screener.in",100,214,,2026-08-01,2026-06-01,61,20.1,9,14.0
KPIL,Kalpataru Projects International Limited,Industrials,Engineering & Construction,22199.0,Mid-Cap,MonthlyStage2,Stage Change,0.982,24,10-EMA=1241 | 30-EMA=1118 | Above by 14.7% | MA turning=Yes,MonthlyDoubleBottom+MonthlyStage2,Sideways-Above-MA,True,False,Constructive,False,Stage2,4,Uptrend,Uptrend,1282.7,1118.07,872.33,1090.3,2881.61,2918.45,5122.6,3842.05,127.5,50.8,21.37,14.54,2.85,0.64,10.96,85.0,16.26,1533.05,20,strong_buy,13.7,18.3,0.31,9.0,-0.43,3.83,4.12,21.63,18.38,15.95,81.83,33.33,9.26,92.6,0.15,highly inconsistent earnings,0.46,,1.25,,379.54,1.71,33.58,0.0,,10.77,-0.15,44.84,-0.28,1479.6,1007.1,13.3,27.4,3.6,71.34,0.6,0.37,5,24.0,22.28,12.0,3.0,61.3,ACCUMULATE ⭐⭐⭐,Expected ~51% CAGR (2yr) | Revenue CAGR 18% | Profit CAGR 33% | ROCE trend rising ↑ | Piotroski F=5 (above average quality) | Dividend growing 16%/yr,Earnings due 2026-08-06,3-4 years,Medium-High,"yfinance, screener.in",100,39,2026-08-06,2026-08-01,2026-06-01,61,2.5,9,-2.2
ENDURANCE,Endurance Technologies Limited,Consumer Cyclical,Auto Parts,37051.0,Large-Cap,MonthlyStage2,Stage Change,0.974,24,10-EMA=2567 | 30-EMA=2344 | Above by 14.6% | MA turning=Yes,MonthlyDoubleBottom+MonthlyStage2,Uptrend,True,True,Uptrend,True,Stage2,3,Uptrend,Uptrend,2686.4,2343.96,1758.83,2283.44,4147.79,4294.67,6547.46,5211.29,59.9,26.4,38.91,26.28,5.42,1.52,18.57,44.0,16.96,2919.75,16,buy,14.9,17.8,0.49,13.0,-0.4,6.52,7.41,26.25,18.35,17.39,13.88,25.64,12.86,12.8,0.15,highly inconsistent earnings,0.19,,1.55,,153.57,0.41,75.0,0.0,,12.69,-0.45,10.06,0.29,3079.9,2142.8,12.8,25.4,-5.09,37.92,0.35,0.68,6,27.0,26.19,6.0,2.0,61.2,ACCUMULATE ⭐⭐⭐,Expected ~26% CAGR (2yr) | Revenue CAGR 18% | Profit CAGR 26% | ROCE trend rising ↑ | Low D/E 0.19 | Promoter 75% holding,None identified,3-4 years,Medium-High,"yfinance, screener.in",100,118,,2026-08-01,2026-06-01,61,5.5,9,2.9
COFORGE,Coforge Limited,Technology,Information Technology Services,65726.0,Large-Cap,MonthlyDoubleBottom,Forming,0.964,29,Sep 29mo | Mid rally 105% | Asymmetry 9%,MonthlyDoubleBottom+MonthlyStage2,Sideways-Above-MA,True,False,Constructive,True,Downtrend,0,Uptrend,Uptrend,1503.8,1984.96,924.97,1278.23,1979.53,3044.95,3491.07,2628.82,102.5,42.3,33.9,21.73,5.23,1.03,16.29,108.0,-35.92,1716.29,35,buy,20.6,23.5,-1.23,18.0,-0.11,9.48,10.8,36.11,26.96,28.6,86.43,32.8,30.22,134.4,0.15,highly inconsistent earnings,0.07,,1.61,,1715.94,2.61,,,,24.31,-6.35,42.62,-13.56,1989.7,1008.1,24.4,49.2,-11.49,16.31,0.54,0.23,5,32.0,21.07,8.0,0.0,61.1,ACCUMULATE ⭐⭐⭐,Expected ~42% CAGR (2yr) | Revenue CAGR 27% | Profit CAGR 33% | ROE 21% | ROCE 24% | Nearly debt-free,Earnings due 2026-07-27 | Pattern still forming (not broken out),3-4 years,Medium-High,"yfinance, screener.in",90,264,2026-07-27,2026-08-01,2026-06-01,61,6.5,9,0.0
MACPOWER,Macpower CNC Machines Limited,Industrials,Specialty Industrial Machinery,1345.0,Small-Cap,MonthlyStage2,Breaking Out,1.0,24,10-EMA=1109 | 30-EMA=972 | Above by 50.0% | MA turning=Yes,MonthlyDoubleBottom+MonthlyStage2,Uptrend,True,False,Tight-Above-MAs,True,Stage2,4,Uptrend,Uptrend,1458.2,972.13,744.29,1239.47,1450.38,1701.3,1995.62,1701.3,16.7,8.0,39.68,,7.68,2.29,24.85,11.0,14.47,,0,none,21.3,,,14.22,,10.17,12.02,24.8,,,17.3,,,17.2,0.5,insufficient history,0.0,,2.34,,-4.37,-0.32,73.22,0.05,,0.57,-0.54,0.39,-0.13,1470.0,761.0,0.8,91.6,81.27,364.74,1.79,-0.42,4,23.0,30.0,0.0,8.0,61.0,ACCUMULATE ⭐⭐⭐,Expected ~8% CAGR (2yr) | Revenue CAGR 25% | ROE 21% | Nearly debt-free | Promoter 73% holding | Dividend growing 14%/yr,None identified,3-4 years,Medium-High,"yfinance, screener.in",70,101,,2026-08-01,2026-06-01,61,29.0,9,-7.5
NILASPACES,Nila Spaces Limited,Real Estate,Real Estate - Development,468.0,Micro-Cap,MonthlyDoubleBottom,Forming,0.826,8,Sep 8mo | Mid rally 86% | Asymmetry 4%,,Downtrend,False,False,Below-MAs,False,Stage2,3,Uptrend,Uptrend,11.84,19.4,10.21,10.06,63.81,155.61,379.46,155.61,1214.3,262.5,16.29,,2.67,0.11,9.07,0.0,,,0,none,18.2,31.3,6.46,31.0,34.51,15.43,9.61,36.03,469.8,32.68,93.33,143.85,96.1,97.1,0.2,multiple loss years in history,0.46,,2.69,,-62.63,-13.37,61.9,0.0,,0.0,-0.05,,,20.47,11.35,42.2,4.3,-12.36,238.58,0.37,0.85,5,36.0,12.91,12.0,0.0,60.9,ACCUMULATE ⭐⭐⭐,Expected ~262% CAGR (2yr) | Revenue CAGR 470% | Profit CAGR 144% | ROCE 31% | ROCE trend rising ↑ | Promoter 62% holding,Pattern still forming (not broken out),3-4 years,Medium-High,"yfinance, screener.in",100,92,,2026-08-01,2026-06-01,61,-10.0,9,-2.0
MARICO,Marico Limited,Consumer Defensive,Household & Personal Products,110876.0,Large-Cap,MonthlyDoubleBottom,Forming,0.686,40,Sep 40mo | Mid rally 74% | Asymmetry 6%,,Uptrend,True,False,Uptrend,True,Stage2,15,Uptrend,Uptrend,855.6,365.32,203.82,727.26,612.69,774.61,756.26,680.7,,,62.91,44.86,26.38,5.67,48.44,47.0,18.88,915.47,38,buy,42.8,47.0,0.77,17.0,-0.2,12.95,14.47,25.67,11.71,11.08,9.35,11.1,8.62,14.0,0.4,lumpy earner,0.12,,1.43,,2388.09,2.15,58.92,-0.01,,23.4,-0.68,12.87,0.7,873.0,690.2,2.0,24.0,19.95,29.47,0.86,0.17,5,32.0,22.73,0.0,6.0,60.7,ACCUMULATE ⭐⭐⭐,ROE 43% | ROCE 47% | ROCE trend rising ↑ | Low D/E 0.12 | Promoter 59% holding | Piotroski F=5 (above average quality),High PE 63 | Earnings due 2026-08-04 | Pattern still forming (not broken out),3-4 years,Medium-High,"yfinance, screener.in",100,363,2026-08-04,2026-08-01,2026-06-01,61,2.9,9,-3.0
GPTHEALTH,GPT Healthcare Limited,Healthcare,Medical Care Facilities,1310.0,Small-Cap,MonthlyDoubleBottom,Forming,0.633,9,Sep 9mo | Mid rally 64% | Asymmetry 1%,MonthlyDoubleBottom+MonthlyStage2,Uptrend,True,False,Uptrend,True,Stage2,6,Uptrend,Uptrend,158.11,203.87,124.04,134.39,243.18,283.7,314.37,276.49,79.4,34.0,30.94,15.96,4.86,2.26,18.06,188.0,-28.57,136.0,1,none,28.5,23.7,10.0,22.0,2.5,8.94,8.6,38.68,,,100.0,,,13.0,1.0,steady compounder (low CV),0.34,,1.12,,20.67,1.58,65.57,0.0,,3.03,0.22,6.94,0.1,185.0,115.0,14.5,37.5,8.39,,0.42,0.46,6,34.0,20.6,3.0,3.0,60.6,ACCUMULATE ⭐⭐⭐,Expected ~34% CAGR (2yr) | Revenue CAGR 25% | ROE 28% | ROCE 24% | ROCE trend rising ↑ | Promoter 66% holding,Pattern still forming (not broken out),3-4 years,Medium-High,"yfinance, screener.in",80,30,,2026-08-01,2026-06-01,61,10.7,9,3.0
STAR,Strides Pharma Science Limited,Healthcare,Drug Manufacturers - Specialty & Generic,9402.0,Mid-Cap,MonthlyDoubleBottom,Forming,1.0,26,Sep 26mo | Mid rally 276% | Asymmetry 1%,,Sideways-Above-MA,True,False,Constructive,False,Stage2,6,Uptrend,Uptrend,1068.1,986.17,260.8,907.88,8786.88,14491.31,61570.86,23259.74,1256.7,268.3,16.89,10.69,3.03,0.1,13.5,49.0,100.0,1338.67,3,none,20.0,18.3,3.34,19.0,2.6,11.45,6.26,6.44,9.63,7.94,-84.02,164.71,-3.41,54.4,0.2,multiple loss years in history,0.56,,1.25,,-4.41,-0.05,27.91,0.0,,28.4,-0.28,15.42,0.98,1231.0,768.65,13.2,39.0,24.57,117.49,0.14,0.34,4,18.0,22.5,15.0,5.0,60.5,ACCUMULATE ⭐⭐⭐,Expected ~268% CAGR (2yr) | Profit CAGR 165% | ROCE trend rising ↑ | DII buying +1.0% ↑ | Dividend growing 100%/yr | PEG 0.10 — deeply undervalued,Pattern still forming (not broken out),3-4 years,Medium-High,"yfinance, screener.in",100,290,,2026-08-01,2026-06-01,61,-7.4,9,-12.0
BANCOINDIA,Banco Products (India) Limited,Consumer Cyclical,Auto Parts,8703.0,Mid-Cap,MonthlyDoubleBottom,Forming,0.71,8,Sep 8mo | Mid rally 75% | Asymmetry 4%,,Downtrend,False,False,Below-MAs,False,Stage2,3,Uptrend,Uptrend,681.85,41.16,23.09,579.57,2217.08,2813.04,3569.18,2813.04,312.6,103.1,18.9,,5.17,0.7,13.44,263.0,-10.07,,0,none,31.2,30.9,2.43,17.0,1.11,12.36,11.57,21.26,18.66,20.51,22.96,26.88,33.42,-4.0,0.75,consistent growth,0.36,,2.25,,-17.15,-0.2,67.88,0.0,,3.92,-0.14,0.24,0.02,879.8,502.0,22.5,35.8,21.92,172.8,0.11,0.65,6,35.0,11.52,10.0,4.0,60.5,ACCUMULATE ⭐⭐⭐,Expected ~103% CAGR (2yr) | Revenue CAGR 19% | Profit CAGR 27% | ROE 31% | ROCE 31% | ROCE trend rising ↑,Pattern still forming (not broken out),3-4 years,Medium-High,"yfinance, screener.in",100,236,,2026-08-01,2026-06-01,61,15.5,9,-8.0
IFBIND,IFB Industries Limited,Consumer Cyclical,"Furnishings, Fixtures & Appliances",5284.0,Small-Cap,MonthlyDoubleBottom,Forming,1.0,28,Sep 28mo | Mid rally 172% | Asymmetry 4%,MonthlyDoubleBottom+MonthlyStage2,Sideways-Above-MA,True,False,Below-MAs,True,Stage2,3,Uptrend,Uptrend,1402.9,2359.9,850.0,1192.47,4865.74,6795.89,21978.04,10341.15,384.4,120.1,36.77,20.87,5.31,0.33,18.36,0.0,,1478.0,3,none,15.7,19.5,3.0,6.0,0.14,2.56,5.09,10.35,10.23,14.94,21.01,112.53,40.82,126.1,0.15,highly inconsistent earnings,0.16,,1.33,,147.26,2.79,74.96,0.0,,0.79,-0.13,6.15,-0.01,2019.8,883.2,30.5,58.8,-3.44,22.6,0.67,0.33,6,27.0,21.5,12.0,0.0,60.5,ACCUMULATE ⭐⭐⭐,Expected ~120% CAGR (2yr) | Profit CAGR 113% | ROCE trend rising ↑ | Low D/E 0.16 | Promoter 75% holding | Piotroski F=6 (above average quality),Pattern still forming (not broken out),3-4 years,Medium-High,"yfinance, screener.in",100,289,,2026-08-01,2026-06-01,61,27.7,9,-3.0
INDIAGLYCO,India Glycols Limited,Basic Materials,Chemicals,7760.0,Small-Cap,MonthlyDoubleBottom,Forming,1.0,41,Sep 41mo | Mid rally 459% | Asymmetry 8%,,Uptrend,True,False,Tight-Above-MAs,True,Stage2,1,Uptrend,Uptrend,1158.7,216.52,37.22,984.89,1267.82,1617.86,2064.55,1617.86,39.6,18.2,25.19,,2.65,0.91,14.48,108.0,25.99,,0,none,11.3,12.4,0.63,15.0,0.74,6.95,4.86,11.76,16.68,12.69,26.84,27.61,17.29,35.7,0.15,highly inconsistent earnings,0.58,,0.74,,-315.34,-4.06,59.63,0.0,,2.24,-0.03,5.21,0.02,1222.0,792.5,5.2,46.2,44.89,190.74,0.53,0.26,5,18.0,28.5,6.0,8.0,60.5,ACCUMULATE ⭐⭐⭐,Expected ~18% CAGR (2yr) | Revenue CAGR 17% | Profit CAGR 28% | ROCE trend rising ↑ | Promoter 60% holding | Piotroski F=5 (above average quality),Pattern still forming (not broken out),3-4 years,Medium-High,"yfinance, screener.in",100,288,,2026-08-01,2026-06-01,61,16.1,9,8.0
WINDLAS,Windlas Biotech Limited,Healthcare,Drug Manufacturers - Specialty & Generic,1770.0,Small-Cap,MonthlyAscTriangle,Forming,1.0,16,3 resistance tests | Support rise 256% | Resistance flat 8.2%,MonthlyAscTriangle+MonthlyCupHandle+MonthlyDoubleBottom+MonthlyStage2,Uptrend,True,False,Uptrend,True,Stage2,6,Uptrend,Uptrend,846.4,1132.84,195.75,719.44,1512.25,2069.93,2012.14,1744.38,144.6,56.4,27.55,,3.37,1.79,15.15,73.0,16.35,,0,none,12.2,15.9,-0.14,12.0,-0.06,7.35,5.55,18.95,20.79,16.13,8.2,15.35,32.77,-1.8,0.15,highly inconsistent earnings,0.06,,1.95,,29.78,1.68,63.31,1.41,,2.04,1.44,9.84,-1.96,1097.9,697.4,22.9,21.4,-14.32,106.06,0.36,0.27,5,28.0,25.5,6.0,1.0,60.5,ACCUMULATE ⭐⭐⭐,Expected ~56% CAGR (2yr) | Revenue CAGR 21% | Nearly debt-free | Promoter 63% holding | Promoters buying ↑ | Piotroski F=5 (above average quality),Pattern still forming (not broken out),3-4 years,Medium-High,"yfinance, screener.in",100,60,,2026-08-01,2026-06-01,61,10.3,9,8.5
IRISDOREME,Iris Clothings Limited,Consumer Cyclical,Apparel Manufacturing,816.0,Small-Cap,MonthlyDoubleBottom,Forming,1.0,48,Sep 48mo | Mid rally 289% | Asymmetry 7%,,Uptrend,True,True,Tight-Above-MAs,True,Stage2,3,Uptrend,Uptrend,44.0,106.0,26.35,37.4,45.23,185.65,69.1,55.91,321.9,105.4,56.27,,6.38,2.38,32.21,,,,0,none,14.46,,,15.76,,8.48,8.48,50.4,,,23.6,,,43.5,0.5,insufficient history,0.24,,3.19,,-26.83,-3.29,61.17,0.0,,,0.0,0.74,-0.05,48.9,26.35,10.0,67.0,40.14,-64.96,0.77,-0.16,3,22.0,28.5,0.0,10.0,60.5,ACCUMULATE ⭐⭐⭐,Expected ~105% CAGR (2yr) | Revenue CAGR 50% | Profit CAGR 24% | Low D/E 0.24 | Promoter 61% holding | MonthlyDoubleBottom forming (48mo base),High PE 56 | Pattern still forming (not broken out),3-4 years,Medium-High,"yfinance, screener.in",70,93,,2026-08-01,2026-06-01,61,20.3,9,13.0
CAMPUS,Campus Activewear Limited,Consumer Cyclical,Footwear & Accessories,6619.0,Small-Cap,MonthlyDoubleBottom,Forming,0.744,13,Sep 13mo | Mid rally 76% | Asymmetry 1%,,Downtrend,False,False,Below-MAs,False,Stage2,3,Uptrend,Uptrend,231.09,370.52,209.77,199.28,407.1,531.27,802.83,571.7,129.9,51.6,44.01,30.68,7.32,1.09,23.11,69.0,,302.57,7,strong_buy,29.5,31.8,4.1,20.0,11.14,8.46,9.18,67.93,26.13,259.08,300.0,40.43,,26.0,0.15,highly inconsistent earnings,0.26,,2.37,,-11.2,-0.17,72.08,-0.01,,6.03,-0.04,11.39,-0.21,297.0,215.2,22.2,7.4,-11.57,-48.87,0.24,0.1,6,39.0,12.43,9.0,0.0,60.4,ACCUMULATE ⭐⭐⭐,Expected ~52% CAGR (2yr) | Revenue CAGR 26% | Profit CAGR 40% | ROE 30% | ROCE 32% | ROCE trend rising ↑,Pattern still forming (not broken out),3-4 years,Medium-High,"yfinance, screener.in",100,51,,2026-08-01,2026-06-01,61,-0.6,9,-4.0
HAL,Hindustan Aeronautics Limited,Industrials,Aerospace & Defense,305858.0,Large-Cap,MonthlyCupHandle,Forming,0.944,23,Cup 23mo | Depth 19% | Prior gain 132% | R²=0.97,MonthlyCupHandle+MonthlyStage2,Uptrend,True,False,Uptrend,True,Stage2,4,Uptrend,Uptrend,4460.7,5084.06,4137.25,3930.39,5098.3,6030.87,6869.74,5918.1,35.2,16.3,33.56,27.33,7.45,2.09,31.94,44.0,25.99,5165.96,25,buy,24.0,32.0,1.43,30.0,1.83,27.55,3.55,6.8,7.11,7.78,8.99,16.08,22.99,5.5,0.4,lumpy earner,0.0,,2.61,,-14431.69,-4.72,71.64,0.0,,9.34,-0.87,11.9,1.47,4978.0,3479.1,10.4,28.2,5.06,110.6,0.2,0.49,5,31.0,25.33,1.0,3.0,60.3,ACCUMULATE ⭐⭐⭐,Expected ~16% CAGR (2yr) | ROE 24% | ROCE 32% | ROCE trend rising ↑ | Nearly debt-free | Promoter 72% holding,Earnings due 2026-08-11 | Pattern still forming (not broken out),3-4 years,Medium-High,"yfinance, screener.in",100,100,2026-08-11,2026-08-01,2026-06-01,61,2.9,9,7.0
BAJAJ-AUTO,Bajaj Auto Limited,Consumer Cyclical,Auto Manufacturers,305605.0,Large-Cap,MonthlyCupHandle,Forming,0.932,20,Cup 20mo | Depth 21% | Prior gain 30% | R²=0.97,MonthlyCupHandle+MonthlyDoubleBottom,Uptrend,True,True,Uptrend,True,Stage2,3,Uptrend,Uptrend,10156.0,10533.55,8305.81,8632.6,18548.4,17300.99,24291.94,21226.79,70.4,30.5,26.46,23.64,8.01,1.83,19.45,135.0,2.33,11412.29,41,buy,29.2,28.2,1.06,20.0,0.8,16.25,,13.6,16.78,16.61,9.26,14.44,13.38,45.9,0.15,highly inconsistent earnings,0.56,,,,,,55.01,0.0,,9.01,0.19,13.42,-0.93,11331.0,7858.5,10.4,29.2,18.56,101.81,0.27,0.69,3,23.0,25.18,6.0,6.0,60.2,ACCUMULATE ⭐⭐⭐,Expected ~30% CAGR (2yr) | Revenue CAGR 17% | ROE 29% | ROCE 28% | ROCE trend rising ↑ | Promoter 55% holding,Earnings due 2026-10-15 | Pattern still forming (not broken out),3-4 years,Medium-High,"yfinance, screener.in",80,289,2026-10-15,2026-08-01,2026-06-01,61,-0.5,9,-13.1
WEALTH,Wealth First Portfolio Managers Limited,Financial Services,Capital Markets,1002.0,Small-Cap,MonthlyDoubleBottom,Forming,0.757,9,Sep 9mo | Mid rally 78% | Asymmetry 2%,MonthlyDoubleBottom+MonthlyStage2,Sideways-Above-MA,True,False,Below-MAs,True,Stage2,12,Uptrend,Uptrend,955.9,1388.83,771.33,812.51,1111.61,2006.33,2162.91,1550.59,109.9,44.9,25.91,,6.66,0.66,,170.0,10.06,,0,none,27.7,34.6,-0.91,72.0,0.49,54.41,24.22,13.33,32.85,22.16,11.76,39.49,23.93,,0.15,highly inconsistent earnings,,,5.79,,,,74.04,0.0,,0.04,,0.1,-0.01,1386.7,774.95,31.1,23.3,-19.21,185.98,0.17,-0.23,5,37.0,17.08,6.0,0.0,60.1,ACCUMULATE ⭐⭐⭐,Expected ~45% CAGR (2yr) | Revenue CAGR 33% | Profit CAGR 39% | ROE 28% | ROCE 35% | Promoter 74% holding,Pattern still forming (not broken out),3-4 years,Medium-High,"yfinance, screener.in",80,113,,2026-08-01,2026-06-01,61,6.0,9,4.0
RPGLIFE,RPG Life Sciences Limited,Healthcare,Drug Manufacturers - Specialty & Generic,4858.0,Small-Cap,MonthlyStage2,Breaking Out,1.0,24,10-EMA=2284 | 30-EMA=2024 | Above by 37.3% | MA turning=Yes,MonthlyDoubleBottom+MonthlyStage2,Uptrend,True,True,Tight-Above-MAs,True,Stage2,6,Uptrend,Uptrend,2778.1,2023.58,1857.7,2361.38,2304.54,2304.54,2304.54,2304.54,,,42.19,102.76,8.02,,31.35,82.0,25.99,,0,none,19.3,25.7,,21.0,-4.0,16.28,10.84,8.42,,,-37.16,,,-74.5,0.5,insufficient history,0.03,,3.48,,-16.17,-0.33,72.95,0.0,,0.95,0.08,8.68,1.23,3082.0,1733.0,9.9,60.3,20.62,110.07,2.24,-0.21,4,22.0,30.0,0.0,8.0,60.0,ACCUMULATE ⭐⭐⭐,Revenue CAGR 24% | Declining profits (-74% CAGR) ⚠️ | ROCE 26% | Nearly debt-free | Promoter 73% holding | Margin compressing ↓ ⚠️,Margin compression ↓,3-4 years,Medium-High,"yfinance, screener.in",80,288,,2026-08-01,2026-06-01,61,21.7,9,12.5
JSFB,Jana Small Finance Bank Limited,Financial Services,Banks - Regional,5676.0,Small-Cap,MonthlyStage2,Breaking Out,1.0,24,10-EMA=466 | 30-EMA=464 | Above by 21.3% | MA turning=Yes,,Uptrend,True,True,Uptrend,True,Stage2,12,Uptrend,Uptrend,563.35,464.28,359.65,478.85,1241.01,1372.62,2874.77,1888.81,143.7,56.1,14.92,7.9,1.26,0.29,,,,598.33,3,strong_buy,,,,18.67,,12.91,,25.1,,,52.2,,,52.3,0.5,insufficient history,,,,,,,16.94,-4.91,,4.01,-0.3,15.31,1.02,569.8,330.0,1.1,70.7,15.72,,3.61,0.72,1,18.0,28.0,10.0,4.0,60.0,ACCUMULATE ⭐⭐⭐,Expected ~56% CAGR (2yr) | Revenue CAGR 25% | Profit CAGR 52% | DII buying +1.0% ↑ | PEG 0.29 — deeply undervalued | MonthlyStage2 — Breaking Out,None identified,3-4 years,Medium-High,"yfinance, screener.in",40,30,,2026-08-01,2026-08-01,0,24.7,1,16.0
ADANIPORTS,Adani Ports and Special Economic Zone Limited,Industrials,Marine Shipping,407409.0,Large-Cap,MonthlyCupHandle,Forming,0.739,22,Cup 22mo | Depth 35% | Prior gain 76% | R²=0.99,MonthlyCupHandle+MonthlyDoubleBottom,Sideways-Above-MA,True,False,Constructive,False,Stage2,4,Uptrend,Uptrend,1828.1,1861.32,1202.57,1553.88,2887.23,3102.99,5133.36,3849.83,69.7,30.3,30.39,22.92,4.25,0.91,20.79,42.0,14.47,1982.72,25,strong_buy,16.4,14.1,0.43,59.0,-0.91,33.06,6.76,27.11,22.93,25.28,15.56,33.34,20.41,10.4,0.15,highly inconsistent earnings,0.64,,1.39,,-3192.01,-0.78,66.03,-1.99,,15.58,2.33,13.6,-0.26,1891.1,1290.5,3.3,41.7,40.15,107.15,0.36,0.51,4,26.0,18.87,7.0,8.0,59.9,WATCH ⭐⭐,Expected ~30% CAGR (2yr) | Revenue CAGR 23% | Profit CAGR 33% | ROCE trend rising ↑ | Promoter 66% holding | OPM 59%,Margin compression ↓ | Earnings due 2026-07-29 | Pattern still forming (not broken out),3-4 years,Medium-High,"yfinance, screener.in",100,225,2026-07-29,2026-08-01,2026-06-01,61,3.7,9,-6.5
CHALET,Chalet Hotels Limited,Consumer Cyclical,Lodging,17835.0,Mid-Cap,MonthlyDoubleBottom,Forming,0.557,8,Sep 8mo | Mid rally 61% | Asymmetry 6%,MonthlyDoubleBottom+MonthlyStage2,Sideways,False,False,Below-MAs,False,Stage2,3,Uptrend,Uptrend,839.75,1051.29,633.35,713.79,2775.55,2931.92,6427.82,4223.83,249.1,86.9,27.63,25.9,4.82,0.53,16.73,25.0,,994.05,21,strong_buy,19.2,17.1,3.83,43.0,7.94,23.29,8.33,61.23,34.91,57.48,354.23,52.18,38.4,31.6,0.2,multiple loss years in history,0.64,,0.7,,383.46,2.15,67.29,0.0,,4.26,-0.45,24.99,0.42,1082.0,691.35,22.4,21.5,-15.89,26.79,0.18,-0.06,6,34.0,12.68,12.0,1.0,59.7,WATCH ⭐⭐,Expected ~87% CAGR (2yr) | Revenue CAGR 35% | Profit CAGR 52% | ROCE trend rising ↑ | Promoter 67% holding | OPM 43%,Pattern still forming (not broken out),3-4 years,Medium-High,"yfinance, screener.in",100,90,,2026-08-01,2026-06-01,61,4.8,9,1.0
SYRMA,Syrma SGS Technology Limited,Technology,Electronic Components,24816.0,Mid-Cap,MonthlyDoubleBottom,Forming,0.717,6,Sep 6mo | Mid rally 73% | Asymmetry 2%,,Uptrend,True,False,Uptrend,True,Downtrend,0,Uptrend,Uptrend,1426.1,645.9,369.32,1212.18,886.25,1252.71,1765.95,1251.03,,,76.32,44.29,8.61,1.85,44.88,12.0,0.0,1255.24,25,buy,13.9,16.7,-0.2,11.0,-0.17,6.59,5.77,27.25,33.01,40.32,88.04,41.16,38.05,54.4,0.4,lumpy earner,0.13,,1.7,,7.27,0.03,42.28,0.0,,7.51,0.91,15.9,-0.69,1517.7,634.5,6.0,124.8,90.58,140.56,0.33,0.19,5,31.0,20.6,1.0,7.0,59.6,WATCH ⭐⭐,Revenue CAGR 33% | Profit CAGR 41% | Low D/E 0.13 | Piotroski F=5 (above average quality) | FII buying +0.9% ↑ | MonthlyDoubleBottom forming (6mo base),High PE 76 | Pattern still forming (not broken out),3-4 years,Medium-High,"yfinance, screener.in",100,48,,2026-08-01,2026-06-01,61,44.9,9,-3.0
STYLAMIND,Stylam Industries Limited,Consumer Cyclical,"Furnishings, Fixtures & Appliances",5794.0,Small-Cap,MonthlyStage2,Stage Change,1.0,24,10-EMA=2562 | 30-EMA=2095 | Above by 56.6% | MA turning=Yes,MonthlyCupHandle+MonthlyDoubleBottom+MonthlyStage2,Uptrend,True,False,Uptrend,True,Stage2,3,Uptrend,Uptrend,3281.5,2094.98,1576.4,2789.28,4223.11,3974.18,5102.53,4642.04,21.1,10.0,34.13,25.7,7.25,3.44,24.35,0.0,,2972.4,5,buy,20.5,27.0,0.66,20.0,0.86,14.47,,3.9,8.67,12.22,13.33,9.92,22.75,70.3,0.15,highly inconsistent earnings,0.04,,,,,,56.86,2.76,,2.62,-0.19,12.14,-1.17,4150.0,1594.1,20.9,105.9,95.64,64.93,0.22,0.09,2,24.0,26.5,2.0,7.0,59.5,WATCH ⭐⭐,Expected ~10% CAGR (2yr) | ROE 20% | ROCE 27% | ROCE trend rising ↑ | Nearly debt-free | Promoter 57% holding,None identified,3-4 years,Medium-High,"yfinance, screener.in",80,60,,2026-08-01,2026-06-01,61,18.3,9,-11.0
ALEMBICLTD,Alembic Limited,Real Estate,Real Estate - Development,2258.0,Small-Cap,MonthlyDoubleBottom,Forming,1.0,33,Sep 33mo | Mid rally 6454% | Asymmetry 1%,,Sideways,False,False,Below-MAs,True,Stage2,3,Uptrend,Uptrend,89.97,168.13,2.55,76.47,512.04,606.26,717.81,606.26,573.8,159.6,7.11,1.77,0.92,0.39,24.09,273.0,10.06,,0,none,13.0,6.07,1.0,38.0,5.46,132.25,1.91,8.11,23.63,26.53,1.93,18.4,-1.56,-1.9,0.15,highly inconsistent earnings,0.0,,1.95,,20.86,0.92,70.88,0.0,,1.25,0.0,0.06,0.01,115.99,70.46,22.4,27.7,-8.59,-7.66,0.29,0.63,7,29.0,19.5,10.0,1.0,59.5,WATCH ⭐⭐,Expected ~160% CAGR (2yr) | Revenue CAGR 24% | ROCE trend rising ↑ | Nearly debt-free | Promoter 71% holding | OPM 38%,Pattern still forming (not broken out),3-4 years,Medium-High,"yfinance, screener.in",100,289,,2026-08-01,2026-06-01,61,0.1,9,0.0
TAJGVK,TAJGVK Hotels & Resorts Limited,Consumer Cyclical,Lodging,2257.0,Small-Cap,MonthlyDoubleBottom,Forming,1.0,42,Sep 42mo | Mid rally 115% | Asymmetry 0%,MonthlyDoubleBottom+MonthlyStage2,Sideways-Above-MA,True,False,Below-MAs,True,Stage2,3,Uptrend,Uptrend,360.0,126.81,58.83,306.0,6428.1,10540.15,17282.69,10540.15,2827.8,441.1,5.51,124.1,2.21,0.09,17.01,56.0,60.0,,0,none,18.4,13.2,3.4,30.0,5.29,80.69,6.59,12.89,9.78,40.14,250.43,63.97,71.05,818.6,0.15,highly inconsistent earnings,0.09,,1.26,,-64.46,-2.86,71.0,0.0,,0.41,0.09,4.08,0.06,512.65,281.35,29.8,28.0,-10.63,25.44,0.41,0.24,4,26.0,21.5,12.0,0.0,59.5,WATCH ⭐⭐,Expected ~441% CAGR (2yr) | Profit CAGR 64% | ROCE trend rising ↑ | Nearly debt-free | Promoter 71% holding | OPM 30%,Pattern still forming (not broken out),3-4 years,Medium-High,"yfinance, screener.in",100,288,,2026-08-01,2026-06-01,61,16.6,9,2.0
VSSL,Vardhman Special Steels Limited,Basic Materials,Steel,2864.0,Small-Cap,MonthlyStage2,Stage Change,1.0,24,10-EMA=270 | 30-EMA=250 | Above by 18.4% | MA turning=Yes,MonthlyDoubleBottom+MonthlyStage2,Uptrend,True,False,Uptrend,True,Stage2,1,Uptrend,Uptrend,295.6,249.65,197.72,251.26,494.57,864.99,1512.88,864.99,192.6,71.1,22.58,13.28,2.35,0.3,11.57,101.0,19.68,,0,none,12.1,16.5,,8.0,-1.0,7.93,,6.2,,,1.09,,,107.0,0.5,insufficient history,0.07,,,,,,51.06,0.0,,0.55,0.0,3.27,-0.07,325.85,206.4,9.3,43.2,18.87,13.89,0.11,0.42,1,21.0,26.5,8.0,4.0,59.5,WATCH ⭐⭐,Expected ~71% CAGR (2yr) | Profit CAGR 75% | Nearly debt-free | Promoter 51% holding | Margin compressing ↓ ⚠️ | Dividend growing 20%/yr,Margin compression ↓,3-4 years,Medium-High,"yfinance, screener.in",60,171,,2026-08-01,2026-06-01,61,5.7,9,8.7
SURYODAY,Suryoday Small Finance Bank Limited,Financial Services,Banks - Regional,2052.0,Small-Cap,MonthlyStage2,Stage Change,1.0,24,10-EMA=156 | 30-EMA=150 | Above by 28.0% | MA turning=Yes,MonthlyDoubleBottom+MonthlyStage2,Sideways-Above-MA,True,False,Constructive,False,Stage2,12,Uptrend,Uptrend,192.04,150.07,100.31,163.23,825.43,1758.16,3744.89,1758.16,815.5,202.6,10.7,5.66,0.99,0.09,,78.0,,263.5,2,none,,,,23.87,,13.64,,45.4,,,113.0,,,113.1,0.5,insufficient history,,,,,,,22.48,0.0,,5.35,0.12,5.47,-0.25,218.0,115.41,11.9,66.4,58.7,-15.96,0.63,,1,19.0,22.5,10.0,8.0,59.5,WATCH ⭐⭐,Expected ~203% CAGR (2yr) | Revenue CAGR 45% | Profit CAGR 113% | PEG 0.09 — deeply undervalued | MonthlyStage2 forming (24mo base) | Sector in Stage2,None identified,3-4 years,Medium-High,"yfinance, screener.in",40,65,,2026-08-01,2026-08-01,0,0.0,1,-4.0
GULFOILLUB,Gulf Oil Lubricants India Limited,Basic Materials,Specialty Chemicals,5033.0,Small-Cap,MonthlyDoubleBottom,Forming,0.607,21,Sep 21mo | Mid rally 70% | Asymmetry 9%,MonthlyDoubleBottom+MonthlyStage2,Sideways-Above-MA,True,False,Below-MAs,True,Stage2,1,Uptrend,Uptrend,1039.9,1408.6,790.27,883.92,1845.92,2026.93,2404.86,2106.94,94.9,39.6,13.89,10.09,3.27,0.98,8.71,414.0,-5.65,1580.6,5,none,24.3,26.2,1.0,13.0,0.2,8.57,9.63,11.7,10.59,,-3.36,14.14,,-2.6,0.15,highly inconsistent earnings,0.36,,1.85,,232.22,4.61,66.85,-0.16,,7.78,-1.13,8.7,0.53,1329.0,865.0,21.8,20.2,-12.47,79.13,0.35,0.61,7,29.0,16.28,13.0,1.0,59.3,WATCH ⭐⭐,Expected ~40% CAGR (2yr) | ROE 24% | ROCE 26% | ROCE trend rising ↑ | Promoter 67% holding | FCF yield 4.6%,Pattern still forming (not broken out),3-4 years,Medium-High,"yfinance, screener.in",100,145,,2026-08-01,2026-06-01,61,14.8,9,7.3
INOXINDIA,INOX India Limited,Industrials,Specialty Industrial Machinery,18189.0,Mid-Cap,MonthlyDoubleBottom,Forming,0.343,19,Sep 19mo | Mid rally 38% | Asymmetry 4%,,Uptrend,True,False,Uptrend,True,Stage2,4,Uptrend,Uptrend,1882.4,1504.44,1068.2,1600.04,1077.62,1940.68,1513.48,1277.09,3.1,1.5,70.91,47.43,16.27,3.83,54.41,10.0,0.0,1783.33,3,none,26.1,33.5,0.57,22.0,-0.03,16.25,10.21,21.52,18.0,21.72,14.16,18.51,21.86,14.8,0.75,consistent growth,0.07,,1.79,,-70.64,-0.39,74.86,-0.14,,6.86,-0.27,7.67,-0.05,2119.8,1065.0,11.2,76.8,69.11,,1.15,0.49,5,34.0,18.12,-1.0,8.0,59.1,WATCH ⭐⭐,Expected ~2% CAGR (2yr) | Revenue CAGR 18% | ROE 26% | ROCE 34% | ROCE trend rising ↑ | Nearly debt-free,High PE 71 | Pattern still forming (not broken out),3-4 years,Medium-High,"yfinance, screener.in",100,32,,2026-08-01,2026-06-01,61,31.7,9,-8.3
AVANTIFEED,Avanti Feeds Limited,Consumer Defensive,Packaged Foods,13312.0,Mid-Cap,MonthlyDoubleBottom,Forming,1.0,7,Sep 7mo | Mid rally 196% | Asymmetry 8%,,Downtrend,False,False,Below-MAs,False,Stage2,15,Uptrend,Uptrend,924.75,715.67,232.83,786.04,2641.88,3386.36,4340.63,3386.36,266.2,91.4,22.03,20.02,4.05,0.78,16.21,102.0,12.92,1166.0,1,none,18.3,24.4,0.54,12.0,0.6,9.99,10.79,8.34,6.04,8.14,17.95,28.18,10.6,-17.6,0.15,highly inconsistent earnings,0.0,,5.58,,356.73,2.68,43.23,0.0,,7.19,-0.44,7.35,0.53,1593.8,614.25,42.0,50.5,46.94,95.65,0.12,0.07,6,28.0,15.0,10.0,6.0,59.0,WATCH ⭐⭐,Expected ~91% CAGR (2yr) | Profit CAGR 28% | ROCE 24% | ROCE trend rising ↑ | Nearly debt-free | Piotroski F=6 (above average quality),Pattern still forming (not broken out),3-4 years,Medium-High,"yfinance, screener.in",100,199,,2026-08-01,2026-06-01,61,-27.0,9,-7.0
RAMCOSYS,Ramco Systems Limited,Technology,Software - Application,2672.0,Small-Cap,MonthlyStage2,Breaking Out,1.0,24,10-EMA=529 | 30-EMA=446 | Above by 30.2% | MA turning=Yes,MonthlyDoubleBottom+MonthlyStage2,Sideways-Above-MA,True,False,Constructive,False,Downtrend,0,Uptrend,Uptrend,580.9,446.01,290.3,493.76,475.87,743.79,1162.55,743.79,28.0,13.2,64.11,32.46,7.59,1.14,,0.0,,610.0,1,none,18.0,19.3,0.49,22.0,8.63,5.84,,1.57,10.62,6.04,-36.0,56.3,28.47,-36.3,0.2,multiple loss years in history,0.12,,,,,,55.51,-0.18,,11.48,1.46,1.77,-0.26,967.5,342.1,40.0,69.8,39.09,80.34,4.66,,3,26.0,23.0,4.0,6.0,59.0,WATCH ⭐⭐,Expected ~13% CAGR (2yr) | Profit CAGR 56% | ROCE trend rising ↑ | Low D/E 0.12 | Promoter 56% holding | FII buying +1.5% ↑,High PE 64,3-4 years,Medium-High,"yfinance, screener.in",80,288,,2026-08-01,2026-06-01,61,47.3,9,-1.0
SPLPETRO,Supreme Petrochem Limited,Basic Materials,Specialty Chemicals,13945.0,Mid-Cap,MonthlyCupHandle,Forming,0.92,22,Cup 22mo | Depth 26% | Prior gain 33% | R²=0.98,MonthlyCupHandle+MonthlyDoubleBottom+MonthlyStage2,Uptrend,True,False,Constructive,False,Stage2,1,Uptrend,Uptrend,718.4,898.69,663.01,629.86,889.77,2162.05,5253.56,2162.05,201.0,73.5,42.38,30.15,5.87,0.3,26.11,142.0,-3.85,791.5,2,none,13.7,,3.1,10.0,1.31,6.09,8.12,235.15,53.9,30.43,450.0,142.99,80.97,57.7,0.15,highly inconsistent earnings,0.06,,2.01,,-19.9,-0.14,64.24,0.0,,3.8,0.11,4.14,-0.1,979.0,462.3,26.6,55.4,-4.77,23.77,0.11,-0.05,6,27.0,24.04,7.0,1.0,59.0,WATCH ⭐⭐,Expected ~74% CAGR (2yr) | Revenue CAGR 54% | Profit CAGR 143% | ROCE trend rising ↑ | Nearly debt-free | Promoter 64% holding,Pattern still forming (not broken out),3-4 years,Medium-High,"yfinance, screener.in",90,289,,2026-08-01,2026-06-01,61,1.6,9,10.2
MOLDTKPAC,Mold-Tek Packaging Limited,Consumer Cyclical,Packaging & Containers,2417.0,Small-Cap,MonthlyDoubleBottom,Forming,1.0,44,Sep 44mo | Mid rally 161% | Asymmetry 6%,MonthlyDoubleBottom+MonthlyStage2,Sideways-Above-MA,True,False,Constructive,False,Stage2,3,Uptrend,Uptrend,676.35,1088.22,406.02,574.9,1231.25,1770.42,1954.41,1551.25,161.8,61.8,33.22,21.2,3.5,1.28,15.21,55.0,-30.66,814.89,9,none,17.8,22.2,0.09,19.0,0.49,8.22,7.09,31.73,15.93,15.96,33.33,25.99,21.67,26.9,0.75,consistent growth,0.32,,1.49,,-63.1,-2.61,33.21,0.02,,8.3,-1.39,21.81,0.86,892.9,464.9,24.3,45.5,-12.37,-53.58,1.3,0.52,5,25.0,22.5,10.0,1.0,58.5,WATCH ⭐⭐,Expected ~62% CAGR (2yr) | Revenue CAGR 16% | Profit CAGR 26% | ROCE 22% | ROCE trend rising ↑ | EPS: consistent growth,Pattern still forming (not broken out),3-4 years,Medium-High,"yfinance, screener.in",100,138,,2026-08-01,2026-06-01,61,-0.8,9,-2.0
GLAND,Gland Pharma Limited,Healthcare,Drug Manufacturers - Specialty & Generic,39257.0,Large-Cap,MonthlyStage2,Stage Change,1.0,24,10-EMA=2070 | 30-EMA=1907 | Above by 30.0% | MA turning=Yes,MonthlyDoubleBottom+MonthlyStage2,Uptrend,True,False,Tight-Above-MAs,True,Stage2,6,Uptrend,Uptrend,2479.4,1906.6,1387.08,2107.49,2831.13,2791.18,3398.31,3101.78,12.6,6.1,38.17,26.16,3.78,3.99,22.12,84.0,-10.0,2325.29,14,buy,10.7,15.1,-3.0,25.0,-2.91,15.97,6.35,14.51,21.06,13.18,46.92,9.56,0.59,96.6,0.15,highly inconsistent earnings,0.03,,4.68,,504.15,1.28,51.77,-0.06,,8.74,1.45,30.44,-2.92,2573.5,1573.6,3.7,57.6,34.62,19.46,0.78,0.48,5,20.0,28.5,2.0,8.0,58.5,WATCH ⭐⭐,Expected ~6% CAGR (2yr) | Revenue CAGR 21% | Nearly debt-free | Promoter 52% holding | Margin compressing ↓ ⚠️ | Piotroski F=5 (above average quality),Margin compression ↓ | Earnings due 2026-08-05,3-4 years,Medium-High,"yfinance, screener.in",100,69,2026-08-05,2026-08-01,2026-06-01,61,10.1,9,-0.5
GUFICBIO,Gufic Biosciences Limited,Healthcare,Drug Manufacturers - Specialty & Generic,3799.0,Small-Cap,MonthlyStage2,Stage Change,1.0,24,10-EMA=348 | 30-EMA=336 | Above by 19.1% | MA turning=Yes,MonthlyDoubleBottom+MonthlyStage2,Uptrend,True,False,Tight-Above-MAs,True,Stage2,6,Uptrend,Uptrend,399.95,335.7,273.8,339.96,1004.19,2842.87,8048.17,2842.87,610.8,166.6,59.2,,5.72,0.32,27.32,3.0,0.0,,0,none,10.1,12.3,-1.0,16.0,-1.5,6.8,6.0,15.12,,,-8.57,,,183.6,0.4,lumpy earner,0.61,,1.55,,-33.97,-0.89,72.5,0.0,,0.47,0.05,3.67,-0.16,448.0,268.0,10.7,49.2,9.92,3.65,0.88,-0.04,4,20.0,28.5,8.0,2.0,58.5,WATCH ⭐⭐,Expected ~167% CAGR (2yr) | Revenue CAGR 23% | Profit CAGR 183% | Promoter 72% holding | Margin compressing ↓ ⚠️ | PEG 0.32 — deeply undervalued,High PE 59 | Margin compression ↓,3-4 years,Medium-High,"yfinance, screener.in",80,262,,2026-08-01,2026-06-15,47,7.7,7,4.5
DOLPHIN,Dolphin Offshore Enterprises (India) Limited,Energy,Oil & Gas Equipment & Services,1508.0,Small-Cap,MonthlyDoubleBottom,Forming,1.0,44,Sep 44mo | Mid rally 551% | Asymmetry 2%,MonthlyDoubleBottom+MonthlyStage2,Sideways,False,False,Below-MAs,False,Stage2,1,Uptrend,Uptrend,385.15,3597.27,548.2,520.79,758.74,6646.34,3976.84,1737.07,1625.6,315.4,20.92,,4.27,0.16,23.04,0.0,0.0,,0,none,21.9,14.9,2.91,57.0,9.17,58.87,6.63,23.28,187.78,-7.22,4.35,128.94,11.92,171.1,0.15,highly inconsistent earnings,0.57,,5.54,,-45.27,-3.0,74.99,0.0,,4.57,-0.01,0.31,0.0,501.95,322.0,23.3,19.6,-9.11,2153.94,0.09,0.02,6,31.0,19.5,7.0,1.0,58.5,WATCH ⭐⭐,Expected ~315% CAGR (2yr) | Revenue CAGR 188% | Profit CAGR 129% | ROE 22% | ROCE trend rising ↑ | Promoter 75% holding,Pattern still forming (not broken out),3-4 years,Medium-High,"yfinance, screener.in",100,238,,2026-08-01,2026-08-01,0,0.0,1,0.0
LAURUSLABS,Laurus Labs Limited,Healthcare,Drug Manufacturers - Specialty & Generic,86505.0,Large-Cap,MonthlyDoubleBottom,Breakout Ready,0.417,33,Sep 33mo | Mid rally 44% | Asymmetry 2%,,Uptrend,True,False,Uptrend,True,Stage2,6,Uptrend,Uptrend,1816.2,617.88,425.34,1543.77,2269.3,4285.35,8092.46,4285.35,136.0,53.6,79.35,64.32,16.31,0.89,,15.0,-9.14,1137.46,13,hold,18.3,17.8,-5.06,28.0,-0.03,15.04,,6.71,12.98,8.05,22.58,88.84,5.57,125.5,0.15,highly inconsistent earnings,0.46,,,,,,27.47,-0.02,,28.0,2.18,13.73,-0.23,1610.0,810.05,-12.8,124.2,113.24,331.54,1.26,,1,20.0,22.5,6.0,10.0,58.5,WATCH ⭐⭐,Expected ~54% CAGR (2yr) | Profit CAGR 89% | OPM 28% | FII buying +2.2% ↑ | PEG 0.89 — undervalued | MonthlyDoubleBottom — Breakout Ready,High PE 79 | Earnings due 2026-10-22,3-4 years,Medium-High,"yfinance, screener.in",80,116,2026-10-22,2026-08-01,2026-08-01,0,35.0,1,3.0
BAJAJHLDNG,Bajaj Holdings & Investment Limited,Financial Services,Asset Management,118850.0,Large-Cap,MonthlyCupHandle,Forming,0.74,12,Cup 12mo | Depth 26% | Prior gain 28% | R²=0.99,MonthlyCupHandle+MonthlyDoubleBottom+MonthlyStage2,Sideways-Above-MA,True,False,Constructive,True,Stage2,12,Uptrend,Uptrend,10654.0,14628.72,10768.33,10229.91,23431.8,29418.62,36935.08,29418.62,176.1,66.2,12.33,,1.62,0.48,136.96,150.0,1.86,,0,none,11.9,11.0,0.31,86.0,1.83,857.48,0.73,51.69,29.02,19.66,47.74,25.55,21.79,49.2,0.15,highly inconsistent earnings,0.0,,2.65,,1612.17,1.36,51.46,0.0,,9.47,-0.15,8.26,0.18,14763.0,8588.0,27.8,24.1,-15.26,21.97,0.32,0.13,7,33.0,18.38,7.0,0.0,58.4,WATCH ⭐⭐,Expected ~66% CAGR (2yr) | Revenue CAGR 29% | Profit CAGR 26% | ROCE trend rising ↑ | Nearly debt-free | Promoter 51% holding,Earnings due 2026-07-31 | Pattern still forming (not broken out),3-4 years,Medium-High,"yfinance, screener.in",100,288,2026-07-31,2026-08-01,2026-06-01,61,3.3,9,3.2
AMRUTANJAN,Amrutanjan Health Care Limited,Healthcare,Drug Manufacturers - Specialty & Generic,1471.0,Small-Cap,MonthlyDoubleBottom,Breakout Ready,1.0,15,Sep 15mo | Mid rally 127% | Asymmetry 8%,,Downtrend,False,False,Below-MAs,False,Stage2,6,Uptrend,Uptrend,538.2,533.98,225.81,457.47,1331.12,1704.63,2182.94,1704.63,216.7,78.0,25.39,,3.98,0.9,19.02,108.0,-39.87,,0,none,20.0,31.4,3.43,18.0,0.97,11.53,8.3,12.03,10.55,11.87,40.0,28.06,16.0,6.7,0.15,highly inconsistent earnings,0.01,,2.31,,13.0,0.88,46.52,0.0,,2.44,0.27,12.29,-0.37,790.95,486.0,32.0,10.7,-20.85,-36.37,2.18,0.37,7,31.0,18.0,9.0,0.0,58.0,WATCH ⭐⭐,Expected ~78% CAGR (2yr) | Profit CAGR 28% | ROCE 31% | ROCE trend rising ↑ | Nearly debt-free | Piotroski F=7 (high quality compounder),None identified,3-4 years,Medium-High,"yfinance, screener.in",100,201,,2026-08-01,2026-06-01,61,-3.4,9,-2.0
GANDHAR,Gandhar Oil Refinery (India) Limited,Energy,Oil & Gas Refining & Marketing,2765.0,Small-Cap,MonthlyStage2,Stage Change,0.779,24,10-EMA=162 | 30-EMA=182 | Above by 11.7% | MA turning=Yes,,Uptrend,True,True,Uptrend,True,Stage2,1,Uptrend,Uptrend,203.15,181.89,116.79,172.68,495.54,616.06,765.89,616.06,203.3,74.1,9.17,,2.04,0.38,6.34,115.0,50.0,,0,none,10.5,13.2,-5.4,9.0,0.06,5.95,,19.12,7.09,7.35,131.39,24.32,14.09,633.1,0.15,highly inconsistent earnings,0.23,,,,,,66.6,0.13,,1.27,1.13,1.02,0.93,303.17,115.0,33.0,76.7,41.03,,0.89,0.68,1,15.0,23.85,11.0,8.0,57.8,WATCH ⭐⭐,Expected ~74% CAGR (2yr) | Profit CAGR 24% | Low D/E 0.23 | Promoter 67% holding | FII buying +1.1% ↑ | DII buying +0.9% ↑,None identified,3-4 years,Medium-High,"yfinance, screener.in",80,33,,2026-08-01,2026-08-01,0,0.0,1,0.0
JYOTHYLAB,Jyothy Labs Limited,Consumer Defensive,Household & Personal Products,7292.0,Small-Cap,MonthlyDoubleBottom,Forming,0.463,6,Sep 6mo | Mid rally 50% | Asymmetry 3%,,Sideways,False,False,Below-MAs,True,Stage2,15,Uptrend,Uptrend,202.8,86.18,56.71,172.38,629.25,607.86,1105.06,833.88,199.7,73.1,21.89,18.46,4.59,0.67,15.14,176.0,5.27,268.82,11,buy,19.0,24.6,2.4,18.0,0.57,11.32,11.63,3.26,9.04,10.72,0.27,32.52,17.82,-12.4,0.15,highly inconsistent earnings,0.03,,2.68,,265.71,3.64,62.89,0.0,,12.13,-0.22,13.36,-1.26,352.7,188.1,42.5,7.8,-38.91,-66.47,1.18,0.4,6,33.0,11.56,13.0,0.0,57.6,WATCH ⭐⭐,Expected ~73% CAGR (2yr) | Profit CAGR 33% | ROCE 25% | ROCE trend rising ↑ | Nearly debt-free | Promoter 63% holding,Pattern still forming (not broken out),3-4 years,Medium-High,"yfinance, screener.in",100,224,,2026-08-01,2026-06-01,61,-5.0,9,-1.0
REMSONSIND,Remsons Industries Limited,Consumer Cyclical,Auto Parts,275.0,Micro-Cap,MonthlyDoubleBottom,Forming,1.0,15,Sep 15mo | Mid rally 598% | Asymmetry 8%,,Downtrend,False,False,Below-MAs,False,Stage2,3,Uptrend,Uptrend,83.8,25.13,3.46,71.23,412.73,569.37,785.44,569.37,579.4,160.7,15.12,,1.83,0.4,7.18,64.0,-12.64,,0,none,13.5,15.5,0.5,11.0,1.31,3.85,5.91,24.4,14.43,15.72,23.53,37.95,39.33,14.7,0.75,consistent growth,0.63,,1.31,,17.53,6.38,62.83,-2.7,,2.79,0.46,1.08,-0.14,152.45,75.23,45.0,11.4,-28.84,-25.29,0.52,1.1,6,30.0,15.5,12.0,0.0,57.5,WATCH ⭐⭐,Expected ~161% CAGR (2yr) | Profit CAGR 38% | ROCE trend rising ↑ | Promoter 63% holding | FCF yield 6.4% | EPS: consistent growth,Pattern still forming (not broken out),3-4 years,Medium-High,"yfinance, screener.in",100,289,,2026-08-01,2026-06-01,61,-15.5,9,-1.0
AJMERA,Ajmera Realty & Infra India Limited,Real Estate,Real Estate - Development,2412.0,Small-Cap,MonthlyDoubleBottom,Forming,1.0,37,Sep 37mo | Mid rally 808% | Asymmetry 10%,,Downtrend,False,False,Below-MAs,False,Stage2,3,Uptrend,Uptrend,134.67,143.26,15.06,114.47,390.31,506.12,656.28,506.12,275.8,93.9,16.11,5.89,1.72,0.54,10.47,73.0,25.99,175.0,1,none,11.5,14.3,1.69,27.0,0.46,13.74,7.58,47.7,36.24,25.72,24.6,29.67,38.33,120.0,0.75,consistent growth,0.47,,6.28,,-116.82,-4.84,68.56,0.33,,0.95,0.17,0.82,-0.31,221.4,98.03,39.2,37.4,-21.38,58.98,0.4,0.49,6,31.0,16.5,10.0,0.0,57.5,WATCH ⭐⭐,Expected ~94% CAGR (2yr) | Revenue CAGR 36% | Profit CAGR 30% | ROCE trend rising ↑ | Promoter 69% holding | OPM 27%,Pattern still forming (not broken out),3-4 years,Medium-High,"yfinance, screener.in",100,239,,2026-08-01,2026-06-01,61,12.2,9,0.0
HAPPYFORGE,HAPPY FORGINGS LIMITED,Industrials,Metal Fabrication,15247.0,Mid-Cap,MonthlyStage2,Stage Change,1.0,24,10-EMA=1310 | 30-EMA=1139 | Above by 40.9% | MA turning=Yes,MonthlyDoubleBottom+MonthlyStage2,Uptrend,True,False,Tight-Above-MAs,True,Stage2,4,Uptrend,Uptrend,1604.6,1139.1,767.47,1363.91,1132.4,1510.73,1447.24,1280.18,,,50.5,32.09,7.16,3.87,32.18,25.0,33.33,1487.29,7,buy,15.0,18.0,-1.5,30.0,0.63,19.51,9.86,9.72,8.9,21.45,13.11,13.05,28.56,23.4,0.4,lumpy earner,0.15,,2.35,,3.83,0.03,78.46,-0.02,,1.88,0.15,15.54,-0.94,1636.5,862.05,1.9,86.1,78.9,,0.5,0.81,5,20.0,28.5,-1.0,10.0,57.5,WATCH ⭐⭐,Low D/E 0.15 | Promoter 78% holding | OPM 30% | Piotroski F=5 (above average quality) | Dividend growing 33%/yr | MonthlyStage2 forming (24mo base),High PE 51,3-4 years,Medium-High,"yfinance, screener.in",100,32,,2026-08-01,2026-06-01,61,17.0,9,5.0
DATAMATICS,Datamatics Global Services Limited,Technology,Information Technology Services,4856.0,Small-Cap,MonthlyStage2,Stage Change,1.0,24,10-EMA=787 | 30-EMA=699 | Above by 28.9% | MA turning=Yes,MonthlyDoubleBottom+MonthlyStage2,Uptrend,True,False,Tight-Above-MAs,True,Downtrend,0,Uptrend,Uptrend,900.45,698.57,569.21,765.38,948.83,965.62,982.71,965.62,7.2,3.6,25.0,16.77,3.14,14.12,12.12,61.0,58.74,920.0,1,none,16.4,20.8,0.31,19.0,0.71,9.77,8.15,15.32,10.84,11.58,-5.34,1.77,18.35,-1.4,0.15,highly inconsistent earnings,0.14,,1.99,,409.59,8.44,66.33,0.0,,0.5,0.02,0.1,-0.01,1120.0,632.0,19.6,42.5,-9.49,37.84,0.53,0.0,6,26.0,27.5,4.0,0.0,57.5,WATCH ⭐⭐,Expected ~4% CAGR (2yr) | ROCE 21% | ROCE trend rising ↑ | Low D/E 0.14 | Promoter 66% holding | FCF yield 8.4%,None identified,3-4 years,Medium-High,"yfinance, screener.in",100,267,,2026-08-01,2026-06-01,61,21.7,9,6.6
STARHEALTH,Star Health and Allied Insurance Company Limited,Financial Services,Insurance - Life,34174.0,Large-Cap,MonthlyStage2,Stage Change,1.0,24,10-EMA=521 | 30-EMA=515 | Above by 16.6% | MA turning=Yes,MonthlyDoubleBottom+MonthlyStage2,Uptrend,True,False,Uptrend,True,Stage2,12,Uptrend,Uptrend,600.85,515.23,356.65,510.72,39994.94,4535667.54,1428659165.77,7559043.21,754775.2,8588.4,61.33,22.06,4.49,0.0,,,,604.04,24,buy,,,,3.25,,3.12,,13.8,,,18800.0,,,21731.4,0.5,insufficient history,,,,,,,58.01,0.03,,16.04,0.98,19.41,-0.9,623.9,416.55,3.7,44.2,35.36,-31.24,0.24,0.2,1,14.0,26.5,9.0,8.0,57.5,WATCH ⭐⭐,Expected ~8588% CAGR (2yr) | Profit CAGR 18800% | Promoter 58% holding | FII buying +1.0% ↑ | PEG 0.00 — deeply undervalued | MonthlyStage2 forming (24mo base),High PE 61 | Earnings due 2026-07-29,3-4 years,Medium-High,"yfinance, screener.in",40,56,2026-07-29,2026-08-01,2026-06-01,61,16.2,9,6.6
HESTERBIO,Hester Biosciences Limited,Healthcare,Drug Manufacturers - Specialty & Generic,2014.0,Small-Cap,MonthlyStage2,Stage Change,1.0,24,10-EMA=1896 | 30-EMA=1856 | Above by 31.4% | MA turning=No,MonthlyCupHandle+MonthlyDoubleBottom+MonthlyStage2,Uptrend,True,False,Tight-Above-MAs,True,Stage2,6,Uptrend,Uptrend,2439.8,1856.27,1250.16,2073.83,4128.11,5231.97,6631.0,5231.97,114.4,46.4,36.23,,5.59,1.35,27.06,46.0,11.2,,0,none,15.9,15.2,-0.77,26.0,-1.4,16.65,6.51,7.07,7.78,9.25,96.55,26.74,10.25,1138.0,0.15,highly inconsistent earnings,0.53,,1.37,,28.84,1.43,53.73,0.0,,0.31,-0.07,0.0,0.0,2660.0,1239.3,8.3,96.9,21.74,17.68,0.57,0.49,3,19.0,28.5,4.0,6.0,57.5,WATCH ⭐⭐,Expected ~46% CAGR (2yr) | Profit CAGR 27% | Promoter 54% holding | OPM 26% | Margin compressing ↓ ⚠️ | Dividend growing 11%/yr,Margin compression ↓,3-4 years,Medium-High,"yfinance, screener.in",100,137,,2026-08-01,2026-06-01,61,35.8,9,10.0
HARIOMPIPE,Hariom Pipe Industries Limited,Basic Materials,Steel,1213.0,Small-Cap,MonthlyDoubleBottom,Forming,0.698,8,Sep 8mo | Mid rally 75% | Asymmetry 5%,,Sideways-Above-MA,True,False,Constructive,False,Stage2,1,Uptrend,Uptrend,401.3,571.56,319.99,341.11,944.46,1649.02,2879.19,1649.02,310.9,102.7,16.02,,1.88,0.21,7.72,16.0,1.67,,0,none,12.4,15.7,2.0,13.0,1.5,4.54,7.46,3.93,,,22.58,,,74.6,0.75,consistent growth,0.62,,1.68,,-33.97,-2.8,57.27,0.0,,10.25,0.75,0.07,0.01,572.2,268.05,29.9,49.7,-15.94,-62.33,0.14,0.7,6,29.0,17.38,11.0,0.0,57.4,WATCH ⭐⭐,Expected ~103% CAGR (2yr) | Revenue CAGR 27% | Profit CAGR 75% | ROCE trend rising ↑ | Promoter 57% holding | EPS: consistent growth,Pattern still forming (not broken out),3-4 years,Medium-High,"yfinance, screener.in",80,52,,2026-08-01,2026-06-01,61,28.3,9,1.0
MAHABANK,Bank of Maharashtra,Financial Services,Banks - Regional,62325.0,Large-Cap,MonthlyDoubleBottom,Forming,0.948,24,Sep 24mo | Mid rally 101% | Asymmetry 6%,MonthlyCupHandle+MonthlyDoubleBottom,Sideways-Above-MA,True,False,Constructive,False,Stage2,12,Uptrend,Uptrend,79.26,46.75,22.59,67.37,253.96,220.96,382.85,311.82,178.8,67.0,8.28,,1.75,0.36,,272.0,19.17,84.67,3,buy,22.6,6.03,,57.52,,53.41,1.9,3.35,13.87,18.38,7.4,22.78,45.57,34.5,0.15,highly inconsistent earnings,,,,,,,73.6,0.0,,5.82,0.27,14.28,0.35,94.5,51.71,16.1,53.3,55.79,93.4,0.99,0.77,2,17.0,21.88,10.0,8.0,56.9,WATCH ⭐⭐,Expected ~67% CAGR (2yr) | Profit CAGR 23% | ROE 23% | Promoter 74% holding | OPM 58% | Dividend growing 19%/yr,Pattern still forming (not broken out),3-4 years,Medium-High,"yfinance, screener.in",80,268,,2026-08-01,2026-06-01,61,1.2,9,-16.0
ALKEM,Alkem Laboratories Limited,Healthcare,Drug Manufacturers - Specialty & Generic,67357.0,Large-Cap,MonthlyDoubleBottom,Forming,0.452,24,Sep 24mo | Mid rally 52% | Asymmetry 7%,MonthlyDoubleBottom+MonthlyFlatBase,Sideways-Above-MA,True,False,Constructive,True,Stage2,6,Uptrend,Uptrend,5669.5,2269.93,1443.69,4819.07,13203.58,12895.44,23236.56,17515.87,127.5,50.8,29.24,24.9,4.88,0.9,21.62,36.0,-4.9,5964.8,20,buy,18.9,21.2,0.2,20.0,-0.17,15.65,8.5,13.47,8.25,10.66,6.14,32.66,7.76,-22.7,0.15,highly inconsistent earnings,0.14,,2.55,,1374.31,2.04,49.7,-1.5,,10.42,0.27,22.64,1.25,5933.5,4738.5,4.4,19.6,8.84,34.23,0.49,0.27,5,29.0,15.92,9.0,3.0,56.9,WATCH ⭐⭐,Expected ~51% CAGR (2yr) | Profit CAGR 33% | ROCE 21% | ROCE trend rising ↑ | Low D/E 0.14 | Piotroski F=5 (above average quality),Earnings due 2026-08-14 | Pattern still forming (not broken out),3-4 years,Medium-High,"yfinance, screener.in",100,128,2026-08-14,2026-08-01,2026-06-01,61,3.6,9,0.0
SIGMA,Sigma Solve Limited,Technology,Information Technology Services,391.0,Micro-Cap,MonthlyDoubleBottom,Forming,0.616,13,Sep 13mo | Mid rally 71% | Asymmetry 9%,,Sideways-Above-MA,True,True,Constructive,True,Downtrend,0,Uptrend,Uptrend,37.88,307.38,171.56,162.98,76.3,443.2,92.42,83.97,1070.0,242.1,16.41,,5.1,1.63,13.61,13.0,35.72,,0,none,37.8,48.3,0.66,30.0,-1.14,24.97,22.7,26.32,19.68,35.52,26.32,10.06,36.85,-21.4,0.15,highly inconsistent earnings,0.03,,5.24,,17.02,4.35,73.21,0.0,,0.0,0.0,0.02,0.02,65.5,35.46,42.2,6.8,-4.74,-116.73,0.11,0.14,6,35.0,15.89,6.0,0.0,56.9,WATCH ⭐⭐,Expected ~242% CAGR (2yr) | Revenue CAGR 20% | ROE 38% | ROCE 48% | ROCE trend rising ↑ | Nearly debt-free,Margin compression ↓ | Pattern still forming (not broken out),3-4 years,Medium-High,"yfinance, screener.in",100,69,,2026-08-01,2026-06-01,61,-7.9,9,5.0
TORNTPHARM,Torrent Pharmaceuticals Limited,Healthcare,Drug Manufacturers - Specialty & Generic,188720.0,Large-Cap,MonthlyDoubleBottom,Forming,0.528,15,Sep 15mo | Mid rally 53% | Asymmetry 1%,,Uptrend,True,True,Uptrend,True,Stage2,6,Uptrend,Uptrend,4951.2,786.41,511.58,4208.52,3432.08,4430.9,4921.62,4109.92,,,77.52,52.8,20.02,3.93,42.21,77.0,19.98,4912.38,29,buy,27.4,15.2,0.49,33.0,0.57,15.47,7.25,21.4,13.27,11.8,11.88,19.75,11.3,-21.9,0.15,highly inconsistent earnings,0.85,,1.13,,2601.22,1.38,60.78,-7.53,,17.97,2.53,12.77,3.04,5085.8,3480.6,2.6,42.3,40.94,150.33,0.57,0.14,6,28.0,19.84,-1.0,10.0,56.8,WATCH ⭐⭐,ROE 27% | ROCE trend rising ↑ | Promoter 61% holding | OPM 33% | Piotroski F=6 (above average quality) | FII buying +2.5% ↑,High PE 78 | Earnings due 2026-07-30 | Pattern still forming (not broken out),3-4 years,Medium-High,"yfinance, screener.in",100,289,2026-07-30,2026-08-01,2026-06-01,61,11.0,9,-2.4
CCL,CCL Products (India) Limited,Consumer Defensive,Packaged Foods,15781.0,Mid-Cap,MonthlyDoubleBottom,Forming,0.645,9,Sep 9mo | Mid rally 66% | Asymmetry 1%,,Uptrend,True,False,Tight-Above-MAs,True,Stage2,15,Uptrend,Uptrend,1214.0,226.87,136.34,1031.9,1341.57,1405.09,1651.75,1488.6,15.7,7.6,40.65,25.17,6.72,3.71,22.75,65.0,-20.63,1279.82,11,none,18.0,15.8,-0.51,16.0,-1.63,8.69,8.6,43.5,29.11,29.12,25.16,10.96,16.35,12.4,0.15,highly inconsistent earnings,0.56,,1.49,,562.47,3.56,46.14,0.03,,12.07,0.83,21.1,-0.33,1242.2,815.5,2.3,48.9,41.39,78.47,0.27,-0.07,4,20.0,22.74,4.0,10.0,56.7,WATCH ⭐⭐,Expected ~8% CAGR (2yr) | Revenue CAGR 29% | Margin compressing ↓ ⚠️ | FCF yield 3.6% | FII buying +0.8% ↑ | EV/EBITDA 23× vs sector 30×,Margin compression ↓ | Pattern still forming (not broken out),3-4 years,Medium-High,"yfinance, screener.in",100,266,,2026-08-01,2026-06-01,61,11.4,9,8.0
GLAXO,GlaxoSmithKline Pharmaceuticals Limited,Healthcare,Drug Manufacturers - General,42594.0,Large-Cap,MonthlyDoubleBottom,Forming,0.802,23,Sep 23mo | Mid rally 82% | Asymmetry 2%,MonthlyDoubleBottom+MonthlyStage2,Sideways-Above-MA,True,False,Constructive,True,Stage2,6,Uptrend,Uptrend,2438.2,1511.0,822.17,2072.47,3152.43,3443.27,4482.18,3758.95,41.2,18.8,41.15,32.88,18.79,2.14,31.0,227.0,21.22,2969.75,4,buy,45.6,61.4,5.94,34.0,2.71,27.11,18.5,1.95,5.53,5.49,11.64,19.24,23.68,5.7,0.15,highly inconsistent earnings,0.01,,2.03,,729.34,1.71,75.0,0.0,,4.79,0.17,7.81,0.13,3200.0,2088.1,23.8,16.8,-11.55,50.02,0.3,0.04,6,34.0,19.62,2.0,1.0,56.6,WATCH ⭐⭐,Expected ~19% CAGR (2yr) | ROE 46% | ROCE 61% | ROCE trend rising ↑ | Nearly debt-free | Promoter 75% holding,Pattern still forming (not broken out),3-4 years,Medium-High,"yfinance, screener.in",100,289,,2026-08-01,2026-06-01,61,2.0,9,5.0
ZENTEC,Zen Technologies Limited,Industrials,Aerospace & Defense,15907.0,Mid-Cap,MonthlyStage2,Stage Change,1.0,24,10-EMA=1604 | 30-EMA=1405 | Above by 30.4% | MA turning=Yes,MonthlyCupHandle+MonthlyDoubleBottom+MonthlyStage2,Uptrend,True,False,Tight-Above-MAs,True,Stage2,4,Uptrend,Uptrend,1832.1,1404.65,1043.83,1557.28,832.65,1765.47,1098.5,956.38,,,81.96,33.77,8.85,5.52,63.21,6.0,171.44,1760.0,6,none,10.7,16.2,5.51,33.0,3.91,28.13,6.62,-2.47,15.1,57.15,-9.63,14.86,130.92,-68.8,0.15,highly inconsistent earnings,0.01,,8.86,,374.0,2.35,48.51,0.0,,6.47,0.48,10.42,0.36,2024.0,1223.0,9.5,49.8,26.6,92.74,0.6,0.04,6,23.0,28.5,-1.0,6.0,56.5,WATCH ⭐⭐,Revenue CAGR 15% | ROCE trend rising ↑ | Nearly debt-free | OPM 33% | Piotroski F=6 (above average quality) | Dividend growing 171%/yr,High PE 82,3-4 years,Medium-High,"yfinance, screener.in",100,137,,2026-08-01,2026-06-01,61,17.1,9,-12.0
NRBBEARING,NRB Bearings Limited,Consumer Cyclical,Auto Parts,3854.0,Small-Cap,MonthlyStage2,Stage Change,1.0,24,10-EMA=329 | 30-EMA=279 | Above by 49.0% | MA turning=Yes,MonthlyDoubleBottom+MonthlyStage2,Sideways-Above-MA,True,False,Uptrend,True,Stage2,3,Uptrend,Uptrend,416.15,279.25,194.68,353.73,752.4,865.26,995.05,865.26,107.9,44.2,27.03,21.55,4.0,1.8,17.16,308.0,2.24,423.5,2,none,15.6,18.4,1.06,17.0,0.49,10.69,8.34,11.34,8.09,11.87,78.05,15.0,21.12,,0.15,highly inconsistent earnings,0.16,,2.26,,101.86,2.64,44.73,-6.47,,18.92,4.23,13.85,3.79,467.6,212.55,11.0,95.8,54.76,36.88,0.93,0.52,6,19.0,23.5,6.0,8.0,56.5,WATCH ⭐⭐,Expected ~44% CAGR (2yr) | ROCE trend rising ↑ | Low D/E 0.16 | Piotroski F=6 (above average quality) | FII buying +4.2% ↑ | DII buying +3.8% ↑,None identified,3-4 years,Medium-High,"yfinance, screener.in",100,289,,2026-08-01,2026-06-01,61,16.7,9,-7.5
GLOBAL,Global Education Limited,Consumer Defensive,Education & Training Services,519.0,Small-Cap,MonthlyStage2,Stage Change,1.0,24,10-EMA=93 | 30-EMA=80 | Above by 28.3% | MA turning=Yes,MonthlyCupHandle+MonthlyDoubleBottom+MonthlyStage2,Uptrend,True,False,Constructive,False,Stage2,15,Uptrend,Uptrend,102.18,79.65,41.17,86.85,201.64,210.05,218.81,210.05,105.6,43.4,19.58,,3.95,4.69,14.38,98.0,-30.66,,0,none,22.0,29.2,-0.4,38.0,0.06,28.25,15.26,30.56,14.88,29.31,-7.14,4.17,26.58,93.6,0.15,highly inconsistent earnings,,,6.48,,13.67,2.63,72.73,0.0,,0.03,-0.37,0.08,0.02,121.9,55.3,16.2,84.8,55.45,16.7,0.15,-0.72,6,20.0,25.5,4.0,7.0,56.5,WATCH ⭐⭐,Expected ~43% CAGR (2yr) | ROE 22% | ROCE 29% | Promoter 73% holding | OPM 38% | Piotroski F=6 (above average quality),None identified,3-4 years,Medium-High,"yfinance, screener.in",90,113,,2026-08-01,2026-06-01,61,-0.5,9,-7.0
VIJAYA,Vijaya Diagnostic Centre Limited,Healthcare,Diagnostics & Research,13533.0,Mid-Cap,MonthlyStage2,Stage Change,1.0,24,10-EMA=1161 | 30-EMA=981 | Above by 41.7% | MA turning=Yes,MonthlyCupHandle+MonthlyStage2,Sideways-Above-MA,True,False,Tight-Above-MAs,True,Stage2,6,Uptrend,Uptrend,1389.4,980.5,861.4,1180.99,1090.19,1380.64,1750.9,1381.6,,,78.12,49.88,14.12,2.92,40.53,15.0,25.99,1379.2,10,none,19.7,21.3,-1.4,41.0,-0.77,21.25,11.02,19.53,21.04,16.64,20.14,26.73,15.27,38.4,0.15,highly inconsistent earnings,0.44,,2.6,,-1.45,-0.01,52.51,0.0,,11.65,-1.73,31.61,1.68,1440.0,848.0,3.5,63.8,39.04,142.36,0.36,0.34,4,24.0,25.5,-1.0,8.0,56.5,WATCH ⭐⭐,Revenue CAGR 21% | Profit CAGR 27% | ROCE 21% | Promoter 53% holding | OPM 41% | Margin compressing ↓ ⚠️,High PE 78 | Margin compression ↓,3-4 years,Medium-High,"yfinance, screener.in",100,59,,2026-08-01,2026-06-01,61,6.9,9,-4.0
ARIES,Aries Agro Limited,Basic Materials,Agricultural Inputs,444.0,Micro-Cap,MonthlyDoubleBottom,Forming,1.0,38,Sep 38mo | Mid rally 244% | Asymmetry 6%,,Downtrend,False,False,Below-MAs,False,Stage2,1,Uptrend,Uptrend,344.15,269.12,76.07,292.53,990.74,1366.73,1885.4,1366.73,297.1,99.3,10.35,,1.33,0.27,5.96,35.0,14.47,,0,none,13.7,21.2,1.46,12.0,-0.4,5.79,6.69,21.06,16.85,14.6,27.27,37.95,21.29,,0.15,highly inconsistent earnings,0.17,,1.69,,-7.01,-1.58,52.66,0.0,,3.13,-0.12,0.02,0.02,459.9,285.35,25.2,20.6,-13.56,61.69,0.1,-0.06,5,27.0,16.5,13.0,0.0,56.5,WATCH ⭐⭐,Expected ~99% CAGR (2yr) | Revenue CAGR 17% | Profit CAGR 38% | ROCE 21% | ROCE trend rising ↑ | Low D/E 0.17,Pattern still forming (not broken out),3-4 years,Medium-High,"yfinance, screener.in",100,223,,2026-08-01,2026-06-01,61,-3.4,9,-2.0
BHARATFORG,Bharat Forge Limited,Consumer Cyclical,Auto Parts,102866.0,Large-Cap,MonthlyStage2,Stage Change,1.0,24,10-EMA=1791 | 30-EMA=1463 | Above by 44.7% | MA turning=Yes,MonthlyCupHandle+MonthlyDoubleBottom+MonthlyStage2,Uptrend,True,False,Tight-Above-MAs,True,Stage2,3,Uptrend,Uptrend,2117.0,1462.64,1008.31,1799.45,1417.77,1916.97,2357.11,1828.07,,,95.25,43.96,10.74,3.29,38.12,40.0,15.62,1876.91,23,hold,12.0,12.6,1.66,17.0,0.57,6.42,5.75,11.17,9.2,21.55,19.28,28.94,25.56,-17.5,0.15,highly inconsistent earnings,0.77,,1.17,,954.11,0.93,44.07,0.0,,15.04,0.89,32.18,-0.44,2238.0,1100.5,5.4,92.4,92.41,74.89,0.25,0.53,5,19.0,28.5,-1.0,10.0,56.5,WATCH ⭐⭐,Profit CAGR 29% | ROCE trend rising ↑ | Piotroski F=5 (above average quality) | FII buying +0.9% ↑ | Dividend growing 16%/yr | MonthlyStage2 forming (24mo base),High PE 95 | Earnings due 2026-08-05,3-4 years,Medium-High,"yfinance, screener.in",100,367,2026-08-05,2026-08-01,2026-06-01,61,14.0,9,-1.0
KRISHIVAL,KRISHIVAL FOODS LIMITED,Consumer Defensive,Packaged Foods,993.0,Small-Cap,MonthlyStage2,Stage Change,1.0,24,10-EMA=372 | 30-EMA=331 | Above by 17.0% | MA turning=Yes,MonthlyDoubleBottom+MonthlyStage2,Sideways-Above-MA,True,False,Constructive,False,Stage2,15,Uptrend,Uptrend,387.15,330.84,224.72,329.08,782.34,1145.97,1678.61,1145.97,196.0,72.0,42.22,,4.52,0.91,22.67,6.0,68.69,,0,none,13.1,16.2,1.43,9.0,-0.6,7.34,9.36,45.05,61.16,59.93,57.14,46.48,85.56,3.5,0.4,lumpy earner,0.18,,5.19,,-54.9,-5.53,37.23,0.0,,0.47,-0.07,1.45,0.12,508.0,282.3,23.8,37.1,-13.21,17.66,0.98,-0.91,4,24.0,22.5,9.0,1.0,56.5,WATCH ⭐⭐,Expected ~72% CAGR (2yr) | Revenue CAGR 61% | Profit CAGR 46% | ROCE trend rising ↑ | Low D/E 0.18 | Margin compressing ↓ ⚠️,Margin compression ↓,3-4 years,Medium-High,"yfinance, screener.in",100,52,,2026-08-01,2026-06-01,61,1.9,9,1.0
STYRENIX,Styrenix Performance Materials Limited,Basic Materials,Chemicals,4320.0,Small-Cap,MonthlyDoubleBottom,Forming,1.0,31,Sep 31mo | Mid rally 179% | Asymmetry 8%,MonthlyDoubleBottom+MonthlyStage2,Uptrend,True,False,Uptrend,True,Stage2,1,Uptrend,Uptrend,2310.0,543.85,186.84,1963.5,4501.04,9576.42,20374.79,9576.42,314.6,103.6,23.59,18.23,3.16,0.21,13.71,220.0,-43.27,2964.0,1,none,14.6,15.1,-12.0,10.0,1.8,5.32,6.0,15.29,19.61,,-22.13,112.76,,30.8,0.15,highly inconsistent earnings,0.4,,2.29,,0.6,0.01,46.24,0.0,,0.86,-0.09,17.43,0.1,3060.0,1780.0,24.5,29.8,-10.66,107.64,0.23,0.45,6,21.0,26.5,8.0,1.0,56.5,WATCH ⭐⭐,Expected ~104% CAGR (2yr) | Revenue CAGR 20% | Profit CAGR 113% | Piotroski F=6 (above average quality) | PEG 0.21 — deeply undervalued | MonthlyDoubleBottom forming (31mo base),Pattern still forming (not broken out),3-4 years,Medium-High,"yfinance, screener.in",100,288,,2026-08-01,2026-06-01,61,1.8,9,1.0
EIHOTEL,EIH Limited,Consumer Cyclical,Lodging,20412.0,Mid-Cap,MonthlyDoubleBottom,Forming,1.0,24,Sep 24mo | Mid rally 191% | Asymmetry 3%,MonthlyDoubleBottom+MonthlyStage2,Sideways,False,False,Below-MAs,True,Stage2,3,Uptrend,Uptrend,329.75,187.68,63.63,280.29,613.27,772.3,972.55,772.3,134.2,53.0,32.48,22.3,3.88,1.25,18.48,46.0,45.0,365.0,1,none,14.5,20.7,7.03,35.0,18.91,21.0,9.58,7.18,13.35,42.86,-14.68,25.93,34.55,-6.1,0.2,multiple loss years in history,0.05,,2.69,,68.04,0.33,32.85,0.0,,6.65,0.03,13.78,-0.1,434.8,271.15,24.2,21.6,-16.46,8.38,0.24,-0.26,7,29.0,19.5,7.0,1.0,56.5,WATCH ⭐⭐,Expected ~53% CAGR (2yr) | Profit CAGR 26% | ROCE 21% | ROCE trend rising ↑ | Nearly debt-free | OPM 35%,Pattern still forming (not broken out),3-4 years,Medium-High,"yfinance, screener.in",100,367,,2026-08-01,2026-06-01,61,1.1,9,3.0
NAZARA,Nazara Technologies Limited,Communication Services,Electronic Gaming & Multimedia,11199.0,Mid-Cap,MonthlyStage2,Stage Change,1.0,24,10-EMA=280 | 30-EMA=256 | Above by 20.2% | MA turning=Yes,MonthlyCupHandle+MonthlyDoubleBottom+MonthlyStage2,Uptrend,True,False,Tight-Above-MAs,True,Downtrend,0,Uptrend,Uptrend,308.05,256.35,227.71,261.84,918.0,727.11,1118.07,1013.11,136.0,53.6,11.11,40.85,3.82,1.07,50.3,0.0,,298.1,10,none,30.5,27.2,3.11,-2.0,-2.17,5.24,0.34,12.62,18.79,32.14,60.78,10.36,42.41,79471.4,0.15,highly inconsistent earnings,0.06,,2.05,,157.84,1.41,34.25,-1.2,,13.23,-0.07,2.39,0.23,363.25,215.7,15.2,42.8,7.02,32.87,0.72,0.07,6,24.0,27.5,3.0,2.0,56.5,WATCH ⭐⭐,Expected ~54% CAGR (2yr) | Revenue CAGR 19% | ROE 30% | ROCE 27% | ROCE trend rising ↑ | Nearly debt-free,Margin compression ↓,3-4 years,Medium-High,"yfinance, screener.in",100,65,,2026-08-01,2026-06-01,61,4.4,9,3.0
CARYSIL,Carysil Limited,Consumer Cyclical,"Furnishings, Fixtures & Appliances",3202.0,Small-Cap,MonthlyStage2,Stage Change,1.0,24,10-EMA=990 | 30-EMA=859 | Above by 36.6% | MA turning=Yes,MonthlyCupHandle+MonthlyDoubleBottom+MonthlyStage2,Uptrend,True,False,Tight-Above-MAs,True,Stage2,3,Uptrend,Uptrend,1173.1,858.61,513.87,997.13,2066.12,2544.63,3133.97,2544.63,116.9,47.3,32.57,22.85,5.27,1.41,19.38,21.0,0.0,1270.5,2,none,17.4,17.8,-1.63,19.0,-0.83,10.63,8.48,13.24,15.87,24.41,54.69,23.16,20.48,48.6,0.15,highly inconsistent earnings,0.46,,1.44,,-36.46,-1.14,41.34,0.0,,1.63,0.04,11.91,0.17,1280.9,732.1,8.4,60.2,37.7,59.51,0.24,0.55,3,13.0,28.5,7.0,8.0,56.5,WATCH ⭐⭐,Expected ~47% CAGR (2yr) | Revenue CAGR 16% | Profit CAGR 23% | Margin compressing ↓ ⚠️ | PEG 1.41 — fair value | EV/EBITDA 19× vs sector 25×,Margin compression ↓,3-4 years,Medium-High,"yfinance, screener.in",100,67,,2026-08-01,2026-06-01,61,27.6,9,6.0
WELENT,Welspun Enterprises Limited,Industrials,Engineering & Construction,8121.0,Mid-Cap,MonthlyStage2,Stage Change,1.0,24,10-EMA=535 | 30-EMA=468 | Above by 33.9% | MA turning=Yes,MonthlyCupHandle+MonthlyDoubleBottom+MonthlyStage2,Uptrend,True,True,Tight-Above-MAs,True,Stage2,4,Uptrend,Uptrend,627.1,468.44,415.06,533.03,686.74,686.74,686.74,686.74,9.5,4.6,22.83,16.27,2.64,,11.37,50.0,-29.33,,0,none,14.1,16.8,2.49,21.0,1.94,9.68,6.51,0.86,9.44,18.76,11.02,-18.5,24.76,53.0,0.15,highly inconsistent earnings,0.61,,1.96,,635.45,7.83,56.13,0.0,,3.92,0.45,9.25,-0.07,634.9,412.0,1.2,52.2,34.97,102.41,0.84,0.4,5,16.0,28.5,4.0,8.0,56.5,WATCH ⭐⭐,Expected ~5% CAGR (2yr) | Declining profits (-18% CAGR) ⚠️ | ROCE trend rising ↑ | Promoter 56% holding | FCF yield 7.8% | Piotroski F=5 (above average quality),None identified,3-4 years,Medium-High,"yfinance, screener.in",100,261,,2026-08-01,2026-06-01,61,27.1,9,11.0
AARVI,Aarvi Encon Limited,Industrials,Staffing & Employment Services,229.0,Micro-Cap,MonthlyStage2,Stage Change,1.0,24,10-EMA=134 | 30-EMA=126 | Above by 23.3% | MA turning=Yes,MonthlyDoubleBottom+MonthlyStage2,Uptrend,True,True,Tight-Above-MAs,True,Stage2,4,Uptrend,Uptrend,155.24,125.95,100.16,131.95,353.31,375.46,399.0,375.46,141.9,55.5,13.14,,1.61,2.1,10.51,129.0,10.06,,0,none,13.4,14.4,-0.29,3.0,-0.49,2.71,5.81,27.45,14.15,26.33,80.0,6.27,12.47,55.7,0.15,highly inconsistent earnings,0.19,,2.04,,9.65,4.2,73.36,-0.17,,,0.0,,,168.4,96.99,7.8,60.1,23.76,-0.49,0.78,-0.11,5,18.0,28.5,4.0,6.0,56.5,WATCH ⭐⭐,Expected ~56% CAGR (2yr) | Low D/E 0.19 | Promoter 73% holding | FCF yield 4.2% | Piotroski F=5 (above average quality) | Dividend growing 10%/yr,None identified,3-4 years,Medium-High,"yfinance, screener.in",100,106,,2026-08-01,2026-06-15,47,4.7,7,-2.0
ECLERX,eClerx Services Limited,Technology,Information Technology Services,17131.0,Mid-Cap,MonthlyDoubleBottom,Forming,0.785,10,Sep 10mo | Mid rally 81% | Asymmetry 3%,MonthlyDoubleBottom+MonthlyStage2,Sideways-Above-MA,True,False,Constructive,True,Downtrend,0,Uptrend,Uptrend,1621.7,1938.02,1056.37,1378.44,2310.12,2819.67,2950.83,2610.9,73.9,31.9,25.0,18.92,6.72,1.92,15.76,3.0,14.47,1791.0,10,buy,29.0,34.8,0.94,26.0,-1.03,17.15,16.0,22.31,15.85,21.36,30.5,13.02,20.06,24.4,0.4,lumpy earner,0.15,,3.4,,488.99,2.85,54.53,0.0,,11.01,-0.81,23.84,-0.11,2497.5,1320.0,35.1,22.9,-22.25,74.22,0.7,0.41,6,33.0,17.42,6.0,0.0,56.4,WATCH ⭐⭐,Expected ~32% CAGR (2yr) | Revenue CAGR 16% | ROE 29% | ROCE 35% | ROCE trend rising ↑ | Low D/E 0.15,Margin compression ↓ | Pattern still forming (not broken out),3-4 years,Medium-High,"yfinance, screener.in",100,224,,2026-08-01,2026-06-01,61,4.4,9,2.0
ALKYLAMINE,Alkyl Amines Chemicals Limited,Basic Materials,Specialty Chemicals,9153.0,Mid-Cap,MonthlyStage2,Stage Change,0.315,24,10-EMA=1703 | 30-EMA=1868 | Above by 4.7% | MA turning=No,MonthlyDoubleBottom+MonthlyStage2,Sideways-Above-MA,True,False,Constructive,False,Stage2,1,Uptrend,Uptrend,1956.0,1867.81,1231.6,1662.6,1299.45,2504.02,3200.57,2039.36,28.0,13.1,51.03,40.46,5.97,0.9,,76.0,0.0,1606.67,3,hold,41.4,41.3,2.57,26.0,1.14,11.77,,17.38,25.61,15.84,133.72,56.94,34.9,-3.4,0.15,highly inconsistent earnings,,,,,,,72.04,-0.01,,3.5,0.05,3.1,0.09,2400.0,1212.0,18.5,61.4,-1.57,-46.66,0.82,0.27,3,36.0,14.28,6.0,0.0,56.3,WATCH ⭐⭐,Expected ~13% CAGR (2yr) | Revenue CAGR 26% | Profit CAGR 57% | ROE 41% | ROCE 41% | ROCE trend rising ↑,High PE 51,3-4 years,Medium-High,"yfinance, screener.in",70,225,,2026-08-01,2026-06-01,61,10.7,9,4.7
TRENT,Trent Limited,Consumer Cyclical,Apparel Retail,154131.0,Large-Cap,MonthlyDoubleBottom,Forming,0.852,10,Sep 10mo | Mid rally 92% | Asymmetry 7%,,Downtrend,False,False,Below-MAs,False,Stage2,3,Uptrend,Uptrend,2872.2,8337.78,4192.37,3982.75,3154.81,12483.19,8430.43,5157.17,334.6,108.5,89.3,57.9,22.07,1.41,56.36,14.0,39.71,3234.25,25,buy,27.7,28.3,6.26,19.0,2.46,8.57,13.71,17.15,34.54,50.58,12.19,63.47,74.62,25.8,0.15,highly inconsistent earnings,0.36,,1.26,,997.66,0.65,37.01,0.0,,15.14,-0.45,23.07,0.88,5674.0,2183.67,49.4,31.5,-44.89,14.7,0.81,0.33,6,39.0,13.22,4.0,0.0,56.2,WATCH ⭐⭐,Expected ~108% CAGR (2yr) | Revenue CAGR 35% | Profit CAGR 63% | ROE 28% | ROCE 28% | ROCE trend rising ↑,High PE 89 | Earnings due 2026-08-06 | Pattern still forming (not broken out),3-4 years,Medium-High,"yfinance, screener.in",100,289,2026-08-06,2026-08-01,2026-06-01,61,-29.4,9,-4.0
MRF,MRF Limited,Consumer Cyclical,Auto Parts,55455.0,Large-Cap,MonthlyDoubleBottom,Forming,0.547,40,Sep 40mo | Mid rally 61% | Asymmetry 6%,MonthlyDoubleBottom+MonthlyStage2,Sideways,False,False,Below-MAs,True,Stage2,3,Uptrend,Uptrend,134860.0,97766.92,58930.66,114631.0,504159.56,498172.2,1084404.64,739400.41,269.4,92.2,22.88,15.86,2.64,0.49,11.1,35.0,9.85,136329.89,9,hold,12.5,15.7,1.17,16.0,0.26,7.79,6.52,10.65,10.63,14.02,29.52,46.66,13.69,37.2,0.15,highly inconsistent earnings,0.15,,1.65,,2364.33,4.26,27.76,-0.01,,17.43,-0.55,12.11,-0.14,163600.0,122000.0,17.6,10.5,-3.42,-1.26,0.96,0.15,7,28.0,14.06,13.0,1.0,56.1,WATCH ⭐⭐,Expected ~92% CAGR (2yr) | Profit CAGR 47% | ROCE trend rising ↑ | Low D/E 0.15 | FCF yield 4.3% | Piotroski F=7 (high quality compounder),Earnings due 2026-08-11 | Pattern still forming (not broken out),3-4 years,Medium-High,"yfinance, screener.in",100,289,2026-08-11,2026-08-01,2026-06-01,61,6.4,9,3.0
PARADEEP,Paradeep Phosphates Limited,Basic Materials,Agricultural Inputs,14126.0,Mid-Cap,MonthlyStage2,Breaking Out,1.0,24,10-EMA=140 | 30-EMA=125 | Above by 17.5% | MA turning=Yes,MonthlyDoubleBottom+MonthlyStage2,Uptrend,True,False,Constructive,True,Stage2,1,Uptrend,Uptrend,147.33,125.44,82.0,125.23,333.11,357.77,734.78,494.73,142.8,55.8,14.19,11.66,2.08,0.29,9.58,73.0,100.0,152.33,3,none,18.9,17.1,0.23,10.0,-0.14,4.57,7.52,57.93,17.83,33.41,80.43,48.52,34.89,-2.8,0.15,highly inconsistent earnings,1.02,,1.15,,-3334.03,-23.6,57.86,0.07,,5.1,-3.26,18.07,2.58,234.39,99.7,37.1,47.8,-31.03,87.22,1.87,-0.08,3,18.0,27.0,11.0,0.0,56.0,WATCH ⭐⭐,Expected ~56% CAGR (2yr) | Revenue CAGR 18% | Profit CAGR 49% | ROCE trend rising ↑ | Promoter 58% holding | DII buying +2.6% ↑,High D/E 1.0,3-4 years,Medium-High,"yfinance, screener.in",100,51,,2026-08-01,2026-06-01,61,18.8,9,14.0
ABDL,ALLIED BLEND N DISTILS L,Consumer Defensive,Beverages - Wineries & Distilleries,17363.0,Mid-Cap,MonthlyDoubleBottom,Forming,0.485,6,Sep 6mo | Mid rally 55% | Asymmetry 6%,,Uptrend,True,False,Tight-Above-MAs,True,Stage2,15,Uptrend,Uptrend,648.75,440.72,276.69,551.44,2913.93,8534.44,64854.35,13747.03,1215.5,262.7,78.78,39.36,10.44,0.21,,90.0,50.0,715.55,11,strong_buy,14.3,18.4,1.97,14.0,1.83,5.59,,1.43,6.14,8.18,-4.55,371.77,191.37,-13.0,0.15,highly inconsistent earnings,0.68,,,,,,80.91,0.0,,3.24,0.01,5.07,0.25,711.7,382.1,8.8,69.8,29.26,,0.68,,2,20.0,20.82,9.0,6.0,55.8,WATCH ⭐⭐,Expected ~263% CAGR (2yr) | Profit CAGR 372% | ROCE trend rising ↑ | Promoter 81% holding | Dividend growing 50%/yr | PEG 0.21 — deeply undervalued,High PE 79 | Pattern still forming (not broken out),3-4 years,Medium-High,"yfinance, screener.in",80,25,,2026-08-01,2026-06-15,47,0.7,7,5.0
AUTOAXLES,Automotive Axles Limited,Consumer Cyclical,Auto Parts,2718.0,Small-Cap,MonthlyDoubleBottom,Forming,0.767,36,Sep 36mo | Mid rally 81% | Asymmetry 5%,MonthlyCupHandle+MonthlyDoubleBottom,Sideways,False,False,Below-MAs,True,Stage2,3,Uptrend,Uptrend,1773.7,498.28,268.83,1507.64,5494.19,6444.69,7559.62,6444.69,263.3,90.6,16.53,13.51,2.47,0.96,9.78,178.0,26.69,2132.0,1,none,15.8,,,10.12,,7.55,8.74,18.7,,,17.3,,,17.3,0.5,insufficient history,0.01,,2.96,,105.08,3.87,71.04,0.0,,0.75,-0.08,15.44,0.29,2115.0,1540.2,16.1,15.2,5.04,-42.55,0.18,0.5,5,26.0,16.7,10.0,3.0,55.7,WATCH ⭐⭐,Expected ~91% CAGR (2yr) | Revenue CAGR 19% | Nearly debt-free | Promoter 71% holding | FCF yield 3.9% | Piotroski F=5 (above average quality),Pattern still forming (not broken out),3-4 years,Medium-High,"yfinance, screener.in",70,289,,2026-08-01,2026-06-01,61,4.8,9,5.0
TATAELXSI,Tata Elxsi Limited,Technology,Software - Application,22042.0,Mid-Cap,MonthlyDoubleBottom,Forming,1.0,40,Sep 40mo | Mid rally 193% | Asymmetry 1%,,Downtrend,False,True,Below-MAs,False,Downtrend,0,Uptrend,Uptrend,3690.3,1365.89,463.42,3136.76,5260.33,5965.41,10732.79,7513.86,61.7,27.1,33.67,24.61,7.25,0.79,24.29,212.0,7.37,3642.73,15,underperform,39.3,60.0,7.09,21.0,0.97,16.74,,9.55,16.35,16.95,41.67,42.84,15.79,18.2,0.15,highly inconsistent earnings,0.05,,,,,,43.9,0.0,,9.85,-1.23,11.03,-0.36,6169.5,3353.9,40.2,10.0,-28.59,-73.73,0.66,0.32,3,34.0,15.5,6.0,0.0,55.5,WATCH ⭐⭐,Expected ~27% CAGR (2yr) | Revenue CAGR 16% | Profit CAGR 43% | ROE 39% | ROCE 60% | ROCE trend rising ↑,Earnings due 2026-10-08 | Pattern still forming (not broken out),3-4 years,Medium-High,"yfinance, screener.in",80,289,2026-10-08,2026-08-01,2026-06-01,61,-11.8,9,-10.0
WHEELS,Wheels India Limited,Consumer Cyclical,Auto Parts,3523.0,Small-Cap,MonthlyDoubleBottom,Forming,1.0,33,Sep 33mo | Mid rally 148% | Asymmetry 5%,,Sideways-Above-MA,True,False,Constructive,False,Stage2,3,Uptrend,Uptrend,1484.1,1236.83,487.61,1261.48,5510.42,8033.09,11710.63,8033.09,441.3,132.7,22.73,38.67,3.38,0.5,,100.0,27.48,,0,none,15.8,18.8,2.6,8.0,0.37,3.19,,15.2,5.61,17.76,41.07,45.78,27.44,-9.8,0.15,highly inconsistent earnings,,,,,,,58.31,0.0,,1.98,0.83,6.39,-3.25,1808.0,705.85,17.9,110.3,104.63,90.84,0.96,,2,18.0,22.5,8.0,7.0,55.5,WATCH ⭐⭐,Expected ~133% CAGR (2yr) | Profit CAGR 46% | ROCE trend rising ↑ | Promoter 58% holding | FII buying +0.8% ↑ | Dividend growing 27%/yr,Pattern still forming (not broken out),3-4 years,Medium-High,"yfinance, screener.in",70,289,,2026-08-01,2026-06-01,61,-5.1,9,-4.5
J&KBANK,Jammu and Kashmir Bank Limited,Financial Services,Banks - Regional,19003.0,Mid-Cap,MonthlyDoubleBottom,Forming,1.0,14,Sep 14mo | Mid rally 109% | Asymmetry 6%,,Sideways-Above-MA,True,False,Constructive,False,Stage2,12,Uptrend,Uptrend,183.31,46.14,21.49,155.81,619.05,779.76,982.18,779.76,325.4,106.2,8.06,7.41,1.15,0.31,,125.0,64.5,198.0,1,none,15.4,5.84,,23.3,,34.68,1.32,4.86,12.02,10.15,13.35,25.96,40.7,,0.15,highly inconsistent earnings,,,,,,,59.4,0.0,,9.38,1.03,7.85,1.85,201.75,97.35,9.1,88.3,90.05,88.21,0.82,0.48,2,17.0,21.5,9.0,8.0,55.5,WATCH ⭐⭐,Expected ~106% CAGR (2yr) | Profit CAGR 26% | Promoter 59% holding | FII buying +1.0% ↑ | DII buying +1.9% ↑ | Dividend growing 64%/yr,Pattern still forming (not broken out),3-4 years,Medium-High,"yfinance, screener.in",80,288,,2026-08-01,2026-06-01,61,37.5,9,-3.0
OLECTRA,Olectra Greentech Limited,Industrials,Farm & Heavy Construction Machinery,10968.0,Mid-Cap,MonthlyDoubleBottom,Forming,1.0,33,Sep 33mo | Mid rally 548% | Asymmetry 8%,MonthlyDoubleBottom+MonthlyStage2,Sideways-Above-MA,True,False,Constructive,False,Stage2,4,Uptrend,Uptrend,1324.2,279.39,41.39,1125.57,1073.71,1492.67,2075.11,1492.67,12.7,6.2,61.72,30.86,8.94,1.58,1175.3,3.0,0.0,,0,none,15.6,21.0,3.89,14.0,1.11,2.01,,28.3,28.45,52.43,29.5,39.02,86.4,164.4,0.15,highly inconsistent earnings,0.31,,,,,,50.02,0.0,,7.95,0.84,0.58,-0.1,1714.2,866.6,22.8,52.8,-13.21,-19.61,0.63,0.3,3,31.0,22.5,1.0,1.0,55.5,WATCH ⭐⭐,Expected ~6% CAGR (2yr) | Revenue CAGR 28% | Profit CAGR 39% | ROCE 21% | ROCE trend rising ↑ | Promoter 50% holding,High PE 62 | Pattern still forming (not broken out),3-4 years,Medium-High,"yfinance, screener.in",80,289,,2026-08-01,2026-06-01,61,8.6,9,1.0
IZMO,IZMO Limited,Technology,Software - Application,1653.0,Small-Cap,MonthlyDoubleBottom,Forming,1.0,12,Sep 12mo | Mid rally 177% | Asymmetry 4%,,Sideways-Above-MA,True,False,Tight-Above-MAs,True,Downtrend,0,Uptrend,Uptrend,1111.5,649.45,229.7,944.77,1445.09,1934.83,2590.54,1934.83,74.1,31.9,34.6,,4.04,1.02,31.85,0.0,-68.75,,0,none,12.4,12.6,0.29,18.0,-0.89,16.7,4.64,26.67,22.77,19.7,-2.04,33.89,12.2,151.1,0.15,highly inconsistent earnings,0.04,,2.62,,-42.29,-2.56,34.79,0.0,,3.35,0.08,0.52,0.03,1374.7,350.05,19.1,217.5,66.46,431.14,0.22,0.45,5,22.0,23.5,3.0,7.0,55.5,WATCH ⭐⭐,Expected ~32% CAGR (2yr) | Revenue CAGR 23% | Profit CAGR 34% | ROCE trend rising ↑ | Nearly debt-free | Margin compressing ↓ ⚠️,Margin compression ↓ | Pattern still forming (not broken out),3-4 years,Medium-High,"yfinance, screener.in",100,234,,2026-08-01,2026-06-01,61,66.9,9,4.0
INNOVACAP,Innova Captab Limited,Healthcare,Drug Manufacturers - Specialty & Generic,5439.0,Small-Cap,MonthlyStage2,Stage Change,1.0,24,10-EMA=844 | 30-EMA=772 | Above by 30.5% | MA turning=Yes,MonthlyCupHandle+MonthlyDoubleBottom+MonthlyStage2,Uptrend,True,False,Tight-Above-MAs,True,Stage2,6,Uptrend,Uptrend,1008.0,772.33,655.96,856.8,1623.53,2070.33,2640.08,2070.33,105.4,43.3,38.6,21.17,4.99,1.4,24.76,42.0,,1078.5,2,none,13.7,15.0,-3.37,15.0,0.6,8.64,6.83,31.03,20.74,31.73,10.16,27.52,32.91,28.8,0.15,highly inconsistent earnings,0.32,,1.87,,-26.78,-0.49,50.9,0.0,,0.34,0.11,19.92,-0.22,1034.85,622.0,2.6,62.1,12.98,,0.43,-0.05,5,19.0,28.5,4.0,4.0,55.5,WATCH ⭐⭐,Expected ~43% CAGR (2yr) | Revenue CAGR 21% | Profit CAGR 28% | Promoter 51% holding | Piotroski F=5 (above average quality) | PEG 1.40 — fair value,None identified,3-4 years,Medium-High,"yfinance, screener.in",100,32,,2026-08-01,2026-06-01,61,15.4,9,6.0
TITAN,Titan Company Limited,Consumer Cyclical,Luxury Goods,414871.0,Large-Cap,MonthlyDoubleBottom,Forming,0.906,17,Sep 17mo | Mid rally 92% | Asymmetry 1%,,Uptrend,True,False,Tight-Above-MAs,True,Stage2,3,Uptrend,Uptrend,4585.5,1363.41,707.14,3897.67,2774.67,3953.57,3715.6,3210.85,,,81.97,54.83,26.44,5.21,56.05,32.0,14.47,5067.65,37,buy,37.7,20.5,0.91,10.0,-0.03,5.79,9.32,44.87,29.24,32.26,52.02,15.72,39.1,35.2,0.15,highly inconsistent earnings,1.95,,1.28,,-6802.38,-1.64,52.9,0.0,,15.39,-0.26,15.15,0.31,4733.0,3303.1,3.1,38.8,27.26,22.91,0.5,0.22,4,21.0,26.37,0.0,8.0,55.4,WATCH ⭐⭐,Revenue CAGR 29% | ROE 38% | ROCE 20% | ROCE trend rising ↑ | Promoter 53% holding | Dividend growing 14%/yr,High D/E 1.9 | High PE 82 | Earnings due 2026-08-07 | Pattern still forming (not broken out),3-4 years,Medium-High,"yfinance, screener.in",100,367,2026-08-07,2026-08-01,2026-06-01,61,11.8,9,4.0
MAZDOCK,Mazagon Dock Shipbuilders Limited,Industrials,Aerospace & Defense,92527.0,Large-Cap,MonthlyDoubleBottom,Forming,0.814,13,Sep 13mo | Mid rally 89% | Asymmetry 8%,MonthlyCupHandle+MonthlyDoubleBottom+MonthlyStage2,Downtrend,False,False,Below-MAs,False,Stage2,4,Uptrend,Uptrend,2381.8,3751.65,1904.04,2024.53,3159.63,5599.26,5511.18,4172.92,135.1,53.3,35.84,28.15,9.49,1.12,35.36,84.0,-12.25,2751.18,11,buy,29.2,36.0,4.06,17.0,2.57,19.86,4.83,13.77,18.44,26.29,6.79,32.07,38.06,108.8,0.4,lumpy earner,0.04,,1.4,,-3999.91,-4.32,81.22,0.0,,1.72,-0.01,5.02,-0.07,3061.4,2057.4,22.2,15.8,-7.03,138.96,0.56,0.56,4,37.0,13.27,5.0,0.0,55.3,WATCH ⭐⭐,Expected ~53% CAGR (2yr) | Revenue CAGR 18% | Profit CAGR 32% | ROE 29% | ROCE 36% | ROCE trend rising ↑,Pattern still forming (not broken out),3-4 years,Medium-High,"yfinance, screener.in",100,70,,2026-08-01,2026-06-01,61,-1.7,9,0.0
PYRAMID,Pyramid Technoplast Limited,Consumer Cyclical,Packaging & Containers,606.0,Small-Cap,MonthlyDoubleBottom,Forming,0.926,21,Sep 21mo | Mid rally 94% | Asymmetry 2%,MonthlyDoubleBottom+MonthlyStage2,Uptrend,True,False,Uptrend,True,Stage2,3,Uptrend,Uptrend,180.85,258.24,131.8,153.72,823.75,1294.94,2035.64,1294.94,616.0,167.6,20.71,,2.12,0.36,13.71,30.0,,,0,none,10.96,,,8.17,,4.23,6.16,13.8,,,57.2,,,51.6,0.5,insufficient history,0.67,,1.73,,-134.41,-22.19,74.94,0.0,,0.97,0.0,3.14,-0.12,188.38,131.8,4.0,37.2,12.48,-17.02,9.44,0.15,3,14.0,25.11,12.0,4.0,55.1,WATCH ⭐⭐,Expected ~168% CAGR (2yr) | Profit CAGR 57% | Promoter 75% holding | PEG 0.36 — deeply undervalued | EV/EBITDA 14× below sector (25×) | MonthlyDoubleBottom forming (21mo base),Pattern still forming (not broken out),3-4 years,Medium-High,"yfinance, screener.in",70,36,,2026-08-01,2026-06-01,61,5.9,9,2.0
KAPSTON,Kapston Services Limited,Industrials,Specialty Business Services,1402.0,Small-Cap,MonthlyDoubleBottom,Breakout Ready,0.622,14,Sep 14mo | Mid rally 72% | Asymmetry 9%,,Uptrend,True,True,Tight-Above-MAs,True,Stage2,4,Uptrend,Uptrend,474.9,65.23,36.33,403.66,427.48,531.79,661.54,531.79,12.0,5.8,49.75,,12.05,2.04,35.89,0.0,,,0,none,27.4,14.9,2.0,5.0,0.5,3.39,7.7,20.46,,,55.56,,,24.3,1.0,steady compounder (low CV),1.58,,1.43,,-17.41,-1.24,72.87,0.0,,0.01,0.01,,,469.0,231.58,-1.3,105.1,97.0,477.13,3.0,0.17,5,20.0,25.96,-1.0,10.0,55.0,WATCH ⭐⭐,Expected ~6% CAGR (2yr) | Revenue CAGR 17% | Profit CAGR 24% | ROE 27% | ROCE trend rising ↑ | Promoter 73% holding,High D/E 1.6,3-4 years,Medium-High,"yfinance, screener.in",80,100,,2026-08-01,2026-06-01,61,46.1,9,-4.0
SANSERA,Sansera Engineering Limited,Consumer Cyclical,Auto Parts,19874.0,Mid-Cap,MonthlyDoubleBottom,Forming,0.794,13,Sep 13mo | Mid rally 88% | Asymmetry 8%,,Uptrend,True,False,Tight-Above-MAs,True,Stage2,3,Uptrend,Uptrend,3284.2,1751.11,896.77,2791.57,3494.98,3979.0,5929.25,4552.21,21.2,10.1,61.35,37.51,6.42,2.03,31.69,10.0,17.57,3119.18,11,buy,11.5,14.1,0.11,18.0,0.03,9.27,6.47,15.94,14.37,17.69,50.69,30.25,24.35,104.8,0.4,lumpy earner,0.19,,1.75,,-211.33,-1.06,29.21,-0.89,,21.52,2.73,31.04,-4.34,3457.5,1216.3,5.0,170.0,160.01,220.94,0.46,0.77,6,22.0,25.03,0.0,8.0,55.0,WATCH ⭐⭐,Expected ~10% CAGR (2yr) | Profit CAGR 30% | ROCE trend rising ↑ | Low D/E 0.19 | Piotroski F=6 (above average quality) | FII buying +2.7% ↑,High PE 61 | Pattern still forming (not broken out),3-4 years,Medium-High,"yfinance, screener.in",100,59,,2026-08-01,2026-06-01,61,37.0,9,-3.0
ESCORTS,Escorts Kubota Limited,Industrials,Farm & Heavy Construction Machinery,31964.0,Large-Cap,MonthlyDoubleBottom,Forming,0.875,14,Sep 14mo | Mid rally 88% | Asymmetry 0%,,Sideways,False,False,Below-MAs,True,Stage2,4,Uptrend,Uptrend,2941.8,976.3,520.15,2500.53,7031.14,7910.39,16997.1,10932.02,168.9,64.0,23.42,20.2,2.63,0.42,17.99,114.0,93.86,3377.94,16,hold,18.7,13.9,-2.34,13.0,-0.51,20.75,5.39,12.65,11.04,10.47,89.25,55.48,22.38,0.7,0.15,highly inconsistent earnings,0.01,,3.25,,1203.44,3.76,68.04,0.0,,6.36,0.65,10.65,-1.01,4180.0,2700.0,29.6,9.0,-16.23,-30.91,0.31,0.32,5,27.0,17.0,11.0,0.0,55.0,WATCH ⭐⭐,Expected ~64% CAGR (2yr) | Profit CAGR 55% | Nearly debt-free | Promoter 68% holding | Margin compressing ↓ ⚠️ | FCF yield 3.8%,Margin compression ↓ | Earnings due 2026-08-03 | Pattern still forming (not broken out),3-4 years,Medium-High,"yfinance, screener.in",100,367,2026-08-03,2026-08-01,2026-06-01,61,1.8,9,4.0
NETWEB,Netweb Technologies India Limited,Technology,Computer Hardware,23665.0,Mid-Cap,None,,0.0,0,,,Sideways-Above-MA,True,False,Tight-Above-MAs,True,Downtrend,0,Uptrend,Uptrend,4524.0,,,3845.4,2172.96,4044.51,5865.8,3570.18,,,114.93,55.81,32.63,1.79,82.75,6.0,25.0,4756.0,4,strong_buy,32.83,,,11.99,,9.43,10.75,86.6,,,64.3,,,64.2,0.5,insufficient history,0.39,,1.44,,112.21,0.47,66.98,0.0,,9.27,-0.02,5.91,1.23,5244.0,1812.5,13.7,149.6,106.08,410.02,,1.74,4,35.0,11.0,2.0,7.0,55.0,WATCH ⭐⭐,Revenue CAGR 87% | Profit CAGR 64% | ROE 33% | Promoter 67% holding | DII buying +1.2% ↑ | Dividend growing 25%/yr,High PE 115,3-4 years,Medium-High,"yfinance, screener.in",70,37,,2026-08-01,2026-07-15,17,20.8,3,-3.0
EPL,EPL Limited,Consumer Cyclical,Packaging & Containers,7465.0,Small-Cap,MonthlyStage2,Stage Change,0.869,24,10-EMA=219 | 30-EMA=210 | Above by 13.0% | MA turning=Yes,MonthlyCupHandle+MonthlyDoubleBottom+MonthlyStage2,Sideways-Above-MA,True,False,Tight-Above-MAs,True,Stage2,3,Uptrend,Uptrend,237.56,210.16,184.8,201.93,660.39,590.08,942.74,789.03,148.4,57.6,19.23,13.32,2.61,0.99,8.13,215.0,5.16,291.67,6,strong_buy,15.8,17.8,0.57,20.0,0.31,8.16,8.76,13.05,8.84,9.03,8.24,19.48,10.06,-10.0,0.15,highly inconsistent earnings,0.34,,1.56,,59.91,0.8,26.38,0.0,,14.07,-3.15,13.8,3.6,246.86,176.4,3.8,34.7,9.08,3.39,0.45,0.38,6,16.0,23.93,12.0,3.0,54.9,WATCH ⭐⭐,Expected ~58% CAGR (2yr) | ROCE trend rising ↑ | Piotroski F=6 (above average quality) | DII buying +3.6% ↑ | PEG 0.99 — undervalued | EV/EBITDA 8× below sector (25×),None identified,3-4 years,Medium-High,"yfinance, screener.in",100,289,,2026-08-01,2026-06-01,61,9.4,9,6.1
LALPATHLAB,Dr. Lal PathLabs Limited,Healthcare,Diagnostics & Research,29375.0,Mid-Cap,MonthlyStage2,Stage Change,1.0,24,10-EMA=1558 | 30-EMA=1444 | Above by 30.1% | MA turning=Yes,MonthlyDoubleBottom+MonthlyStage2,Uptrend,True,False,Uptrend,True,Stage2,6,Uptrend,Uptrend,1878.8,1443.83,1142.76,1596.98,1678.6,1850.03,2207.61,1925.02,,,54.35,42.2,11.71,3.7,,114.0,7.72,1737.54,26,buy,22.3,28.0,-0.51,29.0,0.66,18.72,,4.63,9.09,6.73,7.06,14.68,9.3,28.0,0.15,highly inconsistent earnings,0.08,,,,,,53.19,-0.02,,17.35,0.17,21.59,0.22,1803.0,1272.6,-4.2,47.6,15.22,51.65,1.4,,1,22.0,26.5,0.0,6.0,54.5,WATCH ⭐⭐,ROE 22% | ROCE 28% | Nearly debt-free | Promoter 53% holding | OPM 29% | MonthlyStage2 forming (24mo base),High PE 54 | Earnings due 2026-07-24,3-4 years,Medium-High,"yfinance, screener.in",80,128,2026-07-24,2026-08-01,2026-06-01,61,10.3,9,-12.5
TIMETECHNO,Time Technoplast Limited,Consumer Cyclical,Packaging & Containers,9935.0,Mid-Cap,MonthlyDoubleBottom,Forming,1.0,27,Sep 27mo | Mid rally 198% | Asymmetry 4%,MonthlyDoubleBottom+MonthlyStage2,Sideways-Above-MA,True,True,Constructive,True,Stage2,3,Uptrend,Uptrend,188.23,107.47,35.27,160.0,592.3,761.99,980.3,761.99,304.8,101.2,20.17,14.38,2.43,0.7,11.28,62.0,35.72,280.0,1,none,13.4,16.7,1.66,15.0,0.31,7.67,8.94,11.87,12.49,15.23,21.07,28.65,35.1,20.4,0.4,lumpy earner,0.18,,3.63,,-487.52,-4.91,47.57,0.0,,8.54,-2.34,17.56,0.19,249.15,154.0,24.5,22.2,-16.25,132.41,0.63,0.3,6,21.0,22.5,10.0,1.0,54.5,WATCH ⭐⭐,Expected ~101% CAGR (2yr) | Profit CAGR 29% | ROCE trend rising ↑ | Low D/E 0.18 | Piotroski F=6 (above average quality) | Dividend growing 36%/yr,Pattern still forming (not broken out),3-4 years,Medium-High,"yfinance, screener.in",100,230,,2026-08-01,2026-06-01,61,9.0,9,5.0
SPAL,S.P. Apparels Limited,Consumer Cyclical,Apparel Manufacturing,2521.0,Small-Cap,MonthlyStage2,Stage Change,1.0,24,10-EMA=882 | 30-EMA=761 | Above by 52.4% | MA turning=Yes,MonthlyCupHandle+MonthlyDoubleBottom+MonthlyStage2,Uptrend,True,False,Tight-Above-MAs,True,Stage2,3,Uptrend,Uptrend,1159.7,760.96,674.15,985.75,1900.63,2029.11,2166.28,2029.11,75.0,32.3,25.0,14.15,2.66,3.7,13.12,20.0,60.0,1105.5,2,none,11.2,14.0,0.34,13.0,-0.83,6.39,6.97,13.19,13.46,19.35,6.32,6.76,18.62,-38.8,0.15,highly inconsistent earnings,0.45,,1.32,,74.78,2.97,61.81,0.0,,1.49,0.01,16.15,-0.42,1221.9,600.0,5.1,93.3,60.93,84.35,0.85,-0.14,5,15.0,28.5,4.0,7.0,54.5,WATCH ⭐⭐,Expected ~32% CAGR (2yr) | ROCE trend rising ↑ | Promoter 62% holding | Margin compressing ↓ ⚠️ | Piotroski F=5 (above average quality) | Dividend growing 60%/yr,Margin compression ↓,3-4 years,Medium-High,"yfinance, screener.in",100,120,,2026-08-01,2026-06-01,61,48.0,9,6.4
JAGSNPHARM,Jagsonpal Pharmaceuticals Limited,Healthcare,Drug Manufacturers - Specialty & Generic,1461.0,Small-Cap,MonthlyStage2,Stage Change,1.0,24,10-EMA=212 | 30-EMA=196 | Above by 16.2% | MA turning=Yes,MonthlyCupHandle+MonthlyDoubleBottom+MonthlyStage2,Uptrend,True,False,Uptrend,True,Stage2,6,Uptrend,Uptrend,228.19,196.33,160.87,193.96,377.85,467.78,579.11,467.78,105.0,43.2,35.06,,5.62,1.47,25.06,113.0,75.0,,0,none,16.7,,,13.77,,15.0,10.22,9.6,,,23.8,,,33.1,0.5,insufficient history,0.03,,5.06,,39.77,2.72,69.06,1.17,,2.3,-0.14,0.62,0.4,301.65,155.0,24.4,47.2,-0.53,7.87,0.39,-0.35,4,24.0,26.5,4.0,0.0,54.5,WATCH ⭐⭐,Expected ~43% CAGR (2yr) | Profit CAGR 24% | Nearly debt-free | Promoter 69% holding | Promoters buying ↑ | Dividend growing 75%/yr,None identified,3-4 years,Medium-High,"yfinance, screener.in",70,289,,2026-08-01,2026-06-01,61,15.7,9,9.3
TBOTEK,TBO TEK LIMITED,Consumer Cyclical,Travel Services,15259.0,Mid-Cap,MonthlyDoubleBottom,Forming,0.756,11,Sep 11mo | Mid rally 76% | Asymmetry 1%,,Uptrend,True,False,Constructive,True,Stage2,3,Uptrend,Uptrend,1457.3,1764.8,996.0,1238.7,1206.09,2533.6,1683.06,1424.75,73.9,31.9,62.9,30.79,9.85,3.47,38.3,0.0,,1736.09,11,strong_buy,17.6,18.0,2.91,14.0,4.94,9.12,2.35,54.12,35.97,79.92,6.09,18.13,27.3,2.0,0.15,highly inconsistent earnings,0.49,,1.08,,961.73,6.3,44.4,0.0,,28.93,-0.78,21.09,0.75,1764.8,1004.2,17.4,45.1,12.37,,0.82,0.68,4,29.0,21.07,1.0,3.0,54.1,WATCH ⭐⭐,Expected ~32% CAGR (2yr) | Revenue CAGR 36% | ROCE trend rising ↑ | FCF yield 6.3% | DII buying +0.8% ↑ | MonthlyDoubleBottom forming (11mo base),High PE 63 | Pattern still forming (not broken out),3-4 years,Medium-High,"yfinance, screener.in",100,27,,2026-08-01,2026-06-01,61,23.7,9,16.0
POLYCAB,Polycab India Limited,Industrials,Electrical Equipment & Parts,134178.0,Large-Cap,None,,0.0,0,,,Sideways-Above-MA,True,False,Constructive,False,Stage2,4,Uptrend,Uptrend,8896.0,,,7561.6,7467.01,9237.57,10261.82,8753.58,3.8,1.9,46.95,35.14,11.17,2.72,29.94,53.0,32.95,9963.55,31,buy,23.0,33.2,2.31,14.0,0.63,9.18,13.4,7.98,20.02,20.64,7.27,17.23,25.94,32.5,0.4,lumpy earner,0.02,,1.74,,1802.32,1.34,61.46,-0.04,,19.0,0.79,7.62,-0.33,10126.0,6620.0,12.1,34.4,26.36,49.7,,0.64,7,39.0,9.0,0.0,6.0,54.0,WATCH ⭐⭐,Expected ~2% CAGR (2yr) | Revenue CAGR 20% | ROE 23% | ROCE 33% | ROCE trend rising ↑ | Nearly debt-free,Earnings due 2026-10-15,3-4 years,Medium-High,"yfinance, screener.in",100,88,2026-10-15,2026-08-01,2026-06-01,61,-2.9,9,-13.0
JSLL,JEENA SIKHO LIFECARE LTD,Healthcare,Medical Care Facilities,6896.0,Small-Cap,None,,0.0,0,,,Downtrend,False,False,Below-MAs,False,Stage2,6,Uptrend,Uptrend,567.0,,,481.95,2601.68,7083.33,19285.08,7083.33,1149.3,253.4,31.15,14.56,14.77,0.18,19.52,20.0,31.58,1000.0,1,none,61.3,64.1,12.0,44.0,10.4,27.68,37.62,70.79,75.97,,177.5,172.26,,78.1,1.0,steady compounder (low CV),0.27,,3.25,,213.96,3.1,63.62,0.0,,4.78,-1.39,0.36,-0.1,849.5,492.0,33.3,15.2,-18.92,-31.88,,1.05,7,40.0,3.0,11.0,0.0,54.0,WATCH ⭐⭐,Expected ~253% CAGR (2yr) | Revenue CAGR 76% | Profit CAGR 172% | ROE 61% | ROCE 64% | ROCE trend rising ↑,None identified,3-4 years,Medium-High,"yfinance, screener.in",100,51,,2026-08-01,2026-06-01,61,-13.3,9,-12.5
TDPOWERSYS,TD Power Systems Limited,Industrials,Specialty Industrial Machinery,17398.0,Mid-Cap,None,,0.0,0,,,Sideways-Above-MA,True,False,Constructive,False,Stage2,4,Uptrend,Uptrend,1158.6,,,984.81,771.95,1042.59,1408.13,1042.59,,,72.98,39.42,16.23,2.08,52.46,19.0,33.08,1417.0,2,none,24.7,34.0,4.43,18.0,1.43,12.86,11.83,45.11,28.63,25.59,36.57,35.06,39.65,36.2,1.0,steady compounder (low CV),0.02,,1.95,,-35.0,-0.2,26.87,0.0,,26.18,-0.51,23.88,1.64,1379.6,453.1,16.0,155.7,132.05,315.53,,0.52,6,39.0,9.0,-1.0,7.0,54.0,WATCH ⭐⭐,Revenue CAGR 29% | Profit CAGR 35% | ROE 25% | ROCE 34% | ROCE trend rising ↑ | Nearly debt-free,High PE 73,3-4 years,Medium-High,"yfinance, screener.in",100,179,,2026-08-01,2026-06-01,61,-7.8,9,-10.0
KEI,KEI Industries Limited,Industrials,Electrical Equipment & Parts,46538.0,Large-Cap,MonthlyDoubleBottom,Forming,1.0,20,Sep 20mo | Mid rally 117% | Asymmetry 9%,,Sideways-Above-MA,True,False,Constructive,False,Stage2,4,Uptrend,Uptrend,4999.0,5029.01,2215.84,4249.15,4410.01,7842.18,6823.55,5485.61,56.9,25.2,50.76,35.41,6.98,2.08,36.84,9.0,14.47,5365.0,24,buy,14.8,20.1,-0.37,10.0,-0.14,7.82,8.79,20.67,19.34,22.95,31.9,24.39,27.45,25.5,1.0,steady compounder (low CV),0.04,,2.96,,170.84,0.37,35.0,0.0,,27.32,0.05,25.9,0.07,5708.0,3712.2,12.4,34.7,32.24,59.51,0.98,0.5,5,24.0,22.0,0.0,8.0,54.0,WATCH ⭐⭐,Expected ~25% CAGR (2yr) | Revenue CAGR 19% | Profit CAGR 24% | ROCE 20% | Nearly debt-free | EPS: steady compounder (low CV),High PE 51 | Earnings due 2026-08-03 | Pattern still forming (not broken out),3-4 years,Medium-High,"yfinance, screener.in",100,245,2026-08-03,2026-08-01,2026-06-01,61,-1.6,9,-9.0
SARDAEN,Sarda Energy & Minerals Limited,Basic Materials,Steel,17698.0,Mid-Cap,MonthlyDoubleBottom,Forming,1.0,20,Sep 20mo | Mid rally 119% | Asymmetry 0%,,Sideways,False,False,Below-MAs,False,Stage2,1,Uptrend,Uptrend,495.8,12.83,5.84,421.43,819.58,1003.57,1228.88,1003.57,102.4,42.3,16.0,10.61,2.4,0.71,10.12,30.0,25.99,,0,none,16.1,17.4,-1.03,31.0,0.2,19.43,8.41,22.55,10.55,20.94,57.98,22.45,24.15,45.9,0.15,highly inconsistent earnings,0.35,,4.5,,582.53,3.29,73.16,0.0,,3.51,0.01,3.47,0.15,639.75,429.3,22.5,15.5,-16.03,100.82,0.13,0.41,6,26.0,19.0,8.0,1.0,54.0,WATCH ⭐⭐,Expected ~42% CAGR (2yr) | Profit CAGR 22% | Promoter 73% holding | OPM 31% | FCF yield 3.3% | Piotroski F=6 (above average quality),Pattern still forming (not broken out),3-4 years,Medium-High,"yfinance, screener.in",100,200,,2026-08-01,2026-06-01,61,-7.8,9,-1.0
M&M,Mahindra & Mahindra Limited,Consumer Cyclical,Auto Manufacturers,379609.0,Large-Cap,MonthlyDoubleBottom,Forming,0.864,42,Sep 42mo | Mid rally 91% | Asymmetry 4%,,Sideways-Above-MA,True,False,Constructive,True,Stage2,3,Uptrend,Uptrend,3398.5,930.3,477.38,2888.72,8463.51,7634.24,11756.64,9975.09,124.6,49.9,20.79,19.84,3.8,1.16,12.13,104.0,26.63,4122.97,33,strong_buy,20.3,15.1,1.29,19.0,0.86,8.47,7.15,24.76,17.85,21.74,32.32,17.86,65.23,41.6,0.15,highly inconsistent earnings,1.25,,1.27,,12813.47,3.38,18.44,-0.01,,34.89,-1.34,32.58,1.21,3839.9,2896.0,11.5,17.4,7.12,93.32,1.11,0.34,6,21.0,20.87,10.0,2.0,53.9,WATCH ⭐⭐,Expected ~50% CAGR (2yr) | Revenue CAGR 18% | ROE 20% | ROCE trend rising ↑ | FCF yield 3.4% | Piotroski F=6 (above average quality),High D/E 1.3 | Earnings due 2026-07-30 | Pattern still forming (not broken out),3-4 years,Medium-High,"yfinance, screener.in",100,367,2026-07-30,2026-08-01,2026-06-01,61,9.9,9,5.0
GANDHITUBE,Gandhi Special Tubes Limited,Industrials,Metal Fabrication,1055.0,Small-Cap,MonthlyDoubleBottom,Forming,0.848,34,Sep 34mo | Mid rally 86% | Asymmetry 1%,,Uptrend,True,False,Tight-Above-MAs,True,Stage2,4,Uptrend,Uptrend,855.15,515.59,276.77,726.88,1385.43,1385.43,1385.43,1385.43,62.0,27.3,15.43,,3.34,,12.5,173.0,14.47,,0,none,23.51,,,39.38,,35.65,16.0,8.9,,,-21.5,,,-21.6,0.5,insufficient history,0.0,,6.11,,45.15,4.28,73.52,0.0,,1.23,0.0,0.05,-0.01,1031.8,649.5,17.1,31.7,3.6,-1.94,0.1,0.76,4,21.0,26.68,4.0,2.0,53.7,WATCH ⭐⭐,Expected ~27% CAGR (2yr) | Declining profits (-22% CAGR) ⚠️ | ROE 24% | Nearly debt-free | Promoter 74% holding | OPM 39%,Pattern still forming (not broken out),3-4 years,Medium-High,"yfinance, screener.in",70,235,,2026-08-01,2026-06-01,61,-2.0,9,6.0
APOLLOHOSP,Apollo Hospitals Enterprise Limited,Healthcare,Medical Care Facilities,126610.0,Large-Cap,MonthlyDoubleBottom,Forming,0.676,13,Sep 13mo | Mid rally 70% | Asymmetry 3%,,Uptrend,True,False,Tight-Above-MAs,True,Stage2,6,Uptrend,Uptrend,8841.0,1784.0,1031.85,7514.85,9327.2,11233.3,16595.79,12441.55,27.1,12.7,65.36,41.08,13.35,1.96,35.4,23.0,-12.64,9420.94,31,strong_buy,22.1,17.9,1.46,15.0,0.51,7.7,8.44,15.76,14.94,19.03,33.09,33.39,71.0,35.9,0.15,highly inconsistent earnings,0.85,,1.06,,395.55,0.31,28.02,0.0,,41.49,-1.13,23.72,0.96,9009.0,6696.5,1.9,32.0,17.38,59.45,0.26,0.18,6,22.0,23.61,2.0,6.0,53.6,WATCH ⭐⭐,Expected ~13% CAGR (2yr) | Profit CAGR 33% | ROE 22% | ROCE trend rising ↑ | Piotroski F=6 (above average quality) | DII buying +1.0% ↑,High PE 65 | Earnings due 2026-08-12 | Pattern still forming (not broken out),3-4 years,Medium-High,"yfinance, screener.in",100,289,2026-08-12,2026-08-01,2026-06-01,61,10.2,9,1.0
JKIL,J. Kumar Infraprojects Limited,Industrials,Engineering & Construction,3675.0,Small-Cap,MonthlyDoubleBottom,Forming,1.0,30,Sep 30mo | Mid rally 260% | Asymmetry 2%,,Downtrend,False,False,Below-MAs,False,Stage2,4,Uptrend,Uptrend,485.65,348.95,96.02,412.8,1784.49,1490.28,2246.47,2002.2,206.9,75.2,9.5,6.98,1.08,0.78,4.35,81.0,10.06,722.4,5,strong_buy,12.4,18.4,1.7,14.0,-0.37,6.75,6.61,0.53,10.84,30.57,-1.02,12.2,32.16,-4.0,0.15,highly inconsistent earnings,0.18,,1.62,,454.64,12.37,46.64,0.0,,11.68,-0.87,15.16,0.0,737.0,425.0,34.1,14.3,-19.98,-5.26,0.74,0.24,6,22.0,16.5,15.0,0.0,53.5,WATCH ⭐⭐,Expected ~75% CAGR (2yr) | ROCE trend rising ↑ | Low D/E 0.18 | FCF yield 12.4% | Piotroski F=6 (above average quality) | Dividend growing 10%/yr,Pattern still forming (not broken out),3-4 years,Medium-High,"yfinance, screener.in",100,222,,2026-08-01,2026-06-01,61,0.6,9,-3.0
SBIN,State Bank of India,Financial Services,Banks - Regional,936908.0,Large-Cap,MonthlyDoubleBottom,Forming,1.0,24,Sep 24mo | Mid rally 179% | Asymmetry 8%,,Uptrend,True,False,Uptrend,True,Stage2,12,Uptrend,Uptrend,1032.0,190.51,65.77,877.2,2291.88,2055.56,3004.19,2623.97,99.2,41.1,11.14,9.94,1.57,0.77,,171.0,15.36,1202.95,39,strong_buy,15.4,6.13,,28.96,,22.11,1.11,5.02,13.64,13.11,7.63,14.49,29.4,0.2,0.4,lumpy earner,,,,,,,55.47,-0.05,,10.81,-0.6,26.52,0.41,1234.7,786.55,16.4,31.2,31.82,68.39,0.34,0.36,2,12.0,26.5,8.0,7.0,53.5,WATCH ⭐⭐,Expected ~41% CAGR (2yr) | Promoter 55% holding | OPM 29% | Dividend growing 15%/yr | PEG 0.77 — undervalued | MonthlyDoubleBottom forming (24mo base),Earnings due 2026-08-06 | Pattern still forming (not broken out),3-4 years,Medium-High,"yfinance, screener.in",80,367,2026-08-06,2026-08-01,2026-06-01,61,8.8,9,9.0
RISHABH,Rishabh Instruments Limited,Technology,Scientific & Technical Instruments,2404.0,Small-Cap,MonthlyStage2,Breaking Out,1.0,24,10-EMA=474 | 30-EMA=427 | Above by 42.9% | MA turning=Yes,,Uptrend,True,False,Tight-Above-MAs,True,Downtrend,0,Uptrend,Uptrend,610.5,427.25,209.95,518.92,820.22,967.29,1140.72,967.29,58.4,25.9,29.49,19.76,3.22,1.64,18.04,32.0,,630.0,1,none,12.0,14.5,-0.69,16.0,-0.71,10.52,6.19,7.64,10.78,14.72,290.48,17.93,17.9,219.4,0.15,highly inconsistent earnings,0.11,,3.02,,-557.75,-23.2,69.4,-0.15,,1.17,1.07,11.21,-0.51,692.8,272.3,11.9,124.2,47.74,,2.12,1.09,4,12.0,29.0,4.0,8.0,53.0,WATCH ⭐⭐,Expected ~26% CAGR (2yr) | Low D/E 0.11 | Promoter 69% holding | Margin compressing ↓ ⚠️ | FII buying +1.1% ↑ | MonthlyStage2 — Breaking Out,Margin compression ↓,3-4 years,Medium-High,"yfinance, screener.in",100,35,,2026-08-01,2026-06-01,61,15.4,9,0.0
PATANJALI,Patanjali Foods Limited,Consumer Defensive,Packaged Foods,37091.0,Large-Cap,MonthlyDoubleBottom,Forming,1.0,9,Sep 9mo | Mid rally 137% | Asymmetry 5%,,Downtrend,False,False,Below-MAs,False,Stage2,15,Uptrend,Uptrend,356.35,5144.45,2118.49,2012.57,2427.37,8170.41,8376.06,4509.07,2192.8,378.8,20.45,18.53,2.83,0.24,22.29,103.0,-4.35,588.75,4,none,16.5,12.0,-2.34,4.0,2.66,4.52,5.48,17.6,49.48,5.84,39.43,85.76,50.62,46.1,0.2,multiple loss years in history,0.21,,2.14,,-2396.98,-6.46,68.25,0.0,,8.53,-0.67,11.05,-1.01,638.93,328.2,44.2,8.6,-38.49,-36.72,4.05,-0.18,4,23.0,15.0,15.0,0.0,53.0,WATCH ⭐⭐,Expected ~379% CAGR (2yr) | Revenue CAGR 49% | Profit CAGR 86% | Low D/E 0.21 | Promoter 68% holding | PEG 0.24 — deeply undervalued,Earnings due 2026-07-28 | Pattern still forming (not broken out),3-4 years,Medium-High,"yfinance, screener.in",100,289,2026-07-28,2026-08-01,2026-06-01,61,-24.4,9,1.0
NILAINFRA,Nila Infrastructures Limited,Real Estate,Real Estate - Development,288.0,Micro-Cap,MonthlyDoubleBottom,Forming,1.0,23,Sep 23mo | Mid rally 151% | Asymmetry 9%,,Downtrend,False,False,Below-MAs,False,Stage2,3,Uptrend,Uptrend,7.24,10.6,4.05,6.15,27.62,36.32,47.75,36.32,401.7,124.0,12.41,,1.54,0.39,9.64,0.0,3.23,,0,none,12.9,22.3,3.57,10.0,0.91,7.22,2.18,-5.88,18.01,29.65,8.7,31.48,4.56,9.1,0.15,highly inconsistent earnings,0.13,,1.1,,-38.52,-13.36,61.9,0.0,,0.28,-0.06,0.03,0.03,12.16,5.9,40.5,22.7,-30.54,-0.9,0.32,0.73,4,25.0,16.0,12.0,0.0,53.0,WATCH ⭐⭐,Expected ~124% CAGR (2yr) | Revenue CAGR 18% | Profit CAGR 31% | ROCE 22% | ROCE trend rising ↑ | Low D/E 0.13,Pattern still forming (not broken out),3-4 years,Medium-High,"yfinance, screener.in",100,135,,2026-08-01,2026-06-01,61,-8.1,9,8.0
OBEROIRLTY,Oberoi Realty Limited,Real Estate,Real Estate - Development,66219.0,Large-Cap,MonthlyStage2,Stage Change,0.955,24,10-EMA=1678 | 30-EMA=1587 | Above by 14.3% | MA turning=Yes,MonthlyDoubleBottom+MonthlyStage2,Uptrend,True,False,Tight-Above-MAs,True,Stage2,3,Uptrend,Uptrend,1814.4,1587.04,1417.25,1542.24,2433.62,2424.83,2994.15,2699.38,33.6,15.6,25.19,17.09,3.69,2.31,18.39,44.0,0.0,2013.0,27,buy,14.6,17.3,1.63,56.0,2.37,41.59,,5.21,12.03,18.6,4.91,10.92,20.23,29.0,0.15,highly inconsistent earnings,0.16,,,,,,67.71,0.0,,15.11,-0.31,14.83,0.25,1986.1,1391.2,8.6,30.4,13.97,38.56,1.16,0.3,3,18.0,27.96,3.0,4.0,53.0,WATCH ⭐⭐,Expected ~16% CAGR (2yr) | ROCE trend rising ↑ | Low D/E 0.16 | Promoter 68% holding | OPM 56% | MonthlyStage2 forming (24mo base),Earnings due 2026-10-14,3-4 years,Medium-High,"yfinance, screener.in",80,190,2026-10-14,2026-08-01,2026-06-01,61,11.9,9,12.5
SHREEPUSHK,Shree Pushkar Chemicals & Fertilisers Limited,Basic Materials,Specialty Chemicals,1251.0,Small-Cap,MonthlyDoubleBottom,Forming,1.0,19,Sep 19mo | Mid rally 123% | Asymmetry 6%,,Uptrend,True,False,Tight-Above-MAs,True,Stage2,1,Uptrend,Uptrend,408.0,315.52,137.87,346.8,607.18,750.96,928.79,750.96,84.1,35.7,17.95,23.95,2.05,0.76,12.56,52.0,0.0,,0,none,12.2,13.0,-0.0,10.0,-0.69,7.18,5.17,21.22,12.62,22.44,18.64,23.68,19.27,-22.2,0.15,highly inconsistent earnings,0.22,,1.68,,-35.84,-2.87,69.36,0.0,,0.5,0.08,0.0,-0.29,476.0,272.45,14.3,49.8,31.61,65.29,0.13,0.11,4,12.0,28.0,6.0,7.0,53.0,WATCH ⭐⭐,Expected ~36% CAGR (2yr) | Profit CAGR 24% | Low D/E 0.22 | Promoter 69% holding | Margin compressing ↓ ⚠️ | PEG 0.76 — undervalued,Margin compression ↓ | Pattern still forming (not broken out),3-4 years,Medium-High,"yfinance, screener.in",100,131,,2026-08-01,2026-06-01,61,10.3,9,13.0
HATSUN,Hatsun Agro Product Limited,Consumer Defensive,Packaged Foods,19754.0,Mid-Cap,MonthlyDoubleBottom,Forming,0.614,30,Sep 30mo | Mid rally 65% | Asymmetry 3%,,Downtrend,False,False,Below-MAs,False,Stage2,15,Uptrend,Uptrend,931.0,1384.31,825.48,791.35,6128.39,29888.16,145764.56,29888.16,3110.3,466.6,55.57,32.49,10.18,0.14,17.94,226.0,18.56,925.0,2,hold,16.7,12.9,1.0,12.0,1.9,3.39,,10.62,103.56,,24.73,387.7,,-1.1,0.15,highly inconsistent earnings,0.94,,,,,,73.17,0.0,,3.13,0.0,10.25,-0.01,1179.0,855.3,21.0,8.9,5.42,-47.23,0.16,-0.17,3,27.0,11.87,12.0,2.0,52.9,WATCH ⭐⭐,Expected ~467% CAGR (2yr) | Revenue CAGR 104% | Profit CAGR 388% | ROCE trend rising ↑ | Promoter 73% holding | Dividend growing 19%/yr,High PE 56 | Earnings due 2026-07-21 | Pattern still forming (not broken out),3-4 years,Medium-High,"yfinance, screener.in",80,146,2026-07-21,2026-08-01,2026-06-01,61,-1.4,9,-6.0
GRSE,Garden Reach Shipbuilders & Engineers Limited,Industrials,Aerospace & Defense,29392.0,Mid-Cap,MonthlyCupHandle,Forming,0.688,24,Cup 24mo | Depth 47% | Prior gain 124% | R²=0.96,,Sideways-Above-MA,True,False,Constructive,False,Stage2,4,Uptrend,Uptrend,2640.0,3226.54,1708.53,2244.0,2762.14,4744.55,4260.78,3430.58,79.7,34.1,42.73,30.55,11.19,1.77,32.74,104.0,4.87,3146.0,6,none,31.79,,,16.15,,10.68,4.45,29.1,,,24.2,,,24.1,0.5,insufficient history,0.01,,1.23,,-291.49,-0.99,74.5,0.0,,3.21,-0.3,1.93,0.24,3339.0,1963.7,20.9,34.4,13.95,205.24,0.13,0.68,2,28.0,18.76,3.0,3.0,52.8,WATCH ⭐⭐,Expected ~34% CAGR (2yr) | Revenue CAGR 29% | Profit CAGR 24% | ROE 32% | Nearly debt-free | Promoter 74% holding,Pattern still forming (not broken out),3-4 years,Medium-High,"yfinance, screener.in",70,94,,2026-08-01,2026-06-01,61,-0.7,9,-1.6
SILVERTUC,Silver Touch Technologies Limited,Technology,Information Technology Services,2538.0,Small-Cap,MonthlyDoubleBottom,Forming,0.354,13,Sep 13mo | Mid rally 37% | Asymmetry 2%,,Sideways,False,True,Below-MAs,True,Downtrend,0,Uptrend,Uptrend,204.0,844.59,609.96,579.46,148.02,1079.22,347.67,226.85,429.0,130.0,70.97,,14.99,1.33,43.42,2.0,-20.63,,0,none,23.6,28.9,4.77,18.0,2.6,10.45,11.89,20.14,28.26,17.88,63.64,53.26,104.77,43.4,0.15,highly inconsistent earnings,0.2,,1.95,,7.3,0.29,74.66,0.04,,0.48,-0.66,0.0,0.0,1117.45,100.5,81.7,103.0,-69.78,337.87,0.41,0.46,7,40.0,9.75,3.0,0.0,52.8,WATCH ⭐⭐,Expected ~130% CAGR (2yr) | Revenue CAGR 28% | Profit CAGR 53% | ROE 24% | ROCE 29% | ROCE trend rising ↑,High PE 71 | Pattern still forming (not broken out),3-4 years,Medium-High,"yfinance, screener.in",100,104,,2026-08-01,2026-06-01,61,39.7,9,0.0
ATUL,Atul Ltd,Basic Materials,Specialty Chemicals,18865.0,Mid-Cap,MonthlyDoubleBottom,Forming,0.859,17,Sep 17mo | Mid rally 90% | Asymmetry 4%,MonthlyCupHandle+MonthlyDoubleBottom,Uptrend,True,False,Uptrend,True,Stage2,1,Uptrend,Uptrend,6236.0,5337.83,2755.43,5300.6,7718.16,9364.12,14229.36,10479.72,50.2,22.5,23.7,20.92,3.03,0.66,,47.0,6.27,7690.73,11,buy,11.5,14.9,-1.97,18.0,0.14,11.96,,5.88,12.02,5.51,17.71,35.78,6.04,92.0,0.15,highly inconsistent earnings,0.03,,,,,,45.33,0.11,,7.44,-0.06,25.93,0.04,7180.0,5560.5,13.1,12.1,0.22,-40.16,0.33,,2,18.0,23.81,8.0,3.0,52.8,WATCH ⭐⭐,Expected ~22% CAGR (2yr) | Profit CAGR 36% | Nearly debt-free | PEG 0.66 — undervalued | MonthlyDoubleBottom forming (17mo base) | Weekly uptrend,Earnings due 2026-10-16 | Pattern still forming (not broken out),3-4 years,Medium-High,"yfinance, screener.in",80,289,2026-10-16,2026-08-01,2026-08-01,0,0.0,1,0.0
SCHAEFFLER,Schaeffler India Limited,Consumer Cyclical,Auto Parts,64205.0,Large-Cap,MonthlyCupHandle,Forming,0.924,24,Cup 24mo | Depth 23% | Prior gain 30% | R²=1.00,MonthlyCupHandle+MonthlyDoubleBottom,Sideways-Above-MA,True,False,Constructive,False,Stage2,3,Uptrend,Uptrend,4113.5,4584.62,3519.0,3496.47,3660.08,5650.24,4566.64,4088.31,37.4,17.2,51.28,40.81,10.62,4.38,33.13,85.0,13.4,4823.71,7,buy,20.2,27.3,0.0,18.0,-0.2,11.93,12.27,8.46,13.15,,8.96,11.7,,13.5,0.15,highly inconsistent earnings,0.01,,2.49,,394.14,0.61,74.13,0.0,,4.36,0.11,16.21,-0.11,4467.7,3518.4,7.9,16.9,8.14,12.4,0.18,0.01,5,26.0,21.59,2.0,3.0,52.6,WATCH ⭐⭐,Expected ~17% CAGR (2yr) | ROE 20% | ROCE 27% | Nearly debt-free | Promoter 74% holding | Piotroski F=5 (above average quality),High PE 51 | Earnings due 2026-07-22 | Pattern still forming (not broken out),3-4 years,Medium-High,"yfinance, screener.in",100,289,2026-07-22,2026-08-01,2026-06-01,61,3.2,9,-2.5
DMCC,DMCC Speciality Chemicals Limited,Basic Materials,Chemicals,680.0,Small-Cap,MonthlyDoubleBottom,Forming,0.84,14,Sep 14mo | Mid rally 85% | Asymmetry 1%,,Uptrend,True,False,Tight-Above-MAs,True,Stage2,1,Uptrend,Uptrend,263.6,449.34,242.55,230.42,358.82,656.13,882.54,562.73,148.9,57.8,24.89,,2.74,0.44,10.93,92.0,35.72,,0,none,11.5,15.3,-0.63,11.0,-0.86,4.7,7.2,35.03,14.57,23.82,22.73,56.83,-3.93,9.8,0.15,highly inconsistent earnings,0.29,,1.37,,-17.99,-2.65,53.84,0.0,,0.15,0.02,1.5,0.23,350.0,191.35,24.7,37.8,-14.2,-46.68,0.29,0.25,2,16.0,25.58,10.0,1.0,52.6,WATCH ⭐⭐,Expected ~58% CAGR (2yr) | Profit CAGR 57% | Low D/E 0.29 | Promoter 54% holding | Margin compressing ↓ ⚠️ | Dividend growing 36%/yr,Margin compression ↓ | Pattern still forming (not broken out),3-4 years,Medium-High,"yfinance, screener.in",100,56,,2026-08-01,2026-06-01,61,-10.8,9,0.0
PARAGMILK,Parag Milk Foods Limited,Consumer Defensive,Packaged Foods,2710.0,Small-Cap,MonthlyDoubleBottom,Forming,1.0,26,Sep 26mo | Mid rally 106% | Asymmetry 6%,MonthlyCupHandle+MonthlyDoubleBottom+MonthlyStage2,Downtrend,False,False,Below-MAs,False,Stage2,15,Uptrend,Uptrend,214.31,376.95,177.84,182.16,768.86,1050.03,1434.03,1050.03,390.0,121.4,20.28,13.47,2.13,0.55,10.53,47.0,30.0,275.0,2,none,12.3,13.5,5.6,7.0,2.46,3.54,6.94,11.25,9.69,15.69,13.45,36.57,7.51,23.0,0.4,lumpy earner,0.48,,1.71,,130.83,4.83,40.49,-0.16,,7.46,-1.31,5.8,0.55,376.95,177.84,43.1,20.5,-4.28,-14.67,0.31,0.5,6,26.0,16.5,10.0,0.0,52.5,WATCH ⭐⭐,Expected ~121% CAGR (2yr) | Profit CAGR 37% | ROCE trend rising ↑ | FCF yield 4.8% | Piotroski F=6 (above average quality) | DII buying +0.6% ↑,Pattern still forming (not broken out),3-4 years,Medium-High,"yfinance, screener.in",100,123,,2026-08-01,2026-06-01,61,0.1,9,-4.0
SBCL,Shivalik Bimetal Controls Limited,Industrials,Metal Fabrication,4353.0,Small-Cap,MonthlyStage2,Stage Change,1.0,24,10-EMA=599 | 30-EMA=529 | Above by 39.8% | MA turning=Yes,MonthlyDoubleBottom+MonthlyStage2,Uptrend,True,False,Tight-Above-MAs,True,Stage2,4,Uptrend,Uptrend,740.0,529.49,387.85,629.0,492.73,671.13,561.07,525.79,,,45.44,30.23,9.01,6.77,32.91,53.0,18.56,777.0,1,none,21.8,26.8,-0.43,23.0,0.4,16.79,12.78,12.4,6.7,22.86,24.68,6.71,30.88,23.7,0.15,highly inconsistent earnings,0.15,,3.47,,-2.47,-0.06,33.61,0.25,,2.04,0.31,14.54,-5.46,814.0,368.6,9.1,100.8,53.79,1.9,1.16,0.57,4,17.0,28.5,-1.0,8.0,52.5,WATCH ⭐⭐,ROE 22% | ROCE 27% | Low D/E 0.15 | Dividend growing 19%/yr | MonthlyStage2 forming (24mo base) | Weekly uptrend,None identified,3-4 years,Medium-High,"yfinance, screener.in",100,62,,2026-08-01,2026-06-01,61,16.9,9,4.0
SUBROS,Subros Limited,Consumer Cyclical,Auto Parts,5101.0,Small-Cap,MonthlyDoubleBottom,Forming,1.0,17,Sep 17mo | Mid rally 113% | Asymmetry 3%,MonthlyDoubleBottom+MonthlyStage2,Sideways-Above-MA,True,False,Below-MAs,True,Stage2,3,Uptrend,Uptrend,814.45,432.61,200.73,692.28,2401.32,2555.97,5491.22,3631.28,213.8,77.2,30.77,20.69,4.1,0.6,15.53,38.0,54.87,943.0,3,none,14.7,19.8,3.03,9.0,0.31,4.41,6.24,11.52,10.21,15.9,9.93,51.22,28.71,6.8,0.15,highly inconsistent earnings,0.06,,1.61,,-89.81,-1.76,36.79,0.0,,32.68,-0.11,10.7,-0.06,1213.7,622.1,32.9,30.9,-5.53,71.26,0.15,0.53,6,20.0,20.5,12.0,0.0,52.5,WATCH ⭐⭐,Expected ~77% CAGR (2yr) | Profit CAGR 51% | ROCE trend rising ↑ | Nearly debt-free | Piotroski F=6 (above average quality) | Dividend growing 55%/yr,Pattern still forming (not broken out),3-4 years,Medium-High,"yfinance, screener.in",100,253,,2026-08-01,2026-06-01,61,11.2,9,4.0
LICI,Life Insurance Corporation of India,Financial Services,Insurance - Life,266472.0,Large-Cap,MonthlyDoubleBottom,Forming,0.249,12,Sep 12mo | Mid rally 27% | Asymmetry 2%,,Sideways,False,False,Below-MAs,True,Stage2,12,Uptrend,Uptrend,424.7,733.99,572.21,543.6,1155.73,1023.39,1578.3,1350.59,141.0,55.2,9.28,7.47,3.02,0.55,7.09,237.0,88.21,532.58,24,strong_buy,37.8,35.1,-4.97,5.0,1.23,6.32,0.69,9.87,7.61,7.19,18.9,16.86,80.8,32.7,0.15,highly inconsistent earnings,0.0,,5.98,,9618.32,3.61,96.5,0.0,,0.44,0.13,0.99,-0.28,468.48,360.75,9.3,17.7,-49.26,-58.42,1.31,0.54,3,27.0,9.49,14.0,2.0,52.5,WATCH ⭐⭐,Expected ~55% CAGR (2yr) | ROE 38% | ROCE 35% | Nearly debt-free | Promoter 96% holding | FCF yield 3.6%,Earnings due 2026-08-06 | Pattern still forming (not broken out),3-4 years,Medium-High,"yfinance, screener.in",100,51,2026-08-06,2026-08-01,2026-06-01,61,-47.1,9,4.5
SONACOMS,Sona BLW Precision Forgings Limited,Consumer Cyclical,Auto Parts,44707.0,Large-Cap,MonthlyStage2,Stage Change,1.0,24,10-EMA=570 | 30-EMA=547 | Above by 22.3% | MA turning=Yes,MonthlyCupHandle+MonthlyDoubleBottom+MonthlyStage2,Uptrend,True,True,Tight-Above-MAs,True,Stage2,3,Uptrend,Uptrend,668.55,546.74,410.42,568.27,457.11,683.06,551.29,502.0,2.2,1.1,64.1,42.73,7.46,6.53,,50.0,6.56,756.29,17,buy,11.3,14.2,-1.29,24.0,-0.4,14.27,,10.07,15.42,18.11,9.06,9.82,13.64,44.7,0.4,lumpy earner,0.07,,,,,,28.01,0.0,,23.61,-0.09,41.6,0.14,741.65,402.3,9.9,66.2,52.29,-11.83,0.38,,1,13.0,28.5,1.0,10.0,52.5,WATCH ⭐⭐,Expected ~1% CAGR (2yr) | Revenue CAGR 15% | Nearly debt-free | MonthlyStage2 forming (24mo base) | Weekly uptrend | Weekly volume expanding,High PE 64 | Earnings due 2026-10-22,3-4 years,Medium-High,"yfinance, screener.in",80,62,2026-10-22,2026-08-01,2026-06-01,61,15.3,9,4.6
KIRLOSBROS,Kirloskar Brothers Limited,Industrials,Specialty Industrial Machinery,14580.0,Mid-Cap,MonthlyStage2,Stage Change,1.0,24,10-EMA=1761 | 30-EMA=1610 | Above by 16.3% | MA turning=Yes,MonthlyDoubleBottom+MonthlyStage2,Uptrend,True,False,Tight-Above-MAs,True,Stage2,4,Uptrend,Uptrend,1873.3,1610.26,1339.1,1592.3,1875.08,2191.97,2562.41,2191.97,17.0,8.2,39.07,,5.92,2.31,26.81,38.0,15.87,,0,none,17.3,20.4,2.31,12.0,1.09,8.23,6.89,1.02,6.75,10.8,-10.02,16.9,18.55,-18.6,0.15,highly inconsistent earnings,0.1,,1.83,,93.18,0.64,65.95,0.0,,6.41,0.17,10.23,-0.15,2189.2,1335.0,14.4,40.3,-2.62,96.13,0.78,0.25,6,23.0,28.5,0.0,1.0,52.5,WATCH ⭐⭐,Expected ~8% CAGR (2yr) | ROCE 20% | ROCE trend rising ↑ | Low D/E 0.10 | Promoter 66% holding | Piotroski F=6 (above average quality),None identified,3-4 years,Medium-High,"yfinance, screener.in",100,244,,2026-08-01,2026-06-01,61,15.7,9,13.0
BAJAJCON,Bajaj Consumer Care Limited,Consumer Defensive,Household & Personal Products,7181.0,Small-Cap,MonthlyDoubleBottom,Forming,0.911,24,Sep 24mo | Mid rally 95% | Asymmetry 4%,,Sideways-Above-MA,True,False,Constructive,False,Stage2,15,Uptrend,Uptrend,670.25,288.95,145.42,569.71,959.37,928.07,1222.63,1083.03,38.5,17.7,32.69,24.28,9.75,2.54,25.66,0.0,-33.06,695.62,8,buy,24.7,30.0,-1.69,21.0,0.4,18.06,,6.44,8.01,7.1,17.37,12.89,5.58,86.5,0.15,highly inconsistent earnings,0.02,,,,,,42.97,0.0,,16.11,-0.48,14.91,0.64,692.0,220.1,3.1,204.5,186.82,145.0,0.3,0.87,1,20.0,21.43,4.0,7.0,52.4,WATCH ⭐⭐,Expected ~18% CAGR (2yr) | ROE 25% | ROCE 30% | Nearly debt-free | DII buying +0.6% ↑ | EV/EBITDA 26× vs sector 30×,Pattern still forming (not broken out),3-4 years,Medium-High,"yfinance, screener.in",80,192,,2026-08-01,2026-06-01,61,27.2,9,-10.0
BANDHANBNK,Bandhan Bank Limited,Financial Services,Banks - Regional,26733.0,Mid-Cap,MonthlyStage2,Stage Change,0.825,24,10-EMA=185 | 30-EMA=187 | Above by 12.4% | MA turning=No,MonthlyDoubleBottom+MonthlyStage2,Sideways-Above-MA,True,True,Constructive,False,Stage2,12,Uptrend,Uptrend,210.0,186.88,139.91,178.5,309.08,329.99,559.97,416.02,57.1,25.4,19.75,8.06,1.04,0.57,,90.0,45.0,200.96,23,hold,,,,23.77,,13.62,,21.6,,,34.6,,,34.9,0.5,insufficient history,,,,,,,37.54,-1.44,,18.64,-3.43,27.47,5.14,220.76,134.25,4.9,56.4,31.88,-32.1,0.49,0.8,1,18.0,20.4,7.0,7.0,52.4,WATCH ⭐⭐,Expected ~25% CAGR (2yr) | Revenue CAGR 22% | Profit CAGR 35% | DII buying +5.1% ↑ | Dividend growing 45%/yr | PEG 0.57 — undervalued,Earnings due 2026-07-21,3-4 years,Medium-High,"yfinance, screener.in",40,101,2026-07-21,2026-08-01,2026-08-01,0,0.0,1,0.0
GRANULES,Granules India Limited,Healthcare,Drug Manufacturers - Specialty & Generic,20655.0,Mid-Cap,MonthlyDoubleBottom,Forming,0.715,32,Sep 32mo | Mid rally 78% | Asymmetry 6%,,Uptrend,True,False,Tight-Above-MAs,True,Stage2,6,Uptrend,Uptrend,889.85,149.73,81.58,756.37,1486.18,1410.88,2062.34,1750.71,58.6,25.9,30.96,20.99,4.06,1.74,16.75,21.0,14.47,901.14,7,buy,13.8,15.5,-1.57,23.0,0.8,11.76,,4.96,7.72,8.39,11.26,17.8,9.9,59.8,0.15,highly inconsistent earnings,0.3,,,,,,38.01,-0.01,,17.5,2.19,16.11,-0.9,910.0,432.6,2.2,105.7,81.67,176.43,0.48,0.06,1,13.0,25.08,6.0,8.0,52.1,WATCH ⭐⭐,Expected ~26% CAGR (2yr) | Low D/E 0.30 | FII buying +2.2% ↑ | Dividend growing 14%/yr | EV/EBITDA 17× vs sector 22× | MonthlyDoubleBottom forming (32mo base),Pattern still forming (not broken out),3-4 years,Medium-High,"yfinance, screener.in",80,254,,2026-08-01,2026-06-01,61,16.1,9,2.0
SOLEX,SOLEX ENERGY LIMITED,Technology,Solar,1013.0,Small-Cap,None,,0.0,0,,,Downtrend,False,False,Below-MAs,False,Downtrend,0,Uptrend,Uptrend,1010.5,,,858.92,10289.02,32890.92,105142.39,32890.92,3154.9,470.5,10.55,,4.01,0.05,6.71,6.0,66.11,,0,none,46.3,35.8,6.0,11.0,1.5,5.93,11.92,144.41,115.35,,127.91,219.67,,304.5,0.75,consistent growth,1.32,,1.23,,-25.69,-2.54,66.15,0.0,,0.07,-0.06,0.51,-0.3,1985.0,795.45,49.1,27.0,-17.03,65.87,,-0.24,5,37.0,2.0,13.0,0.0,52.0,WATCH ⭐⭐,Expected ~470% CAGR (2yr) | Revenue CAGR 115% | Profit CAGR 220% | ROE 46% | ROCE 36% | ROCE trend rising ↑,High D/E 1.3,3-4 years,Medium-High,"yfinance, screener.in",100,101,,2026-08-01,2026-06-01,61,-24.9,9,-16.0
SHRIPISTON,SPR Auto Technologies Limited,Consumer Cyclical,Auto Parts,18324.0,Mid-Cap,None,,0.0,0,,,Uptrend,True,False,Tight-Above-MAs,True,Stage2,3,Uptrend,Uptrend,4240.5,,,3604.42,7467.77,9262.27,11487.99,9262.27,118.4,47.8,33.11,21.77,6.32,1.38,,24.0,10.06,4850.0,1,none,21.4,20.8,2.29,20.0,1.37,8.02,,25.61,19.56,22.8,8.72,24.03,44.52,-50.6,0.4,lumpy earner,,,1.94,,,,43.75,0.0,,8.21,0.56,12.16,-0.73,4522.8,2301.2,6.2,84.3,69.95,270.38,,,4,25.0,15.0,4.0,8.0,52.0,WATCH ⭐⭐,Expected ~48% CAGR (2yr) | Revenue CAGR 20% | Profit CAGR 24% | ROE 21% | ROCE 21% | ROCE trend rising ↑,None identified,3-4 years,Medium-High,"yfinance, screener.in",70,122,,2026-08-01,2026-06-01,61,27.9,9,4.0
PAGEIND,Page Industries Limited,Consumer Cyclical,Apparel Manufacturing,44922.0,Large-Cap,MonthlyDoubleBottom,Breakout Ready,1.0,18,Sep 18mo | Mid rally 106% | Asymmetry 3%,MonthlyDoubleBottom+MonthlyStage2,Uptrend,True,True,Tight-Above-MAs,True,Stage2,3,Uptrend,Uptrend,41085.0,33328.2,15943.52,34922.25,30071.77,50712.88,35728.27,32778.23,23.4,11.1,58.82,43.9,29.9,6.54,40.44,149.0,0.61,42300.62,26,buy,52.5,,,18.87,,14.56,23.87,14.1,,,9.0,,,9.0,0.5,insufficient history,0.18,,1.73,,519.58,1.16,42.89,0.0,,18.91,-0.09,32.93,0.43,49090.0,29805.0,16.3,37.8,-5.48,-19.17,1.45,0.02,5,21.0,30.0,0.0,1.0,52.0,WATCH ⭐⭐,Expected ~11% CAGR (2yr) | ROE 52% | Low D/E 0.18 | Piotroski F=5 (above average quality) | MonthlyDoubleBottom — Breakout Ready | Weekly uptrend,High PE 59 | Earnings due 2026-08-13,3-4 years,Medium-High,"yfinance, screener.in",70,233,2026-08-13,2026-08-01,2026-06-01,61,6.2,9,7.0
JTEKTINDIA,JTEKT India Limited,Consumer Cyclical,Auto Parts,3651.0,Small-Cap,MonthlyDoubleBottom,Breakout Ready,1.0,6,Sep 6mo | Mid rally 132% | Asymmetry 4%,MonthlyCupHandle+MonthlyDoubleBottom,Sideways-Above-MA,True,False,Below-MAs,True,Stage2,3,Uptrend,Uptrend,134.84,15.95,6.73,114.61,324.59,603.55,1122.24,603.55,347.6,111.6,46.35,29.58,3.08,0.54,19.55,53.0,21.39,177.5,2,none,12.4,15.9,-0.91,9.0,-0.57,2.89,3.68,0.93,15.67,3.3,3.45,85.94,2.9,11.5,0.15,highly inconsistent earnings,0.29,,1.23,,-373.06,-10.22,74.98,0.0,,0.6,0.12,10.24,-0.9,188.5,117.01,28.5,15.2,1.46,-26.07,4.03,0.76,3,19.0,23.0,9.0,1.0,52.0,WATCH ⭐⭐,Expected ~112% CAGR (2yr) | Revenue CAGR 16% | Profit CAGR 86% | Low D/E 0.29 | Promoter 75% holding | Margin compressing ↓ ⚠️,Margin compression ↓,3-4 years,Medium-High,"yfinance, screener.in",100,271,,2026-08-01,2026-06-01,61,4.6,9,9.0
GPPL,Gujarat Pipavav Port Limited,Industrials,Marine Shipping,7217.0,Small-Cap,MonthlyDoubleBottom,Forming,0.689,35,Sep 35mo | Mid rally 76% | Asymmetry 7%,MonthlyDoubleBottom+MonthlyStage2,Downtrend,False,False,Below-MAs,False,Stage2,4,Uptrend,Uptrend,154.3,96.94,53.14,131.16,442.82,382.73,617.22,522.8,148.0,57.5,14.0,13.01,3.06,0.78,9.43,670.0,23.47,172.62,8,buy,21.2,28.0,2.71,61.0,0.77,44.47,12.22,17.21,8.09,9.58,29.72,18.06,18.33,26.6,0.15,highly inconsistent earnings,0.01,,2.54,,-52.68,-0.73,44.01,0.0,,22.05,-0.09,13.82,-1.14,200.09,141.55,22.9,9.0,10.53,8.6,0.21,0.43,5,26.0,12.77,11.0,2.0,51.8,WATCH ⭐⭐,Expected ~58% CAGR (2yr) | ROE 21% | ROCE 28% | ROCE trend rising ↑ | Nearly debt-free | OPM 61%,Pattern still forming (not broken out),3-4 years,Medium-High,"yfinance, screener.in",100,191,,2026-08-01,2026-06-01,61,1.4,9,-4.0
KINGFA,Kingfa Science & Technology (India) Limited,Basic Materials,Specialty Chemicals,7063.0,Small-Cap,MonthlyDoubleBottom,Forming,0.482,10,Sep 10mo | Mid rally 51% | Asymmetry 3%,,Uptrend,True,False,Constructive,False,Stage2,1,Uptrend,Uptrend,5101.0,812.66,529.48,4335.85,3837.73,4843.21,6112.13,4843.21,,,36.23,,5.05,1.38,24.18,,100.0,,0,none,17.41,,,14.75,,9.28,10.61,23.2,,,26.2,,,41.2,0.5,insufficient history,0.01,,4.06,,-101.63,-1.44,67.02,0.0,,7.74,-0.02,8.79,-0.06,5699.4,3184.9,10.5,60.2,23.09,87.99,0.89,0.63,4,25.0,17.78,3.0,6.0,51.8,WATCH ⭐⭐,Revenue CAGR 23% | Profit CAGR 26% | Nearly debt-free | Promoter 67% holding | Dividend growing 100%/yr | PEG 1.38 — fair value,Pattern still forming (not broken out),3-4 years,Medium-High,"yfinance, screener.in",70,199,,2026-08-01,2026-06-01,61,-2.4,9,6.0
IEX,Indian Energy Exchange Limited,Financial Services,Capital Markets,11050.0,Mid-Cap,MonthlyDoubleBottom,Forming,1.0,33,Sep 33mo | Mid rally 112% | Asymmetry 4%,,Sideways-Above-MA,True,True,Constructive,True,Stage2,12,Uptrend,Uptrend,119.51,233.91,108.28,102.87,133.85,359.54,171.04,151.31,200.8,73.4,21.8,19.7,8.15,1.67,,322.0,51.83,141.27,11,hold,39.4,51.4,-1.26,85.0,0.14,66.22,,2.6,12.07,7.96,2.84,13.04,10.41,11.6,0.4,lumpy earner,0.01,,,,,,,,,12.63,-1.53,31.47,1.21,160.27,114.6,25.4,4.3,-11.22,-25.12,0.18,,2,24.0,22.5,4.0,1.0,51.5,WATCH ⭐⭐,Expected ~73% CAGR (2yr) | ROE 39% | ROCE 51% | Nearly debt-free | OPM 85% | DII buying +1.2% ↑,Earnings due 2026-07-23 | Pattern still forming (not broken out),3-4 years,Medium-High,"yfinance, screener.in",70,106,2026-07-23,2026-08-01,2026-06-01,61,-4.8,9,-8.0
AEROFLEX,Aeroflex Industries Limited,Industrials,Metal Fabrication,5569.0,Small-Cap,MonthlyStage2,Stage Change,1.0,24,10-EMA=315 | 30-EMA=235 | Above by 75.9% | MA turning=Yes,MonthlyDoubleBottom+MonthlyStage2,Sideways-Above-MA,True,False,Constructive,False,Stage2,4,Uptrend,Uptrend,413.55,235.12,165.64,351.52,186.86,304.6,283.3,230.08,,,98.1,46.25,12.45,4.24,56.83,10.0,33.33,410.0,1,none,14.1,18.9,-1.14,23.0,1.09,12.56,9.29,17.55,18.0,25.14,5.66,23.13,56.32,57.0,0.15,highly inconsistent earnings,0.02,,2.92,,-14.26,-0.26,65.47,0.0,,3.61,2.12,1.48,-2.32,521.9,158.0,20.8,161.7,143.57,128.37,0.4,0.77,5,23.0,22.5,-1.0,7.0,51.5,WATCH ⭐⭐,Revenue CAGR 18% | Profit CAGR 23% | Nearly debt-free | Promoter 65% holding | Piotroski F=5 (above average quality) | FII buying +2.1% ↑,High PE 98,3-4 years,Medium-High,"yfinance, screener.in",100,36,,2026-08-01,2026-06-01,61,8.3,9,-7.5
DHANUKA,Dhanuka Agritech Limited,Basic Materials,Agricultural Inputs,4517.0,Small-Cap,MonthlyDoubleBottom,Forming,1.0,24,Sep 24mo | Mid rally 117% | Asymmetry 4%,,Downtrend,False,False,Below-MAs,False,Stage2,1,Uptrend,Uptrend,1045.9,1975.0,889.6,889.02,1597.72,3060.4,2019.6,1796.31,192.6,71.1,15.9,13.02,2.72,1.28,10.66,20.0,0.0,1401.88,8,none,22.0,28.3,-0.57,20.0,0.66,14.22,10.87,15.69,11.25,12.69,24.27,12.43,16.07,29.5,0.15,highly inconsistent earnings,0.02,,4.09,,112.15,2.48,69.81,0.09,,1.64,-0.29,18.71,-0.72,1975.0,889.6,47.0,17.6,-33.73,8.18,0.16,0.3,6,26.0,16.5,9.0,0.0,51.5,WATCH ⭐⭐,Expected ~71% CAGR (2yr) | ROE 22% | ROCE 28% | Nearly debt-free | Promoter 70% holding | Piotroski F=6 (above average quality),Pattern still forming (not broken out),3-4 years,Medium-High,"yfinance, screener.in",100,182,,2026-08-01,2026-06-01,61,-11.5,9,-1.0
SHARDACROP,Sharda Cropchem Limited,Basic Materials,Agricultural Inputs,7876.0,Small-Cap,MonthlyDoubleBottom,Forming,0.712,20,Sep 20mo | Mid rally 74% | Asymmetry 3%,,Downtrend,False,False,Below-MAs,False,Stage2,1,Uptrend,Uptrend,921.15,515.05,292.69,782.98,2165.28,2139.35,3427.24,2724.14,132.2,52.4,11.56,10.61,2.51,0.45,6.74,206.0,0.0,1262.17,6,none,23.2,30.2,-0.06,20.0,-0.46,12.93,8.9,21.94,9.2,17.07,124.01,25.81,24.35,56.5,0.15,highly inconsistent earnings,0.0,,1.86,,-4.54,-0.06,74.82,0.0,,3.12,-1.48,9.18,-0.52,1297.0,755.55,29.0,21.9,-0.98,84.34,0.16,0.56,3,24.0,12.54,15.0,0.0,51.5,WATCH ⭐⭐,Expected ~52% CAGR (2yr) | Profit CAGR 26% | ROE 23% | ROCE 30% | Nearly debt-free | Promoter 75% holding,Pattern still forming (not broken out),3-4 years,Medium-High,"yfinance, screener.in",100,143,,2026-08-01,2026-06-01,61,0.5,9,-1.0
GRINDWELL,Grindwell Norton Limited,Industrials,Building Products & Equipment,22272.0,Mid-Cap,MonthlyDoubleBottom,Forming,1.0,33,Sep 33mo | Mid rally 112% | Asymmetry 5%,MonthlyCupHandle+MonthlyDoubleBottom+MonthlyStage2,Uptrend,True,False,Tight-Above-MAs,True,Stage2,4,Uptrend,Uptrend,2052.3,2913.24,1342.7,1744.46,1144.9,4483.78,1249.78,1196.19,118.5,47.8,51.02,40.58,8.79,11.39,37.37,95.0,9.43,1995.67,3,none,16.2,21.2,-0.8,19.0,-0.26,13.53,9.35,3.25,5.7,9.53,5.04,4.48,8.23,28.8,0.15,highly inconsistent earnings,0.02,,2.81,,375.83,1.69,58.04,0.0,,5.21,-0.35,19.59,0.41,2455.0,1329.0,16.4,54.4,32.16,-33.53,0.9,0.51,4,17.0,28.5,-1.0,7.0,51.5,WATCH ⭐⭐,Expected ~48% CAGR (2yr) | ROCE 21% | Nearly debt-free | Promoter 58% holding | MonthlyDoubleBottom forming (33mo base) | Weekly uptrend,High PE 51 | Earnings due 2026-07-24 | Pattern still forming (not broken out),3-4 years,Medium-High,"yfinance, screener.in",100,239,2026-07-24,2026-08-01,2026-06-01,61,9.3,9,1.0
SAREGAMA,Saregama India Limited,Communication Services,Entertainment,9531.0,Mid-Cap,MonthlyStage2,Stage Change,1.0,24,10-EMA=423 | 30-EMA=422 | Above by 15.4% | MA turning=No,MonthlyDoubleBottom+MonthlyStage2,Uptrend,True,False,Uptrend,True,Downtrend,0,Uptrend,Uptrend,487.15,422.25,319.3,414.08,292.45,525.2,314.19,303.12,7.8,3.8,46.32,32.48,5.73,12.69,28.38,181.0,44.22,509.5,4,none,13.0,17.8,-2.83,34.0,-0.2,21.03,7.22,-15.88,10.15,17.38,0.98,3.65,12.76,25.4,0.15,highly inconsistent earnings,0.04,,1.75,,403.43,4.23,60.84,0.0,,11.5,-0.68,8.6,1.5,519.8,307.05,6.3,58.7,3.0,0.72,0.15,0.59,4,21.0,25.5,0.0,5.0,51.5,WATCH ⭐⭐,Expected ~4% CAGR (2yr) | Nearly debt-free | Promoter 61% holding | OPM 34% | FCF yield 4.2% | DII buying +1.5% ↑,None identified,3-4 years,Medium-High,"yfinance, screener.in",100,289,,2026-08-01,2026-06-01,61,23.5,9,4.5
CDSL,Central Depository Services (India) Limited,Financial Services,Capital Markets,27862.0,Mid-Cap,MonthlyStage2,Stage Change,0.92,24,10-EMA=1344 | 30-EMA=1258 | Above by 13.8% | MA turning=Yes,MonthlyDoubleBottom+MonthlyStage2,Sideways,False,False,Below-MAs,True,Stage2,12,Uptrend,Uptrend,1431.9,1258.26,1098.94,1217.12,599.12,1417.58,836.05,707.74,,,60.98,43.86,14.22,3.36,41.67,96.0,16.81,1292.4,15,hold,24.5,32.0,0.6,51.0,-2.17,36.92,16.64,5.82,27.3,27.19,-13.5,18.13,17.75,-20.0,0.15,highly inconsistent earnings,0.0,,2.92,,260.19,0.93,15.0,0.0,,8.24,-3.12,15.19,0.77,1673.7,1116.3,14.4,28.3,2.25,133.8,0.69,0.21,6,32.0,18.54,-1.0,2.0,51.5,WATCH ⭐⭐,Revenue CAGR 27% | ROE 24% | ROCE 32% | ROCE trend rising ↑ | Nearly debt-free | OPM 51%,High PE 61 | Margin compression ↓,3-4 years,Medium-High,"yfinance, screener.in",100,110,,2026-08-01,2026-06-01,61,18.4,9,9.4
MINDACORP,Minda Corporation Limited,Consumer Cyclical,Auto Parts,15921.0,Mid-Cap,MonthlyDoubleBottom,Forming,1.0,48,Sep 48mo | Mid rally 251% | Asymmetry 3%,MonthlyCupHandle+MonthlyDoubleBottom,Uptrend,True,False,Uptrend,True,Stage2,3,Uptrend,Uptrend,706.9,220.84,62.05,600.87,664.05,725.3,774.84,717.31,2.6,1.3,44.86,30.36,6.03,5.59,23.95,24.0,-20.63,737.29,7,strong_buy,14.9,12.8,0.49,12.0,0.51,5.82,5.92,22.33,12.88,21.17,40.39,8.02,46.53,139.4,0.15,highly inconsistent earnings,0.55,,0.94,,78.01,0.49,64.84,0.0,,9.3,0.5,17.87,-0.95,713.65,445.05,0.9,58.8,43.01,91.79,0.54,0.41,6,14.0,26.5,3.0,8.0,51.5,WATCH ⭐⭐,Expected ~1% CAGR (2yr) | ROCE trend rising ↑ | Promoter 65% holding | Piotroski F=6 (above average quality) | MonthlyDoubleBottom forming (48mo base) | Weekly uptrend,Pattern still forming (not broken out),3-4 years,Medium-High,"yfinance, screener.in",100,173,,2026-08-01,2026-06-01,61,35.9,9,10.0
RAINBOW,Rainbow Children's Medicare Limited,Healthcare,Medical Care Facilities,14789.0,Mid-Cap,MonthlyStage2,Stage Change,1.0,24,10-EMA=1357 | 30-EMA=1286 | Above by 18.3% | MA turning=Yes,MonthlyDoubleBottom+MonthlyStage2,Uptrend,True,False,Tight-Above-MAs,True,Stage2,6,Uptrend,Uptrend,1520.6,1285.74,1138.1,1292.51,1257.45,1477.88,1520.96,1382.94,,,53.18,38.42,8.98,5.33,28.05,24.0,5.27,1620.29,14,strong_buy,15.9,17.4,0.37,32.0,1.06,16.34,9.55,12.34,13.2,21.24,15.57,9.98,47.79,36.8,0.15,highly inconsistent earnings,0.54,,3.59,,119.32,0.81,49.84,0.0,,16.03,-1.21,22.56,1.44,1593.7,1084.0,4.6,40.3,2.13,18.47,0.5,0.17,7,19.0,28.5,1.0,3.0,51.5,WATCH ⭐⭐,ROCE trend rising ↑ | OPM 32% | Piotroski F=7 (high quality compounder) | DII buying +1.4% ↑ | MonthlyStage2 forming (24mo base) | Weekly uptrend,High PE 53,3-4 years,Medium-High,"yfinance, screener.in",100,51,,2026-08-01,2026-06-01,61,12.6,9,11.6
JASH,Jash Engineering Limited,Industrials,Specialty Industrial Machinery,3196.0,Small-Cap,MonthlyStage2,Stage Change,1.0,24,10-EMA=461 | 30-EMA=435 | Above by 22.5% | MA turning=Yes,MonthlyCupHandle+MonthlyDoubleBottom+MonthlyStage2,Uptrend,True,False,Tight-Above-MAs,True,Stage2,4,Uptrend,Uptrend,532.9,434.88,344.33,452.96,453.03,525.43,583.4,514.1,,,42.37,23.25,6.16,3.14,31.3,35.0,-20.63,600.5,2,strong_buy,16.0,17.7,0.31,14.0,0.0,10.35,6.33,0.14,22.33,19.74,-12.64,13.48,19.64,56.9,0.15,highly inconsistent earnings,0.2,,2.04,,22.98,0.72,43.24,0.0,,1.54,-0.25,0.32,-0.07,591.9,327.1,10.0,62.9,3.96,57.24,0.71,-0.13,6,21.0,28.5,-1.0,3.0,51.5,WATCH ⭐⭐,Revenue CAGR 22% | ROCE trend rising ↑ | Low D/E 0.20 | Piotroski F=6 (above average quality) | MonthlyStage2 forming (24mo base) | Weekly uptrend,None identified,3-4 years,Medium-High,"yfinance, screener.in",100,106,,2026-08-01,2026-06-01,61,42.8,9,14.0
ADFFOODS,ADF Foods Limited,Consumer Defensive,Packaged Foods,3373.0,Small-Cap,MonthlyStage2,Breaking Out,1.0,24,10-EMA=254 | 30-EMA=232 | Above by 38.0% | MA turning=Yes,MonthlyCupHandle+MonthlyDoubleBottom+MonthlyStage2,Sideways-Above-MA,True,False,Constructive,False,Stage2,15,Uptrend,Uptrend,319.9,231.85,167.18,271.91,435.94,510.61,598.08,510.61,59.6,26.3,37.45,,5.9,2.19,27.43,39.0,14.47,266.0,1,none,17.7,21.8,-0.8,19.0,0.29,13.16,9.91,15.76,14.92,13.04,30.43,17.13,12.47,57.6,0.15,highly inconsistent earnings,0.1,,3.84,,-31.77,-0.94,36.14,0.0,,11.59,0.04,21.3,-1.91,346.95,153.1,7.8,108.9,56.95,25.75,4.28,0.52,5,17.0,24.0,2.0,8.0,51.0,WATCH ⭐⭐,Expected ~26% CAGR (2yr) | ROCE 22% | Nearly debt-free | Piotroski F=5 (above average quality) | Dividend growing 14%/yr | MonthlyStage2 — Breaking Out,None identified,3-4 years,Medium-High,"yfinance, screener.in",100,191,,2026-08-01,2026-06-01,61,18.9,9,-2.5
PITTIENG,Pitti Engineering Limited,Industrials,Metal Fabrication,3398.0,Small-Cap,MonthlyDoubleBottom,Forming,1.0,23,Sep 23mo | Mid rally 133% | Asymmetry 9%,MonthlyCupHandle+MonthlyDoubleBottom+MonthlyStage2,Sideways-Above-MA,True,False,Constructive,False,Stage2,4,Uptrend,Uptrend,928.25,1510.04,621.3,789.01,1452.41,2398.78,2305.48,1829.89,158.4,60.8,28.99,18.94,3.44,1.12,11.42,16.0,6.27,1178.0,1,none,12.5,14.8,-0.7,16.0,0.34,6.16,7.58,12.2,20.26,29.86,-3.28,25.99,32.4,-26.4,0.15,highly inconsistent earnings,0.82,,1.4,,-25.93,-0.76,54.17,0.0,,1.54,0.42,20.1,-0.13,1035.25,675.0,10.3,37.5,1.19,19.26,0.79,0.27,4,18.0,22.0,8.0,3.0,51.0,WATCH ⭐⭐,Expected ~61% CAGR (2yr) | Revenue CAGR 20% | Profit CAGR 26% | Promoter 54% holding | PEG 1.12 — fair value | EV/EBITDA 11× below sector (18×),Pattern still forming (not broken out),3-4 years,Medium-High,"yfinance, screener.in",100,234,,2026-08-01,2026-06-01,61,0.7,9,1.0
GOODLUCK,Goodluck India Limited,Basic Materials,Steel,5024.0,Small-Cap,MonthlyDoubleBottom,Forming,0.458,17,Sep 17mo | Mid rally 50% | Asymmetry 4%,,Uptrend,True,False,Tight-Above-MAs,True,Stage2,1,Uptrend,Uptrend,1565.9,1345.67,875.74,1331.02,1601.68,2044.38,2609.45,2044.38,30.6,14.3,26.95,16.57,3.04,0.98,13.47,46.0,-12.64,1653.0,2,none,12.9,14.4,0.37,10.0,0.54,4.41,7.88,4.17,10.1,21.13,10.24,27.64,43.57,30.1,0.15,highly inconsistent earnings,0.73,,1.38,,-225.28,-4.48,54.0,-2.44,,2.48,0.92,6.5,1.51,1672.1,915.0,6.4,71.1,33.16,152.18,0.45,-0.1,5,16.0,21.0,6.0,8.0,51.0,WATCH ⭐⭐,Expected ~14% CAGR (2yr) | Profit CAGR 28% | ROCE trend rising ↑ | Promoter 54% holding | Piotroski F=5 (above average quality) | FII buying +0.9% ↑,Pattern still forming (not broken out),3-4 years,Medium-High,"yfinance, screener.in",100,119,,2026-08-01,2026-06-01,61,15.3,9,1.9
CANTABIL,Cantabil Retail India Limited,Consumer Cyclical,Apparel Manufacturing,2006.0,Small-Cap,MonthlyDoubleBottom,Forming,0.582,18,Sep 18mo | Mid rally 59% | Asymmetry 1%,MonthlyDoubleBottom+MonthlyStage2,Sideways,False,False,Below-MAs,True,Stage2,3,Uptrend,Uptrend,251.22,331.82,208.5,213.54,781.67,1017.74,1325.1,1017.74,305.1,101.3,20.96,,4.19,0.69,9.54,62.0,-5.9,,0,none,21.98,,,19.47,,11.23,9.84,15.7,,,30.2,,,29.8,0.5,insufficient history,1.14,,2.42,,52.73,2.63,74.46,0.0,,2.16,0.0,0.21,-0.82,321.5,208.5,21.9,20.5,1.17,-1.86,1.39,-0.21,5,26.0,13.98,10.0,1.0,51.0,WATCH ⭐⭐,Expected ~101% CAGR (2yr) | Revenue CAGR 16% | Profit CAGR 30% | ROE 22% | Promoter 74% holding | Piotroski F=5 (above average quality),High D/E 1.1 | Pattern still forming (not broken out),3-4 years,Medium-High,"yfinance, screener.in",70,190,,2026-08-01,2026-06-01,61,13.1,9,5.3
CHOICEIN,Choice International Limited,Financial Services,Capital Markets,17759.0,Mid-Cap,None,,0.0,0,,,Uptrend,True,False,Constructive,True,Stage2,12,Uptrend,Uptrend,835.0,,,709.75,402.58,637.28,1008.81,637.28,,,70.92,53.04,9.43,1.22,,0.0,,,0,none,16.1,18.0,1.66,36.0,1.94,20.62,7.69,21.5,41.74,44.76,46.01,58.3,69.52,12.7,0.15,highly inconsistent earnings,0.5,,1.97,,,,53.66,0.0,,10.1,-1.31,0.28,-0.07,860.5,568.7,3.0,46.8,5.8,333.38,,-0.37,5,32.0,12.0,4.0,3.0,51.0,WATCH ⭐⭐,Revenue CAGR 42% | Profit CAGR 58% | ROCE trend rising ↑ | Promoter 54% holding | OPM 36% | Piotroski F=5 (above average quality),High PE 71,3-4 years,Medium-High,"yfinance, screener.in",90,52,,2026-08-01,2026-06-01,61,26.7,9,9.0
ANUP,The Anup Engineering Limited,Industrials,Specialty Industrial Machinery,4246.0,Small-Cap,MonthlyStage2,Stage Change,0.344,24,10-EMA=2105 | 30-EMA=2062 | Above by 5.2% | MA turning=Yes,,Uptrend,True,False,Tight-Above-MAs,True,Stage2,4,Uptrend,Uptrend,2168.6,2062.09,1571.2,1843.31,2415.98,2924.79,3540.75,2924.79,34.9,16.1,38.61,29.22,6.15,1.83,24.94,80.0,61.98,2532.5,2,none,17.1,20.7,0.6,21.0,-1.31,13.43,9.64,12.14,41.85,27.39,-6.78,21.06,20.67,-15.8,0.15,highly inconsistent earnings,0.16,,2.47,,-75.39,-1.78,40.92,0.0,,2.88,-0.3,16.52,0.11,2724.7,1422.3,20.4,52.5,-0.54,72.66,0.24,-0.07,5,27.0,20.63,2.0,1.0,50.6,WATCH ⭐⭐,Expected ~16% CAGR (2yr) | Revenue CAGR 42% | Profit CAGR 21% | ROCE 21% | ROCE trend rising ↑ | Low D/E 0.16,Margin compression ↓,3-4 years,Medium-High,"yfinance, screener.in",100,89,,2026-08-01,2026-07-01,31,14.1,5,10.6
CAPITALSFB,Capital Small Finance Bank Limited,Financial Services,Banks - Regional,1328.0,Small-Cap,MonthlyStage2,Stage Change,0.005,24,10-EMA=275 | 30-EMA=294 | Above by 0.1% | MA turning=Yes,,Uptrend,True,False,Tight-Above-MAs,True,Stage2,12,Uptrend,Uptrend,294.25,294.03,218.9,250.11,926.08,881.35,1529.17,1190.02,199.5,73.1,8.82,5.67,0.91,0.31,,171.0,25.0,418.33,3,none,10.52,,,36.6,,29.32,1.25,21.4,,,28.5,,,29.0,0.5,insufficient history,,,,,,,18.29,0.28,,0.59,0.04,27.48,-0.58,326.35,206.55,9.8,42.5,2.47,,0.7,,2,17.0,16.56,14.0,3.0,50.6,WATCH ⭐⭐,Expected ~73% CAGR (2yr) | Revenue CAGR 21% | Profit CAGR 28% | OPM 37% | Dividend growing 25%/yr | PEG 0.31 — deeply undervalued,None identified,3-4 years,Medium-High,"yfinance, screener.in",50,30,,2026-08-01,2026-08-01,0,0.0,1,0.0
KRISHANA,Krishana Phoschem Limited,Basic Materials,Agricultural Inputs,5010.0,Small-Cap,MonthlyDoubleBottom,Forming,1.0,46,Sep 46mo | Mid rally 498% | Asymmetry 1%,,Sideways,False,True,Below-MAs,True,Stage2,1,Uptrend,Uptrend,180.05,704.0,116.91,153.04,214.77,1291.09,506.05,329.67,617.1,167.8,27.8,,8.93,0.52,17.2,6.0,25.99,,0,none,,,,14.13,,7.7,,34.6,,,53.5,,,54.0,0.5,insufficient history,1.31,,,,,,72.93,-0.01,,0.37,0.11,0.03,0.03,163.95,86.2,-9.8,108.9,-67.9,-40.33,5.04,0.03,1,22.0,19.5,5.0,4.0,50.5,WATCH ⭐⭐,Expected ~168% CAGR (2yr) | Revenue CAGR 35% | Profit CAGR 54% | Promoter 73% holding | Dividend growing 26%/yr | PEG 0.52 — undervalued,High D/E 1.3 | Pattern still forming (not broken out),3-4 years,Medium-High,"yfinance, screener.in",50,114,,2026-08-01,2026-06-01,61,-73.6,9,-5.5
XCHANGING,Xchanging Solutions Limited,Technology,Information Technology Services,713.0,Small-Cap,MonthlyDoubleBottom,Forming,1.0,32,Sep 32mo | Mid rally 210% | Asymmetry 1%,,Sideways,False,False,Below-MAs,True,Downtrend,0,Uptrend,Uptrend,65.25,80.36,25.74,55.46,177.01,193.74,212.05,193.74,196.9,72.3,11.99,,1.8,1.27,6.88,313.0,-89.47,,0,none,15.8,18.0,1.23,34.0,0.66,29.3,8.34,9.73,5.27,0.7,18.0,9.45,-0.99,10.9,0.15,highly inconsistent earnings,0.18,,4.97,,29.48,4.13,75.0,0.0,,0.03,-0.08,0.17,-0.12,103.0,47.5,36.7,37.4,-23.06,-42.71,0.24,0.59,6,24.0,18.5,8.0,0.0,50.5,WATCH ⭐⭐,Expected ~72% CAGR (2yr) | ROCE trend rising ↑ | Low D/E 0.18 | Promoter 75% holding | OPM 34% | FCF yield 4.1%,Pattern still forming (not broken out),3-4 years,Medium-High,"yfinance, screener.in",100,257,,2026-08-01,2026-06-01,61,-2.1,9,0.0
PNB,Punjab National Bank,Financial Services,Banks - Regional,126859.0,Large-Cap,MonthlyDoubleBottom,Forming,1.0,36,Sep 36mo | Mid rally 236% | Asymmetry 1%,MonthlyCupHandle+MonthlyDoubleBottom+MonthlyStage2,Sideways,False,False,Below-MAs,True,Stage2,12,Uptrend,Uptrend,112.71,214.75,63.74,95.8,568.94,506.87,1024.79,763.57,349.7,112.1,5.74,6.43,0.85,0.17,,272.0,66.5,121.81,16,buy,13.0,6.13,,29.4,,38.15,1.13,0.78,6.51,11.57,19.86,34.21,41.46,2.7,0.15,highly inconsistent earnings,,,,,,,70.08,0.0,,5.93,-0.46,16.06,0.01,135.15,98.5,16.6,14.4,12.63,60.54,1.22,0.53,1,17.0,19.5,11.0,3.0,50.5,WATCH ⭐⭐,Expected ~112% CAGR (2yr) | Profit CAGR 34% | Promoter 70% holding | OPM 29% | Dividend growing 66%/yr | PEG 0.17 — deeply undervalued,Earnings due 2026-10-15 | Pattern still forming (not broken out),3-4 years,Medium-High,"yfinance, screener.in",80,289,2026-10-15,2026-08-01,2026-06-01,61,11.3,9,2.0
TECHNOE,Techno Electric & Engineering Company Limited,Industrials,Engineering & Construction,11535.0,Mid-Cap,MonthlyDoubleBottom,Forming,1.0,34,Sep 34mo | Mid rally 107% | Asymmetry 4%,,Downtrend,False,False,Below-MAs,False,Stage2,4,Uptrend,Uptrend,1052.9,409.79,194.21,894.97,2010.4,2228.71,3737.6,2741.18,111.7,45.5,25.71,15.95,2.77,0.71,20.08,91.0,65.1,1460.0,3,none,11.4,14.8,0.6,14.0,-1.43,14.57,5.06,43.32,57.65,29.76,12.06,36.35,21.1,-15.0,0.15,highly inconsistent earnings,0.02,,4.06,,-870.88,-7.55,56.93,0.0,,8.08,-0.57,21.61,-1.11,1575.0,870.0,33.1,21.0,-29.06,75.63,0.24,0.77,4,25.0,16.5,9.0,0.0,50.5,WATCH ⭐⭐,Expected ~46% CAGR (2yr) | Revenue CAGR 58% | Profit CAGR 36% | ROCE trend rising ↑ | Nearly debt-free | Promoter 57% holding,Margin compression ↓ | Pattern still forming (not broken out),3-4 years,Medium-High,"yfinance, screener.in",100,232,,2026-08-01,2026-06-01,61,-11.8,9,3.0
ASALCBR,Associated Alcohols & Breweries Limited,Consumer Defensive,Beverages - Wineries & Distilleries,1649.0,Small-Cap,MonthlyDoubleBottom,Forming,0.571,29,Sep 29mo | Mid rally 61% | Asymmetry 4%,,Downtrend,False,False,Below-MAs,False,Stage2,15,Uptrend,Uptrend,827.9,647.81,396.25,703.71,6104.99,11631.83,22162.13,11631.83,1305.0,274.8,19.38,14.21,2.25,0.21,,24.0,25.99,1070.0,1,none,14.6,18.0,4.3,13.0,1.34,7.97,,1.47,51.39,45.79,-5.68,90.53,94.26,-24.6,0.15,highly inconsistent earnings,0.1,,,,,,62.35,0.0,,0.68,0.35,1.26,0.32,1277.0,660.65,35.2,25.3,-19.93,66.9,0.19,,3,31.0,11.35,8.0,0.0,50.4,WATCH ⭐⭐,Expected ~275% CAGR (2yr) | Revenue CAGR 51% | Profit CAGR 91% | ROCE trend rising ↑ | Nearly debt-free | Promoter 62% holding,Pattern still forming (not broken out),3-4 years,Medium-High,"yfinance, screener.in",80,78,,2026-08-01,2026-06-01,61,3.1,9,-10.0
KPITTECH,KPIT Technologies Limited,Technology,Software - Infrastructure,15876.0,Mid-Cap,MonthlyDoubleBottom,Forming,0.447,10,Sep 10mo | Mid rally 48% | Asymmetry 3%,,Downtrend,False,True,Below-MAs,False,Downtrend,0,Uptrend,Uptrend,598.4,1906.37,1271.82,1208.23,947.22,2540.92,1320.47,1118.38,324.6,106.1,25.06,17.03,4.48,1.39,11.39,141.0,-18.13,732.43,21,hold,21.0,26.3,3.31,19.0,0.86,9.87,10.63,10.49,24.25,25.96,-24.17,18.07,34.08,-33.4,0.15,highly inconsistent earnings,0.24,,1.03,,1172.31,7.38,38.59,-0.82,,13.22,-0.03,23.6,-1.05,1328.0,543.0,54.9,10.2,-48.72,-74.06,5.72,-0.04,6,33.0,7.36,10.0,0.0,50.4,WATCH ⭐⭐,Expected ~106% CAGR (2yr) | Revenue CAGR 24% | ROE 21% | ROCE 26% | ROCE trend rising ↑ | Low D/E 0.24,Earnings due 2026-07-29 | Pattern still forming (not broken out),3-4 years,Medium-High,"yfinance, screener.in",100,88,2026-07-29,2026-08-01,2026-06-01,61,-19.5,9,1.0
MARUTI,Maruti Suzuki India Limited,Consumer Cyclical,Auto Manufacturers,422620.0,Large-Cap,MonthlyStage2,Stage Change,0.662,24,10-EMA=13966 | 30-EMA=12906 | Above by 9.9% | MA turning=Yes,MonthlyDoubleBottom+MonthlyStage2,Sideways,False,False,Below-MAs,True,Stage2,3,Uptrend,Uptrend,14188.0,12905.94,10742.13,12059.8,27298.45,26282.91,40212.47,33132.13,85.2,36.1,28.82,21.65,3.94,1.35,18.89,104.0,31.04,16009.08,38,buy,14.4,19.0,2.8,12.0,1.2,8.01,6.55,19.88,15.96,21.1,1.24,21.37,27.31,-6.4,0.15,highly inconsistent earnings,0.0,,1.07,,7713.18,1.83,58.65,0.12,,12.82,-1.3,25.09,1.0,17370.0,12201.0,18.3,16.3,-2.14,20.35,1.1,0.27,6,26.0,15.44,8.0,1.0,50.4,WATCH ⭐⭐,Expected ~36% CAGR (2yr) | Revenue CAGR 16% | Profit CAGR 21% | ROCE trend rising ↑ | Nearly debt-free | Promoter 59% holding,Earnings due 2026-07-31,3-4 years,Medium-High,"yfinance, screener.in",100,277,2026-07-31,2026-08-01,2026-06-01,61,9.5,9,1.8
INDHOTEL,The Indian Hotels Company Limited,Consumer Cyclical,Lodging,103548.0,Large-Cap,MonthlyStage2,Stage Change,0.955,24,10-EMA=694 | 30-EMA=650 | Above by 14.3% | MA turning=Yes,MonthlyDoubleBottom+MonthlyStage2,Uptrend,True,False,Tight-Above-MAs,True,Stage2,3,Uptrend,Uptrend,743.5,650.32,570.95,631.98,834.26,933.15,1205.14,1002.69,25.5,12.0,48.3,39.05,7.93,2.39,30.19,45.0,48.12,828.83,29,buy,14.2,17.1,4.71,33.0,3.06,20.87,,3.08,13.84,26.72,2.76,20.19,44.7,20.8,0.15,highly inconsistent earnings,0.19,,,,,,38.12,0.0,,21.71,-1.52,24.47,1.89,811.95,565.0,8.4,31.6,-1.07,51.97,0.4,-0.16,3,19.0,27.96,1.0,2.0,50.0,WATCH ⭐⭐,Expected ~12% CAGR (2yr) | Profit CAGR 20% | ROCE trend rising ↑ | Low D/E 0.19 | OPM 33% | DII buying +1.9% ↑,Earnings due 2026-07-21,3-4 years,Medium-High,"yfinance, screener.in",80,289,2026-07-21,2026-08-01,2026-06-01,61,13.9,9,0.1
DOMS,DOMS Industries Limited,Industrials,Business Equipment & Supplies,13479.0,Mid-Cap,MonthlyDoubleBottom,Forming,0.456,14,Sep 14mo | Mid rally 49% | Asymmetry 3%,MonthlyDoubleBottom+MonthlyStage2,Sideways,False,False,Below-MAs,True,Stage2,4,Uptrend,Uptrend,2376.2,3060.88,2023.9,2019.77,1928.03,4097.86,3388.48,2555.99,72.5,31.3,58.82,40.42,11.05,1.81,33.88,14.0,26.0,2798.82,11,none,20.7,24.3,4.71,17.0,2.34,9.89,12.16,21.59,24.27,41.85,12.15,32.57,44.57,17.1,0.15,highly inconsistent earnings,0.11,,2.17,,-86.9,-0.64,63.38,-7.0,,7.5,-0.12,25.91,6.77,2770.0,2023.9,14.2,17.4,-1.26,,0.13,-0.33,6,34.0,11.97,3.0,1.0,50.0,WATCH ⭐⭐,Expected ~31% CAGR (2yr) | Revenue CAGR 24% | Profit CAGR 33% | ROE 21% | ROCE 24% | ROCE trend rising ↑,High PE 59 | Pattern still forming (not broken out),3-4 years,Medium-High,"yfinance, screener.in",100,32,,2026-08-01,2026-06-01,61,2.0,9,1.0
EMCURE,EMCURE PHARMACEUTICALS L,Healthcare,Drug Manufacturers - Specialty & Generic,35679.0,Large-Cap,None,,0.0,0,,,Uptrend,True,False,Uptrend,True,Stage2,6,Uptrend,Uptrend,1814.4,,,1542.24,2476.42,2549.64,3492.13,2940.74,40.5,18.5,38.61,24.91,7.2,2.06,20.72,16.0,,1963.0,7,strong_buy,20.1,24.0,-0.2,20.0,-0.97,10.04,9.62,16.57,15.42,12.83,33.1,18.75,17.56,28.8,0.15,highly inconsistent earnings,0.31,,1.43,,311.29,0.87,77.83,-0.04,,4.87,1.52,8.46,2.36,1944.0,1260.0,6.7,44.0,31.38,,,-0.02,4,24.0,13.0,3.0,10.0,50.0,WATCH ⭐⭐,Expected ~18% CAGR (2yr) | Revenue CAGR 15% | ROE 20% | ROCE 24% | Promoter 78% holding | Margin compressing ↓ ⚠️,Margin compression ↓,3-4 years,Medium-High,"yfinance, screener.in",100,25,,2026-08-01,2026-06-15,47,4.5,7,1.0
