Stock,Company_Name,Sector,Industry,Market_Cap_Cr,Cap_Class,Monthly_Pattern,Monthly_Pattern_Status,Monthly_Pattern_Quality,Monthly_Pattern_Duration_Mo,Monthly_Pattern_Details,Converging_Signals,Weekly_Trend,Weekly_Above_40MA,Weekly_Volume_Expanding,Daily_Setup,Daily_Above_50MA,Sector_Trend,Sector_Stage2_Age_Mo,Index_Regime,Nifty_Monthly_Trend,CMP,Breakout_Zone,Pattern_Bottom,Stop_Loss,Target_1yr,Target_2yr,Target_3yr,Fair_Value_Estimate,Upside_Potential_Pct,Expected_CAGR_2yr_Pct,PE_Ratio,Forward_PE,PB_Ratio,PEG_Ratio,EV_EBITDA,Dividend_Yield_Pct,Dividend_Growth_3yr_Pct,Analyst_Target,Analyst_Count,Analyst_Recommendation,ROE_Pct,ROCE_Pct,ROCE_Trend,Operating_Margin_Pct,OPM_Trend,Net_Margin_Pct,Return_on_Assets_Pct,Revenue_Growth_TTM_Pct,Revenue_Growth_3yr_CAGR,Revenue_Growth_5yr_CAGR,Profit_Growth_TTM_Pct,Profit_Growth_3yr_CAGR,Profit_Growth_5yr_CAGR,EPS_Growth_Quarterly_Pct,EPS_Consistency_Score,EPS_Consistency_Desc,Debt_to_Equity,DE_Trend,Current_Ratio,Interest_Coverage,Free_Cashflow_Cr,FCF_Yield_Pct,Promoter_Holding_Pct,Promoter_Change_QoQ,Promoter_Pledge_Pct,FII_Holding_Pct,FII_Change_QoQ,DII_Holding_Pct,DII_Change_QoQ,52wk_High,52wk_Low,Dist_From_52wk_High_Pct,Dist_From_52wk_Low_Pct,RS_vs_Nifty_1yr_Pct,RS_vs_Nifty_3yr_Pct,Monthly_Vol_Surge,Beta,Piotroski_F_Score,Fundamental_Score_40,Technical_Score_30,Valuation_Score_20,Momentum_Score_10,Overall_Score_100,Rating_Grade,Why_Buy,Key_Risks,Investment_Horizon,Risk_Level,Data_Sources,Data_Quality_Pct,Monthly_Bars,Next_Earnings,Scan_Date,First_Seen_Date,Days_On_Watchlist,Price_Change_Since_First_Pct,Times_Scanned,Score_vs_First
GPTINFRA,GPT Infraprojects Limited,Industrials,Engineering & Construction,1460.0,Small-Cap,MonthlyStage2,Stage Change,0.849,24,10-EMA=113 | 30-EMA=104 | Above by 12.7% | MA turning=Yes,,Uptrend,True,False,Tight-Above-MAs,True,Stage2,4,Uptrend,Uptrend,117.21,103.97,89.91,99.63,415.93,615.03,909.45,615.03,424.7,129.1,15.0,,2.67,0.31,9.55,346.0,0.0,,0,none,17.3,21.3,1.91,14.0,-0.06,7.54,8.18,8.59,16.83,16.2,31.08,47.87,37.14,31.5,0.4,lumpy earner,0.5,,1.59,,-24.47,-1.68,69.37,0.0,,2.72,0.14,7.03,-0.07,145.0,96.22,19.2,21.8,0.83,278.17,0.52,-0.07,5,29.0,26.69,12.0,2.0,69.7,ACCUMULATE ⭐⭐⭐,Expected ~129% CAGR (2yr) | Revenue CAGR 17% | Profit CAGR 48% | ROCE 21% | ROCE trend rising ↑ | Promoter 69% holding,None identified,2-3 years,Medium,"yfinance, screener.in",100,119,,2026-06-01,2026-06-01,0,,1,
BBTC,The Bombay Burmah Trading Corporation Limited,Consumer Defensive,Packaged Foods,10477.0,Mid-Cap,MonthlyDoubleBottom,Forming,1.0,27,Sep 27mo | Mid rally 129% | Asymmetry 6%,,Sideways,False,False,Below-MAs,True,Stage2,15,Uptrend,Uptrend,1529.0,2919.66,1235.21,1299.65,15270.44,22239.87,32390.14,22239.87,1354.5,281.4,8.43,4.02,1.49,0.18,3.23,226.0,141.97,,0,none,19.1,33.0,3.43,18.0,1.0,6.26,15.63,6.78,5.54,7.84,13.64,45.64,14.32,43.8,0.15,highly inconsistent earnings,0.17,,1.19,,2049.95,19.57,74.04,0.0,,9.48,0.06,1.46,0.04,2155.0,1314.6,29.0,16.3,-15.66,30.67,0.4,0.66,5,37.0,19.5,13.0,0.0,69.5,ACCUMULATE ⭐⭐⭐,Expected ~281% CAGR (2yr) | Profit CAGR 46% | ROCE 33% | ROCE trend rising ↑ | Low D/E 0.17 | Promoter 74% holding,Pattern still forming (not broken out),2-3 years,Medium,"yfinance, screener.in",100,287,,2026-06-01,2026-06-01,0,,1,
ENGINERSIN,Engineers India Limited,Industrials,Engineering & Construction,13023.0,Mid-Cap,MonthlyStage2,Stage Change,1.0,24,10-EMA=212 | 30-EMA=189 | Above by 29.8% | MA turning=Yes,MonthlyCupHandle+MonthlyDoubleBottom+MonthlyStage2,Uptrend,True,False,Uptrend,True,Stage2,4,Uptrend,Uptrend,245.0,188.74,145.07,208.25,589.91,553.85,936.39,743.22,126.1,50.4,18.84,15.05,4.8,0.72,13.76,129.0,-20.63,269.8,5,strong_buy,23.8,30.6,0.8,18.0,1.43,19.34,,27.2,5.66,4.55,19.31,25.99,22.68,219.3,0.15,highly inconsistent earnings,0.01,,,,,,51.32,0.0,,9.66,1.92,12.19,-1.19,267.0,163.55,8.2,49.8,11.49,101.95,0.52,1.03,2,29.0,26.5,10.0,4.0,69.5,ACCUMULATE ⭐⭐⭐,Expected ~50% CAGR (2yr) | Profit CAGR 26% | ROE 24% | ROCE 31% | ROCE trend rising ↑ | Nearly debt-free,None identified,2-3 years,Medium,"yfinance, screener.in",80,345,,2026-06-01,2026-06-01,0,,1,
MODISONLTD,Modison Limited,Industrials,Electrical Equipment & Parts,924.0,Small-Cap,MonthlyStage2,Stage Change,1.0,24,10-EMA=151 | 30-EMA=138 | Above by 25.6% | MA turning=Yes,MonthlyDoubleBottom+MonthlyStage2,Sideways-Above-MA,True,True,Constructive,True,Stage2,4,Uptrend,Uptrend,173.03,137.71,115.84,147.08,918.85,1726.71,3244.82,1726.71,897.9,215.9,12.74,,4.08,0.14,40.68,176.0,81.71,,0,none,32.0,30.9,1.71,17.0,0.46,6.91,,44.9,28.45,19.45,192.0,87.92,27.11,277.7,0.15,highly inconsistent earnings,0.64,,,,,,52.16,0.05,,0.48,0.0,0.0,0.0,300.95,114.0,42.5,51.8,11.69,138.98,0.61,,3,36.0,22.5,7.0,4.0,69.5,ACCUMULATE ⭐⭐⭐,Expected ~216% CAGR (2yr) | Revenue CAGR 28% | Profit CAGR 88% | ROE 32% | ROCE 31% | ROCE trend rising ↑,None identified,2-3 years,Medium,"yfinance, screener.in",80,61,,2026-06-01,2026-06-01,0,,1,
HEROMOTOCO,Hero MotoCorp Limited,Consumer Cyclical,Auto Manufacturers,98106.0,Large-Cap,MonthlyCupHandle,Forming,0.849,19,Cup 19mo | Depth 36% | Prior gain 28% | R²=1.00,MonthlyCupHandle+MonthlyDoubleBottom,Downtrend,False,False,Below-MAs,False,Stage2,3,Uptrend,Uptrend,5007.5,6106.48,3934.36,4256.38,18142.41,16229.92,29400.29,23095.28,224.1,80.0,17.09,15.38,4.54,0.63,12.22,377.0,3.23,5931.89,35,buy,28.5,35.8,2.91,15.0,0.6,12.11,12.51,15.85,11.55,8.9,31.99,27.3,14.49,25.7,0.15,highly inconsistent earnings,0.04,,1.91,,6278.06,6.4,34.73,0.0,,31.15,1.72,24.69,-1.59,6388.5,4158.1,21.6,20.4,29.75,66.95,0.67,0.56,7,38.0,14.19,12.0,5.0,69.2,ACCUMULATE ⭐⭐⭐,Expected ~80% CAGR (2yr) | Profit CAGR 27% | ROE 28% | ROCE 36% | ROCE trend rising ↑ | Nearly debt-free,Earnings due 2026-08-05 | Pattern still forming (not broken out),2-3 years,Medium,"yfinance, screener.in",100,287,2026-08-05,2026-06-01,2026-06-01,0,,1,
BSE,BSE Limited,Financial Services,Financial Data & Stock Exchanges,168385.0,Large-Cap,None,,0.0,0,,,Uptrend,True,False,Tight-Above-MAs,True,Stage2,12,Uptrend,Uptrend,4190.8,,,3562.18,2657.99,5342.66,13987.5,6097.43,27.5,12.9,78.13,41.4,21.42,0.6,39.38,24.0,19.43,4210.5,14,buy,44.8,58.0,10.2,64.0,6.26,48.73,20.81,50.5,73.54,50.31,88.12,129.4,77.29,62.9,0.15,highly inconsistent earnings,0.0,,1.53,,5136.78,3.05,,,,19.42,1.97,25.09,1.35,4446.8,2021.5,5.8,107.3,58.73,1991.09,,0.3,6,40.0,15.0,6.0,8.0,69.0,ACCUMULATE ⭐⭐⭐,Expected ~13% CAGR (2yr) | Revenue CAGR 74% | Profit CAGR 129% | ROE 45% | ROCE 58% | ROCE trend rising ↑,High PE 78,2-3 years,Medium,"yfinance, screener.in",90,112,,2026-06-01,2026-06-01,0,,1,
INDOTHAI,Indo Thai Securities Limited,Financial Services,Capital Markets,2921.0,Small-Cap,MonthlyDoubleBottom,Forming,0.878,30,Sep 30mo | Mid rally 95% | Asymmetry 7%,,Downtrend,False,False,Below-MAs,False,Stage2,12,Uptrend,Uptrend,268.5,47.7,23.57,228.22,252.45,473.55,888.28,473.55,76.4,32.8,43.09,,10.27,0.49,,7.0,0.0,,0,none,28.6,34.6,0.66,83.0,4.43,65.09,21.98,285.19,135.13,36.43,725.0,87.58,48.96,,0.15,highly inconsistent earnings,0.08,,1.95,,,,56.5,-0.27,,1.22,-0.06,0.49,0.3,466.35,143.65,42.4,86.9,56.62,931.82,0.75,1.53,5,40.0,15.04,8.0,6.0,69.0,ACCUMULATE ⭐⭐⭐,Expected ~33% CAGR (2yr) | Revenue CAGR 135% | Profit CAGR 88% | ROE 29% | ROCE 35% | ROCE trend rising ↑,Pattern still forming (not broken out),2-3 years,Medium,"yfinance, screener.in",90,175,,2026-06-01,2026-06-01,0,,1,
RADICO,Radico Khaitan Limited,Consumer Defensive,Beverages - Wineries & Distilleries,47125.0,Large-Cap,MonthlyDoubleBottom,Forming,0.7,13,Sep 13mo | Mid rally 71% | Asymmetry 1%,,Uptrend,True,False,Tight-Above-MAs,True,Stage2,15,Uptrend,Uptrend,3599.9,146.19,85.13,3059.91,3549.36,4537.59,6958.74,4969.82,26.0,12.3,78.12,48.74,14.2,1.95,40.28,15.0,10.06,3889.25,20,strong_buy,20.3,24.2,0.89,17.0,0.03,8.84,,24.92,24.53,20.57,74.57,40.02,16.87,62.3,0.15,highly inconsistent earnings,0.21,,,,,,40.2,-0.01,,17.63,-2.19,27.35,3.32,3679.0,2500.0,2.2,44.0,45.19,176.47,0.78,0.24,3,32.0,23.9,3.0,10.0,68.9,ACCUMULATE ⭐⭐⭐,Expected ~12% CAGR (2yr) | Revenue CAGR 25% | Profit CAGR 40% | ROE 20% | ROCE 24% | ROCE trend rising ↑,High PE 78 | Earnings due 2026-07-30 | Pattern still forming (not broken out),2-3 years,Medium,"yfinance, screener.in",80,276,2026-07-30,2026-06-01,2026-06-01,0,,1,
CUMMINSIND,Cummins India Limited,Industrials,Specialty Industrial Machinery,163021.0,Large-Cap,MonthlyDoubleBottom,Forming,0.524,17,Sep 17mo | Mid rally 59% | Asymmetry 7%,,Uptrend,True,False,Uptrend,True,Stage2,4,Uptrend,Uptrend,5254.0,1036.81,631.02,4465.9,3410.5,4471.7,5274.48,4241.3,,,68.97,50.68,20.65,2.83,51.13,112.0,-7.17,4817.3,23,buy,30.2,39.5,4.8,21.0,1.63,19.45,16.96,16.86,16.04,22.73,18.1,24.36,30.05,22.7,0.75,consistent growth,0.0,,3.32,,1341.12,0.82,51.0,0.0,,20.77,1.35,19.43,-1.17,6100.0,3212.2,13.9,63.6,64.17,158.15,0.38,0.53,7,40.0,19.79,-1.0,10.0,68.8,ACCUMULATE ⭐⭐⭐,Revenue CAGR 16% | Profit CAGR 24% | ROE 30% | ROCE 40% | ROCE trend rising ↑ | Nearly debt-free,High PE 69 | Earnings due 2026-08-06 | Pattern still forming (not broken out),2-3 years,Medium,"yfinance, screener.in",100,287,2026-08-06,2026-06-01,2026-06-01,0,,1,
ASHAPURMIN,Ashapura Minechem Limited,Basic Materials,Other Industrial Metals & Mining,7064.0,Small-Cap,MonthlyDoubleBottom,Forming,1.0,13,Sep 13mo | Mid rally 127% | Asymmetry 0%,,Sideways-Above-MA,True,True,Constructive,True,Stage2,1,Uptrend,Uptrend,638.2,41.64,18.35,542.47,1219.8,1900.45,2960.9,1900.45,197.8,72.6,17.61,,4.95,0.32,13.66,15.0,25.99,,0,none,28.0,20.7,1.34,11.0,0.51,9.86,,91.2,41.95,35.47,43.94,55.8,36.75,-20.1,0.15,highly inconsistent earnings,0.86,,,,,,48.03,0.15,,19.5,0.25,0.33,-0.05,924.9,366.1,31.0,74.3,57.13,381.84,0.54,0.6,3,32.0,21.5,8.0,7.0,68.5,ACCUMULATE ⭐⭐⭐,Expected ~73% CAGR (2yr) | Revenue CAGR 42% | Profit CAGR 56% | ROE 28% | ROCE 21% | ROCE trend rising ↑,Pattern still forming (not broken out),2-3 years,Medium,"yfinance, screener.in",80,365,,2026-06-01,2026-06-01,0,,1,
BANCOINDIA,Banco Products (India) Limited,Consumer Cyclical,Auto Parts,9387.0,Mid-Cap,MonthlyDoubleBottom,Forming,0.71,8,Sep 8mo | Mid rally 75% | Asymmetry 4%,,Sideways-Above-MA,True,True,Constructive,True,Stage2,3,Uptrend,Uptrend,590.55,41.16,23.09,501.97,1778.69,2256.8,2863.43,2256.8,282.2,95.5,20.41,,5.74,0.76,12.9,244.0,-10.07,,0,none,31.2,30.9,2.43,17.0,1.11,12.06,13.66,21.26,18.66,20.51,22.96,26.88,33.42,-4.0,0.75,consistent growth,0.36,,2.25,,44.46,0.47,67.88,0.0,,4.06,0.06,0.22,0.0,879.8,502.0,32.9,17.6,1.72,314.79,0.13,,7,40.0,17.52,10.0,1.0,68.5,ACCUMULATE ⭐⭐⭐,Expected ~96% CAGR (2yr) | Revenue CAGR 19% | Profit CAGR 27% | ROE 31% | ROCE 31% | ROCE trend rising ↑,Pattern still forming (not broken out),2-3 years,Medium,"yfinance, screener.in",100,234,,2026-06-01,2026-06-01,0,,1,
DRCSYSTEMS,DRC Systems India Limited,Technology,Information Technology Services,216.0,Micro-Cap,MonthlyDoubleBottom,Forming,1.0,32,Sep 32mo | Mid rally 201% | Asymmetry 2%,,Downtrend,False,False,Below-MAs,False,Downtrend,0,Uptrend,Uptrend,15.82,34.9,11.5,13.45,69.39,96.79,135.01,96.79,511.8,147.4,10.69,,1.92,0.27,7.56,0.0,,,0,none,22.6,25.2,-1.8,28.0,4.1,20.17,10.52,47.69,54.56,,26.67,39.49,,17.0,0.15,highly inconsistent earnings,0.0,,0.48,,38.65,17.93,20.63,0.0,,0.0,0.0,0.35,0.0,23.68,11.5,33.2,37.6,-9.25,-3.53,0.42,0.59,5,40.0,15.5,13.0,0.0,68.5,ACCUMULATE ⭐⭐⭐,Expected ~147% CAGR (2yr) | Revenue CAGR 55% | Profit CAGR 39% | ROE 23% | ROCE 25% | Nearly debt-free,Pattern still forming (not broken out),2-3 years,Medium,"yfinance, screener.in",100,63,,2026-06-01,2026-06-01,0,,1,
IPCALAB,Ipca Laboratories Limited,Healthcare,Drug Manufacturers - Specialty & Generic,38675.0,Large-Cap,MonthlyStage2,Stage Change,1.0,24,10-EMA=1509 | 30-EMA=1371 | Above by 20.8% | MA turning=Yes,MonthlyDoubleBottom+MonthlyStage2,Uptrend,True,True,Uptrend,True,Stage2,4,Uptrend,Uptrend,1656.2,1371.34,1124.94,1407.77,3468.21,3484.35,6340.48,4689.36,110.4,45.0,33.9,23.57,4.7,0.96,18.46,39.0,-20.63,1676.82,17,buy,16.0,17.3,-2.37,21.0,-1.43,11.62,8.99,8.42,15.85,12.32,50.83,35.21,0.74,341.0,0.15,highly inconsistent earnings,0.09,,2.76,,860.21,2.22,44.72,0.0,,10.63,0.01,37.13,0.14,1678.3,1251.6,1.3,32.3,26.78,101.23,0.96,,5,26.0,26.5,10.0,6.0,68.5,ACCUMULATE ⭐⭐⭐,Expected ~45% CAGR (2yr) | Revenue CAGR 16% | Profit CAGR 35% | Nearly debt-free | Margin compressing ↓ ⚠️ | Piotroski F=5 (above average quality),Margin compression ↓ | Earnings due 2026-08-10,2-3 years,Medium,"yfinance, screener.in",100,365,2026-08-10,2026-06-01,2026-06-01,0,,1,
MACPOWER,Macpower CNC Machines Limited,Industrials,Specialty Industrial Machinery,970.0,Small-Cap,MonthlyStage2,Stage Change,1.0,24,10-EMA=990 | 30-EMA=921 | Above by 22.7% | MA turning=Yes,MonthlyDoubleBottom+MonthlyStage2,Uptrend,True,False,Tight-Above-MAs,True,Stage2,4,Uptrend,Uptrend,1130.1,920.81,744.29,960.58,2975.72,6516.83,14271.86,6516.83,476.7,140.1,29.94,,6.25,0.25,20.44,14.0,14.47,,0,none,,,,15.89,,10.35,,43.3,,,119.0,,,119.0,0.5,insufficient history,0.01,,,,,,73.17,0.0,,1.11,0.08,0.52,0.17,1250.0,761.0,9.6,48.5,19.21,237.42,0.92,-0.29,1,29.0,28.5,8.0,3.0,68.5,ACCUMULATE ⭐⭐⭐,Expected ~140% CAGR (2yr) | Revenue CAGR 43% | Profit CAGR 119% | Nearly debt-free | Promoter 73% holding | Dividend growing 14%/yr,None identified,2-3 years,Medium,"yfinance, screener.in",50,99,,2026-06-01,2026-06-01,0,,1,
NMDC,NMDC Limited,Basic Materials,Steel,77359.0,Large-Cap,MonthlyDoubleBottom,Forming,1.0,30,Sep 30mo | Mid rally 140% | Asymmetry 1%,,Uptrend,True,False,Tight-Above-MAs,True,Stage2,1,Uptrend,Uptrend,89.02,21.51,8.94,75.67,203.57,167.32,246.23,223.88,88.0,37.1,10.39,9.26,2.27,1.04,6.72,398.0,4.35,82.47,19,hold,23.4,27.6,-1.94,29.0,-5.29,22.2,14.37,34.15,21.99,15.85,14.26,9.98,3.49,37.2,0.15,highly inconsistent earnings,0.19,,2.43,,-465.81,-0.6,60.79,0.0,,13.6,0.12,13.76,-0.3,94.25,66.8,5.5,33.3,40.31,168.36,0.5,,4,23.0,28.5,9.0,8.0,68.5,ACCUMULATE ⭐⭐⭐,Expected ~37% CAGR (2yr) | Revenue CAGR 22% | ROE 23% | ROCE 28% | Low D/E 0.19 | Promoter 61% holding,Margin compression ↓ | Earnings due 2026-08-12 | Pattern still forming (not broken out),2-3 years,Medium,"yfinance, screener.in",100,219,2026-08-12,2026-06-01,2026-06-01,0,,1,
PIXTRANS,PIX Transmissions Limited,Industrials,Specialty Industrial Machinery,2119.0,Small-Cap,MonthlyDoubleBottom,Forming,1.0,14,Sep 14mo | Mid rally 133% | Asymmetry 4%,MonthlyDoubleBottom+MonthlyStage2,Uptrend,True,False,Tight-Above-MAs,True,Stage2,4,Uptrend,Uptrend,1531.9,2783.67,1173.0,1302.12,3176.55,4394.34,4428.28,3750.56,186.9,69.4,19.38,,3.32,1.07,11.35,58.0,14.47,,0,none,16.5,21.8,-0.34,26.0,-0.34,18.36,11.08,-1.19,6.19,8.9,-5.31,18.07,10.48,-10.7,0.15,highly inconsistent earnings,0.04,,6.86,,113.22,5.34,62.06,0.0,,0.41,-0.57,2.51,0.96,1706.0,1220.1,10.2,25.6,3.55,45.21,0.29,-0.03,4,30.0,27.5,8.0,3.0,68.5,ACCUMULATE ⭐⭐⭐,Expected ~69% CAGR (2yr) | ROCE 22% | Nearly debt-free | Promoter 62% holding | OPM 26% | FCF yield 5.3%,Pattern still forming (not broken out),2-3 years,Medium,"yfinance, screener.in",100,50,,2026-06-01,2026-06-01,0,,1,
TALBROAUTO,Talbros Automotive Components Limited,Consumer Cyclical,Auto Parts,2132.0,Small-Cap,MonthlyStage2,Stage Change,1.0,24,10-EMA=288 | 30-EMA=264 | Above by 25.3% | MA turning=Yes,MonthlyDoubleBottom+MonthlyStage2,Uptrend,True,False,Tight-Above-MAs,True,Stage2,3,Uptrend,Uptrend,330.5,263.85,215.33,280.93,920.9,1131.97,1391.42,1131.97,242.5,85.1,20.5,,2.87,0.89,15.39,22.0,11.87,,0,none,15.1,18.6,1.0,16.0,0.74,11.97,6.38,5.2,10.38,14.4,10.64,22.92,21.67,18.9,0.15,highly inconsistent earnings,0.11,,1.96,,20.53,0.96,58.43,0.0,,0.49,-0.12,0.09,0.0,372.8,219.9,11.3,50.3,16.83,100.77,0.7,0.38,7,26.0,28.5,10.0,4.0,68.5,ACCUMULATE ⭐⭐⭐,Expected ~85% CAGR (2yr) | Profit CAGR 23% | ROCE trend rising ↑ | Low D/E 0.11 | Promoter 58% holding | Piotroski F=7 (high quality compounder),None identified,2-3 years,Medium,"yfinance, screener.in",100,237,,2026-06-01,2026-06-01,0,,1,
WEBELSOLAR,Websol Energy System Limited,Technology,Solar,4744.0,Small-Cap,MonthlyStage2,Stage Change,1.0,24,10-EMA=98 | 30-EMA=89 | Above by 18.0% | MA turning=Yes,MonthlyDoubleBottom+MonthlyStage2,Sideways-Above-MA,True,False,Constructive,True,Downtrend,0,Uptrend,Uptrend,105.57,89.5,55.32,89.73,553.6,1352.45,3304.03,1352.45,1181.1,257.9,15.65,,11.79,0.11,11.49,0.0,0.0,,0,none,66.9,63.2,,41.0,-3.0,28.87,31.73,82.43,,,95.48,,,157.9,0.5,insufficient history,0.21,,2.94,,-57.61,-1.21,29.72,2.01,,4.12,-1.28,0.32,0.01,157.3,50.4,32.9,109.5,-11.74,1100.92,0.58,0.33,4,35.0,21.5,12.0,0.0,68.5,ACCUMULATE ⭐⭐⭐,Expected ~258% CAGR (2yr) | Revenue CAGR 132% | Profit CAGR 144% | ROE 67% | ROCE 63% | Low D/E 0.21,Margin compression ↓,2-3 years,Medium,"yfinance, screener.in",80,229,,2026-06-01,2026-06-01,0,,1,
ZENTEC,Zen Technologies Limited,Industrials,Aerospace & Defense,14971.0,Mid-Cap,MonthlyStage2,Stage Change,1.0,24,10-EMA=1486 | 30-EMA=1341 | Above by 16.6% | MA turning=Yes,MonthlyCupHandle+MonthlyDoubleBottom+MonthlyStage2,Uptrend,True,False,Tight-Above-MAs,True,Stage2,4,Uptrend,Uptrend,1564.5,1341.26,1043.83,1329.83,1186.72,1853.91,3167.31,1938.74,18.5,8.9,77.54,32.0,8.33,1.22,59.43,6.0,171.44,1726.67,6,buy,10.7,16.2,5.51,36.0,6.11,28.13,6.62,-29.36,46.46,65.75,-27.09,63.37,135.65,-68.8,0.15,highly inconsistent earnings,0.01,,8.86,,374.0,2.5,48.51,0.0,,5.99,0.45,10.06,2.2,2268.0,1223.0,31.0,27.9,-13.48,252.13,0.86,0.07,6,36.0,28.5,4.0,0.0,68.5,ACCUMULATE ⭐⭐⭐,Expected ~9% CAGR (2yr) | Revenue CAGR 46% | Profit CAGR 63% | ROCE trend rising ↑ | Nearly debt-free | OPM 36%,High PE 78,2-3 years,Medium,"yfinance, screener.in",100,135,,2026-06-01,2026-06-01,0,,1,
RML,Rane (Madras) Limited,Consumer Cyclical,Auto Parts,2514.0,Small-Cap,MonthlyStage2,Breaking Out,1.0,24,10-EMA=799 | 30-EMA=769 | Above by 15.9% | MA turning=Yes,MonthlyDoubleBottom+MonthlyStage2,Uptrend,True,False,Constructive,True,Stage2,3,Uptrend,Uptrend,891.15,768.71,601.53,757.48,3488.72,5330.41,8144.34,5330.41,498.1,144.6,23.42,,3.35,0.44,9.47,176.0,100.0,,0,none,15.5,14.0,3.51,9.0,1.34,2.78,5.03,13.42,17.95,24.98,181.58,52.79,121.65,5.2,0.15,highly inconsistent earnings,1.0,,0.92,,107.07,4.26,70.45,0.0,,0.06,0.01,0.97,-0.06,1049.0,608.5,15.0,46.5,5.37,0.16,3.21,0.42,6,26.0,27.0,12.0,3.0,68.0,ACCUMULATE ⭐⭐⭐,Expected ~145% CAGR (2yr) | Revenue CAGR 18% | Profit CAGR 53% | ROCE trend rising ↑ | Promoter 70% holding | FCF yield 4.3%,High D/E 1.0,2-3 years,Medium,"yfinance, screener.in",100,250,,2026-06-01,2026-06-01,0,,1,
SKMEGGPROD,SKM Egg Products Export (India) Limited,Consumer Defensive,Packaged Foods,1077.0,Small-Cap,MonthlyDoubleBottom,Forming,1.0,22,Sep 22mo | Mid rally 174% | Asymmetry 3%,MonthlyCupHandle+MonthlyDoubleBottom,Sideways-Above-MA,True,True,Constructive,True,Stage2,15,Uptrend,Uptrend,195.1,64.65,23.29,165.83,846.59,939.89,1043.46,939.89,381.7,119.5,10.36,,3.17,0.94,6.41,37.0,44.22,,0,none,29.7,30.0,2.49,21.0,1.8,13.51,17.0,54.22,5.08,23.35,197.14,11.02,45.41,414.4,0.15,highly inconsistent earnings,0.36,,2.86,,16.81,1.56,57.47,0.04,,0.49,-0.26,0.36,0.04,232.5,96.3,16.1,102.6,61.28,59.5,0.52,-0.19,6,28.0,22.0,10.0,8.0,68.0,ACCUMULATE ⭐⭐⭐,Expected ~120% CAGR (2yr) | ROE 30% | ROCE 30% | ROCE trend rising ↑ | Promoter 57% holding | Piotroski F=6 (above average quality),Pattern still forming (not broken out),2-3 years,Medium,"yfinance, screener.in",100,287,,2026-06-01,2026-06-01,0,,1,
SOLEX,SOLEX ENERGY LIMITED,Technology,Solar,1316.0,Small-Cap,MonthlyStage2,Breaking Out,1.0,24,10-EMA=1216 | 30-EMA=1068 | Above by 26.0% | MA turning=Yes,,Downtrend,False,False,Below-MAs,False,Downtrend,0,Uptrend,Uptrend,1345.4,1067.75,630.97,1143.59,10534.81,33676.63,107654.07,33676.63,2403.1,400.3,13.72,,7.06,0.06,13.89,5.0,66.11,,0,none,46.3,35.8,6.0,11.0,1.5,5.37,,144.41,115.35,,127.91,219.67,,304.5,0.75,consistent growth,1.32,,,,,,66.15,0.0,,0.13,-0.12,0.81,-0.17,1985.0,795.45,32.2,69.1,10.06,200.7,1.79,-0.2,3,37.0,17.0,12.0,2.0,68.0,ACCUMULATE ⭐⭐⭐,Expected ~400% CAGR (2yr) | Revenue CAGR 115% | Profit CAGR 220% | ROE 46% | ROCE 36% | ROCE trend rising ↑,High D/E 1.3,2-3 years,Medium,"yfinance, screener.in",80,99,,2026-06-01,2026-06-01,0,,1,
SANDHAR,Sandhar Technologies Limited,Consumer Cyclical,Auto Parts,4071.0,Small-Cap,MonthlyDoubleBottom,Forming,1.0,16,Sep 16mo | Mid rally 111% | Asymmetry 9%,MonthlyDoubleBottom+MonthlyStage2,Uptrend,True,True,Uptrend,True,Stage2,3,Uptrend,Uptrend,511.45,688.52,312.62,434.73,1896.76,1894.31,3667.89,2637.63,270.4,92.5,20.45,15.63,3.3,0.52,10.06,52.0,15.87,779.33,3,strong_buy,16.2,14.4,1.14,9.0,0.09,4.03,6.38,24.92,18.59,21.09,40.14,39.06,27.96,49.8,0.4,lumpy earner,0.86,,0.94,,-95.06,-2.33,70.38,0.0,,0.77,-0.39,17.39,1.51,733.9,405.2,30.3,26.2,3.27,41.63,0.45,,5,25.0,25.5,14.0,3.0,67.5,ACCUMULATE ⭐⭐⭐,Expected ~92% CAGR (2yr) | Revenue CAGR 19% | Profit CAGR 39% | ROCE trend rising ↑ | Promoter 70% holding | Piotroski F=5 (above average quality),Pattern still forming (not broken out),2-3 years,Medium,"yfinance, screener.in",100,98,,2026-06-01,2026-06-01,0,,1,
SKIPPER,Skipper Limited,Industrials,Engineering & Construction,6202.0,Small-Cap,MonthlyStage2,Stage Change,1.0,24,10-EMA=437 | 30-EMA=398 | Above by 17.4% | MA turning=Yes,MonthlyDoubleBottom+MonthlyStage2,Sideways-Above-MA,True,False,Constructive,True,Stage2,4,Uptrend,Uptrend,466.7,397.61,334.35,396.69,1045.49,1890.98,3420.21,1890.98,305.2,101.3,29.07,17.95,4.13,0.36,12.36,2.0,0.78,565.0,2,none,16.5,23.3,3.46,10.0,0.14,3.84,7.77,20.09,41.02,28.55,42.95,80.87,58.94,62.9,0.4,lumpy earner,0.64,,1.3,,-309.44,-4.99,66.5,0.02,,6.07,-0.3,1.66,0.86,588.0,327.05,20.6,42.7,-0.69,160.92,0.82,0.59,5,31.0,22.5,12.0,2.0,67.5,ACCUMULATE ⭐⭐⭐,Expected ~101% CAGR (2yr) | Revenue CAGR 41% | Profit CAGR 81% | ROCE 23% | ROCE trend rising ↑ | Promoter 66% holding,None identified,2-3 years,Medium,"yfinance, screener.in",100,133,,2026-06-01,2026-06-01,0,,1,
HONASA,Honasa Consumer Limited,Consumer Defensive,Household & Personal Products,13228.0,Mid-Cap,MonthlyStage2,Stage Change,0.493,24,10-EMA=311 | 30-EMA=330 | Above by 7.4% | MA turning=Yes,,Uptrend,True,False,Tight-Above-MAs,True,Stage2,15,Uptrend,Uptrend,354.5,330.08,215.43,301.32,974.66,1580.09,5738.25,2364.92,345.7,111.1,66.19,44.83,10.37,0.46,63.37,0.0,,402.85,13,buy,15.7,19.2,3.3,10.0,43.17,8.36,6.17,15.72,17.01,39.06,173.97,142.64,,177.0,0.2,multiple loss years in history,0.1,,1.69,,159.64,1.21,35.54,0.0,,13.74,-0.88,19.24,0.6,424.9,248.4,16.6,42.7,21.54,,0.37,0.53,7,29.0,22.42,8.0,8.0,67.4,ACCUMULATE ⭐⭐⭐,Expected ~111% CAGR (2yr) | Revenue CAGR 17% | Profit CAGR 143% | ROCE trend rising ↑ | Nearly debt-free | Piotroski F=7 (high quality compounder),High PE 66,2-3 years,Medium,"yfinance, screener.in",100,31,,2026-06-01,2026-06-01,0,,1,
INOXINDIA,INOX India Limited,Industrials,Specialty Industrial Machinery,13556.0,Mid-Cap,MonthlyCupHandle,Forming,0.865,23,Cup 23mo | Depth 29% | Prior gain 47% | R²=0.98,MonthlyCupHandle+MonthlyDoubleBottom,Uptrend,True,False,Tight-Above-MAs,True,Stage2,4,Uptrend,Uptrend,1428.9,1485.7,1055.87,1214.57,1102.2,1915.53,1547.99,1306.21,34.1,15.8,52.63,35.14,12.13,2.84,39.83,13.0,,1700.0,3,strong_buy,26.2,33.5,0.71,21.0,-0.17,16.25,10.24,21.52,18.0,21.72,14.16,18.51,21.86,14.8,0.75,consistent growth,0.07,,1.79,,-59.99,-0.44,75.0,0.0,,7.13,-0.01,7.72,0.45,1615.9,1065.0,11.6,34.2,23.8,,1.76,0.69,5,34.0,26.38,1.0,6.0,67.4,ACCUMULATE ⭐⭐⭐,Expected ~16% CAGR (2yr) | Revenue CAGR 18% | ROE 26% | ROCE 34% | ROCE trend rising ↑ | Nearly debt-free,High PE 53 | Pattern still forming (not broken out),2-3 years,Medium,"yfinance, screener.in",100,30,,2026-06-01,2026-06-01,0,,1,
BLS,BLS International Services Limited,Industrials,Specialty Business Services,10741.0,Mid-Cap,MonthlyDoubleBottom,Forming,1.0,11,Sep 11mo | Mid rally 150% | Asymmetry 3%,,Downtrend,False,False,Below-MAs,False,Stage2,4,Uptrend,Uptrend,262.0,69.59,27.34,222.7,918.12,1400.41,2136.04,1400.41,434.5,131.2,15.67,12.13,4.36,0.3,12.18,115.0,38.67,330.0,1,strong_buy,32.7,29.3,3.57,27.0,4.2,22.9,13.79,36.71,25.52,44.37,34.07,52.53,70.67,31.6,0.75,consistent growth,0.15,,2.91,,448.12,4.17,70.39,0.0,,6.14,-0.23,2.99,0.07,418.7,218.9,37.4,19.7,-20.84,4.63,0.19,-0.2,7,40.0,15.0,12.0,0.0,67.0,ACCUMULATE ⭐⭐⭐,Expected ~131% CAGR (2yr) | Revenue CAGR 26% | Profit CAGR 53% | ROE 33% | ROCE 29% | ROCE trend rising ↑,Pattern still forming (not broken out),2-3 years,Medium,"yfinance, screener.in",100,120,,2026-06-01,2026-06-01,0,,1,
GODFRYPHLP,Godfrey Phillips India Limited,Consumer Defensive,Tobacco,35608.0,Large-Cap,MonthlyDoubleBottom,Forming,1.0,7,Sep 7mo | Mid rally 112% | Asymmetry 10%,MonthlyDoubleBottom+MonthlyStage2,Sideways,False,False,Below-MAs,True,Stage2,15,Uptrend,Uptrend,2339.9,439.44,197.7,1988.91,6542.79,8524.6,11106.7,8524.6,264.3,90.9,23.37,20.36,5.73,0.77,22.24,162.0,58.27,,0,none,26.6,32.8,3.37,25.0,0.29,23.88,11.97,13.9,21.51,20.41,42.35,30.29,32.33,86.7,0.75,consistent growth,0.04,,2.44,,44.89,0.13,72.58,0.0,,7.91,-0.24,3.28,-0.93,3947.0,1832.1,40.7,27.7,-13.49,313.64,0.71,0.32,7,40.0,18.0,9.0,0.0,67.0,ACCUMULATE ⭐⭐⭐,Expected ~91% CAGR (2yr) | Revenue CAGR 22% | Profit CAGR 30% | ROE 27% | ROCE 33% | ROCE trend rising ↑,Pattern still forming (not broken out),2-3 years,Medium,"yfinance, screener.in",100,329,,2026-06-01,2026-06-01,0,,1,
GRWRHITECH,Garware Hi-Tech Films Limited,Basic Materials,Specialty Chemicals,14213.0,Mid-Cap,MonthlyStage2,Breaking Out,1.0,24,10-EMA=3945 | 30-EMA=3247 | Above by 70.7% | MA turning=Yes,,Uptrend,True,True,Tight-Above-MAs,True,Stage2,1,Uptrend,Uptrend,5541.1,3246.94,2340.93,4709.94,3610.66,4576.51,5800.73,4576.51,,,42.02,33.58,5.35,1.57,30.95,20.0,6.27,,0,none,13.4,18.0,1.46,20.0,-0.0,15.95,8.55,0.52,13.81,16.47,2.11,26.75,21.82,39.1,0.15,highly inconsistent earnings,0.01,,4.43,,60.47,0.43,60.73,0.0,,3.98,0.02,5.28,-0.07,6166.0,2681.0,10.1,106.7,39.91,514.03,2.16,0.46,6,26.0,30.0,1.0,10.0,67.0,ACCUMULATE ⭐⭐⭐,Profit CAGR 27% | ROCE trend rising ↑ | Nearly debt-free | Promoter 61% holding | Piotroski F=6 (above average quality) | MonthlyStage2 — Breaking Out,None identified,2-3 years,Medium,"yfinance, screener.in",100,52,,2026-06-01,2026-06-01,0,,1,
LALPATHLAB,Dr. Lal PathLabs Limited,Healthcare,Diagnostics & Research,26840.0,Mid-Cap,MonthlyStage2,Breaking Out,1.0,24,10-EMA=1472 | 30-EMA=1405 | Above by 21.3% | MA turning=Yes,MonthlyDoubleBottom+MonthlyStage2,Sideways-Above-MA,True,False,Constructive,True,Stage2,4,Uptrend,Uptrend,1703.7,1404.72,1142.76,1448.14,2120.16,2307.65,3494.88,2722.08,35.4,16.4,50.75,39.02,11.23,1.79,32.91,87.0,-16.45,1686.0,26,buy,22.5,28.3,-0.51,28.0,0.17,18.27,13.23,12.27,11.06,11.81,3.66,28.39,11.5,-15.2,0.15,highly inconsistent earnings,0.08,,3.48,,400.37,1.49,53.21,0.0,,17.18,-3.11,21.37,2.17,1770.0,1272.6,3.7,33.9,30.36,31.82,2.5,0.11,6,33.0,24.0,2.0,8.0,67.0,ACCUMULATE ⭐⭐⭐,Expected ~16% CAGR (2yr) | Profit CAGR 28% | ROE 22% | ROCE 28% | Nearly debt-free | Promoter 53% holding,High PE 51 | Earnings due 2026-04-30,2-3 years,Medium,"yfinance, screener.in",100,126,2026-04-30,2026-06-01,2026-06-01,0,,1,
POLYCAB,Polycab India Limited,Industrials,Electrical Equipment & Parts,142684.0,Large-Cap,None,,0.0,0,,,Uptrend,True,False,Tight-Above-MAs,True,Stage2,4,Uptrend,Uptrend,9162.5,,,7788.12,7911.98,9788.75,13017.73,10148.69,6.8,3.4,53.48,38.51,11.88,1.89,34.15,37.0,35.72,9248.84,31,buy,24.5,34.3,2.46,14.0,0.43,9.25,13.56,28.9,26.98,26.86,32.36,28.27,25.04,6.3,0.4,lumpy earner,0.03,,1.84,,1620.23,1.14,61.5,0.0,,18.21,3.39,7.95,-3.18,9747.0,5760.0,6.0,59.1,48.09,139.05,,0.61,7,40.0,15.0,2.0,10.0,67.0,ACCUMULATE ⭐⭐⭐,Expected ~3% CAGR (2yr) | Revenue CAGR 27% | Profit CAGR 28% | ROE 24% | ROCE 34% | ROCE trend rising ↑,High PE 53 | Earnings due 2026-07-16,2-3 years,Medium,"yfinance, screener.in",100,86,2026-07-16,2026-06-01,2026-06-01,0,,1,
HINDZINC,Hindustan Zinc Limited,Basic Materials,Other Industrial Metals & Mining,267442.0,Large-Cap,MonthlyCupHandle,Forming,0.908,22,Cup 22mo | Depth 32% | Prior gain 63% | R²=0.95,MonthlyCupHandle+MonthlyDoubleBottom,Uptrend,True,False,Tight-Above-MAs,True,Stage2,1,Uptrend,Uptrend,632.6,665.61,449.98,537.71,774.03,881.24,929.44,848.18,39.3,18.0,19.34,14.38,11.82,2.02,11.9,332.0,-40.42,655.19,16,none,76.8,69.6,7.7,54.0,-0.17,35.29,29.72,19.84,6.2,12.54,33.6,9.58,11.63,67.6,0.15,highly inconsistent earnings,0.39,,1.47,,10300.62,3.85,60.71,-1.13,,2.39,0.85,4.84,0.16,733.0,413.5,13.7,53.0,53.16,111.82,0.51,0.66,4,31.0,26.9,1.0,8.0,66.9,ACCUMULATE ⭐⭐⭐,Expected ~18% CAGR (2yr) | ROE 77% | ROCE 70% | ROCE trend rising ↑ | Promoter 61% holding | OPM 54%,Earnings due 2026-07-17 | Pattern still forming (not broken out),2-3 years,Medium,"yfinance, screener.in",100,286,2026-07-17,2026-06-01,2026-06-01,0,,1,
JSLL,JEENA SIKHO LIFECARE LTD,Healthcare,Medical Care Facilities,7644.0,Small-Cap,MonthlyDoubleBottom,Forming,1.0,27,Sep 27mo | Mid rally 354% | Asymmetry 6%,,Downtrend,False,False,Below-MAs,True,Stage2,4,Uptrend,Uptrend,654.35,2495.23,534.4,556.2,4821.24,24332.81,122807.71,24332.81,3618.6,509.8,35.96,13.82,21.6,0.09,26.32,18.0,31.58,1200.0,1,none,31.2,,,30.0,9.0,29.35,,128.78,,,135.29,,,404.6,1.0,steady compounder (low CV),0.3,,,,,,63.62,0.0,,6.17,-0.14,0.46,0.35,2129.0,400.25,69.3,63.5,61.11,125.2,1.45,1.19,2,36.0,16.5,8.0,6.0,66.5,ACCUMULATE ⭐⭐⭐,Expected ~510% CAGR (2yr) | Revenue CAGR 92% | Profit CAGR 405% | ROE 31% | Promoter 64% holding | OPM 30%,Pattern still forming (not broken out),2-3 years,Medium,"yfinance, screener.in",50,49,,2026-06-01,2026-06-01,0,,1,
SUPRIYA,Supriya Lifescience Limited,Healthcare,Biotechnology,7796.0,Small-Cap,MonthlyStage2,Stage Change,1.0,24,10-EMA=682 | 30-EMA=606 | Above by 18.9% | MA turning=Yes,MonthlyDoubleBottom+MonthlyStage2,Sideways-Above-MA,True,True,Constructive,True,Stage2,4,Uptrend,Uptrend,720.6,605.95,386.51,612.51,1487.3,2181.87,3200.81,2181.87,202.8,74.0,37.32,24.34,7.2,0.8,26.27,10.0,18.56,940.0,2,none,19.06,,,32.23,,25.26,13.45,50.2,,,46.7,,,47.3,0.5,insufficient history,0.01,,4.4,,-15.58,-0.2,68.3,0.0,,5.16,-0.03,5.7,0.7,968.7,545.5,25.6,32.1,9.22,169.08,0.46,0.45,4,33.0,22.5,6.0,5.0,66.5,ACCUMULATE ⭐⭐⭐,Expected ~74% CAGR (2yr) | Revenue CAGR 50% | Profit CAGR 47% | Nearly debt-free | Promoter 68% holding | OPM 32%,None identified,2-3 years,Medium,"yfinance, screener.in",70,54,,2026-06-01,2026-06-01,0,,1,
TPLPLASTEH,TPL Plastech Limited,Consumer Cyclical,Packaging & Containers,570.0,Small-Cap,MonthlyDoubleBottom,Forming,1.0,24,Sep 24mo | Mid rally 165% | Asymmetry 1%,,Sideways-Above-MA,True,False,Constructive,True,Stage2,3,Uptrend,Uptrend,63.73,133.28,50.01,54.17,174.01,216.55,258.65,212.15,239.8,84.3,20.52,,3.74,0.94,12.11,137.0,35.72,,0,none,18.4,22.3,1.2,11.0,0.03,6.88,10.56,21.2,16.0,14.39,20.83,21.92,21.4,18.0,0.15,highly inconsistent earnings,0.11,,2.08,,27.6,4.84,74.86,0.0,,0.5,0.05,0.04,-0.04,87.69,50.01,27.3,27.4,-13.52,37.54,0.95,0.05,7,33.0,22.5,10.0,1.0,66.5,ACCUMULATE ⭐⭐⭐,Expected ~84% CAGR (2yr) | Revenue CAGR 16% | Profit CAGR 22% | ROCE 22% | ROCE trend rising ↑ | Low D/E 0.11,Pattern still forming (not broken out),2-3 years,Medium,"yfinance, screener.in",100,133,,2026-06-01,2026-06-01,0,,1,
V2RETAIL,V2 Retail Limited,Consumer Cyclical,Apparel Retail,8388.0,Mid-Cap,MonthlyDoubleBottom,Forming,1.0,33,Sep 33mo | Mid rally 505% | Asymmetry 6%,,Sideways-Above-MA,True,True,Constructive,True,Stage2,3,Uptrend,Uptrend,226.03,55.56,8.93,192.13,707.65,1854.53,4860.16,1854.53,720.5,186.4,50.22,2.61,20.7,0.31,19.41,0.0,,,0,none,22.7,18.3,3.46,15.0,1.2,5.27,8.82,62.79,54.05,41.64,125.0,162.07,,172.0,0.2,multiple loss years in history,1.1,,1.44,,-457.08,-5.45,51.43,0.0,,2.62,-0.39,9.28,0.16,256.41,158.56,11.8,42.6,32.01,1584.74,1.0,,4,25.0,22.5,11.0,8.0,66.5,ACCUMULATE ⭐⭐⭐,Expected ~186% CAGR (2yr) | Revenue CAGR 54% | Profit CAGR 162% | ROE 23% | ROCE trend rising ↑ | Promoter 51% holding,High D/E 1.1 | High PE 50 | Pattern still forming (not broken out),2-3 years,Medium,"yfinance, screener.in",100,227,,2026-06-01,2026-06-01,0,,1,
ADANIPORTS,Adani Ports and Special Economic Zone Limited,Industrials,Marine Shipping,415772.0,Large-Cap,MonthlyCupHandle,Forming,0.866,20,Cup 20mo | Depth 28% | Prior gain 76% | R²=0.99,MonthlyCupHandle+MonthlyDoubleBottom,Uptrend,True,True,Tight-Above-MAs,True,Stage2,4,Uptrend,Uptrend,1762.8,1668.8,1202.57,1498.38,2733.25,2957.87,4859.59,3644.51,67.8,29.5,30.96,23.28,4.32,0.93,21.16,42.0,11.87,1927.92,25,strong_buy,16.4,14.1,0.34,59.0,-0.91,33.06,6.76,27.11,22.93,25.28,15.56,33.34,20.41,10.4,0.15,highly inconsistent earnings,0.64,,1.39,,-3192.01,-0.77,68.02,0.0,,13.25,0.15,13.86,-0.03,1842.8,1290.5,4.3,36.6,29.59,119.18,0.93,0.5,4,25.0,26.39,7.0,8.0,66.4,ACCUMULATE ⭐⭐⭐,Expected ~30% CAGR (2yr) | Revenue CAGR 23% | Profit CAGR 33% | ROCE trend rising ↑ | Promoter 68% holding | OPM 59%,Margin compression ↓ | Earnings due 2026-04-30 | Pattern still forming (not broken out),2-3 years,Medium,"yfinance, screener.in",100,223,2026-04-30,2026-06-01,2026-06-01,0,,1,
SANGHVIMOV,Sanghvi Movers Limited,Industrials,Rental & Leasing Services,3152.0,Small-Cap,MonthlyDoubleBottom,Forming,0.829,13,Sep 13mo | Mid rally 92% | Asymmetry 9%,MonthlyDoubleBottom+MonthlyStage2,Sideways-Above-MA,True,True,Constructive,True,Stage2,4,Uptrend,Uptrend,320.4,411.9,204.86,272.34,1249.37,2312.96,4281.97,2312.96,621.9,168.7,17.09,,2.4,0.2,9.02,55.0,58.74,,0,none,15.5,16.7,2.0,37.0,-0.3,17.22,8.16,36.83,47.27,,17.2,85.13,,27.8,0.15,highly inconsistent earnings,0.51,,1.77,,-221.36,-7.02,47.25,0.0,,1.48,0.02,1.3,-0.1,411.9,223.8,22.2,43.2,22.72,12.79,0.26,0.99,5,29.0,19.45,12.0,6.0,66.4,ACCUMULATE ⭐⭐⭐,Expected ~169% CAGR (2yr) | Revenue CAGR 47% | Profit CAGR 85% | ROCE trend rising ↑ | OPM 37% | Piotroski F=5 (above average quality),Pattern still forming (not broken out),2-3 years,Medium,"yfinance, screener.in",100,233,,2026-06-01,2026-06-01,0,,1,
AVANTIFEED,Avanti Feeds Limited,Consumer Defensive,Packaged Foods,16399.0,Mid-Cap,MonthlyDoubleBottom,Forming,1.0,7,Sep 7mo | Mid rally 196% | Asymmetry 8%,,Sideways-Above-MA,True,False,Constructive,False,Stage2,15,Uptrend,Uptrend,1267.4,715.67,232.83,1077.29,2942.56,3771.78,4834.66,3771.78,197.6,72.5,27.1,20.33,5.45,0.96,18.22,69.0,12.92,1362.0,1,hold,20.2,25.9,0.83,12.0,0.6,10.57,,8.09,6.04,8.14,17.95,28.18,10.6,10.5,0.15,highly inconsistent earnings,0.0,,,,,,43.23,0.0,,7.63,-0.35,6.82,2.66,1593.8,614.25,20.5,106.3,82.71,212.94,0.32,0.15,2,28.0,21.0,10.0,7.0,66.0,ACCUMULATE ⭐⭐⭐,Expected ~72% CAGR (2yr) | Profit CAGR 28% | ROE 20% | ROCE 26% | ROCE trend rising ↑ | Nearly debt-free,Pattern still forming (not broken out),2-3 years,Medium,"yfinance, screener.in",80,197,,2026-06-01,2026-06-01,0,,1,
BUTTERFLY,Butterfly Gandhimathi Appliances Limited,Consumer Cyclical,"Furnishings, Fixtures & Appliances",1187.0,Small-Cap,MonthlyDoubleBottom,Breakout Ready,1.0,37,Sep 37mo | Mid rally 368% | Asymmetry 1%,,Sideways-Above-MA,True,False,Constructive,True,Stage2,3,Uptrend,Uptrend,680.7,642.47,136.69,578.6,1605.15,2033.72,2576.73,2033.72,198.8,72.8,25.98,,3.19,0.97,13.12,,100.0,,0,none,13.08,,,5.96,,4.84,6.84,16.7,,,26.7,,,26.6,0.5,insufficient history,0.02,,2.1,,62.91,5.3,75.0,0.0,,0.01,-0.01,0.43,0.0,823.85,565.8,17.4,20.3,0.72,-63.13,7.08,-0.05,5,30.0,24.0,10.0,2.0,66.0,ACCUMULATE ⭐⭐⭐,Expected ~73% CAGR (2yr) | Revenue CAGR 17% | Profit CAGR 27% | Nearly debt-free | Promoter 75% holding | FCF yield 5.3%,None identified,2-3 years,Medium,"yfinance, screener.in",70,146,,2026-06-01,2026-06-01,0,,1,
DJML,DJ Mediaprint & Logistics Limited,Industrials,Specialty Business Services,347.0,Micro-Cap,MonthlyDoubleBottom,Forming,1.0,10,Sep 10mo | Mid rally 112% | Asymmetry 0%,MonthlyDoubleBottom+MonthlyStage2,Uptrend,True,True,Uptrend,True,Stage2,4,Uptrend,Uptrend,95.45,209.52,98.67,93.74,228.15,502.61,1107.26,502.61,426.6,129.5,33.18,,4.03,0.28,15.63,10.0,50.0,,0,none,14.2,16.6,2.0,19.0,-2.5,7.91,8.88,68.29,,,57.14,,,129.0,1.0,steady compounder (low CV),0.43,,5.84,,-28.65,-8.26,56.17,0.65,,0.05,0.05,0.0,0.0,126.96,52.0,24.8,83.6,-2.0,62.51,0.47,-0.3,4,29.0,25.0,11.0,1.0,66.0,ACCUMULATE ⭐⭐⭐,Expected ~130% CAGR (2yr) | Revenue CAGR 91% | Profit CAGR 120% | ROCE trend rising ↑ | Promoter 56% holding | Margin compressing ↓ ⚠️,Margin compression ↓ | Pattern still forming (not broken out),2-3 years,Medium,"yfinance, screener.in",80,42,,2026-06-01,2026-06-01,0,,1,
INFOBEAN,INFOBEANS TECHNO. LTD.,Technology,Software - Application,0.0,Micro-Cap,MonthlyDoubleBottom,Forming,1.0,7,Sep 7mo | Mid rally 176% | Asymmetry 6%,MonthlyCupHandle+MonthlyDoubleBottom+MonthlyStage2,Downtrend,False,False,Below-MAs,False,Downtrend,0,Uptrend,Uptrend,152.27,36.64,12.9,129.43,410.11,550.37,738.6,550.37,261.4,90.1,16.74,,3.49,0.49,10.9,17.0,0.0,,0,none,23.2,29.2,0.37,22.0,-0.71,16.87,12.26,30.13,10.11,23.35,128.95,34.2,18.65,104.2,0.15,highly inconsistent earnings,0.04,,10.14,,44.87,,72.84,-1.56,,0.45,-0.1,0.2,-0.76,257.5,88.66,40.9,71.7,68.36,10.62,0.31,0.7,6,34.0,14.0,12.0,6.0,66.0,ACCUMULATE ⭐⭐⭐,Expected ~90% CAGR (2yr) | Profit CAGR 34% | ROE 23% | ROCE 29% | ROCE trend rising ↑ | Nearly debt-free,Margin compression ↓ | Pattern still forming (not broken out),2-3 years,Medium,"yfinance, screener.in",100,107,,2026-06-01,2026-06-01,0,,1,
KRISHNADEF,KRISHNA DEF AND ALD IND L,Industrials,Specialty Industrial Machinery,1549.0,Small-Cap,None,,0.0,0,,,Uptrend,True,False,Uptrend,True,Stage2,4,Uptrend,Uptrend,1171.6,,,995.86,1582.11,3190.33,6433.3,3190.33,172.3,65.0,53.76,,9.4,0.53,21.88,9.0,0.0,,0,none,25.4,30.4,6.5,21.0,2.2,16.66,22.82,26.29,56.43,,86.36,101.65,,72.9,1.0,steady compounder (low CV),0.01,,3.99,,72.6,4.69,59.96,-0.06,,0.61,0.45,2.06,0.86,1313.0,665.0,10.8,76.2,38.2,528.73,,,7,40.0,13.0,6.0,7.0,66.0,ACCUMULATE ⭐⭐⭐,Expected ~65% CAGR (2yr) | Revenue CAGR 56% | Profit CAGR 102% | ROE 25% | ROCE 30% | ROCE trend rising ↑,High PE 54,2-3 years,Medium,"yfinance, screener.in",100,50,,2026-06-01,2026-06-01,0,,1,
MPSLTD,MPS Limited,Communication Services,Publishing,3122.0,Small-Cap,MonthlyDoubleBottom,Forming,1.0,25,Sep 25mo | Mid rally 125% | Asymmetry 0%,,Sideways,False,False,Below-MAs,True,Downtrend,0,Uptrend,Uptrend,1828.9,3013.89,1336.1,1554.57,3552.17,4691.68,4833.51,4143.6,156.5,60.2,18.02,14.72,6.37,1.08,12.98,451.0,40.38,2500.0,1,strong_buy,31.2,39.3,3.0,31.0,0.94,22.54,15.89,5.64,15.3,12.67,16.11,16.65,24.0,-0.1,0.4,lumpy earner,0.1,,1.45,,194.33,6.23,68.34,0.0,,1.47,-0.16,1.96,0.8,2975.0,1336.1,38.5,36.9,-22.62,67.9,0.94,0.41,6,40.0,18.5,7.0,0.0,65.5,ACCUMULATE ⭐⭐⭐,Expected ~60% CAGR (2yr) | Revenue CAGR 15% | ROE 31% | ROCE 39% | ROCE trend rising ↑ | Low D/E 0.10,Pattern still forming (not broken out),2-3 years,Medium,"yfinance, screener.in",100,287,,2026-06-01,2026-06-01,0,,1,
TATAELXSI,Tata Elxsi Limited,Technology,Software - Application,26697.0,Mid-Cap,MonthlyDoubleBottom,Forming,1.0,40,Sep 40mo | Mid rally 193% | Asymmetry 1%,,Sideways,False,False,Below-MAs,True,Downtrend,0,Uptrend,Uptrend,4186.1,1365.89,463.42,3558.19,4721.5,5772.14,9633.4,6744.19,37.9,17.4,42.55,27.3,8.78,0.99,29.75,175.0,20.84,4314.07,15,none,39.3,60.0,7.09,21.0,0.97,16.73,12.47,9.55,16.35,16.95,41.67,42.84,15.79,27.8,0.15,highly inconsistent earnings,0.05,,3.92,,687.19,2.57,43.9,0.0,,11.08,2.52,11.39,-0.89,6735.0,3945.0,37.8,6.1,-25.47,-66.31,0.51,0.3,7,40.0,18.5,7.0,0.0,65.5,ACCUMULATE ⭐⭐⭐,Expected ~17% CAGR (2yr) | Revenue CAGR 16% | Profit CAGR 43% | ROE 39% | ROCE 60% | ROCE trend rising ↑,Earnings due 2026-07-09 | Pattern still forming (not broken out),2-3 years,Medium,"yfinance, screener.in",100,287,2026-07-09,2026-06-01,2026-06-01,0,,1,
TEMBO,Tembo Global Industries Limited,Industrials,Metal Fabrication,933.0,Small-Cap,MonthlyStage2,Stage Change,1.0,24,10-EMA=567 | 30-EMA=488 | Above by 16.8% | MA turning=Yes,MonthlyCupHandle+MonthlyDoubleBottom+MonthlyStage2,Sideways,False,False,Below-MAs,True,Stage2,4,Uptrend,Uptrend,569.65,487.8,226.64,484.2,3480.84,8831.58,22407.47,8831.58,1450.4,293.7,14.95,,3.72,0.1,8.99,32.0,-12.64,,0,none,27.5,22.8,3.54,13.0,1.49,7.77,,46.51,63.37,59.98,92.16,153.72,117.79,55.2,0.4,lumpy earner,0.99,,,,,,36.38,0.0,,8.58,-0.04,0.95,0.73,837.0,433.35,31.9,31.5,11.16,111.55,0.34,0.74,3,32.0,19.5,12.0,2.0,65.5,ACCUMULATE ⭐⭐⭐,Expected ~294% CAGR (2yr) | Revenue CAGR 63% | Profit CAGR 154% | ROE 28% | ROCE 23% | ROCE trend rising ↑,None identified,2-3 years,Medium,"yfinance, screener.in",80,94,,2026-06-01,2026-06-01,0,,1,
TRITURBINE,Triveni Turbine Limited,Industrials,Specialty Industrial Machinery,23572.0,Mid-Cap,MonthlyStage2,Stage Change,1.0,24,10-EMA=546 | 30-EMA=520 | Above by 22.7% | MA turning=Yes,MonthlyDoubleBottom+MonthlyStage2,Uptrend,True,True,Uptrend,True,Stage2,4,Uptrend,Uptrend,638.05,520.11,439.85,542.34,413.03,600.37,613.04,503.19,,,67.59,44.76,16.28,3.1,51.06,54.0,67.5,674.75,8,buy,27.1,35.9,3.54,21.0,0.26,16.03,11.52,8.72,20.45,25.41,-2.79,21.83,27.89,8.6,0.15,highly inconsistent earnings,0.03,,1.98,,-258.5,-1.1,55.84,0.0,,20.81,-1.57,16.52,1.92,787.6,428.35,19.0,49.0,12.5,36.72,1.48,0.38,6,35.0,26.5,0.0,4.0,65.5,ACCUMULATE ⭐⭐⭐,Revenue CAGR 20% | Profit CAGR 22% | ROE 27% | ROCE 36% | ROCE trend rising ↑ | Nearly debt-free,High PE 68,2-3 years,Medium,"yfinance, screener.in",100,176,,2026-06-01,2026-06-01,0,,1,
CLSEL,Chaman Lal Setia Exports Ltd.,Consumer Defensive,Packaged Foods,1406.0,Small-Cap,MonthlyCupHandle,Forming,0.685,12,Cup 12mo | Depth 27% | Prior gain 88% | R²=0.90,,Uptrend,True,False,Constructive,True,Stage2,15,Uptrend,Uptrend,258.35,382.7,277.5,263.62,2080.31,3249.45,5075.63,3249.45,1157.8,254.7,12.24,,1.85,0.22,8.67,88.0,75.0,,0,none,14.61,,,11.85,,7.97,9.47,16.5,,,56.2,,,55.9,0.5,insufficient history,0.1,,6.94,,95.41,6.79,74.05,0.0,,3.08,0.0,1.58,-0.02,395.75,203.75,34.7,26.8,-24.28,30.62,0.4,0.5,4,32.0,20.72,12.0,0.0,64.7,ACCUMULATE ⭐⭐⭐,Expected ~255% CAGR (2yr) | Revenue CAGR 16% | Profit CAGR 56% | Nearly debt-free | Promoter 74% holding | FCF yield 6.8%,Pattern still forming (not broken out),3-4 years,Medium-High,"yfinance, screener.in",70,61,,2026-06-01,2026-06-01,0,,1,
RAMRAT,Ram Ratna Wires Limited,Industrials,Electrical Equipment & Parts,3972.0,Small-Cap,MonthlyCupHandle,Forming,0.717,19,Cup 19mo | Depth 32% | Prior gain 106% | R²=0.98,MonthlyCupHandle+MonthlyDoubleBottom,Uptrend,True,False,Tight-Above-MAs,True,Stage2,4,Uptrend,Uptrend,425.6,427.1,290.58,361.76,547.66,724.94,959.61,724.94,70.3,30.5,37.03,,6.85,1.14,17.59,29.0,0.0,,0,none,20.6,23.6,2.31,5.0,0.06,2.07,8.57,40.79,25.01,27.66,55.71,32.37,46.78,69.1,0.15,highly inconsistent earnings,1.15,,1.15,,-356.79,-8.98,69.3,0.76,,0.17,0.08,0.44,0.02,520.0,268.0,18.2,58.8,33.37,191.96,0.79,0.46,4,27.0,24.6,6.0,7.0,64.6,ACCUMULATE ⭐⭐⭐,Expected ~30% CAGR (2yr) | Revenue CAGR 25% | Profit CAGR 32% | ROE 21% | ROCE 24% | ROCE trend rising ↑,High D/E 1.2 | Pattern still forming (not broken out),3-4 years,Medium-High,"yfinance, screener.in",100,47,,2026-06-01,2026-06-01,0,,1,
ASTRAMICRO,Astra Microwave Products Limited,Technology,Communication Equipment,13308.0,Mid-Cap,MonthlyDoubleBottom,Forming,1.0,34,Sep 34mo | Mid rally 178% | Asymmetry 8%,MonthlyCupHandle+MonthlyDoubleBottom,Uptrend,True,True,Uptrend,True,Downtrend,0,Uptrend,Uptrend,1092.7,54.67,18.86,928.79,746.31,1172.03,1467.37,1046.47,7.3,3.6,68.98,43.36,11.44,1.72,45.08,18.0,16.26,1360.38,8,buy,16.0,20.2,2.17,29.0,3.71,14.82,,10.66,12.54,12.65,25.32,40.22,46.09,-1.3,0.4,lumpy earner,0.24,,,,,,6.54,0.0,,7.56,1.3,15.42,0.67,1433.0,851.0,23.7,28.4,12.96,177.15,0.42,0.45,3,30.0,25.5,3.0,6.0,64.5,ACCUMULATE ⭐⭐⭐,Expected ~4% CAGR (2yr) | Profit CAGR 40% | ROCE 20% | ROCE trend rising ↑ | Low D/E 0.24 | OPM 29%,High PE 69 | Pattern still forming (not broken out),3-4 years,Medium-High,"yfinance, screener.in",80,259,,2026-06-01,2026-06-01,0,,1,
NBCC,NBCC (India) Limited,Industrials,Engineering & Construction,27070.0,Mid-Cap,MonthlyDoubleBottom,Forming,1.0,48,Sep 48mo | Mid rally 216% | Asymmetry 7%,MonthlyCupHandle+MonthlyDoubleBottom+MonthlyStage2,Sideways,False,False,Below-MAs,True,Stage2,4,Uptrend,Uptrend,93.08,89.08,27.25,79.12,123.78,171.7,238.16,171.7,84.5,35.8,37.55,32.34,9.01,0.97,20.06,68.0,-30.66,124.5,2,none,24.1,31.0,3.03,5.0,0.63,5.46,4.29,7.06,13.24,13.14,33.21,38.71,25.33,37.2,0.4,lumpy earner,0.0,,1.18,,992.51,3.67,61.75,0.0,,4.99,-0.21,10.75,-1.5,130.7,77.18,28.8,20.6,-16.22,239.14,0.72,0.67,5,38.0,19.5,6.0,1.0,64.5,ACCUMULATE ⭐⭐⭐,Expected ~36% CAGR (2yr) | Profit CAGR 39% | ROE 24% | ROCE 31% | ROCE trend rising ↑ | Nearly debt-free,Pattern still forming (not broken out),3-4 years,Medium-High,"yfinance, screener.in",100,170,,2026-06-01,2026-06-01,0,,1,
CAMPUS,Campus Activewear Limited,Consumer Cyclical,Footwear & Accessories,7738.0,Small-Cap,MonthlyDoubleBottom,Forming,0.744,13,Sep 13mo | Mid rally 76% | Asymmetry 1%,,Sideways,False,False,Below-MAs,True,Stage2,3,Uptrend,Uptrend,232.52,370.52,209.77,199.28,349.62,531.27,689.47,490.97,128.5,51.2,51.57,35.88,8.56,1.28,26.97,59.0,,302.57,7,strong_buy,29.5,31.8,4.1,20.0,11.14,8.46,9.18,67.93,26.13,259.08,300.0,40.43,,26.0,0.15,highly inconsistent earnings,0.26,,2.37,,-11.2,-0.14,72.09,-0.02,,6.07,-0.08,11.6,-0.11,304.4,215.2,23.6,8.0,-9.27,-47.8,0.2,0.08,6,39.0,15.43,9.0,1.0,64.4,ACCUMULATE ⭐⭐⭐,Expected ~51% CAGR (2yr) | Revenue CAGR 26% | Profit CAGR 40% | ROE 30% | ROCE 32% | ROCE trend rising ↑,High PE 52 | Pattern still forming (not broken out),3-4 years,Medium-High,"yfinance, screener.in",100,49,,2026-06-01,2026-06-01,0,,1,
JBCHEPHARM,J. B. Chemicals & Pharmaceuticals Limited,Healthcare,Drug Manufacturers - Specialty & Generic,34799.0,Large-Cap,MonthlyDoubleBottom,Forming,0.662,29,Sep 29mo | Mid rally 74% | Asymmetry 8%,,Uptrend,True,False,Tight-Above-MAs,True,Stage2,4,Uptrend,Uptrend,2171.6,183.68,101.71,1845.86,2405.27,2635.52,3465.32,2887.05,21.4,10.2,48.78,29.73,8.91,2.44,30.79,86.0,35.34,2258.22,9,none,19.2,25.8,-0.66,27.0,0.46,17.11,12.48,5.87,9.62,15.22,7.42,20.03,9.57,-30.4,0.15,highly inconsistent earnings,0.0,,4.92,,506.48,1.46,48.8,1.25,,16.33,1.45,21.38,-1.97,2285.3,1603.5,5.0,35.4,38.13,65.21,0.81,-0.04,5,31.0,24.44,1.0,8.0,64.4,ACCUMULATE ⭐⭐⭐,Expected ~10% CAGR (2yr) | Profit CAGR 20% | ROCE 26% | Nearly debt-free | Promoters buying ↑ | OPM 27%,Earnings due 2026-07-30 | Pattern still forming (not broken out),3-4 years,Medium-High,"yfinance, screener.in",100,287,2026-07-30,2026-06-01,2026-06-01,0,,1,
AUBANK,AU Small Finance Bank Limited,Financial Services,Banks - Regional,73691.0,Large-Cap,MonthlyDoubleBottom,Forming,0.647,39,Sep 39mo | Mid rally 71% | Asymmetry 6%,MonthlyCupHandle+MonthlyDoubleBottom,Uptrend,True,False,Uptrend,True,Stage2,12,Uptrend,Uptrend,971.9,811.12,460.2,826.12,1465.98,2161.66,5639.17,2875.22,122.4,49.1,28.09,16.19,3.68,0.29,,10.0,25.99,1091.31,26,buy,22.3,12.4,,35.55,,21.37,,18.49,28.91,,208.5,96.13,,65.2,0.4,lumpy earner,,,,,,,22.76,-0.03,,37.27,0.82,31.3,0.03,1079.55,682.15,10.0,42.5,26.48,6.41,0.32,,1,27.0,22.26,9.0,6.0,64.3,ACCUMULATE ⭐⭐⭐,Expected ~49% CAGR (2yr) | Revenue CAGR 29% | Profit CAGR 96% | ROE 22% | OPM 36% | FII buying +0.8% ↑,Earnings due 2026-07-16 | Pattern still forming (not broken out),3-4 years,Medium-High,"yfinance, screener.in",70,107,2026-07-16,2026-06-01,2026-06-01,0,,1,
NRBBEARING,NRB Bearings Limited,Consumer Cyclical,Auto Parts,3586.0,Small-Cap,MonthlyStage2,Breaking Out,1.0,24,10-EMA=278 | 30-EMA=257 | Above by 38.8% | MA turning=Yes,MonthlyDoubleBottom+MonthlyStage2,Uptrend,True,True,Uptrend,True,Stage2,3,Uptrend,Uptrend,356.7,256.94,194.68,303.19,694.05,798.16,917.88,798.16,123.8,49.6,25.12,20.05,3.73,1.67,15.86,331.0,2.24,423.5,2,strong_buy,15.7,18.6,1.2,17.0,0.49,10.69,8.24,11.34,8.09,11.87,78.05,15.0,21.12,,0.15,highly inconsistent earnings,0.16,,2.26,,109.51,3.05,51.2,0.0,,14.69,0.57,10.06,-0.25,390.0,212.55,8.5,67.8,30.41,86.03,3.99,0.41,6,22.0,28.0,6.0,8.0,64.0,ACCUMULATE ⭐⭐⭐,Expected ~50% CAGR (2yr) | ROCE trend rising ↑ | Low D/E 0.16 | Promoter 51% holding | FCF yield 3.1% | Piotroski F=6 (above average quality),None identified,3-4 years,Medium-High,"yfinance, screener.in",100,287,,2026-06-01,2026-06-01,0,,1,
SAKSOFT,Saksoft Limited,Technology,Information Technology Services,1832.0,Small-Cap,MonthlyDoubleBottom,Forming,1.0,19,Sep 19mo | Mid rally 307% | Asymmetry 2%,,Sideways,False,True,Below-MAs,True,Downtrend,0,Uptrend,Uptrend,144.04,15.03,3.66,122.43,404.43,475.16,558.27,475.16,229.9,81.6,14.06,4.2,2.62,0.8,8.69,77.0,17.8,,0,none,19.6,25.5,0.03,19.0,0.43,13.23,10.48,14.04,14.78,21.14,22.02,17.49,24.2,19.7,0.75,consistent growth,0.06,,2.17,,85.14,4.65,66.72,0.04,,2.4,0.17,0.0,-0.14,253.99,107.59,43.3,33.9,-20.39,-64.13,1.07,0.38,7,36.0,18.0,10.0,0.0,64.0,ACCUMULATE ⭐⭐⭐,Expected ~82% CAGR (2yr) | ROCE 26% | ROCE trend rising ↑ | Nearly debt-free | Promoter 67% holding | FCF yield 4.6%,Pattern still forming (not broken out),3-4 years,Medium-High,"yfinance, screener.in",100,253,,2026-06-01,2026-06-01,0,,1,
TDPOWERSYS,TD Power Systems Limited,Industrials,Specialty Industrial Machinery,20600.0,Mid-Cap,None,,0.0,0,,,Uptrend,True,True,Tight-Above-MAs,True,Stage2,4,Uptrend,Uptrend,1256.3,,,1067.86,708.76,957.26,1292.87,957.26,,,86.18,46.68,19.22,2.46,61.94,15.0,33.08,1417.0,2,buy,24.7,33.4,4.29,18.0,1.43,12.86,11.83,45.11,28.63,25.59,36.57,35.06,39.65,36.2,1.0,steady compounder (low CV),0.02,,1.95,,19.94,0.1,26.87,0.0,,26.69,2.33,22.24,-0.95,1379.6,453.1,8.9,177.3,159.6,390.05,,0.51,7,40.0,15.0,-1.0,10.0,64.0,ACCUMULATE ⭐⭐⭐,Revenue CAGR 29% | Profit CAGR 35% | ROE 25% | ROCE 33% | ROCE trend rising ↑ | Nearly debt-free,High PE 86,3-4 years,Medium-High,"yfinance, screener.in",100,177,,2026-06-01,2026-06-01,0,,1,
YATHARTH,Yatharth Hospital & Trauma Care Services Limited,Healthcare,Medical Care Facilities,7675.0,Small-Cap,MonthlyCupHandle,Forming,0.751,18,Cup 18mo | Depth 43% | Prior gain 50% | R²=0.97,,Uptrend,True,False,Tight-Above-MAs,True,Stage2,4,Uptrend,Uptrend,832.85,829.22,475.28,707.92,1366.56,1518.37,2567.9,1873.29,82.3,35.0,43.86,25.11,4.54,1.18,24.24,0.0,,986.0,4,strong_buy,10.4,12.4,-1.97,24.0,-1.46,14.22,7.17,40.35,36.17,41.21,29.77,37.08,53.42,22.7,0.4,lumpy earner,0.15,,3.87,,-88.68,-1.16,55.8,0.0,,5.25,-0.93,12.0,0.98,889.9,485.0,6.4,71.7,63.04,,0.52,1.12,4,25.0,25.01,6.0,8.0,64.0,ACCUMULATE ⭐⭐⭐,Expected ~35% CAGR (2yr) | Revenue CAGR 36% | Profit CAGR 37% | Low D/E 0.15 | Promoter 56% holding | Margin compressing ↓ ⚠️,Margin compression ↓ | Pattern still forming (not broken out),3-4 years,Medium-High,"yfinance, screener.in",100,34,,2026-06-01,2026-06-01,0,,1,
NEULANDLAB,Neuland Laboratories Limited,Healthcare,Drug Manufacturers - Specialty & Generic,21924.0,Mid-Cap,MonthlyCupHandle,Forming,0.854,17,Cup 17mo | Depth 27% | Prior gain 121% | R²=0.97,MonthlyCupHandle+MonthlyDoubleBottom,Sideways-Above-MA,True,True,Constructive,True,Stage2,4,Uptrend,Uptrend,16790.0,18024.33,13107.61,14271.5,18257.66,22941.05,31064.66,23815.29,36.6,16.9,60.24,37.32,13.53,1.98,409.45,20.0,33.89,20972.0,4,none,21.4,26.6,3.4,28.0,2.51,2.29,,36.97,19.31,16.64,40.0,30.44,35.06,664.8,0.15,highly inconsistent earnings,0.16,,1.42,,,,32.63,0.0,,20.46,-0.44,15.84,1.12,19747.0,11412.0,15.0,47.1,47.47,473.62,1.12,-0.32,3,33.0,19.75,3.0,8.0,63.8,ACCUMULATE ⭐⭐⭐,Expected ~17% CAGR (2yr) | Revenue CAGR 19% | Profit CAGR 30% | ROE 21% | ROCE 27% | ROCE trend rising ↑,High PE 60 | Pattern still forming (not broken out),3-4 years,Medium-High,"yfinance, screener.in",80,212,,2026-06-01,2026-06-01,0,,1,
MARICO,Marico Limited,Consumer Defensive,Household & Personal Products,106477.0,Large-Cap,MonthlyDoubleBottom,Forming,0.686,40,Sep 40mo | Mid rally 74% | Asymmetry 6%,,Uptrend,True,False,Tight-Above-MAs,True,Stage2,15,Uptrend,Uptrend,831.45,365.32,203.82,706.73,618.14,770.23,762.98,686.75,,,60.6,43.54,25.1,5.46,44.71,49.0,18.88,895.45,38,none,43.0,47.2,0.77,17.0,-0.2,12.95,14.43,25.67,11.71,11.08,9.35,11.1,8.62,14.0,0.4,lumpy earner,0.12,,1.31,,2851.62,2.68,58.93,0.0,,24.08,0.06,12.17,-0.06,848.8,680.3,2.0,22.2,23.69,38.85,0.68,0.17,4,30.0,24.73,1.0,8.0,63.7,ACCUMULATE ⭐⭐⭐,ROE 43% | ROCE 47% | ROCE trend rising ↑ | Low D/E 0.12 | Promoter 59% holding | Dividend growing 19%/yr,High PE 61 | Earnings due 2026-08-04 | Pattern still forming (not broken out),3-4 years,Medium-High,"yfinance, screener.in",100,361,2026-08-04,2026-06-01,2026-06-01,0,,1,
SOLARINDS,Solar Industries India Limited,Basic Materials,Specialty Chemicals,165117.0,Large-Cap,MonthlyDoubleBottom,Forming,0.548,8,Sep 8mo | Mid rally 62% | Asymmetry 8%,,Uptrend,True,True,Tight-Above-MAs,True,Stage2,1,Uptrend,Uptrend,18116.0,13280.2,7877.69,15398.6,5144.82,18682.71,8548.23,6631.68,3.1,1.6,98.04,54.78,26.3,3.39,63.44,6.0,10.06,20131.92,12,strong_buy,31.5,36.8,3.57,27.0,1.83,17.05,15.45,30.48,12.45,31.35,34.86,28.9,43.25,70.0,0.4,lumpy earner,0.23,,2.06,,-1315.16,-0.8,73.15,0.0,,6.59,-0.15,12.89,-0.02,18874.0,11646.0,4.0,55.6,10.45,362.91,0.86,0.16,6,36.0,21.58,0.0,6.0,63.6,ACCUMULATE ⭐⭐⭐,Expected ~2% CAGR (2yr) | Profit CAGR 29% | ROE 32% | ROCE 37% | ROCE trend rising ↑ | Low D/E 0.23,High PE 98 | Earnings due 2026-08-06 | Pattern still forming (not broken out),3-4 years,Medium-High,"yfinance, screener.in",100,242,2026-08-06,2026-06-01,2026-06-01,0,,1,
FILATEX,Filatex India Limited,Consumer Cyclical,Textile Manufacturing,2031.0,Small-Cap,MonthlyDoubleBottom,Forming,1.0,40,Sep 40mo | Mid rally 123% | Asymmetry 6%,,Sideways,False,False,Below-MAs,True,Stage2,3,Uptrend,Uptrend,42.37,77.41,33.85,36.01,319.07,462.71,671.03,462.71,992.1,230.5,11.08,3.44,2.11,0.25,4.76,62.0,35.72,,0,none,12.9,16.9,1.2,8.0,-0.11,4.33,,-2.14,29.23,26.63,36.57,45.02,47.74,16.6,1.0,steady compounder (low CV),0.1,,,,,,65.47,0.09,,4.22,-0.29,2.78,0.4,66.1,36.26,35.9,16.9,-15.48,-14.22,0.26,0.04,2,32.0,19.5,12.0,0.0,63.5,ACCUMULATE ⭐⭐⭐,Expected ~230% CAGR (2yr) | Revenue CAGR 29% | Profit CAGR 45% | ROCE trend rising ↑ | Low D/E 0.10 | Promoter 65% holding,Pattern still forming (not broken out),3-4 years,Medium-High,"yfinance, screener.in",80,178,,2026-06-01,2026-06-01,0,,1,
GLENMARK,Glenmark Pharmaceuticals Limited,Healthcare,Drug Manufacturers - Specialty & Generic,64198.0,Large-Cap,MonthlyDoubleBottom,Forming,1.0,48,Sep 48mo | Mid rally 152% | Asymmetry 2%,,Uptrend,True,False,Constructive,False,Stage2,4,Uptrend,Uptrend,2405.9,1214.53,478.22,2045.02,2296.46,2421.35,2833.04,2550.68,0.6,0.3,47.17,24.01,6.7,4.26,15.56,22.0,25.99,2227.36,11,none,30.5,39.8,3.89,27.0,0.94,6.45,,27.48,13.61,9.19,30.09,11.07,11.91,15.9,0.15,highly inconsistent earnings,0.13,,,,,,46.65,0.0,,20.35,1.15,19.28,-0.81,2474.0,1448.5,2.8,66.1,44.96,235.25,0.49,0.31,3,27.0,25.5,3.0,8.0,63.5,ACCUMULATE ⭐⭐⭐,Expected ~0% CAGR (2yr) | ROE 30% | ROCE 40% | ROCE trend rising ↑ | Low D/E 0.13 | OPM 27%,Earnings due 2026-08-13 | Pattern still forming (not broken out),3-4 years,Medium-High,"yfinance, screener.in",80,287,2026-08-13,2026-06-01,2026-06-01,0,,1,
GLOBAL,Global Education Limited,Consumer Defensive,Education & Training Services,513.0,Small-Cap,MonthlyStage2,Stage Change,1.0,24,10-EMA=89 | 30-EMA=76 | Above by 34.3% | MA turning=Yes,MonthlyCupHandle+MonthlyDoubleBottom+MonthlyStage2,Sideways-Above-MA,True,False,Constructive,False,Stage2,15,Uptrend,Uptrend,102.67,76.43,41.17,87.27,174.31,181.58,189.15,181.58,76.9,33.0,22.75,,4.16,5.46,16.31,99.0,-5.9,,0,none,22.0,29.2,-0.4,38.0,0.06,26.15,13.29,30.56,14.88,29.31,-7.14,4.17,26.58,9.4,0.15,highly inconsistent earnings,0.0,,3.75,,33.18,6.47,72.73,0.23,,0.4,-0.05,0.06,0.0,121.9,55.3,15.8,85.7,72.77,16.92,0.98,-0.7,5,30.0,22.5,4.0,7.0,63.5,ACCUMULATE ⭐⭐⭐,Expected ~33% CAGR (2yr) | ROE 22% | ROCE 29% | Nearly debt-free | Promoter 73% holding | OPM 38%,None identified,3-4 years,Medium-High,"yfinance, screener.in",100,111,,2026-06-01,2026-06-01,0,,1,
IFBIND,IFB Industries Limited,Consumer Cyclical,"Furnishings, Fixtures & Appliances",5075.0,Small-Cap,MonthlyDoubleBottom,Forming,1.0,28,Sep 28mo | Mid rally 172% | Asymmetry 4%,,Sideways,False,False,Below-MAs,True,Stage2,3,Uptrend,Uptrend,1098.8,2359.9,850.0,933.98,3965.78,5646.55,17913.03,8428.47,413.9,126.7,35.33,20.17,5.1,0.31,15.24,0.0,,1473.67,3,none,16.8,20.3,2.91,6.0,0.14,2.56,5.06,10.35,10.23,14.94,21.01,112.53,40.82,126.1,0.15,highly inconsistent earnings,0.16,,1.33,,142.69,2.81,74.96,0.0,,0.92,-0.04,6.16,0.13,2019.8,883.2,45.6,24.4,-21.39,12.12,0.56,0.31,6,29.0,19.5,15.0,0.0,63.5,ACCUMULATE ⭐⭐⭐,Expected ~127% CAGR (2yr) | Profit CAGR 113% | ROCE 20% | ROCE trend rising ↑ | Low D/E 0.16 | Promoter 75% holding,Pattern still forming (not broken out),3-4 years,Medium-High,"yfinance, screener.in",100,287,,2026-06-01,2026-06-01,0,,1,
KARURVYSYA,The Karur Vysya Bank Limited,Financial Services,Banks - Regional,27911.0,Mid-Cap,MonthlyDoubleBottom,Forming,1.0,35,Sep 35mo | Mid rally 115% | Asymmetry 0%,,Uptrend,True,False,Uptrend,True,Stage2,12,Uptrend,Uptrend,293.25,103.53,48.12,249.26,804.1,823.41,1603.17,1135.39,180.8,67.6,11.12,9.09,2.18,0.27,,75.0,17.57,355.44,16,buy,19.28,,,57.61,,40.05,1.96,19.5,,,41.2,,,41.2,0.5,insufficient history,,,,,,,2.07,0.0,,19.25,2.38,39.26,-0.94,343.45,184.74,14.6,58.7,40.29,169.76,0.78,-0.03,2,20.0,26.5,10.0,7.0,63.5,ACCUMULATE ⭐⭐⭐,Expected ~68% CAGR (2yr) | Revenue CAGR 20% | Profit CAGR 41% | OPM 58% | FII buying +2.4% ↑ | Dividend growing 18%/yr,Earnings due 2026-07-23 | Pattern still forming (not broken out),3-4 years,Medium-High,"yfinance, screener.in",50,365,2026-07-23,2026-06-01,2026-06-01,0,,1,
KPIL,Kalpataru Projects International Limited,Industrials,Engineering & Construction,22286.0,Mid-Cap,MonthlyStage2,Stage Change,1.0,24,10-EMA=1193 | 30-EMA=1086 | Above by 15.3% | MA turning=Yes,MonthlyDoubleBottom+MonthlyStage2,Sideways-Above-MA,True,False,Constructive,True,Stage2,4,Uptrend,Uptrend,1251.5,1085.77,872.33,1063.77,2805.13,2853.05,4986.65,3740.08,128.0,51.0,21.41,14.6,2.87,0.64,10.69,69.0,12.5,1522.5,18,strong_buy,14.2,16.6,0.17,8.0,-0.57,3.83,4.06,21.63,18.38,15.95,81.83,33.33,9.26,92.6,0.15,highly inconsistent earnings,0.46,,1.25,,467.04,2.1,33.58,0.01,,10.92,-0.81,45.12,1.22,1335.6,1007.1,6.3,24.3,10.22,113.59,0.61,0.39,5,23.0,22.5,12.0,6.0,63.5,ACCUMULATE ⭐⭐⭐,Expected ~51% CAGR (2yr) | Revenue CAGR 18% | Profit CAGR 33% | ROCE trend rising ↑ | Margin compressing ↓ ⚠️ | Piotroski F=5 (above average quality),Margin compression ↓ | Earnings due 2026-08-06,3-4 years,Medium-High,"yfinance, screener.in",100,37,2026-08-06,2026-06-01,2026-06-01,0,,1,
SHARDAMOTR,Sharda Motor Industries Limited,Consumer Cyclical,Auto Parts,4841.0,Small-Cap,MonthlyDoubleBottom,Forming,1.0,44,Sep 44mo | Mid rally 319% | Asymmetry 7%,,Sideways,False,False,Below-MAs,True,Stage2,3,Uptrend,Uptrend,882.7,600.75,138.94,750.3,3217.93,3809.07,4508.79,3809.07,331.5,107.7,14.35,,4.24,0.78,9.31,193.0,58.58,,0,none,27.9,36.0,1.6,12.0,1.14,10.17,11.18,19.74,7.96,14.36,9.52,18.37,38.79,6.5,0.15,highly inconsistent earnings,0.04,,1.98,,241.62,4.99,64.31,0.0,,2.43,0.2,11.51,-0.19,1248.0,700.0,29.3,26.1,2.96,-6.42,0.34,0.56,6,33.0,19.5,10.0,1.0,63.5,ACCUMULATE ⭐⭐⭐,Expected ~108% CAGR (2yr) | ROE 28% | ROCE 36% | ROCE trend rising ↑ | Nearly debt-free | Promoter 64% holding,Pattern still forming (not broken out),3-4 years,Medium-High,"yfinance, screener.in",100,129,,2026-06-01,2026-06-01,0,,1,
TBZ,Tribhovandas Bhimji Zaveri Limited,Consumer Cyclical,Luxury Goods,1104.0,Small-Cap,MonthlyDoubleBottom,Forming,1.0,31,Sep 31mo | Mid rally 223% | Asymmetry 2%,,Sideways-Above-MA,True,False,Constructive,True,Stage2,3,Uptrend,Uptrend,129.89,132.48,40.55,110.41,1745.22,2994.27,5137.28,2994.27,2205.2,380.1,7.66,55.72,1.59,0.11,5.13,136.0,31.04,,0,none,27.1,21.4,2.0,11.0,0.57,6.3,10.94,22.25,10.19,19.0,197.06,71.57,36.26,612.6,0.15,highly inconsistent earnings,1.06,,1.65,,-81.27,-7.36,74.12,0.0,,0.26,0.26,0.0,0.0,217.95,110.5,40.4,17.5,-22.28,36.7,0.34,0.48,6,26.0,22.5,14.0,1.0,63.5,ACCUMULATE ⭐⭐⭐,Expected ~380% CAGR (2yr) | Profit CAGR 72% | ROE 27% | ROCE 21% | ROCE trend rising ↑ | Promoter 74% holding,High D/E 1.1 | Pattern still forming (not broken out),3-4 years,Medium-High,"yfinance, screener.in",100,169,,2026-06-01,2026-06-01,0,,1,
TMB,Tamilnad Mercantile Bank Limited,Financial Services,Banks - Regional,10967.0,Mid-Cap,MonthlyStage2,Stage Change,1.0,24,10-EMA=591 | 30-EMA=511 | Above by 33.0% | MA turning=Yes,MonthlyDoubleBottom+MonthlyStage2,Uptrend,True,False,Tight-Above-MAs,True,Stage2,12,Uptrend,Uptrend,679.4,510.71,399.27,577.49,2291.62,2933.28,3754.6,2933.28,331.7,107.8,8.2,,1.12,0.29,,159.0,10.0,,0,none,13.99,,,54.29,,39.86,1.89,23.5,,,28.0,,,28.0,0.5,insufficient history,,,,,,,,,,6.19,1.24,1.91,-0.56,770.0,411.8,11.8,65.0,63.61,40.78,0.76,0.52,2,18.0,28.5,9.0,8.0,63.5,ACCUMULATE ⭐⭐⭐,Expected ~108% CAGR (2yr) | Revenue CAGR 24% | Profit CAGR 28% | OPM 54% | FII buying +1.2% ↑ | PEG 0.29 — deeply undervalued,None identified,3-4 years,Medium-High,"yfinance, screener.in",40,45,,2026-06-01,2026-06-01,0,,1,
PRUDENT,Prudent Corporate Advisory Services Limited,Financial Services,Asset Management,11263.0,Mid-Cap,MonthlyCupHandle,Forming,0.853,18,Cup 18mo | Depth 25% | Prior gain 127% | R²=0.96,,Uptrend,True,False,Constructive,True,Stage2,12,Uptrend,Uptrend,2726.2,3352.49,2515.37,2389.6,1436.2,4189.61,2201.18,1778.02,53.7,24.0,50.76,34.23,14.77,2.13,,9.0,35.72,3004.29,7,none,28.6,37.5,-1.49,24.0,-0.17,16.62,20.48,16.24,28.76,34.88,13.27,23.8,37.6,14.3,0.4,lumpy earner,0.04,,1.32,,,,55.31,0.0,,14.89,-1.43,23.58,1.45,3098.0,2121.0,12.0,28.5,8.16,155.22,0.55,0.48,3,36.0,23.24,1.0,3.0,63.2,ACCUMULATE ⭐⭐⭐,Expected ~24% CAGR (2yr) | Revenue CAGR 29% | Profit CAGR 24% | ROE 29% | ROCE 38% | Nearly debt-free,High PE 51 | Pattern still forming (not broken out),3-4 years,Medium-High,"yfinance, screener.in",90,49,,2026-06-01,2026-06-01,0,,1,
CAPLIPOINT,Caplin Point Laboratories Limited,Healthcare,Drug Manufacturers - Specialty & Generic,15389.0,Mid-Cap,MonthlyStage2,Breaking Out,1.0,24,10-EMA=1842 | 30-EMA=1715 | Above by 18.9% | MA turning=Yes,MonthlyDoubleBottom+MonthlyStage2,Sideways-Above-MA,True,True,Constructive,True,Stage2,4,Uptrend,Uptrend,2038.2,1714.55,1466.69,1732.47,4559.79,5467.65,6556.26,5467.65,168.3,63.8,24.1,18.93,4.38,1.21,19.06,40.0,-3.85,2505.0,2,strong_buy,20.6,24.6,-0.6,35.0,0.91,29.32,11.86,12.91,14.24,15.57,20.15,19.91,20.96,19.3,1.0,steady compounder (low CV),0.0,,6.7,,2.13,0.01,70.57,0.0,,6.15,-0.43,2.14,0.09,2395.0,1500.3,14.9,35.9,3.82,132.4,2.12,0.16,6,30.0,24.0,7.0,2.0,63.0,ACCUMULATE ⭐⭐⭐,Expected ~64% CAGR (2yr) | ROE 21% | ROCE 25% | Nearly debt-free | Promoter 71% holding | OPM 35%,None identified,3-4 years,Medium-High,"yfinance, screener.in",100,144,,2026-06-01,2026-06-01,0,,1,
GENUSPOWER,Genus Power Infrastructures Limited,Industrials,Electrical Equipment & Parts,8669.0,Mid-Cap,MonthlyDoubleBottom,Forming,1.0,23,Sep 23mo | Mid rally 136% | Asymmetry 2%,MonthlyDoubleBottom+MonthlyStage2,Sideways-Above-MA,True,False,Constructive,True,Stage2,4,Uptrend,Uptrend,309.35,482.57,202.74,262.95,2069.24,5655.24,15455.77,5655.24,1728.1,327.6,14.71,12.29,3.91,0.08,11.16,78.0,114.0,445.0,2,strong_buy,29.0,23.9,2.94,19.0,1.17,12.47,10.03,94.55,80.49,50.81,90.35,173.3,53.71,39.3,0.15,highly inconsistent earnings,1.04,,1.75,,-1130.65,-13.04,39.34,0.0,,18.89,0.15,3.34,0.13,430.0,206.36,28.1,49.9,-8.98,124.41,0.69,0.34,5,29.0,22.0,12.0,0.0,63.0,ACCUMULATE ⭐⭐⭐,Expected ~328% CAGR (2yr) | Revenue CAGR 80% | Profit CAGR 173% | ROE 29% | ROCE 24% | ROCE trend rising ↑,High D/E 1.0 | Pattern still forming (not broken out),3-4 years,Medium-High,"yfinance, screener.in",100,251,,2026-06-01,2026-06-01,0,,1,
KEI,KEI Industries Limited,Industrials,Electrical Equipment & Parts,50358.0,Large-Cap,MonthlyDoubleBottom,Forming,1.0,20,Sep 20mo | Mid rally 117% | Asymmetry 9%,,Uptrend,True,True,Tight-Above-MAs,True,Stage2,4,Uptrend,Uptrend,5082.4,5029.01,2215.84,4320.04,4142.24,7842.18,6409.23,5152.53,54.3,24.2,54.94,38.03,7.56,2.25,39.95,9.0,14.47,5244.25,24,buy,14.8,20.1,-0.37,10.0,-0.11,7.82,8.79,20.67,19.36,22.95,31.9,24.39,27.73,25.5,1.0,steady compounder (low CV),0.04,,2.96,,170.84,0.34,35.0,0.0,,27.27,1.78,25.83,-1.44,5476.3,3500.0,7.2,45.2,41.61,97.11,1.09,0.51,5,25.0,28.0,0.0,10.0,63.0,ACCUMULATE ⭐⭐⭐,Expected ~24% CAGR (2yr) | Revenue CAGR 19% | Profit CAGR 24% | ROCE 20% | Nearly debt-free | EPS: steady compounder (low CV),High PE 55 | Earnings due 2026-07-21 | Pattern still forming (not broken out),3-4 years,Medium-High,"yfinance, screener.in",100,243,2026-07-21,2026-06-01,2026-06-01,0,,1,
NILASPACES,Nila Spaces Limited,Real Estate,Real Estate - Development,496.0,Micro-Cap,MonthlyDoubleBottom,Forming,0.826,8,Sep 8mo | Mid rally 86% | Asymmetry 4%,,Downtrend,False,False,Below-MAs,False,Stage2,3,Uptrend,Uptrend,13.15,19.4,10.21,11.18,66.88,163.09,397.69,163.09,1140.2,252.2,17.26,,2.79,0.12,9.55,0.0,,,0,none,18.2,31.3,6.46,31.0,34.51,15.43,9.61,36.03,469.8,32.68,93.33,143.85,96.1,97.1,0.2,multiple loss years in history,0.46,,2.69,,-62.63,-12.62,61.9,0.0,,0.05,0.02,,,20.47,10.6,35.8,24.1,17.48,227.59,0.76,0.94,5,36.0,12.91,12.0,2.0,62.9,ACCUMULATE ⭐⭐⭐,Expected ~252% CAGR (2yr) | Revenue CAGR 470% | Profit CAGR 144% | ROCE 31% | ROCE trend rising ↑ | Promoter 62% holding,Pattern still forming (not broken out),3-4 years,Medium-High,"yfinance, screener.in",100,90,,2026-06-01,2026-06-01,0,,1,
COLPAL,Colgate-Palmolive (India) Limited,Consumer Defensive,Household & Personal Products,56026.0,Large-Cap,MonthlyDoubleBottom,Forming,0.511,17,Sep 17mo | Mid rally 59% | Asymmetry 8%,,Sideways,False,False,Below-MAs,False,Stage2,15,Uptrend,Uptrend,2188.3,1418.08,861.94,1860.06,4213.55,4529.55,8658.51,6040.12,107.0,43.9,42.19,35.01,35.37,0.97,29.21,233.0,9.35,2263.7,27,hold,158.0,179.0,31.8,22.0,1.4,21.96,33.52,15.43,14.93,,51.39,43.35,,-0.5,0.4,lumpy earner,0.03,,1.28,,1955.26,3.49,51.0,0.0,,13.6,-1.58,15.25,1.75,2504.0,1782.0,12.6,22.8,-0.66,13.65,0.37,0.56,6,40.0,12.63,9.0,1.0,62.6,ACCUMULATE ⭐⭐⭐,Expected ~44% CAGR (2yr) | Profit CAGR 43% | ROE 158% | ROCE 179% | ROCE trend rising ↑ | Nearly debt-free,Earnings due 2026-07-22 | Pattern still forming (not broken out),3-4 years,Medium-High,"yfinance, screener.in",100,287,2026-07-22,2026-06-01,2026-06-01,0,,1,
SYRMA,Syrma SGS Technology Limited,Technology,Electronic Components,20968.0,Mid-Cap,MonthlyDoubleBottom,Forming,0.717,6,Sep 6mo | Mid rally 73% | Asymmetry 2%,,Uptrend,True,True,Uptrend,True,Downtrend,0,Uptrend,Uptrend,984.15,645.9,369.32,836.53,723.4,1080.62,1441.46,1021.15,9.8,4.8,64.53,38.27,7.22,1.57,37.87,14.0,0.0,1169.83,24,buy,18.3,20.0,-1.2,11.0,-0.17,6.59,5.77,27.25,33.01,40.32,88.04,41.16,38.05,54.4,0.4,lumpy earner,0.13,,1.7,,7.27,0.03,42.28,-0.44,,6.6,0.13,16.59,0.7,1188.0,500.0,17.2,96.8,81.27,98.45,0.85,0.2,5,31.0,20.6,3.0,8.0,62.6,ACCUMULATE ⭐⭐⭐,Expected ~5% CAGR (2yr) | Revenue CAGR 33% | Profit CAGR 41% | Low D/E 0.13 | Piotroski F=5 (above average quality) | DII buying +0.7% ↑,High PE 65 | Pattern still forming (not broken out),3-4 years,Medium-High,"yfinance, screener.in",100,46,,2026-06-01,2026-06-01,0,,1,
AUROPHARMA,Aurobindo Pharma Limited,Healthcare,Drug Manufacturers - Specialty & Generic,82072.0,Large-Cap,MonthlyStage2,Stage Change,1.0,24,10-EMA=1286 | 30-EMA=1162 | Above by 30.2% | MA turning=Yes,MonthlyCupHandle+MonthlyDoubleBottom+MonthlyStage2,Uptrend,True,False,Uptrend,True,Stage2,4,Uptrend,Uptrend,1512.8,1161.6,1024.06,1285.88,3592.76,3235.11,5349.22,4383.89,113.8,46.2,23.64,16.11,2.19,1.07,11.71,28.0,-12.64,1511.93,29,buy,10.1,12.8,-0.49,20.0,0.17,10.41,5.86,6.08,10.63,6.32,0.55,22.02,-8.07,2.0,0.15,highly inconsistent earnings,0.21,,1.81,,1318.53,1.61,51.82,0.0,,15.24,1.29,25.82,-1.84,1550.0,1016.1,2.4,48.9,41.25,86.61,0.57,0.03,6,20.0,26.5,8.0,8.0,62.5,ACCUMULATE ⭐⭐⭐,Expected ~46% CAGR (2yr) | Profit CAGR 22% | Low D/E 0.21 | Promoter 52% holding | Piotroski F=6 (above average quality) | FII buying +1.3% ↑,Earnings due 2026-08-04,3-4 years,Medium-High,"yfinance, screener.in",100,365,2026-08-04,2026-06-01,2026-06-01,0,,1,
MARINE,Marine Electricals (India) Limited,Industrials,Electrical Equipment & Parts,3568.0,Small-Cap,MonthlyStage2,Stage Change,1.0,24,10-EMA=204 | 30-EMA=177 | Above by 25.4% | MA turning=Yes,MonthlyDoubleBottom+MonthlyStage2,Sideways-Above-MA,True,False,Constructive,True,Stage2,4,Uptrend,Uptrend,222.05,177.13,147.48,188.74,173.25,262.31,397.13,262.31,18.1,8.7,69.85,,8.6,1.36,39.1,12.0,9.0,,0,none,13.2,18.2,1.23,11.0,-0.03,6.27,,14.34,25.56,28.43,55.26,51.4,33.34,126.8,0.4,lumpy earner,0.13,,,,,,68.2,-0.34,,0.59,-0.06,0.34,0.22,282.48,150.86,21.4,47.2,11.64,330.72,0.63,1.06,2,31.0,22.5,3.0,6.0,62.5,ACCUMULATE ⭐⭐⭐,Expected ~9% CAGR (2yr) | Revenue CAGR 26% | Profit CAGR 51% | ROCE trend rising ↑ | Low D/E 0.13 | Promoter 68% holding,High PE 70,3-4 years,Medium-High,"yfinance, screener.in",80,92,,2026-06-01,2026-06-01,0,,1,
PARAS,Paras Defence and Space Technologies Limited,Industrials,Aerospace & Defense,6603.0,Small-Cap,MonthlyDoubleBottom,Forming,1.0,42,Sep 42mo | Mid rally 172% | Asymmetry 9%,MonthlyDoubleBottom+MonthlyStage2,Uptrend,True,False,Tight-Above-MAs,True,Stage2,4,Uptrend,Uptrend,763.1,1591.47,560.27,648.63,494.18,2622.67,903.57,668.23,243.7,85.4,75.17,49.36,9.83,2.13,54.0,6.0,,703.0,1,none,12.6,16.9,0.97,25.0,-1.17,18.49,7.12,30.68,29.04,27.24,45.9,35.22,40.95,74.3,0.15,highly inconsistent earnings,0.04,,3.23,,55.19,0.84,53.2,0.0,,5.06,0.14,1.24,-0.04,942.0,580.5,19.0,31.5,3.05,1.45,0.86,0.62,5,32.0,28.5,-1.0,3.0,62.5,ACCUMULATE ⭐⭐⭐,Expected ~85% CAGR (2yr) | Revenue CAGR 29% | Profit CAGR 35% | ROCE trend rising ↑ | Nearly debt-free | Promoter 53% holding,High PE 75 | Margin compression ↓ | Pattern still forming (not broken out),3-4 years,Medium-High,"yfinance, screener.in",100,56,,2026-06-01,2026-06-01,0,,1,
PGIL,Pearl Global Industries Limited,Consumer Cyclical,Apparel Manufacturing,7637.0,Small-Cap,MonthlyDoubleBottom,Forming,1.0,38,Sep 38mo | Mid rally 150% | Asymmetry 2%,MonthlyCupHandle+MonthlyDoubleBottom,Uptrend,True,False,Uptrend,True,Stage2,3,Uptrend,Uptrend,1604.5,124.1,49.29,1363.83,3205.66,3247.43,4681.01,3873.72,102.4,42.3,27.47,17.25,5.9,1.32,16.82,127.0,-8.92,2308.0,3,strong_buy,21.3,19.2,2.91,9.0,0.97,5.53,8.06,11.52,16.75,27.51,16.88,20.84,73.85,22.0,0.15,highly inconsistent earnings,0.66,,1.6,,-56.14,-0.74,61.16,-0.08,,6.48,0.21,18.8,2.03,1993.3,1178.1,19.5,36.2,14.98,390.0,0.9,-0.26,6,21.0,26.5,12.0,3.0,62.5,ACCUMULATE ⭐⭐⭐,Expected ~42% CAGR (2yr) | Revenue CAGR 17% | Profit CAGR 21% | ROE 21% | ROCE trend rising ↑ | Promoter 61% holding,Pattern still forming (not broken out),3-4 years,Medium-High,"yfinance, screener.in",100,232,,2026-06-01,2026-06-01,0,,1,
RATEGAIN,RateGain Travel Technologies Limited,Technology,Software - Application,8815.0,Mid-Cap,MonthlyStage2,Stage Change,1.0,24,10-EMA=592 | 30-EMA=580 | Above by 16.1% | MA turning=Yes,MonthlyDoubleBottom+MonthlyStage2,Sideways-Above-MA,True,True,Constructive,True,Downtrend,0,Uptrend,Uptrend,673.6,579.95,433.8,572.56,706.13,920.72,1420.42,1001.5,36.7,16.9,45.46,22.69,4.39,1.09,28.31,0.0,,799.56,9,buy,12.0,13.7,4.26,19.0,3.54,10.66,5.87,69.36,47.79,48.69,-7.18,41.83,77.53,27.7,0.15,highly inconsistent earnings,0.47,,1.41,,-11.97,-0.14,48.77,0.22,,5.35,0.38,20.86,0.24,766.7,417.6,12.1,61.3,54.68,38.13,0.39,0.77,5,25.0,21.5,6.0,10.0,62.5,ACCUMULATE ⭐⭐⭐,Expected ~17% CAGR (2yr) | Revenue CAGR 48% | Profit CAGR 42% | ROCE trend rising ↑ | Piotroski F=5 (above average quality) | PEG 1.09 — fair value,None identified,3-4 years,Medium-High,"yfinance, screener.in",100,54,,2026-06-01,2026-06-01,0,,1,
RMDRIP,R M DRIP & SPRINK SYS LTD,Industrials,Farm & Heavy Construction Machinery,768.0,Small-Cap,MonthlyDoubleBottom,Forming,1.0,32,Sep 32mo | Mid rally 292% | Asymmetry 1%,,Downtrend,False,False,Below-MAs,False,Stage2,4,Uptrend,Uptrend,19.02,3.67,0.74,16.17,44.32,60.54,82.69,60.54,218.3,78.4,21.11,,5.18,0.58,14.31,16.0,,,0,none,39.8,44.0,,30.0,9.5,19.02,,40.46,,,45.83,,,36.8,0.4,lumpy earner,0.41,,,,,,21.06,0.0,,3.85,1.35,0.1,-0.25,72.22,17.11,73.7,11.2,-38.07,672.71,0.19,0.9,2,37.0,16.5,9.0,0.0,62.5,ACCUMULATE ⭐⭐⭐,Expected ~78% CAGR (2yr) | Revenue CAGR 55% | Profit CAGR 37% | ROE 40% | ROCE 44% | OPM 30%,Pattern still forming (not broken out),3-4 years,Medium-High,"yfinance, screener.in",60,104,,2026-06-01,2026-06-01,0,,1,
SUNPHARMA,Sun Pharmaceutical Industries Limited,Healthcare,Drug Manufacturers - Specialty & Generic,431688.0,Large-Cap,MonthlyDoubleBottom,Forming,1.0,32,Sep 32mo | Mid rally 113% | Asymmetry 4%,,Uptrend,True,False,Tight-Above-MAs,True,Stage2,4,Uptrend,Uptrend,1882.3,1099.65,505.12,1599.95,2230.3,2295.59,2726.7,2466.04,22.0,10.4,37.59,27.77,5.55,3.56,24.53,92.0,-1.47,2039.91,34,buy,16.0,20.5,1.43,30.0,0.89,19.64,8.43,11.19,10.03,11.78,4.96,10.57,38.33,26.2,0.15,highly inconsistent earnings,0.06,,2.82,,4931.94,1.14,54.48,0.0,,15.94,-0.18,21.0,0.28,1916.6,1548.0,1.8,21.6,20.87,61.02,0.61,0.1,7,27.0,28.5,1.0,6.0,62.5,ACCUMULATE ⭐⭐⭐,Expected ~10% CAGR (2yr) | ROCE 20% | ROCE trend rising ↑ | Nearly debt-free | Promoter 54% holding | OPM 30%,Earnings due 2026-07-30 | Pattern still forming (not broken out),3-4 years,Medium-High,"yfinance, screener.in",100,365,2026-07-30,2026-06-01,2026-06-01,0,,1,
BAJAJCON,Bajaj Consumer Care Limited,Consumer Defensive,Household & Personal Products,7221.0,Small-Cap,MonthlyDoubleBottom,Forming,0.911,24,Sep 24mo | Mid rally 95% | Asymmetry 4%,,Uptrend,True,False,Tight-Above-MAs,True,Stage2,15,Uptrend,Uptrend,526.75,288.95,145.42,447.74,608.45,618.71,749.4,675.26,17.5,8.4,38.9,26.8,9.8,3.54,31.73,0.0,-33.06,533.88,8,strong_buy,25.3,30.6,-1.54,19.0,-1.57,16.33,13.92,20.73,6.63,4.79,52.0,10.98,-3.15,105.3,0.15,highly inconsistent earnings,0.02,,3.49,,136.45,1.89,42.97,0.0,,16.59,6.89,14.27,-1.48,581.0,168.25,9.3,213.1,159.22,158.96,0.68,0.81,4,22.0,27.43,3.0,10.0,62.4,ACCUMULATE ⭐⭐⭐,Expected ~8% CAGR (2yr) | ROE 25% | ROCE 31% | Nearly debt-free | Margin compressing ↓ ⚠️ | FII buying +6.9% ↑,Margin compression ↓ | Pattern still forming (not broken out),3-4 years,Medium-High,"yfinance, screener.in",100,190,,2026-06-01,2026-06-01,0,,1,
KILITCH,Kilitch Drugs (India) Limited,Healthcare,Drug Manufacturers - Specialty & Generic,638.0,Small-Cap,MonthlyDoubleBottom,Breakout Ready,1.0,31,Sep 31mo | Mid rally 222% | Asymmetry 10%,MonthlyDoubleBottom+MonthlyStage2,Sideways-Above-MA,True,True,Constructive,True,Stage2,4,Uptrend,Uptrend,174.37,118.3,34.98,148.21,695.56,1080.62,1678.85,1080.62,519.7,148.9,20.45,11.92,2.23,0.37,17.53,0.0,7.3,,0,none,12.5,14.4,2.51,16.0,1.83,12.81,5.35,18.69,18.84,28.15,20.0,55.36,49.63,34.6,0.75,consistent growth,0.32,,1.83,,-88.82,-13.93,63.77,0.0,,0.0,,,,250.0,117.25,30.3,48.7,-11.94,60.62,2.09,0.14,6,27.0,24.0,11.0,0.0,62.0,ACCUMULATE ⭐⭐⭐,Expected ~149% CAGR (2yr) | Revenue CAGR 19% | Profit CAGR 55% | ROCE trend rising ↑ | Promoter 64% holding | EPS: consistent growth,None identified,3-4 years,Medium-High,"yfinance, screener.in",100,189,,2026-06-01,2026-06-01,0,,1,
TERASOFT,Tera Software Limited,Technology,Information Technology Services,494.0,Micro-Cap,MonthlyDoubleBottom,Forming,1.0,10,Sep 10mo | Mid rally 194% | Asymmetry 1%,,Sideways,False,False,Constructive,True,Downtrend,0,Uptrend,Uptrend,317.8,59.31,20.1,270.13,1086.69,2203.16,4466.68,2203.16,593.3,163.3,19.92,,3.69,0.19,12.99,25.0,,,0,none,18.5,24.4,8.0,15.0,7.2,10.42,9.27,120.37,22.02,,177.78,102.74,,119.9,0.4,lumpy earner,0.27,,1.69,,-27.34,-5.54,47.53,0.0,,0.08,-0.06,,,598.0,252.4,46.9,25.9,15.85,530.35,0.4,0.28,5,30.0,18.0,12.0,2.0,62.0,ACCUMULATE ⭐⭐⭐,Expected ~163% CAGR (2yr) | Revenue CAGR 22% | Profit CAGR 103% | ROCE 24% | ROCE trend rising ↑ | Low D/E 0.27,Pattern still forming (not broken out),3-4 years,Medium-High,"yfinance, screener.in",100,114,,2026-06-01,2026-06-01,0,,1,
ARVSMART,Arvind SmartSpaces Limited,Real Estate,Real Estate - Development,2725.0,Small-Cap,MonthlyDoubleBottom,Forming,1.0,42,Sep 42mo | Mid rally 291% | Asymmetry 2%,MonthlyDoubleBottom+MonthlyStage2,Sideways-Above-MA,True,False,Below-MAs,False,Stage2,3,Uptrend,Uptrend,589.5,228.17,57.67,501.07,1156.35,1394.73,2755.59,1785.05,136.6,53.8,28.33,16.74,4.02,0.52,20.7,101.0,100.0,809.25,4,strong_buy,15.5,12.9,1.69,27.0,0.83,17.1,2.9,-20.9,30.12,30.5,-13.45,54.37,62.82,121.0,0.15,highly inconsistent earnings,0.65,,1.21,,-44.3,-1.63,53.83,4.0,,0.67,-0.16,8.6,-7.22,757.0,486.8,22.1,21.1,-4.13,52.43,0.18,0.23,4,30.0,21.5,9.0,1.0,61.5,ACCUMULATE ⭐⭐⭐,Expected ~54% CAGR (2yr) | Revenue CAGR 30% | Profit CAGR 54% | ROCE trend rising ↑ | Promoter 54% holding | Promoters buying ↑,Pattern still forming (not broken out),3-4 years,Medium-High,"yfinance, screener.in",100,130,,2026-06-01,2026-06-01,0,,1,
BEL,Bharat Electronics Limited,Industrials,Aerospace & Defense,300249.0,Large-Cap,MonthlyDoubleBottom,Forming,1.0,41,Sep 41mo | Mid rally 112% | Asymmetry 5%,,Downtrend,False,False,Below-MAs,False,Stage2,4,Uptrend,Uptrend,422.95,55.0,25.4,359.51,389.58,492.04,624.6,493.28,16.3,7.9,49.49,36.15,12.52,1.86,36.25,106.0,2.7,490.18,28,buy,27.6,36.5,2.46,29.0,1.51,21.96,10.97,16.16,15.9,14.37,13.88,26.62,23.62,4.6,0.75,consistent growth,0.0,,1.98,,-390.91,-0.13,51.14,0.0,,19.51,1.0,20.0,-0.47,473.45,361.2,10.7,17.1,8.45,222.37,0.35,0.3,6,39.0,16.5,3.0,3.0,61.5,ACCUMULATE ⭐⭐⭐,Expected ~8% CAGR (2yr) | Revenue CAGR 16% | Profit CAGR 27% | ROE 28% | ROCE 36% | ROCE trend rising ↑,Earnings due 2026-08-03 | Pattern still forming (not broken out),3-4 years,Medium-High,"yfinance, screener.in",100,287,2026-08-03,2026-06-01,2026-06-01,0,,1,
CAPACITE,Capacit'e Infraprojects Limited,Industrials,Engineering & Construction,1916.0,Small-Cap,MonthlyDoubleBottom,Forming,1.0,29,Sep 29mo | Mid rally 153% | Asymmetry 4%,,Downtrend,False,False,Below-MAs,False,Stage2,4,Uptrend,Uptrend,225.1,465.0,180.0,191.33,1026.55,916.47,1646.61,1300.12,307.1,101.8,10.0,6.72,1.05,0.38,4.92,0.0,0.0,341.0,3,strong_buy,10.6,15.6,2.09,16.0,0.06,7.25,5.88,11.62,13.39,24.41,-5.39,26.65,149.41,-11.1,0.15,highly inconsistent earnings,0.25,,1.65,,268.13,14.0,31.69,0.0,,14.96,0.87,7.82,-0.72,357.65,180.0,37.1,25.1,-25.12,-14.23,0.32,,7,28.0,16.5,17.0,0.0,61.5,ACCUMULATE ⭐⭐⭐,Expected ~102% CAGR (2yr) | Profit CAGR 27% | ROCE trend rising ↑ | Low D/E 0.25 | FCF yield 14.0% | Piotroski F=7 (high quality compounder),Pattern still forming (not broken out),3-4 years,Medium-High,"yfinance, screener.in",100,105,,2026-06-01,2026-06-01,0,,1,
NDRAUTO,NDR Auto Components Limited,Consumer Cyclical,Auto Parts,1909.0,Small-Cap,MonthlyStage2,Stage Change,1.0,24,10-EMA=790 | 30-EMA=689 | Above by 17.0% | MA turning=Yes,MonthlyCupHandle+MonthlyDoubleBottom+MonthlyStage2,Sideways,False,False,Below-MAs,True,Stage2,3,Uptrend,Uptrend,806.1,689.23,421.07,685.18,1713.38,2233.21,2910.77,2233.21,177.0,66.4,30.77,,5.32,1.01,21.42,50.0,63.86,,0,none,18.9,22.2,3.46,11.0,1.09,7.53,8.29,15.43,27.94,48.49,16.98,30.34,47.11,12.6,0.4,lumpy earner,0.17,,1.22,,-26.8,-1.4,73.13,0.0,,0.08,0.03,0.0,0.0,1220.0,605.05,33.9,33.2,-22.54,275.6,0.69,0.79,5,35.0,19.5,7.0,0.0,61.5,ACCUMULATE ⭐⭐⭐,Expected ~66% CAGR (2yr) | Revenue CAGR 28% | Profit CAGR 30% | ROCE 22% | ROCE trend rising ↑ | Low D/E 0.17,None identified,3-4 years,Medium-High,"yfinance, screener.in",100,71,,2026-06-01,2026-06-01,0,,1,
BLSE,BLS E-SERVICES LIMITED,Industrials,Specialty Business Services,2012.0,Small-Cap,MonthlyDoubleBottom,Forming,0.774,11,Sep 11mo | Mid rally 82% | Asymmetry 5%,,Uptrend,True,False,Constructive,True,Stage2,4,Uptrend,Uptrend,201.12,231.7,124.3,170.95,312.0,471.43,712.33,471.43,134.4,53.1,35.06,,3.87,0.69,22.51,68.0,-50.0,,0,none,11.4,17.0,-5.7,7.0,0.43,5.14,5.98,115.41,66.32,77.2,16.95,51.1,87.22,11.7,0.15,highly inconsistent earnings,0.01,,2.85,,39.32,1.95,69.81,0.92,,0.46,-0.53,0.01,-0.1,232.5,124.3,13.5,61.8,8.18,,0.31,0.04,6,29.0,21.29,6.0,5.0,61.3,ACCUMULATE ⭐⭐⭐,Expected ~53% CAGR (2yr) | Revenue CAGR 66% | Profit CAGR 51% | Nearly debt-free | Promoter 70% holding | Piotroski F=6 (above average quality),Pattern still forming (not broken out),3-4 years,Medium-High,"yfinance, screener.in",100,28,,2026-06-01,2026-06-01,0,,1,
COFORGE,Coforge Limited,Technology,Information Technology Services,61137.0,Large-Cap,MonthlyDoubleBottom,Forming,0.964,29,Sep 29mo | Mid rally 105% | Asymmetry 9%,MonthlyDoubleBottom+MonthlyStage2,Sideways,False,True,Below-MAs,True,Downtrend,0,Uptrend,Uptrend,1412.0,1984.96,924.97,1200.2,1940.48,3044.95,3422.19,2576.95,115.6,46.8,32.47,20.71,5.01,0.99,15.6,113.0,-35.92,1644.85,34,buy,20.6,23.5,-1.23,18.0,-0.11,9.48,10.8,36.11,26.96,28.6,86.43,32.8,30.22,134.4,0.15,highly inconsistent earnings,0.07,,1.61,,1715.94,2.81,,,,23.32,-7.34,44.42,-11.76,1994.0,1008.1,29.2,40.1,-18.68,31.66,1.59,0.16,5,32.0,18.07,11.0,0.0,61.1,ACCUMULATE ⭐⭐⭐,Expected ~47% CAGR (2yr) | Revenue CAGR 27% | Profit CAGR 33% | ROE 21% | ROCE 24% | Nearly debt-free,Earnings due 2026-07-23 | Pattern still forming (not broken out),3-4 years,Medium-High,"yfinance, screener.in",90,262,2026-07-23,2026-06-01,2026-06-01,0,,1,
ACE,Action Construction Equipment Limited,Industrials,Farm & Heavy Construction Machinery,10533.0,Mid-Cap,MonthlyDoubleBottom,Breakout Ready,0.497,9,Sep 9mo | Mid rally 59% | Asymmetry 9%,,Sideways,False,False,Below-MAs,True,Stage2,4,Uptrend,Uptrend,881.95,289.73,173.79,749.66,1674.8,2242.05,3001.44,2242.05,154.2,59.4,25.38,19.49,5.24,0.75,19.65,23.0,49.38,1247.0,2,strong_buy,22.9,31.7,3.66,15.0,1.34,12.65,9.83,-1.41,14.94,21.73,1.47,33.87,38.99,-6.5,0.4,lumpy earner,0.0,,1.33,,272.88,2.59,65.42,0.0,,9.58,-0.82,1.84,0.08,1277.0,745.1,30.9,18.4,-20.03,57.77,1.25,0.38,6,38.0,14.96,8.0,0.0,61.0,ACCUMULATE ⭐⭐⭐,Expected ~59% CAGR (2yr) | Profit CAGR 34% | ROE 23% | ROCE 32% | ROCE trend rising ↑ | Nearly debt-free,None identified,3-4 years,Medium-High,"yfinance, screener.in",100,237,,2026-06-01,2026-06-01,0,,1,
BHARTIARTL,Bharti Airtel Limited,Communication Services,Telecom Services,1114130.0,Large-Cap,MonthlyDoubleBottom,Forming,1.0,19,Sep 19mo | Mid rally 110% | Asymmetry 5%,,Downtrend,False,False,Below-MAs,False,Downtrend,0,Uptrend,Uptrend,1913.5,429.14,200.07,1626.47,1954.8,2561.37,3839.63,2739.66,33.9,15.7,41.16,21.92,7.17,1.03,10.59,87.0,74.72,2293.94,32,buy,21.9,18.5,1.77,57.0,1.74,12.65,7.85,21.96,14.88,15.96,-9.76,40.15,82.12,-33.5,0.15,highly inconsistent earnings,1.0,,0.52,,60950.84,5.47,48.87,0.0,,27.79,-0.96,20.53,0.99,2174.5,1740.5,12.0,9.9,3.46,98.73,0.88,0.04,6,34.0,15.0,10.0,2.0,61.0,ACCUMULATE ⭐⭐⭐,Expected ~16% CAGR (2yr) | Profit CAGR 40% | ROE 22% | ROCE trend rising ↑ | OPM 57% | FCF yield 5.5%,Earnings due 2026-08-05 | Pattern still forming (not broken out),3-4 years,Medium-High,"yfinance, screener.in",100,287,2026-08-05,2026-06-01,2026-06-01,0,,1,
ESABINDIA,ESAB India Limited,Industrials,Tools & Accessories,10022.0,Mid-Cap,MonthlyStage2,Breaking Out,1.0,24,10-EMA=5671 | 30-EMA=5194 | Above by 26.4% | MA turning=Yes,MonthlyDoubleBottom+MonthlyStage2,Uptrend,True,False,Tight-Above-MAs,True,Stage2,4,Uptrend,Uptrend,6563.5,5194.24,4424.98,5578.97,3380.29,5963.5,3380.29,3380.29,,,48.54,,24.05,,35.91,180.0,-32.14,,0,none,59.3,90.8,-17.0,24.0,1.5,13.65,24.04,18.95,,,25.58,,,-8.2,0.4,lumpy earner,0.01,,2.15,,92.6,0.92,73.72,0.0,,1.56,0.05,12.88,-0.05,7319.5,4710.0,10.3,39.4,36.94,49.57,1.75,,5,24.0,30.0,-1.0,8.0,61.0,ACCUMULATE ⭐⭐⭐,Declining profits (-8% CAGR) ⚠️ | ROE 59% | ROCE 91% | Nearly debt-free | Promoter 74% holding | Piotroski F=5 (above average quality),None identified,3-4 years,Medium-High,"yfinance, screener.in",80,287,,2026-06-01,2026-06-01,0,,1,
NGLFINE,NGL Fine-Chem Limited,Healthcare,Drug Manufacturers - General,1721.0,Small-Cap,MonthlyStage2,Breaking Out,1.0,24,10-EMA=1877 | 30-EMA=1746 | Above by 30.4% | MA turning=Yes,MonthlyDoubleBottom+MonthlyStage2,Uptrend,True,False,Uptrend,True,Stage2,4,Uptrend,Uptrend,2276.7,1746.05,1057.08,1935.19,4433.43,5935.92,7947.61,5935.92,160.7,61.5,35.72,,5.73,1.05,24.55,6.0,0.0,,0,none,15.7,17.0,-7.2,15.0,-3.23,9.61,6.78,36.14,21.69,14.19,128.57,33.89,-3.38,1536.6,0.15,highly inconsistent earnings,0.33,,1.84,,-71.4,-4.15,72.73,-0.01,,0.03,0.03,0.0,0.0,3005.0,980.0,24.2,132.3,114.41,-1.51,2.39,0.55,4,21.0,28.0,4.0,8.0,61.0,ACCUMULATE ⭐⭐⭐,Expected ~62% CAGR (2yr) | Revenue CAGR 22% | Profit CAGR 34% | Promoter 73% holding | Margin compressing ↓ ⚠️ | PEG 1.05 — fair value,Margin compression ↓,3-4 years,Medium-High,"yfinance, screener.in",100,47,,2026-06-01,2026-06-01,0,,1,
SRM,SRM CONTRACTORS LIMITED,Industrials,Engineering & Construction,1184.0,Small-Cap,None,,0.0,0,,,Sideways-Above-MA,True,True,Constructive,True,Stage2,4,Uptrend,Uptrend,485.85,,,412.97,2151.32,3874.52,6978.02,3874.52,697.5,182.4,14.64,,3.96,0.18,6.99,0.0,,,0,none,34.3,37.1,-0.2,16.0,1.17,10.82,13.52,94.32,50.66,45.01,101.82,80.1,69.22,126.5,0.4,lumpy earner,0.33,,1.59,,-70.78,-5.98,72.59,0.0,,0.43,0.38,1.11,-0.15,649.95,361.35,25.2,34.5,5.0,,,0.58,5,38.0,9.0,12.0,2.0,61.0,ACCUMULATE ⭐⭐⭐,Expected ~182% CAGR (2yr) | Revenue CAGR 51% | Profit CAGR 80% | ROE 34% | ROCE 37% | Promoter 73% holding,None identified,3-4 years,Medium-High,"yfinance, screener.in",100,26,,2026-06-01,2026-06-01,0,,1,
SENCO,Senco Gold Limited,Consumer Cyclical,Luxury Goods,5672.0,Small-Cap,MonthlyDoubleBottom,Forming,0.325,8,Sep 8mo | Mid rally 41% | Asymmetry 8%,,Sideways-Above-MA,True,False,Constructive,True,Stage2,3,Uptrend,Uptrend,335.05,403.94,276.0,284.79,3130.6,3074.01,7398.53,4812.68,817.5,202.9,9.87,14.0,2.69,0.18,8.1,51.0,14.47,466.0,6,buy,25.6,20.9,-0.29,11.0,0.37,6.81,9.39,33.22,27.4,25.95,261.01,53.73,56.57,151.3,0.15,highly inconsistent earnings,1.07,,1.54,,-224.74,-3.96,64.49,0.02,,7.6,-0.61,12.61,0.53,404.85,276.0,17.2,21.4,5.53,,1.0,0.44,4,30.0,12.9,15.0,3.0,60.9,ACCUMULATE ⭐⭐⭐,Expected ~203% CAGR (2yr) | Revenue CAGR 27% | Profit CAGR 54% | ROE 26% | ROCE 21% | Promoter 64% holding,High D/E 1.1 | Pattern still forming (not broken out),3-4 years,Medium-High,"yfinance, screener.in",100,35,,2026-06-01,2026-06-01,0,,1,
CARERATING,CARE Ratings Limited,Financial Services,Financial Data & Stock Exchanges,4863.0,Small-Cap,MonthlyDoubleBottom,Forming,0.925,14,Sep 14mo | Mid rally 93% | Asymmetry 1%,,Sideways-Above-MA,True,False,Constructive,False,Stage2,12,Uptrend,Uptrend,1756.1,708.57,364.76,1492.68,1690.52,2146.45,2725.35,2146.45,22.2,10.6,28.49,20.69,5.22,1.06,21.68,136.0,23.86,2130.0,1,strong_buy,19.7,26.3,1.54,42.0,0.97,36.18,11.09,17.66,19.24,13.78,24.29,26.97,13.84,24.0,0.15,highly inconsistent earnings,0.03,,5.75,,134.75,2.77,,,,23.25,0.25,31.38,0.08,1964.0,1392.7,10.6,26.1,6.78,141.27,0.88,0.39,7,35.0,20.6,3.0,2.0,60.6,ACCUMULATE ⭐⭐⭐,Expected ~11% CAGR (2yr) | Revenue CAGR 19% | Profit CAGR 27% | ROCE 26% | ROCE trend rising ↑ | Nearly debt-free,Pattern still forming (not broken out),3-4 years,Medium-High,"yfinance, screener.in",90,162,,2026-06-01,2026-06-01,0,,1,
AGI,AGI Greenpac Limited,Consumer Cyclical,Packaging & Containers,3817.0,Small-Cap,MonthlyDoubleBottom,Forming,1.0,34,Sep 34mo | Mid rally 177% | Asymmetry 3%,,Sideways,False,False,Below-MAs,True,Stage2,3,Uptrend,Uptrend,577.8,127.95,45.52,491.13,5369.42,9030.3,15187.15,9030.3,1462.9,295.3,10.86,9.25,1.59,0.16,6.54,119.0,11.87,,0,none,15.8,19.6,1.14,22.0,1.71,13.19,7.51,5.38,5.76,6.13,9.32,68.18,26.66,19.4,0.15,highly inconsistent earnings,0.1,,1.51,,12.41,0.33,60.39,0.16,,6.78,-0.46,2.03,-0.21,1009.0,465.0,42.7,24.3,-21.74,-20.92,0.52,-0.06,6,29.0,19.5,12.0,0.0,60.5,ACCUMULATE ⭐⭐⭐,Expected ~295% CAGR (2yr) | Profit CAGR 68% | ROCE trend rising ↑ | Low D/E 0.10 | Promoter 60% holding | Piotroski F=6 (above average quality),Pattern still forming (not broken out),3-4 years,Medium-High,"yfinance, screener.in",100,287,,2026-06-01,2026-06-01,0,,1,
CGPOWER,CG Power and Industrial Solutions Limited,Industrials,Electrical Equipment & Parts,144494.0,Large-Cap,MonthlyStage2,Stage Change,1.0,24,10-EMA=718 | 30-EMA=629 | Above by 30.4% | MA turning=Yes,MonthlyCupHandle+MonthlyDoubleBottom+MonthlyStage2,Uptrend,True,True,Uptrend,True,Stage2,4,Uptrend,Uptrend,819.4,628.57,570.2,696.49,213.28,686.94,246.83,229.44,,,118.99,66.91,18.13,15.7,88.26,14.0,-4.66,848.18,17,buy,20.8,27.0,1.89,13.0,1.37,9.71,8.9,25.32,21.21,33.18,23.23,7.58,-1.3,34.4,0.15,highly inconsistent earnings,0.01,,1.91,,-1576.18,-1.09,56.36,0.0,,12.03,0.01,18.01,0.49,944.1,525.5,13.2,55.9,27.83,94.95,0.86,0.41,6,26.0,26.5,0.0,8.0,60.5,ACCUMULATE ⭐⭐⭐,Revenue CAGR 21% | ROE 21% | ROCE 27% | ROCE trend rising ↑ | Nearly debt-free | Promoter 56% holding,High PE 119 | Earnings due 2026-07-23,3-4 years,Medium-High,"yfinance, screener.in",100,287,2026-07-23,2026-06-01,2026-06-01,0,,1,
MOLDTKPAC,Mold-Tek Packaging Limited,Consumer Cyclical,Packaging & Containers,2335.0,Small-Cap,MonthlyDoubleBottom,Forming,1.0,44,Sep 44mo | Mid rally 161% | Asymmetry 6%,MonthlyDoubleBottom+MonthlyStage2,Sideways-Above-MA,True,False,Constructive,True,Stage2,3,Uptrend,Uptrend,681.8,1088.22,406.02,579.53,1286.24,1770.42,2041.71,1620.53,159.7,61.1,32.05,20.48,3.38,1.23,14.74,57.0,-30.66,810.33,9,none,17.8,22.2,0.09,19.0,0.49,8.22,7.09,31.73,15.93,15.96,33.33,25.99,21.67,26.9,0.75,consistent growth,0.32,,1.49,,-63.1,-2.7,33.19,0.12,,9.69,-0.67,20.95,0.83,892.9,464.9,23.6,46.7,5.27,-54.6,3.4,0.43,5,26.0,22.5,10.0,2.0,60.5,ACCUMULATE ⭐⭐⭐,Expected ~61% CAGR (2yr) | Revenue CAGR 16% | Profit CAGR 26% | ROCE 22% | ROCE trend rising ↑ | EPS: consistent growth,Pattern still forming (not broken out),3-4 years,Medium-High,"yfinance, screener.in",100,136,,2026-06-01,2026-06-01,0,,1,
PREMEXPLN,Premier Explosives Limited,Basic Materials,Specialty Chemicals,3714.0,Small-Cap,MonthlyStage2,Stage Change,1.0,24,10-EMA=513 | 30-EMA=449 | Above by 16.8% | MA turning=Yes,MonthlyCupHandle+MonthlyDoubleBottom+MonthlyStage2,Sideways-Above-MA,True,False,Constructive,True,Stage2,1,Uptrend,Uptrend,524.75,449.18,333.32,446.04,246.27,565.04,864.03,461.28,7.7,3.8,86.21,,13.43,0.99,77.16,7.0,18.56,,0,none,20.2,24.0,4.6,10.0,1.37,11.52,,-6.95,24.31,20.61,58.62,87.31,33.13,-34.1,0.15,highly inconsistent earnings,0.1,,,,,,41.33,0.0,,1.18,0.27,9.17,-0.06,779.5,378.4,32.7,38.7,0.5,481.33,0.29,1.13,3,30.0,22.5,5.0,3.0,60.5,ACCUMULATE ⭐⭐⭐,Expected ~4% CAGR (2yr) | Revenue CAGR 24% | Profit CAGR 87% | ROE 20% | ROCE 24% | ROCE trend rising ↑,High PE 86,3-4 years,Medium-High,"yfinance, screener.in",80,120,,2026-06-01,2026-06-01,0,,1,
SHAKTIPUMP,Shakti Pumps (India) Limited,Industrials,Specialty Industrial Machinery,6475.0,Small-Cap,MonthlyDoubleBottom,Forming,1.0,40,Sep 40mo | Mid rally 662% | Asymmetry 0%,,Downtrend,False,False,Below-MAs,True,Stage2,4,Uptrend,Uptrend,502.6,125.85,16.51,427.21,1597.3,3525.25,7780.22,3525.25,601.4,164.8,25.0,16.35,3.98,0.21,14.91,19.0,44.23,640.0,1,buy,18.0,23.7,2.8,16.0,1.69,9.55,9.79,7.23,40.73,23.74,-36.76,120.7,27.69,-65.2,0.15,highly inconsistent earnings,0.3,,2.12,,-146.02,-2.25,50.36,0.02,,4.83,-0.51,4.97,-1.33,1049.0,456.35,52.1,10.1,-39.29,386.34,0.59,-0.06,6,33.0,16.5,11.0,0.0,60.5,ACCUMULATE ⭐⭐⭐,Expected ~165% CAGR (2yr) | Revenue CAGR 41% | Profit CAGR 121% | ROCE 24% | ROCE trend rising ↑ | Low D/E 0.30,Pattern still forming (not broken out),3-4 years,Medium-High,"yfinance, screener.in",100,176,,2026-06-01,2026-06-01,0,,1,
VIJAYA,Vijaya Diagnostic Centre Limited,Healthcare,Diagnostics & Research,13464.0,Mid-Cap,MonthlyStage2,Stage Change,1.0,24,10-EMA=1055 | 30-EMA=924 | Above by 40.7% | MA turning=Yes,,Uptrend,True,True,Tight-Above-MAs,True,Stage2,4,Uptrend,Uptrend,1300.1,924.15,746.56,1105.08,1020.07,1320.52,1638.28,1292.73,1.6,0.8,78.12,49.98,15.55,2.92,40.36,15.0,25.99,1362.2,10,none,19.7,21.3,-1.4,41.0,-0.77,21.25,11.02,19.53,21.04,16.64,20.14,26.73,15.27,38.4,0.15,highly inconsistent earnings,0.44,,2.6,,-1.45,-0.01,52.51,-0.09,,13.38,-1.72,29.93,1.33,1379.3,848.0,5.7,53.3,39.66,153.4,1.38,0.28,4,24.0,28.5,0.0,8.0,60.5,ACCUMULATE ⭐⭐⭐,Expected ~1% CAGR (2yr) | Revenue CAGR 21% | Profit CAGR 27% | ROCE 21% | Promoter 53% holding | OPM 41%,High PE 78 | Margin compression ↓,3-4 years,Medium-High,"yfinance, screener.in",100,57,,2026-06-01,2026-06-01,0,,1,
ASALCBR,Associated Alcohols & Breweries Limited,Consumer Defensive,Beverages - Wineries & Distilleries,1686.0,Small-Cap,MonthlyDoubleBottom,Forming,0.571,29,Sep 29mo | Mid rally 61% | Asymmetry 4%,,Sideways,False,False,Below-MAs,False,Stage2,15,Uptrend,Uptrend,803.1,647.81,396.25,682.63,8065.18,19741.94,48324.32,19741.94,2358.2,395.8,18.28,14.52,2.3,0.13,11.48,24.0,25.99,1070.0,1,strong_buy,14.6,18.0,4.3,14.0,1.74,8.68,9.41,-5.21,68.5,73.94,8.64,144.78,144.85,5.3,0.15,highly inconsistent earnings,0.1,,2.58,,-20.86,-1.24,62.35,1.13,,0.33,0.01,0.94,0.94,1277.0,660.65,37.1,21.6,-21.99,80.41,0.21,0.43,6,34.0,14.35,12.0,0.0,60.4,ACCUMULATE ⭐⭐⭐,Expected ~396% CAGR (2yr) | Revenue CAGR 68% | Profit CAGR 145% | ROCE trend rising ↑ | Nearly debt-free | Promoter 62% holding,Pattern still forming (not broken out),3-4 years,Medium-High,"yfinance, screener.in",100,76,,2026-06-01,2026-06-01,0,,1,
BORORENEW,Borosil Renewables Limited,Technology,Solar,7039.0,Small-Cap,MonthlyDoubleBottom,Forming,0.896,36,Sep 36mo | Mid rally 91% | Asymmetry 1%,MonthlyCupHandle+MonthlyDoubleBottom+MonthlyStage2,Sideways,False,False,Below-MAs,True,Downtrend,0,Uptrend,Uptrend,525.2,721.0,374.4,446.42,457.98,1067.6,864.1,629.08,103.3,42.6,52.93,,5.98,1.42,22.03,0.0,4.0,,0,none,26.1,25.3,0.91,28.0,0.8,-4.03,,5.42,20.42,19.71,245.98,37.36,34.36,,0.2,multiple loss years in history,0.23,,,,,,58.77,0.0,,4.27,0.26,2.33,-0.24,721.0,374.4,27.2,40.3,6.72,-19.28,1.01,0.07,3,38.0,17.25,4.0,1.0,60.2,ACCUMULATE ⭐⭐⭐,Expected ~43% CAGR (2yr) | Revenue CAGR 20% | Profit CAGR 37% | ROE 26% | ROCE 25% | ROCE trend rising ↑,High PE 53 | Pattern still forming (not broken out),3-4 years,Medium-High,"yfinance, screener.in",80,97,,2026-06-01,2026-06-01,0,,1,
TRENT,Trent Limited,Consumer Cyclical,Apparel Retail,150158.0,Large-Cap,MonthlyDoubleBottom,Forming,0.852,10,Sep 10mo | Mid rally 92% | Asymmetry 7%,,Sideways,False,False,Below-MAs,True,Stage2,3,Uptrend,Uptrend,4069.6,8337.78,4192.37,3982.75,4590.66,12483.19,12267.35,7504.34,206.7,75.1,86.95,56.49,21.5,1.37,54.92,14.0,43.28,4769.09,25,buy,27.9,27.8,6.26,18.0,2.31,8.57,13.71,17.15,34.54,50.58,12.19,63.47,74.62,25.8,0.15,highly inconsistent earnings,0.36,,1.26,,997.66,0.66,37.01,0.0,,15.59,-0.03,22.19,0.82,6261.0,3275.5,35.0,24.2,-27.05,107.96,0.38,0.38,6,39.0,16.22,5.0,0.0,60.2,ACCUMULATE ⭐⭐⭐,Expected ~75% CAGR (2yr) | Revenue CAGR 35% | Profit CAGR 63% | ROE 28% | ROCE 28% | ROCE trend rising ↑,High PE 87 | Earnings due 2026-04-22 | Pattern still forming (not broken out),3-4 years,Medium-High,"yfinance, screener.in",100,287,2026-04-22,2026-06-01,2026-06-01,0,,1,
3MINDIA,3M India Limited,Industrials,Conglomerates,36961.0,Large-Cap,MonthlyCupHandle,Forming,0.924,20,Cup 20mo | Depth 21% | Prior gain 23% | R²=0.97,MonthlyCupHandle+MonthlyDoubleBottom+MonthlyStage2,Sideways,False,False,Below-MAs,True,Stage2,4,Uptrend,Uptrend,31810.0,37436.67,29755.96,28268.16,21147.36,45117.38,36274.37,27696.7,41.8,19.1,70.92,43.55,21.0,2.29,37.01,49.0,-14.3,36726.0,1,buy,30.5,40.5,0.09,19.0,1.34,10.26,18.76,-0.07,7.86,6.98,4.8,30.97,13.67,203.1,0.15,highly inconsistent earnings,0.1,,2.18,,459.29,1.24,75.0,0.0,,3.52,0.02,8.34,-0.05,38030.0,28275.0,16.4,12.5,20.97,-0.75,0.22,0.3,6,37.0,18.09,-1.0,6.0,60.1,ACCUMULATE ⭐⭐⭐,Expected ~19% CAGR (2yr) | Profit CAGR 31% | ROE 30% | ROCE 40% | ROCE trend rising ↑ | Nearly debt-free,High PE 71 | Pattern still forming (not broken out),3-4 years,Medium-High,"yfinance, screener.in",100,287,,2026-06-01,2026-06-01,0,,1,
AMRUTANJAN,Amrutanjan Health Care Limited,Healthcare,Drug Manufacturers - Specialty & Generic,1615.0,Small-Cap,MonthlyDoubleBottom,Breakout Ready,1.0,15,Sep 15mo | Mid rally 127% | Asymmetry 8%,,Sideways,False,True,Below-MAs,True,Stage2,4,Uptrend,Uptrend,557.35,533.98,225.81,473.75,1256.59,1609.19,2060.73,1609.19,188.7,69.9,27.85,,4.36,0.99,21.13,100.0,-39.87,,0,none,20.0,31.4,3.43,18.0,0.97,11.53,8.3,12.03,10.55,11.87,40.0,28.06,16.0,6.7,0.15,highly inconsistent earnings,0.01,,2.31,,13.0,0.8,46.52,0.0,,2.17,-0.1,12.66,-0.34,790.95,486.0,29.5,14.7,-14.63,-46.05,1.52,0.41,7,31.0,21.0,8.0,0.0,60.0,ACCUMULATE ⭐⭐⭐,Expected ~70% CAGR (2yr) | Profit CAGR 28% | ROCE 31% | ROCE trend rising ↑ | Nearly debt-free | Piotroski F=7 (high quality compounder),None identified,3-4 years,Medium-High,"yfinance, screener.in",100,199,,2026-06-01,2026-06-01,0,,1,
COALINDIA,Coal India Limited,Energy,Thermal Coal,282191.0,Large-Cap,MonthlyCupHandle,Forming,0.83,21,Cup 21mo | Depth 23% | Prior gain 85% | R²=0.92,MonthlyCupHandle+MonthlyDoubleBottom,Uptrend,True,False,Tight-Above-MAs,True,Stage2,1,Uptrend,Uptrend,456.95,484.75,371.22,388.41,906.4,725.44,906.4,906.4,58.8,26.0,9.07,8.01,2.37,,5.85,480.0,-39.22,454.0,26,hold,28.5,35.3,-2.49,24.0,1.31,18.46,7.12,17.46,6.8,13.34,-11.99,-0.69,19.59,12.9,0.15,highly inconsistent earnings,0.12,,1.86,,7237.59,2.56,63.13,0.0,,8.38,0.16,22.76,0.23,491.25,368.65,7.0,24.0,32.22,119.11,0.76,0.0,5,22.0,25.96,4.0,8.0,60.0,ACCUMULATE ⭐⭐⭐,Expected ~26% CAGR (2yr) | Declining profits (-1% CAGR) ⚠️ | ROE 28% | ROCE 35% | Low D/E 0.12 | Promoter 63% holding,Earnings due 2026-04-27 | Pattern still forming (not broken out),3-4 years,Medium-High,"yfinance, screener.in",100,187,2026-04-27,2026-06-01,2026-06-01,0,,1,
LLOYDSENGG,Lloyds Engineering Works Limited,Industrials,Specialty Industrial Machinery,10491.0,Mid-Cap,MonthlyStage2,Breaking Out,1.0,24,10-EMA=56 | 30-EMA=58 | Above by 18.6% | MA turning=Yes,MonthlyDoubleBottom+MonthlyStage2,Sideways-Above-MA,True,True,Constructive,True,Stage2,4,Uptrend,Uptrend,68.44,57.7,37.73,58.17,105.98,225.21,478.56,225.21,229.1,81.4,49.4,,6.07,0.44,52.12,34.0,41.35,,0,none,16.4,17.1,,15.0,-1.0,14.59,6.21,53.78,,,88.57,,,156.5,0.5,insufficient history,0.07,,2.77,,-383.29,-3.65,41.92,0.0,,2.11,0.14,0.18,0.0,84.27,37.4,18.8,83.0,4.19,,1.72,1.13,3,26.0,24.0,7.0,3.0,60.0,ACCUMULATE ⭐⭐⭐,Expected ~81% CAGR (2yr) | Revenue CAGR 113% | Profit CAGR 112% | Nearly debt-free | Margin compressing ↓ ⚠️ | Dividend growing 41%/yr,Margin compression ↓,3-4 years,Medium-High,"yfinance, screener.in",80,32,,2026-06-01,2026-06-01,0,,1,
PIGL,Power & Instrumental (Gujarat) Limited,Industrials,Engineering & Construction,229.0,Micro-Cap,MonthlyDoubleBottom,Forming,1.0,18,Sep 18mo | Mid rally 153% | Asymmetry 4%,,Downtrend,False,False,Below-MAs,False,Stage2,4,Uptrend,Uptrend,103.97,92.78,35.99,88.37,351.57,533.79,810.46,533.79,413.4,126.6,16.16,,1.55,0.31,11.35,18.0,0.0,,0,none,14.5,19.8,4.0,10.0,0.8,6.25,,27.22,31.76,,16.67,51.83,,6.4,0.4,lumpy earner,0.21,,,,,,50.7,4.41,,0.01,0.01,0.75,0.75,189.7,93.0,45.2,11.8,-16.95,127.46,0.61,0.55,3,32.0,16.0,12.0,0.0,60.0,ACCUMULATE ⭐⭐⭐,Expected ~127% CAGR (2yr) | Revenue CAGR 32% | Profit CAGR 52% | ROCE trend rising ↑ | Low D/E 0.21 | Promoter 51% holding,Pattern still forming (not broken out),3-4 years,Medium-High,"yfinance, screener.in",80,97,,2026-06-01,2026-06-01,0,,1,
RAMCOSYS,Ramco Systems Limited,Technology,Software - Application,1710.0,Small-Cap,MonthlyDoubleBottom,Forming,1.0,22,Sep 22mo | Mid rally 109% | Asymmetry 9%,,Sideways,False,False,Below-MAs,True,Downtrend,0,Uptrend,Uptrend,394.35,572.4,262.65,335.2,438.92,882.15,802.18,593.37,123.7,49.6,40.81,20.78,5.24,1.16,12.16,0.0,,600.0,1,strong_buy,18.0,19.3,0.49,23.0,0.34,5.97,5.13,18.61,12.53,2.29,223.53,35.19,30.73,371.8,0.2,multiple loss years in history,0.12,,1.02,,56.51,3.3,55.69,2.66,,10.02,0.07,2.03,-3.75,682.35,342.1,42.2,15.3,4.04,31.41,0.23,0.64,6,33.0,18.0,8.0,1.0,60.0,ACCUMULATE ⭐⭐⭐,Expected ~50% CAGR (2yr) | Profit CAGR 35% | ROCE trend rising ↑ | Low D/E 0.12 | Promoter 56% holding | Promoters buying ↑,Pattern still forming (not broken out),3-4 years,Medium-High,"yfinance, screener.in",100,286,,2026-06-01,2026-06-01,0,,1,
WHEELS,Wheels India Limited,Consumer Cyclical,Auto Parts,3850.0,Small-Cap,MonthlyDoubleBottom,Breakout Ready,1.0,33,Sep 33mo | Mid rally 148% | Asymmetry 5%,,Uptrend,True,True,Tight-Above-MAs,True,Stage2,3,Uptrend,Uptrend,1564.2,1236.83,487.61,1329.57,5319.45,7754.69,11304.78,7754.69,395.8,122.7,24.82,42.27,3.7,0.54,,92.0,-8.73,,0,none,15.8,18.8,2.6,8.0,0.37,3.19,,15.2,5.61,17.76,41.07,45.78,27.44,-9.8,0.15,highly inconsistent earnings,,,,,,,58.31,0.0,,1.15,-0.03,9.64,-0.17,1744.0,705.85,10.3,121.6,102.58,76.02,3.16,,2,16.0,30.0,6.0,8.0,60.0,ACCUMULATE ⭐⭐⭐,Expected ~123% CAGR (2yr) | Profit CAGR 46% | ROCE trend rising ↑ | Promoter 58% holding | PEG 0.54 — undervalued | MonthlyDoubleBottom — Breakout Ready,None identified,3-4 years,Medium-High,"yfinance, screener.in",70,287,,2026-06-01,2026-06-01,0,,1,
ALEMBICLTD,Alembic Limited,Real Estate,Real Estate - Development,2250.0,Small-Cap,MonthlyDoubleBottom,Forming,1.0,33,Sep 33mo | Mid rally 6454% | Asymmetry 1%,,Sideways,False,False,Below-MAs,False,Stage2,3,Uptrend,Uptrend,89.84,168.13,2.55,76.36,513.05,607.46,719.23,607.46,576.2,160.0,7.09,1.76,0.89,0.39,23.93,274.0,10.06,725.0,1,hold,13.3,6.28,1.0,38.0,5.46,132.25,1.92,8.11,23.63,26.53,1.93,18.4,-1.56,-1.9,0.15,highly inconsistent earnings,0.0,,1.95,,22.95,1.02,70.88,0.0,,1.25,-0.04,0.05,0.0,125.54,70.46,28.4,27.5,-17.22,9.84,0.33,0.7,7,30.0,19.5,10.0,0.0,59.5,WATCH ⭐⭐,Expected ~160% CAGR (2yr) | Revenue CAGR 24% | ROCE trend rising ↑ | Nearly debt-free | Promoter 71% holding | OPM 38%,Pattern still forming (not broken out),3-4 years,Medium-High,"yfinance, screener.in",100,287,,2026-06-01,2026-06-01,0,,1,
BFUTILITIE,BF Utilities Limited,Industrials,Infrastructure Operations,2142.0,Small-Cap,MonthlyDoubleBottom,Forming,1.0,26,Sep 26mo | Mid rally 210% | Asymmetry 7%,,Sideways,False,True,Below-MAs,True,Stage2,4,Uptrend,Uptrend,524.7,2000.76,622.0,590.9,2143.12,3379.52,5066.13,3295.05,544.1,153.8,13.55,,10.63,0.25,,0.0,,,0,none,113.0,29.9,3.89,74.0,2.66,18.44,,-13.62,17.73,9.36,11.18,53.75,36.24,,0.15,highly inconsistent earnings,,,,,,,56.73,0.0,,1.57,0.0,0.05,-0.05,898.7,368.7,41.6,42.3,-26.1,20.59,0.19,0.38,3,31.0,19.5,9.0,0.0,59.5,WATCH ⭐⭐,Expected ~154% CAGR (2yr) | Revenue CAGR 18% | Profit CAGR 54% | ROE 113% | ROCE 30% | ROCE trend rising ↑,Pattern still forming (not broken out),3-4 years,Medium-High,"yfinance, screener.in",70,229,,2026-06-01,2026-06-01,0,,1,
IEX,Indian Energy Exchange Limited,Financial Services,Capital Markets,11411.0,Mid-Cap,MonthlyDoubleBottom,Forming,1.0,33,Sep 33mo | Mid rally 112% | Asymmetry 4%,MonthlyCupHandle+MonthlyDoubleBottom,Sideways,False,False,Below-MAs,True,Stage2,12,Uptrend,Uptrend,125.48,233.91,108.28,106.66,137.19,359.54,188.54,160.83,186.5,69.3,23.16,20.3,8.42,1.34,14.88,312.0,51.83,141.18,11,none,39.4,51.4,-1.26,84.0,0.71,65.99,16.95,14.71,15.38,14.14,14.92,17.23,19.18,10.8,0.15,highly inconsistent earnings,0.01,,2.0,,799.84,7.01,,,,14.16,2.74,30.26,-4.69,215.4,114.6,41.7,9.5,-25.76,-17.32,0.29,0.31,5,35.0,19.5,5.0,0.0,59.5,WATCH ⭐⭐,Expected ~69% CAGR (2yr) | Revenue CAGR 15% | ROE 39% | ROCE 51% | Nearly debt-free | OPM 84%,Earnings due 2026-04-23 | Pattern still forming (not broken out),3-4 years,Medium-High,"yfinance, screener.in",90,104,2026-04-23,2026-06-01,2026-06-01,0,,1,
MGEL,Mangalam Global Enterprise Limited,Consumer Defensive,Farm Products,494.0,Micro-Cap,MonthlyCupHandle,Forming,0.832,42,Cup 42mo | Depth 54% | Prior gain 28% | R²=0.96,,Sideways,False,False,Below-MAs,True,Stage2,15,Uptrend,Uptrend,12.75,19.37,8.82,10.84,106.81,161.57,244.41,161.57,1167.2,256.0,10.95,,2.19,0.21,11.21,7.0,-53.38,,0,none,16.2,16.8,2.09,2.0,0.23,1.34,5.38,48.36,33.45,28.66,95.65,51.27,55.18,140.7,0.15,highly inconsistent earnings,0.87,,1.37,,0.88,0.18,72.39,0.92,,0.18,0.01,0.0,0.0,18.4,9.53,30.7,33.8,-6.12,7.38,0.15,0.07,6,29.0,17.48,12.0,1.0,59.5,WATCH ⭐⭐,Expected ~256% CAGR (2yr) | Revenue CAGR 33% | Profit CAGR 51% | ROCE trend rising ↑ | Promoter 72% holding | Piotroski F=6 (above average quality),Pattern still forming (not broken out),3-4 years,Medium-High,"yfinance, screener.in",100,78,,2026-06-01,2026-06-01,0,,1,
NESTLEIND,Nestlé India Limited,Consumer Defensive,Packaged Foods,274110.0,Large-Cap,MonthlyStage2,Stage Change,1.0,24,10-EMA=1299 | 30-EMA=1204 | Above by 18.9% | MA turning=Yes,MonthlyDoubleBottom+MonthlyStage2,Uptrend,True,True,Tight-Above-MAs,True,Stage2,15,Uptrend,Uptrend,1431.4,1203.53,1067.84,1216.69,726.08,1339.22,804.62,764.34,,,78.1,60.01,53.15,14.82,51.49,84.0,-16.68,1472.92,36,none,74.3,85.4,-11.0,23.0,-0.0,15.11,22.69,14.62,6.58,,9.07,5.27,,27.2,0.15,highly inconsistent earnings,0.09,,0.96,,3850.97,1.4,62.76,0.0,,9.74,-0.07,12.4,0.3,1498.1,1084.7,4.5,32.0,24.68,5.63,0.77,0.49,3,25.0,28.5,0.0,6.0,59.5,WATCH ⭐⭐,ROE 74% | ROCE 85% | Nearly debt-free | Promoter 63% holding | MonthlyStage2 forming (24mo base) | Weekly uptrend,High PE 78 | Earnings due 2026-04-21,3-4 years,Medium-High,"yfinance, screener.in",100,286,2026-04-21,2026-06-01,2026-06-01,0,,1,
ONWARDTEC,Onward Technologies Limited,Technology,Information Technology Services,595.0,Small-Cap,MonthlyDoubleBottom,Forming,1.0,31,Sep 31mo | Mid rally 245% | Asymmetry 6%,,Sideways,False,False,Below-MAs,True,Downtrend,0,Uptrend,Uptrend,258.17,720.06,202.91,219.44,1014.8,1610.89,2557.12,1610.89,524.0,149.8,13.57,,2.34,0.23,7.28,189.0,18.56,,0,none,19.5,23.0,1.31,13.0,1.17,8.15,10.24,10.79,7.25,17.78,62.96,58.74,44.43,-8.3,0.15,highly inconsistent earnings,0.16,,3.66,,20.84,3.5,39.07,-0.02,,9.83,0.44,3.54,0.64,385.0,208.25,32.9,24.0,-16.99,-70.8,2.13,0.78,6,29.0,18.5,12.0,0.0,59.5,WATCH ⭐⭐,Expected ~150% CAGR (2yr) | Profit CAGR 59% | ROCE 23% | ROCE trend rising ↑ | Low D/E 0.16 | FCF yield 3.5%,Pattern still forming (not broken out),3-4 years,Medium-High,"yfinance, screener.in",100,287,,2026-06-01,2026-06-01,0,,1,
MEDPLUS,MedPlus Health Services Limited,Healthcare,Pharmaceutical Retailers,10750.0,Mid-Cap,MonthlyStage2,Stage Change,0.993,24,10-EMA=848 | 30-EMA=813 | Above by 14.9% | MA turning=Yes,MonthlyDoubleBottom+MonthlyStage2,Uptrend,True,False,Uptrend,True,Stage2,4,Uptrend,Uptrend,934.65,813.47,666.85,794.45,1640.07,2077.65,4403.6,2687.42,122.3,49.1,49.03,35.05,5.44,0.77,28.64,0.0,,1163.0,7,strong_buy,11.8,12.6,0.06,9.0,0.37,3.19,5.56,12.32,14.78,17.56,46.67,63.86,28.42,24.6,0.15,highly inconsistent earnings,0.72,,3.0,,271.58,2.53,40.22,-0.07,,15.53,-1.3,27.82,1.24,1022.2,732.0,8.6,27.7,10.78,-2.47,0.38,0.43,7,21.0,26.42,8.0,4.0,59.4,WATCH ⭐⭐,Expected ~49% CAGR (2yr) | Profit CAGR 64% | ROCE trend rising ↑ | Piotroski F=7 (high quality compounder) | DII buying +1.2% ↑ | PEG 0.77 — undervalued,None identified,3-4 years,Medium-High,"yfinance, screener.in",100,54,,2026-06-01,2026-06-01,0,,1,
HDFCAMC,HDFC Asset Management Company Limited,Financial Services,Asset Management,114635.0,Large-Cap,MonthlyDoubleBottom,Forming,0.521,6,Sep 6mo | Mid rally 59% | Asymmetry 7%,,Sideways-Above-MA,True,False,Below-MAs,True,Stage2,12,Uptrend,Uptrend,2653.6,1448.93,882.86,2255.56,1800.71,2580.35,2866.53,2271.96,,,40.16,30.47,12.41,1.53,30.16,202.0,28.92,3042.93,28,strong_buy,32.9,42.9,2.5,80.0,0.9,61.83,24.83,1.75,18.49,,16.18,26.17,,-2.5,0.75,consistent growth,,,1.69,,2392.47,2.09,52.37,-0.01,,24.45,0.46,14.42,-0.48,2967.25,2205.6,10.6,20.3,11.58,122.54,0.47,0.6,7,39.0,14.25,2.0,4.0,59.2,WATCH ⭐⭐,Revenue CAGR 18% | Profit CAGR 26% | ROE 33% | ROCE 43% | ROCE trend rising ↑ | Promoter 52% holding,Earnings due 2026-07-16 | Pattern still forming (not broken out),3-4 years,Medium-High,"yfinance, screener.in",90,94,2026-07-16,2026-06-01,2026-06-01,0,,1,
TORNTPHARM,Torrent Pharmaceuticals Limited,Healthcare,Drug Manufacturers - Specialty & Generic,149282.0,Large-Cap,MonthlyCupHandle,Forming,0.684,20,Cup 20mo | Depth 26% | Prior gain 68% | R²=0.93,MonthlyCupHandle+MonthlyDoubleBottom,Uptrend,True,True,Tight-Above-MAs,True,Stage2,4,Uptrend,Uptrend,4460.1,4457.0,3302.11,3791.09,3475.49,5611.89,4983.87,4161.9,25.8,12.2,68.96,46.46,17.68,3.49,37.56,86.0,19.98,4854.5,28,buy,27.6,15.4,0.49,33.0,0.57,15.47,7.25,21.4,13.27,11.8,11.88,19.75,11.3,-21.9,0.15,highly inconsistent earnings,0.85,,1.13,,2277.78,1.53,68.31,0.0,,16.18,0.05,8.96,-0.09,4712.9,3102.0,5.4,43.8,39.45,118.48,0.48,0.14,6,27.0,24.21,0.0,8.0,59.2,WATCH ⭐⭐,Expected ~12% CAGR (2yr) | ROE 28% | ROCE trend rising ↑ | Promoter 68% holding | OPM 33% | Piotroski F=6 (above average quality),High PE 69 | Earnings due 2026-07-27 | Pattern still forming (not broken out),3-4 years,Medium-High,"yfinance, screener.in",100,287,2026-07-27,2026-06-01,2026-06-01,0,,1,
AEROFLEX,Aeroflex Industries Limited,Industrials,Metal Fabrication,5312.0,Small-Cap,MonthlyStage2,Breaking Out,1.0,24,10-EMA=250 | 30-EMA=204 | Above by 86.8% | MA turning=Yes,MonthlyDoubleBottom+MonthlyStage2,Uptrend,True,False,Tight-Above-MAs,True,Stage2,4,Uptrend,Uptrend,381.8,204.39,156.39,324.53,180.88,252.39,274.23,222.71,,,93.57,60.82,11.64,4.05,51.58,7.0,20.0,410.0,1,none,14.1,18.8,-1.14,23.0,1.09,12.56,9.29,17.55,18.0,25.14,5.66,23.13,56.32,57.0,0.15,highly inconsistent earnings,0.02,,2.92,,-13.92,-0.26,65.47,-1.52,,1.49,0.5,3.8,0.25,458.7,158.0,16.8,141.6,87.16,,1.53,0.62,5,22.0,30.0,-1.0,8.0,59.0,WATCH ⭐⭐,Revenue CAGR 18% | Profit CAGR 23% | Nearly debt-free | Promoter 65% holding | Piotroski F=5 (above average quality) | Dividend growing 20%/yr,High PE 94,3-4 years,Medium-High,"yfinance, screener.in",100,34,,2026-06-01,2026-06-01,0,,1,
GLAND,Gland Pharma Limited,Healthcare,Drug Manufacturers - Specialty & Generic,37070.0,Large-Cap,MonthlyStage2,Breaking Out,1.0,24,10-EMA=1865 | 30-EMA=1824 | Above by 23.4% | MA turning=Yes,MonthlyDoubleBottom+MonthlyStage2,Uptrend,True,False,Tight-Above-MAs,True,Stage2,4,Uptrend,Uptrend,2251.1,1823.86,1387.08,1913.43,2717.42,2661.01,3261.82,2977.2,18.2,8.7,36.1,24.68,3.88,3.78,20.81,89.0,-10.0,2186.71,14,buy,10.7,15.1,-3.0,25.0,-2.91,15.97,6.35,14.51,21.06,13.18,46.92,9.56,0.59,96.6,0.15,highly inconsistent earnings,0.03,,4.68,,504.15,1.36,51.83,0.0,,7.29,-0.29,33.36,0.37,2396.0,1571.1,6.0,43.3,31.36,92.97,2.77,0.38,5,19.0,30.0,2.0,8.0,59.0,WATCH ⭐⭐,Expected ~9% CAGR (2yr) | Revenue CAGR 21% | Nearly debt-free | Promoter 52% holding | Margin compressing ↓ ⚠️ | Piotroski F=5 (above average quality),Margin compression ↓ | Earnings due 2026-08-05,3-4 years,Medium-High,"yfinance, screener.in",100,67,2026-08-05,2026-06-01,2026-06-01,0,,1,
KAPSTON,Kapston Services Limited,Industrials,Specialty Business Services,1064.0,Small-Cap,MonthlyDoubleBottom,Forming,0.622,14,Sep 14mo | Mid rally 72% | Asymmetry 9%,,Uptrend,True,False,Tight-Above-MAs,True,Stage2,4,Uptrend,Uptrend,325.05,65.23,36.33,276.29,482.19,791.28,1298.49,791.28,143.4,56.0,39.82,,10.45,0.62,31.7,0.0,,,0,none,27.4,14.9,2.0,5.0,0.5,3.34,,20.46,,,55.56,,,64.1,1.0,steady compounder (low CV),1.72,,,,,,72.87,0.0,,,,,,433.5,227.0,25.0,43.2,43.64,331.69,0.43,0.19,3,24.0,22.96,5.0,7.0,59.0,WATCH ⭐⭐,Expected ~56% CAGR (2yr) | Revenue CAGR 16% | Profit CAGR 64% | ROE 27% | ROCE trend rising ↑ | Promoter 73% holding,High D/E 1.7 | Pattern still forming (not broken out),3-4 years,Medium-High,"yfinance, screener.in",60,98,,2026-06-01,2026-06-01,0,,1,
MENONBE,Menon Bearings Limited,Consumer Cyclical,Auto Parts,814.0,Small-Cap,MonthlyStage2,Breaking Out,1.0,24,10-EMA=122 | 30-EMA=117 | Above by 27.2% | MA turning=Yes,MonthlyDoubleBottom+MonthlyStage2,Uptrend,True,True,Uptrend,True,Stage2,3,Uptrend,Uptrend,148.41,116.69,88.61,126.15,273.34,286.49,300.27,286.49,93.0,38.9,21.29,23.41,4.39,4.43,14.41,138.0,0.0,,0,none,22.2,25.5,3.1,20.0,0.03,13.02,12.25,20.99,10.31,54.87,52.0,4.81,106.99,29.3,0.15,highly inconsistent earnings,0.25,,2.51,,-17.23,-2.12,68.44,0.0,,0.21,-0.17,0.03,0.03,159.9,101.5,7.2,46.2,28.74,-9.07,2.75,0.1,6,21.0,28.0,4.0,6.0,59.0,WATCH ⭐⭐,Expected ~39% CAGR (2yr) | ROE 22% | ROCE 26% | ROCE trend rising ↑ | Low D/E 0.25 | Promoter 68% holding,None identified,3-4 years,Medium-High,"yfinance, screener.in",100,135,,2026-06-01,2026-06-01,0,,1,
HATSUN,Hatsun Agro Product Limited,Consumer Defensive,Packaged Foods,20028.0,Mid-Cap,MonthlyDoubleBottom,Forming,0.614,30,Sep 30mo | Mid rally 65% | Asymmetry 3%,,Downtrend,False,False,Below-MAs,False,Stage2,15,Uptrend,Uptrend,944.0,1384.31,825.48,802.4,6144.32,29965.85,146143.45,29965.85,3074.3,463.4,56.2,39.61,10.95,0.14,18.57,222.0,18.56,935.0,2,hold,16.7,12.9,1.0,12.0,1.9,3.58,8.13,10.62,103.56,,24.73,387.7,,2.5,0.15,highly inconsistent earnings,0.94,,0.52,,929.11,4.64,73.17,0.0,,3.13,-0.07,10.26,-0.02,1179.0,855.3,19.9,10.4,6.69,-18.87,0.15,-0.13,6,33.0,11.87,12.0,2.0,58.9,WATCH ⭐⭐,Expected ~463% CAGR (2yr) | Revenue CAGR 104% | Profit CAGR 388% | ROCE trend rising ↑ | Promoter 73% holding | FCF yield 4.6%,High PE 56 | Earnings due 2026-07-20 | Pattern still forming (not broken out),3-4 years,Medium-High,"yfinance, screener.in",100,144,2026-07-20,2026-06-01,2026-06-01,0,,1,
CHALET,CHALET HOTELS LIMITED,Consumer Cyclical,Lodging,0.0,Micro-Cap,MonthlyDoubleBottom,Forming,0.557,8,Sep 8mo | Mid rally 61% | Asymmetry 6%,MonthlyDoubleBottom+MonthlyStage2,Sideways,False,False,Below-MAs,True,Stage2,3,Uptrend,Uptrend,800.95,1051.29,633.35,680.81,2742.26,2900.95,6350.73,4173.17,262.2,90.3,26.67,24.95,4.64,0.51,16.18,25.0,,992.62,21,strong_buy,19.2,17.1,3.83,43.0,7.94,23.29,8.33,61.23,34.91,57.48,354.23,52.18,38.4,31.6,0.2,multiple loss years in history,0.64,,0.7,,383.46,,67.29,-0.04,,4.71,-0.37,24.57,0.58,1082.0,691.35,26.0,15.9,-5.55,63.78,0.44,-0.04,6,34.0,12.68,12.0,0.0,58.7,WATCH ⭐⭐,Expected ~90% CAGR (2yr) | Revenue CAGR 35% | Profit CAGR 52% | ROCE trend rising ↑ | Promoter 67% holding | OPM 43%,Pattern still forming (not broken out),3-4 years,Medium-High,"yfinance, screener.in",100,88,,2026-06-01,2026-06-01,0,,1,
CAMS,Computer Age Management Services Limited,Technology,Information Technology Services,19628.0,Mid-Cap,MonthlyStage2,Stage Change,0.758,24,10-EMA=730 | 30-EMA=700 | Above by 11.4% | MA turning=Yes,MonthlyDoubleBottom+MonthlyStage2,Uptrend,True,False,Constructive,True,Downtrend,0,Uptrend,Uptrend,779.35,699.75,615.56,662.45,749.57,884.31,1049.19,886.81,13.5,6.5,41.33,30.65,14.85,2.26,27.54,158.0,-24.4,880.56,18,buy,39.0,49.0,0.89,45.0,0.37,31.39,21.46,6.61,15.97,16.51,1.51,18.31,18.15,10.9,0.15,highly inconsistent earnings,0.05,,3.43,,386.33,1.97,0.0,0.0,,44.44,-0.21,22.06,0.06,875.0,611.4,10.9,27.5,-0.24,63.1,0.91,0.11,7,34.0,21.6,1.0,2.0,58.6,WATCH ⭐⭐,Expected ~6% CAGR (2yr) | Revenue CAGR 16% | ROE 39% | ROCE 49% | ROCE trend rising ↑ | Nearly debt-free,Earnings due 2026-07-30,3-4 years,Medium-High,"yfinance, screener.in",100,68,2026-07-30,2026-06-01,2026-06-01,0,,1,
JYOTHYLAB,Jyothy Labs Limited,Consumer Defensive,Household & Personal Products,7511.0,Small-Cap,MonthlyDoubleBottom,Breakout Ready,0.463,6,Sep 6mo | Mid rally 50% | Asymmetry 3%,,Downtrend,False,False,Below-MAs,False,Stage2,15,Uptrend,Uptrend,213.5,86.18,56.71,181.47,660.1,640.46,1159.23,874.76,200.0,73.2,21.97,18.43,5.22,0.68,15.92,171.0,11.87,289.0,11,none,19.0,24.6,2.4,18.0,0.57,11.32,9.83,3.26,9.04,10.72,0.27,32.52,17.82,-11.5,0.15,highly inconsistent earnings,0.03,,2.68,,267.48,3.56,62.89,0.0,,12.35,-0.42,14.62,-0.52,364.8,196.15,41.5,8.8,-30.24,-20.99,1.31,0.56,6,34.0,11.56,13.0,0.0,58.6,WATCH ⭐⭐,Expected ~73% CAGR (2yr) | Profit CAGR 33% | ROCE 25% | ROCE trend rising ↑ | Nearly debt-free | Promoter 63% holding,None identified,3-4 years,Medium-High,"yfinance, screener.in",100,222,,2026-06-01,2026-06-01,0,,1,
ADOR,Ador Welding Limited,Industrials,Specialty Industrial Machinery,1983.0,Small-Cap,MonthlyDoubleBottom,Forming,1.0,24,Sep 24mo | Mid rally 155% | Asymmetry 1%,MonthlyDoubleBottom+MonthlyStage2,Sideways-Above-MA,True,False,Constructive,True,Stage2,4,Uptrend,Uptrend,1055.2,320.97,125.09,896.92,1916.4,2340.7,2858.93,2340.7,121.8,48.9,24.21,15.28,3.58,1.09,14.47,224.0,16.96,1307.0,1,none,15.8,22.5,2.23,11.0,0.83,5.82,,1.51,19.92,16.73,36.67,22.14,26.82,73.4,0.15,highly inconsistent earnings,0.0,,,,,,53.76,0.02,,0.37,0.23,12.63,0.07,1260.0,848.0,16.3,24.4,12.73,-23.72,0.7,0.29,3,25.0,22.5,7.0,4.0,58.5,WATCH ⭐⭐,Expected ~49% CAGR (2yr) | Revenue CAGR 20% | Profit CAGR 22% | ROCE 22% | ROCE trend rising ↑ | Nearly debt-free,Pattern still forming (not broken out),3-4 years,Medium-High,"yfinance, screener.in",80,261,,2026-06-01,2026-06-01,0,,1,
ANANTRAJ,Anant Raj Limited,Real Estate,Real Estate - Development,18503.0,Mid-Cap,MonthlyDoubleBottom,Forming,1.0,33,Sep 33mo | Mid rally 367% | Asymmetry 4%,MonthlyDoubleBottom+MonthlyStage2,Sideways,False,False,Below-MAs,True,Stage2,3,Uptrend,Uptrend,482.45,61.14,12.85,410.08,827.3,1057.05,1992.72,1283.97,119.1,48.0,32.58,18.01,3.12,0.59,27.2,14.0,82.55,716.67,3,strong_buy,11.2,12.1,2.43,26.0,2.46,22.09,6.27,21.94,37.94,58.64,30.75,55.2,128.2,23.3,0.15,highly inconsistent earnings,0.12,,9.76,,-281.85,-1.52,57.41,0.0,,10.88,-0.26,4.83,-0.37,743.65,403.0,35.1,19.7,-7.28,150.5,0.52,0.39,5,30.0,19.5,9.0,0.0,58.5,WATCH ⭐⭐,Expected ~48% CAGR (2yr) | Revenue CAGR 38% | Profit CAGR 55% | ROCE trend rising ↑ | Low D/E 0.12 | Promoter 57% holding,Pattern still forming (not broken out),3-4 years,Medium-High,"yfinance, screener.in",100,237,,2026-06-01,2026-06-01,0,,1,
ARIES,Aries Agro Limited,Basic Materials,Agricultural Inputs,438.0,Micro-Cap,MonthlyDoubleBottom,Forming,1.0,38,Sep 38mo | Mid rally 244% | Asymmetry 6%,,Downtrend,False,False,Below-MAs,False,Stage2,1,Uptrend,Uptrend,356.4,269.12,76.07,302.94,1057.87,1459.33,2013.15,1459.33,309.5,102.4,10.04,,1.37,0.26,6.16,33.0,14.47,,0,none,14.8,22.8,0.97,12.0,-0.4,6.34,,21.06,16.85,14.6,27.27,37.95,21.29,48.8,0.15,highly inconsistent earnings,0.21,,,,,,52.66,0.0,,3.25,0.34,0.0,0.0,459.9,285.35,22.5,24.9,10.94,95.33,0.15,0.03,2,27.0,16.5,13.0,2.0,58.5,WATCH ⭐⭐,Expected ~102% CAGR (2yr) | Revenue CAGR 17% | Profit CAGR 38% | ROCE 23% | ROCE trend rising ↑ | Low D/E 0.21,Pattern still forming (not broken out),3-4 years,Medium-High,"yfinance, screener.in",80,221,,2026-06-01,2026-06-01,0,,1,
J&KBANK,Jammu and Kashmir Bank Limited,Financial Services,Banks - Regional,15456.0,Mid-Cap,MonthlyDoubleBottom,Forming,1.0,14,Sep 14mo | Mid rally 109% | Asymmetry 6%,MonthlyCupHandle+MonthlyDoubleBottom,Uptrend,True,False,Uptrend,True,Stage2,12,Uptrend,Uptrend,133.32,46.14,21.49,113.32,553.55,697.25,878.26,697.25,423.0,128.7,6.55,6.02,0.94,0.25,,153.0,64.5,198.0,1,none,15.4,5.84,,23.3,,34.68,1.32,4.86,12.02,10.15,13.35,25.96,40.7,,0.15,highly inconsistent earnings,,,,,,,59.4,0.0,,8.35,0.21,6.0,0.16,145.0,97.35,8.1,36.9,24.91,107.04,0.79,0.49,2,15.0,25.5,10.0,8.0,58.5,WATCH ⭐⭐,Expected ~129% CAGR (2yr) | Profit CAGR 26% | Promoter 59% holding | Dividend growing 64%/yr | PEG 0.25 — deeply undervalued | MonthlyDoubleBottom forming (14mo base),Pattern still forming (not broken out),3-4 years,Medium-High,"yfinance, screener.in",80,286,,2026-06-01,2026-06-01,0,,1,
MWL,MANGALAM WORLDWIDE LTD,Basic Materials,Steel,1124.0,Small-Cap,MonthlyDoubleBottom,Forming,0.377,6,Sep 6mo | Mid rally 43% | Asymmetry 5%,,Uptrend,True,True,Tight-Above-MAs,True,Stage2,1,Uptrend,Uptrend,370.2,183.78,125.07,314.67,501.22,704.57,990.42,704.57,90.3,38.0,22.43,,4.06,0.55,17.2,5.0,-41.52,,0,none,18.0,17.6,0.6,8.0,1.17,3.41,,13.96,23.33,31.95,66.67,40.57,75.54,74.5,0.15,highly inconsistent earnings,0.79,,,,,,66.5,0.0,,0.01,0.01,0.0,-0.36,388.0,150.0,4.6,146.8,134.83,166.38,0.9,0.55,3,24.0,19.52,5.0,10.0,58.5,WATCH ⭐⭐,Expected ~38% CAGR (2yr) | Revenue CAGR 23% | Profit CAGR 41% | ROCE trend rising ↑ | Promoter 66% holding | PEG 0.55 — undervalued,Pattern still forming (not broken out),3-4 years,Medium-High,"yfinance, screener.in",80,47,,2026-06-01,2026-06-01,0,,1,
OFSS,Oracle Financial Services Software Limited,Technology,Software - Infrastructure,86751.0,Large-Cap,MonthlyStage2,Stage Change,1.0,24,10-EMA=8185 | 30-EMA=7510 | Above by 28.4% | MA turning=Yes,MonthlyDoubleBottom+MonthlyStage2,Uptrend,True,False,Constructive,True,Downtrend,0,Uptrend,Uptrend,9646.0,7510.05,6543.54,8199.1,10527.31,11946.39,13556.76,11946.39,23.8,11.3,33.0,25.99,11.08,2.45,23.36,667.0,6.27,10695.0,2,none,32.6,45.3,1.71,45.0,-0.94,34.4,21.25,12.05,10.42,9.01,10.88,13.48,8.41,30.7,0.15,highly inconsistent earnings,0.0,,5.43,,2422.44,2.79,72.44,-0.02,,8.04,-0.32,9.12,0.3,10584.5,6234.5,8.9,54.7,19.57,154.91,0.84,0.45,6,30.0,24.5,0.0,4.0,58.5,WATCH ⭐⭐,Expected ~11% CAGR (2yr) | ROE 33% | ROCE 45% | ROCE trend rising ↑ | Nearly debt-free | Promoter 72% holding,Margin compression ↓ | Earnings due 2026-04-27,3-4 years,Medium-High,"yfinance, screener.in",100,288,2026-04-27,2026-06-01,2026-06-01,0,,1,
REMSONSIND,Remsons Industries Limited,Consumer Cyclical,Auto Parts,331.0,Micro-Cap,MonthlyDoubleBottom,Forming,1.0,15,Sep 15mo | Mid rally 598% | Asymmetry 8%,,Downtrend,False,False,Below-MAs,False,Stage2,3,Uptrend,Uptrend,99.14,25.13,3.46,84.27,405.23,559.02,771.17,559.02,463.9,137.5,18.22,,2.21,0.48,7.51,53.0,14.47,,0,none,13.5,15.5,0.5,11.0,1.31,3.81,6.88,24.4,14.43,15.72,23.53,37.95,39.33,14.7,0.75,consistent growth,0.63,,1.31,,20.8,6.29,65.53,-0.71,,2.33,-1.06,1.22,0.09,157.0,77.15,36.9,28.5,-20.31,92.99,0.44,,6,31.0,15.5,12.0,0.0,58.5,WATCH ⭐⭐,Expected ~138% CAGR (2yr) | Profit CAGR 38% | ROCE trend rising ↑ | Promoter 66% holding | FCF yield 6.3% | EPS: consistent growth,Pattern still forming (not broken out),3-4 years,Medium-High,"yfinance, screener.in",100,287,,2026-06-01,2026-06-01,0,,1,
UJJIVANSFB,Ujjivan Small Finance Bank Limited,Financial Services,Banks - Regional,10576.0,Mid-Cap,MonthlyDoubleBottom,Forming,1.0,36,Sep 36mo | Mid rally 122% | Asymmetry 2%,MonthlyCupHandle+MonthlyDoubleBottom,Sideways-Above-MA,True,False,Below-MAs,False,Stage2,12,Uptrend,Uptrend,54.13,47.27,21.13,46.01,252.01,534.52,2811.38,841.73,887.5,214.2,15.5,8.05,1.55,0.07,,,20.0,73.71,17,none,10.74,,,29.52,,16.57,1.32,44.4,,,234.0,,,238.2,0.5,insufficient history,,,,,,,0.0,0.0,,17.23,1.78,31.12,2.45,68.0,41.32,20.4,31.0,17.84,26.43,0.88,0.51,2,23.0,21.5,11.0,3.0,58.5,WATCH ⭐⭐,Expected ~214% CAGR (2yr) | Revenue CAGR 44% | Profit CAGR 234% | OPM 30% | FII buying +1.8% ↑ | DII buying +2.5% ↑,Pattern still forming (not broken out),3-4 years,Medium-High,"yfinance, screener.in",50,78,,2026-06-01,2026-06-01,0,,1,
ENDURANCE,Endurance Technologies Limited,Consumer Cyclical,Auto Parts,38297.0,Large-Cap,MonthlyDoubleBottom,Forming,0.899,40,Sep 40mo | Mid rally 90% | Asymmetry 0%,MonthlyDoubleBottom+MonthlyStage2,Sideways-Above-MA,True,True,Constructive,True,Stage2,3,Uptrend,Uptrend,2545.2,1957.99,1029.49,2163.42,3807.51,4028.14,6010.31,4783.76,58.3,25.8,40.16,27.19,6.12,1.57,19.2,42.0,16.96,2894.71,14,buy,15.4,18.3,0.49,13.0,-0.4,6.52,7.41,26.25,18.35,17.39,13.88,25.64,12.86,12.8,0.15,highly inconsistent earnings,0.19,,1.55,,153.57,0.4,75.0,0.0,,13.14,-0.58,9.77,0.57,3079.9,2142.8,17.4,18.8,-0.32,39.9,0.9,0.64,6,29.0,21.29,6.0,2.0,58.3,WATCH ⭐⭐,Expected ~26% CAGR (2yr) | Revenue CAGR 18% | Profit CAGR 26% | ROCE trend rising ↑ | Low D/E 0.19 | Promoter 75% holding,Pattern still forming (not broken out),3-4 years,Medium-High,"yfinance, screener.in",100,116,,2026-06-01,2026-06-01,0,,1,
PGHL,Procter & Gamble Health Limited,Healthcare,Drug Manufacturers - Specialty & Generic,10053.0,Mid-Cap,MonthlyStage2,Stage Change,0.318,24,10-EMA=5273 | 30-EMA=5097 | Above by 4.8% | MA turning=Yes,MonthlyDoubleBottom+MonthlyStage2,Sideways,False,False,Below-MAs,True,Stage2,4,Uptrend,Uptrend,5340.5,5097.17,4739.86,4539.43,14087.51,21779.28,33670.77,21779.28,307.8,101.9,30.77,31.94,16.22,0.56,21.63,256.0,18.98,,0,none,61.59,,,34.94,,23.22,33.1,19.1,,,54.6,,,54.6,0.5,insufficient history,0.02,,2.18,,292.48,2.91,51.82,0.0,,6.2,-0.77,13.67,-0.17,6739.0,4707.0,20.8,13.5,1.66,-9.61,0.6,0.15,5,36.0,11.32,8.0,3.0,58.3,WATCH ⭐⭐,Expected ~102% CAGR (2yr) | Revenue CAGR 19% | Profit CAGR 55% | ROE 62% | Nearly debt-free | Promoter 52% holding,None identified,3-4 years,Medium-High,"yfinance, screener.in",70,287,,2026-06-01,2026-06-01,0,,1,
VARROC,Varroc Engineering Limited,Consumer Cyclical,Auto Parts,8639.0,Mid-Cap,MonthlyDoubleBottom,Forming,0.892,17,Sep 17mo | Mid rally 98% | Asymmetry 9%,MonthlyDoubleBottom+MonthlyStage2,Sideways,False,False,Below-MAs,True,Stage2,3,Uptrend,Uptrend,560.4,492.96,239.02,476.34,3728.94,9758.84,67296.86,15841.26,1641.4,317.3,38.31,16.97,5.13,0.12,11.18,27.0,30.0,635.2,5,buy,15.2,19.0,3.83,9.0,0.54,2.53,6.61,9.03,8.86,15.24,228.57,324.82,-12.6,236.9,0.2,multiple loss years in history,0.51,,0.88,,296.92,3.44,75.0,0.0,,4.45,0.09,11.35,-1.05,694.7,462.0,19.3,21.3,6.34,43.51,0.27,0.32,5,26.0,17.2,13.0,2.0,58.2,WATCH ⭐⭐,Expected ~317% CAGR (2yr) | Profit CAGR 325% | ROCE trend rising ↑ | Promoter 75% holding | FCF yield 3.4% | Piotroski F=5 (above average quality),Pattern still forming (not broken out),3-4 years,Medium-High,"yfinance, screener.in",100,95,,2026-06-01,2026-06-01,0,,1,
MARKSANS,Marksans Pharma Limited,Healthcare,Drug Manufacturers - General,11156.0,Mid-Cap,MonthlyStage2,Breaking Out,1.0,24,10-EMA=190 | 30-EMA=185 | Above by 17.4% | MA turning=Yes,MonthlyDoubleBottom+MonthlyStage2,Uptrend,True,True,Constructive,True,Stage2,4,Uptrend,Uptrend,217.3,185.07,156.89,184.71,411.23,394.08,559.0,479.46,81.4,34.7,26.67,18.24,4.15,1.61,17.54,32.0,47.36,266.0,3,strong_buy,15.2,18.8,-3.0,20.0,-0.37,14.16,8.84,12.5,16.8,16.49,9.66,16.59,11.94,63.6,0.15,highly inconsistent earnings,0.11,,5.17,,70.35,0.63,43.87,0.0,,16.76,8.63,6.57,0.66,270.7,155.0,19.7,40.2,-9.17,117.86,1.56,0.98,5,22.0,27.0,7.0,2.0,58.0,WATCH ⭐⭐,Expected ~35% CAGR (2yr) | Revenue CAGR 17% | Low D/E 0.11 | Piotroski F=5 (above average quality) | FII buying +8.6% ↑ | DII buying +0.7% ↑,None identified,3-4 years,Medium-High,"yfinance, screener.in",100,287,,2026-06-01,2026-06-01,0,,1,
SANSERA,Sansera Engineering Limited,Consumer Cyclical,Auto Parts,17833.0,Mid-Cap,MonthlyDoubleBottom,Forming,0.794,13,Sep 13mo | Mid rally 88% | Asymmetry 8%,,Uptrend,True,True,Uptrend,True,Stage2,3,Uptrend,Uptrend,2396.5,1751.11,896.77,2037.02,2831.74,3370.4,4804.07,3688.34,40.6,18.6,55.25,34.2,6.17,1.83,28.5,11.0,17.57,2893.5,10,buy,11.5,14.1,0.11,18.0,0.03,9.27,6.47,15.94,14.37,17.69,50.69,30.25,24.35,104.8,0.4,lumpy earner,0.19,,1.75,,-211.33,-1.19,30.1,-0.07,,18.79,-0.57,35.38,-0.92,2992.2,1216.3,19.9,97.0,81.52,154.09,0.54,0.76,6,21.0,23.03,4.0,10.0,58.0,WATCH ⭐⭐,Expected ~19% CAGR (2yr) | Profit CAGR 30% | ROCE trend rising ↑ | Low D/E 0.19 | Piotroski F=6 (above average quality) | Dividend growing 18%/yr,High PE 55 | Pattern still forming (not broken out),3-4 years,Medium-High,"yfinance, screener.in",100,57,,2026-06-01,2026-06-01,0,,1,
ASKAUTOLTD,ASK AUTOMOTIVE LIMITED,Consumer Cyclical,Auto Parts,8989.0,Mid-Cap,MonthlyDoubleBottom,Forming,0.511,17,Sep 17mo | Mid rally 53% | Asymmetry 2%,MonthlyDoubleBottom+MonthlyStage2,Sideways,False,False,Below-MAs,True,Stage2,3,Uptrend,Uptrend,455.8,578.5,375.3,387.43,1054.0,1075.34,1897.08,1414.05,135.9,53.6,30.22,22.2,6.85,0.88,18.18,41.0,50.0,567.29,7,strong_buy,25.3,25.5,1.71,13.0,0.51,7.12,11.63,15.97,17.79,22.02,19.76,34.16,22.88,24.2,0.15,highly inconsistent earnings,0.52,,1.04,,-311.06,-3.46,74.95,0.0,,9.29,-0.43,10.25,1.12,578.5,375.3,21.2,21.4,-7.04,,0.39,-0.23,5,33.0,12.63,11.0,1.0,57.6,WATCH ⭐⭐,Expected ~54% CAGR (2yr) | Revenue CAGR 18% | Profit CAGR 34% | ROE 25% | ROCE 26% | ROCE trend rising ↑,Pattern still forming (not broken out),3-4 years,Medium-High,"yfinance, screener.in",100,31,,2026-06-01,2026-06-01,0,,1,
GPTHEALTH,GPT Healthcare Limited,Healthcare,Medical Care Facilities,1168.0,Small-Cap,MonthlyDoubleBottom,Forming,0.633,9,Sep 9mo | Mid rally 64% | Asymmetry 1%,,Sideways-Above-MA,True,False,Constructive,True,Stage2,4,Uptrend,Uptrend,142.84,203.87,124.04,121.41,245.81,283.7,317.78,279.49,98.6,40.9,27.65,14.24,4.61,2.02,14.36,211.0,-28.57,136.0,1,none,28.5,23.6,10.0,22.0,2.5,8.94,8.41,38.68,,,100.0,,,13.0,1.0,steady compounder (low CV),0.34,,1.12,,19.64,1.68,65.57,0.0,,2.81,0.08,6.84,0.64,185.0,115.0,22.8,24.2,7.57,,0.39,0.49,6,35.0,16.6,4.0,2.0,57.6,WATCH ⭐⭐,Expected ~41% CAGR (2yr) | Revenue CAGR 25% | ROE 28% | ROCE 24% | ROCE trend rising ↑ | Promoter 66% holding,Pattern still forming (not broken out),3-4 years,Medium-High,"yfinance, screener.in",80,28,,2026-06-01,2026-06-01,0,,1,
AJMERA,Ajmera Realty & Infra India Limited,Real Estate,Real Estate - Development,2342.0,Small-Cap,MonthlyDoubleBottom,Forming,1.0,37,Sep 37mo | Mid rally 808% | Asymmetry 10%,,Downtrend,False,False,Below-MAs,False,Stage2,3,Uptrend,Uptrend,120.06,143.26,15.06,102.05,358.91,465.4,603.48,465.4,287.6,96.9,15.62,4.89,1.67,0.53,10.23,76.0,25.99,,0,none,11.5,14.3,1.69,27.0,0.46,13.74,7.58,47.7,36.24,25.72,24.6,29.67,38.33,120.0,0.75,consistent growth,0.47,,6.28,,-116.82,-4.99,68.23,0.0,,0.78,0.25,1.13,-0.08,221.4,98.03,45.8,22.5,-27.27,39.59,0.65,0.56,6,31.0,16.5,10.0,0.0,57.5,WATCH ⭐⭐,Expected ~97% CAGR (2yr) | Revenue CAGR 36% | Profit CAGR 30% | ROCE trend rising ↑ | Promoter 68% holding | OPM 27%,Pattern still forming (not broken out),3-4 years,Medium-High,"yfinance, screener.in",100,237,,2026-06-01,2026-06-01,0,,1,
BHARATFORG,Bharat Forge Limited,Consumer Cyclical,Auto Parts,93572.0,Large-Cap,MonthlyStage2,Stage Change,1.0,24,10-EMA=1607 | 30-EMA=1361 | Above by 36.4% | MA turning=Yes,MonthlyCupHandle+MonthlyDoubleBottom+MonthlyStage2,Uptrend,True,False,Tight-Above-MAs,True,Stage2,3,Uptrend,Uptrend,1857.3,1361.39,1008.31,1578.7,1362.55,1789.29,2265.31,1756.87,,,86.95,40.14,9.78,3.0,33.75,41.0,-28.62,1837.91,23,none,12.5,13.1,1.66,17.0,0.57,6.42,5.77,11.17,9.2,21.55,19.28,28.94,25.56,-17.5,0.15,highly inconsistent earnings,0.77,,1.17,,723.22,0.77,44.07,0.0,,14.15,1.75,32.62,-1.46,2044.0,1100.5,9.1,68.8,50.25,103.5,0.83,0.56,5,19.0,28.5,0.0,10.0,57.5,WATCH ⭐⭐,Profit CAGR 29% | ROCE trend rising ↑ | Piotroski F=5 (above average quality) | FII buying +1.8% ↑ | MonthlyStage2 forming (24mo base) | Weekly uptrend,High PE 87 | Earnings due 2026-08-05,3-4 years,Medium-High,"yfinance, screener.in",100,365,2026-08-05,2026-06-01,2026-06-01,0,,1,
LUMAXIND,Lumax Industries Limited,Consumer Cyclical,Auto Parts,5248.0,Small-Cap,MonthlyDoubleBottom,Forming,1.0,33,Sep 33mo | Mid rally 107% | Asymmetry 0%,,Uptrend,True,False,Uptrend,True,Stage2,3,Uptrend,Uptrend,5257.5,1697.5,819.49,4468.88,9095.22,10790.56,12801.93,10790.56,105.2,43.3,30.39,17.1,6.43,1.63,19.98,59.0,37.38,6889.5,2,none,22.0,17.7,1.8,10.0,0.43,4.15,,23.06,21.72,24.02,22.86,18.64,57.05,39.0,0.15,highly inconsistent earnings,1.21,,,,,,75.0,0.0,,1.63,0.25,6.07,0.36,6934.5,2908.0,24.2,80.8,53.85,133.65,0.37,0.83,3,19.0,26.5,5.0,7.0,57.5,WATCH ⭐⭐,Expected ~43% CAGR (2yr) | Revenue CAGR 22% | ROE 22% | ROCE trend rising ↑ | Promoter 75% holding | Dividend growing 37%/yr,High D/E 1.2 | Pattern still forming (not broken out),3-4 years,Medium-High,"yfinance, screener.in",80,287,,2026-06-01,2026-06-01,0,,1,
TAJGVK,TAJGVK Hotels & Resorts Limited,Consumer Cyclical,Lodging,2171.0,Small-Cap,MonthlyDoubleBottom,Forming,1.0,42,Sep 42mo | Mid rally 115% | Asymmetry 0%,,Sideways,False,False,Below-MAs,True,Stage2,3,Uptrend,Uptrend,308.65,126.81,58.83,262.35,1745.83,2862.63,4693.85,2862.63,827.5,204.5,17.39,119.41,3.15,0.27,13.93,62.0,60.0,,0,none,18.4,13.2,3.4,30.0,5.29,26.13,,12.89,9.78,40.14,250.43,63.97,71.05,-10.2,0.15,highly inconsistent earnings,0.12,,,,,,71.0,0.0,,0.32,-0.6,4.02,-0.01,512.65,281.35,39.8,9.7,-16.56,9.74,0.19,0.25,2,26.0,19.5,12.0,0.0,57.5,WATCH ⭐⭐,Expected ~204% CAGR (2yr) | Profit CAGR 64% | ROCE trend rising ↑ | Low D/E 0.12 | Promoter 71% holding | OPM 30%,Pattern still forming (not broken out),3-4 years,Medium-High,"yfinance, screener.in",80,286,,2026-06-01,2026-06-01,0,,1,
ADVENZYMES,Advanced Enzyme Technologies Limited,Basic Materials,Specialty Chemicals,4076.0,Small-Cap,MonthlyStage2,Breaking Out,1.0,24,10-EMA=325 | 30-EMA=325 | Above by 18.8% | MA turning=Yes,MonthlyDoubleBottom+MonthlyStage2,Uptrend,True,True,Tight-Above-MAs,True,Stage2,1,Uptrend,Uptrend,386.3,325.06,255.3,328.36,410.09,486.82,577.9,486.82,26.0,12.3,24.15,19.78,2.5,1.29,13.1,143.0,73.25,370.0,1,none,10.5,13.9,-1.31,31.0,-2.63,21.61,8.09,17.11,11.3,8.24,29.85,18.71,2.88,62.2,0.15,highly inconsistent earnings,0.02,,9.78,,77.79,1.91,43.26,0.22,,25.5,-0.35,5.41,-0.1,419.0,251.95,7.8,53.3,28.02,19.94,1.69,,5,17.0,30.0,4.0,6.0,57.0,WATCH ⭐⭐,Expected ~12% CAGR (2yr) | Nearly debt-free | OPM 31% | Margin compressing ↓ ⚠️ | Piotroski F=5 (above average quality) | Dividend growing 73%/yr,Margin compression ↓,3-4 years,Medium-High,"yfinance, screener.in",100,118,,2026-06-01,2026-06-01,0,,1,
ANANDRATHI,Anand Rathi Wealth Limited,Financial Services,Asset Management,28648.0,Mid-Cap,None,,0.0,0,,,Sideways-Above-MA,True,False,Uptrend,True,Stage2,12,Uptrend,Uptrend,3566.7,,,3031.69,1402.88,1864.85,2478.95,1864.85,,,73.0,48.7,28.7,2.22,50.08,41.0,5.27,3190.0,2,none,47.3,59.2,5.6,47.0,2.86,31.59,30.11,27.86,30.87,35.63,31.89,32.93,54.57,40.5,0.15,highly inconsistent earnings,0.08,,3.83,,390.1,1.36,43.11,0.0,,5.78,-0.88,9.1,-0.35,3735.0,1895.3,4.5,88.2,73.23,712.78,,0.43,6,40.0,10.0,-1.0,8.0,57.0,WATCH ⭐⭐,Revenue CAGR 31% | Profit CAGR 33% | ROE 47% | ROCE 59% | ROCE trend rising ↑ | Nearly debt-free,High PE 73,3-4 years,Medium-High,"yfinance, screener.in",100,54,,2026-06-01,2026-06-01,0,,1,
KALYANKJIL,Kalyan Jewellers India Limited,Consumer Cyclical,Luxury Goods,36667.0,Large-Cap,MonthlyDoubleBottom,Forming,1.0,23,Sep 23mo | Mid rally 138% | Asymmetry 8%,,Downtrend,False,False,Below-MAs,False,Stage2,3,Uptrend,Uptrend,344.15,793.08,320.29,304.28,1076.11,1573.28,2300.13,1573.28,357.1,113.8,27.17,18.94,5.81,0.59,18.55,42.0,25.0,664.44,0,none,24.8,20.5,2.46,7.0,-0.2,3.78,7.21,42.72,36.44,33.05,89.08,46.2,56.89,118.3,0.4,lumpy earner,0.97,,1.3,,-515.68,-1.41,62.86,0.11,,14.55,0.44,14.13,-1.1,617.7,337.0,44.3,2.1,-30.46,112.86,1.57,0.07,4,32.0,16.0,9.0,0.0,57.0,WATCH ⭐⭐,Expected ~114% CAGR (2yr) | Revenue CAGR 36% | Profit CAGR 46% | ROE 25% | ROCE 20% | ROCE trend rising ↑,Pattern still forming (not broken out),3-4 years,Medium-High,"yfinance, screener.in",100,63,,2026-06-01,2026-06-01,0,,1,
MANORAMA,Manorama Industries Limited,Consumer Defensive,Packaged Foods,8517.0,Mid-Cap,None,,0.0,0,,,Sideways-Above-MA,True,True,Below-MAs,True,Stage2,15,Uptrend,Uptrend,1371.4,,,1165.69,2306.66,3033.26,3988.73,3033.26,121.2,48.7,39.68,26.12,12.66,1.26,24.97,4.0,50.0,1831.0,2,none,39.4,35.0,,26.0,2.0,15.73,18.74,77.3,,,104.55,,,31.0,0.5,insufficient history,0.52,,1.95,,131.47,1.54,54.32,0.0,,2.89,0.18,3.0,-0.61,1760.0,1060.6,22.1,29.3,1.38,324.91,,0.26,6,40.0,8.0,7.0,2.0,57.0,WATCH ⭐⭐,Expected ~49% CAGR (2yr) | Revenue CAGR 68% | Profit CAGR 32% | ROE 39% | ROCE 35% | Promoter 54% holding,None identified,3-4 years,Medium-High,"yfinance, screener.in",80,47,,2026-06-01,2026-06-01,0,,1,
SAMHI,SAMHI Hotels Limited,Consumer Cyclical,Lodging,3677.0,Small-Cap,MonthlyDoubleBottom,Forming,1.0,11,Sep 11mo | Mid rally 105% | Asymmetry 5%,,Sideways,False,True,Below-MAs,True,Stage2,3,Uptrend,Uptrend,143.38,254.5,121.1,121.87,7214.77,23453.47,210071.06,38930.89,16257.6,1179.0,6.43,12.9,1.9,0.01,10.83,0.0,,237.33,6,strong_buy,24.8,8.92,3.51,35.0,13.49,39.33,5.17,10.44,19.08,48.99,559.3,,,671.1,0.2,multiple loss years in history,0.81,,0.81,,-89.29,-2.43,,,,44.28,0.14,16.39,-1.68,254.5,127.0,43.7,12.9,-28.09,,0.36,,5,22.0,18.0,17.0,0.0,57.0,WATCH ⭐⭐,Expected ~1179% CAGR (2yr) | Revenue CAGR 19% | Profit CAGR 440% | ROE 25% | ROCE trend rising ↑ | OPM 35%,Pattern still forming (not broken out),3-4 years,Medium-High,"yfinance, screener.in",80,33,,2026-06-01,2026-06-01,0,,1,
SOUTHBANK,The South Indian Bank Limited,Financial Services,Banks - Regional,10842.0,Mid-Cap,MonthlyDoubleBottom,Forming,0.79,36,Sep 36mo | Mid rally 79% | Asymmetry 0%,MonthlyCupHandle+MonthlyDoubleBottom,Uptrend,True,False,Tight-Above-MAs,True,Stage2,12,Uptrend,Uptrend,38.75,27.23,15.16,32.94,138.38,121.65,210.69,170.75,213.9,77.2,7.46,6.06,0.98,0.32,,97.0,12.0,48.0,6,none,13.5,6.42,,43.14,,28.95,1.09,4.6,10.83,6.15,11.74,23.39,88.0,19.0,0.15,highly inconsistent earnings,,,,,,,,,,24.21,3.27,12.75,-1.04,46.84,28.11,17.3,37.9,35.0,85.55,0.43,0.28,2,11.0,25.98,12.0,8.0,57.0,WATCH ⭐⭐,Expected ~77% CAGR (2yr) | Profit CAGR 23% | OPM 43% | FII buying +3.3% ↑ | Dividend growing 12%/yr | PEG 0.32 — deeply undervalued,Pattern still forming (not broken out),3-4 years,Medium-High,"yfinance, screener.in",70,330,,2026-06-01,2026-06-01,0,,1,
ALKEM,Alkem Laboratories Limited,Healthcare,Drug Manufacturers - Specialty & Generic,65737.0,Large-Cap,MonthlyDoubleBottom,Forming,0.452,24,Sep 24mo | Mid rally 52% | Asymmetry 7%,,Sideways-Above-MA,True,False,Below-MAs,False,Stage2,4,Uptrend,Uptrend,5470.0,2269.93,1443.69,4649.5,13036.67,12751.44,22942.81,17294.44,133.1,52.7,28.57,24.22,4.76,0.87,21.08,96.0,-4.9,5936.95,20,buy,18.9,21.2,0.2,20.0,-0.17,15.65,8.5,13.47,8.25,10.66,6.14,32.66,7.76,-22.7,0.15,highly inconsistent earnings,0.14,,2.55,,1374.31,2.09,51.2,0.0,,10.15,0.18,21.39,-0.15,5933.5,4716.2,7.8,16.0,19.27,36.96,0.31,0.29,5,29.0,14.92,9.0,4.0,56.9,WATCH ⭐⭐,Expected ~53% CAGR (2yr) | Profit CAGR 33% | ROCE 21% | ROCE trend rising ↑ | Low D/E 0.14 | Promoter 51% holding,Earnings due 2026-08-12 | Pattern still forming (not broken out),3-4 years,Medium-High,"yfinance, screener.in",100,126,2026-08-12,2026-06-01,2026-06-01,0,,1,
APARINDS,APAR Industries Limited,Industrials,Electrical Equipment & Parts,52701.0,Large-Cap,MonthlyDoubleBottom,Forming,0.535,45,Sep 45mo | Mid rally 63% | Asymmetry 10%,,Uptrend,True,False,Uptrend,True,Stage2,4,Uptrend,Uptrend,12327.0,837.93,488.3,10477.95,8576.68,11105.23,11394.01,9885.49,,,54.05,37.38,10.86,3.54,29.53,38.0,50.37,12934.83,6,strong_buy,20.2,31.1,1.6,8.0,0.43,4.53,,23.25,16.9,29.09,19.0,15.26,43.6,19.4,0.15,highly inconsistent earnings,0.14,,,,,,57.77,0.0,,9.38,0.03,24.15,0.95,13580.0,6801.0,9.2,81.3,49.62,240.44,0.49,0.05,3,26.0,20.92,0.0,10.0,56.9,WATCH ⭐⭐,Revenue CAGR 17% | ROE 20% | ROCE 31% | ROCE trend rising ↑ | Low D/E 0.14 | Promoter 58% holding,High PE 54 | Pattern still forming (not broken out),3-4 years,Medium-High,"yfinance, screener.in",80,263,,2026-06-01,2026-06-01,0,,1,
DPABHUSHAN,D. P. Abhushan Limited,Consumer Cyclical,Luxury Goods,2171.0,Small-Cap,MonthlyDoubleBottom,Forming,0.47,7,Sep 7mo | Mid rally 55% | Asymmetry 8%,,Downtrend,False,False,Below-MAs,False,Stage2,3,Uptrend,Uptrend,889.6,1927.0,1189.25,1129.79,10580.74,21489.47,43645.12,21489.47,2315.6,391.5,10.25,,4.28,0.1,8.03,0.0,0.0,,0,none,34.5,24.4,2.0,4.0,0.0,5.21,18.54,42.22,,,51.85,,,101.2,1.0,steady compounder (low CV),0.48,,2.14,,-154.9,-7.14,74.89,0.01,,0.32,0.1,0.0,0.0,1729.6,866.1,48.6,2.7,-30.3,195.13,0.43,-0.43,4,36.0,8.64,12.0,0.0,56.6,WATCH ⭐⭐,Expected ~392% CAGR (2yr) | Revenue CAGR 86% | Profit CAGR 103% | ROE 34% | ROCE 24% | ROCE trend rising ↑,Pattern still forming (not broken out),3-4 years,Medium-High,"yfinance, screener.in",80,104,,2026-06-01,2026-06-01,0,,1,
BANKINDIA,Bank of India Limited,Financial Services,Banks - Regional,63696.0,Large-Cap,MonthlyDoubleBottom,Forming,1.0,29,Sep 29mo | Mid rally 186% | Asymmetry 7%,MonthlyCupHandle+MonthlyDoubleBottom,Downtrend,False,False,Below-MAs,False,Stage2,12,Uptrend,Uptrend,138.64,190.57,64.34,117.84,707.19,653.64,1366.37,983.0,371.5,117.1,5.89,5.47,0.71,0.15,,332.0,32.48,159.6,5,none,12.4,5.93,,45.0,,31.89,0.92,6.04,16.41,13.1,7.93,39.0,37.72,18.7,0.4,lumpy earner,,,,,,,73.38,0.0,,7.26,1.44,13.96,-1.22,178.36,108.81,22.3,27.4,28.62,82.03,0.75,0.82,2,23.0,16.5,12.0,5.0,56.5,WATCH ⭐⭐,Expected ~117% CAGR (2yr) | Revenue CAGR 16% | Profit CAGR 39% | Promoter 73% holding | OPM 45% | FII buying +1.4% ↑,Pattern still forming (not broken out),3-4 years,Medium-High,"yfinance, screener.in",80,287,,2026-06-01,2026-06-01,0,,1,
JKIL,J. Kumar Infraprojects Limited,Industrials,Engineering & Construction,3804.0,Small-Cap,MonthlyDoubleBottom,Forming,1.0,30,Sep 30mo | Mid rally 260% | Asymmetry 2%,,Sideways,False,False,Below-MAs,True,Stage2,4,Uptrend,Uptrend,482.75,348.95,96.02,410.34,1713.17,1455.22,2156.68,1922.17,201.4,73.6,9.83,6.93,1.12,0.81,4.5,80.0,10.06,754.8,5,strong_buy,12.4,18.4,1.7,14.0,-0.37,6.75,6.61,0.53,10.84,30.57,-1.02,12.2,32.16,-4.0,0.15,highly inconsistent earnings,0.18,,1.62,,454.64,11.95,46.64,0.0,,12.55,-0.18,15.16,-0.1,765.6,425.0,36.9,13.6,-25.26,40.69,0.34,0.27,6,22.0,19.5,15.0,0.0,56.5,WATCH ⭐⭐,Expected ~74% CAGR (2yr) | ROCE trend rising ↑ | Low D/E 0.18 | FCF yield 12.0% | Piotroski F=6 (above average quality) | Dividend growing 10%/yr,Pattern still forming (not broken out),3-4 years,Medium-High,"yfinance, screener.in",100,220,,2026-06-01,2026-06-01,0,,1,
MEDICO,Medico Remedies Limited,Healthcare,Drug Manufacturers - Specialty & Generic,396.0,Micro-Cap,MonthlyDoubleBottom,Forming,1.0,14,Sep 14mo | Mid rally 122% | Asymmetry 7%,,Sideways,False,False,Below-MAs,True,Stage2,4,Uptrend,Uptrend,44.93,79.83,34.8,38.19,106.72,145.67,198.84,145.67,224.2,80.1,30.17,,5.21,0.83,24.0,,,,0,none,19.02,,,11.18,,6.35,6.38,37.5,,,36.5,,,34.9,0.5,insufficient history,0.25,,1.66,,-8.76,-2.21,61.38,0.0,,0.03,-0.46,0.0,0.0,56.88,30.22,21.0,48.7,15.47,-64.5,0.34,0.56,4,27.0,18.5,8.0,3.0,56.5,WATCH ⭐⭐,Expected ~80% CAGR (2yr) | Revenue CAGR 38% | Profit CAGR 36% | Low D/E 0.25 | Promoter 61% holding | PEG 0.83 — undervalued,Pattern still forming (not broken out),3-4 years,Medium-High,"yfinance, screener.in",70,49,,2026-06-01,2026-06-01,0,,1,
PARAGMILK,Parag Milk Foods Limited,Consumer Defensive,Packaged Foods,2801.0,Small-Cap,MonthlyDoubleBottom,Forming,1.0,26,Sep 26mo | Mid rally 106% | Asymmetry 6%,MonthlyDoubleBottom+MonthlyStage2,Sideways,False,False,Below-MAs,True,Stage2,15,Uptrend,Uptrend,214.03,376.95,177.84,181.93,739.84,1010.4,1379.91,1010.4,372.1,117.3,21.05,13.98,2.2,0.58,10.85,45.0,30.0,275.0,2,strong_buy,12.3,13.5,5.6,7.0,2.46,3.54,6.94,11.25,9.69,15.69,13.45,36.57,7.51,23.0,0.4,lumpy earner,0.48,,1.71,,130.83,4.67,40.65,0.0,,8.77,-0.49,5.25,-0.91,376.95,177.84,43.2,20.3,4.27,23.4,0.34,0.56,6,26.0,19.5,10.0,1.0,56.5,WATCH ⭐⭐,Expected ~117% CAGR (2yr) | Profit CAGR 37% | ROCE trend rising ↑ | FCF yield 4.7% | Piotroski F=6 (above average quality) | Dividend growing 30%/yr,Pattern still forming (not broken out),3-4 years,Medium-High,"yfinance, screener.in",100,121,,2026-06-01,2026-06-01,0,,1,
SURAJEST,SURAJ ESTATE DEVELOPERS L,Real Estate,Real Estate - Development,1078.0,Small-Cap,MonthlyDoubleBottom,Forming,1.0,14,Sep 14mo | Mid rally 222% | Asymmetry 6%,,Sideways,False,False,Below-MAs,False,Stage2,3,Uptrend,Uptrend,217.62,845.93,255.48,242.71,966.86,1436.38,2038.99,1404.07,560.0,156.9,11.77,11.83,1.09,0.26,7.76,0.0,,280.0,1,none,14.0,17.3,1.54,33.0,-1.14,16.47,,8.2,24.74,19.87,-2.0,45.22,74.83,25.9,0.15,highly inconsistent earnings,0.57,,,,,,69.8,0.2,,2.23,0.46,1.11,0.08,398.7,171.3,45.4,27.0,-33.65,,0.13,1.05,2,25.0,18.5,13.0,0.0,56.5,WATCH ⭐⭐,Expected ~157% CAGR (2yr) | Revenue CAGR 25% | Profit CAGR 45% | ROCE trend rising ↑ | Promoter 70% holding | OPM 33%,Margin compression ↓ | Pattern still forming (not broken out),3-4 years,Medium-High,"yfinance, screener.in",80,30,,2026-06-01,2026-06-01,0,,1,
HARIOMPIPE,Hariom Pipe Industries Limited,Basic Materials,Steel,1220.0,Small-Cap,MonthlyDoubleBottom,Forming,0.698,8,Sep 8mo | Mid rally 75% | Asymmetry 5%,,Sideways-Above-MA,True,True,Constructive,True,Stage2,1,Uptrend,Uptrend,312.75,571.56,319.99,303.99,732.54,1279.02,2233.17,1279.02,309.0,102.2,16.1,,2.02,0.22,7.76,15.0,1.67,,0,none,12.4,15.7,2.0,13.0,1.5,4.54,7.46,3.93,,,22.58,,,74.6,0.75,consistent growth,0.62,,1.68,,-33.97,-2.78,57.27,0.0,,9.5,0.27,0.06,0.01,572.2,268.05,45.3,16.7,-14.79,-75.7,0.37,0.64,6,28.0,17.38,11.0,0.0,56.4,WATCH ⭐⭐,Expected ~102% CAGR (2yr) | Revenue CAGR 27% | Profit CAGR 75% | ROCE trend rising ↑ | Promoter 57% holding | EPS: consistent growth,Pattern still forming (not broken out),3-4 years,Medium-High,"yfinance, screener.in",80,50,,2026-06-01,2026-06-01,0,,1,
SWARAJENG,Swaraj Engines Limited,Consumer Cyclical,Auto Parts,4660.0,Small-Cap,MonthlyDoubleBottom,Forming,0.479,13,Sep 13mo | Mid rally 53% | Asymmetry 6%,,Uptrend,True,False,Below-MAs,True,Stage2,3,Uptrend,Uptrend,3711.9,1662.58,1054.07,3155.11,8475.28,10178.81,12224.75,10178.81,174.2,65.6,23.7,21.21,9.51,1.18,16.57,288.0,9.31,4629.5,2,none,43.23,,,12.75,,9.78,21.51,20.2,,,20.1,,,20.1,0.5,insufficient history,0.0,,2.06,,1.77,0.04,52.11,-0.01,,2.82,-0.33,9.09,-0.65,4720.0,3301.3,21.4,12.4,3.85,69.08,0.24,0.42,5,29.0,17.25,8.0,2.0,56.2,WATCH ⭐⭐,Expected ~66% CAGR (2yr) | Revenue CAGR 20% | Profit CAGR 20% | ROE 43% | Nearly debt-free | Promoter 52% holding,Pattern still forming (not broken out),3-4 years,Medium-High,"yfinance, screener.in",70,287,,2026-06-01,2026-06-01,0,,1,
PANSARI,Pansari Developers Limited,Real Estate,Real Estate - Development,523.0,Small-Cap,MonthlyDoubleBottom,Forming,0.963,14,Sep 14mo | Mid rally 106% | Asymmetry 10%,,Downtrend,False,False,Below-MAs,False,Stage2,3,Uptrend,Uptrend,258.45,152.0,70.2,219.68,653.22,1407.29,3031.87,1407.29,444.5,133.3,30.69,,3.69,0.27,24.25,0.0,,,0,none,13.8,12.5,1.11,15.0,0.0,16.83,,140.0,61.01,21.67,150.0,115.44,37.97,1550.5,0.15,highly inconsistent earnings,0.48,,,,,,73.88,0.0,,,,,,352.3,218.0,26.6,18.6,25.96,174.33,0.88,-0.44,2,27.0,15.06,8.0,6.0,56.1,WATCH ⭐⭐,Expected ~133% CAGR (2yr) | Revenue CAGR 61% | Profit CAGR 115% | ROCE trend rising ↑ | Promoter 74% holding | PEG 0.27 — deeply undervalued,Pattern still forming (not broken out),3-4 years,Medium-High,"yfinance, screener.in",80,111,,2026-06-01,2026-06-01,0,,1,
WEALTH,Wealth First Portfolio Managers Limited,Financial Services,Capital Markets,1052.0,Small-Cap,MonthlyDoubleBottom,Forming,0.757,9,Sep 9mo | Mid rally 78% | Asymmetry 2%,MonthlyDoubleBottom+MonthlyStage2,Sideways,False,False,Below-MAs,True,Stage2,12,Uptrend,Uptrend,902.1,1388.83,771.33,766.78,616.88,2006.33,1200.29,860.49,122.4,49.1,44.06,,6.98,1.12,,162.0,10.06,,0,none,27.7,34.6,-0.91,72.0,0.49,54.41,24.22,13.33,32.85,22.16,11.76,39.49,23.93,,0.15,highly inconsistent earnings,,,5.79,,,,74.04,0.0,,0.04,,0.11,0.01,1410.0,774.95,36.0,16.4,-19.04,146.51,0.12,,5,37.0,15.08,4.0,0.0,56.1,WATCH ⭐⭐,Expected ~49% CAGR (2yr) | Revenue CAGR 33% | Profit CAGR 39% | ROE 28% | ROCE 35% | Promoter 74% holding,Pattern still forming (not broken out),3-4 years,Medium-High,"yfinance, screener.in",80,111,,2026-06-01,2026-06-01,0,,1,
KRISHANA,Krishana Phoschem Limited,Basic Materials,Agricultural Inputs,4131.0,Small-Cap,None,,0.0,0,,,Uptrend,True,False,Tight-Above-MAs,True,Stage2,1,Uptrend,Uptrend,681.7,,,579.45,1624.94,4112.73,10409.32,4112.73,503.3,145.6,22.94,,7.37,0.15,16.16,7.0,25.99,,0,none,38.15,,,10.7,,7.45,12.32,59.8,,,153.1,,,152.8,0.5,insufficient history,1.31,,1.36,,-380.94,-9.22,72.94,0.68,,0.26,0.06,,,718.5,375.4,5.1,81.6,44.16,185.26,,-0.03,2,26.0,15.0,7.0,8.0,56.0,WATCH ⭐⭐,Expected ~146% CAGR (2yr) | Revenue CAGR 60% | Profit CAGR 153% | ROE 38% | Promoter 73% holding | Dividend growing 26%/yr,High D/E 1.3,3-4 years,Medium-High,"yfinance, screener.in",70,112,,2026-06-01,2026-06-01,0,,1,
RPTECH,Rashi Peripherals Limited,Technology,Electronics & Computer Distribution,3579.0,Small-Cap,None,,0.0,0,,,Uptrend,True,False,Tight-Above-MAs,True,Downtrend,0,Uptrend,Uptrend,543.25,,,461.76,1824.54,2405.84,3172.34,2405.84,342.9,110.4,13.19,,1.93,0.41,9.81,37.0,100.0,,0,none,14.7,16.8,-2.57,3.0,-0.23,1.75,5.7,14.91,18.74,21.71,34.29,31.86,15.7,64.2,0.15,highly inconsistent earnings,0.49,,1.6,,-47.2,-1.32,64.01,0.03,,0.78,0.12,17.45,-1.0,560.0,275.6,3.0,97.1,86.72,,,1.0,4,20.0,14.0,12.0,10.0,56.0,WATCH ⭐⭐,Expected ~110% CAGR (2yr) | Revenue CAGR 19% | Profit CAGR 32% | Promoter 64% holding | Dividend growing 100%/yr | PEG 0.41 — deeply undervalued,None identified,3-4 years,Medium-High,"yfinance, screener.in",100,28,,2026-06-01,2026-06-01,0,,1,
GPPL,Gujarat Pipavav Port Limited,Industrials,Marine Shipping,7610.0,Small-Cap,MonthlyDoubleBottom,Forming,0.689,35,Sep 35mo | Mid rally 76% | Asymmetry 7%,MonthlyDoubleBottom+MonthlyStage2,Sideways,False,True,Below-MAs,True,Stage2,4,Uptrend,Uptrend,152.15,96.94,53.14,129.33,413.73,362.67,576.67,488.45,138.4,54.4,14.77,13.66,3.18,0.82,10.85,679.0,23.47,174.0,8,none,21.2,28.0,2.71,61.0,0.77,44.2,,17.21,8.09,9.58,29.72,18.06,18.33,8.6,0.15,highly inconsistent earnings,0.02,,,,,,44.01,0.0,,22.14,1.1,14.96,0.03,200.09,141.55,24.0,7.5,7.24,20.99,0.32,0.47,2,27.0,15.77,11.0,2.0,55.8,WATCH ⭐⭐,Expected ~54% CAGR (2yr) | ROE 21% | ROCE 28% | ROCE trend rising ↑ | Nearly debt-free | OPM 61%,Pattern still forming (not broken out),3-4 years,Medium-High,"yfinance, screener.in",80,189,,2026-06-01,2026-06-01,0,,1,
PERSISTENT,Persistent Systems Limited,Technology,Information Technology Services,81151.0,Large-Cap,MonthlyDoubleBottom,Forming,0.563,8,Sep 8mo | Mid rally 66% | Asymmetry 10%,MonthlyDoubleBottom+MonthlyStage2,Sideways,False,False,Below-MAs,True,Downtrend,0,Uptrend,Uptrend,5066.3,347.71,199.89,4306.36,4931.65,5982.08,7893.0,6239.03,18.1,8.7,43.67,29.77,10.37,1.65,28.48,85.0,-4.17,5596.65,34,buy,27.3,34.4,2.17,19.0,0.4,12.65,14.87,23.53,20.87,28.63,33.21,26.51,32.83,33.7,0.75,consistent growth,0.06,,2.43,,1456.11,1.79,30.29,0.0,,22.11,-0.68,30.47,0.67,6599.0,4449.1,23.2,13.9,-8.17,83.23,0.63,0.09,7,40.0,11.76,3.0,1.0,55.8,WATCH ⭐⭐,Expected ~9% CAGR (2yr) | Revenue CAGR 21% | Profit CAGR 27% | ROE 27% | ROCE 34% | ROCE trend rising ↑,Earnings due 2026-04-21 | Pattern still forming (not broken out),3-4 years,Medium-High,"yfinance, screener.in",100,194,2026-04-21,2026-06-01,2026-06-01,0,,1,
KRISHIVAL,KRISHIVAL FOODS LIMITED,Consumer Defensive,Packaged Foods,1022.0,Small-Cap,MonthlyStage2,Stage Change,1.0,24,10-EMA=357 | 30-EMA=321 | Above by 18.5% | MA turning=Yes,MonthlyDoubleBottom+MonthlyStage2,Sideways,False,False,Below-MAs,True,Stage2,15,Uptrend,Uptrend,379.85,320.55,214.73,322.87,744.93,1091.18,1598.36,1091.18,187.3,69.5,43.5,,5.98,0.94,23.32,6.0,68.69,,0,none,13.1,16.2,1.43,9.0,-0.6,7.34,9.36,45.05,61.16,59.93,57.14,46.48,85.56,3.5,0.4,lumpy earner,0.18,,5.19,,-54.9,-5.37,37.23,0.02,,0.54,-0.36,1.33,1.33,508.0,282.3,25.2,34.6,4.35,4.72,0.23,-1.03,4,25.0,19.5,9.0,2.0,55.5,WATCH ⭐⭐,Expected ~70% CAGR (2yr) | Revenue CAGR 61% | Profit CAGR 46% | ROCE trend rising ↑ | Low D/E 0.18 | Margin compressing ↓ ⚠️,Margin compression ↓,3-4 years,Medium-High,"yfinance, screener.in",100,50,,2026-06-01,2026-06-01,0,,1,
STYRENIX,Styrenix Performance Materials Limited,Basic Materials,Chemicals,4023.0,Small-Cap,MonthlyDoubleBottom,Forming,1.0,31,Sep 31mo | Mid rally 179% | Asymmetry 8%,MonthlyDoubleBottom+MonthlyStage2,Uptrend,True,False,Constructive,True,Stage2,1,Uptrend,Uptrend,2268.4,543.85,186.84,1928.14,4743.1,10091.42,21470.5,10091.42,344.9,110.9,21.98,16.97,3.23,0.19,12.26,236.0,-43.27,2964.0,1,strong_buy,14.6,15.1,-12.0,10.0,1.8,5.29,6.43,15.29,19.61,,-22.13,112.76,,30.8,0.15,highly inconsistent earnings,0.4,,2.29,,10.83,0.27,46.24,0.0,,0.95,-0.27,17.33,1.58,3498.0,1780.0,35.2,27.4,-20.4,113.74,0.42,,6,22.0,25.5,8.0,0.0,55.5,WATCH ⭐⭐,Expected ~111% CAGR (2yr) | Revenue CAGR 20% | Profit CAGR 113% | Piotroski F=6 (above average quality) | DII buying +1.6% ↑ | PEG 0.19 — deeply undervalued,Pattern still forming (not broken out),3-4 years,Medium-High,"yfinance, screener.in",100,286,,2026-06-01,2026-06-01,0,,1,
MBAPL,Madhya Bharat Agro Products Limited,Basic Materials,Agricultural Inputs,4642.0,Small-Cap,MonthlyDoubleBottom,Forming,0.328,17,Sep 17mo | Mid rally 39% | Asymmetry 6%,,Uptrend,True,False,Uptrend,True,Stage2,1,Uptrend,Uptrend,530.85,342.81,239.72,451.22,659.34,1170.33,2077.34,1170.33,120.5,48.5,30.87,,10.12,0.4,21.38,9.0,58.74,,0,none,,,,9.82,,5.92,,115.8,,,77.5,,,77.4,0.5,insufficient history,0.68,,,,,,74.76,0.0,,0.46,0.27,,,585.0,340.0,9.3,56.1,35.03,56.85,0.62,-0.03,1,23.0,17.44,7.0,8.0,55.4,WATCH ⭐⭐,Expected ~48% CAGR (2yr) | Revenue CAGR 116% | Profit CAGR 78% | Promoter 75% holding | Dividend growing 59%/yr | PEG 0.40 — deeply undervalued,Pattern still forming (not broken out),3-4 years,Medium-High,"yfinance, screener.in",50,117,,2026-06-01,2026-06-01,0,,1,
MAZDOCK,Mazagon Dock Shipbuilders Limited,Industrials,Aerospace & Defense,99090.0,Large-Cap,MonthlyDoubleBottom,Forming,0.814,13,Sep 13mo | Mid rally 89% | Asymmetry 8%,MonthlyCupHandle+MonthlyDoubleBottom+MonthlyStage2,Downtrend,False,False,Below-MAs,False,Stage2,4,Uptrend,Uptrend,2422.8,3751.65,1904.04,2059.38,3006.31,5599.26,5243.75,3970.43,131.1,52.0,38.32,30.1,10.16,1.19,38.25,78.0,-12.25,2851.44,9,none,29.2,36.0,4.06,17.0,2.57,19.86,4.83,13.77,18.44,26.29,6.79,32.07,38.06,108.8,0.4,lumpy earner,0.04,,1.4,,-3999.91,-4.04,81.22,0.0,,1.73,-0.07,5.09,-0.28,3548.7,2057.4,31.7,17.8,-17.41,276.32,0.42,0.67,4,37.0,13.27,5.0,0.0,55.3,WATCH ⭐⭐,Expected ~52% CAGR (2yr) | Revenue CAGR 18% | Profit CAGR 32% | ROE 29% | ROCE 36% | ROCE trend rising ↑,Pattern still forming (not broken out),3-4 years,Medium-High,"yfinance, screener.in",100,68,,2026-06-01,2026-06-01,0,,1,
BAJAJHLDNG,Bajaj Holdings & Investment Limited,Financial Services,Asset Management,115311.0,Large-Cap,MonthlyDoubleBottom,Forming,0.639,12,Sep 12mo | Mid rally 65% | Asymmetry 1%,MonthlyDoubleBottom+MonthlyStage2,Sideways,False,False,Below-MAs,True,Stage2,12,Uptrend,Uptrend,10313.0,2162.88,1309.36,8766.05,23380.94,29354.77,36854.91,29354.77,184.6,68.7,11.96,,1.58,0.47,129.51,154.0,-11.68,,0,none,12.0,11.0,0.31,85.0,1.69,857.46,0.72,44.79,27.03,18.55,47.74,25.55,21.79,49.2,0.15,highly inconsistent earnings,0.0,,3.45,,1610.17,1.4,51.46,0.0,,9.62,-0.64,8.08,0.77,14763.0,8588.0,30.1,20.1,-20.33,29.01,0.41,0.14,7,34.0,14.17,7.0,0.0,55.2,WATCH ⭐⭐,Expected ~69% CAGR (2yr) | Revenue CAGR 27% | Profit CAGR 26% | ROCE trend rising ↑ | Nearly debt-free | Promoter 51% holding,Earnings due 2026-08-05 | Pattern still forming (not broken out),3-4 years,Medium-High,"yfinance, screener.in",100,286,2026-08-05,2026-06-01,2026-06-01,0,,1,
SCHAEFFLER,Schaeffler India Limited,Consumer Cyclical,Auto Parts,64533.0,Large-Cap,MonthlyCupHandle,Forming,0.922,22,Cup 22mo | Depth 23% | Prior gain 30% | R²=1.00,MonthlyCupHandle+MonthlyDoubleBottom,Uptrend,True,False,Tight-Above-MAs,True,Stage2,3,Uptrend,Uptrend,3987.8,4584.62,3519.0,3389.63,3338.73,5650.24,4081.1,3691.3,41.7,19.0,53.19,40.96,10.67,5.04,,85.0,13.4,4788.71,7,none,20.2,27.3,0.0,18.0,-0.2,12.02,,4.24,11.67,,5.65,10.56,,25.6,0.15,highly inconsistent earnings,0.01,,,,,,74.13,0.0,,4.25,-0.2,16.32,0.21,4467.7,3518.4,10.7,13.3,6.78,8.87,0.58,,1,23.0,27.06,2.0,3.0,55.1,WATCH ⭐⭐,Expected ~19% CAGR (2yr) | ROE 20% | ROCE 27% | Nearly debt-free | Promoter 74% holding | Dividend growing 13%/yr,High PE 53 | Earnings due 2026-07-23 | Pattern still forming (not broken out),3-4 years,Medium-High,"yfinance, screener.in",80,287,2026-07-23,2026-06-01,2026-06-01,0,,1,
ABSLAMC,ADIT BIRL SUN LIF AMC LTD,Financial Services,Asset Management,30768.0,Large-Cap,None,,0.0,0,,,Uptrend,True,False,Uptrend,True,Stage2,12,Uptrend,Uptrend,1036.9,,,881.37,836.61,1041.6,1161.54,985.77,0.5,0.2,31.54,23.91,7.6,1.77,23.23,226.0,60.09,1125.36,14,buy,25.2,32.2,-2.57,60.0,-0.14,47.34,18.66,-6.91,11.0,8.95,4.73,17.83,13.14,-18.0,0.15,highly inconsistent earnings,0.02,,1.2,,882.22,2.87,74.82,0.0,,5.75,-0.3,11.55,0.76,1123.5,708.0,7.7,46.5,40.64,172.4,,0.34,4,32.0,13.0,2.0,8.0,55.0,WATCH ⭐⭐,Expected ~0% CAGR (2yr) | ROE 25% | ROCE 32% | Nearly debt-free | Promoter 75% holding | OPM 60%,None identified,3-4 years,Medium-High,"yfinance, screener.in",100,56,,2026-06-01,2026-06-01,0,,1,
SARDAEN,Sarda Energy & Minerals Limited,Basic Materials,Steel,18040.0,Mid-Cap,MonthlyDoubleBottom,Forming,1.0,20,Sep 20mo | Mid rally 119% | Asymmetry 0%,,Downtrend,False,False,Below-MAs,False,Stage2,1,Uptrend,Uptrend,537.95,12.83,5.84,457.26,872.13,1067.92,1307.67,1067.92,98.5,40.9,16.31,10.82,2.58,0.73,10.31,29.0,25.99,,0,none,16.1,17.4,-1.03,31.0,0.2,19.43,8.41,22.55,10.55,20.94,57.98,22.45,24.15,45.9,0.15,highly inconsistent earnings,0.35,,4.5,,582.53,3.23,73.16,0.0,,3.5,-0.04,3.32,0.39,639.75,420.75,15.9,27.9,29.08,247.79,0.29,0.51,6,26.0,16.0,8.0,5.0,55.0,WATCH ⭐⭐,Expected ~41% CAGR (2yr) | Profit CAGR 22% | Promoter 73% holding | OPM 31% | FCF yield 3.2% | Piotroski F=6 (above average quality),Pattern still forming (not broken out),3-4 years,Medium-High,"yfinance, screener.in",100,198,,2026-06-01,2026-06-01,0,,1,
PRICOLLTD,PRICOL LIMITED,Consumer Cyclical,Auto Parts,0.0,Micro-Cap,MonthlyCupHandle,Forming,0.699,17,Cup 17mo | Depth 32% | Prior gain 32% | R²=0.88,MonthlyCupHandle+MonthlyDoubleBottom,Downtrend,False,False,Below-MAs,False,Stage2,3,Uptrend,Uptrend,544.75,687.67,468.79,463.04,1209.22,1525.55,1924.63,1525.55,180.0,67.3,27.33,18.86,5.47,1.04,15.16,71.0,60.0,725.0,1,strong_buy,22.1,25.9,2.34,12.0,-0.11,6.21,9.87,50.11,27.3,23.39,50.3,26.16,42.98,109.5,0.15,highly inconsistent earnings,0.3,,1.21,,-194.07,,38.51,0.0,,15.61,-1.31,12.44,0.15,694.2,415.1,21.5,31.2,26.7,115.3,2.15,-0.09,4,30.0,11.89,8.0,5.0,54.9,WATCH ⭐⭐,Expected ~67% CAGR (2yr) | Revenue CAGR 27% | Profit CAGR 26% | ROE 22% | ROCE 26% | ROCE trend rising ↑,Pattern still forming (not broken out),3-4 years,Medium-High,"yfinance, screener.in",100,287,,2026-06-01,2026-06-01,0,,1,
CUB,City Union Bank Limited,Financial Services,Banks - Regional,18982.0,Mid-Cap,MonthlyDoubleBottom,Forming,0.818,23,Sep 23mo | Mid rally 82% | Asymmetry 1%,,Sideways-Above-MA,True,False,Tight-Above-MAs,True,Stage2,12,Uptrend,Uptrend,251.1,193.05,105.54,213.44,473.59,481.97,741.17,592.46,91.9,38.5,14.33,10.29,1.8,0.57,,78.0,25.99,316.23,22,buy,13.24,,,48.06,,37.62,1.52,23.6,,,25.1,,,24.9,0.5,insufficient history,,,,,,,,,,23.37,-0.12,40.73,0.5,324.1,187.05,22.5,34.2,23.33,79.39,0.53,0.45,2,18.0,22.82,9.0,5.0,54.8,WATCH ⭐⭐,Expected ~38% CAGR (2yr) | Revenue CAGR 24% | Profit CAGR 25% | OPM 48% | Dividend growing 26%/yr | PEG 0.57 — undervalued,Earnings due 2026-04-27 | Pattern still forming (not broken out),3-4 years,Medium-High,"yfinance, screener.in",40,287,2026-04-27,2026-06-01,2026-06-01,0,,1,
NAVINFLUOR,Navin Fluorine International Limited,Basic Materials,Chemicals,36562.0,Large-Cap,MonthlyDoubleBottom,Forming,0.472,19,Sep 19mo | Mid rally 47% | Asymmetry 0%,,Uptrend,True,True,Tight-Above-MAs,True,Stage2,1,Uptrend,Uptrend,7075.5,4902.73,3318.97,6014.18,3383.56,6486.49,4952.23,4093.42,,,54.65,38.04,9.19,2.6,33.73,21.0,7.06,7361.93,29,buy,20.3,21.4,-1.0,33.0,0.71,20.02,10.4,41.08,16.85,22.96,129.76,20.98,20.81,123.9,0.15,highly inconsistent earnings,0.32,,2.61,,56.74,0.16,27.1,-0.01,,23.78,0.04,27.61,-0.48,7525.0,4225.0,6.0,67.5,54.6,35.6,0.6,0.25,6,25.0,21.66,0.0,8.0,54.7,WATCH ⭐⭐,Revenue CAGR 17% | Profit CAGR 21% | ROE 20% | ROCE 21% | OPM 33% | Piotroski F=6 (above average quality),High PE 55 | Earnings due 2026-07-30 | Pattern still forming (not broken out),3-4 years,Medium-High,"yfinance, screener.in",100,228,2026-07-30,2026-06-01,2026-06-01,0,,1,
VBL,Varun Beverages Limited,Consumer Defensive,Beverages - Non-Alcoholic,178585.0,Large-Cap,MonthlyStage2,Stage Change,0.679,24,10-EMA=480 | 30-EMA=467 | Above by 10.2% | MA turning=Yes,MonthlyDoubleBottom+MonthlyStage2,Uptrend,True,False,Tight-Above-MAs,True,Stage2,15,Uptrend,Uptrend,514.8,467.23,383.25,437.58,449.32,551.21,595.77,517.39,7.1,3.5,56.17,43.66,9.12,3.71,34.57,38.0,12.62,587.23,26,strong_buy,16.2,19.7,2.03,23.0,0.69,14.02,,4.65,12.25,20.8,4.8,15.15,33.88,20.1,0.15,highly inconsistent earnings,0.13,,,,,,59.43,-0.01,,19.51,-0.8,14.35,0.79,544.4,381.0,5.4,35.1,20.31,38.61,0.35,0.27,3,21.0,24.65,1.0,8.0,54.6,WATCH ⭐⭐,Expected ~4% CAGR (2yr) | ROCE trend rising ↑ | Low D/E 0.13 | Promoter 59% holding | DII buying +0.8% ↑ | Dividend growing 13%/yr,High PE 56 | Earnings due 2026-07-28,3-4 years,Medium-High,"yfinance, screener.in",80,115,2026-07-28,2026-06-01,2026-06-01,0,,1,
BOSCHLTD,Bosch Limited,Consumer Cyclical,Auto Parts,108020.0,Large-Cap,MonthlyStage2,Stage Change,1.0,24,10-EMA=35156 | 30-EMA=31649 | Above by 17.3% | MA turning=Yes,MonthlyDoubleBottom+MonthlyStage2,Sideways-Above-MA,True,False,Constructive,True,Stage2,3,Uptrend,Uptrend,37130.0,31649.39,26188.55,31560.5,56469.12,58049.26,87979.08,70484.76,56.3,25.0,38.91,32.9,7.28,1.57,38.36,74.0,34.59,39396.0,4,buy,16.4,21.5,1.77,13.0,0.26,13.84,6.73,10.77,10.3,15.57,37.62,24.82,41.9,3.0,0.15,highly inconsistent earnings,0.01,,1.96,,-2037.69,-1.89,70.54,0.0,,7.22,-0.12,15.05,0.15,41945.0,28610.0,11.5,29.8,22.6,79.93,0.47,0.69,6,24.0,22.5,2.0,6.0,54.5,WATCH ⭐⭐,Expected ~25% CAGR (2yr) | Profit CAGR 25% | ROCE 22% | ROCE trend rising ↑ | Nearly debt-free | Promoter 71% holding,Earnings due 2026-08-03,3-4 years,Medium-High,"yfinance, screener.in",100,287,2026-08-03,2026-06-01,2026-06-01,0,,1,
INSECTICID,Insecticides (India) Limited,Basic Materials,Agricultural Inputs,2140.0,Small-Cap,MonthlyDoubleBottom,Forming,1.0,48,Sep 48mo | Mid rally 133% | Asymmetry 6%,MonthlyDoubleBottom+MonthlyStage2,Sideways-Above-MA,True,False,Constructive,True,Stage2,1,Uptrend,Uptrend,758.95,614.69,255.63,645.11,1414.98,1842.03,2397.95,1842.03,142.7,55.8,15.08,10.9,1.76,0.5,9.25,54.0,-30.66,,0,none,12.1,15.9,0.31,11.0,0.03,6.48,6.52,7.0,5.92,8.55,-2.11,30.18,8.14,-15.7,0.15,highly inconsistent earnings,0.13,,1.96,,-27.93,-1.3,72.3,0.0,,4.5,0.04,9.27,-0.13,1098.0,518.6,30.9,46.3,-13.89,49.0,0.4,,5,22.0,22.5,10.0,0.0,54.5,WATCH ⭐⭐,Expected ~56% CAGR (2yr) | Profit CAGR 30% | ROCE trend rising ↑ | Low D/E 0.13 | Promoter 72% holding | Piotroski F=5 (above average quality),Pattern still forming (not broken out),3-4 years,Medium-High,"yfinance, screener.in",100,229,,2026-06-01,2026-06-01,0,,1,
OLECTRA,Olectra Greentech Limited,Industrials,Farm & Heavy Construction Machinery,9686.0,Mid-Cap,MonthlyDoubleBottom,Forming,1.0,33,Sep 33mo | Mid rally 548% | Asymmetry 8%,,Sideways,False,False,Below-MAs,True,Stage2,4,Uptrend,Uptrend,1219.6,279.39,41.39,1036.66,1116.78,1552.55,2158.35,1552.55,27.3,12.8,54.65,27.25,8.63,1.4,1043.52,3.0,0.0,,0,none,15.6,21.0,3.89,14.0,1.11,2.01,,28.3,28.45,52.43,29.5,39.02,86.4,0.2,0.15,highly inconsistent earnings,0.33,,,,,,50.02,0.0,,7.11,0.21,0.68,-0.14,1714.2,866.6,28.9,40.7,11.56,2.47,0.68,0.3,3,30.0,19.5,3.0,2.0,54.5,WATCH ⭐⭐,Expected ~13% CAGR (2yr) | Revenue CAGR 28% | Profit CAGR 39% | ROCE 21% | ROCE trend rising ↑ | Promoter 50% holding,High PE 55 | Pattern still forming (not broken out),3-4 years,Medium-High,"yfinance, screener.in",80,287,,2026-06-01,2026-06-01,0,,1,
UNIONBANK,Union Bank of India,Financial Services,Banks - Regional,128153.0,Large-Cap,MonthlyDoubleBottom,Forming,1.0,33,Sep 33mo | Mid rally 152% | Asymmetry 0%,MonthlyCupHandle+MonthlyDoubleBottom,Sideways-Above-MA,True,False,Constructive,False,Stage2,12,Uptrend,Uptrend,158.96,166.52,65.95,135.12,685.36,619.53,1188.2,902.41,289.7,97.4,6.6,6.54,0.98,0.21,,298.0,35.72,195.2,15,buy,15.7,6.3,,-887.68,,35.66,1.25,-1.49,9.58,9.03,7.78,31.67,46.67,,0.4,lumpy earner,,,,,,,74.76,0.0,,9.37,1.23,11.51,-0.4,205.49,124.64,22.6,27.5,14.44,118.26,0.46,0.94,1,17.0,22.5,12.0,3.0,54.5,WATCH ⭐⭐,Expected ~97% CAGR (2yr) | Profit CAGR 32% | Promoter 75% holding | FII buying +1.2% ↑ | Dividend growing 36%/yr | PEG 0.21 — deeply undervalued,Earnings due 2026-07-14 | Pattern still forming (not broken out),3-4 years,Medium-High,"yfinance, screener.in",80,285,2026-07-14,2026-06-01,2026-06-01,0,,1,
VAIBHAVGBL,Vaibhav Global Limited,Consumer Cyclical,Luxury Goods,3719.0,Small-Cap,MonthlyDoubleBottom,Forming,1.0,17,Sep 17mo | Mid rally 113% | Asymmetry 3%,,Sideways,False,False,Constructive,True,Stage2,3,Uptrend,Uptrend,223.79,208.43,96.52,190.22,1146.28,1562.6,2130.14,1562.6,598.2,164.2,14.15,4.6,2.57,0.39,10.43,269.0,-37.0,,0,none,17.8,16.3,-3.37,10.0,-0.74,7.21,6.96,9.23,11.12,7.77,73.86,36.32,-0.45,167.4,0.15,highly inconsistent earnings,0.25,,2.75,,110.22,2.96,57.43,0.32,,16.44,-1.62,2.23,0.56,293.25,174.13,23.7,28.5,3.65,-45.71,0.3,0.23,5,21.0,19.5,12.0,2.0,54.5,WATCH ⭐⭐,Expected ~164% CAGR (2yr) | Profit CAGR 36% | Low D/E 0.25 | Promoter 57% holding | Margin compressing ↓ ⚠️ | Piotroski F=5 (above average quality),Margin compression ↓ | Pattern still forming (not broken out),3-4 years,Medium-High,"yfinance, screener.in",100,266,,2026-06-01,2026-06-01,0,,1,
ECLERX,eClerx Services Limited,Technology,Information Technology Services,14051.0,Mid-Cap,MonthlyDoubleBottom,Forming,0.785,10,Sep 10mo | Mid rally 81% | Asymmetry 3%,,Downtrend,False,False,Below-MAs,False,Downtrend,0,Uptrend,Uptrend,1553.8,1938.02,1056.37,1320.73,2733.71,2819.67,3491.91,3089.64,81.5,34.7,20.24,15.32,5.45,1.55,12.65,3.0,14.47,1859.4,10,buy,29.0,34.8,0.94,26.0,-1.03,17.15,16.0,22.31,15.85,21.36,30.5,13.02,20.06,24.4,0.4,lumpy earner,0.15,,3.4,,488.99,3.48,54.53,0.72,,11.82,0.43,23.95,-1.36,2497.5,1375.0,37.8,13.0,-3.78,68.39,1.25,0.37,6,35.0,11.42,8.0,0.0,54.4,WATCH ⭐⭐,Expected ~35% CAGR (2yr) | Revenue CAGR 16% | ROE 29% | ROCE 35% | ROCE trend rising ↑ | Low D/E 0.15,Margin compression ↓ | Pattern still forming (not broken out),3-4 years,Medium-High,"yfinance, screener.in",100,222,,2026-06-01,2026-06-01,0,,1,
GRSE,Garden Reach Shipbuilders & Engineers Limited,Industrials,Aerospace & Defense,30411.0,Large-Cap,MonthlyCupHandle,Forming,0.701,22,Cup 22mo | Depth 47% | Prior gain 124% | R²=0.96,,Uptrend,True,False,Constructive,False,Stage2,4,Uptrend,Uptrend,2658.5,3226.54,1708.53,2259.72,2698.1,4744.55,4161.99,3351.04,78.5,33.6,44.06,31.32,11.58,1.82,34.02,101.0,4.87,3075.25,4,none,31.79,,,16.15,,10.68,4.45,29.1,,,24.2,,,24.1,0.5,insufficient history,0.01,,1.23,,-291.49,-0.96,74.5,0.0,,3.51,0.55,1.69,0.05,3538.4,1963.7,24.9,35.4,-3.77,350.42,0.6,0.79,2,29.0,21.41,3.0,1.0,54.4,WATCH ⭐⭐,Expected ~34% CAGR (2yr) | Revenue CAGR 29% | Profit CAGR 24% | ROE 32% | Nearly debt-free | Promoter 74% holding,Pattern still forming (not broken out),3-4 years,Medium-High,"yfinance, screener.in",70,92,,2026-06-01,2026-06-01,0,,1,
AXISBANK,Axis Bank Limited,Financial Services,Banks - Regional,400124.0,Large-Cap,MonthlyDoubleBottom,Forming,1.0,20,Sep 20mo | Mid rally 100% | Asymmetry 0%,MonthlyDoubleBottom+MonthlyStage2,Uptrend,True,False,Constructive,False,Stage2,12,Uptrend,Uptrend,1238.3,292.75,145.82,1052.55,2363.05,2538.73,4272.9,3177.59,105.0,43.2,15.22,10.21,1.86,0.44,,8.0,0.0,1580.45,40,strong_buy,13.2,6.24,,39.19,,35.41,1.47,4.05,14.87,15.53,-5.83,34.47,29.63,1.7,0.15,highly inconsistent earnings,,,,,,,8.14,-0.01,,42.04,-0.54,43.35,0.7,1418.3,1042.5,12.7,18.8,10.79,2.66,0.62,0.45,2,14.0,25.0,11.0,4.0,54.0,WATCH ⭐⭐,Expected ~43% CAGR (2yr) | Profit CAGR 34% | OPM 39% | DII buying +0.7% ↑ | PEG 0.44 — deeply undervalued | Analyst target ₹1580 (+28%),Earnings due 2026-07-16 | Pattern still forming (not broken out),3-4 years,Medium-High,"yfinance, screener.in",80,331,2026-07-16,2026-06-01,2026-06-01,0,,1,
ADFFOODS,ADF Foods Limited,Consumer Defensive,Packaged Foods,2908.0,Small-Cap,MonthlyStage2,Stage Change,1.0,24,10-EMA=225 | 30-EMA=220 | Above by 22.2% | MA turning=Yes,MonthlyDoubleBottom+MonthlyStage2,Uptrend,True,False,Tight-Above-MAs,True,Stage2,15,Uptrend,Uptrend,269.15,220.23,167.18,228.78,424.5,497.22,582.4,497.22,84.7,35.9,32.35,,5.08,1.89,22.0,45.0,14.47,266.0,1,hold,17.8,22.8,-0.66,19.0,0.29,13.16,9.9,15.76,14.92,13.04,30.43,17.13,12.47,57.6,0.15,highly inconsistent earnings,0.1,,3.84,,-30.62,-1.05,36.14,0.0,,11.55,0.24,23.21,0.1,301.65,153.1,10.8,75.8,6.82,25.67,0.98,0.58,5,17.0,28.5,5.0,3.0,53.5,WATCH ⭐⭐,Expected ~36% CAGR (2yr) | ROCE 23% | Nearly debt-free | Piotroski F=5 (above average quality) | Dividend growing 14%/yr | EV/EBITDA 22× vs sector 30×,None identified,3-4 years,Medium-High,"yfinance, screener.in",100,189,,2026-06-01,2026-06-01,0,,1,
ARTEMISMED,Artemis Medicare Services Limited,,,0.0,Micro-Cap,MonthlyStage2,Stage Change,1.0,24,10-EMA=250 | 30-EMA=227 | Above by 21.1% | MA turning=Yes,MonthlyDoubleBottom+MonthlyStage2,Sideways-Above-MA,True,True,Constructive,True,Unknown,0,Uptrend,Uptrend,275.22,227.3,176.67,233.94,116.1,277.93,227.17,162.4,1.0,0.5,119.37,21.87,4.62,2.99,20.09,0.16,0.0,335.0,3,strong_buy,12.0,14.6,2.09,17.0,1.54,9.33,7.62,15.37,13.62,21.52,26.83,39.88,76.92,28.3,0.15,highly inconsistent earnings,0.28,,1.74,,10.12,,58.39,0.01,,12.19,-0.28,2.89,-0.02,297.5,203.35,7.5,35.3,15.78,97.68,0.95,,7,26.0,21.5,2.0,4.0,53.5,WATCH ⭐⭐,Expected ~0% CAGR (2yr) | Profit CAGR 40% | ROCE trend rising ↑ | Low D/E 0.28 | Promoter 58% holding | Piotroski F=7 (high quality compounder),High PE 119,3-4 years,Medium-High,"yfinance, screener.in",100,77,,2026-06-01,2026-06-01,0,,1,
EIHOTEL,EIH Limited,Consumer Cyclical,Lodging,18523.0,Mid-Cap,MonthlyDoubleBottom,Forming,1.0,24,Sep 24mo | Mid rally 191% | Asymmetry 3%,,Downtrend,False,False,Below-MAs,False,Stage2,3,Uptrend,Uptrend,326.25,187.68,63.63,277.31,667.96,841.17,1059.28,841.17,157.8,60.6,29.5,24.68,3.93,1.14,17.39,51.0,45.0,,0,none,14.5,20.7,7.03,35.0,18.91,21.37,8.89,7.18,13.35,42.86,-14.68,25.93,34.55,-6.1,0.2,multiple loss years in history,0.05,,2.69,,85.06,0.46,32.85,0.0,,6.62,0.46,13.88,-0.25,434.8,271.15,25.0,20.3,-3.88,32.66,0.1,-0.19,7,29.0,16.5,8.0,0.0,53.5,WATCH ⭐⭐,Expected ~61% CAGR (2yr) | Profit CAGR 26% | ROCE 21% | ROCE trend rising ↑ | Nearly debt-free | OPM 35%,Pattern still forming (not broken out),3-4 years,Medium-High,"yfinance, screener.in",100,365,,2026-06-01,2026-06-01,0,,1,
NAZARA,Nazara Technologies Limited,Communication Services,Electronic Gaming & Multimedia,10290.0,Mid-Cap,MonthlyStage2,Stage Change,1.0,24,10-EMA=270 | 30-EMA=250 | Above by 17.8% | MA turning=Yes,MonthlyDoubleBottom+MonthlyStage2,Sideways-Above-MA,True,False,Constructive,True,Downtrend,0,Uptrend,Uptrend,294.95,250.43,217.27,250.71,957.01,751.57,1165.57,1056.15,154.8,59.6,10.2,37.53,2.95,0.98,38.51,0.0,,294.7,10,buy,30.5,27.2,3.11,-2.0,-2.17,5.24,0.34,12.62,18.79,32.14,60.78,10.36,42.41,66971.4,0.15,highly inconsistent earnings,0.06,,2.05,,157.85,1.53,35.45,0.0,,13.3,1.32,2.16,-1.46,363.25,215.7,18.8,36.7,-1.71,39.74,1.27,0.07,6,25.0,21.5,6.0,1.0,53.5,WATCH ⭐⭐,Expected ~60% CAGR (2yr) | Revenue CAGR 19% | ROE 30% | ROCE 27% | ROCE trend rising ↑ | Nearly debt-free,Margin compression ↓,3-4 years,Medium-High,"yfinance, screener.in",100,63,,2026-06-01,2026-06-01,0,,1,
VADILALIND,Vadilal Industries Limited,Consumer Defensive,Packaged Foods,3481.0,Small-Cap,MonthlyDoubleBottom,Forming,1.0,32,Sep 32mo | Mid rally 199% | Asymmetry 2%,,Sideways,False,False,Constructive,True,Stage2,15,Uptrend,Uptrend,4250.8,1161.36,384.57,3613.18,9709.1,11389.75,13361.31,11389.75,167.9,63.7,22.42,,4.43,1.3,13.51,43.0,156.12,,0,none,20.1,22.2,2.69,17.0,1.83,10.17,11.7,21.41,12.42,26.55,3.33,17.31,98.73,149.4,0.15,highly inconsistent earnings,0.27,,3.0,,-20.01,-0.57,64.72,0.0,,0.58,0.02,0.42,0.0,6090.0,3996.0,30.2,6.4,-15.55,26.24,0.4,,6,24.0,20.5,8.0,1.0,53.5,WATCH ⭐⭐,Expected ~64% CAGR (2yr) | ROE 20% | ROCE 22% | ROCE trend rising ↑ | Low D/E 0.27 | Promoter 65% holding,Pattern still forming (not broken out),3-4 years,Medium-High,"yfinance, screener.in",100,180,,2026-06-01,2026-06-01,0,,1,
ZENSARTECH,Zensar Technologies Limited,Technology,Information Technology Services,11203.0,Mid-Cap,MonthlyDoubleBottom,Forming,1.0,46,Sep 46mo | Mid rally 195% | Asymmetry 7%,,Downtrend,False,False,Below-MAs,False,Downtrend,0,Uptrend,Uptrend,493.9,548.62,179.94,419.81,1507.37,1450.54,2674.02,2007.67,193.7,71.4,14.66,12.66,2.37,0.44,15.84,271.0,-21.7,614.83,12,buy,18.1,23.5,0.71,16.0,-0.09,7.27,,7.69,5.46,8.51,19.23,33.19,20.35,19.4,0.15,highly inconsistent earnings,0.02,,,,,,49.01,0.0,,10.51,-1.29,23.66,0.54,894.0,470.1,44.8,5.1,-32.96,9.64,0.53,,1,25.0,15.5,13.0,0.0,53.5,WATCH ⭐⭐,Expected ~71% CAGR (2yr) | Profit CAGR 33% | ROCE 24% | ROCE trend rising ↑ | Nearly debt-free | DII buying +0.5% ↑,Pattern still forming (not broken out),3-4 years,Medium-High,"yfinance, screener.in",80,287,,2026-06-01,2026-06-01,0,,1,
HAL,Hindustan Aeronautics Limited,Industrials,Aerospace & Defense,287827.0,Large-Cap,MonthlyCupHandle,Forming,0.939,21,Cup 21mo | Depth 19% | Prior gain 132% | R²=0.97,MonthlyCupHandle+MonthlyStage2,Sideways,False,False,Below-MAs,True,Stage2,4,Uptrend,Uptrend,4333.2,5084.06,4137.25,3930.39,5268.22,6030.87,7098.7,6115.35,39.2,18.0,31.55,25.78,7.01,1.96,29.73,116.0,25.99,5157.46,24,buy,24.0,32.0,1.43,30.0,1.97,27.55,3.55,6.8,7.11,7.66,8.99,16.08,22.94,5.5,0.4,lumpy earner,0.0,,2.61,,-14431.69,-5.01,71.64,0.0,,10.21,-0.65,10.43,0.75,5147.0,3479.1,15.8,24.5,-2.54,113.02,0.71,0.55,5,31.0,18.27,3.0,1.0,53.3,WATCH ⭐⭐,Expected ~18% CAGR (2yr) | ROE 24% | ROCE 32% | ROCE trend rising ↑ | Nearly debt-free | Promoter 72% holding,Earnings due 2026-08-11 | Pattern still forming (not broken out),3-4 years,Medium-High,"yfinance, screener.in",100,98,2026-08-11,2026-06-01,2026-06-01,0,,1,
MRF,MRF Limited,Consumer Cyclical,Auto Parts,52344.0,Large-Cap,MonthlyDoubleBottom,Forming,0.547,40,Sep 40mo | Mid rally 61% | Asymmetry 6%,,Downtrend,False,False,Below-MAs,False,Stage2,3,Uptrend,Uptrend,126730.0,97766.92,58930.66,107720.5,501954.54,496535.28,1079661.83,736166.53,291.8,97.9,21.6,18.26,2.5,0.46,10.27,19.0,-74.22,137088.4,10,none,12.5,15.7,1.26,16.0,0.26,7.79,6.39,10.65,10.63,14.02,29.8,46.66,13.69,37.1,0.15,highly inconsistent earnings,0.15,,1.65,,2325.5,4.44,27.77,0.04,,17.98,-0.2,12.25,-0.25,163600.0,122000.0,22.5,3.9,-3.4,2.66,0.62,0.2,7,28.0,11.06,13.0,1.0,53.1,WATCH ⭐⭐,Expected ~98% CAGR (2yr) | Profit CAGR 47% | ROCE trend rising ↑ | Low D/E 0.15 | FCF yield 4.4% | Piotroski F=7 (high quality compounder),Earnings due 2026-05-07 | Pattern still forming (not broken out),3-4 years,Medium-High,"yfinance, screener.in",100,287,2026-05-07,2026-06-01,2026-06-01,0,,1,
PYRAMID,Pyramid Technoplast Limited,Consumer Cyclical,Packaging & Containers,602.0,Small-Cap,MonthlyDoubleBottom,Forming,0.926,21,Sep 21mo | Mid rally 94% | Asymmetry 2%,MonthlyDoubleBottom+MonthlyStage2,Uptrend,True,False,Constructive,True,Stage2,3,Uptrend,Uptrend,170.81,258.24,131.8,145.19,782.98,1230.84,1934.88,1230.84,620.6,168.4,20.58,,2.3,0.36,13.64,31.0,,,0,none,10.96,,,8.17,,4.23,6.16,13.8,,,57.2,,,51.6,0.5,insufficient history,0.67,,1.73,,-134.41,-22.34,74.94,0.0,,0.97,0.01,3.26,0.0,190.0,131.8,10.1,29.6,2.59,,1.55,0.26,3,14.0,24.11,12.0,3.0,53.1,WATCH ⭐⭐,Expected ~168% CAGR (2yr) | Profit CAGR 57% | Promoter 75% holding | PEG 0.36 — deeply undervalued | EV/EBITDA 14× below sector (25×) | MonthlyDoubleBottom forming (21mo base),Pattern still forming (not broken out),3-4 years,Medium-High,"yfinance, screener.in",70,34,,2026-06-01,2026-06-01,0,,1,
BALUFORGE,Balu Forge Industries Limited,Industrials,Metal Fabrication,5780.0,Small-Cap,None,,0.0,0,,,Downtrend,False,False,Below-MAs,False,Stage2,4,Uptrend,Uptrend,469.45,,,399.03,1477.47,2766.42,5179.84,2766.42,489.3,142.8,21.42,,4.08,0.25,17.18,3.0,0.0,,0,none,25.4,31.3,0.9,28.0,4.09,22.98,,20.45,50.42,50.95,25.49,87.24,100.0,20.5,0.4,lumpy earner,0.07,,,,,,54.39,-0.48,,6.03,-1.91,0.89,0.09,784.0,341.05,40.1,37.6,-26.55,,,0.61,3,40.0,3.0,10.0,0.0,53.0,WATCH ⭐⭐,Expected ~143% CAGR (2yr) | Revenue CAGR 50% | Profit CAGR 87% | ROE 25% | ROCE 31% | ROCE trend rising ↑,None identified,3-4 years,Medium-High,"yfinance, screener.in",80,26,,2026-06-01,2026-06-01,0,,1,
FIVESTAR,Five-Star Business Finance Limited,Financial Services,Credit Services,13140.0,Mid-Cap,MonthlyDoubleBottom,Forming,0.876,30,Sep 30mo | Mid rally 89% | Asymmetry 1%,,Sideways,False,False,Below-MAs,True,Stage2,12,Uptrend,Uptrend,453.4,940.49,494.39,469.67,1834.81,2716.02,9192.35,4106.85,499.0,144.8,11.95,9.08,1.78,0.1,,45.0,,629.78,9,none,16.0,17.0,,60.51,,48.52,7.27,103.48,104.25,,196.23,123.83,,-3.5,0.4,lumpy earner,1.11,,329.68,,,,18.61,0.05,,48.48,-4.47,17.58,2.84,828.0,338.15,45.2,34.1,-33.61,-52.84,0.34,0.78,3,24.0,18.01,11.0,0.0,53.0,WATCH ⭐⭐,Expected ~145% CAGR (2yr) | Revenue CAGR 104% | Profit CAGR 124% | OPM 61% | DII buying +2.8% ↑ | PEG 0.10 — deeply undervalued,High D/E 1.1 | Pattern still forming (not broken out),3-4 years,Medium-High,"yfinance, screener.in",90,43,,2026-06-01,2026-06-01,0,,1,
PHOENIXLTD,The Phoenix Mills Limited,Real Estate,Real Estate - Diversified,63345.0,Large-Cap,MonthlyDoubleBottom,Forming,1.0,19,Sep 19mo | Mid rally 106% | Asymmetry 5%,MonthlyCupHandle+MonthlyDoubleBottom,Uptrend,True,False,Tight-Above-MAs,True,Stage2,3,Uptrend,Uptrend,1721.8,485.27,230.52,1463.53,897.56,1351.84,929.25,913.27,,,50.5,34.28,5.76,28.86,26.98,14.0,27.72,2009.7,20,buy,11.6,12.8,1.86,60.0,2.23,27.67,6.41,16.18,19.13,33.58,19.13,1.75,100.54,50.0,0.15,highly inconsistent earnings,0.37,,0.87,,1810.56,2.86,47.25,0.0,,32.97,-0.88,16.14,0.88,1993.0,1402.5,13.6,22.8,17.87,98.47,0.33,0.33,6,19.0,28.0,2.0,4.0,53.0,WATCH ⭐⭐,Revenue CAGR 19% | ROCE trend rising ↑ | OPM 60% | Piotroski F=6 (above average quality) | DII buying +0.9% ↑ | Dividend growing 28%/yr,High PE 51 | Earnings due 2026-07-23 | Pattern still forming (not broken out),3-4 years,Medium-High,"yfinance, screener.in",100,230,2026-07-23,2026-06-01,2026-06-01,0,,1,
RBZJEWEL,RBZ Jewellers Limited,Consumer Cyclical,Luxury Goods,497.0,Micro-Cap,MonthlyDoubleBottom,Forming,1.0,10,Sep 10mo | Mid rally 107% | Asymmetry 6%,,Downtrend,False,False,Below-MAs,False,Stage2,3,Uptrend,Uptrend,123.52,251.68,118.15,112.24,987.5,1346.95,1837.24,1346.95,990.5,230.2,9.08,,1.66,0.25,7.23,,,,0,none,20.11,,,10.43,,8.61,13.06,38.0,,,36.4,,,36.3,0.5,insufficient history,0.57,,2.99,,-61.32,-12.33,75.0,0.0,,0.0,0.0,0.07,0.01,179.0,100.0,31.0,23.5,-5.21,,0.49,0.29,3,25.0,15.0,13.0,0.0,53.0,WATCH ⭐⭐,Expected ~230% CAGR (2yr) | Revenue CAGR 38% | Profit CAGR 36% | ROE 20% | Promoter 75% holding | PEG 0.25 — deeply undervalued,Pattern still forming (not broken out),3-4 years,Medium-High,"yfinance, screener.in",70,30,,2026-06-01,2026-06-01,0,,1,
RISHABH,Rishabh Instruments Limited,Technology,Scientific & Technical Instruments,2046.0,Small-Cap,MonthlyStage2,Breaking Out,1.0,24,10-EMA=417 | 30-EMA=404 | Above by 31.0% | MA turning=Yes,,Uptrend,True,True,Uptrend,True,Downtrend,0,Uptrend,Uptrend,529.2,403.96,209.95,449.82,834.57,984.21,1160.68,984.21,86.0,36.4,25.13,16.81,2.74,1.4,15.19,0.0,,630.0,1,strong_buy,12.0,14.5,-0.69,16.0,-0.71,10.52,6.01,7.64,10.78,14.72,290.48,17.93,17.9,207.7,0.15,highly inconsistent earnings,0.11,,3.02,,-33.72,-1.65,69.55,-0.12,,0.1,-0.14,11.72,-0.85,566.0,272.3,6.5,94.3,86.98,,1.75,1.12,4,11.0,27.0,7.0,8.0,53.0,WATCH ⭐⭐,Expected ~36% CAGR (2yr) | Low D/E 0.11 | Promoter 70% holding | Margin compressing ↓ ⚠️ | PEG 1.40 — fair value | EV/EBITDA 15× vs sector 20×,Margin compression ↓,3-4 years,Medium-High,"yfinance, screener.in",100,33,,2026-06-01,2026-06-01,0,,1,
LODHA,Lodha Developers Limited,Real Estate,Real Estate - Development,93708.0,Large-Cap,MonthlyDoubleBottom,Forming,0.37,12,Sep 12mo | Mid rally 43% | Asymmetry 6%,,Sideways,False,False,Below-MAs,True,Stage2,3,Uptrend,Uptrend,892.2,1525.97,1039.62,987.64,2242.78,3054.47,8208.47,4290.67,242.4,85.0,27.4,19.73,4.02,0.3,20.25,45.0,88.89,1200.17,18,none,15.8,16.6,1.91,30.0,1.26,20.56,5.26,21.02,20.76,25.07,24.0,91.31,134.87,9.4,0.15,highly inconsistent earnings,0.42,,1.75,,-2345.45,-2.5,72.27,0.42,,21.24,-2.25,4.62,1.45,1531.0,650.8,41.7,37.1,-27.89,9.01,0.72,0.6,6,31.0,10.94,11.0,0.0,52.9,WATCH ⭐⭐,Expected ~85% CAGR (2yr) | Revenue CAGR 21% | Profit CAGR 91% | ROCE trend rising ↑ | Promoter 72% holding | OPM 30%,Earnings due 2026-04-24 | Pattern still forming (not broken out),3-4 years,Medium-High,"yfinance, screener.in",100,62,2026-04-24,2026-06-01,2026-06-01,0,,1,
SILVERTUC,Silver Touch Technologies Limited,Technology,Information Technology Services,2134.0,Small-Cap,MonthlyDoubleBottom,Forming,0.354,13,Sep 13mo | Mid rally 37% | Asymmetry 2%,,Sideways,False,False,Below-MAs,True,Downtrend,0,Uptrend,Uptrend,146.05,844.59,609.96,579.46,126.46,1079.22,297.03,193.81,638.9,171.8,59.47,,14.71,1.12,36.57,3.0,-20.63,,0,none,23.6,28.9,4.77,18.0,2.6,10.45,11.89,20.14,28.26,17.88,63.64,53.26,104.77,43.4,0.15,highly inconsistent earnings,0.2,,1.95,,7.3,0.34,74.62,0.01,,1.14,0.39,0.0,-0.04,1117.45,100.5,86.9,45.3,-73.57,242.41,0.59,0.5,7,40.0,9.75,3.0,0.0,52.8,WATCH ⭐⭐,Expected ~172% CAGR (2yr) | Revenue CAGR 28% | Profit CAGR 53% | ROE 24% | ROCE 29% | ROCE trend rising ↑,High PE 59 | Pattern still forming (not broken out),3-4 years,Medium-High,"yfinance, screener.in",100,102,,2026-06-01,2026-06-01,0,,1,
APOLLOHOSP,Apollo Hospitals Enterprise Limited,Healthcare,Medical Care Facilities,117566.0,Large-Cap,MonthlyDoubleBottom,Forming,0.676,13,Sep 13mo | Mid rally 70% | Asymmetry 3%,,Uptrend,True,False,Uptrend,True,Stage2,4,Uptrend,Uptrend,8026.0,1784.0,1031.85,6822.1,9131.62,10982.61,16247.79,12180.66,36.8,17.0,60.61,38.27,12.4,1.82,33.0,24.0,-12.64,9185.53,30,strong_buy,22.1,17.9,1.46,15.0,0.51,7.7,8.44,15.76,14.94,19.03,33.09,33.39,71.0,35.9,0.15,highly inconsistent earnings,0.85,,1.06,,395.55,0.34,28.02,0.0,,42.62,-0.92,22.76,1.26,8443.0,6696.5,4.9,19.9,18.56,35.66,0.6,0.16,6,23.0,21.61,2.0,6.0,52.6,WATCH ⭐⭐,Expected ~17% CAGR (2yr) | Profit CAGR 33% | ROE 22% | ROCE trend rising ↑ | Piotroski F=6 (above average quality) | DII buying +1.3% ↑,High PE 61 | Earnings due 2026-08-12 | Pattern still forming (not broken out),3-4 years,Medium-High,"yfinance, screener.in",100,287,2026-08-12,2026-06-01,2026-06-01,0,,1,
DMCC,DMCC Speciality Chemicals Limited,Basic Materials,Chemicals,672.0,Small-Cap,MonthlyDoubleBottom,Forming,0.84,14,Sep 14mo | Mid rally 85% | Asymmetry 1%,MonthlyDoubleBottom+MonthlyStage2,Uptrend,True,False,Below-MAs,True,Stage2,1,Uptrend,Uptrend,295.65,449.34,242.55,251.3,407.68,656.13,1002.71,639.36,121.9,49.0,24.57,,2.7,0.43,10.79,93.0,35.72,,0,none,11.5,15.3,-0.63,11.0,-0.86,4.7,7.2,35.03,14.57,23.82,22.73,56.83,-3.93,9.8,0.15,highly inconsistent earnings,0.29,,1.37,,-17.99,-2.68,53.84,0.0,,0.13,0.0,1.27,0.0,350.0,191.35,15.5,54.5,21.65,-27.8,1.18,0.28,2,16.0,21.58,10.0,5.0,52.6,WATCH ⭐⭐,Expected ~49% CAGR (2yr) | Profit CAGR 57% | Low D/E 0.29 | Promoter 54% holding | Margin compressing ↓ ⚠️ | Dividend growing 36%/yr,Margin compression ↓ | Pattern still forming (not broken out),3-4 years,Medium-High,"yfinance, screener.in",100,54,,2026-06-01,2026-06-01,0,,1,
BCLIND,BCL Industries Limited,Consumer Defensive,Beverages - Wineries & Distilleries,963.0,Small-Cap,MonthlyDoubleBottom,Forming,1.0,40,Sep 40mo | Mid rally 223% | Asymmetry 7%,,Downtrend,False,False,Below-MAs,False,Stage2,15,Uptrend,Uptrend,33.81,85.38,25.53,28.74,244.28,307.77,387.76,307.77,810.3,201.7,8.37,,1.13,0.32,5.48,80.0,-19.59,,0,none,13.0,13.2,-0.54,8.0,0.49,4.12,7.82,4.16,17.27,15.49,24.27,25.99,24.97,-8.6,0.15,highly inconsistent earnings,0.6,,2.01,,166.15,17.25,58.23,0.2,,0.43,0.06,0.0,-0.02,49.3,25.53,31.4,32.4,-12.46,-54.71,0.59,0.72,6,23.0,16.5,13.0,0.0,52.5,WATCH ⭐⭐,Expected ~202% CAGR (2yr) | Revenue CAGR 17% | Profit CAGR 26% | Promoter 58% holding | FCF yield 17.2% | Piotroski F=6 (above average quality),Pattern still forming (not broken out),3-4 years,Medium-High,"yfinance, screener.in",100,63,,2026-06-01,2026-06-01,0,,1,
BLISSGVS,Bliss GVS Pharma Limited,Healthcare,Drug Manufacturers - Specialty & Generic,4499.0,Small-Cap,MonthlyDoubleBottom,Forming,1.0,31,Sep 31mo | Mid rally 217% | Asymmetry 10%,,Uptrend,True,True,Uptrend,True,Stage2,4,Uptrend,Uptrend,282.8,215.02,64.6,240.38,435.39,525.0,633.04,525.0,85.6,36.3,35.47,,3.97,1.72,32.77,24.0,0.0,,0,none,11.6,16.8,0.6,18.0,0.11,12.57,,14.44,7.22,9.95,50.0,20.58,12.78,-2.3,0.15,highly inconsistent earnings,0.04,,,,,,35.36,0.0,,10.45,-4.09,5.04,-0.74,438.0,118.0,35.4,139.7,87.45,235.06,0.53,0.95,2,14.0,26.5,2.0,10.0,52.5,WATCH ⭐⭐,Expected ~36% CAGR (2yr) | Profit CAGR 21% | ROCE trend rising ↑ | Nearly debt-free | MonthlyDoubleBottom forming (31mo base) | Weekly uptrend,Pattern still forming (not broken out),3-4 years,Medium-High,"yfinance, screener.in",80,191,,2026-06-01,2026-06-01,0,,1,
DHANUKA,Dhanuka Agritech Limited,Basic Materials,Agricultural Inputs,5115.0,Small-Cap,MonthlyDoubleBottom,Forming,1.0,24,Sep 24mo | Mid rally 117% | Asymmetry 4%,,Sideways,False,False,Below-MAs,True,Stage2,1,Uptrend,Uptrend,1181.6,1975.0,889.6,1004.36,1612.77,3060.4,2038.62,1813.23,159.0,60.9,17.79,14.5,3.31,1.43,12.02,18.0,-47.72,1414.38,8,buy,22.0,28.3,-0.57,20.0,0.66,14.22,10.87,15.69,11.25,12.69,24.27,12.43,16.07,29.5,0.15,highly inconsistent earnings,0.02,,4.09,,112.15,2.19,69.72,0.0,,1.93,-0.21,19.43,0.65,1975.0,889.6,40.2,32.8,-24.85,26.84,3.26,0.31,6,27.0,19.5,6.0,0.0,52.5,WATCH ⭐⭐,Expected ~61% CAGR (2yr) | ROE 22% | ROCE 28% | Nearly debt-free | Promoter 70% holding | Piotroski F=6 (above average quality),Pattern still forming (not broken out),3-4 years,Medium-High,"yfinance, screener.in",100,180,,2026-06-01,2026-06-01,0,,1,
HAPPYFORGE,HAPPY FORGINGS LIMITED,Industrials,Metal Fabrication,13090.0,Mid-Cap,MonthlyStage2,Stage Change,1.0,24,10-EMA=1177 | 30-EMA=1076 | Above by 27.5% | MA turning=Yes,MonthlyDoubleBottom+MonthlyStage2,Uptrend,True,False,Tight-Above-MAs,True,Stage2,4,Uptrend,Uptrend,1371.9,1076.29,767.47,1166.12,1124.54,1385.11,1437.19,1271.29,1.0,0.5,43.48,29.41,6.68,3.33,27.89,29.0,-25.0,1455.29,7,buy,15.2,18.2,-1.5,30.0,0.63,19.5,9.84,9.72,8.9,21.45,13.11,13.05,28.56,23.4,0.4,lumpy earner,0.15,,2.35,,-33.0,-0.25,78.48,-0.02,,1.73,-0.11,16.48,-0.25,1490.0,862.05,7.9,59.1,50.68,,1.23,0.93,4,16.0,28.5,0.0,8.0,52.5,WATCH ⭐⭐,Expected ~0% CAGR (2yr) | Low D/E 0.15 | Promoter 78% holding | OPM 30% | MonthlyStage2 forming (24mo base) | Weekly uptrend,None identified,3-4 years,Medium-High,"yfinance, screener.in",100,30,,2026-06-01,2026-06-01,0,,1,
INDIAGLYCO,India Glycols Limited,Basic Materials,Chemicals,6535.0,Small-Cap,MonthlyDoubleBottom,Forming,1.0,41,Sep 41mo | Mid rally 459% | Asymmetry 8%,,Uptrend,True,False,Uptrend,True,Stage2,1,Uptrend,Uptrend,998.2,216.52,37.22,848.47,1295.85,1653.63,2110.2,1653.63,65.7,28.7,21.23,,2.52,0.77,12.59,128.0,25.99,,0,none,11.3,12.4,0.63,15.0,0.74,6.95,4.86,11.76,16.68,12.69,26.84,27.61,17.29,35.7,0.15,highly inconsistent earnings,0.58,,0.74,,-315.34,-4.83,59.63,0.0,,2.27,-0.15,5.19,-0.03,1222.0,792.5,18.3,26.0,5.61,213.31,0.49,0.31,5,18.0,26.5,6.0,2.0,52.5,WATCH ⭐⭐,Expected ~29% CAGR (2yr) | Revenue CAGR 17% | Profit CAGR 28% | ROCE trend rising ↑ | Promoter 60% holding | Piotroski F=5 (above average quality),Pattern still forming (not broken out),3-4 years,Medium-High,"yfinance, screener.in",100,286,,2026-06-01,2026-06-01,0,,1,
MUNJALSHOW,Munjal Showa Limited,Consumer Cyclical,Auto Parts,554.0,Small-Cap,MonthlyDoubleBottom,Forming,1.0,36,Sep 36mo | Mid rally 114% | Asymmetry 3%,MonthlyDoubleBottom+MonthlyStage2,Sideways-Above-MA,True,True,Constructive,True,Stage2,3,Uptrend,Uptrend,132.84,244.95,112.69,112.91,812.38,1488.28,2726.53,1488.28,1020.4,234.7,17.97,,0.83,0.22,10.81,325.0,0.0,,0,none,,,,2.79,,2.43,,9.6,,,83.2,,,82.4,0.5,insufficient history,,,,,,,65.02,0.0,,0.09,-0.08,0.01,0.0,157.5,110.3,15.7,20.4,9.66,-15.87,0.56,0.29,0,13.0,22.5,14.0,3.0,52.5,WATCH ⭐⭐,Expected ~235% CAGR (2yr) | Profit CAGR 83% | Promoter 65% holding | PEG 0.22 — deeply undervalued | EV/EBITDA 11× below sector (25×) | MonthlyDoubleBottom forming (36mo base),Pattern still forming (not broken out),3-4 years,Medium-High,"yfinance, screener.in",40,287,,2026-06-01,2026-06-01,0,,1,
NESCO,Nesco Limited,Industrials,Conglomerates,8269.0,Mid-Cap,MonthlyStage2,Stage Change,1.0,24,10-EMA=1182 | 30-EMA=1046 | Above by 20.3% | MA turning=Yes,MonthlyDoubleBottom+MonthlyStage2,Sideways-Above-MA,True,False,Constructive,True,Stage2,4,Uptrend,Uptrend,1258.6,1045.86,865.55,1069.81,2201.27,2473.79,2780.04,2473.79,96.6,40.2,20.04,17.34,2.76,1.62,14.43,60.0,29.4,1289.0,1,none,14.7,18.3,0.8,53.0,-2.11,40.01,10.08,27.32,19.51,26.21,10.13,12.38,19.15,5.0,0.15,highly inconsistent earnings,0.09,,0.83,,68.46,0.83,68.54,0.0,,4.63,-0.02,3.84,0.06,1638.9,911.65,23.2,38.1,16.06,79.94,0.36,0.56,5,23.0,22.5,5.0,2.0,52.5,WATCH ⭐⭐,Expected ~40% CAGR (2yr) | Revenue CAGR 20% | ROCE trend rising ↑ | Nearly debt-free | Promoter 69% holding | OPM 53%,Margin compression ↓,3-4 years,Medium-High,"yfinance, screener.in",100,218,,2026-06-01,2026-06-01,0,,1,
SHARDACROP,Sharda Cropchem Limited,Basic Materials,Agricultural Inputs,8165.0,Mid-Cap,MonthlyDoubleBottom,Breakout Ready,0.712,20,Sep 20mo | Mid rally 74% | Asymmetry 3%,,Downtrend,False,False,Below-MAs,False,Stage2,1,Uptrend,Uptrend,916.3,515.05,292.69,778.85,2076.78,2072.54,3287.16,2612.79,126.2,50.4,11.99,11.0,3.05,0.46,7.29,133.0,0.0,1262.17,6,buy,24.2,30.4,-0.06,20.0,-0.46,12.93,8.51,21.94,9.2,17.07,124.01,25.81,24.35,56.5,0.15,highly inconsistent earnings,,,1.86,,-142.3,-1.74,74.82,0.0,,4.6,0.4,9.7,-0.25,1297.0,720.95,29.4,27.1,21.62,47.2,1.27,0.7,3,19.0,15.54,14.0,4.0,52.5,WATCH ⭐⭐,Expected ~50% CAGR (2yr) | Profit CAGR 26% | ROE 24% | ROCE 30% | Promoter 75% holding | PEG 0.46 — deeply undervalued,None identified,3-4 years,Medium-High,"yfinance, screener.in",90,141,,2026-06-01,2026-06-01,0,,1,
INDIAMART,IndiaMART InterMESH Limited,Communication Services,Internet Content & Information,12117.0,Mid-Cap,MonthlyDoubleBottom,Forming,0.735,33,Sep 33mo | Mid rally 78% | Asymmetry 5%,,Downtrend,False,False,Below-MAs,False,Downtrend,0,Uptrend,Uptrend,1982.6,3241.48,1779.33,1690.36,2760.34,4703.63,3889.23,3276.52,137.2,54.0,25.58,19.55,5.05,1.37,17.31,149.0,268.4,2332.11,18,none,20.7,28.0,-0.4,30.0,-3.11,30.25,7.16,13.04,16.79,18.55,-13.79,18.7,11.15,-72.2,0.15,highly inconsistent earnings,0.01,,2.34,,503.42,4.15,49.12,0.0,,19.17,0.89,13.54,-2.87,2799.0,1911.0,29.2,3.7,-14.65,-50.59,0.5,0.26,5,32.0,12.32,8.0,0.0,52.3,WATCH ⭐⭐,Expected ~54% CAGR (2yr) | Revenue CAGR 17% | ROE 21% | ROCE 28% | Nearly debt-free | OPM 30%,Margin compression ↓ | Earnings due 2026-07-17 | Pattern still forming (not broken out),3-4 years,Medium-High,"yfinance, screener.in",100,83,2026-07-17,2026-06-01,2026-06-01,0,,1,
DLINKINDIA,D-Link (India) Limited,Technology,Communication Equipment,1647.0,Small-Cap,MonthlyStage2,Stage Change,0.894,24,10-EMA=439 | 30-EMA=410 | Above by 13.4% | MA turning=Yes,MonthlyDoubleBottom+MonthlyStage2,Uptrend,True,True,Tight-Above-MAs,True,Downtrend,0,Uptrend,Uptrend,464.65,409.72,352.15,394.95,884.61,942.46,1004.1,942.46,102.8,42.4,15.82,,3.26,2.42,11.62,884.0,91.29,,0,none,21.2,28.3,2.37,8.0,0.54,6.65,10.0,13.15,9.86,16.59,0.5,6.54,27.39,0.7,0.15,highly inconsistent earnings,0.03,,2.56,,-0.62,-0.04,51.02,0.0,,1.26,0.13,0.01,0.0,589.55,367.65,21.2,26.4,-6.59,77.36,0.88,0.28,5,21.0,26.23,4.0,1.0,52.2,WATCH ⭐⭐,Expected ~42% CAGR (2yr) | ROE 21% | ROCE 28% | ROCE trend rising ↑ | Nearly debt-free | Promoter 51% holding,None identified,3-4 years,Medium-High,"yfinance, screener.in",100,198,,2026-06-01,2026-06-01,0,,1,
CRAFTSMAN,Craftsman Automation Limited,Consumer Cyclical,Auto Parts,21647.0,Mid-Cap,MonthlyDoubleBottom,Breakout Ready,0.886,13,Sep 13mo | Mid rally 91% | Asymmetry 2%,,Uptrend,True,True,Tight-Above-MAs,True,Stage2,3,Uptrend,Uptrend,8536.0,7115.25,3696.88,7255.6,7419.19,10533.62,9851.16,8549.13,23.4,11.1,56.5,28.85,6.63,3.71,20.27,12.0,10.06,9161.88,8,buy,12.8,14.2,-0.54,15.0,-2.66,4.76,6.17,41.81,36.35,38.91,91.04,15.23,31.68,74.4,0.15,highly inconsistent earnings,1.11,,1.18,,-920.06,-4.25,48.7,0.0,,15.19,-0.83,28.29,3.04,9738.0,5100.0,12.3,67.4,60.81,90.23,4.68,0.23,3,11.0,29.13,4.0,8.0,52.1,WATCH ⭐⭐,Expected ~11% CAGR (2yr) | Revenue CAGR 36% | Margin compressing ↓ ⚠️ | DII buying +3.0% ↑ | Dividend growing 10%/yr | EV/EBITDA 20× vs sector 25×,High D/E 1.1 | High PE 56 | Margin compression ↓,3-4 years,Medium-High,"yfinance, screener.in",100,63,,2026-06-01,2026-06-01,0,,1,
FORCEMOT,Force Motors Limited,Consumer Cyclical,Auto Manufacturers,25658.0,Mid-Cap,None,,0.0,0,,,Downtrend,False,False,Below-MAs,False,Stage2,3,Uptrend,Uptrend,19206.0,,,16325.1,127970.1,266625.71,555514.67,266625.71,1288.2,272.6,18.76,,6.12,0.17,17.05,21.0,58.74,,0,none,29.2,36.1,9.23,16.0,3.37,13.38,12.82,12.2,21.67,35.43,51.31,108.35,53.33,-35.9,0.2,multiple loss years in history,,,1.87,,-98.59,-0.38,61.63,0.0,,10.93,0.47,1.75,-0.05,26450.0,11580.0,27.4,65.9,27.17,954.03,,0.59,6,33.0,3.0,12.0,4.0,52.0,WATCH ⭐⭐,Expected ~273% CAGR (2yr) | Revenue CAGR 22% | Profit CAGR 108% | ROE 29% | ROCE 36% | ROCE trend rising ↑,None identified,3-4 years,Medium-High,"yfinance, screener.in",90,81,,2026-06-01,2026-06-01,0,,1,
GULFOILLUB,Gulf Oil Lubricants India Limited,Basic Materials,Specialty Chemicals,4818.0,Small-Cap,MonthlyDoubleBottom,Forming,0.335,9,Sep 9mo | Mid rally 35% | Asymmetry 1%,,Sideways,False,False,Below-MAs,True,Stage2,1,Uptrend,Uptrend,905.95,752.98,553.73,770.06,1679.55,1801.82,2188.11,1917.04,98.9,41.0,13.3,9.65,2.91,0.94,8.3,432.0,-5.65,1629.0,5,strong_buy,24.3,26.2,1.0,13.0,0.2,8.57,9.63,11.7,10.59,,-3.36,14.14,,-2.6,0.15,highly inconsistent earnings,0.36,,1.85,,232.22,4.82,67.01,-0.1,,8.91,-0.31,8.17,0.04,1331.9,865.0,32.0,4.7,-17.87,99.87,0.38,0.66,7,29.0,10.02,13.0,0.0,52.0,WATCH ⭐⭐,Expected ~41% CAGR (2yr) | ROE 24% | ROCE 26% | ROCE trend rising ↑ | Promoter 67% holding | FCF yield 4.8%,Pattern still forming (not broken out),3-4 years,Medium-High,"yfinance, screener.in",100,143,,2026-06-01,2026-06-01,0,,1,
PATANJALI,Patanjali Foods Limited,Consumer Defensive,Packaged Foods,49629.0,Large-Cap,MonthlyDoubleBottom,Forming,1.0,9,Sep 9mo | Mid rally 137% | Asymmetry 5%,,Sideways,False,False,Below-MAs,True,Stage2,15,Uptrend,Uptrend,471.1,5144.45,2118.49,2012.57,2110.76,8170.41,6835.06,3798.31,1634.3,316.5,30.11,24.59,4.1,0.38,27.57,77.0,-4.35,611.25,4,none,11.4,,-11.29,5.0,2.8,4.24,,13.36,47.66,5.07,26.75,79.95,47.77,60.0,0.2,multiple loss years in history,0.24,,,,,,68.25,-0.01,,9.2,-1.62,12.06,-0.98,653.93,438.0,28.0,7.6,-6.26,-1.62,0.79,-0.14,2,21.0,18.0,13.0,0.0,52.0,WATCH ⭐⭐,Expected ~316% CAGR (2yr) | Revenue CAGR 48% | Profit CAGR 80% | Low D/E 0.24 | Promoter 68% holding | PEG 0.38 — deeply undervalued,Earnings due 2026-05-30 | Pattern still forming (not broken out),3-4 years,Medium-High,"yfinance, screener.in",70,287,2026-05-30,2026-06-01,2026-06-01,0,,1,
TCS,Tata Consultancy Services Limited,Technology,Information Technology Services,817290.0,Large-Cap,MonthlyDoubleBottom,Forming,0.538,30,Sep 30mo | Mid rally 54% | Asymmetry 1%,,Downtrend,False,False,Below-MAs,False,Downtrend,0,Uptrend,Uptrend,2327.1,4348.04,2804.96,2664.71,4083.45,5891.12,4531.21,4301.51,153.2,59.1,16.61,13.65,7.2,3.11,11.16,549.0,-9.06,2939.58,43,buy,51.8,63.0,3.09,27.0,-0.29,18.43,24.44,4.58,5.8,10.22,1.35,5.34,8.72,12.2,0.4,lumpy earner,0.1,,2.23,,37059.75,4.53,71.77,0.0,,9.66,-0.71,13.34,0.53,3538.0,2206.4,34.2,5.5,-23.02,-46.46,0.83,0.29,5,35.0,9.96,7.0,0.0,52.0,WATCH ⭐⭐,Expected ~59% CAGR (2yr) | ROE 52% | ROCE 63% | ROCE trend rising ↑ | Low D/E 0.10 | Promoter 72% holding,Earnings due 2026-07-09 | Pattern still forming (not broken out),3-4 years,Medium-High,"yfinance, screener.in",100,286,2026-07-09,2026-06-01,2026-06-01,0,,1,
THERMAX,Thermax Limited,Industrials,Conglomerates,56129.0,Large-Cap,MonthlyStage2,Breaking Out,1.0,24,10-EMA=3575 | 30-EMA=3451 | Above by 28.0% | MA turning=Yes,MonthlyDoubleBottom+MonthlyStage2,Uptrend,True,False,Uptrend,True,Stage2,4,Uptrend,Uptrend,4416.6,3451.42,2878.0,3754.11,2209.08,4024.84,3017.3,2581.76,,,78.12,51.63,10.12,4.63,54.62,28.0,15.87,4384.82,22,none,12.9,14.9,1.11,10.0,0.66,6.74,4.04,2.94,9.75,17.42,14.83,16.87,28.31,18.7,0.4,lumpy earner,0.42,,1.22,,-311.12,-0.55,61.99,0.0,,11.25,-1.11,15.49,0.65,5075.0,2742.7,13.0,61.0,37.13,72.51,1.88,0.2,4,15.0,28.0,-1.0,10.0,52.0,WATCH ⭐⭐,ROCE trend rising ↑ | Promoter 62% holding | DII buying +0.7% ↑ | Dividend growing 16%/yr | MonthlyStage2 — Breaking Out | Weekly uptrend,High PE 78 | Earnings due 2026-07-30,3-4 years,Medium-High,"yfinance, screener.in",100,287,2026-07-30,2026-06-01,2026-06-01,0,,1,
WINDLAS,Windlas Biotech Limited,Healthcare,Drug Manufacturers - Specialty & Generic,1719.0,Small-Cap,MonthlyAscTriangle,Forming,1.0,3,3 resistance tests | Support rise 238% | Resistance flat 8.2%,MonthlyAscTriangle+MonthlyDoubleBottom+MonthlyStage2,Sideways,False,False,Below-MAs,True,Stage2,4,Uptrend,Uptrend,767.4,1132.84,195.75,652.29,1412.91,2069.93,1879.96,1629.79,169.7,64.2,26.74,,3.27,1.74,14.54,70.0,18.34,,0,none,12.2,15.9,-0.14,12.0,-0.06,7.35,5.55,18.95,20.79,16.13,8.2,15.35,32.77,-1.8,0.15,highly inconsistent earnings,0.06,,1.95,,20.85,1.21,63.31,1.41,,0.99,0.39,10.2,-1.6,1097.9,697.4,30.1,10.0,-5.86,139.64,0.5,0.31,5,27.0,18.0,6.0,1.0,52.0,WATCH ⭐⭐,Expected ~64% CAGR (2yr) | Revenue CAGR 21% | Nearly debt-free | Promoter 63% holding | Promoters buying ↑ | Piotroski F=5 (above average quality),Pattern still forming (not broken out),3-4 years,Medium-High,"yfinance, screener.in",100,58,,2026-06-01,2026-06-01,0,,1,
ZFCVINDIA,ZF Commercial Vehicle Control Systems India Limited,Consumer Cyclical,Auto Parts,27833.0,Mid-Cap,MonthlyDoubleBottom,Forming,0.788,47,Sep 47mo | Mid rally 79% | Asymmetry 0%,MonthlyDoubleBottom+MonthlyStage2,Uptrend,True,False,Tight-Above-MAs,True,Stage2,3,Uptrend,Uptrend,14325.0,8444.59,4718.94,12176.25,13721.71,16964.12,18973.57,16135.36,18.4,8.8,53.76,36.06,7.54,3.06,,3.0,16.55,18207.25,4,strong_buy,15.2,20.3,0.2,16.0,1.4,12.55,7.96,7.52,6.15,,12.15,17.59,,46.1,0.15,highly inconsistent earnings,,,5.3,,564.08,2.03,60.0,0.0,,5.79,0.42,26.21,-0.47,16665.0,12302.0,14.0,16.4,14.56,-4.88,0.64,-0.05,6,19.0,25.96,3.0,4.0,52.0,WATCH ⭐⭐,Expected ~9% CAGR (2yr) | ROCE 20% | ROCE trend rising ↑ | Promoter 60% holding | Piotroski F=6 (above average quality) | Dividend growing 17%/yr,High PE 54 | Pattern still forming (not broken out),3-4 years,Medium-High,"yfinance, screener.in",90,286,,2026-06-01,2026-06-01,0,,1,
SIGMA,Sigma Solve Limited,Technology,Information Technology Services,419.0,Micro-Cap,MonthlyDoubleBottom,Forming,0.616,13,Sep 13mo | Mid rally 71% | Asymmetry 9%,,Downtrend,False,False,Below-MAs,False,Downtrend,0,Uptrend,Uptrend,41.12,307.38,171.56,162.98,77.26,443.2,93.59,85.03,977.8,228.3,17.59,,6.73,1.75,14.61,12.0,35.72,,0,none,37.8,48.3,0.66,30.0,-1.14,24.97,22.7,26.32,19.68,35.52,26.32,10.06,36.85,-21.4,0.15,highly inconsistent earnings,0.03,,5.24,,17.02,4.06,73.21,-0.01,,0.0,-0.03,,,65.5,35.02,37.2,17.4,17.22,-111.61,0.17,0.28,6,35.0,9.89,5.0,2.0,51.9,WATCH ⭐⭐,Expected ~228% CAGR (2yr) | Revenue CAGR 20% | ROE 38% | ROCE 48% | ROCE trend rising ↑ | Nearly debt-free,Margin compression ↓ | Pattern still forming (not broken out),3-4 years,Medium-High,"yfinance, screener.in",100,67,,2026-06-01,2026-06-01,0,,1,
ALKYLAMINE,Alkyl Amines Chemicals Limited,Basic Materials,Specialty Chemicals,8445.0,Mid-Cap,MonthlyDoubleBottom,Forming,0.301,8,Sep 8mo | Mid rally 31% | Asymmetry 1%,,Sideways,False,False,Below-MAs,True,Stage2,1,Uptrend,Uptrend,1766.3,2761.39,2100.17,1995.16,1275.26,3422.61,3140.98,2001.39,93.8,39.2,46.95,37.3,5.51,0.82,,76.0,0.0,1492.33,3,none,41.4,41.3,2.57,26.0,1.14,11.77,,17.38,25.61,15.84,133.72,56.94,34.9,-3.4,0.15,highly inconsistent earnings,,,,,,,72.05,0.02,,3.45,0.0,3.01,0.0,2438.8,1212.0,27.6,45.7,-17.62,-57.42,4.21,0.27,3,36.0,9.61,6.0,0.0,51.6,WATCH ⭐⭐,Expected ~39% CAGR (2yr) | Revenue CAGR 26% | Profit CAGR 57% | ROE 41% | ROCE 41% | ROCE trend rising ↑,Pattern still forming (not broken out),3-4 years,Medium-High,"yfinance, screener.in",70,223,,2026-06-01,2026-06-01,0,,1,
GLAXO,GlaxoSmithKline Pharmaceuticals Limited,Healthcare,Drug Manufacturers - General,37442.0,Large-Cap,MonthlyDoubleBottom,Forming,0.802,23,Sep 23mo | Mid rally 82% | Asymmetry 2%,,Downtrend,False,False,Below-MAs,False,Stage2,4,Uptrend,Uptrend,2389.4,1511.0,822.17,2030.99,3458.02,3661.91,4916.68,4123.35,53.3,23.8,36.76,28.6,21.92,1.91,26.5,258.0,21.22,2969.75,4,buy,48.4,65.1,6.51,34.0,2.71,27.11,18.42,1.95,5.53,5.49,11.64,19.24,23.68,5.7,0.15,highly inconsistent earnings,0.01,,2.03,,739.17,1.97,75.0,0.0,,4.62,-0.01,7.68,-0.02,3515.7,2194.4,32.0,8.9,-22.03,53.61,0.46,0.1,6,34.0,13.62,4.0,0.0,51.6,WATCH ⭐⭐,Expected ~24% CAGR (2yr) | ROE 48% | ROCE 65% | ROCE trend rising ↑ | Nearly debt-free | Promoter 75% holding,Pattern still forming (not broken out),3-4 years,Medium-High,"yfinance, screener.in",100,287,,2026-06-01,2026-06-01,0,,1,
IZMO,IZMO Limited,Technology,Software - Application,1124.0,Small-Cap,MonthlyDoubleBottom,Forming,1.0,12,Sep 12mo | Mid rally 177% | Asymmetry 4%,,Downtrend,False,False,Below-MAs,False,Downtrend,0,Uptrend,Uptrend,666.0,649.45,229.7,566.1,1273.23,1704.73,2282.46,1704.73,156.0,60.0,23.53,,2.95,0.69,16.74,0.0,-68.75,,0,none,12.4,12.6,0.29,18.0,-0.89,15.87,6.62,26.67,22.77,19.7,-2.04,33.89,12.2,151.1,0.15,highly inconsistent earnings,0.01,,2.62,,-35.61,-3.17,34.79,-0.02,,3.27,0.01,0.49,-0.02,1374.7,295.0,51.6,125.8,93.53,227.26,0.11,,5,22.0,14.5,9.0,6.0,51.5,WATCH ⭐⭐,Expected ~60% CAGR (2yr) | Revenue CAGR 23% | Profit CAGR 34% | ROCE trend rising ↑ | Nearly debt-free | Margin compressing ↓ ⚠️,Margin compression ↓ | Pattern still forming (not broken out),3-4 years,Medium-High,"yfinance, screener.in",100,232,,2026-06-01,2026-06-01,0,,1,
RESPONIND,Responsive Industries Limited,Basic Materials,Specialty Chemicals,5179.0,Small-Cap,MonthlyDoubleBottom,Forming,1.0,42,Sep 42mo | Mid rally 183% | Asymmetry 1%,,Sideways-Above-MA,True,True,Constructive,True,Stage2,1,Uptrend,Uptrend,165.42,206.53,72.68,140.61,187.89,344.56,631.85,344.56,108.3,44.3,34.87,,3.52,0.42,22.05,5.0,0.0,,0,none,10.3,10.8,2.2,17.0,1.26,10.65,5.94,-1.69,12.69,13.02,-25.63,83.38,43.88,-57.9,0.15,highly inconsistent earnings,0.12,,6.16,,-50.99,-0.98,59.14,0.0,,32.2,0.97,3.22,-0.06,251.0,117.25,34.1,41.1,-22.73,-21.44,2.03,0.6,6,21.0,22.5,7.0,1.0,51.5,WATCH ⭐⭐,Expected ~44% CAGR (2yr) | Profit CAGR 83% | ROCE trend rising ↑ | Low D/E 0.12 | Promoter 59% holding | Piotroski F=6 (above average quality),Pattern still forming (not broken out),3-4 years,Medium-High,"yfinance, screener.in",100,188,,2026-06-01,2026-06-01,0,,1,
SIEMENS,Siemens Limited,Industrials,Specialty Industrial Machinery,136893.0,Large-Cap,MonthlyDoubleBottom,Forming,1.0,26,Sep 26mo | Mid rally 210% | Asymmetry 0%,MonthlyCupHandle+MonthlyDoubleBottom+MonthlyStage2,Uptrend,True,True,Uptrend,True,Stage2,4,Uptrend,Uptrend,3550.9,526.5,169.39,3018.26,1515.25,2485.02,1899.72,1696.63,,,81.3,55.55,9.88,6.79,54.88,39.0,14.47,3667.6,25,hold,16.3,21.2,1.09,11.0,0.03,9.21,,43.09,8.31,13.49,30.77,11.97,20.39,-36.4,0.15,highly inconsistent earnings,0.02,,2.57,,,,75.0,0.0,,6.8,-0.05,8.59,0.24,3937.3,2826.0,9.8,25.7,16.65,38.73,0.58,,3,19.0,26.5,0.0,6.0,51.5,WATCH ⭐⭐,ROCE 21% | ROCE trend rising ↑ | Nearly debt-free | Promoter 75% holding | Dividend growing 14%/yr | MonthlyDoubleBottom forming (26mo base),High PE 81 | Earnings due 2026-08-06 | Pattern still forming (not broken out),3-4 years,Medium-High,"yfinance, screener.in",80,329,2026-08-06,2026-06-01,2026-06-01,0,,1,
TITAN,Titan Company Limited,Consumer Cyclical,Luxury Goods,361462.0,Large-Cap,MonthlyDoubleBottom,Breakout Ready,0.906,17,Sep 17mo | Mid rally 92% | Asymmetry 1%,,Sideways-Above-MA,True,False,Constructive,False,Stage2,3,Uptrend,Uptrend,4102.0,1363.41,707.14,3486.7,2848.36,3993.41,3814.27,3296.12,,,71.43,47.47,23.04,4.54,46.47,27.0,13.62,5039.35,37,buy,37.7,25.8,1.63,10.0,-0.03,5.79,9.3,44.87,29.24,32.26,52.02,15.72,39.1,35.4,0.15,highly inconsistent earnings,1.95,,1.28,,-6509.88,-1.8,52.9,0.0,,15.65,0.1,14.84,0.01,4605.0,3303.1,10.9,24.2,18.94,12.8,1.2,0.29,4,23.0,23.37,1.0,4.0,51.4,WATCH ⭐⭐,Revenue CAGR 29% | ROE 38% | ROCE 26% | ROCE trend rising ↑ | Promoter 53% holding | Dividend growing 14%/yr,High D/E 1.9 | High PE 71 | Earnings due 2026-08-06,3-4 years,Medium-High,"yfinance, screener.in",100,365,2026-08-06,2026-06-01,2026-06-01,0,,1,
DIXON,Dixon Technologies (India) Limited,Technology,Consumer Electronics,69934.0,Large-Cap,None,,0.0,0,,,Sideways,False,False,Below-MAs,True,Downtrend,0,Uptrend,Uptrend,11048.0,,,9390.8,16166.99,22782.52,56003.53,30090.01,106.2,43.6,42.74,45.04,12.84,0.5,32.41,7.0,58.74,11821.27,29,none,37.4,42.0,3.31,4.0,-0.14,2.94,5.13,25.77,58.85,49.94,33.33,86.12,59.35,-36.0,0.15,highly inconsistent earnings,0.18,,1.06,,912.17,1.3,28.69,-0.14,,18.3,-0.38,28.14,-0.92,18471.0,9600.0,40.2,15.1,-18.79,129.02,,-0.12,5,38.0,5.0,8.0,0.0,51.0,WATCH ⭐⭐,Expected ~44% CAGR (2yr) | Revenue CAGR 59% | Profit CAGR 86% | ROE 37% | ROCE 42% | ROCE trend rising ↑,Earnings due 2026-07-22,3-4 years,Medium-High,"yfinance, screener.in",100,105,2026-07-22,2026-06-01,2026-06-01,0,,1,
ESCORTS,Escorts Kubota Limited,Industrials,Farm & Heavy Construction Machinery,31466.0,Large-Cap,MonthlyDoubleBottom,Forming,0.875,14,Sep 14mo | Mid rally 88% | Asymmetry 0%,MonthlyCupHandle+MonthlyDoubleBottom,Downtrend,False,False,Below-MAs,False,Stage2,4,Uptrend,Uptrend,2890.8,976.3,520.15,2457.18,7022.65,7940.14,16976.58,10918.82,174.7,65.7,23.04,19.64,2.65,0.42,16.49,161.0,37.0,3472.12,17,none,11.9,15.7,-1.8,13.0,-0.51,20.75,5.37,12.65,11.04,10.47,89.25,55.48,22.38,0.7,0.15,highly inconsistent earnings,0.01,,3.26,,1400.26,4.45,68.04,0.0,,5.71,0.46,11.66,-0.54,4180.0,2710.1,30.8,6.7,-4.96,8.26,0.78,0.42,5,25.0,14.0,12.0,0.0,51.0,WATCH ⭐⭐,Expected ~66% CAGR (2yr) | Profit CAGR 55% | Nearly debt-free | Promoter 68% holding | Margin compressing ↓ ⚠️ | FCF yield 4.5%,Margin compression ↓ | Earnings due 2026-08-03 | Pattern still forming (not broken out),3-4 years,Medium-High,"yfinance, screener.in",100,365,2026-08-03,2026-06-01,2026-06-01,0,,1,
FMGOETZE,Federal-Mogul Goetze (India) Limited,Consumer Cyclical,Auto Parts,2335.0,Small-Cap,MonthlyDoubleBottom,Forming,1.0,8,Sep 8mo | Mid rally 123% | Asymmetry 3%,MonthlyDoubleBottom+MonthlyStage2,Downtrend,False,False,Below-MAs,False,Stage2,3,Uptrend,Uptrend,452.2,539.95,238.3,384.37,1733.13,2053.58,2433.29,2053.58,354.1,113.1,13.68,,1.72,0.74,5.24,0.0,58.74,,0,none,13.5,18.5,2.77,15.0,0.8,8.71,7.12,8.78,6.22,12.08,4.71,18.49,104.31,-17.3,0.15,highly inconsistent earnings,0.0,,2.98,,184.46,7.9,74.98,0.0,,0.38,-0.16,0.49,0.05,622.0,358.0,27.3,26.3,-10.1,-1.59,0.22,0.15,6,26.0,15.0,10.0,0.0,51.0,WATCH ⭐⭐,Expected ~113% CAGR (2yr) | ROCE trend rising ↑ | Nearly debt-free | Promoter 75% holding | FCF yield 7.9% | Piotroski F=6 (above average quality),Pattern still forming (not broken out),3-4 years,Medium-High,"yfinance, screener.in",100,287,,2026-06-01,2026-06-01,0,,1,
GENESYS,Genesys International Corporation Limited,Technology,Software - Application,1098.0,Small-Cap,MonthlyDoubleBottom,Forming,1.0,6,Sep 6mo | Mid rally 137% | Asymmetry 6%,,Sideways,False,False,Below-MAs,True,Downtrend,0,Uptrend,Uptrend,209.5,98.26,40.37,178.07,355.27,488.53,671.78,488.53,133.2,52.7,27.25,19.31,1.6,0.73,10.77,0.0,0.0,,0,none,10.8,15.0,3.66,39.0,8.09,12.32,,2.25,20.67,31.79,-30.36,37.51,45.41,-94.7,0.2,multiple loss years in history,0.21,,,,,,31.5,-0.02,,2.34,-2.99,2.63,0.66,750.75,198.05,72.1,5.8,-59.98,-56.23,0.75,-0.28,3,24.0,17.0,10.0,0.0,51.0,WATCH ⭐⭐,Expected ~53% CAGR (2yr) | Revenue CAGR 21% | Profit CAGR 38% | ROCE trend rising ↑ | Low D/E 0.21 | OPM 39%,Pattern still forming (not broken out),3-4 years,Medium-High,"yfinance, screener.in",80,281,,2026-06-01,2026-06-01,0,,1,
DATAMATICS,Datamatics Global Services Limited,Technology,Information Technology Services,4529.0,Small-Cap,MonthlyDoubleBottom,Forming,0.911,6,Sep 6mo | Mid rally 94% | Asymmetry 3%,MonthlyDoubleBottom+MonthlyStage2,Sideways,False,False,Constructive,True,Downtrend,0,Uptrend,Uptrend,739.8,72.13,36.75,628.83,836.06,850.86,865.92,850.86,15.0,7.2,23.31,15.64,2.93,13.17,11.24,65.0,58.74,920.0,1,buy,16.4,20.8,0.31,19.0,0.71,9.77,8.15,15.32,10.84,11.58,-5.34,1.77,18.35,-1.4,0.15,highly inconsistent earnings,0.14,,1.99,,409.59,9.04,66.33,0.0,,0.48,-0.05,0.11,-0.02,1120.0,586.95,33.9,26.0,26.25,12.41,0.24,0.0,6,26.0,16.93,4.0,4.0,50.9,WATCH ⭐⭐,Expected ~7% CAGR (2yr) | ROCE 21% | ROCE trend rising ↑ | Low D/E 0.14 | Promoter 66% holding | FCF yield 9.0%,Pattern still forming (not broken out),3-4 years,Medium-High,"yfinance, screener.in",100,265,,2026-06-01,2026-06-01,0,,1,
NEWGEN,Newgen Software Technologies Limited,Technology,Software - Infrastructure,6249.0,Small-Cap,MonthlyDoubleBottom,Forming,0.322,6,Sep 6mo | Mid rally 39% | Asymmetry 7%,,Downtrend,False,False,Below-MAs,False,Downtrend,0,Uptrend,Uptrend,461.15,211.47,147.53,391.98,881.92,917.96,1261.31,1054.69,99.1,41.1,21.01,14.65,3.5,1.07,12.69,136.0,30.5,712.86,7,none,20.2,25.8,-0.11,26.0,-0.4,19.09,10.28,5.85,17.35,18.52,-4.44,19.59,19.03,-1.9,0.15,highly inconsistent earnings,0.02,,3.66,,191.45,3.06,53.52,0.0,,14.48,-2.86,8.85,-0.83,1336.0,401.05,65.5,15.0,-53.01,15.07,0.3,0.72,5,33.0,5.86,12.0,0.0,50.9,WATCH ⭐⭐,Expected ~41% CAGR (2yr) | Revenue CAGR 17% | ROE 20% | ROCE 26% | Nearly debt-free | Promoter 54% holding,Pattern still forming (not broken out),3-4 years,Medium-High,"yfinance, screener.in",100,101,,2026-06-01,2026-06-01,0,,1,
STARHEALTH,Star Health and Allied Insurance Company Limited,Financial Services,Insurance - Life,31065.0,Large-Cap,MonthlyDoubleBottom,Forming,0.657,20,Sep 20mo | Mid rally 69% | Asymmetry 3%,MonthlyDoubleBottom+MonthlyStage2,Uptrend,True,False,Uptrend,True,Stage2,12,Uptrend,Uptrend,517.1,780.0,454.8,439.54,37785.84,4285145.63,1349747947.84,7141523.53,828588.0,9003.2,55.87,24.3,4.08,0.0,,,,578.77,22,none,,,,3.25,,3.12,,13.8,,,18800.0,,,21731.4,0.5,insufficient history,,,,,,,57.98,0.0,,15.06,0.99,20.31,-0.65,586.25,412.6,11.8,25.3,29.77,-34.7,0.24,0.23,1,14.0,21.88,9.0,6.0,50.9,WATCH ⭐⭐,Expected ~9003% CAGR (2yr) | Profit CAGR 18800% | Promoter 58% holding | FII buying +1.0% ↑ | PEG 0.00 — deeply undervalued | MonthlyDoubleBottom forming (20mo base),High PE 56 | Earnings due 2026-07-28 | Pattern still forming (not broken out),3-4 years,Medium-High,"yfinance, screener.in",40,54,2026-07-28,2026-06-01,2026-06-01,0,,1,
VSSL,Vardhman Special Steels Limited,Basic Materials,Steel,2593.0,Small-Cap,MonthlyStage2,Stage Change,0.946,24,10-EMA=263 | 30-EMA=245 | Above by 14.2% | MA turning=Yes,MonthlyDoubleBottom+MonthlyStage2,Sideways-Above-MA,True,False,Constructive,True,Stage2,1,Uptrend,Uptrend,279.7,244.95,197.72,237.74,431.56,629.21,917.39,629.21,125.0,50.0,20.41,12.03,2.13,0.45,11.82,112.0,19.68,,0,none,12.1,16.5,,8.0,-1.0,6.96,7.94,6.2,,,1.09,,,72.2,0.5,insufficient history,0.07,,2.9,,-167.91,-6.48,51.06,-0.04,,0.55,0.01,3.34,0.04,324.0,206.4,13.7,35.5,15.38,29.42,0.31,0.47,3,18.0,21.85,8.0,3.0,50.8,WATCH ⭐⭐,Expected ~50% CAGR (2yr) | Profit CAGR 46% | Nearly debt-free | Promoter 51% holding | Margin compressing ↓ ⚠️ | Dividend growing 20%/yr,Margin compression ↓,3-4 years,Medium-High,"yfinance, screener.in",80,169,,2026-06-01,2026-06-01,0,,1,
AUTOAXLES,Automotive Axles Limited,Consumer Cyclical,Auto Parts,2615.0,Small-Cap,MonthlyDoubleBottom,Forming,0.767,36,Sep 36mo | Mid rally 81% | Asymmetry 5%,MonthlyCupHandle+MonthlyDoubleBottom,Downtrend,False,False,Below-MAs,False,Stage2,3,Uptrend,Uptrend,1692.5,498.28,268.83,1438.62,5450.58,6393.53,7499.61,6393.53,277.8,94.4,15.9,12.99,2.38,0.92,9.41,185.0,26.69,2132.0,1,strong_buy,15.8,,,10.12,,7.55,8.74,18.7,,,17.3,,,17.3,0.5,insufficient history,0.01,,2.96,,66.67,2.55,71.04,0.0,,0.83,0.15,15.15,0.58,2115.0,1540.2,20.0,9.9,3.54,-43.32,0.43,0.61,5,25.0,13.7,10.0,2.0,50.7,WATCH ⭐⭐,Expected ~94% CAGR (2yr) | Revenue CAGR 19% | Nearly debt-free | Promoter 71% holding | Piotroski F=5 (above average quality) | DII buying +0.6% ↑,Pattern still forming (not broken out),3-4 years,Medium-High,"yfinance, screener.in",70,287,,2026-06-01,2026-06-01,0,,1,
CARYSIL,Carysil Limited,Consumer Cyclical,"Furnishings, Fixtures & Appliances",3065.0,Small-Cap,MonthlyDoubleBottom,Forming,1.0,32,Sep 32mo | Mid rally 143% | Asymmetry 4%,MonthlyCupHandle+MonthlyDoubleBottom+MonthlyStage2,Uptrend,True,False,Uptrend,True,Stage2,3,Uptrend,Uptrend,919.6,1145.38,463.47,781.66,1688.1,2079.06,2560.57,2079.06,126.1,50.4,31.25,21.87,5.04,1.35,18.61,22.0,0.0,1270.5,2,strong_buy,17.4,17.8,-1.63,19.0,-0.83,10.63,8.48,13.24,15.87,24.41,54.69,23.16,20.48,48.6,0.15,highly inconsistent earnings,0.46,,1.44,,-36.46,-1.19,41.34,0.0,,1.59,0.04,11.74,0.39,1143.85,732.1,19.6,25.6,13.43,8.43,0.26,0.56,3,13.0,26.5,7.0,4.0,50.5,WATCH ⭐⭐,Expected ~50% CAGR (2yr) | Revenue CAGR 16% | Profit CAGR 23% | Margin compressing ↓ ⚠️ | PEG 1.35 — fair value | EV/EBITDA 19× vs sector 25×,Margin compression ↓ | Pattern still forming (not broken out),3-4 years,Medium-High,"yfinance, screener.in",100,65,,2026-06-01,2026-06-01,0,,1,
CEATLTD,CEAT Limited,Consumer Cyclical,Auto Parts,13075.0,Mid-Cap,MonthlyDoubleBottom,Forming,1.0,38,Sep 38mo | Mid rally 166% | Asymmetry 9%,,Downtrend,False,False,Below-MAs,False,Stage2,3,Uptrend,Uptrend,3162.3,1859.94,668.36,2687.95,15822.27,16379.22,38727.55,24753.95,418.0,127.6,18.76,14.06,2.23,0.33,7.07,93.0,115.44,3817.12,17,hold,15.9,18.7,1.8,13.0,0.4,4.45,6.72,18.61,11.48,15.55,47.98,56.45,10.04,145.1,0.15,highly inconsistent earnings,0.65,,0.68,,-44.68,-0.34,47.29,0.08,,16.55,-0.37,20.9,0.42,4438.0,3000.5,28.7,5.4,-5.91,33.26,0.65,0.52,5,20.0,16.5,14.0,0.0,50.5,WATCH ⭐⭐,Expected ~128% CAGR (2yr) | Profit CAGR 56% | ROCE trend rising ↑ | Piotroski F=5 (above average quality) | Dividend growing 115%/yr | PEG 0.33 — deeply undervalued,Pattern still forming (not broken out),3-4 years,Medium-High,"yfinance, screener.in",100,220,,2026-06-01,2026-06-01,0,,1,
EIMCOELECO,Eimco Elecon (India) Limited,Industrials,Farm & Heavy Construction Machinery,906.0,Small-Cap,MonthlyDoubleBottom,Forming,1.0,40,Sep 40mo | Mid rally 251% | Asymmetry 5%,,Downtrend,False,False,Below-MAs,False,Stage2,4,Uptrend,Uptrend,1589.4,592.92,164.95,1350.99,3725.65,5680.87,8662.19,5680.87,257.4,89.1,23.42,16.53,1.94,0.45,20.85,25.0,25.99,1968.0,1,none,10.4,13.2,0.8,18.0,1.4,16.78,4.22,31.79,21.86,4.27,95.0,52.48,11.14,-57.2,0.15,highly inconsistent earnings,0.01,,4.33,,-39.24,-4.33,48.96,0.0,,3.1,-0.29,1.05,0.05,3019.9,1405.5,47.4,13.1,-30.61,146.95,0.13,0.15,6,26.0,16.5,8.0,0.0,50.5,WATCH ⭐⭐,Expected ~89% CAGR (2yr) | Revenue CAGR 22% | Profit CAGR 52% | ROCE trend rising ↑ | Nearly debt-free | Piotroski F=6 (above average quality),Pattern still forming (not broken out),3-4 years,Medium-High,"yfinance, screener.in",100,287,,2026-06-01,2026-06-01,0,,1,
ELECON,Elecon Engineering Company Limited,Industrials,Specialty Industrial Machinery,11444.0,Mid-Cap,MonthlyDoubleBottom,Forming,1.0,17,Sep 17mo | Mid rally 125% | Asymmetry 0%,MonthlyDoubleBottom+MonthlyStage2,Sideways-Above-MA,True,False,Constructive,True,Stage2,4,Uptrend,Uptrend,485.15,45.39,20.17,412.38,511.38,576.53,649.98,576.53,18.8,9.0,33.55,20.82,4.92,2.63,20.64,39.0,41.9,525.5,2,strong_buy,16.6,21.0,2.54,22.0,0.89,14.42,8.78,6.24,15.64,17.78,-17.83,12.74,42.52,-95.9,0.15,highly inconsistent earnings,0.12,,2.94,,161.23,1.41,59.28,0.0,,7.13,-0.96,5.67,1.19,716.25,352.0,32.3,37.8,-18.22,44.7,0.7,0.56,7,29.0,21.5,0.0,0.0,50.5,WATCH ⭐⭐,Expected ~9% CAGR (2yr) | Revenue CAGR 16% | ROCE 21% | ROCE trend rising ↑ | Low D/E 0.12 | Promoter 59% holding,Pattern still forming (not broken out),3-4 years,Medium-High,"yfinance, screener.in",100,237,,2026-06-01,2026-06-01,0,,1,
GODREJPROP,Godrej Properties Limited,Real Estate,Real Estate - Development,53094.0,Large-Cap,MonthlyDoubleBottom,Forming,1.0,17,Sep 17mo | Mid rally 146% | Asymmetry 10%,,Sideways,False,False,Below-MAs,True,Stage2,3,Uptrend,Uptrend,1715.4,1189.25,460.4,1458.09,3087.02,3567.67,6370.16,4434.5,108.0,44.2,28.74,16.64,2.77,0.66,-145.41,57.0,12.76,2267.42,22,none,10.2,8.28,1.17,-9.0,6.86,36.06,-0.48,4.23,31.59,46.32,32.54,43.65,46.37,70.1,0.4,lumpy earner,0.82,,1.27,,-4857.33,-9.15,51.66,4.49,,26.17,-1.98,8.19,-2.59,2506.5,1434.0,31.6,19.6,-19.35,-13.71,0.67,0.48,3,23.0,18.5,9.0,0.0,50.5,WATCH ⭐⭐,Expected ~44% CAGR (2yr) | Revenue CAGR 32% | Profit CAGR 44% | ROCE trend rising ↑ | Promoter 52% holding | Promoters buying ↑,Earnings due 2026-07-30 | Pattern still forming (not broken out),3-4 years,Medium-High,"yfinance, screener.in",100,197,2026-07-30,2026-06-01,2026-06-01,0,,1,
GRINDWELL,Grindwell Norton Limited,Industrials,Building Products & Equipment,20370.0,Mid-Cap,MonthlyDoubleBottom,Forming,1.0,33,Sep 33mo | Mid rally 112% | Asymmetry 5%,MonthlyDoubleBottom+MonthlyStage2,Uptrend,True,True,Tight-Above-MAs,True,Stage2,4,Uptrend,Uptrend,1877.9,2913.24,1342.7,1596.22,1100.92,4483.78,1209.83,1154.09,138.8,54.5,49.02,37.65,8.04,10.15,33.64,103.0,12.31,1872.33,3,none,17.4,22.7,-0.51,19.0,-0.34,13.53,9.02,9.28,6.54,13.41,12.4,4.83,11.87,28.3,0.15,highly inconsistent earnings,0.02,,2.81,,367.73,1.81,58.04,0.0,,5.56,-0.83,19.18,0.83,2002.7,1329.0,6.2,41.3,17.12,-38.88,1.95,0.5,4,19.0,28.5,-1.0,4.0,50.5,WATCH ⭐⭐,Expected ~54% CAGR (2yr) | ROCE 23% | Nearly debt-free | Promoter 58% holding | DII buying +0.8% ↑ | Dividend growing 12%/yr,Earnings due 2026-07-23 | Pattern still forming (not broken out),3-4 years,Medium-High,"yfinance, screener.in",100,237,2026-07-23,2026-06-01,2026-06-01,0,,1,
IRCTC,Indian Railway Catering & Tourism Corporation Limited,Consumer Cyclical,Travel Services,40788.0,Large-Cap,MonthlyDoubleBottom,Forming,1.0,44,Sep 44mo | Mid rally 116% | Asymmetry 8%,,Downtrend,False,False,Below-MAs,False,Stage2,3,Uptrend,Uptrend,529.8,1108.01,492.65,468.02,822.72,1723.37,1022.09,917.0,225.3,80.4,29.23,22.41,9.56,2.55,22.81,186.0,-24.09,654.12,8,buy,34.6,46.1,-4.0,32.0,-1.3,26.72,14.05,11.55,13.77,,5.93,11.46,,-8.9,0.75,consistent growth,0.02,,2.15,,1005.71,2.47,62.4,0.0,,4.86,-2.33,14.86,0.84,798.6,492.65,33.7,7.5,-23.8,-36.75,0.6,0.16,5,30.0,16.5,4.0,0.0,50.5,WATCH ⭐⭐,Expected ~80% CAGR (2yr) | ROE 35% | ROCE 46% | Nearly debt-free | Promoter 62% holding | OPM 32%,Margin compression ↓ | Earnings due 2026-08-13 | Pattern still forming (not broken out),3-4 years,Medium-High,"yfinance, screener.in",100,80,2026-08-13,2026-06-01,2026-06-01,0,,1,
SREEL,Sreeleathers Limited,Consumer Cyclical,Footwear & Accessories,445.0,Micro-Cap,MonthlyDoubleBottom,Forming,1.0,39,Sep 39mo | Mid rally 266% | Asymmetry 8%,,Sideways,False,True,Below-MAs,True,Stage2,3,Uptrend,Uptrend,189.45,340.38,89.57,161.03,569.26,687.66,830.7,687.66,263.0,90.5,18.25,24.68,0.92,0.88,13.0,52.0,30.0,,0,none,,,,15.83,,10.05,,14.2,,,20.8,,,21.0,0.5,insufficient history,0.01,,,,,,75.0,0.0,,6.9,0.0,,,258.0,165.25,26.6,14.6,-16.65,-25.36,2.29,0.2,1,19.0,19.5,12.0,0.0,50.5,WATCH ⭐⭐,Expected ~90% CAGR (2yr) | Profit CAGR 21% | Nearly debt-free | Promoter 75% holding | Dividend growing 30%/yr | PEG 0.88 — undervalued,Pattern still forming (not broken out),3-4 years,Medium-High,"yfinance, screener.in",50,149,,2026-06-01,2026-06-01,0,,1,
SURANAT&P,Surana Telecom and Power Limited,Utilities,Utilities - Independent Power Producers,247.0,Micro-Cap,MonthlyDoubleBottom,Forming,1.0,33,Sep 33mo | Mid rally 396% | Asymmetry 8%,MonthlyDoubleBottom+MonthlyStage2,Sideways,False,False,Below-MAs,True,Stage2,4,Uptrend,Uptrend,18.64,11.01,2.13,15.84,76.12,124.74,204.39,124.74,569.2,158.7,9.63,,2.03,0.15,-139.12,0.0,6.27,,0,none,14.7,13.4,0.74,-5.0,-12.09,40.8,-2.65,281.25,29.64,16.03,-4.35,63.86,48.96,-7.1,0.15,highly inconsistent earnings,0.34,,2.28,,-117.0,-47.35,71.89,0.38,,0.0,0.0,0.05,0.0,26.78,15.5,30.4,20.3,3.77,75.22,0.23,0.36,3,22.0,19.5,8.0,1.0,50.5,WATCH ⭐⭐,Expected ~159% CAGR (2yr) | Revenue CAGR 30% | Profit CAGR 64% | ROCE trend rising ↑ | Promoter 72% holding | Margin compressing ↓ ⚠️,Margin compression ↓ | Pattern still forming (not broken out),3-4 years,Medium-High,"yfinance, screener.in",100,287,,2026-06-01,2026-06-01,0,,1,
SUZLON,Suzlon Energy Limited,Industrials,Specialty Industrial Machinery,78166.0,Large-Cap,MonthlyDoubleBottom,Forming,1.0,15,Sep 15mo | Mid rally 155% | Asymmetry 7%,MonthlyDoubleBottom+MonthlyStage2,Sideways-Above-MA,True,False,Constructive,True,Stage2,4,Uptrend,Uptrend,52.91,419.96,159.56,151.58,58.69,680.36,62.37,60.5,1185.9,258.6,24.67,24.62,9.98,7.98,25.31,0.0,0.0,63.62,13,strong_buy,40.6,35.1,4.74,18.0,0.6,18.97,10.78,53.65,40.98,37.98,52.65,3.09,30.0,-5.7,0.15,highly inconsistent earnings,0.06,,1.65,,-430.29,-0.55,11.73,0.0,,23.85,0.12,9.18,-0.05,73.5,38.19,28.0,38.5,-14.43,222.74,0.64,0.74,6,26.0,21.5,2.0,1.0,50.5,WATCH ⭐⭐,Expected ~259% CAGR (2yr) | Revenue CAGR 41% | ROE 41% | ROCE 35% | ROCE trend rising ↑ | Nearly debt-free,Earnings due 2026-08-12 | Pattern still forming (not broken out),3-4 years,Medium-High,"yfinance, screener.in",100,248,2026-08-12,2026-06-01,2026-06-01,0,,1,
XCHANGING,Xchanging Solutions Limited,Technology,Information Technology Services,726.0,Small-Cap,MonthlyDoubleBottom,Forming,1.0,32,Sep 32mo | Mid rally 210% | Asymmetry 1%,,Sideways,False,False,Below-MAs,True,Downtrend,0,Uptrend,Uptrend,66.62,80.36,25.74,56.63,177.65,194.44,212.81,194.44,191.9,70.8,12.2,,1.98,1.29,7.07,307.0,-89.47,,0,none,15.8,18.0,1.23,34.0,0.66,29.3,8.34,9.73,5.27,0.7,18.0,9.45,-0.99,10.9,0.15,highly inconsistent earnings,0.18,,4.97,,29.48,4.06,75.0,0.0,,0.11,0.1,0.29,0.0,104.5,47.5,36.2,40.3,-23.57,-22.8,0.31,0.64,6,24.0,18.5,8.0,0.0,50.5,WATCH ⭐⭐,Expected ~71% CAGR (2yr) | ROCE trend rising ↑ | Low D/E 0.18 | Promoter 75% holding | OPM 34% | FCF yield 4.1%,Pattern still forming (not broken out),3-4 years,Medium-High,"yfinance, screener.in",100,255,,2026-06-01,2026-06-01,0,,1,
SPECTRUM,SPECTRUM ELECTRIC IND LTD,Industrials,Electrical Equipment & Parts,2268.0,Small-Cap,MonthlyDoubleBottom,Forming,0.685,7,Sep 7mo | Mid rally 69% | Asymmetry 1%,MonthlyDoubleBottom+MonthlyStage2,Sideways-Above-MA,True,True,Constructive,True,Stage2,4,Uptrend,Uptrend,1438.3,2400.0,1413.0,1342.35,1590.67,3387.0,4956.4,2807.84,135.5,53.5,57.46,,10.53,0.75,31.12,0.0,,,0,none,20.4,16.8,1.4,15.0,0.77,8.45,7.59,30.85,27.63,28.35,76.0,76.52,48.96,95.5,0.15,highly inconsistent earnings,1.02,,1.34,,-82.7,-3.65,72.72,0.0,,4.94,0.28,0.34,0.0,1800.0,1050.0,20.1,37.0,-5.67,82.21,2.6,0.18,5,27.0,17.22,5.0,1.0,50.2,WATCH ⭐⭐,Expected ~54% CAGR (2yr) | Revenue CAGR 28% | Profit CAGR 77% | ROE 20% | ROCE trend rising ↑ | Promoter 73% holding,High D/E 1.0 | High PE 57 | Pattern still forming (not broken out),3-4 years,Medium-High,"yfinance, screener.in",100,92,,2026-06-01,2026-06-01,0,,1,
GRANULES,Granules India Limited,Healthcare,Drug Manufacturers - Specialty & Generic,19176.0,Mid-Cap,MonthlyDoubleBottom,Forming,0.715,32,Sep 32mo | Mid rally 78% | Asymmetry 6%,,Uptrend,True,True,Tight-Above-MAs,True,Stage2,4,Uptrend,Uptrend,766.45,149.73,81.58,651.48,949.16,905.69,1042.46,994.72,18.2,8.7,31.65,19.87,3.73,6.59,16.47,23.0,14.47,772.14,7,buy,13.7,15.5,-1.71,22.0,-0.43,11.09,7.95,19.72,5.95,10.63,18.53,4.8,1.62,32.6,0.15,highly inconsistent earnings,0.3,,1.8,,69.0,0.36,38.02,-0.79,,15.31,1.76,17.01,-0.46,804.3,432.6,4.7,77.2,62.66,137.78,0.65,0.01,4,11.0,25.08,4.0,10.0,50.1,WATCH ⭐⭐,Expected ~9% CAGR (2yr) | Low D/E 0.30 | FII buying +1.8% ↑ | Dividend growing 14%/yr | EV/EBITDA 16× vs sector 22× | MonthlyDoubleBottom forming (32mo base),Pattern still forming (not broken out),3-4 years,Medium-High,"yfinance, screener.in",100,252,,2026-06-01,2026-06-01,0,,1,
DCBBANK,DCB Bank Limited,Financial Services,Banks - Regional,5647.0,Small-Cap,MonthlyDoubleBottom,Forming,1.0,22,Sep 22mo | Mid rally 152% | Asymmetry 1%,,Sideways-Above-MA,True,False,Constructive,False,Stage2,12,Uptrend,Uptrend,177.05,72.77,28.63,150.49,564.69,475.51,726.17,640.36,168.6,63.9,7.68,5.15,0.86,0.57,,77.0,10.52,228.24,17,strong_buy,11.97,,,34.23,,24.44,0.89,12.4,,,13.4,,,16.1,0.5,insufficient history,,,,,,,16.23,-0.01,,12.64,0.72,32.8,0.66,205.9,119.51,14.0,48.1,30.53,25.91,0.43,0.51,2,9.0,22.0,11.0,8.0,50.0,WATCH ⭐⭐,Expected ~64% CAGR (2yr) | OPM 34% | FII buying +0.7% ↑ | DII buying +0.7% ↑ | Dividend growing 11%/yr | PEG 0.57 — undervalued,Pattern still forming (not broken out),3-4 years,Medium-High,"yfinance, screener.in",50,236,,2026-06-01,2026-06-01,0,,1,
FEDERALBNK,The Federal Bank Limited,Financial Services,Banks - Regional,71207.0,Large-Cap,MonthlyDoubleBottom,Forming,1.0,19,Sep 19mo | Mid rally 253% | Asymmetry 3%,,Uptrend,True,True,Tight-Above-MAs,True,Stage2,12,Uptrend,Uptrend,286.6,30.68,8.58,243.61,418.84,407.36,523.89,468.43,42.1,19.2,16.53,12.16,1.78,1.4,,42.0,-12.64,315.76,34,buy,11.6,6.39,,43.17,,29.91,1.18,5.58,18.55,15.7,6.07,11.84,21.73,22.9,0.15,highly inconsistent earnings,,,,,,,,,,26.05,1.11,50.39,-0.71,302.0,185.11,5.1,54.8,42.73,108.57,0.53,0.33,2,7.0,28.0,5.0,10.0,50.0,WATCH ⭐⭐,Expected ~19% CAGR (2yr) | Revenue CAGR 19% | OPM 43% | FII buying +1.1% ↑ | PEG 1.40 — fair value | MonthlyDoubleBottom forming (19mo base),Earnings due 2026-07-30 | Pattern still forming (not broken out),3-4 years,Medium-High,"yfinance, screener.in",70,365,2026-07-30,2026-06-01,2026-06-01,0,,1,
MUFTI,CREDO BRANDS MARKETING L,Consumer Cyclical,Apparel Retail,559.0,Small-Cap,None,,0.0,0,,,Sideways,False,False,Below-MAs,True,Stage2,3,Uptrend,Uptrend,77.93,,,66.24,382.18,472.42,583.95,472.42,506.2,146.2,11.8,,1.34,0.5,4.63,351.0,500.0,,0,none,18.4,19.1,-0.3,29.0,1.8,8.01,6.35,8.99,21.92,,15.25,23.61,,10.2,0.15,highly inconsistent earnings,0.52,,3.27,,97.72,17.47,55.01,0.0,,0.46,0.0,3.36,1.03,189.0,63.06,58.8,23.6,-44.82,,,1.05,6,31.0,6.0,13.0,0.0,50.0,WATCH ⭐⭐,Expected ~146% CAGR (2yr) | Revenue CAGR 22% | Profit CAGR 24% | Promoter 55% holding | OPM 29% | FCF yield 17.5%,None identified,3-4 years,Medium-High,"yfinance, screener.in",100,30,,2026-06-01,2026-06-01,0,,1,
PITTIENG,Pitti Engineering Limited,Industrials,Metal Fabrication,3449.0,Small-Cap,MonthlyDoubleBottom,Forming,1.0,23,Sep 23mo | Mid rally 133% | Asymmetry 9%,MonthlyCupHandle+MonthlyDoubleBottom+MonthlyStage2,Sideways-Above-MA,True,True,Constructive,True,Stage2,4,Uptrend,Uptrend,921.65,1510.04,621.3,783.4,1421.09,2398.78,2255.77,1790.43,160.3,61.3,29.42,16.56,3.49,1.13,11.56,16.0,6.27,1129.0,2,strong_buy,12.5,14.8,-0.7,16.0,0.34,6.16,7.58,12.2,20.26,29.86,-3.28,25.99,32.4,-26.4,0.15,highly inconsistent earnings,0.82,,1.4,,-25.93,-0.75,54.17,0.0,,1.12,0.19,20.23,0.0,1050.0,675.0,12.2,36.5,-1.55,128.43,0.57,0.38,4,18.0,22.0,8.0,2.0,50.0,WATCH ⭐⭐,Expected ~61% CAGR (2yr) | Revenue CAGR 20% | Profit CAGR 26% | Promoter 54% holding | PEG 1.13 — fair value | EV/EBITDA 12× below sector (18×),Pattern still forming (not broken out),3-4 years,Medium-High,"yfinance, screener.in",100,232,,2026-06-01,2026-06-01,0,,1,
SIS,SIS Limited,Industrials,Security & Protection Services,5692.0,Small-Cap,MonthlyStage2,Breaking Out,0.794,24,10-EMA=343 | 30-EMA=361 | Above by 11.9% | MA turning=No,MonthlyDoubleBottom+MonthlyStage2,Uptrend,True,True,Tight-Above-MAs,True,Stage2,4,Uptrend,Uptrend,404.25,361.22,280.3,343.61,242.62,442.14,242.62,242.62,9.4,4.6,41.65,11.23,2.26,,8.98,348.0,100.0,440.75,4,none,14.2,13.9,-3.0,4.0,-0.54,0.86,4.56,21.18,12.1,11.86,1050.0,-26.39,-17.77,,0.15,highly inconsistent earnings,0.7,,1.45,,381.57,6.7,71.88,-0.14,,12.56,0.79,6.62,-0.53,418.85,257.05,3.5,57.3,18.83,-25.28,2.27,0.28,4,10.0,29.03,5.0,6.0,50.0,WATCH ⭐⭐,Expected ~5% CAGR (2yr) | Declining profits (-26% CAGR) ⚠️ | Promoter 72% holding | Margin compressing ↓ ⚠️ | FCF yield 6.7% | FII buying +0.8% ↑,Margin compression ↓,3-4 years,Medium-High,"yfinance, screener.in",100,106,,2026-06-01,2026-06-01,0,,1,
