Stock,Company_Name,Sector,Industry,Market_Cap_Cr,Cap_Class,Monthly_Pattern,Monthly_Pattern_Status,Monthly_Pattern_Quality,Monthly_Pattern_Duration_Mo,Monthly_Pattern_Details,Converging_Signals,Weekly_Trend,Weekly_Above_40MA,Weekly_Volume_Expanding,Daily_Setup,Daily_Above_50MA,Sector_Trend,Sector_Stage2_Age_Mo,Index_Regime,Nifty_Monthly_Trend,CMP,Breakout_Zone,Pattern_Bottom,Stop_Loss,Target_1yr,Target_2yr,Target_3yr,Fair_Value_Estimate,Upside_Potential_Pct,Expected_CAGR_2yr_Pct,PE_Ratio,Forward_PE,PB_Ratio,PEG_Ratio,EV_EBITDA,Dividend_Yield_Pct,Dividend_Growth_3yr_Pct,Analyst_Target,Analyst_Count,Analyst_Recommendation,ROE_Pct,ROCE_Pct,ROCE_Trend,Operating_Margin_Pct,OPM_Trend,Net_Margin_Pct,Return_on_Assets_Pct,Revenue_Growth_TTM_Pct,Revenue_Growth_3yr_CAGR,Revenue_Growth_5yr_CAGR,Profit_Growth_TTM_Pct,Profit_Growth_3yr_CAGR,Profit_Growth_5yr_CAGR,EPS_Growth_Quarterly_Pct,EPS_Consistency_Score,EPS_Consistency_Desc,Debt_to_Equity,DE_Trend,Current_Ratio,Interest_Coverage,Free_Cashflow_Cr,FCF_Yield_Pct,Promoter_Holding_Pct,Promoter_Change_QoQ,Promoter_Pledge_Pct,FII_Holding_Pct,FII_Change_QoQ,DII_Holding_Pct,DII_Change_QoQ,52wk_High,52wk_Low,Dist_From_52wk_High_Pct,Dist_From_52wk_Low_Pct,RS_vs_Nifty_1yr_Pct,RS_vs_Nifty_3yr_Pct,Monthly_Vol_Surge,Beta,Piotroski_F_Score,Fundamental_Score_40,Technical_Score_30,Valuation_Score_20,Momentum_Score_10,Overall_Score_100,Rating_Grade,Why_Buy,Key_Risks,Investment_Horizon,Risk_Level,Data_Sources,Data_Quality_Pct,Monthly_Bars,Next_Earnings,Scan_Date,First_Seen_Date,Days_On_Watchlist,Price_Change_Since_First_Pct,Times_Scanned,Score_vs_First
JINDRILL,Jindal Drilling & Industries Limited,Energy,Oil & Gas Equipment & Services,1719.0,Small-Cap,MonthlyDoubleBottom,Forming,1.0,21,Sep 21mo | Mid rally 456% | Asymmetry 0%,MonthlyDoubleBottom+MonthlyStage2,Uptrend,True,False,Constructive,True,Stage2,1,Uptrend,Uptrend,655.45,1032.12,185.38,557.13,1872.61,2426.34,3143.81,2426.34,270.2,92.4,8.16,,0.94,0.28,4.16,17.0,25.99,,0,none,12.5,15.4,2.69,35.0,3.43,21.13,4.92,20.41,24.87,20.16,-2.31,29.57,25.42,-36.6,0.15,highly inconsistent earnings,0.05,,1.58,,130.28,7.58,66.78,0.34,,0.62,-0.23,0.0,0.0,693.5,440.1,5.5,48.9,10.59,69.49,8.92,-0.41,7,40.0,25.0,14.0,4.0,83.0,STRONG BUY ⭐⭐⭐⭐⭐,Expected ~92% CAGR (2yr) | Revenue CAGR 25% | Profit CAGR 30% | ROCE trend rising ↑ | Nearly debt-free | Promoter 67% holding,Pattern still forming (not broken out),1-3 years,Low-Medium,"yfinance, screener.in",100,261,,2026-06-01,2026-06-01,0,,1,
SEAMECLTD,Seamec Limited,Industrials,Marine Shipping,4119.0,Small-Cap,MonthlyStage2,Breaking Out,1.0,24,10-EMA=1290 | 30-EMA=1123 | Above by 39.0% | MA turning=Yes,MonthlyCupHandle+MonthlyDoubleBottom+MonthlyStage2,Uptrend,True,True,Uptrend,True,Stage2,4,Uptrend,Uptrend,1561.6,1123.43,796.15,1327.36,6725.63,13147.93,25702.89,13147.93,742.0,190.2,16.34,,3.82,0.17,10.69,0.0,0.0,,0,none,21.8,20.0,2.03,42.0,2.06,26.39,9.36,46.01,29.63,29.94,188.64,95.49,20.74,140.8,0.15,highly inconsistent earnings,0.27,,1.89,,-201.82,-4.9,72.72,0.0,,3.73,0.37,4.49,0.41,1709.2,752.55,8.6,107.5,88.79,111.92,2.22,0.12,6,35.0,28.0,12.0,8.0,83.0,STRONG BUY ⭐⭐⭐⭐⭐,Expected ~190% CAGR (2yr) | Revenue CAGR 30% | Profit CAGR 95% | ROE 22% | ROCE trend rising ↑ | Low D/E 0.27,None identified,1-3 years,Low-Medium,"yfinance, screener.in",100,287,,2026-06-01,2026-06-01,0,,1,
SKYGOLD,Sky Gold and Diamonds Limited,Consumer Cyclical,Luxury Goods,8069.0,Mid-Cap,MonthlyDoubleBottom,Forming,0.372,13,Sep 13mo | Mid rally 40% | Asymmetry 2%,,Uptrend,True,True,Tight-Above-MAs,True,Stage2,3,Uptrend,Uptrend,458.3,402.85,285.0,389.56,2345.07,3696.73,14162.58,5763.0,706.6,184.0,28.82,17.02,7.69,0.2,17.31,0.0,,597.33,3,strong_buy,29.2,27.0,3.3,7.0,1.1,4.35,16.11,77.42,76.03,,112.03,145.75,,120.8,0.4,lumpy earner,0.72,,1.89,,159.03,1.97,51.74,0.0,,1.2,0.42,13.14,1.48,549.9,246.05,16.7,86.3,53.35,1528.36,1.19,,5,40.0,19.96,15.0,8.0,83.0,STRONG BUY ⭐⭐⭐⭐⭐,Expected ~184% CAGR (2yr) | Revenue CAGR 76% | Profit CAGR 146% | ROE 29% | ROCE 27% | ROCE trend rising ↑,Pattern still forming (not broken out),2-3 years,Medium,"yfinance, screener.in",100,41,,2026-06-01,2026-06-01,0,,1,
NATIONALUM,National Aluminium Company Limited,Basic Materials,Aluminum,77956.0,Large-Cap,MonthlyDoubleBottom,Forming,0.971,11,Sep 11mo | Mid rally 98% | Asymmetry 1%,,Sideways-Above-MA,True,False,Constructive,False,Stage2,1,Uptrend,Uptrend,398.95,109.96,55.48,339.11,1081.55,1195.34,2743.23,1722.48,199.6,73.1,12.69,11.26,3.61,0.21,8.05,188.0,5.73,404.64,11,hold,29.4,39.6,4.8,44.0,4.69,31.32,19.88,6.28,7.77,14.78,10.04,59.26,34.87,-16.7,0.15,highly inconsistent earnings,0.0,,3.6,,3684.96,4.73,51.28,0.0,,22.27,2.6,10.75,-1.6,445.15,176.34,10.4,126.2,123.82,428.34,0.39,0.6,6,40.0,20.65,12.0,10.0,82.6,STRONG BUY ⭐⭐⭐⭐⭐,Expected ~73% CAGR (2yr) | Profit CAGR 59% | ROE 29% | ROCE 40% | ROCE trend rising ↑ | Nearly debt-free,Earnings due 2026-07-30 | Pattern still forming (not broken out),1-3 years,Low-Medium,"yfinance, screener.in",100,326,2026-07-30,2026-06-01,2026-06-01,0,,1,
THANGAMAYL,Thangamayil Jewellery Limited,Consumer Cyclical,Luxury Goods,13070.0,Mid-Cap,MonthlyDoubleBottom,Forming,0.991,8,Sep 8mo | Mid rally 109% | Asymmetry 10%,,Uptrend,True,True,Uptrend,True,Stage2,3,Uptrend,Uptrend,3653.1,230.34,105.16,3105.13,26585.1,73893.34,540503.92,119872.24,1922.8,349.8,37.18,27.18,11.2,0.11,24.09,43.0,37.16,4925.0,3,buy,27.93,,,7.11,,4.14,10.28,105.6,,,350.9,,,354.3,0.5,insufficient history,0.65,,1.54,,203.12,1.55,61.61,0.05,,4.37,-0.33,17.41,0.79,4373.0,1750.1,16.5,108.7,104.92,366.01,1.12,0.61,5,34.0,24.89,13.0,10.0,81.9,STRONG BUY ⭐⭐⭐⭐⭐,Expected ~350% CAGR (2yr) | Revenue CAGR 106% | Profit CAGR 351% | ROE 28% | Promoter 62% holding | Piotroski F=5 (above average quality),Pattern still forming (not broken out),2-3 years,Medium,"yfinance, screener.in",70,196,,2026-06-01,2026-06-01,0,,1,
LUPIN,Lupin Limited,Healthcare,Drug Manufacturers - Specialty & Generic,103683.0,Large-Cap,MonthlyDoubleBottom,Forming,0.974,41,Sep 41mo | Mid rally 98% | Asymmetry 1%,,Sideways-Above-MA,True,True,Constructive,False,Stage2,4,Uptrend,Uptrend,2287.4,1234.32,618.72,1944.29,14085.09,20305.9,73631.59,32204.16,787.7,197.9,19.49,22.28,4.62,0.15,12.39,53.0,44.22,2458.5,38,buy,29.1,30.3,5.69,32.0,4.29,19.07,12.76,23.12,18.88,13.02,61.98,128.64,54.16,89.0,0.15,highly inconsistent earnings,0.29,,1.9,,4926.22,4.75,46.85,-0.04,,21.7,0.2,25.32,-0.26,2494.0,1836.8,8.3,24.5,26.21,134.1,1.09,0.23,7,40.0,22.19,13.0,6.0,81.2,STRONG BUY ⭐⭐⭐⭐⭐,Expected ~198% CAGR (2yr) | Revenue CAGR 19% | Profit CAGR 129% | ROE 29% | ROCE 30% | ROCE trend rising ↑,Earnings due 2026-08-05 | Pattern still forming (not broken out),1-3 years,Low-Medium,"yfinance, screener.in",100,297,2026-08-05,2026-06-01,2026-06-01,0,,1,
VENUSREM,Venus Remedies Limited,Healthcare,Drug Manufacturers - Specialty & Generic,1713.0,Small-Cap,MonthlyDoubleBottom,Forming,0.723,8,Sep 8mo | Mid rally 76% | Asymmetry 3%,,Uptrend,True,True,Uptrend,True,Stage2,4,Uptrend,Uptrend,1005.2,592.69,331.51,854.42,4955.65,7743.2,12098.75,7743.2,670.3,177.5,16.64,,2.88,0.3,11.0,78.0,0.0,,0,none,16.8,21.7,2.29,19.0,1.26,13.35,9.69,20.31,11.73,7.2,128.89,56.25,10.69,126.4,0.15,highly inconsistent earnings,0.02,,2.44,,93.44,5.45,41.76,0.0,,2.8,0.55,1.2,0.17,1280.05,415.4,21.5,142.0,126.7,272.28,0.45,0.15,7,37.0,21.68,12.0,10.0,80.7,STRONG BUY ⭐⭐⭐⭐⭐,Expected ~178% CAGR (2yr) | Profit CAGR 56% | ROCE 22% | ROCE trend rising ↑ | Nearly debt-free | FCF yield 5.5%,Pattern still forming (not broken out),1-3 years,Low-Medium,"yfinance, screener.in",100,234,,2026-06-01,2026-06-01,0,,1,
NAM-INDIA,Nippon Life India Asset Management Limited,Financial Services,Asset Management,70246.0,Large-Cap,MonthlyDoubleBottom,Forming,1.0,36,Sep 36mo | Mid rally 133% | Asymmetry 3%,,Uptrend,True,False,Tight-Above-MAs,True,Stage2,12,Uptrend,Uptrend,1082.2,412.28,174.58,919.87,644.99,931.33,1062.7,827.9,,,46.52,33.19,15.04,1.64,34.59,195.0,18.22,1086.48,23,none,34.5,43.8,3.06,66.0,0.69,52.14,25.08,7.59,21.46,13.81,18.9,28.36,17.59,28.8,0.15,highly inconsistent earnings,0.02,,4.2,,1302.41,1.85,71.93,-0.12,,7.35,-0.55,14.77,0.94,1125.0,714.05,3.8,51.6,45.83,289.46,0.71,0.59,7,40.0,28.5,2.0,10.0,80.5,STRONG BUY ⭐⭐⭐⭐⭐,Revenue CAGR 21% | Profit CAGR 28% | ROE 34% | ROCE 44% | ROCE trend rising ↑ | Nearly debt-free,Pattern still forming (not broken out),1-3 years,Low-Medium,"yfinance, screener.in",100,103,,2026-06-01,2026-06-01,0,,1,
SANDUMA,The Sandur Manganese & Iron Ores Limited,Basic Materials,Steel,11001.0,Mid-Cap,MonthlyDoubleBottom,Forming,0.877,11,Sep 11mo | Mid rally 90% | Asymmetry 2%,MonthlyCupHandle+MonthlyDoubleBottom,Uptrend,True,True,Tight-Above-MAs,True,Stage2,1,Uptrend,Uptrend,226.15,210.6,109.48,192.23,391.95,526.82,708.1,526.82,133.0,52.6,16.75,,3.79,0.49,9.72,18.0,25.0,,0,none,23.2,24.4,-1.57,24.0,-2.46,12.9,11.16,62.3,33.76,48.61,39.7,34.41,34.95,50.5,0.15,highly inconsistent earnings,0.31,,1.16,,793.91,7.22,74.22,0.0,,1.63,0.43,0.66,-0.01,273.0,141.37,17.2,60.0,49.93,,0.9,0.77,4,38.0,25.52,10.0,7.0,80.5,STRONG BUY ⭐⭐⭐⭐⭐,Expected ~53% CAGR (2yr) | Revenue CAGR 34% | Profit CAGR 34% | ROE 23% | ROCE 24% | Promoter 74% holding,Margin compression ↓ | Pattern still forming (not broken out),2-3 years,Medium,"yfinance, screener.in",100,33,,2026-06-01,2026-06-01,0,,1,
GOKULAGRO,Gokul Agro Resources Limited,Consumer Defensive,Packaged Foods,6760.0,Small-Cap,MonthlyDoubleBottom,Forming,0.42,10,Sep 10mo | Mid rally 42% | Asymmetry 0%,,Uptrend,True,False,Tight-Above-MAs,True,Stage2,15,Uptrend,Uptrend,236.92,67.5,47.4,201.38,1011.97,1425.56,2008.19,1425.56,501.7,145.3,18.28,,4.76,0.45,9.88,0.0,,,0,none,30.0,36.7,2.09,3.0,0.23,1.54,8.6,23.15,30.88,23.53,50.0,40.87,52.32,144.8,0.15,highly inconsistent earnings,0.41,,1.23,,420.05,6.21,74.24,0.0,,1.51,-0.07,0.09,0.08,249.92,122.1,5.2,94.0,66.24,318.52,0.45,-0.01,5,40.0,20.04,12.0,8.0,80.0,STRONG BUY ⭐⭐⭐⭐⭐,Expected ~145% CAGR (2yr) | Revenue CAGR 31% | Profit CAGR 41% | ROE 30% | ROCE 37% | ROCE trend rising ↑,Pattern still forming (not broken out),2-3 years,Medium,"yfinance, screener.in",100,123,,2026-06-01,2026-06-01,0,,1,
STOVEKRAFT,Stove Kraft Limited,Consumer Cyclical,"Furnishings, Fixtures & Appliances",2028.0,Small-Cap,MonthlyDoubleBottom,Forming,1.0,24,Sep 24mo | Mid rally 128% | Asymmetry 10%,,Sideways-Above-MA,True,False,Constructive,True,Stage2,3,Uptrend,Uptrend,540.5,971.26,406.6,459.43,2791.99,7228.06,48293.81,11611.88,1237.3,265.7,48.31,26.57,4.1,0.15,12.71,57.0,20.0,652.33,3,buy,67.5,31.8,7.4,13.0,2.86,2.61,4.55,28.21,17.91,11.48,2600.0,,,317.9,0.2,multiple loss years in history,0.23,,0.97,,141.1,6.96,55.79,0.0,,0.81,-0.06,7.97,-0.37,813.95,447.05,33.6,20.9,-1.62,1.82,1.15,0.42,6,40.0,22.5,16.0,1.0,79.5,BUY ⭐⭐⭐⭐,Expected ~266% CAGR (2yr) | Revenue CAGR 18% | Profit CAGR 316% | ROE 68% | ROCE 32% | ROCE trend rising ↑,Pattern still forming (not broken out),1-3 years,Low-Medium,"yfinance, screener.in",90,64,,2026-06-01,2026-06-01,0,,1,
MCX,Multi Commodity Exchange of India Limited,Financial Services,Financial Data & Stock Exchanges,75196.0,Large-Cap,MonthlyDoubleBottom,Forming,0.968,25,Sep 25mo | Mid rally 104% | Asymmetry 7%,,Uptrend,True,False,Uptrend,True,Stage2,12,Uptrend,Uptrend,3414.7,251.5,119.52,2902.49,2709.21,4775.69,11669.34,5622.7,39.9,18.3,56.5,35.22,17.87,0.53,40.26,20.0,19.91,3505.17,12,buy,56.3,71.4,10.17,71.0,4.26,54.82,17.92,106.83,64.83,42.56,137.86,107.54,42.71,291.1,0.15,highly inconsistent earnings,0.0,,1.31,,2811.41,3.74,,,,26.07,5.43,54.35,-4.81,3480.0,1312.2,1.9,160.2,99.06,1033.14,0.58,0.65,6,40.0,26.12,6.0,7.0,79.1,BUY ⭐⭐⭐⭐,Expected ~18% CAGR (2yr) | Revenue CAGR 65% | Profit CAGR 108% | ROE 56% | ROCE 71% | ROCE trend rising ↑,High PE 57 | Earnings due 2026-07-30 | Pattern still forming (not broken out),1-3 years,Low-Medium,"yfinance, screener.in",90,171,2026-07-30,2026-06-01,2026-06-01,0,,1,
RRKABEL,R R Kabel Limited,Industrials,Electrical Equipment & Parts,23258.0,Mid-Cap,MonthlyStage2,Breaking Out,1.0,24,10-EMA=1502 | 30-EMA=1429 | Above by 34.3% | MA turning=Yes,,Uptrend,True,True,Tight-Above-MAs,True,Stage2,4,Uptrend,Uptrend,1918.9,1428.79,885.37,1631.07,2010.89,2461.55,3791.9,2761.36,28.3,13.3,47.17,30.92,9.03,1.26,29.92,53.0,36.36,2011.83,12,none,21.4,28.1,2.2,8.0,-0.2,5.06,10.62,27.62,20.19,28.98,57.69,37.32,29.52,32.2,0.15,highly inconsistent earnings,0.13,,1.65,,-191.92,-0.83,61.65,0.0,,9.1,0.7,13.33,-0.61,2117.0,1165.0,9.4,64.7,50.51,,2.07,1.36,5,35.0,30.0,4.0,10.0,79.0,BUY ⭐⭐⭐⭐,Expected ~13% CAGR (2yr) | Revenue CAGR 20% | Profit CAGR 37% | ROE 21% | ROCE 28% | ROCE trend rising ↑,None identified,1-3 years,Low-Medium,"yfinance, screener.in",100,33,,2026-06-01,2026-06-01,0,,1,
ASHIANA,Ashiana Housing Limited,Real Estate,Real Estate - Development,3663.0,Small-Cap,MonthlyStage2,Stage Change,1.0,24,10-EMA=318 | 30-EMA=294 | Above by 23.8% | MA turning=Yes,MonthlyDoubleBottom+MonthlyStage2,Uptrend,True,False,Tight-Above-MAs,True,Stage2,3,Uptrend,Uptrend,364.45,294.42,263.99,309.78,697.32,1126.39,1819.45,1126.39,209.1,75.8,30.39,21.19,4.04,0.49,16.48,69.0,25.99,,0,none,14.5,14.4,2.54,11.0,2.26,9.93,2.58,116.07,40.74,36.41,555.56,61.53,53.16,3.2,0.15,highly inconsistent earnings,0.38,,1.33,,469.96,12.83,61.11,0.0,,8.29,0.39,8.07,0.01,389.4,269.45,6.4,35.3,13.71,72.65,0.61,,5,36.0,28.5,10.0,4.0,78.5,BUY ⭐⭐⭐⭐,Expected ~76% CAGR (2yr) | Revenue CAGR 41% | Profit CAGR 62% | ROCE trend rising ↑ | Promoter 61% holding | FCF yield 12.8%,None identified,2-3 years,Medium,"yfinance, screener.in",100,180,,2026-06-01,2026-06-01,0,,1,
DEEPINDS,Deep Industries Limited,Energy,Oil & Gas E&P,3052.0,Small-Cap,MonthlyStage2,Stage Change,1.0,24,10-EMA=447 | 30-EMA=398 | Above by 19.1% | MA turning=Yes,,Uptrend,True,False,Uptrend,True,Stage2,1,Uptrend,Uptrend,474.05,397.88,286.48,402.94,704.13,984.87,1377.54,984.87,107.8,44.1,16.95,8.08,1.53,0.43,8.95,64.0,48.84,650.0,1,strong_buy,19.4,16.5,2.83,40.0,0.23,20.2,7.42,54.69,37.73,35.65,349.37,39.87,44.75,,0.15,highly inconsistent earnings,0.1,,2.69,,41.62,1.36,63.49,0.0,,1.81,0.1,1.13,0.03,578.0,330.0,18.0,43.7,15.99,154.86,0.84,-0.57,7,40.0,26.5,9.0,3.0,78.5,BUY ⭐⭐⭐⭐,Expected ~44% CAGR (2yr) | Revenue CAGR 38% | Profit CAGR 40% | ROCE trend rising ↑ | Nearly debt-free | Promoter 63% holding,None identified,1-3 years,Low-Medium,"yfinance, screener.in",100,62,,2026-06-01,2026-06-01,0,,1,
NATCOPHARM,NATCO Pharma Limited,Healthcare,Drug Manufacturers - Specialty & Generic,18196.0,Mid-Cap,MonthlyStage2,Stage Change,1.0,24,10-EMA=985 | 30-EMA=956 | Above by 18.3% | MA turning=Yes,MonthlyCupHandle+MonthlyDoubleBottom+MonthlyStage2,Uptrend,True,False,Uptrend,True,Stage2,4,Uptrend,Uptrend,1130.9,956.11,764.93,961.27,5299.75,4370.98,8365.87,6658.6,286.5,96.6,12.82,21.89,2.1,0.5,9.68,64.0,-45.95,939.56,9,none,16.9,17.1,3.4,35.0,4.06,32.42,9.69,-7.95,14.64,14.72,-24.69,25.64,26.26,-34.1,0.15,highly inconsistent earnings,0.08,,3.01,,1006.65,5.53,49.41,-0.07,,17.37,2.21,5.46,0.07,1226.8,789.0,7.8,43.3,30.19,43.61,0.36,,7,35.0,26.5,10.0,7.0,78.5,BUY ⭐⭐⭐⭐,Expected ~97% CAGR (2yr) | Profit CAGR 26% | ROCE trend rising ↑ | Nearly debt-free | OPM 35% | FCF yield 5.5%,Earnings due 2026-08-12,1-3 years,Low-Medium,"yfinance, screener.in",100,365,2026-08-12,2026-06-01,2026-06-01,0,,1,
TIPSMUSIC,Tips Music Limited,Communication Services,Entertainment,8468.0,Mid-Cap,MonthlyStage2,Stage Change,1.0,24,10-EMA=584 | 30-EMA=532 | Above by 22.5% | MA turning=Yes,MonthlyCupHandle+MonthlyStage2,Uptrend,True,False,Tight-Above-MAs,True,Downtrend,0,Uptrend,Uptrend,651.65,532.13,394.42,553.9,968.48,1422.13,3626.2,1874.0,118.2,47.7,39.06,28.59,32.58,0.42,30.15,242.0,12.62,744.33,3,none,92.33,,,73.42,,57.72,48.7,32.4,,,93.5,,,92.9,0.5,insufficient history,0.02,,3.12,,174.48,2.06,64.15,0.0,,7.48,0.14,4.94,-0.03,718.0,481.15,9.2,35.4,6.63,133.96,0.53,0.34,5,40.0,27.5,8.0,3.0,78.5,BUY ⭐⭐⭐⭐,Expected ~48% CAGR (2yr) | Revenue CAGR 32% | Profit CAGR 94% | ROE 92% | Nearly debt-free | Promoter 64% holding,None identified,1-3 years,Low-Medium,"yfinance, screener.in",70,287,,2026-06-01,2026-06-01,0,,1,
SOUTHWEST,South West Pinnacle Exploration Limited,Energy,Oil & Gas Equipment & Services,775.0,Small-Cap,MonthlyDoubleBottom,Breakout Ready,0.91,12,Sep 12mo | Mid rally 98% | Asymmetry 7%,,Uptrend,True,True,Tight-Above-MAs,True,Stage2,1,Uptrend,Uptrend,249.55,187.16,91.07,212.12,288.14,444.31,685.12,444.31,78.0,33.4,24.04,,4.27,0.44,14.46,0.0,14.47,,0,none,17.7,20.0,0.97,24.0,0.06,13.59,9.64,35.0,25.14,18.5,106.25,54.2,26.97,30.6,0.15,highly inconsistent earnings,0.39,,1.84,,-26.37,-3.4,68.85,0.0,,0.76,0.48,,,273.24,121.0,8.7,106.2,76.0,43.23,2.01,-0.41,6,32.0,29.42,7.0,10.0,78.4,BUY ⭐⭐⭐⭐,Expected ~33% CAGR (2yr) | Revenue CAGR 25% | Profit CAGR 54% | ROCE trend rising ↑ | Promoter 69% holding | Piotroski F=6 (above average quality),None identified,2-3 years,Medium,"yfinance, screener.in",100,100,,2026-06-01,2026-06-01,0,,1,
ARROWGREEN,Arrow Greentech Limited,Consumer Cyclical,Packaging & Containers,800.0,Small-Cap,MonthlyDoubleBottom,Forming,1.0,24,Sep 24mo | Mid rally 224% | Asymmetry 3%,,Uptrend,True,False,Constructive,True,Stage2,3,Uptrend,Uptrend,467.7,1091.38,331.92,397.54,2614.61,4121.41,6496.58,4121.41,781.2,196.9,16.92,,3.42,0.29,10.47,75.0,100.0,,0,none,22.4,30.4,9.26,32.0,7.29,23.61,15.3,-17.28,22.63,31.05,-25.4,57.63,6.07,-35.4,0.15,highly inconsistent earnings,0.01,,13.71,,34.81,4.35,64.83,0.02,,0.06,-0.08,0.82,0.03,817.95,341.95,42.8,36.8,-17.08,24.99,0.67,-0.12,7,40.0,25.5,12.0,0.0,77.5,BUY ⭐⭐⭐⭐,Expected ~197% CAGR (2yr) | Revenue CAGR 23% | Profit CAGR 58% | ROE 22% | ROCE 30% | ROCE trend rising ↑,Pattern still forming (not broken out),1-3 years,Low-Medium,"yfinance, screener.in",100,133,,2026-06-01,2026-06-01,0,,1,
PASUPTAC,Pasupati Acrylon Limited,Consumer Cyclical,Textile Manufacturing,533.0,Small-Cap,MonthlyStage2,Stage Change,1.0,24,10-EMA=50 | 30-EMA=46 | Above by 16.0% | MA turning=Yes,MonthlyDoubleBottom+MonthlyStage2,Uptrend,True,False,Constructive,True,Stage2,3,Uptrend,Uptrend,53.17,45.85,36.99,45.19,978.3,2290.2,5361.35,2290.2,4207.3,556.3,7.63,,1.22,0.06,4.41,,,,0,none,17.49,,,14.54,,6.92,10.0,45.3,,,134.1,,,133.2,0.5,insufficient history,0.25,,4.25,,38.74,7.26,65.87,0.0,,0.47,0.12,0.21,0.0,64.3,40.1,17.3,32.6,6.62,47.88,0.7,0.36,5,36.0,25.5,13.0,3.0,77.5,BUY ⭐⭐⭐⭐,Expected ~556% CAGR (2yr) | Revenue CAGR 45% | Profit CAGR 134% | Low D/E 0.25 | Promoter 66% holding | FCF yield 7.3%,None identified,1-3 years,Low-Medium,"yfinance, screener.in",70,56,,2026-06-01,2026-06-01,0,,1,
WELCORP,Welspun Corp Limited,Basic Materials,Steel,36309.0,Large-Cap,MonthlyDoubleBottom,Forming,1.0,48,Sep 48mo | Mid rally 1092% | Asymmetry 0%,,Uptrend,True,True,Tight-Above-MAs,True,Stage2,1,Uptrend,Uptrend,1280.7,430.46,36.1,1088.6,2470.68,3596.83,9998.68,4970.27,180.8,67.6,22.52,15.18,4.44,0.22,15.72,36.0,0.0,1536.67,6,strong_buy,19.4,22.9,1.51,13.0,0.83,9.62,6.59,19.97,19.78,18.58,-14.83,101.17,14.39,-47.0,0.15,highly inconsistent earnings,0.25,,1.33,,151.7,0.42,49.73,0.0,,11.23,-0.22,21.49,0.94,1394.8,710.0,8.2,80.4,46.72,384.37,0.55,0.5,6,30.0,28.5,9.0,10.0,77.5,BUY ⭐⭐⭐⭐,Expected ~68% CAGR (2yr) | Revenue CAGR 20% | Profit CAGR 101% | ROCE 23% | ROCE trend rising ↑ | Low D/E 0.25,Pattern still forming (not broken out),1-3 years,Low-Medium,"yfinance, screener.in",100,312,,2026-06-01,2026-06-01,0,,1,
ZYDUSLIFE,Zydus Lifesciences Limited,Healthcare,Drug Manufacturers - Specialty & Generic,108442.0,Large-Cap,MonthlyDoubleBottom,Forming,1.0,8,Sep 8mo | Mid rally 1741% | Asymmetry 1%,MonthlyCupHandle+MonthlyDoubleBottom,Uptrend,True,True,Constructive,True,Stage2,4,Uptrend,Uptrend,1018.9,64.09,3.47,866.06,3346.41,3133.18,6080.78,4510.96,207.5,75.4,21.51,23.1,4.29,0.62,16.01,9.0,63.86,1066.5,30,hold,21.2,21.2,2.14,31.0,2.14,18.57,8.07,16.81,16.35,12.45,9.65,34.8,18.59,8.7,0.15,highly inconsistent earnings,0.42,,1.27,,1331.01,1.23,75.0,0.0,,6.95,-0.11,11.2,0.12,1115.5,835.5,8.7,22.0,11.55,55.77,1.11,0.32,6,37.0,24.0,10.0,6.0,77.0,BUY ⭐⭐⭐⭐,Expected ~75% CAGR (2yr) | Revenue CAGR 16% | Profit CAGR 35% | ROE 21% | ROCE 21% | ROCE trend rising ↑,Earnings due 2026-08-12 | Pattern still forming (not broken out),2-3 years,Medium,"yfinance, screener.in",100,314,2026-08-12,2026-06-01,2026-06-01,0,,1,
KERNEX,Kernex Microsystems (India) Limited,Technology,Software - Application,2839.0,Small-Cap,MonthlyStage2,Stage Change,1.0,24,10-EMA=1163 | 30-EMA=944 | Above by 43.5% | MA turning=Yes,MonthlyDoubleBottom+MonthlyStage2,Uptrend,True,False,Tight-Above-MAs,True,Downtrend,0,Uptrend,Uptrend,1354.0,943.72,396.3,1150.9,2609.49,8047.67,24819.01,8047.67,494.4,143.8,53.77,,16.52,0.26,48.58,0.0,0.0,,0,none,43.5,47.8,9.51,35.0,24.6,20.36,,126.32,375.48,88.64,76.0,208.4,,-15.9,0.2,multiple loss years in history,0.51,,,,,,28.85,-0.04,,0.3,0.23,0.02,-0.05,1747.0,850.0,22.5,59.3,21.51,254.66,1.06,0.02,3,34.0,27.5,7.0,8.0,76.5,BUY ⭐⭐⭐⭐,Expected ~144% CAGR (2yr) | Revenue CAGR 375% | Profit CAGR 208% | ROE 44% | ROCE 48% | ROCE trend rising ↑,High PE 54,2-3 years,Medium,"yfinance, screener.in",80,246,,2026-06-01,2026-06-01,0,,1,
KIRLPNU,Kirloskar Pneumatic Company Limited,Industrials,Specialty Industrial Machinery,10226.0,Mid-Cap,MonthlyStage2,Stage Change,1.0,24,10-EMA=1275 | 30-EMA=1142 | Above by 38.5% | MA turning=Yes,MonthlyCupHandle+MonthlyDoubleBottom+MonthlyStage2,Uptrend,True,True,Tight-Above-MAs,True,Stage2,4,Uptrend,Uptrend,1581.5,1141.5,988.59,1344.27,3439.74,5676.62,20086.29,8312.14,258.9,89.5,40.0,30.39,8.19,0.28,27.38,64.0,5.27,1723.33,3,none,21.8,28.5,-3.37,19.0,1.46,14.33,11.95,8.96,59.43,27.14,20.38,141.65,38.97,79.8,0.15,highly inconsistent earnings,0.0,,2.65,,118.68,1.16,38.81,-0.01,,9.56,2.83,26.53,-1.71,1705.0,990.1,7.2,59.7,19.91,124.66,1.01,0.59,6,36.0,28.5,8.0,4.0,76.5,BUY ⭐⭐⭐⭐,Expected ~90% CAGR (2yr) | Revenue CAGR 59% | Profit CAGR 142% | ROE 22% | ROCE 28% | Nearly debt-free,None identified,1-3 years,Low-Medium,"yfinance, screener.in",100,38,,2026-06-01,2026-06-01,0,,1,
LUMAXTECH,Lumax Auto Technologies Limited,Consumer Cyclical,Auto Parts,11756.0,Mid-Cap,MonthlyDoubleBottom,Forming,1.0,33,Sep 33mo | Mid rally 205% | Asymmetry 2%,,Sideways-Above-MA,True,False,Constructive,False,Stage2,3,Uptrend,Uptrend,1626.1,194.78,63.18,1382.18,3203.32,3577.24,6716.41,4638.4,120.0,48.3,42.19,26.47,11.14,0.94,22.6,32.0,16.26,1985.5,4,none,26.8,21.4,1.4,14.0,1.03,5.43,,33.9,38.15,34.46,47.16,44.8,45.89,84.0,1.0,steady compounder (low CV),0.87,,,,,,55.98,0.0,,8.38,0.38,16.81,0.29,1898.0,805.95,14.3,101.8,46.37,349.45,0.45,0.42,3,36.0,22.5,10.0,8.0,76.5,BUY ⭐⭐⭐⭐,Expected ~48% CAGR (2yr) | Revenue CAGR 38% | Profit CAGR 45% | ROE 27% | ROCE 21% | ROCE trend rising ↑,Pattern still forming (not broken out),2-3 years,Medium,"yfinance, screener.in",80,233,,2026-06-01,2026-06-01,0,,1,
DSSL,Dynacons Systems & Solutions Limited,Technology,Information Technology Services,2224.0,Small-Cap,MonthlyStage2,Breaking Out,1.0,24,10-EMA=1074 | 30-EMA=977 | Above by 58.4% | MA turning=Yes,MonthlyDoubleBottom+MonthlyStage2,Uptrend,True,True,Uptrend,True,Downtrend,0,Uptrend,Uptrend,1547.8,977.09,784.85,1315.63,2684.35,3665.21,5004.47,3665.21,136.8,53.9,26.45,,8.15,0.72,17.59,3.0,0.0,,0,none,37.3,39.2,4.54,10.0,1.14,6.22,,6.63,18.89,25.38,16.67,36.54,56.32,-34.7,0.4,lumpy earner,0.64,,,,,,60.89,-0.06,,0.37,0.03,0.3,0.04,1924.8,781.0,19.6,98.2,50.56,192.0,2.01,0.47,3,32.0,27.0,9.0,8.0,76.0,BUY ⭐⭐⭐⭐,Expected ~54% CAGR (2yr) | Revenue CAGR 19% | Profit CAGR 37% | ROE 37% | ROCE 39% | ROCE trend rising ↑,None identified,2-3 years,Medium,"yfinance, screener.in",80,221,,2026-06-01,2026-06-01,0,,1,
CONSOFINVT,Consolidated Finvest & Holdings Limited,Financial Services,Capital Markets,745.0,Small-Cap,MonthlyStage2,Stage Change,1.0,24,10-EMA=204 | 30-EMA=192 | Above by 20.4% | MA turning=Yes,MonthlyDoubleBottom+MonthlyStage2,Uptrend,True,False,Uptrend,True,Stage2,12,Uptrend,Uptrend,231.19,192.0,164.27,196.51,784.46,1451.72,2686.55,1451.72,527.9,150.6,11.78,,0.72,0.14,10.68,49.0,33.9,,0,none,33.6,34.5,,98.9,,89.96,,-87.62,17.57,-0.75,1.58,85.06,53.39,-21.4,0.2,multiple loss years in history,,,,,,,74.89,0.0,,2.58,-1.6,0.02,0.0,245.95,152.0,6.0,52.1,19.17,41.18,0.15,0.54,1,30.0,26.5,15.0,4.0,75.5,BUY ⭐⭐⭐⭐,Expected ~151% CAGR (2yr) | Revenue CAGR 18% | Profit CAGR 85% | ROE 34% | ROCE 34% | Promoter 75% holding,None identified,1-3 years,Low-Medium,"yfinance, screener.in",70,287,,2026-06-01,2026-06-01,0,,1,
FIEMIND,Fiem Industries Limited,Consumer Cyclical,Auto Parts,5903.0,Small-Cap,MonthlyDoubleBottom,Forming,1.0,38,Sep 38mo | Mid rally 218% | Asymmetry 5%,,Uptrend,True,False,Uptrend,True,Stage2,3,Uptrend,Uptrend,2169.7,640.59,196.92,1844.24,5043.39,4811.7,7541.08,6167.06,121.8,48.9,24.27,16.89,5.46,1.09,15.68,134.0,44.22,2778.67,3,buy,24.6,32.5,3.17,14.0,0.51,9.08,,16.22,15.07,18.19,24.88,22.28,40.36,34.8,0.4,lumpy earner,0.06,,,,,,54.51,0.0,,6.86,-0.07,11.4,0.53,2555.3,1641.9,15.1,32.1,21.77,130.89,0.42,0.51,3,32.0,26.5,11.0,6.0,75.5,BUY ⭐⭐⭐⭐,Expected ~49% CAGR (2yr) | Revenue CAGR 15% | Profit CAGR 22% | ROE 25% | ROCE 32% | ROCE trend rising ↑,Pattern still forming (not broken out),1-3 years,Low-Medium,"yfinance, screener.in",80,236,,2026-06-01,2026-06-01,0,,1,
HINDCOPPER,Hindustan Copper Limited,Basic Materials,Copper,52094.0,Large-Cap,MonthlyStage2,Stage Change,1.0,24,10-EMA=471 | 30-EMA=348 | Above by 63.7% | MA turning=Yes,MonthlyDoubleBottom+MonthlyStage2,Uptrend,True,False,Uptrend,True,Stage2,1,Uptrend,Uptrend,569.5,347.83,200.96,484.07,316.16,494.7,674.39,461.76,,,56.82,27.07,17.57,1.23,35.18,46.0,2.82,715.0,1,strong_buy,32.9,42.5,5.66,48.0,4.34,29.84,19.92,48.62,22.44,11.49,97.63,46.05,52.89,137.4,0.15,highly inconsistent earnings,0.03,,1.68,,864.71,1.66,66.14,0.0,,6.34,-0.22,5.39,-0.18,760.05,226.7,25.1,151.2,112.72,375.37,0.33,1.5,7,40.0,26.5,3.0,6.0,75.5,BUY ⭐⭐⭐⭐,Revenue CAGR 22% | Profit CAGR 46% | ROE 33% | ROCE 42% | ROCE trend rising ↑ | Nearly debt-free,High PE 57,1-3 years,Low-Medium,"yfinance, screener.in",100,197,,2026-06-01,2026-06-01,0,,1,
THYROCARE,Thyrocare Technologies Limited,Healthcare,Diagnostics & Research,8058.0,Mid-Cap,MonthlyDoubleBottom,Forming,1.0,36,Sep 36mo | Mid rally 676% | Asymmetry 6%,,Sideways-Above-MA,True,True,Constructive,True,Stage2,4,Uptrend,Uptrend,470.65,967.28,121.16,400.05,681.79,1813.4,1271.44,931.05,285.3,96.3,49.49,37.09,15.07,1.35,29.81,184.0,23.13,600.0,4,strong_buy,29.6,36.7,-1.29,32.0,-1.43,19.67,17.66,20.67,16.3,10.86,79.12,36.56,7.6,118.7,0.15,highly inconsistent earnings,0.09,,3.39,,201.57,2.5,60.92,-0.01,,5.37,0.41,21.0,0.48,536.67,291.37,12.3,61.5,53.08,161.25,1.24,0.35,5,38.0,22.5,7.0,8.0,75.5,BUY ⭐⭐⭐⭐,Expected ~96% CAGR (2yr) | Revenue CAGR 16% | Profit CAGR 37% | ROE 30% | ROCE 37% | Nearly debt-free,Margin compression ↓ | Pattern still forming (not broken out),1-3 years,Low-Medium,"yfinance, screener.in",100,121,,2026-06-01,2026-06-01,0,,1,
PANACHE,Panache Digilife Limited,Technology,Communication Equipment,517.0,Small-Cap,MonthlyDoubleBottom,Forming,1.0,33,Sep 33mo | Mid rally 147% | Asymmetry 8%,,Sideways-Above-MA,True,True,Constructive,True,Downtrend,0,Uptrend,Uptrend,368.85,94.8,36.79,313.52,837.77,2154.15,5538.96,2154.15,484.0,141.7,38.04,,4.73,0.24,18.13,0.0,-20.63,,0,none,21.6,25.6,2.43,11.0,0.51,6.67,10.32,109.48,29.46,25.52,142.86,157.13,33.56,323.7,0.15,highly inconsistent earnings,0.26,,1.82,,-27.14,-5.25,54.05,2.37,,,,,,472.15,175.81,21.9,109.8,81.58,476.68,0.53,0.38,5,37.0,21.5,10.0,6.0,74.5,BUY ⭐⭐⭐⭐,Expected ~142% CAGR (2yr) | Revenue CAGR 29% | Profit CAGR 157% | ROE 22% | ROCE 26% | ROCE trend rising ↑,Pattern still forming (not broken out),2-3 years,Medium,"yfinance, screener.in",100,110,,2026-06-01,2026-06-01,0,,1,
PRIVISCL,Privi Speciality Chemicals Limited,Basic Materials,Specialty Chemicals,12716.0,Mid-Cap,MonthlyDoubleBottom,Forming,0.718,14,Sep 14mo | Mid rally 72% | Asymmetry 1%,,Uptrend,True,False,Tight-Above-MAs,True,Stage2,1,Uptrend,Uptrend,3086.0,1736.85,1003.74,2623.1,4250.02,10503.5,25958.34,10503.5,240.4,84.5,38.76,22.73,10.26,0.26,21.37,31.0,35.72,3789.5,2,none,26.0,22.1,2.11,25.0,2.17,12.78,10.54,22.04,16.83,14.96,71.35,147.14,22.06,40.9,0.15,highly inconsistent earnings,0.71,,1.46,,112.89,0.89,60.6,0.0,,1.37,-0.27,10.67,0.42,3590.9,2050.0,14.1,50.5,43.64,163.51,0.55,-0.07,6,35.0,24.12,7.0,8.0,74.1,BUY ⭐⭐⭐⭐,Expected ~84% CAGR (2yr) | Revenue CAGR 17% | Profit CAGR 147% | ROE 26% | ROCE 22% | ROCE trend rising ↑,Pattern still forming (not broken out),2-3 years,Medium,"yfinance, screener.in",100,133,,2026-06-01,2026-06-01,0,,1,
APCOTEXIND,Apcotex Industries Limited,Basic Materials,Specialty Chemicals,2486.0,Small-Cap,MonthlyStage2,Breaking Out,1.0,24,10-EMA=396 | 30-EMA=393 | Above by 29.3% | MA turning=Yes,MonthlyDoubleBottom+MonthlyStage2,Uptrend,True,False,Tight-Above-MAs,True,Stage2,1,Uptrend,Uptrend,508.45,393.37,300.82,432.18,929.44,1927.66,3997.97,1927.66,279.1,94.7,24.51,17.13,4.0,0.23,14.18,146.0,-23.11,700.0,1,none,24.4,19.8,,10.0,-1.0,7.03,8.05,23.21,,,-2.56,,,107.3,0.15,highly inconsistent earnings,0.15,,1.66,,118.48,4.77,58.23,0.0,,0.64,0.02,2.23,0.0,559.9,310.45,9.2,63.8,37.08,-23.21,4.98,0.2,5,28.0,30.0,8.0,8.0,74.0,BUY ⭐⭐⭐⭐,Expected ~95% CAGR (2yr) | Revenue CAGR 16% | Profit CAGR 107% | ROE 24% | Low D/E 0.15 | Promoter 58% holding,Margin compression ↓,2-3 years,Medium,"yfinance, screener.in",80,286,,2026-06-01,2026-06-01,0,,1,
SYNCOMF,Syncom Formulations (India) Limited,Healthcare,Drug Manufacturers - Specialty & Generic,1411.0,Small-Cap,MonthlyDoubleBottom,Forming,1.0,21,Sep 21mo | Mid rally 164% | Asymmetry 7%,,Sideways-Above-MA,True,True,Constructive,True,Stage2,4,Uptrend,Uptrend,14.15,27.9,10.21,12.03,56.38,87.98,137.29,87.98,521.8,149.4,20.56,,3.66,0.37,12.04,0.0,,,0,none,20.2,26.8,2.26,16.0,1.31,14.69,13.49,5.62,30.11,21.46,55.1,56.05,47.19,42.3,0.4,lumpy earner,0.0,,3.19,,60.64,4.3,50.57,0.0,,0.21,-0.05,,,22.72,10.21,37.7,38.6,-19.05,64.34,0.66,,7,40.0,22.0,12.0,0.0,74.0,BUY ⭐⭐⭐⭐,Expected ~149% CAGR (2yr) | Revenue CAGR 30% | Profit CAGR 56% | ROE 20% | ROCE 27% | ROCE trend rising ↑,Pattern still forming (not broken out),2-3 years,Medium,"yfinance, screener.in",100,43,,2026-06-01,2026-06-01,0,,1,
GOLDIAM,Goldiam International Limited,Consumer Cyclical,Luxury Goods,4617.0,Small-Cap,MonthlyStage2,Stage Change,1.0,24,10-EMA=350 | 30-EMA=307 | Above by 23.8% | MA turning=Yes,MonthlyCupHandle+MonthlyDoubleBottom+MonthlyStage2,Uptrend,True,False,Tight-Above-MAs,True,Stage2,3,Uptrend,Uptrend,379.75,306.72,158.21,322.79,853.58,1077.55,1360.3,1077.55,183.8,68.4,27.03,,4.52,1.03,20.66,92.0,-4.93,,0,none,23.0,30.3,1.37,21.0,0.43,17.46,10.51,25.1,22.38,19.2,46.15,26.24,20.61,61.2,0.15,highly inconsistent earnings,0.07,,5.94,,-58.54,-1.27,58.51,0.0,,0.63,-0.11,0.95,-0.15,448.65,265.0,15.4,43.3,18.94,175.79,0.64,0.97,6,34.0,28.5,7.0,4.0,73.5,BUY ⭐⭐⭐⭐,Expected ~68% CAGR (2yr) | Revenue CAGR 22% | Profit CAGR 26% | ROE 23% | ROCE 30% | ROCE trend rising ↑,None identified,2-3 years,Medium,"yfinance, screener.in",100,250,,2026-06-01,2026-06-01,0,,1,
BAJAJ-AUTO,Bajaj Auto Limited,Consumer Cyclical,Auto Manufacturers,292118.0,Large-Cap,MonthlyCupHandle,Forming,0.945,18,Cup 18mo | Depth 20% | Prior gain 30% | R²=0.97,MonthlyCupHandle+MonthlyDoubleBottom,Uptrend,True,True,Tight-Above-MAs,True,Stage2,3,Uptrend,Uptrend,10205.0,10344.43,8305.81,8674.25,20377.82,19017.7,29535.1,24532.85,86.4,36.5,27.25,22.21,7.52,1.34,20.03,143.0,2.33,10744.98,39,none,29.1,28.2,1.06,21.0,0.74,16.51,13.88,23.36,19.94,17.79,44.35,20.39,16.84,103.2,0.15,highly inconsistent earnings,0.56,,1.76,,-456.44,-0.16,55.01,0.02,,8.82,-0.02,14.35,0.28,10834.0,7858.5,5.8,29.9,32.37,108.64,0.7,0.71,6,28.0,27.34,8.0,10.0,73.3,BUY ⭐⭐⭐⭐,Expected ~36% CAGR (2yr) | Revenue CAGR 20% | Profit CAGR 20% | ROE 29% | ROCE 28% | ROCE trend rising ↑,Earnings due 2026-07-16 | Pattern still forming (not broken out),2-3 years,Medium,"yfinance, screener.in",100,287,2026-07-16,2026-06-01,2026-06-01,0,,1,
SJS,S.J.S. Enterprises Limited,Consumer Cyclical,Auto Parts,6736.0,Small-Cap,None,,0.0,0,,,Uptrend,True,True,Tight-Above-MAs,True,Stage2,3,Uptrend,Uptrend,1982.3,,,1684.95,3526.75,3843.01,6612.6,4829.18,93.9,39.2,41.15,26.46,7.76,1.11,24.11,17.0,25.0,2363.75,4,strong_buy,22.1,28.7,2.5,28.0,0.5,17.87,13.62,25.66,30.17,,44.54,36.93,,45.1,1.0,steady compounder (low CV),0.03,,2.95,,126.27,1.87,21.15,-0.03,,15.68,-1.24,31.09,1.99,2119.9,1080.9,6.5,83.4,62.24,228.54,,0.39,7,40.0,15.0,8.0,10.0,73.0,BUY ⭐⭐⭐⭐,Expected ~39% CAGR (2yr) | Revenue CAGR 30% | Profit CAGR 37% | ROE 22% | ROCE 29% | ROCE trend rising ↑,None identified,2-3 years,Medium,"yfinance, screener.in",100,55,,2026-06-01,2026-06-01,0,,1,
MAHABANK,Bank of Maharashtra,Financial Services,Banks - Regional,60971.0,Large-Cap,MonthlyDoubleBottom,Forming,0.948,24,Sep 24mo | Mid rally 101% | Asymmetry 6%,MonthlyCupHandle+MonthlyDoubleBottom,Uptrend,True,False,Tight-Above-MAs,True,Stage2,12,Uptrend,Uptrend,78.34,46.75,22.59,66.59,270.88,259.47,524.42,376.9,231.2,82.0,8.69,,1.83,0.22,,315.0,-8.37,83.33,3,strong_buy,22.7,6.03,,57.89,,49.28,1.76,17.37,22.58,19.79,26.61,39.14,65.16,36.1,0.4,lumpy earner,,,,,,,73.6,0.0,,5.55,0.63,13.93,0.43,85.9,51.71,8.8,51.5,46.7,166.95,0.6,0.84,2,27.0,27.88,10.0,8.0,72.9,BUY ⭐⭐⭐⭐,Expected ~82% CAGR (2yr) | Revenue CAGR 23% | Profit CAGR 39% | ROE 23% | Promoter 74% holding | OPM 58%,Pattern still forming (not broken out),2-3 years,Medium,"yfinance, screener.in",80,266,,2026-06-01,2026-06-01,0,,1,
EICHERMOT,Eicher Motors Limited,Consumer Cyclical,Auto Manufacturers,197007.0,Large-Cap,MonthlyDoubleBottom,Forming,1.0,43,Sep 43mo | Mid rally 123% | Asymmetry 5%,,Sideways-Above-MA,True,False,Uptrend,True,Stage2,3,Uptrend,Uptrend,6882.5,3131.16,1371.92,5850.12,11166.34,11416.75,17083.62,13811.64,65.9,28.8,35.71,27.07,7.84,1.51,33.06,98.0,49.38,7824.42,36,buy,24.0,30.5,3.14,25.0,1.11,23.56,10.42,24.05,17.47,21.83,16.5,23.69,32.57,11.6,0.4,lumpy earner,0.02,,1.9,,3151.76,1.6,49.06,0.0,,26.77,-0.24,14.73,0.09,8230.0,5219.5,16.4,31.9,30.69,75.99,0.49,0.3,7,38.0,23.5,3.0,8.0,72.5,BUY ⭐⭐⭐⭐,Expected ~29% CAGR (2yr) | Revenue CAGR 17% | Profit CAGR 24% | ROE 24% | ROCE 30% | ROCE trend rising ↑,Earnings due 2026-07-30 | Pattern still forming (not broken out),2-3 years,Medium,"yfinance, screener.in",100,365,2026-07-30,2026-06-01,2026-06-01,0,,1,
GVT&D,GE Vernova T&D India Ltd,Industrials,Specialty Industrial Machinery,131828.0,Large-Cap,MonthlyDoubleBottom,Forming,1.0,36,Sep 36mo | Mid rally 193% | Asymmetry 3%,,Uptrend,True,True,Uptrend,True,Stage2,4,Uptrend,Uptrend,4385.3,360.39,121.02,3727.51,2800.46,5049.55,9971.8,5284.47,15.1,7.3,106.38,66.83,63.17,1.2,77.4,19.0,100.0,4697.17,12,buy,18.6,,,12.0,,19.87,16.5,42.0,,,88.7,,,88.6,0.5,insufficient history,0.01,,1.33,,1180.97,0.9,51.0,0.0,,20.39,1.93,21.39,-1.88,5222.1,2204.0,16.0,99.0,93.51,1882.65,0.53,0.57,4,32.0,26.5,4.0,10.0,72.5,BUY ⭐⭐⭐⭐,Expected ~7% CAGR (2yr) | Revenue CAGR 42% | Profit CAGR 89% | Nearly debt-free | Promoter 51% holding | FII buying +1.9% ↑,High PE 106 | Pattern still forming (not broken out),2-3 years,Medium,"yfinance, screener.in",70,286,,2026-06-01,2026-06-01,0,,1,
STAR,Strides Pharma Science Limited,Healthcare,Drug Manufacturers - Specialty & Generic,10248.0,Mid-Cap,MonthlyDoubleBottom,Forming,1.0,26,Sep 26mo | Mid rally 276% | Asymmetry 1%,,Uptrend,True,False,Tight-Above-MAs,True,Stage2,4,Uptrend,Uptrend,1153.6,986.17,260.8,980.56,8705.21,23043.57,60998.63,23043.57,1897.5,346.9,18.42,11.46,3.72,0.11,12.79,36.0,100.0,1264.5,2,strong_buy,20.4,18.6,3.49,19.0,2.6,11.45,6.96,6.44,9.63,7.94,-84.02,164.71,-3.41,54.4,0.2,multiple loss years in history,0.56,,1.25,,32.17,0.31,27.91,0.05,,28.68,-0.84,14.44,1.42,1231.0,768.65,6.3,50.1,36.25,147.41,0.61,0.31,5,24.0,28.5,12.0,8.0,72.5,BUY ⭐⭐⭐⭐,Expected ~347% CAGR (2yr) | Profit CAGR 165% | ROE 20% | ROCE trend rising ↑ | Piotroski F=5 (above average quality) | DII buying +1.4% ↑,Pattern still forming (not broken out),2-3 years,Medium,"yfinance, screener.in",100,288,,2026-06-01,2026-06-01,0,,1,
LLOYDSME,Lloyds Metals and Energy Limited,Basic Materials,Steel,101378.0,Large-Cap,MonthlyCupHandle,Forming,0.572,12,Cup 12mo | Depth 19% | Prior gain 117% | R²=0.67,MonthlyAscTriangle+MonthlyCupHandle,Uptrend,True,False,Tight-Above-MAs,True,Stage2,1,Uptrend,Uptrend,1664.5,1657.23,1347.5,1414.83,4541.81,10081.99,52654.82,15464.42,505.7,146.1,26.95,12.35,6.89,0.11,18.54,6.0,0.0,2008.33,6,strong_buy,36.6,27.3,3.2,36.0,5.34,21.51,13.54,154.62,72.17,132.66,163.16,240.49,353.33,603.3,0.15,highly inconsistent earnings,1.45,,0.81,,-7050.54,-6.95,61.65,-2.08,,2.26,0.37,1.71,-0.14,1888.6,1042.9,11.9,59.6,12.2,,0.88,0.22,5,35.0,22.36,9.0,6.0,72.4,BUY ⭐⭐⭐⭐,Expected ~146% CAGR (2yr) | Revenue CAGR 72% | Profit CAGR 240% | ROE 37% | ROCE 27% | ROCE trend rising ↑,High D/E 1.5 | Pattern still forming (not broken out),2-3 years,Medium,"yfinance, screener.in",100,35,,2026-06-01,2026-06-01,0,,1,
WABAG,VA Tech Wabag Limited,Industrials,Engineering & Construction,9521.0,Mid-Cap,MonthlyStage2,Stage Change,0.973,24,10-EMA=1347 | 30-EMA=1214 | Above by 14.6% | MA turning=Yes,MonthlyDoubleBottom+MonthlyStage2,Uptrend,True,False,Uptrend,True,Stage2,4,Uptrend,Uptrend,1391.2,1214.05,1077.7,1182.52,7339.53,14973.66,76477.77,23692.0,976.3,228.1,22.03,17.26,4.09,0.1,16.37,26.0,100.0,1896.14,7,strong_buy,15.9,21.3,1.74,12.0,1.06,9.39,5.17,19.73,10.04,6.83,25.42,222.8,29.65,28.9,0.15,highly inconsistent earnings,0.09,,1.71,,140.94,1.48,19.09,-0.01,,16.6,-2.37,5.77,1.45,1672.1,1033.0,16.8,34.7,1.6,161.66,0.36,0.82,7,30.0,26.18,13.0,3.0,72.2,BUY ⭐⭐⭐⭐,Expected ~228% CAGR (2yr) | Profit CAGR 223% | ROCE 21% | ROCE trend rising ↑ | Nearly debt-free | Piotroski F=7 (high quality compounder),None identified,2-3 years,Medium,"yfinance, screener.in",100,188,,2026-06-01,2026-06-01,0,,1,
SPARC,Sun Pharma Advanced Research Company Limited,Healthcare,Drug Manufacturers - Specialty & Generic,6883.0,Small-Cap,MonthlyDoubleBottom,Breakout Ready,1.0,42,Sep 42mo | Mid rally 196% | Asymmetry 4%,MonthlyDoubleBottom+MonthlyStage2,Uptrend,True,True,Uptrend,True,Stage2,4,Uptrend,Uptrend,179.77,182.61,60.43,152.8,1982.1,2279.41,2621.32,2279.41,1168.0,256.1,4.43,3.83,5.14,,4.66,0.0,,,0,none,279.0,164.0,136.0,85.0,60.7,3967.31,79.22,2509.72,98.84,,552.77,,,,0.2,multiple loss years in history,0.42,,2.47,,-894.95,-13.0,65.68,0.01,,2.48,0.44,0.1,-0.78,248.75,108.0,27.7,66.5,18.14,-36.96,2.41,0.35,5,32.0,28.0,8.0,4.0,72.0,BUY ⭐⭐⭐⭐,Expected ~256% CAGR (2yr) | Revenue CAGR 99% | ROE 279% | ROCE 164% | ROCE trend rising ↑ | Promoter 66% holding,None identified,2-3 years,Medium,"yfinance, screener.in",90,281,,2026-06-01,2026-06-01,0,,1,
MOTHERSON,Samvardhana Motherson International Limited,Consumer Cyclical,Auto Parts,153482.0,Large-Cap,MonthlyDoubleBottom,Forming,1.0,42,Sep 42mo | Mid rally 191% | Asymmetry 3%,MonthlyCupHandle+MonthlyDoubleBottom,Uptrend,True,False,Tight-Above-MAs,True,Stage2,3,Uptrend,Uptrend,131.49,65.07,21.99,111.77,233.05,248.24,423.16,314.03,88.8,37.4,39.82,22.33,4.16,1.15,14.04,41.0,-6.87,149.55,22,buy,10.9,13.1,1.83,9.0,0.34,3.09,4.16,10.95,16.97,17.06,-1.45,34.75,21.1,42.5,0.15,highly inconsistent earnings,0.44,,1.06,,3768.69,2.46,48.6,0.0,,12.45,0.7,21.08,-0.49,151.77,89.7,13.4,46.6,35.52,111.83,0.55,0.98,6,24.0,28.5,9.0,10.0,71.5,BUY ⭐⭐⭐⭐,Expected ~37% CAGR (2yr) | Revenue CAGR 17% | Profit CAGR 35% | ROCE trend rising ↑ | Piotroski F=6 (above average quality) | FII buying +0.7% ↑,Earnings due 2026-08-13 | Pattern still forming (not broken out),2-3 years,Medium,"yfinance, screener.in",100,287,2026-08-13,2026-06-01,2026-06-01,0,,1,
AJANTPHARM,Ajanta Pharma Limited,Healthcare,Drug Manufacturers - Specialty & Generic,36592.0,Large-Cap,MonthlyCupHandle,Forming,0.908,18,Cup 18mo | Depth 19% | Prior gain 44% | R²=0.94,MonthlyCupHandle+MonthlyDoubleBottom,Uptrend,True,False,Constructive,False,Stage2,4,Uptrend,Uptrend,3248.2,3174.87,2558.14,2760.97,5223.34,5130.7,7717.18,6348.97,58.0,25.7,34.6,25.72,8.08,1.61,24.16,191.0,58.74,3303.29,14,strong_buy,25.4,32.3,0.51,26.0,-1.2,19.37,14.82,17.32,13.36,13.54,14.78,21.55,10.06,18.4,0.15,highly inconsistent earnings,0.06,,2.64,,0.87,0.0,66.25,0.0,,8.26,0.29,18.36,-0.22,3314.9,2329.9,2.0,39.4,35.05,106.95,1.04,0.2,6,34.0,23.9,5.0,8.0,70.9,BUY ⭐⭐⭐⭐,Expected ~26% CAGR (2yr) | Profit CAGR 22% | ROE 25% | ROCE 32% | ROCE trend rising ↑ | Nearly debt-free,Margin compression ↓ | Pattern still forming (not broken out),2-3 years,Medium,"yfinance, screener.in",100,287,,2026-06-01,2026-06-01,0,,1,
MAYURUNIQ,Mayur Uniquoters Limited,Consumer Cyclical,Textile Manufacturing,3278.0,Small-Cap,MonthlyStage2,Stage Change,1.0,24,10-EMA=541 | 30-EMA=526 | Above by 17.7% | MA turning=Yes,MonthlyDoubleBottom+MonthlyStage2,Uptrend,True,False,Uptrend,True,Stage2,3,Uptrend,Uptrend,619.4,526.3,456.31,526.49,2059.78,1876.04,3099.54,2526.73,202.9,74.0,17.09,13.68,3.22,0.75,12.9,66.0,35.72,900.0,3,strong_buy,18.4,24.7,1.26,24.0,0.31,19.83,11.08,9.89,7.61,13.52,28.86,22.67,16.36,43.2,0.4,lumpy earner,0.01,,7.46,,-11.45,-0.35,58.77,0.18,,3.68,0.45,3.65,0.33,805.75,471.2,23.1,31.5,19.06,-1.83,1.21,0.2,5,26.0,26.5,14.0,4.0,70.5,BUY ⭐⭐⭐⭐,Expected ~74% CAGR (2yr) | Profit CAGR 23% | ROCE 25% | ROCE trend rising ↑ | Nearly debt-free | Promoter 59% holding,None identified,2-3 years,Medium,"yfinance, screener.in",100,165,,2026-06-01,2026-06-01,0,,1,
POWERMECH,Power Mech Projects Limited,Industrials,Engineering & Construction,7906.0,Small-Cap,MonthlyDoubleBottom,Forming,1.0,16,Sep 16mo | Mid rally 120% | Asymmetry 1%,MonthlyDoubleBottom+MonthlyStage2,Sideways-Above-MA,True,False,Constructive,True,Stage2,4,Uptrend,Uptrend,2479.6,3722.33,1681.27,2107.66,5165.11,6497.19,8172.82,6497.19,162.0,61.9,21.74,13.71,3.46,0.84,11.56,5.0,18.56,2819.0,2,strong_buy,15.6,21.8,3.49,12.0,1.54,6.0,7.72,15.82,18.96,26.33,18.39,25.79,25.75,21.6,0.75,consistent growth,0.26,,1.71,,528.1,6.68,58.41,0.08,,6.48,-0.07,20.18,-0.36,3415.0,1717.7,27.4,44.4,-18.64,24.44,0.52,0.65,7,39.0,21.5,10.0,0.0,70.5,BUY ⭐⭐⭐⭐,Expected ~62% CAGR (2yr) | Revenue CAGR 19% | Profit CAGR 26% | ROCE 22% | ROCE trend rising ↑ | Low D/E 0.26,Pattern still forming (not broken out),2-3 years,Medium,"yfinance, screener.in",100,130,,2026-06-01,2026-06-01,0,,1,
STYLAMIND,Stylam Industries Limited,Consumer Cyclical,"Furnishings, Fixtures & Appliances",4801.0,Small-Cap,MonthlyStage2,Stage Change,1.0,24,10-EMA=2204 | 30-EMA=1924 | Above by 44.1% | MA turning=Yes,MonthlyCupHandle+MonthlyDoubleBottom+MonthlyStage2,Uptrend,True,True,Tight-Above-MAs,True,Stage2,3,Uptrend,Uptrend,2773.0,1924.22,1576.4,2357.05,4318.83,4071.1,5815.42,5011.57,46.8,21.2,32.05,21.3,6.59,2.0,21.13,0.0,,2660.4,5,none,20.5,27.0,0.66,20.0,0.14,13.19,14.7,10.15,5.85,18.66,22.95,16.04,22.22,29.3,0.15,highly inconsistent earnings,0.04,,3.48,,-34.89,-0.73,54.1,1.91,,2.81,0.77,13.31,0.07,2929.0,1593.7,5.3,74.0,76.68,51.88,1.03,,5,27.0,28.5,5.0,10.0,70.5,BUY ⭐⭐⭐⭐,Expected ~21% CAGR (2yr) | ROE 20% | ROCE 27% | ROCE trend rising ↑ | Nearly debt-free | Promoter 54% holding,None identified,2-3 years,Medium,"yfinance, screener.in",100,58,,2026-06-01,2026-06-01,0,,1,
ABB,ABB India Limited,Industrials,Specialty Industrial Machinery,153697.0,Large-Cap,MonthlyDoubleBottom,Forming,0.95,23,Sep 23mo | Mid rally 103% | Asymmetry 8%,MonthlyCupHandle+MonthlyDoubleBottom+MonthlyStage2,Uptrend,True,False,Uptrend,True,Stage2,4,Uptrend,Uptrend,6329.0,9027.85,4267.13,5379.65,6360.76,13788.57,48590.77,17580.51,117.9,47.6,99.0,70.72,19.61,0.56,78.8,54.0,39.08,6334.25,28,none,22.4,29.9,20.0,14.0,2.8,22.26,,-0.83,19.84,,78.48,176.39,,275.8,0.15,highly inconsistent earnings,0.01,,,,,,75.0,0.0,,8.19,0.55,9.28,0.13,7822.5,4637.5,19.1,36.5,12.15,22.65,1.05,0.57,3,35.0,25.4,6.0,4.0,70.4,BUY ⭐⭐⭐⭐,Expected ~48% CAGR (2yr) | Revenue CAGR 20% | Profit CAGR 176% | ROE 22% | ROCE 30% | ROCE trend rising ↑,High PE 99 | Earnings due 2026-07-30 | Pattern still forming (not broken out),2-3 years,Medium,"yfinance, screener.in",80,287,2026-07-30,2026-06-01,2026-06-01,0,,1,
MONARCH,Monarch Networth Capital Limited,Financial Services,Capital Markets,2663.0,Small-Cap,MonthlyDoubleBottom,Forming,1.0,21,Sep 21mo | Mid rally 116% | Asymmetry 4%,MonthlyDoubleBottom+MonthlyStage2,Sideways-Above-MA,True,True,Constructive,True,Stage2,12,Uptrend,Uptrend,312.45,497.5,225.65,265.58,739.75,1194.4,1928.48,1194.4,282.3,95.5,14.73,,2.74,0.24,,30.0,25.99,,0,none,20.5,27.7,-2.71,69.0,6.14,49.44,12.91,13.41,31.93,29.28,21.48,61.46,49.79,84.3,0.15,highly inconsistent earnings,0.04,,2.21,,,,53.86,0.45,,1.47,0.03,0.15,0.0,398.8,235.45,21.7,32.7,-0.3,135.88,0.69,0.05,5,39.0,22.0,8.0,1.0,70.0,BUY ⭐⭐⭐⭐,Expected ~96% CAGR (2yr) | Revenue CAGR 32% | Profit CAGR 61% | ROE 20% | ROCE 28% | Nearly debt-free,Pattern still forming (not broken out),2-3 years,Medium,"yfinance, screener.in",90,53,,2026-06-01,2026-06-01,0,,1,
SHAILY,Shaily Engineering Plastics Limited,Basic Materials,Specialty Chemicals,13750.0,Mid-Cap,None,,0.0,0,,,Uptrend,True,False,Tight-Above-MAs,True,Stage2,1,Uptrend,Uptrend,2636.8,,,2241.28,1186.35,2612.51,3402.37,2009.08,,,81.3,38.41,21.62,1.17,49.62,7.0,100.0,3517.67,6,strong_buy,26.9,29.3,6.0,28.0,3.3,17.15,13.87,25.92,17.75,,82.8,69.35,,40.5,0.4,lumpy earner,0.25,,1.25,,-11.78,-0.09,43.39,0.0,,16.73,4.72,10.61,-3.03,3019.9,1535.9,12.7,71.7,66.08,769.96,,-0.22,5,39.0,15.0,6.0,10.0,70.0,BUY ⭐⭐⭐⭐,Revenue CAGR 18% | Profit CAGR 69% | ROE 27% | ROCE 29% | ROCE trend rising ↑ | Low D/E 0.25,High PE 81,2-3 years,Medium,"yfinance, screener.in",100,50,,2026-06-01,2026-06-01,0,,1,
UNIVASTU,Univastu India Limited,Industrials,Engineering & Construction,277.0,Micro-Cap,MonthlyDoubleBottom,Forming,1.0,20,Sep 20mo | Mid rally 108% | Asymmetry 2%,MonthlyDoubleBottom+MonthlyStage2,Sideways-Above-MA,True,False,Constructive,True,Stage2,4,Uptrend,Uptrend,69.99,115.12,54.67,59.49,148.49,229.96,356.14,229.96,228.6,81.3,26.28,,3.17,0.48,9.27,0.0,,,0,none,25.4,30.0,1.0,16.0,-4.17,9.02,,42.11,40.83,36.65,62.5,54.87,21.06,81.7,0.15,highly inconsistent earnings,0.44,,,,,,67.46,0.0,,,0.0,0.0,0.0,106.67,56.02,34.4,24.9,-8.54,77.27,0.37,0.27,2,36.0,22.0,12.0,0.0,70.0,BUY ⭐⭐⭐⭐,Expected ~81% CAGR (2yr) | Revenue CAGR 41% | Profit CAGR 55% | ROE 25% | ROCE 30% | ROCE trend rising ↑,Margin compression ↓ | Pattern still forming (not broken out),2-3 years,Medium,"yfinance, screener.in",80,96,,2026-06-01,2026-06-01,0,,1,
GPTINFRA,GPT Infraprojects Limited,Industrials,Engineering & Construction,1460.0,Small-Cap,MonthlyStage2,Stage Change,0.849,24,10-EMA=113 | 30-EMA=104 | Above by 12.7% | MA turning=Yes,,Uptrend,True,False,Tight-Above-MAs,True,Stage2,4,Uptrend,Uptrend,117.21,103.97,89.91,99.63,415.93,615.03,909.45,615.03,424.7,129.1,15.0,,2.67,0.31,9.55,346.0,0.0,,0,none,17.3,21.3,1.91,14.0,-0.06,7.54,8.18,8.59,16.83,16.2,31.08,47.87,37.14,31.5,0.4,lumpy earner,0.5,,1.59,,-24.47,-1.68,69.37,0.0,,2.72,0.14,7.03,-0.07,145.0,96.22,19.2,21.8,0.83,278.17,0.52,-0.07,5,29.0,26.69,12.0,2.0,69.7,ACCUMULATE ⭐⭐⭐,Expected ~129% CAGR (2yr) | Revenue CAGR 17% | Profit CAGR 48% | ROCE 21% | ROCE trend rising ↑ | Promoter 69% holding,None identified,2-3 years,Medium,"yfinance, screener.in",100,119,,2026-06-01,2026-06-01,0,,1,
BBTC,The Bombay Burmah Trading Corporation Limited,Consumer Defensive,Packaged Foods,10477.0,Mid-Cap,MonthlyDoubleBottom,Forming,1.0,27,Sep 27mo | Mid rally 129% | Asymmetry 6%,,Sideways,False,False,Below-MAs,True,Stage2,15,Uptrend,Uptrend,1529.0,2919.66,1235.21,1299.65,15270.44,22239.87,32390.14,22239.87,1354.5,281.4,8.43,4.02,1.49,0.18,3.23,226.0,141.97,,0,none,19.1,33.0,3.43,18.0,1.0,6.26,15.63,6.78,5.54,7.84,13.64,45.64,14.32,43.8,0.15,highly inconsistent earnings,0.17,,1.19,,2049.95,19.57,74.04,0.0,,9.48,0.06,1.46,0.04,2155.0,1314.6,29.0,16.3,-15.66,30.67,0.4,0.66,5,37.0,19.5,13.0,0.0,69.5,ACCUMULATE ⭐⭐⭐,Expected ~281% CAGR (2yr) | Profit CAGR 46% | ROCE 33% | ROCE trend rising ↑ | Low D/E 0.17 | Promoter 74% holding,Pattern still forming (not broken out),2-3 years,Medium,"yfinance, screener.in",100,287,,2026-06-01,2026-06-01,0,,1,
ENGINERSIN,Engineers India Limited,Industrials,Engineering & Construction,13023.0,Mid-Cap,MonthlyStage2,Stage Change,1.0,24,10-EMA=212 | 30-EMA=189 | Above by 29.8% | MA turning=Yes,MonthlyCupHandle+MonthlyDoubleBottom+MonthlyStage2,Uptrend,True,False,Uptrend,True,Stage2,4,Uptrend,Uptrend,245.0,188.74,145.07,208.25,589.91,553.85,936.39,743.22,126.1,50.4,18.84,15.05,4.8,0.72,13.76,129.0,-20.63,269.8,5,strong_buy,23.8,30.6,0.8,18.0,1.43,19.34,,27.2,5.66,4.55,19.31,25.99,22.68,219.3,0.15,highly inconsistent earnings,0.01,,,,,,51.32,0.0,,9.66,1.92,12.19,-1.19,267.0,163.55,8.2,49.8,11.49,101.95,0.52,1.03,2,29.0,26.5,10.0,4.0,69.5,ACCUMULATE ⭐⭐⭐,Expected ~50% CAGR (2yr) | Profit CAGR 26% | ROE 24% | ROCE 31% | ROCE trend rising ↑ | Nearly debt-free,None identified,2-3 years,Medium,"yfinance, screener.in",80,345,,2026-06-01,2026-06-01,0,,1,
MODISONLTD,Modison Limited,Industrials,Electrical Equipment & Parts,924.0,Small-Cap,MonthlyStage2,Stage Change,1.0,24,10-EMA=151 | 30-EMA=138 | Above by 25.6% | MA turning=Yes,MonthlyDoubleBottom+MonthlyStage2,Sideways-Above-MA,True,True,Constructive,True,Stage2,4,Uptrend,Uptrend,173.03,137.71,115.84,147.08,918.85,1726.71,3244.82,1726.71,897.9,215.9,12.74,,4.08,0.14,40.68,176.0,81.71,,0,none,32.0,30.9,1.71,17.0,0.46,6.91,,44.9,28.45,19.45,192.0,87.92,27.11,277.7,0.15,highly inconsistent earnings,0.64,,,,,,52.16,0.05,,0.48,0.0,0.0,0.0,300.95,114.0,42.5,51.8,11.69,138.98,0.61,,3,36.0,22.5,7.0,4.0,69.5,ACCUMULATE ⭐⭐⭐,Expected ~216% CAGR (2yr) | Revenue CAGR 28% | Profit CAGR 88% | ROE 32% | ROCE 31% | ROCE trend rising ↑,None identified,2-3 years,Medium,"yfinance, screener.in",80,61,,2026-06-01,2026-06-01,0,,1,
HEROMOTOCO,Hero MotoCorp Limited,Consumer Cyclical,Auto Manufacturers,98106.0,Large-Cap,MonthlyCupHandle,Forming,0.849,19,Cup 19mo | Depth 36% | Prior gain 28% | R²=1.00,MonthlyCupHandle+MonthlyDoubleBottom,Downtrend,False,False,Below-MAs,False,Stage2,3,Uptrend,Uptrend,5007.5,6106.48,3934.36,4256.38,18142.41,16229.92,29400.29,23095.28,224.1,80.0,17.09,15.38,4.54,0.63,12.22,377.0,3.23,5931.89,35,buy,28.5,35.8,2.91,15.0,0.6,12.11,12.51,15.85,11.55,8.9,31.99,27.3,14.49,25.7,0.15,highly inconsistent earnings,0.04,,1.91,,6278.06,6.4,34.73,0.0,,31.15,1.72,24.69,-1.59,6388.5,4158.1,21.6,20.4,29.75,66.95,0.67,0.56,7,38.0,14.19,12.0,5.0,69.2,ACCUMULATE ⭐⭐⭐,Expected ~80% CAGR (2yr) | Profit CAGR 27% | ROE 28% | ROCE 36% | ROCE trend rising ↑ | Nearly debt-free,Earnings due 2026-08-05 | Pattern still forming (not broken out),2-3 years,Medium,"yfinance, screener.in",100,287,2026-08-05,2026-06-01,2026-06-01,0,,1,
BSE,BSE Limited,Financial Services,Financial Data & Stock Exchanges,168385.0,Large-Cap,None,,0.0,0,,,Uptrend,True,False,Tight-Above-MAs,True,Stage2,12,Uptrend,Uptrend,4190.8,,,3562.18,2657.99,5342.66,13987.5,6097.43,27.5,12.9,78.13,41.4,21.42,0.6,39.38,24.0,19.43,4210.5,14,buy,44.8,58.0,10.2,64.0,6.26,48.73,20.81,50.5,73.54,50.31,88.12,129.4,77.29,62.9,0.15,highly inconsistent earnings,0.0,,1.53,,5136.78,3.05,,,,19.42,1.97,25.09,1.35,4446.8,2021.5,5.8,107.3,58.73,1991.09,,0.3,6,40.0,15.0,6.0,8.0,69.0,ACCUMULATE ⭐⭐⭐,Expected ~13% CAGR (2yr) | Revenue CAGR 74% | Profit CAGR 129% | ROE 45% | ROCE 58% | ROCE trend rising ↑,High PE 78,2-3 years,Medium,"yfinance, screener.in",90,112,,2026-06-01,2026-06-01,0,,1,
INDOTHAI,Indo Thai Securities Limited,Financial Services,Capital Markets,2921.0,Small-Cap,MonthlyDoubleBottom,Forming,0.878,30,Sep 30mo | Mid rally 95% | Asymmetry 7%,,Downtrend,False,False,Below-MAs,False,Stage2,12,Uptrend,Uptrend,268.5,47.7,23.57,228.22,252.45,473.55,888.28,473.55,76.4,32.8,43.09,,10.27,0.49,,7.0,0.0,,0,none,28.6,34.6,0.66,83.0,4.43,65.09,21.98,285.19,135.13,36.43,725.0,87.58,48.96,,0.15,highly inconsistent earnings,0.08,,1.95,,,,56.5,-0.27,,1.22,-0.06,0.49,0.3,466.35,143.65,42.4,86.9,56.62,931.82,0.75,1.53,5,40.0,15.04,8.0,6.0,69.0,ACCUMULATE ⭐⭐⭐,Expected ~33% CAGR (2yr) | Revenue CAGR 135% | Profit CAGR 88% | ROE 29% | ROCE 35% | ROCE trend rising ↑,Pattern still forming (not broken out),2-3 years,Medium,"yfinance, screener.in",90,175,,2026-06-01,2026-06-01,0,,1,
RADICO,Radico Khaitan Limited,Consumer Defensive,Beverages - Wineries & Distilleries,47125.0,Large-Cap,MonthlyDoubleBottom,Forming,0.7,13,Sep 13mo | Mid rally 71% | Asymmetry 1%,,Uptrend,True,False,Tight-Above-MAs,True,Stage2,15,Uptrend,Uptrend,3599.9,146.19,85.13,3059.91,3549.36,4537.59,6958.74,4969.82,26.0,12.3,78.12,48.74,14.2,1.95,40.28,15.0,10.06,3889.25,20,strong_buy,20.3,24.2,0.89,17.0,0.03,8.84,,24.92,24.53,20.57,74.57,40.02,16.87,62.3,0.15,highly inconsistent earnings,0.21,,,,,,40.2,-0.01,,17.63,-2.19,27.35,3.32,3679.0,2500.0,2.2,44.0,45.19,176.47,0.78,0.24,3,32.0,23.9,3.0,10.0,68.9,ACCUMULATE ⭐⭐⭐,Expected ~12% CAGR (2yr) | Revenue CAGR 25% | Profit CAGR 40% | ROE 20% | ROCE 24% | ROCE trend rising ↑,High PE 78 | Earnings due 2026-07-30 | Pattern still forming (not broken out),2-3 years,Medium,"yfinance, screener.in",80,276,2026-07-30,2026-06-01,2026-06-01,0,,1,
CUMMINSIND,Cummins India Limited,Industrials,Specialty Industrial Machinery,163021.0,Large-Cap,MonthlyDoubleBottom,Forming,0.524,17,Sep 17mo | Mid rally 59% | Asymmetry 7%,,Uptrend,True,False,Uptrend,True,Stage2,4,Uptrend,Uptrend,5254.0,1036.81,631.02,4465.9,3410.5,4471.7,5274.48,4241.3,,,68.97,50.68,20.65,2.83,51.13,112.0,-7.17,4817.3,23,buy,30.2,39.5,4.8,21.0,1.63,19.45,16.96,16.86,16.04,22.73,18.1,24.36,30.05,22.7,0.75,consistent growth,0.0,,3.32,,1341.12,0.82,51.0,0.0,,20.77,1.35,19.43,-1.17,6100.0,3212.2,13.9,63.6,64.17,158.15,0.38,0.53,7,40.0,19.79,-1.0,10.0,68.8,ACCUMULATE ⭐⭐⭐,Revenue CAGR 16% | Profit CAGR 24% | ROE 30% | ROCE 40% | ROCE trend rising ↑ | Nearly debt-free,High PE 69 | Earnings due 2026-08-06 | Pattern still forming (not broken out),2-3 years,Medium,"yfinance, screener.in",100,287,2026-08-06,2026-06-01,2026-06-01,0,,1,
ASHAPURMIN,Ashapura Minechem Limited,Basic Materials,Other Industrial Metals & Mining,7064.0,Small-Cap,MonthlyDoubleBottom,Forming,1.0,13,Sep 13mo | Mid rally 127% | Asymmetry 0%,,Sideways-Above-MA,True,True,Constructive,True,Stage2,1,Uptrend,Uptrend,638.2,41.64,18.35,542.47,1219.8,1900.45,2960.9,1900.45,197.8,72.6,17.61,,4.95,0.32,13.66,15.0,25.99,,0,none,28.0,20.7,1.34,11.0,0.51,9.86,,91.2,41.95,35.47,43.94,55.8,36.75,-20.1,0.15,highly inconsistent earnings,0.86,,,,,,48.03,0.15,,19.5,0.25,0.33,-0.05,924.9,366.1,31.0,74.3,57.13,381.84,0.54,0.6,3,32.0,21.5,8.0,7.0,68.5,ACCUMULATE ⭐⭐⭐,Expected ~73% CAGR (2yr) | Revenue CAGR 42% | Profit CAGR 56% | ROE 28% | ROCE 21% | ROCE trend rising ↑,Pattern still forming (not broken out),2-3 years,Medium,"yfinance, screener.in",80,365,,2026-06-01,2026-06-01,0,,1,
BANCOINDIA,Banco Products (India) Limited,Consumer Cyclical,Auto Parts,9387.0,Mid-Cap,MonthlyDoubleBottom,Forming,0.71,8,Sep 8mo | Mid rally 75% | Asymmetry 4%,,Sideways-Above-MA,True,True,Constructive,True,Stage2,3,Uptrend,Uptrend,590.55,41.16,23.09,501.97,1778.69,2256.8,2863.43,2256.8,282.2,95.5,20.41,,5.74,0.76,12.9,244.0,-10.07,,0,none,31.2,30.9,2.43,17.0,1.11,12.06,13.66,21.26,18.66,20.51,22.96,26.88,33.42,-4.0,0.75,consistent growth,0.36,,2.25,,44.46,0.47,67.88,0.0,,4.06,0.06,0.22,0.0,879.8,502.0,32.9,17.6,1.72,314.79,0.13,,7,40.0,17.52,10.0,1.0,68.5,ACCUMULATE ⭐⭐⭐,Expected ~96% CAGR (2yr) | Revenue CAGR 19% | Profit CAGR 27% | ROE 31% | ROCE 31% | ROCE trend rising ↑,Pattern still forming (not broken out),2-3 years,Medium,"yfinance, screener.in",100,234,,2026-06-01,2026-06-01,0,,1,
DRCSYSTEMS,DRC Systems India Limited,Technology,Information Technology Services,216.0,Micro-Cap,MonthlyDoubleBottom,Forming,1.0,32,Sep 32mo | Mid rally 201% | Asymmetry 2%,,Downtrend,False,False,Below-MAs,False,Downtrend,0,Uptrend,Uptrend,15.82,34.9,11.5,13.45,69.39,96.79,135.01,96.79,511.8,147.4,10.69,,1.92,0.27,7.56,0.0,,,0,none,22.6,25.2,-1.8,28.0,4.1,20.17,10.52,47.69,54.56,,26.67,39.49,,17.0,0.15,highly inconsistent earnings,0.0,,0.48,,38.65,17.93,20.63,0.0,,0.0,0.0,0.35,0.0,23.68,11.5,33.2,37.6,-9.25,-3.53,0.42,0.59,5,40.0,15.5,13.0,0.0,68.5,ACCUMULATE ⭐⭐⭐,Expected ~147% CAGR (2yr) | Revenue CAGR 55% | Profit CAGR 39% | ROE 23% | ROCE 25% | Nearly debt-free,Pattern still forming (not broken out),2-3 years,Medium,"yfinance, screener.in",100,63,,2026-06-01,2026-06-01,0,,1,
IPCALAB,Ipca Laboratories Limited,Healthcare,Drug Manufacturers - Specialty & Generic,38675.0,Large-Cap,MonthlyStage2,Stage Change,1.0,24,10-EMA=1509 | 30-EMA=1371 | Above by 20.8% | MA turning=Yes,MonthlyDoubleBottom+MonthlyStage2,Uptrend,True,True,Uptrend,True,Stage2,4,Uptrend,Uptrend,1656.2,1371.34,1124.94,1407.77,3468.21,3484.35,6340.48,4689.36,110.4,45.0,33.9,23.57,4.7,0.96,18.46,39.0,-20.63,1676.82,17,buy,16.0,17.3,-2.37,21.0,-1.43,11.62,8.99,8.42,15.85,12.32,50.83,35.21,0.74,341.0,0.15,highly inconsistent earnings,0.09,,2.76,,860.21,2.22,44.72,0.0,,10.63,0.01,37.13,0.14,1678.3,1251.6,1.3,32.3,26.78,101.23,0.96,,5,26.0,26.5,10.0,6.0,68.5,ACCUMULATE ⭐⭐⭐,Expected ~45% CAGR (2yr) | Revenue CAGR 16% | Profit CAGR 35% | Nearly debt-free | Margin compressing ↓ ⚠️ | Piotroski F=5 (above average quality),Margin compression ↓ | Earnings due 2026-08-10,2-3 years,Medium,"yfinance, screener.in",100,365,2026-08-10,2026-06-01,2026-06-01,0,,1,
MACPOWER,Macpower CNC Machines Limited,Industrials,Specialty Industrial Machinery,970.0,Small-Cap,MonthlyStage2,Stage Change,1.0,24,10-EMA=990 | 30-EMA=921 | Above by 22.7% | MA turning=Yes,MonthlyDoubleBottom+MonthlyStage2,Uptrend,True,False,Tight-Above-MAs,True,Stage2,4,Uptrend,Uptrend,1130.1,920.81,744.29,960.58,2975.72,6516.83,14271.86,6516.83,476.7,140.1,29.94,,6.25,0.25,20.44,14.0,14.47,,0,none,,,,15.89,,10.35,,43.3,,,119.0,,,119.0,0.5,insufficient history,0.01,,,,,,73.17,0.0,,1.11,0.08,0.52,0.17,1250.0,761.0,9.6,48.5,19.21,237.42,0.92,-0.29,1,29.0,28.5,8.0,3.0,68.5,ACCUMULATE ⭐⭐⭐,Expected ~140% CAGR (2yr) | Revenue CAGR 43% | Profit CAGR 119% | Nearly debt-free | Promoter 73% holding | Dividend growing 14%/yr,None identified,2-3 years,Medium,"yfinance, screener.in",50,99,,2026-06-01,2026-06-01,0,,1,
NMDC,NMDC Limited,Basic Materials,Steel,77359.0,Large-Cap,MonthlyDoubleBottom,Forming,1.0,30,Sep 30mo | Mid rally 140% | Asymmetry 1%,,Uptrend,True,False,Tight-Above-MAs,True,Stage2,1,Uptrend,Uptrend,89.02,21.51,8.94,75.67,203.57,167.32,246.23,223.88,88.0,37.1,10.39,9.26,2.27,1.04,6.72,398.0,4.35,82.47,19,hold,23.4,27.6,-1.94,29.0,-5.29,22.2,14.37,34.15,21.99,15.85,14.26,9.98,3.49,37.2,0.15,highly inconsistent earnings,0.19,,2.43,,-465.81,-0.6,60.79,0.0,,13.6,0.12,13.76,-0.3,94.25,66.8,5.5,33.3,40.31,168.36,0.5,,4,23.0,28.5,9.0,8.0,68.5,ACCUMULATE ⭐⭐⭐,Expected ~37% CAGR (2yr) | Revenue CAGR 22% | ROE 23% | ROCE 28% | Low D/E 0.19 | Promoter 61% holding,Margin compression ↓ | Earnings due 2026-08-12 | Pattern still forming (not broken out),2-3 years,Medium,"yfinance, screener.in",100,219,2026-08-12,2026-06-01,2026-06-01,0,,1,
PIXTRANS,PIX Transmissions Limited,Industrials,Specialty Industrial Machinery,2119.0,Small-Cap,MonthlyDoubleBottom,Forming,1.0,14,Sep 14mo | Mid rally 133% | Asymmetry 4%,MonthlyDoubleBottom+MonthlyStage2,Uptrend,True,False,Tight-Above-MAs,True,Stage2,4,Uptrend,Uptrend,1531.9,2783.67,1173.0,1302.12,3176.55,4394.34,4428.28,3750.56,186.9,69.4,19.38,,3.32,1.07,11.35,58.0,14.47,,0,none,16.5,21.8,-0.34,26.0,-0.34,18.36,11.08,-1.19,6.19,8.9,-5.31,18.07,10.48,-10.7,0.15,highly inconsistent earnings,0.04,,6.86,,113.22,5.34,62.06,0.0,,0.41,-0.57,2.51,0.96,1706.0,1220.1,10.2,25.6,3.55,45.21,0.29,-0.03,4,30.0,27.5,8.0,3.0,68.5,ACCUMULATE ⭐⭐⭐,Expected ~69% CAGR (2yr) | ROCE 22% | Nearly debt-free | Promoter 62% holding | OPM 26% | FCF yield 5.3%,Pattern still forming (not broken out),2-3 years,Medium,"yfinance, screener.in",100,50,,2026-06-01,2026-06-01,0,,1,
TALBROAUTO,Talbros Automotive Components Limited,Consumer Cyclical,Auto Parts,2132.0,Small-Cap,MonthlyStage2,Stage Change,1.0,24,10-EMA=288 | 30-EMA=264 | Above by 25.3% | MA turning=Yes,MonthlyDoubleBottom+MonthlyStage2,Uptrend,True,False,Tight-Above-MAs,True,Stage2,3,Uptrend,Uptrend,330.5,263.85,215.33,280.93,920.9,1131.97,1391.42,1131.97,242.5,85.1,20.5,,2.87,0.89,15.39,22.0,11.87,,0,none,15.1,18.6,1.0,16.0,0.74,11.97,6.38,5.2,10.38,14.4,10.64,22.92,21.67,18.9,0.15,highly inconsistent earnings,0.11,,1.96,,20.53,0.96,58.43,0.0,,0.49,-0.12,0.09,0.0,372.8,219.9,11.3,50.3,16.83,100.77,0.7,0.38,7,26.0,28.5,10.0,4.0,68.5,ACCUMULATE ⭐⭐⭐,Expected ~85% CAGR (2yr) | Profit CAGR 23% | ROCE trend rising ↑ | Low D/E 0.11 | Promoter 58% holding | Piotroski F=7 (high quality compounder),None identified,2-3 years,Medium,"yfinance, screener.in",100,237,,2026-06-01,2026-06-01,0,,1,
WEBELSOLAR,Websol Energy System Limited,Technology,Solar,4744.0,Small-Cap,MonthlyStage2,Stage Change,1.0,24,10-EMA=98 | 30-EMA=89 | Above by 18.0% | MA turning=Yes,MonthlyDoubleBottom+MonthlyStage2,Sideways-Above-MA,True,False,Constructive,True,Downtrend,0,Uptrend,Uptrend,105.57,89.5,55.32,89.73,553.6,1352.45,3304.03,1352.45,1181.1,257.9,15.65,,11.79,0.11,11.49,0.0,0.0,,0,none,66.9,63.2,,41.0,-3.0,28.87,31.73,82.43,,,95.48,,,157.9,0.5,insufficient history,0.21,,2.94,,-57.61,-1.21,29.72,2.01,,4.12,-1.28,0.32,0.01,157.3,50.4,32.9,109.5,-11.74,1100.92,0.58,0.33,4,35.0,21.5,12.0,0.0,68.5,ACCUMULATE ⭐⭐⭐,Expected ~258% CAGR (2yr) | Revenue CAGR 132% | Profit CAGR 144% | ROE 67% | ROCE 63% | Low D/E 0.21,Margin compression ↓,2-3 years,Medium,"yfinance, screener.in",80,229,,2026-06-01,2026-06-01,0,,1,
ZENTEC,Zen Technologies Limited,Industrials,Aerospace & Defense,14971.0,Mid-Cap,MonthlyStage2,Stage Change,1.0,24,10-EMA=1486 | 30-EMA=1341 | Above by 16.6% | MA turning=Yes,MonthlyCupHandle+MonthlyDoubleBottom+MonthlyStage2,Uptrend,True,False,Tight-Above-MAs,True,Stage2,4,Uptrend,Uptrend,1564.5,1341.26,1043.83,1329.83,1186.72,1853.91,3167.31,1938.74,18.5,8.9,77.54,32.0,8.33,1.22,59.43,6.0,171.44,1726.67,6,buy,10.7,16.2,5.51,36.0,6.11,28.13,6.62,-29.36,46.46,65.75,-27.09,63.37,135.65,-68.8,0.15,highly inconsistent earnings,0.01,,8.86,,374.0,2.5,48.51,0.0,,5.99,0.45,10.06,2.2,2268.0,1223.0,31.0,27.9,-13.48,252.13,0.86,0.07,6,36.0,28.5,4.0,0.0,68.5,ACCUMULATE ⭐⭐⭐,Expected ~9% CAGR (2yr) | Revenue CAGR 46% | Profit CAGR 63% | ROCE trend rising ↑ | Nearly debt-free | OPM 36%,High PE 78,2-3 years,Medium,"yfinance, screener.in",100,135,,2026-06-01,2026-06-01,0,,1,
RML,Rane (Madras) Limited,Consumer Cyclical,Auto Parts,2514.0,Small-Cap,MonthlyStage2,Breaking Out,1.0,24,10-EMA=799 | 30-EMA=769 | Above by 15.9% | MA turning=Yes,MonthlyDoubleBottom+MonthlyStage2,Uptrend,True,False,Constructive,True,Stage2,3,Uptrend,Uptrend,891.15,768.71,601.53,757.48,3488.72,5330.41,8144.34,5330.41,498.1,144.6,23.42,,3.35,0.44,9.47,176.0,100.0,,0,none,15.5,14.0,3.51,9.0,1.34,2.78,5.03,13.42,17.95,24.98,181.58,52.79,121.65,5.2,0.15,highly inconsistent earnings,1.0,,0.92,,107.07,4.26,70.45,0.0,,0.06,0.01,0.97,-0.06,1049.0,608.5,15.0,46.5,5.37,0.16,3.21,0.42,6,26.0,27.0,12.0,3.0,68.0,ACCUMULATE ⭐⭐⭐,Expected ~145% CAGR (2yr) | Revenue CAGR 18% | Profit CAGR 53% | ROCE trend rising ↑ | Promoter 70% holding | FCF yield 4.3%,High D/E 1.0,2-3 years,Medium,"yfinance, screener.in",100,250,,2026-06-01,2026-06-01,0,,1,
SKMEGGPROD,SKM Egg Products Export (India) Limited,Consumer Defensive,Packaged Foods,1077.0,Small-Cap,MonthlyDoubleBottom,Forming,1.0,22,Sep 22mo | Mid rally 174% | Asymmetry 3%,MonthlyCupHandle+MonthlyDoubleBottom,Sideways-Above-MA,True,True,Constructive,True,Stage2,15,Uptrend,Uptrend,195.1,64.65,23.29,165.83,846.59,939.89,1043.46,939.89,381.7,119.5,10.36,,3.17,0.94,6.41,37.0,44.22,,0,none,29.7,30.0,2.49,21.0,1.8,13.51,17.0,54.22,5.08,23.35,197.14,11.02,45.41,414.4,0.15,highly inconsistent earnings,0.36,,2.86,,16.81,1.56,57.47,0.04,,0.49,-0.26,0.36,0.04,232.5,96.3,16.1,102.6,61.28,59.5,0.52,-0.19,6,28.0,22.0,10.0,8.0,68.0,ACCUMULATE ⭐⭐⭐,Expected ~120% CAGR (2yr) | ROE 30% | ROCE 30% | ROCE trend rising ↑ | Promoter 57% holding | Piotroski F=6 (above average quality),Pattern still forming (not broken out),2-3 years,Medium,"yfinance, screener.in",100,287,,2026-06-01,2026-06-01,0,,1,
SOLEX,SOLEX ENERGY LIMITED,Technology,Solar,1316.0,Small-Cap,MonthlyStage2,Breaking Out,1.0,24,10-EMA=1216 | 30-EMA=1068 | Above by 26.0% | MA turning=Yes,,Downtrend,False,False,Below-MAs,False,Downtrend,0,Uptrend,Uptrend,1345.4,1067.75,630.97,1143.59,10534.81,33676.63,107654.07,33676.63,2403.1,400.3,13.72,,7.06,0.06,13.89,5.0,66.11,,0,none,46.3,35.8,6.0,11.0,1.5,5.37,,144.41,115.35,,127.91,219.67,,304.5,0.75,consistent growth,1.32,,,,,,66.15,0.0,,0.13,-0.12,0.81,-0.17,1985.0,795.45,32.2,69.1,10.06,200.7,1.79,-0.2,3,37.0,17.0,12.0,2.0,68.0,ACCUMULATE ⭐⭐⭐,Expected ~400% CAGR (2yr) | Revenue CAGR 115% | Profit CAGR 220% | ROE 46% | ROCE 36% | ROCE trend rising ↑,High D/E 1.3,2-3 years,Medium,"yfinance, screener.in",80,99,,2026-06-01,2026-06-01,0,,1,
SANDHAR,Sandhar Technologies Limited,Consumer Cyclical,Auto Parts,4071.0,Small-Cap,MonthlyDoubleBottom,Forming,1.0,16,Sep 16mo | Mid rally 111% | Asymmetry 9%,MonthlyDoubleBottom+MonthlyStage2,Uptrend,True,True,Uptrend,True,Stage2,3,Uptrend,Uptrend,511.45,688.52,312.62,434.73,1896.76,1894.31,3667.89,2637.63,270.4,92.5,20.45,15.63,3.3,0.52,10.06,52.0,15.87,779.33,3,strong_buy,16.2,14.4,1.14,9.0,0.09,4.03,6.38,24.92,18.59,21.09,40.14,39.06,27.96,49.8,0.4,lumpy earner,0.86,,0.94,,-95.06,-2.33,70.38,0.0,,0.77,-0.39,17.39,1.51,733.9,405.2,30.3,26.2,3.27,41.63,0.45,,5,25.0,25.5,14.0,3.0,67.5,ACCUMULATE ⭐⭐⭐,Expected ~92% CAGR (2yr) | Revenue CAGR 19% | Profit CAGR 39% | ROCE trend rising ↑ | Promoter 70% holding | Piotroski F=5 (above average quality),Pattern still forming (not broken out),2-3 years,Medium,"yfinance, screener.in",100,98,,2026-06-01,2026-06-01,0,,1,
SKIPPER,Skipper Limited,Industrials,Engineering & Construction,6202.0,Small-Cap,MonthlyStage2,Stage Change,1.0,24,10-EMA=437 | 30-EMA=398 | Above by 17.4% | MA turning=Yes,MonthlyDoubleBottom+MonthlyStage2,Sideways-Above-MA,True,False,Constructive,True,Stage2,4,Uptrend,Uptrend,466.7,397.61,334.35,396.69,1045.49,1890.98,3420.21,1890.98,305.2,101.3,29.07,17.95,4.13,0.36,12.36,2.0,0.78,565.0,2,none,16.5,23.3,3.46,10.0,0.14,3.84,7.77,20.09,41.02,28.55,42.95,80.87,58.94,62.9,0.4,lumpy earner,0.64,,1.3,,-309.44,-4.99,66.5,0.02,,6.07,-0.3,1.66,0.86,588.0,327.05,20.6,42.7,-0.69,160.92,0.82,0.59,5,31.0,22.5,12.0,2.0,67.5,ACCUMULATE ⭐⭐⭐,Expected ~101% CAGR (2yr) | Revenue CAGR 41% | Profit CAGR 81% | ROCE 23% | ROCE trend rising ↑ | Promoter 66% holding,None identified,2-3 years,Medium,"yfinance, screener.in",100,133,,2026-06-01,2026-06-01,0,,1,
HONASA,Honasa Consumer Limited,Consumer Defensive,Household & Personal Products,13228.0,Mid-Cap,MonthlyStage2,Stage Change,0.493,24,10-EMA=311 | 30-EMA=330 | Above by 7.4% | MA turning=Yes,,Uptrend,True,False,Tight-Above-MAs,True,Stage2,15,Uptrend,Uptrend,354.5,330.08,215.43,301.32,974.66,1580.09,5738.25,2364.92,345.7,111.1,66.19,44.83,10.37,0.46,63.37,0.0,,402.85,13,buy,15.7,19.2,3.3,10.0,43.17,8.36,6.17,15.72,17.01,39.06,173.97,142.64,,177.0,0.2,multiple loss years in history,0.1,,1.69,,159.64,1.21,35.54,0.0,,13.74,-0.88,19.24,0.6,424.9,248.4,16.6,42.7,21.54,,0.37,0.53,7,29.0,22.42,8.0,8.0,67.4,ACCUMULATE ⭐⭐⭐,Expected ~111% CAGR (2yr) | Revenue CAGR 17% | Profit CAGR 143% | ROCE trend rising ↑ | Nearly debt-free | Piotroski F=7 (high quality compounder),High PE 66,2-3 years,Medium,"yfinance, screener.in",100,31,,2026-06-01,2026-06-01,0,,1,
INOXINDIA,INOX India Limited,Industrials,Specialty Industrial Machinery,13556.0,Mid-Cap,MonthlyCupHandle,Forming,0.865,23,Cup 23mo | Depth 29% | Prior gain 47% | R²=0.98,MonthlyCupHandle+MonthlyDoubleBottom,Uptrend,True,False,Tight-Above-MAs,True,Stage2,4,Uptrend,Uptrend,1428.9,1485.7,1055.87,1214.57,1102.2,1915.53,1547.99,1306.21,34.1,15.8,52.63,35.14,12.13,2.84,39.83,13.0,,1700.0,3,strong_buy,26.2,33.5,0.71,21.0,-0.17,16.25,10.24,21.52,18.0,21.72,14.16,18.51,21.86,14.8,0.75,consistent growth,0.07,,1.79,,-59.99,-0.44,75.0,0.0,,7.13,-0.01,7.72,0.45,1615.9,1065.0,11.6,34.2,23.8,,1.76,0.69,5,34.0,26.38,1.0,6.0,67.4,ACCUMULATE ⭐⭐⭐,Expected ~16% CAGR (2yr) | Revenue CAGR 18% | ROE 26% | ROCE 34% | ROCE trend rising ↑ | Nearly debt-free,High PE 53 | Pattern still forming (not broken out),2-3 years,Medium,"yfinance, screener.in",100,30,,2026-06-01,2026-06-01,0,,1,
BLS,BLS International Services Limited,Industrials,Specialty Business Services,10741.0,Mid-Cap,MonthlyDoubleBottom,Forming,1.0,11,Sep 11mo | Mid rally 150% | Asymmetry 3%,,Downtrend,False,False,Below-MAs,False,Stage2,4,Uptrend,Uptrend,262.0,69.59,27.34,222.7,918.12,1400.41,2136.04,1400.41,434.5,131.2,15.67,12.13,4.36,0.3,12.18,115.0,38.67,330.0,1,strong_buy,32.7,29.3,3.57,27.0,4.2,22.9,13.79,36.71,25.52,44.37,34.07,52.53,70.67,31.6,0.75,consistent growth,0.15,,2.91,,448.12,4.17,70.39,0.0,,6.14,-0.23,2.99,0.07,418.7,218.9,37.4,19.7,-20.84,4.63,0.19,-0.2,7,40.0,15.0,12.0,0.0,67.0,ACCUMULATE ⭐⭐⭐,Expected ~131% CAGR (2yr) | Revenue CAGR 26% | Profit CAGR 53% | ROE 33% | ROCE 29% | ROCE trend rising ↑,Pattern still forming (not broken out),2-3 years,Medium,"yfinance, screener.in",100,120,,2026-06-01,2026-06-01,0,,1,
GODFRYPHLP,Godfrey Phillips India Limited,Consumer Defensive,Tobacco,35608.0,Large-Cap,MonthlyDoubleBottom,Forming,1.0,7,Sep 7mo | Mid rally 112% | Asymmetry 10%,MonthlyDoubleBottom+MonthlyStage2,Sideways,False,False,Below-MAs,True,Stage2,15,Uptrend,Uptrend,2339.9,439.44,197.7,1988.91,6542.79,8524.6,11106.7,8524.6,264.3,90.9,23.37,20.36,5.73,0.77,22.24,162.0,58.27,,0,none,26.6,32.8,3.37,25.0,0.29,23.88,11.97,13.9,21.51,20.41,42.35,30.29,32.33,86.7,0.75,consistent growth,0.04,,2.44,,44.89,0.13,72.58,0.0,,7.91,-0.24,3.28,-0.93,3947.0,1832.1,40.7,27.7,-13.49,313.64,0.71,0.32,7,40.0,18.0,9.0,0.0,67.0,ACCUMULATE ⭐⭐⭐,Expected ~91% CAGR (2yr) | Revenue CAGR 22% | Profit CAGR 30% | ROE 27% | ROCE 33% | ROCE trend rising ↑,Pattern still forming (not broken out),2-3 years,Medium,"yfinance, screener.in",100,329,,2026-06-01,2026-06-01,0,,1,
GRWRHITECH,Garware Hi-Tech Films Limited,Basic Materials,Specialty Chemicals,14213.0,Mid-Cap,MonthlyStage2,Breaking Out,1.0,24,10-EMA=3945 | 30-EMA=3247 | Above by 70.7% | MA turning=Yes,,Uptrend,True,True,Tight-Above-MAs,True,Stage2,1,Uptrend,Uptrend,5541.1,3246.94,2340.93,4709.94,3610.66,4576.51,5800.73,4576.51,,,42.02,33.58,5.35,1.57,30.95,20.0,6.27,,0,none,13.4,18.0,1.46,20.0,-0.0,15.95,8.55,0.52,13.81,16.47,2.11,26.75,21.82,39.1,0.15,highly inconsistent earnings,0.01,,4.43,,60.47,0.43,60.73,0.0,,3.98,0.02,5.28,-0.07,6166.0,2681.0,10.1,106.7,39.91,514.03,2.16,0.46,6,26.0,30.0,1.0,10.0,67.0,ACCUMULATE ⭐⭐⭐,Profit CAGR 27% | ROCE trend rising ↑ | Nearly debt-free | Promoter 61% holding | Piotroski F=6 (above average quality) | MonthlyStage2 — Breaking Out,None identified,2-3 years,Medium,"yfinance, screener.in",100,52,,2026-06-01,2026-06-01,0,,1,
LALPATHLAB,Dr. Lal PathLabs Limited,Healthcare,Diagnostics & Research,26840.0,Mid-Cap,MonthlyStage2,Breaking Out,1.0,24,10-EMA=1472 | 30-EMA=1405 | Above by 21.3% | MA turning=Yes,MonthlyDoubleBottom+MonthlyStage2,Sideways-Above-MA,True,False,Constructive,True,Stage2,4,Uptrend,Uptrend,1703.7,1404.72,1142.76,1448.14,2120.16,2307.65,3494.88,2722.08,35.4,16.4,50.75,39.02,11.23,1.79,32.91,87.0,-16.45,1686.0,26,buy,22.5,28.3,-0.51,28.0,0.17,18.27,13.23,12.27,11.06,11.81,3.66,28.39,11.5,-15.2,0.15,highly inconsistent earnings,0.08,,3.48,,400.37,1.49,53.21,0.0,,17.18,-3.11,21.37,2.17,1770.0,1272.6,3.7,33.9,30.36,31.82,2.5,0.11,6,33.0,24.0,2.0,8.0,67.0,ACCUMULATE ⭐⭐⭐,Expected ~16% CAGR (2yr) | Profit CAGR 28% | ROE 22% | ROCE 28% | Nearly debt-free | Promoter 53% holding,High PE 51 | Earnings due 2026-04-30,2-3 years,Medium,"yfinance, screener.in",100,126,2026-04-30,2026-06-01,2026-06-01,0,,1,
POLYCAB,Polycab India Limited,Industrials,Electrical Equipment & Parts,142684.0,Large-Cap,None,,0.0,0,,,Uptrend,True,False,Tight-Above-MAs,True,Stage2,4,Uptrend,Uptrend,9162.5,,,7788.12,7911.98,9788.75,13017.73,10148.69,6.8,3.4,53.48,38.51,11.88,1.89,34.15,37.0,35.72,9248.84,31,buy,24.5,34.3,2.46,14.0,0.43,9.25,13.56,28.9,26.98,26.86,32.36,28.27,25.04,6.3,0.4,lumpy earner,0.03,,1.84,,1620.23,1.14,61.5,0.0,,18.21,3.39,7.95,-3.18,9747.0,5760.0,6.0,59.1,48.09,139.05,,0.61,7,40.0,15.0,2.0,10.0,67.0,ACCUMULATE ⭐⭐⭐,Expected ~3% CAGR (2yr) | Revenue CAGR 27% | Profit CAGR 28% | ROE 24% | ROCE 34% | ROCE trend rising ↑,High PE 53 | Earnings due 2026-07-16,2-3 years,Medium,"yfinance, screener.in",100,86,2026-07-16,2026-06-01,2026-06-01,0,,1,
HINDZINC,Hindustan Zinc Limited,Basic Materials,Other Industrial Metals & Mining,267442.0,Large-Cap,MonthlyCupHandle,Forming,0.908,22,Cup 22mo | Depth 32% | Prior gain 63% | R²=0.95,MonthlyCupHandle+MonthlyDoubleBottom,Uptrend,True,False,Tight-Above-MAs,True,Stage2,1,Uptrend,Uptrend,632.6,665.61,449.98,537.71,774.03,881.24,929.44,848.18,39.3,18.0,19.34,14.38,11.82,2.02,11.9,332.0,-40.42,655.19,16,none,76.8,69.6,7.7,54.0,-0.17,35.29,29.72,19.84,6.2,12.54,33.6,9.58,11.63,67.6,0.15,highly inconsistent earnings,0.39,,1.47,,10300.62,3.85,60.71,-1.13,,2.39,0.85,4.84,0.16,733.0,413.5,13.7,53.0,53.16,111.82,0.51,0.66,4,31.0,26.9,1.0,8.0,66.9,ACCUMULATE ⭐⭐⭐,Expected ~18% CAGR (2yr) | ROE 77% | ROCE 70% | ROCE trend rising ↑ | Promoter 61% holding | OPM 54%,Earnings due 2026-07-17 | Pattern still forming (not broken out),2-3 years,Medium,"yfinance, screener.in",100,286,2026-07-17,2026-06-01,2026-06-01,0,,1,
JSLL,JEENA SIKHO LIFECARE LTD,Healthcare,Medical Care Facilities,7644.0,Small-Cap,MonthlyDoubleBottom,Forming,1.0,27,Sep 27mo | Mid rally 354% | Asymmetry 6%,,Downtrend,False,False,Below-MAs,True,Stage2,4,Uptrend,Uptrend,654.35,2495.23,534.4,556.2,4821.24,24332.81,122807.71,24332.81,3618.6,509.8,35.96,13.82,21.6,0.09,26.32,18.0,31.58,1200.0,1,none,31.2,,,30.0,9.0,29.35,,128.78,,,135.29,,,404.6,1.0,steady compounder (low CV),0.3,,,,,,63.62,0.0,,6.17,-0.14,0.46,0.35,2129.0,400.25,69.3,63.5,61.11,125.2,1.45,1.19,2,36.0,16.5,8.0,6.0,66.5,ACCUMULATE ⭐⭐⭐,Expected ~510% CAGR (2yr) | Revenue CAGR 92% | Profit CAGR 405% | ROE 31% | Promoter 64% holding | OPM 30%,Pattern still forming (not broken out),2-3 years,Medium,"yfinance, screener.in",50,49,,2026-06-01,2026-06-01,0,,1,
SUPRIYA,Supriya Lifescience Limited,Healthcare,Biotechnology,7796.0,Small-Cap,MonthlyStage2,Stage Change,1.0,24,10-EMA=682 | 30-EMA=606 | Above by 18.9% | MA turning=Yes,MonthlyDoubleBottom+MonthlyStage2,Sideways-Above-MA,True,True,Constructive,True,Stage2,4,Uptrend,Uptrend,720.6,605.95,386.51,612.51,1487.3,2181.87,3200.81,2181.87,202.8,74.0,37.32,24.34,7.2,0.8,26.27,10.0,18.56,940.0,2,none,19.06,,,32.23,,25.26,13.45,50.2,,,46.7,,,47.3,0.5,insufficient history,0.01,,4.4,,-15.58,-0.2,68.3,0.0,,5.16,-0.03,5.7,0.7,968.7,545.5,25.6,32.1,9.22,169.08,0.46,0.45,4,33.0,22.5,6.0,5.0,66.5,ACCUMULATE ⭐⭐⭐,Expected ~74% CAGR (2yr) | Revenue CAGR 50% | Profit CAGR 47% | Nearly debt-free | Promoter 68% holding | OPM 32%,None identified,2-3 years,Medium,"yfinance, screener.in",70,54,,2026-06-01,2026-06-01,0,,1,
TPLPLASTEH,TPL Plastech Limited,Consumer Cyclical,Packaging & Containers,570.0,Small-Cap,MonthlyDoubleBottom,Forming,1.0,24,Sep 24mo | Mid rally 165% | Asymmetry 1%,,Sideways-Above-MA,True,False,Constructive,True,Stage2,3,Uptrend,Uptrend,63.73,133.28,50.01,54.17,174.01,216.55,258.65,212.15,239.8,84.3,20.52,,3.74,0.94,12.11,137.0,35.72,,0,none,18.4,22.3,1.2,11.0,0.03,6.88,10.56,21.2,16.0,14.39,20.83,21.92,21.4,18.0,0.15,highly inconsistent earnings,0.11,,2.08,,27.6,4.84,74.86,0.0,,0.5,0.05,0.04,-0.04,87.69,50.01,27.3,27.4,-13.52,37.54,0.95,0.05,7,33.0,22.5,10.0,1.0,66.5,ACCUMULATE ⭐⭐⭐,Expected ~84% CAGR (2yr) | Revenue CAGR 16% | Profit CAGR 22% | ROCE 22% | ROCE trend rising ↑ | Low D/E 0.11,Pattern still forming (not broken out),2-3 years,Medium,"yfinance, screener.in",100,133,,2026-06-01,2026-06-01,0,,1,
V2RETAIL,V2 Retail Limited,Consumer Cyclical,Apparel Retail,8388.0,Mid-Cap,MonthlyDoubleBottom,Forming,1.0,33,Sep 33mo | Mid rally 505% | Asymmetry 6%,,Sideways-Above-MA,True,True,Constructive,True,Stage2,3,Uptrend,Uptrend,226.03,55.56,8.93,192.13,707.65,1854.53,4860.16,1854.53,720.5,186.4,50.22,2.61,20.7,0.31,19.41,0.0,,,0,none,22.7,18.3,3.46,15.0,1.2,5.27,8.82,62.79,54.05,41.64,125.0,162.07,,172.0,0.2,multiple loss years in history,1.1,,1.44,,-457.08,-5.45,51.43,0.0,,2.62,-0.39,9.28,0.16,256.41,158.56,11.8,42.6,32.01,1584.74,1.0,,4,25.0,22.5,11.0,8.0,66.5,ACCUMULATE ⭐⭐⭐,Expected ~186% CAGR (2yr) | Revenue CAGR 54% | Profit CAGR 162% | ROE 23% | ROCE trend rising ↑ | Promoter 51% holding,High D/E 1.1 | High PE 50 | Pattern still forming (not broken out),2-3 years,Medium,"yfinance, screener.in",100,227,,2026-06-01,2026-06-01,0,,1,
ADANIPORTS,Adani Ports and Special Economic Zone Limited,Industrials,Marine Shipping,415772.0,Large-Cap,MonthlyCupHandle,Forming,0.866,20,Cup 20mo | Depth 28% | Prior gain 76% | R²=0.99,MonthlyCupHandle+MonthlyDoubleBottom,Uptrend,True,True,Tight-Above-MAs,True,Stage2,4,Uptrend,Uptrend,1762.8,1668.8,1202.57,1498.38,2733.25,2957.87,4859.59,3644.51,67.8,29.5,30.96,23.28,4.32,0.93,21.16,42.0,11.87,1927.92,25,strong_buy,16.4,14.1,0.34,59.0,-0.91,33.06,6.76,27.11,22.93,25.28,15.56,33.34,20.41,10.4,0.15,highly inconsistent earnings,0.64,,1.39,,-3192.01,-0.77,68.02,0.0,,13.25,0.15,13.86,-0.03,1842.8,1290.5,4.3,36.6,29.59,119.18,0.93,0.5,4,25.0,26.39,7.0,8.0,66.4,ACCUMULATE ⭐⭐⭐,Expected ~30% CAGR (2yr) | Revenue CAGR 23% | Profit CAGR 33% | ROCE trend rising ↑ | Promoter 68% holding | OPM 59%,Margin compression ↓ | Earnings due 2026-04-30 | Pattern still forming (not broken out),2-3 years,Medium,"yfinance, screener.in",100,223,2026-04-30,2026-06-01,2026-06-01,0,,1,
SANGHVIMOV,Sanghvi Movers Limited,Industrials,Rental & Leasing Services,3152.0,Small-Cap,MonthlyDoubleBottom,Forming,0.829,13,Sep 13mo | Mid rally 92% | Asymmetry 9%,MonthlyDoubleBottom+MonthlyStage2,Sideways-Above-MA,True,True,Constructive,True,Stage2,4,Uptrend,Uptrend,320.4,411.9,204.86,272.34,1249.37,2312.96,4281.97,2312.96,621.9,168.7,17.09,,2.4,0.2,9.02,55.0,58.74,,0,none,15.5,16.7,2.0,37.0,-0.3,17.22,8.16,36.83,47.27,,17.2,85.13,,27.8,0.15,highly inconsistent earnings,0.51,,1.77,,-221.36,-7.02,47.25,0.0,,1.48,0.02,1.3,-0.1,411.9,223.8,22.2,43.2,22.72,12.79,0.26,0.99,5,29.0,19.45,12.0,6.0,66.4,ACCUMULATE ⭐⭐⭐,Expected ~169% CAGR (2yr) | Revenue CAGR 47% | Profit CAGR 85% | ROCE trend rising ↑ | OPM 37% | Piotroski F=5 (above average quality),Pattern still forming (not broken out),2-3 years,Medium,"yfinance, screener.in",100,233,,2026-06-01,2026-06-01,0,,1,
AVANTIFEED,Avanti Feeds Limited,Consumer Defensive,Packaged Foods,16399.0,Mid-Cap,MonthlyDoubleBottom,Forming,1.0,7,Sep 7mo | Mid rally 196% | Asymmetry 8%,,Sideways-Above-MA,True,False,Constructive,False,Stage2,15,Uptrend,Uptrend,1267.4,715.67,232.83,1077.29,2942.56,3771.78,4834.66,3771.78,197.6,72.5,27.1,20.33,5.45,0.96,18.22,69.0,12.92,1362.0,1,hold,20.2,25.9,0.83,12.0,0.6,10.57,,8.09,6.04,8.14,17.95,28.18,10.6,10.5,0.15,highly inconsistent earnings,0.0,,,,,,43.23,0.0,,7.63,-0.35,6.82,2.66,1593.8,614.25,20.5,106.3,82.71,212.94,0.32,0.15,2,28.0,21.0,10.0,7.0,66.0,ACCUMULATE ⭐⭐⭐,Expected ~72% CAGR (2yr) | Profit CAGR 28% | ROE 20% | ROCE 26% | ROCE trend rising ↑ | Nearly debt-free,Pattern still forming (not broken out),2-3 years,Medium,"yfinance, screener.in",80,197,,2026-06-01,2026-06-01,0,,1,
BUTTERFLY,Butterfly Gandhimathi Appliances Limited,Consumer Cyclical,"Furnishings, Fixtures & Appliances",1187.0,Small-Cap,MonthlyDoubleBottom,Breakout Ready,1.0,37,Sep 37mo | Mid rally 368% | Asymmetry 1%,,Sideways-Above-MA,True,False,Constructive,True,Stage2,3,Uptrend,Uptrend,680.7,642.47,136.69,578.6,1605.15,2033.72,2576.73,2033.72,198.8,72.8,25.98,,3.19,0.97,13.12,,100.0,,0,none,13.08,,,5.96,,4.84,6.84,16.7,,,26.7,,,26.6,0.5,insufficient history,0.02,,2.1,,62.91,5.3,75.0,0.0,,0.01,-0.01,0.43,0.0,823.85,565.8,17.4,20.3,0.72,-63.13,7.08,-0.05,5,30.0,24.0,10.0,2.0,66.0,ACCUMULATE ⭐⭐⭐,Expected ~73% CAGR (2yr) | Revenue CAGR 17% | Profit CAGR 27% | Nearly debt-free | Promoter 75% holding | FCF yield 5.3%,None identified,2-3 years,Medium,"yfinance, screener.in",70,146,,2026-06-01,2026-06-01,0,,1,
DJML,DJ Mediaprint & Logistics Limited,Industrials,Specialty Business Services,347.0,Micro-Cap,MonthlyDoubleBottom,Forming,1.0,10,Sep 10mo | Mid rally 112% | Asymmetry 0%,MonthlyDoubleBottom+MonthlyStage2,Uptrend,True,True,Uptrend,True,Stage2,4,Uptrend,Uptrend,95.45,209.52,98.67,93.74,228.15,502.61,1107.26,502.61,426.6,129.5,33.18,,4.03,0.28,15.63,10.0,50.0,,0,none,14.2,16.6,2.0,19.0,-2.5,7.91,8.88,68.29,,,57.14,,,129.0,1.0,steady compounder (low CV),0.43,,5.84,,-28.65,-8.26,56.17,0.65,,0.05,0.05,0.0,0.0,126.96,52.0,24.8,83.6,-2.0,62.51,0.47,-0.3,4,29.0,25.0,11.0,1.0,66.0,ACCUMULATE ⭐⭐⭐,Expected ~130% CAGR (2yr) | Revenue CAGR 91% | Profit CAGR 120% | ROCE trend rising ↑ | Promoter 56% holding | Margin compressing ↓ ⚠️,Margin compression ↓ | Pattern still forming (not broken out),2-3 years,Medium,"yfinance, screener.in",80,42,,2026-06-01,2026-06-01,0,,1,
INFOBEAN,INFOBEANS TECHNO. LTD.,Technology,Software - Application,0.0,Micro-Cap,MonthlyDoubleBottom,Forming,1.0,7,Sep 7mo | Mid rally 176% | Asymmetry 6%,MonthlyCupHandle+MonthlyDoubleBottom+MonthlyStage2,Downtrend,False,False,Below-MAs,False,Downtrend,0,Uptrend,Uptrend,152.27,36.64,12.9,129.43,410.11,550.37,738.6,550.37,261.4,90.1,16.74,,3.49,0.49,10.9,17.0,0.0,,0,none,23.2,29.2,0.37,22.0,-0.71,16.87,12.26,30.13,10.11,23.35,128.95,34.2,18.65,104.2,0.15,highly inconsistent earnings,0.04,,10.14,,44.87,,72.84,-1.56,,0.45,-0.1,0.2,-0.76,257.5,88.66,40.9,71.7,68.36,10.62,0.31,0.7,6,34.0,14.0,12.0,6.0,66.0,ACCUMULATE ⭐⭐⭐,Expected ~90% CAGR (2yr) | Profit CAGR 34% | ROE 23% | ROCE 29% | ROCE trend rising ↑ | Nearly debt-free,Margin compression ↓ | Pattern still forming (not broken out),2-3 years,Medium,"yfinance, screener.in",100,107,,2026-06-01,2026-06-01,0,,1,
KRISHNADEF,KRISHNA DEF AND ALD IND L,Industrials,Specialty Industrial Machinery,1549.0,Small-Cap,None,,0.0,0,,,Uptrend,True,False,Uptrend,True,Stage2,4,Uptrend,Uptrend,1171.6,,,995.86,1582.11,3190.33,6433.3,3190.33,172.3,65.0,53.76,,9.4,0.53,21.88,9.0,0.0,,0,none,25.4,30.4,6.5,21.0,2.2,16.66,22.82,26.29,56.43,,86.36,101.65,,72.9,1.0,steady compounder (low CV),0.01,,3.99,,72.6,4.69,59.96,-0.06,,0.61,0.45,2.06,0.86,1313.0,665.0,10.8,76.2,38.2,528.73,,,7,40.0,13.0,6.0,7.0,66.0,ACCUMULATE ⭐⭐⭐,Expected ~65% CAGR (2yr) | Revenue CAGR 56% | Profit CAGR 102% | ROE 25% | ROCE 30% | ROCE trend rising ↑,High PE 54,2-3 years,Medium,"yfinance, screener.in",100,50,,2026-06-01,2026-06-01,0,,1,
MPSLTD,MPS Limited,Communication Services,Publishing,3122.0,Small-Cap,MonthlyDoubleBottom,Forming,1.0,25,Sep 25mo | Mid rally 125% | Asymmetry 0%,,Sideways,False,False,Below-MAs,True,Downtrend,0,Uptrend,Uptrend,1828.9,3013.89,1336.1,1554.57,3552.17,4691.68,4833.51,4143.6,156.5,60.2,18.02,14.72,6.37,1.08,12.98,451.0,40.38,2500.0,1,strong_buy,31.2,39.3,3.0,31.0,0.94,22.54,15.89,5.64,15.3,12.67,16.11,16.65,24.0,-0.1,0.4,lumpy earner,0.1,,1.45,,194.33,6.23,68.34,0.0,,1.47,-0.16,1.96,0.8,2975.0,1336.1,38.5,36.9,-22.62,67.9,0.94,0.41,6,40.0,18.5,7.0,0.0,65.5,ACCUMULATE ⭐⭐⭐,Expected ~60% CAGR (2yr) | Revenue CAGR 15% | ROE 31% | ROCE 39% | ROCE trend rising ↑ | Low D/E 0.10,Pattern still forming (not broken out),2-3 years,Medium,"yfinance, screener.in",100,287,,2026-06-01,2026-06-01,0,,1,
TATAELXSI,Tata Elxsi Limited,Technology,Software - Application,26697.0,Mid-Cap,MonthlyDoubleBottom,Forming,1.0,40,Sep 40mo | Mid rally 193% | Asymmetry 1%,,Sideways,False,False,Below-MAs,True,Downtrend,0,Uptrend,Uptrend,4186.1,1365.89,463.42,3558.19,4721.5,5772.14,9633.4,6744.19,37.9,17.4,42.55,27.3,8.78,0.99,29.75,175.0,20.84,4314.07,15,none,39.3,60.0,7.09,21.0,0.97,16.73,12.47,9.55,16.35,16.95,41.67,42.84,15.79,27.8,0.15,highly inconsistent earnings,0.05,,3.92,,687.19,2.57,43.9,0.0,,11.08,2.52,11.39,-0.89,6735.0,3945.0,37.8,6.1,-25.47,-66.31,0.51,0.3,7,40.0,18.5,7.0,0.0,65.5,ACCUMULATE ⭐⭐⭐,Expected ~17% CAGR (2yr) | Revenue CAGR 16% | Profit CAGR 43% | ROE 39% | ROCE 60% | ROCE trend rising ↑,Earnings due 2026-07-09 | Pattern still forming (not broken out),2-3 years,Medium,"yfinance, screener.in",100,287,2026-07-09,2026-06-01,2026-06-01,0,,1,
TEMBO,Tembo Global Industries Limited,Industrials,Metal Fabrication,933.0,Small-Cap,MonthlyStage2,Stage Change,1.0,24,10-EMA=567 | 30-EMA=488 | Above by 16.8% | MA turning=Yes,MonthlyCupHandle+MonthlyDoubleBottom+MonthlyStage2,Sideways,False,False,Below-MAs,True,Stage2,4,Uptrend,Uptrend,569.65,487.8,226.64,484.2,3480.84,8831.58,22407.47,8831.58,1450.4,293.7,14.95,,3.72,0.1,8.99,32.0,-12.64,,0,none,27.5,22.8,3.54,13.0,1.49,7.77,,46.51,63.37,59.98,92.16,153.72,117.79,55.2,0.4,lumpy earner,0.99,,,,,,36.38,0.0,,8.58,-0.04,0.95,0.73,837.0,433.35,31.9,31.5,11.16,111.55,0.34,0.74,3,32.0,19.5,12.0,2.0,65.5,ACCUMULATE ⭐⭐⭐,Expected ~294% CAGR (2yr) | Revenue CAGR 63% | Profit CAGR 154% | ROE 28% | ROCE 23% | ROCE trend rising ↑,None identified,2-3 years,Medium,"yfinance, screener.in",80,94,,2026-06-01,2026-06-01,0,,1,
TRITURBINE,Triveni Turbine Limited,Industrials,Specialty Industrial Machinery,23572.0,Mid-Cap,MonthlyStage2,Stage Change,1.0,24,10-EMA=546 | 30-EMA=520 | Above by 22.7% | MA turning=Yes,MonthlyDoubleBottom+MonthlyStage2,Uptrend,True,True,Uptrend,True,Stage2,4,Uptrend,Uptrend,638.05,520.11,439.85,542.34,413.03,600.37,613.04,503.19,,,67.59,44.76,16.28,3.1,51.06,54.0,67.5,674.75,8,buy,27.1,35.9,3.54,21.0,0.26,16.03,11.52,8.72,20.45,25.41,-2.79,21.83,27.89,8.6,0.15,highly inconsistent earnings,0.03,,1.98,,-258.5,-1.1,55.84,0.0,,20.81,-1.57,16.52,1.92,787.6,428.35,19.0,49.0,12.5,36.72,1.48,0.38,6,35.0,26.5,0.0,4.0,65.5,ACCUMULATE ⭐⭐⭐,Revenue CAGR 20% | Profit CAGR 22% | ROE 27% | ROCE 36% | ROCE trend rising ↑ | Nearly debt-free,High PE 68,2-3 years,Medium,"yfinance, screener.in",100,176,,2026-06-01,2026-06-01,0,,1,
CLSEL,Chaman Lal Setia Exports Ltd.,Consumer Defensive,Packaged Foods,1406.0,Small-Cap,MonthlyCupHandle,Forming,0.685,12,Cup 12mo | Depth 27% | Prior gain 88% | R²=0.90,,Uptrend,True,False,Constructive,True,Stage2,15,Uptrend,Uptrend,258.35,382.7,277.5,263.62,2080.31,3249.45,5075.63,3249.45,1157.8,254.7,12.24,,1.85,0.22,8.67,88.0,75.0,,0,none,14.61,,,11.85,,7.97,9.47,16.5,,,56.2,,,55.9,0.5,insufficient history,0.1,,6.94,,95.41,6.79,74.05,0.0,,3.08,0.0,1.58,-0.02,395.75,203.75,34.7,26.8,-24.28,30.62,0.4,0.5,4,32.0,20.72,12.0,0.0,64.7,ACCUMULATE ⭐⭐⭐,Expected ~255% CAGR (2yr) | Revenue CAGR 16% | Profit CAGR 56% | Nearly debt-free | Promoter 74% holding | FCF yield 6.8%,Pattern still forming (not broken out),3-4 years,Medium-High,"yfinance, screener.in",70,61,,2026-06-01,2026-06-01,0,,1,
RAMRAT,Ram Ratna Wires Limited,Industrials,Electrical Equipment & Parts,3972.0,Small-Cap,MonthlyCupHandle,Forming,0.717,19,Cup 19mo | Depth 32% | Prior gain 106% | R²=0.98,MonthlyCupHandle+MonthlyDoubleBottom,Uptrend,True,False,Tight-Above-MAs,True,Stage2,4,Uptrend,Uptrend,425.6,427.1,290.58,361.76,547.66,724.94,959.61,724.94,70.3,30.5,37.03,,6.85,1.14,17.59,29.0,0.0,,0,none,20.6,23.6,2.31,5.0,0.06,2.07,8.57,40.79,25.01,27.66,55.71,32.37,46.78,69.1,0.15,highly inconsistent earnings,1.15,,1.15,,-356.79,-8.98,69.3,0.76,,0.17,0.08,0.44,0.02,520.0,268.0,18.2,58.8,33.37,191.96,0.79,0.46,4,27.0,24.6,6.0,7.0,64.6,ACCUMULATE ⭐⭐⭐,Expected ~30% CAGR (2yr) | Revenue CAGR 25% | Profit CAGR 32% | ROE 21% | ROCE 24% | ROCE trend rising ↑,High D/E 1.2 | Pattern still forming (not broken out),3-4 years,Medium-High,"yfinance, screener.in",100,47,,2026-06-01,2026-06-01,0,,1,
ASTRAMICRO,Astra Microwave Products Limited,Technology,Communication Equipment,13308.0,Mid-Cap,MonthlyDoubleBottom,Forming,1.0,34,Sep 34mo | Mid rally 178% | Asymmetry 8%,MonthlyCupHandle+MonthlyDoubleBottom,Uptrend,True,True,Uptrend,True,Downtrend,0,Uptrend,Uptrend,1092.7,54.67,18.86,928.79,746.31,1172.03,1467.37,1046.47,7.3,3.6,68.98,43.36,11.44,1.72,45.08,18.0,16.26,1360.38,8,buy,16.0,20.2,2.17,29.0,3.71,14.82,,10.66,12.54,12.65,25.32,40.22,46.09,-1.3,0.4,lumpy earner,0.24,,,,,,6.54,0.0,,7.56,1.3,15.42,0.67,1433.0,851.0,23.7,28.4,12.96,177.15,0.42,0.45,3,30.0,25.5,3.0,6.0,64.5,ACCUMULATE ⭐⭐⭐,Expected ~4% CAGR (2yr) | Profit CAGR 40% | ROCE 20% | ROCE trend rising ↑ | Low D/E 0.24 | OPM 29%,High PE 69 | Pattern still forming (not broken out),3-4 years,Medium-High,"yfinance, screener.in",80,259,,2026-06-01,2026-06-01,0,,1,
NBCC,NBCC (India) Limited,Industrials,Engineering & Construction,27070.0,Mid-Cap,MonthlyDoubleBottom,Forming,1.0,48,Sep 48mo | Mid rally 216% | Asymmetry 7%,MonthlyCupHandle+MonthlyDoubleBottom+MonthlyStage2,Sideways,False,False,Below-MAs,True,Stage2,4,Uptrend,Uptrend,93.08,89.08,27.25,79.12,123.78,171.7,238.16,171.7,84.5,35.8,37.55,32.34,9.01,0.97,20.06,68.0,-30.66,124.5,2,none,24.1,31.0,3.03,5.0,0.63,5.46,4.29,7.06,13.24,13.14,33.21,38.71,25.33,37.2,0.4,lumpy earner,0.0,,1.18,,992.51,3.67,61.75,0.0,,4.99,-0.21,10.75,-1.5,130.7,77.18,28.8,20.6,-16.22,239.14,0.72,0.67,5,38.0,19.5,6.0,1.0,64.5,ACCUMULATE ⭐⭐⭐,Expected ~36% CAGR (2yr) | Profit CAGR 39% | ROE 24% | ROCE 31% | ROCE trend rising ↑ | Nearly debt-free,Pattern still forming (not broken out),3-4 years,Medium-High,"yfinance, screener.in",100,170,,2026-06-01,2026-06-01,0,,1,
CAMPUS,Campus Activewear Limited,Consumer Cyclical,Footwear & Accessories,7738.0,Small-Cap,MonthlyDoubleBottom,Forming,0.744,13,Sep 13mo | Mid rally 76% | Asymmetry 1%,,Sideways,False,False,Below-MAs,True,Stage2,3,Uptrend,Uptrend,232.52,370.52,209.77,199.28,349.62,531.27,689.47,490.97,128.5,51.2,51.57,35.88,8.56,1.28,26.97,59.0,,302.57,7,strong_buy,29.5,31.8,4.1,20.0,11.14,8.46,9.18,67.93,26.13,259.08,300.0,40.43,,26.0,0.15,highly inconsistent earnings,0.26,,2.37,,-11.2,-0.14,72.09,-0.02,,6.07,-0.08,11.6,-0.11,304.4,215.2,23.6,8.0,-9.27,-47.8,0.2,0.08,6,39.0,15.43,9.0,1.0,64.4,ACCUMULATE ⭐⭐⭐,Expected ~51% CAGR (2yr) | Revenue CAGR 26% | Profit CAGR 40% | ROE 30% | ROCE 32% | ROCE trend rising ↑,High PE 52 | Pattern still forming (not broken out),3-4 years,Medium-High,"yfinance, screener.in",100,49,,2026-06-01,2026-06-01,0,,1,
JBCHEPHARM,J. B. Chemicals & Pharmaceuticals Limited,Healthcare,Drug Manufacturers - Specialty & Generic,34799.0,Large-Cap,MonthlyDoubleBottom,Forming,0.662,29,Sep 29mo | Mid rally 74% | Asymmetry 8%,,Uptrend,True,False,Tight-Above-MAs,True,Stage2,4,Uptrend,Uptrend,2171.6,183.68,101.71,1845.86,2405.27,2635.52,3465.32,2887.05,21.4,10.2,48.78,29.73,8.91,2.44,30.79,86.0,35.34,2258.22,9,none,19.2,25.8,-0.66,27.0,0.46,17.11,12.48,5.87,9.62,15.22,7.42,20.03,9.57,-30.4,0.15,highly inconsistent earnings,0.0,,4.92,,506.48,1.46,48.8,1.25,,16.33,1.45,21.38,-1.97,2285.3,1603.5,5.0,35.4,38.13,65.21,0.81,-0.04,5,31.0,24.44,1.0,8.0,64.4,ACCUMULATE ⭐⭐⭐,Expected ~10% CAGR (2yr) | Profit CAGR 20% | ROCE 26% | Nearly debt-free | Promoters buying ↑ | OPM 27%,Earnings due 2026-07-30 | Pattern still forming (not broken out),3-4 years,Medium-High,"yfinance, screener.in",100,287,2026-07-30,2026-06-01,2026-06-01,0,,1,
AUBANK,AU Small Finance Bank Limited,Financial Services,Banks - Regional,73691.0,Large-Cap,MonthlyDoubleBottom,Forming,0.647,39,Sep 39mo | Mid rally 71% | Asymmetry 6%,MonthlyCupHandle+MonthlyDoubleBottom,Uptrend,True,False,Uptrend,True,Stage2,12,Uptrend,Uptrend,971.9,811.12,460.2,826.12,1465.98,2161.66,5639.17,2875.22,122.4,49.1,28.09,16.19,3.68,0.29,,10.0,25.99,1091.31,26,buy,22.3,12.4,,35.55,,21.37,,18.49,28.91,,208.5,96.13,,65.2,0.4,lumpy earner,,,,,,,22.76,-0.03,,37.27,0.82,31.3,0.03,1079.55,682.15,10.0,42.5,26.48,6.41,0.32,,1,27.0,22.26,9.0,6.0,64.3,ACCUMULATE ⭐⭐⭐,Expected ~49% CAGR (2yr) | Revenue CAGR 29% | Profit CAGR 96% | ROE 22% | OPM 36% | FII buying +0.8% ↑,Earnings due 2026-07-16 | Pattern still forming (not broken out),3-4 years,Medium-High,"yfinance, screener.in",70,107,2026-07-16,2026-06-01,2026-06-01,0,,1,
NRBBEARING,NRB Bearings Limited,Consumer Cyclical,Auto Parts,3586.0,Small-Cap,MonthlyStage2,Breaking Out,1.0,24,10-EMA=278 | 30-EMA=257 | Above by 38.8% | MA turning=Yes,MonthlyDoubleBottom+MonthlyStage2,Uptrend,True,True,Uptrend,True,Stage2,3,Uptrend,Uptrend,356.7,256.94,194.68,303.19,694.05,798.16,917.88,798.16,123.8,49.6,25.12,20.05,3.73,1.67,15.86,331.0,2.24,423.5,2,strong_buy,15.7,18.6,1.2,17.0,0.49,10.69,8.24,11.34,8.09,11.87,78.05,15.0,21.12,,0.15,highly inconsistent earnings,0.16,,2.26,,109.51,3.05,51.2,0.0,,14.69,0.57,10.06,-0.25,390.0,212.55,8.5,67.8,30.41,86.03,3.99,0.41,6,22.0,28.0,6.0,8.0,64.0,ACCUMULATE ⭐⭐⭐,Expected ~50% CAGR (2yr) | ROCE trend rising ↑ | Low D/E 0.16 | Promoter 51% holding | FCF yield 3.1% | Piotroski F=6 (above average quality),None identified,3-4 years,Medium-High,"yfinance, screener.in",100,287,,2026-06-01,2026-06-01,0,,1,
SAKSOFT,Saksoft Limited,Technology,Information Technology Services,1832.0,Small-Cap,MonthlyDoubleBottom,Forming,1.0,19,Sep 19mo | Mid rally 307% | Asymmetry 2%,,Sideways,False,True,Below-MAs,True,Downtrend,0,Uptrend,Uptrend,144.04,15.03,3.66,122.43,404.43,475.16,558.27,475.16,229.9,81.6,14.06,4.2,2.62,0.8,8.69,77.0,17.8,,0,none,19.6,25.5,0.03,19.0,0.43,13.23,10.48,14.04,14.78,21.14,22.02,17.49,24.2,19.7,0.75,consistent growth,0.06,,2.17,,85.14,4.65,66.72,0.04,,2.4,0.17,0.0,-0.14,253.99,107.59,43.3,33.9,-20.39,-64.13,1.07,0.38,7,36.0,18.0,10.0,0.0,64.0,ACCUMULATE ⭐⭐⭐,Expected ~82% CAGR (2yr) | ROCE 26% | ROCE trend rising ↑ | Nearly debt-free | Promoter 67% holding | FCF yield 4.6%,Pattern still forming (not broken out),3-4 years,Medium-High,"yfinance, screener.in",100,253,,2026-06-01,2026-06-01,0,,1,
TDPOWERSYS,TD Power Systems Limited,Industrials,Specialty Industrial Machinery,20600.0,Mid-Cap,None,,0.0,0,,,Uptrend,True,True,Tight-Above-MAs,True,Stage2,4,Uptrend,Uptrend,1256.3,,,1067.86,708.76,957.26,1292.87,957.26,,,86.18,46.68,19.22,2.46,61.94,15.0,33.08,1417.0,2,buy,24.7,33.4,4.29,18.0,1.43,12.86,11.83,45.11,28.63,25.59,36.57,35.06,39.65,36.2,1.0,steady compounder (low CV),0.02,,1.95,,19.94,0.1,26.87,0.0,,26.69,2.33,22.24,-0.95,1379.6,453.1,8.9,177.3,159.6,390.05,,0.51,7,40.0,15.0,-1.0,10.0,64.0,ACCUMULATE ⭐⭐⭐,Revenue CAGR 29% | Profit CAGR 35% | ROE 25% | ROCE 33% | ROCE trend rising ↑ | Nearly debt-free,High PE 86,3-4 years,Medium-High,"yfinance, screener.in",100,177,,2026-06-01,2026-06-01,0,,1,
YATHARTH,Yatharth Hospital & Trauma Care Services Limited,Healthcare,Medical Care Facilities,7675.0,Small-Cap,MonthlyCupHandle,Forming,0.751,18,Cup 18mo | Depth 43% | Prior gain 50% | R²=0.97,,Uptrend,True,False,Tight-Above-MAs,True,Stage2,4,Uptrend,Uptrend,832.85,829.22,475.28,707.92,1366.56,1518.37,2567.9,1873.29,82.3,35.0,43.86,25.11,4.54,1.18,24.24,0.0,,986.0,4,strong_buy,10.4,12.4,-1.97,24.0,-1.46,14.22,7.17,40.35,36.17,41.21,29.77,37.08,53.42,22.7,0.4,lumpy earner,0.15,,3.87,,-88.68,-1.16,55.8,0.0,,5.25,-0.93,12.0,0.98,889.9,485.0,6.4,71.7,63.04,,0.52,1.12,4,25.0,25.01,6.0,8.0,64.0,ACCUMULATE ⭐⭐⭐,Expected ~35% CAGR (2yr) | Revenue CAGR 36% | Profit CAGR 37% | Low D/E 0.15 | Promoter 56% holding | Margin compressing ↓ ⚠️,Margin compression ↓ | Pattern still forming (not broken out),3-4 years,Medium-High,"yfinance, screener.in",100,34,,2026-06-01,2026-06-01,0,,1,
NEULANDLAB,Neuland Laboratories Limited,Healthcare,Drug Manufacturers - Specialty & Generic,21924.0,Mid-Cap,MonthlyCupHandle,Forming,0.854,17,Cup 17mo | Depth 27% | Prior gain 121% | R²=0.97,MonthlyCupHandle+MonthlyDoubleBottom,Sideways-Above-MA,True,True,Constructive,True,Stage2,4,Uptrend,Uptrend,16790.0,18024.33,13107.61,14271.5,18257.66,22941.05,31064.66,23815.29,36.6,16.9,60.24,37.32,13.53,1.98,409.45,20.0,33.89,20972.0,4,none,21.4,26.6,3.4,28.0,2.51,2.29,,36.97,19.31,16.64,40.0,30.44,35.06,664.8,0.15,highly inconsistent earnings,0.16,,1.42,,,,32.63,0.0,,20.46,-0.44,15.84,1.12,19747.0,11412.0,15.0,47.1,47.47,473.62,1.12,-0.32,3,33.0,19.75,3.0,8.0,63.8,ACCUMULATE ⭐⭐⭐,Expected ~17% CAGR (2yr) | Revenue CAGR 19% | Profit CAGR 30% | ROE 21% | ROCE 27% | ROCE trend rising ↑,High PE 60 | Pattern still forming (not broken out),3-4 years,Medium-High,"yfinance, screener.in",80,212,,2026-06-01,2026-06-01,0,,1,
MARICO,Marico Limited,Consumer Defensive,Household & Personal Products,106477.0,Large-Cap,MonthlyDoubleBottom,Forming,0.686,40,Sep 40mo | Mid rally 74% | Asymmetry 6%,,Uptrend,True,False,Tight-Above-MAs,True,Stage2,15,Uptrend,Uptrend,831.45,365.32,203.82,706.73,618.14,770.23,762.98,686.75,,,60.6,43.54,25.1,5.46,44.71,49.0,18.88,895.45,38,none,43.0,47.2,0.77,17.0,-0.2,12.95,14.43,25.67,11.71,11.08,9.35,11.1,8.62,14.0,0.4,lumpy earner,0.12,,1.31,,2851.62,2.68,58.93,0.0,,24.08,0.06,12.17,-0.06,848.8,680.3,2.0,22.2,23.69,38.85,0.68,0.17,4,30.0,24.73,1.0,8.0,63.7,ACCUMULATE ⭐⭐⭐,ROE 43% | ROCE 47% | ROCE trend rising ↑ | Low D/E 0.12 | Promoter 59% holding | Dividend growing 19%/yr,High PE 61 | Earnings due 2026-08-04 | Pattern still forming (not broken out),3-4 years,Medium-High,"yfinance, screener.in",100,361,2026-08-04,2026-06-01,2026-06-01,0,,1,
SOLARINDS,Solar Industries India Limited,Basic Materials,Specialty Chemicals,165117.0,Large-Cap,MonthlyDoubleBottom,Forming,0.548,8,Sep 8mo | Mid rally 62% | Asymmetry 8%,,Uptrend,True,True,Tight-Above-MAs,True,Stage2,1,Uptrend,Uptrend,18116.0,13280.2,7877.69,15398.6,5144.82,18682.71,8548.23,6631.68,3.1,1.6,98.04,54.78,26.3,3.39,63.44,6.0,10.06,20131.92,12,strong_buy,31.5,36.8,3.57,27.0,1.83,17.05,15.45,30.48,12.45,31.35,34.86,28.9,43.25,70.0,0.4,lumpy earner,0.23,,2.06,,-1315.16,-0.8,73.15,0.0,,6.59,-0.15,12.89,-0.02,18874.0,11646.0,4.0,55.6,10.45,362.91,0.86,0.16,6,36.0,21.58,0.0,6.0,63.6,ACCUMULATE ⭐⭐⭐,Expected ~2% CAGR (2yr) | Profit CAGR 29% | ROE 32% | ROCE 37% | ROCE trend rising ↑ | Low D/E 0.23,High PE 98 | Earnings due 2026-08-06 | Pattern still forming (not broken out),3-4 years,Medium-High,"yfinance, screener.in",100,242,2026-08-06,2026-06-01,2026-06-01,0,,1,
FILATEX,Filatex India Limited,Consumer Cyclical,Textile Manufacturing,2031.0,Small-Cap,MonthlyDoubleBottom,Forming,1.0,40,Sep 40mo | Mid rally 123% | Asymmetry 6%,,Sideways,False,False,Below-MAs,True,Stage2,3,Uptrend,Uptrend,42.37,77.41,33.85,36.01,319.07,462.71,671.03,462.71,992.1,230.5,11.08,3.44,2.11,0.25,4.76,62.0,35.72,,0,none,12.9,16.9,1.2,8.0,-0.11,4.33,,-2.14,29.23,26.63,36.57,45.02,47.74,16.6,1.0,steady compounder (low CV),0.1,,,,,,65.47,0.09,,4.22,-0.29,2.78,0.4,66.1,36.26,35.9,16.9,-15.48,-14.22,0.26,0.04,2,32.0,19.5,12.0,0.0,63.5,ACCUMULATE ⭐⭐⭐,Expected ~230% CAGR (2yr) | Revenue CAGR 29% | Profit CAGR 45% | ROCE trend rising ↑ | Low D/E 0.10 | Promoter 65% holding,Pattern still forming (not broken out),3-4 years,Medium-High,"yfinance, screener.in",80,178,,2026-06-01,2026-06-01,0,,1,
GLENMARK,Glenmark Pharmaceuticals Limited,Healthcare,Drug Manufacturers - Specialty & Generic,64198.0,Large-Cap,MonthlyDoubleBottom,Forming,1.0,48,Sep 48mo | Mid rally 152% | Asymmetry 2%,,Uptrend,True,False,Constructive,False,Stage2,4,Uptrend,Uptrend,2405.9,1214.53,478.22,2045.02,2296.46,2421.35,2833.04,2550.68,0.6,0.3,47.17,24.01,6.7,4.26,15.56,22.0,25.99,2227.36,11,none,30.5,39.8,3.89,27.0,0.94,6.45,,27.48,13.61,9.19,30.09,11.07,11.91,15.9,0.15,highly inconsistent earnings,0.13,,,,,,46.65,0.0,,20.35,1.15,19.28,-0.81,2474.0,1448.5,2.8,66.1,44.96,235.25,0.49,0.31,3,27.0,25.5,3.0,8.0,63.5,ACCUMULATE ⭐⭐⭐,Expected ~0% CAGR (2yr) | ROE 30% | ROCE 40% | ROCE trend rising ↑ | Low D/E 0.13 | OPM 27%,Earnings due 2026-08-13 | Pattern still forming (not broken out),3-4 years,Medium-High,"yfinance, screener.in",80,287,2026-08-13,2026-06-01,2026-06-01,0,,1,
GLOBAL,Global Education Limited,Consumer Defensive,Education & Training Services,513.0,Small-Cap,MonthlyStage2,Stage Change,1.0,24,10-EMA=89 | 30-EMA=76 | Above by 34.3% | MA turning=Yes,MonthlyCupHandle+MonthlyDoubleBottom+MonthlyStage2,Sideways-Above-MA,True,False,Constructive,False,Stage2,15,Uptrend,Uptrend,102.67,76.43,41.17,87.27,174.31,181.58,189.15,181.58,76.9,33.0,22.75,,4.16,5.46,16.31,99.0,-5.9,,0,none,22.0,29.2,-0.4,38.0,0.06,26.15,13.29,30.56,14.88,29.31,-7.14,4.17,26.58,9.4,0.15,highly inconsistent earnings,0.0,,3.75,,33.18,6.47,72.73,0.23,,0.4,-0.05,0.06,0.0,121.9,55.3,15.8,85.7,72.77,16.92,0.98,-0.7,5,30.0,22.5,4.0,7.0,63.5,ACCUMULATE ⭐⭐⭐,Expected ~33% CAGR (2yr) | ROE 22% | ROCE 29% | Nearly debt-free | Promoter 73% holding | OPM 38%,None identified,3-4 years,Medium-High,"yfinance, screener.in",100,111,,2026-06-01,2026-06-01,0,,1,
IFBIND,IFB Industries Limited,Consumer Cyclical,"Furnishings, Fixtures & Appliances",5075.0,Small-Cap,MonthlyDoubleBottom,Forming,1.0,28,Sep 28mo | Mid rally 172% | Asymmetry 4%,,Sideways,False,False,Below-MAs,True,Stage2,3,Uptrend,Uptrend,1098.8,2359.9,850.0,933.98,3965.78,5646.55,17913.03,8428.47,413.9,126.7,35.33,20.17,5.1,0.31,15.24,0.0,,1473.67,3,none,16.8,20.3,2.91,6.0,0.14,2.56,5.06,10.35,10.23,14.94,21.01,112.53,40.82,126.1,0.15,highly inconsistent earnings,0.16,,1.33,,142.69,2.81,74.96,0.0,,0.92,-0.04,6.16,0.13,2019.8,883.2,45.6,24.4,-21.39,12.12,0.56,0.31,6,29.0,19.5,15.0,0.0,63.5,ACCUMULATE ⭐⭐⭐,Expected ~127% CAGR (2yr) | Profit CAGR 113% | ROCE 20% | ROCE trend rising ↑ | Low D/E 0.16 | Promoter 75% holding,Pattern still forming (not broken out),3-4 years,Medium-High,"yfinance, screener.in",100,287,,2026-06-01,2026-06-01,0,,1,
KARURVYSYA,The Karur Vysya Bank Limited,Financial Services,Banks - Regional,27911.0,Mid-Cap,MonthlyDoubleBottom,Forming,1.0,35,Sep 35mo | Mid rally 115% | Asymmetry 0%,,Uptrend,True,False,Uptrend,True,Stage2,12,Uptrend,Uptrend,293.25,103.53,48.12,249.26,804.1,823.41,1603.17,1135.39,180.8,67.6,11.12,9.09,2.18,0.27,,75.0,17.57,355.44,16,buy,19.28,,,57.61,,40.05,1.96,19.5,,,41.2,,,41.2,0.5,insufficient history,,,,,,,2.07,0.0,,19.25,2.38,39.26,-0.94,343.45,184.74,14.6,58.7,40.29,169.76,0.78,-0.03,2,20.0,26.5,10.0,7.0,63.5,ACCUMULATE ⭐⭐⭐,Expected ~68% CAGR (2yr) | Revenue CAGR 20% | Profit CAGR 41% | OPM 58% | FII buying +2.4% ↑ | Dividend growing 18%/yr,Earnings due 2026-07-23 | Pattern still forming (not broken out),3-4 years,Medium-High,"yfinance, screener.in",50,365,2026-07-23,2026-06-01,2026-06-01,0,,1,
KPIL,Kalpataru Projects International Limited,Industrials,Engineering & Construction,22286.0,Mid-Cap,MonthlyStage2,Stage Change,1.0,24,10-EMA=1193 | 30-EMA=1086 | Above by 15.3% | MA turning=Yes,MonthlyDoubleBottom+MonthlyStage2,Sideways-Above-MA,True,False,Constructive,True,Stage2,4,Uptrend,Uptrend,1251.5,1085.77,872.33,1063.77,2805.13,2853.05,4986.65,3740.08,128.0,51.0,21.41,14.6,2.87,0.64,10.69,69.0,12.5,1522.5,18,strong_buy,14.2,16.6,0.17,8.0,-0.57,3.83,4.06,21.63,18.38,15.95,81.83,33.33,9.26,92.6,0.15,highly inconsistent earnings,0.46,,1.25,,467.04,2.1,33.58,0.01,,10.92,-0.81,45.12,1.22,1335.6,1007.1,6.3,24.3,10.22,113.59,0.61,0.39,5,23.0,22.5,12.0,6.0,63.5,ACCUMULATE ⭐⭐⭐,Expected ~51% CAGR (2yr) | Revenue CAGR 18% | Profit CAGR 33% | ROCE trend rising ↑ | Margin compressing ↓ ⚠️ | Piotroski F=5 (above average quality),Margin compression ↓ | Earnings due 2026-08-06,3-4 years,Medium-High,"yfinance, screener.in",100,37,2026-08-06,2026-06-01,2026-06-01,0,,1,
SHARDAMOTR,Sharda Motor Industries Limited,Consumer Cyclical,Auto Parts,4841.0,Small-Cap,MonthlyDoubleBottom,Forming,1.0,44,Sep 44mo | Mid rally 319% | Asymmetry 7%,,Sideways,False,False,Below-MAs,True,Stage2,3,Uptrend,Uptrend,882.7,600.75,138.94,750.3,3217.93,3809.07,4508.79,3809.07,331.5,107.7,14.35,,4.24,0.78,9.31,193.0,58.58,,0,none,27.9,36.0,1.6,12.0,1.14,10.17,11.18,19.74,7.96,14.36,9.52,18.37,38.79,6.5,0.15,highly inconsistent earnings,0.04,,1.98,,241.62,4.99,64.31,0.0,,2.43,0.2,11.51,-0.19,1248.0,700.0,29.3,26.1,2.96,-6.42,0.34,0.56,6,33.0,19.5,10.0,1.0,63.5,ACCUMULATE ⭐⭐⭐,Expected ~108% CAGR (2yr) | ROE 28% | ROCE 36% | ROCE trend rising ↑ | Nearly debt-free | Promoter 64% holding,Pattern still forming (not broken out),3-4 years,Medium-High,"yfinance, screener.in",100,129,,2026-06-01,2026-06-01,0,,1,
TBZ,Tribhovandas Bhimji Zaveri Limited,Consumer Cyclical,Luxury Goods,1104.0,Small-Cap,MonthlyDoubleBottom,Forming,1.0,31,Sep 31mo | Mid rally 223% | Asymmetry 2%,,Sideways-Above-MA,True,False,Constructive,True,Stage2,3,Uptrend,Uptrend,129.89,132.48,40.55,110.41,1745.22,2994.27,5137.28,2994.27,2205.2,380.1,7.66,55.72,1.59,0.11,5.13,136.0,31.04,,0,none,27.1,21.4,2.0,11.0,0.57,6.3,10.94,22.25,10.19,19.0,197.06,71.57,36.26,612.6,0.15,highly inconsistent earnings,1.06,,1.65,,-81.27,-7.36,74.12,0.0,,0.26,0.26,0.0,0.0,217.95,110.5,40.4,17.5,-22.28,36.7,0.34,0.48,6,26.0,22.5,14.0,1.0,63.5,ACCUMULATE ⭐⭐⭐,Expected ~380% CAGR (2yr) | Profit CAGR 72% | ROE 27% | ROCE 21% | ROCE trend rising ↑ | Promoter 74% holding,High D/E 1.1 | Pattern still forming (not broken out),3-4 years,Medium-High,"yfinance, screener.in",100,169,,2026-06-01,2026-06-01,0,,1,
TMB,Tamilnad Mercantile Bank Limited,Financial Services,Banks - Regional,10967.0,Mid-Cap,MonthlyStage2,Stage Change,1.0,24,10-EMA=591 | 30-EMA=511 | Above by 33.0% | MA turning=Yes,MonthlyDoubleBottom+MonthlyStage2,Uptrend,True,False,Tight-Above-MAs,True,Stage2,12,Uptrend,Uptrend,679.4,510.71,399.27,577.49,2291.62,2933.28,3754.6,2933.28,331.7,107.8,8.2,,1.12,0.29,,159.0,10.0,,0,none,13.99,,,54.29,,39.86,1.89,23.5,,,28.0,,,28.0,0.5,insufficient history,,,,,,,,,,6.19,1.24,1.91,-0.56,770.0,411.8,11.8,65.0,63.61,40.78,0.76,0.52,2,18.0,28.5,9.0,8.0,63.5,ACCUMULATE ⭐⭐⭐,Expected ~108% CAGR (2yr) | Revenue CAGR 24% | Profit CAGR 28% | OPM 54% | FII buying +1.2% ↑ | PEG 0.29 — deeply undervalued,None identified,3-4 years,Medium-High,"yfinance, screener.in",40,45,,2026-06-01,2026-06-01,0,,1,
PRUDENT,Prudent Corporate Advisory Services Limited,Financial Services,Asset Management,11263.0,Mid-Cap,MonthlyCupHandle,Forming,0.853,18,Cup 18mo | Depth 25% | Prior gain 127% | R²=0.96,,Uptrend,True,False,Constructive,True,Stage2,12,Uptrend,Uptrend,2726.2,3352.49,2515.37,2389.6,1436.2,4189.61,2201.18,1778.02,53.7,24.0,50.76,34.23,14.77,2.13,,9.0,35.72,3004.29,7,none,28.6,37.5,-1.49,24.0,-0.17,16.62,20.48,16.24,28.76,34.88,13.27,23.8,37.6,14.3,0.4,lumpy earner,0.04,,1.32,,,,55.31,0.0,,14.89,-1.43,23.58,1.45,3098.0,2121.0,12.0,28.5,8.16,155.22,0.55,0.48,3,36.0,23.24,1.0,3.0,63.2,ACCUMULATE ⭐⭐⭐,Expected ~24% CAGR (2yr) | Revenue CAGR 29% | Profit CAGR 24% | ROE 29% | ROCE 38% | Nearly debt-free,High PE 51 | Pattern still forming (not broken out),3-4 years,Medium-High,"yfinance, screener.in",90,49,,2026-06-01,2026-06-01,0,,1,
CAPLIPOINT,Caplin Point Laboratories Limited,Healthcare,Drug Manufacturers - Specialty & Generic,15389.0,Mid-Cap,MonthlyStage2,Breaking Out,1.0,24,10-EMA=1842 | 30-EMA=1715 | Above by 18.9% | MA turning=Yes,MonthlyDoubleBottom+MonthlyStage2,Sideways-Above-MA,True,True,Constructive,True,Stage2,4,Uptrend,Uptrend,2038.2,1714.55,1466.69,1732.47,4559.79,5467.65,6556.26,5467.65,168.3,63.8,24.1,18.93,4.38,1.21,19.06,40.0,-3.85,2505.0,2,strong_buy,20.6,24.6,-0.6,35.0,0.91,29.32,11.86,12.91,14.24,15.57,20.15,19.91,20.96,19.3,1.0,steady compounder (low CV),0.0,,6.7,,2.13,0.01,70.57,0.0,,6.15,-0.43,2.14,0.09,2395.0,1500.3,14.9,35.9,3.82,132.4,2.12,0.16,6,30.0,24.0,7.0,2.0,63.0,ACCUMULATE ⭐⭐⭐,Expected ~64% CAGR (2yr) | ROE 21% | ROCE 25% | Nearly debt-free | Promoter 71% holding | OPM 35%,None identified,3-4 years,Medium-High,"yfinance, screener.in",100,144,,2026-06-01,2026-06-01,0,,1,
GENUSPOWER,Genus Power Infrastructures Limited,Industrials,Electrical Equipment & Parts,8669.0,Mid-Cap,MonthlyDoubleBottom,Forming,1.0,23,Sep 23mo | Mid rally 136% | Asymmetry 2%,MonthlyDoubleBottom+MonthlyStage2,Sideways-Above-MA,True,False,Constructive,True,Stage2,4,Uptrend,Uptrend,309.35,482.57,202.74,262.95,2069.24,5655.24,15455.77,5655.24,1728.1,327.6,14.71,12.29,3.91,0.08,11.16,78.0,114.0,445.0,2,strong_buy,29.0,23.9,2.94,19.0,1.17,12.47,10.03,94.55,80.49,50.81,90.35,173.3,53.71,39.3,0.15,highly inconsistent earnings,1.04,,1.75,,-1130.65,-13.04,39.34,0.0,,18.89,0.15,3.34,0.13,430.0,206.36,28.1,49.9,-8.98,124.41,0.69,0.34,5,29.0,22.0,12.0,0.0,63.0,ACCUMULATE ⭐⭐⭐,Expected ~328% CAGR (2yr) | Revenue CAGR 80% | Profit CAGR 173% | ROE 29% | ROCE 24% | ROCE trend rising ↑,High D/E 1.0 | Pattern still forming (not broken out),3-4 years,Medium-High,"yfinance, screener.in",100,251,,2026-06-01,2026-06-01,0,,1,
KEI,KEI Industries Limited,Industrials,Electrical Equipment & Parts,50358.0,Large-Cap,MonthlyDoubleBottom,Forming,1.0,20,Sep 20mo | Mid rally 117% | Asymmetry 9%,,Uptrend,True,True,Tight-Above-MAs,True,Stage2,4,Uptrend,Uptrend,5082.4,5029.01,2215.84,4320.04,4142.24,7842.18,6409.23,5152.53,54.3,24.2,54.94,38.03,7.56,2.25,39.95,9.0,14.47,5244.25,24,buy,14.8,20.1,-0.37,10.0,-0.11,7.82,8.79,20.67,19.36,22.95,31.9,24.39,27.73,25.5,1.0,steady compounder (low CV),0.04,,2.96,,170.84,0.34,35.0,0.0,,27.27,1.78,25.83,-1.44,5476.3,3500.0,7.2,45.2,41.61,97.11,1.09,0.51,5,25.0,28.0,0.0,10.0,63.0,ACCUMULATE ⭐⭐⭐,Expected ~24% CAGR (2yr) | Revenue CAGR 19% | Profit CAGR 24% | ROCE 20% | Nearly debt-free | EPS: steady compounder (low CV),High PE 55 | Earnings due 2026-07-21 | Pattern still forming (not broken out),3-4 years,Medium-High,"yfinance, screener.in",100,243,2026-07-21,2026-06-01,2026-06-01,0,,1,
NILASPACES,Nila Spaces Limited,Real Estate,Real Estate - Development,496.0,Micro-Cap,MonthlyDoubleBottom,Forming,0.826,8,Sep 8mo | Mid rally 86% | Asymmetry 4%,,Downtrend,False,False,Below-MAs,False,Stage2,3,Uptrend,Uptrend,13.15,19.4,10.21,11.18,66.88,163.09,397.69,163.09,1140.2,252.2,17.26,,2.79,0.12,9.55,0.0,,,0,none,18.2,31.3,6.46,31.0,34.51,15.43,9.61,36.03,469.8,32.68,93.33,143.85,96.1,97.1,0.2,multiple loss years in history,0.46,,2.69,,-62.63,-12.62,61.9,0.0,,0.05,0.02,,,20.47,10.6,35.8,24.1,17.48,227.59,0.76,0.94,5,36.0,12.91,12.0,2.0,62.9,ACCUMULATE ⭐⭐⭐,Expected ~252% CAGR (2yr) | Revenue CAGR 470% | Profit CAGR 144% | ROCE 31% | ROCE trend rising ↑ | Promoter 62% holding,Pattern still forming (not broken out),3-4 years,Medium-High,"yfinance, screener.in",100,90,,2026-06-01,2026-06-01,0,,1,
COLPAL,Colgate-Palmolive (India) Limited,Consumer Defensive,Household & Personal Products,56026.0,Large-Cap,MonthlyDoubleBottom,Forming,0.511,17,Sep 17mo | Mid rally 59% | Asymmetry 8%,,Sideways,False,False,Below-MAs,False,Stage2,15,Uptrend,Uptrend,2188.3,1418.08,861.94,1860.06,4213.55,4529.55,8658.51,6040.12,107.0,43.9,42.19,35.01,35.37,0.97,29.21,233.0,9.35,2263.7,27,hold,158.0,179.0,31.8,22.0,1.4,21.96,33.52,15.43,14.93,,51.39,43.35,,-0.5,0.4,lumpy earner,0.03,,1.28,,1955.26,3.49,51.0,0.0,,13.6,-1.58,15.25,1.75,2504.0,1782.0,12.6,22.8,-0.66,13.65,0.37,0.56,6,40.0,12.63,9.0,1.0,62.6,ACCUMULATE ⭐⭐⭐,Expected ~44% CAGR (2yr) | Profit CAGR 43% | ROE 158% | ROCE 179% | ROCE trend rising ↑ | Nearly debt-free,Earnings due 2026-07-22 | Pattern still forming (not broken out),3-4 years,Medium-High,"yfinance, screener.in",100,287,2026-07-22,2026-06-01,2026-06-01,0,,1,
SYRMA,Syrma SGS Technology Limited,Technology,Electronic Components,20968.0,Mid-Cap,MonthlyDoubleBottom,Forming,0.717,6,Sep 6mo | Mid rally 73% | Asymmetry 2%,,Uptrend,True,True,Uptrend,True,Downtrend,0,Uptrend,Uptrend,984.15,645.9,369.32,836.53,723.4,1080.62,1441.46,1021.15,9.8,4.8,64.53,38.27,7.22,1.57,37.87,14.0,0.0,1169.83,24,buy,18.3,20.0,-1.2,11.0,-0.17,6.59,5.77,27.25,33.01,40.32,88.04,41.16,38.05,54.4,0.4,lumpy earner,0.13,,1.7,,7.27,0.03,42.28,-0.44,,6.6,0.13,16.59,0.7,1188.0,500.0,17.2,96.8,81.27,98.45,0.85,0.2,5,31.0,20.6,3.0,8.0,62.6,ACCUMULATE ⭐⭐⭐,Expected ~5% CAGR (2yr) | Revenue CAGR 33% | Profit CAGR 41% | Low D/E 0.13 | Piotroski F=5 (above average quality) | DII buying +0.7% ↑,High PE 65 | Pattern still forming (not broken out),3-4 years,Medium-High,"yfinance, screener.in",100,46,,2026-06-01,2026-06-01,0,,1,
AUROPHARMA,Aurobindo Pharma Limited,Healthcare,Drug Manufacturers - Specialty & Generic,82072.0,Large-Cap,MonthlyStage2,Stage Change,1.0,24,10-EMA=1286 | 30-EMA=1162 | Above by 30.2% | MA turning=Yes,MonthlyCupHandle+MonthlyDoubleBottom+MonthlyStage2,Uptrend,True,False,Uptrend,True,Stage2,4,Uptrend,Uptrend,1512.8,1161.6,1024.06,1285.88,3592.76,3235.11,5349.22,4383.89,113.8,46.2,23.64,16.11,2.19,1.07,11.71,28.0,-12.64,1511.93,29,buy,10.1,12.8,-0.49,20.0,0.17,10.41,5.86,6.08,10.63,6.32,0.55,22.02,-8.07,2.0,0.15,highly inconsistent earnings,0.21,,1.81,,1318.53,1.61,51.82,0.0,,15.24,1.29,25.82,-1.84,1550.0,1016.1,2.4,48.9,41.25,86.61,0.57,0.03,6,20.0,26.5,8.0,8.0,62.5,ACCUMULATE ⭐⭐⭐,Expected ~46% CAGR (2yr) | Profit CAGR 22% | Low D/E 0.21 | Promoter 52% holding | Piotroski F=6 (above average quality) | FII buying +1.3% ↑,Earnings due 2026-08-04,3-4 years,Medium-High,"yfinance, screener.in",100,365,2026-08-04,2026-06-01,2026-06-01,0,,1,
MARINE,Marine Electricals (India) Limited,Industrials,Electrical Equipment & Parts,3568.0,Small-Cap,MonthlyStage2,Stage Change,1.0,24,10-EMA=204 | 30-EMA=177 | Above by 25.4% | MA turning=Yes,MonthlyDoubleBottom+MonthlyStage2,Sideways-Above-MA,True,False,Constructive,True,Stage2,4,Uptrend,Uptrend,222.05,177.13,147.48,188.74,173.25,262.31,397.13,262.31,18.1,8.7,69.85,,8.6,1.36,39.1,12.0,9.0,,0,none,13.2,18.2,1.23,11.0,-0.03,6.27,,14.34,25.56,28.43,55.26,51.4,33.34,126.8,0.4,lumpy earner,0.13,,,,,,68.2,-0.34,,0.59,-0.06,0.34,0.22,282.48,150.86,21.4,47.2,11.64,330.72,0.63,1.06,2,31.0,22.5,3.0,6.0,62.5,ACCUMULATE ⭐⭐⭐,Expected ~9% CAGR (2yr) | Revenue CAGR 26% | Profit CAGR 51% | ROCE trend rising ↑ | Low D/E 0.13 | Promoter 68% holding,High PE 70,3-4 years,Medium-High,"yfinance, screener.in",80,92,,2026-06-01,2026-06-01,0,,1,
PARAS,Paras Defence and Space Technologies Limited,Industrials,Aerospace & Defense,6603.0,Small-Cap,MonthlyDoubleBottom,Forming,1.0,42,Sep 42mo | Mid rally 172% | Asymmetry 9%,MonthlyDoubleBottom+MonthlyStage2,Uptrend,True,False,Tight-Above-MAs,True,Stage2,4,Uptrend,Uptrend,763.1,1591.47,560.27,648.63,494.18,2622.67,903.57,668.23,243.7,85.4,75.17,49.36,9.83,2.13,54.0,6.0,,703.0,1,none,12.6,16.9,0.97,25.0,-1.17,18.49,7.12,30.68,29.04,27.24,45.9,35.22,40.95,74.3,0.15,highly inconsistent earnings,0.04,,3.23,,55.19,0.84,53.2,0.0,,5.06,0.14,1.24,-0.04,942.0,580.5,19.0,31.5,3.05,1.45,0.86,0.62,5,32.0,28.5,-1.0,3.0,62.5,ACCUMULATE ⭐⭐⭐,Expected ~85% CAGR (2yr) | Revenue CAGR 29% | Profit CAGR 35% | ROCE trend rising ↑ | Nearly debt-free | Promoter 53% holding,High PE 75 | Margin compression ↓ | Pattern still forming (not broken out),3-4 years,Medium-High,"yfinance, screener.in",100,56,,2026-06-01,2026-06-01,0,,1,
PGIL,Pearl Global Industries Limited,Consumer Cyclical,Apparel Manufacturing,7637.0,Small-Cap,MonthlyDoubleBottom,Forming,1.0,38,Sep 38mo | Mid rally 150% | Asymmetry 2%,MonthlyCupHandle+MonthlyDoubleBottom,Uptrend,True,False,Uptrend,True,Stage2,3,Uptrend,Uptrend,1604.5,124.1,49.29,1363.83,3205.66,3247.43,4681.01,3873.72,102.4,42.3,27.47,17.25,5.9,1.32,16.82,127.0,-8.92,2308.0,3,strong_buy,21.3,19.2,2.91,9.0,0.97,5.53,8.06,11.52,16.75,27.51,16.88,20.84,73.85,22.0,0.15,highly inconsistent earnings,0.66,,1.6,,-56.14,-0.74,61.16,-0.08,,6.48,0.21,18.8,2.03,1993.3,1178.1,19.5,36.2,14.98,390.0,0.9,-0.26,6,21.0,26.5,12.0,3.0,62.5,ACCUMULATE ⭐⭐⭐,Expected ~42% CAGR (2yr) | Revenue CAGR 17% | Profit CAGR 21% | ROE 21% | ROCE trend rising ↑ | Promoter 61% holding,Pattern still forming (not broken out),3-4 years,Medium-High,"yfinance, screener.in",100,232,,2026-06-01,2026-06-01,0,,1,
RATEGAIN,RateGain Travel Technologies Limited,Technology,Software - Application,8815.0,Mid-Cap,MonthlyStage2,Stage Change,1.0,24,10-EMA=592 | 30-EMA=580 | Above by 16.1% | MA turning=Yes,MonthlyDoubleBottom+MonthlyStage2,Sideways-Above-MA,True,True,Constructive,True,Downtrend,0,Uptrend,Uptrend,673.6,579.95,433.8,572.56,706.13,920.72,1420.42,1001.5,36.7,16.9,45.46,22.69,4.39,1.09,28.31,0.0,,799.56,9,buy,12.0,13.7,4.26,19.0,3.54,10.66,5.87,69.36,47.79,48.69,-7.18,41.83,77.53,27.7,0.15,highly inconsistent earnings,0.47,,1.41,,-11.97,-0.14,48.77,0.22,,5.35,0.38,20.86,0.24,766.7,417.6,12.1,61.3,54.68,38.13,0.39,0.77,5,25.0,21.5,6.0,10.0,62.5,ACCUMULATE ⭐⭐⭐,Expected ~17% CAGR (2yr) | Revenue CAGR 48% | Profit CAGR 42% | ROCE trend rising ↑ | Piotroski F=5 (above average quality) | PEG 1.09 — fair value,None identified,3-4 years,Medium-High,"yfinance, screener.in",100,54,,2026-06-01,2026-06-01,0,,1,
RMDRIP,R M DRIP & SPRINK SYS LTD,Industrials,Farm & Heavy Construction Machinery,768.0,Small-Cap,MonthlyDoubleBottom,Forming,1.0,32,Sep 32mo | Mid rally 292% | Asymmetry 1%,,Downtrend,False,False,Below-MAs,False,Stage2,4,Uptrend,Uptrend,19.02,3.67,0.74,16.17,44.32,60.54,82.69,60.54,218.3,78.4,21.11,,5.18,0.58,14.31,16.0,,,0,none,39.8,44.0,,30.0,9.5,19.02,,40.46,,,45.83,,,36.8,0.4,lumpy earner,0.41,,,,,,21.06,0.0,,3.85,1.35,0.1,-0.25,72.22,17.11,73.7,11.2,-38.07,672.71,0.19,0.9,2,37.0,16.5,9.0,0.0,62.5,ACCUMULATE ⭐⭐⭐,Expected ~78% CAGR (2yr) | Revenue CAGR 55% | Profit CAGR 37% | ROE 40% | ROCE 44% | OPM 30%,Pattern still forming (not broken out),3-4 years,Medium-High,"yfinance, screener.in",60,104,,2026-06-01,2026-06-01,0,,1,
SUNPHARMA,Sun Pharmaceutical Industries Limited,Healthcare,Drug Manufacturers - Specialty & Generic,431688.0,Large-Cap,MonthlyDoubleBottom,Forming,1.0,32,Sep 32mo | Mid rally 113% | Asymmetry 4%,,Uptrend,True,False,Tight-Above-MAs,True,Stage2,4,Uptrend,Uptrend,1882.3,1099.65,505.12,1599.95,2230.3,2295.59,2726.7,2466.04,22.0,10.4,37.59,27.77,5.55,3.56,24.53,92.0,-1.47,2039.91,34,buy,16.0,20.5,1.43,30.0,0.89,19.64,8.43,11.19,10.03,11.78,4.96,10.57,38.33,26.2,0.15,highly inconsistent earnings,0.06,,2.82,,4931.94,1.14,54.48,0.0,,15.94,-0.18,21.0,0.28,1916.6,1548.0,1.8,21.6,20.87,61.02,0.61,0.1,7,27.0,28.5,1.0,6.0,62.5,ACCUMULATE ⭐⭐⭐,Expected ~10% CAGR (2yr) | ROCE 20% | ROCE trend rising ↑ | Nearly debt-free | Promoter 54% holding | OPM 30%,Earnings due 2026-07-30 | Pattern still forming (not broken out),3-4 years,Medium-High,"yfinance, screener.in",100,365,2026-07-30,2026-06-01,2026-06-01,0,,1,
BAJAJCON,Bajaj Consumer Care Limited,Consumer Defensive,Household & Personal Products,7221.0,Small-Cap,MonthlyDoubleBottom,Forming,0.911,24,Sep 24mo | Mid rally 95% | Asymmetry 4%,,Uptrend,True,False,Tight-Above-MAs,True,Stage2,15,Uptrend,Uptrend,526.75,288.95,145.42,447.74,608.45,618.71,749.4,675.26,17.5,8.4,38.9,26.8,9.8,3.54,31.73,0.0,-33.06,533.88,8,strong_buy,25.3,30.6,-1.54,19.0,-1.57,16.33,13.92,20.73,6.63,4.79,52.0,10.98,-3.15,105.3,0.15,highly inconsistent earnings,0.02,,3.49,,136.45,1.89,42.97,0.0,,16.59,6.89,14.27,-1.48,581.0,168.25,9.3,213.1,159.22,158.96,0.68,0.81,4,22.0,27.43,3.0,10.0,62.4,ACCUMULATE ⭐⭐⭐,Expected ~8% CAGR (2yr) | ROE 25% | ROCE 31% | Nearly debt-free | Margin compressing ↓ ⚠️ | FII buying +6.9% ↑,Margin compression ↓ | Pattern still forming (not broken out),3-4 years,Medium-High,"yfinance, screener.in",100,190,,2026-06-01,2026-06-01,0,,1,
KILITCH,Kilitch Drugs (India) Limited,Healthcare,Drug Manufacturers - Specialty & Generic,638.0,Small-Cap,MonthlyDoubleBottom,Breakout Ready,1.0,31,Sep 31mo | Mid rally 222% | Asymmetry 10%,MonthlyDoubleBottom+MonthlyStage2,Sideways-Above-MA,True,True,Constructive,True,Stage2,4,Uptrend,Uptrend,174.37,118.3,34.98,148.21,695.56,1080.62,1678.85,1080.62,519.7,148.9,20.45,11.92,2.23,0.37,17.53,0.0,7.3,,0,none,12.5,14.4,2.51,16.0,1.83,12.81,5.35,18.69,18.84,28.15,20.0,55.36,49.63,34.6,0.75,consistent growth,0.32,,1.83,,-88.82,-13.93,63.77,0.0,,0.0,,,,250.0,117.25,30.3,48.7,-11.94,60.62,2.09,0.14,6,27.0,24.0,11.0,0.0,62.0,ACCUMULATE ⭐⭐⭐,Expected ~149% CAGR (2yr) | Revenue CAGR 19% | Profit CAGR 55% | ROCE trend rising ↑ | Promoter 64% holding | EPS: consistent growth,None identified,3-4 years,Medium-High,"yfinance, screener.in",100,189,,2026-06-01,2026-06-01,0,,1,
TERASOFT,Tera Software Limited,Technology,Information Technology Services,494.0,Micro-Cap,MonthlyDoubleBottom,Forming,1.0,10,Sep 10mo | Mid rally 194% | Asymmetry 1%,,Sideways,False,False,Constructive,True,Downtrend,0,Uptrend,Uptrend,317.8,59.31,20.1,270.13,1086.69,2203.16,4466.68,2203.16,593.3,163.3,19.92,,3.69,0.19,12.99,25.0,,,0,none,18.5,24.4,8.0,15.0,7.2,10.42,9.27,120.37,22.02,,177.78,102.74,,119.9,0.4,lumpy earner,0.27,,1.69,,-27.34,-5.54,47.53,0.0,,0.08,-0.06,,,598.0,252.4,46.9,25.9,15.85,530.35,0.4,0.28,5,30.0,18.0,12.0,2.0,62.0,ACCUMULATE ⭐⭐⭐,Expected ~163% CAGR (2yr) | Revenue CAGR 22% | Profit CAGR 103% | ROCE 24% | ROCE trend rising ↑ | Low D/E 0.27,Pattern still forming (not broken out),3-4 years,Medium-High,"yfinance, screener.in",100,114,,2026-06-01,2026-06-01,0,,1,
ARVSMART,Arvind SmartSpaces Limited,Real Estate,Real Estate - Development,2725.0,Small-Cap,MonthlyDoubleBottom,Forming,1.0,42,Sep 42mo | Mid rally 291% | Asymmetry 2%,MonthlyDoubleBottom+MonthlyStage2,Sideways-Above-MA,True,False,Below-MAs,False,Stage2,3,Uptrend,Uptrend,589.5,228.17,57.67,501.07,1156.35,1394.73,2755.59,1785.05,136.6,53.8,28.33,16.74,4.02,0.52,20.7,101.0,100.0,809.25,4,strong_buy,15.5,12.9,1.69,27.0,0.83,17.1,2.9,-20.9,30.12,30.5,-13.45,54.37,62.82,121.0,0.15,highly inconsistent earnings,0.65,,1.21,,-44.3,-1.63,53.83,4.0,,0.67,-0.16,8.6,-7.22,757.0,486.8,22.1,21.1,-4.13,52.43,0.18,0.23,4,30.0,21.5,9.0,1.0,61.5,ACCUMULATE ⭐⭐⭐,Expected ~54% CAGR (2yr) | Revenue CAGR 30% | Profit CAGR 54% | ROCE trend rising ↑ | Promoter 54% holding | Promoters buying ↑,Pattern still forming (not broken out),3-4 years,Medium-High,"yfinance, screener.in",100,130,,2026-06-01,2026-06-01,0,,1,
BEL,Bharat Electronics Limited,Industrials,Aerospace & Defense,300249.0,Large-Cap,MonthlyDoubleBottom,Forming,1.0,41,Sep 41mo | Mid rally 112% | Asymmetry 5%,,Downtrend,False,False,Below-MAs,False,Stage2,4,Uptrend,Uptrend,422.95,55.0,25.4,359.51,389.58,492.04,624.6,493.28,16.3,7.9,49.49,36.15,12.52,1.86,36.25,106.0,2.7,490.18,28,buy,27.6,36.5,2.46,29.0,1.51,21.96,10.97,16.16,15.9,14.37,13.88,26.62,23.62,4.6,0.75,consistent growth,0.0,,1.98,,-390.91,-0.13,51.14,0.0,,19.51,1.0,20.0,-0.47,473.45,361.2,10.7,17.1,8.45,222.37,0.35,0.3,6,39.0,16.5,3.0,3.0,61.5,ACCUMULATE ⭐⭐⭐,Expected ~8% CAGR (2yr) | Revenue CAGR 16% | Profit CAGR 27% | ROE 28% | ROCE 36% | ROCE trend rising ↑,Earnings due 2026-08-03 | Pattern still forming (not broken out),3-4 years,Medium-High,"yfinance, screener.in",100,287,2026-08-03,2026-06-01,2026-06-01,0,,1,
CAPACITE,Capacit'e Infraprojects Limited,Industrials,Engineering & Construction,1916.0,Small-Cap,MonthlyDoubleBottom,Forming,1.0,29,Sep 29mo | Mid rally 153% | Asymmetry 4%,,Downtrend,False,False,Below-MAs,False,Stage2,4,Uptrend,Uptrend,225.1,465.0,180.0,191.33,1026.55,916.47,1646.61,1300.12,307.1,101.8,10.0,6.72,1.05,0.38,4.92,0.0,0.0,341.0,3,strong_buy,10.6,15.6,2.09,16.0,0.06,7.25,5.88,11.62,13.39,24.41,-5.39,26.65,149.41,-11.1,0.15,highly inconsistent earnings,0.25,,1.65,,268.13,14.0,31.69,0.0,,14.96,0.87,7.82,-0.72,357.65,180.0,37.1,25.1,-25.12,-14.23,0.32,,7,28.0,16.5,17.0,0.0,61.5,ACCUMULATE ⭐⭐⭐,Expected ~102% CAGR (2yr) | Profit CAGR 27% | ROCE trend rising ↑ | Low D/E 0.25 | FCF yield 14.0% | Piotroski F=7 (high quality compounder),Pattern still forming (not broken out),3-4 years,Medium-High,"yfinance, screener.in",100,105,,2026-06-01,2026-06-01,0,,1,
NDRAUTO,NDR Auto Components Limited,Consumer Cyclical,Auto Parts,1909.0,Small-Cap,MonthlyStage2,Stage Change,1.0,24,10-EMA=790 | 30-EMA=689 | Above by 17.0% | MA turning=Yes,MonthlyCupHandle+MonthlyDoubleBottom+MonthlyStage2,Sideways,False,False,Below-MAs,True,Stage2,3,Uptrend,Uptrend,806.1,689.23,421.07,685.18,1713.38,2233.21,2910.77,2233.21,177.0,66.4,30.77,,5.32,1.01,21.42,50.0,63.86,,0,none,18.9,22.2,3.46,11.0,1.09,7.53,8.29,15.43,27.94,48.49,16.98,30.34,47.11,12.6,0.4,lumpy earner,0.17,,1.22,,-26.8,-1.4,73.13,0.0,,0.08,0.03,0.0,0.0,1220.0,605.05,33.9,33.2,-22.54,275.6,0.69,0.79,5,35.0,19.5,7.0,0.0,61.5,ACCUMULATE ⭐⭐⭐,Expected ~66% CAGR (2yr) | Revenue CAGR 28% | Profit CAGR 30% | ROCE 22% | ROCE trend rising ↑ | Low D/E 0.17,None identified,3-4 years,Medium-High,"yfinance, screener.in",100,71,,2026-06-01,2026-06-01,0,,1,
BLSE,BLS E-SERVICES LIMITED,Industrials,Specialty Business Services,2012.0,Small-Cap,MonthlyDoubleBottom,Forming,0.774,11,Sep 11mo | Mid rally 82% | Asymmetry 5%,,Uptrend,True,False,Constructive,True,Stage2,4,Uptrend,Uptrend,201.12,231.7,124.3,170.95,312.0,471.43,712.33,471.43,134.4,53.1,35.06,,3.87,0.69,22.51,68.0,-50.0,,0,none,11.4,17.0,-5.7,7.0,0.43,5.14,5.98,115.41,66.32,77.2,16.95,51.1,87.22,11.7,0.15,highly inconsistent earnings,0.01,,2.85,,39.32,1.95,69.81,0.92,,0.46,-0.53,0.01,-0.1,232.5,124.3,13.5,61.8,8.18,,0.31,0.04,6,29.0,21.29,6.0,5.0,61.3,ACCUMULATE ⭐⭐⭐,Expected ~53% CAGR (2yr) | Revenue CAGR 66% | Profit CAGR 51% | Nearly debt-free | Promoter 70% holding | Piotroski F=6 (above average quality),Pattern still forming (not broken out),3-4 years,Medium-High,"yfinance, screener.in",100,28,,2026-06-01,2026-06-01,0,,1,
COFORGE,Coforge Limited,Technology,Information Technology Services,61137.0,Large-Cap,MonthlyDoubleBottom,Forming,0.964,29,Sep 29mo | Mid rally 105% | Asymmetry 9%,MonthlyDoubleBottom+MonthlyStage2,Sideways,False,True,Below-MAs,True,Downtrend,0,Uptrend,Uptrend,1412.0,1984.96,924.97,1200.2,1940.48,3044.95,3422.19,2576.95,115.6,46.8,32.47,20.71,5.01,0.99,15.6,113.0,-35.92,1644.85,34,buy,20.6,23.5,-1.23,18.0,-0.11,9.48,10.8,36.11,26.96,28.6,86.43,32.8,30.22,134.4,0.15,highly inconsistent earnings,0.07,,1.61,,1715.94,2.81,,,,23.32,-7.34,44.42,-11.76,1994.0,1008.1,29.2,40.1,-18.68,31.66,1.59,0.16,5,32.0,18.07,11.0,0.0,61.1,ACCUMULATE ⭐⭐⭐,Expected ~47% CAGR (2yr) | Revenue CAGR 27% | Profit CAGR 33% | ROE 21% | ROCE 24% | Nearly debt-free,Earnings due 2026-07-23 | Pattern still forming (not broken out),3-4 years,Medium-High,"yfinance, screener.in",90,262,2026-07-23,2026-06-01,2026-06-01,0,,1,
ACE,Action Construction Equipment Limited,Industrials,Farm & Heavy Construction Machinery,10533.0,Mid-Cap,MonthlyDoubleBottom,Breakout Ready,0.497,9,Sep 9mo | Mid rally 59% | Asymmetry 9%,,Sideways,False,False,Below-MAs,True,Stage2,4,Uptrend,Uptrend,881.95,289.73,173.79,749.66,1674.8,2242.05,3001.44,2242.05,154.2,59.4,25.38,19.49,5.24,0.75,19.65,23.0,49.38,1247.0,2,strong_buy,22.9,31.7,3.66,15.0,1.34,12.65,9.83,-1.41,14.94,21.73,1.47,33.87,38.99,-6.5,0.4,lumpy earner,0.0,,1.33,,272.88,2.59,65.42,0.0,,9.58,-0.82,1.84,0.08,1277.0,745.1,30.9,18.4,-20.03,57.77,1.25,0.38,6,38.0,14.96,8.0,0.0,61.0,ACCUMULATE ⭐⭐⭐,Expected ~59% CAGR (2yr) | Profit CAGR 34% | ROE 23% | ROCE 32% | ROCE trend rising ↑ | Nearly debt-free,None identified,3-4 years,Medium-High,"yfinance, screener.in",100,237,,2026-06-01,2026-06-01,0,,1,
BHARTIARTL,Bharti Airtel Limited,Communication Services,Telecom Services,1114130.0,Large-Cap,MonthlyDoubleBottom,Forming,1.0,19,Sep 19mo | Mid rally 110% | Asymmetry 5%,,Downtrend,False,False,Below-MAs,False,Downtrend,0,Uptrend,Uptrend,1913.5,429.14,200.07,1626.47,1954.8,2561.37,3839.63,2739.66,33.9,15.7,41.16,21.92,7.17,1.03,10.59,87.0,74.72,2293.94,32,buy,21.9,18.5,1.77,57.0,1.74,12.65,7.85,21.96,14.88,15.96,-9.76,40.15,82.12,-33.5,0.15,highly inconsistent earnings,1.0,,0.52,,60950.84,5.47,48.87,0.0,,27.79,-0.96,20.53,0.99,2174.5,1740.5,12.0,9.9,3.46,98.73,0.88,0.04,6,34.0,15.0,10.0,2.0,61.0,ACCUMULATE ⭐⭐⭐,Expected ~16% CAGR (2yr) | Profit CAGR 40% | ROE 22% | ROCE trend rising ↑ | OPM 57% | FCF yield 5.5%,Earnings due 2026-08-05 | Pattern still forming (not broken out),3-4 years,Medium-High,"yfinance, screener.in",100,287,2026-08-05,2026-06-01,2026-06-01,0,,1,
ESABINDIA,ESAB India Limited,Industrials,Tools & Accessories,10022.0,Mid-Cap,MonthlyStage2,Breaking Out,1.0,24,10-EMA=5671 | 30-EMA=5194 | Above by 26.4% | MA turning=Yes,MonthlyDoubleBottom+MonthlyStage2,Uptrend,True,False,Tight-Above-MAs,True,Stage2,4,Uptrend,Uptrend,6563.5,5194.24,4424.98,5578.97,3380.29,5963.5,3380.29,3380.29,,,48.54,,24.05,,35.91,180.0,-32.14,,0,none,59.3,90.8,-17.0,24.0,1.5,13.65,24.04,18.95,,,25.58,,,-8.2,0.4,lumpy earner,0.01,,2.15,,92.6,0.92,73.72,0.0,,1.56,0.05,12.88,-0.05,7319.5,4710.0,10.3,39.4,36.94,49.57,1.75,,5,24.0,30.0,-1.0,8.0,61.0,ACCUMULATE ⭐⭐⭐,Declining profits (-8% CAGR) ⚠️ | ROE 59% | ROCE 91% | Nearly debt-free | Promoter 74% holding | Piotroski F=5 (above average quality),None identified,3-4 years,Medium-High,"yfinance, screener.in",80,287,,2026-06-01,2026-06-01,0,,1,
NGLFINE,NGL Fine-Chem Limited,Healthcare,Drug Manufacturers - General,1721.0,Small-Cap,MonthlyStage2,Breaking Out,1.0,24,10-EMA=1877 | 30-EMA=1746 | Above by 30.4% | MA turning=Yes,MonthlyDoubleBottom+MonthlyStage2,Uptrend,True,False,Uptrend,True,Stage2,4,Uptrend,Uptrend,2276.7,1746.05,1057.08,1935.19,4433.43,5935.92,7947.61,5935.92,160.7,61.5,35.72,,5.73,1.05,24.55,6.0,0.0,,0,none,15.7,17.0,-7.2,15.0,-3.23,9.61,6.78,36.14,21.69,14.19,128.57,33.89,-3.38,1536.6,0.15,highly inconsistent earnings,0.33,,1.84,,-71.4,-4.15,72.73,-0.01,,0.03,0.03,0.0,0.0,3005.0,980.0,24.2,132.3,114.41,-1.51,2.39,0.55,4,21.0,28.0,4.0,8.0,61.0,ACCUMULATE ⭐⭐⭐,Expected ~62% CAGR (2yr) | Revenue CAGR 22% | Profit CAGR 34% | Promoter 73% holding | Margin compressing ↓ ⚠️ | PEG 1.05 — fair value,Margin compression ↓,3-4 years,Medium-High,"yfinance, screener.in",100,47,,2026-06-01,2026-06-01,0,,1,
SRM,SRM CONTRACTORS LIMITED,Industrials,Engineering & Construction,1184.0,Small-Cap,None,,0.0,0,,,Sideways-Above-MA,True,True,Constructive,True,Stage2,4,Uptrend,Uptrend,485.85,,,412.97,2151.32,3874.52,6978.02,3874.52,697.5,182.4,14.64,,3.96,0.18,6.99,0.0,,,0,none,34.3,37.1,-0.2,16.0,1.17,10.82,13.52,94.32,50.66,45.01,101.82,80.1,69.22,126.5,0.4,lumpy earner,0.33,,1.59,,-70.78,-5.98,72.59,0.0,,0.43,0.38,1.11,-0.15,649.95,361.35,25.2,34.5,5.0,,,0.58,5,38.0,9.0,12.0,2.0,61.0,ACCUMULATE ⭐⭐⭐,Expected ~182% CAGR (2yr) | Revenue CAGR 51% | Profit CAGR 80% | ROE 34% | ROCE 37% | Promoter 73% holding,None identified,3-4 years,Medium-High,"yfinance, screener.in",100,26,,2026-06-01,2026-06-01,0,,1,
SENCO,Senco Gold Limited,Consumer Cyclical,Luxury Goods,5672.0,Small-Cap,MonthlyDoubleBottom,Forming,0.325,8,Sep 8mo | Mid rally 41% | Asymmetry 8%,,Sideways-Above-MA,True,False,Constructive,True,Stage2,3,Uptrend,Uptrend,335.05,403.94,276.0,284.79,3130.6,3074.01,7398.53,4812.68,817.5,202.9,9.87,14.0,2.69,0.18,8.1,51.0,14.47,466.0,6,buy,25.6,20.9,-0.29,11.0,0.37,6.81,9.39,33.22,27.4,25.95,261.01,53.73,56.57,151.3,0.15,highly inconsistent earnings,1.07,,1.54,,-224.74,-3.96,64.49,0.02,,7.6,-0.61,12.61,0.53,404.85,276.0,17.2,21.4,5.53,,1.0,0.44,4,30.0,12.9,15.0,3.0,60.9,ACCUMULATE ⭐⭐⭐,Expected ~203% CAGR (2yr) | Revenue CAGR 27% | Profit CAGR 54% | ROE 26% | ROCE 21% | Promoter 64% holding,High D/E 1.1 | Pattern still forming (not broken out),3-4 years,Medium-High,"yfinance, screener.in",100,35,,2026-06-01,2026-06-01,0,,1,
CARERATING,CARE Ratings Limited,Financial Services,Financial Data & Stock Exchanges,4863.0,Small-Cap,MonthlyDoubleBottom,Forming,0.925,14,Sep 14mo | Mid rally 93% | Asymmetry 1%,,Sideways-Above-MA,True,False,Constructive,False,Stage2,12,Uptrend,Uptrend,1756.1,708.57,364.76,1492.68,1690.52,2146.45,2725.35,2146.45,22.2,10.6,28.49,20.69,5.22,1.06,21.68,136.0,23.86,2130.0,1,strong_buy,19.7,26.3,1.54,42.0,0.97,36.18,11.09,17.66,19.24,13.78,24.29,26.97,13.84,24.0,0.15,highly inconsistent earnings,0.03,,5.75,,134.75,2.77,,,,23.25,0.25,31.38,0.08,1964.0,1392.7,10.6,26.1,6.78,141.27,0.88,0.39,7,35.0,20.6,3.0,2.0,60.6,ACCUMULATE ⭐⭐⭐,Expected ~11% CAGR (2yr) | Revenue CAGR 19% | Profit CAGR 27% | ROCE 26% | ROCE trend rising ↑ | Nearly debt-free,Pattern still forming (not broken out),3-4 years,Medium-High,"yfinance, screener.in",90,162,,2026-06-01,2026-06-01,0,,1,
AGI,AGI Greenpac Limited,Consumer Cyclical,Packaging & Containers,3817.0,Small-Cap,MonthlyDoubleBottom,Forming,1.0,34,Sep 34mo | Mid rally 177% | Asymmetry 3%,,Sideways,False,False,Below-MAs,True,Stage2,3,Uptrend,Uptrend,577.8,127.95,45.52,491.13,5369.42,9030.3,15187.15,9030.3,1462.9,295.3,10.86,9.25,1.59,0.16,6.54,119.0,11.87,,0,none,15.8,19.6,1.14,22.0,1.71,13.19,7.51,5.38,5.76,6.13,9.32,68.18,26.66,19.4,0.15,highly inconsistent earnings,0.1,,1.51,,12.41,0.33,60.39,0.16,,6.78,-0.46,2.03,-0.21,1009.0,465.0,42.7,24.3,-21.74,-20.92,0.52,-0.06,6,29.0,19.5,12.0,0.0,60.5,ACCUMULATE ⭐⭐⭐,Expected ~295% CAGR (2yr) | Profit CAGR 68% | ROCE trend rising ↑ | Low D/E 0.10 | Promoter 60% holding | Piotroski F=6 (above average quality),Pattern still forming (not broken out),3-4 years,Medium-High,"yfinance, screener.in",100,287,,2026-06-01,2026-06-01,0,,1,
CGPOWER,CG Power and Industrial Solutions Limited,Industrials,Electrical Equipment & Parts,144494.0,Large-Cap,MonthlyStage2,Stage Change,1.0,24,10-EMA=718 | 30-EMA=629 | Above by 30.4% | MA turning=Yes,MonthlyCupHandle+MonthlyDoubleBottom+MonthlyStage2,Uptrend,True,True,Uptrend,True,Stage2,4,Uptrend,Uptrend,819.4,628.57,570.2,696.49,213.28,686.94,246.83,229.44,,,118.99,66.91,18.13,15.7,88.26,14.0,-4.66,848.18,17,buy,20.8,27.0,1.89,13.0,1.37,9.71,8.9,25.32,21.21,33.18,23.23,7.58,-1.3,34.4,0.15,highly inconsistent earnings,0.01,,1.91,,-1576.18,-1.09,56.36,0.0,,12.03,0.01,18.01,0.49,944.1,525.5,13.2,55.9,27.83,94.95,0.86,0.41,6,26.0,26.5,0.0,8.0,60.5,ACCUMULATE ⭐⭐⭐,Revenue CAGR 21% | ROE 21% | ROCE 27% | ROCE trend rising ↑ | Nearly debt-free | Promoter 56% holding,High PE 119 | Earnings due 2026-07-23,3-4 years,Medium-High,"yfinance, screener.in",100,287,2026-07-23,2026-06-01,2026-06-01,0,,1,
MOLDTKPAC,Mold-Tek Packaging Limited,Consumer Cyclical,Packaging & Containers,2335.0,Small-Cap,MonthlyDoubleBottom,Forming,1.0,44,Sep 44mo | Mid rally 161% | Asymmetry 6%,MonthlyDoubleBottom+MonthlyStage2,Sideways-Above-MA,True,False,Constructive,True,Stage2,3,Uptrend,Uptrend,681.8,1088.22,406.02,579.53,1286.24,1770.42,2041.71,1620.53,159.7,61.1,32.05,20.48,3.38,1.23,14.74,57.0,-30.66,810.33,9,none,17.8,22.2,0.09,19.0,0.49,8.22,7.09,31.73,15.93,15.96,33.33,25.99,21.67,26.9,0.75,consistent growth,0.32,,1.49,,-63.1,-2.7,33.19,0.12,,9.69,-0.67,20.95,0.83,892.9,464.9,23.6,46.7,5.27,-54.6,3.4,0.43,5,26.0,22.5,10.0,2.0,60.5,ACCUMULATE ⭐⭐⭐,Expected ~61% CAGR (2yr) | Revenue CAGR 16% | Profit CAGR 26% | ROCE 22% | ROCE trend rising ↑ | EPS: consistent growth,Pattern still forming (not broken out),3-4 years,Medium-High,"yfinance, screener.in",100,136,,2026-06-01,2026-06-01,0,,1,
PREMEXPLN,Premier Explosives Limited,Basic Materials,Specialty Chemicals,3714.0,Small-Cap,MonthlyStage2,Stage Change,1.0,24,10-EMA=513 | 30-EMA=449 | Above by 16.8% | MA turning=Yes,MonthlyCupHandle+MonthlyDoubleBottom+MonthlyStage2,Sideways-Above-MA,True,False,Constructive,True,Stage2,1,Uptrend,Uptrend,524.75,449.18,333.32,446.04,246.27,565.04,864.03,461.28,7.7,3.8,86.21,,13.43,0.99,77.16,7.0,18.56,,0,none,20.2,24.0,4.6,10.0,1.37,11.52,,-6.95,24.31,20.61,58.62,87.31,33.13,-34.1,0.15,highly inconsistent earnings,0.1,,,,,,41.33,0.0,,1.18,0.27,9.17,-0.06,779.5,378.4,32.7,38.7,0.5,481.33,0.29,1.13,3,30.0,22.5,5.0,3.0,60.5,ACCUMULATE ⭐⭐⭐,Expected ~4% CAGR (2yr) | Revenue CAGR 24% | Profit CAGR 87% | ROE 20% | ROCE 24% | ROCE trend rising ↑,High PE 86,3-4 years,Medium-High,"yfinance, screener.in",80,120,,2026-06-01,2026-06-01,0,,1,
SHAKTIPUMP,Shakti Pumps (India) Limited,Industrials,Specialty Industrial Machinery,6475.0,Small-Cap,MonthlyDoubleBottom,Forming,1.0,40,Sep 40mo | Mid rally 662% | Asymmetry 0%,,Downtrend,False,False,Below-MAs,True,Stage2,4,Uptrend,Uptrend,502.6,125.85,16.51,427.21,1597.3,3525.25,7780.22,3525.25,601.4,164.8,25.0,16.35,3.98,0.21,14.91,19.0,44.23,640.0,1,buy,18.0,23.7,2.8,16.0,1.69,9.55,9.79,7.23,40.73,23.74,-36.76,120.7,27.69,-65.2,0.15,highly inconsistent earnings,0.3,,2.12,,-146.02,-2.25,50.36,0.02,,4.83,-0.51,4.97,-1.33,1049.0,456.35,52.1,10.1,-39.29,386.34,0.59,-0.06,6,33.0,16.5,11.0,0.0,60.5,ACCUMULATE ⭐⭐⭐,Expected ~165% CAGR (2yr) | Revenue CAGR 41% | Profit CAGR 121% | ROCE 24% | ROCE trend rising ↑ | Low D/E 0.30,Pattern still forming (not broken out),3-4 years,Medium-High,"yfinance, screener.in",100,176,,2026-06-01,2026-06-01,0,,1,
VIJAYA,Vijaya Diagnostic Centre Limited,Healthcare,Diagnostics & Research,13464.0,Mid-Cap,MonthlyStage2,Stage Change,1.0,24,10-EMA=1055 | 30-EMA=924 | Above by 40.7% | MA turning=Yes,,Uptrend,True,True,Tight-Above-MAs,True,Stage2,4,Uptrend,Uptrend,1300.1,924.15,746.56,1105.08,1020.07,1320.52,1638.28,1292.73,1.6,0.8,78.12,49.98,15.55,2.92,40.36,15.0,25.99,1362.2,10,none,19.7,21.3,-1.4,41.0,-0.77,21.25,11.02,19.53,21.04,16.64,20.14,26.73,15.27,38.4,0.15,highly inconsistent earnings,0.44,,2.6,,-1.45,-0.01,52.51,-0.09,,13.38,-1.72,29.93,1.33,1379.3,848.0,5.7,53.3,39.66,153.4,1.38,0.28,4,24.0,28.5,0.0,8.0,60.5,ACCUMULATE ⭐⭐⭐,Expected ~1% CAGR (2yr) | Revenue CAGR 21% | Profit CAGR 27% | ROCE 21% | Promoter 53% holding | OPM 41%,High PE 78 | Margin compression ↓,3-4 years,Medium-High,"yfinance, screener.in",100,57,,2026-06-01,2026-06-01,0,,1,
ASALCBR,Associated Alcohols & Breweries Limited,Consumer Defensive,Beverages - Wineries & Distilleries,1686.0,Small-Cap,MonthlyDoubleBottom,Forming,0.571,29,Sep 29mo | Mid rally 61% | Asymmetry 4%,,Sideways,False,False,Below-MAs,False,Stage2,15,Uptrend,Uptrend,803.1,647.81,396.25,682.63,8065.18,19741.94,48324.32,19741.94,2358.2,395.8,18.28,14.52,2.3,0.13,11.48,24.0,25.99,1070.0,1,strong_buy,14.6,18.0,4.3,14.0,1.74,8.68,9.41,-5.21,68.5,73.94,8.64,144.78,144.85,5.3,0.15,highly inconsistent earnings,0.1,,2.58,,-20.86,-1.24,62.35,1.13,,0.33,0.01,0.94,0.94,1277.0,660.65,37.1,21.6,-21.99,80.41,0.21,0.43,6,34.0,14.35,12.0,0.0,60.4,ACCUMULATE ⭐⭐⭐,Expected ~396% CAGR (2yr) | Revenue CAGR 68% | Profit CAGR 145% | ROCE trend rising ↑ | Nearly debt-free | Promoter 62% holding,Pattern still forming (not broken out),3-4 years,Medium-High,"yfinance, screener.in",100,76,,2026-06-01,2026-06-01,0,,1,
BORORENEW,Borosil Renewables Limited,Technology,Solar,7039.0,Small-Cap,MonthlyDoubleBottom,Forming,0.896,36,Sep 36mo | Mid rally 91% | Asymmetry 1%,MonthlyCupHandle+MonthlyDoubleBottom+MonthlyStage2,Sideways,False,False,Below-MAs,True,Downtrend,0,Uptrend,Uptrend,525.2,721.0,374.4,446.42,457.98,1067.6,864.1,629.08,103.3,42.6,52.93,,5.98,1.42,22.03,0.0,4.0,,0,none,26.1,25.3,0.91,28.0,0.8,-4.03,,5.42,20.42,19.71,245.98,37.36,34.36,,0.2,multiple loss years in history,0.23,,,,,,58.77,0.0,,4.27,0.26,2.33,-0.24,721.0,374.4,27.2,40.3,6.72,-19.28,1.01,0.07,3,38.0,17.25,4.0,1.0,60.2,ACCUMULATE ⭐⭐⭐,Expected ~43% CAGR (2yr) | Revenue CAGR 20% | Profit CAGR 37% | ROE 26% | ROCE 25% | ROCE trend rising ↑,High PE 53 | Pattern still forming (not broken out),3-4 years,Medium-High,"yfinance, screener.in",80,97,,2026-06-01,2026-06-01,0,,1,
TRENT,Trent Limited,Consumer Cyclical,Apparel Retail,150158.0,Large-Cap,MonthlyDoubleBottom,Forming,0.852,10,Sep 10mo | Mid rally 92% | Asymmetry 7%,,Sideways,False,False,Below-MAs,True,Stage2,3,Uptrend,Uptrend,4069.6,8337.78,4192.37,3982.75,4590.66,12483.19,12267.35,7504.34,206.7,75.1,86.95,56.49,21.5,1.37,54.92,14.0,43.28,4769.09,25,buy,27.9,27.8,6.26,18.0,2.31,8.57,13.71,17.15,34.54,50.58,12.19,63.47,74.62,25.8,0.15,highly inconsistent earnings,0.36,,1.26,,997.66,0.66,37.01,0.0,,15.59,-0.03,22.19,0.82,6261.0,3275.5,35.0,24.2,-27.05,107.96,0.38,0.38,6,39.0,16.22,5.0,0.0,60.2,ACCUMULATE ⭐⭐⭐,Expected ~75% CAGR (2yr) | Revenue CAGR 35% | Profit CAGR 63% | ROE 28% | ROCE 28% | ROCE trend rising ↑,High PE 87 | Earnings due 2026-04-22 | Pattern still forming (not broken out),3-4 years,Medium-High,"yfinance, screener.in",100,287,2026-04-22,2026-06-01,2026-06-01,0,,1,
3MINDIA,3M India Limited,Industrials,Conglomerates,36961.0,Large-Cap,MonthlyCupHandle,Forming,0.924,20,Cup 20mo | Depth 21% | Prior gain 23% | R²=0.97,MonthlyCupHandle+MonthlyDoubleBottom+MonthlyStage2,Sideways,False,False,Below-MAs,True,Stage2,4,Uptrend,Uptrend,31810.0,37436.67,29755.96,28268.16,21147.36,45117.38,36274.37,27696.7,41.8,19.1,70.92,43.55,21.0,2.29,37.01,49.0,-14.3,36726.0,1,buy,30.5,40.5,0.09,19.0,1.34,10.26,18.76,-0.07,7.86,6.98,4.8,30.97,13.67,203.1,0.15,highly inconsistent earnings,0.1,,2.18,,459.29,1.24,75.0,0.0,,3.52,0.02,8.34,-0.05,38030.0,28275.0,16.4,12.5,20.97,-0.75,0.22,0.3,6,37.0,18.09,-1.0,6.0,60.1,ACCUMULATE ⭐⭐⭐,Expected ~19% CAGR (2yr) | Profit CAGR 31% | ROE 30% | ROCE 40% | ROCE trend rising ↑ | Nearly debt-free,High PE 71 | Pattern still forming (not broken out),3-4 years,Medium-High,"yfinance, screener.in",100,287,,2026-06-01,2026-06-01,0,,1,
AMRUTANJAN,Amrutanjan Health Care Limited,Healthcare,Drug Manufacturers - Specialty & Generic,1615.0,Small-Cap,MonthlyDoubleBottom,Breakout Ready,1.0,15,Sep 15mo | Mid rally 127% | Asymmetry 8%,,Sideways,False,True,Below-MAs,True,Stage2,4,Uptrend,Uptrend,557.35,533.98,225.81,473.75,1256.59,1609.19,2060.73,1609.19,188.7,69.9,27.85,,4.36,0.99,21.13,100.0,-39.87,,0,none,20.0,31.4,3.43,18.0,0.97,11.53,8.3,12.03,10.55,11.87,40.0,28.06,16.0,6.7,0.15,highly inconsistent earnings,0.01,,2.31,,13.0,0.8,46.52,0.0,,2.17,-0.1,12.66,-0.34,790.95,486.0,29.5,14.7,-14.63,-46.05,1.52,0.41,7,31.0,21.0,8.0,0.0,60.0,ACCUMULATE ⭐⭐⭐,Expected ~70% CAGR (2yr) | Profit CAGR 28% | ROCE 31% | ROCE trend rising ↑ | Nearly debt-free | Piotroski F=7 (high quality compounder),None identified,3-4 years,Medium-High,"yfinance, screener.in",100,199,,2026-06-01,2026-06-01,0,,1,
COALINDIA,Coal India Limited,Energy,Thermal Coal,282191.0,Large-Cap,MonthlyCupHandle,Forming,0.83,21,Cup 21mo | Depth 23% | Prior gain 85% | R²=0.92,MonthlyCupHandle+MonthlyDoubleBottom,Uptrend,True,False,Tight-Above-MAs,True,Stage2,1,Uptrend,Uptrend,456.95,484.75,371.22,388.41,906.4,725.44,906.4,906.4,58.8,26.0,9.07,8.01,2.37,,5.85,480.0,-39.22,454.0,26,hold,28.5,35.3,-2.49,24.0,1.31,18.46,7.12,17.46,6.8,13.34,-11.99,-0.69,19.59,12.9,0.15,highly inconsistent earnings,0.12,,1.86,,7237.59,2.56,63.13,0.0,,8.38,0.16,22.76,0.23,491.25,368.65,7.0,24.0,32.22,119.11,0.76,0.0,5,22.0,25.96,4.0,8.0,60.0,ACCUMULATE ⭐⭐⭐,Expected ~26% CAGR (2yr) | Declining profits (-1% CAGR) ⚠️ | ROE 28% | ROCE 35% | Low D/E 0.12 | Promoter 63% holding,Earnings due 2026-04-27 | Pattern still forming (not broken out),3-4 years,Medium-High,"yfinance, screener.in",100,187,2026-04-27,2026-06-01,2026-06-01,0,,1,
LLOYDSENGG,Lloyds Engineering Works Limited,Industrials,Specialty Industrial Machinery,10491.0,Mid-Cap,MonthlyStage2,Breaking Out,1.0,24,10-EMA=56 | 30-EMA=58 | Above by 18.6% | MA turning=Yes,MonthlyDoubleBottom+MonthlyStage2,Sideways-Above-MA,True,True,Constructive,True,Stage2,4,Uptrend,Uptrend,68.44,57.7,37.73,58.17,105.98,225.21,478.56,225.21,229.1,81.4,49.4,,6.07,0.44,52.12,34.0,41.35,,0,none,16.4,17.1,,15.0,-1.0,14.59,6.21,53.78,,,88.57,,,156.5,0.5,insufficient history,0.07,,2.77,,-383.29,-3.65,41.92,0.0,,2.11,0.14,0.18,0.0,84.27,37.4,18.8,83.0,4.19,,1.72,1.13,3,26.0,24.0,7.0,3.0,60.0,ACCUMULATE ⭐⭐⭐,Expected ~81% CAGR (2yr) | Revenue CAGR 113% | Profit CAGR 112% | Nearly debt-free | Margin compressing ↓ ⚠️ | Dividend growing 41%/yr,Margin compression ↓,3-4 years,Medium-High,"yfinance, screener.in",80,32,,2026-06-01,2026-06-01,0,,1,
PIGL,Power & Instrumental (Gujarat) Limited,Industrials,Engineering & Construction,229.0,Micro-Cap,MonthlyDoubleBottom,Forming,1.0,18,Sep 18mo | Mid rally 153% | Asymmetry 4%,,Downtrend,False,False,Below-MAs,False,Stage2,4,Uptrend,Uptrend,103.97,92.78,35.99,88.37,351.57,533.79,810.46,533.79,413.4,126.6,16.16,,1.55,0.31,11.35,18.0,0.0,,0,none,14.5,19.8,4.0,10.0,0.8,6.25,,27.22,31.76,,16.67,51.83,,6.4,0.4,lumpy earner,0.21,,,,,,50.7,4.41,,0.01,0.01,0.75,0.75,189.7,93.0,45.2,11.8,-16.95,127.46,0.61,0.55,3,32.0,16.0,12.0,0.0,60.0,ACCUMULATE ⭐⭐⭐,Expected ~127% CAGR (2yr) | Revenue CAGR 32% | Profit CAGR 52% | ROCE trend rising ↑ | Low D/E 0.21 | Promoter 51% holding,Pattern still forming (not broken out),3-4 years,Medium-High,"yfinance, screener.in",80,97,,2026-06-01,2026-06-01,0,,1,
RAMCOSYS,Ramco Systems Limited,Technology,Software - Application,1710.0,Small-Cap,MonthlyDoubleBottom,Forming,1.0,22,Sep 22mo | Mid rally 109% | Asymmetry 9%,,Sideways,False,False,Below-MAs,True,Downtrend,0,Uptrend,Uptrend,394.35,572.4,262.65,335.2,438.92,882.15,802.18,593.37,123.7,49.6,40.81,20.78,5.24,1.16,12.16,0.0,,600.0,1,strong_buy,18.0,19.3,0.49,23.0,0.34,5.97,5.13,18.61,12.53,2.29,223.53,35.19,30.73,371.8,0.2,multiple loss years in history,0.12,,1.02,,56.51,3.3,55.69,2.66,,10.02,0.07,2.03,-3.75,682.35,342.1,42.2,15.3,4.04,31.41,0.23,0.64,6,33.0,18.0,8.0,1.0,60.0,ACCUMULATE ⭐⭐⭐,Expected ~50% CAGR (2yr) | Profit CAGR 35% | ROCE trend rising ↑ | Low D/E 0.12 | Promoter 56% holding | Promoters buying ↑,Pattern still forming (not broken out),3-4 years,Medium-High,"yfinance, screener.in",100,286,,2026-06-01,2026-06-01,0,,1,
WHEELS,Wheels India Limited,Consumer Cyclical,Auto Parts,3850.0,Small-Cap,MonthlyDoubleBottom,Breakout Ready,1.0,33,Sep 33mo | Mid rally 148% | Asymmetry 5%,,Uptrend,True,True,Tight-Above-MAs,True,Stage2,3,Uptrend,Uptrend,1564.2,1236.83,487.61,1329.57,5319.45,7754.69,11304.78,7754.69,395.8,122.7,24.82,42.27,3.7,0.54,,92.0,-8.73,,0,none,15.8,18.8,2.6,8.0,0.37,3.19,,15.2,5.61,17.76,41.07,45.78,27.44,-9.8,0.15,highly inconsistent earnings,,,,,,,58.31,0.0,,1.15,-0.03,9.64,-0.17,1744.0,705.85,10.3,121.6,102.58,76.02,3.16,,2,16.0,30.0,6.0,8.0,60.0,ACCUMULATE ⭐⭐⭐,Expected ~123% CAGR (2yr) | Profit CAGR 46% | ROCE trend rising ↑ | Promoter 58% holding | PEG 0.54 — undervalued | MonthlyDoubleBottom — Breakout Ready,None identified,3-4 years,Medium-High,"yfinance, screener.in",70,287,,2026-06-01,2026-06-01,0,,1,
ALEMBICLTD,Alembic Limited,Real Estate,Real Estate - Development,2250.0,Small-Cap,MonthlyDoubleBottom,Forming,1.0,33,Sep 33mo | Mid rally 6454% | Asymmetry 1%,,Sideways,False,False,Below-MAs,False,Stage2,3,Uptrend,Uptrend,89.84,168.13,2.55,76.36,513.05,607.46,719.23,607.46,576.2,160.0,7.09,1.76,0.89,0.39,23.93,274.0,10.06,725.0,1,hold,13.3,6.28,1.0,38.0,5.46,132.25,1.92,8.11,23.63,26.53,1.93,18.4,-1.56,-1.9,0.15,highly inconsistent earnings,0.0,,1.95,,22.95,1.02,70.88,0.0,,1.25,-0.04,0.05,0.0,125.54,70.46,28.4,27.5,-17.22,9.84,0.33,0.7,7,30.0,19.5,10.0,0.0,59.5,WATCH ⭐⭐,Expected ~160% CAGR (2yr) | Revenue CAGR 24% | ROCE trend rising ↑ | Nearly debt-free | Promoter 71% holding | OPM 38%,Pattern still forming (not broken out),3-4 years,Medium-High,"yfinance, screener.in",100,287,,2026-06-01,2026-06-01,0,,1,
BFUTILITIE,BF Utilities Limited,Industrials,Infrastructure Operations,2142.0,Small-Cap,MonthlyDoubleBottom,Forming,1.0,26,Sep 26mo | Mid rally 210% | Asymmetry 7%,,Sideways,False,True,Below-MAs,True,Stage2,4,Uptrend,Uptrend,524.7,2000.76,622.0,590.9,2143.12,3379.52,5066.13,3295.05,544.1,153.8,13.55,,10.63,0.25,,0.0,,,0,none,113.0,29.9,3.89,74.0,2.66,18.44,,-13.62,17.73,9.36,11.18,53.75,36.24,,0.15,highly inconsistent earnings,,,,,,,56.73,0.0,,1.57,0.0,0.05,-0.05,898.7,368.7,41.6,42.3,-26.1,20.59,0.19,0.38,3,31.0,19.5,9.0,0.0,59.5,WATCH ⭐⭐,Expected ~154% CAGR (2yr) | Revenue CAGR 18% | Profit CAGR 54% | ROE 113% | ROCE 30% | ROCE trend rising ↑,Pattern still forming (not broken out),3-4 years,Medium-High,"yfinance, screener.in",70,229,,2026-06-01,2026-06-01,0,,1,
IEX,Indian Energy Exchange Limited,Financial Services,Capital Markets,11411.0,Mid-Cap,MonthlyDoubleBottom,Forming,1.0,33,Sep 33mo | Mid rally 112% | Asymmetry 4%,MonthlyCupHandle+MonthlyDoubleBottom,Sideways,False,False,Below-MAs,True,Stage2,12,Uptrend,Uptrend,125.48,233.91,108.28,106.66,137.19,359.54,188.54,160.83,186.5,69.3,23.16,20.3,8.42,1.34,14.88,312.0,51.83,141.18,11,none,39.4,51.4,-1.26,84.0,0.71,65.99,16.95,14.71,15.38,14.14,14.92,17.23,19.18,10.8,0.15,highly inconsistent earnings,0.01,,2.0,,799.84,7.01,,,,14.16,2.74,30.26,-4.69,215.4,114.6,41.7,9.5,-25.76,-17.32,0.29,0.31,5,35.0,19.5,5.0,0.0,59.5,WATCH ⭐⭐,Expected ~69% CAGR (2yr) | Revenue CAGR 15% | ROE 39% | ROCE 51% | Nearly debt-free | OPM 84%,Earnings due 2026-04-23 | Pattern still forming (not broken out),3-4 years,Medium-High,"yfinance, screener.in",90,104,2026-04-23,2026-06-01,2026-06-01,0,,1,
MGEL,Mangalam Global Enterprise Limited,Consumer Defensive,Farm Products,494.0,Micro-Cap,MonthlyCupHandle,Forming,0.832,42,Cup 42mo | Depth 54% | Prior gain 28% | R²=0.96,,Sideways,False,False,Below-MAs,True,Stage2,15,Uptrend,Uptrend,12.75,19.37,8.82,10.84,106.81,161.57,244.41,161.57,1167.2,256.0,10.95,,2.19,0.21,11.21,7.0,-53.38,,0,none,16.2,16.8,2.09,2.0,0.23,1.34,5.38,48.36,33.45,28.66,95.65,51.27,55.18,140.7,0.15,highly inconsistent earnings,0.87,,1.37,,0.88,0.18,72.39,0.92,,0.18,0.01,0.0,0.0,18.4,9.53,30.7,33.8,-6.12,7.38,0.15,0.07,6,29.0,17.48,12.0,1.0,59.5,WATCH ⭐⭐,Expected ~256% CAGR (2yr) | Revenue CAGR 33% | Profit CAGR 51% | ROCE trend rising ↑ | Promoter 72% holding | Piotroski F=6 (above average quality),Pattern still forming (not broken out),3-4 years,Medium-High,"yfinance, screener.in",100,78,,2026-06-01,2026-06-01,0,,1,
NESTLEIND,Nestlé India Limited,Consumer Defensive,Packaged Foods,274110.0,Large-Cap,MonthlyStage2,Stage Change,1.0,24,10-EMA=1299 | 30-EMA=1204 | Above by 18.9% | MA turning=Yes,MonthlyDoubleBottom+MonthlyStage2,Uptrend,True,True,Tight-Above-MAs,True,Stage2,15,Uptrend,Uptrend,1431.4,1203.53,1067.84,1216.69,726.08,1339.22,804.62,764.34,,,78.1,60.01,53.15,14.82,51.49,84.0,-16.68,1472.92,36,none,74.3,85.4,-11.0,23.0,-0.0,15.11,22.69,14.62,6.58,,9.07,5.27,,27.2,0.15,highly inconsistent earnings,0.09,,0.96,,3850.97,1.4,62.76,0.0,,9.74,-0.07,12.4,0.3,1498.1,1084.7,4.5,32.0,24.68,5.63,0.77,0.49,3,25.0,28.5,0.0,6.0,59.5,WATCH ⭐⭐,ROE 74% | ROCE 85% | Nearly debt-free | Promoter 63% holding | MonthlyStage2 forming (24mo base) | Weekly uptrend,High PE 78 | Earnings due 2026-04-21,3-4 years,Medium-High,"yfinance, screener.in",100,286,2026-04-21,2026-06-01,2026-06-01,0,,1,
ONWARDTEC,Onward Technologies Limited,Technology,Information Technology Services,595.0,Small-Cap,MonthlyDoubleBottom,Forming,1.0,31,Sep 31mo | Mid rally 245% | Asymmetry 6%,,Sideways,False,False,Below-MAs,True,Downtrend,0,Uptrend,Uptrend,258.17,720.06,202.91,219.44,1014.8,1610.89,2557.12,1610.89,524.0,149.8,13.57,,2.34,0.23,7.28,189.0,18.56,,0,none,19.5,23.0,1.31,13.0,1.17,8.15,10.24,10.79,7.25,17.78,62.96,58.74,44.43,-8.3,0.15,highly inconsistent earnings,0.16,,3.66,,20.84,3.5,39.07,-0.02,,9.83,0.44,3.54,0.64,385.0,208.25,32.9,24.0,-16.99,-70.8,2.13,0.78,6,29.0,18.5,12.0,0.0,59.5,WATCH ⭐⭐,Expected ~150% CAGR (2yr) | Profit CAGR 59% | ROCE 23% | ROCE trend rising ↑ | Low D/E 0.16 | FCF yield 3.5%,Pattern still forming (not broken out),3-4 years,Medium-High,"yfinance, screener.in",100,287,,2026-06-01,2026-06-01,0,,1,
MEDPLUS,MedPlus Health Services Limited,Healthcare,Pharmaceutical Retailers,10750.0,Mid-Cap,MonthlyStage2,Stage Change,0.993,24,10-EMA=848 | 30-EMA=813 | Above by 14.9% | MA turning=Yes,MonthlyDoubleBottom+MonthlyStage2,Uptrend,True,False,Uptrend,True,Stage2,4,Uptrend,Uptrend,934.65,813.47,666.85,794.45,1640.07,2077.65,4403.6,2687.42,122.3,49.1,49.03,35.05,5.44,0.77,28.64,0.0,,1163.0,7,strong_buy,11.8,12.6,0.06,9.0,0.37,3.19,5.56,12.32,14.78,17.56,46.67,63.86,28.42,24.6,0.15,highly inconsistent earnings,0.72,,3.0,,271.58,2.53,40.22,-0.07,,15.53,-1.3,27.82,1.24,1022.2,732.0,8.6,27.7,10.78,-2.47,0.38,0.43,7,21.0,26.42,8.0,4.0,59.4,WATCH ⭐⭐,Expected ~49% CAGR (2yr) | Profit CAGR 64% | ROCE trend rising ↑ | Piotroski F=7 (high quality compounder) | DII buying +1.2% ↑ | PEG 0.77 — undervalued,None identified,3-4 years,Medium-High,"yfinance, screener.in",100,54,,2026-06-01,2026-06-01,0,,1,
HDFCAMC,HDFC Asset Management Company Limited,Financial Services,Asset Management,114635.0,Large-Cap,MonthlyDoubleBottom,Forming,0.521,6,Sep 6mo | Mid rally 59% | Asymmetry 7%,,Sideways-Above-MA,True,False,Below-MAs,True,Stage2,12,Uptrend,Uptrend,2653.6,1448.93,882.86,2255.56,1800.71,2580.35,2866.53,2271.96,,,40.16,30.47,12.41,1.53,30.16,202.0,28.92,3042.93,28,strong_buy,32.9,42.9,2.5,80.0,0.9,61.83,24.83,1.75,18.49,,16.18,26.17,,-2.5,0.75,consistent growth,,,1.69,,2392.47,2.09,52.37,-0.01,,24.45,0.46,14.42,-0.48,2967.25,2205.6,10.6,20.3,11.58,122.54,0.47,0.6,7,39.0,14.25,2.0,4.0,59.2,WATCH ⭐⭐,Revenue CAGR 18% | Profit CAGR 26% | ROE 33% | ROCE 43% | ROCE trend rising ↑ | Promoter 52% holding,Earnings due 2026-07-16 | Pattern still forming (not broken out),3-4 years,Medium-High,"yfinance, screener.in",90,94,2026-07-16,2026-06-01,2026-06-01,0,,1,
TORNTPHARM,Torrent Pharmaceuticals Limited,Healthcare,Drug Manufacturers - Specialty & Generic,149282.0,Large-Cap,MonthlyCupHandle,Forming,0.684,20,Cup 20mo | Depth 26% | Prior gain 68% | R²=0.93,MonthlyCupHandle+MonthlyDoubleBottom,Uptrend,True,True,Tight-Above-MAs,True,Stage2,4,Uptrend,Uptrend,4460.1,4457.0,3302.11,3791.09,3475.49,5611.89,4983.87,4161.9,25.8,12.2,68.96,46.46,17.68,3.49,37.56,86.0,19.98,4854.5,28,buy,27.6,15.4,0.49,33.0,0.57,15.47,7.25,21.4,13.27,11.8,11.88,19.75,11.3,-21.9,0.15,highly inconsistent earnings,0.85,,1.13,,2277.78,1.53,68.31,0.0,,16.18,0.05,8.96,-0.09,4712.9,3102.0,5.4,43.8,39.45,118.48,0.48,0.14,6,27.0,24.21,0.0,8.0,59.2,WATCH ⭐⭐,Expected ~12% CAGR (2yr) | ROE 28% | ROCE trend rising ↑ | Promoter 68% holding | OPM 33% | Piotroski F=6 (above average quality),High PE 69 | Earnings due 2026-07-27 | Pattern still forming (not broken out),3-4 years,Medium-High,"yfinance, screener.in",100,287,2026-07-27,2026-06-01,2026-06-01,0,,1,
AEROFLEX,Aeroflex Industries Limited,Industrials,Metal Fabrication,5312.0,Small-Cap,MonthlyStage2,Breaking Out,1.0,24,10-EMA=250 | 30-EMA=204 | Above by 86.8% | MA turning=Yes,MonthlyDoubleBottom+MonthlyStage2,Uptrend,True,False,Tight-Above-MAs,True,Stage2,4,Uptrend,Uptrend,381.8,204.39,156.39,324.53,180.88,252.39,274.23,222.71,,,93.57,60.82,11.64,4.05,51.58,7.0,20.0,410.0,1,none,14.1,18.8,-1.14,23.0,1.09,12.56,9.29,17.55,18.0,25.14,5.66,23.13,56.32,57.0,0.15,highly inconsistent earnings,0.02,,2.92,,-13.92,-0.26,65.47,-1.52,,1.49,0.5,3.8,0.25,458.7,158.0,16.8,141.6,87.16,,1.53,0.62,5,22.0,30.0,-1.0,8.0,59.0,WATCH ⭐⭐,Revenue CAGR 18% | Profit CAGR 23% | Nearly debt-free | Promoter 65% holding | Piotroski F=5 (above average quality) | Dividend growing 20%/yr,High PE 94,3-4 years,Medium-High,"yfinance, screener.in",100,34,,2026-06-01,2026-06-01,0,,1,
GLAND,Gland Pharma Limited,Healthcare,Drug Manufacturers - Specialty & Generic,37070.0,Large-Cap,MonthlyStage2,Breaking Out,1.0,24,10-EMA=1865 | 30-EMA=1824 | Above by 23.4% | MA turning=Yes,MonthlyDoubleBottom+MonthlyStage2,Uptrend,True,False,Tight-Above-MAs,True,Stage2,4,Uptrend,Uptrend,2251.1,1823.86,1387.08,1913.43,2717.42,2661.01,3261.82,2977.2,18.2,8.7,36.1,24.68,3.88,3.78,20.81,89.0,-10.0,2186.71,14,buy,10.7,15.1,-3.0,25.0,-2.91,15.97,6.35,14.51,21.06,13.18,46.92,9.56,0.59,96.6,0.15,highly inconsistent earnings,0.03,,4.68,,504.15,1.36,51.83,0.0,,7.29,-0.29,33.36,0.37,2396.0,1571.1,6.0,43.3,31.36,92.97,2.77,0.38,5,19.0,30.0,2.0,8.0,59.0,WATCH ⭐⭐,Expected ~9% CAGR (2yr) | Revenue CAGR 21% | Nearly debt-free | Promoter 52% holding | Margin compressing ↓ ⚠️ | Piotroski F=5 (above average quality),Margin compression ↓ | Earnings due 2026-08-05,3-4 years,Medium-High,"yfinance, screener.in",100,67,2026-08-05,2026-06-01,2026-06-01,0,,1,
KAPSTON,Kapston Services Limited,Industrials,Specialty Business Services,1064.0,Small-Cap,MonthlyDoubleBottom,Forming,0.622,14,Sep 14mo | Mid rally 72% | Asymmetry 9%,,Uptrend,True,False,Tight-Above-MAs,True,Stage2,4,Uptrend,Uptrend,325.05,65.23,36.33,276.29,482.19,791.28,1298.49,791.28,143.4,56.0,39.82,,10.45,0.62,31.7,0.0,,,0,none,27.4,14.9,2.0,5.0,0.5,3.34,,20.46,,,55.56,,,64.1,1.0,steady compounder (low CV),1.72,,,,,,72.87,0.0,,,,,,433.5,227.0,25.0,43.2,43.64,331.69,0.43,0.19,3,24.0,22.96,5.0,7.0,59.0,WATCH ⭐⭐,Expected ~56% CAGR (2yr) | Revenue CAGR 16% | Profit CAGR 64% | ROE 27% | ROCE trend rising ↑ | Promoter 73% holding,High D/E 1.7 | Pattern still forming (not broken out),3-4 years,Medium-High,"yfinance, screener.in",60,98,,2026-06-01,2026-06-01,0,,1,
MENONBE,Menon Bearings Limited,Consumer Cyclical,Auto Parts,814.0,Small-Cap,MonthlyStage2,Breaking Out,1.0,24,10-EMA=122 | 30-EMA=117 | Above by 27.2% | MA turning=Yes,MonthlyDoubleBottom+MonthlyStage2,Uptrend,True,True,Uptrend,True,Stage2,3,Uptrend,Uptrend,148.41,116.69,88.61,126.15,273.34,286.49,300.27,286.49,93.0,38.9,21.29,23.41,4.39,4.43,14.41,138.0,0.0,,0,none,22.2,25.5,3.1,20.0,0.03,13.02,12.25,20.99,10.31,54.87,52.0,4.81,106.99,29.3,0.15,highly inconsistent earnings,0.25,,2.51,,-17.23,-2.12,68.44,0.0,,0.21,-0.17,0.03,0.03,159.9,101.5,7.2,46.2,28.74,-9.07,2.75,0.1,6,21.0,28.0,4.0,6.0,59.0,WATCH ⭐⭐,Expected ~39% CAGR (2yr) | ROE 22% | ROCE 26% | ROCE trend rising ↑ | Low D/E 0.25 | Promoter 68% holding,None identified,3-4 years,Medium-High,"yfinance, screener.in",100,135,,2026-06-01,2026-06-01,0,,1,
HATSUN,Hatsun Agro Product Limited,Consumer Defensive,Packaged Foods,20028.0,Mid-Cap,MonthlyDoubleBottom,Forming,0.614,30,Sep 30mo | Mid rally 65% | Asymmetry 3%,,Downtrend,False,False,Below-MAs,False,Stage2,15,Uptrend,Uptrend,944.0,1384.31,825.48,802.4,6144.32,29965.85,146143.45,29965.85,3074.3,463.4,56.2,39.61,10.95,0.14,18.57,222.0,18.56,935.0,2,hold,16.7,12.9,1.0,12.0,1.9,3.58,8.13,10.62,103.56,,24.73,387.7,,2.5,0.15,highly inconsistent earnings,0.94,,0.52,,929.11,4.64,73.17,0.0,,3.13,-0.07,10.26,-0.02,1179.0,855.3,19.9,10.4,6.69,-18.87,0.15,-0.13,6,33.0,11.87,12.0,2.0,58.9,WATCH ⭐⭐,Expected ~463% CAGR (2yr) | Revenue CAGR 104% | Profit CAGR 388% | ROCE trend rising ↑ | Promoter 73% holding | FCF yield 4.6%,High PE 56 | Earnings due 2026-07-20 | Pattern still forming (not broken out),3-4 years,Medium-High,"yfinance, screener.in",100,144,2026-07-20,2026-06-01,2026-06-01,0,,1,
CHALET,CHALET HOTELS LIMITED,Consumer Cyclical,Lodging,0.0,Micro-Cap,MonthlyDoubleBottom,Forming,0.557,8,Sep 8mo | Mid rally 61% | Asymmetry 6%,MonthlyDoubleBottom+MonthlyStage2,Sideways,False,False,Below-MAs,True,Stage2,3,Uptrend,Uptrend,800.95,1051.29,633.35,680.81,2742.26,2900.95,6350.73,4173.17,262.2,90.3,26.67,24.95,4.64,0.51,16.18,25.0,,992.62,21,strong_buy,19.2,17.1,3.83,43.0,7.94,23.29,8.33,61.23,34.91,57.48,354.23,52.18,38.4,31.6,0.2,multiple loss years in history,0.64,,0.7,,383.46,,67.29,-0.04,,4.71,-0.37,24.57,0.58,1082.0,691.35,26.0,15.9,-5.55,63.78,0.44,-0.04,6,34.0,12.68,12.0,0.0,58.7,WATCH ⭐⭐,Expected ~90% CAGR (2yr) | Revenue CAGR 35% | Profit CAGR 52% | ROCE trend rising ↑ | Promoter 67% holding | OPM 43%,Pattern still forming (not broken out),3-4 years,Medium-High,"yfinance, screener.in",100,88,,2026-06-01,2026-06-01,0,,1,
CAMS,Computer Age Management Services Limited,Technology,Information Technology Services,19628.0,Mid-Cap,MonthlyStage2,Stage Change,0.758,24,10-EMA=730 | 30-EMA=700 | Above by 11.4% | MA turning=Yes,MonthlyDoubleBottom+MonthlyStage2,Uptrend,True,False,Constructive,True,Downtrend,0,Uptrend,Uptrend,779.35,699.75,615.56,662.45,749.57,884.31,1049.19,886.81,13.5,6.5,41.33,30.65,14.85,2.26,27.54,158.0,-24.4,880.56,18,buy,39.0,49.0,0.89,45.0,0.37,31.39,21.46,6.61,15.97,16.51,1.51,18.31,18.15,10.9,0.15,highly inconsistent earnings,0.05,,3.43,,386.33,1.97,0.0,0.0,,44.44,-0.21,22.06,0.06,875.0,611.4,10.9,27.5,-0.24,63.1,0.91,0.11,7,34.0,21.6,1.0,2.0,58.6,WATCH ⭐⭐,Expected ~6% CAGR (2yr) | Revenue CAGR 16% | ROE 39% | ROCE 49% | ROCE trend rising ↑ | Nearly debt-free,Earnings due 2026-07-30,3-4 years,Medium-High,"yfinance, screener.in",100,68,2026-07-30,2026-06-01,2026-06-01,0,,1,
JYOTHYLAB,Jyothy Labs Limited,Consumer Defensive,Household & Personal Products,7511.0,Small-Cap,MonthlyDoubleBottom,Breakout Ready,0.463,6,Sep 6mo | Mid rally 50% | Asymmetry 3%,,Downtrend,False,False,Below-MAs,False,Stage2,15,Uptrend,Uptrend,213.5,86.18,56.71,181.47,660.1,640.46,1159.23,874.76,200.0,73.2,21.97,18.43,5.22,0.68,15.92,171.0,11.87,289.0,11,none,19.0,24.6,2.4,18.0,0.57,11.32,9.83,3.26,9.04,10.72,0.27,32.52,17.82,-11.5,0.15,highly inconsistent earnings,0.03,,2.68,,267.48,3.56,62.89,0.0,,12.35,-0.42,14.62,-0.52,364.8,196.15,41.5,8.8,-30.24,-20.99,1.31,0.56,6,34.0,11.56,13.0,0.0,58.6,WATCH ⭐⭐,Expected ~73% CAGR (2yr) | Profit CAGR 33% | ROCE 25% | ROCE trend rising ↑ | Nearly debt-free | Promoter 63% holding,None identified,3-4 years,Medium-High,"yfinance, screener.in",100,222,,2026-06-01,2026-06-01,0,,1,
ADOR,Ador Welding Limited,Industrials,Specialty Industrial Machinery,1983.0,Small-Cap,MonthlyDoubleBottom,Forming,1.0,24,Sep 24mo | Mid rally 155% | Asymmetry 1%,MonthlyDoubleBottom+MonthlyStage2,Sideways-Above-MA,True,False,Constructive,True,Stage2,4,Uptrend,Uptrend,1055.2,320.97,125.09,896.92,1916.4,2340.7,2858.93,2340.7,121.8,48.9,24.21,15.28,3.58,1.09,14.47,224.0,16.96,1307.0,1,none,15.8,22.5,2.23,11.0,0.83,5.82,,1.51,19.92,16.73,36.67,22.14,26.82,73.4,0.15,highly inconsistent earnings,0.0,,,,,,53.76,0.02,,0.37,0.23,12.63,0.07,1260.0,848.0,16.3,24.4,12.73,-23.72,0.7,0.29,3,25.0,22.5,7.0,4.0,58.5,WATCH ⭐⭐,Expected ~49% CAGR (2yr) | Revenue CAGR 20% | Profit CAGR 22% | ROCE 22% | ROCE trend rising ↑ | Nearly debt-free,Pattern still forming (not broken out),3-4 years,Medium-High,"yfinance, screener.in",80,261,,2026-06-01,2026-06-01,0,,1,
ANANTRAJ,Anant Raj Limited,Real Estate,Real Estate - Development,18503.0,Mid-Cap,MonthlyDoubleBottom,Forming,1.0,33,Sep 33mo | Mid rally 367% | Asymmetry 4%,MonthlyDoubleBottom+MonthlyStage2,Sideways,False,False,Below-MAs,True,Stage2,3,Uptrend,Uptrend,482.45,61.14,12.85,410.08,827.3,1057.05,1992.72,1283.97,119.1,48.0,32.58,18.01,3.12,0.59,27.2,14.0,82.55,716.67,3,strong_buy,11.2,12.1,2.43,26.0,2.46,22.09,6.27,21.94,37.94,58.64,30.75,55.2,128.2,23.3,0.15,highly inconsistent earnings,0.12,,9.76,,-281.85,-1.52,57.41,0.0,,10.88,-0.26,4.83,-0.37,743.65,403.0,35.1,19.7,-7.28,150.5,0.52,0.39,5,30.0,19.5,9.0,0.0,58.5,WATCH ⭐⭐,Expected ~48% CAGR (2yr) | Revenue CAGR 38% | Profit CAGR 55% | ROCE trend rising ↑ | Low D/E 0.12 | Promoter 57% holding,Pattern still forming (not broken out),3-4 years,Medium-High,"yfinance, screener.in",100,237,,2026-06-01,2026-06-01,0,,1,
ARIES,Aries Agro Limited,Basic Materials,Agricultural Inputs,438.0,Micro-Cap,MonthlyDoubleBottom,Forming,1.0,38,Sep 38mo | Mid rally 244% | Asymmetry 6%,,Downtrend,False,False,Below-MAs,False,Stage2,1,Uptrend,Uptrend,356.4,269.12,76.07,302.94,1057.87,1459.33,2013.15,1459.33,309.5,102.4,10.04,,1.37,0.26,6.16,33.0,14.47,,0,none,14.8,22.8,0.97,12.0,-0.4,6.34,,21.06,16.85,14.6,27.27,37.95,21.29,48.8,0.15,highly inconsistent earnings,0.21,,,,,,52.66,0.0,,3.25,0.34,0.0,0.0,459.9,285.35,22.5,24.9,10.94,95.33,0.15,0.03,2,27.0,16.5,13.0,2.0,58.5,WATCH ⭐⭐,Expected ~102% CAGR (2yr) | Revenue CAGR 17% | Profit CAGR 38% | ROCE 23% | ROCE trend rising ↑ | Low D/E 0.21,Pattern still forming (not broken out),3-4 years,Medium-High,"yfinance, screener.in",80,221,,2026-06-01,2026-06-01,0,,1,
J&KBANK,Jammu and Kashmir Bank Limited,Financial Services,Banks - Regional,15456.0,Mid-Cap,MonthlyDoubleBottom,Forming,1.0,14,Sep 14mo | Mid rally 109% | Asymmetry 6%,MonthlyCupHandle+MonthlyDoubleBottom,Uptrend,True,False,Uptrend,True,Stage2,12,Uptrend,Uptrend,133.32,46.14,21.49,113.32,553.55,697.25,878.26,697.25,423.0,128.7,6.55,6.02,0.94,0.25,,153.0,64.5,198.0,1,none,15.4,5.84,,23.3,,34.68,1.32,4.86,12.02,10.15,13.35,25.96,40.7,,0.15,highly inconsistent earnings,,,,,,,59.4,0.0,,8.35,0.21,6.0,0.16,145.0,97.35,8.1,36.9,24.91,107.04,0.79,0.49,2,15.0,25.5,10.0,8.0,58.5,WATCH ⭐⭐,Expected ~129% CAGR (2yr) | Profit CAGR 26% | Promoter 59% holding | Dividend growing 64%/yr | PEG 0.25 — deeply undervalued | MonthlyDoubleBottom forming (14mo base),Pattern still forming (not broken out),3-4 years,Medium-High,"yfinance, screener.in",80,286,,2026-06-01,2026-06-01,0,,1,
MWL,MANGALAM WORLDWIDE LTD,Basic Materials,Steel,1124.0,Small-Cap,MonthlyDoubleBottom,Forming,0.377,6,Sep 6mo | Mid rally 43% | Asymmetry 5%,,Uptrend,True,True,Tight-Above-MAs,True,Stage2,1,Uptrend,Uptrend,370.2,183.78,125.07,314.67,501.22,704.57,990.42,704.57,90.3,38.0,22.43,,4.06,0.55,17.2,5.0,-41.52,,0,none,18.0,17.6,0.6,8.0,1.17,3.41,,13.96,23.33,31.95,66.67,40.57,75.54,74.5,0.15,highly inconsistent earnings,0.79,,,,,,66.5,0.0,,0.01,0.01,0.0,-0.36,388.0,150.0,4.6,146.8,134.83,166.38,0.9,0.55,3,24.0,19.52,5.0,10.0,58.5,WATCH ⭐⭐,Expected ~38% CAGR (2yr) | Revenue CAGR 23% | Profit CAGR 41% | ROCE trend rising ↑ | Promoter 66% holding | PEG 0.55 — undervalued,Pattern still forming (not broken out),3-4 years,Medium-High,"yfinance, screener.in",80,47,,2026-06-01,2026-06-01,0,,1,
OFSS,Oracle Financial Services Software Limited,Technology,Software - Infrastructure,86751.0,Large-Cap,MonthlyStage2,Stage Change,1.0,24,10-EMA=8185 | 30-EMA=7510 | Above by 28.4% | MA turning=Yes,MonthlyDoubleBottom+MonthlyStage2,Uptrend,True,False,Constructive,True,Downtrend,0,Uptrend,Uptrend,9646.0,7510.05,6543.54,8199.1,10527.31,11946.39,13556.76,11946.39,23.8,11.3,33.0,25.99,11.08,2.45,23.36,667.0,6.27,10695.0,2,none,32.6,45.3,1.71,45.0,-0.94,34.4,21.25,12.05,10.42,9.01,10.88,13.48,8.41,30.7,0.15,highly inconsistent earnings,0.0,,5.43,,2422.44,2.79,72.44,-0.02,,8.04,-0.32,9.12,0.3,10584.5,6234.5,8.9,54.7,19.57,154.91,0.84,0.45,6,30.0,24.5,0.0,4.0,58.5,WATCH ⭐⭐,Expected ~11% CAGR (2yr) | ROE 33% | ROCE 45% | ROCE trend rising ↑ | Nearly debt-free | Promoter 72% holding,Margin compression ↓ | Earnings due 2026-04-27,3-4 years,Medium-High,"yfinance, screener.in",100,288,2026-04-27,2026-06-01,2026-06-01,0,,1,
REMSONSIND,Remsons Industries Limited,Consumer Cyclical,Auto Parts,331.0,Micro-Cap,MonthlyDoubleBottom,Forming,1.0,15,Sep 15mo | Mid rally 598% | Asymmetry 8%,,Downtrend,False,False,Below-MAs,False,Stage2,3,Uptrend,Uptrend,99.14,25.13,3.46,84.27,405.23,559.02,771.17,559.02,463.9,137.5,18.22,,2.21,0.48,7.51,53.0,14.47,,0,none,13.5,15.5,0.5,11.0,1.31,3.81,6.88,24.4,14.43,15.72,23.53,37.95,39.33,14.7,0.75,consistent growth,0.63,,1.31,,20.8,6.29,65.53,-0.71,,2.33,-1.06,1.22,0.09,157.0,77.15,36.9,28.5,-20.31,92.99,0.44,,6,31.0,15.5,12.0,0.0,58.5,WATCH ⭐⭐,Expected ~138% CAGR (2yr) | Profit CAGR 38% | ROCE trend rising ↑ | Promoter 66% holding | FCF yield 6.3% | EPS: consistent growth,Pattern still forming (not broken out),3-4 years,Medium-High,"yfinance, screener.in",100,287,,2026-06-01,2026-06-01,0,,1,
UJJIVANSFB,Ujjivan Small Finance Bank Limited,Financial Services,Banks - Regional,10576.0,Mid-Cap,MonthlyDoubleBottom,Forming,1.0,36,Sep 36mo | Mid rally 122% | Asymmetry 2%,MonthlyCupHandle+MonthlyDoubleBottom,Sideways-Above-MA,True,False,Below-MAs,False,Stage2,12,Uptrend,Uptrend,54.13,47.27,21.13,46.01,252.01,534.52,2811.38,841.73,887.5,214.2,15.5,8.05,1.55,0.07,,,20.0,73.71,17,none,10.74,,,29.52,,16.57,1.32,44.4,,,234.0,,,238.2,0.5,insufficient history,,,,,,,0.0,0.0,,17.23,1.78,31.12,2.45,68.0,41.32,20.4,31.0,17.84,26.43,0.88,0.51,2,23.0,21.5,11.0,3.0,58.5,WATCH ⭐⭐,Expected ~214% CAGR (2yr) | Revenue CAGR 44% | Profit CAGR 234% | OPM 30% | FII buying +1.8% ↑ | DII buying +2.5% ↑,Pattern still forming (not broken out),3-4 years,Medium-High,"yfinance, screener.in",50,78,,2026-06-01,2026-06-01,0,,1,
ENDURANCE,Endurance Technologies Limited,Consumer Cyclical,Auto Parts,38297.0,Large-Cap,MonthlyDoubleBottom,Forming,0.899,40,Sep 40mo | Mid rally 90% | Asymmetry 0%,MonthlyDoubleBottom+MonthlyStage2,Sideways-Above-MA,True,True,Constructive,True,Stage2,3,Uptrend,Uptrend,2545.2,1957.99,1029.49,2163.42,3807.51,4028.14,6010.31,4783.76,58.3,25.8,40.16,27.19,6.12,1.57,19.2,42.0,16.96,2894.71,14,buy,15.4,18.3,0.49,13.0,-0.4,6.52,7.41,26.25,18.35,17.39,13.88,25.64,12.86,12.8,0.15,highly inconsistent earnings,0.19,,1.55,,153.57,0.4,75.0,0.0,,13.14,-0.58,9.77,0.57,3079.9,2142.8,17.4,18.8,-0.32,39.9,0.9,0.64,6,29.0,21.29,6.0,2.0,58.3,WATCH ⭐⭐,Expected ~26% CAGR (2yr) | Revenue CAGR 18% | Profit CAGR 26% | ROCE trend rising ↑ | Low D/E 0.19 | Promoter 75% holding,Pattern still forming (not broken out),3-4 years,Medium-High,"yfinance, screener.in",100,116,,2026-06-01,2026-06-01,0,,1,
PGHL,Procter & Gamble Health Limited,Healthcare,Drug Manufacturers - Specialty & Generic,10053.0,Mid-Cap,MonthlyStage2,Stage Change,0.318,24,10-EMA=5273 | 30-EMA=5097 | Above by 4.8% | MA turning=Yes,MonthlyDoubleBottom+MonthlyStage2,Sideways,False,False,Below-MAs,True,Stage2,4,Uptrend,Uptrend,5340.5,5097.17,4739.86,4539.43,14087.51,21779.28,33670.77,21779.28,307.8,101.9,30.77,31.94,16.22,0.56,21.63,256.0,18.98,,0,none,61.59,,,34.94,,23.22,33.1,19.1,,,54.6,,,54.6,0.5,insufficient history,0.02,,2.18,,292.48,2.91,51.82,0.0,,6.2,-0.77,13.67,-0.17,6739.0,4707.0,20.8,13.5,1.66,-9.61,0.6,0.15,5,36.0,11.32,8.0,3.0,58.3,WATCH ⭐⭐,Expected ~102% CAGR (2yr) | Revenue CAGR 19% | Profit CAGR 55% | ROE 62% | Nearly debt-free | Promoter 52% holding,None identified,3-4 years,Medium-High,"yfinance, screener.in",70,287,,2026-06-01,2026-06-01,0,,1,
VARROC,Varroc Engineering Limited,Consumer Cyclical,Auto Parts,8639.0,Mid-Cap,MonthlyDoubleBottom,Forming,0.892,17,Sep 17mo | Mid rally 98% | Asymmetry 9%,MonthlyDoubleBottom+MonthlyStage2,Sideways,False,False,Below-MAs,True,Stage2,3,Uptrend,Uptrend,560.4,492.96,239.02,476.34,3728.94,9758.84,67296.86,15841.26,1641.4,317.3,38.31,16.97,5.13,0.12,11.18,27.0,30.0,635.2,5,buy,15.2,19.0,3.83,9.0,0.54,2.53,6.61,9.03,8.86,15.24,228.57,324.82,-12.6,236.9,0.2,multiple loss years in history,0.51,,0.88,,296.92,3.44,75.0,0.0,,4.45,0.09,11.35,-1.05,694.7,462.0,19.3,21.3,6.34,43.51,0.27,0.32,5,26.0,17.2,13.0,2.0,58.2,WATCH ⭐⭐,Expected ~317% CAGR (2yr) | Profit CAGR 325% | ROCE trend rising ↑ | Promoter 75% holding | FCF yield 3.4% | Piotroski F=5 (above average quality),Pattern still forming (not broken out),3-4 years,Medium-High,"yfinance, screener.in",100,95,,2026-06-01,2026-06-01,0,,1,
MARKSANS,Marksans Pharma Limited,Healthcare,Drug Manufacturers - General,11156.0,Mid-Cap,MonthlyStage2,Breaking Out,1.0,24,10-EMA=190 | 30-EMA=185 | Above by 17.4% | MA turning=Yes,MonthlyDoubleBottom+MonthlyStage2,Uptrend,True,True,Constructive,True,Stage2,4,Uptrend,Uptrend,217.3,185.07,156.89,184.71,411.23,394.08,559.0,479.46,81.4,34.7,26.67,18.24,4.15,1.61,17.54,32.0,47.36,266.0,3,strong_buy,15.2,18.8,-3.0,20.0,-0.37,14.16,8.84,12.5,16.8,16.49,9.66,16.59,11.94,63.6,0.15,highly inconsistent earnings,0.11,,5.17,,70.35,0.63,43.87,0.0,,16.76,8.63,6.57,0.66,270.7,155.0,19.7,40.2,-9.17,117.86,1.56,0.98,5,22.0,27.0,7.0,2.0,58.0,WATCH ⭐⭐,Expected ~35% CAGR (2yr) | Revenue CAGR 17% | Low D/E 0.11 | Piotroski F=5 (above average quality) | FII buying +8.6% ↑ | DII buying +0.7% ↑,None identified,3-4 years,Medium-High,"yfinance, screener.in",100,287,,2026-06-01,2026-06-01,0,,1,
SANSERA,Sansera Engineering Limited,Consumer Cyclical,Auto Parts,17833.0,Mid-Cap,MonthlyDoubleBottom,Forming,0.794,13,Sep 13mo | Mid rally 88% | Asymmetry 8%,,Uptrend,True,True,Uptrend,True,Stage2,3,Uptrend,Uptrend,2396.5,1751.11,896.77,2037.02,2831.74,3370.4,4804.07,3688.34,40.6,18.6,55.25,34.2,6.17,1.83,28.5,11.0,17.57,2893.5,10,buy,11.5,14.1,0.11,18.0,0.03,9.27,6.47,15.94,14.37,17.69,50.69,30.25,24.35,104.8,0.4,lumpy earner,0.19,,1.75,,-211.33,-1.19,30.1,-0.07,,18.79,-0.57,35.38,-0.92,2992.2,1216.3,19.9,97.0,81.52,154.09,0.54,0.76,6,21.0,23.03,4.0,10.0,58.0,WATCH ⭐⭐,Expected ~19% CAGR (2yr) | Profit CAGR 30% | ROCE trend rising ↑ | Low D/E 0.19 | Piotroski F=6 (above average quality) | Dividend growing 18%/yr,High PE 55 | Pattern still forming (not broken out),3-4 years,Medium-High,"yfinance, screener.in",100,57,,2026-06-01,2026-06-01,0,,1,
ASKAUTOLTD,ASK AUTOMOTIVE LIMITED,Consumer Cyclical,Auto Parts,8989.0,Mid-Cap,MonthlyDoubleBottom,Forming,0.511,17,Sep 17mo | Mid rally 53% | Asymmetry 2%,MonthlyDoubleBottom+MonthlyStage2,Sideways,False,False,Below-MAs,True,Stage2,3,Uptrend,Uptrend,455.8,578.5,375.3,387.43,1054.0,1075.34,1897.08,1414.05,135.9,53.6,30.22,22.2,6.85,0.88,18.18,41.0,50.0,567.29,7,strong_buy,25.3,25.5,1.71,13.0,0.51,7.12,11.63,15.97,17.79,22.02,19.76,34.16,22.88,24.2,0.15,highly inconsistent earnings,0.52,,1.04,,-311.06,-3.46,74.95,0.0,,9.29,-0.43,10.25,1.12,578.5,375.3,21.2,21.4,-7.04,,0.39,-0.23,5,33.0,12.63,11.0,1.0,57.6,WATCH ⭐⭐,Expected ~54% CAGR (2yr) | Revenue CAGR 18% | Profit CAGR 34% | ROE 25% | ROCE 26% | ROCE trend rising ↑,Pattern still forming (not broken out),3-4 years,Medium-High,"yfinance, screener.in",100,31,,2026-06-01,2026-06-01,0,,1,
GPTHEALTH,GPT Healthcare Limited,Healthcare,Medical Care Facilities,1168.0,Small-Cap,MonthlyDoubleBottom,Forming,0.633,9,Sep 9mo | Mid rally 64% | Asymmetry 1%,,Sideways-Above-MA,True,False,Constructive,True,Stage2,4,Uptrend,Uptrend,142.84,203.87,124.04,121.41,245.81,283.7,317.78,279.49,98.6,40.9,27.65,14.24,4.61,2.02,14.36,211.0,-28.57,136.0,1,none,28.5,23.6,10.0,22.0,2.5,8.94,8.41,38.68,,,100.0,,,13.0,1.0,steady compounder (low CV),0.34,,1.12,,19.64,1.68,65.57,0.0,,2.81,0.08,6.84,0.64,185.0,115.0,22.8,24.2,7.57,,0.39,0.49,6,35.0,16.6,4.0,2.0,57.6,WATCH ⭐⭐,Expected ~41% CAGR (2yr) | Revenue CAGR 25% | ROE 28% | ROCE 24% | ROCE trend rising ↑ | Promoter 66% holding,Pattern still forming (not broken out),3-4 years,Medium-High,"yfinance, screener.in",80,28,,2026-06-01,2026-06-01,0,,1,
AJMERA,Ajmera Realty & Infra India Limited,Real Estate,Real Estate - Development,2342.0,Small-Cap,MonthlyDoubleBottom,Forming,1.0,37,Sep 37mo | Mid rally 808% | Asymmetry 10%,,Downtrend,False,False,Below-MAs,False,Stage2,3,Uptrend,Uptrend,120.06,143.26,15.06,102.05,358.91,465.4,603.48,465.4,287.6,96.9,15.62,4.89,1.67,0.53,10.23,76.0,25.99,,0,none,11.5,14.3,1.69,27.0,0.46,13.74,7.58,47.7,36.24,25.72,24.6,29.67,38.33,120.0,0.75,consistent growth,0.47,,6.28,,-116.82,-4.99,68.23,0.0,,0.78,0.25,1.13,-0.08,221.4,98.03,45.8,22.5,-27.27,39.59,0.65,0.56,6,31.0,16.5,10.0,0.0,57.5,WATCH ⭐⭐,Expected ~97% CAGR (2yr) | Revenue CAGR 36% | Profit CAGR 30% | ROCE trend rising ↑ | Promoter 68% holding | OPM 27%,Pattern still forming (not broken out),3-4 years,Medium-High,"yfinance, screener.in",100,237,,2026-06-01,2026-06-01,0,,1,
BHARATFORG,Bharat Forge Limited,Consumer Cyclical,Auto Parts,93572.0,Large-Cap,MonthlyStage2,Stage Change,1.0,24,10-EMA=1607 | 30-EMA=1361 | Above by 36.4% | MA turning=Yes,MonthlyCupHandle+MonthlyDoubleBottom+MonthlyStage2,Uptrend,True,False,Tight-Above-MAs,True,Stage2,3,Uptrend,Uptrend,1857.3,1361.39,1008.31,1578.7,1362.55,1789.29,2265.31,1756.87,,,86.95,40.14,9.78,3.0,33.75,41.0,-28.62,1837.91,23,none,12.5,13.1,1.66,17.0,0.57,6.42,5.77,11.17,9.2,21.55,19.28,28.94,25.56,-17.5,0.15,highly inconsistent earnings,0.77,,1.17,,723.22,0.77,44.07,0.0,,14.15,1.75,32.62,-1.46,2044.0,1100.5,9.1,68.8,50.25,103.5,0.83,0.56,5,19.0,28.5,0.0,10.0,57.5,WATCH ⭐⭐,Profit CAGR 29% | ROCE trend rising ↑ | Piotroski F=5 (above average quality) | FII buying +1.8% ↑ | MonthlyStage2 forming (24mo base) | Weekly uptrend,High PE 87 | Earnings due 2026-08-05,3-4 years,Medium-High,"yfinance, screener.in",100,365,2026-08-05,2026-06-01,2026-06-01,0,,1,
LUMAXIND,Lumax Industries Limited,Consumer Cyclical,Auto Parts,5248.0,Small-Cap,MonthlyDoubleBottom,Forming,1.0,33,Sep 33mo | Mid rally 107% | Asymmetry 0%,,Uptrend,True,False,Uptrend,True,Stage2,3,Uptrend,Uptrend,5257.5,1697.5,819.49,4468.88,9095.22,10790.56,12801.93,10790.56,105.2,43.3,30.39,17.1,6.43,1.63,19.98,59.0,37.38,6889.5,2,none,22.0,17.7,1.8,10.0,0.43,4.15,,23.06,21.72,24.02,22.86,18.64,57.05,39.0,0.15,highly inconsistent earnings,1.21,,,,,,75.0,0.0,,1.63,0.25,6.07,0.36,6934.5,2908.0,24.2,80.8,53.85,133.65,0.37,0.83,3,19.0,26.5,5.0,7.0,57.5,WATCH ⭐⭐,Expected ~43% CAGR (2yr) | Revenue CAGR 22% | ROE 22% | ROCE trend rising ↑ | Promoter 75% holding | Dividend growing 37%/yr,High D/E 1.2 | Pattern still forming (not broken out),3-4 years,Medium-High,"yfinance, screener.in",80,287,,2026-06-01,2026-06-01,0,,1,
TAJGVK,TAJGVK Hotels & Resorts Limited,Consumer Cyclical,Lodging,2171.0,Small-Cap,MonthlyDoubleBottom,Forming,1.0,42,Sep 42mo | Mid rally 115% | Asymmetry 0%,,Sideways,False,False,Below-MAs,True,Stage2,3,Uptrend,Uptrend,308.65,126.81,58.83,262.35,1745.83,2862.63,4693.85,2862.63,827.5,204.5,17.39,119.41,3.15,0.27,13.93,62.0,60.0,,0,none,18.4,13.2,3.4,30.0,5.29,26.13,,12.89,9.78,40.14,250.43,63.97,71.05,-10.2,0.15,highly inconsistent earnings,0.12,,,,,,71.0,0.0,,0.32,-0.6,4.02,-0.01,512.65,281.35,39.8,9.7,-16.56,9.74,0.19,0.25,2,26.0,19.5,12.0,0.0,57.5,WATCH ⭐⭐,Expected ~204% CAGR (2yr) | Profit CAGR 64% | ROCE trend rising ↑ | Low D/E 0.12 | Promoter 71% holding | OPM 30%,Pattern still forming (not broken out),3-4 years,Medium-High,"yfinance, screener.in",80,286,,2026-06-01,2026-06-01,0,,1,
ADVENZYMES,Advanced Enzyme Technologies Limited,Basic Materials,Specialty Chemicals,4076.0,Small-Cap,MonthlyStage2,Breaking Out,1.0,24,10-EMA=325 | 30-EMA=325 | Above by 18.8% | MA turning=Yes,MonthlyDoubleBottom+MonthlyStage2,Uptrend,True,True,Tight-Above-MAs,True,Stage2,1,Uptrend,Uptrend,386.3,325.06,255.3,328.36,410.09,486.82,577.9,486.82,26.0,12.3,24.15,19.78,2.5,1.29,13.1,143.0,73.25,370.0,1,none,10.5,13.9,-1.31,31.0,-2.63,21.61,8.09,17.11,11.3,8.24,29.85,18.71,2.88,62.2,0.15,highly inconsistent earnings,0.02,,9.78,,77.79,1.91,43.26,0.22,,25.5,-0.35,5.41,-0.1,419.0,251.95,7.8,53.3,28.02,19.94,1.69,,5,17.0,30.0,4.0,6.0,57.0,WATCH ⭐⭐,Expected ~12% CAGR (2yr) | Nearly debt-free | OPM 31% | Margin compressing ↓ ⚠️ | Piotroski F=5 (above average quality) | Dividend growing 73%/yr,Margin compression ↓,3-4 years,Medium-High,"yfinance, screener.in",100,118,,2026-06-01,2026-06-01,0,,1,
ANANDRATHI,Anand Rathi Wealth Limited,Financial Services,Asset Management,28648.0,Mid-Cap,None,,0.0,0,,,Sideways-Above-MA,True,False,Uptrend,True,Stage2,12,Uptrend,Uptrend,3566.7,,,3031.69,1402.88,1864.85,2478.95,1864.85,,,73.0,48.7,28.7,2.22,50.08,41.0,5.27,3190.0,2,none,47.3,59.2,5.6,47.0,2.86,31.59,30.11,27.86,30.87,35.63,31.89,32.93,54.57,40.5,0.15,highly inconsistent earnings,0.08,,3.83,,390.1,1.36,43.11,0.0,,5.78,-0.88,9.1,-0.35,3735.0,1895.3,4.5,88.2,73.23,712.78,,0.43,6,40.0,10.0,-1.0,8.0,57.0,WATCH ⭐⭐,Revenue CAGR 31% | Profit CAGR 33% | ROE 47% | ROCE 59% | ROCE trend rising ↑ | Nearly debt-free,High PE 73,3-4 years,Medium-High,"yfinance, screener.in",100,54,,2026-06-01,2026-06-01,0,,1,
KALYANKJIL,Kalyan Jewellers India Limited,Consumer Cyclical,Luxury Goods,36667.0,Large-Cap,MonthlyDoubleBottom,Forming,1.0,23,Sep 23mo | Mid rally 138% | Asymmetry 8%,,Downtrend,False,False,Below-MAs,False,Stage2,3,Uptrend,Uptrend,344.15,793.08,320.29,304.28,1076.11,1573.28,2300.13,1573.28,357.1,113.8,27.17,18.94,5.81,0.59,18.55,42.0,25.0,664.44,0,none,24.8,20.5,2.46,7.0,-0.2,3.78,7.21,42.72,36.44,33.05,89.08,46.2,56.89,118.3,0.4,lumpy earner,0.97,,1.3,,-515.68,-1.41,62.86,0.11,,14.55,0.44,14.13,-1.1,617.7,337.0,44.3,2.1,-30.46,112.86,1.57,0.07,4,32.0,16.0,9.0,0.0,57.0,WATCH ⭐⭐,Expected ~114% CAGR (2yr) | Revenue CAGR 36% | Profit CAGR 46% | ROE 25% | ROCE 20% | ROCE trend rising ↑,Pattern still forming (not broken out),3-4 years,Medium-High,"yfinance, screener.in",100,63,,2026-06-01,2026-06-01,0,,1,
MANORAMA,Manorama Industries Limited,Consumer Defensive,Packaged Foods,8517.0,Mid-Cap,None,,0.0,0,,,Sideways-Above-MA,True,True,Below-MAs,True,Stage2,15,Uptrend,Uptrend,1371.4,,,1165.69,2306.66,3033.26,3988.73,3033.26,121.2,48.7,39.68,26.12,12.66,1.26,24.97,4.0,50.0,1831.0,2,none,39.4,35.0,,26.0,2.0,15.73,18.74,77.3,,,104.55,,,31.0,0.5,insufficient history,0.52,,1.95,,131.47,1.54,54.32,0.0,,2.89,0.18,3.0,-0.61,1760.0,1060.6,22.1,29.3,1.38,324.91,,0.26,6,40.0,8.0,7.0,2.0,57.0,WATCH ⭐⭐,Expected ~49% CAGR (2yr) | Revenue CAGR 68% | Profit CAGR 32% | ROE 39% | ROCE 35% | Promoter 54% holding,None identified,3-4 years,Medium-High,"yfinance, screener.in",80,47,,2026-06-01,2026-06-01,0,,1,
SAMHI,SAMHI Hotels Limited,Consumer Cyclical,Lodging,3677.0,Small-Cap,MonthlyDoubleBottom,Forming,1.0,11,Sep 11mo | Mid rally 105% | Asymmetry 5%,,Sideways,False,True,Below-MAs,True,Stage2,3,Uptrend,Uptrend,143.38,254.5,121.1,121.87,7214.77,23453.47,210071.06,38930.89,16257.6,1179.0,6.43,12.9,1.9,0.01,10.83,0.0,,237.33,6,strong_buy,24.8,8.92,3.51,35.0,13.49,39.33,5.17,10.44,19.08,48.99,559.3,,,671.1,0.2,multiple loss years in history,0.81,,0.81,,-89.29,-2.43,,,,44.28,0.14,16.39,-1.68,254.5,127.0,43.7,12.9,-28.09,,0.36,,5,22.0,18.0,17.0,0.0,57.0,WATCH ⭐⭐,Expected ~1179% CAGR (2yr) | Revenue CAGR 19% | Profit CAGR 440% | ROE 25% | ROCE trend rising ↑ | OPM 35%,Pattern still forming (not broken out),3-4 years,Medium-High,"yfinance, screener.in",80,33,,2026-06-01,2026-06-01,0,,1,
SOUTHBANK,The South Indian Bank Limited,Financial Services,Banks - Regional,10842.0,Mid-Cap,MonthlyDoubleBottom,Forming,0.79,36,Sep 36mo | Mid rally 79% | Asymmetry 0%,MonthlyCupHandle+MonthlyDoubleBottom,Uptrend,True,False,Tight-Above-MAs,True,Stage2,12,Uptrend,Uptrend,38.75,27.23,15.16,32.94,138.38,121.65,210.69,170.75,213.9,77.2,7.46,6.06,0.98,0.32,,97.0,12.0,48.0,6,none,13.5,6.42,,43.14,,28.95,1.09,4.6,10.83,6.15,11.74,23.39,88.0,19.0,0.15,highly inconsistent earnings,,,,,,,,,,24.21,3.27,12.75,-1.04,46.84,28.11,17.3,37.9,35.0,85.55,0.43,0.28,2,11.0,25.98,12.0,8.0,57.0,WATCH ⭐⭐,Expected ~77% CAGR (2yr) | Profit CAGR 23% | OPM 43% | FII buying +3.3% ↑ | Dividend growing 12%/yr | PEG 0.32 — deeply undervalued,Pattern still forming (not broken out),3-4 years,Medium-High,"yfinance, screener.in",70,330,,2026-06-01,2026-06-01,0,,1,
ALKEM,Alkem Laboratories Limited,Healthcare,Drug Manufacturers - Specialty & Generic,65737.0,Large-Cap,MonthlyDoubleBottom,Forming,0.452,24,Sep 24mo | Mid rally 52% | Asymmetry 7%,,Sideways-Above-MA,True,False,Below-MAs,False,Stage2,4,Uptrend,Uptrend,5470.0,2269.93,1443.69,4649.5,13036.67,12751.44,22942.81,17294.44,133.1,52.7,28.57,24.22,4.76,0.87,21.08,96.0,-4.9,5936.95,20,buy,18.9,21.2,0.2,20.0,-0.17,15.65,8.5,13.47,8.25,10.66,6.14,32.66,7.76,-22.7,0.15,highly inconsistent earnings,0.14,,2.55,,1374.31,2.09,51.2,0.0,,10.15,0.18,21.39,-0.15,5933.5,4716.2,7.8,16.0,19.27,36.96,0.31,0.29,5,29.0,14.92,9.0,4.0,56.9,WATCH ⭐⭐,Expected ~53% CAGR (2yr) | Profit CAGR 33% | ROCE 21% | ROCE trend rising ↑ | Low D/E 0.14 | Promoter 51% holding,Earnings due 2026-08-12 | Pattern still forming (not broken out),3-4 years,Medium-High,"yfinance, screener.in",100,126,2026-08-12,2026-06-01,2026-06-01,0,,1,
APARINDS,APAR Industries Limited,Industrials,Electrical Equipment & Parts,52701.0,Large-Cap,MonthlyDoubleBottom,Forming,0.535,45,Sep 45mo | Mid rally 63% | Asymmetry 10%,,Uptrend,True,False,Uptrend,True,Stage2,4,Uptrend,Uptrend,12327.0,837.93,488.3,10477.95,8576.68,11105.23,11394.01,9885.49,,,54.05,37.38,10.86,3.54,29.53,38.0,50.37,12934.83,6,strong_buy,20.2,31.1,1.6,8.0,0.43,4.53,,23.25,16.9,29.09,19.0,15.26,43.6,19.4,0.15,highly inconsistent earnings,0.14,,,,,,57.77,0.0,,9.38,0.03,24.15,0.95,13580.0,6801.0,9.2,81.3,49.62,240.44,0.49,0.05,3,26.0,20.92,0.0,10.0,56.9,WATCH ⭐⭐,Revenue CAGR 17% | ROE 20% | ROCE 31% | ROCE trend rising ↑ | Low D/E 0.14 | Promoter 58% holding,High PE 54 | Pattern still forming (not broken out),3-4 years,Medium-High,"yfinance, screener.in",80,263,,2026-06-01,2026-06-01,0,,1,
DPABHUSHAN,D. P. Abhushan Limited,Consumer Cyclical,Luxury Goods,2171.0,Small-Cap,MonthlyDoubleBottom,Forming,0.47,7,Sep 7mo | Mid rally 55% | Asymmetry 8%,,Downtrend,False,False,Below-MAs,False,Stage2,3,Uptrend,Uptrend,889.6,1927.0,1189.25,1129.79,10580.74,21489.47,43645.12,21489.47,2315.6,391.5,10.25,,4.28,0.1,8.03,0.0,0.0,,0,none,34.5,24.4,2.0,4.0,0.0,5.21,18.54,42.22,,,51.85,,,101.2,1.0,steady compounder (low CV),0.48,,2.14,,-154.9,-7.14,74.89,0.01,,0.32,0.1,0.0,0.0,1729.6,866.1,48.6,2.7,-30.3,195.13,0.43,-0.43,4,36.0,8.64,12.0,0.0,56.6,WATCH ⭐⭐,Expected ~392% CAGR (2yr) | Revenue CAGR 86% | Profit CAGR 103% | ROE 34% | ROCE 24% | ROCE trend rising ↑,Pattern still forming (not broken out),3-4 years,Medium-High,"yfinance, screener.in",80,104,,2026-06-01,2026-06-01,0,,1,
BANKINDIA,Bank of India Limited,Financial Services,Banks - Regional,63696.0,Large-Cap,MonthlyDoubleBottom,Forming,1.0,29,Sep 29mo | Mid rally 186% | Asymmetry 7%,MonthlyCupHandle+MonthlyDoubleBottom,Downtrend,False,False,Below-MAs,False,Stage2,12,Uptrend,Uptrend,138.64,190.57,64.34,117.84,707.19,653.64,1366.37,983.0,371.5,117.1,5.89,5.47,0.71,0.15,,332.0,32.48,159.6,5,none,12.4,5.93,,45.0,,31.89,0.92,6.04,16.41,13.1,7.93,39.0,37.72,18.7,0.4,lumpy earner,,,,,,,73.38,0.0,,7.26,1.44,13.96,-1.22,178.36,108.81,22.3,27.4,28.62,82.03,0.75,0.82,2,23.0,16.5,12.0,5.0,56.5,WATCH ⭐⭐,Expected ~117% CAGR (2yr) | Revenue CAGR 16% | Profit CAGR 39% | Promoter 73% holding | OPM 45% | FII buying +1.4% ↑,Pattern still forming (not broken out),3-4 years,Medium-High,"yfinance, screener.in",80,287,,2026-06-01,2026-06-01,0,,1,
JKIL,J. Kumar Infraprojects Limited,Industrials,Engineering & Construction,3804.0,Small-Cap,MonthlyDoubleBottom,Forming,1.0,30,Sep 30mo | Mid rally 260% | Asymmetry 2%,,Sideways,False,False,Below-MAs,True,Stage2,4,Uptrend,Uptrend,482.75,348.95,96.02,410.34,1713.17,1455.22,2156.68,1922.17,201.4,73.6,9.83,6.93,1.12,0.81,4.5,80.0,10.06,754.8,5,strong_buy,12.4,18.4,1.7,14.0,-0.37,6.75,6.61,0.53,10.84,30.57,-1.02,12.2,32.16,-4.0,0.15,highly inconsistent earnings,0.18,,1.62,,454.64,11.95,46.64,0.0,,12.55,-0.18,15.16,-0.1,765.6,425.0,36.9,13.6,-25.26,40.69,0.34,0.27,6,22.0,19.5,15.0,0.0,56.5,WATCH ⭐⭐,Expected ~74% CAGR (2yr) | ROCE trend rising ↑ | Low D/E 0.18 | FCF yield 12.0% | Piotroski F=6 (above average quality) | Dividend growing 10%/yr,Pattern still forming (not broken out),3-4 years,Medium-High,"yfinance, screener.in",100,220,,2026-06-01,2026-06-01,0,,1,
MEDICO,Medico Remedies Limited,Healthcare,Drug Manufacturers - Specialty & Generic,396.0,Micro-Cap,MonthlyDoubleBottom,Forming,1.0,14,Sep 14mo | Mid rally 122% | Asymmetry 7%,,Sideways,False,False,Below-MAs,True,Stage2,4,Uptrend,Uptrend,44.93,79.83,34.8,38.19,106.72,145.67,198.84,145.67,224.2,80.1,30.17,,5.21,0.83,24.0,,,,0,none,19.02,,,11.18,,6.35,6.38,37.5,,,36.5,,,34.9,0.5,insufficient history,0.25,,1.66,,-8.76,-2.21,61.38,0.0,,0.03,-0.46,0.0,0.0,56.88,30.22,21.0,48.7,15.47,-64.5,0.34,0.56,4,27.0,18.5,8.0,3.0,56.5,WATCH ⭐⭐,Expected ~80% CAGR (2yr) | Revenue CAGR 38% | Profit CAGR 36% | Low D/E 0.25 | Promoter 61% holding | PEG 0.83 — undervalued,Pattern still forming (not broken out),3-4 years,Medium-High,"yfinance, screener.in",70,49,,2026-06-01,2026-06-01,0,,1,
PARAGMILK,Parag Milk Foods Limited,Consumer Defensive,Packaged Foods,2801.0,Small-Cap,MonthlyDoubleBottom,Forming,1.0,26,Sep 26mo | Mid rally 106% | Asymmetry 6%,MonthlyDoubleBottom+MonthlyStage2,Sideways,False,False,Below-MAs,True,Stage2,15,Uptrend,Uptrend,214.03,376.95,177.84,181.93,739.84,1010.4,1379.91,1010.4,372.1,117.3,21.05,13.98,2.2,0.58,10.85,45.0,30.0,275.0,2,strong_buy,12.3,13.5,5.6,7.0,2.46,3.54,6.94,11.25,9.69,15.69,13.45,36.57,7.51,23.0,0.4,lumpy earner,0.48,,1.71,,130.83,4.67,40.65,0.0,,8.77,-0.49,5.25,-0.91,376.95,177.84,43.2,20.3,4.27,23.4,0.34,0.56,6,26.0,19.5,10.0,1.0,56.5,WATCH ⭐⭐,Expected ~117% CAGR (2yr) | Profit CAGR 37% | ROCE trend rising ↑ | FCF yield 4.7% | Piotroski F=6 (above average quality) | Dividend growing 30%/yr,Pattern still forming (not broken out),3-4 years,Medium-High,"yfinance, screener.in",100,121,,2026-06-01,2026-06-01,0,,1,
SURAJEST,SURAJ ESTATE DEVELOPERS L,Real Estate,Real Estate - Development,1078.0,Small-Cap,MonthlyDoubleBottom,Forming,1.0,14,Sep 14mo | Mid rally 222% | Asymmetry 6%,,Sideways,False,False,Below-MAs,False,Stage2,3,Uptrend,Uptrend,217.62,845.93,255.48,242.71,966.86,1436.38,2038.99,1404.07,560.0,156.9,11.77,11.83,1.09,0.26,7.76,0.0,,280.0,1,none,14.0,17.3,1.54,33.0,-1.14,16.47,,8.2,24.74,19.87,-2.0,45.22,74.83,25.9,0.15,highly inconsistent earnings,0.57,,,,,,69.8,0.2,,2.23,0.46,1.11,0.08,398.7,171.3,45.4,27.0,-33.65,,0.13,1.05,2,25.0,18.5,13.0,0.0,56.5,WATCH ⭐⭐,Expected ~157% CAGR (2yr) | Revenue CAGR 25% | Profit CAGR 45% | ROCE trend rising ↑ | Promoter 70% holding | OPM 33%,Margin compression ↓ | Pattern still forming (not broken out),3-4 years,Medium-High,"yfinance, screener.in",80,30,,2026-06-01,2026-06-01,0,,1,
HARIOMPIPE,Hariom Pipe Industries Limited,Basic Materials,Steel,1220.0,Small-Cap,MonthlyDoubleBottom,Forming,0.698,8,Sep 8mo | Mid rally 75% | Asymmetry 5%,,Sideways-Above-MA,True,True,Constructive,True,Stage2,1,Uptrend,Uptrend,312.75,571.56,319.99,303.99,732.54,1279.02,2233.17,1279.02,309.0,102.2,16.1,,2.02,0.22,7.76,15.0,1.67,,0,none,12.4,15.7,2.0,13.0,1.5,4.54,7.46,3.93,,,22.58,,,74.6,0.75,consistent growth,0.62,,1.68,,-33.97,-2.78,57.27,0.0,,9.5,0.27,0.06,0.01,572.2,268.05,45.3,16.7,-14.79,-75.7,0.37,0.64,6,28.0,17.38,11.0,0.0,56.4,WATCH ⭐⭐,Expected ~102% CAGR (2yr) | Revenue CAGR 27% | Profit CAGR 75% | ROCE trend rising ↑ | Promoter 57% holding | EPS: consistent growth,Pattern still forming (not broken out),3-4 years,Medium-High,"yfinance, screener.in",80,50,,2026-06-01,2026-06-01,0,,1,
SWARAJENG,Swaraj Engines Limited,Consumer Cyclical,Auto Parts,4660.0,Small-Cap,MonthlyDoubleBottom,Forming,0.479,13,Sep 13mo | Mid rally 53% | Asymmetry 6%,,Uptrend,True,False,Below-MAs,True,Stage2,3,Uptrend,Uptrend,3711.9,1662.58,1054.07,3155.11,8475.28,10178.81,12224.75,10178.81,174.2,65.6,23.7,21.21,9.51,1.18,16.57,288.0,9.31,4629.5,2,none,43.23,,,12.75,,9.78,21.51,20.2,,,20.1,,,20.1,0.5,insufficient history,0.0,,2.06,,1.77,0.04,52.11,-0.01,,2.82,-0.33,9.09,-0.65,4720.0,3301.3,21.4,12.4,3.85,69.08,0.24,0.42,5,29.0,17.25,8.0,2.0,56.2,WATCH ⭐⭐,Expected ~66% CAGR (2yr) | Revenue CAGR 20% | Profit CAGR 20% | ROE 43% | Nearly debt-free | Promoter 52% holding,Pattern still forming (not broken out),3-4 years,Medium-High,"yfinance, screener.in",70,287,,2026-06-01,2026-06-01,0,,1,
PANSARI,Pansari Developers Limited,Real Estate,Real Estate - Development,523.0,Small-Cap,MonthlyDoubleBottom,Forming,0.963,14,Sep 14mo | Mid rally 106% | Asymmetry 10%,,Downtrend,False,False,Below-MAs,False,Stage2,3,Uptrend,Uptrend,258.45,152.0,70.2,219.68,653.22,1407.29,3031.87,1407.29,444.5,133.3,30.69,,3.69,0.27,24.25,0.0,,,0,none,13.8,12.5,1.11,15.0,0.0,16.83,,140.0,61.01,21.67,150.0,115.44,37.97,1550.5,0.15,highly inconsistent earnings,0.48,,,,,,73.88,0.0,,,,,,352.3,218.0,26.6,18.6,25.96,174.33,0.88,-0.44,2,27.0,15.06,8.0,6.0,56.1,WATCH ⭐⭐,Expected ~133% CAGR (2yr) | Revenue CAGR 61% | Profit CAGR 115% | ROCE trend rising ↑ | Promoter 74% holding | PEG 0.27 — deeply undervalued,Pattern still forming (not broken out),3-4 years,Medium-High,"yfinance, screener.in",80,111,,2026-06-01,2026-06-01,0,,1,
WEALTH,Wealth First Portfolio Managers Limited,Financial Services,Capital Markets,1052.0,Small-Cap,MonthlyDoubleBottom,Forming,0.757,9,Sep 9mo | Mid rally 78% | Asymmetry 2%,MonthlyDoubleBottom+MonthlyStage2,Sideways,False,False,Below-MAs,True,Stage2,12,Uptrend,Uptrend,902.1,1388.83,771.33,766.78,616.88,2006.33,1200.29,860.49,122.4,49.1,44.06,,6.98,1.12,,162.0,10.06,,0,none,27.7,34.6,-0.91,72.0,0.49,54.41,24.22,13.33,32.85,22.16,11.76,39.49,23.93,,0.15,highly inconsistent earnings,,,5.79,,,,74.04,0.0,,0.04,,0.11,0.01,1410.0,774.95,36.0,16.4,-19.04,146.51,0.12,,5,37.0,15.08,4.0,0.0,56.1,WATCH ⭐⭐,Expected ~49% CAGR (2yr) | Revenue CAGR 33% | Profit CAGR 39% | ROE 28% | ROCE 35% | Promoter 74% holding,Pattern still forming (not broken out),3-4 years,Medium-High,"yfinance, screener.in",80,111,,2026-06-01,2026-06-01,0,,1,
KRISHANA,Krishana Phoschem Limited,Basic Materials,Agricultural Inputs,4131.0,Small-Cap,None,,0.0,0,,,Uptrend,True,False,Tight-Above-MAs,True,Stage2,1,Uptrend,Uptrend,681.7,,,579.45,1624.94,4112.73,10409.32,4112.73,503.3,145.6,22.94,,7.37,0.15,16.16,7.0,25.99,,0,none,38.15,,,10.7,,7.45,12.32,59.8,,,153.1,,,152.8,0.5,insufficient history,1.31,,1.36,,-380.94,-9.22,72.94,0.68,,0.26,0.06,,,718.5,375.4,5.1,81.6,44.16,185.26,,-0.03,2,26.0,15.0,7.0,8.0,56.0,WATCH ⭐⭐,Expected ~146% CAGR (2yr) | Revenue CAGR 60% | Profit CAGR 153% | ROE 38% | Promoter 73% holding | Dividend growing 26%/yr,High D/E 1.3,3-4 years,Medium-High,"yfinance, screener.in",70,112,,2026-06-01,2026-06-01,0,,1,
RPTECH,Rashi Peripherals Limited,Technology,Electronics & Computer Distribution,3579.0,Small-Cap,None,,0.0,0,,,Uptrend,True,False,Tight-Above-MAs,True,Downtrend,0,Uptrend,Uptrend,543.25,,,461.76,1824.54,2405.84,3172.34,2405.84,342.9,110.4,13.19,,1.93,0.41,9.81,37.0,100.0,,0,none,14.7,16.8,-2.57,3.0,-0.23,1.75,5.7,14.91,18.74,21.71,34.29,31.86,15.7,64.2,0.15,highly inconsistent earnings,0.49,,1.6,,-47.2,-1.32,64.01,0.03,,0.78,0.12,17.45,-1.0,560.0,275.6,3.0,97.1,86.72,,,1.0,4,20.0,14.0,12.0,10.0,56.0,WATCH ⭐⭐,Expected ~110% CAGR (2yr) | Revenue CAGR 19% | Profit CAGR 32% | Promoter 64% holding | Dividend growing 100%/yr | PEG 0.41 — deeply undervalued,None identified,3-4 years,Medium-High,"yfinance, screener.in",100,28,,2026-06-01,2026-06-01,0,,1,
GPPL,Gujarat Pipavav Port Limited,Industrials,Marine Shipping,7610.0,Small-Cap,MonthlyDoubleBottom,Forming,0.689,35,Sep 35mo | Mid rally 76% | Asymmetry 7%,MonthlyDoubleBottom+MonthlyStage2,Sideways,False,True,Below-MAs,True,Stage2,4,Uptrend,Uptrend,152.15,96.94,53.14,129.33,413.73,362.67,576.67,488.45,138.4,54.4,14.77,13.66,3.18,0.82,10.85,679.0,23.47,174.0,8,none,21.2,28.0,2.71,61.0,0.77,44.2,,17.21,8.09,9.58,29.72,18.06,18.33,8.6,0.15,highly inconsistent earnings,0.02,,,,,,44.01,0.0,,22.14,1.1,14.96,0.03,200.09,141.55,24.0,7.5,7.24,20.99,0.32,0.47,2,27.0,15.77,11.0,2.0,55.8,WATCH ⭐⭐,Expected ~54% CAGR (2yr) | ROE 21% | ROCE 28% | ROCE trend rising ↑ | Nearly debt-free | OPM 61%,Pattern still forming (not broken out),3-4 years,Medium-High,"yfinance, screener.in",80,189,,2026-06-01,2026-06-01,0,,1,
PERSISTENT,Persistent Systems Limited,Technology,Information Technology Services,81151.0,Large-Cap,MonthlyDoubleBottom,Forming,0.563,8,Sep 8mo | Mid rally 66% | Asymmetry 10%,MonthlyDoubleBottom+MonthlyStage2,Sideways,False,False,Below-MAs,True,Downtrend,0,Uptrend,Uptrend,5066.3,347.71,199.89,4306.36,4931.65,5982.08,7893.0,6239.03,18.1,8.7,43.67,29.77,10.37,1.65,28.48,85.0,-4.17,5596.65,34,buy,27.3,34.4,2.17,19.0,0.4,12.65,14.87,23.53,20.87,28.63,33.21,26.51,32.83,33.7,0.75,consistent growth,0.06,,2.43,,1456.11,1.79,30.29,0.0,,22.11,-0.68,30.47,0.67,6599.0,4449.1,23.2,13.9,-8.17,83.23,0.63,0.09,7,40.0,11.76,3.0,1.0,55.8,WATCH ⭐⭐,Expected ~9% CAGR (2yr) | Revenue CAGR 21% | Profit CAGR 27% | ROE 27% | ROCE 34% | ROCE trend rising ↑,Earnings due 2026-04-21 | Pattern still forming (not broken out),3-4 years,Medium-High,"yfinance, screener.in",100,194,2026-04-21,2026-06-01,2026-06-01,0,,1,
KRISHIVAL,KRISHIVAL FOODS LIMITED,Consumer Defensive,Packaged Foods,1022.0,Small-Cap,MonthlyStage2,Stage Change,1.0,24,10-EMA=357 | 30-EMA=321 | Above by 18.5% | MA turning=Yes,MonthlyDoubleBottom+MonthlyStage2,Sideways,False,False,Below-MAs,True,Stage2,15,Uptrend,Uptrend,379.85,320.55,214.73,322.87,744.93,1091.18,1598.36,1091.18,187.3,69.5,43.5,,5.98,0.94,23.32,6.0,68.69,,0,none,13.1,16.2,1.43,9.0,-0.6,7.34,9.36,45.05,61.16,59.93,57.14,46.48,85.56,3.5,0.4,lumpy earner,0.18,,5.19,,-54.9,-5.37,37.23,0.02,,0.54,-0.36,1.33,1.33,508.0,282.3,25.2,34.6,4.35,4.72,0.23,-1.03,4,25.0,19.5,9.0,2.0,55.5,WATCH ⭐⭐,Expected ~70% CAGR (2yr) | Revenue CAGR 61% | Profit CAGR 46% | ROCE trend rising ↑ | Low D/E 0.18 | Margin compressing ↓ ⚠️,Margin compression ↓,3-4 years,Medium-High,"yfinance, screener.in",100,50,,2026-06-01,2026-06-01,0,,1,
STYRENIX,Styrenix Performance Materials Limited,Basic Materials,Chemicals,4023.0,Small-Cap,MonthlyDoubleBottom,Forming,1.0,31,Sep 31mo | Mid rally 179% | Asymmetry 8%,MonthlyDoubleBottom+MonthlyStage2,Uptrend,True,False,Constructive,True,Stage2,1,Uptrend,Uptrend,2268.4,543.85,186.84,1928.14,4743.1,10091.42,21470.5,10091.42,344.9,110.9,21.98,16.97,3.23,0.19,12.26,236.0,-43.27,2964.0,1,strong_buy,14.6,15.1,-12.0,10.0,1.8,5.29,6.43,15.29,19.61,,-22.13,112.76,,30.8,0.15,highly inconsistent earnings,0.4,,2.29,,10.83,0.27,46.24,0.0,,0.95,-0.27,17.33,1.58,3498.0,1780.0,35.2,27.4,-20.4,113.74,0.42,,6,22.0,25.5,8.0,0.0,55.5,WATCH ⭐⭐,Expected ~111% CAGR (2yr) | Revenue CAGR 20% | Profit CAGR 113% | Piotroski F=6 (above average quality) | DII buying +1.6% ↑ | PEG 0.19 — deeply undervalued,Pattern still forming (not broken out),3-4 years,Medium-High,"yfinance, screener.in",100,286,,2026-06-01,2026-06-01,0,,1,
MBAPL,Madhya Bharat Agro Products Limited,Basic Materials,Agricultural Inputs,4642.0,Small-Cap,MonthlyDoubleBottom,Forming,0.328,17,Sep 17mo | Mid rally 39% | Asymmetry 6%,,Uptrend,True,False,Uptrend,True,Stage2,1,Uptrend,Uptrend,530.85,342.81,239.72,451.22,659.34,1170.33,2077.34,1170.33,120.5,48.5,30.87,,10.12,0.4,21.38,9.0,58.74,,0,none,,,,9.82,,5.92,,115.8,,,77.5,,,77.4,0.5,insufficient history,0.68,,,,,,74.76,0.0,,0.46,0.27,,,585.0,340.0,9.3,56.1,35.03,56.85,0.62,-0.03,1,23.0,17.44,7.0,8.0,55.4,WATCH ⭐⭐,Expected ~48% CAGR (2yr) | Revenue CAGR 116% | Profit CAGR 78% | Promoter 75% holding | Dividend growing 59%/yr | PEG 0.40 — deeply undervalued,Pattern still forming (not broken out),3-4 years,Medium-High,"yfinance, screener.in",50,117,,2026-06-01,2026-06-01,0,,1,
MAZDOCK,Mazagon Dock Shipbuilders Limited,Industrials,Aerospace & Defense,99090.0,Large-Cap,MonthlyDoubleBottom,Forming,0.814,13,Sep 13mo | Mid rally 89% | Asymmetry 8%,MonthlyCupHandle+MonthlyDoubleBottom+MonthlyStage2,Downtrend,False,False,Below-MAs,False,Stage2,4,Uptrend,Uptrend,2422.8,3751.65,1904.04,2059.38,3006.31,5599.26,5243.75,3970.43,131.1,52.0,38.32,30.1,10.16,1.19,38.25,78.0,-12.25,2851.44,9,none,29.2,36.0,4.06,17.0,2.57,19.86,4.83,13.77,18.44,26.29,6.79,32.07,38.06,108.8,0.4,lumpy earner,0.04,,1.4,,-3999.91,-4.04,81.22,0.0,,1.73,-0.07,5.09,-0.28,3548.7,2057.4,31.7,17.8,-17.41,276.32,0.42,0.67,4,37.0,13.27,5.0,0.0,55.3,WATCH ⭐⭐,Expected ~52% CAGR (2yr) | Revenue CAGR 18% | Profit CAGR 32% | ROE 29% | ROCE 36% | ROCE trend rising ↑,Pattern still forming (not broken out),3-4 years,Medium-High,"yfinance, screener.in",100,68,,2026-06-01,2026-06-01,0,,1,
BAJAJHLDNG,Bajaj Holdings & Investment Limited,Financial Services,Asset Management,115311.0,Large-Cap,MonthlyDoubleBottom,Forming,0.639,12,Sep 12mo | Mid rally 65% | Asymmetry 1%,MonthlyDoubleBottom+MonthlyStage2,Sideways,False,False,Below-MAs,True,Stage2,12,Uptrend,Uptrend,10313.0,2162.88,1309.36,8766.05,23380.94,29354.77,36854.91,29354.77,184.6,68.7,11.96,,1.58,0.47,129.51,154.0,-11.68,,0,none,12.0,11.0,0.31,85.0,1.69,857.46,0.72,44.79,27.03,18.55,47.74,25.55,21.79,49.2,0.15,highly inconsistent earnings,0.0,,3.45,,1610.17,1.4,51.46,0.0,,9.62,-0.64,8.08,0.77,14763.0,8588.0,30.1,20.1,-20.33,29.01,0.41,0.14,7,34.0,14.17,7.0,0.0,55.2,WATCH ⭐⭐,Expected ~69% CAGR (2yr) | Revenue CAGR 27% | Profit CAGR 26% | ROCE trend rising ↑ | Nearly debt-free | Promoter 51% holding,Earnings due 2026-08-05 | Pattern still forming (not broken out),3-4 years,Medium-High,"yfinance, screener.in",100,286,2026-08-05,2026-06-01,2026-06-01,0,,1,
SCHAEFFLER,Schaeffler India Limited,Consumer Cyclical,Auto Parts,64533.0,Large-Cap,MonthlyCupHandle,Forming,0.922,22,Cup 22mo | Depth 23% | Prior gain 30% | R²=1.00,MonthlyCupHandle+MonthlyDoubleBottom,Uptrend,True,False,Tight-Above-MAs,True,Stage2,3,Uptrend,Uptrend,3987.8,4584.62,3519.0,3389.63,3338.73,5650.24,4081.1,3691.3,41.7,19.0,53.19,40.96,10.67,5.04,,85.0,13.4,4788.71,7,none,20.2,27.3,0.0,18.0,-0.2,12.02,,4.24,11.67,,5.65,10.56,,25.6,0.15,highly inconsistent earnings,0.01,,,,,,74.13,0.0,,4.25,-0.2,16.32,0.21,4467.7,3518.4,10.7,13.3,6.78,8.87,0.58,,1,23.0,27.06,2.0,3.0,55.1,WATCH ⭐⭐,Expected ~19% CAGR (2yr) | ROE 20% | ROCE 27% | Nearly debt-free | Promoter 74% holding | Dividend growing 13%/yr,High PE 53 | Earnings due 2026-07-23 | Pattern still forming (not broken out),3-4 years,Medium-High,"yfinance, screener.in",80,287,2026-07-23,2026-06-01,2026-06-01,0,,1,
ABSLAMC,ADIT BIRL SUN LIF AMC LTD,Financial Services,Asset Management,30768.0,Large-Cap,None,,0.0,0,,,Uptrend,True,False,Uptrend,True,Stage2,12,Uptrend,Uptrend,1036.9,,,881.37,836.61,1041.6,1161.54,985.77,0.5,0.2,31.54,23.91,7.6,1.77,23.23,226.0,60.09,1125.36,14,buy,25.2,32.2,-2.57,60.0,-0.14,47.34,18.66,-6.91,11.0,8.95,4.73,17.83,13.14,-18.0,0.15,highly inconsistent earnings,0.02,,1.2,,882.22,2.87,74.82,0.0,,5.75,-0.3,11.55,0.76,1123.5,708.0,7.7,46.5,40.64,172.4,,0.34,4,32.0,13.0,2.0,8.0,55.0,WATCH ⭐⭐,Expected ~0% CAGR (2yr) | ROE 25% | ROCE 32% | Nearly debt-free | Promoter 75% holding | OPM 60%,None identified,3-4 years,Medium-High,"yfinance, screener.in",100,56,,2026-06-01,2026-06-01,0,,1,
SARDAEN,Sarda Energy & Minerals Limited,Basic Materials,Steel,18040.0,Mid-Cap,MonthlyDoubleBottom,Forming,1.0,20,Sep 20mo | Mid rally 119% | Asymmetry 0%,,Downtrend,False,False,Below-MAs,False,Stage2,1,Uptrend,Uptrend,537.95,12.83,5.84,457.26,872.13,1067.92,1307.67,1067.92,98.5,40.9,16.31,10.82,2.58,0.73,10.31,29.0,25.99,,0,none,16.1,17.4,-1.03,31.0,0.2,19.43,8.41,22.55,10.55,20.94,57.98,22.45,24.15,45.9,0.15,highly inconsistent earnings,0.35,,4.5,,582.53,3.23,73.16,0.0,,3.5,-0.04,3.32,0.39,639.75,420.75,15.9,27.9,29.08,247.79,0.29,0.51,6,26.0,16.0,8.0,5.0,55.0,WATCH ⭐⭐,Expected ~41% CAGR (2yr) | Profit CAGR 22% | Promoter 73% holding | OPM 31% | FCF yield 3.2% | Piotroski F=6 (above average quality),Pattern still forming (not broken out),3-4 years,Medium-High,"yfinance, screener.in",100,198,,2026-06-01,2026-06-01,0,,1,
PRICOLLTD,PRICOL LIMITED,Consumer Cyclical,Auto Parts,0.0,Micro-Cap,MonthlyCupHandle,Forming,0.699,17,Cup 17mo | Depth 32% | Prior gain 32% | R²=0.88,MonthlyCupHandle+MonthlyDoubleBottom,Downtrend,False,False,Below-MAs,False,Stage2,3,Uptrend,Uptrend,544.75,687.67,468.79,463.04,1209.22,1525.55,1924.63,1525.55,180.0,67.3,27.33,18.86,5.47,1.04,15.16,71.0,60.0,725.0,1,strong_buy,22.1,25.9,2.34,12.0,-0.11,6.21,9.87,50.11,27.3,23.39,50.3,26.16,42.98,109.5,0.15,highly inconsistent earnings,0.3,,1.21,,-194.07,,38.51,0.0,,15.61,-1.31,12.44,0.15,694.2,415.1,21.5,31.2,26.7,115.3,2.15,-0.09,4,30.0,11.89,8.0,5.0,54.9,WATCH ⭐⭐,Expected ~67% CAGR (2yr) | Revenue CAGR 27% | Profit CAGR 26% | ROE 22% | ROCE 26% | ROCE trend rising ↑,Pattern still forming (not broken out),3-4 years,Medium-High,"yfinance, screener.in",100,287,,2026-06-01,2026-06-01,0,,1,
CUB,City Union Bank Limited,Financial Services,Banks - Regional,18982.0,Mid-Cap,MonthlyDoubleBottom,Forming,0.818,23,Sep 23mo | Mid rally 82% | Asymmetry 1%,,Sideways-Above-MA,True,False,Tight-Above-MAs,True,Stage2,12,Uptrend,Uptrend,251.1,193.05,105.54,213.44,473.59,481.97,741.17,592.46,91.9,38.5,14.33,10.29,1.8,0.57,,78.0,25.99,316.23,22,buy,13.24,,,48.06,,37.62,1.52,23.6,,,25.1,,,24.9,0.5,insufficient history,,,,,,,,,,23.37,-0.12,40.73,0.5,324.1,187.05,22.5,34.2,23.33,79.39,0.53,0.45,2,18.0,22.82,9.0,5.0,54.8,WATCH ⭐⭐,Expected ~38% CAGR (2yr) | Revenue CAGR 24% | Profit CAGR 25% | OPM 48% | Dividend growing 26%/yr | PEG 0.57 — undervalued,Earnings due 2026-04-27 | Pattern still forming (not broken out),3-4 years,Medium-High,"yfinance, screener.in",40,287,2026-04-27,2026-06-01,2026-06-01,0,,1,
NAVINFLUOR,Navin Fluorine International Limited,Basic Materials,Chemicals,36562.0,Large-Cap,MonthlyDoubleBottom,Forming,0.472,19,Sep 19mo | Mid rally 47% | Asymmetry 0%,,Uptrend,True,True,Tight-Above-MAs,True,Stage2,1,Uptrend,Uptrend,7075.5,4902.73,3318.97,6014.18,3383.56,6486.49,4952.23,4093.42,,,54.65,38.04,9.19,2.6,33.73,21.0,7.06,7361.93,29,buy,20.3,21.4,-1.0,33.0,0.71,20.02,10.4,41.08,16.85,22.96,129.76,20.98,20.81,123.9,0.15,highly inconsistent earnings,0.32,,2.61,,56.74,0.16,27.1,-0.01,,23.78,0.04,27.61,-0.48,7525.0,4225.0,6.0,67.5,54.6,35.6,0.6,0.25,6,25.0,21.66,0.0,8.0,54.7,WATCH ⭐⭐,Revenue CAGR 17% | Profit CAGR 21% | ROE 20% | ROCE 21% | OPM 33% | Piotroski F=6 (above average quality),High PE 55 | Earnings due 2026-07-30 | Pattern still forming (not broken out),3-4 years,Medium-High,"yfinance, screener.in",100,228,2026-07-30,2026-06-01,2026-06-01,0,,1,
VBL,Varun Beverages Limited,Consumer Defensive,Beverages - Non-Alcoholic,178585.0,Large-Cap,MonthlyStage2,Stage Change,0.679,24,10-EMA=480 | 30-EMA=467 | Above by 10.2% | MA turning=Yes,MonthlyDoubleBottom+MonthlyStage2,Uptrend,True,False,Tight-Above-MAs,True,Stage2,15,Uptrend,Uptrend,514.8,467.23,383.25,437.58,449.32,551.21,595.77,517.39,7.1,3.5,56.17,43.66,9.12,3.71,34.57,38.0,12.62,587.23,26,strong_buy,16.2,19.7,2.03,23.0,0.69,14.02,,4.65,12.25,20.8,4.8,15.15,33.88,20.1,0.15,highly inconsistent earnings,0.13,,,,,,59.43,-0.01,,19.51,-0.8,14.35,0.79,544.4,381.0,5.4,35.1,20.31,38.61,0.35,0.27,3,21.0,24.65,1.0,8.0,54.6,WATCH ⭐⭐,Expected ~4% CAGR (2yr) | ROCE trend rising ↑ | Low D/E 0.13 | Promoter 59% holding | DII buying +0.8% ↑ | Dividend growing 13%/yr,High PE 56 | Earnings due 2026-07-28,3-4 years,Medium-High,"yfinance, screener.in",80,115,2026-07-28,2026-06-01,2026-06-01,0,,1,
BOSCHLTD,Bosch Limited,Consumer Cyclical,Auto Parts,108020.0,Large-Cap,MonthlyStage2,Stage Change,1.0,24,10-EMA=35156 | 30-EMA=31649 | Above by 17.3% | MA turning=Yes,MonthlyDoubleBottom+MonthlyStage2,Sideways-Above-MA,True,False,Constructive,True,Stage2,3,Uptrend,Uptrend,37130.0,31649.39,26188.55,31560.5,56469.12,58049.26,87979.08,70484.76,56.3,25.0,38.91,32.9,7.28,1.57,38.36,74.0,34.59,39396.0,4,buy,16.4,21.5,1.77,13.0,0.26,13.84,6.73,10.77,10.3,15.57,37.62,24.82,41.9,3.0,0.15,highly inconsistent earnings,0.01,,1.96,,-2037.69,-1.89,70.54,0.0,,7.22,-0.12,15.05,0.15,41945.0,28610.0,11.5,29.8,22.6,79.93,0.47,0.69,6,24.0,22.5,2.0,6.0,54.5,WATCH ⭐⭐,Expected ~25% CAGR (2yr) | Profit CAGR 25% | ROCE 22% | ROCE trend rising ↑ | Nearly debt-free | Promoter 71% holding,Earnings due 2026-08-03,3-4 years,Medium-High,"yfinance, screener.in",100,287,2026-08-03,2026-06-01,2026-06-01,0,,1,
INSECTICID,Insecticides (India) Limited,Basic Materials,Agricultural Inputs,2140.0,Small-Cap,MonthlyDoubleBottom,Forming,1.0,48,Sep 48mo | Mid rally 133% | Asymmetry 6%,MonthlyDoubleBottom+MonthlyStage2,Sideways-Above-MA,True,False,Constructive,True,Stage2,1,Uptrend,Uptrend,758.95,614.69,255.63,645.11,1414.98,1842.03,2397.95,1842.03,142.7,55.8,15.08,10.9,1.76,0.5,9.25,54.0,-30.66,,0,none,12.1,15.9,0.31,11.0,0.03,6.48,6.52,7.0,5.92,8.55,-2.11,30.18,8.14,-15.7,0.15,highly inconsistent earnings,0.13,,1.96,,-27.93,-1.3,72.3,0.0,,4.5,0.04,9.27,-0.13,1098.0,518.6,30.9,46.3,-13.89,49.0,0.4,,5,22.0,22.5,10.0,0.0,54.5,WATCH ⭐⭐,Expected ~56% CAGR (2yr) | Profit CAGR 30% | ROCE trend rising ↑ | Low D/E 0.13 | Promoter 72% holding | Piotroski F=5 (above average quality),Pattern still forming (not broken out),3-4 years,Medium-High,"yfinance, screener.in",100,229,,2026-06-01,2026-06-01,0,,1,
OLECTRA,Olectra Greentech Limited,Industrials,Farm & Heavy Construction Machinery,9686.0,Mid-Cap,MonthlyDoubleBottom,Forming,1.0,33,Sep 33mo | Mid rally 548% | Asymmetry 8%,,Sideways,False,False,Below-MAs,True,Stage2,4,Uptrend,Uptrend,1219.6,279.39,41.39,1036.66,1116.78,1552.55,2158.35,1552.55,27.3,12.8,54.65,27.25,8.63,1.4,1043.52,3.0,0.0,,0,none,15.6,21.0,3.89,14.0,1.11,2.01,,28.3,28.45,52.43,29.5,39.02,86.4,0.2,0.15,highly inconsistent earnings,0.33,,,,,,50.02,0.0,,7.11,0.21,0.68,-0.14,1714.2,866.6,28.9,40.7,11.56,2.47,0.68,0.3,3,30.0,19.5,3.0,2.0,54.5,WATCH ⭐⭐,Expected ~13% CAGR (2yr) | Revenue CAGR 28% | Profit CAGR 39% | ROCE 21% | ROCE trend rising ↑ | Promoter 50% holding,High PE 55 | Pattern still forming (not broken out),3-4 years,Medium-High,"yfinance, screener.in",80,287,,2026-06-01,2026-06-01,0,,1,
UNIONBANK,Union Bank of India,Financial Services,Banks - Regional,128153.0,Large-Cap,MonthlyDoubleBottom,Forming,1.0,33,Sep 33mo | Mid rally 152% | Asymmetry 0%,MonthlyCupHandle+MonthlyDoubleBottom,Sideways-Above-MA,True,False,Constructive,False,Stage2,12,Uptrend,Uptrend,158.96,166.52,65.95,135.12,685.36,619.53,1188.2,902.41,289.7,97.4,6.6,6.54,0.98,0.21,,298.0,35.72,195.2,15,buy,15.7,6.3,,-887.68,,35.66,1.25,-1.49,9.58,9.03,7.78,31.67,46.67,,0.4,lumpy earner,,,,,,,74.76,0.0,,9.37,1.23,11.51,-0.4,205.49,124.64,22.6,27.5,14.44,118.26,0.46,0.94,1,17.0,22.5,12.0,3.0,54.5,WATCH ⭐⭐,Expected ~97% CAGR (2yr) | Profit CAGR 32% | Promoter 75% holding | FII buying +1.2% ↑ | Dividend growing 36%/yr | PEG 0.21 — deeply undervalued,Earnings due 2026-07-14 | Pattern still forming (not broken out),3-4 years,Medium-High,"yfinance, screener.in",80,285,2026-07-14,2026-06-01,2026-06-01,0,,1,
VAIBHAVGBL,Vaibhav Global Limited,Consumer Cyclical,Luxury Goods,3719.0,Small-Cap,MonthlyDoubleBottom,Forming,1.0,17,Sep 17mo | Mid rally 113% | Asymmetry 3%,,Sideways,False,False,Constructive,True,Stage2,3,Uptrend,Uptrend,223.79,208.43,96.52,190.22,1146.28,1562.6,2130.14,1562.6,598.2,164.2,14.15,4.6,2.57,0.39,10.43,269.0,-37.0,,0,none,17.8,16.3,-3.37,10.0,-0.74,7.21,6.96,9.23,11.12,7.77,73.86,36.32,-0.45,167.4,0.15,highly inconsistent earnings,0.25,,2.75,,110.22,2.96,57.43,0.32,,16.44,-1.62,2.23,0.56,293.25,174.13,23.7,28.5,3.65,-45.71,0.3,0.23,5,21.0,19.5,12.0,2.0,54.5,WATCH ⭐⭐,Expected ~164% CAGR (2yr) | Profit CAGR 36% | Low D/E 0.25 | Promoter 57% holding | Margin compressing ↓ ⚠️ | Piotroski F=5 (above average quality),Margin compression ↓ | Pattern still forming (not broken out),3-4 years,Medium-High,"yfinance, screener.in",100,266,,2026-06-01,2026-06-01,0,,1,
ECLERX,eClerx Services Limited,Technology,Information Technology Services,14051.0,Mid-Cap,MonthlyDoubleBottom,Forming,0.785,10,Sep 10mo | Mid rally 81% | Asymmetry 3%,,Downtrend,False,False,Below-MAs,False,Downtrend,0,Uptrend,Uptrend,1553.8,1938.02,1056.37,1320.73,2733.71,2819.67,3491.91,3089.64,81.5,34.7,20.24,15.32,5.45,1.55,12.65,3.0,14.47,1859.4,10,buy,29.0,34.8,0.94,26.0,-1.03,17.15,16.0,22.31,15.85,21.36,30.5,13.02,20.06,24.4,0.4,lumpy earner,0.15,,3.4,,488.99,3.48,54.53,0.72,,11.82,0.43,23.95,-1.36,2497.5,1375.0,37.8,13.0,-3.78,68.39,1.25,0.37,6,35.0,11.42,8.0,0.0,54.4,WATCH ⭐⭐,Expected ~35% CAGR (2yr) | Revenue CAGR 16% | ROE 29% | ROCE 35% | ROCE trend rising ↑ | Low D/E 0.15,Margin compression ↓ | Pattern still forming (not broken out),3-4 years,Medium-High,"yfinance, screener.in",100,222,,2026-06-01,2026-06-01,0,,1,
GRSE,Garden Reach Shipbuilders & Engineers Limited,Industrials,Aerospace & Defense,30411.0,Large-Cap,MonthlyCupHandle,Forming,0.701,22,Cup 22mo | Depth 47% | Prior gain 124% | R²=0.96,,Uptrend,True,False,Constructive,False,Stage2,4,Uptrend,Uptrend,2658.5,3226.54,1708.53,2259.72,2698.1,4744.55,4161.99,3351.04,78.5,33.6,44.06,31.32,11.58,1.82,34.02,101.0,4.87,3075.25,4,none,31.79,,,16.15,,10.68,4.45,29.1,,,24.2,,,24.1,0.5,insufficient history,0.01,,1.23,,-291.49,-0.96,74.5,0.0,,3.51,0.55,1.69,0.05,3538.4,1963.7,24.9,35.4,-3.77,350.42,0.6,0.79,2,29.0,21.41,3.0,1.0,54.4,WATCH ⭐⭐,Expected ~34% CAGR (2yr) | Revenue CAGR 29% | Profit CAGR 24% | ROE 32% | Nearly debt-free | Promoter 74% holding,Pattern still forming (not broken out),3-4 years,Medium-High,"yfinance, screener.in",70,92,,2026-06-01,2026-06-01,0,,1,
AXISBANK,Axis Bank Limited,Financial Services,Banks - Regional,400124.0,Large-Cap,MonthlyDoubleBottom,Forming,1.0,20,Sep 20mo | Mid rally 100% | Asymmetry 0%,MonthlyDoubleBottom+MonthlyStage2,Uptrend,True,False,Constructive,False,Stage2,12,Uptrend,Uptrend,1238.3,292.75,145.82,1052.55,2363.05,2538.73,4272.9,3177.59,105.0,43.2,15.22,10.21,1.86,0.44,,8.0,0.0,1580.45,40,strong_buy,13.2,6.24,,39.19,,35.41,1.47,4.05,14.87,15.53,-5.83,34.47,29.63,1.7,0.15,highly inconsistent earnings,,,,,,,8.14,-0.01,,42.04,-0.54,43.35,0.7,1418.3,1042.5,12.7,18.8,10.79,2.66,0.62,0.45,2,14.0,25.0,11.0,4.0,54.0,WATCH ⭐⭐,Expected ~43% CAGR (2yr) | Profit CAGR 34% | OPM 39% | DII buying +0.7% ↑ | PEG 0.44 — deeply undervalued | Analyst target ₹1580 (+28%),Earnings due 2026-07-16 | Pattern still forming (not broken out),3-4 years,Medium-High,"yfinance, screener.in",80,331,2026-07-16,2026-06-01,2026-06-01,0,,1,
ADFFOODS,ADF Foods Limited,Consumer Defensive,Packaged Foods,2908.0,Small-Cap,MonthlyStage2,Stage Change,1.0,24,10-EMA=225 | 30-EMA=220 | Above by 22.2% | MA turning=Yes,MonthlyDoubleBottom+MonthlyStage2,Uptrend,True,False,Tight-Above-MAs,True,Stage2,15,Uptrend,Uptrend,269.15,220.23,167.18,228.78,424.5,497.22,582.4,497.22,84.7,35.9,32.35,,5.08,1.89,22.0,45.0,14.47,266.0,1,hold,17.8,22.8,-0.66,19.0,0.29,13.16,9.9,15.76,14.92,13.04,30.43,17.13,12.47,57.6,0.15,highly inconsistent earnings,0.1,,3.84,,-30.62,-1.05,36.14,0.0,,11.55,0.24,23.21,0.1,301.65,153.1,10.8,75.8,6.82,25.67,0.98,0.58,5,17.0,28.5,5.0,3.0,53.5,WATCH ⭐⭐,Expected ~36% CAGR (2yr) | ROCE 23% | Nearly debt-free | Piotroski F=5 (above average quality) | Dividend growing 14%/yr | EV/EBITDA 22× vs sector 30×,None identified,3-4 years,Medium-High,"yfinance, screener.in",100,189,,2026-06-01,2026-06-01,0,,1,
ARTEMISMED,Artemis Medicare Services Limited,,,0.0,Micro-Cap,MonthlyStage2,Stage Change,1.0,24,10-EMA=250 | 30-EMA=227 | Above by 21.1% | MA turning=Yes,MonthlyDoubleBottom+MonthlyStage2,Sideways-Above-MA,True,True,Constructive,True,Unknown,0,Uptrend,Uptrend,275.22,227.3,176.67,233.94,116.1,277.93,227.17,162.4,1.0,0.5,119.37,21.87,4.62,2.99,20.09,0.16,0.0,335.0,3,strong_buy,12.0,14.6,2.09,17.0,1.54,9.33,7.62,15.37,13.62,21.52,26.83,39.88,76.92,28.3,0.15,highly inconsistent earnings,0.28,,1.74,,10.12,,58.39,0.01,,12.19,-0.28,2.89,-0.02,297.5,203.35,7.5,35.3,15.78,97.68,0.95,,7,26.0,21.5,2.0,4.0,53.5,WATCH ⭐⭐,Expected ~0% CAGR (2yr) | Profit CAGR 40% | ROCE trend rising ↑ | Low D/E 0.28 | Promoter 58% holding | Piotroski F=7 (high quality compounder),High PE 119,3-4 years,Medium-High,"yfinance, screener.in",100,77,,2026-06-01,2026-06-01,0,,1,
EIHOTEL,EIH Limited,Consumer Cyclical,Lodging,18523.0,Mid-Cap,MonthlyDoubleBottom,Forming,1.0,24,Sep 24mo | Mid rally 191% | Asymmetry 3%,,Downtrend,False,False,Below-MAs,False,Stage2,3,Uptrend,Uptrend,326.25,187.68,63.63,277.31,667.96,841.17,1059.28,841.17,157.8,60.6,29.5,24.68,3.93,1.14,17.39,51.0,45.0,,0,none,14.5,20.7,7.03,35.0,18.91,21.37,8.89,7.18,13.35,42.86,-14.68,25.93,34.55,-6.1,0.2,multiple loss years in history,0.05,,2.69,,85.06,0.46,32.85,0.0,,6.62,0.46,13.88,-0.25,434.8,271.15,25.0,20.3,-3.88,32.66,0.1,-0.19,7,29.0,16.5,8.0,0.0,53.5,WATCH ⭐⭐,Expected ~61% CAGR (2yr) | Profit CAGR 26% | ROCE 21% | ROCE trend rising ↑ | Nearly debt-free | OPM 35%,Pattern still forming (not broken out),3-4 years,Medium-High,"yfinance, screener.in",100,365,,2026-06-01,2026-06-01,0,,1,
NAZARA,Nazara Technologies Limited,Communication Services,Electronic Gaming & Multimedia,10290.0,Mid-Cap,MonthlyStage2,Stage Change,1.0,24,10-EMA=270 | 30-EMA=250 | Above by 17.8% | MA turning=Yes,MonthlyDoubleBottom+MonthlyStage2,Sideways-Above-MA,True,False,Constructive,True,Downtrend,0,Uptrend,Uptrend,294.95,250.43,217.27,250.71,957.01,751.57,1165.57,1056.15,154.8,59.6,10.2,37.53,2.95,0.98,38.51,0.0,,294.7,10,buy,30.5,27.2,3.11,-2.0,-2.17,5.24,0.34,12.62,18.79,32.14,60.78,10.36,42.41,66971.4,0.15,highly inconsistent earnings,0.06,,2.05,,157.85,1.53,35.45,0.0,,13.3,1.32,2.16,-1.46,363.25,215.7,18.8,36.7,-1.71,39.74,1.27,0.07,6,25.0,21.5,6.0,1.0,53.5,WATCH ⭐⭐,Expected ~60% CAGR (2yr) | Revenue CAGR 19% | ROE 30% | ROCE 27% | ROCE trend rising ↑ | Nearly debt-free,Margin compression ↓,3-4 years,Medium-High,"yfinance, screener.in",100,63,,2026-06-01,2026-06-01,0,,1,
VADILALIND,Vadilal Industries Limited,Consumer Defensive,Packaged Foods,3481.0,Small-Cap,MonthlyDoubleBottom,Forming,1.0,32,Sep 32mo | Mid rally 199% | Asymmetry 2%,,Sideways,False,False,Constructive,True,Stage2,15,Uptrend,Uptrend,4250.8,1161.36,384.57,3613.18,9709.1,11389.75,13361.31,11389.75,167.9,63.7,22.42,,4.43,1.3,13.51,43.0,156.12,,0,none,20.1,22.2,2.69,17.0,1.83,10.17,11.7,21.41,12.42,26.55,3.33,17.31,98.73,149.4,0.15,highly inconsistent earnings,0.27,,3.0,,-20.01,-0.57,64.72,0.0,,0.58,0.02,0.42,0.0,6090.0,3996.0,30.2,6.4,-15.55,26.24,0.4,,6,24.0,20.5,8.0,1.0,53.5,WATCH ⭐⭐,Expected ~64% CAGR (2yr) | ROE 20% | ROCE 22% | ROCE trend rising ↑ | Low D/E 0.27 | Promoter 65% holding,Pattern still forming (not broken out),3-4 years,Medium-High,"yfinance, screener.in",100,180,,2026-06-01,2026-06-01,0,,1,
ZENSARTECH,Zensar Technologies Limited,Technology,Information Technology Services,11203.0,Mid-Cap,MonthlyDoubleBottom,Forming,1.0,46,Sep 46mo | Mid rally 195% | Asymmetry 7%,,Downtrend,False,False,Below-MAs,False,Downtrend,0,Uptrend,Uptrend,493.9,548.62,179.94,419.81,1507.37,1450.54,2674.02,2007.67,193.7,71.4,14.66,12.66,2.37,0.44,15.84,271.0,-21.7,614.83,12,buy,18.1,23.5,0.71,16.0,-0.09,7.27,,7.69,5.46,8.51,19.23,33.19,20.35,19.4,0.15,highly inconsistent earnings,0.02,,,,,,49.01,0.0,,10.51,-1.29,23.66,0.54,894.0,470.1,44.8,5.1,-32.96,9.64,0.53,,1,25.0,15.5,13.0,0.0,53.5,WATCH ⭐⭐,Expected ~71% CAGR (2yr) | Profit CAGR 33% | ROCE 24% | ROCE trend rising ↑ | Nearly debt-free | DII buying +0.5% ↑,Pattern still forming (not broken out),3-4 years,Medium-High,"yfinance, screener.in",80,287,,2026-06-01,2026-06-01,0,,1,
HAL,Hindustan Aeronautics Limited,Industrials,Aerospace & Defense,287827.0,Large-Cap,MonthlyCupHandle,Forming,0.939,21,Cup 21mo | Depth 19% | Prior gain 132% | R²=0.97,MonthlyCupHandle+MonthlyStage2,Sideways,False,False,Below-MAs,True,Stage2,4,Uptrend,Uptrend,4333.2,5084.06,4137.25,3930.39,5268.22,6030.87,7098.7,6115.35,39.2,18.0,31.55,25.78,7.01,1.96,29.73,116.0,25.99,5157.46,24,buy,24.0,32.0,1.43,30.0,1.97,27.55,3.55,6.8,7.11,7.66,8.99,16.08,22.94,5.5,0.4,lumpy earner,0.0,,2.61,,-14431.69,-5.01,71.64,0.0,,10.21,-0.65,10.43,0.75,5147.0,3479.1,15.8,24.5,-2.54,113.02,0.71,0.55,5,31.0,18.27,3.0,1.0,53.3,WATCH ⭐⭐,Expected ~18% CAGR (2yr) | ROE 24% | ROCE 32% | ROCE trend rising ↑ | Nearly debt-free | Promoter 72% holding,Earnings due 2026-08-11 | Pattern still forming (not broken out),3-4 years,Medium-High,"yfinance, screener.in",100,98,2026-08-11,2026-06-01,2026-06-01,0,,1,
MRF,MRF Limited,Consumer Cyclical,Auto Parts,52344.0,Large-Cap,MonthlyDoubleBottom,Forming,0.547,40,Sep 40mo | Mid rally 61% | Asymmetry 6%,,Downtrend,False,False,Below-MAs,False,Stage2,3,Uptrend,Uptrend,126730.0,97766.92,58930.66,107720.5,501954.54,496535.28,1079661.83,736166.53,291.8,97.9,21.6,18.26,2.5,0.46,10.27,19.0,-74.22,137088.4,10,none,12.5,15.7,1.26,16.0,0.26,7.79,6.39,10.65,10.63,14.02,29.8,46.66,13.69,37.1,0.15,highly inconsistent earnings,0.15,,1.65,,2325.5,4.44,27.77,0.04,,17.98,-0.2,12.25,-0.25,163600.0,122000.0,22.5,3.9,-3.4,2.66,0.62,0.2,7,28.0,11.06,13.0,1.0,53.1,WATCH ⭐⭐,Expected ~98% CAGR (2yr) | Profit CAGR 47% | ROCE trend rising ↑ | Low D/E 0.15 | FCF yield 4.4% | Piotroski F=7 (high quality compounder),Earnings due 2026-05-07 | Pattern still forming (not broken out),3-4 years,Medium-High,"yfinance, screener.in",100,287,2026-05-07,2026-06-01,2026-06-01,0,,1,
PYRAMID,Pyramid Technoplast Limited,Consumer Cyclical,Packaging & Containers,602.0,Small-Cap,MonthlyDoubleBottom,Forming,0.926,21,Sep 21mo | Mid rally 94% | Asymmetry 2%,MonthlyDoubleBottom+MonthlyStage2,Uptrend,True,False,Constructive,True,Stage2,3,Uptrend,Uptrend,170.81,258.24,131.8,145.19,782.98,1230.84,1934.88,1230.84,620.6,168.4,20.58,,2.3,0.36,13.64,31.0,,,0,none,10.96,,,8.17,,4.23,6.16,13.8,,,57.2,,,51.6,0.5,insufficient history,0.67,,1.73,,-134.41,-22.34,74.94,0.0,,0.97,0.01,3.26,0.0,190.0,131.8,10.1,29.6,2.59,,1.55,0.26,3,14.0,24.11,12.0,3.0,53.1,WATCH ⭐⭐,Expected ~168% CAGR (2yr) | Profit CAGR 57% | Promoter 75% holding | PEG 0.36 — deeply undervalued | EV/EBITDA 14× below sector (25×) | MonthlyDoubleBottom forming (21mo base),Pattern still forming (not broken out),3-4 years,Medium-High,"yfinance, screener.in",70,34,,2026-06-01,2026-06-01,0,,1,
BALUFORGE,Balu Forge Industries Limited,Industrials,Metal Fabrication,5780.0,Small-Cap,None,,0.0,0,,,Downtrend,False,False,Below-MAs,False,Stage2,4,Uptrend,Uptrend,469.45,,,399.03,1477.47,2766.42,5179.84,2766.42,489.3,142.8,21.42,,4.08,0.25,17.18,3.0,0.0,,0,none,25.4,31.3,0.9,28.0,4.09,22.98,,20.45,50.42,50.95,25.49,87.24,100.0,20.5,0.4,lumpy earner,0.07,,,,,,54.39,-0.48,,6.03,-1.91,0.89,0.09,784.0,341.05,40.1,37.6,-26.55,,,0.61,3,40.0,3.0,10.0,0.0,53.0,WATCH ⭐⭐,Expected ~143% CAGR (2yr) | Revenue CAGR 50% | Profit CAGR 87% | ROE 25% | ROCE 31% | ROCE trend rising ↑,None identified,3-4 years,Medium-High,"yfinance, screener.in",80,26,,2026-06-01,2026-06-01,0,,1,
FIVESTAR,Five-Star Business Finance Limited,Financial Services,Credit Services,13140.0,Mid-Cap,MonthlyDoubleBottom,Forming,0.876,30,Sep 30mo | Mid rally 89% | Asymmetry 1%,,Sideways,False,False,Below-MAs,True,Stage2,12,Uptrend,Uptrend,453.4,940.49,494.39,469.67,1834.81,2716.02,9192.35,4106.85,499.0,144.8,11.95,9.08,1.78,0.1,,45.0,,629.78,9,none,16.0,17.0,,60.51,,48.52,7.27,103.48,104.25,,196.23,123.83,,-3.5,0.4,lumpy earner,1.11,,329.68,,,,18.61,0.05,,48.48,-4.47,17.58,2.84,828.0,338.15,45.2,34.1,-33.61,-52.84,0.34,0.78,3,24.0,18.01,11.0,0.0,53.0,WATCH ⭐⭐,Expected ~145% CAGR (2yr) | Revenue CAGR 104% | Profit CAGR 124% | OPM 61% | DII buying +2.8% ↑ | PEG 0.10 — deeply undervalued,High D/E 1.1 | Pattern still forming (not broken out),3-4 years,Medium-High,"yfinance, screener.in",90,43,,2026-06-01,2026-06-01,0,,1,
PHOENIXLTD,The Phoenix Mills Limited,Real Estate,Real Estate - Diversified,63345.0,Large-Cap,MonthlyDoubleBottom,Forming,1.0,19,Sep 19mo | Mid rally 106% | Asymmetry 5%,MonthlyCupHandle+MonthlyDoubleBottom,Uptrend,True,False,Tight-Above-MAs,True,Stage2,3,Uptrend,Uptrend,1721.8,485.27,230.52,1463.53,897.56,1351.84,929.25,913.27,,,50.5,34.28,5.76,28.86,26.98,14.0,27.72,2009.7,20,buy,11.6,12.8,1.86,60.0,2.23,27.67,6.41,16.18,19.13,33.58,19.13,1.75,100.54,50.0,0.15,highly inconsistent earnings,0.37,,0.87,,1810.56,2.86,47.25,0.0,,32.97,-0.88,16.14,0.88,1993.0,1402.5,13.6,22.8,17.87,98.47,0.33,0.33,6,19.0,28.0,2.0,4.0,53.0,WATCH ⭐⭐,Revenue CAGR 19% | ROCE trend rising ↑ | OPM 60% | Piotroski F=6 (above average quality) | DII buying +0.9% ↑ | Dividend growing 28%/yr,High PE 51 | Earnings due 2026-07-23 | Pattern still forming (not broken out),3-4 years,Medium-High,"yfinance, screener.in",100,230,2026-07-23,2026-06-01,2026-06-01,0,,1,
RBZJEWEL,RBZ Jewellers Limited,Consumer Cyclical,Luxury Goods,497.0,Micro-Cap,MonthlyDoubleBottom,Forming,1.0,10,Sep 10mo | Mid rally 107% | Asymmetry 6%,,Downtrend,False,False,Below-MAs,False,Stage2,3,Uptrend,Uptrend,123.52,251.68,118.15,112.24,987.5,1346.95,1837.24,1346.95,990.5,230.2,9.08,,1.66,0.25,7.23,,,,0,none,20.11,,,10.43,,8.61,13.06,38.0,,,36.4,,,36.3,0.5,insufficient history,0.57,,2.99,,-61.32,-12.33,75.0,0.0,,0.0,0.0,0.07,0.01,179.0,100.0,31.0,23.5,-5.21,,0.49,0.29,3,25.0,15.0,13.0,0.0,53.0,WATCH ⭐⭐,Expected ~230% CAGR (2yr) | Revenue CAGR 38% | Profit CAGR 36% | ROE 20% | Promoter 75% holding | PEG 0.25 — deeply undervalued,Pattern still forming (not broken out),3-4 years,Medium-High,"yfinance, screener.in",70,30,,2026-06-01,2026-06-01,0,,1,
RISHABH,Rishabh Instruments Limited,Technology,Scientific & Technical Instruments,2046.0,Small-Cap,MonthlyStage2,Breaking Out,1.0,24,10-EMA=417 | 30-EMA=404 | Above by 31.0% | MA turning=Yes,,Uptrend,True,True,Uptrend,True,Downtrend,0,Uptrend,Uptrend,529.2,403.96,209.95,449.82,834.57,984.21,1160.68,984.21,86.0,36.4,25.13,16.81,2.74,1.4,15.19,0.0,,630.0,1,strong_buy,12.0,14.5,-0.69,16.0,-0.71,10.52,6.01,7.64,10.78,14.72,290.48,17.93,17.9,207.7,0.15,highly inconsistent earnings,0.11,,3.02,,-33.72,-1.65,69.55,-0.12,,0.1,-0.14,11.72,-0.85,566.0,272.3,6.5,94.3,86.98,,1.75,1.12,4,11.0,27.0,7.0,8.0,53.0,WATCH ⭐⭐,Expected ~36% CAGR (2yr) | Low D/E 0.11 | Promoter 70% holding | Margin compressing ↓ ⚠️ | PEG 1.40 — fair value | EV/EBITDA 15× vs sector 20×,Margin compression ↓,3-4 years,Medium-High,"yfinance, screener.in",100,33,,2026-06-01,2026-06-01,0,,1,
LODHA,Lodha Developers Limited,Real Estate,Real Estate - Development,93708.0,Large-Cap,MonthlyDoubleBottom,Forming,0.37,12,Sep 12mo | Mid rally 43% | Asymmetry 6%,,Sideways,False,False,Below-MAs,True,Stage2,3,Uptrend,Uptrend,892.2,1525.97,1039.62,987.64,2242.78,3054.47,8208.47,4290.67,242.4,85.0,27.4,19.73,4.02,0.3,20.25,45.0,88.89,1200.17,18,none,15.8,16.6,1.91,30.0,1.26,20.56,5.26,21.02,20.76,25.07,24.0,91.31,134.87,9.4,0.15,highly inconsistent earnings,0.42,,1.75,,-2345.45,-2.5,72.27,0.42,,21.24,-2.25,4.62,1.45,1531.0,650.8,41.7,37.1,-27.89,9.01,0.72,0.6,6,31.0,10.94,11.0,0.0,52.9,WATCH ⭐⭐,Expected ~85% CAGR (2yr) | Revenue CAGR 21% | Profit CAGR 91% | ROCE trend rising ↑ | Promoter 72% holding | OPM 30%,Earnings due 2026-04-24 | Pattern still forming (not broken out),3-4 years,Medium-High,"yfinance, screener.in",100,62,2026-04-24,2026-06-01,2026-06-01,0,,1,
SILVERTUC,Silver Touch Technologies Limited,Technology,Information Technology Services,2134.0,Small-Cap,MonthlyDoubleBottom,Forming,0.354,13,Sep 13mo | Mid rally 37% | Asymmetry 2%,,Sideways,False,False,Below-MAs,True,Downtrend,0,Uptrend,Uptrend,146.05,844.59,609.96,579.46,126.46,1079.22,297.03,193.81,638.9,171.8,59.47,,14.71,1.12,36.57,3.0,-20.63,,0,none,23.6,28.9,4.77,18.0,2.6,10.45,11.89,20.14,28.26,17.88,63.64,53.26,104.77,43.4,0.15,highly inconsistent earnings,0.2,,1.95,,7.3,0.34,74.62,0.01,,1.14,0.39,0.0,-0.04,1117.45,100.5,86.9,45.3,-73.57,242.41,0.59,0.5,7,40.0,9.75,3.0,0.0,52.8,WATCH ⭐⭐,Expected ~172% CAGR (2yr) | Revenue CAGR 28% | Profit CAGR 53% | ROE 24% | ROCE 29% | ROCE trend rising ↑,High PE 59 | Pattern still forming (not broken out),3-4 years,Medium-High,"yfinance, screener.in",100,102,,2026-06-01,2026-06-01,0,,1,
APOLLOHOSP,Apollo Hospitals Enterprise Limited,Healthcare,Medical Care Facilities,117566.0,Large-Cap,MonthlyDoubleBottom,Forming,0.676,13,Sep 13mo | Mid rally 70% | Asymmetry 3%,,Uptrend,True,False,Uptrend,True,Stage2,4,Uptrend,Uptrend,8026.0,1784.0,1031.85,6822.1,9131.62,10982.61,16247.79,12180.66,36.8,17.0,60.61,38.27,12.4,1.82,33.0,24.0,-12.64,9185.53,30,strong_buy,22.1,17.9,1.46,15.0,0.51,7.7,8.44,15.76,14.94,19.03,33.09,33.39,71.0,35.9,0.15,highly inconsistent earnings,0.85,,1.06,,395.55,0.34,28.02,0.0,,42.62,-0.92,22.76,1.26,8443.0,6696.5,4.9,19.9,18.56,35.66,0.6,0.16,6,23.0,21.61,2.0,6.0,52.6,WATCH ⭐⭐,Expected ~17% CAGR (2yr) | Profit CAGR 33% | ROE 22% | ROCE trend rising ↑ | Piotroski F=6 (above average quality) | DII buying +1.3% ↑,High PE 61 | Earnings due 2026-08-12 | Pattern still forming (not broken out),3-4 years,Medium-High,"yfinance, screener.in",100,287,2026-08-12,2026-06-01,2026-06-01,0,,1,
DMCC,DMCC Speciality Chemicals Limited,Basic Materials,Chemicals,672.0,Small-Cap,MonthlyDoubleBottom,Forming,0.84,14,Sep 14mo | Mid rally 85% | Asymmetry 1%,MonthlyDoubleBottom+MonthlyStage2,Uptrend,True,False,Below-MAs,True,Stage2,1,Uptrend,Uptrend,295.65,449.34,242.55,251.3,407.68,656.13,1002.71,639.36,121.9,49.0,24.57,,2.7,0.43,10.79,93.0,35.72,,0,none,11.5,15.3,-0.63,11.0,-0.86,4.7,7.2,35.03,14.57,23.82,22.73,56.83,-3.93,9.8,0.15,highly inconsistent earnings,0.29,,1.37,,-17.99,-2.68,53.84,0.0,,0.13,0.0,1.27,0.0,350.0,191.35,15.5,54.5,21.65,-27.8,1.18,0.28,2,16.0,21.58,10.0,5.0,52.6,WATCH ⭐⭐,Expected ~49% CAGR (2yr) | Profit CAGR 57% | Low D/E 0.29 | Promoter 54% holding | Margin compressing ↓ ⚠️ | Dividend growing 36%/yr,Margin compression ↓ | Pattern still forming (not broken out),3-4 years,Medium-High,"yfinance, screener.in",100,54,,2026-06-01,2026-06-01,0,,1,
BCLIND,BCL Industries Limited,Consumer Defensive,Beverages - Wineries & Distilleries,963.0,Small-Cap,MonthlyDoubleBottom,Forming,1.0,40,Sep 40mo | Mid rally 223% | Asymmetry 7%,,Downtrend,False,False,Below-MAs,False,Stage2,15,Uptrend,Uptrend,33.81,85.38,25.53,28.74,244.28,307.77,387.76,307.77,810.3,201.7,8.37,,1.13,0.32,5.48,80.0,-19.59,,0,none,13.0,13.2,-0.54,8.0,0.49,4.12,7.82,4.16,17.27,15.49,24.27,25.99,24.97,-8.6,0.15,highly inconsistent earnings,0.6,,2.01,,166.15,17.25,58.23,0.2,,0.43,0.06,0.0,-0.02,49.3,25.53,31.4,32.4,-12.46,-54.71,0.59,0.72,6,23.0,16.5,13.0,0.0,52.5,WATCH ⭐⭐,Expected ~202% CAGR (2yr) | Revenue CAGR 17% | Profit CAGR 26% | Promoter 58% holding | FCF yield 17.2% | Piotroski F=6 (above average quality),Pattern still forming (not broken out),3-4 years,Medium-High,"yfinance, screener.in",100,63,,2026-06-01,2026-06-01,0,,1,
BLISSGVS,Bliss GVS Pharma Limited,Healthcare,Drug Manufacturers - Specialty & Generic,4499.0,Small-Cap,MonthlyDoubleBottom,Forming,1.0,31,Sep 31mo | Mid rally 217% | Asymmetry 10%,,Uptrend,True,True,Uptrend,True,Stage2,4,Uptrend,Uptrend,282.8,215.02,64.6,240.38,435.39,525.0,633.04,525.0,85.6,36.3,35.47,,3.97,1.72,32.77,24.0,0.0,,0,none,11.6,16.8,0.6,18.0,0.11,12.57,,14.44,7.22,9.95,50.0,20.58,12.78,-2.3,0.15,highly inconsistent earnings,0.04,,,,,,35.36,0.0,,10.45,-4.09,5.04,-0.74,438.0,118.0,35.4,139.7,87.45,235.06,0.53,0.95,2,14.0,26.5,2.0,10.0,52.5,WATCH ⭐⭐,Expected ~36% CAGR (2yr) | Profit CAGR 21% | ROCE trend rising ↑ | Nearly debt-free | MonthlyDoubleBottom forming (31mo base) | Weekly uptrend,Pattern still forming (not broken out),3-4 years,Medium-High,"yfinance, screener.in",80,191,,2026-06-01,2026-06-01,0,,1,
DHANUKA,Dhanuka Agritech Limited,Basic Materials,Agricultural Inputs,5115.0,Small-Cap,MonthlyDoubleBottom,Forming,1.0,24,Sep 24mo | Mid rally 117% | Asymmetry 4%,,Sideways,False,False,Below-MAs,True,Stage2,1,Uptrend,Uptrend,1181.6,1975.0,889.6,1004.36,1612.77,3060.4,2038.62,1813.23,159.0,60.9,17.79,14.5,3.31,1.43,12.02,18.0,-47.72,1414.38,8,buy,22.0,28.3,-0.57,20.0,0.66,14.22,10.87,15.69,11.25,12.69,24.27,12.43,16.07,29.5,0.15,highly inconsistent earnings,0.02,,4.09,,112.15,2.19,69.72,0.0,,1.93,-0.21,19.43,0.65,1975.0,889.6,40.2,32.8,-24.85,26.84,3.26,0.31,6,27.0,19.5,6.0,0.0,52.5,WATCH ⭐⭐,Expected ~61% CAGR (2yr) | ROE 22% | ROCE 28% | Nearly debt-free | Promoter 70% holding | Piotroski F=6 (above average quality),Pattern still forming (not broken out),3-4 years,Medium-High,"yfinance, screener.in",100,180,,2026-06-01,2026-06-01,0,,1,
HAPPYFORGE,HAPPY FORGINGS LIMITED,Industrials,Metal Fabrication,13090.0,Mid-Cap,MonthlyStage2,Stage Change,1.0,24,10-EMA=1177 | 30-EMA=1076 | Above by 27.5% | MA turning=Yes,MonthlyDoubleBottom+MonthlyStage2,Uptrend,True,False,Tight-Above-MAs,True,Stage2,4,Uptrend,Uptrend,1371.9,1076.29,767.47,1166.12,1124.54,1385.11,1437.19,1271.29,1.0,0.5,43.48,29.41,6.68,3.33,27.89,29.0,-25.0,1455.29,7,buy,15.2,18.2,-1.5,30.0,0.63,19.5,9.84,9.72,8.9,21.45,13.11,13.05,28.56,23.4,0.4,lumpy earner,0.15,,2.35,,-33.0,-0.25,78.48,-0.02,,1.73,-0.11,16.48,-0.25,1490.0,862.05,7.9,59.1,50.68,,1.23,0.93,4,16.0,28.5,0.0,8.0,52.5,WATCH ⭐⭐,Expected ~0% CAGR (2yr) | Low D/E 0.15 | Promoter 78% holding | OPM 30% | MonthlyStage2 forming (24mo base) | Weekly uptrend,None identified,3-4 years,Medium-High,"yfinance, screener.in",100,30,,2026-06-01,2026-06-01,0,,1,
INDIAGLYCO,India Glycols Limited,Basic Materials,Chemicals,6535.0,Small-Cap,MonthlyDoubleBottom,Forming,1.0,41,Sep 41mo | Mid rally 459% | Asymmetry 8%,,Uptrend,True,False,Uptrend,True,Stage2,1,Uptrend,Uptrend,998.2,216.52,37.22,848.47,1295.85,1653.63,2110.2,1653.63,65.7,28.7,21.23,,2.52,0.77,12.59,128.0,25.99,,0,none,11.3,12.4,0.63,15.0,0.74,6.95,4.86,11.76,16.68,12.69,26.84,27.61,17.29,35.7,0.15,highly inconsistent earnings,0.58,,0.74,,-315.34,-4.83,59.63,0.0,,2.27,-0.15,5.19,-0.03,1222.0,792.5,18.3,26.0,5.61,213.31,0.49,0.31,5,18.0,26.5,6.0,2.0,52.5,WATCH ⭐⭐,Expected ~29% CAGR (2yr) | Revenue CAGR 17% | Profit CAGR 28% | ROCE trend rising ↑ | Promoter 60% holding | Piotroski F=5 (above average quality),Pattern still forming (not broken out),3-4 years,Medium-High,"yfinance, screener.in",100,286,,2026-06-01,2026-06-01,0,,1,
MUNJALSHOW,Munjal Showa Limited,Consumer Cyclical,Auto Parts,554.0,Small-Cap,MonthlyDoubleBottom,Forming,1.0,36,Sep 36mo | Mid rally 114% | Asymmetry 3%,MonthlyDoubleBottom+MonthlyStage2,Sideways-Above-MA,True,True,Constructive,True,Stage2,3,Uptrend,Uptrend,132.84,244.95,112.69,112.91,812.38,1488.28,2726.53,1488.28,1020.4,234.7,17.97,,0.83,0.22,10.81,325.0,0.0,,0,none,,,,2.79,,2.43,,9.6,,,83.2,,,82.4,0.5,insufficient history,,,,,,,65.02,0.0,,0.09,-0.08,0.01,0.0,157.5,110.3,15.7,20.4,9.66,-15.87,0.56,0.29,0,13.0,22.5,14.0,3.0,52.5,WATCH ⭐⭐,Expected ~235% CAGR (2yr) | Profit CAGR 83% | Promoter 65% holding | PEG 0.22 — deeply undervalued | EV/EBITDA 11× below sector (25×) | MonthlyDoubleBottom forming (36mo base),Pattern still forming (not broken out),3-4 years,Medium-High,"yfinance, screener.in",40,287,,2026-06-01,2026-06-01,0,,1,
NESCO,Nesco Limited,Industrials,Conglomerates,8269.0,Mid-Cap,MonthlyStage2,Stage Change,1.0,24,10-EMA=1182 | 30-EMA=1046 | Above by 20.3% | MA turning=Yes,MonthlyDoubleBottom+MonthlyStage2,Sideways-Above-MA,True,False,Constructive,True,Stage2,4,Uptrend,Uptrend,1258.6,1045.86,865.55,1069.81,2201.27,2473.79,2780.04,2473.79,96.6,40.2,20.04,17.34,2.76,1.62,14.43,60.0,29.4,1289.0,1,none,14.7,18.3,0.8,53.0,-2.11,40.01,10.08,27.32,19.51,26.21,10.13,12.38,19.15,5.0,0.15,highly inconsistent earnings,0.09,,0.83,,68.46,0.83,68.54,0.0,,4.63,-0.02,3.84,0.06,1638.9,911.65,23.2,38.1,16.06,79.94,0.36,0.56,5,23.0,22.5,5.0,2.0,52.5,WATCH ⭐⭐,Expected ~40% CAGR (2yr) | Revenue CAGR 20% | ROCE trend rising ↑ | Nearly debt-free | Promoter 69% holding | OPM 53%,Margin compression ↓,3-4 years,Medium-High,"yfinance, screener.in",100,218,,2026-06-01,2026-06-01,0,,1,
SHARDACROP,Sharda Cropchem Limited,Basic Materials,Agricultural Inputs,8165.0,Mid-Cap,MonthlyDoubleBottom,Breakout Ready,0.712,20,Sep 20mo | Mid rally 74% | Asymmetry 3%,,Downtrend,False,False,Below-MAs,False,Stage2,1,Uptrend,Uptrend,916.3,515.05,292.69,778.85,2076.78,2072.54,3287.16,2612.79,126.2,50.4,11.99,11.0,3.05,0.46,7.29,133.0,0.0,1262.17,6,buy,24.2,30.4,-0.06,20.0,-0.46,12.93,8.51,21.94,9.2,17.07,124.01,25.81,24.35,56.5,0.15,highly inconsistent earnings,,,1.86,,-142.3,-1.74,74.82,0.0,,4.6,0.4,9.7,-0.25,1297.0,720.95,29.4,27.1,21.62,47.2,1.27,0.7,3,19.0,15.54,14.0,4.0,52.5,WATCH ⭐⭐,Expected ~50% CAGR (2yr) | Profit CAGR 26% | ROE 24% | ROCE 30% | Promoter 75% holding | PEG 0.46 — deeply undervalued,None identified,3-4 years,Medium-High,"yfinance, screener.in",90,141,,2026-06-01,2026-06-01,0,,1,
INDIAMART,IndiaMART InterMESH Limited,Communication Services,Internet Content & Information,12117.0,Mid-Cap,MonthlyDoubleBottom,Forming,0.735,33,Sep 33mo | Mid rally 78% | Asymmetry 5%,,Downtrend,False,False,Below-MAs,False,Downtrend,0,Uptrend,Uptrend,1982.6,3241.48,1779.33,1690.36,2760.34,4703.63,3889.23,3276.52,137.2,54.0,25.58,19.55,5.05,1.37,17.31,149.0,268.4,2332.11,18,none,20.7,28.0,-0.4,30.0,-3.11,30.25,7.16,13.04,16.79,18.55,-13.79,18.7,11.15,-72.2,0.15,highly inconsistent earnings,0.01,,2.34,,503.42,4.15,49.12,0.0,,19.17,0.89,13.54,-2.87,2799.0,1911.0,29.2,3.7,-14.65,-50.59,0.5,0.26,5,32.0,12.32,8.0,0.0,52.3,WATCH ⭐⭐,Expected ~54% CAGR (2yr) | Revenue CAGR 17% | ROE 21% | ROCE 28% | Nearly debt-free | OPM 30%,Margin compression ↓ | Earnings due 2026-07-17 | Pattern still forming (not broken out),3-4 years,Medium-High,"yfinance, screener.in",100,83,2026-07-17,2026-06-01,2026-06-01,0,,1,
DLINKINDIA,D-Link (India) Limited,Technology,Communication Equipment,1647.0,Small-Cap,MonthlyStage2,Stage Change,0.894,24,10-EMA=439 | 30-EMA=410 | Above by 13.4% | MA turning=Yes,MonthlyDoubleBottom+MonthlyStage2,Uptrend,True,True,Tight-Above-MAs,True,Downtrend,0,Uptrend,Uptrend,464.65,409.72,352.15,394.95,884.61,942.46,1004.1,942.46,102.8,42.4,15.82,,3.26,2.42,11.62,884.0,91.29,,0,none,21.2,28.3,2.37,8.0,0.54,6.65,10.0,13.15,9.86,16.59,0.5,6.54,27.39,0.7,0.15,highly inconsistent earnings,0.03,,2.56,,-0.62,-0.04,51.02,0.0,,1.26,0.13,0.01,0.0,589.55,367.65,21.2,26.4,-6.59,77.36,0.88,0.28,5,21.0,26.23,4.0,1.0,52.2,WATCH ⭐⭐,Expected ~42% CAGR (2yr) | ROE 21% | ROCE 28% | ROCE trend rising ↑ | Nearly debt-free | Promoter 51% holding,None identified,3-4 years,Medium-High,"yfinance, screener.in",100,198,,2026-06-01,2026-06-01,0,,1,
CRAFTSMAN,Craftsman Automation Limited,Consumer Cyclical,Auto Parts,21647.0,Mid-Cap,MonthlyDoubleBottom,Breakout Ready,0.886,13,Sep 13mo | Mid rally 91% | Asymmetry 2%,,Uptrend,True,True,Tight-Above-MAs,True,Stage2,3,Uptrend,Uptrend,8536.0,7115.25,3696.88,7255.6,7419.19,10533.62,9851.16,8549.13,23.4,11.1,56.5,28.85,6.63,3.71,20.27,12.0,10.06,9161.88,8,buy,12.8,14.2,-0.54,15.0,-2.66,4.76,6.17,41.81,36.35,38.91,91.04,15.23,31.68,74.4,0.15,highly inconsistent earnings,1.11,,1.18,,-920.06,-4.25,48.7,0.0,,15.19,-0.83,28.29,3.04,9738.0,5100.0,12.3,67.4,60.81,90.23,4.68,0.23,3,11.0,29.13,4.0,8.0,52.1,WATCH ⭐⭐,Expected ~11% CAGR (2yr) | Revenue CAGR 36% | Margin compressing ↓ ⚠️ | DII buying +3.0% ↑ | Dividend growing 10%/yr | EV/EBITDA 20× vs sector 25×,High D/E 1.1 | High PE 56 | Margin compression ↓,3-4 years,Medium-High,"yfinance, screener.in",100,63,,2026-06-01,2026-06-01,0,,1,
FORCEMOT,Force Motors Limited,Consumer Cyclical,Auto Manufacturers,25658.0,Mid-Cap,None,,0.0,0,,,Downtrend,False,False,Below-MAs,False,Stage2,3,Uptrend,Uptrend,19206.0,,,16325.1,127970.1,266625.71,555514.67,266625.71,1288.2,272.6,18.76,,6.12,0.17,17.05,21.0,58.74,,0,none,29.2,36.1,9.23,16.0,3.37,13.38,12.82,12.2,21.67,35.43,51.31,108.35,53.33,-35.9,0.2,multiple loss years in history,,,1.87,,-98.59,-0.38,61.63,0.0,,10.93,0.47,1.75,-0.05,26450.0,11580.0,27.4,65.9,27.17,954.03,,0.59,6,33.0,3.0,12.0,4.0,52.0,WATCH ⭐⭐,Expected ~273% CAGR (2yr) | Revenue CAGR 22% | Profit CAGR 108% | ROE 29% | ROCE 36% | ROCE trend rising ↑,None identified,3-4 years,Medium-High,"yfinance, screener.in",90,81,,2026-06-01,2026-06-01,0,,1,
GULFOILLUB,Gulf Oil Lubricants India Limited,Basic Materials,Specialty Chemicals,4818.0,Small-Cap,MonthlyDoubleBottom,Forming,0.335,9,Sep 9mo | Mid rally 35% | Asymmetry 1%,,Sideways,False,False,Below-MAs,True,Stage2,1,Uptrend,Uptrend,905.95,752.98,553.73,770.06,1679.55,1801.82,2188.11,1917.04,98.9,41.0,13.3,9.65,2.91,0.94,8.3,432.0,-5.65,1629.0,5,strong_buy,24.3,26.2,1.0,13.0,0.2,8.57,9.63,11.7,10.59,,-3.36,14.14,,-2.6,0.15,highly inconsistent earnings,0.36,,1.85,,232.22,4.82,67.01,-0.1,,8.91,-0.31,8.17,0.04,1331.9,865.0,32.0,4.7,-17.87,99.87,0.38,0.66,7,29.0,10.02,13.0,0.0,52.0,WATCH ⭐⭐,Expected ~41% CAGR (2yr) | ROE 24% | ROCE 26% | ROCE trend rising ↑ | Promoter 67% holding | FCF yield 4.8%,Pattern still forming (not broken out),3-4 years,Medium-High,"yfinance, screener.in",100,143,,2026-06-01,2026-06-01,0,,1,
PATANJALI,Patanjali Foods Limited,Consumer Defensive,Packaged Foods,49629.0,Large-Cap,MonthlyDoubleBottom,Forming,1.0,9,Sep 9mo | Mid rally 137% | Asymmetry 5%,,Sideways,False,False,Below-MAs,True,Stage2,15,Uptrend,Uptrend,471.1,5144.45,2118.49,2012.57,2110.76,8170.41,6835.06,3798.31,1634.3,316.5,30.11,24.59,4.1,0.38,27.57,77.0,-4.35,611.25,4,none,11.4,,-11.29,5.0,2.8,4.24,,13.36,47.66,5.07,26.75,79.95,47.77,60.0,0.2,multiple loss years in history,0.24,,,,,,68.25,-0.01,,9.2,-1.62,12.06,-0.98,653.93,438.0,28.0,7.6,-6.26,-1.62,0.79,-0.14,2,21.0,18.0,13.0,0.0,52.0,WATCH ⭐⭐,Expected ~316% CAGR (2yr) | Revenue CAGR 48% | Profit CAGR 80% | Low D/E 0.24 | Promoter 68% holding | PEG 0.38 — deeply undervalued,Earnings due 2026-05-30 | Pattern still forming (not broken out),3-4 years,Medium-High,"yfinance, screener.in",70,287,2026-05-30,2026-06-01,2026-06-01,0,,1,
TCS,Tata Consultancy Services Limited,Technology,Information Technology Services,817290.0,Large-Cap,MonthlyDoubleBottom,Forming,0.538,30,Sep 30mo | Mid rally 54% | Asymmetry 1%,,Downtrend,False,False,Below-MAs,False,Downtrend,0,Uptrend,Uptrend,2327.1,4348.04,2804.96,2664.71,4083.45,5891.12,4531.21,4301.51,153.2,59.1,16.61,13.65,7.2,3.11,11.16,549.0,-9.06,2939.58,43,buy,51.8,63.0,3.09,27.0,-0.29,18.43,24.44,4.58,5.8,10.22,1.35,5.34,8.72,12.2,0.4,lumpy earner,0.1,,2.23,,37059.75,4.53,71.77,0.0,,9.66,-0.71,13.34,0.53,3538.0,2206.4,34.2,5.5,-23.02,-46.46,0.83,0.29,5,35.0,9.96,7.0,0.0,52.0,WATCH ⭐⭐,Expected ~59% CAGR (2yr) | ROE 52% | ROCE 63% | ROCE trend rising ↑ | Low D/E 0.10 | Promoter 72% holding,Earnings due 2026-07-09 | Pattern still forming (not broken out),3-4 years,Medium-High,"yfinance, screener.in",100,286,2026-07-09,2026-06-01,2026-06-01,0,,1,
THERMAX,Thermax Limited,Industrials,Conglomerates,56129.0,Large-Cap,MonthlyStage2,Breaking Out,1.0,24,10-EMA=3575 | 30-EMA=3451 | Above by 28.0% | MA turning=Yes,MonthlyDoubleBottom+MonthlyStage2,Uptrend,True,False,Uptrend,True,Stage2,4,Uptrend,Uptrend,4416.6,3451.42,2878.0,3754.11,2209.08,4024.84,3017.3,2581.76,,,78.12,51.63,10.12,4.63,54.62,28.0,15.87,4384.82,22,none,12.9,14.9,1.11,10.0,0.66,6.74,4.04,2.94,9.75,17.42,14.83,16.87,28.31,18.7,0.4,lumpy earner,0.42,,1.22,,-311.12,-0.55,61.99,0.0,,11.25,-1.11,15.49,0.65,5075.0,2742.7,13.0,61.0,37.13,72.51,1.88,0.2,4,15.0,28.0,-1.0,10.0,52.0,WATCH ⭐⭐,ROCE trend rising ↑ | Promoter 62% holding | DII buying +0.7% ↑ | Dividend growing 16%/yr | MonthlyStage2 — Breaking Out | Weekly uptrend,High PE 78 | Earnings due 2026-07-30,3-4 years,Medium-High,"yfinance, screener.in",100,287,2026-07-30,2026-06-01,2026-06-01,0,,1,
WINDLAS,Windlas Biotech Limited,Healthcare,Drug Manufacturers - Specialty & Generic,1719.0,Small-Cap,MonthlyAscTriangle,Forming,1.0,3,3 resistance tests | Support rise 238% | Resistance flat 8.2%,MonthlyAscTriangle+MonthlyDoubleBottom+MonthlyStage2,Sideways,False,False,Below-MAs,True,Stage2,4,Uptrend,Uptrend,767.4,1132.84,195.75,652.29,1412.91,2069.93,1879.96,1629.79,169.7,64.2,26.74,,3.27,1.74,14.54,70.0,18.34,,0,none,12.2,15.9,-0.14,12.0,-0.06,7.35,5.55,18.95,20.79,16.13,8.2,15.35,32.77,-1.8,0.15,highly inconsistent earnings,0.06,,1.95,,20.85,1.21,63.31,1.41,,0.99,0.39,10.2,-1.6,1097.9,697.4,30.1,10.0,-5.86,139.64,0.5,0.31,5,27.0,18.0,6.0,1.0,52.0,WATCH ⭐⭐,Expected ~64% CAGR (2yr) | Revenue CAGR 21% | Nearly debt-free | Promoter 63% holding | Promoters buying ↑ | Piotroski F=5 (above average quality),Pattern still forming (not broken out),3-4 years,Medium-High,"yfinance, screener.in",100,58,,2026-06-01,2026-06-01,0,,1,
ZFCVINDIA,ZF Commercial Vehicle Control Systems India Limited,Consumer Cyclical,Auto Parts,27833.0,Mid-Cap,MonthlyDoubleBottom,Forming,0.788,47,Sep 47mo | Mid rally 79% | Asymmetry 0%,MonthlyDoubleBottom+MonthlyStage2,Uptrend,True,False,Tight-Above-MAs,True,Stage2,3,Uptrend,Uptrend,14325.0,8444.59,4718.94,12176.25,13721.71,16964.12,18973.57,16135.36,18.4,8.8,53.76,36.06,7.54,3.06,,3.0,16.55,18207.25,4,strong_buy,15.2,20.3,0.2,16.0,1.4,12.55,7.96,7.52,6.15,,12.15,17.59,,46.1,0.15,highly inconsistent earnings,,,5.3,,564.08,2.03,60.0,0.0,,5.79,0.42,26.21,-0.47,16665.0,12302.0,14.0,16.4,14.56,-4.88,0.64,-0.05,6,19.0,25.96,3.0,4.0,52.0,WATCH ⭐⭐,Expected ~9% CAGR (2yr) | ROCE 20% | ROCE trend rising ↑ | Promoter 60% holding | Piotroski F=6 (above average quality) | Dividend growing 17%/yr,High PE 54 | Pattern still forming (not broken out),3-4 years,Medium-High,"yfinance, screener.in",90,286,,2026-06-01,2026-06-01,0,,1,
SIGMA,Sigma Solve Limited,Technology,Information Technology Services,419.0,Micro-Cap,MonthlyDoubleBottom,Forming,0.616,13,Sep 13mo | Mid rally 71% | Asymmetry 9%,,Downtrend,False,False,Below-MAs,False,Downtrend,0,Uptrend,Uptrend,41.12,307.38,171.56,162.98,77.26,443.2,93.59,85.03,977.8,228.3,17.59,,6.73,1.75,14.61,12.0,35.72,,0,none,37.8,48.3,0.66,30.0,-1.14,24.97,22.7,26.32,19.68,35.52,26.32,10.06,36.85,-21.4,0.15,highly inconsistent earnings,0.03,,5.24,,17.02,4.06,73.21,-0.01,,0.0,-0.03,,,65.5,35.02,37.2,17.4,17.22,-111.61,0.17,0.28,6,35.0,9.89,5.0,2.0,51.9,WATCH ⭐⭐,Expected ~228% CAGR (2yr) | Revenue CAGR 20% | ROE 38% | ROCE 48% | ROCE trend rising ↑ | Nearly debt-free,Margin compression ↓ | Pattern still forming (not broken out),3-4 years,Medium-High,"yfinance, screener.in",100,67,,2026-06-01,2026-06-01,0,,1,
ALKYLAMINE,Alkyl Amines Chemicals Limited,Basic Materials,Specialty Chemicals,8445.0,Mid-Cap,MonthlyDoubleBottom,Forming,0.301,8,Sep 8mo | Mid rally 31% | Asymmetry 1%,,Sideways,False,False,Below-MAs,True,Stage2,1,Uptrend,Uptrend,1766.3,2761.39,2100.17,1995.16,1275.26,3422.61,3140.98,2001.39,93.8,39.2,46.95,37.3,5.51,0.82,,76.0,0.0,1492.33,3,none,41.4,41.3,2.57,26.0,1.14,11.77,,17.38,25.61,15.84,133.72,56.94,34.9,-3.4,0.15,highly inconsistent earnings,,,,,,,72.05,0.02,,3.45,0.0,3.01,0.0,2438.8,1212.0,27.6,45.7,-17.62,-57.42,4.21,0.27,3,36.0,9.61,6.0,0.0,51.6,WATCH ⭐⭐,Expected ~39% CAGR (2yr) | Revenue CAGR 26% | Profit CAGR 57% | ROE 41% | ROCE 41% | ROCE trend rising ↑,Pattern still forming (not broken out),3-4 years,Medium-High,"yfinance, screener.in",70,223,,2026-06-01,2026-06-01,0,,1,
GLAXO,GlaxoSmithKline Pharmaceuticals Limited,Healthcare,Drug Manufacturers - General,37442.0,Large-Cap,MonthlyDoubleBottom,Forming,0.802,23,Sep 23mo | Mid rally 82% | Asymmetry 2%,,Downtrend,False,False,Below-MAs,False,Stage2,4,Uptrend,Uptrend,2389.4,1511.0,822.17,2030.99,3458.02,3661.91,4916.68,4123.35,53.3,23.8,36.76,28.6,21.92,1.91,26.5,258.0,21.22,2969.75,4,buy,48.4,65.1,6.51,34.0,2.71,27.11,18.42,1.95,5.53,5.49,11.64,19.24,23.68,5.7,0.15,highly inconsistent earnings,0.01,,2.03,,739.17,1.97,75.0,0.0,,4.62,-0.01,7.68,-0.02,3515.7,2194.4,32.0,8.9,-22.03,53.61,0.46,0.1,6,34.0,13.62,4.0,0.0,51.6,WATCH ⭐⭐,Expected ~24% CAGR (2yr) | ROE 48% | ROCE 65% | ROCE trend rising ↑ | Nearly debt-free | Promoter 75% holding,Pattern still forming (not broken out),3-4 years,Medium-High,"yfinance, screener.in",100,287,,2026-06-01,2026-06-01,0,,1,
IZMO,IZMO Limited,Technology,Software - Application,1124.0,Small-Cap,MonthlyDoubleBottom,Forming,1.0,12,Sep 12mo | Mid rally 177% | Asymmetry 4%,,Downtrend,False,False,Below-MAs,False,Downtrend,0,Uptrend,Uptrend,666.0,649.45,229.7,566.1,1273.23,1704.73,2282.46,1704.73,156.0,60.0,23.53,,2.95,0.69,16.74,0.0,-68.75,,0,none,12.4,12.6,0.29,18.0,-0.89,15.87,6.62,26.67,22.77,19.7,-2.04,33.89,12.2,151.1,0.15,highly inconsistent earnings,0.01,,2.62,,-35.61,-3.17,34.79,-0.02,,3.27,0.01,0.49,-0.02,1374.7,295.0,51.6,125.8,93.53,227.26,0.11,,5,22.0,14.5,9.0,6.0,51.5,WATCH ⭐⭐,Expected ~60% CAGR (2yr) | Revenue CAGR 23% | Profit CAGR 34% | ROCE trend rising ↑ | Nearly debt-free | Margin compressing ↓ ⚠️,Margin compression ↓ | Pattern still forming (not broken out),3-4 years,Medium-High,"yfinance, screener.in",100,232,,2026-06-01,2026-06-01,0,,1,
RESPONIND,Responsive Industries Limited,Basic Materials,Specialty Chemicals,5179.0,Small-Cap,MonthlyDoubleBottom,Forming,1.0,42,Sep 42mo | Mid rally 183% | Asymmetry 1%,,Sideways-Above-MA,True,True,Constructive,True,Stage2,1,Uptrend,Uptrend,165.42,206.53,72.68,140.61,187.89,344.56,631.85,344.56,108.3,44.3,34.87,,3.52,0.42,22.05,5.0,0.0,,0,none,10.3,10.8,2.2,17.0,1.26,10.65,5.94,-1.69,12.69,13.02,-25.63,83.38,43.88,-57.9,0.15,highly inconsistent earnings,0.12,,6.16,,-50.99,-0.98,59.14,0.0,,32.2,0.97,3.22,-0.06,251.0,117.25,34.1,41.1,-22.73,-21.44,2.03,0.6,6,21.0,22.5,7.0,1.0,51.5,WATCH ⭐⭐,Expected ~44% CAGR (2yr) | Profit CAGR 83% | ROCE trend rising ↑ | Low D/E 0.12 | Promoter 59% holding | Piotroski F=6 (above average quality),Pattern still forming (not broken out),3-4 years,Medium-High,"yfinance, screener.in",100,188,,2026-06-01,2026-06-01,0,,1,
SIEMENS,Siemens Limited,Industrials,Specialty Industrial Machinery,136893.0,Large-Cap,MonthlyDoubleBottom,Forming,1.0,26,Sep 26mo | Mid rally 210% | Asymmetry 0%,MonthlyCupHandle+MonthlyDoubleBottom+MonthlyStage2,Uptrend,True,True,Uptrend,True,Stage2,4,Uptrend,Uptrend,3550.9,526.5,169.39,3018.26,1515.25,2485.02,1899.72,1696.63,,,81.3,55.55,9.88,6.79,54.88,39.0,14.47,3667.6,25,hold,16.3,21.2,1.09,11.0,0.03,9.21,,43.09,8.31,13.49,30.77,11.97,20.39,-36.4,0.15,highly inconsistent earnings,0.02,,2.57,,,,75.0,0.0,,6.8,-0.05,8.59,0.24,3937.3,2826.0,9.8,25.7,16.65,38.73,0.58,,3,19.0,26.5,0.0,6.0,51.5,WATCH ⭐⭐,ROCE 21% | ROCE trend rising ↑ | Nearly debt-free | Promoter 75% holding | Dividend growing 14%/yr | MonthlyDoubleBottom forming (26mo base),High PE 81 | Earnings due 2026-08-06 | Pattern still forming (not broken out),3-4 years,Medium-High,"yfinance, screener.in",80,329,2026-08-06,2026-06-01,2026-06-01,0,,1,
TITAN,Titan Company Limited,Consumer Cyclical,Luxury Goods,361462.0,Large-Cap,MonthlyDoubleBottom,Breakout Ready,0.906,17,Sep 17mo | Mid rally 92% | Asymmetry 1%,,Sideways-Above-MA,True,False,Constructive,False,Stage2,3,Uptrend,Uptrend,4102.0,1363.41,707.14,3486.7,2848.36,3993.41,3814.27,3296.12,,,71.43,47.47,23.04,4.54,46.47,27.0,13.62,5039.35,37,buy,37.7,25.8,1.63,10.0,-0.03,5.79,9.3,44.87,29.24,32.26,52.02,15.72,39.1,35.4,0.15,highly inconsistent earnings,1.95,,1.28,,-6509.88,-1.8,52.9,0.0,,15.65,0.1,14.84,0.01,4605.0,3303.1,10.9,24.2,18.94,12.8,1.2,0.29,4,23.0,23.37,1.0,4.0,51.4,WATCH ⭐⭐,Revenue CAGR 29% | ROE 38% | ROCE 26% | ROCE trend rising ↑ | Promoter 53% holding | Dividend growing 14%/yr,High D/E 1.9 | High PE 71 | Earnings due 2026-08-06,3-4 years,Medium-High,"yfinance, screener.in",100,365,2026-08-06,2026-06-01,2026-06-01,0,,1,
DIXON,Dixon Technologies (India) Limited,Technology,Consumer Electronics,69934.0,Large-Cap,None,,0.0,0,,,Sideways,False,False,Below-MAs,True,Downtrend,0,Uptrend,Uptrend,11048.0,,,9390.8,16166.99,22782.52,56003.53,30090.01,106.2,43.6,42.74,45.04,12.84,0.5,32.41,7.0,58.74,11821.27,29,none,37.4,42.0,3.31,4.0,-0.14,2.94,5.13,25.77,58.85,49.94,33.33,86.12,59.35,-36.0,0.15,highly inconsistent earnings,0.18,,1.06,,912.17,1.3,28.69,-0.14,,18.3,-0.38,28.14,-0.92,18471.0,9600.0,40.2,15.1,-18.79,129.02,,-0.12,5,38.0,5.0,8.0,0.0,51.0,WATCH ⭐⭐,Expected ~44% CAGR (2yr) | Revenue CAGR 59% | Profit CAGR 86% | ROE 37% | ROCE 42% | ROCE trend rising ↑,Earnings due 2026-07-22,3-4 years,Medium-High,"yfinance, screener.in",100,105,2026-07-22,2026-06-01,2026-06-01,0,,1,
ESCORTS,Escorts Kubota Limited,Industrials,Farm & Heavy Construction Machinery,31466.0,Large-Cap,MonthlyDoubleBottom,Forming,0.875,14,Sep 14mo | Mid rally 88% | Asymmetry 0%,MonthlyCupHandle+MonthlyDoubleBottom,Downtrend,False,False,Below-MAs,False,Stage2,4,Uptrend,Uptrend,2890.8,976.3,520.15,2457.18,7022.65,7940.14,16976.58,10918.82,174.7,65.7,23.04,19.64,2.65,0.42,16.49,161.0,37.0,3472.12,17,none,11.9,15.7,-1.8,13.0,-0.51,20.75,5.37,12.65,11.04,10.47,89.25,55.48,22.38,0.7,0.15,highly inconsistent earnings,0.01,,3.26,,1400.26,4.45,68.04,0.0,,5.71,0.46,11.66,-0.54,4180.0,2710.1,30.8,6.7,-4.96,8.26,0.78,0.42,5,25.0,14.0,12.0,0.0,51.0,WATCH ⭐⭐,Expected ~66% CAGR (2yr) | Profit CAGR 55% | Nearly debt-free | Promoter 68% holding | Margin compressing ↓ ⚠️ | FCF yield 4.5%,Margin compression ↓ | Earnings due 2026-08-03 | Pattern still forming (not broken out),3-4 years,Medium-High,"yfinance, screener.in",100,365,2026-08-03,2026-06-01,2026-06-01,0,,1,
FMGOETZE,Federal-Mogul Goetze (India) Limited,Consumer Cyclical,Auto Parts,2335.0,Small-Cap,MonthlyDoubleBottom,Forming,1.0,8,Sep 8mo | Mid rally 123% | Asymmetry 3%,MonthlyDoubleBottom+MonthlyStage2,Downtrend,False,False,Below-MAs,False,Stage2,3,Uptrend,Uptrend,452.2,539.95,238.3,384.37,1733.13,2053.58,2433.29,2053.58,354.1,113.1,13.68,,1.72,0.74,5.24,0.0,58.74,,0,none,13.5,18.5,2.77,15.0,0.8,8.71,7.12,8.78,6.22,12.08,4.71,18.49,104.31,-17.3,0.15,highly inconsistent earnings,0.0,,2.98,,184.46,7.9,74.98,0.0,,0.38,-0.16,0.49,0.05,622.0,358.0,27.3,26.3,-10.1,-1.59,0.22,0.15,6,26.0,15.0,10.0,0.0,51.0,WATCH ⭐⭐,Expected ~113% CAGR (2yr) | ROCE trend rising ↑ | Nearly debt-free | Promoter 75% holding | FCF yield 7.9% | Piotroski F=6 (above average quality),Pattern still forming (not broken out),3-4 years,Medium-High,"yfinance, screener.in",100,287,,2026-06-01,2026-06-01,0,,1,
GENESYS,Genesys International Corporation Limited,Technology,Software - Application,1098.0,Small-Cap,MonthlyDoubleBottom,Forming,1.0,6,Sep 6mo | Mid rally 137% | Asymmetry 6%,,Sideways,False,False,Below-MAs,True,Downtrend,0,Uptrend,Uptrend,209.5,98.26,40.37,178.07,355.27,488.53,671.78,488.53,133.2,52.7,27.25,19.31,1.6,0.73,10.77,0.0,0.0,,0,none,10.8,15.0,3.66,39.0,8.09,12.32,,2.25,20.67,31.79,-30.36,37.51,45.41,-94.7,0.2,multiple loss years in history,0.21,,,,,,31.5,-0.02,,2.34,-2.99,2.63,0.66,750.75,198.05,72.1,5.8,-59.98,-56.23,0.75,-0.28,3,24.0,17.0,10.0,0.0,51.0,WATCH ⭐⭐,Expected ~53% CAGR (2yr) | Revenue CAGR 21% | Profit CAGR 38% | ROCE trend rising ↑ | Low D/E 0.21 | OPM 39%,Pattern still forming (not broken out),3-4 years,Medium-High,"yfinance, screener.in",80,281,,2026-06-01,2026-06-01,0,,1,
DATAMATICS,Datamatics Global Services Limited,Technology,Information Technology Services,4529.0,Small-Cap,MonthlyDoubleBottom,Forming,0.911,6,Sep 6mo | Mid rally 94% | Asymmetry 3%,MonthlyDoubleBottom+MonthlyStage2,Sideways,False,False,Constructive,True,Downtrend,0,Uptrend,Uptrend,739.8,72.13,36.75,628.83,836.06,850.86,865.92,850.86,15.0,7.2,23.31,15.64,2.93,13.17,11.24,65.0,58.74,920.0,1,buy,16.4,20.8,0.31,19.0,0.71,9.77,8.15,15.32,10.84,11.58,-5.34,1.77,18.35,-1.4,0.15,highly inconsistent earnings,0.14,,1.99,,409.59,9.04,66.33,0.0,,0.48,-0.05,0.11,-0.02,1120.0,586.95,33.9,26.0,26.25,12.41,0.24,0.0,6,26.0,16.93,4.0,4.0,50.9,WATCH ⭐⭐,Expected ~7% CAGR (2yr) | ROCE 21% | ROCE trend rising ↑ | Low D/E 0.14 | Promoter 66% holding | FCF yield 9.0%,Pattern still forming (not broken out),3-4 years,Medium-High,"yfinance, screener.in",100,265,,2026-06-01,2026-06-01,0,,1,
NEWGEN,Newgen Software Technologies Limited,Technology,Software - Infrastructure,6249.0,Small-Cap,MonthlyDoubleBottom,Forming,0.322,6,Sep 6mo | Mid rally 39% | Asymmetry 7%,,Downtrend,False,False,Below-MAs,False,Downtrend,0,Uptrend,Uptrend,461.15,211.47,147.53,391.98,881.92,917.96,1261.31,1054.69,99.1,41.1,21.01,14.65,3.5,1.07,12.69,136.0,30.5,712.86,7,none,20.2,25.8,-0.11,26.0,-0.4,19.09,10.28,5.85,17.35,18.52,-4.44,19.59,19.03,-1.9,0.15,highly inconsistent earnings,0.02,,3.66,,191.45,3.06,53.52,0.0,,14.48,-2.86,8.85,-0.83,1336.0,401.05,65.5,15.0,-53.01,15.07,0.3,0.72,5,33.0,5.86,12.0,0.0,50.9,WATCH ⭐⭐,Expected ~41% CAGR (2yr) | Revenue CAGR 17% | ROE 20% | ROCE 26% | Nearly debt-free | Promoter 54% holding,Pattern still forming (not broken out),3-4 years,Medium-High,"yfinance, screener.in",100,101,,2026-06-01,2026-06-01,0,,1,
STARHEALTH,Star Health and Allied Insurance Company Limited,Financial Services,Insurance - Life,31065.0,Large-Cap,MonthlyDoubleBottom,Forming,0.657,20,Sep 20mo | Mid rally 69% | Asymmetry 3%,MonthlyDoubleBottom+MonthlyStage2,Uptrend,True,False,Uptrend,True,Stage2,12,Uptrend,Uptrend,517.1,780.0,454.8,439.54,37785.84,4285145.63,1349747947.84,7141523.53,828588.0,9003.2,55.87,24.3,4.08,0.0,,,,578.77,22,none,,,,3.25,,3.12,,13.8,,,18800.0,,,21731.4,0.5,insufficient history,,,,,,,57.98,0.0,,15.06,0.99,20.31,-0.65,586.25,412.6,11.8,25.3,29.77,-34.7,0.24,0.23,1,14.0,21.88,9.0,6.0,50.9,WATCH ⭐⭐,Expected ~9003% CAGR (2yr) | Profit CAGR 18800% | Promoter 58% holding | FII buying +1.0% ↑ | PEG 0.00 — deeply undervalued | MonthlyDoubleBottom forming (20mo base),High PE 56 | Earnings due 2026-07-28 | Pattern still forming (not broken out),3-4 years,Medium-High,"yfinance, screener.in",40,54,2026-07-28,2026-06-01,2026-06-01,0,,1,
VSSL,Vardhman Special Steels Limited,Basic Materials,Steel,2593.0,Small-Cap,MonthlyStage2,Stage Change,0.946,24,10-EMA=263 | 30-EMA=245 | Above by 14.2% | MA turning=Yes,MonthlyDoubleBottom+MonthlyStage2,Sideways-Above-MA,True,False,Constructive,True,Stage2,1,Uptrend,Uptrend,279.7,244.95,197.72,237.74,431.56,629.21,917.39,629.21,125.0,50.0,20.41,12.03,2.13,0.45,11.82,112.0,19.68,,0,none,12.1,16.5,,8.0,-1.0,6.96,7.94,6.2,,,1.09,,,72.2,0.5,insufficient history,0.07,,2.9,,-167.91,-6.48,51.06,-0.04,,0.55,0.01,3.34,0.04,324.0,206.4,13.7,35.5,15.38,29.42,0.31,0.47,3,18.0,21.85,8.0,3.0,50.8,WATCH ⭐⭐,Expected ~50% CAGR (2yr) | Profit CAGR 46% | Nearly debt-free | Promoter 51% holding | Margin compressing ↓ ⚠️ | Dividend growing 20%/yr,Margin compression ↓,3-4 years,Medium-High,"yfinance, screener.in",80,169,,2026-06-01,2026-06-01,0,,1,
AUTOAXLES,Automotive Axles Limited,Consumer Cyclical,Auto Parts,2615.0,Small-Cap,MonthlyDoubleBottom,Forming,0.767,36,Sep 36mo | Mid rally 81% | Asymmetry 5%,MonthlyCupHandle+MonthlyDoubleBottom,Downtrend,False,False,Below-MAs,False,Stage2,3,Uptrend,Uptrend,1692.5,498.28,268.83,1438.62,5450.58,6393.53,7499.61,6393.53,277.8,94.4,15.9,12.99,2.38,0.92,9.41,185.0,26.69,2132.0,1,strong_buy,15.8,,,10.12,,7.55,8.74,18.7,,,17.3,,,17.3,0.5,insufficient history,0.01,,2.96,,66.67,2.55,71.04,0.0,,0.83,0.15,15.15,0.58,2115.0,1540.2,20.0,9.9,3.54,-43.32,0.43,0.61,5,25.0,13.7,10.0,2.0,50.7,WATCH ⭐⭐,Expected ~94% CAGR (2yr) | Revenue CAGR 19% | Nearly debt-free | Promoter 71% holding | Piotroski F=5 (above average quality) | DII buying +0.6% ↑,Pattern still forming (not broken out),3-4 years,Medium-High,"yfinance, screener.in",70,287,,2026-06-01,2026-06-01,0,,1,
CARYSIL,Carysil Limited,Consumer Cyclical,"Furnishings, Fixtures & Appliances",3065.0,Small-Cap,MonthlyDoubleBottom,Forming,1.0,32,Sep 32mo | Mid rally 143% | Asymmetry 4%,MonthlyCupHandle+MonthlyDoubleBottom+MonthlyStage2,Uptrend,True,False,Uptrend,True,Stage2,3,Uptrend,Uptrend,919.6,1145.38,463.47,781.66,1688.1,2079.06,2560.57,2079.06,126.1,50.4,31.25,21.87,5.04,1.35,18.61,22.0,0.0,1270.5,2,strong_buy,17.4,17.8,-1.63,19.0,-0.83,10.63,8.48,13.24,15.87,24.41,54.69,23.16,20.48,48.6,0.15,highly inconsistent earnings,0.46,,1.44,,-36.46,-1.19,41.34,0.0,,1.59,0.04,11.74,0.39,1143.85,732.1,19.6,25.6,13.43,8.43,0.26,0.56,3,13.0,26.5,7.0,4.0,50.5,WATCH ⭐⭐,Expected ~50% CAGR (2yr) | Revenue CAGR 16% | Profit CAGR 23% | Margin compressing ↓ ⚠️ | PEG 1.35 — fair value | EV/EBITDA 19× vs sector 25×,Margin compression ↓ | Pattern still forming (not broken out),3-4 years,Medium-High,"yfinance, screener.in",100,65,,2026-06-01,2026-06-01,0,,1,
CEATLTD,CEAT Limited,Consumer Cyclical,Auto Parts,13075.0,Mid-Cap,MonthlyDoubleBottom,Forming,1.0,38,Sep 38mo | Mid rally 166% | Asymmetry 9%,,Downtrend,False,False,Below-MAs,False,Stage2,3,Uptrend,Uptrend,3162.3,1859.94,668.36,2687.95,15822.27,16379.22,38727.55,24753.95,418.0,127.6,18.76,14.06,2.23,0.33,7.07,93.0,115.44,3817.12,17,hold,15.9,18.7,1.8,13.0,0.4,4.45,6.72,18.61,11.48,15.55,47.98,56.45,10.04,145.1,0.15,highly inconsistent earnings,0.65,,0.68,,-44.68,-0.34,47.29,0.08,,16.55,-0.37,20.9,0.42,4438.0,3000.5,28.7,5.4,-5.91,33.26,0.65,0.52,5,20.0,16.5,14.0,0.0,50.5,WATCH ⭐⭐,Expected ~128% CAGR (2yr) | Profit CAGR 56% | ROCE trend rising ↑ | Piotroski F=5 (above average quality) | Dividend growing 115%/yr | PEG 0.33 — deeply undervalued,Pattern still forming (not broken out),3-4 years,Medium-High,"yfinance, screener.in",100,220,,2026-06-01,2026-06-01,0,,1,
EIMCOELECO,Eimco Elecon (India) Limited,Industrials,Farm & Heavy Construction Machinery,906.0,Small-Cap,MonthlyDoubleBottom,Forming,1.0,40,Sep 40mo | Mid rally 251% | Asymmetry 5%,,Downtrend,False,False,Below-MAs,False,Stage2,4,Uptrend,Uptrend,1589.4,592.92,164.95,1350.99,3725.65,5680.87,8662.19,5680.87,257.4,89.1,23.42,16.53,1.94,0.45,20.85,25.0,25.99,1968.0,1,none,10.4,13.2,0.8,18.0,1.4,16.78,4.22,31.79,21.86,4.27,95.0,52.48,11.14,-57.2,0.15,highly inconsistent earnings,0.01,,4.33,,-39.24,-4.33,48.96,0.0,,3.1,-0.29,1.05,0.05,3019.9,1405.5,47.4,13.1,-30.61,146.95,0.13,0.15,6,26.0,16.5,8.0,0.0,50.5,WATCH ⭐⭐,Expected ~89% CAGR (2yr) | Revenue CAGR 22% | Profit CAGR 52% | ROCE trend rising ↑ | Nearly debt-free | Piotroski F=6 (above average quality),Pattern still forming (not broken out),3-4 years,Medium-High,"yfinance, screener.in",100,287,,2026-06-01,2026-06-01,0,,1,
ELECON,Elecon Engineering Company Limited,Industrials,Specialty Industrial Machinery,11444.0,Mid-Cap,MonthlyDoubleBottom,Forming,1.0,17,Sep 17mo | Mid rally 125% | Asymmetry 0%,MonthlyDoubleBottom+MonthlyStage2,Sideways-Above-MA,True,False,Constructive,True,Stage2,4,Uptrend,Uptrend,485.15,45.39,20.17,412.38,511.38,576.53,649.98,576.53,18.8,9.0,33.55,20.82,4.92,2.63,20.64,39.0,41.9,525.5,2,strong_buy,16.6,21.0,2.54,22.0,0.89,14.42,8.78,6.24,15.64,17.78,-17.83,12.74,42.52,-95.9,0.15,highly inconsistent earnings,0.12,,2.94,,161.23,1.41,59.28,0.0,,7.13,-0.96,5.67,1.19,716.25,352.0,32.3,37.8,-18.22,44.7,0.7,0.56,7,29.0,21.5,0.0,0.0,50.5,WATCH ⭐⭐,Expected ~9% CAGR (2yr) | Revenue CAGR 16% | ROCE 21% | ROCE trend rising ↑ | Low D/E 0.12 | Promoter 59% holding,Pattern still forming (not broken out),3-4 years,Medium-High,"yfinance, screener.in",100,237,,2026-06-01,2026-06-01,0,,1,
GODREJPROP,Godrej Properties Limited,Real Estate,Real Estate - Development,53094.0,Large-Cap,MonthlyDoubleBottom,Forming,1.0,17,Sep 17mo | Mid rally 146% | Asymmetry 10%,,Sideways,False,False,Below-MAs,True,Stage2,3,Uptrend,Uptrend,1715.4,1189.25,460.4,1458.09,3087.02,3567.67,6370.16,4434.5,108.0,44.2,28.74,16.64,2.77,0.66,-145.41,57.0,12.76,2267.42,22,none,10.2,8.28,1.17,-9.0,6.86,36.06,-0.48,4.23,31.59,46.32,32.54,43.65,46.37,70.1,0.4,lumpy earner,0.82,,1.27,,-4857.33,-9.15,51.66,4.49,,26.17,-1.98,8.19,-2.59,2506.5,1434.0,31.6,19.6,-19.35,-13.71,0.67,0.48,3,23.0,18.5,9.0,0.0,50.5,WATCH ⭐⭐,Expected ~44% CAGR (2yr) | Revenue CAGR 32% | Profit CAGR 44% | ROCE trend rising ↑ | Promoter 52% holding | Promoters buying ↑,Earnings due 2026-07-30 | Pattern still forming (not broken out),3-4 years,Medium-High,"yfinance, screener.in",100,197,2026-07-30,2026-06-01,2026-06-01,0,,1,
GRINDWELL,Grindwell Norton Limited,Industrials,Building Products & Equipment,20370.0,Mid-Cap,MonthlyDoubleBottom,Forming,1.0,33,Sep 33mo | Mid rally 112% | Asymmetry 5%,MonthlyDoubleBottom+MonthlyStage2,Uptrend,True,True,Tight-Above-MAs,True,Stage2,4,Uptrend,Uptrend,1877.9,2913.24,1342.7,1596.22,1100.92,4483.78,1209.83,1154.09,138.8,54.5,49.02,37.65,8.04,10.15,33.64,103.0,12.31,1872.33,3,none,17.4,22.7,-0.51,19.0,-0.34,13.53,9.02,9.28,6.54,13.41,12.4,4.83,11.87,28.3,0.15,highly inconsistent earnings,0.02,,2.81,,367.73,1.81,58.04,0.0,,5.56,-0.83,19.18,0.83,2002.7,1329.0,6.2,41.3,17.12,-38.88,1.95,0.5,4,19.0,28.5,-1.0,4.0,50.5,WATCH ⭐⭐,Expected ~54% CAGR (2yr) | ROCE 23% | Nearly debt-free | Promoter 58% holding | DII buying +0.8% ↑ | Dividend growing 12%/yr,Earnings due 2026-07-23 | Pattern still forming (not broken out),3-4 years,Medium-High,"yfinance, screener.in",100,237,2026-07-23,2026-06-01,2026-06-01,0,,1,
IRCTC,Indian Railway Catering & Tourism Corporation Limited,Consumer Cyclical,Travel Services,40788.0,Large-Cap,MonthlyDoubleBottom,Forming,1.0,44,Sep 44mo | Mid rally 116% | Asymmetry 8%,,Downtrend,False,False,Below-MAs,False,Stage2,3,Uptrend,Uptrend,529.8,1108.01,492.65,468.02,822.72,1723.37,1022.09,917.0,225.3,80.4,29.23,22.41,9.56,2.55,22.81,186.0,-24.09,654.12,8,buy,34.6,46.1,-4.0,32.0,-1.3,26.72,14.05,11.55,13.77,,5.93,11.46,,-8.9,0.75,consistent growth,0.02,,2.15,,1005.71,2.47,62.4,0.0,,4.86,-2.33,14.86,0.84,798.6,492.65,33.7,7.5,-23.8,-36.75,0.6,0.16,5,30.0,16.5,4.0,0.0,50.5,WATCH ⭐⭐,Expected ~80% CAGR (2yr) | ROE 35% | ROCE 46% | Nearly debt-free | Promoter 62% holding | OPM 32%,Margin compression ↓ | Earnings due 2026-08-13 | Pattern still forming (not broken out),3-4 years,Medium-High,"yfinance, screener.in",100,80,2026-08-13,2026-06-01,2026-06-01,0,,1,
SREEL,Sreeleathers Limited,Consumer Cyclical,Footwear & Accessories,445.0,Micro-Cap,MonthlyDoubleBottom,Forming,1.0,39,Sep 39mo | Mid rally 266% | Asymmetry 8%,,Sideways,False,True,Below-MAs,True,Stage2,3,Uptrend,Uptrend,189.45,340.38,89.57,161.03,569.26,687.66,830.7,687.66,263.0,90.5,18.25,24.68,0.92,0.88,13.0,52.0,30.0,,0,none,,,,15.83,,10.05,,14.2,,,20.8,,,21.0,0.5,insufficient history,0.01,,,,,,75.0,0.0,,6.9,0.0,,,258.0,165.25,26.6,14.6,-16.65,-25.36,2.29,0.2,1,19.0,19.5,12.0,0.0,50.5,WATCH ⭐⭐,Expected ~90% CAGR (2yr) | Profit CAGR 21% | Nearly debt-free | Promoter 75% holding | Dividend growing 30%/yr | PEG 0.88 — undervalued,Pattern still forming (not broken out),3-4 years,Medium-High,"yfinance, screener.in",50,149,,2026-06-01,2026-06-01,0,,1,
SURANAT&P,Surana Telecom and Power Limited,Utilities,Utilities - Independent Power Producers,247.0,Micro-Cap,MonthlyDoubleBottom,Forming,1.0,33,Sep 33mo | Mid rally 396% | Asymmetry 8%,MonthlyDoubleBottom+MonthlyStage2,Sideways,False,False,Below-MAs,True,Stage2,4,Uptrend,Uptrend,18.64,11.01,2.13,15.84,76.12,124.74,204.39,124.74,569.2,158.7,9.63,,2.03,0.15,-139.12,0.0,6.27,,0,none,14.7,13.4,0.74,-5.0,-12.09,40.8,-2.65,281.25,29.64,16.03,-4.35,63.86,48.96,-7.1,0.15,highly inconsistent earnings,0.34,,2.28,,-117.0,-47.35,71.89,0.38,,0.0,0.0,0.05,0.0,26.78,15.5,30.4,20.3,3.77,75.22,0.23,0.36,3,22.0,19.5,8.0,1.0,50.5,WATCH ⭐⭐,Expected ~159% CAGR (2yr) | Revenue CAGR 30% | Profit CAGR 64% | ROCE trend rising ↑ | Promoter 72% holding | Margin compressing ↓ ⚠️,Margin compression ↓ | Pattern still forming (not broken out),3-4 years,Medium-High,"yfinance, screener.in",100,287,,2026-06-01,2026-06-01,0,,1,
SUZLON,Suzlon Energy Limited,Industrials,Specialty Industrial Machinery,78166.0,Large-Cap,MonthlyDoubleBottom,Forming,1.0,15,Sep 15mo | Mid rally 155% | Asymmetry 7%,MonthlyDoubleBottom+MonthlyStage2,Sideways-Above-MA,True,False,Constructive,True,Stage2,4,Uptrend,Uptrend,52.91,419.96,159.56,151.58,58.69,680.36,62.37,60.5,1185.9,258.6,24.67,24.62,9.98,7.98,25.31,0.0,0.0,63.62,13,strong_buy,40.6,35.1,4.74,18.0,0.6,18.97,10.78,53.65,40.98,37.98,52.65,3.09,30.0,-5.7,0.15,highly inconsistent earnings,0.06,,1.65,,-430.29,-0.55,11.73,0.0,,23.85,0.12,9.18,-0.05,73.5,38.19,28.0,38.5,-14.43,222.74,0.64,0.74,6,26.0,21.5,2.0,1.0,50.5,WATCH ⭐⭐,Expected ~259% CAGR (2yr) | Revenue CAGR 41% | ROE 41% | ROCE 35% | ROCE trend rising ↑ | Nearly debt-free,Earnings due 2026-08-12 | Pattern still forming (not broken out),3-4 years,Medium-High,"yfinance, screener.in",100,248,2026-08-12,2026-06-01,2026-06-01,0,,1,
XCHANGING,Xchanging Solutions Limited,Technology,Information Technology Services,726.0,Small-Cap,MonthlyDoubleBottom,Forming,1.0,32,Sep 32mo | Mid rally 210% | Asymmetry 1%,,Sideways,False,False,Below-MAs,True,Downtrend,0,Uptrend,Uptrend,66.62,80.36,25.74,56.63,177.65,194.44,212.81,194.44,191.9,70.8,12.2,,1.98,1.29,7.07,307.0,-89.47,,0,none,15.8,18.0,1.23,34.0,0.66,29.3,8.34,9.73,5.27,0.7,18.0,9.45,-0.99,10.9,0.15,highly inconsistent earnings,0.18,,4.97,,29.48,4.06,75.0,0.0,,0.11,0.1,0.29,0.0,104.5,47.5,36.2,40.3,-23.57,-22.8,0.31,0.64,6,24.0,18.5,8.0,0.0,50.5,WATCH ⭐⭐,Expected ~71% CAGR (2yr) | ROCE trend rising ↑ | Low D/E 0.18 | Promoter 75% holding | OPM 34% | FCF yield 4.1%,Pattern still forming (not broken out),3-4 years,Medium-High,"yfinance, screener.in",100,255,,2026-06-01,2026-06-01,0,,1,
SPECTRUM,SPECTRUM ELECTRIC IND LTD,Industrials,Electrical Equipment & Parts,2268.0,Small-Cap,MonthlyDoubleBottom,Forming,0.685,7,Sep 7mo | Mid rally 69% | Asymmetry 1%,MonthlyDoubleBottom+MonthlyStage2,Sideways-Above-MA,True,True,Constructive,True,Stage2,4,Uptrend,Uptrend,1438.3,2400.0,1413.0,1342.35,1590.67,3387.0,4956.4,2807.84,135.5,53.5,57.46,,10.53,0.75,31.12,0.0,,,0,none,20.4,16.8,1.4,15.0,0.77,8.45,7.59,30.85,27.63,28.35,76.0,76.52,48.96,95.5,0.15,highly inconsistent earnings,1.02,,1.34,,-82.7,-3.65,72.72,0.0,,4.94,0.28,0.34,0.0,1800.0,1050.0,20.1,37.0,-5.67,82.21,2.6,0.18,5,27.0,17.22,5.0,1.0,50.2,WATCH ⭐⭐,Expected ~54% CAGR (2yr) | Revenue CAGR 28% | Profit CAGR 77% | ROE 20% | ROCE trend rising ↑ | Promoter 73% holding,High D/E 1.0 | High PE 57 | Pattern still forming (not broken out),3-4 years,Medium-High,"yfinance, screener.in",100,92,,2026-06-01,2026-06-01,0,,1,
GRANULES,Granules India Limited,Healthcare,Drug Manufacturers - Specialty & Generic,19176.0,Mid-Cap,MonthlyDoubleBottom,Forming,0.715,32,Sep 32mo | Mid rally 78% | Asymmetry 6%,,Uptrend,True,True,Tight-Above-MAs,True,Stage2,4,Uptrend,Uptrend,766.45,149.73,81.58,651.48,949.16,905.69,1042.46,994.72,18.2,8.7,31.65,19.87,3.73,6.59,16.47,23.0,14.47,772.14,7,buy,13.7,15.5,-1.71,22.0,-0.43,11.09,7.95,19.72,5.95,10.63,18.53,4.8,1.62,32.6,0.15,highly inconsistent earnings,0.3,,1.8,,69.0,0.36,38.02,-0.79,,15.31,1.76,17.01,-0.46,804.3,432.6,4.7,77.2,62.66,137.78,0.65,0.01,4,11.0,25.08,4.0,10.0,50.1,WATCH ⭐⭐,Expected ~9% CAGR (2yr) | Low D/E 0.30 | FII buying +1.8% ↑ | Dividend growing 14%/yr | EV/EBITDA 16× vs sector 22× | MonthlyDoubleBottom forming (32mo base),Pattern still forming (not broken out),3-4 years,Medium-High,"yfinance, screener.in",100,252,,2026-06-01,2026-06-01,0,,1,
DCBBANK,DCB Bank Limited,Financial Services,Banks - Regional,5647.0,Small-Cap,MonthlyDoubleBottom,Forming,1.0,22,Sep 22mo | Mid rally 152% | Asymmetry 1%,,Sideways-Above-MA,True,False,Constructive,False,Stage2,12,Uptrend,Uptrend,177.05,72.77,28.63,150.49,564.69,475.51,726.17,640.36,168.6,63.9,7.68,5.15,0.86,0.57,,77.0,10.52,228.24,17,strong_buy,11.97,,,34.23,,24.44,0.89,12.4,,,13.4,,,16.1,0.5,insufficient history,,,,,,,16.23,-0.01,,12.64,0.72,32.8,0.66,205.9,119.51,14.0,48.1,30.53,25.91,0.43,0.51,2,9.0,22.0,11.0,8.0,50.0,WATCH ⭐⭐,Expected ~64% CAGR (2yr) | OPM 34% | FII buying +0.7% ↑ | DII buying +0.7% ↑ | Dividend growing 11%/yr | PEG 0.57 — undervalued,Pattern still forming (not broken out),3-4 years,Medium-High,"yfinance, screener.in",50,236,,2026-06-01,2026-06-01,0,,1,
FEDERALBNK,The Federal Bank Limited,Financial Services,Banks - Regional,71207.0,Large-Cap,MonthlyDoubleBottom,Forming,1.0,19,Sep 19mo | Mid rally 253% | Asymmetry 3%,,Uptrend,True,True,Tight-Above-MAs,True,Stage2,12,Uptrend,Uptrend,286.6,30.68,8.58,243.61,418.84,407.36,523.89,468.43,42.1,19.2,16.53,12.16,1.78,1.4,,42.0,-12.64,315.76,34,buy,11.6,6.39,,43.17,,29.91,1.18,5.58,18.55,15.7,6.07,11.84,21.73,22.9,0.15,highly inconsistent earnings,,,,,,,,,,26.05,1.11,50.39,-0.71,302.0,185.11,5.1,54.8,42.73,108.57,0.53,0.33,2,7.0,28.0,5.0,10.0,50.0,WATCH ⭐⭐,Expected ~19% CAGR (2yr) | Revenue CAGR 19% | OPM 43% | FII buying +1.1% ↑ | PEG 1.40 — fair value | MonthlyDoubleBottom forming (19mo base),Earnings due 2026-07-30 | Pattern still forming (not broken out),3-4 years,Medium-High,"yfinance, screener.in",70,365,2026-07-30,2026-06-01,2026-06-01,0,,1,
MUFTI,CREDO BRANDS MARKETING L,Consumer Cyclical,Apparel Retail,559.0,Small-Cap,None,,0.0,0,,,Sideways,False,False,Below-MAs,True,Stage2,3,Uptrend,Uptrend,77.93,,,66.24,382.18,472.42,583.95,472.42,506.2,146.2,11.8,,1.34,0.5,4.63,351.0,500.0,,0,none,18.4,19.1,-0.3,29.0,1.8,8.01,6.35,8.99,21.92,,15.25,23.61,,10.2,0.15,highly inconsistent earnings,0.52,,3.27,,97.72,17.47,55.01,0.0,,0.46,0.0,3.36,1.03,189.0,63.06,58.8,23.6,-44.82,,,1.05,6,31.0,6.0,13.0,0.0,50.0,WATCH ⭐⭐,Expected ~146% CAGR (2yr) | Revenue CAGR 22% | Profit CAGR 24% | Promoter 55% holding | OPM 29% | FCF yield 17.5%,None identified,3-4 years,Medium-High,"yfinance, screener.in",100,30,,2026-06-01,2026-06-01,0,,1,
PITTIENG,Pitti Engineering Limited,Industrials,Metal Fabrication,3449.0,Small-Cap,MonthlyDoubleBottom,Forming,1.0,23,Sep 23mo | Mid rally 133% | Asymmetry 9%,MonthlyCupHandle+MonthlyDoubleBottom+MonthlyStage2,Sideways-Above-MA,True,True,Constructive,True,Stage2,4,Uptrend,Uptrend,921.65,1510.04,621.3,783.4,1421.09,2398.78,2255.77,1790.43,160.3,61.3,29.42,16.56,3.49,1.13,11.56,16.0,6.27,1129.0,2,strong_buy,12.5,14.8,-0.7,16.0,0.34,6.16,7.58,12.2,20.26,29.86,-3.28,25.99,32.4,-26.4,0.15,highly inconsistent earnings,0.82,,1.4,,-25.93,-0.75,54.17,0.0,,1.12,0.19,20.23,0.0,1050.0,675.0,12.2,36.5,-1.55,128.43,0.57,0.38,4,18.0,22.0,8.0,2.0,50.0,WATCH ⭐⭐,Expected ~61% CAGR (2yr) | Revenue CAGR 20% | Profit CAGR 26% | Promoter 54% holding | PEG 1.13 — fair value | EV/EBITDA 12× below sector (18×),Pattern still forming (not broken out),3-4 years,Medium-High,"yfinance, screener.in",100,232,,2026-06-01,2026-06-01,0,,1,
SIS,SIS Limited,Industrials,Security & Protection Services,5692.0,Small-Cap,MonthlyStage2,Breaking Out,0.794,24,10-EMA=343 | 30-EMA=361 | Above by 11.9% | MA turning=No,MonthlyDoubleBottom+MonthlyStage2,Uptrend,True,True,Tight-Above-MAs,True,Stage2,4,Uptrend,Uptrend,404.25,361.22,280.3,343.61,242.62,442.14,242.62,242.62,9.4,4.6,41.65,11.23,2.26,,8.98,348.0,100.0,440.75,4,none,14.2,13.9,-3.0,4.0,-0.54,0.86,4.56,21.18,12.1,11.86,1050.0,-26.39,-17.77,,0.15,highly inconsistent earnings,0.7,,1.45,,381.57,6.7,71.88,-0.14,,12.56,0.79,6.62,-0.53,418.85,257.05,3.5,57.3,18.83,-25.28,2.27,0.28,4,10.0,29.03,5.0,6.0,50.0,WATCH ⭐⭐,Expected ~5% CAGR (2yr) | Declining profits (-26% CAGR) ⚠️ | Promoter 72% holding | Margin compressing ↓ ⚠️ | FCF yield 6.7% | FII buying +0.8% ↑,Margin compression ↓,3-4 years,Medium-High,"yfinance, screener.in",100,106,,2026-06-01,2026-06-01,0,,1,
INDHOTEL,The Indian Hotels Company Limited,Consumer Cyclical,Lodging,93128.0,Large-Cap,MonthlyDoubleBottom,Forming,0.614,44,Sep 44mo | Mid rally 68% | Asymmetry 7%,MonthlyDoubleBottom+MonthlyStage2,Sideways,False,False,Below-MAs,True,Stage2,3,Uptrend,Uptrend,652.75,155.69,89.7,554.84,929.64,1035.66,1540.78,1196.82,58.7,26.0,44.63,35.69,8.05,1.55,27.83,50.0,77.84,793.93,29,buy,15.6,17.3,4.71,33.0,9.74,20.9,9.45,16.24,18.59,43.81,10.26,28.74,49.99,14.9,0.2,multiple loss years in history,0.19,,2.5,,1448.34,1.56,38.12,0.0,,23.23,-1.86,22.58,1.92,811.95,565.0,19.6,15.5,-6.45,44.66,0.54,-0.13,7,30.0,14.87,4.0,1.0,49.9,MONITOR ⭐,Expected ~26% CAGR (2yr) | Revenue CAGR 19% | Profit CAGR 29% | ROCE trend rising ↑ | Low D/E 0.19 | OPM 33%,Earnings due 2026-07-16 | Pattern still forming (not broken out),3-4 years,Medium-High,"yfinance, screener.in",100,287,2026-07-16,2026-06-01,2026-06-01,0,,1,
ADANIPOWER,Adani Power Limited,Utilities,Utilities - Independent Power Producers,469332.0,Large-Cap,MonthlyDoubleBottom,Forming,0.774,13,Sep 13mo | Mid rally 86% | Asymmetry 9%,MonthlyCupHandle+MonthlyDoubleBottom,Uptrend,True,False,Uptrend,True,Stage2,4,Uptrend,Uptrend,219.09,179.17,92.4,186.23,152.38,265.94,172.97,162.35,21.4,10.2,36.76,28.85,7.24,5.62,26.49,0.0,,208.14,7,buy,21.2,17.3,1.77,37.0,1.03,23.66,7.48,-3.49,11.84,15.65,1.73,6.54,59.16,52.3,0.15,highly inconsistent earnings,0.82,,1.41,,-8656.76,-1.84,74.96,0.0,,11.73,0.09,3.69,0.28,254.2,105.42,13.8,107.8,94.46,315.36,0.73,0.5,5,18.0,22.79,-1.0,10.0,49.8,MONITOR ⭐,Expected ~10% CAGR (2yr) | ROE 21% | ROCE trend rising ↑ | Promoter 75% holding | OPM 37% | Piotroski F=5 (above average quality),Earnings due 2026-04-29 | Pattern still forming (not broken out),3-4 years,Medium-High,"yfinance, screener.in",100,202,2026-04-29,2026-06-01,2026-06-01,0,,1,
KANPRPLA,Kanpur Plastipack Limited,Consumer Cyclical,Packaging & Containers,480.0,Micro-Cap,MonthlyDoubleBottom,Forming,0.69,16,Sep 16mo | Mid rally 75% | Asymmetry 6%,,Downtrend,False,False,Below-MAs,True,Stage2,3,Uptrend,Uptrend,193.47,148.82,82.49,164.45,2168.75,4672.35,10066.1,4672.35,2315.0,391.4,11.53,,1.79,0.1,8.93,45.0,-9.14,,0,none,17.2,17.9,-0.4,9.0,-0.54,5.5,6.93,14.67,14.74,9.78,263.64,115.44,5.92,400.0,0.15,highly inconsistent earnings,0.42,,1.74,,16.89,3.52,68.12,0.49,,0.0,0.0,1.48,0.37,249.5,151.25,22.5,27.9,0.76,62.49,0.6,0.6,5,24.0,11.78,12.0,2.0,49.8,MONITOR ⭐,Expected ~391% CAGR (2yr) | Profit CAGR 115% | Promoter 68% holding | Margin compressing ↓ ⚠️ | FCF yield 3.5% | Piotroski F=5 (above average quality),Margin compression ↓ | Pattern still forming (not broken out),3-4 years,Medium-High,"yfinance, screener.in",100,65,,2026-06-01,2026-06-01,0,,1,
INDNIPPON,India Nippon Electricals Limited,Consumer Cyclical,Auto Parts,2084.0,Small-Cap,MonthlyDoubleBottom,Forming,0.963,10,Sep 10mo | Mid rally 97% | Asymmetry 1%,MonthlyCupHandle+MonthlyDoubleBottom+MonthlyStage2,Sideways,False,False,Below-MAs,True,Stage2,3,Uptrend,Uptrend,780.3,586.73,296.52,663.25,2489.72,3292.41,4353.88,3292.41,321.9,105.4,21.19,37.62,2.65,0.66,,190.0,18.78,,0,none,13.0,17.1,1.2,11.0,0.49,9.81,,26.39,17.64,17.3,35.37,32.24,22.65,,0.4,lumpy earner,,,,,,,70.37,0.0,,0.41,-0.01,0.06,0.0,1099.9,675.0,29.1,15.6,14.95,61.6,0.27,0.33,3,23.0,17.56,6.0,3.0,49.6,MONITOR ⭐,Expected ~105% CAGR (2yr) | Revenue CAGR 18% | Profit CAGR 32% | ROCE trend rising ↑ | Promoter 70% holding | Dividend growing 19%/yr,Pattern still forming (not broken out),3-4 years,Medium-High,"yfinance, screener.in",70,287,,2026-06-01,2026-06-01,0,,1,
AETHER,Aether Industries Limited,Basic Materials,Specialty Chemicals,14571.0,Mid-Cap,MonthlyStage2,Stage Change,1.0,24,10-EMA=981 | 30-EMA=899 | Above by 21.9% | MA turning=Yes,MonthlyDoubleBottom+MonthlyStage2,Sideways-Above-MA,True,False,Constructive,False,Stage2,1,Uptrend,Uptrend,1095.9,898.96,736.1,931.52,425.32,1061.82,602.2,506.09,,,66.22,38.19,5.93,3.49,41.31,0.0,,1226.8,5,buy,10.2,13.1,-4.0,31.0,0.6,18.92,6.36,38.26,21.23,,38.61,18.99,,7.4,0.15,highly inconsistent earnings,0.19,,1.78,,-600.68,-4.12,74.94,-0.04,,6.29,0.48,12.66,0.41,1275.1,726.45,14.1,50.9,51.31,-20.46,1.02,-0.01,5,19.0,22.5,0.0,8.0,49.5,MONITOR ⭐,Revenue CAGR 21% | Low D/E 0.19 | Promoter 75% holding | OPM 31% | Piotroski F=5 (above average quality) | MonthlyStage2 forming (24mo base),High PE 66,3-4 years,Medium-High,"yfinance, screener.in",100,48,,2026-06-01,2026-06-01,0,,1,
INNOVACAP,Innova Captab Limited,Healthcare,Drug Manufacturers - Specialty & Generic,4866.0,Small-Cap,MonthlyStage2,Stage Change,1.0,24,10-EMA=774 | 30-EMA=742 | Above by 17.7% | MA turning=Yes,MonthlyDoubleBottom+MonthlyStage2,Sideways-Above-MA,True,True,Constructive,True,Stage2,4,Uptrend,Uptrend,873.3,742.21,507.05,742.3,1574.62,2007.95,2560.54,2007.95,129.9,51.6,34.48,19.07,4.77,1.25,21.28,47.0,,1078.5,2,none,13.8,15.0,-3.37,15.0,0.6,8.64,7.23,31.03,20.74,31.73,10.16,27.52,32.91,28.8,0.15,highly inconsistent earnings,0.32,,1.87,,-43.18,-0.89,50.9,0.0,,0.23,0.13,20.14,-0.1,1020.7,622.0,14.4,40.4,9.44,,1.42,-0.11,5,19.0,22.5,6.0,2.0,49.5,MONITOR ⭐,Expected ~52% CAGR (2yr) | Revenue CAGR 21% | Profit CAGR 28% | Promoter 51% holding | Piotroski F=5 (above average quality) | PEG 1.25 — fair value,None identified,3-4 years,Medium-High,"yfinance, screener.in",100,30,,2026-06-01,2026-06-01,0,,1,
MOTILALOFS,Motilal Oswal Financial Services Limited,Financial Services,Capital Markets,52950.0,Large-Cap,MonthlyDoubleBottom,Forming,1.0,40,Sep 40mo | Mid rally 267% | Asymmetry 2%,MonthlyDoubleBottom+MonthlyStage2,Sideways-Above-MA,True,False,Below-MAs,True,Stage2,12,Uptrend,Uptrend,850.95,1525.03,411.93,723.31,866.35,2638.13,1376.29,1091.95,210.0,76.1,26.74,15.05,4.09,1.03,,125.0,33.89,1103.75,4,none,15.6,12.6,-1.06,41.0,-1.29,23.45,4.83,12.4,30.91,20.92,-25.36,26.04,8.15,,0.15,highly inconsistent earnings,1.64,,5.63,,,,67.54,-0.08,,7.03,0.1,6.02,-0.4,1097.1,614.9,22.4,38.4,6.04,-3.25,0.5,0.21,3,19.0,21.5,7.0,2.0,49.5,MONITOR ⭐,Expected ~76% CAGR (2yr) | Revenue CAGR 31% | Profit CAGR 26% | Promoter 68% holding | OPM 41% | Margin compressing ↓ ⚠️,High D/E 1.6 | Margin compression ↓ | Pattern still forming (not broken out),3-4 years,Medium-High,"yfinance, screener.in",90,225,,2026-06-01,2026-06-01,0,,1,
TIMETECHNO,Time Technoplast Limited,Consumer Cyclical,Packaging & Containers,8624.0,Mid-Cap,MonthlyDoubleBottom,Forming,1.0,27,Sep 27mo | Mid rally 198% | Asymmetry 4%,MonthlyDoubleBottom+MonthlyStage2,Downtrend,False,False,Below-MAs,False,Stage2,3,Uptrend,Uptrend,172.69,107.47,35.27,146.79,626.6,806.12,1037.08,806.12,366.8,116.1,17.49,12.3,2.61,0.61,9.83,72.0,35.72,280.0,1,none,13.4,16.7,1.66,15.0,0.31,7.67,8.94,11.87,12.49,15.23,21.07,28.65,35.1,20.4,0.4,lumpy earner,0.18,,3.63,,-487.52,-5.65,47.57,0.06,,10.88,-0.78,17.37,0.67,249.15,154.0,30.7,12.1,-14.36,172.82,0.68,0.39,6,23.0,16.5,10.0,0.0,49.5,MONITOR ⭐,Expected ~116% CAGR (2yr) | Profit CAGR 29% | ROCE trend rising ↑ | Low D/E 0.18 | Piotroski F=6 (above average quality) | DII buying +0.7% ↑,Pattern still forming (not broken out),3-4 years,Medium-High,"yfinance, screener.in",100,228,,2026-06-01,2026-06-01,0,,1,
VEEDOL,Veedol Corporation Limited,Basic Materials,Specialty Chemicals,2444.0,Small-Cap,MonthlyDoubleBottom,Forming,1.0,43,Sep 43mo | Mid rally 344% | Asymmetry 9%,,Sideways,False,False,Below-MAs,True,Stage2,1,Uptrend,Uptrend,1425.9,3109.05,670.89,1212.02,2864.5,5547.21,4031.23,3398.15,289.0,97.2,12.76,,2.5,0.68,9.94,403.0,-32.24,,0,none,19.7,24.2,-0.0,10.0,-0.4,8.84,9.06,10.1,5.37,11.51,13.61,18.63,6.37,-3.8,0.15,highly inconsistent earnings,0.01,,2.95,,104.96,4.29,64.58,0.0,,1.06,-0.11,1.17,0.0,2035.0,1238.2,29.9,15.2,-5.02,33.06,0.36,0.48,4,22.0,19.5,8.0,0.0,49.5,MONITOR ⭐,Expected ~97% CAGR (2yr) | ROCE 24% | Nearly debt-free | Promoter 65% holding | FCF yield 4.3% | PEG 0.68 — undervalued,Pattern still forming (not broken out),3-4 years,Medium-High,"yfinance, screener.in",100,233,,2026-06-01,2026-06-01,0,,1,
KPITTECH,KPIT Technologies Limited,Technology,Software - Infrastructure,21015.0,Mid-Cap,MonthlyDoubleBottom,Forming,0.447,10,Sep 10mo | Mid rally 48% | Asymmetry 3%,,Sideways,False,False,Below-MAs,True,Downtrend,0,Uptrend,Uptrend,743.7,1906.37,1271.82,1208.23,890.9,2540.92,1241.96,1051.89,241.7,84.8,33.12,21.15,5.93,1.83,15.21,107.0,-18.13,838.29,21,buy,21.0,26.3,3.23,19.0,0.77,9.87,10.63,10.49,24.25,25.96,-24.17,18.07,34.08,-33.4,0.15,highly inconsistent earnings,0.24,,1.03,,1172.31,5.58,39.41,0.0,,13.25,-0.32,24.65,-0.7,1434.5,624.9,48.2,19.0,-33.05,-53.79,1.77,-0.04,6,33.0,10.36,6.0,0.0,49.4,MONITOR ⭐,Expected ~85% CAGR (2yr) | Revenue CAGR 24% | ROE 21% | ROCE 26% | ROCE trend rising ↑ | Low D/E 0.24,Earnings due 2026-07-29 | Pattern still forming (not broken out),3-4 years,Medium-High,"yfinance, screener.in",100,86,2026-07-29,2026-06-01,2026-06-01,0,,1,
GOODLUCK,Goodluck India Limited,Basic Materials,Steel,4306.0,Small-Cap,MonthlyDoubleBottom,Forming,0.509,6,Sep 6mo | Mid rally 61% | Asymmetry 10%,,Uptrend,True,False,Tight-Above-MAs,True,Stage2,1,Uptrend,Uptrend,1358.3,390.12,231.0,1154.55,1621.5,2069.69,2641.75,2069.69,52.4,23.4,23.1,14.2,2.6,0.84,11.92,54.0,-12.64,1706.0,1,strong_buy,12.9,14.4,0.37,10.0,0.54,4.41,7.88,4.17,10.1,21.13,10.24,27.64,43.57,30.1,0.15,highly inconsistent earnings,0.73,,1.38,,-225.28,-5.23,56.44,0.0,,1.56,0.08,4.99,0.57,1475.0,915.0,7.9,48.4,23.62,202.71,0.76,-0.07,5,16.0,21.11,6.0,6.0,49.1,MONITOR ⭐,Expected ~23% CAGR (2yr) | Profit CAGR 28% | ROCE trend rising ↑ | Promoter 56% holding | Piotroski F=5 (above average quality) | DII buying +0.6% ↑,Pattern still forming (not broken out),3-4 years,Medium-High,"yfinance, screener.in",100,117,,2026-06-01,2026-06-01,0,,1,
DOMS,DOMS Industries Limited,Industrials,Business Equipment & Supplies,13261.0,Mid-Cap,MonthlyDoubleBottom,Forming,0.456,14,Sep 14mo | Mid rally 49% | Asymmetry 3%,,Downtrend,False,False,Below-MAs,False,Stage2,4,Uptrend,Uptrend,2329.7,3060.88,2023.9,1980.24,1923.39,4097.86,3380.33,2549.84,75.9,32.6,57.81,39.54,10.87,1.77,33.34,14.0,26.0,2791.82,11,buy,20.7,24.3,4.94,17.0,2.2,9.89,12.16,21.59,24.27,41.99,12.15,32.57,44.57,17.1,0.15,highly inconsistent earnings,0.11,,2.17,,-86.9,-0.66,70.38,0.0,,7.62,-0.76,19.14,0.86,2770.0,2023.9,15.9,15.1,0.01,,0.29,-0.26,6,35.0,8.97,3.0,2.0,49.0,MONITOR ⭐,Expected ~33% CAGR (2yr) | Revenue CAGR 24% | Profit CAGR 33% | ROE 21% | ROCE 24% | ROCE trend rising ↑,High PE 58 | Pattern still forming (not broken out),3-4 years,Medium-High,"yfinance, screener.in",100,30,,2026-06-01,2026-06-01,0,,1,
FCL,Fineotex Chemical Limited,Basic Materials,Specialty Chemicals,4657.0,Small-Cap,MonthlyStage2,Breaking Out,1.0,24,10-EMA=26 | 30-EMA=27 | Above by 22.9% | MA turning=No,MonthlyDoubleBottom+MonthlyStage2,Uptrend,True,True,Uptrend,True,Stage2,1,Uptrend,Uptrend,33.22,27.03,19.24,28.24,21.82,34.82,27.16,24.35,4.8,2.4,36.69,28.56,3.77,3.17,24.63,40.0,58.74,28.0,1,none,13.5,18.3,-1.86,17.0,0.26,14.08,7.68,44.84,14.3,28.66,14.68,11.57,22.67,58.3,0.15,highly inconsistent earnings,0.01,,2.8,,-75.68,-1.63,62.3,-0.27,,2.92,0.39,1.27,-0.01,41.25,19.1,19.5,73.9,26.8,-11.31,3.31,0.18,4,14.0,28.0,-1.0,8.0,49.0,MONITOR ⭐,Expected ~2% CAGR (2yr) | Nearly debt-free | Promoter 62% holding | Dividend growing 59%/yr | MonthlyStage2 — Breaking Out | Weekly uptrend,None identified,3-4 years,Medium-High,"yfinance, screener.in",100,137,,2026-06-01,2026-06-01,0,,1,
PIDILITIND,Pidilite Industries Limited,Basic Materials,Specialty Chemicals,150916.0,Large-Cap,MonthlyDoubleBottom,Forming,0.288,29,Sep 29mo | Mid rally 33% | Asymmetry 4%,MonthlyDoubleBottom+MonthlyStage2,Sideways,False,False,Below-MAs,True,Stage2,1,Uptrend,Uptrend,1455.8,1695.86,1252.42,1237.43,632.76,2139.3,976.38,786.01,47.0,21.2,61.73,48.9,15.8,2.55,41.88,67.0,25.99,1620.05,20,buy,23.9,31.0,1.03,24.0,0.63,16.77,13.26,11.12,7.36,14.89,17.89,24.22,17.02,37.2,0.4,lumpy earner,0.04,,2.38,,1837.48,1.22,69.32,0.0,,11.75,-0.26,9.56,0.35,1574.95,1259.0,7.6,15.6,3.42,-9.15,1.29,0.37,6,35.0,10.96,0.0,3.0,49.0,MONITOR ⭐,Expected ~21% CAGR (2yr) | Profit CAGR 24% | ROE 24% | ROCE 31% | ROCE trend rising ↑ | Nearly debt-free,High PE 62 | Earnings due 2026-05-07 | Pattern still forming (not broken out),3-4 years,Medium-High,"yfinance, screener.in",100,287,2026-05-07,2026-06-01,2026-06-01,0,,1,
M&M,Mahindra & Mahindra Limited,Consumer Cyclical,Auto Manufacturers,365704.0,Large-Cap,MonthlyDoubleBottom,Forming,0.864,42,Sep 42mo | Mid rally 91% | Asymmetry 4%,,Downtrend,False,False,Below-MAs,False,Stage2,3,Uptrend,Uptrend,3092.3,930.3,477.38,2628.45,8005.33,7318.51,11120.19,9435.08,136.7,53.8,20.0,19.02,3.66,1.12,10.75,108.0,29.87,4143.65,34,strong_buy,20.8,15.4,1.29,19.0,0.86,8.46,7.07,24.76,17.88,21.74,32.32,17.86,65.23,41.6,0.15,highly inconsistent earnings,1.25,,1.27,,15655.24,4.28,18.45,0.02,,36.23,-1.26,31.37,0.98,3839.9,2896.0,19.5,6.8,5.37,95.2,0.75,0.38,5,21.0,14.87,11.0,2.0,48.9,MONITOR ⭐,Expected ~54% CAGR (2yr) | Revenue CAGR 18% | ROE 21% | ROCE trend rising ↑ | FCF yield 4.3% | Piotroski F=5 (above average quality),High D/E 1.3 | Earnings due 2026-07-30 | Pattern still forming (not broken out),3-4 years,Medium-High,"yfinance, screener.in",100,365,2026-07-30,2026-06-01,2026-06-01,0,,1,
EPL,EPL Limited,Consumer Cyclical,Packaging & Containers,6843.0,Small-Cap,MonthlyDoubleBottom,Forming,0.651,18,Sep 18mo | Mid rally 67% | Asymmetry 1%,MonthlyCupHandle+MonthlyDoubleBottom+MonthlyStage2,Sideways-Above-MA,True,False,Constructive,False,Stage2,3,Uptrend,Uptrend,217.23,283.1,168.78,184.65,659.82,589.87,941.93,788.36,171.5,64.8,17.6,12.14,2.39,0.9,7.52,234.0,5.16,292.14,7,strong_buy,15.8,17.8,0.57,20.0,0.31,8.16,8.76,13.05,8.84,9.03,8.24,19.48,10.06,-10.0,0.15,highly inconsistent earnings,0.34,,1.56,,59.91,0.88,26.38,0.0,,17.22,-0.35,10.2,0.65,254.0,176.4,14.5,23.1,-1.24,-15.06,0.88,0.43,6,17.0,17.81,13.0,1.0,48.8,MONITOR ⭐,Expected ~65% CAGR (2yr) | ROCE trend rising ↑ | Piotroski F=6 (above average quality) | DII buying +0.7% ↑ | PEG 0.90 — undervalued | EV/EBITDA 8× below sector (25×),Pattern still forming (not broken out),3-4 years,Medium-High,"yfinance, screener.in",100,287,,2026-06-01,2026-06-01,0,,1,
SPLPETRO,Supreme Petrochem Limited,Basic Materials,Specialty Chemicals,12517.0,Mid-Cap,MonthlyCupHandle,Forming,0.9,20,Cup 20mo | Depth 26% | Prior gain 33% | R²=0.98,MonthlyCupHandle+MonthlyDoubleBottom+MonthlyStage2,Downtrend,False,False,Below-MAs,False,Stage2,1,Uptrend,Uptrend,706.8,898.69,663.01,629.86,979.18,2379.32,5781.51,2379.32,236.6,83.5,37.89,27.06,5.64,0.26,22.87,158.0,-5.9,791.5,2,none,14.2,,3.1,10.0,1.31,6.09,7.73,235.15,53.9,30.43,450.0,142.99,80.97,57.7,0.15,highly inconsistent earnings,0.06,,2.01,,-15.16,-0.12,64.24,0.0,,3.69,-0.01,4.24,0.28,979.0,462.3,27.8,52.9,-9.88,42.92,0.22,0.04,6,27.0,14.8,7.0,0.0,48.8,MONITOR ⭐,Expected ~84% CAGR (2yr) | Revenue CAGR 54% | Profit CAGR 143% | ROCE trend rising ↑ | Nearly debt-free | Promoter 64% holding,Pattern still forming (not broken out),3-4 years,Medium-High,"yfinance, screener.in",90,287,,2026-06-01,2026-06-01,0,,1,
CCL,CCL Products (India) Limited,Consumer Defensive,Packaged Foods,14036.0,Mid-Cap,MonthlyDoubleBottom,Forming,0.645,9,Sep 9mo | Mid rally 66% | Asymmetry 1%,,Sideways-Above-MA,True,False,Constructive,False,Stage2,15,Uptrend,Uptrend,1089.4,226.87,136.34,925.99,1350.3,1398.77,1662.51,1498.29,28.4,13.3,36.24,22.41,5.99,3.31,20.42,74.0,-20.63,1249.5,12,none,18.0,15.8,-0.51,16.0,-1.63,8.69,8.6,43.5,29.11,29.12,25.16,10.96,16.35,12.4,0.15,highly inconsistent earnings,0.56,,1.49,,562.47,4.01,46.11,0.0,,11.24,0.23,21.43,-0.1,1217.5,779.5,10.5,39.8,36.77,44.04,0.33,0.02,4,19.0,16.74,5.0,8.0,48.7,MONITOR ⭐,Expected ~13% CAGR (2yr) | Revenue CAGR 29% | Margin compressing ↓ ⚠️ | FCF yield 4.0% | EV/EBITDA 20× below sector (30×) | MonthlyDoubleBottom forming (9mo base),Margin compression ↓ | Pattern still forming (not broken out),3-4 years,Medium-High,"yfinance, screener.in",100,264,,2026-06-01,2026-06-01,0,,1,
SBFC,SBFC Finance Limited,Financial Services,Credit Services,10429.0,Mid-Cap,MonthlyDoubleBottom,Forming,0.519,24,Sep 24mo | Mid rally 62% | Asymmetry 10%,,Sideways,False,False,Below-MAs,True,Stage2,12,Uptrend,Uptrend,90.77,123.0,72.4,77.15,148.7,204.61,452.49,259.39,125.4,50.1,23.0,18.9,3.0,0.31,,0.0,,122.43,7,none,11.6,11.6,,60.86,,44.35,4.58,28.16,35.15,,45.57,74.44,,30.7,0.75,consistent growth,1.92,,544.53,,,,52.35,-0.47,,6.21,-0.67,21.97,2.44,123.0,79.6,26.2,14.0,-11.61,,0.52,0.62,3,23.0,13.73,11.0,1.0,48.7,MONITOR ⭐,Expected ~50% CAGR (2yr) | Revenue CAGR 35% | Profit CAGR 74% | Promoter 52% holding | OPM 61% | EPS: consistent growth,High D/E 1.9 | Pattern still forming (not broken out),3-4 years,Medium-High,"yfinance, screener.in",90,34,,2026-06-01,2026-06-01,0,,1,
MARUTI,Maruti Suzuki India Limited,Consumer Cyclical,Auto Manufacturers,412716.0,Large-Cap,MonthlyDoubleBottom,Forming,0.506,46,Sep 46mo | Mid rally 51% | Asymmetry 0%,MonthlyDoubleBottom+MonthlyStage2,Downtrend,False,False,Below-MAs,False,Stage2,3,Uptrend,Uptrend,12956.0,9282.39,6134.0,11012.6,25574.36,24978.36,37672.77,31039.6,92.8,38.9,28.09,21.02,3.85,1.31,18.43,107.0,31.04,15886.5,40,none,14.4,19.0,2.8,12.0,1.2,8.01,6.55,19.88,15.96,21.1,1.24,21.37,27.31,-6.4,0.15,highly inconsistent earnings,0.0,,1.07,,7713.18,1.87,58.53,0.25,,14.12,-1.64,24.09,1.25,17370.0,12016.0,25.4,7.8,13.06,13.24,0.59,0.31,6,26.0,10.57,9.0,3.0,48.6,MONITOR ⭐,Expected ~39% CAGR (2yr) | Revenue CAGR 16% | Profit CAGR 21% | ROCE trend rising ↑ | Nearly debt-free | Promoter 59% holding,Earnings due 2026-04-28 | Pattern still forming (not broken out),3-4 years,Medium-High,"yfinance, screener.in",100,275,2026-04-28,2026-06-01,2026-06-01,0,,1,
ZEELEARN,Zee Learn Limited,Consumer Defensive,Education & Training Services,229.0,Micro-Cap,MonthlyDoubleBottom,Forming,0.924,31,Sep 31mo | Mid rally 101% | Asymmetry 9%,,Sideways-Above-MA,True,False,Below-MAs,True,Stage2,15,Uptrend,Uptrend,5.76,50.69,24.1,22.89,47.93,77.28,64.48,55.59,1241.7,266.3,5.99,,1.18,0.37,5.27,0.0,25.99,,0,none,10.6,13.0,2.63,24.0,2.17,8.77,2.42,18.01,10.66,11.3,200.0,15.98,-4.46,169.2,0.2,multiple loss years in history,1.61,,1.01,,26.57,11.59,15.01,0.0,,6.38,-0.01,0.22,0.05,10.89,4.17,47.1,38.1,-31.28,51.46,0.77,0.81,6,15.0,20.59,13.0,0.0,48.6,MONITOR ⭐,Expected ~266% CAGR (2yr) | ROCE trend rising ↑ | FCF yield 11.6% | Piotroski F=6 (above average quality) | Dividend growing 26%/yr | PEG 0.37 — deeply undervalued,High D/E 1.6 | Pattern still forming (not broken out),3-4 years,Medium-High,"yfinance, screener.in",100,186,,2026-06-01,2026-06-01,0,,1,
HUHTAMAKI,Huhtamaki India Limited,Consumer Cyclical,Packaging & Containers,1234.0,Small-Cap,MonthlyDoubleBottom,Forming,1.0,48,Sep 48mo | Mid rally 207% | Asymmetry 4%,,Downtrend,False,False,Below-MAs,False,Stage2,3,Uptrend,Uptrend,163.73,442.79,141.24,139.17,767.69,885.46,1021.29,885.46,440.8,132.6,10.5,8.34,0.95,0.68,,122.0,0.0,265.0,1,none,13.0,17.6,0.0,11.0,0.3,4.73,,6.92,26.11,,12.66,15.34,,-2.1,0.75,consistent growth,0.11,,,,,,67.73,0.0,,1.34,0.22,1.14,0.02,272.65,148.6,39.9,10.2,-14.19,-61.01,0.26,,2,24.0,16.5,8.0,0.0,48.5,MONITOR ⭐,Expected ~133% CAGR (2yr) | Revenue CAGR 26% | Low D/E 0.11 | Promoter 68% holding | EPS: consistent growth | PEG 0.68 — undervalued,Pattern still forming (not broken out),3-4 years,Medium-High,"yfinance, screener.in",80,287,,2026-06-01,2026-06-01,0,,1,
LINCOLN,Lincoln Pharmaceuticals Limited,Healthcare,Drug Manufacturers - Specialty & Generic,1268.0,Small-Cap,MonthlyStage2,Stage Change,1.0,24,10-EMA=592 | 30-EMA=559 | Above by 27.2% | MA turning=Yes,MonthlyCupHandle+MonthlyDoubleBottom+MonthlyStage2,Uptrend,True,True,Tight-Above-MAs,True,Stage2,4,Uptrend,Uptrend,710.35,558.63,456.45,603.8,2002.03,2130.76,2267.76,2130.76,200.0,73.2,14.43,,1.77,2.24,12.72,24.0,6.27,,0,none,12.3,16.3,-1.89,15.0,-1.23,13.47,,7.7,9.58,9.62,7.32,6.43,7.26,37.7,0.15,highly inconsistent earnings,0.0,,,,,,49.78,0.0,,5.2,0.5,1.08,1.07,770.0,440.0,7.7,61.4,33.41,54.18,0.77,0.4,0,9.0,28.5,4.0,7.0,48.5,MONITOR ⭐,Expected ~73% CAGR (2yr) | Nearly debt-free | Margin compressing ↓ ⚠️ | DII buying +1.1% ↑ | EV/EBITDA 13× below sector (22×) | MonthlyStage2 forming (24mo base),Margin compression ↓,3-4 years,Medium-High,"yfinance, screener.in",80,126,,2026-06-01,2026-06-01,0,,1,
PNB,Punjab National Bank,Financial Services,Banks - Regional,121883.0,Large-Cap,MonthlyDoubleBottom,Forming,1.0,36,Sep 36mo | Mid rally 236% | Asymmetry 1%,MonthlyCupHandle+MonthlyDoubleBottom,Downtrend,False,False,Below-MAs,False,Stage2,12,Uptrend,Uptrend,101.3,214.75,63.74,86.1,582.63,664.85,1814.82,1028.28,556.3,156.2,6.63,6.38,0.82,0.09,,283.0,65.48,119.71,17,none,13.0,5.61,,29.4,,31.22,0.95,5.45,14.62,9.8,-0.46,76.49,46.95,2.7,0.15,highly inconsistent earnings,,,,,,,70.08,0.0,,6.39,0.46,16.05,-0.04,135.15,98.5,25.0,2.8,1.77,83.75,0.85,0.6,2,18.0,16.5,12.0,2.0,48.5,MONITOR ⭐,Expected ~156% CAGR (2yr) | Profit CAGR 76% | Promoter 70% holding | OPM 29% | Dividend growing 65%/yr | PEG 0.09 — deeply undervalued,Earnings due 2026-07-30 | Pattern still forming (not broken out),3-4 years,Medium-High,"yfinance, screener.in",80,287,2026-07-30,2026-06-01,2026-06-01,0,,1,
SBCL,Shivalik Bimetal Controls Limited,Industrials,Metal Fabrication,4263.0,Small-Cap,MonthlyStage2,Stage Change,1.0,24,10-EMA=506 | 30-EMA=491 | Above by 28.9% | MA turning=Yes,MonthlyCupHandle+MonthlyDoubleBottom+MonthlyStage2,Uptrend,True,True,Uptrend,True,Stage2,4,Uptrend,Uptrend,633.15,491.15,387.85,538.18,431.05,594.45,490.83,459.97,,,44.44,29.6,8.82,6.62,32.22,54.0,18.56,777.0,1,strong_buy,21.8,26.8,-0.43,23.0,0.4,16.79,12.78,12.4,6.7,22.86,24.68,6.71,30.88,23.7,0.15,highly inconsistent earnings,0.15,,3.47,,-2.47,-0.06,33.36,0.18,,1.73,-0.86,20.0,0.29,789.0,368.6,19.8,71.8,21.38,-19.09,1.36,0.49,4,17.0,26.5,-1.0,6.0,48.5,MONITOR ⭐,ROE 22% | ROCE 27% | Low D/E 0.15 | Dividend growing 19%/yr | MonthlyStage2 forming (24mo base) | Weekly uptrend,None identified,3-4 years,Medium-High,"yfinance, screener.in",100,60,,2026-06-01,2026-06-01,0,,1,
SUBROS,Subros Limited,Consumer Cyclical,Auto Parts,4701.0,Small-Cap,MonthlyDoubleBottom,Forming,1.0,17,Sep 17mo | Mid rally 113% | Asymmetry 3%,MonthlyDoubleBottom+MonthlyStage2,Downtrend,False,False,Below-MAs,False,Stage2,3,Uptrend,Uptrend,732.45,432.61,200.73,622.58,2339.72,2500.08,5350.36,3538.13,241.3,84.8,28.4,19.06,3.78,0.55,14.3,42.0,54.87,943.0,3,strong_buy,14.7,19.8,3.03,9.0,0.31,4.41,6.24,11.52,10.21,15.9,9.93,51.22,28.71,6.8,0.15,highly inconsistent earnings,0.06,,1.61,,-89.81,-1.91,36.79,0.0,,32.79,0.01,10.76,-0.29,1213.7,622.1,39.7,17.7,-15.82,45.44,0.15,0.64,6,20.0,15.5,13.0,0.0,48.5,MONITOR ⭐,Expected ~85% CAGR (2yr) | Profit CAGR 51% | ROCE trend rising ↑ | Nearly debt-free | Piotroski F=6 (above average quality) | Dividend growing 55%/yr,Pattern still forming (not broken out),3-4 years,Medium-High,"yfinance, screener.in",100,251,,2026-06-01,2026-06-01,0,,1,
SPAL,S.P. Apparels Limited,Consumer Cyclical,Apparel Manufacturing,1966.0,Small-Cap,MonthlyDoubleBottom,Forming,0.8,16,Sep 16mo | Mid rally 81% | Asymmetry 1%,MonthlyDoubleBottom+MonthlyStage2,Uptrend,True,False,Tight-Above-MAs,True,Stage2,3,Uptrend,Uptrend,783.8,475.16,260.16,666.23,1647.58,1758.95,1877.86,1758.95,124.4,49.8,19.49,12.49,2.18,2.88,10.58,26.0,60.0,915.5,2,strong_buy,11.2,14.0,0.34,13.0,-0.83,6.39,6.97,13.19,13.46,19.35,6.32,6.76,18.62,-38.8,0.15,highly inconsistent earnings,0.45,,1.32,,74.78,3.8,61.81,-0.12,,1.48,-0.35,16.57,-2.15,905.0,600.0,13.4,30.6,-1.16,46.74,0.23,-0.03,5,17.0,25.1,4.0,2.0,48.1,MONITOR ⭐,Expected ~50% CAGR (2yr) | ROCE trend rising ↑ | Promoter 62% holding | Margin compressing ↓ ⚠️ | FCF yield 3.8% | Piotroski F=5 (above average quality),Margin compression ↓ | Pattern still forming (not broken out),3-4 years,Medium-High,"yfinance, screener.in",100,118,,2026-06-01,2026-06-01,0,,1,
AXISCADES,AXISCADES Technologies Limited,Industrials,Engineering & Construction,7927.0,Small-Cap,MonthlyDoubleBottom,Forming,1.0,7,Sep 7mo | Mid rally 108% | Asymmetry 0%,,Sideways-Above-MA,True,False,Constructive,False,Stage2,4,Uptrend,Uptrend,2044.5,129.0,62.0,1737.83,968.81,1417.27,2073.32,1417.27,,,111.14,,10.91,2.4,52.58,0.0,,,0,none,11.5,15.3,0.17,15.0,0.49,8.86,,12.42,12.13,17.21,-4.0,46.29,36.85,87.2,0.2,multiple loss years in history,0.37,,,,,,58.05,0.0,,1.16,-0.29,1.63,0.69,2211.0,1039.9,7.5,96.6,45.5,301.05,0.71,0.38,3,21.0,21.0,-1.0,7.0,48.0,MONITOR ⭐,Profit CAGR 46% | ROCE trend rising ↑ | Promoter 58% holding | DII buying +0.7% ↑ | MonthlyDoubleBottom forming (7mo base) | Sector in Stage2,High PE 111 | Pattern still forming (not broken out),3-4 years,Medium-High,"yfinance, screener.in",80,287,,2026-06-01,2026-06-01,0,,1,
BASF,BASF India Limited,Basic Materials,Specialty Chemicals,14716.0,Mid-Cap,MonthlyDoubleBottom,Breakout Ready,0.789,12,Sep 12mo | Mid rally 81% | Asymmetry 2%,,Downtrend,False,False,Below-MAs,False,Stage2,1,Uptrend,Uptrend,3809.9,263.81,144.65,3238.41,6132.64,16149.07,42525.36,16149.07,323.9,105.9,35.34,20.63,3.72,0.22,20.99,74.0,49.38,4120.0,1,hold,11.0,14.7,-2.6,4.0,-0.94,2.81,3.81,-2.07,25.31,62.52,-12.32,163.33,53.68,155.0,0.15,highly inconsistent earnings,0.03,,1.69,,13.01,0.09,73.33,0.0,,5.34,1.21,6.29,-0.13,5300.0,3122.2,28.1,22.0,-18.46,23.52,1.23,0.42,3,25.0,15.97,7.0,0.0,48.0,MONITOR ⭐,Expected ~106% CAGR (2yr) | Revenue CAGR 25% | Profit CAGR 163% | Nearly debt-free | Promoter 73% holding | Margin compressing ↓ ⚠️,Margin compression ↓,3-4 years,Medium-High,"yfinance, screener.in",100,287,,2026-06-01,2026-06-01,0,,1,
INDIANB,Indian Bank,Financial Services,Banks - Regional,112202.0,Large-Cap,MonthlyDoubleBottom,Forming,0.582,6,Sep 6mo | Mid rally 64% | Asymmetry 6%,,Downtrend,False,False,Below-MAs,False,Stage2,12,Uptrend,Uptrend,817.1,187.63,110.59,694.53,2357.31,2211.88,3865.84,3018.78,170.7,64.5,9.59,7.76,1.4,0.34,,219.0,35.72,1001.54,13,strong_buy,15.4,6.32,,46.92,,34.17,1.25,8.81,14.49,11.54,3.93,28.06,30.02,6.4,0.75,consistent growth,,,,,,,73.84,0.0,,5.82,0.18,17.75,-0.07,1000.9,606.0,18.4,34.8,37.68,178.95,0.66,0.35,2,20.0,9.98,11.0,7.0,48.0,MONITOR ⭐,Expected ~64% CAGR (2yr) | Profit CAGR 28% | Promoter 74% holding | OPM 47% | EPS: consistent growth | Dividend growing 36%/yr,Earnings due 2026-07-23 | Pattern still forming (not broken out),3-4 years,Medium-High,"yfinance, screener.in",80,231,2026-07-23,2026-06-01,2026-06-01,0,,1,
KOTYARK,KOTYARK INDUSTRIES LTD,Basic Materials,Specialty Chemicals,430.0,Micro-Cap,MonthlyDoubleBottom,Forming,1.0,7,Sep 7mo | Mid rally 240% | Asymmetry 8%,,Uptrend,True,True,Tight-Above-MAs,True,Stage2,1,Uptrend,Uptrend,449.0,837.74,236.31,381.65,469.2,1439.17,575.18,519.49,220.5,79.0,22.89,,2.38,2.13,10.32,24.0,-20.63,,0,none,11.6,15.3,-4.0,15.0,-1.4,5.96,8.86,9.38,33.97,,35.71,10.72,,,0.15,highly inconsistent earnings,0.36,,3.22,,-14.24,-3.32,63.84,-3.92,,1.03,-0.03,0.0,0.0,464.25,191.2,3.3,134.8,50.29,-49.64,2.81,-0.68,3,11.0,27.0,2.0,8.0,48.0,MONITOR ⭐,Expected ~79% CAGR (2yr) | Revenue CAGR 34% | Promoter 64% holding | Margin compressing ↓ ⚠️ | MonthlyDoubleBottom forming (7mo base) | Weekly uptrend,Margin compression ↓ | Pattern still forming (not broken out),3-4 years,Medium-High,"yfinance, screener.in",100,55,,2026-06-01,2026-06-01,0,,1,
LICI,Life Insurance Corporation of India,Financial Services,Insurance - Life,520358.0,Large-Cap,MonthlyCupHandle,Forming,0.835,20,Cup 20mo | Depth 24% | Prior gain 55% | R²=0.98,MonthlyCupHandle+MonthlyDoubleBottom,Sideways,False,False,Below-MAs,True,Stage2,12,Uptrend,Uptrend,803.5,1090.33,826.98,785.63,2238.96,2616.44,3057.58,2616.44,225.6,80.5,9.06,7.3,2.14,0.54,8.24,243.0,100.0,516.12,24,strong_buy,37.8,35.1,-4.97,5.0,1.23,6.56,0.58,9.87,7.61,7.19,18.9,16.86,80.8,47.0,0.15,highly inconsistent earnings,,,5.95,,4030.76,0.77,96.5,0.0,,0.31,0.11,1.27,-0.06,490.0,360.75,-64.0,122.7,-8.87,7.51,0.49,0.57,3,18.0,17.02,12.0,1.0,48.0,MONITOR ⭐,Expected ~80% CAGR (2yr) | ROE 38% | ROCE 35% | Promoter 96% holding | Dividend growing 100%/yr | PEG 0.54 — undervalued,Earnings due 2026-08-06 | Pattern still forming (not broken out),3-4 years,Medium-High,"yfinance, screener.in",90,49,2026-08-06,2026-06-01,2026-06-01,0,,1,
SHRIPISTON,SPR Auto Technologies Limited,Consumer Cyclical,Auto Parts,14937.0,Mid-Cap,None,,0.0,0,,,Sideways-Above-MA,True,False,Tight-Above-MAs,True,Stage2,3,Uptrend,Uptrend,3316.5,,,2819.03,7155.75,8875.28,11008.01,8875.28,167.6,63.6,27.03,17.74,6.24,1.12,,29.0,-12.64,4850.0,1,none,21.6,21.0,2.31,20.0,1.37,8.02,,25.61,19.56,22.8,8.72,24.03,44.52,-50.6,0.4,lumpy earner,,,1.94,,,,43.75,0.0,,7.65,1.03,12.89,-0.25,3764.9,2301.2,11.9,44.1,41.8,232.87,,,4,24.0,12.0,4.0,8.0,48.0,MONITOR ⭐,Expected ~64% CAGR (2yr) | Revenue CAGR 20% | Profit CAGR 24% | ROE 22% | ROCE 21% | ROCE trend rising ↑,None identified,3-4 years,Medium-High,"yfinance, screener.in",70,120,,2026-06-01,2026-06-01,0,,1,
TARIL,TRANS & RECTI. LTD,Industrials,Electrical Equipment & Parts,9622.0,Mid-Cap,None,,0.0,0,,,Sideways,False,False,Below-MAs,True,Stage2,4,Uptrend,Uptrend,297.4,,,252.79,549.11,751.33,1907.89,1023.55,152.6,58.9,36.34,25.85,7.15,0.42,25.07,6.0,38.67,343.0,3,none,19.1,23.3,3.54,15.0,1.74,10.54,9.1,24.39,21.58,27.59,25.93,86.4,102.44,-5.2,0.15,highly inconsistent earnings,0.3,,1.81,,-265.13,-2.76,64.36,0.0,,8.33,1.32,1.77,-2.41,578.5,224.05,48.6,32.7,-31.75,475.56,,-0.25,5,32.0,6.0,10.0,0.0,48.0,MONITOR ⭐,Expected ~59% CAGR (2yr) | Revenue CAGR 22% | Profit CAGR 86% | ROCE 23% | ROCE trend rising ↑ | Low D/E 0.30,None identified,3-4 years,Medium-High,"yfinance, screener.in",100,156,,2026-06-01,2026-06-01,0,,1,
APTUS,Aptus Value Housing Finance India Limited,Financial Services,Mortgage Finance,13034.0,Mid-Cap,MonthlyDoubleBottom,Forming,0.867,45,Sep 45mo | Mid rally 95% | Asymmetry 9%,,Sideways,False,False,Below-MAs,True,Stage2,12,Uptrend,Uptrend,254.55,389.74,191.24,216.37,490.98,588.24,746.55,605.43,131.1,52.0,13.81,10.06,2.57,0.59,,192.0,7.72,354.82,17,strong_buy,20.1,15.4,,78.61,,61.41,7.76,25.26,26.11,27.92,25.57,23.31,28.71,26.1,1.0,steady compounder (low CV),1.56,,183.59,,,,23.86,0.0,,30.34,-2.85,29.43,2.14,364.0,193.03,30.1,31.9,-12.7,-16.0,0.85,0.74,3,21.0,17.9,9.0,0.0,47.9,MONITOR ⭐,Expected ~52% CAGR (2yr) | Revenue CAGR 26% | Profit CAGR 23% | ROE 20% | OPM 79% | EPS: steady compounder (low CV),High D/E 1.6 | Pattern still forming (not broken out),3-4 years,Medium-High,"yfinance, screener.in",90,58,,2026-06-01,2026-06-01,0,,1,
SONACOMS,Sona BLW Precision Forgings Limited,Consumer Cyclical,Auto Parts,37785.0,Large-Cap,MonthlyDoubleBottom,Forming,0.95,28,Sep 28mo | Mid rally 98% | Asymmetry 3%,MonthlyCupHandle+MonthlyDoubleBottom+MonthlyStage2,Uptrend,True,False,Uptrend,True,Stage2,3,Uptrend,Uptrend,579.75,761.17,377.51,492.79,499.56,1144.83,681.28,583.39,97.5,40.5,58.8,39.04,6.61,3.5,34.66,59.0,-17.12,619.14,14,none,11.8,14.8,-1.14,24.0,-0.43,14.39,7.08,25.47,18.47,23.22,4.83,16.78,23.95,16.9,0.15,highly inconsistent earnings,0.07,,3.4,,-702.56,-1.86,28.01,-0.01,,23.7,-0.19,41.46,0.72,621.8,402.3,6.8,44.1,28.68,-8.71,0.7,0.41,4,13.0,25.9,1.0,8.0,47.9,MONITOR ⭐,Expected ~40% CAGR (2yr) | Revenue CAGR 18% | Nearly debt-free | DII buying +0.7% ↑ | MonthlyDoubleBottom forming (28mo base) | Weekly uptrend,High PE 59 | Earnings due 2026-04-30 | Pattern still forming (not broken out),3-4 years,Medium-High,"yfinance, screener.in",100,60,2026-04-30,2026-06-01,2026-06-01,0,,1,
GANDHITUBE,Gandhi Special Tubes Limited,Industrials,Metal Fabrication,1008.0,Small-Cap,MonthlyDoubleBottom,Forming,0.848,34,Sep 34mo | Mid rally 86% | Asymmetry 1%,,Downtrend,False,False,Constructive,False,Stage2,4,Uptrend,Uptrend,872.65,515.59,276.77,741.75,1479.23,1479.23,1479.23,1479.23,69.5,30.2,14.75,,3.51,,11.9,181.0,14.47,,0,none,23.51,,,39.49,,35.65,16.0,8.9,,,-21.6,,,-21.6,0.5,insufficient history,0.0,,6.11,,47.37,4.7,73.52,0.0,,1.23,0.0,0.06,-0.03,1031.8,649.5,15.4,34.4,31.76,36.78,0.35,0.8,4,21.0,15.68,4.0,7.0,47.7,MONITOR ⭐,Expected ~30% CAGR (2yr) | Declining profits (-22% CAGR) ⚠️ | ROE 24% | Nearly debt-free | Promoter 74% holding | OPM 39%,Pattern still forming (not broken out),3-4 years,Medium-High,"yfinance, screener.in",70,233,,2026-06-01,2026-06-01,0,,1,
ORIENTELEC,Orient Electric Limited,Consumer Cyclical,"Furnishings, Fixtures & Appliances",4021.0,Small-Cap,MonthlyDoubleBottom,Forming,0.97,7,Sep 7mo | Mid rally 103% | Asymmetry 6%,,Sideways-Above-MA,True,False,Constructive,True,Stage2,3,Uptrend,Uptrend,188.88,275.14,131.19,160.55,289.3,419.09,485.17,374.65,121.9,49.0,42.06,23.61,5.28,1.43,17.54,80.0,-20.63,237.31,13,none,13.18,,,6.09,,2.88,5.9,10.0,,,29.5,,,28.9,0.5,insufficient history,0.12,,1.43,,48.69,1.21,38.3,0.0,,3.42,-0.18,32.52,0.62,232.45,149.05,18.7,26.7,-7.62,-42.55,0.86,0.29,3,16.0,20.64,10.0,1.0,47.6,MONITOR ⭐,Expected ~49% CAGR (2yr) | Profit CAGR 30% | Low D/E 0.12 | DII buying +0.6% ↑ | PEG 1.43 — fair value | EV/EBITDA 18× vs sector 25×,Pattern still forming (not broken out),3-4 years,Medium-High,"yfinance, screener.in",70,97,,2026-06-01,2026-06-01,0,,1,
20MICRONS,20 Microns Limited,Basic Materials,Other Industrial Metals & Mining,645.0,Small-Cap,MonthlyDoubleBottom,Forming,1.0,24,Sep 24mo | Mid rally 166% | Asymmetry 1%,,Sideways,False,True,Below-MAs,True,Stage2,1,Uptrend,Uptrend,165.18,346.44,129.61,140.4,431.79,563.27,589.46,504.5,241.0,84.7,9.65,,1.42,0.57,6.15,68.0,37.5,,0,none,14.7,17.4,0.37,13.0,0.2,7.0,,4.49,10.77,14.54,8.06,16.84,23.84,15.7,0.4,lumpy earner,0.32,,,,,,45.04,0.0,,0.41,0.15,0.1,0.03,283.93,129.61,41.8,27.4,-20.82,55.07,0.26,0.73,3,17.0,19.5,11.0,0.0,47.5,MONITOR ⭐,Expected ~85% CAGR (2yr) | ROCE trend rising ↑ | Dividend growing 38%/yr | PEG 0.57 — undervalued | EV/EBITDA 6× below sector (10×) | MonthlyDoubleBottom forming (24mo base),Pattern still forming (not broken out),3-4 years,Medium-High,"yfinance, screener.in",80,212,,2026-06-01,2026-06-01,0,,1,
APLAPOLLO,APL Apollo Tubes Limited,Basic Materials,Steel,50842.0,Large-Cap,MonthlyDoubleBottom,Forming,1.0,13,Sep 13mo | Mid rally 119% | Asymmetry 4%,MonthlyCupHandle+MonthlyDoubleBottom,Downtrend,False,False,Below-MAs,False,Stage2,1,Uptrend,Uptrend,1864.5,218.88,97.89,1584.83,1176.76,1762.44,1788.43,1450.7,,,42.19,28.47,9.6,1.81,28.01,31.0,18.0,2230.05,19,none,25.3,31.6,-0.06,8.0,-0.06,5.21,11.95,11.55,12.6,22.11,58.92,23.28,24.14,20.9,0.15,highly inconsistent earnings,0.09,,1.34,,402.28,0.79,28.25,-0.02,,37.52,4.4,16.05,-3.86,2301.4,1492.0,19.0,25.0,15.03,21.24,0.69,0.29,4,26.0,15.5,3.0,3.0,47.5,MONITOR ⭐,Profit CAGR 23% | ROE 25% | ROCE 32% | Nearly debt-free | FII buying +4.4% ↑ | Dividend growing 18%/yr,Earnings due 2026-07-23 | Pattern still forming (not broken out),3-4 years,Medium-High,"yfinance, screener.in",100,174,2026-07-23,2026-06-01,2026-06-01,0,,1,
DRREDDY,Dr. Reddy's Laboratories Limited,Healthcare,Drug Manufacturers - Specialty & Generic,108529.0,Large-Cap,MonthlyDoubleBottom,Forming,1.0,30,Sep 30mo | Mid rally 144% | Asymmetry 2%,,Uptrend,True,False,Tight-Above-MAs,True,Stage2,4,Uptrend,Uptrend,1335.2,127.18,51.54,1134.92,1804.03,1615.13,1804.03,1804.03,21.0,10.0,25.9,20.21,2.88,,15.31,61.0,10.06,1331.77,39,hold,11.8,13.6,0.49,19.0,0.69,12.76,5.82,3.23,10.96,12.09,-27.37,-2.65,16.33,-86.2,0.15,highly inconsistent earnings,0.2,,1.8,,174.11,0.16,26.63,-0.01,,21.14,-1.2,30.72,0.28,1379.7,1148.4,3.2,16.3,12.15,8.93,0.91,0.29,7,11.0,28.5,4.0,4.0,47.5,MONITOR ⭐,Expected ~10% CAGR (2yr) | Declining profits (-3% CAGR) ⚠️ | ROCE trend rising ↑ | Low D/E 0.20 | Piotroski F=7 (high quality compounder) | Dividend growing 10%/yr,Earnings due 2026-07-23 | Pattern still forming (not broken out),3-4 years,Medium-High,"yfinance, screener.in",100,365,2026-07-23,2026-06-01,2026-06-01,0,,1,
EMAMIPAP,Emami Paper Mills Limited,Basic Materials,Paper & Paper Products,526.0,Small-Cap,MonthlyDoubleBottom,Forming,1.0,15,Sep 15mo | Mid rally 152% | Asymmetry 3%,,Sideways-Above-MA,True,True,Constructive,True,Stage2,1,Uptrend,Uptrend,77.33,147.51,57.5,65.73,1055.07,12131.24,139484.97,12131.24,15587.6,1152.5,18.2,,1.19,0.02,7.65,200.0,,,0,none,,,,9.17,,1.79,,10.2,,,1049.8,,,899.4,0.5,insufficient history,1.01,,,,,,74.97,0.0,,0.53,0.0,0.06,-0.01,122.0,55.0,36.6,40.6,-14.37,-56.84,0.47,0.48,1,14.0,21.5,12.0,0.0,47.5,MONITOR ⭐,Expected ~1152% CAGR (2yr) | Profit CAGR 1050% | Promoter 75% holding | PEG 0.02 — deeply undervalued | EV/EBITDA 8× vs sector 10× | MonthlyDoubleBottom forming (15mo base),High D/E 1.0 | Pattern still forming (not broken out),3-4 years,Medium-High,"yfinance, screener.in",50,85,,2026-06-01,2026-06-01,0,,1,
GABRIEL,Gabriel India Limited,Consumer Cyclical,Auto Parts,15802.0,Mid-Cap,MonthlyDoubleBottom,Forming,1.0,29,Sep 29mo | Mid rally 110% | Asymmetry 7%,,Sideways-Above-MA,True,False,Constructive,True,Stage2,3,Uptrend,Uptrend,1095.3,29.47,13.58,931.0,613.31,882.95,613.31,613.31,,,62.51,30.63,12.36,,38.42,43.0,36.67,1287.4,5,strong_buy,20.6,26.1,-2.0,9.0,0.0,5.52,,14.87,,,2.86,,,-9.1,0.15,highly inconsistent earnings,0.08,,,,,,55.02,0.02,,6.58,0.09,16.28,0.08,1388.0,582.2,21.1,88.1,64.06,449.6,0.66,0.72,1,17.0,22.5,1.0,7.0,47.5,MONITOR ⭐,Revenue CAGR 16% | Declining profits (-9% CAGR) ⚠️ | ROE 21% | ROCE 26% | Nearly debt-free | Promoter 55% holding,High PE 63 | Pattern still forming (not broken out),3-4 years,Medium-High,"yfinance, screener.in",60,254,,2026-06-01,2026-06-01,0,,1,
HESTERBIO,HESTER BIOSCIENCES LTD,Healthcare,Drug Manufacturers - Specialty & Generic,0.0,Micro-Cap,MonthlyDoubleBottom,Forming,1.0,12,Sep 12mo | Mid rally 166% | Asymmetry 4%,MonthlyDoubleBottom+MonthlyStage2,Sideways-Above-MA,True,True,Constructive,True,Stage2,4,Uptrend,Uptrend,1796.5,3359.21,1238.65,1527.02,3700.51,5479.77,5944.14,4690.03,205.0,74.6,29.76,,4.74,1.11,21.98,35.0,-11.21,,0,none,15.9,15.2,-0.77,26.0,-1.4,16.73,6.36,7.07,7.78,9.25,96.55,26.74,10.25,1138.0,0.15,highly inconsistent earnings,0.53,,1.37,,36.05,,53.73,0.0,,0.38,-0.14,0.0,-0.01,2350.0,1239.3,23.6,45.0,4.63,-17.05,1.84,0.43,3,17.0,21.5,6.0,3.0,47.5,MONITOR ⭐,Expected ~75% CAGR (2yr) | Profit CAGR 27% | Promoter 54% holding | OPM 26% | Margin compressing ↓ ⚠️ | PEG 1.11 — fair value,Margin compression ↓ | Pattern still forming (not broken out),3-4 years,Medium-High,"yfinance, screener.in",100,135,,2026-06-01,2026-06-01,0,,1,
IDBI,IDBI Bank Limited,Financial Services,Banks - Regional,79385.0,Large-Cap,MonthlyDoubleBottom,Forming,1.0,46,Sep 46mo | Mid rally 161% | Asymmetry 6%,MonthlyCupHandle+MonthlyDoubleBottom,Sideways,False,False,Below-MAs,False,Stage2,12,Uptrend,Uptrend,73.56,163.43,60.67,62.53,251.62,340.49,460.75,340.49,362.9,115.1,8.55,15.07,1.16,0.24,,284.0,63.0,,0,none,14.2,6.5,,15.58,,43.38,2.1,0.36,12.12,7.78,20.65,35.32,43.24,,0.75,consistent growth,,,,,,,94.72,0.0,,0.56,0.04,0.08,-0.04,118.38,61.01,37.9,20.6,-19.92,17.35,0.25,0.91,2,19.0,19.5,9.0,0.0,47.5,MONITOR ⭐,Expected ~115% CAGR (2yr) | Profit CAGR 35% | Promoter 95% holding | EPS: consistent growth | Dividend growing 63%/yr | PEG 0.24 — deeply undervalued,Pattern still forming (not broken out),3-4 years,Medium-High,"yfinance, screener.in",80,365,,2026-06-01,2026-06-01,0,,1,
INGERRAND,Ingersoll-Rand (India) Limited,Industrials,Specialty Industrial Machinery,13738.0,Mid-Cap,MonthlyStage2,Stage Change,1.0,24,10-EMA=3913 | 30-EMA=3582 | Above by 22.5% | MA turning=Yes,MonthlyDoubleBottom+MonthlyStage2,Uptrend,True,False,Tight-Above-MAs,True,Stage2,4,Uptrend,Uptrend,4388.3,3582.27,3109.54,3730.05,2040.63,4055.0,2040.63,2040.63,,,53.76,36.6,21.13,,36.23,184.0,16.96,4589.0,1,none,,,,24.29,,18.29,,18.2,,,-7.4,,,-7.4,0.5,insufficient history,0.01,,,,,,75.0,0.0,,1.3,0.14,8.21,0.01,4605.0,3063.3,4.7,43.3,23.01,40.05,0.74,0.27,1,14.0,28.5,-1.0,6.0,47.5,MONITOR ⭐,Revenue CAGR 18% | Declining profits (-7% CAGR) ⚠️ | Nearly debt-free | Promoter 75% holding | Dividend growing 17%/yr | MonthlyStage2 forming (24mo base),High PE 54,3-4 years,Medium-High,"yfinance, screener.in",50,287,,2026-06-01,2026-06-01,0,,1,
IOB,Indian Overseas Bank,Financial Services,Banks - Regional,64356.0,Large-Cap,MonthlyDoubleBottom,Forming,1.0,28,Sep 28mo | Mid rally 168% | Asymmetry 9%,,Downtrend,False,False,Below-MAs,False,Stage2,12,Uptrend,Uptrend,33.54,176.3,62.82,59.68,83.49,289.78,156.87,114.45,764.0,193.9,11.89,37.13,1.74,0.32,,0.0,-37.86,,0,none,15.6,6.07,,44.19,,37.49,1.25,13.33,18.01,13.44,59.54,37.07,48.2,42.5,0.4,lumpy earner,,,,,,,92.44,0.0,,0.43,0.08,4.28,0.02,42.8,31.2,21.6,7.5,-6.51,14.38,0.21,0.31,2,22.0,16.5,8.0,1.0,47.5,MONITOR ⭐,Expected ~194% CAGR (2yr) | Revenue CAGR 18% | Profit CAGR 37% | Promoter 92% holding | OPM 44% | PEG 0.32 — deeply undervalued,Pattern still forming (not broken out),3-4 years,Medium-High,"yfinance, screener.in",80,287,,2026-06-01,2026-06-01,0,,1,
IRISDOREME,Iris Clothings Limited,Consumer Cyclical,Apparel Manufacturing,611.0,Small-Cap,MonthlyDoubleBottom,Forming,1.0,48,Sep 48mo | Mid rally 289% | Asymmetry 7%,,Uptrend,True,False,Constructive,True,Stage2,3,Uptrend,Uptrend,36.59,106.0,26.35,31.1,44.77,185.65,61.92,52.65,407.4,125.3,42.09,,5.02,2.39,25.58,,,,0,none,14.46,,,15.76,,8.48,8.48,50.4,,,17.6,,,43.5,0.5,insufficient history,0.24,,3.19,,-26.83,-4.39,61.17,0.0,,,0.0,0.79,-0.09,66.53,26.35,45.0,38.9,-36.96,-79.2,0.53,-0.14,3,20.0,25.5,2.0,0.0,47.5,MONITOR ⭐,Expected ~125% CAGR (2yr) | Revenue CAGR 50% | Low D/E 0.24 | Promoter 61% holding | MonthlyDoubleBottom forming (48mo base) | Weekly uptrend,Pattern still forming (not broken out),3-4 years,Medium-High,"yfinance, screener.in",70,91,,2026-06-01,2026-06-01,0,,1,
RPGLIFE,RPG Life Sciences Limited,Healthcare,Drug Manufacturers - Specialty & Generic,3679.0,Small-Cap,MonthlyStage2,Stage Change,1.0,24,10-EMA=2168 | 30-EMA=1956 | Above by 16.7% | MA turning=Yes,MonthlyDoubleBottom+MonthlyStage2,Sideways-Above-MA,True,False,Constructive,True,Stage2,4,Uptrend,Uptrend,2282.6,1956.12,1609.85,1940.21,2500.48,2500.48,2500.48,2500.48,9.5,4.7,31.95,77.84,6.08,,23.28,90.0,35.72,,0,none,19.8,26.2,,21.0,-3.0,16.28,10.82,8.42,,,-37.16,,,-74.5,0.5,insufficient history,0.03,,3.48,,-15.23,-0.41,72.95,0.0,,0.87,-0.13,7.45,0.41,2725.0,1733.0,16.2,31.7,0.37,136.7,0.85,-0.2,4,21.0,22.5,2.0,2.0,47.5,MONITOR ⭐,Expected ~5% CAGR (2yr) | Revenue CAGR 24% | Declining profits (-74% CAGR) ⚠️ | ROCE 26% | Nearly debt-free | Promoter 73% holding,Margin compression ↓,3-4 years,Medium-High,"yfinance, screener.in",80,286,,2026-06-01,2026-06-01,0,,1,
TECHNOE,Techno Electric & Engineering Company Limited,Industrials,Engineering & Construction,12551.0,Mid-Cap,MonthlyDoubleBottom,Forming,1.0,34,Sep 34mo | Mid rally 107% | Asymmetry 4%,MonthlyDoubleBottom+MonthlyStage2,Downtrend,False,False,Below-MAs,False,Stage2,4,Uptrend,Uptrend,1193.9,409.79,194.21,1014.82,2092.29,2852.84,3889.85,2852.84,139.0,54.6,28.01,16.59,3.22,0.77,22.28,83.0,65.1,1650.0,2,none,11.4,14.8,0.6,14.0,-1.43,14.57,5.06,43.32,57.65,29.76,12.06,36.35,21.1,-15.0,0.15,highly inconsistent earnings,0.02,,4.06,,-870.88,-6.94,56.93,0.0,,8.65,0.12,22.72,-0.33,1654.0,870.0,27.8,37.2,-17.48,212.24,0.45,0.92,4,25.0,16.5,6.0,0.0,47.5,MONITOR ⭐,Expected ~55% CAGR (2yr) | Revenue CAGR 58% | Profit CAGR 36% | ROCE trend rising ↑ | Nearly debt-free | Promoter 57% holding,Margin compression ↓ | Pattern still forming (not broken out),3-4 years,Medium-High,"yfinance, screener.in",100,230,,2026-06-01,2026-06-01,0,,1,
TIMKEN,Timken India Limited,Industrials,Tools & Accessories,27307.0,Mid-Cap,MonthlyDoubleBottom,Forming,1.0,25,Sep 25mo | Mid rally 102% | Asymmetry 1%,MonthlyCupHandle+MonthlyDoubleBottom+MonthlyStage2,Uptrend,True,False,Uptrend,True,Stage2,4,Uptrend,Uptrend,3538.0,943.11,465.78,3007.3,1344.39,2370.75,1344.39,1344.39,,,65.79,43.23,9.87,,42.68,99.0,188.45,3910.29,7,buy,14.3,19.0,,18.0,-1.0,11.93,9.23,8.79,,,-10.17,,,-15.3,0.5,insufficient history,0.01,,2.97,,21.57,0.08,51.05,0.0,,6.96,0.02,30.63,0.48,3775.0,2800.5,6.3,26.3,9.62,-18.56,0.43,0.32,5,16.0,26.5,0.0,5.0,47.5,MONITOR ⭐,Revenue CAGR 16% | Declining profits (-15% CAGR) ⚠️ | Nearly debt-free | Promoter 51% holding | Margin compressing ↓ ⚠️ | Piotroski F=5 (above average quality),High PE 66 | Margin compression ↓ | Earnings due 2026-07-30 | Pattern still forming (not broken out),3-4 years,Medium-High,"yfinance, screener.in",80,286,2026-07-30,2026-06-01,2026-06-01,0,,1,
BALMLAWRIE,Balmer Lawrie & Co. Ltd.,Industrials,Conglomerates,3139.0,Small-Cap,MonthlyDoubleBottom,Forming,0.563,45,Sep 45mo | Mid rally 60% | Asymmetry 4%,MonthlyDoubleBottom+MonthlyStage2,Sideways-Above-MA,True,False,Constructive,True,Stage2,4,Uptrend,Uptrend,184.49,134.49,82.33,156.82,638.87,748.31,876.49,748.31,305.6,101.4,11.35,,1.52,0.66,8.12,695.0,-17.25,,0,none,13.7,14.6,1.77,13.0,1.03,10.18,5.54,8.46,5.53,12.23,4.25,17.13,18.61,12.5,0.4,lumpy earner,0.1,,2.13,,150.66,4.8,,,,2.22,0.06,1.79,0.0,238.2,148.36,22.5,24.4,-0.95,32.03,0.78,0.72,6,19.0,17.26,10.0,1.0,47.3,MONITOR ⭐,Expected ~101% CAGR (2yr) | ROCE trend rising ↑ | Low D/E 0.10 | FCF yield 4.8% | Piotroski F=6 (above average quality) | PEG 0.66 — undervalued,Pattern still forming (not broken out),3-4 years,Medium-High,"yfinance, screener.in",90,287,,2026-06-01,2026-06-01,0,,1,
AURIONPRO,Aurionpro Solutions Limited,Technology,Software - Application,4388.0,Small-Cap,MonthlyDoubleBottom,Forming,0.516,9,Sep 9mo | Mid rally 59% | Asymmetry 8%,,Downtrend,False,False,Below-MAs,False,Downtrend,0,Uptrend,Uptrend,730.9,61.34,37.12,621.26,1520.14,1940.0,2475.83,1940.0,165.4,62.9,20.62,13.9,2.46,0.75,13.7,75.0,68.69,1095.0,2,none,13.4,16.3,3.0,20.0,-0.37,14.83,7.56,20.29,28.89,30.42,12.77,27.62,45.96,22.2,0.75,consistent growth,0.04,,2.41,,-163.96,-3.74,26.88,0.0,,16.29,-0.48,1.25,0.36,1665.9,719.6,56.1,1.6,-41.63,28.01,1.05,-0.29,5,29.0,8.19,10.0,0.0,47.2,MONITOR ⭐,Expected ~63% CAGR (2yr) | Revenue CAGR 29% | Profit CAGR 28% | ROCE trend rising ↑ | Nearly debt-free | EPS: consistent growth,Pattern still forming (not broken out),3-4 years,Medium-High,"yfinance, screener.in",100,248,,2026-06-01,2026-06-01,0,,1,
ACC,ACC Limited,Basic Materials,Building Materials,26277.0,Mid-Cap,MonthlyDoubleBottom,Forming,1.0,20,Sep 20mo | Mid rally 121% | Asymmetry 4%,,Sideways,False,False,Below-MAs,False,Stage2,1,Uptrend,Uptrend,1359.3,980.37,434.56,1155.4,3194.48,3270.01,5749.72,4285.72,140.6,55.1,12.33,11.74,1.28,0.36,8.86,54.0,-49.43,1746.45,31,buy,10.8,11.2,-0.66,11.0,-1.11,8.23,4.32,19.3,5.34,13.5,-11.03,34.16,8.37,-68.3,0.15,highly inconsistent earnings,0.02,,1.97,,-3850.05,-14.65,56.69,0.0,,5.93,-0.06,21.62,0.25,2028.8,1251.7,33.0,8.6,-21.37,-47.23,0.65,0.29,2,13.0,19.0,15.0,0.0,47.0,MONITOR ⭐,Expected ~55% CAGR (2yr) | Profit CAGR 34% | Nearly debt-free | Promoter 57% holding | Margin compressing ↓ ⚠️ | PEG 0.36 — deeply undervalued,Margin compression ↓ | Earnings due 2026-04-30 | Pattern still forming (not broken out),3-4 years,Medium-High,"yfinance, screener.in",100,287,2026-04-30,2026-06-01,2026-06-01,0,,1,
HINDALCO,Hindalco Industries Limited,Basic Materials,Aluminum,251947.0,Large-Cap,MonthlyDoubleBottom,Forming,1.0,6,Sep 6mo | Mid rally 972% | Asymmetry 8%,,Uptrend,True,False,Tight-Above-MAs,True,Stage2,1,Uptrend,Uptrend,1048.3,98.35,8.83,891.05,1328.59,1327.27,1603.79,1459.72,26.6,12.5,18.73,10.56,1.83,1.9,9.28,44.0,7.72,1128.61,28,hold,13.5,13.7,0.54,13.0,-0.14,4.87,5.37,15.28,7.2,15.81,-16.32,9.87,30.91,-50.8,0.15,highly inconsistent earnings,0.73,,1.21,,-9969.75,-3.96,34.65,0.0,,29.96,1.8,21.35,-1.82,1176.0,618.0,10.9,69.6,59.85,130.86,0.46,0.82,3,5.0,27.0,5.0,10.0,47.0,MONITOR ⭐,Expected ~12% CAGR (2yr) | ROCE trend rising ↑ | FII buying +1.8% ↑ | MonthlyDoubleBottom forming (6mo base) | Weekly uptrend | Tight daily consolidation above MAs,Earnings due 2026-08-12 | Pattern still forming (not broken out),3-4 years,Medium-High,"yfinance, screener.in",100,365,2026-08-12,2026-06-01,2026-06-01,0,,1,
KIRLOSENG,Kirloskar Oil Engines Limited,Industrials,Specialty Industrial Machinery,28029.0,Mid-Cap,MonthlyCupHandle,Forming,0.664,19,Cup 19mo | Depth 52% | Prior gain 89% | R²=0.97,MonthlyCupHandle+MonthlyDoubleBottom,Uptrend,True,False,Tight-Above-MAs,True,Stage2,4,Uptrend,Uptrend,1660.3,1683.63,815.49,1411.25,1389.49,2551.77,1973.61,1655.99,53.7,24.0,49.26,34.43,8.31,2.57,22.45,34.0,-20.63,1877.8,5,buy,17.7,14.7,0.69,18.0,1.69,7.46,7.27,21.29,15.33,18.5,18.07,19.18,23.33,21.0,0.15,highly inconsistent earnings,1.5,,1.39,,-174.38,-0.62,41.08,-0.01,,10.79,2.34,26.69,-1.52,1943.7,825.6,14.6,101.1,103.73,309.66,0.47,0.72,5,12.0,23.97,1.0,10.0,47.0,MONITOR ⭐,Expected ~24% CAGR (2yr) | Revenue CAGR 15% | ROCE trend rising ↑ | Piotroski F=5 (above average quality) | FII buying +2.3% ↑ | MonthlyCupHandle forming (19mo base),High D/E 1.5 | Pattern still forming (not broken out),3-4 years,Medium-High,"yfinance, screener.in",100,286,,2026-06-01,2026-06-01,0,,1,
SAREGAMA,Saregama India Limited,Communication Services,Entertainment,8142.0,Mid-Cap,MonthlyDoubleBottom,Breakout Ready,1.0,40,Sep 40mo | Mid rally 427% | Asymmetry 2%,,Sideways-Above-MA,True,True,Constructive,True,Downtrend,0,Uptrend,Uptrend,394.3,86.91,16.33,335.15,277.34,368.28,297.96,287.47,,,39.53,27.75,4.9,10.83,21.48,212.0,44.22,489.5,4,buy,13.0,17.8,-2.83,34.0,-0.2,20.17,8.42,-15.88,10.15,17.38,0.98,3.65,12.76,25.4,0.15,highly inconsistent earnings,0.04,,1.75,,427.62,5.25,60.84,0.45,,12.18,-2.0,7.1,2.06,603.0,307.05,34.6,28.4,-12.59,-20.69,15.13,,4,22.0,23.0,2.0,0.0,47.0,MONITOR ⭐,Nearly debt-free | Promoter 61% holding | OPM 34% | FCF yield 5.3% | DII buying +2.1% ↑ | Dividend growing 44%/yr,None identified,3-4 years,Medium-High,"yfinance, screener.in",100,287,,2026-06-01,2026-06-01,0,,1,
ARVINDFASN,Arvind Fashions Limited,Consumer Cyclical,Apparel Manufacturing,6166.0,Small-Cap,MonthlyDoubleBottom,Forming,0.995,20,Sep 20mo | Mid rally 108% | Asymmetry 8%,MonthlyCupHandle+MonthlyDoubleBottom,Sideways,False,True,Below-MAs,True,Stage2,3,Uptrend,Uptrend,429.3,637.73,295.19,364.9,542.19,980.27,893.33,695.95,128.3,51.1,49.98,24.21,6.52,1.76,10.26,35.0,28.0,658.43,7,strong_buy,14.1,18.9,5.23,13.0,2.49,2.31,7.1,13.98,8.98,19.06,457.58,28.36,69.89,,0.2,multiple loss years in history,1.15,,1.26,,160.47,2.6,35.1,-0.01,,11.97,-0.13,24.63,1.45,579.0,366.2,25.9,17.2,-3.83,-1.56,1.7,,5,17.0,18.94,10.0,1.0,46.9,MONITOR ⭐,Expected ~51% CAGR (2yr) | Profit CAGR 28% | ROCE trend rising ↑ | Piotroski F=5 (above average quality) | DII buying +1.4% ↑ | Dividend growing 28%/yr,High D/E 1.2 | Pattern still forming (not broken out),3-4 years,Medium-High,"yfinance, screener.in",100,87,,2026-06-01,2026-06-01,0,,1,
KSOLVES,Ksolves India Limited,Technology,Software - Application,677.0,Small-Cap,MonthlyDoubleBottom,Forming,0.481,9,Sep 9mo | Mid rally 50% | Asymmetry 2%,,Downtrend,False,False,Below-MAs,False,Downtrend,0,Uptrend,Uptrend,282.35,678.94,446.67,424.34,482.98,911.21,592.84,535.1,222.7,79.6,19.69,,20.34,1.82,13.96,701.0,-17.79,,0,none,137.0,131.0,-2.57,30.0,-2.51,21.1,47.64,18.98,27.85,42.23,65.8,10.79,30.45,65.3,0.15,highly inconsistent earnings,0.19,,2.4,,20.58,3.04,58.92,-0.02,,0.08,-0.04,0.01,0.0,402.0,245.75,29.8,14.9,-7.04,-54.36,1.14,0.06,5,33.0,7.77,6.0,0.0,46.8,MONITOR ⭐,Expected ~80% CAGR (2yr) | Revenue CAGR 28% | ROE 137% | ROCE 131% | Low D/E 0.19 | Promoter 59% holding,Margin compression ↓ | Pattern still forming (not broken out),3-4 years,Medium-High,"yfinance, screener.in",100,70,,2026-06-01,2026-06-01,0,,1,
HPL,HPL Electric & Power Limited,Industrials,Electrical Equipment & Parts,2251.0,Small-Cap,MonthlyDoubleBottom,Forming,0.768,44,Sep 44mo | Mid rally 78% | Asymmetry 1%,,Sideways,False,False,Below-MAs,True,Stage2,4,Uptrend,Uptrend,349.2,90.26,50.27,296.82,735.41,1064.57,1541.08,1064.57,204.9,74.6,24.75,18.62,2.36,0.55,10.4,29.0,88.21,,0,none,10.4,14.3,1.51,16.0,0.57,5.03,6.07,6.53,12.79,15.66,-3.19,44.76,55.53,-16.9,0.15,highly inconsistent earnings,0.75,,1.36,,-63.72,-2.83,72.66,0.0,,0.51,0.23,0.1,0.0,639.9,255.55,45.4,36.6,-31.02,144.79,0.67,0.71,5,20.0,16.72,10.0,0.0,46.7,MONITOR ⭐,Expected ~75% CAGR (2yr) | Profit CAGR 45% | ROCE trend rising ↑ | Promoter 73% holding | Piotroski F=5 (above average quality) | Dividend growing 88%/yr,Pattern still forming (not broken out),3-4 years,Medium-High,"yfinance, screener.in",100,116,,2026-06-01,2026-06-01,0,,1,
INDIASHLTR,India Shelter Finance Corporation Limited,Financial Services,Mortgage Finance,8310.0,Mid-Cap,MonthlyDoubleBottom,Forming,0.519,13,Sep 13mo | Mid rally 60% | Asymmetry 8%,MonthlyDoubleBottom+MonthlyStage2,Downtrend,False,False,Below-MAs,True,Stage2,12,Uptrend,Uptrend,778.8,1005.98,603.54,661.98,1471.78,1721.98,3225.96,2178.96,121.1,48.7,16.92,10.85,2.83,0.35,,65.0,,1036.5,8,none,17.0,12.8,,63.12,,46.42,5.8,31.05,37.72,36.97,33.07,48.05,42.04,27.2,0.75,consistent growth,1.95,,66.54,,,,47.53,-0.07,,6.87,-0.61,21.39,0.67,1011.75,653.2,23.0,19.2,-3.6,,0.36,,3,25.0,9.73,11.0,1.0,46.7,MONITOR ⭐,Expected ~49% CAGR (2yr) | Revenue CAGR 38% | Profit CAGR 48% | OPM 63% | EPS: consistent growth | DII buying +0.7% ↑,High D/E 2.0 | Pattern still forming (not broken out),3-4 years,Medium-High,"yfinance, screener.in",90,30,,2026-06-01,2026-06-01,0,,1,
ALMONDZ,Almondz Global Securities Limited,Financial Services,Capital Markets,237.0,Micro-Cap,MonthlyDoubleBottom,Forming,1.0,36,Sep 36mo | Mid rally 282% | Asymmetry 9%,,Downtrend,False,False,Below-MAs,False,Stage2,12,Uptrend,Uptrend,14.35,39.13,9.83,12.2,45.19,68.43,67.18,55.1,376.9,118.4,8.36,,0.9,0.38,,0.0,11.87,,0,none,11.2,11.7,-0.49,15.0,-0.06,14.82,7.82,16.0,31.8,22.53,70.59,21.92,10.01,-15.8,0.15,highly inconsistent earnings,0.17,,2.56,,,,51.18,0.0,,0.02,-0.04,0.12,0.12,26.6,10.68,46.1,34.4,-36.06,-11.77,0.18,0.52,3,20.0,16.5,10.0,0.0,46.5,MONITOR ⭐,Expected ~118% CAGR (2yr) | Revenue CAGR 32% | Profit CAGR 22% | Low D/E 0.17 | Promoter 51% holding | Dividend growing 12%/yr,Pattern still forming (not broken out),3-4 years,Medium-High,"yfinance, screener.in",90,216,,2026-06-01,2026-06-01,0,,1,
COCHINSHIP,Cochin Shipyard Limited,Industrials,Aerospace & Defense,38604.0,Large-Cap,MonthlyDoubleBottom,Forming,1.0,13,Sep 13mo | Mid rally 115% | Asymmetry 1%,MonthlyCupHandle+MonthlyDoubleBottom+MonthlyStage2,Downtrend,False,False,Below-MAs,False,Stage2,4,Uptrend,Uptrend,1489.6,2529.76,1170.04,1266.16,1326.11,3889.48,2344.7,1763.33,161.1,61.6,53.77,34.93,6.77,1.63,46.67,90.0,-27.01,1261.5,2,underperform,12.5,16.0,0.06,16.0,-1.17,14.27,3.05,4.19,28.53,12.24,-13.3,32.97,3.32,-3.7,0.15,highly inconsistent earnings,0.28,,1.33,,1064.16,2.76,67.91,0.0,,3.1,0.36,6.05,-0.42,2545.0,1187.0,41.5,25.5,-20.02,417.96,0.5,0.7,3,30.0,15.5,1.0,0.0,46.5,MONITOR ⭐,Expected ~62% CAGR (2yr) | Revenue CAGR 29% | Profit CAGR 33% | ROCE trend rising ↑ | Low D/E 0.28 | Promoter 68% holding,High PE 54 | Margin compression ↓ | Pattern still forming (not broken out),3-4 years,Medium-High,"yfinance, screener.in",100,106,,2026-06-01,2026-06-01,0,,1,
DIACABS,Diamond Power Infrastructure Limited,Industrials,Specialty Industrial Machinery,10240.0,Mid-Cap,MonthlyDoubleBottom,Forming,1.0,39,Sep 39mo | Mid rally 421% | Asymmetry 4%,,Uptrend,True,True,Tight-Above-MAs,True,Stage2,4,Uptrend,Uptrend,190.23,1438.5,271.0,257.45,102.88,2606.0,130.19,115.73,1269.9,270.1,64.99,,-14.23,5.2,54.72,0.0,-66.67,,0,none,,26.5,-1.74,12.0,3.91,8.25,5.99,71.3,19.08,-7.22,364.71,12.49,4.63,690.9,0.2,multiple loss years in history,,,2.04,,-258.15,-2.52,84.02,0.0,,0.36,-0.08,0.07,-0.03,211.2,97.7,9.9,94.7,45.06,852.46,2.08,,4,11.0,28.5,-1.0,8.0,46.5,MONITOR ⭐,Expected ~270% CAGR (2yr) | Revenue CAGR 19% | ROCE 26% | Promoter 84% holding | MonthlyDoubleBottom forming (39mo base) | Weekly uptrend,High PE 65 | Pattern still forming (not broken out),3-4 years,Medium-High,"yfinance, screener.in",80,189,,2026-06-01,2026-06-01,0,,1,
FINCABLES,Finolex Cables Limited,Industrials,Electrical Equipment & Parts,17378.0,Mid-Cap,MonthlyStage2,Stage Change,1.0,24,10-EMA=897 | 30-EMA=910 | Above by 16.0% | MA turning=No,MonthlyDoubleBottom+MonthlyStage2,Uptrend,True,False,Uptrend,True,Stage2,4,Uptrend,Uptrend,1056.25,910.18,722.25,897.81,1518.93,1447.35,1915.9,1705.91,37.0,17.1,24.33,19.28,3.05,1.98,25.42,68.0,10.06,1059.5,6,none,12.3,16.0,-0.74,10.0,-0.49,11.42,,18.84,12.15,17.96,1.85,12.31,9.14,11.4,0.15,highly inconsistent earnings,0.0,,,,,,35.86,0.0,,9.62,0.2,16.44,0.67,1184.8,700.8,10.8,50.7,16.28,2.59,1.34,0.49,1,11.0,26.5,3.0,6.0,46.5,MONITOR ⭐,Expected ~17% CAGR (2yr) | Nearly debt-free | DII buying +0.7% ↑ | Dividend growing 10%/yr | MonthlyStage2 forming (24mo base) | Weekly uptrend,Earnings due 2026-08-11,3-4 years,Medium-High,"yfinance, screener.in",80,287,2026-08-11,2026-06-01,2026-06-01,0,,1,
JSL,Jindal Stainless Limited,Basic Materials,Steel,56449.0,Large-Cap,MonthlyDoubleBottom,Forming,1.0,37,Sep 37mo | Mid rally 301% | Asymmetry 1%,,Downtrend,False,False,Below-MAs,False,Stage2,1,Uptrend,Uptrend,739.2,235.75,58.67,628.32,1039.2,1066.21,1378.89,1197.06,44.2,20.1,17.7,13.26,12.54,1.17,6.39,44.0,-34.14,869.93,14,strong_buy,17.8,19.3,-1.77,13.0,-0.23,7.43,7.32,9.27,6.36,28.65,27.4,15.19,50.03,42.7,0.15,highly inconsistent earnings,0.38,,1.25,,1966.33,3.48,62.04,0.82,,20.87,-0.66,7.15,-0.08,884.0,633.35,16.4,16.7,12.68,103.63,0.38,0.43,3,17.0,16.5,10.0,3.0,46.5,MONITOR ⭐,Expected ~20% CAGR (2yr) | Promoter 62% holding | FCF yield 3.5% | PEG 1.17 — fair value | EV/EBITDA 6× below sector (10×) | MonthlyDoubleBottom forming (37mo base),Earnings due 2026-08-05 | Pattern still forming (not broken out),3-4 years,Medium-High,"yfinance, screener.in",100,271,2026-08-05,2026-06-01,2026-06-01,0,,1,
RSYSTEMS,R Systems International Limited,Technology,Information Technology Services,3142.0,Small-Cap,MonthlyDoubleBottom,Forming,1.0,38,Sep 38mo | Mid rally 149% | Asymmetry 2%,,Downtrend,False,False,Below-MAs,False,Downtrend,0,Uptrend,Uptrend,278.45,555.36,220.66,236.68,674.73,890.06,892.48,776.0,219.6,78.8,15.43,12.31,3.96,1.03,11.0,453.0,-4.09,440.33,3,none,28.7,22.8,-2.06,16.0,0.54,10.19,,6.79,7.46,12.58,14.52,15.01,8.6,69.5,0.15,highly inconsistent earnings,0.34,,,,,,51.85,0.0,,3.89,0.13,7.2,-1.4,496.9,229.25,44.0,21.5,-30.76,-51.23,0.73,0.14,1,19.0,15.5,12.0,0.0,46.5,MONITOR ⭐,Expected ~79% CAGR (2yr) | ROE 29% | ROCE 23% | Promoter 52% holding | PEG 1.03 — fair value | EV/EBITDA 11× below sector (20×),Pattern still forming (not broken out),3-4 years,Medium-High,"yfinance, screener.in",80,242,,2026-06-01,2026-06-01,0,,1,
ELGIEQUIP,Elgi Equipments Limited,Industrials,Specialty Industrial Machinery,18078.0,Mid-Cap,MonthlyCupHandle,Forming,0.614,20,Cup 20mo | Depth 30% | Prior gain 31% | R²=0.83,MonthlyCupHandle+MonthlyDoubleBottom+MonthlyStage2,Uptrend,True,True,Uptrend,True,Stage2,4,Uptrend,Uptrend,541.1,727.05,512.02,486.42,370.68,942.08,408.99,389.37,74.1,31.9,42.2,32.34,8.1,8.37,30.51,47.0,24.14,624.0,4,none,21.5,23.7,1.77,15.0,0.86,10.89,9.36,12.56,9.12,15.48,22.86,5.04,33.34,25.4,0.15,highly inconsistent earnings,0.24,,2.08,,252.24,1.4,31.19,0.0,,22.2,-0.91,9.08,1.0,633.85,408.25,14.6,32.5,8.71,-22.11,0.22,0.04,6,21.0,21.37,1.0,3.0,46.4,MONITOR ⭐,Expected ~32% CAGR (2yr) | ROE 22% | ROCE 24% | ROCE trend rising ↑ | Low D/E 0.24 | Piotroski F=6 (above average quality),Earnings due 2026-08-11 | Pattern still forming (not broken out),3-4 years,Medium-High,"yfinance, screener.in",100,287,2026-08-11,2026-06-01,2026-06-01,0,,1,
STARCEMENT,Star Cement Limited,Basic Materials,Building Materials,8809.0,Mid-Cap,MonthlyDoubleBottom,Forming,0.74,27,Sep 27mo | Mid rally 79% | Asymmetry 5%,MonthlyCupHandle+MonthlyDoubleBottom+MonthlyStage2,Downtrend,False,False,Below-MAs,False,Stage2,1,Uptrend,Uptrend,210.72,137.3,74.75,179.11,236.05,277.74,319.22,274.51,31.8,14.8,22.42,19.29,2.76,1.38,10.0,92.0,30.0,282.58,12,strong_buy,13.2,16.7,0.2,25.0,1.09,10.42,8.15,19.38,11.76,17.03,130.77,16.29,15.84,20.4,0.15,highly inconsistent earnings,0.19,,1.31,,137.88,1.57,58.12,0.5,,2.26,-0.21,2.65,-1.83,308.95,196.53,31.8,7.2,7.26,27.68,0.28,0.02,6,23.0,13.38,9.0,1.0,46.4,MONITOR ⭐,Expected ~15% CAGR (2yr) | ROCE trend rising ↑ | Low D/E 0.19 | Promoter 58% holding | Piotroski F=6 (above average quality) | Dividend growing 30%/yr,Pattern still forming (not broken out),3-4 years,Medium-High,"yfinance, screener.in",100,108,,2026-06-01,2026-06-01,0,,1,
LTFOODS,LT Foods Limited,Consumer Defensive,Packaged Foods,13616.0,Mid-Cap,MonthlyDoubleBottom,Forming,0.548,14,Sep 14mo | Mid rally 56% | Asymmetry 1%,,Uptrend,True,False,Constructive,True,Stage2,15,Uptrend,Uptrend,411.65,514.98,329.47,349.9,902.94,1028.45,1171.4,1028.45,149.8,58.1,21.78,13.52,7.64,1.57,10.69,102.0,0.0,509.0,2,buy,14.9,17.7,1.11,11.0,-0.09,5.68,7.45,26.09,16.43,18.71,2.12,13.9,16.68,71.0,0.15,highly inconsistent earnings,0.28,,1.76,,50.1,0.37,51.0,0.0,,8.74,-0.18,10.3,0.67,518.55,333.15,20.6,23.6,-7.35,,0.14,0.43,6,20.0,19.08,6.0,1.0,46.1,MONITOR ⭐,Expected ~58% CAGR (2yr) | Revenue CAGR 16% | ROCE trend rising ↑ | Low D/E 0.28 | Promoter 51% holding | Piotroski F=6 (above average quality),Pattern still forming (not broken out),3-4 years,Medium-High,"yfinance, screener.in",100,32,,2026-06-01,2026-06-01,0,,1,
PASHUPATI,Pashupati Cotspin Limited,Consumer Cyclical,Textile Manufacturing,1513.0,Small-Cap,MonthlyDoubleBottom,Forming,0.415,11,Sep 11mo | Mid rally 47% | Asymmetry 5%,,Uptrend,True,False,Tight-Above-MAs,True,Stage2,3,Uptrend,Uptrend,96.59,12.77,8.48,82.1,89.27,141.71,224.95,141.71,46.7,21.1,103.05,,9.45,1.75,70.0,5.0,-12.64,,0,none,10.3,11.4,1.0,4.0,-0.1,2.27,,1.41,13.4,,14.29,58.74,,179.5,0.4,lumpy earner,0.57,,,,,,65.99,0.0,,13.23,-0.18,0.19,0.0,118.35,65.0,18.4,48.6,53.55,786.88,0.79,-0.16,2,18.0,19.98,1.0,7.0,46.0,MONITOR ⭐,Expected ~21% CAGR (2yr) | Profit CAGR 59% | ROCE trend rising ↑ | Promoter 66% holding | MonthlyDoubleBottom forming (11mo base) | Weekly uptrend,High PE 103 | Pattern still forming (not broken out),3-4 years,Medium-High,"yfinance, screener.in",80,105,,2026-06-01,2026-06-01,0,,1,
SBGLP,Suratwwala Business Group Limited,Real Estate,Real Estate - Development,462.0,Micro-Cap,None,,0.0,0,,,Sideways,False,False,Below-MAs,True,Stage2,3,Uptrend,Uptrend,26.22,,,22.29,76.31,92.99,113.31,92.99,254.7,88.3,15.05,,5.76,0.69,12.8,38.0,,,0,none,43.8,30.8,-17.8,37.0,103.1,29.5,,297.22,32.12,,245.45,21.86,,5852.4,0.15,highly inconsistent earnings,0.74,,,,,,73.39,0.0,,0.0,-0.01,,,48.73,18.35,46.2,42.9,-35.01,1.57,,0.36,2,31.0,6.0,9.0,0.0,46.0,MONITOR ⭐,Expected ~88% CAGR (2yr) | Revenue CAGR 32% | Profit CAGR 22% | ROE 44% | ROCE 31% | Promoter 73% holding,None identified,3-4 years,Medium-High,"yfinance, screener.in",80,40,,2026-06-01,2026-06-01,0,,1,
SMSPHARMA,SMS Pharmaceuticals Limited,Healthcare,Drug Manufacturers - General,3458.0,Small-Cap,MonthlyDoubleBottom,Forming,1.0,9,Sep 9mo | Mid rally 126% | Asymmetry 1%,MonthlyCupHandle+MonthlyDoubleBottom,Sideways-Above-MA,True,False,Constructive,False,Stage2,4,Uptrend,Uptrend,410.25,397.02,174.82,348.71,643.83,760.04,897.22,760.04,85.3,36.1,33.12,,4.51,1.83,21.56,11.0,10.06,,0,none,14.3,13.3,-0.34,19.0,-0.6,11.5,6.53,13.28,19.33,9.52,47.83,18.05,26.09,61.0,0.15,highly inconsistent earnings,0.47,,1.81,,-95.11,-2.75,68.07,0.0,,0.31,0.27,3.02,-0.19,447.8,207.7,8.4,97.5,71.31,329.72,0.29,0.4,4,14.0,21.0,4.0,7.0,46.0,MONITOR ⭐,Expected ~36% CAGR (2yr) | Revenue CAGR 19% | Promoter 68% holding | Margin compressing ↓ ⚠️ | Dividend growing 10%/yr | MonthlyDoubleBottom forming (9mo base),Margin compression ↓ | Pattern still forming (not broken out),3-4 years,Medium-High,"yfinance, screener.in",100,232,,2026-06-01,2026-06-01,0,,1,
KINGFA,Kingfa Science & Technology (India) Limited,Basic Materials,Specialty Chemicals,7417.0,Small-Cap,MonthlyDoubleBottom,Forming,0.482,10,Sep 10mo | Mid rally 51% | Asymmetry 3%,,Uptrend,True,False,Tight-Above-MAs,True,Stage2,1,Uptrend,Uptrend,5225.4,812.66,529.48,4441.59,3461.2,4035.76,4705.69,4035.76,,,38.02,,5.73,2.29,27.03,,100.0,,0,none,,,,13.35,,8.9,,11.1,,,16.6,,,30.5,0.5,insufficient history,0.01,,,,,,67.02,0.0,,7.76,0.02,8.85,0.1,5699.4,3006.0,8.3,73.8,58.9,132.37,0.74,0.64,1,16.0,20.78,-1.0,10.0,45.8,MONITOR ⭐,Nearly debt-free | Promoter 67% holding | Dividend growing 100%/yr | MonthlyDoubleBottom forming (10mo base) | Weekly uptrend | Tight daily consolidation above MAs,Pattern still forming (not broken out),3-4 years,Medium-High,"yfinance, screener.in",50,197,,2026-06-01,2026-06-01,0,,1,
CANTABIL,Cantabil Retail India Limited,Consumer Cyclical,Apparel Manufacturing,1767.0,Small-Cap,MonthlyDoubleBottom,Forming,0.559,6,Sep 6mo | Mid rally 57% | Asymmetry 1%,,Downtrend,False,False,Below-MAs,False,Stage2,3,Uptrend,Uptrend,222.05,331.82,209.63,199.15,785.07,1022.16,1330.85,1022.16,360.3,114.6,18.45,,3.69,0.61,8.64,71.0,-5.9,,0,none,21.98,,,19.47,,11.23,9.84,15.7,,,30.2,,,29.8,0.5,insufficient history,1.14,,2.42,,52.73,2.98,74.46,0.25,,2.16,-0.37,1.03,-0.05,321.5,208.5,30.9,6.5,-8.31,-14.07,0.73,-0.12,5,26.0,9.71,10.0,0.0,45.7,MONITOR ⭐,Expected ~115% CAGR (2yr) | Revenue CAGR 16% | Profit CAGR 30% | ROE 22% | Promoter 74% holding | Piotroski F=5 (above average quality),High D/E 1.1 | Pattern still forming (not broken out),3-4 years,Medium-High,"yfinance, screener.in",70,188,,2026-06-01,2026-06-01,0,,1,
APEX,Apex Frozen Foods Limited,Consumer Defensive,Farm Products,1332.0,Small-Cap,MonthlyStage2,Stage Change,1.0,24,10-EMA=346 | 30-EMA=282 | Above by 52.5% | MA turning=Yes,MonthlyDoubleBottom+MonthlyStage2,Sideways-Above-MA,True,False,Constructive,False,Stage2,15,Uptrend,Uptrend,430.65,282.36,195.17,366.05,521.88,600.16,690.19,600.16,39.4,18.1,40.33,24.78,2.62,,25.16,52.0,-7.17,,0,none,,,,3.98,,3.45,,14.5,,,,,,,0.5,insufficient history,0.08,,,,,,72.62,0.0,,6.0,1.26,0.66,0.11,514.5,208.74,16.3,106.3,85.58,84.86,0.45,-0.1,1,13.0,22.5,3.0,7.0,45.5,MONITOR ⭐,Expected ~18% CAGR (2yr) | Nearly debt-free | Promoter 73% holding | FII buying +1.3% ↑ | EV/EBITDA 25× vs sector 30× | MonthlyStage2 forming (24mo base),None identified,3-4 years,Medium-High,"yfinance, screener.in",50,105,,2026-06-01,2026-06-01,0,,1,
EIHAHOTELS,EIH Associated Hotels Limited,Consumer Cyclical,Lodging,1915.0,Small-Cap,MonthlyDoubleBottom,Forming,1.0,33,Sep 33mo | Mid rally 164% | Asymmetry 7%,,Downtrend,False,False,Below-MAs,False,Stage2,3,Uptrend,Uptrend,325.65,327.18,119.64,276.8,795.24,951.74,1139.05,951.74,192.3,71.0,21.98,,3.69,1.12,14.31,111.0,100.0,,0,none,11.5,13.2,0.1,28.0,-0.8,22.72,9.26,8.84,5.66,3.48,33.33,19.68,1.76,-18.7,0.15,highly inconsistent earnings,0.01,,3.49,,31.58,1.65,75.0,0.0,,13.67,-0.03,,,434.9,266.65,25.1,22.1,-6.68,5.78,0.27,0.02,5,21.0,16.5,8.0,0.0,45.5,MONITOR ⭐,Expected ~71% CAGR (2yr) | ROCE trend rising ↑ | Nearly debt-free | Promoter 75% holding | OPM 28% | Margin compressing ↓ ⚠️,Margin compression ↓ | Pattern still forming (not broken out),3-4 years,Medium-High,"yfinance, screener.in",100,218,,2026-06-01,2026-06-01,0,,1,
EUROBOND,EURO PANEL PRODUCTS LTD,Industrials,Building Products & Equipment,451.0,Micro-Cap,MonthlyDoubleBottom,Forming,0.581,12,Sep 12mo | Mid rally 61% | Asymmetry 3%,MonthlyDoubleBottom+MonthlyStage2,Sideways,False,False,Below-MAs,True,Stage2,4,Uptrend,Uptrend,179.4,230.0,140.5,152.49,518.15,707.27,965.43,707.27,294.2,98.6,17.01,,3.1,0.47,11.03,0.0,,,0,none,18.1,16.8,,11.0,1.0,5.28,8.25,18.91,,,50.0,,,36.5,0.5,insufficient history,1.01,,1.41,,-37.8,-8.37,63.93,0.55,,0.0,0.0,1.29,0.0,254.5,126.3,29.5,42.0,5.45,29.93,0.38,0.05,3,19.0,13.47,12.0,1.0,45.5,MONITOR ⭐,Expected ~99% CAGR (2yr) | Revenue CAGR 20% | Profit CAGR 36% | Promoter 64% holding | PEG 0.47 — deeply undervalued | EV/EBITDA 11× below sector (18×),High D/E 1.0 | Pattern still forming (not broken out),3-4 years,Medium-High,"yfinance, screener.in",80,53,,2026-06-01,2026-06-01,0,,1,
MINDTECK,Mindteck (India) Limited,Technology,Information Technology Services,686.0,Small-Cap,MonthlyDoubleBottom,Forming,1.0,13,Sep 13mo | Mid rally 163% | Asymmetry 8%,MonthlyDoubleBottom+MonthlyStage2,Sideways,False,False,Below-MAs,True,Downtrend,0,Uptrend,Uptrend,206.35,365.37,133.72,175.4,354.62,597.02,469.55,408.06,189.3,70.1,21.78,,2.45,1.45,13.13,47.0,7.72,,0,none,13.1,16.2,2.83,9.0,0.37,7.74,6.03,-4.01,6.49,7.24,10.34,15.07,23.81,49.4,0.15,highly inconsistent earnings,0.01,,5.63,,12.65,1.84,64.2,0.0,,0.01,-0.06,0.0,0.0,307.68,145.13,32.9,42.2,-5.32,63.28,0.51,0.66,6,20.0,17.5,8.0,0.0,45.5,MONITOR ⭐,Expected ~70% CAGR (2yr) | ROCE trend rising ↑ | Nearly debt-free | Promoter 64% holding | Piotroski F=6 (above average quality) | PEG 1.45 — fair value,Pattern still forming (not broken out),3-4 years,Medium-High,"yfinance, screener.in",100,118,,2026-06-01,2026-06-01,0,,1,
MSUMI,Motherson Sumi Wiring India Limited,Consumer Cyclical,Auto Parts,25844.0,Mid-Cap,MonthlyDoubleBottom,Forming,0.709,23,Sep 23mo | Mid rally 75% | Asymmetry 4%,,Sideways,False,False,Below-MAs,False,Stage2,3,Uptrend,Uptrend,39.39,51.92,28.99,33.48,34.48,74.85,35.52,34.99,90.0,37.8,41.46,25.73,12.07,27.64,24.75,282.0,11.87,49.15,13,buy,32.39,,,6.51,,5.47,12.45,33.1,,,1.5,,,1.4,0.5,insufficient history,0.11,,1.62,,157.63,0.61,61.72,0.0,,9.74,-0.4,17.41,0.24,53.59,35.7,26.5,10.3,6.96,-16.75,0.6,0.09,5,25.0,15.51,4.0,1.0,45.5,MONITOR ⭐,Expected ~38% CAGR (2yr) | Revenue CAGR 33% | ROE 32% | Low D/E 0.11 | Promoter 62% holding | Piotroski F=5 (above average quality),Earnings due 2026-07-28 | Pattern still forming (not broken out),3-4 years,Medium-High,"yfinance, screener.in",70,51,2026-07-28,2026-06-01,2026-06-01,0,,1,
WELENT,Welspun Enterprises Limited,Industrials,Engineering & Construction,7013.0,Small-Cap,MonthlyDoubleBottom,Forming,1.0,29,Sep 29mo | Mid rally 187% | Asymmetry 6%,MonthlyDoubleBottom+MonthlyStage2,Sideways-Above-MA,True,False,Constructive,True,Stage2,4,Uptrend,Uptrend,493.55,163.04,55.02,419.52,625.59,625.59,625.59,625.59,26.8,12.6,19.72,14.05,2.64,,9.91,58.0,25.99,509.0,1,none,14.1,16.8,2.49,21.0,1.94,9.68,6.51,0.86,9.44,18.76,11.02,-18.5,24.76,53.0,0.15,highly inconsistent earnings,0.61,,1.96,,635.45,9.06,56.13,0.0,,3.47,-0.29,9.32,0.07,580.0,412.0,14.9,19.8,-0.8,125.67,0.86,0.47,5,17.0,22.5,4.0,2.0,45.5,MONITOR ⭐,Expected ~13% CAGR (2yr) | Declining profits (-18% CAGR) ⚠️ | ROCE trend rising ↑ | Promoter 56% holding | FCF yield 9.1% | Piotroski F=5 (above average quality),Pattern still forming (not broken out),3-4 years,Medium-High,"yfinance, screener.in",100,259,,2026-06-01,2026-06-01,0,,1,
JAGSNPHARM,Jagsonpal Pharmaceuticals Limited,Healthcare,Drug Manufacturers - Specialty & Generic,1387.0,Small-Cap,MonthlyDoubleBottom,Forming,0.85,21,Sep 21mo | Mid rally 95% | Asymmetry 10%,MonthlyDoubleBottom+MonthlyStage2,Sideways,False,False,Below-MAs,True,Stage2,4,Uptrend,Uptrend,197.22,199.22,97.44,167.64,349.18,432.29,535.18,432.29,119.2,48.1,32.79,,5.24,1.38,23.25,121.0,75.0,,0,none,16.7,,,13.77,,15.0,10.22,9.6,,,23.8,,,33.1,0.5,insufficient history,0.03,,5.06,,39.77,2.87,67.89,0.5,,2.44,0.32,0.22,0.07,301.65,155.0,34.6,27.2,-3.52,11.81,0.31,-0.34,4,22.0,17.2,6.0,0.0,45.2,MONITOR ⭐,Expected ~48% CAGR (2yr) | Profit CAGR 24% | Nearly debt-free | Promoter 68% holding | Dividend growing 75%/yr | PEG 1.38 — fair value,Pattern still forming (not broken out),3-4 years,Medium-High,"yfinance, screener.in",70,287,,2026-06-01,2026-06-01,0,,1,
SIGNPOST,Signpost India Limited,Communication Services,Advertising Agencies,1585.0,Small-Cap,MonthlyDoubleBottom,Forming,0.603,7,Sep 7mo | Mid rally 67% | Asymmetry 6%,,Uptrend,True,False,Uptrend,True,Downtrend,0,Uptrend,Uptrend,273.6,309.47,180.06,232.56,292.08,438.88,370.45,328.93,60.4,26.7,31.65,,6.3,2.51,13.33,17.0,0.0,,0,none,16.6,15.3,-10.0,22.0,0.2,9.53,,15.89,15.92,,47.06,12.62,,215.4,0.15,highly inconsistent earnings,0.82,,,,,,60.38,-7.36,,0.09,0.01,0.02,0.0,310.0,180.37,11.7,51.7,35.96,,0.31,0.67,2,13.0,19.24,3.0,10.0,45.2,MONITOR ⭐,Expected ~27% CAGR (2yr) | Revenue CAGR 16% | Promoter 60% holding | EV/EBITDA 13× vs sector 16× | MonthlyDoubleBottom forming (7mo base) | Weekly uptrend,Pattern still forming (not broken out),3-4 years,Medium-High,"yfinance, screener.in",80,28,,2026-06-01,2026-06-01,0,,1,
APOLLOTYRE,Apollo Tyres Limited,Consumer Cyclical,Auto Parts,24955.0,Mid-Cap,MonthlyDoubleBottom,Breakout Ready,1.0,38,Sep 38mo | Mid rally 116% | Asymmetry 9%,,Downtrend,False,False,Below-MAs,False,Stage2,3,Uptrend,Uptrend,371.9,271.7,120.24,316.11,888.0,773.77,1063.95,972.0,108.1,44.2,18.21,12.16,1.49,1.93,6.66,215.0,-8.04,476.42,24,buy,13.2,13.8,1.23,15.0,0.14,4.82,5.75,8.99,5.04,10.35,22.39,9.46,31.42,241.8,0.15,highly inconsistent earnings,0.22,,1.32,,1905.85,7.64,36.93,0.0,,12.15,-0.11,27.56,-0.33,540.5,365.3,31.2,1.8,-8.22,-27.94,1.31,0.19,5,17.0,18.0,10.0,0.0,45.0,MONITOR ⭐,Expected ~44% CAGR (2yr) | ROCE trend rising ↑ | Low D/E 0.22 | FCF yield 7.6% | Piotroski F=5 (above average quality) | EV/EBITDA 7× below sector (25×),Earnings due 2026-08-06,3-4 years,Medium-High,"yfinance, screener.in",100,293,2026-08-06,2026-06-01,2026-06-01,0,,1,
CENTRALBK,Central Bank of India,Financial Services,Banks - Regional,27851.0,Mid-Cap,MonthlyDoubleBottom,Forming,1.0,7,Sep 7mo | Mid rally 114% | Asymmetry 0%,,Downtrend,False,False,Below-MAs,False,Stage2,12,Uptrend,Uptrend,34.04,20.82,9.73,28.93,166.05,230.78,320.73,230.78,578.0,160.4,6.15,,0.72,0.16,,451.0,24.0,,0,none,11.8,5.62,,34.41,,24.42,0.88,7.02,12.13,9.64,14.91,38.98,46.56,-32.5,0.75,consistent growth,,,,,,,81.19,-8.08,,0.84,0.09,10.82,6.0,41.2,30.52,17.4,11.5,-3.51,-1.51,0.36,0.52,2,20.0,15.0,10.0,0.0,45.0,MONITOR ⭐,Expected ~160% CAGR (2yr) | Profit CAGR 39% | Promoter 81% holding | OPM 34% | EPS: consistent growth | DII buying +6.0% ↑,Pattern still forming (not broken out),3-4 years,Medium-High,"yfinance, screener.in",80,226,,2026-06-01,2026-06-01,0,,1,
INDOAMIN,Indo Amines Limited,Basic Materials,Chemicals,971.0,Small-Cap,MonthlyDoubleBottom,Forming,1.0,9,Sep 9mo | Mid rally 153% | Asymmetry 1%,,Sideways-Above-MA,True,True,Constructive,True,Stage2,1,Uptrend,Uptrend,125.74,174.13,68.34,106.88,248.98,309.83,385.55,309.83,146.4,57.0,13.57,,2.69,0.56,11.11,36.0,0.0,,0,none,22.4,19.9,0.49,11.0,0.14,6.19,,7.51,7.07,16.48,41.07,24.44,16.38,4.9,0.15,highly inconsistent earnings,0.85,,,,,,58.42,0.0,,0.02,0.02,,,176.25,81.9,28.7,53.5,-17.71,-16.03,1.65,0.05,2,17.0,21.0,6.0,1.0,45.0,MONITOR ⭐,Expected ~57% CAGR (2yr) | Profit CAGR 24% | ROE 22% | ROCE trend rising ↑ | Promoter 58% holding | PEG 0.56 — undervalued,Pattern still forming (not broken out),3-4 years,Medium-High,"yfinance, screener.in",80,50,,2026-06-01,2026-06-01,0,,1,
MANYAVAR,Vedant Fashions Limited,Consumer Cyclical,Apparel Manufacturing,9922.0,Mid-Cap,None,,0.0,0,,,Sideways,False,False,Below-MAs,True,Stage2,3,Uptrend,Uptrend,431.95,,,367.16,696.45,656.64,820.78,756.07,52.0,23.3,26.45,22.27,5.76,3.09,15.65,196.0,16.96,507.5,10,none,26.7,30.7,0.91,48.0,1.2,26.16,10.24,-1.68,8.92,7.99,-2.66,8.56,11.2,13.1,0.15,highly inconsistent earnings,0.23,,3.67,,404.98,4.08,74.94,0.0,,8.28,-1.01,12.62,0.62,849.9,329.2,49.2,31.2,-38.74,-87.33,,-0.09,6,33.0,6.0,6.0,0.0,45.0,MONITOR ⭐,Expected ~23% CAGR (2yr) | ROE 27% | ROCE 31% | ROCE trend rising ↑ | Low D/E 0.23 | Promoter 75% holding,None identified,3-4 years,Medium-High,"yfinance, screener.in",100,52,,2026-06-01,2026-06-01,0,,1,
NILAINFRA,Nila Infrastructures Limited,Real Estate,Real Estate - Development,316.0,Micro-Cap,MonthlyDoubleBottom,Forming,1.0,23,Sep 23mo | Mid rally 151% | Asymmetry 9%,,Downtrend,False,False,Below-MAs,True,Stage2,3,Uptrend,Uptrend,7.88,10.6,4.05,6.7,20.56,23.21,26.19,23.21,194.5,71.6,13.59,,1.67,1.06,10.39,0.0,3.23,,0,none,13.2,22.5,3.71,10.0,0.11,7.22,2.18,30.77,41.09,27.2,15.0,12.86,2.83,9.1,0.2,multiple loss years in history,0.13,,1.1,,-39.32,-12.45,61.9,0.0,,0.34,0.06,,,13.78,5.9,42.8,33.6,-29.21,17.63,0.33,0.8,4,21.0,16.0,8.0,0.0,45.0,MONITOR ⭐,Expected ~72% CAGR (2yr) | Revenue CAGR 41% | ROCE 22% | ROCE trend rising ↑ | Low D/E 0.13 | Promoter 62% holding,Pattern still forming (not broken out),3-4 years,Medium-High,"yfinance, screener.in",100,133,,2026-06-01,2026-06-01,0,,1,
PAGEIND,Page Industries Limited,Consumer Cyclical,Apparel Manufacturing,42602.0,Large-Cap,MonthlyDoubleBottom,Forming,1.0,18,Sep 18mo | Mid rally 106% | Asymmetry 3%,,Sideways-Above-MA,True,False,Constructive,True,Stage2,3,Uptrend,Uptrend,38700.0,33328.2,15943.52,32895.0,29825.47,50712.88,35435.64,32509.76,31.0,14.5,55.87,44.48,28.35,6.21,36.82,157.0,0.61,40241.77,26,hold,52.5,,,18.56,,14.56,23.78,14.1,,,9.0,,,9.0,0.5,insufficient history,0.18,,1.73,,523.14,1.23,42.89,0.0,,19.0,-1.71,32.5,1.72,50590.0,29805.0,23.5,29.8,-13.43,-15.86,0.39,0.01,5,21.0,22.0,1.0,1.0,45.0,MONITOR ⭐,Expected ~14% CAGR (2yr) | ROE 52% | Low D/E 0.18 | Piotroski F=5 (above average quality) | DII buying +1.7% ↑ | MonthlyDoubleBottom forming (18mo base),High PE 56 | Earnings due 2026-08-13 | Pattern still forming (not broken out),3-4 years,Medium-High,"yfinance, screener.in",70,231,2026-08-13,2026-06-01,2026-06-01,0,,1,
SONAMLTD,Sonam Limited,Consumer Cyclical,"Furnishings, Fixtures & Appliances",230.0,Micro-Cap,MonthlyDoubleBottom,Forming,1.0,11,Sep 11mo | Mid rally 172% | Asymmetry 9%,MonthlyDoubleBottom+MonthlyStage2,Uptrend,True,False,Uptrend,True,Stage2,3,Uptrend,Uptrend,51.42,96.7,34.0,43.71,54.18,159.4,58.38,56.24,210.0,76.1,36.35,,3.45,9.57,21.73,,0.0,,0,none,,,,8.35,,4.4,,50.8,,,3.8,,,3.9,0.5,insufficient history,0.3,,,,,,57.55,0.28,,0.26,0.24,,,62.35,37.4,17.5,37.5,10.99,78.37,0.29,-0.14,1,13.0,25.0,3.0,4.0,45.0,MONITOR ⭐,Expected ~76% CAGR (2yr) | Revenue CAGR 51% | Promoter 58% holding | EV/EBITDA 22× vs sector 25× | MonthlyDoubleBottom forming (11mo base) | Weekly uptrend,Pattern still forming (not broken out),3-4 years,Medium-High,"yfinance, screener.in",50,96,,2026-06-01,2026-06-01,0,,1,
ZAGGLE,Zaggle Prepaid Ocean Services Limited,Technology,Software - Infrastructure,2829.0,Small-Cap,None,,0.0,0,,,Downtrend,False,False,Below-MAs,False,Downtrend,0,Uptrend,Uptrend,220.19,,,187.16,659.17,1200.69,2187.05,1200.69,445.3,133.5,20.44,11.33,2.15,0.25,3.69,0.0,,417.5,2,none,10.4,14.0,-1.5,10.0,0.3,7.24,28.47,46.32,51.11,,57.95,82.15,,30.5,1.0,steady compounder (low CV),0.04,,8.72,,734.97,25.98,44.16,0.03,,4.06,-3.55,7.4,-0.35,469.8,186.05,53.1,18.3,-39.23,,,0.8,4,31.0,2.0,12.0,0.0,45.0,MONITOR ⭐,Expected ~134% CAGR (2yr) | Revenue CAGR 51% | Profit CAGR 82% | Nearly debt-free | FCF yield 26.0% | EPS: steady compounder (low CV),None identified,3-4 years,Medium-High,"yfinance, screener.in",100,33,,2026-06-01,2026-06-01,0,,1,
JBMA,JBM Auto Limited,Consumer Cyclical,Auto Parts,14697.0,Mid-Cap,MonthlyDoubleBottom,Forming,1.0,48,Sep 48mo | Mid rally 372% | Asymmetry 5%,,Uptrend,True,False,Constructive,True,Stage2,3,Uptrend,Uptrend,622.95,121.35,25.11,529.51,540.37,669.73,830.07,669.73,7.5,3.7,67.11,31.35,10.35,2.8,26.33,14.0,19.35,,0,none,15.6,14.8,0.91,11.0,0.37,3.58,,11.26,16.43,25.16,10.7,23.94,37.18,11.9,0.15,highly inconsistent earnings,1.9,,,,,,67.53,0.0,,1.97,0.05,0.1,0.01,790.0,477.0,21.1,30.6,4.48,-29.63,0.87,0.12,3,15.0,25.5,2.0,2.0,44.5,MONITOR ⭐,Expected ~4% CAGR (2yr) | Revenue CAGR 16% | Profit CAGR 24% | ROCE trend rising ↑ | Promoter 68% holding | Dividend growing 19%/yr,High D/E 1.9 | High PE 67 | Pattern still forming (not broken out),3-4 years,Medium-High,"yfinance, screener.in",80,258,,2026-06-01,2026-06-01,0,,1,
LATENTVIEW,Latent View Analytics Limited,Industrials,Consulting Services,6674.0,Small-Cap,MonthlyDoubleBottom,Forming,0.666,25,Sep 25mo | Mid rally 76% | Asymmetry 10%,,Sideways,False,False,Below-MAs,True,Stage2,4,Uptrend,Uptrend,325.25,575.0,310.45,294.93,311.51,839.55,371.67,340.27,158.1,60.7,33.77,23.08,3.8,3.66,19.49,0.0,,404.75,4,strong_buy,12.2,16.0,-1.8,22.0,-2.49,17.44,8.73,25.0,25.29,28.21,16.76,9.23,17.29,-1.4,0.4,lumpy earner,0.02,,4.05,,176.56,2.65,65.1,0.0,,3.15,-0.57,4.13,-0.07,517.5,248.0,37.1,31.1,-13.52,-30.59,1.0,,5,25.0,15.49,4.0,0.0,44.5,MONITOR ⭐,Expected ~61% CAGR (2yr) | Revenue CAGR 25% | Nearly debt-free | Promoter 65% holding | Margin compressing ↓ ⚠️ | Piotroski F=5 (above average quality),Margin compression ↓ | Pattern still forming (not broken out),3-4 years,Medium-High,"yfinance, screener.in",100,55,,2026-06-01,2026-06-01,0,,1,
MASTEK,Mastek Limited,Technology,Information Technology Services,5044.0,Small-Cap,MonthlyDoubleBottom,Forming,1.0,36,Sep 36mo | Mid rally 140% | Asymmetry 8%,,Sideways,False,False,Below-MAs,True,Downtrend,0,Uptrend,Uptrend,1660.9,3331.6,1334.2,1411.77,4276.74,5329.0,5102.66,4671.48,220.9,79.1,12.56,10.33,1.63,1.36,7.48,148.0,-25.05,2002.0,5,none,15.6,18.0,-2.57,16.0,-1.17,10.92,7.85,7.06,13.01,16.52,7.45,9.23,9.9,30.9,0.15,highly inconsistent earnings,0.15,,2.16,,408.11,8.09,35.77,-0.01,,8.03,-2.24,19.02,6.37,2818.0,1334.2,41.1,24.5,-23.8,-35.45,0.29,0.23,5,16.0,18.5,10.0,0.0,44.5,MONITOR ⭐,Expected ~79% CAGR (2yr) | Low D/E 0.15 | Margin compressing ↓ ⚠️ | FCF yield 8.1% | Piotroski F=5 (above average quality) | DII buying +6.4% ↑,Margin compression ↓ | Earnings due 2026-07-17 | Pattern still forming (not broken out),3-4 years,Medium-High,"yfinance, screener.in",100,287,2026-07-17,2026-06-01,2026-06-01,0,,1,
SBIN,State Bank of India,Financial Services,Banks - Regional,890201.0,Large-Cap,MonthlyDoubleBottom,Forming,1.0,24,Sep 24mo | Mid rally 179% | Asymmetry 8%,,Downtrend,False,False,Below-MAs,False,Stage2,12,Uptrend,Uptrend,948.8,190.51,65.77,806.48,2217.42,2001.23,2906.58,2538.72,110.9,45.2,10.58,9.45,1.5,0.73,,180.0,15.36,1195.0,38,strong_buy,15.4,6.13,,28.96,,22.11,1.11,5.02,13.64,13.11,7.63,14.49,29.4,0.2,0.4,lumpy earner,,,,,,,55.52,0.02,,11.41,1.07,26.11,-0.93,1234.7,781.7,23.2,21.4,25.18,51.8,1.11,0.47,2,13.0,16.5,10.0,5.0,44.5,MONITOR ⭐,Expected ~45% CAGR (2yr) | Promoter 56% holding | OPM 29% | FII buying +1.1% ↑ | Dividend growing 15%/yr | PEG 0.73 — undervalued,Earnings due 2026-08-06 | Pattern still forming (not broken out),3-4 years,Medium-High,"yfinance, screener.in",80,365,2026-08-06,2026-06-01,2026-06-01,0,,1,
TANLA,Tanla Platforms Limited,Technology,Software - Application,6944.0,Small-Cap,MonthlyDoubleBottom,Forming,1.0,33,Sep 33mo | Mid rally 174% | Asymmetry 9%,,Sideways,False,False,Below-MAs,True,Downtrend,0,Uptrend,Uptrend,523.25,1955.0,684.52,650.29,1080.22,3225.48,1176.24,1127.21,516.4,148.3,13.74,11.71,2.79,3.16,8.15,228.0,14.47,571.5,2,hold,21.4,26.2,-6.29,16.0,-0.83,11.53,10.64,9.68,9.61,13.54,0.39,4.35,7.41,14.5,0.15,highly inconsistent earnings,0.02,,2.3,,684.29,9.85,46.17,0.0,,7.6,-0.74,0.28,-0.02,766.0,365.9,31.7,43.0,-9.58,-68.8,0.46,0.69,4,22.0,18.5,4.0,0.0,44.5,MONITOR ⭐,Expected ~148% CAGR (2yr) | ROE 21% | ROCE 26% | Nearly debt-free | Margin compressing ↓ ⚠️ | FCF yield 9.9%,Margin compression ↓ | Earnings due 2026-07-23 | Pattern still forming (not broken out),3-4 years,Medium-High,"yfinance, screener.in",100,233,2026-07-23,2026-06-01,2026-06-01,0,,1,
DODLA,Dodla Dairy Limited,Consumer Defensive,Food Distribution,6522.0,Small-Cap,MonthlyDoubleBottom,Forming,0.325,13,Sep 13mo | Mid rally 38% | Asymmetry 6%,,Sideways,False,False,Below-MAs,True,Stage2,15,Uptrend,Uptrend,1029.4,577.71,405.99,874.99,2728.62,2647.54,4599.32,3542.57,157.2,60.4,24.45,19.22,3.9,0.82,20.01,46.0,-33.33,1305.0,4,strong_buy,17.5,18.0,-1.03,7.0,-0.71,6.47,7.39,10.89,13.62,16.24,2.69,29.83,16.21,2.6,0.15,highly inconsistent earnings,0.03,,2.44,,115.02,1.76,58.92,0.0,,6.44,-0.92,25.34,1.58,1525.0,964.1,32.5,6.8,-20.66,53.89,0.29,0.32,5,21.0,10.4,13.0,0.0,44.4,MONITOR ⭐,Expected ~60% CAGR (2yr) | Profit CAGR 30% | Nearly debt-free | Promoter 59% holding | Margin compressing ↓ ⚠️ | Piotroski F=5 (above average quality),Margin compression ↓ | Pattern still forming (not broken out),3-4 years,Medium-High,"yfinance, screener.in",100,60,,2026-06-01,2026-06-01,0,,1,
KPIGREEN,KPI Green Energy Limited,Utilities,Utilities - Renewable,8307.0,Mid-Cap,MonthlyDoubleBottom,Forming,0.739,14,Sep 14mo | Mid rally 81% | Asymmetry 7%,MonthlyDoubleBottom+MonthlyStage2,Sideways,False,False,Below-MAs,True,Stage2,4,Uptrend,Uptrend,438.0,587.43,312.67,372.3,1000.39,1667.05,2777.97,1667.05,280.6,95.1,17.51,,2.74,0.26,13.55,20.0,8.74,,0,none,17.4,13.8,-0.54,36.0,-4.26,17.66,7.03,55.39,61.17,92.5,56.62,66.64,87.44,46.6,0.75,consistent growth,1.59,,1.64,,-2525.15,-30.4,49.49,0.24,,8.24,-0.44,0.64,0.01,563.0,335.65,22.2,30.5,-7.3,119.55,0.93,0.49,4,21.0,15.37,8.0,0.0,44.4,MONITOR ⭐,Expected ~95% CAGR (2yr) | Revenue CAGR 61% | Profit CAGR 67% | OPM 36% | Margin compressing ↓ ⚠️ | EPS: consistent growth,High D/E 1.6 | Margin compression ↓ | Pattern still forming (not broken out),3-4 years,Medium-High,"yfinance, screener.in",100,59,,2026-06-01,2026-06-01,0,,1,
JYOTICNC,Jyoti CNC Automation Limited,Industrials,Specialty Industrial Machinery,13554.0,Mid-Cap,None,,0.0,0,,,Downtrend,False,False,Below-MAs,False,Stage2,4,Uptrend,Uptrend,679.15,,,577.28,1608.36,4266.51,11317.77,4266.51,528.2,150.6,40.32,22.12,7.4,0.24,24.32,0.0,,987.0,2,none,18.2,21.3,5.0,25.0,4.71,15.6,10.48,15.13,31.09,31.51,6.33,165.27,,-16.9,0.2,multiple loss years in history,0.43,,2.26,,-246.91,-1.82,62.55,0.0,,8.95,-0.75,13.68,0.29,1330.0,587.0,48.9,15.7,-28.43,,,,6,33.0,3.0,8.0,0.0,44.0,MONITOR ⭐,Expected ~151% CAGR (2yr) | Revenue CAGR 31% | Profit CAGR 165% | ROCE 21% | ROCE trend rising ↑ | Promoter 63% holding,None identified,3-4 years,Medium-High,"yfinance, screener.in",100,29,,2026-06-01,2026-06-01,0,,1,
KSB,KSB Limited,Industrials,Specialty Industrial Machinery,13747.0,Mid-Cap,MonthlyCupHandle,Forming,0.895,20,Cup 20mo | Depth 20% | Prior gain 31% | R²=0.98,MonthlyCupHandle+MonthlyDoubleBottom+MonthlyStage2,Sideways-Above-MA,True,False,Constructive,False,Stage2,4,Uptrend,Uptrend,837.2,951.98,764.98,726.73,485.27,1138.98,559.85,521.23,36.0,16.6,53.19,34.57,8.19,7.18,37.14,56.0,13.62,956.0,2,none,18.4,24.7,1.26,13.0,-0.14,9.57,,0.22,6.34,12.54,-4.07,7.41,11.69,-22.9,0.4,lumpy earner,0.0,,,,,,69.8,0.0,,4.66,0.14,11.64,-0.31,1028.3,666.65,18.6,25.6,10.29,73.68,0.6,-0.09,1,21.0,20.74,-1.0,3.0,43.7,MONITOR ⭐,Expected ~17% CAGR (2yr) | ROCE 25% | ROCE trend rising ↑ | Nearly debt-free | Promoter 70% holding | Dividend growing 14%/yr,High PE 53 | Pattern still forming (not broken out),3-4 years,Medium-High,"yfinance, screener.in",80,287,,2026-06-01,2026-06-01,0,,1,
360ONE,360 One Wam Limited,Financial Services,Asset Management,44896.0,Large-Cap,MonthlyDoubleBottom,Forming,0.46,6,Sep 6mo | Mid rally 51% | Asymmetry 5%,,Sideways-Above-MA,True,False,Below-MAs,True,Stage2,12,Uptrend,Uptrend,1098.4,433.06,280.44,933.64,768.69,1096.08,1157.66,943.34,,,37.88,26.57,4.55,1.67,20.99,163.0,-28.26,1325.18,11,none,14.4,12.1,0.63,62.0,1.34,27.16,7.1,18.4,28.47,21.4,19.8,22.72,26.94,15.7,0.4,lumpy earner,1.62,,13.02,,1433.27,3.19,6.24,-0.01,,63.33,-2.18,12.75,1.93,1273.8,906.05,13.8,21.2,0.4,129.77,0.58,0.39,5,24.0,13.52,3.0,3.0,43.5,MONITOR ⭐,Revenue CAGR 28% | Profit CAGR 23% | ROCE trend rising ↑ | OPM 62% | FCF yield 3.2% | Piotroski F=5 (above average quality),High D/E 1.6 | Earnings due 2026-07-16 | Pattern still forming (not broken out),3-4 years,Medium-High,"yfinance, screener.in",100,81,2026-07-16,2026-06-01,2026-06-01,0,,1,
JUBLFOOD,Jubilant FoodWorks Limited,Consumer Cyclical,Restaurants,28116.0,Mid-Cap,MonthlyDoubleBottom,Forming,1.0,32,Sep 32mo | Mid rally 116% | Asymmetry 4%,,Sideways,False,False,Below-MAs,True,Stage2,3,Uptrend,Uptrend,473.0,191.15,86.69,402.05,264.88,392.74,308.67,285.94,,,75.13,45.04,12.41,9.45,14.79,28.0,0.0,552.93,29,buy,18.9,14.6,-0.97,20.0,-1.14,4.5,6.42,16.84,22.63,23.49,104.61,7.95,13.96,-18.4,0.15,highly inconsistent earnings,0.03,,0.37,,478.52,1.7,40.27,0.0,,17.29,-1.3,36.38,1.59,718.95,408.8,34.2,15.7,-25.04,-28.12,0.41,0.13,4,18.0,19.5,6.0,0.0,43.5,MONITOR ⭐,Revenue CAGR 23% | Nearly debt-free | Margin compressing ↓ ⚠️ | DII buying +1.6% ↑ | EV/EBITDA 15× below sector (25×) | MonthlyDoubleBottom forming (32mo base),High PE 75 | Margin compression ↓ | Earnings due 2026-08-19 | Pattern still forming (not broken out),3-4 years,Medium-High,"yfinance, screener.in",100,196,2026-08-19,2026-06-01,2026-06-01,0,,1,
JWL,Jupiter Wagons Limited,Industrials,Railroads,12426.0,Mid-Cap,MonthlyDoubleBottom,Forming,1.0,17,Sep 17mo | Mid rally 178% | Asymmetry 2%,,Downtrend,False,False,Below-MAs,False,Stage2,4,Uptrend,Uptrend,270.9,744.33,265.23,251.97,244.35,1223.43,386.83,307.45,351.6,112.5,50.22,27.76,4.41,1.94,31.65,69.0,-37.5,286.75,4,none,17.4,21.1,3.4,13.0,0.66,7.72,,-19.76,15.42,26.13,-36.58,25.82,35.38,-35.3,0.15,highly inconsistent earnings,0.27,,,,,,68.31,0.0,,4.19,-0.29,0.78,0.03,418.95,235.65,35.3,15.0,-22.81,33.92,0.34,0.27,3,26.0,15.5,2.0,0.0,43.5,MONITOR ⭐,Expected ~112% CAGR (2yr) | Revenue CAGR 15% | Profit CAGR 26% | ROCE 21% | ROCE trend rising ↑ | Low D/E 0.27,High PE 50 | Pattern still forming (not broken out),3-4 years,Medium-High,"yfinance, screener.in",80,188,,2026-06-01,2026-06-01,0,,1,
MAPMYINDIA,C. E. Info Systems Limited,Technology,Software - Infrastructure,4489.0,Small-Cap,MonthlyDoubleBottom,Forming,0.708,9,Sep 9mo | Mid rally 76% | Asymmetry 6%,,Sideways,False,False,Below-MAs,True,Downtrend,0,Uptrend,Uptrend,966.6,2738.33,1510.05,1434.55,889.35,3966.61,1026.99,955.69,310.4,102.6,33.56,19.76,4.96,4.5,23.7,43.0,20.51,1229.17,6,buy,15.8,22.0,0.71,36.0,-0.17,28.3,9.17,2.38,19.04,25.54,-9.46,7.46,17.43,4.5,0.15,highly inconsistent earnings,0.01,,4.92,,42.06,0.94,51.41,0.05,,3.15,-0.75,14.31,0.36,1998.0,795.0,51.6,21.6,-37.52,-42.46,3.4,0.2,6,27.0,13.5,3.0,0.0,43.5,MONITOR ⭐,Expected ~103% CAGR (2yr) | Revenue CAGR 19% | ROCE 22% | ROCE trend rising ↑ | Nearly debt-free | Promoter 51% holding,Pattern still forming (not broken out),3-4 years,Medium-High,"yfinance, screener.in",100,54,,2026-06-01,2026-06-01,0,,1,
MAZDA,Mazda Limited,Industrials,Specialty Industrial Machinery,447.0,Micro-Cap,MonthlyDoubleBottom,Forming,1.0,14,Sep 14mo | Mid rally 133% | Asymmetry 3%,,Downtrend,False,False,Below-MAs,False,Stage2,4,Uptrend,Uptrend,193.25,99.28,41.94,164.26,562.03,759.31,1025.82,759.31,292.9,98.2,16.72,,1.9,0.48,8.87,161.0,14.16,,0,none,11.48,,,13.93,,12.97,6.54,21.6,,,35.1,,,13.2,0.5,insufficient history,,,4.08,,-31.15,-6.96,48.58,0.0,,0.05,-0.08,0.05,0.0,337.77,159.2,42.8,21.4,-10.87,-8.92,0.18,-0.09,3,16.0,15.5,12.0,0.0,43.5,MONITOR ⭐,Expected ~98% CAGR (2yr) | Revenue CAGR 22% | Profit CAGR 35% | Dividend growing 14%/yr | PEG 0.48 — deeply undervalued | EV/EBITDA 9× below sector (18×),Pattern still forming (not broken out),3-4 years,Medium-High,"yfinance, screener.in",60,115,,2026-06-01,2026-06-01,0,,1,
SAFARI,Safari Industries (India) Limited,Consumer Cyclical,Footwear & Accessories,7367.0,Small-Cap,MonthlyDoubleBottom,Forming,0.641,13,Sep 13mo | Mid rally 66% | Asymmetry 1%,,Sideways,False,False,Below-MAs,True,Stage2,3,Uptrend,Uptrend,1426.9,2740.41,1643.83,1561.64,1442.43,3836.99,1756.78,1591.87,168.9,64.0,43.87,28.95,7.05,4.23,26.58,27.0,106.06,2249.4,10,strong_buy,16.2,19.5,4.06,13.0,2.63,8.19,9.05,15.52,19.09,44.23,17.48,10.36,40.21,-0.3,0.15,highly inconsistent earnings,0.1,,3.79,,117.24,1.59,44.7,0.0,,10.81,-1.51,28.3,1.74,2507.1,1363.1,43.1,4.7,-26.33,-26.6,1.63,-0.46,7,23.0,14.19,6.0,0.0,43.2,MONITOR ⭐,Expected ~64% CAGR (2yr) | Revenue CAGR 19% | ROCE trend rising ↑ | Low D/E 0.10 | Piotroski F=7 (high quality compounder) | DII buying +1.7% ↑,Pattern still forming (not broken out),3-4 years,Medium-High,"yfinance, screener.in",100,81,,2026-06-01,2026-06-01,0,,1,
ASIANENE,Asian Energy Services Limited,Energy,Oil & Gas Equipment & Services,1740.0,Small-Cap,MonthlyDoubleBottom,Forming,0.926,22,Sep 22mo | Mid rally 93% | Asymmetry 0%,MonthlyDoubleBottom+MonthlyStage2,Uptrend,True,False,Constructive,True,Stage2,1,Uptrend,Uptrend,320.0,442.89,229.6,272.0,200.93,656.18,243.39,221.14,105.1,43.2,31.55,,3.24,3.14,16.94,28.0,,,0,none,12.9,16.5,0.43,12.0,-1.77,6.47,6.33,70.11,93.02,28.14,23.81,10.06,12.39,41.9,0.15,highly inconsistent earnings,0.32,,2.11,,-115.09,-6.62,56.16,-4.59,,1.18,-0.16,0.75,-0.06,391.65,230.0,18.3,39.1,15.49,98.62,0.93,0.77,5,16.0,24.11,-1.0,4.0,43.1,MONITOR ⭐,Expected ~43% CAGR (2yr) | Revenue CAGR 93% | ROCE trend rising ↑ | Promoter 56% holding | Margin compressing ↓ ⚠️ | Piotroski F=5 (above average quality),Margin compression ↓ | Pattern still forming (not broken out),3-4 years,Medium-High,"yfinance, screener.in",100,54,,2026-06-01,2026-06-01,0,,1,
HIRECT,Hind Rectifiers Limited,Industrials,Electrical Equipment & Parts,3829.0,Small-Cap,MonthlyDoubleBottom,Forming,1.0,20,Sep 20mo | Mid rally 191% | Asymmetry 7%,,Uptrend,True,True,Tight-Above-MAs,True,Stage2,4,Uptrend,Uptrend,992.95,132.62,43.88,844.01,305.3,305.3,305.3,305.3,,,81.31,,18.37,,49.71,9.0,71.0,,0,none,21.7,18.6,-3.0,8.0,-0.5,4.51,8.13,52.52,,,5.41,,,-54.9,0.15,highly inconsistent earnings,1.19,,1.12,,-118.82,-3.1,43.93,0.0,,6.38,0.17,0.13,0.0,1212.1,565.2,18.1,75.7,62.69,519.25,1.08,0.31,3,8.0,28.0,-1.0,8.0,43.0,MONITOR ⭐,Revenue CAGR 51% | Declining profits (-55% CAGR) ⚠️ | ROE 22% | Dividend growing 71%/yr | MonthlyDoubleBottom forming (20mo base) | Weekly uptrend,High D/E 1.2 | High PE 81 | Pattern still forming (not broken out),3-4 years,Medium-High,"yfinance, screener.in",80,234,,2026-06-01,2026-06-01,0,,1,
JTEKTINDIA,JTEKT India Limited,Consumer Cyclical,Auto Parts,3646.0,Small-Cap,MonthlyDoubleBottom,Forming,1.0,6,Sep 6mo | Mid rally 132% | Asymmetry 4%,MonthlyCupHandle+MonthlyDoubleBottom,Downtrend,False,False,Below-MAs,False,Stage2,3,Uptrend,Uptrend,128.86,15.95,6.73,109.53,310.67,577.66,1074.1,577.66,348.3,111.7,46.27,29.53,3.07,0.54,19.52,53.0,21.39,177.5,2,none,12.4,15.9,-0.91,9.0,-0.57,2.89,3.68,0.93,15.67,3.3,3.45,85.94,2.9,11.5,0.15,highly inconsistent earnings,0.29,,1.23,,-373.06,-10.23,74.98,0.0,,0.48,0.02,11.14,0.02,188.5,117.01,31.6,10.1,-3.52,-31.76,0.33,0.85,3,19.0,15.0,9.0,0.0,43.0,MONITOR ⭐,Expected ~112% CAGR (2yr) | Revenue CAGR 16% | Profit CAGR 86% | Low D/E 0.29 | Promoter 75% holding | Margin compressing ↓ ⚠️,Margin compression ↓ | Pattern still forming (not broken out),3-4 years,Medium-High,"yfinance, screener.in",100,269,,2026-06-01,2026-06-01,0,,1,
LTTS,L&T Technology Services Limited,Technology,Information Technology Services,36407.0,Large-Cap,MonthlyDoubleBottom,Forming,0.957,44,Sep 44mo | Mid rally 103% | Asymmetry 8%,,Sideways,False,False,Below-MAs,True,Downtrend,0,Uptrend,Uptrend,3554.6,5902.58,2798.51,3021.41,3153.76,9006.65,3265.11,3208.95,153.4,59.2,29.67,20.97,5.62,16.96,19.27,169.0,-5.23,3658.83,29,none,21.5,26.7,-0.4,18.0,-0.26,11.63,9.85,14.04,7.64,15.07,1.34,1.75,13.98,6.8,0.15,highly inconsistent earnings,0.09,,2.28,,993.11,2.73,73.57,-0.01,,3.86,-0.36,14.64,0.07,4726.0,3010.0,24.8,18.1,-10.74,-29.58,0.47,0.09,4,22.0,17.98,3.0,0.0,43.0,MONITOR ⭐,Expected ~59% CAGR (2yr) | ROE 22% | ROCE 27% | Nearly debt-free | Promoter 74% holding | MonthlyDoubleBottom forming (44mo base),Earnings due 2026-07-15 | Pattern still forming (not broken out),3-4 years,Medium-High,"yfinance, screener.in",100,117,2026-07-15,2026-06-01,2026-06-01,0,,1,
MEDANTA,Global Health Limited,Healthcare,Medical Care Facilities,31950.0,Large-Cap,MonthlyCupHandle,Forming,0.921,23,Cup 23mo | Depth 20% | Prior gain 75% | R²=1.00,MonthlyCupHandle+MonthlyDoubleBottom+MonthlyStage2,Sideways-Above-MA,True,True,Constructive,True,Stage2,4,Uptrend,Uptrend,1240.4,1441.56,1147.8,1090.41,1150.42,1735.32,1638.16,1372.8,39.9,18.3,57.47,36.84,8.63,2.97,34.84,4.0,,1419.06,17,strong_buy,15.2,17.1,2.23,21.0,1.29,12.62,8.16,19.45,17.62,24.97,15.18,19.33,80.39,42.0,0.15,highly inconsistent earnings,0.3,,2.67,,-214.19,-0.67,33.01,0.0,,10.15,-0.39,14.76,0.77,1456.5,956.0,14.8,29.7,16.59,65.14,0.86,0.17,6,19.0,21.05,0.0,3.0,43.0,MONITOR ⭐,Expected ~18% CAGR (2yr) | Revenue CAGR 18% | ROCE trend rising ↑ | Low D/E 0.30 | Piotroski F=6 (above average quality) | DII buying +0.8% ↑,High PE 57 | Pattern still forming (not broken out),3-4 years,Medium-High,"yfinance, screener.in",100,43,,2026-06-01,2026-06-01,0,,1,
POCL,Pondy Oxides And Chemicals Limited,Basic Materials,Specialty Chemicals,3922.0,Small-Cap,None,,0.0,0,,,Sideways-Above-MA,True,False,Constructive,True,Stage2,1,Uptrend,Uptrend,1529.8,,,1300.33,1364.56,1647.57,1989.28,1647.57,7.7,3.8,29.24,15.14,5.51,1.41,19.29,27.0,100.0,1952.0,1,strong_buy,19.2,23.2,2.29,7.0,0.74,4.46,13.5,43.8,26.08,52.55,127.59,20.74,113.15,126.0,0.15,highly inconsistent earnings,0.19,,3.61,,-153.69,-3.92,39.34,0.0,,2.22,-0.12,7.15,0.37,1619.0,689.0,5.5,122.0,83.58,662.75,,-0.12,5,24.0,9.0,3.0,7.0,43.0,MONITOR ⭐,Expected ~4% CAGR (2yr) | Revenue CAGR 26% | Profit CAGR 21% | ROCE 23% | ROCE trend rising ↑ | Low D/E 0.19,None identified,3-4 years,Medium-High,"yfinance, screener.in",100,188,,2026-06-01,2026-06-01,0,,1,
ASTERDM,Aster DM Healthcare Limited,Healthcare,Medical Care Facilities,37651.0,Large-Cap,MonthlyDoubleBottom,Forming,0.366,36,Sep 36mo | Mid rally 42% | Asymmetry 6%,,Uptrend,True,True,Tight-Above-MAs,True,Stage2,4,Uptrend,Uptrend,748.9,146.37,100.11,636.56,230.68,456.52,230.68,230.68,,,113.63,38.02,8.2,,42.93,55.0,-40.0,795.27,11,none,10.7,11.4,0.83,19.0,1.14,8.36,5.41,12.2,15.75,-11.61,-92.1,-3.49,19.12,77.4,0.15,highly inconsistent earnings,0.46,,1.99,,1346.63,3.58,40.39,0.0,,17.18,-1.28,27.57,1.45,776.55,519.1,3.6,44.3,33.85,230.81,1.09,-0.04,6,14.0,20.89,0.0,8.0,42.9,MONITOR ⭐,Revenue CAGR 16% | Declining profits (-3% CAGR) ⚠️ | ROCE trend rising ↑ | FCF yield 3.6% | Piotroski F=6 (above average quality) | DII buying +1.4% ↑,High PE 114 | Pattern still forming (not broken out),3-4 years,Medium-High,"yfinance, screener.in",100,100,,2026-06-01,2026-06-01,0,,1,
APLLTD,Alembic Pharmaceuticals Limited,Healthcare,Drug Manufacturers - Specialty & Generic,14469.0,Mid-Cap,MonthlyDoubleBottom,Forming,0.855,29,Sep 29mo | Mid rally 94% | Asymmetry 9%,,Downtrend,False,False,Below-MAs,False,Stage2,4,Uptrend,Uptrend,751.1,1289.56,635.8,638.44,2085.38,1943.32,3268.33,2610.69,158.7,60.9,21.46,15.18,2.55,0.85,14.03,149.0,3.23,907.2,10,buy,13.4,12.6,-1.51,15.0,-1.71,9.19,6.05,10.09,9.12,6.37,15.29,25.19,-10.15,29.2,0.15,highly inconsistent earnings,0.25,,1.76,,28.48,0.2,69.74,0.0,,4.26,0.03,16.17,0.0,1107.9,635.8,32.2,18.1,-19.47,-1.07,0.74,0.41,4,16.0,14.76,12.0,0.0,42.8,MONITOR ⭐,Expected ~61% CAGR (2yr) | Profit CAGR 25% | Low D/E 0.25 | Promoter 70% holding | Margin compressing ↓ ⚠️ | PEG 0.85 — undervalued,Margin compression ↓ | Pattern still forming (not broken out),3-4 years,Medium-High,"yfinance, screener.in",100,177,,2026-06-01,2026-06-01,0,,1,
FSL,Firstsource Solutions Limited,Technology,Information Technology Services,18138.0,Mid-Cap,MonthlyDoubleBottom,Breakout Ready,0.512,30,Sep 30mo | Mid rally 60% | Asymmetry 8%,,Sideways,False,False,Below-MAs,True,Downtrend,0,Uptrend,Uptrend,242.06,36.08,21.7,205.75,286.56,305.73,343.27,313.64,26.3,12.4,27.48,16.69,4.14,2.91,13.34,209.0,16.26,293.86,14,strong_buy,17.7,16.2,-0.14,16.0,-0.17,7.06,8.13,19.75,16.64,13.48,13.47,9.45,13.24,27.7,0.15,highly inconsistent earnings,0.67,,0.79,,944.37,5.21,53.66,0.0,,8.85,-0.35,25.49,0.3,403.8,202.0,40.1,19.8,-26.54,76.86,4.55,0.12,4,21.0,15.64,6.0,0.0,42.6,MONITOR ⭐,Expected ~12% CAGR (2yr) | Revenue CAGR 17% | Promoter 54% holding | FCF yield 5.2% | Dividend growing 16%/yr | EV/EBITDA 13× below sector (20×),None identified,3-4 years,Medium-High,"yfinance, screener.in",100,232,,2026-06-01,2026-06-01,0,,1,
KEC,KEC International Limited,Industrials,Engineering & Construction,13301.0,Mid-Cap,MonthlyDoubleBottom,Forming,0.963,10,Sep 10mo | Mid rally 103% | Asymmetry 6%,,Downtrend,False,False,Below-MAs,False,Stage2,4,Uptrend,Uptrend,469.4,1305.02,623.52,592.34,1160.8,1986.52,2646.73,1752.8,323.2,105.7,21.98,12.64,2.16,0.43,10.96,110.0,11.2,590.27,22,buy,11.3,14.5,-0.54,7.0,-0.14,2.58,3.86,7.59,10.8,12.38,6.13,51.0,1.85,-28.1,0.15,highly inconsistent earnings,0.87,,1.23,,-1843.81,-13.86,50.1,0.0,,9.84,-1.91,26.86,1.39,947.0,466.0,50.4,0.7,-41.13,-36.56,1.07,0.15,2,13.0,14.56,15.0,0.0,42.6,MONITOR ⭐,Expected ~106% CAGR (2yr) | Profit CAGR 51% | Promoter 50% holding | DII buying +1.4% ↑ | Dividend growing 11%/yr | PEG 0.43 — deeply undervalued,Pattern still forming (not broken out),3-4 years,Medium-High,"yfinance, screener.in",100,286,,2026-06-01,2026-06-01,0,,1,
ANGELONE,Angel One Limited,Financial Services,Capital Markets,30807.0,Large-Cap,MonthlyStage2,Stage Change,1.0,24,10-EMA=266 | 30-EMA=242 | Above by 35.7% | MA turning=Yes,MonthlyDoubleBottom+MonthlyStage2,Uptrend,True,False,Uptrend,True,Stage2,12,Uptrend,Uptrend,328.0,241.73,209.38,278.8,208.82,274.08,212.72,210.76,,,34.24,19.52,5.02,36.82,,208.0,-3.56,352.73,11,buy,15.6,14.8,-2.63,35.0,-0.4,19.29,4.49,-1.93,19.62,31.86,-21.93,0.93,25.24,83.5,0.15,highly inconsistent earnings,1.29,,1.32,,,,28.8,-0.07,,12.81,0.36,18.88,0.77,351.0,208.63,6.6,57.2,21.48,77.94,0.43,0.16,2,7.0,26.5,1.0,8.0,42.5,MONITOR ⭐,Revenue CAGR 20% | OPM 35% | DII buying +0.8% ↑ | MonthlyStage2 forming (24mo base) | Weekly uptrend | Sector in Stage2,High D/E 1.3,3-4 years,Medium-High,"yfinance, screener.in",90,68,,2026-06-01,2026-06-01,0,,1,
ASMS,Avio Smart Market Stack Limited,Technology,Information Technology Services,226.0,Micro-Cap,MonthlyDoubleBottom,Forming,1.0,30,Sep 30mo | Mid rally 532% | Asymmetry 4%,,Downtrend,False,False,Below-MAs,False,Downtrend,0,Uptrend,Uptrend,7.39,283.31,44.04,41.84,8.59,522.58,46.74,20.04,6971.4,740.9,67.45,,8.37,0.51,40.26,0.0,0.0,,0,none,19.0,15.5,2.49,5.0,-1.86,5.66,6.88,160.0,16.96,9.52,200.0,,,123.9,0.2,multiple loss years in history,0.26,,1.07,,-0.14,-0.06,67.5,-1.87,,1.67,-0.01,0.22,0.0,17.6,6.95,58.0,6.3,-37.74,-57.68,0.53,,4,22.0,15.5,5.0,0.0,42.5,MONITOR ⭐,Expected ~741% CAGR (2yr) | Revenue CAGR 17% | Profit CAGR 133% | ROCE trend rising ↑ | Low D/E 0.26 | Promoter 68% holding,High PE 67 | Margin compression ↓ | Pattern still forming (not broken out),3-4 years,Medium-High,"yfinance, screener.in",90,245,,2026-06-01,2026-06-01,0,,1,
BANKBARODA,Bank of Baroda Limited,Financial Services,Banks - Regional,138851.0,Large-Cap,MonthlyDoubleBottom,Forming,1.0,32,Sep 32mo | Mid rally 187% | Asymmetry 3%,,Sideways,False,True,Below-MAs,False,Stage2,12,Uptrend,Uptrend,260.6,71.55,24.51,221.51,886.3,710.45,1075.93,976.52,172.6,65.1,7.0,6.24,0.84,0.69,,317.0,43.09,311.35,34,buy,12.7,5.63,,38.45,,31.18,1.01,4.97,12.43,12.56,-3.81,10.18,65.43,7.0,0.15,highly inconsistent earnings,,,,,,,63.97,0.0,,9.69,-0.15,18.92,0.2,325.5,230.52,19.9,13.0,15.8,26.84,0.72,0.46,2,10.0,19.5,10.0,3.0,42.5,MONITOR ⭐,Expected ~65% CAGR (2yr) | Promoter 64% holding | OPM 38% | Dividend growing 43%/yr | PEG 0.69 — undervalued | MonthlyDoubleBottom forming (32mo base),Earnings due 2026-07-24 | Pattern still forming (not broken out),3-4 years,Medium-High,"yfinance, screener.in",80,287,2026-07-24,2026-06-01,2026-06-01,0,,1,
CANBK,Canara Bank,Financial Services,Banks - Regional,118644.0,Large-Cap,MonthlyDoubleBottom,Forming,1.0,46,Sep 46mo | Mid rally 642% | Asymmetry 5%,,Downtrend,False,False,Below-MAs,False,Stage2,12,Uptrend,Uptrend,126.15,151.41,19.89,107.23,526.79,428.45,713.37,613.02,239.6,84.3,6.02,5.66,1.01,0.37,,321.0,45.45,151.6,20,buy,17.7,6.51,,-32.21,,37.04,0.99,3.92,13.74,12.46,1.06,16.37,43.32,-9.8,0.15,highly inconsistent earnings,,,,,,,62.93,0.0,,14.24,-0.37,10.91,0.44,162.89,103.55,22.6,21.8,21.86,108.05,0.59,0.56,2,9.0,16.5,12.0,5.0,42.5,MONITOR ⭐,Expected ~84% CAGR (2yr) | Promoter 63% holding | Dividend growing 45%/yr | PEG 0.37 — deeply undervalued | MonthlyDoubleBottom forming (46mo base) | Sector in Stage2,Earnings due 2026-07-23 | Pattern still forming (not broken out),3-4 years,Medium-High,"yfinance, screener.in",80,282,2026-07-23,2026-06-01,2026-06-01,0,,1,
FORTIS,Fortis Healthcare Limited,Healthcare,Medical Care Facilities,70094.0,Large-Cap,MonthlyDoubleBottom,Forming,1.0,29,Sep 29mo | Mid rally 147% | Asymmetry 0%,,Sideways-Above-MA,True,False,Constructive,True,Stage2,4,Uptrend,Uptrend,960.55,186.33,75.52,816.47,756.2,976.76,1069.06,899.12,1.7,0.8,67.13,39.65,7.08,3.55,35.15,11.0,0.0,1093.22,18,strong_buy,11.3,13.5,1.74,23.0,1.97,11.41,6.89,17.28,13.17,17.76,31.52,18.9,63.52,44.6,0.15,highly inconsistent earnings,0.34,,0.86,,173.28,0.25,31.17,0.0,,25.98,-1.86,31.35,2.02,1104.3,702.0,13.0,36.8,28.49,183.73,0.35,0.7,6,15.0,22.5,0.0,5.0,42.5,MONITOR ⭐,Expected ~1% CAGR (2yr) | ROCE trend rising ↑ | Piotroski F=6 (above average quality) | DII buying +2.0% ↑ | MonthlyDoubleBottom forming (29mo base) | Sector in Stage2,High PE 67 | Earnings due 2026-08-06 | Pattern still forming (not broken out),3-4 years,Medium-High,"yfinance, screener.in",100,229,2026-08-06,2026-06-01,2026-06-01,0,,1,
KTKBANK,The Karnataka Bank Limited,Financial Services,Banks - Regional,10186.0,Mid-Cap,MonthlyStage2,Stage Change,1.0,24,10-EMA=217 | 30-EMA=195 | Above by 27.1% | MA turning=Yes,MonthlyDoubleBottom+MonthlyStage2,Uptrend,True,False,Tight-Above-MAs,True,Stage2,12,Uptrend,Uptrend,247.75,194.86,163.04,210.59,712.17,552.43,763.93,737.6,123.0,49.3,7.78,6.72,0.77,2.18,,186.0,7.72,274.67,3,strong_buy,10.4,6.06,,45.57,,40.89,1.05,-1.07,7.29,7.43,2.99,3.57,22.15,61.6,0.15,highly inconsistent earnings,,,,,,,,,,11.78,0.09,16.16,0.32,278.4,169.12,11.0,46.5,37.64,17.75,0.36,0.33,1,1.0,28.5,3.0,10.0,42.5,MONITOR ⭐,Expected ~49% CAGR (2yr) | OPM 46% | MonthlyStage2 forming (24mo base) | Weekly uptrend | Tight daily consolidation above MAs | Sector in Stage2,None identified,3-4 years,Medium-High,"yfinance, screener.in",70,313,,2026-06-01,2026-06-01,0,,1,
SHRADHA,Shradha Realty Limited,Real Estate,Real Estate - Development,204.0,Micro-Cap,MonthlyDoubleBottom,Forming,1.0,34,Sep 34mo | Mid rally 118% | Asymmetry 2%,,Downtrend,False,False,Below-MAs,False,Stage2,3,Uptrend,Uptrend,35.77,14.85,6.75,30.4,139.92,169.75,205.93,169.75,374.6,117.8,11.06,,1.1,0.52,14.73,124.0,13.0,,0,none,12.7,9.54,1.97,24.0,20.0,18.05,,8.41,8.83,158.76,13.64,21.32,65.72,29.7,0.15,highly inconsistent earnings,0.93,,,,,,74.97,0.0,,,0.0,,,83.5,26.34,57.2,35.8,-44.0,60.16,0.08,0.74,2,16.0,16.5,10.0,0.0,42.5,MONITOR ⭐,Expected ~118% CAGR (2yr) | Profit CAGR 21% | ROCE trend rising ↑ | Promoter 75% holding | Dividend growing 13%/yr | PEG 0.52 — undervalued,Pattern still forming (not broken out),3-4 years,Medium-High,"yfinance, screener.in",80,102,,2026-06-01,2026-06-01,0,,1,
DOLLAR,Dollar Industries Limited,Consumer Cyclical,Apparel Manufacturing,1510.0,Small-Cap,MonthlyDoubleBottom,Forming,0.697,18,Sep 18mo | Mid rally 79% | Asymmetry 9%,,Downtrend,False,False,Below-MAs,False,Stage2,3,Uptrend,Uptrend,265.15,651.29,349.4,331.93,1165.41,1482.28,1885.32,1482.28,459.0,136.4,14.06,10.73,1.59,0.52,9.05,113.0,0.0,387.0,2,buy,11.9,13.6,-1.77,11.0,-0.63,5.71,6.62,10.0,10.5,12.65,16.3,27.19,4.71,11.4,0.15,highly inconsistent earnings,0.3,,2.31,,52.89,3.5,72.48,0.27,,4.98,0.62,0.97,-0.24,429.9,220.5,38.3,20.2,-21.41,-51.86,0.42,0.32,5,20.0,12.36,10.0,0.0,42.4,MONITOR ⭐,Expected ~136% CAGR (2yr) | Profit CAGR 27% | Promoter 72% holding | Margin compressing ↓ ⚠️ | FCF yield 3.5% | Piotroski F=5 (above average quality),Margin compression ↓ | Pattern still forming (not broken out),3-4 years,Medium-High,"yfinance, screener.in",100,110,,2026-06-01,2026-06-01,0,,1,
ASTRAL,Astral Limited,Industrials,Building Products & Equipment,42398.0,Large-Cap,MonthlyDoubleBottom,Forming,0.986,33,Sep 33mo | Mid rally 103% | Asymmetry 4%,,Uptrend,True,False,Constructive,False,Stage2,4,Uptrend,Uptrend,1448.9,2442.31,1176.4,1231.57,520.41,3708.22,565.69,542.57,155.9,60.0,78.75,46.84,10.45,18.49,39.27,24.0,18.56,1759.62,29,buy,14.4,19.9,-2.09,16.0,-0.66,8.17,8.86,12.64,8.39,15.64,3.08,4.26,5.57,18.8,0.15,highly inconsistent earnings,0.06,,1.76,,474.9,1.12,54.22,0.0,,14.5,-0.71,20.92,1.73,1768.7,1263.7,18.1,14.7,3.86,-49.5,0.46,0.15,4,13.0,25.33,1.0,3.0,42.3,MONITOR ⭐,Expected ~60% CAGR (2yr) | Nearly debt-free | Promoter 54% holding | Margin compressing ↓ ⚠️ | DII buying +1.7% ↑ | Dividend growing 19%/yr,High PE 79 | Margin compression ↓ | Earnings due 2026-08-17 | Pattern still forming (not broken out),3-4 years,Medium-High,"yfinance, screener.in",100,231,2026-08-17,2026-06-01,2026-06-01,0,,1,
MANKIND,Mankind Pharma Limited,Healthcare,Drug Manufacturers - Specialty & Generic,98091.0,Large-Cap,MonthlyStage2,Stage Change,0.818,24,10-EMA=2295 | 30-EMA=2220 | Above by 12.3% | MA turning=Yes,MonthlyDoubleBottom+MonthlyStage2,Sideways-Above-MA,True,False,Constructive,True,Stage2,4,Uptrend,Uptrend,2492.6,2220.12,2005.8,2118.71,2324.14,2650.24,3017.28,2648.13,6.3,3.1,51.29,33.06,6.42,3.68,28.28,8.0,,2653.4,20,buy,13.1,13.5,-4.54,25.0,-0.29,13.4,6.11,16.97,17.73,18.1,-3.63,13.94,8.43,31.7,0.15,highly inconsistent earnings,0.38,,1.07,,1647.91,1.68,72.66,0.0,,10.24,-1.1,14.46,1.2,2716.5,1909.7,8.2,30.5,14.93,23.02,0.75,0.47,4,17.0,20.32,1.0,4.0,42.3,MONITOR ⭐,Expected ~3% CAGR (2yr) | Revenue CAGR 18% | Promoter 73% holding | DII buying +1.2% ↑ | MonthlyStage2 forming (24mo base) | Sector in Stage2,High PE 51 | Earnings due 2026-08-06,3-4 years,Medium-High,"yfinance, screener.in",100,37,2026-08-06,2026-06-01,2026-06-01,0,,1,
BRITANNIA,Britannia Industries Limited,Consumer Defensive,Packaged Foods,125360.0,Large-Cap,MonthlyDoubleBottom,Forming,0.638,25,Sep 25mo | Mid rally 68% | Asymmetry 4%,,Downtrend,False,False,Below-MAs,False,Stage2,15,Uptrend,Uptrend,5416.5,3201.72,1876.14,4604.02,4121.06,5049.45,4378.83,4247.99,,,49.51,40.05,24.55,16.07,35.21,174.0,9.9,6251.65,34,none,53.6,56.0,2.6,18.0,0.09,13.23,21.59,6.74,5.52,7.83,16.48,3.08,6.51,21.1,0.15,highly inconsistent earnings,0.27,,1.12,,2049.09,1.63,50.55,0.0,,15.63,0.75,18.82,-0.73,6336.0,5164.5,14.5,4.9,1.23,-12.45,1.16,0.54,5,26.0,12.16,2.0,2.0,42.2,MONITOR ⭐,ROE 54% | ROCE 56% | ROCE trend rising ↑ | Low D/E 0.27 | Promoter 51% holding | Piotroski F=5 (above average quality),Earnings due 2026-08-05 | Pattern still forming (not broken out),3-4 years,Medium-High,"yfinance, screener.in",100,365,2026-08-05,2026-06-01,2026-06-01,0,,1,
DIVISLAB,Divi's Laboratories Limited,Healthcare,Drug Manufacturers - Specialty & Generic,176988.0,Large-Cap,MonthlyDoubleBottom,Forming,0.681,20,Sep 20mo | Mid rally 71% | Asymmetry 3%,,Uptrend,True,True,Tight-Above-MAs,True,Stage2,4,Uptrend,Uptrend,6912.0,5284.12,3058.82,5875.2,4611.94,7509.42,5795.55,5169.99,8.6,4.2,68.97,47.15,11.48,5.7,50.41,45.0,0.0,7055.5,30,hold,16.5,22.0,-2.8,33.0,-2.17,24.32,10.07,12.82,10.78,8.67,17.21,12.1,5.3,13.4,0.15,highly inconsistent earnings,0.0,,5.43,,-747.12,-0.42,51.88,0.0,,20.29,0.21,19.13,-0.05,7071.5,5636.5,2.3,22.6,9.41,73.44,0.45,0.22,4,15.0,24.17,0.0,3.0,42.2,MONITOR ⭐,Expected ~4% CAGR (2yr) | ROCE 22% | Nearly debt-free | Promoter 52% holding | OPM 33% | Margin compressing ↓ ⚠️,High PE 69 | Margin compression ↓ | Earnings due 2026-08-05 | Pattern still forming (not broken out),3-4 years,Medium-High,"yfinance, screener.in",100,279,2026-08-05,2026-06-01,2026-06-01,0,,1,
TCI,Transport Corporation of India Limited,Industrials,Integrated Freight & Logistics,7058.0,Small-Cap,MonthlyDoubleBottom,Forming,0.685,8,Sep 8mo | Mid rally 73% | Asymmetry 4%,,Downtrend,False,False,Below-MAs,False,Stage2,4,Uptrend,Uptrend,877.7,158.85,90.19,746.05,2005.17,1858.33,2548.64,2260.63,111.7,45.5,15.48,13.14,2.95,1.22,12.54,98.0,8.74,1254.88,8,strong_buy,19.3,19.5,0.49,11.0,-0.0,9.19,8.74,9.46,9.13,11.9,10.58,12.74,25.12,8.3,0.15,highly inconsistent earnings,0.12,,2.68,,122.43,1.73,68.74,0.01,,3.03,-0.07,12.86,0.05,1289.0,868.05,31.9,1.1,-14.26,2.67,0.69,,5,19.0,11.22,12.0,0.0,42.2,MONITOR ⭐,Expected ~46% CAGR (2yr) | ROCE trend rising ↑ | Low D/E 0.12 | Promoter 69% holding | Piotroski F=5 (above average quality) | PEG 1.22 — fair value,Pattern still forming (not broken out),3-4 years,Medium-High,"yfinance, screener.in",100,287,,2026-06-01,2026-06-01,0,,1,
CDSL,Central Depository Services (India) Limited,Financial Services,Capital Markets,26012.0,Mid-Cap,MonthlyDoubleBottom,Forming,0.676,7,Sep 7mo | Mid rally 69% | Asymmetry 2%,,Downtrend,False,False,Below-MAs,False,Stage2,12,Uptrend,Uptrend,1209.5,142.23,83.43,1028.08,540.07,897.96,753.65,637.98,,,57.14,40.55,13.27,3.15,37.16,100.0,18.56,1287.93,14,none,24.5,32.0,0.6,51.0,-2.17,36.83,16.73,5.82,27.3,27.19,-13.5,18.13,17.75,-20.0,0.15,highly inconsistent earnings,0.0,,2.92,,245.16,0.94,15.0,0.0,,11.36,-1.04,14.42,-0.7,1828.9,1116.3,33.9,8.3,-24.59,101.61,0.55,0.27,6,31.0,11.11,0.0,0.0,42.1,MONITOR ⭐,Revenue CAGR 27% | ROE 24% | ROCE 32% | ROCE trend rising ↑ | Nearly debt-free | OPM 51%,High PE 57 | Margin compression ↓ | Pattern still forming (not broken out),3-4 years,Medium-High,"yfinance, screener.in",100,108,,2026-06-01,2026-06-01,0,,1,
AVALON,Avalon Technologies Limited,Technology,Electronic Components,10155.0,Mid-Cap,None,,0.0,0,,,Uptrend,True,True,Tight-Above-MAs,True,Downtrend,0,Uptrend,Uptrend,1356.7,,,1153.19,655.51,1023.47,1099.82,849.08,,,90.08,46.49,14.07,3.05,50.57,0.0,,1285.07,15,hold,16.9,19.5,-0.97,11.0,-0.17,6.92,9.15,45.99,19.26,18.36,79.37,29.53,37.49,69.5,0.15,highly inconsistent earnings,0.29,,2.05,,-39.51,-0.39,44.41,-0.01,,6.42,-1.14,26.17,0.77,1558.6,777.3,13.0,74.5,68.3,123.64,,,4,19.0,14.0,-1.0,10.0,42.0,MONITOR ⭐,Revenue CAGR 19% | Profit CAGR 30% | Low D/E 0.29 | DII buying +0.8% ↑ | Weekly uptrend | Weekly volume expanding,High PE 90,3-4 years,Medium-High,"yfinance, screener.in",100,38,,2026-06-01,2026-06-01,0,,1,
CHOICEIN,Choice International Limited,Financial Services,Capital Markets,14977.0,Mid-Cap,None,,0.0,0,,,Downtrend,False,False,Below-MAs,True,Stage2,12,Uptrend,Uptrend,659.0,,,560.15,376.39,595.82,943.19,595.82,,,59.87,44.73,7.95,1.03,,0.0,,,0,none,16.1,18.0,1.66,36.0,1.94,20.62,7.69,21.5,41.74,44.76,46.01,58.3,69.52,12.7,0.15,highly inconsistent earnings,0.5,,1.97,,,,53.66,0.0,,11.41,-0.75,0.35,0.05,860.5,568.7,23.4,15.9,1.45,242.07,,-0.37,5,33.0,3.0,4.0,2.0,42.0,MONITOR ⭐,Revenue CAGR 42% | Profit CAGR 58% | ROCE trend rising ↑ | Promoter 54% holding | OPM 36% | Piotroski F=5 (above average quality),High PE 60,3-4 years,Medium-High,"yfinance, screener.in",90,50,,2026-06-01,2026-06-01,0,,1,
HERITGFOOD,Heritage Foods Limited,Consumer Defensive,Packaged Foods,2977.0,Small-Cap,MonthlyDoubleBottom,Forming,1.0,23,Sep 23mo | Mid rally 146% | Asymmetry 0%,,Downtrend,False,False,Below-MAs,False,Stage2,15,Uptrend,Uptrend,327.3,720.27,292.55,278.2,1218.94,1172.54,2296.52,1673.12,258.2,89.3,19.77,14.43,2.68,0.53,11.48,78.0,25.4,421.67,3,buy,13.7,15.9,-1.63,6.0,-0.6,3.32,6.62,9.46,11.78,12.85,-20.21,37.26,0.27,-37.3,0.15,highly inconsistent earnings,0.33,,1.4,,-169.11,-5.68,41.3,0.0,,2.21,-1.74,6.21,1.33,540.0,292.55,39.4,11.9,-26.42,35.72,0.61,0.32,3,13.0,16.0,13.0,0.0,42.0,MONITOR ⭐,Expected ~89% CAGR (2yr) | Profit CAGR 37% | Margin compressing ↓ ⚠️ | DII buying +1.3% ↑ | Dividend growing 25%/yr | PEG 0.53 — undervalued,Margin compression ↓ | Pattern still forming (not broken out),3-4 years,Medium-High,"yfinance, screener.in",100,287,,2026-06-01,2026-06-01,0,,1,
PARADEEP,Paradeep Phosphates Limited,Basic Materials,Agricultural Inputs,13077.0,Mid-Cap,MonthlyDoubleBottom,Forming,0.501,8,Sep 8mo | Mid rally 56% | Asymmetry 6%,MonthlyDoubleBottom+MonthlyStage2,Sideways,False,False,Below-MAs,True,Stage2,1,Uptrend,Uptrend,123.98,92.94,58.05,105.38,302.81,329.31,667.95,449.74,165.6,63.0,13.13,10.58,2.03,0.27,9.09,79.0,100.0,148.67,3,buy,18.9,17.1,0.23,10.0,-0.14,4.57,7.52,57.93,17.83,33.41,80.43,48.52,34.89,-2.8,0.15,highly inconsistent earnings,1.02,,1.15,,-3334.15,-25.5,57.79,0.09,,8.36,-3.07,15.49,2.24,234.39,99.7,47.1,24.4,-14.71,76.53,0.77,-0.04,3,18.0,12.01,12.0,0.0,42.0,MONITOR ⭐,Expected ~63% CAGR (2yr) | Revenue CAGR 18% | Profit CAGR 49% | ROCE trend rising ↑ | Promoter 58% holding | DII buying +2.2% ↑,High D/E 1.0 | Pattern still forming (not broken out),3-4 years,Medium-High,"yfinance, screener.in",100,49,,2026-06-01,2026-06-01,0,,1,
VIMTALABS,Vimta Labs Limited,Healthcare,Diagnostics & Research,2103.0,Small-Cap,MonthlyDoubleBottom,Forming,1.0,11,Sep 11mo | Mid rally 133% | Asymmetry 6%,MonthlyDoubleBottom+MonthlyStage2,Sideways,False,True,Below-MAs,True,Stage2,4,Uptrend,Uptrend,453.1,902.65,376.05,385.13,796.6,1429.25,1038.17,909.4,215.4,77.6,27.32,,5.04,1.93,14.36,43.0,0.0,,0,none,13.5,17.6,1.3,34.0,2.63,19.03,11.88,3.46,5.78,12.69,48.78,14.16,54.19,19.1,0.15,highly inconsistent earnings,0.01,,3.43,,11.69,0.56,35.85,-0.04,,4.89,0.3,0.13,0.02,902.65,376.05,49.8,20.5,8.21,101.39,0.29,-0.18,6,17.0,18.0,6.0,1.0,42.0,MONITOR ⭐,Expected ~78% CAGR (2yr) | ROCE trend rising ↑ | Nearly debt-free | OPM 34% | Piotroski F=6 (above average quality) | EV/EBITDA 14× below sector (22×),Pattern still forming (not broken out),3-4 years,Medium-High,"yfinance, screener.in",100,246,,2026-06-01,2026-06-01,0,,1,
METROPOLIS,Metropolis Healthcare Limited,Healthcare,Diagnostics & Research,11514.0,Mid-Cap,MonthlyDoubleBottom,Forming,0.936,12,Sep 12mo | Mid rally 96% | Asymmetry 2%,MonthlyCupHandle+MonthlyDoubleBottom+MonthlyStage2,Sideways-Above-MA,True,False,Constructive,True,Stage2,4,Uptrend,Uptrend,508.4,880.34,445.42,432.14,370.0,1315.26,448.76,407.48,158.7,60.8,60.63,36.64,7.59,5.98,28.77,36.0,-30.66,608.6,18,buy,13.8,17.8,-3.8,24.0,-1.2,11.54,8.34,23.67,12.76,10.52,30.82,10.13,0.86,74.7,0.15,highly inconsistent earnings,0.15,,1.4,,242.37,2.1,48.86,-0.01,,10.43,-1.25,35.8,1.07,600.0,411.25,15.3,23.6,27.11,14.01,2.35,0.14,4,13.0,20.73,2.0,6.0,41.7,MONITOR ⭐,Expected ~61% CAGR (2yr) | Low D/E 0.15 | Margin compressing ↓ ⚠️ | DII buying +1.1% ↑ | MonthlyDoubleBottom forming (12mo base) | Sector in Stage2,High PE 61 | Margin compression ↓ | Earnings due 2026-08-06 | Pattern still forming (not broken out),3-4 years,Medium-High,"yfinance, screener.in",100,86,2026-08-06,2026-06-01,2026-06-01,0,,1,
GATEWAY,Gateway Distriparks Limited,Industrials,Integrated Freight & Logistics,2798.0,Small-Cap,MonthlyDoubleBottom,Forming,1.0,37,Sep 37mo | Mid rally 123% | Asymmetry 10%,,Downtrend,False,False,Below-MAs,False,Stage2,4,Uptrend,Uptrend,56.06,112.36,48.1,47.65,137.07,176.62,143.42,140.21,215.1,77.5,10.94,8.88,1.23,4.78,7.42,357.0,0.0,87.0,6,none,11.5,10.8,0.2,22.0,-1.09,11.56,5.86,31.59,15.89,13.41,-30.75,2.29,22.47,,0.15,highly inconsistent earnings,0.25,,1.07,,268.06,9.58,33.93,0.9,,6.66,0.17,33.99,-1.68,76.5,48.1,26.7,16.5,-3.29,-37.8,0.64,0.24,5,16.0,16.5,9.0,0.0,41.5,MONITOR ⭐,Expected ~78% CAGR (2yr) | Revenue CAGR 16% | ROCE trend rising ↑ | Low D/E 0.25 | Margin compressing ↓ ⚠️ | FCF yield 9.6%,Margin compression ↓ | Pattern still forming (not broken out),3-4 years,Medium-High,"yfinance, screener.in",100,51,,2026-06-01,2026-06-01,0,,1,
MINDACORP,Minda Corporation Limited,Consumer Cyclical,Auto Parts,14696.0,Mid-Cap,MonthlyDoubleBottom,Forming,1.0,48,Sep 48mo | Mid rally 251% | Asymmetry 3%,,Downtrend,False,False,Below-MAs,True,Stage2,3,Uptrend,Uptrend,520.2,220.84,62.05,442.17,528.35,621.12,616.5,570.73,19.4,9.3,41.49,26.97,6.02,5.17,22.25,26.0,-20.63,696.71,7,strong_buy,14.9,12.8,0.49,12.0,0.51,5.82,5.92,22.33,12.88,21.17,40.39,8.02,46.53,139.4,0.15,highly inconsistent earnings,0.55,,0.94,,78.01,0.53,64.84,0.0,,8.8,-0.29,18.82,0.39,635.0,445.05,18.1,16.9,7.48,62.8,0.27,0.37,6,14.0,16.5,6.0,5.0,41.5,MONITOR ⭐,Expected ~9% CAGR (2yr) | ROCE trend rising ↑ | Promoter 65% holding | Piotroski F=6 (above average quality) | EV/EBITDA 22× vs sector 25× | Analyst target ₹697 (+34%),Pattern still forming (not broken out),3-4 years,Medium-High,"yfinance, screener.in",100,171,,2026-06-01,2026-06-01,0,,1,
SONATSOFTW,Sonata Software Limited,Technology,Information Technology Services,7338.0,Small-Cap,MonthlyDoubleBottom,Forming,1.0,45,Sep 45mo | Mid rally 303% | Asymmetry 2%,,Sideways,False,False,Below-MAs,True,Downtrend,0,Uptrend,Uptrend,264.7,846.13,207.15,224.99,428.71,1485.11,436.29,432.48,461.1,136.9,15.85,11.77,3.86,18.01,11.58,307.0,-45.86,340.38,8,none,28.2,30.6,-2.51,7.0,-0.37,4.34,6.86,5.36,12.83,20.41,9.18,0.88,13.72,21.4,0.15,highly inconsistent earnings,0.38,,1.05,,94.31,1.29,28.17,0.0,,8.74,-0.05,25.55,-0.75,452.8,207.15,41.5,27.8,-26.59,-68.4,1.04,0.44,4,16.0,18.5,7.0,0.0,41.5,MONITOR ⭐,Expected ~137% CAGR (2yr) | ROE 28% | ROCE 31% | EV/EBITDA 12× below sector (20×) | Analyst target ₹340 (+29%) | MonthlyDoubleBottom forming (45mo base),Earnings due 2026-07-29 | Pattern still forming (not broken out),3-4 years,Medium-High,"yfinance, screener.in",100,287,2026-07-29,2026-06-01,2026-06-01,0,,1,
SWSOLAR,Sterling and Wilson Renewable Energy Limited,Technology,Solar,4383.0,Small-Cap,MonthlyDoubleBottom,Forming,1.0,45,Sep 45mo | Mid rally 278% | Asymmetry 1%,,Downtrend,False,False,Below-MAs,False,Downtrend,0,Uptrend,Uptrend,197.8,828.0,218.45,207.53,294.35,1437.55,294.35,294.35,626.8,169.6,16.8,10.25,6.74,,16.67,0.0,,292.5,2,none,31.4,26.2,14.8,4.0,4.97,-4.1,3.32,19.77,55.31,8.24,-444.19,-42.44,,143.0,0.2,multiple loss years in history,1.83,,1.16,,234.77,5.36,45.73,0.0,,6.96,-0.23,3.19,0.21,348.9,148.0,43.3,33.6,-30.73,-54.7,0.33,0.76,4,23.0,15.5,3.0,0.0,41.5,MONITOR ⭐,Expected ~170% CAGR (2yr) | Revenue CAGR 55% | Declining profits (-42% CAGR) ⚠️ | ROE 31% | ROCE 26% | ROCE trend rising ↑,High D/E 1.8 | Pattern still forming (not broken out),3-4 years,Medium-High,"yfinance, screener.in",90,82,,2026-06-01,2026-06-01,0,,1,
ERIS,Eris Lifesciences Limited,Healthcare,Drug Manufacturers - Specialty & Generic,19386.0,Mid-Cap,MonthlyDoubleBottom,Forming,0.653,42,Sep 42mo | Mid rally 71% | Asymmetry 6%,MonthlyDoubleBottom+MonthlyStage2,Sideways,False,False,Below-MAs,True,Stage2,4,Uptrend,Uptrend,1336.2,814.47,462.16,1135.77,2342.94,2369.51,3380.03,2814.11,77.3,33.2,30.86,22.43,6.17,1.53,19.11,103.0,100.0,1702.6,10,strong_buy,18.7,14.1,-3.14,36.0,-0.03,19.89,7.3,8.12,22.91,20.89,72.8,20.11,12.79,201.3,0.15,highly inconsistent earnings,0.6,,0.74,,-30.12,-0.16,53.92,-0.93,,6.39,-0.46,20.35,0.04,1910.0,1200.0,30.0,11.4,-13.2,69.19,0.24,-0.12,3,18.0,15.34,8.0,0.0,41.3,MONITOR ⭐,Expected ~33% CAGR (2yr) | Revenue CAGR 23% | Profit CAGR 20% | Promoter 54% holding | OPM 36% | Dividend growing 100%/yr,Pattern still forming (not broken out),3-4 years,Medium-High,"yfinance, screener.in",100,108,,2026-06-01,2026-06-01,0,,1,
AWL,AWL Agri Business Limited,Consumer Defensive,Packaged Foods,24879.0,Mid-Cap,MonthlyDoubleBottom,Forming,0.547,17,Sep 17mo | Mid rally 58% | Asymmetry 4%,,Downtrend,False,False,Below-MAs,True,Stage2,15,Uptrend,Uptrend,202.17,509.0,315.5,299.72,471.38,702.5,696.32,572.92,247.5,86.4,23.86,18.74,2.38,1.11,11.07,52.0,,267.33,6,buy,10.7,18.3,-0.4,3.0,-0.06,1.39,4.45,17.37,8.7,15.04,-14.76,21.54,7.47,53.5,0.15,highly inconsistent earnings,0.11,,1.26,,2139.25,8.6,56.94,0.0,,21.86,0.71,8.37,-0.91,286.0,171.19,29.3,18.1,-14.79,-73.76,0.59,-0.16,3,20.0,10.06,11.0,0.0,41.1,MONITOR ⭐,Expected ~86% CAGR (2yr) | Profit CAGR 22% | Low D/E 0.11 | Promoter 57% holding | FCF yield 8.6% | FII buying +0.7% ↑,Pattern still forming (not broken out),3-4 years,Medium-High,"yfinance, screener.in",100,52,,2026-06-01,2026-06-01,0,,1,
AFFLE,Affle 3i Limited,Communication Services,Advertising Agencies,20576.0,Mid-Cap,MonthlyDoubleBottom,Forming,0.746,11,Sep 11mo | Mid rally 75% | Asymmetry 0%,,Sideways,False,False,Below-MAs,True,Downtrend,0,Uptrend,Uptrend,1457.2,2185.9,1246.0,1238.62,1187.47,3125.8,1794.19,1459.64,114.5,46.5,45.25,29.22,5.63,1.97,31.36,0.0,,1975.27,11,none,13.8,16.8,-4.2,23.0,-0.2,16.79,7.55,19.55,23.62,39.27,19.11,22.92,27.51,16.0,0.4,lumpy earner,0.0,,3.59,,-171.67,-0.83,54.92,-0.03,,16.66,-1.13,17.9,1.54,2185.9,1251.3,33.3,16.5,-19.64,9.84,2.28,0.15,4,23.0,13.95,4.0,0.0,41.0,MONITOR ⭐,Expected ~46% CAGR (2yr) | Revenue CAGR 24% | Profit CAGR 23% | Nearly debt-free | Promoter 55% holding | DII buying +1.5% ↑,Pattern still forming (not broken out),3-4 years,Medium-High,"yfinance, screener.in",100,82,,2026-06-01,2026-06-01,0,,1,
CORDSCABLE,Cords Cable Industries Limited,Industrials,Electrical Equipment & Parts,310.0,Micro-Cap,MonthlyStage2,Breaking Out,1.0,24,10-EMA=177 | 30-EMA=167 | Above by 17.3% | MA turning=Yes,MonthlyDoubleBottom+MonthlyStage2,Uptrend,True,False,Uptrend,True,Stage2,4,Uptrend,Uptrend,195.65,166.78,129.69,166.3,303.6,317.87,332.81,317.87,62.5,27.5,18.45,,1.65,3.93,7.35,41.0,30.0,,0,none,,,,5.11,,1.83,,14.7,,,4.7,,,5.1,0.5,insufficient history,0.58,,,,,,52.45,0.1,,1.42,-0.07,0.56,0.01,259.4,127.01,24.6,54.0,5.02,97.44,2.0,0.62,1,6.0,28.0,4.0,3.0,41.0,MONITOR ⭐,Expected ~28% CAGR (2yr) | Promoter 52% holding | Dividend growing 30%/yr | EV/EBITDA 7× below sector (18×) | MonthlyStage2 — Breaking Out | Weekly uptrend,None identified,3-4 years,Medium-High,"yfinance, screener.in",50,220,,2026-06-01,2026-06-01,0,,1,
KALAMANDIR,Sai Silks (Kalamandir) Limited,Consumer Cyclical,Apparel Retail,1617.0,Small-Cap,None,,0.0,0,,,Downtrend,False,False,Below-MAs,False,Stage2,3,Uptrend,Uptrend,101.82,,,86.55,1284.32,3099.07,7478.06,3099.07,2943.7,451.7,11.48,9.07,1.28,0.08,7.04,91.0,0.0,,0,none,11.78,,,12.0,1.0,8.52,7.22,67.3,,,800.0,,,141.7,0.15,highly inconsistent earnings,0.29,,5.18,,204.26,12.63,60.97,0.0,,0.56,-0.91,8.55,0.34,223.03,89.76,54.3,13.4,-25.42,,,0.9,5,25.0,3.0,13.0,0.0,41.0,MONITOR ⭐,Expected ~452% CAGR (2yr) | Profit CAGR 141% | Low D/E 0.29 | Promoter 61% holding | FCF yield 12.6% | Piotroski F=5 (above average quality),None identified,3-4 years,Medium-High,"yfinance, screener.in",70,33,,2026-06-01,2026-06-01,0,,1,
KFINTECH,KFin Technologies Limited,Technology,Software - Application,14806.0,Mid-Cap,None,,0.0,0,,,Downtrend,False,False,Below-MAs,False,Downtrend,0,Uptrend,Uptrend,824.7,,,701.0,782.06,1014.14,1137.84,943.32,23.0,10.9,42.74,29.92,8.85,2.07,27.21,87.0,30.43,1120.37,19,none,22.9,30.5,2.09,41.0,-0.46,26.41,12.25,19.25,21.8,22.02,3.3,20.62,133.09,-4.6,0.4,lumpy earner,0.03,,3.3,,147.55,1.0,22.86,-0.01,,26.26,0.1,25.22,0.34,1388.5,784.95,40.6,5.1,-30.95,102.12,,-0.19,6,36.0,2.0,3.0,0.0,41.0,MONITOR ⭐,Expected ~11% CAGR (2yr) | Revenue CAGR 22% | Profit CAGR 21% | ROE 23% | ROCE 30% | ROCE trend rising ↑,None identified,3-4 years,Medium-High,"yfinance, screener.in",100,42,,2026-06-01,2026-06-01,0,,1,
ICICIPRULI,ICICI Prudential Life Insurance Company Limited,Financial Services,Insurance - Life,73020.0,Large-Cap,MonthlyDoubleBottom,Forming,0.777,27,Sep 27mo | Mid rally 84% | Asymmetry 6%,,Downtrend,False,False,Below-MAs,False,Stage2,12,Uptrend,Uptrend,522.15,488.35,258.34,443.83,311.56,718.36,490.95,391.1,37.6,17.3,45.44,37.38,5.35,1.78,45.13,33.0,15.62,688.39,33,buy,12.6,10.1,-0.51,8.47,0.49,2.53,0.31,-10.48,7.87,-5.3,35.58,25.53,10.96,61.9,0.15,highly inconsistent earnings,0.19,,1.13,,4418.14,6.05,72.8,-0.08,,10.89,-0.59,11.05,0.64,706.8,488.6,26.1,6.9,-13.09,-31.57,0.85,0.49,2,23.0,13.82,4.0,0.0,40.8,MONITOR ⭐,Expected ~17% CAGR (2yr) | Profit CAGR 26% | Low D/E 0.19 | Promoter 73% holding | FCF yield 6.1% | DII buying +0.6% ↑,Earnings due 2026-07-14 | Pattern still forming (not broken out),3-4 years,Medium-High,"yfinance, screener.in",100,117,2026-07-14,2026-06-01,2026-06-01,0,,1,
GARFIBRES,Garware Technical Fibres Limited,Consumer Cyclical,Textile Manufacturing,6546.0,Small-Cap,MonthlyDoubleBottom,Forming,0.755,13,Sep 13mo | Mid rally 84% | Asymmetry 8%,,Sideways,False,False,Below-MAs,True,Stage2,3,Uptrend,Uptrend,642.2,327.59,171.04,545.87,765.78,805.55,843.95,803.92,25.4,12.0,33.01,23.14,4.83,6.63,21.74,144.0,89.32,808.0,3,strong_buy,16.1,22.0,-0.06,19.0,0.11,13.0,8.57,-0.71,5.4,8.12,-14.22,4.98,4.72,-19.4,0.15,highly inconsistent earnings,0.03,,2.74,,68.48,1.05,53.36,0.0,,9.12,0.05,10.29,-0.15,970.0,579.75,33.8,10.8,-22.29,-18.2,0.98,-0.02,5,19.0,15.56,6.0,0.0,40.6,MONITOR ⭐,Expected ~12% CAGR (2yr) | ROCE 22% | Nearly debt-free | Promoter 53% holding | Piotroski F=5 (above average quality) | Dividend growing 89%/yr,Pattern still forming (not broken out),3-4 years,Medium-High,"yfinance, screener.in",100,286,,2026-06-01,2026-06-01,0,,1,
AHLUCONT,Ahluwalia Contracts (India) Limited,Industrials,Engineering & Construction,5305.0,Small-Cap,MonthlyDoubleBottom,Forming,1.0,16,Sep 16mo | Mid rally 143% | Asymmetry 5%,,Downtrend,False,False,Below-MAs,False,Stage2,4,Uptrend,Uptrend,789.7,1540.85,619.62,671.25,1355.45,2462.08,1676.98,1507.67,211.8,76.6,19.84,13.7,2.76,1.77,10.34,8.0,25.99,994.27,11,none,11.9,18.5,0.97,10.0,0.09,5.99,,8.78,16.25,17.61,32.18,11.23,28.23,9.2,0.15,highly inconsistent earnings,0.04,,,,,,55.32,0.0,,13.74,0.21,22.32,-1.05,1125.0,645.15,29.8,22.4,-14.78,7.21,0.24,0.66,3,16.0,15.5,9.0,0.0,40.5,MONITOR ⭐,Expected ~77% CAGR (2yr) | Revenue CAGR 16% | ROCE trend rising ↑ | Nearly debt-free | Promoter 55% holding | Dividend growing 26%/yr,Pattern still forming (not broken out),3-4 years,Medium-High,"yfinance, screener.in",80,198,,2026-06-01,2026-06-01,0,,1,
OBEROIRLTY,Oberoi Realty Limited,Real Estate,Real Estate - Development,62071.0,Large-Cap,MonthlyDoubleBottom,Forming,0.58,34,Sep 34mo | Mid rally 61% | Asymmetry 3%,MonthlyDoubleBottom+MonthlyStage2,Sideways-Above-MA,True,False,Constructive,True,Stage2,3,Uptrend,Uptrend,1622.0,306.35,186.68,1378.7,2139.77,2136.43,2569.85,2344.97,31.7,14.8,24.75,16.12,3.71,2.58,18.44,47.0,-12.64,1823.62,26,none,15.0,17.8,1.77,56.0,2.4,41.73,8.39,13.68,12.74,23.96,12.62,9.59,27.67,62.4,0.15,highly inconsistent earnings,0.16,,3.99,,-445.5,-0.72,67.71,0.0,,15.42,-1.16,14.58,1.12,2005.0,1391.2,19.1,16.6,-7.02,44.73,0.35,0.33,6,18.0,17.46,3.0,2.0,40.5,MONITOR ⭐,Expected ~15% CAGR (2yr) | ROCE trend rising ↑ | Low D/E 0.16 | Promoter 68% holding | OPM 56% | Piotroski F=6 (above average quality),Earnings due 2026-07-20 | Pattern still forming (not broken out),3-4 years,Medium-High,"yfinance, screener.in",100,188,2026-07-20,2026-06-01,2026-06-01,0,,1,
ORBTEXP,Orbit Exports Limited,Consumer Cyclical,Textile Manufacturing,464.0,Micro-Cap,MonthlyDoubleBottom,Forming,1.0,24,Sep 24mo | Mid rally 126% | Asymmetry 0%,,Downtrend,False,False,Below-MAs,False,Stage2,3,Uptrend,Uptrend,158.98,306.29,135.0,135.13,390.68,477.58,390.68,390.68,200.4,73.3,14.24,18.6,1.51,,9.37,0.0,39.71,,0,none,11.2,14.6,2.14,22.0,0.89,14.12,6.29,5.96,5.45,27.71,-15.38,-0.99,75.18,-84.9,0.15,highly inconsistent earnings,0.05,,2.86,,33.36,7.19,66.05,0.0,,0.0,0.0,,,265.0,135.0,40.0,17.8,-18.19,-32.93,0.15,-0.12,6,20.0,16.5,4.0,0.0,40.5,MONITOR ⭐,Expected ~73% CAGR (2yr) | Declining profits (-1% CAGR) ⚠️ | ROCE trend rising ↑ | Nearly debt-free | Promoter 66% holding | FCF yield 7.2%,Pattern still forming (not broken out),3-4 years,Medium-High,"yfinance, screener.in",100,151,,2026-06-01,2026-06-01,0,,1,
ORIENTPPR,Orient Paper & Industries Limited,Basic Materials,Paper & Paper Products,386.0,Micro-Cap,MonthlyDoubleBottom,Forming,1.0,46,Sep 46mo | Mid rally 247% | Asymmetry 10%,,Downtrend,False,False,Below-MAs,False,Stage2,1,Uptrend,Uptrend,17.07,54.22,14.91,14.51,166.09,182.55,200.64,182.55,969.4,227.0,2.44,4.96,0.26,0.25,-17.62,0.0,0.0,,0,none,22.1,22.2,-3.6,19.0,2.3,-3.18,-2.62,7.31,10.87,,-21.78,9.91,,,0.15,highly inconsistent earnings,0.2,,0.57,,-61.55,-15.96,38.73,0.0,,0.22,-0.29,0.37,0.09,31.38,13.25,45.6,28.8,-33.41,-79.91,0.31,0.32,2,12.0,16.5,12.0,0.0,40.5,MONITOR ⭐,Expected ~227% CAGR (2yr) | ROE 22% | ROCE 22% | Low D/E 0.20 | PEG 0.25 — deeply undervalued | PB 0.3 below justified 1.5,Pattern still forming (not broken out),3-4 years,Medium-High,"yfinance, screener.in",90,287,,2026-06-01,2026-06-01,0,,1,
GREENPANEL,Greenpanel Industries Limited,Basic Materials,Lumber & Wood Production,2276.0,Small-Cap,MonthlyDoubleBottom,Forming,0.662,15,Sep 15mo | Mid rally 72% | Asymmetry 5%,,Downtrend,False,False,Below-MAs,False,Stage2,1,Uptrend,Uptrend,182.91,447.71,253.76,241.07,316.81,641.66,515.02,403.94,250.8,87.3,15.9,14.34,1.71,0.58,31.24,27.0,-41.52,243.06,16,buy,11.4,12.9,3.31,16.0,1.31,-1.89,-0.64,-12.11,15.35,21.21,-44.36,27.5,32.51,-95.3,0.15,highly inconsistent earnings,0.27,,1.94,,-27.44,-1.21,53.13,0.0,,1.07,-0.03,28.4,-0.05,335.2,163.01,45.4,12.2,-24.51,-67.82,0.25,0.57,5,21.0,11.44,8.0,0.0,40.4,MONITOR ⭐,Expected ~87% CAGR (2yr) | Revenue CAGR 15% | Profit CAGR 28% | ROCE trend rising ↑ | Low D/E 0.27 | Promoter 53% holding,Pattern still forming (not broken out),3-4 years,Medium-High,"yfinance, screener.in",90,80,,2026-06-01,2026-06-01,0,,1,
HNDFDS,Hindustan Foods Limited,Industrials,Conglomerates,6285.0,Small-Cap,MonthlyDoubleBottom,Forming,0.454,22,Sep 22mo | Mid rally 51% | Asymmetry 6%,,Sideways-Above-MA,True,False,Constructive,True,Stage2,4,Uptrend,Uptrend,522.8,686.4,442.0,444.38,573.67,930.8,940.33,734.46,78.0,33.4,42.0,24.13,5.39,1.5,20.15,0.0,,830.5,2,strong_buy,14.8,14.2,-0.77,9.0,0.63,3.51,6.03,19.28,17.84,25.13,35.45,28.03,34.38,35.1,0.75,consistent growth,0.93,,1.41,,-379.47,-6.04,61.31,0.0,,5.83,0.08,15.06,0.47,584.9,442.0,10.6,18.3,4.83,-21.73,0.62,0.33,4,18.0,15.45,4.0,3.0,40.4,MONITOR ⭐,Expected ~33% CAGR (2yr) | Revenue CAGR 18% | Profit CAGR 28% | Promoter 61% holding | EPS: consistent growth | PEG 1.50 — fair value,Pattern still forming (not broken out),3-4 years,Medium-High,"yfinance, screener.in",100,43,,2026-06-01,2026-06-01,0,,1,
ABBOTINDIA,Abbott India Limited,Healthcare,Drug Manufacturers - Specialty & Generic,57065.0,Large-Cap,MonthlyDoubleBottom,Forming,0.522,19,Sep 19mo | Mid rally 60% | Asymmetry 8%,MonthlyDoubleBottom+MonthlyStage2,Sideways,False,False,Below-MAs,True,Stage2,4,Uptrend,Uptrend,27795.0,22642.79,13589.28,23625.75,31563.27,33402.6,36543.2,33962.08,20.2,9.6,36.76,29.55,11.95,4.84,28.99,195.0,19.98,32563.38,8,buy,34.46,,,27.01,,22.4,18.28,6.5,,,7.6,,,7.6,0.5,insufficient history,0.04,,2.55,,1373.31,2.41,74.99,0.0,,0.27,0.08,8.93,-0.07,37000.0,25150.0,24.9,10.5,-13.55,0.7,1.04,-0.01,4,25.0,13.26,2.0,0.0,40.3,MONITOR ⭐,Expected ~10% CAGR (2yr) | ROE 34% | Nearly debt-free | Promoter 75% holding | OPM 27% | Dividend growing 20%/yr,Earnings due 2026-08-11 | Pattern still forming (not broken out),3-4 years,Medium-High,"yfinance, screener.in",70,286,2026-08-11,2026-06-01,2026-06-01,0,,1,
TIIL,Technocraft Industries (India) Limited,Industrials,Tools & Accessories,5590.0,Small-Cap,MonthlyStage2,Stage Change,0.728,24,10-EMA=2426 | 30-EMA=2352 | Above by 10.9% | MA turning=Yes,MonthlyDoubleBottom+MonthlyStage2,Uptrend,True,False,Uptrend,True,Stage2,4,Uptrend,Uptrend,2608.5,2351.55,2031.3,2217.22,3504.65,3566.68,3629.81,3566.68,36.7,16.9,19.61,13.33,2.97,11.08,14.13,76.0,100.0,3770.0,1,none,15.0,16.1,0.03,17.0,-0.34,10.01,,6.28,11.6,16.33,11.41,1.77,16.94,31.0,0.15,highly inconsistent earnings,0.43,,,,,,74.74,0.0,,0.4,-0.04,6.85,-0.15,3383.0,1868.5,22.9,39.6,-5.71,45.35,0.57,0.24,2,14.0,23.24,3.0,0.0,40.2,MONITOR ⭐,Expected ~17% CAGR (2yr) | ROCE trend rising ↑ | Promoter 75% holding | Dividend growing 100%/yr | EV/EBITDA 14× vs sector 18× | MonthlyStage2 forming (24mo base),None identified,3-4 years,Medium-High,"yfinance, screener.in",80,232,,2026-06-01,2026-06-01,0,,1,
NPST,NETWORK PEOPLE SRV TECH L,Technology,Software - Application,2409.0,Small-Cap,None,,0.0,0,,,Downtrend,False,False,Below-MAs,False,Downtrend,0,Uptrend,Uptrend,1043.0,,,886.55,979.32,1765.32,3182.16,1765.32,69.3,30.1,64.51,,5.45,0.8,38.9,19.0,,,0,none,15.0,19.7,5.57,26.0,2.57,21.76,,12.72,68.17,67.03,-8.89,80.26,110.16,124.7,0.15,highly inconsistent earnings,0.02,,,,,,60.52,0.25,,0.12,-0.03,10.02,0.07,2388.3,846.6,56.3,23.2,-42.12,258.91,,0.35,3,33.0,2.0,5.0,0.0,40.0,MONITOR ⭐,Expected ~30% CAGR (2yr) | Revenue CAGR 68% | Profit CAGR 80% | ROCE trend rising ↑ | Nearly debt-free | Promoter 61% holding,High PE 65,3-4 years,Medium-High,"yfinance, screener.in",80,57,,2026-06-01,2026-06-01,0,,1,
SHREEPUSHK,Shree Pushkar Chemicals & Fertilisers Limited,Basic Materials,Specialty Chemicals,1180.0,Small-Cap,MonthlyDoubleBottom,Forming,1.0,19,Sep 19mo | Mid rally 123% | Asymmetry 6%,,Sideways,False,False,Below-MAs,True,Stage2,1,Uptrend,Uptrend,369.8,315.52,137.87,314.33,582.82,720.83,891.52,720.83,94.9,39.6,16.95,22.6,2.04,0.72,11.85,55.0,0.0,,0,none,12.2,13.0,-0.0,10.0,-0.69,7.18,5.17,21.22,12.62,22.44,18.64,23.68,19.27,-22.2,0.15,highly inconsistent earnings,0.22,,1.68,,-35.84,-3.04,69.36,0.0,,0.42,-0.17,0.29,-0.09,476.0,272.45,22.3,35.7,16.45,81.83,0.32,0.2,4,12.0,19.0,6.0,3.0,40.0,MONITOR ⭐,Expected ~40% CAGR (2yr) | Profit CAGR 24% | Low D/E 0.22 | Promoter 69% holding | Margin compressing ↓ ⚠️ | PEG 0.72 — undervalued,Margin compression ↓ | Pattern still forming (not broken out),3-4 years,Medium-High,"yfinance, screener.in",100,129,,2026-06-01,2026-06-01,0,,1,
THOMASCOTT,Thomas Scott (India) Limited,Consumer Cyclical,Textile Manufacturing,454.0,Micro-Cap,MonthlyDoubleBottom,Forming,1.0,21,Sep 21mo | Mid rally 123% | Asymmetry 1%,,Sideways,False,False,Below-MAs,True,Stage2,3,Uptrend,Uptrend,259.9,509.0,227.3,220.91,490.36,790.7,648.5,563.92,204.2,74.4,25.9,,3.6,,16.07,,,,0,none,,,,11.1,,8.33,,45.9,,,,,,65.4,0.5,insufficient history,0.21,,,,,,52.32,0.17,,0.05,0.05,2.45,0.0,459.8,230.0,43.5,13.0,-24.73,278.0,0.78,0.11,1,17.0,19.0,4.0,0.0,40.0,MONITOR ⭐,Expected ~74% CAGR (2yr) | Revenue CAGR 46% | Low D/E 0.21 | Promoter 52% holding | EV/EBITDA 16× below sector (25×) | MonthlyDoubleBottom forming (21mo base),Pattern still forming (not broken out),3-4 years,Medium-High,"yfinance, screener.in",50,173,,2026-06-01,2026-06-01,0,,1,
RAINBOW,Rainbow Children's Medicare Limited,Healthcare,Medical Care Facilities,14002.0,Mid-Cap,MonthlyDoubleBottom,Forming,0.572,20,Sep 20mo | Mid rally 58% | Asymmetry 1%,MonthlyDoubleBottom+MonthlyStage2,Sideways-Above-MA,True,True,Constructive,True,Stage2,4,Uptrend,Uptrend,1350.7,1706.2,1074.13,1148.1,1182.25,2338.27,1430.0,1300.24,73.1,31.6,50.25,36.45,9.23,5.03,26.61,25.0,14.47,1580.0,12,strong_buy,17.9,18.2,0.51,32.0,1.06,16.34,9.55,12.34,13.2,21.24,15.57,9.98,47.79,36.8,0.15,highly inconsistent earnings,0.54,,3.59,,119.32,0.85,49.84,0.0,,17.24,-2.0,21.12,1.63,1645.7,1084.0,17.9,24.6,-5.91,18.54,0.87,0.13,7,20.0,16.86,2.0,1.0,39.9,MONITOR ⭐,Expected ~32% CAGR (2yr) | ROCE trend rising ↑ | OPM 32% | Piotroski F=7 (high quality compounder) | DII buying +1.6% ↑ | Dividend growing 14%/yr,High PE 50 | Pattern still forming (not broken out),3-4 years,Medium-High,"yfinance, screener.in",100,49,,2026-06-01,2026-06-01,0,,1,
REFEX,Refex Industries Limited,Energy,Thermal Coal,4773.0,Small-Cap,MonthlyDoubleBottom,Forming,0.49,6,Sep 6mo | Mid rally 55% | Asymmetry 6%,,Sideways-Above-MA,True,True,Constructive,True,Stage2,1,Uptrend,Uptrend,274.35,533.29,334.0,317.3,326.08,732.58,475.04,393.57,167.0,63.4,18.28,,3.46,0.88,15.53,18.0,15.0,,0,none,17.8,22.4,-11.6,16.0,0.89,7.5,,-7.74,11.81,28.07,29.11,20.7,43.95,7.7,0.15,highly inconsistent earnings,0.14,,,,,,55.85,0.0,,1.65,0.28,0.14,0.01,534.0,188.0,48.6,45.9,-32.59,129.69,0.75,1.72,2,20.0,14.88,5.0,0.0,39.9,MONITOR ⭐,Expected ~63% CAGR (2yr) | Profit CAGR 21% | ROCE 22% | Low D/E 0.14 | Promoter 56% holding | Dividend growing 15%/yr,Pattern still forming (not broken out),3-4 years,Medium-High,"yfinance, screener.in",80,198,,2026-06-01,2026-06-01,0,,1,
BIKAJI,Bikaji Foods International Limited,Consumer Defensive,Packaged Foods,16299.0,Mid-Cap,MonthlyDoubleBottom,Forming,0.361,13,Sep 13mo | Mid rally 42% | Asymmetry 6%,MonthlyDoubleBottom+MonthlyStage2,Downtrend,False,False,Below-MAs,True,Stage2,15,Uptrend,Uptrend,678.25,818.7,558.1,576.51,614.61,1079.3,932.12,756.89,59.1,26.1,63.3,44.01,10.14,2.73,39.62,19.0,0.0,794.2,10,strong_buy,17.5,19.7,0.89,14.0,0.94,8.63,9.44,14.19,15.05,17.96,30.93,23.15,23.06,26.6,0.15,highly inconsistent earnings,0.17,,2.47,,227.45,1.4,73.88,-0.04,,4.68,-0.24,17.28,0.66,818.7,592.55,17.2,14.5,-0.85,40.01,0.34,0.29,7,29.0,7.83,2.0,1.0,39.8,MONITOR ⭐,Expected ~26% CAGR (2yr) | Revenue CAGR 15% | Profit CAGR 23% | ROCE trend rising ↑ | Low D/E 0.17 | Promoter 74% holding,High PE 63 | Pattern still forming (not broken out),3-4 years,Medium-High,"yfinance, screener.in",100,43,,2026-06-01,2026-06-01,0,,1,
ICICIBANK,ICICI Bank Limited,Financial Services,Banks - Regional,900754.0,Large-Cap,MonthlyDoubleBottom,Forming,1.0,24,Sep 24mo | Mid rally 115% | Asymmetry 1%,MonthlyDoubleBottom+MonthlyStage2,Downtrend,False,False,Below-MAs,False,Stage2,12,Uptrend,Uptrend,1240.8,328.33,152.59,1054.68,1878.32,1996.14,2605.62,2212.28,60.9,26.8,16.81,13.83,2.48,0.95,,88.0,30.06,1671.92,40,strong_buy,16.1,7.2,,33.29,,24.93,2.08,4.77,17.26,16.97,6.17,17.78,23.26,9.3,0.75,consistent growth,,,,,,,,,,34.48,-9.39,39.94,-6.8,1500.0,1187.6,17.3,4.5,-6.07,12.97,0.95,0.28,2,13.0,16.5,9.0,1.0,39.5,MONITOR ⭐,Expected ~27% CAGR (2yr) | Revenue CAGR 17% | OPM 33% | EPS: consistent growth | Dividend growing 30%/yr | PEG 0.95 — undervalued,Earnings due 2026-07-18 | Pattern still forming (not broken out),3-4 years,Medium-High,"yfinance, screener.in",70,287,2026-07-18,2026-06-01,2026-06-01,0,,1,
JLHL,Jupiter Life Line Hospitals Limited,Healthcare,Medical Care Facilities,8701.0,Mid-Cap,MonthlyAscTriangle,Forming,0.17,14,3 resistance tests | Support rise 19% | Resistance flat 8.7%,,Sideways,False,True,Below-MAs,True,Stage2,4,Uptrend,Uptrend,1328.9,1651.6,1066.13,1129.57,2154.64,2428.97,4133.67,2984.39,82.8,35.2,44.85,30.71,5.64,1.16,25.49,8.0,0.0,1595.83,6,strong_buy,13.6,15.4,1.26,23.0,1.54,12.94,7.45,18.86,18.87,25.28,12.0,38.51,45.26,12.0,0.15,highly inconsistent earnings,0.38,,3.02,,-266.38,-3.06,40.91,0.0,,8.48,0.0,17.01,-0.43,1625.0,1178.0,18.2,12.8,-3.75,,1.49,0.16,6,24.0,8.54,6.0,1.0,39.5,MONITOR ⭐,Expected ~35% CAGR (2yr) | Revenue CAGR 19% | Profit CAGR 39% | ROCE trend rising ↑ | Piotroski F=6 (above average quality) | PEG 1.16 — fair value,Pattern still forming (not broken out),3-4 years,Medium-High,"yfinance, screener.in",100,33,,2026-06-01,2026-06-01,0,,1,
KIRLOSBROS,Kirloskar Brothers Limited,Industrials,Specialty Industrial Machinery,12967.0,Mid-Cap,MonthlyDoubleBottom,Forming,1.0,26,Sep 26mo | Mid rally 217% | Asymmetry 2%,MonthlyDoubleBottom+MonthlyStage2,Sideways,False,False,Below-MAs,True,Stage2,4,Uptrend,Uptrend,1619.0,403.92,126.34,1376.15,1823.25,2131.38,2491.58,2131.38,31.6,14.7,34.72,,5.87,2.05,23.09,43.0,32.64,,0,none,17.7,20.8,2.46,12.0,1.09,9.06,,1.02,6.75,10.8,-10.02,16.9,18.55,-18.7,0.15,highly inconsistent earnings,0.1,,,,,,65.95,0.0,,6.24,0.19,10.38,0.06,2475.0,1335.0,34.6,21.3,-23.64,145.55,0.3,0.4,2,20.0,19.5,0.0,0.0,39.5,MONITOR ⭐,Expected ~15% CAGR (2yr) | ROCE 21% | ROCE trend rising ↑ | Low D/E 0.10 | Promoter 66% holding | Dividend growing 33%/yr,Pattern still forming (not broken out),3-4 years,Medium-High,"yfinance, screener.in",80,242,,2026-06-01,2026-06-01,0,,1,
KRSNAA,Krsnaa Diagnostics Limited,Healthcare,Diagnostics & Research,1782.0,Small-Cap,MonthlyDoubleBottom,Forming,1.0,48,Sep 48mo | Mid rally 111% | Asymmetry 9%,,Downtrend,False,False,Below-MAs,False,Stage2,4,Uptrend,Uptrend,566.3,1040.59,472.61,481.35,1641.33,1608.57,2272.24,1931.19,184.0,68.5,17.79,12.14,1.93,1.01,7.66,50.0,3.23,867.25,4,buy,10.9,12.7,1.2,27.0,-0.8,12.43,6.63,7.81,16.65,66.18,29.49,17.66,,101.8,0.15,highly inconsistent earnings,0.55,,2.68,,-18.7,-1.05,27.11,0.0,,3.91,-0.26,13.89,0.04,894.4,515.0,36.7,10.0,-11.99,-25.25,0.53,,5,11.0,16.5,12.0,0.0,39.5,MONITOR ⭐,Expected ~68% CAGR (2yr) | Revenue CAGR 17% | ROCE trend rising ↑ | OPM 27% | Margin compressing ↓ ⚠️ | Piotroski F=5 (above average quality),Margin compression ↓ | Pattern still forming (not broken out),3-4 years,Medium-High,"yfinance, screener.in",100,58,,2026-06-01,2026-06-01,0,,1,
NUCLEUS,Nucleus Software Exports Limited,Technology,Software - Application,2011.0,Small-Cap,MonthlyDoubleBottom,Forming,1.0,42,Sep 42mo | Mid rally 268% | Asymmetry 1%,,Downtrend,False,False,Below-MAs,False,Downtrend,0,Uptrend,Uptrend,789.6,538.88,145.7,671.16,1147.01,1147.01,1147.01,1147.01,45.3,20.5,17.21,11.96,2.37,,12.79,164.0,21.32,1200.0,1,strong_buy,15.5,20.0,1.31,14.0,-0.4,13.33,5.64,5.29,11.38,11.25,-28.22,-2.95,-0.17,-46.7,0.15,highly inconsistent earnings,0.01,,2.09,,62.95,3.13,73.59,0.0,,4.46,-0.45,1.21,-0.17,1298.6,712.0,39.2,10.9,-25.64,-47.39,0.25,-0.08,6,20.0,15.5,4.0,0.0,39.5,MONITOR ⭐,Expected ~20% CAGR (2yr) | Declining profits (-3% CAGR) ⚠️ | ROCE trend rising ↑ | Nearly debt-free | Promoter 74% holding | FCF yield 3.1%,Pattern still forming (not broken out),3-4 years,Medium-High,"yfinance, screener.in",100,282,,2026-06-01,2026-06-01,0,,1,
VSTIND,VST Industries Limited,Consumer Defensive,Tobacco,4335.0,Small-Cap,MonthlyDoubleBottom,Forming,1.0,48,Sep 48mo | Mid rally 125% | Asymmetry 9%,,Sideways-Above-MA,True,False,Constructive,True,Stage2,15,Uptrend,Uptrend,257.1,470.75,200.0,218.54,657.42,741.5,703.57,680.1,188.4,69.8,14.86,12.79,3.42,4.31,8.34,469.0,-7.72,,0,none,24.9,34.4,-3.3,15.0,-3.9,19.96,11.38,23.95,12.25,,119.5,3.45,,120.2,0.15,highly inconsistent earnings,,,3.16,,159.35,3.68,32.16,0.0,,1.34,0.12,6.63,0.32,319.1,200.0,19.4,28.6,-6.21,-32.11,0.47,0.37,5,12.0,22.5,4.0,1.0,39.5,MONITOR ⭐,Expected ~70% CAGR (2yr) | ROE 25% | ROCE 34% | Margin compressing ↓ ⚠️ | FCF yield 3.7% | Piotroski F=5 (above average quality),Margin compression ↓ | Pattern still forming (not broken out),3-4 years,Medium-High,"yfinance, screener.in",90,287,,2026-06-01,2026-06-01,0,,1,
CRISIL,CRISIL Limited,Financial Services,Financial Data & Stock Exchanges,28875.0,Mid-Cap,MonthlyDoubleBottom,Forming,0.831,7,Sep 7mo | Mid rally 90% | Asymmetry 7%,,Downtrend,False,False,Below-MAs,False,Stage2,12,Uptrend,Uptrend,4115.9,1870.64,952.23,3498.51,2805.48,3042.26,3299.03,3042.26,,,34.36,26.2,9.52,4.07,25.58,91.0,-8.94,4908.0,2,none,24.5,32.6,-0.91,30.0,0.77,21.56,,6.69,7.43,11.09,9.53,8.44,12.48,45.9,0.75,consistent growth,0.1,,,,,,66.64,0.0,,7.18,-0.49,12.61,0.52,6139.0,3686.0,33.0,11.7,-23.52,-13.45,0.64,0.19,1,27.0,12.97,-1.0,0.0,39.0,MONITOR ⭐,ROE 24% | ROCE 33% | Nearly debt-free | Promoter 67% holding | OPM 30% | EPS: consistent growth,Pattern still forming (not broken out),3-4 years,Medium-High,"yfinance, screener.in",80,287,,2026-06-01,2026-06-01,0,,1,
SOTL,Savita Oil Technologies Limited,Basic Materials,Specialty Chemicals,2988.0,Small-Cap,MonthlyDoubleBottom,Breakout Ready,0.939,39,Sep 39mo | Mid rally 103% | Asymmetry 9%,MonthlyDoubleBottom+MonthlyStage2,Uptrend,True,True,Constructive,True,Stage2,1,Uptrend,Uptrend,417.5,346.99,163.64,354.88,549.19,549.19,549.19,549.19,31.5,14.7,16.42,7.18,1.73,,10.94,92.0,-7.17,,0,none,10.5,15.2,-1.34,6.0,-2.17,4.17,5.39,14.42,6.33,16.89,61.06,-6.96,-5.14,62.0,0.15,highly inconsistent earnings,0.0,,2.54,,72.85,2.44,68.93,0.02,,0.88,0.01,13.18,0.0,477.65,285.8,12.6,46.1,8.65,25.09,6.57,0.5,4,7.0,27.0,2.0,3.0,39.0,MONITOR ⭐,Expected ~15% CAGR (2yr) | Declining profits (-7% CAGR) ⚠️ | Nearly debt-free | Promoter 69% holding | Margin compressing ↓ ⚠️ | MonthlyDoubleBottom — Breakout Ready,Margin compression ↓,3-4 years,Medium-High,"yfinance, screener.in",100,287,,2026-06-01,2026-06-01,0,,1,
ICRA,ICRA Limited,Financial Services,Financial Data & Stock Exchanges,5187.0,Small-Cap,MonthlyDoubleBottom,Forming,0.542,18,Sep 18mo | Mid rally 55% | Asymmetry 0%,,Sideways,False,False,Below-MAs,True,Stage2,12,Uptrend,Uptrend,5416.5,7666.47,4952.24,4704.63,4509.8,10380.7,5469.77,4966.65,91.6,38.4,28.57,20.7,4.38,2.82,21.05,130.0,28.92,6558.5,2,strong_buy,16.7,23.0,1.51,36.0,1.31,30.28,8.4,20.48,14.19,14.79,7.02,10.13,17.13,32.2,0.4,lumpy earner,,,3.8,,115.7,2.23,51.86,0.0,,7.92,0.67,24.51,-1.04,7130.0,4965.5,24.0,9.1,-11.82,-16.58,0.36,0.22,7,25.0,13.5,-1.0,1.0,38.5,MONITOR ⭐,Expected ~38% CAGR (2yr) | ROCE 23% | ROCE trend rising ↑ | Promoter 52% holding | OPM 36% | Piotroski F=7 (high quality compounder),Pattern still forming (not broken out),3-4 years,Medium-High,"yfinance, screener.in",90,230,,2026-06-01,2026-06-01,0,,1,
MMP,MMP Industries Limited,Basic Materials,Aluminum,695.0,Small-Cap,MonthlyDoubleBottom,Forming,1.0,27,Sep 27mo | Mid rally 148% | Asymmetry 3%,MonthlyDoubleBottom+MonthlyStage2,Sideways-Above-MA,True,False,Constructive,True,Stage2,1,Uptrend,Uptrend,276.92,452.69,180.52,235.38,303.82,724.86,393.87,345.93,161.8,61.8,22.42,,2.17,1.62,13.51,73.0,25.99,,0,none,11.5,12.5,0.14,8.0,-0.4,3.76,5.71,19.08,15.27,28.96,-20.51,13.86,12.77,65.6,0.15,highly inconsistent earnings,0.53,,1.26,,-32.65,-4.7,74.48,0.0,,0.02,0.01,0.0,0.0,319.98,185.2,13.5,49.5,6.9,17.9,2.21,0.16,4,11.0,22.5,2.0,3.0,38.5,MONITOR ⭐,Expected ~62% CAGR (2yr) | Revenue CAGR 15% | ROCE trend rising ↑ | Promoter 74% holding | Dividend growing 26%/yr | MonthlyDoubleBottom forming (27mo base),Pattern still forming (not broken out),3-4 years,Medium-High,"yfinance, screener.in",100,98,,2026-06-01,2026-06-01,0,,1,
POLYMED,Poly Medicure Limited,Healthcare,Medical Instruments & Supplies,13697.0,Mid-Cap,MonthlyDoubleBottom,Forming,1.0,29,Sep 29mo | Mid rally 176% | Asymmetry 5%,,Downtrend,False,False,Below-MAs,False,Stage2,4,Uptrend,Uptrend,1455.1,3351.91,1182.0,1236.83,1900.52,5521.82,2805.14,2308.94,279.5,94.8,42.55,28.8,4.69,1.98,29.96,26.0,11.87,1578.83,6,buy,11.2,14.0,-0.71,24.0,-0.17,17.18,5.75,12.34,18.92,19.02,-5.31,21.49,18.74,-27.8,0.15,highly inconsistent earnings,0.11,,3.37,,-309.36,-2.26,62.42,0.0,,5.92,-3.49,15.6,1.76,2316.6,1182.0,37.2,23.1,-27.0,4.1,0.38,0.12,4,19.0,16.5,3.0,0.0,38.5,MONITOR ⭐,Expected ~95% CAGR (2yr) | Revenue CAGR 19% | Profit CAGR 21% | Low D/E 0.11 | Promoter 62% holding | DII buying +1.8% ↑,Pattern still forming (not broken out),3-4 years,Medium-High,"yfinance, screener.in",100,174,,2026-06-01,2026-06-01,0,,1,
TARACHAND,Tara Chand Infralogistic Solutions Limited,Industrials,Farm & Heavy Construction Machinery,442.0,Micro-Cap,MonthlyDoubleBottom,Forming,1.0,17,Sep 17mo | Mid rally 798% | Asymmetry 5%,MonthlyCupHandle+MonthlyDoubleBottom+MonthlyStage2,Downtrend,False,False,Below-MAs,False,Stage2,4,Uptrend,Uptrend,59.88,37.76,4.11,50.9,118.4,128.23,138.87,128.23,114.1,46.3,15.97,,2.97,1.92,5.37,63.0,6.0,,0,none,20.5,18.2,,36.0,5.0,9.73,6.1,14.92,,,12.0,,,8.8,0.5,insufficient history,0.93,,1.72,,-33.52,-7.59,71.64,0.5,,0.13,0.02,0.0,0.0,103.67,53.0,42.2,13.0,0.06,207.13,0.47,-0.23,4,16.0,15.5,6.0,1.0,38.5,MONITOR ⭐,Expected ~46% CAGR (2yr) | ROE 20% | Promoter 72% holding | OPM 36% | EV/EBITDA 5× below sector (18×) | MonthlyDoubleBottom forming (17mo base),Pattern still forming (not broken out),3-4 years,Medium-High,"yfinance, screener.in",80,99,,2026-06-01,2026-06-01,0,,1,
FLAIR,FLAIR WRITING INDUST LTD,Industrials,Business Equipment & Supplies,3042.0,Small-Cap,MonthlyStage2,Stage Change,0.662,24,10-EMA=306 | 30-EMA=303 | Above by 9.9% | MA turning=Yes,MonthlyAscTriangle+MonthlyDoubleBottom+MonthlyStage2,Downtrend,False,False,Below-MAs,False,Stage2,4,Uptrend,Uptrend,333.05,302.95,213.09,283.09,384.87,428.34,433.42,408.43,28.6,13.4,25.77,15.52,2.66,4.21,12.13,52.0,-50.0,458.2,5,strong_buy,12.9,16.8,-2.23,18.0,1.43,11.0,9.3,15.74,9.89,33.21,18.49,6.12,169.06,16.1,0.15,highly inconsistent earnings,0.06,,5.22,,-31.56,-1.04,78.59,0.0,,0.3,0.0,10.34,0.22,357.0,245.0,6.7,35.9,32.4,,0.47,,4,12.0,12.44,7.0,7.0,38.4,MONITOR ⭐,Expected ~13% CAGR (2yr) | Nearly debt-free | Promoter 79% holding | EV/EBITDA 12× below sector (18×) | Analyst target ₹458 (+38%) | MonthlyStage2 forming (24mo base),None identified,3-4 years,Medium-High,"yfinance, screener.in",100,30,,2026-06-01,2026-06-01,0,,1,
SIRCA,Sirca Paints India Limited,Basic Materials,Specialty Chemicals,2378.0,Small-Cap,MonthlyCupHandle,Forming,0.553,33,Cup 33mo | Depth 42% | Prior gain 31% | R²=0.75,MonthlyCupHandle+MonthlyDoubleBottom,Downtrend,False,False,Below-MAs,True,Stage2,1,Uptrend,Uptrend,421.05,528.73,304.23,357.89,283.68,753.23,357.24,318.34,78.9,33.8,35.98,23.47,5.27,2.94,22.88,36.0,14.47,565.5,2,strong_buy,15.8,21.2,1.57,20.0,1.46,13.2,10.59,32.26,23.06,28.4,32.65,12.22,30.77,25.3,0.15,highly inconsistent earnings,0.07,,5.21,,-4.1,-0.17,65.19,0.0,,6.29,-0.63,0.0,-0.32,539.0,346.9,21.9,21.4,18.37,0.12,1.49,0.25,6,25.0,11.14,-1.0,3.0,38.1,MONITOR ⭐,Expected ~34% CAGR (2yr) | Revenue CAGR 23% | ROCE 21% | ROCE trend rising ↑ | Nearly debt-free | Promoter 65% holding,Pattern still forming (not broken out),3-4 years,Medium-High,"yfinance, screener.in",100,96,,2026-06-01,2026-06-01,0,,1,
TBOTEK,TBO TEK LIMITED,Consumer Cyclical,Travel Services,13128.0,Mid-Cap,MonthlyDoubleBottom,Forming,0.756,11,Sep 11mo | Mid rally 76% | Asymmetry 1%,,Sideways,False,False,Below-MAs,True,Stage2,3,Uptrend,Uptrend,1178.1,1764.8,996.0,1001.38,1134.31,2533.6,1582.9,1339.97,115.1,46.6,54.06,26.29,9.48,2.98,35.0,0.0,,1719.2,10,none,17.6,18.0,2.91,14.0,4.94,10.53,,54.12,35.97,79.92,6.09,18.13,27.3,7.4,0.15,highly inconsistent earnings,0.52,,,,,,44.4,0.0,,29.71,-1.14,20.34,1.33,1764.8,1004.2,33.2,17.3,-8.39,,0.23,0.88,3,19.0,15.07,4.0,0.0,38.1,MONITOR ⭐,"Expected ~47% CAGR (2yr) | Revenue CAGR 36% | ROCE trend rising ↑ | DII buying +1.3% ↑ | Analyst target ₹1719 (+46%, n=10) | MonthlyDoubleBottom forming (11mo base)",High PE 54 | Pattern still forming (not broken out),3-4 years,Medium-High,"yfinance, screener.in",80,25,,2026-06-01,2026-06-01,0,,1,
EXPLEOSOL,Expleo Solutions Limited,Technology,Information Technology Services,1357.0,Small-Cap,MonthlyDoubleBottom,Breakout Ready,0.622,14,Sep 14mo | Mid rally 65% | Asymmetry 3%,,Sideways,False,True,Below-MAs,True,Downtrend,0,Uptrend,Uptrend,921.6,600.78,360.09,783.36,2105.95,2105.95,2105.95,2105.95,128.5,51.2,10.94,,1.75,,5.82,567.0,100.0,,0,none,19.2,24.8,-3.83,15.0,-1.43,11.19,10.06,8.1,7.06,29.78,20.39,-2.55,19.92,73.1,0.15,highly inconsistent earnings,0.01,,5.55,,110.71,8.16,71.05,0.0,,0.42,0.1,0.01,-0.06,1370.9,640.0,32.8,44.0,-20.68,-62.37,5.48,0.21,4,17.0,15.96,5.0,0.0,38.0,MONITOR ⭐,Expected ~51% CAGR (2yr) | Declining profits (-3% CAGR) ⚠️ | ROCE 25% | Nearly debt-free | Promoter 71% holding | Margin compressing ↓ ⚠️,Margin compression ↓,3-4 years,Medium-High,"yfinance, screener.in",100,200,,2026-06-01,2026-06-01,0,,1,
INTELLECT,Intellect Design Arena Limited,Technology,Software - Application,9969.0,Mid-Cap,MonthlyDoubleBottom,Forming,1.0,11,Sep 11mo | Mid rally 113% | Asymmetry 4%,,Sideways,False,True,Below-MAs,True,Downtrend,0,Uptrend,Uptrend,697.1,1247.67,574.03,592.53,748.76,1921.31,880.48,811.96,175.6,66.0,29.5,17.44,3.13,3.5,15.96,56.0,40.95,1067.0,5,none,12.4,15.9,-1.37,19.0,-1.0,11.37,5.49,21.52,10.84,15.21,2.69,8.44,5.3,-11.2,0.15,highly inconsistent earnings,0.05,,2.11,,309.21,3.1,29.73,-0.08,,25.57,-1.03,7.1,-0.01,1255.0,595.2,44.5,17.1,-31.53,-10.72,1.11,0.67,5,14.0,17.0,7.0,0.0,38.0,MONITOR ⭐,Expected ~66% CAGR (2yr) | Nearly debt-free | Margin compressing ↓ ⚠️ | FCF yield 3.1% | Piotroski F=5 (above average quality) | Dividend growing 41%/yr,Margin compression ↓ | Pattern still forming (not broken out),3-4 years,Medium-High,"yfinance, screener.in",100,138,,2026-06-01,2026-06-01,0,,1,
JSWINFRA,JSW Infrastructure Limited,Industrials,Marine Shipping,57381.0,Large-Cap,None,,0.0,0,,,Sideways,False,False,Below-MAs,True,Stage2,4,Uptrend,Uptrend,266.15,,,226.23,322.07,384.23,521.84,409.96,44.4,20.2,37.87,23.98,5.27,1.39,24.07,29.0,45.45,345.65,17,none,15.4,13.7,0.8,49.0,-0.09,28.41,6.67,19.77,18.83,27.29,1.71,27.29,40.26,-17.9,0.15,highly inconsistent earnings,0.59,,2.27,,-1098.43,-1.91,83.61,0.0,,6.92,-0.21,2.43,0.26,349.0,233.42,23.7,14.0,-7.34,,,0.68,5,24.0,6.0,7.0,1.0,38.0,MONITOR ⭐,Expected ~20% CAGR (2yr) | Revenue CAGR 19% | Profit CAGR 27% | ROCE trend rising ↑ | Promoter 84% holding | OPM 49%,None identified,3-4 years,Medium-High,"yfinance, screener.in",100,32,,2026-06-01,2026-06-01,0,,1,
KRYSTAL,KRYSTAL INTEGRATED SER L,Industrials,Specialty Business Services,809.0,Small-Cap,None,,0.0,0,,,Sideways,False,False,Below-MAs,True,Stage2,4,Uptrend,Uptrend,581.4,,,494.19,1894.25,2253.78,2681.54,2253.78,287.6,96.9,12.6,,1.22,0.66,10.4,26.0,0.0,,0,none,13.7,15.9,-1.1,7.0,0.26,5.04,5.59,5.89,22.01,22.23,1.59,18.98,30.36,59.1,0.4,lumpy earner,0.24,,2.01,,-16.04,-1.98,69.96,0.0,,1.25,-0.54,3.76,-0.47,729.5,500.0,20.3,16.3,2.07,,,1.09,5,19.0,6.0,11.0,2.0,38.0,MONITOR ⭐,Expected ~97% CAGR (2yr) | Revenue CAGR 22% | Low D/E 0.24 | Promoter 70% holding | Piotroski F=5 (above average quality) | PEG 0.66 — undervalued,None identified,3-4 years,Medium-High,"yfinance, screener.in",100,27,,2026-06-01,2026-06-01,0,,1,
LEMONTREE,Lemon Tree Hotels Limited,Consumer Cyclical,Lodging,9023.0,Mid-Cap,None,,0.0,0,,,Downtrend,False,False,Below-MAs,False,Stage2,3,Uptrend,Uptrend,111.01,,,94.36,171.84,197.81,276.64,218.03,78.2,33.5,39.7,21.81,7.3,1.48,16.46,0.0,,167.48,21,strong_buy,19.4,14.0,3.2,48.0,5.14,15.63,8.38,12.29,18.17,41.79,18.52,26.88,80.58,8.1,0.2,multiple loss years in history,0.96,,1.21,,170.32,1.89,22.32,0.04,,21.59,0.09,15.67,-3.78,180.68,99.61,38.6,11.4,-13.33,-4.61,,,6,23.0,3.0,12.0,0.0,38.0,MONITOR ⭐,Expected ~34% CAGR (2yr) | Revenue CAGR 18% | Profit CAGR 27% | ROCE trend rising ↑ | OPM 48% | Piotroski F=6 (above average quality),Earnings due 2026-08-06,3-4 years,Medium-High,"yfinance, screener.in",100,98,2026-08-06,2026-06-01,2026-06-01,0,,1,
FDC,FDC Limited,Healthcare,Drug Manufacturers - Specialty & Generic,6594.0,Small-Cap,MonthlyDoubleBottom,Forming,0.981,23,Sep 23mo | Mid rally 105% | Asymmetry 7%,,Sideways-Above-MA,True,True,Constructive,True,Stage2,4,Uptrend,Uptrend,362.6,311.21,147.14,308.21,728.05,823.72,931.96,823.72,127.2,50.7,23.42,17.38,2.7,1.78,17.59,247.0,100.0,,0,none,13.0,17.4,-1.11,16.0,-1.37,12.96,6.37,2.99,6.76,10.28,5.24,13.14,-1.37,167.4,0.15,highly inconsistent earnings,0.01,,3.11,,-1.74,-0.03,69.65,-0.01,,2.4,0.08,6.29,0.02,527.8,312.95,31.3,15.9,-17.23,-3.49,0.36,0.15,3,10.0,21.77,5.0,1.0,37.8,MONITOR ⭐,Expected ~51% CAGR (2yr) | Nearly debt-free | Promoter 70% holding | Margin compressing ↓ ⚠️ | Dividend growing 100%/yr | EV/EBITDA 18× vs sector 22×,Margin compression ↓ | Pattern still forming (not broken out),3-4 years,Medium-High,"yfinance, screener.in",100,287,,2026-06-01,2026-06-01,0,,1,
GRAVITA,Gravita India Limited,Industrials,Metal Fabrication,11748.0,Mid-Cap,MonthlyStage2,Stage Change,0.436,24,10-EMA=1639 | 30-EMA=1522 | Above by 6.5% | MA turning=Yes,,Sideways,False,False,Below-MAs,True,Stage2,4,Uptrend,Uptrend,1621.6,1522.07,1318.1,1378.36,2316.23,2547.13,3494.54,2845.02,57.1,25.3,30.96,19.97,4.79,1.36,23.25,64.0,28.4,2100.3,10,strong_buy,16.8,17.0,-1.46,10.0,0.03,8.88,9.97,10.24,15.05,24.78,20.77,22.83,45.99,-3.4,0.15,highly inconsistent earnings,0.3,,2.91,,-231.15,-1.97,55.88,0.0,,13.94,-1.81,5.15,0.44,1949.0,1266.9,16.8,28.0,-6.33,148.04,0.62,0.31,5,17.0,12.73,7.0,1.0,37.7,MONITOR ⭐,Expected ~25% CAGR (2yr) | Revenue CAGR 15% | Profit CAGR 23% | Low D/E 0.30 | Promoter 56% holding | Piotroski F=5 (above average quality),None identified,3-4 years,Medium-High,"yfinance, screener.in",100,187,,2026-06-01,2026-06-01,0,,1,
DICIND,DIC India Limited,Basic Materials,Specialty Chemicals,458.0,Micro-Cap,MonthlyDoubleBottom,Forming,1.0,48,Sep 48mo | Mid rally 132% | Asymmetry 3%,MonthlyCupHandle+MonthlyDoubleBottom,Downtrend,False,False,Below-MAs,False,Stage2,1,Uptrend,Uptrend,504.7,697.35,296.01,429.0,514.01,1098.69,663.56,584.02,117.7,47.5,24.1,11.67,1.07,1.77,8.39,60.0,14.47,,0,none,10.8,15.2,0.2,8.0,0.3,2.05,,-2.14,10.48,,22.22,13.62,,63.8,0.15,highly inconsistent earnings,0.01,,,,,,71.75,0.0,,0.0,,,,673.95,450.5,25.1,12.0,-14.96,-6.04,0.59,0.14,3,15.0,16.5,6.0,0.0,37.5,MONITOR ⭐,Expected ~48% CAGR (2yr) | ROCE trend rising ↑ | Nearly debt-free | Promoter 72% holding | Dividend growing 14%/yr | EV/EBITDA 8× vs sector 10×,Pattern still forming (not broken out),3-4 years,Medium-High,"yfinance, screener.in",80,287,,2026-06-01,2026-06-01,0,,1,
JASH,Jash Engineering Limited,Industrials,Specialty Industrial Machinery,2534.0,Small-Cap,MonthlyDoubleBottom,Forming,1.0,24,Sep 24mo | Mid rally 119% | Asymmetry 5%,,Downtrend,False,False,Below-MAs,False,Stage2,4,Uptrend,Uptrend,373.1,696.27,310.17,317.13,400.59,1082.37,515.86,454.59,190.1,70.3,33.55,17.52,5.81,2.49,24.82,45.0,-20.63,600.0,1,none,16.0,17.7,0.31,14.0,-0.0,10.35,6.33,0.14,22.33,19.74,-12.64,13.48,19.64,56.9,0.15,highly inconsistent earnings,0.2,,2.04,,22.98,0.91,43.24,-0.19,,1.79,-0.21,0.39,-0.1,622.9,327.1,40.1,14.1,-28.12,43.24,0.41,-0.07,6,21.0,16.5,0.0,0.0,37.5,MONITOR ⭐,Expected ~70% CAGR (2yr) | Revenue CAGR 22% | ROCE trend rising ↑ | Low D/E 0.20 | Piotroski F=6 (above average quality) | MonthlyDoubleBottom forming (24mo base),Pattern still forming (not broken out),3-4 years,Medium-High,"yfinance, screener.in",100,104,,2026-06-01,2026-06-01,0,,1,
LGBBROSLTD,L.G. Balakrishnan & Bros Limited,Consumer Cyclical,Auto Parts,4824.0,Small-Cap,MonthlyDoubleBottom,Forming,1.0,41,Sep 41mo | Mid rally 236% | Asymmetry 7%,,Downtrend,False,False,Below-MAs,False,Stage2,3,Uptrend,Uptrend,1556.1,586.37,168.64,1322.68,4349.79,4705.6,5090.52,4705.6,202.4,73.9,15.13,13.27,2.24,1.85,9.91,145.0,10.06,1858.5,2,none,15.6,19.8,-0.8,16.0,-0.26,10.36,8.28,19.32,11.77,13.84,5.63,8.18,19.12,-17.0,0.15,highly inconsistent earnings,0.11,,1.78,,-102.59,-2.13,34.83,0.01,,6.61,-0.38,13.35,0.47,2048.0,1208.3,24.0,28.8,28.64,19.35,0.38,0.07,4,11.0,16.5,6.0,4.0,37.5,MONITOR ⭐,Expected ~74% CAGR (2yr) | Low D/E 0.11 | Dividend growing 10%/yr | EV/EBITDA 10× below sector (25×) | MonthlyDoubleBottom forming (41mo base) | Sector in Stage2,Pattern still forming (not broken out),3-4 years,Medium-High,"yfinance, screener.in",100,221,,2026-06-01,2026-06-01,0,,1,
METROBRAND,Metro Brands Limited,Consumer Cyclical,Apparel Retail,27917.0,Mid-Cap,MonthlyDoubleBottom,Forming,0.441,9,Sep 9mo | Mid rally 44% | Asymmetry 0%,,Sideways,False,False,Below-MAs,True,Stage2,3,Uptrend,Uptrend,1052.0,1398.52,968.25,919.84,601.53,1828.79,656.38,628.36,73.8,31.8,68.01,47.29,15.33,15.25,33.22,59.0,-9.14,1245.33,21,buy,22.2,20.2,1.37,30.0,1.0,14.36,9.46,14.24,10.43,29.06,17.51,4.46,44.96,23.1,0.15,highly inconsistent earnings,0.78,,2.89,,161.57,0.58,71.8,-0.03,,3.77,-0.04,7.58,0.07,1340.4,883.0,21.5,19.1,-0.64,-7.78,0.32,0.01,7,23.0,11.29,2.0,1.0,37.3,MONITOR ⭐,Expected ~32% CAGR (2yr) | ROE 22% | ROCE 20% | ROCE trend rising ↑ | Promoter 72% holding | OPM 30%,High PE 68 | Pattern still forming (not broken out),3-4 years,Medium-High,"yfinance, screener.in",100,54,,2026-06-01,2026-06-01,0,,1,
LT,Larsen & Toubro Limited,Industrials,Engineering & Construction,560791.0,Large-Cap,MonthlyDoubleBottom,Forming,0.683,20,Sep 20mo | Mid rally 74% | Asymmetry 6%,,Sideways-Above-MA,True,False,Constructive,True,Stage2,4,Uptrend,Uptrend,3921.0,631.13,351.54,3332.85,4184.83,4679.78,5514.24,4803.76,19.4,9.2,34.84,22.21,5.13,2.36,18.54,93.0,8.2,4493.81,31,buy,15.9,14.6,1.17,12.0,-1.03,5.51,4.59,11.79,15.96,16.02,7.25,14.79,7.96,-3.1,0.15,highly inconsistent earnings,0.98,,1.25,,26195.48,4.67,,,,18.78,-1.28,43.32,0.33,4440.0,3288.1,11.7,19.2,15.28,39.88,0.8,0.49,4,12.0,18.2,3.0,4.0,37.2,MONITOR ⭐,Expected ~9% CAGR (2yr) | Revenue CAGR 16% | ROCE trend rising ↑ | Margin compressing ↓ ⚠️ | FCF yield 4.7% | MonthlyDoubleBottom forming (20mo base),Margin compression ↓ | Earnings due 2026-07-28 | Pattern still forming (not broken out),3-4 years,Medium-High,"yfinance, screener.in",90,287,2026-07-28,2026-06-01,2026-06-01,0,,1,
CIPLA,Cipla Limited,Healthcare,Drug Manufacturers - Specialty & Generic,113173.0,Large-Cap,MonthlyDoubleBottom,Forming,0.669,9,Sep 9mo | Mid rally 67% | Asymmetry 0%,MonthlyDoubleBottom+MonthlyStage2,Sideways,False,True,Below-MAs,True,Stage2,4,Uptrend,Uptrend,1409.8,218.31,130.34,1198.33,2168.09,2026.22,2665.53,2403.98,43.7,19.9,29.16,22.17,3.44,2.68,17.46,93.0,47.36,1459.57,37,buy,12.4,16.6,0.66,21.0,0.34,14.0,7.38,2.23,7.37,8.01,-26.7,10.88,10.08,-54.6,0.15,highly inconsistent earnings,0.02,,3.44,,142.89,0.13,29.22,0.0,,22.55,-1.38,31.71,1.26,1673.0,1165.7,15.7,20.9,2.06,19.65,0.88,0.09,6,17.0,14.03,4.0,2.0,37.0,MONITOR ⭐,Expected ~20% CAGR (2yr) | ROCE trend rising ↑ | Nearly debt-free | Piotroski F=6 (above average quality) | DII buying +1.3% ↑ | Dividend growing 47%/yr,Earnings due 2026-07-24 | Pattern still forming (not broken out),3-4 years,Medium-High,"yfinance, screener.in",100,365,2026-07-24,2026-06-01,2026-06-01,0,,1,
PRAKASH,Prakash Industries Limited,Basic Materials,Steel,2653.0,Small-Cap,MonthlyDoubleBottom,Forming,1.0,20,Sep 20mo | Mid rally 1026% | Asymmetry 4%,MonthlyDoubleBottom+MonthlyStage2,Sideways-Above-MA,True,False,Constructive,True,Stage2,1,Uptrend,Uptrend,146.97,269.42,23.44,124.92,409.97,515.4,433.25,421.45,250.7,87.3,7.96,4.57,0.77,2.84,5.79,101.0,45.0,,0,none,14.1,,,20.0,,9.58,4.67,8.9,,,2.8,,,2.7,0.5,insufficient history,0.14,,1.71,,-251.19,-9.47,44.38,0.0,,3.89,-0.14,0.01,-0.01,190.9,110.24,23.0,33.3,-1.29,72.23,0.41,0.37,3,8.0,22.0,6.0,1.0,37.0,MONITOR ⭐,Expected ~87% CAGR (2yr) | Low D/E 0.14 | Dividend growing 45%/yr | EV/EBITDA 6× below sector (10×) | MonthlyDoubleBottom forming (20mo base) | Sector in Stage2,Pattern still forming (not broken out),3-4 years,Medium-High,"yfinance, screener.in",70,287,,2026-06-01,2026-06-01,0,,1,
HARSHA,Harsha Engineers International Limited,Industrials,Tools & Accessories,3616.0,Small-Cap,MonthlyDoubleBottom,Forming,0.95,36,Sep 36mo | Mid rally 97% | Asymmetry 2%,,Sideways-Above-MA,True,False,Constructive,True,Stage2,4,Uptrend,Uptrend,408.25,611.14,306.92,347.01,548.75,915.36,640.19,592.71,124.2,49.7,23.31,16.57,2.75,2.91,20.32,34.0,0.0,484.33,3,none,11.7,14.3,-0.37,15.0,-0.0,6.92,,15.55,6.05,13.23,74.16,8.01,28.06,25.9,0.15,highly inconsistent earnings,0.24,,,,,,75.0,0.0,,2.37,1.96,12.42,0.0,469.0,313.3,13.0,30.3,3.9,-33.85,2.45,0.6,0,11.0,21.9,2.0,2.0,36.9,MONITOR ⭐,Expected ~50% CAGR (2yr) | Low D/E 0.24 | Promoter 75% holding | FII buying +2.0% ↑ | MonthlyDoubleBottom forming (36mo base) | Sector in Stage2,Pattern still forming (not broken out),3-4 years,Medium-High,"yfinance, screener.in",80,45,,2026-06-01,2026-06-01,0,,1,
PANAMAPET,Panama Petrochem Limited,Energy,Oil & Gas Refining & Marketing,1991.0,Small-Cap,MonthlyDoubleBottom,Forming,0.921,44,Sep 44mo | Mid rally 98% | Asymmetry 6%,,Sideways-Above-MA,True,False,Constructive,True,Stage2,1,Uptrend,Uptrend,306.0,440.77,216.2,260.1,512.22,665.34,512.22,512.22,117.4,47.5,10.75,,1.49,,7.0,152.0,-30.66,,0,none,15.9,20.4,0.54,8.0,-1.23,6.91,9.97,5.16,9.3,15.21,-0.53,-7.23,6.62,60.6,0.15,highly inconsistent earnings,0.07,,3.69,,-195.46,-9.82,63.16,0.0,,11.28,-0.01,0.67,0.0,373.2,229.0,18.0,33.6,-5.06,-17.11,0.49,,3,9.0,21.55,4.0,2.0,36.6,MONITOR ⭐,Expected ~48% CAGR (2yr) | Declining profits (-7% CAGR) ⚠️ | ROCE 20% | ROCE trend rising ↑ | Nearly debt-free | Promoter 63% holding,Margin compression ↓ | Pattern still forming (not broken out),3-4 years,Medium-High,"yfinance, screener.in",100,177,,2026-06-01,2026-06-01,0,,1,
ROLEXRINGS,Rolex Rings Limited,Industrials,Metal Fabrication,3827.0,Small-Cap,MonthlyDoubleBottom,Forming,0.508,14,Sep 14mo | Mid rally 57% | Asymmetry 6%,,Uptrend,True,False,Tight-Above-MAs,True,Stage2,4,Uptrend,Uptrend,141.99,262.0,162.26,154.15,195.64,361.74,258.74,224.99,154.8,59.6,27.13,15.88,3.28,,6.15,,,170.0,2,strong_buy,12.35,,,15.33,,11.82,11.46,7.7,,,,,,,0.5,insufficient history,,,8.29,,70.99,1.86,52.24,-1.13,,6.01,0.05,30.27,0.1,176.0,99.79,19.3,42.3,-4.41,-59.27,0.49,,4,10.0,21.6,4.0,1.0,36.6,MONITOR ⭐,Expected ~60% CAGR (2yr) | Promoter 52% holding | EV/EBITDA 6× below sector (18×) | MonthlyDoubleBottom forming (14mo base) | Weekly uptrend | Tight daily consolidation above MAs,Pattern still forming (not broken out),3-4 years,Medium-High,"yfinance, screener.in",60,58,,2026-06-01,2026-06-01,0,,1,
BLUESTARCO,Blue Star Limited,Industrials,Building Products & Equipment,32669.0,Large-Cap,MonthlyDoubleBottom,Forming,1.0,40,Sep 40mo | Mid rally 114% | Asymmetry 2%,,Downtrend,False,False,Below-MAs,False,Stage2,4,Uptrend,Uptrend,1682.0,423.3,195.02,1429.7,882.99,1298.7,1059.5,967.22,,,62.12,37.93,9.52,6.51,35.07,53.0,21.64,1795.91,23,none,17.1,21.2,1.71,8.0,0.4,4.25,5.58,3.63,15.85,23.8,-10.83,9.54,39.15,17.3,0.15,highly inconsistent earnings,0.24,,1.31,,-320.65,-0.98,36.48,0.0,,13.8,-0.86,27.78,1.02,2040.0,1450.0,17.5,16.0,10.77,99.84,0.71,0.23,5,17.0,16.5,0.0,3.0,36.5,MONITOR ⭐,Revenue CAGR 16% | ROCE 21% | ROCE trend rising ↑ | Low D/E 0.24 | Piotroski F=5 (above average quality) | DII buying +1.0% ↑,High PE 62 | Earnings due 2026-08-05 | Pattern still forming (not broken out),3-4 years,Medium-High,"yfinance, screener.in",100,287,2026-08-05,2026-06-01,2026-06-01,0,,1,
MEDIASSIST,MEDI ASSIST HEALTH SER L,Healthcare,Healthcare Plans,2754.0,Small-Cap,MonthlyDoubleBottom,Forming,0.626,10,Sep 10mo | Mid rally 67% | Asymmetry 5%,,Sideways,False,True,Below-MAs,True,Stage2,4,Uptrend,Uptrend,388.5,711.81,415.25,394.49,519.05,1008.37,587.07,552.01,159.6,61.1,30.39,18.9,3.2,4.79,14.41,0.0,,510.0,3,none,13.9,14.0,-1.14,19.0,-0.83,9.71,4.81,25.17,21.47,22.88,-3.26,6.35,27.9,148.7,0.15,highly inconsistent earnings,0.06,,1.34,,95.85,3.48,4.61,-0.01,,24.31,-0.96,49.18,-0.73,594.1,293.0,34.6,32.6,-19.59,,0.71,1.16,4,16.0,13.51,7.0,0.0,36.5,MONITOR ⭐,Expected ~61% CAGR (2yr) | Revenue CAGR 21% | Nearly debt-free | Margin compressing ↓ ⚠️ | FCF yield 3.5% | EV/EBITDA 14× below sector (22×),Margin compression ↓ | Pattern still forming (not broken out),3-4 years,Medium-High,"yfinance, screener.in",100,29,,2026-06-01,2026-06-01,0,,1,
VMART,V-Mart Retail Limited,Consumer Cyclical,Department Stores,5304.0,Small-Cap,MonthlyDoubleBottom,Forming,1.0,25,Sep 25mo | Mid rally 164% | Asymmetry 8%,,Sideways,False,False,Below-MAs,True,Stage2,3,Uptrend,Uptrend,637.15,823.81,299.92,541.58,392.32,1347.7,392.32,392.32,111.5,45.4,56.84,26.53,5.31,,11.62,15.0,-23.87,861.25,16,none,14.08,,,2.69,,3.27,5.19,24.5,,,-35.8,,,-39.1,0.5,insufficient history,1.01,,1.04,,221.43,4.17,44.2,0.05,,16.92,-0.09,31.87,-0.59,945.0,457.9,32.6,39.1,-18.38,-7.86,0.41,0.5,4,10.0,19.5,7.0,0.0,36.5,MONITOR ⭐,Expected ~45% CAGR (2yr) | Revenue CAGR 24% | Declining profits (-36% CAGR) ⚠️ | FCF yield 4.2% | EV/EBITDA 12× below sector (25×) | Analyst target ₹861 (+35%),High D/E 1.0 | High PE 57 | Pattern still forming (not broken out),3-4 years,Medium-High,"yfinance, screener.in",70,160,,2026-06-01,2026-06-01,0,,1,
INFY,Infosys Limited,Technology,Information Technology Services,469899.0,Large-Cap,MonthlyDoubleBottom,Forming,0.533,18,Sep 18mo | Mid rally 54% | Asymmetry 1%,,Downtrend,False,False,Below-MAs,False,Downtrend,0,Uptrend,Uptrend,1196.9,1948.78,1257.64,1194.76,2426.42,2639.92,2774.37,2594.57,120.6,48.5,15.01,14.16,4.99,2.17,1060.39,431.0,11.46,1460.95,40,buy,31.9,40.0,0.8,24.0,-0.74,16.43,15.09,9.61,6.77,12.2,10.18,6.93,8.7,13.2,0.4,lumpy earner,0.1,,1.98,,317.02,0.07,14.38,-0.14,,28.45,-1.82,43.19,2.11,1728.0,1089.0,30.7,9.9,-16.69,-25.36,0.8,0.13,5,26.0,9.4,1.0,0.0,36.4,MONITOR ⭐,Expected ~48% CAGR (2yr) | ROE 32% | ROCE 40% | ROCE trend rising ↑ | Nearly debt-free | Margin compressing ↓ ⚠️,Margin compression ↓ | Earnings due 2026-07-23 | Pattern still forming (not broken out),3-4 years,Medium-High,"yfinance, screener.in",100,365,2026-07-23,2026-06-01,2026-06-01,0,,1,
DHARMAJ,Dharmaj Crop Guard Limited,Basic Materials,Agricultural Inputs,951.0,Small-Cap,MonthlyDoubleBottom,Forming,0.842,22,Sep 22mo | Mid rally 91% | Asymmetry 7%,MonthlyDoubleBottom+MonthlyStage2,Sideways-Above-MA,True,True,Constructive,True,Stage2,1,Uptrend,Uptrend,266.2,389.65,196.95,226.27,335.32,582.35,443.46,385.62,118.8,47.9,19.72,,2.13,,10.75,0.0,,,0,none,13.0,16.4,4.0,9.0,-0.5,4.8,6.46,19.66,,,57.14,,,,0.15,highly inconsistent earnings,0.29,,1.55,,-30.0,-3.15,70.4,0.0,,3.13,-0.36,0.47,0.0,386.5,210.65,31.1,26.4,-9.07,31.24,0.59,0.01,5,14.0,20.1,2.0,0.0,36.1,MONITOR ⭐,Expected ~48% CAGR (2yr) | ROCE trend rising ↑ | Low D/E 0.29 | Promoter 70% holding | Piotroski F=5 (above average quality) | MonthlyDoubleBottom forming (22mo base),Pattern still forming (not broken out),3-4 years,Medium-High,"yfinance, screener.in",80,42,,2026-06-01,2026-06-01,0,,1,
COMSYN,Commercial Syn Bags Limited,Consumer Cyclical,Packaging & Containers,619.0,Small-Cap,None,,0.0,0,,,Downtrend,False,False,Constructive,False,Stage2,3,Uptrend,Uptrend,153.05,,,130.09,616.62,936.22,1421.46,936.22,511.7,147.3,22.61,,3.77,0.44,15.96,26.0,,,0,none,12.3,12.3,-0.9,12.0,0.03,7.3,,10.66,9.81,12.51,64.71,51.83,18.47,70.6,0.15,highly inconsistent earnings,0.67,,,,,,59.18,0.39,,0.17,0.17,0.09,0.09,199.9,113.0,23.4,35.4,21.66,,,0.24,1,15.0,4.0,12.0,5.0,36.0,MONITOR ⭐,Expected ~147% CAGR (2yr) | Profit CAGR 52% | Promoter 59% holding | PEG 0.44 — deeply undervalued | EV/EBITDA 16× below sector (25×) | Sector in Stage2,None identified,3-4 years,Medium-High,"yfinance, screener.in",80,29,,2026-06-01,2026-06-01,0,,1,
UNOMINDA,Uno Minda Limited,Consumer Cyclical,Auto Parts,63620.0,Large-Cap,None,,0.0,0,,,Sideways,False,False,Below-MAs,False,Stage2,3,Uptrend,Uptrend,1051.9,,,894.12,1118.4,1322.98,1675.83,1369.03,25.8,12.1,53.2,35.14,10.18,2.37,29.47,24.0,20.89,1253.89,19,buy,19.4,19.7,1.77,11.0,-0.0,6.09,7.6,17.19,20.5,25.26,25.76,22.41,38.94,22.5,0.4,lumpy earner,0.38,,1.2,,-231.28,-0.36,68.36,-0.05,,8.96,-0.87,16.89,0.92,1382.0,994.0,23.9,5.8,2.77,59.01,,0.27,4,26.0,6.0,2.0,2.0,36.0,MONITOR ⭐,Expected ~12% CAGR (2yr) | Revenue CAGR 20% | Profit CAGR 22% | ROCE trend rising ↑ | Promoter 68% holding | DII buying +0.9% ↑,High PE 53 | Earnings due 2026-08-06,3-4 years,Medium-High,"yfinance, screener.in",100,232,2026-08-06,2026-06-01,2026-06-01,0,,1,
PFIZER,Pfizer Limited,Healthcare,Drug Manufacturers - General,21037.0,Mid-Cap,MonthlyDoubleBottom,Forming,0.773,36,Sep 36mo | Mid rally 85% | Asymmetry 8%,MonthlyDoubleBottom+MonthlyStage2,Downtrend,False,False,Below-MAs,True,Stage2,4,Uptrend,Uptrend,4785.4,5815.44,3025.08,4067.59,5744.93,8605.8,5744.93,5744.93,79.8,34.1,29.15,22.65,5.47,,19.91,163.0,36.41,6246.0,4,strong_buy,19.8,27.2,-10.0,-12.0,-15.5,28.67,10.76,0.3,,,-11.76,,,-39.6,0.15,highly inconsistent earnings,0.02,,6.06,,671.97,3.19,63.92,0.0,,2.81,0.1,16.89,-0.16,5993.0,4460.0,20.2,7.3,-5.82,9.38,0.42,0.13,4,16.0,13.78,5.0,1.0,35.8,MONITOR ⭐,Expected ~34% CAGR (2yr) | Declining profits (-40% CAGR) ⚠️ | ROCE 27% | Nearly debt-free | Promoter 64% holding | Margin compressing ↓ ⚠️,Margin compression ↓ | Earnings due 2026-08-12 | Pattern still forming (not broken out),3-4 years,Medium-High,"yfinance, screener.in",80,287,2026-08-12,2026-06-01,2026-06-01,0,,1,
HONAUT,Honeywell Automation India Limited,Industrials,Electrical Equipment & Parts,31426.0,Large-Cap,MonthlyDoubleBottom,Forming,0.928,35,Sep 35mo | Mid rally 96% | Asymmetry 3%,,Downtrend,False,False,Below-MAs,False,Stage2,4,Uptrend,Uptrend,29075.0,59716.92,29912.76,28417.12,17756.07,89521.08,23116.29,20259.68,207.9,75.5,59.88,42.65,7.5,4.25,45.77,31.0,5.27,36628.8,5,hold,12.35,,,14.41,,11.21,5.83,5.9,,,14.1,,,14.2,0.5,insufficient history,0.03,,3.52,,468.21,1.49,75.0,0.0,,3.74,0.28,11.28,-0.25,41450.0,26220.0,29.9,10.9,-18.47,-52.84,0.42,0.43,4,16.0,15.64,2.0,2.0,35.6,MONITOR ⭐,Expected ~76% CAGR (2yr) | Nearly debt-free | Promoter 75% holding | Analyst target ₹36629 (+26%) | MonthlyDoubleBottom forming (35mo base) | Sector in Stage2,High PE 60 | Earnings due 2026-08-06 | Pattern still forming (not broken out),3-4 years,Medium-High,"yfinance, screener.in",70,287,2026-08-06,2026-06-01,2026-06-01,0,,1,
IRIS,IRIS RegTech Solutions Limited,Technology,Software - Application,535.0,Small-Cap,MonthlyDoubleBottom,Forming,0.512,27,Sep 27mo | Mid rally 52% | Asymmetry 1%,,Downtrend,False,False,Below-MAs,False,Downtrend,0,Uptrend,Uptrend,226.49,162.4,106.15,192.52,631.24,1998.82,6329.27,1998.82,782.5,197.1,38.17,,2.66,0.18,41.41,0.0,,,0,none,10.2,12.6,1.74,8.0,-1.4,98.44,2.65,1.59,20.04,17.56,876.92,216.65,99.69,47.1,0.15,highly inconsistent earnings,0.01,,3.52,,-0.09,-0.02,34.63,0.0,,1.87,0.14,13.06,0.16,426.95,203.0,47.0,11.6,-18.13,174.15,0.51,0.69,5,19.0,9.64,7.0,0.0,35.6,MONITOR ⭐,Expected ~197% CAGR (2yr) | Revenue CAGR 20% | Profit CAGR 217% | ROCE trend rising ↑ | Nearly debt-free | Margin compressing ↓ ⚠️,Margin compression ↓ | Pattern still forming (not broken out),3-4 years,Medium-High,"yfinance, screener.in",100,55,,2026-06-01,2026-06-01,0,,1,
GMBREW,G.M. Breweries Limited,Consumer Defensive,Beverages - Wineries & Distilleries,2121.0,Small-Cap,MonthlyDoubleBottom,Forming,1.0,24,Sep 24mo | Mid rally 196% | Asymmetry 7%,MonthlyCupHandle+MonthlyDoubleBottom,Downtrend,False,False,Below-MAs,False,Stage2,15,Uptrend,Uptrend,907.55,727.29,237.38,771.42,2347.42,2347.42,2347.42,2347.42,158.7,60.8,13.53,15.3,1.97,,11.87,97.0,23.31,,0,none,12.5,18.0,,24.0,6.0,9.04,9.45,17.43,,,21.71,,,-10.6,0.5,insufficient history,0.03,,1.35,,-21.1,-0.99,74.43,0.0,,1.19,-0.01,0.01,-0.14,1328.8,666.05,31.7,36.3,29.83,75.74,0.07,0.33,2,11.0,16.5,4.0,4.0,35.5,MONITOR ⭐,Expected ~61% CAGR (2yr) | Declining profits (-11% CAGR) ⚠️ | Nearly debt-free | Promoter 74% holding | Dividend growing 23%/yr | EV/EBITDA 12× below sector (30×),Pattern still forming (not broken out),3-4 years,Medium-High,"yfinance, screener.in",80,287,,2026-06-01,2026-06-01,0,,1,
PENIND,Pennar Industries Limited,Industrials,Specialty Industrial Machinery,2197.0,Small-Cap,MonthlyDoubleBottom,Forming,1.0,13,Sep 13mo | Mid rally 111% | Asymmetry 5%,,Downtrend,False,False,Below-MAs,False,Stage2,4,Uptrend,Uptrend,151.69,279.9,129.1,128.94,423.96,520.75,639.64,520.75,243.3,85.3,15.82,11.31,2.06,0.69,7.7,0.0,0.0,260.0,1,strong_buy,12.8,15.3,2.03,10.0,0.77,3.79,6.09,12.18,7.73,18.87,16.81,22.83,115.37,15.4,0.15,highly inconsistent earnings,1.0,,1.13,,-272.72,-12.41,39.67,0.0,,4.05,-0.97,5.28,3.1,279.9,129.1,45.8,17.5,-29.52,73.54,0.43,,4,10.0,15.5,10.0,0.0,35.5,MONITOR ⭐,Expected ~85% CAGR (2yr) | Profit CAGR 23% | ROCE trend rising ↑ | DII buying +3.1% ↑ | PEG 0.69 — undervalued | EV/EBITDA 8× below sector (18×),Pattern still forming (not broken out),3-4 years,Medium-High,"yfinance, screener.in",100,187,,2026-06-01,2026-06-01,0,,1,
TITAGARH,Titagarh Rail Systems Limited,Industrials,Railroads,11126.0,Mid-Cap,MonthlyDoubleBottom,Forming,1.0,17,Sep 17mo | Mid rally 145% | Asymmetry 1%,,Sideways-Above-MA,True,False,Constructive,True,Stage2,4,Uptrend,Uptrend,739.6,1893.66,769.08,730.63,427.43,3018.24,544.15,482.27,308.1,102.0,61.33,28.85,4.4,4.78,35.05,12.0,30.0,971.38,8,none,11.8,16.6,3.4,10.0,0.8,5.48,,-14.27,6.05,16.87,-34.18,12.83,,-23.5,0.2,multiple loss years in history,0.25,,,,,,40.46,0.0,,10.67,0.01,12.46,-0.14,973.8,568.7,24.1,30.1,-14.02,24.07,0.87,0.78,2,11.0,21.5,2.0,1.0,35.5,MONITOR ⭐,Expected ~102% CAGR (2yr) | ROCE trend rising ↑ | Low D/E 0.25 | Dividend growing 30%/yr | Analyst target ₹971 (+31%) | MonthlyDoubleBottom forming (17mo base),High PE 61 | Pattern still forming (not broken out),3-4 years,Medium-High,"yfinance, screener.in",80,218,,2026-06-01,2026-06-01,0,,1,
VRLLOG,VRL Logistics Limited,Industrials,Trucking,4088.0,Small-Cap,MonthlyDoubleBottom,Forming,1.0,33,Sep 33mo | Mid rally 104% | Asymmetry 1%,MonthlyCupHandle+MonthlyDoubleBottom,Downtrend,False,False,Below-MAs,False,Stage2,4,Uptrend,Uptrend,245.3,200.59,97.85,208.5,355.04,344.28,355.04,355.04,40.4,18.5,17.27,15.0,3.73,,8.04,428.0,25.99,328.14,7,strong_buy,21.27,,,13.36,,7.35,9.37,5.7,,,-2.9,,,-2.8,0.5,insufficient history,1.01,,0.49,,159.25,3.9,60.24,0.0,,2.98,-0.77,25.05,1.56,324.5,225.0,24.4,9.0,-4.7,-50.83,0.35,0.09,3,12.0,16.5,7.0,0.0,35.5,MONITOR ⭐,Expected ~18% CAGR (2yr) | Declining profits (-3% CAGR) ⚠️ | ROE 21% | Promoter 60% holding | FCF yield 3.9% | DII buying +1.6% ↑,High D/E 1.0 | Pattern still forming (not broken out),3-4 years,Medium-High,"yfinance, screener.in",70,134,,2026-06-01,2026-06-01,0,,1,
INNOVANA,INNOVANA THINKLABS LTD,Technology,Software - Application,693.0,Small-Cap,MonthlyDoubleBottom,Forming,0.536,8,Sep 8mo | Mid rally 57% | Asymmetry 3%,,Sideways,False,False,Below-MAs,True,Downtrend,0,Uptrend,Uptrend,378.6,737.9,462.55,439.42,680.66,1013.25,839.7,756.01,167.6,63.6,18.86,,4.12,1.7,25.73,0.0,-66.67,,0,none,16.0,16.4,-2.4,35.0,1.94,28.83,6.84,28.16,18.66,18.29,-17.78,11.07,18.25,-74.2,0.15,highly inconsistent earnings,0.21,,2.38,,8.88,1.28,72.65,0.0,,1.18,0.07,1.09,0.0,649.5,315.65,41.7,19.9,-23.64,-11.67,0.34,0.29,6,22.0,11.43,2.0,0.0,35.4,MONITOR ⭐,Expected ~64% CAGR (2yr) | Revenue CAGR 19% | Low D/E 0.21 | Promoter 73% holding | OPM 35% | Piotroski F=6 (above average quality),Pattern still forming (not broken out),3-4 years,Medium-High,"yfinance, screener.in",100,102,,2026-06-01,2026-06-01,0,,1,
ROUTE,Route Mobile Limited,Communication Services,Telecom Services,3198.0,Small-Cap,MonthlyDoubleBottom,Forming,0.389,28,Sep 28mo | Mid rally 40% | Asymmetry 1%,,Sideways,False,False,Below-MAs,True,Downtrend,0,Uptrend,Uptrend,519.7,1886.51,1339.67,1272.69,971.72,2433.35,971.72,971.72,368.2,116.4,13.37,8.23,1.26,,3.61,236.0,-40.16,718.75,4,none,12.5,17.2,-2.23,12.0,0.11,5.42,7.3,-3.67,7.29,25.68,-23.05,-8.27,14.08,93.2,0.15,highly inconsistent earnings,0.01,,3.85,,662.21,20.71,74.85,0.0,,2.49,-0.24,4.01,-1.97,1158.0,410.7,55.1,26.5,-41.02,-89.47,0.45,0.32,5,16.0,11.17,8.0,0.0,35.2,MONITOR ⭐,Expected ~116% CAGR (2yr) | Declining profits (-8% CAGR) ⚠️ | Nearly debt-free | Promoter 75% holding | FCF yield 20.7% | Piotroski F=5 (above average quality),Pattern still forming (not broken out),3-4 years,Medium-High,"yfinance, screener.in",100,69,,2026-06-01,2026-06-01,0,,1,
ELECTHERM,Electrotherm (India) Limited,Basic Materials,Steel,1126.0,Small-Cap,MonthlyDoubleBottom,Forming,1.0,11,Sep 11mo | Mid rally 168% | Asymmetry 2%,,Sideways-Above-MA,True,False,Constructive,True,Stage2,1,Uptrend,Uptrend,699.3,35.55,13.15,594.4,,57.95,,,,,,,-7.31,,48.96,0.0,0.0,,0,none,,0.45,2.31,1.0,-0.46,-0.42,-0.01,-10.28,6.3,7.95,-103.62,164.08,171.43,-92.7,0.2,multiple loss years in history,,,0.53,,250.96,22.3,29.9,0.0,,5.86,-0.03,0.8,-0.05,1280.4,551.0,45.4,26.9,-32.93,704.49,0.2,0.74,3,15.0,21.0,-1.0,0.0,35.0,MONITOR ⭐,Profit CAGR 164% | ROCE trend rising ↑ | FCF yield 22.3% | MonthlyDoubleBottom forming (11mo base) | Sector in Stage2,Pattern still forming (not broken out),3-4 years,Medium-High,"yfinance, screener.in",70,226,,2026-06-01,2026-06-01,0,,1,
GODIGIT,GO DIGIT GENERAL INS LTD,Financial Services,Insurance - Property & Casualty,28237.0,Mid-Cap,None,,0.0,0,,,Downtrend,False,False,Below-MAs,False,Stage2,12,Uptrend,Uptrend,311.0,,,264.35,166.38,275.16,276.44,214.46,,,52.04,31.51,6.01,1.8,43.68,,,366.2,10,none,11.71,,,5.41,,5.2,1.68,22.6,,,28.9,,,29.2,0.5,insufficient history,0.07,,0.1,,3284.74,11.63,73.01,-0.01,,8.01,-0.25,14.62,0.28,381.4,300.35,18.5,3.5,-6.17,,,0.13,3,28.0,3.0,3.0,1.0,35.0,MONITOR ⭐,Revenue CAGR 23% | Profit CAGR 29% | Nearly debt-free | Promoter 73% holding | FCF yield 11.6% | Sector in Stage2,High PE 52,3-4 years,Medium-High,"yfinance, screener.in",70,25,,2026-06-01,2026-06-01,0,,1,
MANAKCOAT,Manaksia Coated Metals & Industries Limited,Industrials,Metal Fabrication,1104.0,Small-Cap,None,,0.0,0,,,Downtrend,False,False,Below-MAs,False,Stage2,4,Uptrend,Uptrend,99.3,,,84.41,245.35,406.72,674.22,406.72,309.6,102.4,24.15,,3.0,0.37,11.57,5.0,1.5,,0,none,14.1,19.9,1.6,9.0,0.51,4.6,6.35,13.04,10.68,14.66,173.33,65.77,46.87,6.7,0.15,highly inconsistent earnings,0.33,,1.79,,-75.4,-6.83,57.46,0.0,,1.14,-0.31,0.59,-0.05,182.82,94.2,45.7,5.4,-18.01,454.09,,0.48,5,20.0,3.0,12.0,0.0,35.0,MONITOR ⭐,Expected ~102% CAGR (2yr) | Profit CAGR 66% | ROCE trend rising ↑ | Promoter 57% holding | Piotroski F=5 (above average quality) | PEG 0.37 — deeply undervalued,None identified,3-4 years,Medium-High,"yfinance, screener.in",100,135,,2026-06-01,2026-06-01,0,,1,
NH,Narayana Hrudayalaya Limited,Healthcare,Medical Care Facilities,38467.0,Large-Cap,None,,0.0,0,,,Sideways-Above-MA,True,False,Constructive,True,Stage2,4,Uptrend,Uptrend,1884.1,,,1601.48,1745.65,2000.1,2108.78,1918.65,6.2,3.0,47.4,27.48,9.48,4.78,24.32,24.0,65.1,2122.29,14,buy,20.9,15.4,1.34,20.0,2.43,10.08,8.04,44.01,20.39,25.04,1.9,9.91,46.61,13.5,0.15,highly inconsistent earnings,1.29,,2.15,,349.66,0.91,63.27,0.0,,9.98,-1.12,9.14,1.23,2370.2,1589.0,20.5,18.6,-5.54,68.14,,,7,24.0,9.0,1.0,1.0,35.0,MONITOR ⭐,Expected ~3% CAGR (2yr) | Revenue CAGR 20% | ROE 21% | ROCE trend rising ↑ | Promoter 63% holding | Piotroski F=7 (high quality compounder),High D/E 1.3,3-4 years,Medium-High,"yfinance, screener.in",100,125,,2026-06-01,2026-06-01,0,,1,
PLATIND,Platinum Industries Limited,Basic Materials,Specialty Chemicals,1259.0,Small-Cap,MonthlyDoubleBottom,Forming,1.0,21,Sep 21mo | Mid rally 184% | Asymmetry 8%,,Sideways,False,False,Below-MAs,True,Stage2,1,Uptrend,Uptrend,225.04,502.05,169.7,191.28,230.13,834.4,280.03,253.86,270.8,92.6,23.3,,2.75,2.26,18.35,0.0,,,0,none,12.7,15.7,-20.0,13.0,0.66,11.54,6.62,14.8,24.89,38.28,2.0,10.31,59.12,136.9,0.15,highly inconsistent earnings,0.02,,4.17,,-37.39,-2.97,70.03,0.0,,0.59,-0.03,3.6,0.65,342.4,183.5,34.3,22.6,-10.71,,0.47,0.72,4,17.0,19.0,-1.0,0.0,35.0,MONITOR ⭐,Expected ~93% CAGR (2yr) | Revenue CAGR 25% | Nearly debt-free | Promoter 70% holding | DII buying +0.7% ↑ | MonthlyDoubleBottom forming (21mo base),Pattern still forming (not broken out),3-4 years,Medium-High,"yfinance, screener.in",90,27,,2026-06-01,2026-06-01,0,,1,
REDTAPE,REDTAPE Limited,Consumer Cyclical,Footwear & Accessories,7713.0,Small-Cap,None,,0.0,0,,,Sideways-Above-MA,True,True,Constructive,True,Stage2,3,Uptrend,Uptrend,128.39,,,109.13,213.15,254.24,303.26,254.24,98.0,40.7,32.07,,8.96,1.66,24.32,143.0,,,0,none,26.6,24.1,-4.6,14.0,-0.4,9.95,7.16,19.69,18.11,,41.76,19.28,,69.5,0.15,highly inconsistent earnings,0.7,,1.56,,-100.47,-1.3,71.83,0.04,,3.81,-0.07,11.01,0.13,163.5,107.53,21.5,19.4,5.84,,,0.04,4,19.0,9.0,4.0,3.0,35.0,MONITOR ⭐,Expected ~41% CAGR (2yr) | Revenue CAGR 18% | ROE 27% | ROCE 24% | Promoter 72% holding | Weekly volume expanding,None identified,3-4 years,Medium-High,"yfinance, screener.in",100,34,,2026-06-01,2026-06-01,0,,1,
