Stock,Company_Name,Sector,Industry,Market_Cap_Cr,Cap_Class,Monthly_Pattern,Monthly_Pattern_Status,Monthly_Pattern_Quality,Monthly_Pattern_Duration_Mo,Monthly_Pattern_Details,Converging_Signals,Weekly_Trend,Weekly_Above_40MA,Weekly_Volume_Expanding,Daily_Setup,Daily_Above_50MA,Sector_Trend,Sector_Stage2_Age_Mo,Index_Regime,Nifty_Monthly_Trend,CMP,Breakout_Zone,Pattern_Bottom,Stop_Loss,Target_1yr,Target_2yr,Target_3yr,Fair_Value_Estimate,Upside_Potential_Pct,Expected_CAGR_2yr_Pct,PE_Ratio,Forward_PE,PB_Ratio,PEG_Ratio,EV_EBITDA,Dividend_Yield_Pct,Dividend_Growth_3yr_Pct,Analyst_Target,Analyst_Count,Analyst_Recommendation,ROE_Pct,ROCE_Pct,ROCE_Trend,Operating_Margin_Pct,OPM_Trend,Net_Margin_Pct,Return_on_Assets_Pct,Revenue_Growth_TTM_Pct,Revenue_Growth_3yr_CAGR,Revenue_Growth_5yr_CAGR,Profit_Growth_TTM_Pct,Profit_Growth_3yr_CAGR,Profit_Growth_5yr_CAGR,EPS_Growth_Quarterly_Pct,EPS_Consistency_Score,EPS_Consistency_Desc,Debt_to_Equity,DE_Trend,Current_Ratio,Interest_Coverage,Free_Cashflow_Cr,FCF_Yield_Pct,Promoter_Holding_Pct,Promoter_Change_QoQ,Promoter_Pledge_Pct,FII_Holding_Pct,FII_Change_QoQ,DII_Holding_Pct,DII_Change_QoQ,52wk_High,52wk_Low,Dist_From_52wk_High_Pct,Dist_From_52wk_Low_Pct,RS_vs_Nifty_1yr_Pct,RS_vs_Nifty_3yr_Pct,Monthly_Vol_Surge,Beta,Piotroski_F_Score,Fundamental_Score_40,Technical_Score_30,Valuation_Score_20,Momentum_Score_10,Overall_Score_100,Rating_Grade,Why_Buy,Key_Risks,Investment_Horizon,Risk_Level,Data_Sources,Data_Quality_Pct,Monthly_Bars,Next_Earnings,Scan_Date,First_Seen_Date,Days_On_Watchlist,Price_Change_Since_First_Pct,Times_Scanned,Score_vs_First
LUPIN,Lupin Limited,Healthcare,Drug Manufacturers - Specialty & Generic,113211.0,Large-Cap,MonthlyDoubleBottom,Forming,0.974,41,Sep 41mo | Mid rally 98% | Asymmetry 1%,,Sideways-Above-MA,True,True,Constructive,False,Stage2,6,Uptrend,Uptrend,2287.4,1234.32,618.72,1944.29,12904.59,18689.63,67460.33,29505.04,717.1,185.8,21.28,24.21,5.04,0.17,13.55,48.0,44.22,2466.51,37,none,29.1,30.3,5.69,32.0,4.29,19.07,12.76,23.12,18.88,13.02,61.98,128.64,54.16,89.0,0.15,highly inconsistent earnings,0.29,,1.9,,4926.22,4.35,46.85,-0.04,,21.7,0.2,25.32,-0.26,2494.0,1836.8,8.3,24.5,26.48,134.47,1.09,0.18,7,40.0,22.19,13.0,8.0,83.2,STRONG BUY ⭐⭐⭐⭐⭐,Expected ~186% CAGR (2yr) | Revenue CAGR 19% | Profit CAGR 129% | ROE 29% | ROCE 30% | ROCE trend rising ↑,Earnings due 2026-08-05 | Pattern still forming (not broken out),1-3 years,Low-Medium,"yfinance, screener.in",100,297,2026-08-05,2026-07-11,2026-06-01,40,0.0,5,2.0
SEAMECLTD,Seamec Limited,Industrials,Marine Shipping,3653.0,Small-Cap,MonthlyStage2,Stage Change,1.0,24,10-EMA=1359 | 30-EMA=1159 | Above by 40.1% | MA turning=Yes,MonthlyCupHandle+MonthlyDoubleBottom+MonthlyStage2,Uptrend,True,False,Tight-Above-MAs,True,Stage2,4,Uptrend,Uptrend,1623.5,1159.11,796.15,1379.97,7895.06,15434.05,30172.02,15434.05,850.7,208.3,14.47,,2.8,0.15,9.53,0.0,0.0,,0,none,21.8,20.0,2.03,42.0,2.06,26.39,9.36,46.01,29.63,29.94,188.64,95.49,20.74,140.8,0.15,highly inconsistent earnings,0.27,,1.89,,-201.82,-5.53,72.72,0.0,,3.73,0.37,4.49,0.41,1709.2,752.55,5.0,115.7,107.56,100.84,0.47,0.11,6,35.0,28.5,12.0,7.0,82.5,STRONG BUY ⭐⭐⭐⭐⭐,Expected ~208% CAGR (2yr) | Revenue CAGR 30% | Profit CAGR 95% | ROE 22% | ROCE trend rising ↑ | Low D/E 0.27,None identified,1-3 years,Low-Medium,"yfinance, screener.in",100,288,,2026-07-11,2026-06-01,40,4.0,5,-0.5
STOVEKRAFT,Stove Kraft Limited,Consumer Cyclical,"Furnishings, Fixtures & Appliances",2588.0,Small-Cap,MonthlyDoubleBottom,Forming,1.0,24,Sep 24mo | Mid rally 128% | Asymmetry 10%,,Sideways-Above-MA,True,False,Constructive,True,Stage2,3,Uptrend,Uptrend,540.5,971.26,406.6,459.43,2185.69,5741.77,37806.54,9090.29,962.3,225.9,61.71,30.74,5.13,0.2,16.08,45.0,20.0,719.0,3,buy,67.5,31.8,7.4,13.0,2.86,2.61,4.55,28.21,17.91,11.48,2600.0,,,317.9,0.2,multiple loss years in history,0.23,,0.97,,141.1,5.45,55.79,0.0,,0.81,-0.06,7.97,-0.37,813.95,447.05,33.6,20.9,-1.35,2.18,1.15,0.41,6,40.0,22.5,16.0,4.0,82.5,STRONG BUY ⭐⭐⭐⭐⭐,Expected ~226% CAGR (2yr) | Revenue CAGR 18% | Profit CAGR 316% | ROE 68% | ROCE 32% | ROCE trend rising ↑,High PE 62 | Pattern still forming (not broken out),1-3 years,Low-Medium,"yfinance, screener.in",90,64,,2026-07-11,2026-06-01,40,0.0,5,3.0
CONSOFINVT,Consolidated Finvest & Holdings Limited,Financial Services,Capital Markets,756.0,Small-Cap,MonthlyStage2,Stage Change,1.0,24,10-EMA=217 | 30-EMA=198 | Above by 32.7% | MA turning=Yes,MonthlyCupHandle+MonthlyDoubleBottom+MonthlyStage2,Uptrend,True,True,Uptrend,True,Stage2,12,Uptrend,Uptrend,263.33,198.41,164.27,223.83,879.99,1628.5,3013.7,1628.5,518.4,148.7,11.96,,0.65,0.14,12.24,48.0,33.9,,0,none,33.6,34.5,,99.18,,86.77,3.22,-87.62,17.57,-0.75,1.58,85.06,53.39,-40.0,0.2,multiple loss years in history,,,190.33,,36.74,4.86,74.89,0.0,,2.58,-1.6,0.02,0.0,254.0,152.0,-3.7,73.2,44.02,62.5,0.85,0.53,3,34.0,26.5,14.0,8.0,82.5,STRONG BUY ⭐⭐⭐⭐⭐,Expected ~149% CAGR (2yr) | Revenue CAGR 18% | Profit CAGR 85% | ROE 34% | ROCE 34% | Promoter 75% holding,None identified,1-3 years,Low-Medium,"yfinance, screener.in",90,289,,2026-07-11,2026-06-01,40,13.9,5,7.0
JINDRILL,Jindal Drilling & Industries Limited,Energy,Oil & Gas Equipment & Services,1604.0,Small-Cap,MonthlyDoubleBottom,Forming,1.0,21,Sep 21mo | Mid rally 456% | Asymmetry 0%,MonthlyDoubleBottom+MonthlyStage2,Uptrend,True,False,Constructive,True,Stage2,1,Uptrend,Uptrend,655.45,1032.12,185.38,557.13,2007.03,2600.51,3369.48,2600.51,296.8,99.2,7.62,,0.88,0.26,3.84,18.0,25.99,,0,none,12.5,15.4,2.69,35.0,3.43,21.13,4.92,20.41,24.87,20.16,-2.31,29.57,25.42,-36.6,0.15,highly inconsistent earnings,0.05,,1.58,,130.28,8.12,66.78,0.34,,0.62,-0.23,0.0,0.0,693.5,440.1,5.5,48.9,10.86,69.85,8.92,-0.34,7,40.0,25.0,14.0,3.0,82.0,STRONG BUY ⭐⭐⭐⭐⭐,Expected ~99% CAGR (2yr) | Revenue CAGR 25% | Profit CAGR 30% | ROCE trend rising ↑ | Nearly debt-free | Promoter 67% holding,Pattern still forming (not broken out),1-3 years,Low-Medium,"yfinance, screener.in",100,261,,2026-07-11,2026-06-01,40,0.0,5,-1.0
MCX,Multi Commodity Exchange of India Limited,Financial Services,Financial Data & Stock Exchanges,71620.0,Large-Cap,MonthlyDoubleBottom,Forming,0.968,25,Sep 25mo | Mid rally 104% | Asymmetry 7%,,Uptrend,True,False,Uptrend,True,Stage2,12,Uptrend,Uptrend,3414.7,251.5,119.52,2902.49,2847.2,4928.93,12263.7,5909.08,44.3,20.1,53.76,33.9,17.02,0.5,38.24,21.0,19.91,3458.71,14,buy,56.3,71.4,10.17,71.0,4.26,54.82,17.92,106.83,64.83,42.56,137.86,107.54,42.71,291.1,0.15,highly inconsistent earnings,0.0,,1.31,,2811.41,3.93,,,,26.07,5.43,54.35,-4.81,3480.0,1460.8,1.9,133.8,99.34,1033.5,0.58,0.6,6,40.0,26.12,8.0,7.0,81.1,STRONG BUY ⭐⭐⭐⭐⭐,Expected ~20% CAGR (2yr) | Revenue CAGR 65% | Profit CAGR 108% | ROE 56% | ROCE 71% | ROCE trend rising ↑,High PE 54 | Earnings due 2026-07-30 | Pattern still forming (not broken out),1-3 years,Low-Medium,"yfinance, screener.in",90,171,2026-07-30,2026-07-11,2026-06-01,40,0.0,5,2.0
NATIONALUM,National Aluminium Company Limited,Basic Materials,Aluminum,63841.0,Large-Cap,MonthlyDoubleBottom,Forming,0.971,11,Sep 11mo | Mid rally 98% | Asymmetry 1%,,Sideways-Above-MA,True,False,Constructive,False,Stage2,1,Uptrend,Uptrend,398.95,109.96,55.48,339.11,1320.28,1425.3,3348.72,2102.67,257.3,89.0,10.39,9.22,2.95,0.18,6.95,230.0,5.73,409.25,12,hold,29.4,39.6,4.8,44.0,4.69,32.49,18.2,6.28,7.77,14.78,10.04,59.26,34.87,-16.7,0.15,highly inconsistent earnings,0.0,,3.6,,3402.6,5.33,51.28,0.0,,22.27,2.6,10.75,-1.6,445.15,179.93,10.4,121.7,124.1,428.71,0.39,0.61,6,40.0,20.65,13.0,7.0,80.6,STRONG BUY ⭐⭐⭐⭐⭐,Expected ~89% CAGR (2yr) | Profit CAGR 59% | ROE 29% | ROCE 40% | ROCE trend rising ↑ | Nearly debt-free,Earnings due 2026-07-30 | Pattern still forming (not broken out),1-3 years,Low-Medium,"yfinance, screener.in",100,326,2026-07-30,2026-07-11,2026-06-01,40,0.0,5,-2.0
NAM-INDIA,Nippon Life India Asset Management Limited,Financial Services,Asset Management,77879.0,Large-Cap,MonthlyDoubleBottom,Forming,1.0,36,Sep 36mo | Mid rally 133% | Asymmetry 3%,,Uptrend,True,False,Tight-Above-MAs,True,Stage2,12,Uptrend,Uptrend,1082.2,412.28,174.58,919.87,582.02,900.63,958.95,747.08,,,51.55,36.63,16.68,1.82,37.03,176.0,-1.3,1130.96,24,buy,34.5,43.8,3.06,69.0,1.11,52.14,25.06,16.12,24.59,15.56,18.9,28.36,17.59,28.8,0.15,highly inconsistent earnings,0.02,,12.5,,1295.47,1.66,71.93,-0.12,,7.35,-0.55,14.77,0.94,1233.5,772.15,12.3,40.2,46.1,289.82,0.71,0.59,7,40.0,28.5,2.0,10.0,80.5,STRONG BUY ⭐⭐⭐⭐⭐,Revenue CAGR 25% | Profit CAGR 28% | ROE 34% | ROCE 44% | ROCE trend rising ↑ | Nearly debt-free,High PE 52 | Pattern still forming (not broken out),1-3 years,Low-Medium,"yfinance, screener.in",100,103,,2026-07-11,2026-06-01,40,0.0,5,0.0
LUMAXTECH,Lumax Auto Technologies Limited,Consumer Cyclical,Auto Parts,10391.0,Mid-Cap,MonthlyDoubleBottom,Forming,1.0,33,Sep 33mo | Mid rally 205% | Asymmetry 2%,,Sideways-Above-MA,True,False,Constructive,False,Stage2,3,Uptrend,Uptrend,1626.1,194.78,63.18,1382.18,3622.42,3963.96,7595.14,5245.26,143.8,56.1,37.31,23.89,8.58,0.83,17.52,36.0,16.26,2042.0,5,none,26.8,21.4,1.4,14.0,1.03,5.73,8.34,33.9,38.15,34.46,47.16,44.8,45.89,50.9,1.0,steady compounder (low CV),0.83,,1.06,,65.65,0.63,55.98,0.0,,8.38,0.38,16.81,0.29,1898.0,954.1,14.3,70.4,46.64,349.82,0.45,0.43,6,39.0,22.5,12.0,7.0,80.5,STRONG BUY ⭐⭐⭐⭐⭐,Expected ~56% CAGR (2yr) | Revenue CAGR 38% | Profit CAGR 45% | ROE 27% | ROCE 21% | ROCE trend rising ↑,Pattern still forming (not broken out),2-3 years,Medium,"yfinance, screener.in",100,233,,2026-07-11,2026-06-01,40,0.0,5,4.0
TIPSMUSIC,Tips Music Limited,Communication Services,Entertainment,8752.0,Mid-Cap,MonthlyStage2,Stage Change,1.0,24,10-EMA=584 | 30-EMA=532 | Above by 22.5% | MA turning=Yes,MonthlyCupHandle+MonthlyStage2,Uptrend,True,False,Tight-Above-MAs,True,Downtrend,0,Uptrend,Uptrend,651.65,532.13,394.42,553.9,938.18,1393.63,3512.75,1815.38,113.9,46.2,40.32,29.55,33.67,0.43,31.18,234.0,12.62,761.0,3,none,92.33,,,73.42,,57.72,48.7,32.4,,,93.5,,,92.9,0.5,insufficient history,0.02,,3.12,,174.48,1.99,64.15,0.0,,7.48,0.14,4.94,-0.03,726.75,481.15,10.3,35.4,6.91,134.33,0.53,0.28,5,40.0,27.5,9.0,3.0,79.5,BUY ⭐⭐⭐⭐,Expected ~46% CAGR (2yr) | Revenue CAGR 32% | Profit CAGR 94% | ROE 92% | Nearly debt-free | Promoter 64% holding,None identified,1-3 years,Low-Medium,"yfinance, screener.in",70,287,,2026-07-11,2026-06-01,40,0.0,5,1.0
SANGHVIMOV,Sanghvi Movers Limited,Industrials,Rental & Leasing Services,4011.0,Small-Cap,MonthlyStage2,Stage Change,1.0,24,10-EMA=334 | 30-EMA=324 | Above by 29.2% | MA turning=Yes,MonthlyDoubleBottom+MonthlyStage2,Uptrend,True,True,Tight-Above-MAs,True,Stage2,4,Uptrend,Uptrend,418.95,324.33,209.13,356.11,1284.43,2377.86,4402.13,2377.86,467.6,138.2,21.74,,3.06,0.26,11.17,43.0,58.74,,0,none,15.5,16.7,2.0,37.0,-0.3,17.22,8.16,36.83,47.27,,17.2,85.13,,27.8,0.15,highly inconsistent earnings,0.51,,1.77,,-221.36,-5.52,47.25,0.0,,1.48,0.02,1.3,-0.1,464.8,223.8,9.9,87.2,58.99,13.67,0.41,0.96,5,29.0,28.5,12.0,10.0,79.5,BUY ⭐⭐⭐⭐,Expected ~138% CAGR (2yr) | Revenue CAGR 47% | Profit CAGR 85% | ROCE trend rising ↑ | OPM 37% | Piotroski F=5 (above average quality),None identified,2-3 years,Medium,"yfinance, screener.in",100,234,,2026-07-11,2026-06-01,40,30.8,5,13.1
ASHIANA,Ashiana Housing Limited,Real Estate,Real Estate - Development,3919.0,Small-Cap,MonthlyStage2,Stage Change,1.0,24,10-EMA=340 | 30-EMA=306 | Above by 22.6% | MA turning=Yes,MonthlyCupHandle+MonthlyDoubleBottom+MonthlyStage2,Uptrend,True,False,Tight-Above-MAs,True,Stage2,3,Uptrend,Uptrend,374.65,305.69,263.99,318.45,671.08,1083.99,1750.97,1083.99,189.3,70.1,32.46,22.67,4.33,0.53,23.76,64.0,25.99,,0,none,14.5,14.4,2.54,11.0,2.26,10.31,1.87,116.07,40.74,36.41,555.56,61.53,53.16,3.2,0.15,highly inconsistent earnings,0.38,,1.33,,442.37,11.29,61.11,0.0,,8.29,0.39,8.07,0.01,406.0,269.45,7.7,39.0,22.33,58.48,0.25,0.28,5,36.0,28.5,6.0,8.0,78.5,BUY ⭐⭐⭐⭐,Expected ~70% CAGR (2yr) | Revenue CAGR 41% | Profit CAGR 62% | ROCE trend rising ↑ | Promoter 61% holding | FCF yield 11.3%,None identified,2-3 years,Medium,"yfinance, screener.in",100,182,,2026-07-11,2026-06-01,40,2.8,5,0.0
NATCOPHARM,NATCO Pharma Limited,Healthcare,Drug Manufacturers - Specialty & Generic,16682.0,Mid-Cap,MonthlyStage2,Stage Change,1.0,24,10-EMA=985 | 30-EMA=956 | Above by 18.3% | MA turning=Yes,MonthlyCupHandle+MonthlyDoubleBottom+MonthlyStage2,Uptrend,True,False,Uptrend,True,Stage2,6,Uptrend,Uptrend,1130.9,956.11,764.93,961.27,5775.45,4762.26,9116.79,7256.28,321.1,105.2,11.76,20.34,1.81,0.46,10.63,70.0,-45.95,1021.22,9,none,16.9,17.1,3.4,35.0,4.06,34.78,7.8,-7.95,14.64,14.72,-24.69,25.64,26.26,-34.1,0.15,highly inconsistent earnings,0.08,,3.01,,820.65,4.92,49.41,-0.07,,17.37,2.21,5.46,0.07,1226.8,789.0,7.8,43.3,30.47,43.98,0.36,0.2,7,33.0,26.5,12.0,7.0,78.5,BUY ⭐⭐⭐⭐,Expected ~105% CAGR (2yr) | Profit CAGR 26% | ROCE trend rising ↑ | Nearly debt-free | OPM 35% | FCF yield 4.9%,Earnings due 2026-08-12,1-3 years,Low-Medium,"yfinance, screener.in",100,365,2026-08-12,2026-07-11,2026-06-01,40,0.0,5,0.0
SKYGOLD,Sky Gold and Diamonds Limited,Consumer Cyclical,Luxury Goods,8673.0,Mid-Cap,MonthlyDoubleBottom,Forming,0.372,13,Sep 13mo | Mid rally 40% | Asymmetry 2%,,Uptrend,True,True,Uptrend,True,Stage2,3,Uptrend,Uptrend,535.9,402.85,285.0,455.51,2552.58,4002.71,15415.8,6272.96,646.9,173.3,30.96,18.3,7.24,0.21,21.45,0.0,,597.33,3,none,29.2,27.0,3.3,7.0,1.1,4.37,14.83,77.42,76.03,,112.03,145.75,,120.8,0.4,lumpy earner,0.72,,1.89,,137.76,1.59,51.74,0.0,,1.2,0.42,13.14,1.48,590.0,246.05,9.2,117.8,89.17,1889.28,0.73,0.15,5,40.0,17.96,12.0,8.0,78.0,BUY ⭐⭐⭐⭐,Expected ~173% CAGR (2yr) | Revenue CAGR 76% | Profit CAGR 146% | ROE 29% | ROCE 27% | ROCE trend rising ↑,Pattern still forming (not broken out),2-3 years,Medium,"yfinance, screener.in",100,42,,2026-07-11,2026-06-01,40,16.9,5,-5.0
THANGAMAYL,Thangamayil Jewellery Limited,Consumer Cyclical,Luxury Goods,19145.0,Mid-Cap,MonthlyDoubleBottom,Forming,0.991,8,Sep 8mo | Mid rally 109% | Asymmetry 10%,,Uptrend,True,True,Uptrend,True,Stage2,3,Uptrend,Uptrend,3653.1,230.34,105.16,3105.13,18184.13,51165.34,369702.96,81992.23,1300.6,274.2,54.35,39.82,13.52,0.15,34.85,29.0,37.16,4925.0,3,none,27.93,,,7.11,,4.14,10.28,105.6,,,350.9,,,354.3,0.5,insufficient history,0.65,,1.54,,203.12,1.06,61.61,0.05,,4.37,-0.33,17.41,0.79,6572.0,1750.1,44.4,108.7,105.19,366.38,1.12,0.5,5,34.0,24.89,11.0,8.0,77.9,BUY ⭐⭐⭐⭐,Expected ~274% CAGR (2yr) | Revenue CAGR 106% | Profit CAGR 351% | ROE 28% | Promoter 62% holding | Piotroski F=5 (above average quality),High PE 54 | Pattern still forming (not broken out),2-3 years,Medium,"yfinance, screener.in",70,196,,2026-07-11,2026-06-01,40,0.0,5,-4.0
KIRLPNU,Kirloskar Pneumatic Company Limited,Industrials,Specialty Industrial Machinery,11862.0,Mid-Cap,MonthlyStage2,Stage Change,1.0,24,10-EMA=1275 | 30-EMA=1142 | Above by 38.5% | MA turning=Yes,MonthlyCupHandle+MonthlyDoubleBottom+MonthlyStage2,Uptrend,True,True,Tight-Above-MAs,True,Stage2,4,Uptrend,Uptrend,1581.5,1141.5,988.59,1344.27,2971.79,4998.13,17353.7,7181.33,216.0,77.8,46.3,35.25,9.5,0.33,32.06,66.0,58.74,1723.33,3,none,22.6,29.6,-3.09,20.0,1.6,14.34,11.95,8.96,59.43,27.14,20.38,141.65,38.97,79.8,0.15,highly inconsistent earnings,0.0,,2.65,,115.04,0.97,38.81,-0.01,,9.56,2.83,26.53,-1.71,2197.1,990.1,28.0,59.7,20.18,125.03,1.01,0.53,6,36.0,28.5,8.0,5.0,77.5,BUY ⭐⭐⭐⭐,Expected ~78% CAGR (2yr) | Revenue CAGR 59% | Profit CAGR 142% | ROE 23% | ROCE 30% | Nearly debt-free,None identified,1-3 years,Low-Medium,"yfinance, screener.in",100,38,,2026-07-11,2026-06-01,40,0.0,5,1.0
RRKABEL,R R Kabel Limited,Industrials,Electrical Equipment & Parts,26504.0,Mid-Cap,MonthlyStage2,Breaking Out,1.0,24,10-EMA=1502 | 30-EMA=1429 | Above by 34.3% | MA turning=Yes,,Uptrend,True,True,Tight-Above-MAs,True,Stage2,4,Uptrend,Uptrend,1918.9,1428.79,885.37,1631.07,1764.61,2287.53,3327.48,2423.16,19.2,9.2,53.76,34.65,10.3,1.44,34.78,47.0,22.39,2084.08,13,strong_buy,21.3,28.1,2.2,8.0,-0.2,5.06,10.62,27.62,20.19,28.98,57.69,37.32,29.52,30.1,0.15,highly inconsistent earnings,0.13,,1.65,,-191.82,-0.72,61.65,0.0,,9.1,0.7,13.33,-0.61,2549.0,1165.0,24.7,64.7,50.79,,2.07,1.45,5,35.0,30.0,4.0,8.0,77.0,BUY ⭐⭐⭐⭐,Expected ~9% CAGR (2yr) | Revenue CAGR 20% | Profit CAGR 37% | ROE 21% | ROCE 28% | ROCE trend rising ↑,High PE 54,1-3 years,Low-Medium,"yfinance, screener.in",100,33,,2026-07-11,2026-06-01,40,0.0,5,-2.0
ZYDUSLIFE,Zydus Lifesciences Limited,Healthcare,Drug Manufacturers - Specialty & Generic,113775.0,Large-Cap,MonthlyDoubleBottom,Forming,1.0,8,Sep 8mo | Mid rally 1741% | Asymmetry 1%,MonthlyCupHandle+MonthlyDoubleBottom,Uptrend,True,True,Constructive,True,Stage2,6,Uptrend,Uptrend,1018.9,64.09,3.47,866.06,3159.34,2984.95,5740.86,4258.8,193.0,71.2,22.78,24.48,4.54,0.65,16.88,9.0,63.86,1074.17,30,hold,21.2,21.2,2.14,31.0,2.14,18.57,8.07,16.81,16.35,12.45,9.65,34.8,18.59,8.7,0.15,highly inconsistent earnings,0.42,,1.27,,1331.01,1.17,75.02,0.02,,6.89,-0.06,11.18,-0.02,1142.9,835.5,10.8,22.0,11.82,56.13,1.11,0.4,6,37.0,24.0,10.0,6.0,77.0,BUY ⭐⭐⭐⭐,Expected ~71% CAGR (2yr) | Revenue CAGR 16% | Profit CAGR 35% | ROE 21% | ROCE 21% | ROCE trend rising ↑,Earnings due 2026-08-12 | Pattern still forming (not broken out),2-3 years,Medium,"yfinance, screener.in",100,314,2026-08-12,2026-07-11,2026-06-01,40,0.0,5,0.0
KERNEX,Kernex Microsystems (India) Limited,Technology,Software - Application,3997.0,Small-Cap,MonthlyStage2,Stage Change,1.0,24,10-EMA=1163 | 30-EMA=944 | Above by 43.5% | MA turning=Yes,MonthlyDoubleBottom+MonthlyStage2,Uptrend,True,False,Tight-Above-MAs,True,Downtrend,0,Uptrend,Uptrend,1354.0,943.72,396.3,1150.9,3100.65,9562.4,29490.43,9562.4,606.2,165.8,45.25,,16.08,0.22,27.73,0.0,0.0,,0,none,43.5,47.8,9.51,35.0,24.6,20.53,15.46,126.32,375.48,88.64,76.0,208.4,,109.5,0.2,multiple loss years in history,0.66,,1.31,,-131.54,-3.29,28.85,-0.04,,0.3,0.23,0.02,-0.05,2427.3,850.0,44.2,59.3,21.79,255.02,1.06,0.06,4,33.0,27.5,8.0,8.0,76.5,BUY ⭐⭐⭐⭐,Expected ~166% CAGR (2yr) | Revenue CAGR 375% | Profit CAGR 208% | ROE 44% | ROCE 48% | ROCE trend rising ↑,None identified,2-3 years,Medium,"yfinance, screener.in",100,246,,2026-07-11,2026-06-01,40,0.0,5,0.0
PANACHE,Panache Digilife Limited,Technology,Communication Equipment,624.0,Small-Cap,MonthlyDoubleBottom,Forming,1.0,33,Sep 33mo | Mid rally 147% | Asymmetry 8%,,Sideways-Above-MA,True,True,Constructive,True,Downtrend,0,Uptrend,Uptrend,368.85,94.8,36.79,313.52,694.86,1786.69,4594.11,1786.69,384.4,120.1,45.86,,5.72,0.29,21.73,0.0,-20.63,,0,none,21.6,25.6,2.43,11.0,0.51,6.67,10.32,109.48,29.46,25.52,142.86,157.13,33.56,323.7,0.15,highly inconsistent earnings,0.26,,1.82,,-27.14,-4.35,54.05,2.37,,,,,,472.15,202.1,21.9,82.5,81.85,477.04,0.53,0.27,5,37.0,21.5,10.0,8.0,76.5,BUY ⭐⭐⭐⭐,Expected ~120% CAGR (2yr) | Revenue CAGR 29% | Profit CAGR 157% | ROE 22% | ROCE 26% | ROCE trend rising ↑,Pattern still forming (not broken out),1-3 years,Low-Medium,"yfinance, screener.in",100,110,,2026-07-11,2026-06-01,40,0.0,5,2.0
SKIPPER,Skipper Limited,Industrials,Engineering & Construction,6491.0,Small-Cap,MonthlyStage2,Stage Change,1.0,24,10-EMA=471 | 30-EMA=413 | Above by 34.7% | MA turning=Yes,MonthlyDoubleBottom+MonthlyStage2,Uptrend,True,False,Tight-Above-MAs,True,Stage2,4,Uptrend,Uptrend,556.2,412.78,334.35,472.77,1187.99,2148.71,3886.38,2148.71,286.3,96.6,30.49,18.79,4.32,0.38,12.86,2.0,0.78,565.0,2,none,16.5,23.3,3.46,10.0,0.14,3.84,7.77,20.09,41.02,28.55,42.95,80.87,58.94,62.9,0.4,lumpy earner,0.64,,1.3,,-309.44,-4.77,66.5,0.02,,6.07,-0.3,1.66,0.86,588.0,327.05,5.4,70.1,18.19,192.01,1.25,0.64,5,31.0,28.5,11.0,6.0,76.5,BUY ⭐⭐⭐⭐,Expected ~97% CAGR (2yr) | Revenue CAGR 41% | Profit CAGR 81% | ROCE 23% | ROCE trend rising ↑ | Promoter 66% holding,None identified,2-3 years,Medium,"yfinance, screener.in",100,134,,2026-07-11,2026-06-01,40,19.2,5,9.0
PRIVISCL,Privi Speciality Chemicals Limited,Basic Materials,Specialty Chemicals,14433.0,Mid-Cap,MonthlyDoubleBottom,Forming,0.718,14,Sep 14mo | Mid rally 72% | Asymmetry 1%,,Uptrend,True,False,Tight-Above-MAs,True,Stage2,1,Uptrend,Uptrend,3086.0,1736.85,1003.74,2623.1,3739.35,9241.44,22839.3,9241.44,199.5,73.1,44.06,25.75,10.22,0.3,24.06,27.0,35.72,3884.5,2,strong_buy,26.0,22.1,2.11,25.0,2.17,12.78,10.54,22.04,16.83,14.96,71.35,147.14,22.06,40.9,0.15,highly inconsistent earnings,0.71,,1.46,,112.89,0.78,60.6,0.0,,1.37,-0.27,10.67,0.42,3760.0,2173.2,17.9,42.0,43.91,163.88,0.55,-0.12,6,35.0,24.12,7.0,10.0,76.1,BUY ⭐⭐⭐⭐,Expected ~73% CAGR (2yr) | Revenue CAGR 17% | Profit CAGR 147% | ROE 26% | ROCE 22% | ROCE trend rising ↑,Pattern still forming (not broken out),2-3 years,Medium,"yfinance, screener.in",100,133,,2026-07-11,2026-06-01,40,0.0,5,2.0
SKMEGGPROD,SKM Egg Products Export (India) Limited,Consumer Defensive,Packaged Foods,1659.0,Small-Cap,MonthlyDoubleBottom,Breakout Ready,1.0,22,Sep 22mo | Mid rally 174% | Asymmetry 3%,MonthlyCupHandle+MonthlyDoubleBottom,Uptrend,True,True,Tight-Above-MAs,True,Stage2,15,Uptrend,Uptrend,239.43,64.65,23.29,203.52,673.95,748.22,830.68,748.22,212.5,76.8,15.98,,4.19,1.45,9.96,24.0,44.22,,0,none,29.7,30.0,2.49,21.0,1.8,13.51,17.0,54.22,5.08,23.35,197.14,11.02,45.41,414.4,0.15,highly inconsistent earnings,0.36,,2.86,,16.81,1.01,57.47,0.04,,0.49,-0.26,0.36,0.04,324.4,131.5,26.2,82.1,65.19,78.71,3.16,-0.14,6,28.0,30.0,8.0,10.0,76.0,BUY ⭐⭐⭐⭐,Expected ~77% CAGR (2yr) | ROE 30% | ROCE 30% | ROCE trend rising ↑ | Promoter 57% holding | Piotroski F=6 (above average quality),None identified,2-3 years,Medium,"yfinance, screener.in",100,288,,2026-07-11,2026-06-01,40,22.7,5,8.0
WELCORP,Welspun Corp Limited,Basic Materials,Steel,37955.0,Large-Cap,MonthlyDoubleBottom,Forming,1.0,48,Sep 48mo | Mid rally 1092% | Asymmetry 0%,,Uptrend,True,True,Tight-Above-MAs,True,Stage2,1,Uptrend,Uptrend,1280.7,430.46,36.1,1088.6,2365.11,3469.4,9571.45,4757.89,170.9,64.6,23.53,15.86,4.64,0.23,16.07,35.0,0.0,1536.67,6,none,19.4,22.9,1.51,13.0,0.83,9.62,6.91,19.97,19.78,18.58,-14.83,101.17,14.39,-47.0,0.15,highly inconsistent earnings,0.25,,1.33,,186.57,0.49,49.73,0.0,,11.23,-0.22,21.49,0.94,1539.0,710.0,16.8,80.4,46.99,384.74,0.55,0.48,6,30.0,28.5,9.0,8.0,75.5,BUY ⭐⭐⭐⭐,Expected ~65% CAGR (2yr) | Revenue CAGR 20% | Profit CAGR 101% | ROCE 23% | ROCE trend rising ↑ | Low D/E 0.25,Pattern still forming (not broken out),1-3 years,Low-Medium,"yfinance, screener.in",100,312,,2026-07-11,2026-06-01,40,0.0,5,-2.0
THYROCARE,Thyrocare Technologies Limited,Healthcare,Diagnostics & Research,8843.0,Mid-Cap,MonthlyDoubleBottom,Forming,1.0,36,Sep 36mo | Mid rally 676% | Asymmetry 6%,,Sideways-Above-MA,True,True,Constructive,True,Stage2,6,Uptrend,Uptrend,470.65,967.28,121.16,400.05,620.68,1813.4,1157.49,847.6,285.3,96.3,54.36,39.8,16.53,1.49,35.82,294.0,5.27,603.0,5,none,28.4,35.4,-1.57,32.0,-1.43,19.67,17.69,20.67,16.3,10.86,79.12,36.56,7.6,118.6,0.15,highly inconsistent earnings,0.09,,3.39,,171.93,1.94,60.92,-0.01,,5.37,0.41,21.0,0.48,578.25,335.88,18.6,40.1,53.36,161.61,1.24,0.47,5,37.0,22.5,6.0,10.0,75.5,BUY ⭐⭐⭐⭐,Expected ~96% CAGR (2yr) | Revenue CAGR 16% | Profit CAGR 37% | ROE 28% | ROCE 35% | Nearly debt-free,High PE 54 | Margin compression ↓ | Pattern still forming (not broken out),1-3 years,Low-Medium,"yfinance, screener.in",100,121,,2026-07-11,2026-06-01,40,0.0,5,0.0
BORORENEW,Borosil Renewables Limited,Technology,Solar,8721.0,Mid-Cap,MonthlyStage2,Stage Change,1.0,24,10-EMA=543 | 30-EMA=521 | Above by 23.0% | MA turning=Yes,MonthlyCupHandle+MonthlyDoubleBottom+MonthlyStage2,Uptrend,True,True,Tight-Above-MAs,True,Downtrend,0,Uptrend,Uptrend,640.55,520.93,377.0,544.47,449.37,664.86,847.86,617.25,3.8,1.9,65.79,,5.77,1.76,18.63,0.0,4.0,,0,none,26.1,25.3,0.91,28.0,0.8,8.3,13.18,5.42,20.42,19.71,245.98,37.36,34.36,,0.2,multiple loss years in history,0.11,,4.76,,208.04,2.39,58.77,0.0,,4.27,0.26,2.33,-0.24,721.0,374.4,11.2,71.1,17.01,20.42,0.66,0.01,7,40.0,27.5,4.0,4.0,75.5,BUY ⭐⭐⭐⭐,Expected ~2% CAGR (2yr) | Revenue CAGR 20% | Profit CAGR 37% | ROE 26% | ROCE 25% | ROCE trend rising ↑,High PE 66,1-3 years,Low-Medium,"yfinance, screener.in",100,99,,2026-07-11,2026-06-01,40,22.0,5,15.3
SANDUMA,The Sandur Manganese & Iron Ores Limited,Basic Materials,Steel,10195.0,Mid-Cap,MonthlyDoubleBottom,Forming,0.877,11,Sep 11mo | Mid rally 90% | Asymmetry 2%,MonthlyCupHandle+MonthlyDoubleBottom,Sideways-Above-MA,True,False,Constructive,False,Stage2,1,Uptrend,Uptrend,217.09,210.6,109.48,184.53,405.99,545.7,733.47,545.7,151.4,58.5,15.52,,3.13,0.45,9.05,20.0,25.0,,0,none,23.2,24.4,-1.57,24.0,-2.46,12.9,11.16,62.3,33.76,48.61,39.7,34.41,34.95,50.5,0.15,highly inconsistent earnings,0.31,,1.16,,793.91,7.79,74.22,0.0,,1.63,0.43,0.66,-0.01,273.0,141.37,20.5,53.6,48.38,,0.2,0.77,4,38.0,19.52,10.0,7.0,74.5,BUY ⭐⭐⭐⭐,Expected ~58% CAGR (2yr) | Revenue CAGR 34% | Profit CAGR 34% | ROE 23% | ROCE 24% | Promoter 74% holding,Margin compression ↓ | Pattern still forming (not broken out),2-3 years,Medium,"yfinance, screener.in",100,34,,2026-07-11,2026-06-01,40,-4.0,5,-6.0
DSSL,Dynacons Systems & Solutions Limited,Technology,Information Technology Services,1677.0,Small-Cap,MonthlyStage2,Stage Change,1.0,24,10-EMA=1188 | 30-EMA=1034 | Above by 28.1% | MA turning=Yes,MonthlyDoubleBottom+MonthlyStage2,Sideways-Above-MA,True,False,Constructive,False,Downtrend,0,Uptrend,Uptrend,1325.1,1034.05,784.85,1126.33,3088.48,4233.68,5803.53,4233.68,219.5,78.7,19.76,,5.3,0.53,12.3,4.0,0.0,,0,none,31.0,29.8,2.31,10.0,1.14,5.95,9.18,12.39,20.99,26.71,18.06,37.08,56.69,3.9,0.4,lumpy earner,0.75,,1.35,,13.4,0.8,60.89,-0.06,,0.37,0.03,0.3,0.04,1924.8,781.0,31.2,69.7,35.56,59.32,0.12,0.76,6,37.0,21.5,10.0,6.0,74.5,BUY ⭐⭐⭐⭐,Expected ~79% CAGR (2yr) | Revenue CAGR 21% | Profit CAGR 37% | ROE 31% | ROCE 30% | ROCE trend rising ↑,None identified,2-3 years,Medium,"yfinance, screener.in",100,223,,2026-07-11,2026-06-01,40,-14.4,5,-1.5
STAR,Strides Pharma Science Limited,Healthcare,Drug Manufacturers - Specialty & Generic,10386.0,Mid-Cap,MonthlyDoubleBottom,Forming,1.0,26,Sep 26mo | Mid rally 276% | Asymmetry 1%,,Uptrend,True,False,Tight-Above-MAs,True,Stage2,6,Uptrend,Uptrend,1153.6,986.17,260.8,980.56,8576.52,14157.22,60096.89,22702.92,1127.2,250.3,18.69,11.81,3.34,0.11,12.94,35.0,100.0,1338.67,3,strong_buy,20.4,18.6,3.49,19.0,2.6,11.45,6.96,6.44,9.63,7.94,-84.02,164.71,-3.41,54.4,0.2,multiple loss years in history,0.56,,1.25,,32.17,0.31,27.91,0.05,,28.68,-0.84,14.44,1.42,1231.0,768.65,6.3,50.1,36.52,147.78,0.61,0.34,5,24.0,28.5,14.0,8.0,74.5,BUY ⭐⭐⭐⭐,Expected ~250% CAGR (2yr) | Profit CAGR 165% | ROE 20% | ROCE trend rising ↑ | Piotroski F=5 (above average quality) | DII buying +1.4% ↑,Pattern still forming (not broken out),2-3 years,Medium,"yfinance, screener.in",100,288,,2026-07-11,2026-06-01,40,0.0,5,2.0
SPARC,Sun Pharma Advanced Research Company Limited,Healthcare,Drug Manufacturers - Specialty & Generic,7768.0,Small-Cap,MonthlyStage2,Stage Change,1.0,24,10-EMA=185 | 30-EMA=185 | Above by 43.4% | MA turning=No,MonthlyDoubleBottom+MonthlyStage2,Uptrend,True,False,Uptrend,True,Stage2,6,Uptrend,Uptrend,264.6,184.51,112.39,224.91,2585.17,2972.94,3418.89,2972.94,1023.6,235.2,5.0,4.32,5.8,,5.21,0.0,,,0,none,279.0,164.0,136.0,85.0,60.7,3967.31,79.22,2509.72,98.84,,552.77,,,,0.2,multiple loss years in history,0.42,,2.47,,-894.95,-11.52,65.68,0.01,,2.48,0.44,0.1,-0.78,253.17,108.0,-4.5,145.0,89.78,-22.65,0.59,0.54,5,32.0,26.5,8.0,8.0,74.5,BUY ⭐⭐⭐⭐,Expected ~235% CAGR (2yr) | Revenue CAGR 99% | ROE 279% | ROCE 164% | ROCE trend rising ↑ | Promoter 66% holding,None identified,2-3 years,Medium,"yfinance, screener.in",90,283,,2026-07-11,2026-06-01,40,47.2,5,2.5
POWERMECH,Power Mech Projects Limited,Industrials,Engineering & Construction,8319.0,Mid-Cap,MonthlyDoubleBottom,Forming,1.0,16,Sep 16mo | Mid rally 120% | Asymmetry 1%,MonthlyDoubleBottom+MonthlyStage2,Sideways-Above-MA,True,False,Constructive,True,Stage2,4,Uptrend,Uptrend,2479.6,3722.33,1681.27,2107.66,4918.14,5763.39,7782.03,6186.53,132.4,52.5,22.83,14.38,3.3,0.89,12.15,5.0,18.56,3180.33,3,buy,15.6,21.8,3.49,12.0,1.54,6.0,7.72,15.82,18.96,26.33,18.39,25.79,25.75,21.6,0.75,consistent growth,0.26,,1.71,,528.1,6.35,58.41,0.08,,6.48,-0.07,20.18,-0.36,3415.0,1717.7,27.4,44.4,-18.37,24.81,0.52,0.59,7,39.0,21.5,13.0,1.0,74.5,BUY ⭐⭐⭐⭐,Expected ~52% CAGR (2yr) | Revenue CAGR 19% | Profit CAGR 26% | ROCE 22% | ROCE trend rising ↑ | Low D/E 0.26,Pattern still forming (not broken out),2-3 years,Medium,"yfinance, screener.in",100,130,,2026-07-11,2026-06-01,40,0.0,5,4.0
FILATEX,Filatex India Limited,Consumer Cyclical,Textile Manufacturing,2485.0,Small-Cap,MonthlyStage2,Stage Change,1.0,24,10-EMA=51 | 30-EMA=51 | Above by 23.0% | MA turning=Yes,MonthlyDoubleBottom+MonthlyStage2,Uptrend,True,True,Constructive,True,Stage2,3,Uptrend,Uptrend,62.25,50.63,36.9,52.91,383.23,555.76,805.97,555.76,792.8,198.8,13.55,4.21,2.58,0.3,4.76,62.0,35.72,,0,none,12.9,16.9,1.2,8.0,-0.11,4.33,,-2.14,29.23,26.63,36.57,45.02,47.74,16.6,1.0,steady compounder (low CV),0.1,,,,,,65.47,0.09,,4.22,-0.29,2.78,0.4,66.1,36.26,5.8,71.7,21.56,7.33,1.19,0.04,2,32.0,25.5,12.0,5.0,74.5,BUY ⭐⭐⭐⭐,Expected ~199% CAGR (2yr) | Revenue CAGR 29% | Profit CAGR 45% | ROCE trend rising ↑ | Low D/E 0.10 | Promoter 65% holding,None identified,2-3 years,Medium,"yfinance, screener.in",80,180,,2026-07-11,2026-06-01,40,46.9,5,11.0
DEEPINDS,Deep Industries Limited,Energy,Oil & Gas E&P,2964.0,Small-Cap,MonthlyStage2,Stage Change,0.977,24,10-EMA=452 | 30-EMA=406 | Above by 14.7% | MA turning=Yes,MonthlyCupHandle+MonthlyStage2,Sideways-Above-MA,True,False,Constructive,False,Stage2,1,Uptrend,Uptrend,465.3,405.8,347.1,395.5,711.15,994.69,1391.27,994.69,113.8,46.2,16.47,7.85,1.48,0.41,8.7,66.0,48.84,650.0,1,none,19.4,16.5,2.69,40.0,0.23,20.2,7.42,54.69,37.73,35.65,349.37,39.87,44.75,,0.15,highly inconsistent earnings,0.1,,2.69,,41.62,1.4,63.49,0.0,,1.81,0.1,1.13,0.03,578.0,330.0,19.5,41.0,-11.97,67.67,0.21,-0.61,7,40.0,22.22,11.0,1.0,74.2,BUY ⭐⭐⭐⭐,Expected ~46% CAGR (2yr) | Revenue CAGR 38% | Profit CAGR 40% | ROCE trend rising ↑ | Nearly debt-free | Promoter 63% holding,None identified,2-3 years,Medium,"yfinance, screener.in",100,64,,2026-07-11,2026-06-01,40,-1.8,5,-4.3
MAHABANK,Bank of Maharashtra,Financial Services,Banks - Regional,68093.0,Large-Cap,MonthlyDoubleBottom,Forming,0.948,24,Sep 24mo | Mid rally 101% | Asymmetry 6%,MonthlyCupHandle+MonthlyDoubleBottom,Uptrend,True,False,Tight-Above-MAs,True,Stage2,12,Uptrend,Uptrend,78.34,46.75,22.59,66.59,242.55,235.82,469.57,337.48,201.0,73.5,9.71,,2.05,0.25,,249.0,19.17,83.33,3,none,22.6,6.03,,46.81,,52.36,1.76,17.37,22.58,19.79,26.61,39.14,65.16,36.1,0.4,lumpy earner,,,,,,,73.6,0.0,,5.55,0.63,13.93,0.43,94.5,51.71,17.1,51.5,46.98,167.31,0.6,0.77,2,28.0,27.88,10.0,8.0,73.9,BUY ⭐⭐⭐⭐,Expected ~74% CAGR (2yr) | Revenue CAGR 23% | Profit CAGR 39% | ROE 23% | Promoter 74% holding | OPM 47%,Pattern still forming (not broken out),2-3 years,Medium,"yfinance, screener.in",80,266,,2026-07-11,2026-06-01,40,0.0,5,1.0
EICHERMOT,Eicher Motors Limited,Consumer Cyclical,Auto Manufacturers,201467.0,Large-Cap,MonthlyDoubleBottom,Forming,1.0,43,Sep 43mo | Mid rally 123% | Asymmetry 5%,,Uptrend,True,False,Uptrend,True,Stage2,3,Uptrend,Uptrend,7365.5,3131.16,1371.92,6260.68,11651.08,11788.83,17825.24,14411.22,60.1,26.5,36.63,27.67,8.02,1.55,33.83,95.0,49.38,7855.25,36,buy,24.0,30.5,3.14,25.0,1.11,23.56,10.42,24.05,17.47,21.83,16.5,23.69,32.57,11.6,0.4,lumpy earner,0.02,,1.9,,3151.76,1.56,49.06,0.0,,26.77,-0.24,14.73,0.09,8230.0,5353.0,10.5,37.6,23.15,102.86,0.47,0.28,7,38.0,26.5,3.0,6.0,73.5,BUY ⭐⭐⭐⭐,Expected ~26% CAGR (2yr) | Revenue CAGR 17% | Profit CAGR 24% | ROE 24% | ROCE 30% | ROCE trend rising ↑,Earnings due 2026-07-30 | Pattern still forming (not broken out),2-3 years,Medium,"yfinance, screener.in",100,367,2026-07-30,2026-07-11,2026-06-01,40,7.0,5,1.0
GPTINFRA,GPT Infraprojects Limited,Industrials,Engineering & Construction,1635.0,Small-Cap,MonthlyStage2,Stage Change,1.0,24,10-EMA=117 | 30-EMA=107 | Above by 15.9% | MA turning=Yes,MonthlyCupHandle+MonthlyStage2,Uptrend,True,False,Tight-Above-MAs,True,Stage2,4,Uptrend,Uptrend,123.87,106.87,89.91,105.29,392.5,580.39,858.22,580.39,368.5,116.5,16.8,,2.71,0.35,10.55,309.0,0.0,,0,none,17.3,21.3,1.91,14.0,-0.06,7.54,8.18,8.59,16.83,16.2,31.08,47.87,37.14,31.5,0.4,lumpy earner,0.5,,1.59,,-24.47,-1.5,69.37,0.0,,2.72,0.14,7.03,-0.07,150.0,96.22,17.4,28.7,13.75,197.84,0.14,-0.12,5,29.0,28.5,12.0,4.0,73.5,BUY ⭐⭐⭐⭐,Expected ~116% CAGR (2yr) | Revenue CAGR 17% | Profit CAGR 48% | ROCE 21% | ROCE trend rising ↑ | Promoter 69% holding,None identified,2-3 years,Medium,"yfinance, screener.in",100,121,,2026-07-11,2026-06-01,40,5.7,5,3.8
HONASA,Honasa Consumer Limited,Consumer Defensive,Household & Personal Products,15054.0,Mid-Cap,MonthlyStage2,Stage Change,1.0,24,10-EMA=337 | 30-EMA=339 | Above by 22.2% | MA turning=Yes,,Uptrend,True,False,Tight-Above-MAs,True,Stage2,15,Uptrend,Uptrend,413.65,338.6,215.43,351.6,1000.96,1643.39,5893.09,2428.74,297.3,99.3,75.2,48.42,10.62,0.53,72.22,0.0,,465.36,14,buy,15.7,19.2,3.3,10.0,43.17,8.36,6.17,15.72,17.01,39.06,173.97,142.64,,177.0,0.2,multiple loss years in history,0.1,,1.69,,159.64,1.06,35.54,0.0,,13.74,-0.88,19.24,0.6,473.35,248.4,12.6,66.5,55.75,,0.92,0.61,7,29.0,28.5,6.0,10.0,73.5,BUY ⭐⭐⭐⭐,Expected ~99% CAGR (2yr) | Revenue CAGR 17% | Profit CAGR 143% | ROCE trend rising ↑ | Nearly debt-free | Piotroski F=7 (high quality compounder),High PE 75,2-3 years,Medium,"yfinance, screener.in",100,32,,2026-07-11,2026-06-01,40,16.7,5,6.1
GOKULAGRO,Gokul Agro Resources Limited,Consumer Defensive,Packaged Foods,6175.0,Small-Cap,MonthlyDoubleBottom,Forming,0.42,10,Sep 10mo | Mid rally 42% | Asymmetry 0%,,Sideways-Above-MA,True,False,Constructive,False,Stage2,15,Uptrend,Uptrend,217.71,67.5,47.4,185.05,1016.42,1431.83,2017.02,1431.83,557.7,156.5,16.73,,4.35,0.41,9.01,0.0,,,0,none,30.0,36.7,2.09,3.0,0.23,1.54,8.6,23.15,30.88,23.53,50.0,40.87,52.32,144.8,0.15,highly inconsistent earnings,0.41,,1.23,,420.05,6.8,74.24,0.0,,1.51,-0.07,0.09,0.08,249.92,142.5,12.9,52.8,34.32,272.1,0.11,-0.08,5,40.0,14.04,12.0,7.0,73.0,BUY ⭐⭐⭐⭐,Expected ~156% CAGR (2yr) | Revenue CAGR 31% | Profit CAGR 41% | ROE 30% | ROCE 37% | ROCE trend rising ↑,Pattern still forming (not broken out),2-3 years,Medium,"yfinance, screener.in",100,125,,2026-07-11,2026-06-01,40,-8.1,5,-7.0
SYNCOMF,Syncom Formulations (India) Limited,Healthcare,Drug Manufacturers - Specialty & Generic,1339.0,Small-Cap,MonthlyDoubleBottom,Forming,1.0,21,Sep 21mo | Mid rally 164% | Asymmetry 7%,,Sideways-Above-MA,True,True,Constructive,True,Stage2,6,Uptrend,Uptrend,14.15,27.9,10.21,12.03,65.94,102.9,160.58,102.9,627.2,169.7,17.58,,3.47,0.31,16.08,0.0,,,0,none,20.2,26.8,2.26,16.0,1.31,15.63,9.36,5.62,30.11,21.46,55.1,56.05,47.19,42.3,0.4,lumpy earner,0.0,,3.19,,41.05,3.07,50.57,0.0,,0.21,-0.05,,,19.5,10.21,27.4,38.6,-18.78,64.7,0.66,0.73,7,40.0,22.0,11.0,0.0,73.0,BUY ⭐⭐⭐⭐,Expected ~170% CAGR (2yr) | Revenue CAGR 30% | Profit CAGR 56% | ROE 20% | ROCE 27% | ROCE trend rising ↑,Pattern still forming (not broken out),2-3 years,Medium,"yfinance, screener.in",100,43,,2026-07-11,2026-06-01,40,0.0,5,-1.0
MAYURUNIQ,Mayur Uniquoters Limited,Consumer Cyclical,Textile Manufacturing,3833.0,Small-Cap,MonthlyStage2,Stage Change,1.0,24,10-EMA=541 | 30-EMA=526 | Above by 17.7% | MA turning=Yes,MonthlyDoubleBottom+MonthlyStage2,Uptrend,True,False,Uptrend,True,Stage2,3,Uptrend,Uptrend,619.4,526.3,456.31,526.49,1760.41,1655.69,2649.05,2159.49,167.3,63.5,20.0,14.51,3.38,0.88,15.27,57.0,35.72,900.0,3,none,18.4,24.7,1.26,24.0,0.31,19.83,11.08,9.89,7.61,13.52,28.86,22.67,16.36,43.2,0.4,lumpy earner,0.01,,7.46,,-11.45,-0.3,58.77,0.18,,3.68,0.45,3.65,0.33,907.0,471.2,31.7,31.5,19.34,-1.46,1.21,0.36,5,26.0,26.5,14.0,6.0,72.5,BUY ⭐⭐⭐⭐,Expected ~64% CAGR (2yr) | Profit CAGR 23% | ROCE 25% | ROCE trend rising ↑ | Nearly debt-free | Promoter 59% holding,None identified,2-3 years,Medium,"yfinance, screener.in",100,165,,2026-07-11,2026-06-01,40,0.0,5,2.0
JSLL,JEENA SIKHO LIFECARE LTD,Healthcare,Medical Care Facilities,7160.0,Small-Cap,MonthlyDoubleBottom,Forming,1.0,27,Sep 27mo | Mid rally 354% | Asymmetry 6%,,Downtrend,False,False,Below-MAs,True,Stage2,6,Uptrend,Uptrend,654.35,2495.23,534.4,556.2,2890.1,7868.59,21423.02,7868.59,1102.5,246.8,32.36,15.12,15.33,0.19,20.28,19.0,31.58,1000.0,1,none,61.3,64.1,12.0,44.0,10.4,27.68,37.62,70.79,75.97,,177.5,172.26,,78.1,1.0,steady compounder (low CV),0.27,,3.25,,213.96,2.99,63.62,0.0,,6.17,-0.14,0.46,0.35,849.5,492.0,23.0,33.0,61.38,125.56,1.45,1.05,7,40.0,16.5,10.0,6.0,72.5,BUY ⭐⭐⭐⭐,Expected ~247% CAGR (2yr) | Revenue CAGR 76% | Profit CAGR 172% | ROE 61% | ROCE 64% | ROCE trend rising ↑,Pattern still forming (not broken out),2-3 years,Medium,"yfinance, screener.in",100,49,,2026-07-11,2026-06-01,40,0.0,5,6.0
ASTRAMICRO,Astra Microwave Products Limited,Technology,Communication Equipment,17551.0,Mid-Cap,MonthlyDoubleBottom,Forming,1.0,34,Sep 34mo | Mid rally 178% | Asymmetry 8%,,Uptrend,True,True,Tight-Above-MAs,True,Downtrend,0,Uptrend,Uptrend,1803.7,54.67,18.86,1533.14,934.61,1310.51,1837.6,1310.51,,,90.92,57.18,13.35,2.26,52.7,12.0,16.26,1440.38,8,none,16.0,20.2,2.17,29.0,3.71,16.59,9.44,10.66,12.54,12.65,25.32,40.22,46.09,44.2,0.4,lumpy earner,0.22,,3.13,,306.21,1.74,6.54,0.0,,7.56,1.3,15.42,0.67,1857.0,851.0,2.9,112.0,77.42,333.71,0.5,0.5,7,36.0,27.5,-1.0,10.0,72.5,BUY ⭐⭐⭐⭐,Profit CAGR 40% | ROCE 20% | ROCE trend rising ↑ | Low D/E 0.22 | OPM 29% | Piotroski F=7 (high quality compounder),High PE 91 | Pattern still forming (not broken out),2-3 years,Medium,"yfinance, screener.in",100,261,,2026-07-11,2026-06-01,40,65.1,5,8.0
SCPL,Sheetal Cool Products Limited,Consumer Defensive,Packaged Foods,589.0,Small-Cap,MonthlyStage2,Stage Change,1.0,24,10-EMA=366 | 30-EMA=364 | Above by 43.6% | MA turning=No,,Uptrend,True,False,Uptrend,True,Stage2,15,Uptrend,Uptrend,522.0,363.57,212.71,443.7,2078.95,3586.18,6186.17,3586.18,587.0,162.1,30.86,,3.76,0.43,15.25,,,,0,none,13.27,,,9.98,,5.21,8.01,60.2,,,72.5,,,72.4,0.5,insufficient history,0.32,,2.65,,-12.14,-2.06,67.07,1.48,,0.0,0.0,0.0,0.0,594.85,190.03,12.2,174.7,78.9,2.47,0.55,-0.06,4,26.0,26.5,12.0,8.0,72.5,BUY ⭐⭐⭐⭐,Expected ~162% CAGR (2yr) | Revenue CAGR 60% | Profit CAGR 72% | Promoter 67% holding | Promoters buying ↑ | PEG 0.43 — deeply undervalued,None identified,2-3 years,Medium,"yfinance, screener.in",70,44,,2026-07-11,2026-07-01,10,0.0,1,0.0
BLSE,BLS E-SERVICES LIMITED,Industrials,Specialty Business Services,2403.0,Small-Cap,MonthlyStage2,Breaking Out,1.0,24,10-EMA=209 | 30-EMA=225 | Above by 17.1% | MA turning=Yes,MonthlyDoubleBottom+MonthlyStage2,Uptrend,True,False,Uptrend,True,Stage2,4,Uptrend,Uptrend,263.25,224.78,145.42,223.76,342.45,517.44,781.86,517.44,96.6,40.2,41.82,,4.62,0.82,27.75,57.0,-50.0,,0,none,11.4,17.0,-5.7,7.0,0.43,5.14,5.98,115.41,66.32,77.2,16.95,51.1,87.22,11.7,0.15,highly inconsistent earnings,0.01,,2.85,,39.32,1.64,69.81,0.92,,0.46,-0.53,0.01,-0.1,274.0,124.3,3.9,111.8,51.43,,2.48,0.15,6,29.0,28.0,5.0,10.0,72.0,BUY ⭐⭐⭐⭐,Expected ~40% CAGR (2yr) | Revenue CAGR 66% | Profit CAGR 51% | Nearly debt-free | Promoter 70% holding | Piotroski F=6 (above average quality),None identified,2-3 years,Medium,"yfinance, screener.in",100,30,,2026-07-11,2026-06-01,40,30.9,5,10.7
HINDCOPPER,Hindustan Copper Limited,Basic Materials,Copper,48274.0,Large-Cap,MonthlyStage2,Stage Change,1.0,24,10-EMA=473 | 30-EMA=356 | Above by 43.1% | MA turning=Yes,MonthlyDoubleBottom+MonthlyStage2,Sideways-Above-MA,True,False,Constructive,False,Stage2,1,Uptrend,Uptrend,510.0,356.42,200.96,433.5,305.53,511.88,651.72,446.23,0.4,0.2,52.66,24.71,14.46,1.14,32.57,49.0,2.82,715.0,1,strong_buy,32.9,42.5,5.66,48.0,4.34,29.84,19.92,48.62,22.44,11.49,97.63,46.05,52.89,137.4,0.15,highly inconsistent earnings,0.03,,1.68,,864.71,1.79,66.14,0.0,,6.34,-0.22,5.39,-0.18,760.05,226.7,32.9,125.0,114.64,246.31,0.11,1.42,7,40.0,22.5,3.0,6.0,71.5,BUY ⭐⭐⭐⭐,Expected ~0% CAGR (2yr) | Revenue CAGR 22% | Profit CAGR 46% | ROE 33% | ROCE 42% | ROCE trend rising ↑,High PE 53,2-3 years,Medium,"yfinance, screener.in",100,198,,2026-07-11,2026-06-01,40,-10.4,5,-4.0
SANDHAR,Sandhar Technologies Limited,Consumer Cyclical,Auto Parts,4220.0,Small-Cap,MonthlyStage2,Stage Change,1.0,24,10-EMA=556 | 30-EMA=489 | Above by 45.1% | MA turning=Yes,MonthlyDoubleBottom+MonthlyStage2,Uptrend,True,True,Tight-Above-MAs,True,Stage2,3,Uptrend,Uptrend,708.95,488.52,341.35,602.61,2537.49,3528.63,4906.92,3528.63,397.7,123.1,21.19,16.65,3.16,0.54,12.13,50.0,15.87,854.0,2,none,16.2,14.4,1.14,9.0,0.09,4.09,4.87,24.92,18.59,21.09,40.14,39.06,27.96,49.8,0.4,lumpy earner,0.86,,0.94,,-142.16,-3.37,70.38,0.0,,0.77,-0.39,17.39,1.51,763.2,405.2,7.1,75.0,49.95,72.64,1.45,0.57,5,25.0,28.5,10.0,8.0,71.5,BUY ⭐⭐⭐⭐,Expected ~123% CAGR (2yr) | Revenue CAGR 19% | Profit CAGR 39% | ROCE trend rising ↑ | Promoter 70% holding | Piotroski F=5 (above average quality),None identified,2-3 years,Medium,"yfinance, screener.in",100,99,,2026-07-11,2026-06-01,40,38.6,5,4.0
DJML,DJ Mediaprint & Logistics Limited,Industrials,Specialty Business Services,423.0,Micro-Cap,MonthlyStage2,Stage Change,1.0,24,10-EMA=100 | 30-EMA=95 | Above by 18.9% | MA turning=Yes,MonthlyDoubleBottom+MonthlyStage2,Uptrend,True,True,Uptrend,True,Stage2,4,Uptrend,Uptrend,113.33,95.34,69.5,96.33,215.11,436.03,883.83,436.03,284.7,96.1,38.44,,4.64,0.37,18.52,12.0,50.0,,0,none,14.1,16.5,2.0,19.0,-2.5,7.91,8.88,68.29,,,57.14,,,110.7,1.0,steady compounder (low CV),0.43,,3.96,,-27.9,-6.6,56.17,0.65,,0.05,0.05,0.0,0.0,126.96,52.0,10.7,117.9,12.8,95.94,1.42,-0.23,4,29.0,26.5,10.0,6.0,71.5,BUY ⭐⭐⭐⭐,Expected ~96% CAGR (2yr) | Revenue CAGR 91% | Profit CAGR 103% | ROCE trend rising ↑ | Promoter 56% holding | Margin compressing ↓ ⚠️,Margin compression ↓,2-3 years,Medium,"yfinance, screener.in",80,44,,2026-07-11,2026-06-01,40,18.7,5,5.5
GLENMARK,Glenmark Pharmaceuticals Limited,Healthcare,Drug Manufacturers - Specialty & Generic,62395.0,Large-Cap,MonthlyDoubleBottom,Forming,1.0,48,Sep 48mo | Mid rally 152% | Asymmetry 2%,,Uptrend,True,False,Tight-Above-MAs,True,Stage2,6,Uptrend,Uptrend,2282.9,1214.53,478.22,1940.46,2240.64,2492.12,2764.18,2488.68,9.2,4.5,45.87,22.52,5.94,4.14,13.52,23.0,25.99,2497.27,11,buy,30.5,39.8,3.89,27.0,0.94,8.02,13.9,27.48,13.61,9.19,30.09,11.07,11.91,6382.0,0.15,highly inconsistent earnings,0.06,,1.77,,1177.36,1.89,46.65,0.0,,20.35,1.15,19.28,-0.81,2474.0,1792.6,7.7,27.4,19.85,174.01,0.26,0.26,7,34.0,28.5,5.0,4.0,71.5,BUY ⭐⭐⭐⭐,Expected ~4% CAGR (2yr) | ROE 30% | ROCE 40% | ROCE trend rising ↑ | Nearly debt-free | OPM 27%,Earnings due 2026-08-13 | Pattern still forming (not broken out),2-3 years,Medium,"yfinance, screener.in",100,289,2026-08-13,2026-07-11,2026-06-01,40,-5.1,5,8.0
CLSEL,Chaman Lal Setia Exports Ltd.,Consumer Defensive,Packaged Foods,1448.0,Small-Cap,MonthlyCupHandle,Forming,0.819,12,Cup 12mo | Depth 24% | Prior gain 22% | R²=0.99,MonthlyCupHandle+MonthlyStage2,Uptrend,True,False,Tight-Above-MAs,True,Stage2,15,Uptrend,Uptrend,288.0,364.37,277.5,263.62,2253.52,3519.99,5498.23,3519.99,1122.2,249.6,12.6,,1.73,0.22,8.93,86.0,75.0,,0,none,14.61,,,11.85,,7.97,9.47,16.5,,,56.2,,,55.9,0.5,insufficient history,0.1,,6.94,,95.41,6.59,74.05,0.0,,3.08,0.0,1.58,-0.02,362.5,203.75,20.6,41.3,4.81,18.8,0.14,0.43,4,32.0,25.33,12.0,2.0,71.3,BUY ⭐⭐⭐⭐,Expected ~250% CAGR (2yr) | Revenue CAGR 16% | Profit CAGR 56% | Nearly debt-free | Promoter 74% holding | FCF yield 6.6%,Pattern still forming (not broken out),2-3 years,Medium,"yfinance, screener.in",70,63,,2026-07-11,2026-06-01,40,11.5,5,6.6
MONARCH,Monarch Networth Capital Limited,Financial Services,Capital Markets,2743.0,Small-Cap,MonthlyDoubleBottom,Forming,1.0,21,Sep 21mo | Mid rally 116% | Asymmetry 4%,MonthlyDoubleBottom+MonthlyStage2,Sideways-Above-MA,True,True,Constructive,True,Stage2,12,Uptrend,Uptrend,312.45,497.5,225.65,265.58,719.31,1161.4,1875.2,1161.4,271.7,92.8,15.15,,2.82,0.25,,29.0,25.99,,0,none,20.5,27.7,-2.71,69.0,6.14,49.44,12.91,13.41,31.93,29.28,21.48,61.46,49.79,84.3,0.15,highly inconsistent earnings,0.04,,2.21,,,,53.86,0.45,,1.47,0.03,0.15,0.0,398.8,235.45,21.7,32.7,-0.03,136.24,0.69,0.12,5,39.0,22.0,8.0,2.0,71.0,BUY ⭐⭐⭐⭐,Expected ~93% CAGR (2yr) | Revenue CAGR 32% | Profit CAGR 61% | ROE 20% | ROCE 28% | Nearly debt-free,Pattern still forming (not broken out),2-3 years,Medium,"yfinance, screener.in",90,53,,2026-07-11,2026-06-01,40,0.0,5,1.0
SOLARINDS,Solar Industries India Limited,Basic Materials,Specialty Chemicals,167533.0,Large-Cap,MonthlyCupHandle,Forming,0.872,12,Cup 12mo | Depth 23% | Prior gain 32% | R²=0.98,MonthlyCupHandle+MonthlyDoubleBottom,Uptrend,True,True,Tight-Above-MAs,True,Stage2,1,Uptrend,Uptrend,17409.0,17879.67,13845.0,14797.65,4847.08,21914.34,8053.53,6247.89,25.9,12.2,100.0,55.58,26.69,3.46,64.36,6.0,10.06,20131.92,12,strong_buy,31.5,36.8,3.57,27.0,1.83,17.05,15.45,30.48,12.45,31.35,34.86,28.9,43.25,70.0,0.4,lumpy earner,0.23,,2.06,,-1315.16,-0.79,73.15,0.0,,6.59,-0.15,12.89,-0.02,18972.0,11646.0,8.2,49.5,26.14,337.86,0.47,0.2,6,36.0,25.96,1.0,8.0,71.0,BUY ⭐⭐⭐⭐,Expected ~12% CAGR (2yr) | Profit CAGR 29% | ROE 32% | ROCE 37% | ROCE trend rising ↑ | Low D/E 0.23,High PE 100 | Earnings due 2026-08-06 | Pattern still forming (not broken out),2-3 years,Medium,"yfinance, screener.in",100,243,2026-08-06,2026-07-11,2026-06-01,40,-3.9,5,7.4
AJANTPHARM,Ajanta Pharma Limited,Healthcare,Drug Manufacturers - Specialty & Generic,41557.0,Large-Cap,MonthlyCupHandle,Forming,0.9,22,Cup 22mo | Depth 25% | Prior gain 76% | R²=0.97,MonthlyCupHandle+MonthlyDoubleBottom,Uptrend,True,True,Tight-Above-MAs,True,Stage2,6,Uptrend,Uptrend,3348.6,3433.6,2558.14,2846.31,4732.5,4772.72,6991.98,5752.35,42.5,19.4,39.37,29.21,9.18,1.83,27.47,168.0,58.74,3303.29,14,none,27.1,34.5,0.94,28.0,-0.91,19.37,14.82,17.32,13.36,13.54,14.78,21.55,10.06,18.4,0.15,highly inconsistent earnings,0.06,,2.64,,0.87,0.0,66.25,0.0,,8.26,0.29,18.36,-0.22,3506.9,2329.9,4.5,43.7,37.57,77.33,0.28,0.18,6,34.0,26.8,2.0,8.0,70.8,BUY ⭐⭐⭐⭐,Expected ~19% CAGR (2yr) | Profit CAGR 22% | ROE 27% | ROCE 34% | ROCE trend rising ↑ | Nearly debt-free,Margin compression ↓ | Pattern still forming (not broken out),2-3 years,Medium,"yfinance, screener.in",100,289,,2026-07-11,2026-06-01,40,3.1,5,-0.1
GVT&D,GE Vernova T&D India Ltd,Industrials,Specialty Industrial Machinery,112699.0,Large-Cap,MonthlyDoubleBottom,Forming,1.0,36,Sep 36mo | Mid rally 193% | Asymmetry 3%,,Uptrend,True,False,Uptrend,True,Stage2,4,Uptrend,Uptrend,4942.5,360.39,121.02,4201.12,3660.0,6135.34,13032.4,6906.41,24.1,11.4,91.74,55.07,41.89,1.03,66.04,23.0,100.0,4978.73,15,buy,18.6,,,12.0,,19.87,16.5,42.0,,,88.7,,,88.6,0.5,insufficient history,0.01,,1.33,,1180.97,1.05,51.0,0.0,,20.39,1.93,21.39,-1.88,5650.0,2265.0,12.5,118.2,85.23,1835.56,0.7,0.59,4,33.0,26.5,4.0,7.0,70.5,BUY ⭐⭐⭐⭐,Expected ~11% CAGR (2yr) | Revenue CAGR 42% | Profit CAGR 89% | Nearly debt-free | Promoter 51% holding | FII buying +1.9% ↑,High PE 92 | Pattern still forming (not broken out),2-3 years,Medium,"yfinance, screener.in",70,287,,2026-07-11,2026-06-01,40,12.7,5,-2.0
MOTHERSON,Samvardhana Motherson International Limited,Consumer Cyclical,Auto Parts,154072.0,Large-Cap,MonthlyDoubleBottom,Forming,1.0,42,Sep 42mo | Mid rally 191% | Asymmetry 3%,MonthlyCupHandle+MonthlyDoubleBottom,Uptrend,True,False,Tight-Above-MAs,True,Stage2,3,Uptrend,Uptrend,131.49,65.07,21.99,111.77,232.16,248.84,421.54,312.83,89.2,37.6,39.97,22.37,3.76,1.15,14.1,34.0,-6.87,152.86,21,buy,10.9,13.1,1.83,9.0,0.34,3.09,4.16,10.95,17.02,17.06,-1.45,34.75,21.1,42.5,0.15,highly inconsistent earnings,0.44,,1.06,,3768.69,2.45,48.6,0.0,,12.45,0.7,21.08,-0.49,155.25,89.7,15.3,46.6,35.8,112.19,0.55,1.02,6,24.0,28.5,10.0,8.0,70.5,BUY ⭐⭐⭐⭐,Expected ~38% CAGR (2yr) | Revenue CAGR 17% | Profit CAGR 35% | ROCE trend rising ↑ | Piotroski F=6 (above average quality) | FII buying +0.7% ↑,Earnings due 2026-08-13 | Pattern still forming (not broken out),2-3 years,Medium,"yfinance, screener.in",100,287,2026-08-13,2026-07-11,2026-06-01,40,0.0,5,-1.0
ABB,ABB India Limited,Industrials,Specialty Industrial Machinery,147287.0,Large-Cap,MonthlyStage2,Stage Change,1.0,24,10-EMA=6415 | 30-EMA=5825 | Above by 17.4% | MA turning=Yes,MonthlyCupHandle+MonthlyDoubleBottom+MonthlyStage2,Sideways-Above-MA,True,False,Constructive,False,Stage2,4,Uptrend,Uptrend,6836.0,5825.16,4876.16,5810.6,7210.42,14513.76,55081.42,19928.88,112.3,45.7,94.33,68.44,18.8,0.53,75.38,57.0,39.08,6391.07,27,underperform,22.4,29.9,20.0,14.0,2.8,22.26,,-0.83,19.84,,78.48,176.39,,275.8,0.15,highly inconsistent earnings,0.01,,,,,,75.0,0.0,,8.19,0.55,9.28,0.13,7822.5,4637.5,12.6,47.4,38.47,33.17,0.25,0.52,3,35.0,22.5,5.0,8.0,70.5,BUY ⭐⭐⭐⭐,Expected ~46% CAGR (2yr) | Revenue CAGR 20% | Profit CAGR 176% | ROE 22% | ROCE 30% | ROCE trend rising ↑,High PE 94 | Earnings due 2026-07-30,2-3 years,Medium,"yfinance, screener.in",80,289,2026-07-30,2026-07-11,2026-06-01,40,8.0,5,0.1
ENGINERSIN,Engineers India Limited,Industrials,Engineering & Construction,13348.0,Mid-Cap,MonthlyStage2,Stage Change,1.0,24,10-EMA=220 | 30-EMA=194 | Above by 23.3% | MA turning=Yes,MonthlyCupHandle+MonthlyDoubleBottom+MonthlyStage2,Sideways-Above-MA,True,False,Constructive,False,Stage2,4,Uptrend,Uptrend,239.64,194.37,145.07,203.69,562.93,533.46,893.57,709.24,122.6,49.2,19.31,15.42,4.25,0.74,17.18,126.0,-20.63,269.8,5,none,23.8,30.6,0.8,18.0,1.43,17.61,7.34,27.2,5.66,4.55,19.31,25.99,22.68,-30.1,0.15,highly inconsistent earnings,0.01,,1.3,,178.13,1.33,51.32,0.0,,9.66,1.92,12.19,-1.19,267.0,163.55,10.2,46.5,24.47,38.25,0.2,0.9,5,33.0,22.5,9.0,6.0,70.5,BUY ⭐⭐⭐⭐,Expected ~49% CAGR (2yr) | Profit CAGR 26% | ROE 24% | ROCE 31% | ROCE trend rising ↑ | Nearly debt-free,None identified,2-3 years,Medium,"yfinance, screener.in",100,347,,2026-07-11,2026-06-01,40,-2.2,5,1.0
BANCOINDIA,Banco Products (India) Limited,Consumer Cyclical,Auto Parts,9857.0,Mid-Cap,MonthlyDoubleBottom,Forming,0.71,8,Sep 8mo | Mid rally 75% | Asymmetry 4%,,Uptrend,True,False,Constructive,True,Stage2,3,Uptrend,Uptrend,681.85,41.16,23.09,579.57,1957.0,2483.04,3150.48,2483.04,264.2,90.8,21.41,,5.85,0.8,15.13,232.0,-10.07,,0,none,31.2,30.9,2.43,17.0,1.11,12.36,11.57,21.26,18.66,20.51,22.96,26.88,33.42,-4.0,0.75,consistent growth,0.36,,2.25,,-17.15,-0.17,67.88,0.0,,4.06,0.06,0.22,0.0,879.8,502.0,22.5,35.8,21.92,172.8,0.11,0.65,6,35.0,20.52,10.0,5.0,70.5,BUY ⭐⭐⭐⭐,Expected ~91% CAGR (2yr) | Revenue CAGR 19% | Profit CAGR 27% | ROE 31% | ROCE 31% | ROCE trend rising ↑,Pattern still forming (not broken out),2-3 years,Medium,"yfinance, screener.in",100,236,,2026-07-11,2026-06-01,40,15.5,5,2.0
ZENTEC,Zen Technologies Limited,Industrials,Aerospace & Defense,15709.0,Mid-Cap,MonthlyStage2,Stage Change,1.0,24,10-EMA=1486 | 30-EMA=1341 | Above by 16.6% | MA turning=Yes,MonthlyCupHandle+MonthlyDoubleBottom+MonthlyStage2,Uptrend,True,False,Tight-Above-MAs,True,Stage2,4,Uptrend,Uptrend,1564.5,1341.26,1043.83,1329.83,1131.53,1799.81,3020.03,1848.58,15.0,7.3,81.32,33.35,8.74,1.28,62.41,6.0,171.44,1726.67,6,buy,10.7,16.2,5.51,36.0,6.11,28.13,6.62,-29.36,46.46,65.75,-27.09,63.37,135.65,-68.8,0.15,highly inconsistent earnings,0.01,,8.86,,374.0,2.38,48.51,0.0,,5.99,0.45,10.06,2.2,2024.0,1223.0,22.7,27.9,-13.21,252.5,0.86,0.04,6,36.0,28.5,4.0,2.0,70.5,BUY ⭐⭐⭐⭐,Expected ~7% CAGR (2yr) | Revenue CAGR 46% | Profit CAGR 63% | ROCE trend rising ↑ | Nearly debt-free | OPM 36%,High PE 81,2-3 years,Medium,"yfinance, screener.in",100,135,,2026-07-11,2026-06-01,40,0.0,5,2.0
ARVSMART,Arvind SmartSpaces Limited,Real Estate,Real Estate - Development,2799.0,Small-Cap,MonthlyDoubleBottom,Forming,1.0,42,Sep 42mo | Mid rally 291% | Asymmetry 2%,MonthlyDoubleBottom+MonthlyStage2,Uptrend,True,False,Tight-Above-MAs,True,Stage2,3,Uptrend,Uptrend,612.5,228.17,57.67,520.62,1167.44,1405.86,2782.01,1802.17,129.5,51.5,29.16,17.19,4.13,0.54,21.17,98.0,100.0,811.4,5,none,15.5,12.9,1.69,27.0,0.83,17.1,2.9,-20.9,30.12,30.5,-13.45,54.37,62.82,121.0,0.15,highly inconsistent earnings,0.65,,1.21,,-44.3,-1.58,53.83,4.0,,0.67,-0.16,8.6,-7.22,684.45,486.8,10.5,25.8,4.81,57.89,0.08,0.17,4,30.0,28.5,9.0,3.0,70.5,BUY ⭐⭐⭐⭐,Expected ~52% CAGR (2yr) | Revenue CAGR 30% | Profit CAGR 54% | ROCE trend rising ↑ | Promoter 54% holding | Promoters buying ↑,Pattern still forming (not broken out),2-3 years,Medium,"yfinance, screener.in",100,132,,2026-07-11,2026-06-01,40,3.9,5,9.0
ADOR,Ador Welding Limited,Industrials,Specialty Industrial Machinery,2293.0,Small-Cap,MonthlyStage2,Stage Change,1.0,24,10-EMA=1127 | 30-EMA=1075 | Above by 23.3% | MA turning=Yes,MonthlyDoubleBottom+MonthlyStage2,Uptrend,True,False,Tight-Above-MAs,True,Stage2,4,Uptrend,Uptrend,1324.8,1074.81,821.65,1126.08,2079.8,2540.26,3102.68,2540.26,91.7,38.5,28.01,17.66,4.14,1.27,14.47,224.0,16.96,1307.0,1,none,15.8,22.8,2.37,11.0,0.83,5.82,,1.51,19.92,16.73,36.67,22.14,26.82,73.4,0.15,highly inconsistent earnings,0.0,,,,,,53.76,0.02,,0.37,0.23,12.63,0.07,1360.0,848.0,2.6,56.2,46.18,-10.24,0.43,0.29,3,25.0,28.5,7.0,10.0,70.5,BUY ⭐⭐⭐⭐,Expected ~38% CAGR (2yr) | Revenue CAGR 20% | Profit CAGR 22% | ROCE 23% | ROCE trend rising ↑ | Nearly debt-free,None identified,2-3 years,Medium,"yfinance, screener.in",80,263,,2026-07-11,2026-06-01,40,25.5,5,12.0
BHARATGEAR,Bharat Gears Limited,Consumer Cyclical,Auto Parts,205.0,Micro-Cap,MonthlyDoubleBottom,Forming,1.0,45,Sep 45mo | Mid rally 153% | Asymmetry 8%,MonthlyDoubleBottom+MonthlyStage2,Uptrend,True,False,Tight-Above-MAs,True,Stage2,3,Uptrend,Uptrend,111.12,55.34,21.09,94.45,1589.55,4697.13,13880.01,4697.13,4127.1,550.2,12.39,,1.56,0.06,5.16,,19.3,,0,none,13.52,,,3.85,,2.1,4.85,20.3,,,195.5,,,196.7,0.5,insufficient history,0.56,,1.23,,4.58,2.24,55.33,0.0,,1.41,0.02,0.03,0.0,154.2,83.8,27.9,32.6,22.62,-35.27,0.1,0.4,4,24.0,28.5,12.0,6.0,70.5,BUY ⭐⭐⭐⭐,Expected ~550% CAGR (2yr) | Revenue CAGR 20% | Profit CAGR 196% | Promoter 55% holding | Dividend growing 19%/yr | PEG 0.06 — deeply undervalued,Pattern still forming (not broken out),2-3 years,Medium,"yfinance, screener.in",70,288,,2026-07-11,2026-07-01,10,0.0,1,1.0
LLOYDSME,Lloyds Metals and Energy Limited,Basic Materials,Steel,99982.0,Large-Cap,MonthlyCupHandle,Forming,0.572,12,Cup 12mo | Depth 19% | Prior gain 117% | R²=0.67,MonthlyAscTriangle+MonthlyCupHandle,Uptrend,True,False,Tight-Above-MAs,True,Stage2,1,Uptrend,Uptrend,1664.5,1657.23,1347.5,1414.83,4603.21,10207.42,53366.62,15673.48,513.2,147.6,26.59,12.2,7.21,0.11,19.21,6.0,0.0,2008.33,6,none,36.6,27.3,3.17,36.0,5.31,21.48,13.75,154.62,72.17,132.66,163.16,240.49,353.33,585.3,0.15,highly inconsistent earnings,1.45,,0.81,,-7270.92,-7.27,61.65,-2.08,,2.26,0.37,1.71,-0.14,1888.6,1042.9,11.9,59.6,12.48,,0.88,0.12,5,35.0,22.36,9.0,4.0,70.4,BUY ⭐⭐⭐⭐,Expected ~148% CAGR (2yr) | Revenue CAGR 72% | Profit CAGR 240% | ROE 37% | ROCE 27% | ROCE trend rising ↑,High D/E 1.5 | Pattern still forming (not broken out),2-3 years,Medium,"yfinance, screener.in",100,35,,2026-07-11,2026-06-01,40,0.0,5,-2.0
AUBANK,AU Small Finance Bank Limited,Financial Services,Banks - Regional,79206.0,Large-Cap,MonthlyDoubleBottom,Forming,0.647,39,Sep 39mo | Mid rally 71% | Asymmetry 6%,,Uptrend,True,False,Tight-Above-MAs,True,Stage2,12,Uptrend,Uptrend,1072.1,811.12,460.2,911.28,1503.22,2206.16,5782.44,2948.27,105.8,43.5,30.21,17.43,3.96,0.31,,9.0,25.99,1093.0,28,buy,22.3,12.4,,35.55,,21.37,,18.49,28.91,,208.5,96.13,,65.2,0.4,lumpy earner,,,,,,,22.76,-0.03,,37.27,0.82,31.3,0.03,1079.55,682.15,0.7,57.2,50.21,22.86,0.31,,1,27.0,24.26,9.0,10.0,70.3,BUY ⭐⭐⭐⭐,Expected ~44% CAGR (2yr) | Revenue CAGR 29% | Profit CAGR 96% | ROE 22% | OPM 36% | FII buying +0.8% ↑,Earnings due 2026-07-16 | Pattern still forming (not broken out),2-3 years,Medium,"yfinance, screener.in",70,109,2026-07-16,2026-07-11,2026-06-01,40,10.3,5,6.0
WABAG,VA Tech Wabag Limited,Industrials,Engineering & Construction,12975.0,Mid-Cap,MonthlyStage2,Stage Change,0.973,24,10-EMA=1347 | 30-EMA=1214 | Above by 14.6% | MA turning=Yes,MonthlyDoubleBottom+MonthlyStage2,Uptrend,True,False,Uptrend,True,Stage2,4,Uptrend,Uptrend,1391.2,1214.05,1077.7,1182.52,5383.26,11198.69,56093.43,17377.15,705.0,183.7,30.03,23.56,4.58,0.13,22.93,24.0,100.0,1931.0,7,none,15.9,21.3,1.74,12.0,1.06,9.39,5.17,19.73,10.04,6.83,25.42,222.8,29.65,28.9,0.15,highly inconsistent earnings,0.09,,1.71,,140.94,1.09,19.09,-0.01,,16.6,-2.37,5.77,1.45,2217.0,1033.0,37.2,34.7,1.87,162.02,0.36,0.74,7,30.0,26.18,11.0,3.0,70.2,BUY ⭐⭐⭐⭐,Expected ~184% CAGR (2yr) | Profit CAGR 223% | ROCE 21% | ROCE trend rising ↑ | Nearly debt-free | Piotroski F=7 (high quality compounder),None identified,2-3 years,Medium,"yfinance, screener.in",100,188,,2026-07-11,2026-06-01,40,0.0,5,-2.0
SJS,S.J.S. Enterprises Limited,Consumer Cyclical,Auto Parts,7001.0,Small-Cap,None,,0.0,0,,,Uptrend,True,False,Uptrend,True,Stage2,3,Uptrend,Uptrend,2244.3,,,1907.66,3992.31,4225.5,7485.51,5466.67,88.3,37.2,41.16,27.49,8.06,1.11,25.64,16.0,40.0,2363.75,4,none,22.0,28.6,2.5,28.0,0.5,17.87,13.65,25.66,30.17,,44.54,36.93,,45.1,1.0,steady compounder (low CV),0.03,,2.95,,124.49,1.78,21.15,-0.03,,15.68,-1.24,31.09,1.99,2286.7,1131.3,1.9,98.4,86.89,221.38,,0.44,7,40.0,13.0,7.0,10.0,70.0,BUY ⭐⭐⭐⭐,Expected ~37% CAGR (2yr) | Revenue CAGR 30% | Profit CAGR 37% | ROE 22% | ROCE 29% | ROCE trend rising ↑,None identified,2-3 years,Medium,"yfinance, screener.in",100,56,,2026-07-11,2026-06-01,40,13.2,5,-3.0
CUMMINSIND,Cummins India Limited,Industrials,Specialty Industrial Machinery,151850.0,Large-Cap,MonthlyDoubleBottom,Forming,0.524,17,Sep 17mo | Mid rally 59% | Asymmetry 7%,,Uptrend,True,False,Tight-Above-MAs,True,Stage2,4,Uptrend,Uptrend,5621.5,1036.81,631.02,4778.27,3926.23,5203.22,6072.08,4882.67,,,64.1,46.04,17.92,2.63,47.54,120.0,-7.17,5684.04,23,hold,30.2,39.5,4.8,21.0,1.63,19.45,16.96,16.86,16.04,22.73,18.1,24.36,30.05,22.7,0.75,consistent growth,0.0,,3.32,,1341.12,0.88,51.0,0.0,,20.77,1.35,19.43,-1.17,6100.0,3330.3,7.8,68.8,48.49,214.33,0.29,0.57,7,40.0,21.79,0.0,8.0,69.8,ACCUMULATE ⭐⭐⭐,Revenue CAGR 16% | Profit CAGR 24% | ROE 30% | ROCE 40% | ROCE trend rising ↑ | Nearly debt-free,High PE 64 | Earnings due 2026-08-06 | Pattern still forming (not broken out),2-3 years,Medium,"yfinance, screener.in",100,289,2026-08-06,2026-07-11,2026-06-01,40,7.0,5,1.0
HEROMOTOCO,Hero MotoCorp Limited,Consumer Cyclical,Auto Manufacturers,97097.0,Large-Cap,MonthlyCupHandle,Forming,0.831,21,Cup 21mo | Depth 36% | Prior gain 66% | R²=0.98,MonthlyCupHandle+MonthlyDoubleBottom,Downtrend,False,False,Below-MAs,False,Stage2,3,Uptrend,Uptrend,4962.6,6106.48,3934.36,4218.21,18163.94,16235.33,29435.19,23122.69,227.2,80.9,16.92,15.29,4.49,0.62,12.08,381.0,3.23,5904.29,34,buy,28.5,35.8,2.91,15.0,0.6,12.11,12.51,15.85,11.55,8.9,31.99,27.3,14.49,25.7,0.15,highly inconsistent earnings,0.04,,1.91,,6278.06,6.47,34.73,0.0,,31.15,1.72,24.69,-1.59,6388.5,4190.0,22.3,18.4,24.18,50.25,0.44,0.5,7,38.0,13.97,12.0,5.0,69.0,ACCUMULATE ⭐⭐⭐,Expected ~81% CAGR (2yr) | Profit CAGR 27% | ROE 28% | ROCE 36% | ROCE trend rising ↑ | Nearly debt-free,Earnings due 2026-08-05 | Pattern still forming (not broken out),2-3 years,Medium,"yfinance, screener.in",100,288,2026-08-05,2026-07-11,2026-06-01,40,-0.9,5,-0.2
PIGL,Power & Instrumental (Gujarat) Limited,Industrials,Engineering & Construction,250.0,Micro-Cap,MonthlyDoubleBottom,Forming,1.0,18,Sep 18mo | Mid rally 153% | Asymmetry 4%,,Downtrend,False,False,Below-MAs,False,Stage2,4,Uptrend,Uptrend,103.97,92.78,35.99,88.37,223.77,347.65,540.1,347.65,234.4,82.9,25.99,,1.33,0.47,9.73,17.0,0.0,,0,none,11.0,15.5,1.2,10.0,0.8,6.59,6.86,29.59,32.57,,25.0,55.36,,29.5,0.4,lumpy earner,0.08,,2.44,,32.42,12.98,50.7,4.41,,0.01,0.01,0.75,0.75,189.7,88.05,45.2,18.1,-16.67,127.82,0.61,0.45,5,40.0,16.0,13.0,0.0,69.0,ACCUMULATE ⭐⭐⭐,Expected ~83% CAGR (2yr) | Revenue CAGR 33% | Profit CAGR 55% | ROCE trend rising ↑ | Nearly debt-free | Promoter 51% holding,Pattern still forming (not broken out),2-3 years,Medium,"yfinance, screener.in",100,97,,2026-07-11,2026-06-01,40,0.0,5,9.0
STYLAMIND,Stylam Industries Limited,Consumer Cyclical,"Furnishings, Fixtures & Appliances",5478.0,Small-Cap,MonthlyStage2,Stage Change,1.0,24,10-EMA=2204 | 30-EMA=1924 | Above by 44.1% | MA turning=Yes,MonthlyCupHandle+MonthlyDoubleBottom+MonthlyStage2,Uptrend,True,True,Tight-Above-MAs,True,Stage2,3,Uptrend,Uptrend,2773.0,1924.22,1576.4,2357.05,3779.16,3796.16,5088.75,4385.34,36.9,17.0,36.63,24.29,6.85,2.28,24.87,0.0,,2912.4,5,none,20.5,27.0,0.66,20.0,0.29,13.27,14.22,10.15,5.85,18.85,22.95,16.04,22.22,29.3,0.15,highly inconsistent earnings,0.04,,3.48,,-39.14,-0.71,54.1,1.91,,2.81,0.77,13.31,0.07,3357.3,1594.1,17.4,74.0,76.96,52.25,1.03,0.09,5,27.0,28.5,3.0,10.0,68.5,ACCUMULATE ⭐⭐⭐,Expected ~17% CAGR (2yr) | ROE 20% | ROCE 27% | ROCE trend rising ↑ | Nearly debt-free | Promoter 54% holding,None identified,2-3 years,Medium,"yfinance, screener.in",100,58,,2026-07-11,2026-06-01,40,0.0,5,-2.0
DRCSYSTEMS,DRC Systems India Limited,Technology,Information Technology Services,204.0,Micro-Cap,MonthlyDoubleBottom,Forming,1.0,32,Sep 32mo | Mid rally 201% | Asymmetry 2%,,Downtrend,False,False,Below-MAs,False,Downtrend,0,Uptrend,Uptrend,13.64,34.9,11.5,11.59,63.12,88.04,122.81,88.04,545.5,154.1,10.13,,1.82,0.26,7.16,0.0,,,0,none,22.6,25.2,-1.8,28.0,4.1,20.17,10.52,47.69,54.56,,26.67,39.49,,17.0,0.15,highly inconsistent earnings,0.0,,0.48,,38.65,18.92,20.63,0.0,,0.0,0.0,0.35,0.0,23.68,11.5,42.4,18.6,-25.81,-29.56,0.27,0.55,5,40.0,15.5,13.0,0.0,68.5,ACCUMULATE ⭐⭐⭐,Expected ~154% CAGR (2yr) | Revenue CAGR 55% | Profit CAGR 39% | ROE 23% | ROCE 25% | Nearly debt-free,Pattern still forming (not broken out),2-3 years,Medium,"yfinance, screener.in",100,65,,2026-07-11,2026-06-01,40,-13.8,5,0.0
WEBELSOLAR,Websol Energy System Limited,Technology,Solar,4637.0,Small-Cap,MonthlyStage2,Stage Change,1.0,24,10-EMA=98 | 30-EMA=89 | Above by 18.0% | MA turning=Yes,MonthlyDoubleBottom+MonthlyStage2,Sideways-Above-MA,True,False,Constructive,True,Downtrend,0,Uptrend,Uptrend,105.57,89.5,55.32,89.73,565.49,1381.49,3374.98,1381.49,1208.6,261.7,15.32,,11.52,0.11,11.23,0.0,0.0,,0,none,66.9,63.2,,41.0,-3.0,28.87,31.73,82.43,,,95.48,,,157.9,0.5,insufficient history,0.21,,2.94,,-57.61,-1.24,29.72,2.01,,4.12,-1.28,0.32,0.01,157.3,50.4,32.9,109.5,-11.47,1101.29,0.58,0.27,4,35.0,21.5,12.0,0.0,68.5,ACCUMULATE ⭐⭐⭐,Expected ~262% CAGR (2yr) | Revenue CAGR 132% | Profit CAGR 144% | ROE 67% | ROCE 63% | Low D/E 0.21,Margin compression ↓,2-3 years,Medium,"yfinance, screener.in",80,229,,2026-07-11,2026-06-01,40,0.0,5,0.0
CAPLIPOINT,Caplin Point Laboratories Limited,Healthcare,Drug Manufacturers - Specialty & Generic,19293.0,Mid-Cap,MonthlyStage2,Stage Change,1.0,24,10-EMA=2092 | 30-EMA=1825 | Above by 41.6% | MA turning=Yes,MonthlyDoubleBottom+MonthlyStage2,Uptrend,True,False,Tight-Above-MAs,True,Stage2,6,Uptrend,Uptrend,2583.6,1824.65,1504.8,2196.06,4609.79,5527.6,6628.14,5527.6,113.9,46.3,30.21,23.73,5.49,1.52,24.2,32.0,-3.85,2505.0,2,none,20.6,24.6,-0.6,35.0,0.91,29.32,11.86,12.91,14.24,15.57,20.15,19.91,20.96,19.3,1.0,steady compounder (low CV),0.0,,6.7,,2.13,0.01,70.57,0.0,,6.15,-0.43,2.14,0.09,2675.0,1500.3,3.4,72.2,24.18,120.87,0.43,0.19,6,30.0,28.5,4.0,6.0,68.5,ACCUMULATE ⭐⭐⭐,Expected ~46% CAGR (2yr) | ROE 21% | ROCE 25% | Nearly debt-free | Promoter 71% holding | OPM 35%,None identified,2-3 years,Medium,"yfinance, screener.in",100,146,,2026-07-11,2026-06-01,40,26.8,5,5.5
RML,Rane (Madras) Limited,Consumer Cyclical,Auto Parts,3335.0,Small-Cap,MonthlyStage2,Breaking Out,1.0,24,10-EMA=799 | 30-EMA=769 | Above by 15.9% | MA turning=Yes,MonthlyDoubleBottom+MonthlyStage2,Uptrend,True,False,Constructive,True,Stage2,3,Uptrend,Uptrend,891.15,768.71,601.53,757.48,2630.66,4019.38,6141.22,4019.38,351.0,112.4,31.06,,4.44,0.59,11.89,133.0,100.0,,0,none,15.5,14.0,3.51,9.0,1.34,2.78,5.03,13.42,17.95,24.98,181.58,52.79,121.65,5.2,0.15,highly inconsistent earnings,1.0,,0.92,,107.07,3.21,70.45,0.0,,0.06,0.01,0.97,-0.06,1264.8,608.5,29.5,46.5,5.64,0.53,3.21,0.43,6,26.0,27.0,10.0,5.0,68.0,ACCUMULATE ⭐⭐⭐,Expected ~112% CAGR (2yr) | Revenue CAGR 18% | Profit CAGR 53% | ROCE trend rising ↑ | Promoter 70% holding | FCF yield 3.2%,High D/E 1.0,2-3 years,Medium,"yfinance, screener.in",100,250,,2026-07-11,2026-06-01,40,0.0,5,0.0
KRISHNADEF,KRISHNA DEF AND ALD IND L,Industrials,Specialty Industrial Machinery,1871.0,Small-Cap,None,,0.0,0,,,Uptrend,True,False,Uptrend,True,Stage2,4,Uptrend,Uptrend,1171.6,,,995.86,1905.03,3841.5,7746.38,3841.5,227.9,81.1,44.65,,9.67,0.44,34.89,10.0,0.0,,0,none,25.4,30.7,7.0,22.0,2.5,16.88,16.06,28.95,56.43,,86.36,101.65,,72.9,1.0,steady compounder (low CV),0.01,,3.99,,72.96,3.9,59.96,-0.06,,0.61,0.45,2.06,0.86,1400.0,665.0,16.3,76.2,38.47,529.09,,0.92,7,40.0,13.0,7.0,8.0,68.0,ACCUMULATE ⭐⭐⭐,Expected ~81% CAGR (2yr) | Revenue CAGR 56% | Profit CAGR 102% | ROE 25% | ROCE 31% | ROCE trend rising ↑,None identified,2-3 years,Medium,"yfinance, screener.in",100,50,,2026-07-11,2026-06-01,40,0.0,5,2.0
SENCO,Senco Gold Limited,Consumer Cyclical,Luxury Goods,5342.0,Small-Cap,MonthlyDoubleBottom,Forming,0.325,8,Sep 8mo | Mid rally 41% | Asymmetry 8%,MonthlyDoubleBottom+MonthlyStage2,Uptrend,True,False,Tight-Above-MAs,True,Stage2,3,Uptrend,Uptrend,352.55,403.94,276.0,299.67,3495.7,3410.76,8261.36,5373.94,867.5,211.0,9.3,13.18,2.12,0.17,7.76,54.0,14.47,466.0,6,none,25.6,20.9,-0.29,11.0,0.37,6.81,9.39,33.22,27.4,25.95,261.01,53.73,56.57,151.3,0.15,highly inconsistent earnings,1.07,,1.54,,-224.74,-4.21,64.49,0.02,,7.6,-0.61,12.61,0.53,404.85,276.0,12.9,27.7,16.91,50.25,0.23,0.5,4,30.0,18.9,16.0,3.0,67.9,ACCUMULATE ⭐⭐⭐,Expected ~211% CAGR (2yr) | Revenue CAGR 27% | Profit CAGR 54% | ROE 26% | ROCE 21% | Promoter 64% holding,High D/E 1.1 | Pattern still forming (not broken out),2-3 years,Medium,"yfinance, screener.in",100,36,,2026-07-11,2026-06-01,40,5.2,5,7.0
FIEMIND,Fiem Industries Limited,Consumer Cyclical,Auto Parts,5953.0,Small-Cap,MonthlyDoubleBottom,Forming,1.0,38,Sep 38mo | Mid rally 218% | Asymmetry 5%,,Sideways-Above-MA,True,False,Constructive,False,Stage2,3,Uptrend,Uptrend,2249.9,640.59,196.92,1912.41,5445.87,5103.13,8142.88,6659.21,126.8,50.6,23.31,17.08,4.9,1.05,14.49,177.0,44.22,2769.0,3,none,22.7,29.4,3.03,14.0,0.51,9.15,12.94,16.22,15.07,18.19,24.88,22.28,40.36,20.7,0.4,lumpy earner,0.05,,2.61,,-25.72,-0.43,54.51,0.0,,6.86,-0.07,11.4,0.53,2555.3,1794.0,12.0,25.4,8.0,117.9,0.15,0.48,6,32.0,22.5,10.0,3.0,67.5,ACCUMULATE ⭐⭐⭐,Expected ~51% CAGR (2yr) | Revenue CAGR 15% | Profit CAGR 22% | ROE 23% | ROCE 29% | ROCE trend rising ↑,Pattern still forming (not broken out),2-3 years,Medium,"yfinance, screener.in",100,238,,2026-07-11,2026-06-01,40,3.7,5,-8.0
APCOTEXIND,Apcotex Industries Limited,Basic Materials,Specialty Chemicals,2725.0,Small-Cap,MonthlyStage2,Stage Change,1.0,24,10-EMA=429 | 30-EMA=406 | Above by 25.1% | MA turning=Yes,MonthlyDoubleBottom+MonthlyStage2,Sideways-Above-MA,True,False,Tight-Above-MAs,True,Stage2,1,Uptrend,Uptrend,507.4,405.67,300.82,431.29,845.56,1753.7,3637.17,1753.7,245.6,85.9,26.88,18.77,4.39,0.25,15.51,152.0,13.3,700.0,1,none,24.4,19.8,,10.0,-1.0,7.03,8.2,23.21,,,-2.56,,,107.3,0.15,highly inconsistent earnings,0.15,,1.66,,108.11,3.97,58.23,0.0,,0.64,0.02,2.23,0.0,579.0,310.45,12.4,63.4,32.47,-26.75,0.42,0.23,5,27.0,25.5,7.0,8.0,67.5,ACCUMULATE ⭐⭐⭐,Expected ~86% CAGR (2yr) | Profit CAGR 107% | ROE 24% | Low D/E 0.15 | Promoter 58% holding | Margin compressing ↓ ⚠️,Margin compression ↓,2-3 years,Medium,"yfinance, screener.in",80,288,,2026-07-11,2026-06-01,40,-0.2,5,-6.5
IPCALAB,Ipca Laboratories Limited,Healthcare,Drug Manufacturers - Specialty & Generic,45131.0,Large-Cap,MonthlyStage2,Stage Change,1.0,24,10-EMA=1509 | 30-EMA=1371 | Above by 20.8% | MA turning=Yes,MonthlyDoubleBottom+MonthlyStage2,Uptrend,True,True,Uptrend,True,Stage2,6,Uptrend,Uptrend,1656.2,1371.34,1124.94,1407.77,2974.67,3101.07,5438.21,4022.05,87.2,36.8,39.52,27.06,5.6,1.12,23.35,34.0,-20.63,1719.61,18,buy,16.0,17.3,-2.37,21.0,-1.43,11.83,8.08,8.42,15.85,12.32,50.83,35.21,0.74,341.0,0.15,highly inconsistent earnings,0.09,,2.76,,751.99,1.67,44.72,0.0,,10.63,0.01,37.13,0.14,1788.3,1251.6,7.4,32.3,27.05,101.6,0.96,0.05,5,26.0,26.5,7.0,8.0,67.5,ACCUMULATE ⭐⭐⭐,Expected ~37% CAGR (2yr) | Revenue CAGR 16% | Profit CAGR 35% | Nearly debt-free | Margin compressing ↓ ⚠️ | Piotroski F=5 (above average quality),Margin compression ↓ | Earnings due 2026-08-10,2-3 years,Medium,"yfinance, screener.in",100,365,2026-08-10,2026-07-11,2026-06-01,40,0.0,5,-1.0
NMDC,NMDC Limited,Basic Materials,Steel,75082.0,Large-Cap,MonthlyDoubleBottom,Forming,1.0,30,Sep 30mo | Mid rally 140% | Asymmetry 1%,,Uptrend,True,False,Tight-Above-MAs,True,Stage2,1,Uptrend,Uptrend,89.02,21.51,8.94,75.67,209.74,173.74,253.69,230.67,95.2,39.7,10.08,8.39,2.2,1.01,7.56,410.0,4.35,88.33,21,hold,23.4,27.6,-1.94,29.0,-5.29,23.23,12.29,34.15,21.99,15.85,14.26,9.98,3.49,37.2,0.15,highly inconsistent earnings,0.19,,2.43,,-1396.04,-1.86,60.79,0.0,,13.6,0.12,13.76,-0.3,97.49,67.15,8.7,32.6,40.59,168.73,0.5,0.62,4,23.0,28.5,8.0,8.0,67.5,ACCUMULATE ⭐⭐⭐,Expected ~40% CAGR (2yr) | Revenue CAGR 22% | ROE 23% | ROCE 28% | Low D/E 0.19 | Promoter 61% holding,Margin compression ↓ | Earnings due 2026-08-12 | Pattern still forming (not broken out),2-3 years,Medium,"yfinance, screener.in",100,219,2026-08-12,2026-07-11,2026-06-01,40,0.0,5,-1.0
TPLPLASTEH,TPL Plastech Limited,Consumer Cyclical,Packaging & Containers,680.0,Small-Cap,MonthlyDoubleBottom,Forming,1.0,24,Sep 24mo | Mid rally 165% | Asymmetry 1%,,Sideways-Above-MA,True,False,Constructive,True,Stage2,3,Uptrend,Uptrend,63.73,133.28,50.01,54.17,152.82,216.55,227.16,186.32,239.8,84.3,23.37,,4.04,1.07,14.39,115.0,35.72,,0,none,18.4,22.3,1.2,11.0,0.03,6.88,10.56,21.2,16.0,14.39,20.83,21.92,21.4,18.0,0.15,highly inconsistent earnings,0.11,,2.08,,27.6,4.06,74.86,0.0,,0.5,0.05,0.04,-0.04,87.4,50.01,27.1,27.4,-13.24,37.9,0.95,0.05,7,33.0,22.5,8.0,4.0,67.5,ACCUMULATE ⭐⭐⭐,Expected ~84% CAGR (2yr) | Revenue CAGR 16% | Profit CAGR 22% | ROCE 22% | ROCE trend rising ↑ | Low D/E 0.11,Pattern still forming (not broken out),2-3 years,Medium,"yfinance, screener.in",100,133,,2026-07-11,2026-06-01,40,0.0,5,1.0
TEMBO,Tembo Global Industries Limited,Industrials,Metal Fabrication,893.0,Small-Cap,MonthlyStage2,Stage Change,1.0,24,10-EMA=567 | 30-EMA=488 | Above by 16.8% | MA turning=Yes,MonthlyCupHandle+MonthlyDoubleBottom+MonthlyStage2,Sideways,False,False,Below-MAs,True,Stage2,4,Uptrend,Uptrend,569.65,487.8,226.64,484.2,4620.2,11722.38,29742.02,11722.38,1957.8,353.6,11.26,,3.56,0.07,7.2,35.0,-12.64,,0,none,27.5,22.8,3.54,13.0,1.49,8.38,10.0,46.51,63.37,59.98,92.16,153.72,117.79,83.6,0.4,lumpy earner,0.78,,1.92,,-341.83,-38.3,37.74,1.36,,8.53,-0.05,1.49,0.54,837.0,433.35,31.9,31.5,11.43,111.92,0.34,0.68,5,34.0,19.5,12.0,2.0,67.5,ACCUMULATE ⭐⭐⭐,Expected ~354% CAGR (2yr) | Revenue CAGR 63% | Profit CAGR 154% | ROE 28% | ROCE 23% | ROCE trend rising ↑,None identified,2-3 years,Medium,"yfinance, screener.in",100,94,,2026-07-11,2026-06-01,40,0.0,5,2.0
INOXINDIA,INOX India Limited,Industrials,Specialty Industrial Machinery,16982.0,Mid-Cap,MonthlyCupHandle,Forming,0.865,23,Cup 23mo | Depth 29% | Prior gain 47% | R²=0.98,MonthlyCupHandle+MonthlyDoubleBottom,Uptrend,True,False,Tight-Above-MAs,True,Stage2,4,Uptrend,Uptrend,1428.9,1485.7,1055.87,1214.57,875.84,1915.53,1230.09,1037.96,34.1,15.8,66.23,44.02,15.19,3.58,50.75,11.0,0.0,1700.0,3,none,26.1,33.5,0.57,22.0,-0.03,16.25,10.21,21.52,18.0,21.72,14.16,18.51,21.86,14.8,0.75,consistent growth,0.07,,1.79,,-70.64,-0.42,75.0,0.0,,7.13,-0.01,7.72,0.45,2099.0,1065.0,31.9,34.2,24.08,,1.76,0.49,5,34.0,26.38,1.0,6.0,67.4,ACCUMULATE ⭐⭐⭐,Expected ~16% CAGR (2yr) | Revenue CAGR 18% | ROE 26% | ROCE 34% | ROCE trend rising ↑ | Nearly debt-free,High PE 66 | Pattern still forming (not broken out),2-3 years,Medium,"yfinance, screener.in",100,30,,2026-07-11,2026-06-01,40,0.0,5,0.0
SHAILY,Shaily Engineering Plastics Limited,Basic Materials,Specialty Chemicals,13346.0,Mid-Cap,None,,0.0,0,,,Uptrend,True,False,Tight-Above-MAs,True,Stage2,1,Uptrend,Uptrend,2968.8,,,2523.48,1379.18,2808.45,3955.4,2335.64,,,78.74,37.28,18.61,1.14,48.18,7.0,100.0,3517.67,6,none,26.9,29.3,6.0,28.0,3.3,17.15,13.87,25.92,17.75,,82.8,69.35,,40.5,0.4,lumpy earner,0.25,,1.25,,-11.78,-0.09,43.39,0.0,,16.73,4.72,10.61,-3.03,3233.9,1535.9,8.2,93.3,90.95,998.83,,-0.11,5,39.0,15.0,5.0,8.0,67.0,ACCUMULATE ⭐⭐⭐,Revenue CAGR 18% | Profit CAGR 69% | ROE 27% | ROCE 29% | ROCE trend rising ↑ | Low D/E 0.25,High PE 79,2-3 years,Medium,"yfinance, screener.in",100,51,,2026-07-11,2026-06-01,40,12.6,5,-3.0
INDOTHAI,Indo Thai Securities Limited,Financial Services,Capital Markets,3259.0,Small-Cap,MonthlyDoubleBottom,Forming,0.878,30,Sep 30mo | Mid rally 95% | Asymmetry 7%,,Downtrend,False,False,Below-MAs,False,Stage2,12,Uptrend,Uptrend,268.5,47.7,23.57,228.22,226.27,424.43,796.15,424.43,58.1,25.7,48.08,,11.46,0.55,,6.0,0.0,,0,none,28.6,34.6,0.66,83.0,4.43,65.09,21.98,285.19,135.13,36.43,725.0,87.58,48.96,,0.15,highly inconsistent earnings,0.08,,1.95,,,,56.5,-0.27,,1.22,-0.06,0.49,0.3,466.35,143.65,42.4,86.9,56.9,932.19,0.75,1.31,5,40.0,15.04,6.0,6.0,67.0,ACCUMULATE ⭐⭐⭐,Expected ~26% CAGR (2yr) | Revenue CAGR 135% | Profit CAGR 88% | ROE 29% | ROCE 35% | ROCE trend rising ↑,Pattern still forming (not broken out),2-3 years,Medium,"yfinance, screener.in",90,175,,2026-07-11,2026-06-01,40,0.0,5,-2.0
BLS,BLS International Services Limited,Industrials,Specialty Business Services,10436.0,Mid-Cap,MonthlyDoubleBottom,Forming,1.0,11,Sep 11mo | Mid rally 150% | Asymmetry 3%,,Downtrend,False,False,Below-MAs,False,Stage2,4,Uptrend,Uptrend,237.15,69.59,27.34,201.58,854.45,1303.29,1987.9,1303.29,449.6,134.4,15.24,11.8,4.24,0.29,11.82,118.0,38.67,330.0,1,none,32.7,29.3,3.57,27.0,4.2,22.9,13.79,36.71,25.52,44.37,34.07,52.53,70.67,31.6,0.75,consistent growth,0.15,,2.91,,448.12,4.29,70.39,0.0,,6.14,-0.23,2.99,0.07,414.9,218.9,42.8,8.3,-33.79,-42.14,0.28,-0.25,7,40.0,15.0,12.0,0.0,67.0,ACCUMULATE ⭐⭐⭐,Expected ~134% CAGR (2yr) | Revenue CAGR 26% | Profit CAGR 53% | ROE 33% | ROCE 29% | ROCE trend rising ↑,Pattern still forming (not broken out),2-3 years,Medium,"yfinance, screener.in",100,122,,2026-07-11,2026-06-01,40,-9.5,5,0.0
RADICO,Radico Khaitan Limited,Consumer Defensive,Beverages - Wineries & Distilleries,52130.0,Large-Cap,MonthlyDoubleBottom,Forming,0.7,13,Sep 13mo | Mid rally 71% | Asymmetry 1%,,Uptrend,True,False,Tight-Above-MAs,True,Stage2,15,Uptrend,Uptrend,3599.9,146.19,85.13,3059.91,3216.43,4282.66,6306.0,4503.64,19.0,9.1,86.21,53.85,15.71,2.15,40.28,15.0,10.06,3951.2,20,strong_buy,20.3,24.2,0.89,17.0,0.03,8.84,,24.92,24.53,20.57,74.57,40.02,16.87,62.3,0.15,highly inconsistent earnings,0.21,,,,,,40.2,-0.01,,17.63,-2.19,27.35,3.32,3986.3,2500.0,9.7,44.0,45.46,176.84,0.78,0.24,3,32.0,23.9,1.0,10.0,66.9,ACCUMULATE ⭐⭐⭐,Expected ~9% CAGR (2yr) | Revenue CAGR 25% | Profit CAGR 40% | ROE 20% | ROCE 24% | ROCE trend rising ↑,High PE 86 | Earnings due 2026-07-30 | Pattern still forming (not broken out),2-3 years,Medium,"yfinance, screener.in",80,276,2026-07-30,2026-07-11,2026-06-01,40,0.0,5,-2.0
ASKAUTOLTD,ASK AUTOMOTIVE LIMITED,Consumer Cyclical,Auto Parts,8963.0,Mid-Cap,MonthlyStage2,Stage Change,0.676,24,10-EMA=457 | 30-EMA=428 | Above by 10.1% | MA turning=Yes,MonthlyDoubleBottom+MonthlyStage2,Uptrend,True,False,Constructive,True,Stage2,3,Uptrend,Uptrend,471.85,428.44,362.29,401.07,1094.23,1107.73,1969.5,1468.02,134.8,53.2,30.13,22.13,6.83,0.88,18.13,41.0,50.0,567.29,7,none,25.3,25.5,1.71,13.0,0.51,7.12,11.63,15.97,17.79,22.02,19.76,34.16,22.88,24.2,0.15,highly inconsistent earnings,0.52,,1.04,,-311.06,-3.47,74.95,0.0,,9.29,-0.43,10.25,1.12,578.5,375.3,18.4,25.7,-1.2,,0.62,-0.17,5,33.0,21.61,11.0,1.0,66.6,ACCUMULATE ⭐⭐⭐,Expected ~53% CAGR (2yr) | Revenue CAGR 18% | Profit CAGR 34% | ROE 25% | ROCE 26% | ROCE trend rising ↑,None identified,2-3 years,Medium,"yfinance, screener.in",100,33,,2026-07-11,2026-06-01,40,3.5,5,9.0
BBTC,The Bombay Burmah Trading Corporation Limited,Consumer Defensive,Packaged Foods,10861.0,Mid-Cap,MonthlyDoubleBottom,Forming,1.0,27,Sep 27mo | Mid rally 129% | Asymmetry 6%,,Downtrend,False,False,Below-MAs,False,Stage2,15,Uptrend,Uptrend,1521.3,2919.66,1235.21,1293.11,14655.76,21344.64,31086.34,21344.64,1303.1,274.6,8.74,4.17,1.54,0.19,3.33,218.0,141.97,,0,none,19.1,33.0,3.34,18.0,1.0,6.26,15.63,6.78,5.54,7.84,13.64,45.64,14.32,43.8,0.15,highly inconsistent earnings,0.17,,1.19,,2049.95,18.87,74.04,0.0,,9.48,0.06,1.46,0.04,2135.0,1314.6,28.7,15.7,-11.52,29.86,0.11,0.61,5,37.0,16.5,13.0,0.0,66.5,ACCUMULATE ⭐⭐⭐,Expected ~275% CAGR (2yr) | Profit CAGR 46% | ROCE 33% | ROCE trend rising ↑ | Low D/E 0.17 | Promoter 74% holding,Pattern still forming (not broken out),2-3 years,Medium,"yfinance, screener.in",100,289,,2026-07-11,2026-06-01,40,-0.5,5,-3.0
V2RETAIL,V2 Retail Limited,Consumer Cyclical,Apparel Retail,8400.0,Mid-Cap,MonthlyDoubleBottom,Forming,1.0,33,Sep 33mo | Mid rally 505% | Asymmetry 6%,,Sideways-Above-MA,True,True,Constructive,True,Stage2,3,Uptrend,Uptrend,226.03,55.56,8.93,192.13,706.6,1851.79,4852.98,1851.79,719.3,186.2,50.3,2.62,8.94,0.31,20.61,0.0,,,0,none,22.7,18.3,3.46,15.0,1.2,5.28,8.49,62.79,54.05,41.64,125.0,162.07,,172.0,0.2,multiple loss years in history,1.1,,1.44,,-463.56,-5.52,51.43,0.0,,2.62,-0.39,9.28,0.16,259.25,158.56,12.8,42.6,32.29,1585.11,1.0,0.22,4,25.0,22.5,11.0,8.0,66.5,ACCUMULATE ⭐⭐⭐,Expected ~186% CAGR (2yr) | Revenue CAGR 54% | Profit CAGR 162% | ROE 23% | ROCE trend rising ↑ | Promoter 51% holding,High D/E 1.1 | High PE 50 | Pattern still forming (not broken out),2-3 years,Medium,"yfinance, screener.in",100,227,,2026-07-11,2026-06-01,40,0.0,5,0.0
AUROPHARMA,Aurobindo Pharma Limited,Healthcare,Drug Manufacturers - Specialty & Generic,93240.0,Large-Cap,MonthlyStage2,Stage Change,1.0,24,10-EMA=1370 | 30-EMA=1208 | Above by 29.5% | MA turning=Yes,MonthlyCupHandle+MonthlyDoubleBottom+MonthlyStage2,Uptrend,True,True,Tight-Above-MAs,True,Stage2,6,Uptrend,Uptrend,1564.7,1207.85,1024.06,1329.99,3267.67,2999.83,4865.2,3987.21,91.7,38.5,26.88,18.23,2.48,1.22,13.36,25.0,-12.64,1518.76,29,buy,10.1,12.8,-0.49,20.0,0.17,10.41,5.86,6.08,10.63,6.32,0.55,22.02,-8.07,2.0,0.15,highly inconsistent earnings,0.21,,1.81,,1318.53,1.41,51.82,0.0,,15.24,1.29,25.82,-1.84,1636.8,1016.1,4.4,54.0,53.69,64.34,0.28,0.02,6,20.0,28.5,8.0,10.0,66.5,ACCUMULATE ⭐⭐⭐,Expected ~38% CAGR (2yr) | Profit CAGR 22% | Low D/E 0.21 | Promoter 52% holding | Piotroski F=6 (above average quality) | FII buying +1.3% ↑,Earnings due 2026-08-04,2-3 years,Medium,"yfinance, screener.in",100,367,2026-08-04,2026-07-11,2026-06-01,40,3.4,5,4.0
SOUTHWEST,South West Pinnacle Exploration Limited,Energy,Oil & Gas Equipment & Services,675.0,Small-Cap,MonthlyDoubleBottom,Forming,0.91,12,Sep 12mo | Mid rally 98% | Asymmetry 7%,,Sideways-Above-MA,True,False,Constructive,False,Stage2,1,Uptrend,Uptrend,226.63,187.16,91.07,192.64,300.66,463.63,714.91,463.63,104.6,43.0,20.92,,3.32,0.39,12.75,0.0,14.47,,0,none,17.7,20.0,0.97,24.0,0.06,13.59,9.64,35.0,25.14,18.5,106.25,54.2,26.97,30.6,0.15,highly inconsistent earnings,0.39,,1.84,,-26.37,-3.91,68.85,0.0,,0.76,0.48,,,275.0,121.0,17.6,87.3,63.56,50.76,0.45,-0.33,6,32.0,20.42,7.0,7.0,66.4,ACCUMULATE ⭐⭐⭐,Expected ~43% CAGR (2yr) | Revenue CAGR 25% | Profit CAGR 54% | ROCE trend rising ↑ | Promoter 69% holding | Piotroski F=6 (above average quality),Pattern still forming (not broken out),2-3 years,Medium,"yfinance, screener.in",100,102,,2026-07-11,2026-06-01,40,-9.2,5,-12.0
LALPATHLAB,Dr. Lal PathLabs Limited,Healthcare,Diagnostics & Research,27480.0,Mid-Cap,MonthlyStage2,Breaking Out,1.0,24,10-EMA=1472 | 30-EMA=1405 | Above by 21.3% | MA turning=Yes,MonthlyDoubleBottom+MonthlyStage2,Sideways-Above-MA,True,False,Constructive,True,Stage2,6,Uptrend,Uptrend,1703.7,1404.72,1142.76,1448.14,1979.93,2199.62,3263.72,2542.04,29.1,13.6,54.35,39.95,10.96,1.91,35.63,85.0,7.72,1686.0,26,none,22.3,28.0,-0.51,28.0,0.17,18.27,13.34,12.27,11.06,11.81,3.66,28.39,11.5,-15.2,0.15,highly inconsistent earnings,0.08,,3.48,,402.22,1.46,53.21,0.0,,17.18,-3.11,21.37,2.17,1803.0,1272.6,5.5,33.9,30.64,32.18,2.5,0.19,6,33.0,24.0,1.0,8.0,66.0,ACCUMULATE ⭐⭐⭐,Expected ~14% CAGR (2yr) | Profit CAGR 28% | ROE 22% | ROCE 28% | Nearly debt-free | Promoter 53% holding,High PE 54 | Earnings due 2026-04-30,2-3 years,Medium,"yfinance, screener.in",100,126,2026-04-30,2026-07-11,2026-06-01,40,0.0,5,-1.0
YATHARTH,Yatharth Hospital & Trauma Care Services Limited,Healthcare,Medical Care Facilities,8340.0,Mid-Cap,MonthlyCupHandle,Forming,0.751,18,Cup 18mo | Depth 43% | Prior gain 50% | R²=0.97,,Uptrend,True,False,Tight-Above-MAs,True,Stage2,6,Uptrend,Uptrend,832.85,829.22,475.28,707.92,1258.93,1429.84,2365.65,1725.74,71.7,31.0,47.61,27.28,4.94,1.28,26.33,0.0,,986.0,4,none,10.4,12.4,-1.97,24.0,-1.46,14.22,7.17,40.35,36.17,41.21,29.77,37.08,53.42,22.7,0.4,lumpy earner,0.15,,3.87,,-88.68,-1.06,55.8,0.0,,5.25,-0.93,12.0,0.98,889.9,538.25,6.4,54.7,63.32,,0.52,0.95,4,25.0,25.01,6.0,10.0,66.0,ACCUMULATE ⭐⭐⭐,Expected ~31% CAGR (2yr) | Revenue CAGR 36% | Profit CAGR 37% | Low D/E 0.15 | Promoter 56% holding | Margin compressing ↓ ⚠️,Margin compression ↓ | Pattern still forming (not broken out),2-3 years,Medium,"yfinance, screener.in",100,34,,2026-07-11,2026-06-01,40,0.0,5,2.0
BHARTIARTL,Bharti Airtel Limited,Communication Services,Telecom Services,1191833.0,Large-Cap,MonthlyDoubleBottom,Forming,1.0,19,Sep 19mo | Mid rally 110% | Asymmetry 5%,,Sideways,False,False,Below-MAs,True,Downtrend,0,Uptrend,Uptrend,1920.4,429.14,200.07,1632.34,1873.19,2493.11,3679.32,2625.27,29.8,13.9,43.1,23.39,7.49,1.07,10.99,84.0,74.72,2294.88,33,strong_buy,21.9,18.5,1.77,57.0,1.74,12.65,7.85,21.96,14.88,15.96,-9.76,40.15,82.12,-33.5,0.15,highly inconsistent earnings,1.0,,0.52,,60950.84,5.11,50.07,1.2,,26.51,-1.28,20.64,0.11,2174.5,1740.5,11.7,10.3,2.57,102.69,0.3,0.02,6,35.0,18.0,10.0,3.0,66.0,ACCUMULATE ⭐⭐⭐,Expected ~14% CAGR (2yr) | Profit CAGR 40% | ROE 22% | ROCE trend rising ↑ | Promoter 50% holding | Promoters buying ↑,Earnings due 2026-08-05 | Pattern still forming (not broken out),2-3 years,Medium,"yfinance, screener.in",100,289,2026-08-05,2026-07-11,2026-06-01,40,0.4,5,5.0
PIXTRANS,PIX Transmissions Limited,Industrials,Specialty Industrial Machinery,2467.0,Small-Cap,MonthlyDoubleBottom,Forming,1.0,14,Sep 14mo | Mid rally 133% | Asymmetry 4%,MonthlyDoubleBottom+MonthlyStage2,Uptrend,True,False,Tight-Above-MAs,True,Stage2,4,Uptrend,Uptrend,1531.9,2783.67,1173.0,1302.12,2665.57,4394.34,3715.94,3147.23,186.9,69.4,23.09,,3.54,1.28,14.28,50.0,14.47,,0,none,16.5,21.8,-0.34,26.0,-0.34,18.31,10.49,-1.19,6.19,8.9,-5.31,18.07,10.48,-10.7,0.15,highly inconsistent earnings,0.04,,6.86,,106.04,4.3,62.06,0.0,,0.41,-0.57,2.51,0.96,1930.0,1220.1,20.6,25.6,3.82,45.58,0.29,-0.05,4,28.0,27.5,7.0,3.0,65.5,ACCUMULATE ⭐⭐⭐,Expected ~69% CAGR (2yr) | ROCE 22% | Nearly debt-free | Promoter 62% holding | OPM 26% | FCF yield 4.3%,Pattern still forming (not broken out),2-3 years,Medium,"yfinance, screener.in",100,50,,2026-07-11,2026-06-01,40,0.0,5,-3.0
TALBROAUTO,Talbros Automotive Components Limited,Consumer Cyclical,Auto Parts,2544.0,Small-Cap,MonthlyStage2,Stage Change,1.0,24,10-EMA=288 | 30-EMA=264 | Above by 25.3% | MA turning=Yes,MonthlyDoubleBottom+MonthlyStage2,Uptrend,True,False,Tight-Above-MAs,True,Stage2,3,Uptrend,Uptrend,330.5,263.85,215.33,280.93,771.74,948.62,1166.05,948.62,187.0,69.4,24.46,,3.43,1.07,18.41,18.0,11.87,,0,none,15.1,18.6,1.0,16.0,0.74,11.97,6.38,5.2,10.38,14.4,10.64,22.92,21.67,18.9,0.15,highly inconsistent earnings,0.11,,1.96,,20.53,0.81,58.43,0.0,,0.49,-0.12,0.09,0.0,435.0,219.9,24.0,50.3,17.11,101.14,0.7,0.33,7,26.0,28.5,7.0,4.0,65.5,ACCUMULATE ⭐⭐⭐,Expected ~69% CAGR (2yr) | Profit CAGR 23% | ROCE trend rising ↑ | Low D/E 0.11 | Promoter 58% holding | Piotroski F=7 (high quality compounder),None identified,2-3 years,Medium,"yfinance, screener.in",100,237,,2026-07-11,2026-06-01,40,0.0,5,-3.0
BUTTERFLY,Butterfly Gandhimathi Appliances Limited,Consumer Cyclical,"Furnishings, Fixtures & Appliances",1274.0,Small-Cap,MonthlyDoubleBottom,Forming,1.0,37,Sep 37mo | Mid rally 368% | Asymmetry 1%,,Uptrend,True,False,Uptrend,True,Stage2,3,Uptrend,Uptrend,731.7,642.47,136.69,621.95,1604.39,2032.76,2575.51,2032.76,177.8,66.7,27.94,,3.42,1.05,14.21,,100.0,,0,none,13.08,,,5.96,,4.84,6.84,16.7,,,26.7,,,26.6,0.5,insufficient history,0.02,,2.1,,62.91,4.94,75.0,0.0,,0.01,-0.01,0.43,0.0,823.85,565.8,11.2,29.3,1.52,-65.37,0.8,-0.0,5,28.0,26.5,8.0,3.0,65.5,ACCUMULATE ⭐⭐⭐,Expected ~67% CAGR (2yr) | Revenue CAGR 17% | Profit CAGR 27% | Nearly debt-free | Promoter 75% holding | FCF yield 4.9%,Pattern still forming (not broken out),2-3 years,Medium,"yfinance, screener.in",70,148,,2026-07-11,2026-06-01,40,7.5,5,-0.5
MPSLTD,MPS Limited,Communication Services,Publishing,3219.0,Small-Cap,MonthlyDoubleBottom,Forming,1.0,25,Sep 25mo | Mid rally 125% | Asymmetry 0%,,Sideways,False,False,Below-MAs,True,Downtrend,0,Uptrend,Uptrend,1828.9,3013.89,1336.1,1554.57,3443.32,4691.68,4685.4,4016.63,156.5,60.2,18.59,15.18,5.4,1.12,13.39,438.0,40.38,2500.0,1,strong_buy,31.2,39.3,3.0,31.0,0.94,22.54,15.89,5.64,15.3,12.67,16.11,16.65,24.0,-0.1,0.4,lumpy earner,0.1,,1.45,,194.33,6.04,68.34,0.0,,1.47,-0.16,1.96,0.8,2975.0,1336.1,38.5,36.9,-22.35,68.26,0.94,0.44,6,40.0,18.5,7.0,0.0,65.5,ACCUMULATE ⭐⭐⭐,Expected ~60% CAGR (2yr) | Revenue CAGR 15% | ROE 31% | ROCE 39% | ROCE trend rising ↑ | Low D/E 0.10,Pattern still forming (not broken out),2-3 years,Medium,"yfinance, screener.in",100,287,,2026-07-11,2026-06-01,40,0.0,5,0.0
TATAELXSI,Tata Elxsi Limited,Technology,Software - Application,22919.0,Mid-Cap,MonthlyDoubleBottom,Forming,1.0,40,Sep 40mo | Mid rally 193% | Asymmetry 1%,,Sideways,False,False,Below-MAs,True,Downtrend,0,Uptrend,Uptrend,4186.1,1365.89,463.42,3558.19,5504.8,6407.59,11231.58,7863.05,53.1,23.7,36.5,23.66,7.54,0.85,26.2,204.0,7.37,4224.4,15,hold,39.3,60.0,7.09,21.0,0.97,16.62,12.87,9.55,16.35,16.95,41.67,42.84,15.79,27.8,0.15,highly inconsistent earnings,0.05,,3.92,,683.07,2.98,43.9,0.0,,11.08,2.52,11.39,-0.89,6439.5,3562.0,35.0,17.5,-25.19,-65.94,0.51,0.32,7,40.0,18.5,7.0,0.0,65.5,ACCUMULATE ⭐⭐⭐,Expected ~24% CAGR (2yr) | Revenue CAGR 16% | Profit CAGR 43% | ROE 39% | ROCE 60% | ROCE trend rising ↑,Earnings due 2026-07-09 | Pattern still forming (not broken out),2-3 years,Medium,"yfinance, screener.in",100,287,2026-07-09,2026-07-11,2026-06-01,40,0.0,5,0.0
TMB,Tamilnad Mercantile Bank Limited,Financial Services,Banks - Regional,12330.0,Mid-Cap,MonthlyStage2,Stage Change,1.0,24,10-EMA=591 | 30-EMA=511 | Above by 33.0% | MA turning=Yes,MonthlyDoubleBottom+MonthlyStage2,Uptrend,True,False,Tight-Above-MAs,True,Stage2,12,Uptrend,Uptrend,679.4,510.71,399.27,577.49,2037.98,2608.62,3339.03,2608.62,284.0,95.9,9.22,,1.22,0.33,,161.0,7.72,,0,none,13.99,,,54.29,,39.86,1.89,23.5,,,28.0,,,28.0,0.5,insufficient history,,,,,,,,,,6.19,1.24,1.91,-0.56,799.4,411.8,15.0,65.0,63.89,41.14,0.76,0.43,2,18.0,28.5,9.0,10.0,65.5,ACCUMULATE ⭐⭐⭐,Expected ~96% CAGR (2yr) | Revenue CAGR 24% | Profit CAGR 28% | OPM 54% | FII buying +1.2% ↑ | PEG 0.33 — deeply undervalued,None identified,2-3 years,Medium,"yfinance, screener.in",40,45,,2026-07-11,2026-06-01,40,0.0,5,2.0
JBCHEPHARM,J. B. Chemicals & Pharmaceuticals Limited,Healthcare,Drug Manufacturers - Specialty & Generic,37966.0,Large-Cap,MonthlyDoubleBottom,Forming,0.662,29,Sep 29mo | Mid rally 74% | Asymmetry 8%,,Uptrend,True,False,Tight-Above-MAs,True,Stage2,6,Uptrend,Uptrend,2171.6,183.68,101.71,1845.86,2205.67,2493.5,3177.76,2647.47,14.8,7.2,53.2,32.39,9.13,2.66,33.69,79.0,35.34,2262.56,9,buy,18.9,25.4,-0.8,27.0,0.46,17.11,12.48,5.87,9.62,15.22,7.42,20.03,9.57,-30.4,0.15,highly inconsistent earnings,0.0,,4.92,,506.48,1.33,48.8,1.25,,16.33,1.45,21.38,-1.97,2371.8,1603.5,8.4,35.4,38.4,65.57,0.81,-0.02,5,31.0,24.44,0.0,10.0,65.4,ACCUMULATE ⭐⭐⭐,Expected ~7% CAGR (2yr) | Profit CAGR 20% | ROCE 25% | Nearly debt-free | Promoters buying ↑ | OPM 27%,High PE 53 | Earnings due 2026-07-30 | Pattern still forming (not broken out),2-3 years,Medium,"yfinance, screener.in",100,287,2026-07-30,2026-07-11,2026-06-01,40,0.0,5,1.0
PRUDENT,Prudent Corporate Advisory Services Limited,Financial Services,Asset Management,12434.0,Mid-Cap,MonthlyCupHandle,Forming,0.853,18,Cup 18mo | Depth 25% | Prior gain 127% | R²=0.96,,Uptrend,True,False,Constructive,True,Stage2,12,Uptrend,Uptrend,2726.2,3352.49,2515.37,2389.6,1304.83,4189.61,1999.85,1615.38,53.7,24.0,55.87,37.66,14.08,2.35,,12.0,35.72,3072.86,7,buy,28.6,37.5,-1.49,24.0,-0.17,16.62,20.48,16.24,28.76,34.88,13.27,23.8,37.6,14.3,0.4,lumpy earner,0.04,,1.32,,,,55.31,0.0,,14.89,-1.43,23.58,1.45,3160.1,2121.0,13.7,28.5,8.43,155.59,0.55,0.41,3,36.0,23.24,1.0,5.0,65.2,ACCUMULATE ⭐⭐⭐,Expected ~24% CAGR (2yr) | Revenue CAGR 29% | Profit CAGR 24% | ROE 29% | ROCE 38% | Nearly debt-free,High PE 56 | Pattern still forming (not broken out),2-3 years,Medium,"yfinance, screener.in",90,49,,2026-07-11,2026-06-01,40,0.0,5,2.0
ENDURANCE,Endurance Technologies Limited,Consumer Cyclical,Auto Parts,37146.0,Large-Cap,MonthlyStage2,Stage Change,0.974,24,10-EMA=2567 | 30-EMA=2344 | Above by 14.6% | MA turning=Yes,MonthlyDoubleBottom+MonthlyStage2,Uptrend,True,False,Tight-Above-MAs,True,Stage2,3,Uptrend,Uptrend,2686.4,2343.96,1758.83,2283.44,4131.61,4275.27,6521.92,5190.96,59.1,26.2,39.07,26.35,5.43,1.52,18.61,44.0,16.96,2901.73,15,buy,15.4,18.3,0.49,13.0,-0.4,6.52,7.41,26.25,18.35,17.39,13.88,25.64,12.86,12.8,0.15,highly inconsistent earnings,0.19,,1.55,,153.57,0.41,75.0,0.0,,13.14,-0.58,9.77,0.57,3079.9,2142.8,12.8,25.4,-5.09,37.92,0.35,0.68,6,29.0,28.19,6.0,2.0,65.2,ACCUMULATE ⭐⭐⭐,Expected ~26% CAGR (2yr) | Revenue CAGR 18% | Profit CAGR 26% | ROCE trend rising ↑ | Low D/E 0.19 | Promoter 75% holding,None identified,2-3 years,Medium,"yfinance, screener.in",100,118,,2026-07-11,2026-06-01,40,5.5,5,6.9
BSE,BSE Limited,Financial Services,Financial Data & Stock Exchanges,155003.0,Large-Cap,None,,0.0,0,,,Sideways-Above-MA,True,False,Constructive,False,Stage2,12,Uptrend,Uptrend,3811.6,,,3239.86,2983.97,5806.57,15702.98,6845.24,52.3,23.4,63.29,38.53,19.71,0.49,36.11,26.0,19.43,4248.56,16,buy,44.8,58.0,10.2,64.0,6.26,48.73,20.81,50.5,73.54,50.31,88.12,129.4,77.29,62.9,0.15,highly inconsistent earnings,0.0,,1.53,,5136.78,3.31,,,,19.42,1.97,25.09,1.35,4446.8,2021.5,14.3,88.6,82.73,975.35,,0.28,6,40.0,9.0,8.0,8.0,65.0,ACCUMULATE ⭐⭐⭐,Expected ~23% CAGR (2yr) | Revenue CAGR 74% | Profit CAGR 129% | ROE 45% | ROCE 58% | ROCE trend rising ↑,High PE 63,2-3 years,Medium,"yfinance, screener.in",90,114,,2026-07-11,2026-06-01,40,-9.0,5,-4.0
POLYCAB,Polycab India Limited,Industrials,Electrical Equipment & Parts,143780.0,Large-Cap,None,,0.0,0,,,Uptrend,True,False,Tight-Above-MAs,True,Stage2,4,Uptrend,Uptrend,9162.5,,,7788.12,7829.89,9831.65,12890.7,10046.53,7.3,3.6,54.05,38.57,11.97,1.91,34.41,49.0,32.95,9509.32,31,buy,23.0,33.2,2.31,14.0,0.43,9.25,13.56,28.9,26.98,26.86,32.36,28.31,25.04,6.3,0.4,lumpy earner,0.03,,1.84,,1620.23,1.13,61.5,0.0,,18.21,3.39,7.95,-3.18,10126.0,6605.0,9.5,38.7,48.36,139.42,,0.64,7,40.0,15.0,2.0,8.0,65.0,ACCUMULATE ⭐⭐⭐,Expected ~4% CAGR (2yr) | Revenue CAGR 27% | Profit CAGR 28% | ROE 23% | ROCE 33% | ROCE trend rising ↑,High PE 54 | Earnings due 2026-07-16,2-3 years,Medium,"yfinance, screener.in",100,86,2026-07-16,2026-07-11,2026-06-01,40,0.0,5,-2.0
AVANTIFEED,Avanti Feeds Limited,Consumer Defensive,Packaged Foods,13020.0,Mid-Cap,MonthlyDoubleBottom,Forming,1.0,7,Sep 7mo | Mid rally 196% | Asymmetry 8%,,Downtrend,False,False,Below-MAs,False,Stage2,15,Uptrend,Uptrend,924.75,715.67,232.83,786.04,2706.05,3468.61,4446.07,3468.61,275.1,93.7,21.5,19.58,3.96,0.76,15.7,94.0,12.92,1166.0,1,none,20.2,25.9,0.83,12.0,0.6,9.99,10.79,8.09,6.04,8.14,17.95,28.18,10.6,-17.6,0.15,highly inconsistent earnings,0.0,,5.58,,392.42,3.01,43.23,0.0,,7.63,-0.35,6.82,2.66,1593.8,614.25,42.0,50.5,46.94,95.65,0.12,0.07,6,34.0,15.0,10.0,6.0,65.0,ACCUMULATE ⭐⭐⭐,Expected ~94% CAGR (2yr) | Profit CAGR 28% | ROE 20% | ROCE 26% | ROCE trend rising ↑ | Nearly debt-free,Pattern still forming (not broken out),2-3 years,Medium,"yfinance, screener.in",100,199,,2026-07-11,2026-06-01,40,-27.0,5,-1.0
SPECTRUM,SPECTRUM ELECTRIC IND LTD,Industrials,Electrical Equipment & Parts,2912.0,Small-Cap,MonthlyStage2,Breaking Out,1.0,24,10-EMA=1596 | 30-EMA=1490 | Above by 29.0% | MA turning=Yes,MonthlyCupHandle+MonthlyDoubleBottom+MonthlyStage2,Uptrend,True,True,Constructive,True,Stage2,4,Uptrend,Uptrend,1921.6,1489.77,1206.2,1633.36,1660.5,2931.11,5173.99,2931.11,52.5,23.5,73.54,,11.89,0.96,39.18,0.0,,,0,none,20.4,16.8,1.4,15.0,0.77,8.45,7.59,30.85,27.63,28.35,76.0,76.52,48.96,95.5,0.15,highly inconsistent earnings,1.02,,1.34,,-82.7,-2.84,72.72,0.0,,4.94,0.28,0.34,0.0,1970.0,1050.0,2.5,83.0,27.48,74.45,4.85,0.21,5,27.0,27.0,5.0,6.0,65.0,ACCUMULATE ⭐⭐⭐,Expected ~24% CAGR (2yr) | Revenue CAGR 28% | Profit CAGR 77% | ROE 20% | ROCE trend rising ↑ | Promoter 73% holding,High D/E 1.0 | High PE 74,2-3 years,Medium,"yfinance, screener.in",100,94,,2026-07-11,2026-06-01,40,33.6,5,14.8
ADANIPORTS,Adani Ports and Special Economic Zone Limited,Industrials,Marine Shipping,431808.0,Large-Cap,MonthlyCupHandle,Forming,0.739,22,Cup 22mo | Depth 35% | Prior gain 76% | R²=0.99,MonthlyCupHandle+MonthlyDoubleBottom,Uptrend,True,False,Uptrend,True,Stage2,4,Uptrend,Uptrend,1828.1,1861.32,1202.57,1553.88,2729.24,2971.53,4852.46,3639.16,62.5,27.5,32.15,24.29,4.5,0.96,21.88,40.0,14.47,1970.08,25,strong_buy,16.4,14.1,0.43,59.0,-0.91,33.06,6.76,27.11,22.93,25.28,15.56,33.34,20.41,10.4,0.15,highly inconsistent earnings,0.64,,1.39,,-3192.01,-0.74,68.02,0.0,,13.25,0.15,13.86,-0.03,1891.1,1290.5,3.3,41.7,40.15,107.15,0.36,0.51,4,25.0,22.87,7.0,10.0,64.9,ACCUMULATE ⭐⭐⭐,Expected ~28% CAGR (2yr) | Revenue CAGR 23% | Profit CAGR 33% | ROCE trend rising ↑ | Promoter 68% holding | OPM 59%,Margin compression ↓ | Earnings due 2026-04-30 | Pattern still forming (not broken out),3-4 years,Medium-High,"yfinance, screener.in",100,225,2026-04-30,2026-07-11,2026-06-01,40,3.7,5,-1.5
RAMRAT,Ram Ratna Wires Limited,Industrials,Electrical Equipment & Parts,3693.0,Small-Cap,MonthlyCupHandle,Forming,0.717,19,Cup 19mo | Depth 32% | Prior gain 106% | R²=0.98,MonthlyCupHandle+MonthlyDoubleBottom,Uptrend,True,False,Tight-Above-MAs,True,Stage2,4,Uptrend,Uptrend,425.6,427.1,290.58,361.76,588.03,778.38,1030.34,778.38,82.9,35.2,34.49,,6.37,1.07,16.54,63.0,0.0,,0,none,20.6,23.6,2.31,5.0,0.06,2.07,8.57,40.79,25.01,27.66,55.71,32.37,46.78,69.1,0.15,highly inconsistent earnings,1.15,,1.15,,-356.79,-9.66,69.3,0.0,,0.17,0.08,0.44,0.02,520.0,268.0,18.2,58.8,33.64,192.32,0.79,0.4,4,27.0,24.6,6.0,7.0,64.6,ACCUMULATE ⭐⭐⭐,Expected ~35% CAGR (2yr) | Revenue CAGR 25% | Profit CAGR 32% | ROE 21% | ROCE 24% | ROCE trend rising ↑,High D/E 1.2 | Pattern still forming (not broken out),3-4 years,Medium-High,"yfinance, screener.in",100,47,,2026-07-11,2026-06-01,40,0.0,5,0.0
SUPRIYA,Supriya Lifescience Limited,Healthcare,Biotechnology,7878.0,Small-Cap,MonthlyStage2,Stage Change,1.0,24,10-EMA=682 | 30-EMA=606 | Above by 18.9% | MA turning=Yes,MonthlyDoubleBottom+MonthlyStage2,Sideways-Above-MA,True,True,Constructive,True,Stage2,6,Uptrend,Uptrend,720.6,605.95,386.51,612.51,1470.67,2157.47,3165.01,2157.47,199.4,73.0,37.74,24.6,6.58,0.81,26.55,10.0,18.56,940.0,2,none,19.06,,,32.23,,25.26,13.45,50.2,,,46.7,,,47.3,0.5,insufficient history,0.01,,4.4,,-15.58,-0.2,68.3,0.0,,5.16,-0.03,5.7,0.7,1085.0,545.5,33.6,32.1,9.5,169.45,0.46,0.63,4,33.0,22.5,6.0,3.0,64.5,ACCUMULATE ⭐⭐⭐,Expected ~73% CAGR (2yr) | Revenue CAGR 50% | Profit CAGR 47% | Nearly debt-free | Promoter 68% holding | OPM 32%,None identified,3-4 years,Medium-High,"yfinance, screener.in",70,54,,2026-07-11,2026-06-01,40,0.0,5,-2.0
TRITURBINE,Triveni Turbine Limited,Industrials,Specialty Industrial Machinery,20914.0,Mid-Cap,MonthlyStage2,Stage Change,1.0,24,10-EMA=546 | 30-EMA=520 | Above by 22.7% | MA turning=Yes,MonthlyDoubleBottom+MonthlyStage2,Uptrend,True,True,Uptrend,True,Stage2,4,Uptrend,Uptrend,638.05,520.11,439.85,542.34,466.36,614.5,692.2,568.17,,,59.86,39.86,14.44,2.74,45.17,61.0,67.5,684.0,9,buy,27.1,35.9,3.54,21.0,0.26,16.03,11.52,8.72,20.45,25.41,-2.79,21.83,27.89,8.6,0.15,highly inconsistent earnings,0.03,,1.98,,-258.5,-1.24,55.84,0.0,,20.81,-1.57,16.52,1.92,787.6,428.35,19.0,49.0,12.77,37.09,1.48,0.51,6,35.0,26.5,0.0,3.0,64.5,ACCUMULATE ⭐⭐⭐,Revenue CAGR 20% | Profit CAGR 22% | ROE 27% | ROCE 36% | ROCE trend rising ↑ | Nearly debt-free,High PE 60,3-4 years,Medium-High,"yfinance, screener.in",100,176,,2026-07-11,2026-06-01,40,0.0,5,-1.0
NBCC,NBCC (India) Limited,Industrials,Engineering & Construction,27637.0,Mid-Cap,MonthlyDoubleBottom,Forming,1.0,48,Sep 48mo | Mid rally 216% | Asymmetry 7%,MonthlyCupHandle+MonthlyDoubleBottom+MonthlyStage2,Sideways,False,False,Below-MAs,True,Stage2,4,Uptrend,Uptrend,93.08,89.08,27.25,79.12,121.24,168.17,233.27,168.17,80.7,34.4,38.34,33.02,9.2,0.99,20.61,66.0,-30.66,124.5,2,none,24.1,31.0,3.03,5.0,0.63,5.46,4.29,7.06,13.24,13.14,33.21,38.71,25.33,37.2,0.4,lumpy earner,0.0,,1.18,,992.51,3.59,61.75,0.0,,4.99,-0.21,10.75,-1.5,125.85,77.18,26.0,20.6,-15.94,239.5,0.72,0.66,5,38.0,19.5,6.0,1.0,64.5,ACCUMULATE ⭐⭐⭐,Expected ~34% CAGR (2yr) | Profit CAGR 39% | ROE 24% | ROCE 31% | ROCE trend rising ↑ | Nearly debt-free,Pattern still forming (not broken out),3-4 years,Medium-High,"yfinance, screener.in",100,170,,2026-07-11,2026-06-01,40,0.0,5,0.0
TBZ,Tribhovandas Bhimji Zaveri Limited,Consumer Cyclical,Luxury Goods,1285.0,Small-Cap,MonthlyDoubleBottom,Forming,1.0,31,Sep 31mo | Mid rally 223% | Asymmetry 2%,,Sideways-Above-MA,True,False,Constructive,True,Stage2,3,Uptrend,Uptrend,129.89,132.48,40.55,110.41,2104.62,3610.9,6195.21,3610.9,2680.0,427.3,6.35,64.86,1.53,0.09,5.62,117.0,31.04,,0,none,27.1,21.4,2.0,11.0,0.57,6.3,10.94,22.25,10.19,19.0,197.06,71.57,36.26,612.6,0.15,highly inconsistent earnings,1.06,,1.65,,-81.27,-6.32,74.12,0.0,,0.26,0.26,0.0,0.0,217.95,110.5,40.4,17.5,-22.01,37.06,0.34,0.48,6,26.0,22.5,14.0,2.0,64.5,ACCUMULATE ⭐⭐⭐,Expected ~427% CAGR (2yr) | Profit CAGR 72% | ROE 27% | ROCE 21% | ROCE trend rising ↑ | Promoter 74% holding,High D/E 1.1 | Pattern still forming (not broken out),3-4 years,Medium-High,"yfinance, screener.in",100,169,,2026-07-11,2026-06-01,40,0.0,5,1.0
SUNPHARMA,Sun Pharmaceutical Industries Limited,Healthcare,Drug Manufacturers - Specialty & Generic,457025.0,Large-Cap,MonthlyDoubleBottom,Forming,1.0,32,Sep 32mo | Mid rally 113% | Asymmetry 4%,,Uptrend,True,False,Tight-Above-MAs,True,Stage2,6,Uptrend,Uptrend,1882.3,1099.65,505.12,1599.95,2104.45,2215.08,2572.84,2326.89,17.7,8.5,39.84,29.45,5.47,3.77,26.07,84.0,-1.47,2047.35,34,buy,16.0,20.5,1.43,30.0,0.89,19.64,8.43,11.19,10.03,11.78,4.96,10.57,38.33,26.2,0.15,highly inconsistent earnings,0.06,,2.82,,4931.94,1.08,54.48,0.0,,15.94,-0.18,21.0,0.28,1925.1,1548.0,2.2,21.6,21.15,61.39,0.61,0.08,7,27.0,28.5,1.0,8.0,64.5,ACCUMULATE ⭐⭐⭐,Expected ~8% CAGR (2yr) | ROCE 20% | ROCE trend rising ↑ | Nearly debt-free | Promoter 54% holding | OPM 30%,Earnings due 2026-07-30 | Pattern still forming (not broken out),3-4 years,Medium-High,"yfinance, screener.in",100,365,2026-07-30,2026-07-11,2026-06-01,40,0.0,5,2.0
GODFRYPHLP,Godfrey Phillips India Limited,Consumer Defensive,Tobacco,33850.0,Large-Cap,MonthlyDoubleBottom,Forming,1.0,7,Sep 7mo | Mid rally 112% | Asymmetry 10%,MonthlyDoubleBottom+MonthlyStage2,Downtrend,False,False,Below-MAs,False,Stage2,15,Uptrend,Uptrend,2115.3,439.44,197.7,1798.01,6232.76,8120.67,10580.41,8120.67,283.9,95.9,22.17,19.36,5.45,0.73,21.13,170.0,58.27,,0,none,26.6,32.8,3.37,25.0,0.29,23.88,11.97,13.9,21.51,20.41,42.35,30.29,32.33,86.7,0.75,consistent growth,0.04,,2.44,,44.89,0.13,72.58,0.0,,7.91,-0.24,3.28,-0.93,3947.0,1832.1,46.4,15.5,-40.79,183.62,0.07,0.3,7,40.0,15.0,9.0,0.0,64.0,ACCUMULATE ⭐⭐⭐,Expected ~96% CAGR (2yr) | Revenue CAGR 22% | Profit CAGR 30% | ROE 27% | ROCE 33% | ROCE trend rising ↑,Pattern still forming (not broken out),3-4 years,Medium-High,"yfinance, screener.in",100,331,,2026-07-11,2026-06-01,40,-9.6,5,-3.0
GENUSPOWER,Genus Power Infrastructures Limited,Industrials,Electrical Equipment & Parts,8891.0,Mid-Cap,MonthlyDoubleBottom,Forming,1.0,23,Sep 23mo | Mid rally 136% | Asymmetry 2%,MonthlyCupHandle+MonthlyDoubleBottom+MonthlyStage2,Sideways-Above-MA,True,False,Constructive,False,Stage2,4,Uptrend,Uptrend,317.05,482.57,202.74,269.49,2065.04,5643.75,15424.37,5643.75,1680.1,321.9,15.11,12.61,4.01,0.09,11.4,76.0,114.0,445.0,2,strong_buy,29.0,23.9,2.94,19.0,1.17,12.47,10.03,94.55,80.49,50.81,90.35,173.3,53.71,39.3,0.15,highly inconsistent earnings,1.04,,1.75,,-1130.65,-12.72,39.34,0.0,,18.89,0.15,3.34,0.13,394.0,206.36,19.5,53.6,-1.61,-1.7,2.23,0.31,5,29.0,22.0,12.0,1.0,64.0,ACCUMULATE ⭐⭐⭐,Expected ~322% CAGR (2yr) | Revenue CAGR 80% | Profit CAGR 173% | ROE 29% | ROCE 24% | ROCE trend rising ↑,High D/E 1.0 | Pattern still forming (not broken out),3-4 years,Medium-High,"yfinance, screener.in",100,253,,2026-07-11,2026-06-01,40,2.5,5,1.0
NEULANDLAB,Neuland Laboratories Limited,Healthcare,Drug Manufacturers - Specialty & Generic,24305.0,Mid-Cap,MonthlyCupHandle,Forming,0.854,17,Cup 17mo | Depth 27% | Prior gain 121% | R²=0.97,MonthlyCupHandle+MonthlyDoubleBottom,Sideways-Above-MA,True,True,Constructive,True,Stage2,6,Uptrend,Uptrend,16790.0,18024.33,13107.61,14271.5,16497.93,22941.05,28070.56,21519.9,36.6,16.9,66.67,41.38,12.98,2.19,454.31,18.0,33.89,20972.0,4,none,21.4,26.6,3.4,28.0,2.51,2.29,,36.97,19.31,16.64,40.0,30.44,35.06,664.8,0.15,highly inconsistent earnings,0.16,,1.42,,,,32.63,0.0,,20.46,-0.44,15.84,1.12,19747.0,11500.0,15.0,46.0,47.75,473.99,1.12,-0.32,3,33.0,19.75,1.0,10.0,63.8,ACCUMULATE ⭐⭐⭐,Expected ~17% CAGR (2yr) | Revenue CAGR 19% | Profit CAGR 30% | ROE 21% | ROCE 27% | ROCE trend rising ↑,High PE 67 | Pattern still forming (not broken out),3-4 years,Medium-High,"yfinance, screener.in",80,212,,2026-07-11,2026-06-01,40,0.0,5,0.0
GRWRHITECH,Garware Hi-Tech Films Limited,Basic Materials,Specialty Chemicals,15972.0,Mid-Cap,MonthlyStage2,Stage Change,1.0,24,10-EMA=4429 | 30-EMA=3468 | Above by 76.8% | MA turning=Yes,MonthlyCupHandle+MonthlyStage2,Uptrend,True,False,Uptrend,True,Stage2,1,Uptrend,Uptrend,6131.5,3467.86,2479.47,5211.77,3558.81,4510.79,5717.42,4510.79,,,47.17,37.73,6.01,1.76,35.0,17.0,6.27,,0,none,13.4,18.0,1.46,20.0,-0.0,15.95,8.55,0.52,13.81,16.47,2.11,26.75,21.82,39.1,0.15,highly inconsistent earnings,0.01,,4.43,,60.47,0.38,60.73,0.0,,3.98,0.02,5.28,-0.07,7109.0,2681.0,13.8,128.7,81.55,498.63,0.54,0.67,6,26.0,26.5,1.0,10.0,63.5,ACCUMULATE ⭐⭐⭐,Profit CAGR 27% | ROCE trend rising ↑ | Nearly debt-free | Promoter 61% holding | Piotroski F=6 (above average quality) | MonthlyStage2 forming (24mo base),None identified,3-4 years,Medium-High,"yfinance, screener.in",100,53,,2026-07-11,2026-06-01,40,10.7,5,-3.5
IFBIND,IFB Industries Limited,Consumer Cyclical,"Furnishings, Fixtures & Appliances",5198.0,Small-Cap,MonthlyDoubleBottom,Forming,1.0,28,Sep 28mo | Mid rally 172% | Asymmetry 4%,,Sideways,False,False,Below-MAs,True,Stage2,3,Uptrend,Uptrend,1098.8,2359.9,850.0,933.98,3867.74,5523.26,17470.19,8220.1,402.7,124.2,36.23,20.52,5.23,0.32,15.62,0.0,,1478.0,3,none,16.8,20.3,2.91,6.0,0.14,2.56,5.06,10.35,10.23,14.94,21.01,112.53,40.82,126.1,0.15,highly inconsistent earnings,0.16,,1.33,,142.69,2.75,74.96,0.0,,0.92,-0.04,6.16,0.13,2019.8,883.2,45.6,24.4,-21.12,12.49,0.56,0.33,6,29.0,19.5,15.0,0.0,63.5,ACCUMULATE ⭐⭐⭐,Expected ~124% CAGR (2yr) | Profit CAGR 113% | ROCE 20% | ROCE trend rising ↑ | Low D/E 0.16 | Promoter 75% holding,Pattern still forming (not broken out),3-4 years,Medium-High,"yfinance, screener.in",100,287,,2026-07-11,2026-06-01,40,0.0,5,0.0
KARURVYSYA,The Karur Vysya Bank Limited,Financial Services,Banks - Regional,28206.0,Mid-Cap,MonthlyDoubleBottom,Forming,1.0,35,Sep 35mo | Mid rally 115% | Asymmetry 0%,,Uptrend,True,False,Uptrend,True,Stage2,12,Uptrend,Uptrend,293.25,103.53,48.12,249.26,796.0,815.84,1587.02,1123.95,178.2,66.8,11.24,9.19,2.0,0.27,,89.0,17.57,353.67,18,buy,19.28,,,57.61,,40.05,1.96,19.5,,,41.2,,,41.2,0.5,insufficient history,,,,,,,2.07,0.0,,19.25,2.38,39.26,-0.94,343.45,201.82,14.6,45.3,40.57,170.12,0.78,-0.07,2,20.0,26.5,10.0,7.0,63.5,ACCUMULATE ⭐⭐⭐,Expected ~67% CAGR (2yr) | Revenue CAGR 20% | Profit CAGR 41% | OPM 58% | FII buying +2.4% ↑ | Dividend growing 18%/yr,Earnings due 2026-07-23 | Pattern still forming (not broken out),3-4 years,Medium-High,"yfinance, screener.in",50,365,2026-07-23,2026-07-11,2026-06-01,40,0.0,5,0.0
KPIL,Kalpataru Projects International Limited,Industrials,Engineering & Construction,23635.0,Mid-Cap,MonthlyStage2,Stage Change,1.0,24,10-EMA=1193 | 30-EMA=1086 | Above by 15.3% | MA turning=Yes,MonthlyDoubleBottom+MonthlyStage2,Sideways-Above-MA,True,False,Constructive,True,Stage2,4,Uptrend,Uptrend,1251.5,1085.77,872.33,1063.77,2643.28,2726.32,4698.92,3524.28,117.8,47.6,22.73,15.48,3.04,0.68,11.63,79.0,16.26,1529.37,19,none,13.7,18.3,0.31,9.0,-0.43,3.83,4.12,21.63,18.38,15.95,81.83,33.33,9.26,92.6,0.15,highly inconsistent earnings,0.46,,1.25,,379.54,1.61,33.58,0.01,,10.92,-0.81,45.12,1.22,1479.6,1007.1,15.4,24.3,10.49,113.96,0.61,0.37,5,25.0,22.5,12.0,4.0,63.5,ACCUMULATE ⭐⭐⭐,Expected ~48% CAGR (2yr) | Revenue CAGR 18% | Profit CAGR 33% | ROCE trend rising ↑ | Piotroski F=5 (above average quality) | DII buying +1.2% ↑,Earnings due 2026-08-06,3-4 years,Medium-High,"yfinance, screener.in",100,37,2026-08-06,2026-07-11,2026-06-01,40,0.0,5,0.0
AGI,AGI Greenpac Limited,Consumer Cyclical,Packaging & Containers,4577.0,Small-Cap,MonthlyDoubleBottom,Forming,1.0,34,Sep 34mo | Mid rally 177% | Asymmetry 3%,MonthlyDoubleBottom+MonthlyStage2,Sideways-Above-MA,True,False,Constructive,True,Stage2,3,Uptrend,Uptrend,713.55,127.95,45.52,606.52,5529.6,9299.69,15640.21,9299.69,1203.3,261.0,13.02,11.09,1.9,0.19,7.82,99.0,11.87,,0,none,15.8,19.6,1.14,22.0,1.71,13.19,7.51,5.38,5.76,6.13,9.32,68.18,26.66,19.4,0.15,highly inconsistent earnings,0.1,,1.51,,12.41,0.27,60.39,0.16,,6.78,-0.46,2.03,-0.21,1009.0,465.0,29.3,53.5,-18.61,-26.8,0.13,-0.18,6,29.0,22.5,12.0,0.0,63.5,ACCUMULATE ⭐⭐⭐,Expected ~261% CAGR (2yr) | Profit CAGR 68% | ROCE trend rising ↑ | Low D/E 0.10 | Promoter 60% holding | Piotroski F=6 (above average quality),Pattern still forming (not broken out),3-4 years,Medium-High,"yfinance, screener.in",100,289,,2026-07-11,2026-06-01,40,23.5,5,3.0
BFUTILITIE,BF Utilities Limited,Industrials,Infrastructure Operations,2210.0,Small-Cap,MonthlyDoubleBottom,Forming,1.0,26,Sep 26mo | Mid rally 210% | Asymmetry 7%,,Downtrend,False,False,Below-MAs,False,Stage2,4,Uptrend,Uptrend,578.8,2000.76,622.0,590.9,2293.59,3526.4,5421.84,3526.4,509.3,146.8,13.97,,7.34,0.26,5.18,0.0,,,0,none,113.0,29.9,3.89,74.0,2.66,17.85,,-13.62,17.73,9.36,11.18,53.75,36.24,20.0,0.15,highly inconsistent earnings,0.69,,,,,,56.73,0.0,,1.57,0.0,0.05,-0.05,898.7,368.7,35.6,57.0,-27.22,-41.77,0.32,0.36,3,33.0,16.5,14.0,0.0,63.5,ACCUMULATE ⭐⭐⭐,Expected ~147% CAGR (2yr) | Revenue CAGR 18% | Profit CAGR 54% | ROE 113% | ROCE 30% | ROCE trend rising ↑,Pattern still forming (not broken out),3-4 years,Medium-High,"yfinance, screener.in",80,231,,2026-07-11,2026-06-01,40,10.3,5,4.0
20MICRONS,20 Microns Limited,Basic Materials,Other Industrial Metals & Mining,721.0,Small-Cap,MonthlyDoubleBottom,Forming,1.0,24,Sep 24mo | Mid rally 166% | Asymmetry 1%,MonthlyDoubleBottom+MonthlyStage2,Uptrend,True,True,Constructive,True,Stage2,1,Uptrend,Uptrend,198.34,346.44,129.61,168.59,463.92,563.27,633.32,542.04,184.0,68.5,10.79,,1.49,0.64,6.49,61.0,37.5,,0,none,14.7,17.4,0.37,13.0,0.2,7.01,8.72,4.49,10.77,14.54,8.06,16.84,23.84,15.7,0.4,lumpy earner,0.32,,1.92,,53.57,7.43,45.04,0.0,,0.41,0.15,0.1,0.03,283.93,129.61,30.1,53.0,-13.19,47.68,0.27,0.62,7,27.0,25.5,11.0,0.0,63.5,ACCUMULATE ⭐⭐⭐,Expected ~68% CAGR (2yr) | ROCE trend rising ↑ | FCF yield 7.4% | Piotroski F=7 (high quality compounder) | Dividend growing 38%/yr | PEG 0.64 — undervalued,Pattern still forming (not broken out),3-4 years,Medium-High,"yfinance, screener.in",100,214,,2026-07-11,2026-06-01,40,20.1,5,16.0
DIXON,Dixon Technologies (India) Limited,Technology,Consumer Electronics,75735.0,Large-Cap,MonthlyStage2,Stage Change,0.895,24,10-EMA=12383 | 30-EMA=11833 | Above by 13.4% | MA turning=Yes,,Sideways-Above-MA,True,True,Constructive,True,Downtrend,0,Uptrend,Uptrend,13421.0,11832.62,9673.0,11407.85,18128.9,25023.56,62799.71,33741.52,86.5,36.5,46.3,48.59,13.88,0.54,35.01,6.0,58.74,11946.62,29,buy,37.4,42.0,3.31,4.0,-0.14,2.94,5.13,25.77,58.85,49.94,33.33,86.12,59.35,-36.0,0.15,highly inconsistent earnings,0.18,,1.06,,912.17,1.2,28.69,-0.14,,18.3,-0.38,28.14,-0.92,18471.0,9600.0,27.3,39.8,-18.65,142.87,0.75,-0.1,5,38.0,20.24,5.0,0.0,63.2,ACCUMULATE ⭐⭐⭐,Expected ~36% CAGR (2yr) | Revenue CAGR 59% | Profit CAGR 86% | ROE 37% | ROCE 42% | ROCE trend rising ↑,Earnings due 2026-07-22,3-4 years,Medium-High,"yfinance, screener.in",100,107,2026-07-22,2026-07-11,2026-06-01,40,21.5,5,12.2
INFOBEAN,INFOBEANS TECHNO. LTD.,Technology,Software - Application,0.0,Micro-Cap,MonthlyStage2,Breaking Out,1.0,24,10-EMA=157 | 30-EMA=135 | Above by 17.0% | MA turning=Yes,MonthlyCupHandle+MonthlyDoubleBottom+MonthlyStage2,Downtrend,False,False,Below-MAs,False,Downtrend,0,Uptrend,Uptrend,157.82,134.92,72.69,134.15,380.84,511.09,685.88,511.09,223.8,80.0,18.69,,3.91,0.55,12.42,15.0,0.0,,0,none,23.2,29.2,0.37,22.0,-0.71,16.87,12.26,30.13,10.11,23.35,128.95,34.2,18.65,104.2,0.15,highly inconsistent earnings,0.04,,10.14,,44.87,,72.84,-1.56,,0.45,-0.1,0.2,-0.76,257.5,91.45,38.7,72.6,10.42,15.96,1.57,0.55,6,34.0,17.0,10.0,2.0,63.0,ACCUMULATE ⭐⭐⭐,Expected ~80% CAGR (2yr) | Profit CAGR 34% | ROE 23% | ROCE 29% | ROCE trend rising ↑ | Nearly debt-free,Margin compression ↓,3-4 years,Medium-High,"yfinance, screener.in",100,108,,2026-07-11,2026-06-01,40,3.6,5,-3.0
ACE,Action Construction Equipment Limited,Industrials,Farm & Heavy Construction Machinery,11782.0,Mid-Cap,MonthlyDoubleBottom,Forming,0.497,9,Sep 9mo | Mid rally 59% | Asymmetry 9%,MonthlyDoubleBottom+MonthlyStage2,Uptrend,True,True,Constructive,True,Stage2,4,Uptrend,Uptrend,989.0,289.73,173.79,840.65,1677.52,2245.7,3006.32,2245.7,127.1,50.7,28.41,21.8,5.86,0.84,22.13,20.0,49.38,1247.0,2,none,22.9,31.7,3.66,15.0,1.34,12.65,9.83,-1.41,14.94,21.73,1.47,33.87,38.99,-6.5,0.4,lumpy earner,0.0,,1.33,,272.88,2.32,65.42,0.0,,9.58,-0.82,1.84,0.08,1219.0,745.1,18.9,32.7,-5.02,4.19,0.34,0.32,6,38.0,17.96,6.0,1.0,63.0,ACCUMULATE ⭐⭐⭐,Expected ~51% CAGR (2yr) | Profit CAGR 34% | ROE 23% | ROCE 32% | ROCE trend rising ↑ | Nearly debt-free,Pattern still forming (not broken out),3-4 years,Medium-High,"yfinance, screener.in",100,239,,2026-07-11,2026-06-01,40,12.1,5,2.0
NGLFINE,NGL Fine-Chem Limited,Healthcare,Drug Manufacturers - General,1981.0,Small-Cap,MonthlyStage2,Breaking Out,1.0,24,10-EMA=1877 | 30-EMA=1746 | Above by 30.4% | MA turning=Yes,MonthlyDoubleBottom+MonthlyStage2,Uptrend,True,False,Uptrend,True,Stage2,6,Uptrend,Uptrend,2276.7,1746.05,1057.08,1935.19,3847.93,5152.0,6898.01,5152.0,126.3,50.4,41.15,,6.02,1.21,28.13,5.0,0.0,,0,none,15.7,17.0,-7.2,15.0,-3.23,9.61,6.78,36.14,21.69,14.19,128.57,33.89,-3.38,1536.6,0.15,highly inconsistent earnings,0.33,,1.84,,-71.4,-3.6,72.73,-0.01,,0.03,0.03,0.0,0.0,3260.0,1175.5,30.2,93.7,114.69,-1.14,2.39,0.62,4,21.0,28.0,4.0,10.0,63.0,ACCUMULATE ⭐⭐⭐,Expected ~50% CAGR (2yr) | Revenue CAGR 22% | Profit CAGR 34% | Promoter 73% holding | Margin compressing ↓ ⚠️ | PEG 1.21 — fair value,Margin compression ↓,3-4 years,Medium-High,"yfinance, screener.in",100,47,,2026-07-11,2026-06-01,40,0.0,5,2.0
NILASPACES,Nila Spaces Limited,Real Estate,Real Estate - Development,501.0,Small-Cap,MonthlyDoubleBottom,Forming,0.826,8,Sep 8mo | Mid rally 86% | Asymmetry 4%,,Downtrend,False,False,Below-MAs,False,Stage2,3,Uptrend,Uptrend,13.15,19.4,10.21,11.18,66.2,161.42,393.63,161.42,1127.5,250.4,17.44,,2.86,0.12,9.63,0.0,,,0,none,18.2,31.3,6.46,31.0,34.51,15.43,9.61,36.03,469.8,32.68,93.33,143.85,96.1,97.1,0.2,multiple loss years in history,0.46,,2.69,,-62.63,-12.49,61.9,0.0,,0.05,0.02,,,20.47,11.35,35.8,15.9,17.76,227.95,0.76,0.85,5,36.0,12.91,12.0,2.0,62.9,ACCUMULATE ⭐⭐⭐,Expected ~250% CAGR (2yr) | Revenue CAGR 470% | Profit CAGR 144% | ROCE 31% | ROCE trend rising ↑ | Promoter 62% holding,Pattern still forming (not broken out),3-4 years,Medium-High,"yfinance, screener.in",100,90,,2026-07-11,2026-06-01,40,0.0,5,0.0
MARICO,Marico Limited,Consumer Defensive,Household & Personal Products,108666.0,Large-Cap,MonthlyDoubleBottom,Forming,0.686,40,Sep 40mo | Mid rally 74% | Asymmetry 6%,,Uptrend,True,False,Tight-Above-MAs,True,Stage2,15,Uptrend,Uptrend,831.45,365.32,203.82,706.73,606.61,767.29,748.76,673.95,,,61.75,44.13,25.62,5.56,45.64,48.0,18.88,907.29,38,buy,43.0,47.2,0.77,17.0,-0.2,12.95,14.43,25.67,11.71,11.08,9.35,11.1,8.62,14.0,0.4,lumpy earner,0.12,,1.31,,2851.62,2.62,58.93,0.0,,24.08,0.06,12.17,-0.06,873.0,690.2,4.8,20.5,23.97,39.21,0.68,0.17,4,30.0,24.73,0.0,8.0,62.7,ACCUMULATE ⭐⭐⭐,ROE 43% | ROCE 47% | ROCE trend rising ↑ | Low D/E 0.12 | Promoter 59% holding | Dividend growing 19%/yr,High PE 62 | Earnings due 2026-08-04 | Pattern still forming (not broken out),3-4 years,Medium-High,"yfinance, screener.in",100,361,2026-08-04,2026-07-11,2026-06-01,40,0.0,5,-1.0
SYRMA,Syrma SGS Technology Limited,Technology,Electronic Components,26505.0,Mid-Cap,MonthlyDoubleBottom,Forming,0.717,6,Sep 6mo | Mid rally 73% | Asymmetry 2%,,Uptrend,True,True,Uptrend,True,Downtrend,0,Uptrend,Uptrend,984.15,645.9,369.32,836.53,573.98,964.85,1143.71,810.23,,,81.32,48.06,9.2,1.98,47.96,11.0,0.0,1196.79,24,buy,13.9,16.7,-0.2,11.0,-0.17,6.59,5.77,27.25,33.01,40.32,88.04,41.16,38.05,54.4,0.4,lumpy earner,0.13,,1.7,,7.27,0.03,42.28,-0.44,,6.6,0.13,16.59,0.7,1517.7,600.9,35.2,63.8,81.55,98.82,0.85,0.19,5,31.0,20.6,3.0,8.0,62.6,ACCUMULATE ⭐⭐⭐,Revenue CAGR 33% | Profit CAGR 41% | Low D/E 0.13 | Piotroski F=5 (above average quality) | DII buying +0.7% ↑ | MonthlyDoubleBottom forming (6mo base),High PE 81 | Pattern still forming (not broken out),3-4 years,Medium-High,"yfinance, screener.in",100,46,,2026-07-11,2026-06-01,40,0.0,5,0.0
PARAS,Paras Defence and Space Technologies Limited,Industrials,Aerospace & Defense,10428.0,Mid-Cap,MonthlyDoubleBottom,Forming,1.0,42,Sep 42mo | Mid rally 172% | Asymmetry 9%,MonthlyDoubleBottom+MonthlyStage2,Uptrend,True,False,Tight-Above-MAs,True,Stage2,4,Uptrend,Uptrend,763.1,1591.47,560.27,648.63,312.05,2622.67,570.56,421.95,243.7,85.4,119.04,77.95,14.36,3.38,85.72,4.0,,703.0,1,none,12.6,16.9,0.97,25.0,-1.17,18.49,7.12,30.68,29.04,27.24,45.9,35.22,40.95,74.3,0.15,highly inconsistent earnings,0.04,,3.23,,55.19,0.53,53.2,0.0,,5.06,0.14,1.24,-0.04,1443.0,580.5,47.1,31.5,3.33,1.82,0.86,0.52,5,32.0,28.5,-1.0,3.0,62.5,ACCUMULATE ⭐⭐⭐,Expected ~85% CAGR (2yr) | Revenue CAGR 29% | Profit CAGR 35% | ROCE trend rising ↑ | Nearly debt-free | Promoter 53% holding,High PE 119 | Margin compression ↓ | Pattern still forming (not broken out),3-4 years,Medium-High,"yfinance, screener.in",100,56,,2026-07-11,2026-06-01,40,0.0,4,0.0
PGIL,Pearl Global Industries Limited,Consumer Cyclical,Apparel Manufacturing,9312.0,Mid-Cap,MonthlyDoubleBottom,Forming,1.0,38,Sep 38mo | Mid rally 150% | Asymmetry 2%,MonthlyCupHandle+MonthlyDoubleBottom,Uptrend,True,False,Uptrend,True,Stage2,3,Uptrend,Uptrend,1604.5,124.1,49.29,1363.83,2624.49,2823.99,3832.36,3171.43,76.0,32.7,33.55,20.99,6.37,1.61,22.06,104.0,-8.92,2302.83,6,strong_buy,21.0,19.9,3.06,10.0,1.11,5.53,8.07,11.52,16.75,27.51,16.88,20.84,73.85,22.0,0.15,highly inconsistent earnings,0.66,,1.6,,-30.71,-0.33,61.16,-0.08,,6.48,0.21,18.8,2.03,2115.7,1178.1,24.2,36.2,15.25,390.36,0.9,-0.28,6,21.0,26.5,9.0,6.0,62.5,ACCUMULATE ⭐⭐⭐,Expected ~33% CAGR (2yr) | Revenue CAGR 17% | Profit CAGR 21% | ROE 21% | ROCE trend rising ↑ | Promoter 61% holding,Pattern still forming (not broken out),3-4 years,Medium-High,"yfinance, screener.in",100,232,,2026-07-11,2026-06-01,40,0.0,5,0.0
BEL,Bharat Electronics Limited,Industrials,Aerospace & Defense,305585.0,Large-Cap,MonthlyDoubleBottom,Forming,1.0,41,Sep 41mo | Mid rally 112% | Asymmetry 5%,,Downtrend,False,False,Below-MAs,False,Stage2,4,Uptrend,Uptrend,414.85,55.0,25.4,352.62,374.54,480.62,600.49,474.24,15.9,7.6,50.49,36.79,12.74,1.9,36.91,104.0,2.7,490.18,28,buy,27.6,36.5,2.46,29.0,1.51,21.96,10.97,16.16,15.9,14.37,13.88,26.62,23.62,4.6,0.75,consistent growth,0.0,,1.98,,-390.91,-0.13,51.14,0.0,,19.51,1.0,20.0,-0.47,473.45,361.2,12.4,14.9,13.94,194.16,0.31,0.25,6,39.0,16.5,3.0,4.0,62.5,ACCUMULATE ⭐⭐⭐,Expected ~8% CAGR (2yr) | Revenue CAGR 16% | Profit CAGR 27% | ROE 28% | ROCE 36% | ROCE trend rising ↑,High PE 50 | Earnings due 2026-08-03 | Pattern still forming (not broken out),3-4 years,Medium-High,"yfinance, screener.in",100,289,2026-08-03,2026-07-11,2026-06-01,40,-1.9,5,1.0
CAPACITE,Capacit'e Infraprojects Limited,Industrials,Engineering & Construction,2106.0,Small-Cap,MonthlyDoubleBottom,Forming,1.0,29,Sep 29mo | Mid rally 153% | Asymmetry 4%,,Sideways,False,False,Below-MAs,False,Stage2,4,Uptrend,Uptrend,240.0,465.0,180.0,204.0,994.7,892.27,1595.52,1259.79,271.8,92.8,11.0,7.39,1.16,0.41,5.63,0.0,0.0,341.0,3,none,10.4,15.5,1.94,16.0,0.06,7.3,5.53,11.62,13.39,24.41,-5.39,26.65,149.41,-11.1,0.15,highly inconsistent earnings,0.25,,1.68,,340.82,16.18,31.69,0.0,,14.96,0.87,7.82,-0.72,338.65,180.0,29.1,33.3,-13.96,-9.9,0.54,0.09,6,26.0,19.5,17.0,0.0,62.5,ACCUMULATE ⭐⭐⭐,Expected ~93% CAGR (2yr) | Profit CAGR 27% | ROCE trend rising ↑ | Low D/E 0.25 | FCF yield 16.2% | Piotroski F=6 (above average quality),Pattern still forming (not broken out),3-4 years,Medium-High,"yfinance, screener.in",100,107,,2026-07-11,2026-06-01,40,6.6,5,1.0
VIJAYA,Vijaya Diagnostic Centre Limited,Healthcare,Diagnostics & Research,14047.0,Mid-Cap,MonthlyStage2,Stage Change,1.0,24,10-EMA=1055 | 30-EMA=924 | Above by 40.7% | MA turning=Yes,,Uptrend,True,True,Tight-Above-MAs,True,Stage2,6,Uptrend,Uptrend,1300.1,924.15,746.56,1105.08,980.04,1296.88,1573.99,1242.0,,,81.31,52.23,14.67,3.04,42.09,15.0,25.99,1379.2,10,buy,19.7,21.3,-1.4,41.0,-0.77,21.25,11.02,19.53,21.04,16.64,20.14,26.73,15.27,38.4,0.15,highly inconsistent earnings,0.44,,2.6,,-1.45,-0.01,52.51,-0.09,,13.38,-1.72,29.93,1.33,1427.8,848.0,8.9,53.3,39.94,153.77,1.38,0.34,4,24.0,28.5,0.0,10.0,62.5,ACCUMULATE ⭐⭐⭐,Revenue CAGR 21% | Profit CAGR 27% | ROCE 21% | Promoter 53% holding | OPM 41% | Margin compressing ↓ ⚠️,High PE 81 | Margin compression ↓,3-4 years,Medium-High,"yfinance, screener.in",100,57,,2026-07-11,2026-06-01,40,0.0,5,2.0
ONWARDTEC,Onward Technologies Limited,Technology,Information Technology Services,617.0,Small-Cap,MonthlyDoubleBottom,Forming,1.0,31,Sep 31mo | Mid rally 245% | Asymmetry 6%,,Sideways,False,False,Below-MAs,True,Downtrend,0,Uptrend,Uptrend,258.17,720.06,202.91,219.44,955.54,1516.83,2407.82,1516.83,487.5,142.4,14.41,,2.52,0.25,9.08,285.0,38.67,,0,none,19.5,22.9,1.31,13.0,1.17,8.15,10.24,10.79,7.25,17.78,62.96,58.74,44.43,-8.3,0.15,highly inconsistent earnings,0.16,,3.66,,37.48,6.08,40.02,0.95,,9.33,-0.5,1.8,-1.74,385.0,208.25,32.9,24.0,-16.72,-70.44,2.13,0.69,6,32.0,18.5,12.0,0.0,62.5,ACCUMULATE ⭐⭐⭐,Expected ~142% CAGR (2yr) | Profit CAGR 59% | ROCE 23% | ROCE trend rising ↑ | Low D/E 0.16 | FCF yield 6.1%,Pattern still forming (not broken out),3-4 years,Medium-High,"yfinance, screener.in",100,287,,2026-07-11,2026-06-01,40,0.0,5,3.0
TERASOFT,Tera Software Limited,Technology,Information Technology Services,506.0,Small-Cap,MonthlyDoubleBottom,Forming,1.0,10,Sep 10mo | Mid rally 194% | Asymmetry 1%,,Sideways,False,False,Constructive,True,Downtrend,0,Uptrend,Uptrend,317.8,59.31,20.1,270.13,1060.89,2150.85,4360.64,2150.85,576.8,160.2,20.41,,3.47,0.2,13.29,25.0,,,0,none,18.5,24.4,8.0,15.0,7.2,10.42,9.27,120.37,22.02,,177.78,102.74,,119.9,0.4,lumpy earner,0.27,,1.69,,-27.34,-5.4,47.53,0.0,,0.08,-0.06,,,598.0,275.2,46.9,15.5,16.12,530.71,0.4,0.3,5,30.0,18.0,12.0,2.0,62.0,ACCUMULATE ⭐⭐⭐,Expected ~160% CAGR (2yr) | Revenue CAGR 22% | Profit CAGR 103% | ROCE 24% | ROCE trend rising ↑ | Low D/E 0.27,Pattern still forming (not broken out),3-4 years,Medium-High,"yfinance, screener.in",100,114,,2026-07-11,2026-06-01,40,0.0,5,0.0
SRM,SRM CONTRACTORS LIMITED,Industrials,Engineering & Construction,1170.0,Small-Cap,None,,0.0,0,,,Sideways-Above-MA,True,True,Constructive,True,Stage2,4,Uptrend,Uptrend,485.85,,,412.97,2989.7,5384.44,9697.38,5384.44,1008.3,232.9,10.54,,3.15,0.13,6.91,0.0,,,0,none,34.3,37.1,-0.2,16.0,1.17,10.82,13.52,94.32,50.66,45.01,101.82,80.1,69.22,126.5,0.4,lumpy earner,0.33,,1.59,,-70.78,-6.05,72.59,0.0,,0.43,0.38,1.11,-0.15,649.95,361.35,25.2,34.5,5.28,,,0.52,5,38.0,9.0,13.0,2.0,62.0,ACCUMULATE ⭐⭐⭐,Expected ~233% CAGR (2yr) | Revenue CAGR 51% | Profit CAGR 80% | ROE 34% | ROCE 37% | Promoter 73% holding,None identified,3-4 years,Medium-High,"yfinance, screener.in",100,26,,2026-07-11,2026-06-01,40,0.0,5,1.0
KRISHANA,Krishana Phoschem Limited,Basic Materials,Agricultural Inputs,4694.0,Small-Cap,None,,0.0,0,,,Uptrend,True,False,Tight-Above-MAs,True,Stage2,1,Uptrend,Uptrend,681.7,,,579.45,1430.85,3621.47,9165.94,3621.47,431.2,130.5,26.05,,1.67,0.17,17.19,7.0,25.99,,0,none,38.15,,,12.84,,7.45,13.08,59.8,,,153.1,,,152.8,0.5,insufficient history,1.31,,1.36,,-370.84,-7.9,72.94,0.68,,0.26,0.06,,,152.3,82.39,-347.6,727.4,44.43,185.63,,0.03,2,26.0,15.0,11.0,10.0,62.0,ACCUMULATE ⭐⭐⭐,Expected ~130% CAGR (2yr) | Revenue CAGR 60% | Profit CAGR 153% | ROE 38% | Promoter 73% holding | Dividend growing 26%/yr,High D/E 1.3,3-4 years,Medium-High,"yfinance, screener.in",70,112,,2026-07-11,2026-06-01,40,0.0,5,6.0
CHALET,CHALET HOTELS LIMITED,Consumer Cyclical,Lodging,0.0,Micro-Cap,MonthlyDoubleBottom,Forming,0.557,8,Sep 8mo | Mid rally 61% | Asymmetry 6%,MonthlyDoubleBottom+MonthlyStage2,Sideways-Above-MA,True,True,Below-MAs,True,Stage2,3,Uptrend,Uptrend,839.75,1051.29,633.35,713.79,2706.21,2868.03,6267.24,4118.31,241.5,84.8,28.33,26.54,4.94,0.54,17.1,24.0,,992.62,21,strong_buy,19.2,17.1,3.83,43.0,7.94,23.29,8.33,61.23,34.91,57.48,354.23,52.18,38.4,31.6,0.2,multiple loss years in history,0.64,,0.7,,383.46,,67.29,-0.04,,4.71,-0.37,24.57,0.58,1082.0,691.35,22.4,21.5,-15.89,26.79,0.18,-0.06,6,34.0,14.68,12.0,1.0,61.7,ACCUMULATE ⭐⭐⭐,Expected ~85% CAGR (2yr) | Revenue CAGR 35% | Profit CAGR 52% | ROCE trend rising ↑ | Promoter 67% holding | OPM 43%,Pattern still forming (not broken out),3-4 years,Medium-High,"yfinance, screener.in",100,90,,2026-07-11,2026-06-01,40,4.8,5,3.0
GPTHEALTH,GPT Healthcare Limited,Healthcare,Medical Care Facilities,1303.0,Small-Cap,MonthlyDoubleBottom,Forming,0.633,9,Sep 9mo | Mid rally 64% | Asymmetry 1%,MonthlyDoubleBottom+MonthlyStage2,Uptrend,True,False,Uptrend,True,Stage2,6,Uptrend,Uptrend,158.11,203.87,124.04,134.39,243.96,283.7,315.38,277.38,79.4,34.0,30.84,15.88,4.82,2.25,15.96,189.0,-28.57,136.0,1,none,28.5,23.6,10.0,22.0,2.5,8.94,8.41,38.68,,,100.0,,,13.0,1.0,steady compounder (low CV),0.34,,1.12,,19.64,1.51,65.57,0.0,,2.81,0.08,6.84,0.64,185.0,115.0,14.5,37.5,8.39,,0.42,0.46,6,35.0,20.6,3.0,3.0,61.6,ACCUMULATE ⭐⭐⭐,Expected ~34% CAGR (2yr) | Revenue CAGR 25% | ROE 28% | ROCE 24% | ROCE trend rising ↑ | Promoter 66% holding,Pattern still forming (not broken out),3-4 years,Medium-High,"yfinance, screener.in",80,30,,2026-07-11,2026-06-01,40,10.7,5,4.0
ASHAPURMIN,Ashapura Minechem Limited,Basic Materials,Other Industrial Metals & Mining,6167.0,Small-Cap,MonthlyDoubleBottom,Forming,1.0,13,Sep 13mo | Mid rally 127% | Asymmetry 0%,,Downtrend,False,False,Below-MAs,False,Stage2,1,Uptrend,Uptrend,646.35,41.64,18.35,549.4,1416.07,2206.24,3437.32,2206.24,241.3,84.8,15.36,,3.74,0.28,10.8,15.0,25.99,,0,none,28.0,20.7,1.34,11.0,0.51,7.66,7.84,91.2,41.95,35.47,43.94,55.8,36.75,28.0,0.15,highly inconsistent earnings,0.88,,1.36,,-76.18,-1.24,48.03,0.15,,19.5,0.25,0.33,-0.05,924.9,437.1,30.1,47.9,26.35,159.28,0.15,0.66,5,32.0,15.5,10.0,4.0,61.5,ACCUMULATE ⭐⭐⭐,Expected ~85% CAGR (2yr) | Revenue CAGR 42% | Profit CAGR 56% | ROE 28% | ROCE 21% | ROCE trend rising ↑,Pattern still forming (not broken out),3-4 years,Medium-High,"yfinance, screener.in",100,367,,2026-07-11,2026-06-01,40,1.3,5,-7.0
RATEGAIN,RateGain Travel Technologies Limited,Technology,Software - Application,11138.0,Mid-Cap,MonthlyStage2,Stage Change,1.0,24,10-EMA=592 | 30-EMA=580 | Above by 16.1% | MA turning=Yes,MonthlyDoubleBottom+MonthlyStage2,Sideways-Above-MA,True,True,Constructive,True,Downtrend,0,Uptrend,Uptrend,673.6,579.95,433.8,572.56,561.81,813.33,1130.13,796.82,20.7,9.9,57.14,28.45,5.54,1.37,35.12,0.0,,838.1,10,strong_buy,12.0,13.7,4.26,19.0,3.54,10.66,5.87,69.36,47.79,48.69,-7.18,41.83,77.53,27.7,0.15,highly inconsistent earnings,0.47,,1.41,,-11.97,-0.11,48.77,0.22,,5.35,0.38,20.86,0.24,960.0,417.6,29.8,61.3,54.95,38.49,0.39,0.82,5,25.0,21.5,5.0,10.0,61.5,ACCUMULATE ⭐⭐⭐,Expected ~10% CAGR (2yr) | Revenue CAGR 48% | Profit CAGR 42% | ROCE trend rising ↑ | Piotroski F=5 (above average quality) | PEG 1.37 — fair value,High PE 57,3-4 years,Medium-High,"yfinance, screener.in",100,54,,2026-07-11,2026-06-01,40,0.0,5,-1.0
NESTLEIND,Nestlé India Limited,Consumer Defensive,Packaged Foods,281495.0,Large-Cap,MonthlyStage2,Stage Change,1.0,24,10-EMA=1299 | 30-EMA=1204 | Above by 18.9% | MA turning=Yes,MonthlyDoubleBottom+MonthlyStage2,Uptrend,True,True,Tight-Above-MAs,True,Stage2,15,Uptrend,Uptrend,1431.4,1203.53,1067.84,1216.69,703.14,1339.22,779.21,740.2,,,80.65,61.35,54.59,15.3,54.38,82.0,-16.68,1480.19,36,buy,74.2,85.3,-11.0,23.0,-0.0,15.14,22.58,14.62,6.58,,9.07,5.27,,27.2,0.15,highly inconsistent earnings,0.09,,0.96,,3881.1,1.38,62.76,0.0,,9.74,-0.07,12.4,0.3,1498.1,1084.7,4.5,32.0,24.96,6.0,0.77,0.44,3,25.0,28.5,0.0,8.0,61.5,ACCUMULATE ⭐⭐⭐,ROE 74% | ROCE 85% | Nearly debt-free | Promoter 63% holding | MonthlyStage2 forming (24mo base) | Weekly uptrend,High PE 81 | Earnings due 2026-04-21,3-4 years,Medium-High,"yfinance, screener.in",100,286,2026-04-21,2026-07-11,2026-06-01,40,0.0,5,2.0
ANANTRAJ,Anant Raj Limited,Real Estate,Real Estate - Development,19962.0,Mid-Cap,MonthlyStage2,Stage Change,1.0,24,10-EMA=533 | 30-EMA=490 | Above by 19.6% | MA turning=Yes,MonthlyDoubleBottom+MonthlyStage2,Sideways-Above-MA,True,False,Constructive,True,Stage2,3,Uptrend,Uptrend,585.85,489.87,405.7,497.97,932.94,1148.75,2247.18,1447.92,96.1,40.0,35.09,18.91,3.36,0.64,29.36,18.0,82.55,700.0,3,strong_buy,11.2,12.1,2.43,26.0,2.46,22.09,6.27,21.94,37.94,58.64,30.75,55.2,128.2,23.3,0.15,highly inconsistent earnings,0.12,,9.76,,-281.85,-1.41,57.41,0.0,,10.88,-0.26,4.83,-0.37,743.65,403.0,21.2,45.4,14.36,141.89,0.45,0.37,5,30.0,22.5,7.0,2.0,61.5,ACCUMULATE ⭐⭐⭐,Expected ~40% CAGR (2yr) | Revenue CAGR 38% | Profit CAGR 55% | ROCE trend rising ↑ | Low D/E 0.12 | Promoter 57% holding,None identified,3-4 years,Medium-High,"yfinance, screener.in",100,239,,2026-07-11,2026-06-01,40,21.4,5,3.0
CAMPUS,Campus Activewear Limited,Consumer Cyclical,Footwear & Accessories,7185.0,Small-Cap,MonthlyDoubleBottom,Forming,0.744,13,Sep 13mo | Mid rally 76% | Asymmetry 1%,,Downtrend,False,False,Below-MAs,False,Stage2,3,Uptrend,Uptrend,231.09,370.52,209.77,199.28,374.28,531.27,738.11,525.61,129.9,51.6,47.87,33.3,7.95,1.18,25.05,64.0,,302.57,7,strong_buy,29.5,31.8,4.1,20.0,11.14,8.46,9.18,67.93,26.13,259.08,300.0,40.43,,26.0,0.15,highly inconsistent earnings,0.26,,2.37,,-11.2,-0.16,72.09,-0.02,,6.07,-0.08,11.6,-0.11,304.4,215.2,24.1,7.4,-11.57,-48.87,0.24,0.1,6,39.0,12.43,9.0,1.0,61.4,ACCUMULATE ⭐⭐⭐,Expected ~52% CAGR (2yr) | Revenue CAGR 26% | Profit CAGR 40% | ROE 30% | ROCE 32% | ROCE trend rising ↑,Pattern still forming (not broken out),3-4 years,Medium-High,"yfinance, screener.in",100,51,,2026-07-11,2026-06-01,40,-0.6,5,-3.0
BAJAJ-AUTO,Bajaj Auto Limited,Consumer Cyclical,Auto Manufacturers,273281.0,Large-Cap,MonthlyCupHandle,Forming,0.932,20,Cup 20mo | Depth 21% | Prior gain 30% | R²=0.97,MonthlyCupHandle+MonthlyDoubleBottom,Sideways-Above-MA,True,False,Constructive,False,Stage2,3,Uptrend,Uptrend,10156.0,10533.55,8305.81,8632.6,21716.8,20023.96,31475.79,26144.86,97.2,40.4,25.45,21.04,7.04,1.25,19.1,153.0,2.33,10842.6,38,buy,29.2,28.2,1.06,21.0,0.74,16.89,13.74,23.36,19.94,17.79,44.35,20.39,16.84,103.2,0.15,highly inconsistent earnings,0.56,,1.76,,-643.96,-0.24,55.01,0.02,,8.82,-0.02,14.35,0.28,10834.0,7858.5,6.3,29.2,18.56,101.81,0.27,0.69,6,28.0,21.18,8.0,4.0,61.2,ACCUMULATE ⭐⭐⭐,Expected ~40% CAGR (2yr) | Revenue CAGR 20% | Profit CAGR 20% | ROE 29% | ROCE 28% | ROCE trend rising ↑,Earnings due 2026-07-21 | Pattern still forming (not broken out),3-4 years,Medium-High,"yfinance, screener.in",100,289,2026-07-21,2026-07-11,2026-06-01,40,-0.5,5,-12.1
TORNTPHARM,Torrent Pharmaceuticals Limited,Healthcare,Drug Manufacturers - Specialty & Generic,161381.0,Large-Cap,MonthlyCupHandle,Forming,0.684,20,Cup 20mo | Depth 26% | Prior gain 68% | R²=0.93,MonthlyCupHandle+MonthlyDoubleBottom,Uptrend,True,True,Tight-Above-MAs,True,Stage2,6,Uptrend,Uptrend,4460.1,4457.0,3302.11,3791.09,3211.9,5611.89,4605.88,3846.25,25.8,12.2,74.62,50.27,19.24,3.78,40.75,80.0,19.98,4882.21,29,buy,27.4,15.2,0.49,33.0,0.57,15.47,7.25,21.4,13.27,11.8,11.88,19.75,11.3,-21.9,0.15,highly inconsistent earnings,0.85,,1.13,,2601.22,1.61,68.31,0.0,,16.18,0.05,8.96,-0.09,4783.0,3295.3,6.8,35.3,39.73,118.84,0.48,0.14,6,27.0,24.21,0.0,10.0,61.2,ACCUMULATE ⭐⭐⭐,Expected ~12% CAGR (2yr) | ROE 27% | ROCE trend rising ↑ | Promoter 68% holding | OPM 33% | Piotroski F=6 (above average quality),High PE 75 | Earnings due 2026-07-27 | Pattern still forming (not broken out),3-4 years,Medium-High,"yfinance, screener.in",100,287,2026-07-27,2026-07-11,2026-06-01,40,0.0,5,2.0
NRBBEARING,NRB Bearings Limited,Consumer Cyclical,Auto Parts,4101.0,Small-Cap,MonthlyStage2,Breaking Out,1.0,24,10-EMA=278 | 30-EMA=257 | Above by 38.8% | MA turning=Yes,MonthlyDoubleBottom+MonthlyStage2,Uptrend,True,True,Uptrend,True,Stage2,3,Uptrend,Uptrend,356.7,256.94,194.68,303.19,606.87,697.9,802.59,697.9,95.7,39.9,28.73,22.93,4.26,1.92,18.08,289.0,2.24,423.5,2,none,15.7,18.6,1.2,17.0,0.49,10.69,8.24,11.34,8.09,11.87,78.05,15.0,21.12,,0.15,highly inconsistent earnings,0.16,,2.26,,109.51,2.67,51.2,0.0,,14.69,0.57,10.06,-0.25,467.6,212.55,23.7,67.8,30.69,86.4,3.99,0.52,6,20.0,28.0,5.0,8.0,61.0,ACCUMULATE ⭐⭐⭐,Expected ~40% CAGR (2yr) | ROCE trend rising ↑ | Low D/E 0.16 | Promoter 51% holding | Piotroski F=6 (above average quality) | FII buying +0.6% ↑,None identified,3-4 years,Medium-High,"yfinance, screener.in",100,287,,2026-07-11,2026-06-01,40,0.0,5,-3.0
TDPOWERSYS,TD Power Systems Limited,Industrials,Specialty Industrial Machinery,17057.0,Mid-Cap,None,,0.0,0,,,Uptrend,True,True,Tight-Above-MAs,True,Stage2,4,Uptrend,Uptrend,1256.3,,,1067.86,855.43,1155.35,1560.42,1155.35,,,71.41,38.65,15.92,2.04,51.2,18.0,33.08,1417.0,2,none,24.7,33.4,4.29,18.0,1.43,12.86,11.83,45.11,28.63,25.59,36.57,35.06,39.65,36.2,1.0,steady compounder (low CV),0.02,,1.95,,19.94,0.12,26.87,0.0,,26.69,2.33,22.24,-0.95,1379.6,453.1,8.9,177.3,159.87,390.42,,0.52,7,40.0,15.0,-1.0,7.0,61.0,ACCUMULATE ⭐⭐⭐,Revenue CAGR 29% | Profit CAGR 35% | ROE 25% | ROCE 33% | ROCE trend rising ↑ | Nearly debt-free,High PE 71,3-4 years,Medium-High,"yfinance, screener.in",100,177,,2026-07-11,2026-06-01,40,0.0,5,-3.0
KEI,KEI Industries Limited,Industrials,Electrical Equipment & Parts,50386.0,Large-Cap,MonthlyDoubleBottom,Forming,1.0,20,Sep 20mo | Mid rally 117% | Asymmetry 9%,,Uptrend,True,True,Tight-Above-MAs,True,Stage2,4,Uptrend,Uptrend,5082.4,5029.01,2215.84,4320.04,4142.04,7842.18,6408.92,5152.28,54.3,24.2,54.95,38.2,7.56,2.25,39.97,9.0,14.47,5353.62,24,buy,14.8,20.1,-0.37,10.0,-0.14,7.82,8.79,20.67,19.34,22.95,31.9,24.39,27.45,25.5,1.0,steady compounder (low CV),0.04,,2.96,,170.84,0.34,35.0,0.0,,27.27,1.78,25.83,-1.44,5708.0,3601.1,11.0,41.1,41.88,97.48,1.09,0.5,5,25.0,28.0,0.0,8.0,61.0,ACCUMULATE ⭐⭐⭐,Expected ~24% CAGR (2yr) | Revenue CAGR 19% | Profit CAGR 24% | ROCE 20% | Nearly debt-free | EPS: steady compounder (low CV),High PE 55 | Earnings due 2026-07-21 | Pattern still forming (not broken out),3-4 years,Medium-High,"yfinance, screener.in",100,243,2026-07-21,2026-07-11,2026-06-01,40,0.0,5,-2.0
3MINDIA,3M India Limited,Industrials,Conglomerates,39692.0,Large-Cap,MonthlyCupHandle,Forming,0.916,22,Cup 22mo | Depth 21% | Prior gain 23% | R²=0.97,MonthlyCupHandle+MonthlyDoubleBottom+MonthlyStage2,Sideways-Above-MA,True,False,Constructive,True,Stage2,4,Uptrend,Uptrend,35370.0,37436.67,29755.96,30064.5,22013.11,45117.38,37759.4,28830.57,27.6,12.9,75.76,46.77,22.55,2.45,39.8,45.0,-14.3,36726.0,1,none,30.5,40.5,0.09,19.0,1.34,10.26,18.76,-0.07,7.86,6.98,4.8,30.97,13.67,203.1,0.15,highly inconsistent earnings,0.1,,2.18,,459.29,1.16,75.0,0.0,,3.52,0.02,8.34,-0.05,38030.0,28730.0,7.0,23.1,15.89,-8.2,0.3,0.27,6,37.0,20.99,-1.0,4.0,61.0,ACCUMULATE ⭐⭐⭐,Expected ~13% CAGR (2yr) | Profit CAGR 31% | ROE 30% | ROCE 40% | ROCE trend rising ↑ | Nearly debt-free,High PE 76 | Pattern still forming (not broken out),3-4 years,Medium-High,"yfinance, screener.in",100,289,,2026-07-11,2026-06-01,40,11.2,5,0.9
MANORAMA,Manorama Industries Limited,Consumer Defensive,Packaged Foods,9860.0,Mid-Cap,None,,0.0,0,,,Uptrend,True,False,Below-MAs,True,Stage2,15,Uptrend,Uptrend,1371.4,,,1165.69,2105.29,2768.46,3640.52,2768.46,101.9,42.1,43.47,28.62,13.68,1.38,26.66,4.0,50.0,1831.0,2,none,39.4,35.0,,26.0,2.0,16.46,19.22,77.3,,,104.55,,,31.0,0.5,insufficient history,0.52,,1.97,,119.05,1.21,54.32,0.0,,2.89,0.18,3.0,-0.61,1760.0,1060.6,22.1,29.3,1.65,325.28,,0.17,6,40.0,11.0,7.0,3.0,61.0,ACCUMULATE ⭐⭐⭐,Expected ~42% CAGR (2yr) | Revenue CAGR 68% | Profit CAGR 32% | ROE 39% | ROCE 35% | Promoter 54% holding,None identified,3-4 years,Medium-High,"yfinance, screener.in",80,47,,2026-07-11,2026-06-01,40,0.0,5,4.0
CARERATING,CARE Ratings Limited,Financial Services,Financial Data & Stock Exchanges,4946.0,Small-Cap,MonthlyDoubleBottom,Forming,0.925,14,Sep 14mo | Mid rally 93% | Asymmetry 1%,,Sideways-Above-MA,True,False,Constructive,False,Stage2,12,Uptrend,Uptrend,1651.6,708.57,364.76,1403.86,1562.81,1984.3,2519.47,1984.3,20.1,9.6,28.98,21.04,5.3,1.07,22.97,134.0,-24.09,2130.0,1,none,19.7,26.3,1.54,42.0,0.97,36.18,11.09,17.66,19.24,13.78,24.29,26.97,13.84,24.0,0.15,highly inconsistent earnings,0.03,,5.75,,132.32,2.68,,,,23.25,0.25,31.38,0.08,1925.0,1392.7,14.2,18.6,7.11,79.81,0.23,0.34,7,34.0,20.6,3.0,3.0,60.6,ACCUMULATE ⭐⭐⭐,Expected ~10% CAGR (2yr) | Revenue CAGR 19% | Profit CAGR 27% | ROCE 26% | ROCE trend rising ↑ | Nearly debt-free,Pattern still forming (not broken out),3-4 years,Medium-High,"yfinance, screener.in",90,164,,2026-07-11,2026-06-01,40,-6.0,5,0.0
GOLDIAM,Goldiam International Limited,Consumer Cyclical,Luxury Goods,5425.0,Small-Cap,MonthlyStage2,Stage Change,1.0,24,10-EMA=356 | 30-EMA=315 | Above by 20.2% | MA turning=Yes,MonthlyCupHandle+MonthlyDoubleBottom+MonthlyStage2,Sideways-Above-MA,True,False,Below-MAs,False,Stage2,3,Uptrend,Uptrend,378.0,314.56,268.65,321.3,723.19,912.95,1152.51,912.95,141.5,55.4,31.75,,4.9,1.21,24.61,78.0,-4.93,,0,none,18.5,23.9,0.49,21.0,0.43,17.46,10.51,25.1,22.38,19.2,46.15,26.24,20.61,61.2,0.15,highly inconsistent earnings,0.07,,5.94,,-58.54,-1.08,58.51,0.0,,0.63,-0.11,0.95,-0.15,507.45,265.0,25.5,42.6,6.01,181.33,1.09,0.93,6,30.0,21.5,6.0,3.0,60.5,ACCUMULATE ⭐⭐⭐,Expected ~55% CAGR (2yr) | Revenue CAGR 22% | Profit CAGR 26% | ROCE 24% | ROCE trend rising ↑ | Nearly debt-free,None identified,3-4 years,Medium-High,"yfinance, screener.in",100,252,,2026-07-11,2026-06-01,40,-0.5,5,-13.0
NDRAUTO,NDR Auto Components Limited,Consumer Cyclical,Auto Parts,2118.0,Small-Cap,MonthlyStage2,Stage Change,1.0,24,10-EMA=790 | 30-EMA=689 | Above by 17.0% | MA turning=Yes,MonthlyCupHandle+MonthlyDoubleBottom+MonthlyStage2,Sideways,False,False,Below-MAs,True,Stage2,3,Uptrend,Uptrend,806.1,689.23,421.07,685.18,1544.32,2012.86,2623.56,2012.86,149.7,58.0,34.13,,5.9,1.13,23.72,45.0,63.86,,0,none,18.9,22.2,3.46,11.0,1.09,7.53,8.29,15.43,27.94,48.49,16.98,30.34,47.11,12.6,0.4,lumpy earner,0.17,,1.22,,-26.8,-1.27,73.13,0.0,,0.08,0.03,0.0,0.0,1220.0,605.05,33.9,33.2,-22.26,275.97,0.69,0.75,5,35.0,19.5,6.0,0.0,60.5,ACCUMULATE ⭐⭐⭐,Expected ~58% CAGR (2yr) | Revenue CAGR 28% | Profit CAGR 30% | ROCE 22% | ROCE trend rising ↑ | Low D/E 0.17,None identified,3-4 years,Medium-High,"yfinance, screener.in",100,71,,2026-07-11,2026-06-01,40,0.0,5,-1.0
MOLDTKPAC,Mold-Tek Packaging Limited,Consumer Cyclical,Packaging & Containers,2342.0,Small-Cap,MonthlyDoubleBottom,Forming,1.0,44,Sep 44mo | Mid rally 161% | Asymmetry 6%,MonthlyDoubleBottom+MonthlyStage2,Sideways-Above-MA,True,False,Constructive,True,Stage2,3,Uptrend,Uptrend,681.8,1088.22,406.02,579.53,1282.13,1770.42,2035.19,1615.36,159.7,61.1,32.16,20.54,3.4,1.24,14.78,57.0,-30.66,810.33,9,none,17.8,22.2,0.09,19.0,0.49,8.22,7.09,31.73,15.93,15.96,33.33,25.99,21.67,26.9,0.75,consistent growth,0.32,,1.49,,-63.1,-2.69,33.19,0.12,,9.69,-0.67,20.95,0.83,892.9,464.9,23.6,46.7,5.54,-54.23,3.4,0.52,5,26.0,22.5,10.0,2.0,60.5,ACCUMULATE ⭐⭐⭐,Expected ~61% CAGR (2yr) | Revenue CAGR 16% | Profit CAGR 26% | ROCE 22% | ROCE trend rising ↑ | EPS: consistent growth,Pattern still forming (not broken out),3-4 years,Medium-High,"yfinance, screener.in",100,136,,2026-07-11,2026-06-01,40,0.0,5,0.0
OFSS,Oracle Financial Services Software Limited,Technology,Software - Infrastructure,97939.0,Large-Cap,MonthlyStage2,Stage Change,1.0,24,10-EMA=8185 | 30-EMA=7510 | Above by 28.4% | MA turning=Yes,MonthlyDoubleBottom+MonthlyStage2,Uptrend,True,False,Constructive,True,Downtrend,0,Uptrend,Uptrend,9646.0,7510.05,6543.54,8199.1,9345.96,10605.8,12035.46,10605.8,10.0,4.9,37.17,29.34,12.51,2.76,26.75,591.0,6.27,10695.0,2,none,32.6,45.3,1.71,45.0,-0.94,34.4,21.25,12.05,10.42,9.01,10.88,13.48,8.41,30.7,0.15,highly inconsistent earnings,0.0,,5.43,,2351.81,2.4,72.44,-0.02,,8.04,-0.32,9.12,0.3,11279.0,6234.5,14.5,54.7,19.85,155.28,0.84,0.42,6,30.0,24.5,0.0,6.0,60.5,ACCUMULATE ⭐⭐⭐,Expected ~5% CAGR (2yr) | ROE 33% | ROCE 45% | ROCE trend rising ↑ | Nearly debt-free | Promoter 72% holding,Margin compression ↓ | Earnings due 2026-04-27,3-4 years,Medium-High,"yfinance, screener.in",100,288,2026-04-27,2026-07-11,2026-06-01,40,0.0,5,2.0
AJMERA,Ajmera Realty & Infra India Limited,Real Estate,Real Estate - Development,2682.0,Small-Cap,MonthlyDoubleBottom,Forming,1.0,37,Sep 37mo | Mid rally 808% | Asymmetry 10%,,Sideways,False,False,Below-MAs,True,Stage2,3,Uptrend,Uptrend,134.67,143.26,15.06,114.47,351.0,455.14,590.17,455.14,238.0,83.8,17.91,6.55,1.91,0.6,11.37,66.0,25.99,175.0,1,none,11.5,14.3,1.69,27.0,0.46,13.74,7.58,47.7,36.24,25.72,24.6,29.67,38.33,120.0,0.75,consistent growth,0.47,,6.28,,-116.82,-4.36,68.23,0.0,,0.78,0.25,1.13,-0.08,221.4,98.03,39.2,37.4,-21.38,58.98,0.4,0.49,6,31.0,19.5,10.0,0.0,60.5,ACCUMULATE ⭐⭐⭐,Expected ~84% CAGR (2yr) | Revenue CAGR 36% | Profit CAGR 30% | ROCE trend rising ↑ | Promoter 68% holding | OPM 27%,Pattern still forming (not broken out),3-4 years,Medium-High,"yfinance, screener.in",100,239,,2026-07-11,2026-06-01,40,12.2,5,3.0
BANKINDIA,Bank of India Limited,Financial Services,Banks - Regional,65581.0,Large-Cap,MonthlyDoubleBottom,Forming,1.0,29,Sep 29mo | Mid rally 186% | Asymmetry 7%,MonthlyCupHandle+MonthlyDoubleBottom,Sideways,False,False,Below-MAs,False,Stage2,12,Uptrend,Uptrend,144.9,190.57,64.34,123.17,718.18,662.81,1387.6,998.28,357.4,113.9,6.06,5.64,0.73,0.16,,323.0,32.48,159.6,5,none,12.4,5.93,,45.0,,31.89,0.92,6.04,16.41,13.1,7.93,39.0,37.72,18.7,0.4,lumpy earner,,,,,,,73.38,0.0,,7.26,1.44,13.96,-1.22,178.36,108.81,18.8,33.2,32.28,53.27,0.43,0.76,2,23.0,19.5,11.0,7.0,60.5,ACCUMULATE ⭐⭐⭐,Expected ~114% CAGR (2yr) | Revenue CAGR 16% | Profit CAGR 39% | Promoter 73% holding | OPM 45% | FII buying +1.4% ↑,Pattern still forming (not broken out),3-4 years,Medium-High,"yfinance, screener.in",80,289,,2026-07-11,2026-06-01,40,4.5,5,4.0
CEATLTD,CEAT Limited,Consumer Cyclical,Auto Parts,15327.0,Mid-Cap,MonthlyDoubleBottom,Forming,1.0,38,Sep 38mo | Mid rally 166% | Asymmetry 9%,,Sideways-Above-MA,True,True,Constructive,True,Stage2,3,Uptrend,Uptrend,3866.6,1859.94,668.36,3286.61,16514.32,17034.13,40421.44,25836.65,340.5,109.9,21.98,16.42,2.61,0.39,8.02,79.0,115.44,3830.35,17,hold,15.9,18.7,1.8,13.0,0.4,4.45,6.72,18.61,11.48,15.55,47.98,56.45,10.04,145.1,0.15,highly inconsistent earnings,0.65,,0.68,,-44.68,-0.29,47.29,0.08,,16.55,-0.37,20.9,0.42,4438.0,3000.5,12.9,28.9,25.51,49.5,0.62,0.45,5,20.0,22.5,12.0,6.0,60.5,ACCUMULATE ⭐⭐⭐,Expected ~110% CAGR (2yr) | Profit CAGR 56% | ROCE trend rising ↑ | Piotroski F=5 (above average quality) | Dividend growing 115%/yr | PEG 0.39 — deeply undervalued,Pattern still forming (not broken out),3-4 years,Medium-High,"yfinance, screener.in",100,222,,2026-07-11,2026-06-01,40,22.3,5,10.0
ALKYLAMINE,Alkyl Amines Chemicals Limited,Basic Materials,Specialty Chemicals,9344.0,Mid-Cap,MonthlyStage2,Stage Change,0.315,24,10-EMA=1703 | 30-EMA=1868 | Above by 4.7% | MA turning=No,MonthlyDoubleBottom+MonthlyStage2,Uptrend,True,False,Uptrend,True,Stage2,1,Uptrend,Uptrend,1956.0,1867.81,1231.6,1662.6,1273.14,2504.02,3135.77,1998.07,28.0,13.1,52.08,41.27,6.09,0.91,,76.0,0.0,1492.33,3,none,41.4,41.3,2.57,26.0,1.14,11.77,,17.38,25.61,15.84,133.72,56.94,34.9,-3.4,0.15,highly inconsistent earnings,,,,,,,72.05,0.02,,3.45,0.0,3.01,0.0,2438.8,1212.0,19.8,61.4,-1.57,-46.66,0.82,0.27,3,36.0,18.28,6.0,0.0,60.3,ACCUMULATE ⭐⭐⭐,Expected ~13% CAGR (2yr) | Revenue CAGR 26% | Profit CAGR 57% | ROE 41% | ROCE 41% | ROCE trend rising ↑,High PE 52,3-4 years,Medium-High,"yfinance, screener.in",70,225,,2026-07-11,2026-06-01,40,10.7,5,8.7
COFORGE,Coforge Limited,Technology,Information Technology Services,64810.0,Large-Cap,MonthlyDoubleBottom,Forming,0.964,29,Sep 29mo | Mid rally 105% | Asymmetry 9%,MonthlyDoubleBottom+MonthlyStage2,Sideways-Above-MA,True,False,Below-MAs,True,Downtrend,0,Uptrend,Uptrend,1503.8,1984.96,924.97,1278.23,2006.15,3044.95,3538.01,2664.16,102.5,42.3,33.45,21.4,5.16,1.02,16.07,109.0,-35.92,1707.43,35,buy,20.6,23.5,-1.23,18.0,-0.11,9.48,10.8,36.11,26.96,28.6,86.43,32.8,30.22,134.4,0.15,highly inconsistent earnings,0.07,,1.61,,1715.94,2.65,,,,24.66,-6.0,42.71,-13.47,1994.0,1008.1,24.6,49.2,-11.49,16.31,0.54,0.23,5,32.0,20.07,8.0,0.0,60.1,ACCUMULATE ⭐⭐⭐,Expected ~42% CAGR (2yr) | Revenue CAGR 27% | Profit CAGR 33% | ROE 21% | ROCE 24% | Nearly debt-free,Earnings due 2026-07-27 | Pattern still forming (not broken out),3-4 years,Medium-High,"yfinance, screener.in",90,264,2026-07-27,2026-07-11,2026-06-01,40,6.5,5,-1.0
WHEELS,Wheels India Limited,Consumer Cyclical,Auto Parts,3644.0,Small-Cap,MonthlyDoubleBottom,Breakout Ready,1.0,33,Sep 33mo | Mid rally 148% | Asymmetry 5%,,Uptrend,True,True,Tight-Above-MAs,True,Stage2,3,Uptrend,Uptrend,1564.2,1236.83,487.61,1329.57,5609.99,8178.24,11922.25,8178.24,422.8,128.7,23.53,40.01,3.5,0.51,,97.0,27.48,,0,none,15.8,18.8,2.6,8.0,0.37,3.19,,15.2,5.61,17.76,41.07,45.78,27.44,-9.8,0.15,highly inconsistent earnings,,,,,,,58.31,0.0,,1.15,-0.03,9.64,-0.17,1808.0,705.85,13.5,121.6,102.86,76.38,3.16,,2,17.0,30.0,6.0,7.0,60.0,ACCUMULATE ⭐⭐⭐,Expected ~129% CAGR (2yr) | Profit CAGR 46% | ROCE trend rising ↑ | Promoter 58% holding | Dividend growing 27%/yr | PEG 0.51 — undervalued,None identified,3-4 years,Medium-High,"yfinance, screener.in",70,287,,2026-07-11,2026-06-01,40,0.0,5,0.0
FMGOETZE,Federal-Mogul Goetze (India) Limited,Consumer Cyclical,Auto Parts,2561.0,Small-Cap,MonthlyDoubleBottom,Forming,1.0,8,Sep 8mo | Mid rally 123% | Asymmetry 3%,MonthlyDoubleBottom+MonthlyStage2,Uptrend,True,False,Below-MAs,True,Stage2,3,Uptrend,Uptrend,453.45,539.95,238.3,385.43,1585.52,1878.69,2226.06,1878.69,314.3,103.5,14.99,,1.78,0.81,5.99,0.0,58.74,,0,none,13.5,18.5,2.77,15.0,0.8,8.71,7.12,8.78,6.22,12.08,4.71,18.49,104.31,-17.3,0.15,highly inconsistent earnings,0.0,,2.98,,184.46,7.2,74.98,0.0,,0.38,-0.16,0.49,0.05,611.9,358.0,25.9,26.7,-13.73,-1.34,0.15,0.07,6,26.0,23.0,10.0,1.0,60.0,ACCUMULATE ⭐⭐⭐,Expected ~104% CAGR (2yr) | ROCE trend rising ↑ | Nearly debt-free | Promoter 75% holding | FCF yield 7.2% | Piotroski F=6 (above average quality),Pattern still forming (not broken out),3-4 years,Medium-High,"yfinance, screener.in",100,289,,2026-07-11,2026-06-01,40,0.3,5,9.0
COLPAL,Colgate-Palmolive (India) Limited,Consumer Defensive,Household & Personal Products,55675.0,Large-Cap,MonthlyDoubleBottom,Forming,0.511,17,Sep 17mo | Mid rally 59% | Asymmetry 8%,,Downtrend,False,False,Below-MAs,False,Stage2,15,Uptrend,Uptrend,2052.4,1418.08,861.94,1744.54,3968.63,4312.96,8155.23,5689.03,110.1,45.0,42.02,34.81,35.15,0.97,29.02,234.0,-17.67,2248.85,26,hold,158.0,179.0,31.8,22.0,1.4,21.96,33.52,15.43,14.93,,51.39,43.35,,-0.5,0.4,lumpy earner,0.03,,1.28,,1955.26,3.51,51.0,0.0,,13.6,-1.58,15.25,1.75,2504.0,1782.0,18.0,15.2,-10.13,-14.26,0.22,0.51,6,40.0,9.63,9.0,1.0,59.6,WATCH ⭐⭐,Expected ~45% CAGR (2yr) | Profit CAGR 43% | ROE 158% | ROCE 179% | ROCE trend rising ↑ | Nearly debt-free,Earnings due 2026-07-22 | Pattern still forming (not broken out),3-4 years,Medium-High,"yfinance, screener.in",100,289,2026-07-22,2026-07-11,2026-06-01,40,-6.2,5,-3.0
DPABHUSHAN,D. P. Abhushan Limited,Consumer Cyclical,Luxury Goods,2208.0,Small-Cap,MonthlyDoubleBottom,Forming,0.47,7,Sep 7mo | Mid rally 55% | Asymmetry 8%,MonthlyDoubleBottom+MonthlyStage2,Sideways,False,True,Below-MAs,True,Stage2,3,Uptrend,Uptrend,1193.7,1927.0,1189.25,1129.79,13964.45,28361.8,57602.81,28361.8,2276.0,387.4,10.42,,3.48,0.1,8.15,0.0,0.0,,0,none,34.5,24.4,2.0,4.0,0.0,5.21,18.54,42.22,,,51.85,,,101.2,1.0,steady compounder (low CV),0.48,,2.14,,-154.9,-7.01,74.89,0.01,,0.32,0.1,0.0,0.0,1729.6,866.1,31.0,37.8,-23.11,136.09,2.4,-0.49,4,36.0,11.64,12.0,0.0,59.6,WATCH ⭐⭐,Expected ~387% CAGR (2yr) | Revenue CAGR 86% | Profit CAGR 103% | ROE 34% | ROCE 24% | ROCE trend rising ↑,Pattern still forming (not broken out),3-4 years,Medium-High,"yfinance, screener.in",80,106,,2026-07-11,2026-06-01,40,34.2,5,3.0
SHARDAMOTR,Sharda Motor Industries Limited,Consumer Cyclical,Auto Parts,5158.0,Small-Cap,MonthlyDoubleBottom,Forming,1.0,44,Sep 44mo | Mid rally 319% | Asymmetry 7%,,Downtrend,False,False,Below-MAs,False,Stage2,3,Uptrend,Uptrend,810.15,600.75,138.94,688.63,2771.38,3280.48,3883.1,3280.48,304.9,101.2,15.29,,3.93,0.83,10.07,208.0,58.58,,0,none,27.9,36.0,1.6,12.0,1.14,10.17,11.18,19.74,7.96,14.36,9.52,18.37,38.79,6.5,0.15,highly inconsistent earnings,0.04,,1.98,,241.62,4.68,64.31,0.0,,2.43,0.2,11.51,-0.19,1248.0,700.0,35.1,15.7,-19.29,-23.33,0.31,0.5,6,33.0,16.5,10.0,0.0,59.5,WATCH ⭐⭐,Expected ~101% CAGR (2yr) | ROE 28% | ROCE 36% | ROCE trend rising ↑ | Nearly debt-free | Promoter 64% holding,Pattern still forming (not broken out),3-4 years,Medium-High,"yfinance, screener.in",100,130,,2026-07-11,2026-06-01,40,-8.2,5,-4.0
MARINE,Marine Electricals (India) Limited,Industrials,Electrical Equipment & Parts,3719.0,Small-Cap,MonthlyStage2,Stage Change,1.0,24,10-EMA=204 | 30-EMA=177 | Above by 25.4% | MA turning=Yes,MonthlyDoubleBottom+MonthlyStage2,Sideways-Above-MA,True,False,Constructive,True,Stage2,4,Uptrend,Uptrend,222.05,177.13,147.48,188.74,182.64,276.52,418.65,276.52,24.5,11.6,66.26,,7.9,1.29,40.7,11.0,9.0,,0,none,13.2,18.2,1.23,11.0,-0.03,6.66,6.17,14.34,25.56,28.43,55.26,51.4,33.34,38.1,0.4,lumpy earner,0.18,,2.12,,-39.23,-1.05,68.2,-0.34,,0.59,-0.06,0.34,0.22,297.9,150.86,25.5,47.2,11.91,331.09,0.63,1.06,4,30.0,22.5,3.0,4.0,59.5,WATCH ⭐⭐,Expected ~12% CAGR (2yr) | Revenue CAGR 26% | Profit CAGR 51% | ROCE trend rising ↑ | Low D/E 0.18 | Promoter 68% holding,High PE 66,3-4 years,Medium-High,"yfinance, screener.in",100,92,,2026-07-11,2026-06-01,40,0.0,5,-3.0
CGPOWER,CG Power and Industrial Solutions Limited,Industrials,Electrical Equipment & Parts,140575.0,Large-Cap,MonthlyStage2,Stage Change,1.0,24,10-EMA=801 | 30-EMA=672 | Above by 36.4% | MA turning=Yes,MonthlyDoubleBottom+MonthlyStage2,Uptrend,True,False,Uptrend,True,Stage2,4,Uptrend,Uptrend,916.6,672.19,570.2,779.11,244.28,774.18,282.71,262.79,,,116.22,64.16,17.64,15.33,88.08,15.0,-4.66,892.32,19,buy,20.5,26.7,1.89,13.0,1.37,9.71,8.92,25.32,21.21,33.18,23.23,7.58,-1.3,34.4,0.15,highly inconsistent earnings,0.01,,1.91,,-19.68,-0.01,56.36,0.0,,12.03,0.01,18.01,0.49,980.9,525.5,6.6,74.4,33.21,89.28,0.8,0.41,6,26.0,26.5,-1.0,8.0,59.5,WATCH ⭐⭐,Revenue CAGR 21% | ROE 20% | ROCE 27% | ROCE trend rising ↑ | Nearly debt-free | Promoter 56% holding,High PE 116 | Earnings due 2026-07-23,3-4 years,Medium-High,"yfinance, screener.in",100,289,2026-07-23,2026-07-11,2026-06-01,40,11.9,2,-1.0
ALEMBICLTD,Alembic Limited,Real Estate,Real Estate - Development,2384.0,Small-Cap,MonthlyDoubleBottom,Forming,1.0,33,Sep 33mo | Mid rally 6454% | Asymmetry 1%,,Sideways,False,True,Below-MAs,False,Stage2,3,Uptrend,Uptrend,89.97,168.13,2.55,76.47,484.91,574.14,679.78,574.14,538.1,152.6,7.51,1.86,0.98,0.41,25.42,258.0,10.06,,0,none,13.3,6.28,1.0,38.0,5.46,132.25,1.92,8.11,23.63,26.53,1.93,18.4,-1.56,-1.9,0.15,highly inconsistent earnings,0.0,,1.95,,22.95,0.96,70.88,0.0,,1.25,-0.04,0.05,0.0,122.4,70.46,26.5,27.7,-8.59,-7.66,0.29,0.63,7,29.0,19.5,10.0,1.0,59.5,WATCH ⭐⭐,Expected ~153% CAGR (2yr) | Revenue CAGR 24% | ROCE trend rising ↑ | Nearly debt-free | Promoter 71% holding | OPM 38%,Pattern still forming (not broken out),3-4 years,Medium-High,"yfinance, screener.in",100,289,,2026-07-11,2026-06-01,40,0.1,5,0.0
IEX,Indian Energy Exchange Limited,Financial Services,Capital Markets,11022.0,Mid-Cap,MonthlyDoubleBottom,Forming,1.0,33,Sep 33mo | Mid rally 112% | Asymmetry 4%,MonthlyCupHandle+MonthlyDoubleBottom,Sideways,False,False,Below-MAs,True,Stage2,12,Uptrend,Uptrend,125.48,233.91,108.28,106.66,142.03,359.54,195.18,166.5,186.5,69.3,22.37,19.61,8.13,1.3,14.28,323.0,51.83,141.18,11,none,39.4,51.4,-1.26,84.0,0.71,65.99,16.95,14.71,15.38,14.14,14.92,17.23,19.18,10.8,0.15,highly inconsistent earnings,0.01,,2.0,,799.84,7.26,,,,14.16,2.74,30.26,-4.69,211.75,114.6,40.7,9.5,-25.48,-16.95,0.29,0.31,5,35.0,19.5,5.0,0.0,59.5,WATCH ⭐⭐,Expected ~69% CAGR (2yr) | Revenue CAGR 15% | ROE 39% | ROCE 51% | Nearly debt-free | OPM 84%,Earnings due 2026-04-23 | Pattern still forming (not broken out),3-4 years,Medium-High,"yfinance, screener.in",90,104,2026-04-23,2026-07-11,2026-06-01,40,0.0,5,0.0
ARIES,Aries Agro Limited,Basic Materials,Agricultural Inputs,447.0,Micro-Cap,MonthlyDoubleBottom,Forming,1.0,38,Sep 38mo | Mid rally 244% | Asymmetry 6%,,Sideways,False,False,Below-MAs,False,Stage2,1,Uptrend,Uptrend,344.15,269.12,76.07,292.53,982.38,1355.19,1869.48,1355.19,293.8,98.4,10.44,,1.34,0.28,6.01,35.0,14.47,,0,none,13.7,21.2,1.46,12.0,-0.4,5.79,6.69,21.06,16.85,14.6,27.27,37.95,21.29,,0.15,highly inconsistent earnings,0.17,,1.69,,-7.01,-1.57,52.66,0.0,,3.25,0.34,0.0,0.0,459.9,285.35,25.2,20.6,-13.56,61.69,0.1,-0.06,5,27.0,19.5,13.0,0.0,59.5,WATCH ⭐⭐,Expected ~98% CAGR (2yr) | Revenue CAGR 17% | Profit CAGR 38% | ROCE 21% | ROCE trend rising ↑ | Low D/E 0.17,Pattern still forming (not broken out),3-4 years,Medium-High,"yfinance, screener.in",100,223,,2026-07-11,2026-06-01,40,-3.4,5,1.0
UJJIVANSFB,Ujjivan Small Finance Bank Limited,Financial Services,Banks - Regional,11594.0,Mid-Cap,MonthlyDoubleBottom,Forming,1.0,36,Sep 36mo | Mid rally 122% | Asymmetry 2%,MonthlyCupHandle+MonthlyDoubleBottom,Sideways-Above-MA,True,False,Below-MAs,False,Stage2,12,Uptrend,Uptrend,54.13,47.27,21.13,46.01,229.3,487.5,2542.64,763.56,800.6,200.1,16.98,8.81,1.7,0.07,,,20.0,73.42,19,strong_buy,10.74,,,29.53,,16.57,1.32,44.4,,,233.0,,,238.2,0.5,insufficient history,,,,,,,0.0,0.0,,17.23,1.78,31.12,2.45,68.0,41.32,20.4,31.0,18.12,26.79,0.88,0.44,2,23.0,21.5,11.0,4.0,59.5,WATCH ⭐⭐,Expected ~200% CAGR (2yr) | Revenue CAGR 44% | Profit CAGR 233% | OPM 30% | FII buying +1.8% ↑ | DII buying +2.5% ↑,Pattern still forming (not broken out),3-4 years,Medium-High,"yfinance, screener.in",50,78,,2026-07-11,2026-06-01,40,0.0,5,1.0
BOSCHLTD,Bosch Limited,Consumer Cyclical,Auto Parts,123574.0,Large-Cap,MonthlyStage2,Stage Change,1.0,24,10-EMA=37026 | 30-EMA=32773 | Above by 27.6% | MA turning=Yes,MonthlyDoubleBottom+MonthlyStage2,Uptrend,True,True,Tight-Above-MAs,True,Stage2,3,Uptrend,Uptrend,41815.0,32773.46,26188.55,35542.75,55428.76,59031.11,86358.19,69186.18,41.2,18.8,44.64,39.69,8.32,1.8,44.23,64.0,34.59,43798.5,4,none,16.4,21.5,1.77,13.0,0.26,13.84,6.73,10.77,10.3,15.57,37.62,24.82,41.9,3.0,0.15,highly inconsistent earnings,0.01,,1.96,,-2037.69,-1.65,70.54,0.0,,7.22,-0.12,15.05,0.15,42565.0,28610.0,1.8,46.2,5.54,105.23,0.44,0.64,6,24.0,28.5,2.0,5.0,59.5,WATCH ⭐⭐,Expected ~19% CAGR (2yr) | Profit CAGR 25% | ROCE 22% | ROCE trend rising ↑ | Nearly debt-free | Promoter 71% holding,Earnings due 2026-08-03,3-4 years,Medium-High,"yfinance, screener.in",100,289,2026-08-03,2026-07-11,2026-06-01,40,12.6,5,5.0
MEDPLUS,MedPlus Health Services Limited,Healthcare,Pharmaceutical Retailers,9871.0,Mid-Cap,MonthlyStage2,Stage Change,0.993,24,10-EMA=848 | 30-EMA=813 | Above by 14.9% | MA turning=Yes,MonthlyDoubleBottom+MonthlyStage2,Uptrend,True,False,Uptrend,True,Stage2,6,Uptrend,Uptrend,934.65,813.47,666.85,794.45,1792.97,2230.26,4814.13,2937.95,138.6,54.5,44.84,32.18,5.0,0.7,26.47,0.0,,1168.71,7,none,11.8,12.6,0.06,9.0,0.37,3.19,5.56,12.32,14.78,17.56,46.67,63.86,28.42,24.6,0.15,highly inconsistent earnings,0.72,,3.0,,271.58,2.75,40.22,-0.07,,15.53,-1.3,27.82,1.24,1022.2,732.0,8.6,27.7,11.05,-2.1,0.38,0.44,7,21.0,26.42,9.0,3.0,59.4,WATCH ⭐⭐,Expected ~54% CAGR (2yr) | Profit CAGR 64% | ROCE trend rising ↑ | Piotroski F=7 (high quality compounder) | DII buying +1.2% ↑ | PEG 0.70 — undervalued,None identified,3-4 years,Medium-High,"yfinance, screener.in",100,54,,2026-07-11,2026-06-01,40,0.0,5,0.0
MBAPL,Madhya Bharat Agro Products Limited,Basic Materials,Agricultural Inputs,5483.0,Small-Cap,MonthlyDoubleBottom,Forming,0.328,17,Sep 17mo | Mid rally 39% | Asymmetry 6%,,Uptrend,True,False,Uptrend,True,Stage2,1,Uptrend,Uptrend,530.85,342.81,239.72,451.22,1314.86,5501.39,23017.8,5501.39,936.3,221.9,36.49,,1.99,0.11,26.64,8.0,25.99,,0,none,31.5,,,9.2,,8.02,9.61,35.2,,,318.4,,,319.3,0.5,insufficient history,1.57,,1.44,,-595.6,-10.86,74.76,0.0,,0.46,0.27,,,126.95,74.63,-318.2,611.3,35.3,57.21,0.62,-0.04,2,23.0,17.44,9.0,10.0,59.4,WATCH ⭐⭐,Expected ~222% CAGR (2yr) | Revenue CAGR 35% | Profit CAGR 318% | ROE 32% | Promoter 75% holding | Dividend growing 26%/yr,High D/E 1.6 | Pattern still forming (not broken out),3-4 years,Medium-High,"yfinance, screener.in",70,117,,2026-07-11,2026-06-01,40,0.0,5,4.0
HDFCAMC,HDFC Asset Management Company Limited,Financial Services,Asset Management,120031.0,Large-Cap,MonthlyDoubleBottom,Forming,0.521,6,Sep 6mo | Mid rally 59% | Asymmetry 7%,,Sideways-Above-MA,True,False,Below-MAs,False,Stage2,12,Uptrend,Uptrend,2455.9,1448.93,882.86,2087.51,1586.13,2421.76,2524.93,2001.22,,,42.2,32.26,13.0,1.61,29.67,193.0,31.04,3052.57,28,strong_buy,32.9,42.9,2.5,82.0,1.5,61.84,24.83,13.95,23.04,,16.18,26.17,,-2.5,0.75,consistent growth,0.02,,30.24,,2397.42,2.0,52.37,-0.01,,24.45,0.46,14.42,-0.48,2967.25,2205.6,17.2,11.3,-9.42,80.16,0.55,0.56,7,40.0,14.25,3.0,2.0,59.2,WATCH ⭐⭐,Revenue CAGR 23% | Profit CAGR 26% | ROE 33% | ROCE 43% | ROCE trend rising ↑ | Nearly debt-free,Earnings due 2026-07-15 | Pattern still forming (not broken out),3-4 years,Medium-High,"yfinance, screener.in",100,95,2026-07-15,2026-07-11,2026-06-01,40,-7.5,5,0.0
VARROC,Varroc Engineering Limited,Consumer Cyclical,Auto Parts,10200.0,Mid-Cap,MonthlyDoubleBottom,Forming,0.892,17,Sep 17mo | Mid rally 98% | Asymmetry 9%,MonthlyDoubleBottom+MonthlyStage2,Sideways,False,False,Below-MAs,True,Stage2,3,Uptrend,Uptrend,560.4,492.96,239.02,476.34,3156.19,8296.63,56960.33,13408.11,1380.5,284.8,45.26,20.35,5.72,0.14,13.05,22.0,30.0,629.4,5,buy,15.2,19.0,3.83,9.0,0.54,2.53,6.61,9.03,8.86,15.24,228.57,324.82,-12.6,236.9,0.2,multiple loss years in history,0.51,,0.88,,296.92,2.91,75.0,0.0,,4.45,0.09,11.35,-1.05,694.7,462.0,19.3,21.3,6.62,43.88,0.27,0.3,5,24.0,17.2,13.0,5.0,59.2,WATCH ⭐⭐,Expected ~285% CAGR (2yr) | Profit CAGR 325% | ROCE trend rising ↑ | Promoter 75% holding | Piotroski F=5 (above average quality) | Dividend growing 30%/yr,Pattern still forming (not broken out),3-4 years,Medium-High,"yfinance, screener.in",100,95,,2026-07-11,2026-06-01,40,0.0,5,1.0
SAKSOFT,Saksoft Limited,Technology,Information Technology Services,2288.0,Small-Cap,MonthlyDoubleBottom,Forming,1.0,19,Sep 19mo | Mid rally 307% | Asymmetry 2%,,Downtrend,False,False,Below-MAs,True,Downtrend,0,Uptrend,Uptrend,144.06,15.03,3.66,122.45,323.46,380.04,446.51,380.04,163.8,62.4,17.58,5.24,2.94,1.01,11.13,56.0,17.8,,0,none,19.6,25.5,0.26,19.0,0.43,13.23,10.48,14.04,14.78,21.14,22.02,17.49,24.2,19.7,0.75,consistent growth,0.06,,2.17,,85.14,3.72,66.72,0.04,,2.4,0.17,0.0,-0.14,253.99,107.59,43.3,33.9,-27.52,-61.78,0.4,0.31,7,36.0,15.0,8.0,0.0,59.0,WATCH ⭐⭐,Expected ~62% CAGR (2yr) | ROCE 26% | ROCE trend rising ↑ | Nearly debt-free | Promoter 67% holding | FCF yield 3.7%,Pattern still forming (not broken out),3-4 years,Medium-High,"yfinance, screener.in",100,254,,2026-07-11,2026-06-01,40,0.0,5,-5.0
HATSUN,Hatsun Agro Product Limited,Consumer Defensive,Packaged Foods,20223.0,Mid-Cap,MonthlyDoubleBottom,Forming,0.614,30,Sep 30mo | Mid rally 65% | Asymmetry 3%,,Downtrend,False,False,Below-MAs,False,Stage2,15,Uptrend,Uptrend,914.15,1384.31,825.48,784.21,5885.32,28702.72,139983.14,28702.72,3039.8,460.3,56.81,31.58,10.42,0.15,18.74,220.0,18.56,935.0,2,none,16.7,12.9,1.0,12.0,1.9,3.58,8.13,10.62,103.56,,24.73,387.7,,2.5,0.15,highly inconsistent earnings,0.94,,0.52,,929.11,4.59,73.17,0.0,,3.13,-0.07,10.26,-0.02,1179.0,855.3,22.5,6.9,4.09,-30.97,0.12,-0.17,6,33.0,11.87,12.0,2.0,58.9,WATCH ⭐⭐,Expected ~460% CAGR (2yr) | Revenue CAGR 104% | Profit CAGR 388% | ROCE trend rising ↑ | Promoter 73% holding | FCF yield 4.6%,High PE 57 | Earnings due 2026-07-20 | Pattern still forming (not broken out),3-4 years,Medium-High,"yfinance, screener.in",100,145,2026-07-20,2026-07-11,2026-06-01,40,-3.2,5,0.0
BHARATFORG,Bharat Forge Limited,Consumer Cyclical,Auto Parts,102153.0,Large-Cap,MonthlyStage2,Stage Change,1.0,24,10-EMA=1791 | 30-EMA=1463 | Above by 44.7% | MA turning=Yes,MonthlyCupHandle+MonthlyDoubleBottom+MonthlyStage2,Uptrend,True,False,Tight-Above-MAs,True,Stage2,3,Uptrend,Uptrend,2117.0,1462.64,1008.31,1799.45,1418.17,1916.97,2357.79,1828.59,,,95.22,43.31,10.67,3.29,36.69,40.0,15.62,1840.82,22,hold,12.5,13.1,1.66,17.0,0.57,6.42,5.77,11.17,9.2,21.55,19.28,28.94,25.56,-17.5,0.15,highly inconsistent earnings,0.77,,1.17,,723.22,0.71,44.07,0.0,,14.15,1.75,32.62,-1.46,2238.0,1100.5,5.4,92.4,92.41,74.89,0.25,0.53,5,20.0,28.5,0.0,10.0,58.5,WATCH ⭐⭐,Profit CAGR 29% | ROCE trend rising ↑ | Piotroski F=5 (above average quality) | FII buying +1.8% ↑ | Dividend growing 16%/yr | MonthlyStage2 forming (24mo base),High PE 95 | Earnings due 2026-08-05,3-4 years,Medium-High,"yfinance, screener.in",100,367,2026-08-05,2026-07-11,2026-06-01,40,14.0,5,1.0
LUMAXIND,Lumax Industries Limited,Consumer Cyclical,Auto Parts,4992.0,Small-Cap,MonthlyDoubleBottom,Forming,1.0,33,Sep 33mo | Mid rally 107% | Asymmetry 0%,,Uptrend,True,False,Uptrend,True,Stage2,3,Uptrend,Uptrend,5257.5,1697.5,819.49,4468.88,9564.82,11347.7,13462.92,11347.7,115.8,46.9,28.9,16.46,5.44,1.55,14.66,103.0,37.38,6809.0,2,none,22.0,17.7,1.8,10.0,0.43,4.12,5.03,23.06,21.72,24.02,22.86,18.64,57.05,23.0,0.15,highly inconsistent earnings,1.06,,0.76,,-17.12,-0.34,75.0,0.0,,1.63,0.25,6.07,0.36,6934.5,3272.0,24.2,60.7,54.12,134.02,0.37,0.83,5,19.0,26.5,6.0,7.0,58.5,WATCH ⭐⭐,Expected ~47% CAGR (2yr) | Revenue CAGR 22% | ROE 22% | ROCE trend rising ↑ | Promoter 75% holding | Piotroski F=5 (above average quality),High D/E 1.1 | Pattern still forming (not broken out),3-4 years,Medium-High,"yfinance, screener.in",100,287,,2026-07-11,2026-06-01,40,0.0,5,1.0
AARVI,Aarvi Encon Limited,Industrials,Staffing & Employment Services,213.0,Micro-Cap,MonthlyStage2,Stage Change,1.0,24,10-EMA=134 | 30-EMA=126 | Above by 23.3% | MA turning=Yes,MonthlyDoubleBottom+MonthlyStage2,Uptrend,True,True,Tight-Above-MAs,True,Stage2,4,Uptrend,Uptrend,155.24,125.95,100.16,131.95,379.71,403.52,428.82,403.52,159.9,61.2,12.22,,1.5,1.95,9.81,139.0,10.06,,0,none,13.4,14.4,-0.29,3.0,-0.49,2.71,5.81,27.45,14.15,26.33,80.0,6.27,12.47,55.7,0.15,highly inconsistent earnings,0.19,,2.04,,9.65,4.52,73.53,0.0,,,-0.01,,,154.7,96.99,-0.3,60.1,23.76,-0.49,0.78,-0.11,5,18.0,28.5,6.0,6.0,58.5,WATCH ⭐⭐,Expected ~61% CAGR (2yr) | Low D/E 0.19 | Promoter 74% holding | FCF yield 4.5% | Piotroski F=5 (above average quality) | Dividend growing 10%/yr,None identified,3-4 years,Medium-High,"yfinance, screener.in",100,106,,2026-07-11,2026-06-15,26,4.7,3,0.0
CAMS,Computer Age Management Services Limited,Technology,Information Technology Services,19815.0,Mid-Cap,MonthlyStage2,Stage Change,0.736,24,10-EMA=752 | 30-EMA=712 | Above by 11.0% | MA turning=Yes,MonthlyCupHandle+MonthlyDoubleBottom+MonthlyStage2,Uptrend,True,False,Constructive,False,Downtrend,0,Uptrend,Uptrend,790.5,711.9,615.56,671.92,754.16,889.55,1055.62,892.25,12.5,6.1,41.67,30.79,14.99,2.28,30.04,157.0,-24.4,885.5,20,buy,36.3,47.0,0.6,45.0,0.37,31.39,21.46,6.61,15.97,16.51,1.51,18.31,18.15,10.9,0.15,highly inconsistent earnings,0.05,,3.43,,384.74,1.94,0.0,0.0,,44.44,-0.21,22.06,0.06,857.8,611.4,7.8,29.3,8.82,49.06,0.33,0.13,7,34.0,21.33,0.0,3.0,58.3,WATCH ⭐⭐,Expected ~6% CAGR (2yr) | Revenue CAGR 16% | ROE 36% | ROCE 47% | ROCE trend rising ↑ | Nearly debt-free,Earnings due 2026-07-30,3-4 years,Medium-High,"yfinance, screener.in",100,70,2026-07-30,2026-07-11,2026-06-01,40,1.4,5,-0.3
PGHL,Procter & Gamble Health Limited,Healthcare,Drug Manufacturers - Specialty & Generic,10539.0,Mid-Cap,MonthlyStage2,Stage Change,0.318,24,10-EMA=5273 | 30-EMA=5097 | Above by 4.8% | MA turning=Yes,MonthlyDoubleBottom+MonthlyStage2,Sideways,False,False,Below-MAs,True,Stage2,6,Uptrend,Uptrend,5340.5,5097.17,4739.86,4539.43,13437.38,20774.19,32116.9,20774.19,289.0,97.2,32.26,23.73,20.09,0.59,22.69,142.0,18.98,7535.0,1,strong_buy,61.59,,,34.94,,23.22,33.1,19.1,,,54.6,,,54.6,0.5,insufficient history,0.02,,2.18,,292.48,2.78,51.82,0.0,,6.33,0.13,12.44,-1.23,6739.0,4707.0,20.8,13.5,1.93,-9.25,0.6,0.23,5,36.0,11.32,8.0,3.0,58.3,WATCH ⭐⭐,Expected ~97% CAGR (2yr) | Revenue CAGR 19% | Profit CAGR 55% | ROE 62% | Nearly debt-free | Promoter 52% holding,None identified,3-4 years,Medium-High,"yfinance, screener.in",70,287,,2026-07-11,2026-06-01,40,0.0,5,0.0
WEALTH,Wealth First Portfolio Managers Limited,Financial Services,Capital Markets,1057.0,Small-Cap,MonthlyDoubleBottom,Forming,0.757,9,Sep 9mo | Mid rally 78% | Asymmetry 2%,MonthlyDoubleBottom+MonthlyStage2,Sideways,False,False,Below-MAs,True,Stage2,12,Uptrend,Uptrend,902.1,1388.83,771.33,766.78,994.74,2006.33,1935.52,1387.57,122.4,49.1,27.32,,7.03,0.69,,161.0,10.06,,0,none,27.7,34.6,-0.91,72.0,0.49,54.41,24.22,13.33,32.85,22.16,11.76,39.49,23.93,,0.15,highly inconsistent earnings,,,5.79,,,,74.04,0.0,,0.04,,0.11,0.01,1386.7,774.95,34.9,16.4,-18.77,146.88,0.12,-0.23,5,37.0,15.08,6.0,0.0,58.1,WATCH ⭐⭐,Expected ~49% CAGR (2yr) | Revenue CAGR 33% | Profit CAGR 39% | ROE 28% | ROCE 35% | Promoter 74% holding,Pattern still forming (not broken out),3-4 years,Medium-High,"yfinance, screener.in",80,111,,2026-07-11,2026-06-01,40,0.0,5,2.0
LLOYDSENGG,Lloyds Engineering Works Limited,Industrials,Specialty Industrial Machinery,11964.0,Mid-Cap,MonthlyStage2,Breaking Out,1.0,24,10-EMA=56 | 30-EMA=58 | Above by 18.6% | MA turning=Yes,MonthlyDoubleBottom+MonthlyStage2,Sideways-Above-MA,True,True,Constructive,True,Stage2,4,Uptrend,Uptrend,68.44,57.7,37.73,58.17,92.94,197.49,419.67,197.49,188.6,69.9,56.34,,6.92,0.5,59.64,30.0,80.47,,0,none,16.4,17.1,,15.0,-1.0,14.59,6.21,53.78,,,88.57,,,156.5,0.5,insufficient history,0.07,,2.77,,-383.29,-3.2,41.92,0.0,,2.11,0.14,0.18,0.0,91.99,37.4,25.6,83.0,4.47,,1.72,1.14,3,26.0,24.0,5.0,3.0,58.0,WATCH ⭐⭐,Expected ~70% CAGR (2yr) | Revenue CAGR 113% | Profit CAGR 112% | Nearly debt-free | Margin compressing ↓ ⚠️ | Dividend growing 80%/yr,High PE 56 | Margin compression ↓,3-4 years,Medium-High,"yfinance, screener.in",80,32,,2026-07-11,2026-06-01,40,0.0,5,-2.0
MARKSANS,Marksans Pharma Limited,Healthcare,Drug Manufacturers - General,11984.0,Mid-Cap,MonthlyStage2,Breaking Out,1.0,24,10-EMA=190 | 30-EMA=185 | Above by 17.4% | MA turning=Yes,MonthlyDoubleBottom+MonthlyStage2,Uptrend,True,True,Constructive,True,Stage2,6,Uptrend,Uptrend,217.3,185.07,156.89,184.71,382.84,374.21,520.4,446.35,72.2,31.2,28.65,19.59,3.96,1.73,18.91,34.0,47.36,266.0,3,none,15.2,18.8,-3.0,20.0,-0.37,14.16,8.84,12.5,16.8,16.49,9.66,16.59,11.94,63.6,0.15,highly inconsistent earnings,0.11,,5.17,,70.35,0.59,43.87,0.0,,16.76,8.63,6.57,0.66,278.8,155.0,22.1,40.2,-8.89,118.23,1.56,1.09,5,22.0,27.0,7.0,2.0,58.0,WATCH ⭐⭐,Expected ~31% CAGR (2yr) | Revenue CAGR 17% | Low D/E 0.11 | Piotroski F=5 (above average quality) | FII buying +8.6% ↑ | DII buying +0.7% ↑,None identified,3-4 years,Medium-High,"yfinance, screener.in",100,287,,2026-07-11,2026-06-01,40,0.0,5,0.0
ABSLAMC,ADIT BIRL SUN LIF AMC LTD,Financial Services,Asset Management,34080.0,Large-Cap,None,,0.0,0,,,Uptrend,True,False,Tight-Above-MAs,True,Stage2,12,Uptrend,Uptrend,1146.6,,,974.61,834.56,1043.3,1158.7,983.36,,,34.97,26.6,8.42,1.96,25.74,216.0,60.09,1133.21,14,buy,25.2,32.2,-2.57,60.0,-0.14,47.34,18.66,-6.91,11.0,8.95,4.73,17.83,13.14,-18.0,0.15,highly inconsistent earnings,0.02,,1.2,,882.22,2.59,74.82,0.0,,5.75,-0.3,11.55,0.76,1224.9,708.0,6.4,61.9,38.2,186.03,,0.33,4,32.0,15.0,1.0,10.0,58.0,WATCH ⭐⭐,ROE 25% | ROCE 32% | Nearly debt-free | Promoter 75% holding | OPM 60% | DII buying +0.8% ↑,None identified,3-4 years,Medium-High,"yfinance, screener.in",100,58,,2026-07-11,2026-06-01,40,10.6,5,3.0
AXISBANK,Axis Bank Limited,Financial Services,Banks - Regional,417498.0,Large-Cap,MonthlyDoubleBottom,Forming,1.0,20,Sep 20mo | Mid rally 100% | Asymmetry 0%,MonthlyDoubleBottom+MonthlyStage2,Uptrend,True,False,Tight-Above-MAs,True,Stage2,12,Uptrend,Uptrend,1323.7,292.75,145.82,1125.14,2418.41,2587.32,4373.01,3252.03,95.5,39.8,15.9,11.25,1.94,0.46,,7.0,0.0,1590.26,39,strong_buy,13.1,6.24,,39.29,,35.39,1.47,4.05,14.87,15.53,-5.83,34.47,29.63,1.7,0.15,highly inconsistent earnings,,,,,,,8.14,-0.01,,42.04,-0.54,43.35,0.7,1418.3,1042.5,6.7,27.0,27.55,10.47,0.3,0.42,2,14.0,28.0,10.0,6.0,58.0,WATCH ⭐⭐,Expected ~40% CAGR (2yr) | Profit CAGR 34% | OPM 39% | DII buying +0.7% ↑ | PEG 0.46 — deeply undervalued | MonthlyDoubleBottom forming (20mo base),Earnings due 2026-07-18 | Pattern still forming (not broken out),3-4 years,Medium-High,"yfinance, screener.in",80,333,2026-07-18,2026-07-11,2026-06-01,40,6.9,5,4.0
ADFFOODS,ADF Foods Limited,Consumer Defensive,Packaged Foods,3520.0,Small-Cap,MonthlyStage2,Breaking Out,1.0,24,10-EMA=254 | 30-EMA=232 | Above by 38.0% | MA turning=Yes,MonthlyCupHandle+MonthlyDoubleBottom+MonthlyStage2,Uptrend,True,False,Tight-Above-MAs,True,Stage2,15,Uptrend,Uptrend,319.9,231.85,167.18,271.91,417.77,489.34,573.16,489.34,53.0,23.7,39.07,,6.15,2.28,26.68,37.0,14.47,266.0,1,none,17.8,22.8,-0.66,19.0,0.29,13.16,9.9,15.76,14.92,13.04,30.43,17.13,12.47,57.6,0.15,highly inconsistent earnings,0.1,,3.84,,-30.62,-0.87,36.14,0.0,,11.55,0.24,23.21,0.1,346.95,153.1,7.8,108.9,56.95,25.75,4.28,0.52,5,17.0,30.0,3.0,8.0,58.0,WATCH ⭐⭐,Expected ~24% CAGR (2yr) | ROCE 23% | Nearly debt-free | Piotroski F=5 (above average quality) | Dividend growing 14%/yr | EV/EBITDA 27× vs sector 30×,None identified,3-4 years,Medium-High,"yfinance, screener.in",100,191,,2026-07-11,2026-06-01,40,18.9,5,4.5
HINDZINC,Hindustan Zinc Limited,Basic Materials,Other Industrial Metals & Mining,226709.0,Large-Cap,MonthlyCupHandle,Forming,0.91,23,Cup 23mo | Depth 32% | Prior gain 63% | R²=0.95,MonthlyCupHandle+MonthlyDoubleBottom,Downtrend,False,False,Below-MAs,False,Stage2,1,Uptrend,Uptrend,559.9,665.61,449.98,475.91,808.41,881.24,970.72,885.85,57.4,25.5,16.39,12.19,10.02,1.71,10.04,391.0,-40.42,661.27,15,buy,76.6,69.5,7.7,54.0,-0.17,35.12,30.08,19.84,6.2,12.54,33.6,9.58,11.63,67.6,0.15,highly inconsistent earnings,0.39,,1.47,,10509.13,4.64,60.71,-1.13,,2.39,0.85,4.84,0.16,733.0,413.5,23.6,35.4,38.09,77.66,0.27,0.67,4,31.0,14.92,6.0,6.0,57.9,WATCH ⭐⭐,Expected ~26% CAGR (2yr) | ROE 77% | ROCE 70% | ROCE trend rising ↑ | Promoter 61% holding | OPM 54%,Earnings due 2026-07-17 | Pattern still forming (not broken out),3-4 years,Medium-High,"yfinance, screener.in",100,287,2026-07-17,2026-07-11,2026-06-01,40,-11.5,5,-9.0
JYOTHYLAB,Jyothy Labs Limited,Consumer Defensive,Household & Personal Products,7055.0,Small-Cap,MonthlyDoubleBottom,Breakout Ready,0.463,6,Sep 6mo | Mid rally 50% | Asymmetry 3%,,Downtrend,False,False,Below-MAs,False,Stage2,15,Uptrend,Uptrend,213.5,86.18,56.71,181.47,684.65,653.18,1202.36,907.3,205.9,74.9,21.18,17.86,4.44,0.65,14.59,182.0,5.27,272.0,11,buy,19.0,24.6,2.4,18.0,0.57,11.32,11.63,3.26,9.04,10.72,0.27,32.52,17.82,-12.4,0.15,highly inconsistent earnings,0.03,,2.68,,265.71,3.77,62.89,0.0,,12.35,-0.42,14.62,-0.52,364.8,188.1,41.5,13.5,-29.97,-20.62,1.31,0.4,6,33.0,11.56,13.0,0.0,57.6,WATCH ⭐⭐,Expected ~75% CAGR (2yr) | Profit CAGR 33% | ROCE 25% | ROCE trend rising ↑ | Nearly debt-free | Promoter 63% holding,None identified,3-4 years,Medium-High,"yfinance, screener.in",100,222,,2026-07-11,2026-06-01,40,0.0,5,-1.0
MACPOWER,Macpower CNC Machines Limited,Industrials,Specialty Industrial Machinery,1423.0,Small-Cap,MonthlyStage2,Stage Change,1.0,24,10-EMA=990 | 30-EMA=921 | Above by 22.7% | MA turning=Yes,MonthlyDoubleBottom+MonthlyStage2,Uptrend,True,False,Tight-Above-MAs,True,Stage2,4,Uptrend,Uptrend,1130.1,920.81,744.29,960.58,1061.69,1245.36,1460.81,1245.36,10.2,5.0,42.01,,8.12,2.43,26.29,11.0,14.47,,0,none,21.3,,,14.22,,10.17,12.02,24.8,,,17.3,,,17.2,0.5,insufficient history,0.0,,2.34,,-4.37,-0.31,73.17,0.0,,1.11,0.08,0.52,0.17,1453.1,761.0,22.2,48.5,19.48,237.78,0.92,-0.42,4,23.0,28.5,0.0,6.0,57.5,WATCH ⭐⭐,Expected ~5% CAGR (2yr) | Revenue CAGR 25% | ROE 21% | Nearly debt-free | Promoter 73% holding | Dividend growing 14%/yr,None identified,3-4 years,Medium-High,"yfinance, screener.in",70,99,,2026-07-11,2026-06-01,40,0.0,5,-11.0
GLOBAL,Global Education Limited,Consumer Defensive,Education & Training Services,527.0,Small-Cap,MonthlyStage2,Stage Change,1.0,24,10-EMA=93 | 30-EMA=80 | Above by 28.3% | MA turning=Yes,MonthlyCupHandle+MonthlyDoubleBottom+MonthlyStage2,Sideways-Above-MA,True,False,Constructive,False,Stage2,15,Uptrend,Uptrend,102.18,79.65,41.17,86.85,198.63,206.91,215.54,206.91,102.5,42.3,19.87,,4.28,4.77,16.62,97.0,-5.9,,0,none,22.0,29.2,-0.4,38.0,0.06,26.15,13.29,30.56,14.88,29.31,-7.14,4.17,26.58,93.7,0.15,highly inconsistent earnings,,,3.75,,33.18,6.3,72.73,0.23,,0.4,-0.05,0.06,0.0,121.9,55.3,16.2,84.8,55.45,16.7,0.15,-0.72,5,24.0,22.5,4.0,7.0,57.5,WATCH ⭐⭐,Expected ~42% CAGR (2yr) | ROE 22% | ROCE 29% | Promoter 73% holding | OPM 38% | FCF yield 6.3%,None identified,3-4 years,Medium-High,"yfinance, screener.in",90,113,,2026-07-11,2026-06-01,40,-0.5,5,-6.0
GLAND,Gland Pharma Limited,Healthcare,Drug Manufacturers - Specialty & Generic,40618.0,Large-Cap,MonthlyStage2,Stage Change,1.0,24,10-EMA=2070 | 30-EMA=1907 | Above by 30.0% | MA turning=Yes,MonthlyDoubleBottom+MonthlyStage2,Uptrend,True,True,Uptrend,True,Stage2,6,Uptrend,Uptrend,2479.4,1906.6,1387.08,2107.49,2734.08,2673.1,3281.82,2995.45,7.8,3.8,39.52,26.99,3.92,4.13,22.96,81.0,-10.0,2189.57,14,buy,10.7,15.1,-3.0,25.0,-2.91,15.97,6.35,14.51,21.06,13.18,46.92,9.56,0.59,96.6,0.15,highly inconsistent earnings,0.03,,4.68,,504.15,1.24,51.83,0.0,,7.29,-0.29,33.36,0.37,2528.3,1573.6,1.9,57.6,34.62,19.46,0.78,0.48,5,19.0,26.5,2.0,10.0,57.5,WATCH ⭐⭐,Expected ~4% CAGR (2yr) | Revenue CAGR 21% | Nearly debt-free | Promoter 52% holding | Margin compressing ↓ ⚠️ | Piotroski F=5 (above average quality),Margin compression ↓ | Earnings due 2026-08-05,3-4 years,Medium-High,"yfinance, screener.in",100,69,2026-08-05,2026-07-11,2026-06-01,40,10.1,5,-1.5
J&KBANK,Jammu and Kashmir Bank Limited,Financial Services,Banks - Regional,18192.0,Mid-Cap,MonthlyDoubleBottom,Forming,1.0,14,Sep 14mo | Mid rally 109% | Asymmetry 6%,MonthlyCupHandle+MonthlyDoubleBottom,Uptrend,True,False,Uptrend,True,Stage2,12,Uptrend,Uptrend,133.32,46.14,21.49,113.32,470.54,592.69,746.55,592.69,344.6,110.8,7.71,7.09,1.1,0.3,,130.0,64.5,198.0,1,none,15.4,5.84,,23.3,,34.68,1.32,4.86,12.02,10.15,13.35,25.96,40.7,,0.15,highly inconsistent earnings,,,,,,,59.4,0.0,,8.35,0.21,6.0,0.16,167.15,97.35,20.2,36.9,25.18,107.4,0.79,0.48,2,15.0,25.5,9.0,8.0,57.5,WATCH ⭐⭐,Expected ~111% CAGR (2yr) | Profit CAGR 26% | Promoter 59% holding | Dividend growing 64%/yr | PEG 0.30 — deeply undervalued | MonthlyDoubleBottom forming (14mo base),Pattern still forming (not broken out),3-4 years,Medium-High,"yfinance, screener.in",80,286,,2026-07-11,2026-06-01,40,0.0,5,-1.0
REMSONSIND,Remsons Industries Limited,Consumer Cyclical,Auto Parts,291.0,Micro-Cap,MonthlyDoubleBottom,Forming,1.0,15,Sep 15mo | Mid rally 598% | Asymmetry 8%,,Downtrend,False,False,Below-MAs,False,Stage2,3,Uptrend,Uptrend,99.14,25.13,3.46,84.27,461.47,636.6,878.2,636.6,542.1,153.4,16.0,,1.94,0.42,7.5,60.0,-12.64,,0,none,13.5,15.5,0.5,11.0,1.31,3.85,5.91,24.4,14.43,15.72,23.53,37.95,39.33,14.7,0.75,consistent growth,0.63,,1.31,,17.53,6.03,65.53,-0.71,,2.33,-1.06,1.22,0.09,152.45,77.15,35.0,28.5,-20.04,93.36,0.44,1.1,6,30.0,15.5,12.0,0.0,57.5,WATCH ⭐⭐,Expected ~153% CAGR (2yr) | Profit CAGR 38% | ROCE trend rising ↑ | Promoter 66% holding | FCF yield 6.0% | EPS: consistent growth,Pattern still forming (not broken out),3-4 years,Medium-High,"yfinance, screener.in",100,287,,2026-07-11,2026-06-01,40,0.0,5,-1.0
TAJGVK,TAJGVK Hotels & Resorts Limited,Consumer Cyclical,Lodging,2153.0,Small-Cap,MonthlyDoubleBottom,Forming,1.0,42,Sep 42mo | Mid rally 115% | Asymmetry 0%,,Sideways,False,False,Below-MAs,True,Stage2,3,Uptrend,Uptrend,308.65,126.81,58.83,262.35,5775.12,9469.47,15527.09,9469.47,2968.0,453.9,5.26,118.41,2.11,0.08,16.34,58.0,60.0,,0,none,18.4,13.2,3.4,30.0,5.29,80.69,6.59,12.89,9.78,40.14,250.43,63.97,71.05,818.6,0.15,highly inconsistent earnings,0.09,,1.26,,-64.46,-2.99,71.0,0.0,,0.32,-0.6,4.02,-0.01,512.65,281.35,39.8,9.7,-16.29,10.1,0.19,0.24,4,26.0,19.5,12.0,0.0,57.5,WATCH ⭐⭐,Expected ~454% CAGR (2yr) | Profit CAGR 64% | ROCE trend rising ↑ | Nearly debt-free | Promoter 71% holding | OPM 30%,Pattern still forming (not broken out),3-4 years,Medium-High,"yfinance, screener.in",100,286,,2026-07-11,2026-06-01,40,0.0,5,0.0
BCLIND,BCL Industries Limited,Consumer Defensive,Beverages - Wineries & Distilleries,1078.0,Small-Cap,MonthlyDoubleBottom,Forming,1.0,40,Sep 40mo | Mid rally 223% | Asymmetry 7%,,Sideways-Above-MA,True,False,Constructive,False,Stage2,15,Uptrend,Uptrend,34.24,85.38,25.53,29.1,218.44,273.76,343.11,273.76,699.5,182.8,9.36,,1.18,0.37,5.93,71.0,-19.59,,0,none,13.4,13.9,-1.2,9.0,0.49,4.12,7.82,-0.82,15.37,14.37,22.33,25.33,24.57,-8.6,0.15,highly inconsistent earnings,0.6,,2.01,,166.15,15.41,58.23,0.2,,0.43,0.06,0.0,-0.02,49.3,25.53,30.5,34.1,-12.93,-52.93,0.35,0.61,6,22.0,22.5,13.0,0.0,57.5,WATCH ⭐⭐,Expected ~183% CAGR (2yr) | Revenue CAGR 15% | Profit CAGR 25% | Promoter 58% holding | FCF yield 15.4% | Piotroski F=6 (above average quality),Pattern still forming (not broken out),3-4 years,Medium-High,"yfinance, screener.in",100,65,,2026-07-11,2026-06-01,40,1.3,5,5.0
SIEMENS,Siemens Limited,Industrials,Specialty Industrial Machinery,125935.0,Large-Cap,MonthlyDoubleBottom,Forming,1.0,26,Sep 26mo | Mid rally 210% | Asymmetry 0%,MonthlyCupHandle+MonthlyDoubleBottom+MonthlyStage2,Sideways-Above-MA,True,False,Constructive,False,Stage2,4,Uptrend,Uptrend,3617.2,526.5,169.39,3074.62,2096.19,3037.52,3084.27,2542.68,,,74.62,51.17,9.09,3.5,50.31,39.0,14.47,3779.77,26,hold,16.3,21.2,2.43,11.0,0.43,9.21,,11.72,15.47,20.09,1.32,21.3,29.06,-36.4,0.4,lumpy earner,0.02,,2.57,,,,75.0,0.0,,6.8,-0.05,8.59,0.24,3937.3,2826.0,8.1,28.0,22.89,35.06,0.48,,4,29.0,22.5,0.0,6.0,57.5,WATCH ⭐⭐,Revenue CAGR 15% | Profit CAGR 21% | ROCE 21% | ROCE trend rising ↑ | Nearly debt-free | Promoter 75% holding,High PE 75 | Earnings due 2026-08-06 | Pattern still forming (not broken out),3-4 years,Medium-High,"yfinance, screener.in",80,330,2026-08-06,2026-07-11,2026-06-01,40,1.9,5,6.0
BAJAJCON,Bajaj Consumer Care Limited,Consumer Defensive,Household & Personal Products,8049.0,Mid-Cap,MonthlyDoubleBottom,Forming,0.911,24,Sep 24mo | Mid rally 95% | Asymmetry 4%,,Uptrend,True,False,Uptrend,True,Stage2,15,Uptrend,Uptrend,670.25,288.95,145.42,569.71,695.52,680.68,856.65,771.89,1.6,0.8,43.3,29.88,10.93,3.94,35.58,0.0,-33.06,543.88,8,strong_buy,25.3,30.6,-1.54,19.0,-1.57,16.33,13.92,20.73,6.63,4.79,52.0,10.98,-3.15,105.3,0.15,highly inconsistent earnings,0.02,,3.49,,136.45,1.7,42.97,0.0,,16.11,-0.48,14.91,0.64,632.6,220.1,-6.0,204.5,186.82,145.0,0.3,0.87,4,22.0,25.43,0.0,10.0,57.4,WATCH ⭐⭐,Expected ~1% CAGR (2yr) | ROE 25% | ROCE 31% | Nearly debt-free | Margin compressing ↓ ⚠️ | DII buying +0.6% ↑,Margin compression ↓ | Pattern still forming (not broken out),3-4 years,Medium-High,"yfinance, screener.in",100,192,,2026-07-11,2026-06-01,40,27.2,5,-5.0
ASALCBR,Associated Alcohols & Breweries Limited,Consumer Defensive,Beverages - Wineries & Distilleries,1758.0,Small-Cap,MonthlyDoubleBottom,Forming,0.571,29,Sep 29mo | Mid rally 61% | Asymmetry 4%,,Downtrend,False,False,Below-MAs,False,Stage2,15,Uptrend,Uptrend,827.9,647.81,396.25,703.71,7964.48,19495.46,47720.99,19495.46,2254.8,385.3,19.08,15.15,2.4,0.13,11.96,23.0,25.99,1070.0,1,none,14.6,18.0,4.3,14.0,1.74,8.68,9.41,-5.21,68.5,73.94,8.64,144.78,144.85,5.3,0.15,highly inconsistent earnings,0.1,,2.58,,-20.86,-1.19,62.35,1.13,,0.33,0.01,0.94,0.94,1277.0,660.65,35.2,25.3,-19.93,66.9,0.19,0.37,6,34.0,11.35,12.0,0.0,57.4,WATCH ⭐⭐,Expected ~385% CAGR (2yr) | Revenue CAGR 68% | Profit CAGR 145% | ROCE trend rising ↑ | Nearly debt-free | Promoter 62% holding,Pattern still forming (not broken out),3-4 years,Medium-High,"yfinance, screener.in",100,78,,2026-07-11,2026-06-01,40,3.1,5,-3.0
HAL,Hindustan Aeronautics Limited,Industrials,Aerospace & Defense,296194.0,Large-Cap,MonthlyCupHandle,Forming,0.946,22,Cup 22mo | Depth 19% | Prior gain 132% | R²=0.97,MonthlyCupHandle+MonthlyStage2,Uptrend,True,False,Below-MAs,False,Stage2,4,Uptrend,Uptrend,4192.3,5084.06,4137.25,3930.39,4952.22,6030.87,6672.9,5748.54,43.9,19.9,32.47,26.63,7.22,2.02,30.75,45.0,25.99,5157.46,24,none,24.0,32.0,1.43,30.0,1.83,27.55,3.55,6.8,7.11,7.78,8.99,16.08,22.99,5.5,0.4,lumpy earner,0.0,,2.61,,-14431.69,-4.87,71.64,0.0,,10.21,-0.65,10.43,0.75,5065.0,3479.1,17.2,20.5,-2.81,97.86,0.31,0.49,5,31.0,23.35,1.0,2.0,57.4,WATCH ⭐⭐,Expected ~20% CAGR (2yr) | ROE 24% | ROCE 32% | ROCE trend rising ↑ | Nearly debt-free | Promoter 72% holding,Earnings due 2026-08-11 | Pattern still forming (not broken out),3-4 years,Medium-High,"yfinance, screener.in",100,99,2026-08-11,2026-07-11,2026-06-01,40,-3.3,5,4.1
AMRUTANJAN,Amrutanjan Health Care Limited,Healthcare,Drug Manufacturers - Specialty & Generic,1556.0,Small-Cap,MonthlyDoubleBottom,Breakout Ready,1.0,15,Sep 15mo | Mid rally 127% | Asymmetry 8%,,Downtrend,False,False,Below-MAs,False,Stage2,6,Uptrend,Uptrend,538.2,533.98,225.81,457.47,1257.17,1609.94,2061.68,1609.94,199.1,73.0,26.88,,4.2,0.96,20.27,104.0,-39.87,,0,none,20.0,31.4,3.43,18.0,0.97,11.53,8.3,12.03,10.55,11.87,40.0,28.06,16.0,6.7,0.15,highly inconsistent earnings,0.01,,2.31,,13.0,0.84,46.52,0.0,,2.17,-0.1,12.66,-0.34,790.95,486.0,32.0,10.7,-20.85,-36.37,2.18,0.37,7,31.0,18.0,8.0,0.0,57.0,WATCH ⭐⭐,Expected ~73% CAGR (2yr) | Profit CAGR 28% | ROCE 31% | ROCE trend rising ↑ | Nearly debt-free | Piotroski F=7 (high quality compounder),None identified,3-4 years,Medium-High,"yfinance, screener.in",100,201,,2026-07-11,2026-06-01,40,-3.4,5,-3.0
SANSERA,Sansera Engineering Limited,Consumer Cyclical,Auto Parts,20291.0,Mid-Cap,MonthlyDoubleBottom,Forming,0.794,13,Sep 13mo | Mid rally 88% | Asymmetry 8%,,Uptrend,True,True,Tight-Above-MAs,True,Stage2,3,Uptrend,Uptrend,2947.4,1751.11,896.77,2505.29,3078.63,3599.55,5222.92,4009.92,22.1,10.5,62.5,38.23,6.55,2.07,32.35,10.0,17.57,2984.0,10,buy,11.5,14.1,0.11,18.0,0.03,9.27,6.47,15.94,14.37,17.69,50.69,30.25,24.35,104.8,0.4,lumpy earner,0.19,,1.75,,-211.33,-1.04,30.1,-0.07,,18.79,-0.57,35.38,-0.92,3271.0,1216.3,9.9,142.3,124.88,189.28,0.7,0.77,6,21.0,25.03,1.0,10.0,57.0,WATCH ⭐⭐,Expected ~10% CAGR (2yr) | Profit CAGR 30% | ROCE trend rising ↑ | Low D/E 0.19 | Piotroski F=6 (above average quality) | Dividend growing 18%/yr,High PE 63 | Pattern still forming (not broken out),3-4 years,Medium-High,"yfinance, screener.in",100,58,,2026-07-11,2026-06-01,40,23.0,5,-1.0
KALYANKJIL,Kalyan Jewellers India Limited,Consumer Cyclical,Luxury Goods,39456.0,Large-Cap,MonthlyDoubleBottom,Forming,1.0,23,Sep 23mo | Mid rally 138% | Asymmetry 8%,,Downtrend,False,False,Below-MAs,False,Stage2,3,Uptrend,Uptrend,344.15,793.08,320.29,304.28,1000.06,1462.09,2137.58,1462.09,324.8,106.1,29.23,20.38,6.25,0.63,19.78,39.0,25.0,664.44,0,none,24.8,20.5,2.46,7.0,-0.2,3.78,7.21,42.72,36.44,33.05,89.08,46.2,56.89,118.3,0.4,lumpy earner,0.97,,1.3,,-515.68,-1.31,62.86,0.11,,14.55,0.44,14.13,-1.1,617.7,327.05,44.3,5.2,-30.19,113.22,1.57,-0.04,4,32.0,16.0,9.0,0.0,57.0,WATCH ⭐⭐,Expected ~106% CAGR (2yr) | Revenue CAGR 36% | Profit CAGR 46% | ROE 25% | ROCE 20% | ROCE trend rising ↑,Pattern still forming (not broken out),3-4 years,Medium-High,"yfinance, screener.in",100,63,,2026-07-11,2026-06-01,40,0.0,5,0.0
DLINKINDIA,D-Link (India) Limited,Technology,Communication Equipment,1863.0,Small-Cap,MonthlyStage2,Breaking Out,1.0,24,10-EMA=458 | 30-EMA=421 | Above by 20.4% | MA turning=Yes,MonthlyCupHandle+MonthlyDoubleBottom+MonthlyStage2,Uptrend,True,False,Tight-Above-MAs,True,Downtrend,0,Uptrend,Uptrend,506.45,420.68,352.15,430.48,852.58,908.34,967.74,908.34,79.4,33.9,17.89,,3.69,2.74,13.34,781.0,91.29,,0,none,21.2,28.3,2.37,8.0,0.54,6.65,10.0,13.15,9.86,16.59,0.5,6.54,27.39,0.7,0.15,highly inconsistent earnings,0.03,,2.56,,-0.62,-0.03,51.02,0.0,,1.26,0.13,0.01,0.0,589.55,367.65,14.1,37.8,9.38,45.79,1.57,0.26,5,21.0,29.0,4.0,3.0,57.0,WATCH ⭐⭐,Expected ~34% CAGR (2yr) | ROE 21% | ROCE 28% | ROCE trend rising ↑ | Nearly debt-free | Promoter 51% holding,None identified,3-4 years,Medium-High,"yfinance, screener.in",100,200,,2026-07-11,2026-06-01,40,9.0,5,4.8
GUFICBIO,Gufic Biosciences Limited,Healthcare,Drug Manufacturers - Specialty & Generic,3911.0,Small-Cap,MonthlyDoubleBottom,Breakout Ready,1.0,18,Sep 18mo | Mid rally 156% | Asymmetry 6%,MonthlyDoubleBottom+MonthlyStage2,Uptrend,True,True,Constructive,True,Stage2,6,Uptrend,Uptrend,371.25,163.33,61.79,315.56,905.6,2563.76,7257.99,2563.76,590.6,162.8,60.93,,5.89,0.33,28.05,3.0,0.0,,0,none,10.1,12.3,-1.0,16.0,-1.5,6.8,6.0,15.12,,,-8.57,,,183.6,0.4,lumpy earner,0.61,,1.55,,-33.97,-0.87,72.5,0.0,,0.42,-0.02,3.83,0.09,448.0,268.0,17.1,38.5,-2.84,23.79,2.11,-0.04,4,20.0,27.0,8.0,2.0,57.0,WATCH ⭐⭐,Expected ~163% CAGR (2yr) | Revenue CAGR 23% | Profit CAGR 183% | Promoter 72% holding | Margin compressing ↓ ⚠️ | PEG 0.33 — deeply undervalued,High PE 61 | Margin compression ↓,3-4 years,Medium-High,"yfinance, screener.in",80,261,,2026-07-11,2026-06-15,26,0.0,3,3.0
ALKEM,Alkem Laboratories Limited,Healthcare,Drug Manufacturers - Specialty & Generic,66508.0,Large-Cap,MonthlyDoubleBottom,Forming,0.452,24,Sep 24mo | Mid rally 52% | Asymmetry 7%,MonthlyDoubleBottom+MonthlyFlatBase,Sideways-Above-MA,True,True,Constructive,True,Stage2,6,Uptrend,Uptrend,5669.5,2269.93,1443.69,4819.07,13357.54,13014.65,23507.5,17720.11,129.6,51.5,28.9,24.57,4.81,0.88,21.33,36.0,-4.9,5956.45,20,none,18.9,21.2,0.2,20.0,-0.17,15.65,8.5,13.47,8.25,10.66,6.14,32.66,7.76,-22.7,0.15,highly inconsistent earnings,0.14,,2.55,,1374.31,2.07,51.2,0.0,,10.15,0.18,21.39,-0.15,5933.5,4716.2,4.4,20.2,8.84,34.23,0.49,0.27,5,29.0,15.92,9.0,3.0,56.9,WATCH ⭐⭐,Expected ~52% CAGR (2yr) | Profit CAGR 33% | ROCE 21% | ROCE trend rising ↑ | Low D/E 0.14 | Promoter 51% holding,Earnings due 2026-08-12 | Pattern still forming (not broken out),3-4 years,Medium-High,"yfinance, screener.in",100,128,2026-08-12,2026-07-11,2026-06-01,40,3.6,5,0.0
EPL,EPL Limited,Consumer Cyclical,Packaging & Containers,7596.0,Small-Cap,MonthlyStage2,Stage Change,0.869,24,10-EMA=219 | 30-EMA=210 | Above by 13.0% | MA turning=Yes,MonthlyCupHandle+MonthlyDoubleBottom+MonthlyStage2,Uptrend,True,False,Uptrend,True,Stage2,3,Uptrend,Uptrend,237.56,210.16,184.8,201.93,648.94,582.07,926.4,775.36,145.0,56.5,19.57,13.47,2.65,1.0,8.26,211.0,5.16,292.14,7,strong_buy,15.8,17.8,0.57,20.0,0.31,8.16,8.76,13.05,8.84,9.03,8.24,19.48,10.06,-10.0,0.15,highly inconsistent earnings,0.34,,1.56,,59.91,0.79,26.38,0.0,,17.22,-0.35,10.2,0.65,245.45,176.4,3.2,34.7,9.08,3.39,0.45,0.38,6,17.0,24.93,10.0,5.0,56.9,WATCH ⭐⭐,Expected ~56% CAGR (2yr) | ROCE trend rising ↑ | Piotroski F=6 (above average quality) | DII buying +0.7% ↑ | PEG 1.00 — fair value | EV/EBITDA 8× below sector (25×),None identified,3-4 years,Medium-High,"yfinance, screener.in",100,289,,2026-07-11,2026-06-01,40,9.4,5,8.1
PERSISTENT,Persistent Systems Limited,Technology,Information Technology Services,73158.0,Large-Cap,MonthlyDoubleBottom,Forming,0.563,8,Sep 8mo | Mid rally 66% | Asymmetry 10%,MonthlyDoubleBottom+MonthlyStage2,Sideways,False,False,Below-MAs,True,Downtrend,0,Uptrend,Uptrend,5066.3,347.71,199.89,4306.36,5469.99,6197.91,8754.6,6920.09,22.3,10.6,39.37,26.82,9.35,1.49,27.41,94.0,-4.17,5114.65,34,hold,27.3,34.4,2.17,19.0,0.4,12.65,14.87,23.53,20.87,28.63,33.21,26.51,32.83,33.7,0.75,consistent growth,0.06,,2.43,,1351.13,1.85,30.29,0.0,,22.11,-0.68,30.47,0.67,6599.0,4244.5,23.2,19.4,-7.9,83.6,0.63,0.12,7,40.0,11.76,5.0,0.0,56.8,WATCH ⭐⭐,Expected ~11% CAGR (2yr) | Revenue CAGR 21% | Profit CAGR 27% | ROE 27% | ROCE 34% | ROCE trend rising ↑,Earnings due 2026-04-21 | Pattern still forming (not broken out),3-4 years,Medium-High,"yfinance, screener.in",100,194,2026-04-21,2026-07-11,2026-06-01,40,0.0,5,1.0
KINGFA,Kingfa Science & Technology (India) Limited,Basic Materials,Specialty Chemicals,6923.0,Small-Cap,MonthlyDoubleBottom,Forming,0.482,10,Sep 10mo | Mid rally 51% | Asymmetry 3%,,Uptrend,True,False,Tight-Above-MAs,True,Stage2,1,Uptrend,Uptrend,5225.4,812.66,529.48,4441.59,4016.82,5069.23,6397.37,5069.23,,,35.46,,4.95,1.35,23.68,,100.0,,0,none,17.41,,,14.75,,9.28,10.61,23.2,,,26.2,,,41.2,0.5,insufficient history,0.01,,4.06,,-101.63,-1.47,67.02,0.0,,7.76,0.02,8.85,0.1,5699.4,3184.9,8.3,64.1,59.17,132.74,0.74,0.63,4,25.0,20.78,3.0,8.0,56.8,WATCH ⭐⭐,Revenue CAGR 23% | Profit CAGR 26% | Nearly debt-free | Promoter 67% holding | Dividend growing 100%/yr | PEG 1.35 — fair value,Pattern still forming (not broken out),3-4 years,Medium-High,"yfinance, screener.in",70,197,,2026-07-11,2026-06-01,40,0.0,5,11.0
NAVINFLUOR,Navin Fluorine International Limited,Basic Materials,Chemicals,38734.0,Large-Cap,MonthlyDoubleBottom,Forming,0.472,19,Sep 19mo | Mid rally 47% | Asymmetry 0%,,Uptrend,True,True,Tight-Above-MAs,True,Stage2,1,Uptrend,Uptrend,7075.5,4902.73,3318.97,6014.18,3198.72,6486.49,4681.7,3869.81,,,57.8,40.1,9.74,2.76,35.74,20.0,-16.93,7316.0,28,none,20.3,21.4,-1.0,33.0,0.71,20.02,10.4,41.08,16.85,22.96,129.76,20.98,20.81,123.9,0.15,highly inconsistent earnings,0.32,,2.61,,56.74,0.15,27.1,-0.01,,23.78,0.04,27.61,-0.48,7810.0,4498.5,9.4,57.3,54.88,35.96,0.6,0.25,6,25.0,21.66,0.0,10.0,56.7,WATCH ⭐⭐,Revenue CAGR 17% | Profit CAGR 21% | ROE 20% | ROCE 21% | OPM 33% | Piotroski F=6 (above average quality),High PE 58 | Earnings due 2026-07-30 | Pattern still forming (not broken out),3-4 years,Medium-High,"yfinance, screener.in",100,228,2026-07-30,2026-07-11,2026-06-01,40,0.0,5,2.0
PREMEXPLN,Premier Explosives Limited,Basic Materials,Specialty Chemicals,4206.0,Small-Cap,MonthlyStage2,Stage Change,1.0,24,10-EMA=513 | 30-EMA=449 | Above by 16.8% | MA turning=Yes,MonthlyCupHandle+MonthlyDoubleBottom+MonthlyStage2,Sideways-Above-MA,True,False,Constructive,True,Stage2,1,Uptrend,Uptrend,524.75,449.18,333.32,446.04,231.3,565.04,811.51,433.24,7.7,3.8,91.79,49.5,14.59,1.05,108.5,6.0,18.56,710.0,1,none,18.6,22.6,4.63,10.0,1.37,11.8,3.33,-6.95,24.31,20.61,58.62,87.31,33.13,76.1,0.15,highly inconsistent earnings,0.11,,1.65,,-51.95,-1.24,41.33,0.0,,1.18,0.27,9.17,-0.06,829.8,378.4,36.8,38.7,0.77,481.7,0.29,1.15,5,28.0,22.5,3.0,3.0,56.5,WATCH ⭐⭐,Expected ~4% CAGR (2yr) | Revenue CAGR 24% | Profit CAGR 87% | ROCE 23% | ROCE trend rising ↑ | Low D/E 0.11,High PE 92,3-4 years,Medium-High,"yfinance, screener.in",100,120,,2026-07-11,2026-06-01,40,0.0,5,-4.0
JKIL,J. Kumar Infraprojects Limited,Industrials,Engineering & Construction,3737.0,Small-Cap,MonthlyDoubleBottom,Forming,1.0,30,Sep 30mo | Mid rally 260% | Asymmetry 2%,,Sideways,False,False,Below-MAs,True,Stage2,4,Uptrend,Uptrend,482.75,348.95,96.02,410.34,1743.36,1462.59,2194.68,1956.05,203.0,74.1,9.66,7.06,1.1,0.79,4.42,81.0,10.06,722.4,5,none,12.4,18.4,1.7,14.0,-0.37,6.75,6.61,0.53,10.84,30.57,-1.02,12.2,32.16,-4.0,0.15,highly inconsistent earnings,0.18,,1.62,,454.64,12.17,46.64,0.0,,12.55,-0.18,15.16,-0.1,758.4,425.0,36.3,13.6,-24.98,41.06,0.34,0.24,6,22.0,19.5,15.0,0.0,56.5,WATCH ⭐⭐,Expected ~74% CAGR (2yr) | ROCE trend rising ↑ | Low D/E 0.18 | FCF yield 12.2% | Piotroski F=6 (above average quality) | Dividend growing 10%/yr,Pattern still forming (not broken out),3-4 years,Medium-High,"yfinance, screener.in",100,220,,2026-07-11,2026-06-01,40,0.0,5,0.0
PARAGMILK,Parag Milk Foods Limited,Consumer Defensive,Packaged Foods,3012.0,Small-Cap,MonthlyDoubleBottom,Forming,1.0,26,Sep 26mo | Mid rally 106% | Asymmetry 6%,MonthlyDoubleBottom+MonthlyStage2,Sideways,False,False,Below-MAs,True,Stage2,15,Uptrend,Uptrend,214.03,376.95,177.84,181.93,691.38,944.21,1289.51,944.21,341.2,110.0,22.53,14.98,2.36,0.62,11.49,42.0,30.0,275.0,2,none,12.3,13.5,5.6,7.0,2.46,3.54,6.94,11.25,9.69,15.69,13.45,36.57,7.51,23.0,0.4,lumpy earner,0.48,,1.71,,130.83,4.34,40.65,0.0,,8.77,-0.49,5.25,-0.91,376.95,177.84,43.2,20.3,4.54,23.76,0.34,0.5,6,26.0,19.5,10.0,1.0,56.5,WATCH ⭐⭐,Expected ~110% CAGR (2yr) | Profit CAGR 37% | ROCE trend rising ↑ | FCF yield 4.3% | Piotroski F=6 (above average quality) | Dividend growing 30%/yr,Pattern still forming (not broken out),3-4 years,Medium-High,"yfinance, screener.in",100,121,,2026-07-11,2026-06-01,40,0.0,5,0.0
ARTEMISMED,Artemis Medicare Services Limited,,,0.0,Micro-Cap,MonthlyStage2,Stage Change,1.0,24,10-EMA=257 | 30-EMA=233 | Above by 19.1% | MA turning=Yes,MonthlyDoubleBottom+MonthlyStage2,Uptrend,True,False,Uptrend,True,Unknown,0,Uptrend,Uptrend,277.0,232.65,205.51,235.45,122.93,259.79,240.53,171.95,,,113.47,20.79,4.39,2.85,22.14,0.17,,335.0,3,none,12.0,14.6,2.09,17.0,1.54,9.58,6.29,15.37,13.62,21.52,26.83,39.88,76.92,28.3,0.15,highly inconsistent earnings,0.28,,1.74,,-8.53,,58.39,0.01,,12.19,-0.28,2.89,-0.02,297.5,203.35,6.9,36.2,27.4,96.02,0.6,0.27,6,23.0,25.5,2.0,6.0,56.5,WATCH ⭐⭐,Profit CAGR 40% | ROCE trend rising ↑ | Low D/E 0.28 | Promoter 58% holding | Piotroski F=6 (above average quality) | MonthlyStage2 forming (24mo base),High PE 113,3-4 years,Medium-High,"yfinance, screener.in",100,79,,2026-07-11,2026-06-01,40,0.6,5,3.0
EIHOTEL,EIH Limited,Consumer Cyclical,Lodging,20599.0,Mid-Cap,MonthlyDoubleBottom,Forming,1.0,24,Sep 24mo | Mid rally 191% | Asymmetry 3%,MonthlyDoubleBottom+MonthlyStage2,Sideways,False,False,Below-MAs,True,Stage2,3,Uptrend,Uptrend,329.75,187.68,63.63,280.29,607.69,765.26,963.69,765.26,132.1,52.3,32.78,22.5,3.91,1.26,19.42,46.0,45.0,365.0,1,none,14.5,20.7,7.03,35.0,18.91,21.37,8.89,7.18,13.35,42.86,-14.68,25.93,34.55,-6.1,0.2,multiple loss years in history,0.05,,2.69,,85.06,0.41,32.85,0.0,,6.62,0.46,13.88,-0.25,434.8,271.15,24.2,21.6,-16.46,8.38,0.24,-0.26,7,29.0,19.5,7.0,1.0,56.5,WATCH ⭐⭐,Expected ~52% CAGR (2yr) | Profit CAGR 26% | ROCE 21% | ROCE trend rising ↑ | Nearly debt-free | OPM 35%,Pattern still forming (not broken out),3-4 years,Medium-High,"yfinance, screener.in",100,367,,2026-07-11,2026-06-01,40,1.1,5,3.0
CARYSIL,Carysil Limited,Consumer Cyclical,"Furnishings, Fixtures & Appliances",3305.0,Small-Cap,MonthlyStage2,Stage Change,1.0,24,10-EMA=990 | 30-EMA=859 | Above by 36.6% | MA turning=Yes,MonthlyCupHandle+MonthlyDoubleBottom+MonthlyStage2,Uptrend,True,False,Tight-Above-MAs,True,Stage2,3,Uptrend,Uptrend,1173.1,858.61,513.87,997.13,1998.51,2461.36,3031.41,2461.36,109.8,44.9,33.67,23.59,5.44,1.45,19.97,21.0,0.0,1270.5,2,none,17.4,17.8,-1.63,19.0,-0.83,10.63,8.48,13.24,15.87,24.41,54.69,23.16,20.48,48.6,0.15,highly inconsistent earnings,0.46,,1.44,,-36.46,-1.1,41.34,0.0,,1.59,0.04,11.74,0.39,1247.9,732.1,6.0,60.2,37.7,59.51,0.24,0.55,3,13.0,28.5,7.0,8.0,56.5,WATCH ⭐⭐,Expected ~45% CAGR (2yr) | Revenue CAGR 16% | Profit CAGR 23% | Margin compressing ↓ ⚠️ | PEG 1.45 — fair value | EV/EBITDA 20× vs sector 25×,Margin compression ↓,3-4 years,Medium-High,"yfinance, screener.in",100,67,,2026-07-11,2026-06-01,40,27.6,5,6.0
SBIN,State Bank of India,Financial Services,Banks - Regional,959984.0,Large-Cap,MonthlyDoubleBottom,Forming,1.0,24,Sep 24mo | Mid rally 179% | Asymmetry 8%,,Uptrend,True,False,Tight-Above-MAs,True,Stage2,12,Uptrend,Uptrend,1025.55,190.51,65.77,871.72,2224.27,2006.87,2915.56,2546.57,95.7,39.9,11.4,10.21,1.61,0.79,,167.0,15.36,1197.32,38,strong_buy,15.4,6.13,,28.96,,22.11,1.11,5.02,13.64,13.11,7.63,14.49,29.4,0.2,0.4,lumpy earner,,,,,,,55.52,0.02,,11.41,1.07,26.11,-0.93,1234.7,786.55,16.9,30.4,34.71,53.78,0.73,0.36,2,13.0,28.5,8.0,7.0,56.5,WATCH ⭐⭐,Expected ~40% CAGR (2yr) | Promoter 56% holding | OPM 29% | FII buying +1.1% ↑ | Dividend growing 15%/yr | PEG 0.79 — undervalued,Earnings due 2026-08-06 | Pattern still forming (not broken out),3-4 years,Medium-High,"yfinance, screener.in",80,366,2026-08-06,2026-07-11,2026-06-01,40,8.1,5,12.0
HARIOMPIPE,Hariom Pipe Industries Limited,Basic Materials,Steel,1238.0,Small-Cap,MonthlyDoubleBottom,Forming,0.698,8,Sep 8mo | Mid rally 75% | Asymmetry 5%,,Sideways-Above-MA,True,False,Constructive,True,Stage2,1,Uptrend,Uptrend,408.2,571.56,319.99,346.97,940.58,1642.26,2867.38,1642.26,302.3,100.6,16.37,,1.92,0.22,7.84,15.0,1.67,,0,none,12.4,15.7,2.0,13.0,1.5,4.54,7.46,3.93,,,22.58,,,74.6,0.75,consistent growth,0.62,,1.68,,-33.97,-2.74,57.27,0.0,,9.5,0.27,0.06,0.01,572.2,268.05,28.7,52.3,-5.69,-50.22,0.68,0.7,6,28.0,17.38,11.0,0.0,56.4,WATCH ⭐⭐,Expected ~101% CAGR (2yr) | Revenue CAGR 27% | Profit CAGR 75% | ROCE trend rising ↑ | Promoter 57% holding | EPS: consistent growth,Pattern still forming (not broken out),3-4 years,Medium-High,"yfinance, screener.in",80,51,,2026-07-11,2026-06-01,40,30.5,5,0.0
ECLERX,eClerx Services Limited,Technology,Information Technology Services,13701.0,Mid-Cap,MonthlyDoubleBottom,Forming,0.785,10,Sep 10mo | Mid rally 81% | Asymmetry 3%,MonthlyDoubleBottom+MonthlyStage2,Sideways,False,True,Below-MAs,True,Downtrend,0,Uptrend,Uptrend,1621.7,1938.02,1056.37,1378.44,2887.65,2819.67,3688.54,3263.62,73.9,31.9,20.0,15.15,5.38,1.54,12.48,3.0,14.47,1808.4,10,buy,29.0,34.8,0.94,26.0,-1.03,17.15,16.0,22.31,15.85,21.36,30.5,13.02,20.06,24.4,0.4,lumpy earner,0.15,,3.4,,488.99,3.57,54.53,0.72,,11.82,0.43,23.95,-1.36,2497.5,1320.0,35.1,22.9,-22.25,74.22,0.7,0.41,6,35.0,14.42,7.0,0.0,56.4,WATCH ⭐⭐,Expected ~32% CAGR (2yr) | Revenue CAGR 16% | ROE 29% | ROCE 35% | ROCE trend rising ↑ | Low D/E 0.15,Margin compression ↓ | Pattern still forming (not broken out),3-4 years,Medium-High,"yfinance, screener.in",100,224,,2026-07-11,2026-06-01,40,4.4,5,2.0
MAZDOCK,Mazagon Dock Shipbuilders Limited,Industrials,Aerospace & Defense,102604.0,Large-Cap,MonthlyDoubleBottom,Forming,0.814,13,Sep 13mo | Mid rally 89% | Asymmetry 8%,MonthlyCupHandle+MonthlyDoubleBottom+MonthlyStage2,Downtrend,False,False,Below-MAs,False,Stage2,4,Uptrend,Uptrend,2422.8,3751.65,1904.04,2059.38,2902.91,5599.26,5063.39,3833.87,131.1,52.0,39.68,31.22,10.52,1.24,39.8,76.0,-12.25,2831.3,10,none,29.2,36.0,4.06,17.0,2.57,19.86,4.83,13.77,18.44,26.29,6.79,32.07,38.06,108.8,0.4,lumpy earner,0.04,,1.4,,-3999.91,-3.9,81.22,0.0,,1.73,-0.07,5.09,-0.28,3326.0,2057.4,27.2,17.8,-17.14,276.68,0.42,0.56,4,37.0,13.27,5.0,1.0,56.3,WATCH ⭐⭐,Expected ~52% CAGR (2yr) | Revenue CAGR 18% | Profit CAGR 32% | ROE 29% | ROCE 36% | ROCE trend rising ↑,Pattern still forming (not broken out),3-4 years,Medium-High,"yfinance, screener.in",100,68,,2026-07-11,2026-06-01,40,0.0,5,1.0
SOLEX,SOLEX ENERGY LIMITED,Technology,Solar,1144.0,Small-Cap,MonthlyStage2,Stage Change,0.225,24,10-EMA=1176 | 30-EMA=1062 | Above by 3.4% | MA turning=Yes,,Downtrend,False,False,Below-MAs,False,Downtrend,0,Uptrend,Uptrend,1097.8,1062.03,630.97,933.13,9892.55,31623.53,101090.94,31623.53,2780.6,436.7,11.92,,4.52,0.05,7.42,5.0,66.11,,0,none,46.3,35.8,6.0,11.0,1.5,5.93,11.92,144.41,115.35,,127.91,219.67,,304.5,0.75,consistent growth,1.32,,1.23,,-25.69,-2.24,66.15,0.0,,0.13,-0.12,0.81,-0.17,1985.0,795.45,44.7,38.0,-17.52,86.92,0.61,-0.24,5,37.0,6.2,13.0,0.0,56.2,WATCH ⭐⭐,Expected ~437% CAGR (2yr) | Revenue CAGR 115% | Profit CAGR 220% | ROE 46% | ROCE 36% | ROCE trend rising ↑,High D/E 1.3,3-4 years,Medium-High,"yfinance, screener.in",100,100,,2026-07-11,2026-06-01,40,-18.4,5,-11.8
TRENT,Trent Limited,Consumer Cyclical,Apparel Retail,178132.0,Large-Cap,MonthlyDoubleBottom,Forming,0.852,10,Sep 10mo | Mid rally 92% | Asymmetry 7%,,Sideways,False,False,Below-MAs,True,Stage2,3,Uptrend,Uptrend,4069.6,8337.78,4192.37,3982.75,3871.34,12483.19,10345.17,6328.48,206.7,75.1,103.1,66.57,25.5,1.62,65.04,12.0,39.71,3237.85,25,buy,27.7,28.3,6.26,19.0,2.46,8.57,13.71,17.15,34.54,50.58,12.19,63.47,74.62,25.8,0.15,highly inconsistent earnings,0.36,,1.26,,997.66,0.56,37.01,0.0,,15.59,-0.03,22.19,0.82,5674.0,2183.67,28.3,86.4,-26.77,108.33,0.38,0.33,6,39.0,16.22,1.0,0.0,56.2,WATCH ⭐⭐,Expected ~75% CAGR (2yr) | Revenue CAGR 35% | Profit CAGR 63% | ROE 28% | ROCE 28% | ROCE trend rising ↑,High PE 103 | Earnings due 2026-04-22 | Pattern still forming (not broken out),3-4 years,Medium-High,"yfinance, screener.in",100,287,2026-04-22,2026-07-11,2026-06-01,40,0.0,5,-4.0
SAMHI,SAMHI Hotels Limited,Consumer Cyclical,Lodging,3953.0,Small-Cap,MonthlyDoubleBottom,Forming,1.0,11,Sep 11mo | Mid rally 105% | Asymmetry 5%,,Sideways,False,False,Below-MAs,True,Stage2,3,Uptrend,Uptrend,169.1,254.5,121.1,143.73,7909.9,25704.02,230311.04,42681.81,15100.5,1132.9,6.92,13.86,2.59,0.02,17.18,0.0,,237.33,6,none,24.8,8.92,3.51,35.0,13.49,40.31,4.69,10.44,19.08,48.99,559.3,,,671.1,0.2,multiple loss years in history,0.81,,0.81,,-99.3,-2.51,,,,44.28,0.14,16.39,-1.68,254.5,127.0,33.6,33.1,-21.54,,0.33,0.85,5,22.0,18.0,16.0,0.0,56.0,WATCH ⭐⭐,Expected ~1133% CAGR (2yr) | Revenue CAGR 19% | Profit CAGR 440% | ROE 25% | ROCE trend rising ↑ | OPM 35%,Pattern still forming (not broken out),3-4 years,Medium-High,"yfinance, screener.in",80,34,,2026-07-11,2026-06-01,40,17.9,5,-1.0
FIVESTAR,Five-Star Business Finance Limited,Financial Services,Credit Services,16247.0,Mid-Cap,MonthlyDoubleBottom,Forming,0.876,30,Sep 30mo | Mid rally 89% | Asymmetry 1%,,Sideways-Above-MA,True,False,Constructive,True,Stage2,12,Uptrend,Uptrend,546.4,940.49,494.39,469.67,1788.33,2654.49,8959.5,4002.81,385.8,120.4,14.77,11.18,2.2,0.12,,36.0,,632.0,9,strong_buy,16.0,17.0,,60.44,,48.5,7.27,103.48,104.25,,196.23,123.83,,-3.5,0.4,lumpy earner,1.12,,5.57,,,,18.61,0.05,,48.48,-4.47,17.58,2.84,794.45,338.15,31.2,61.6,1.5,-54.11,0.29,0.63,3,24.0,21.01,10.0,1.0,56.0,WATCH ⭐⭐,Expected ~120% CAGR (2yr) | Revenue CAGR 104% | Profit CAGR 124% | OPM 60% | DII buying +2.8% ↑ | PEG 0.12 — deeply undervalued,High D/E 1.1 | Pattern still forming (not broken out),3-4 years,Medium-High,"yfinance, screener.in",90,45,,2026-07-11,2026-06-01,40,20.5,5,3.0
PRICOLLTD,PRICOL LIMITED,Consumer Cyclical,Auto Parts,0.0,Micro-Cap,MonthlyCupHandle,Forming,0.699,17,Cup 17mo | Depth 32% | Prior gain 32% | R²=0.88,MonthlyCupHandle+MonthlyDoubleBottom,Downtrend,False,False,Below-MAs,False,Stage2,3,Uptrend,Uptrend,544.75,687.67,468.79,463.04,1093.83,1379.97,1740.97,1379.97,153.3,59.2,30.21,20.86,6.05,1.15,16.71,64.0,60.0,725.0,1,none,22.1,25.9,2.34,12.0,-0.11,6.21,9.87,50.11,27.3,23.39,50.3,26.16,42.98,109.5,0.15,highly inconsistent earnings,0.3,,1.21,,-194.07,,38.51,0.0,,13.95,-1.66,11.79,-0.65,694.2,415.1,21.5,31.2,26.97,115.66,2.15,-0.11,4,30.0,11.89,8.0,6.0,55.9,WATCH ⭐⭐,Expected ~59% CAGR (2yr) | Revenue CAGR 27% | Profit CAGR 26% | ROE 22% | ROCE 26% | ROCE trend rising ↑,Pattern still forming (not broken out),3-4 years,Medium-High,"yfinance, screener.in",100,287,,2026-07-11,2026-06-01,40,0.0,5,1.0
MEDICO,Medico Remedies Limited,Healthcare,Drug Manufacturers - Specialty & Generic,342.0,Micro-Cap,MonthlyDoubleBottom,Forming,1.0,14,Sep 14mo | Mid rally 122% | Asymmetry 7%,,Sideways,False,False,Below-MAs,True,Stage2,6,Uptrend,Uptrend,44.93,79.83,34.8,38.19,123.54,168.63,230.18,168.63,275.3,93.7,26.06,,4.5,0.71,20.86,,,,0,none,19.02,,,11.18,,6.35,6.38,37.5,,,36.5,,,34.9,0.5,insufficient history,0.25,,1.66,,-8.76,-2.56,61.38,0.0,,0.03,-0.46,0.0,0.0,56.88,30.22,21.0,48.7,15.75,-64.14,0.34,0.6,4,27.0,18.5,8.0,2.0,55.5,WATCH ⭐⭐,Expected ~94% CAGR (2yr) | Revenue CAGR 38% | Profit CAGR 36% | Low D/E 0.25 | Promoter 61% holding | PEG 0.71 — undervalued,Pattern still forming (not broken out),3-4 years,Medium-High,"yfinance, screener.in",70,49,,2026-07-11,2026-06-01,40,0.0,5,-1.0
KRISHIVAL,KRISHIVAL FOODS LIMITED,Consumer Defensive,Packaged Foods,1029.0,Small-Cap,MonthlyStage2,Stage Change,1.0,24,10-EMA=357 | 30-EMA=321 | Above by 18.5% | MA turning=Yes,MonthlyDoubleBottom+MonthlyStage2,Sideways,False,False,Below-MAs,True,Stage2,15,Uptrend,Uptrend,379.85,320.55,214.73,322.87,738.49,1081.75,1584.54,1081.75,184.8,68.8,43.88,,4.68,0.94,23.47,6.0,68.69,,0,none,13.1,16.2,1.43,9.0,-0.6,7.34,9.36,45.05,61.16,59.93,57.14,46.48,85.56,3.5,0.4,lumpy earner,0.18,,5.19,,-54.9,-5.34,37.23,0.02,,0.54,-0.36,1.33,1.33,508.0,282.3,25.2,34.6,4.63,5.08,0.23,-0.91,4,25.0,19.5,9.0,2.0,55.5,WATCH ⭐⭐,Expected ~69% CAGR (2yr) | Revenue CAGR 61% | Profit CAGR 46% | ROCE trend rising ↑ | Low D/E 0.18 | Margin compressing ↓ ⚠️,Margin compression ↓,3-4 years,Medium-High,"yfinance, screener.in",100,50,,2026-07-11,2026-06-01,40,0.0,5,0.0
STYRENIX,Styrenix Performance Materials Limited,Basic Materials,Chemicals,4040.0,Small-Cap,MonthlyDoubleBottom,Forming,1.0,31,Sep 31mo | Mid rally 179% | Asymmetry 8%,MonthlyDoubleBottom+MonthlyStage2,Uptrend,True,False,Constructive,True,Stage2,1,Uptrend,Uptrend,2268.4,543.85,186.84,1928.14,4722.6,10047.81,21377.73,10047.81,342.9,110.5,22.07,17.04,2.95,0.2,12.89,235.0,-43.27,2964.0,1,none,14.6,15.1,-12.0,10.0,1.8,5.32,6.0,15.29,19.61,,-22.13,112.76,,30.8,0.15,highly inconsistent earnings,0.4,,2.29,,0.6,0.01,46.24,0.0,,0.95,-0.27,17.33,1.58,3251.0,1780.0,30.2,27.4,-20.12,114.1,0.42,0.45,6,22.0,25.5,8.0,0.0,55.5,WATCH ⭐⭐,Expected ~110% CAGR (2yr) | Revenue CAGR 20% | Profit CAGR 113% | Piotroski F=6 (above average quality) | DII buying +1.6% ↑ | PEG 0.20 — deeply undervalued,Pattern still forming (not broken out),3-4 years,Medium-High,"yfinance, screener.in",100,286,,2026-07-11,2026-06-01,40,0.0,5,0.0
INSECTICID,Insecticides (India) Limited,Basic Materials,Agricultural Inputs,1932.0,Small-Cap,MonthlyDoubleBottom,Forming,1.0,48,Sep 48mo | Mid rally 133% | Asymmetry 6%,MonthlyDoubleBottom+MonthlyStage2,Sideways-Above-MA,True,False,Constructive,True,Stage2,1,Uptrend,Uptrend,758.95,614.69,255.63,645.11,1538.62,2002.98,2607.48,2002.98,163.9,62.5,13.87,9.84,1.59,0.46,8.81,60.0,-30.66,,0,none,12.1,15.9,0.31,11.0,0.03,6.51,6.14,7.0,5.92,8.55,-2.11,30.18,8.14,-15.7,0.15,highly inconsistent earnings,0.13,,1.96,,-35.25,-1.82,72.3,0.0,,4.5,0.04,9.27,-0.13,1098.0,518.6,30.9,46.3,-13.61,49.36,0.4,0.41,5,22.0,22.5,11.0,0.0,55.5,WATCH ⭐⭐,Expected ~62% CAGR (2yr) | Profit CAGR 30% | ROCE trend rising ↑ | Low D/E 0.13 | Promoter 72% holding | Piotroski F=5 (above average quality),Pattern still forming (not broken out),3-4 years,Medium-High,"yfinance, screener.in",100,229,,2026-07-11,2026-06-01,40,0.0,5,1.0
SPAL,S.P. Apparels Limited,Consumer Cyclical,Apparel Manufacturing,2812.0,Small-Cap,MonthlyStage2,Stage Change,1.0,24,10-EMA=882 | 30-EMA=761 | Above by 52.4% | MA turning=Yes,MonthlyCupHandle+MonthlyDoubleBottom+MonthlyStage2,Uptrend,True,True,Tight-Above-MAs,True,Stage2,3,Uptrend,Uptrend,1159.7,760.96,674.15,985.75,1701.32,1816.33,1939.12,1816.33,56.6,25.1,27.93,15.79,2.97,4.13,14.46,18.0,60.0,1105.5,2,strong_buy,11.2,14.0,0.34,13.0,-0.83,6.39,6.97,13.19,13.46,19.35,6.32,6.76,18.62,-38.8,0.15,highly inconsistent earnings,0.45,,1.32,,74.78,2.66,61.81,-0.12,,1.48,-0.35,16.57,-2.15,1185.0,600.0,2.1,93.3,60.93,84.35,0.85,-0.14,5,15.0,28.5,4.0,8.0,55.5,WATCH ⭐⭐,Expected ~25% CAGR (2yr) | ROCE trend rising ↑ | Promoter 62% holding | Margin compressing ↓ ⚠️ | Piotroski F=5 (above average quality) | Dividend growing 60%/yr,Margin compression ↓,3-4 years,Medium-High,"yfinance, screener.in",100,120,,2026-07-11,2026-06-01,40,48.0,5,7.4
BAJAJHLDNG,Bajaj Holdings & Investment Limited,Financial Services,Asset Management,123302.0,Large-Cap,MonthlyCupHandle,Forming,0.74,12,Cup 12mo | Depth 26% | Prior gain 28% | R²=0.99,MonthlyCupHandle+MonthlyDoubleBottom+MonthlyStage2,Sideways,False,False,Below-MAs,True,Stage2,12,Uptrend,Uptrend,10654.0,14628.72,10768.33,10229.91,22593.89,28366.63,35614.3,28366.63,166.3,63.2,12.79,,1.69,0.5,137.82,144.0,1.86,,0,none,12.0,11.0,0.31,85.0,1.69,857.46,0.72,44.79,27.03,18.55,47.74,25.55,21.79,49.2,0.15,highly inconsistent earnings,0.0,,3.45,,1610.17,1.31,51.46,0.0,,9.62,-0.64,8.08,0.77,14763.0,8588.0,27.8,24.1,-15.26,21.97,0.32,0.13,7,34.0,15.38,5.0,1.0,55.4,WATCH ⭐⭐,Expected ~63% CAGR (2yr) | Revenue CAGR 27% | Profit CAGR 26% | ROCE trend rising ↑ | Nearly debt-free | Promoter 51% holding,Earnings due 2026-08-05 | Pattern still forming (not broken out),3-4 years,Medium-High,"yfinance, screener.in",100,288,2026-08-05,2026-07-11,2026-06-01,40,3.3,5,0.2
SOUTHBANK,The South Indian Bank Limited,Financial Services,Banks - Regional,12069.0,Mid-Cap,MonthlyDoubleBottom,Forming,0.79,36,Sep 36mo | Mid rally 79% | Asymmetry 0%,,Uptrend,True,False,Tight-Above-MAs,True,Stage2,12,Uptrend,Uptrend,45.81,27.23,15.16,38.94,146.99,128.02,223.79,181.37,179.5,67.2,8.31,6.75,1.05,0.36,,87.0,12.0,48.0,6,buy,13.5,6.42,,43.14,,28.95,1.09,4.6,10.83,6.15,11.74,23.39,88.0,19.0,0.15,highly inconsistent earnings,,,,,,,,,,24.21,3.27,12.75,-1.04,49.79,28.11,8.0,63.0,59.53,79.02,0.53,0.25,2,11.0,25.98,10.0,8.0,55.0,WATCH ⭐⭐,Expected ~67% CAGR (2yr) | Profit CAGR 23% | OPM 43% | FII buying +3.3% ↑ | Dividend growing 12%/yr | PEG 0.36 — deeply undervalued,Pattern still forming (not broken out),3-4 years,Medium-High,"yfinance, screener.in",70,332,,2026-07-11,2026-06-01,40,18.2,5,-2.0
SARDAEN,Sarda Energy & Minerals Limited,Basic Materials,Steel,17901.0,Mid-Cap,MonthlyDoubleBottom,Forming,1.0,20,Sep 20mo | Mid rally 119% | Asymmetry 0%,,Downtrend,False,False,Below-MAs,False,Stage2,1,Uptrend,Uptrend,531.75,12.83,5.84,451.99,869.06,1064.16,1303.06,1064.16,100.1,41.5,16.18,10.73,2.43,0.72,10.23,30.0,25.99,,0,none,16.1,17.4,-1.03,31.0,0.2,19.43,8.41,22.55,10.55,20.94,57.98,22.45,24.15,45.9,0.15,highly inconsistent earnings,0.35,,4.5,,582.53,3.25,73.16,0.0,,3.5,-0.04,3.32,0.39,639.75,421.0,16.9,26.3,22.77,145.84,0.25,0.41,6,26.0,16.0,8.0,5.0,55.0,WATCH ⭐⭐,Expected ~42% CAGR (2yr) | Profit CAGR 22% | Promoter 73% holding | OPM 31% | FCF yield 3.3% | Piotroski F=6 (above average quality),Pattern still forming (not broken out),3-4 years,Medium-High,"yfinance, screener.in",100,199,,2026-07-11,2026-06-01,40,-1.2,5,0.0
ESCORTS,Escorts Kubota Limited,Industrials,Farm & Heavy Construction Machinery,32622.0,Large-Cap,MonthlyDoubleBottom,Forming,0.875,14,Sep 14mo | Mid rally 88% | Asymmetry 0%,,Sideways,False,False,Below-MAs,False,Stage2,4,Uptrend,Uptrend,2941.8,976.3,520.15,2500.53,6899.33,7796.74,16678.45,10727.07,165.0,62.8,23.87,20.89,2.68,0.43,18.45,111.0,93.86,3401.24,17,hold,18.7,13.9,-2.34,13.0,-0.51,20.75,5.39,12.65,11.04,10.47,89.25,55.48,22.38,0.7,0.15,highly inconsistent earnings,0.01,,3.25,,1203.44,3.69,68.04,0.0,,5.71,0.46,11.66,-0.54,4180.0,2700.0,29.6,9.0,-16.23,-30.91,0.31,0.32,5,26.0,17.0,12.0,0.0,55.0,WATCH ⭐⭐,Expected ~63% CAGR (2yr) | Profit CAGR 55% | Nearly debt-free | Promoter 68% holding | Margin compressing ↓ ⚠️ | FCF yield 3.7%,Margin compression ↓ | Earnings due 2026-08-03 | Pattern still forming (not broken out),3-4 years,Medium-High,"yfinance, screener.in",100,367,2026-08-03,2026-07-11,2026-06-01,40,1.8,5,4.0
STARHEALTH,Star Health and Allied Insurance Company Limited,Financial Services,Insurance - Life,34145.0,Large-Cap,MonthlyDoubleBottom,Forming,0.657,20,Sep 20mo | Mid rally 69% | Asymmetry 3%,MonthlyDoubleBottom+MonthlyStage2,Uptrend,True,False,Uptrend,True,Stage2,12,Uptrend,Uptrend,517.1,780.0,454.8,439.54,34413.49,3902724.9,1229284102.61,6504148.69,754633.1,8587.5,61.34,22.04,4.49,0.0,,,,589.21,24,buy,,,,3.25,,3.12,,13.8,,,18800.0,,,21731.4,0.5,insufficient history,,,,,,,57.98,0.0,,15.06,0.99,20.31,-0.65,605.8,416.55,14.6,24.1,30.05,-34.34,0.24,0.2,1,14.0,21.88,9.0,10.0,54.9,WATCH ⭐⭐,Expected ~8588% CAGR (2yr) | Profit CAGR 18800% | Promoter 58% holding | FII buying +1.0% ↑ | PEG 0.00 — deeply undervalued | MonthlyDoubleBottom forming (20mo base),High PE 61 | Earnings due 2026-07-29 | Pattern still forming (not broken out),3-4 years,Medium-High,"yfinance, screener.in",40,54,2026-07-29,2026-07-11,2026-06-01,40,0.0,5,4.0
APTUS,Aptus Value Housing Finance India Limited,Financial Services,Mortgage Finance,14415.0,Mid-Cap,MonthlyDoubleBottom,Forming,0.867,45,Sep 45mo | Mid rally 95% | Asymmetry 9%,,Uptrend,True,False,Uptrend,True,Stage2,12,Uptrend,Uptrend,283.8,389.74,191.24,241.23,495.0,588.24,752.67,610.39,107.3,44.0,15.27,11.11,2.84,0.66,,174.0,7.72,350.44,16,strong_buy,20.1,15.4,,78.61,,61.41,7.76,25.26,26.11,27.92,25.57,23.31,28.71,26.1,1.0,steady compounder (low CV),1.56,,183.59,,,,23.86,0.0,,30.34,-2.85,29.43,2.14,364.0,193.03,22.0,47.0,-8.29,-15.52,0.23,0.69,3,21.0,24.9,8.0,1.0,54.9,WATCH ⭐⭐,Expected ~44% CAGR (2yr) | Revenue CAGR 26% | Profit CAGR 23% | ROE 20% | OPM 79% | EPS: steady compounder (low CV),High D/E 1.6 | Pattern still forming (not broken out),3-4 years,Medium-High,"yfinance, screener.in",90,60,,2026-07-11,2026-06-01,40,11.5,5,7.0
SPLPETRO,Supreme Petrochem Limited,Basic Materials,Specialty Chemicals,13633.0,Mid-Cap,MonthlyCupHandle,Forming,0.9,21,Cup 21mo | Depth 26% | Prior gain 33% | R²=0.98,MonthlyCupHandle+MonthlyDoubleBottom+MonthlyStage2,Sideways-Above-MA,True,False,Constructive,False,Stage2,1,Uptrend,Uptrend,707.95,898.69,663.01,629.86,895.36,2175.65,5286.6,2175.65,207.3,75.3,41.5,29.47,5.74,0.29,25.51,145.0,-5.9,791.5,2,none,13.7,,3.1,10.0,1.31,6.09,8.12,235.15,53.9,30.43,450.0,142.99,80.97,57.7,0.15,highly inconsistent earnings,0.06,,2.01,,-19.9,-0.15,64.24,0.0,,3.69,-0.01,4.24,0.28,979.0,462.3,27.7,53.1,-5.19,43.59,0.21,-0.05,6,27.0,20.8,7.0,0.0,54.8,WATCH ⭐⭐,Expected ~75% CAGR (2yr) | Revenue CAGR 54% | Profit CAGR 143% | ROCE trend rising ↑ | Nearly debt-free | Promoter 64% holding,Pattern still forming (not broken out),3-4 years,Medium-High,"yfinance, screener.in",90,288,,2026-07-11,2026-06-01,40,0.2,5,6.0
AUTOAXLES,Automotive Axles Limited,Consumer Cyclical,Auto Parts,2742.0,Small-Cap,MonthlyDoubleBottom,Forming,0.767,36,Sep 36mo | Mid rally 81% | Asymmetry 5%,MonthlyCupHandle+MonthlyDoubleBottom,Sideways,False,False,Below-MAs,False,Stage2,3,Uptrend,Uptrend,1773.7,498.28,268.83,1507.64,5448.86,6391.51,7497.25,6391.51,260.3,89.8,16.67,13.62,2.5,0.96,9.94,176.0,26.69,2132.0,1,none,15.8,,,10.12,,7.55,8.74,18.7,,,17.3,,,17.3,0.5,insufficient history,0.01,,2.96,,66.67,2.43,71.04,0.0,,0.83,0.15,15.15,0.58,2115.0,1540.2,16.1,15.2,5.04,-42.55,0.18,0.5,5,25.0,16.7,10.0,3.0,54.7,WATCH ⭐⭐,Expected ~90% CAGR (2yr) | Revenue CAGR 19% | Nearly debt-free | Promoter 71% holding | Piotroski F=5 (above average quality) | DII buying +0.6% ↑,Pattern still forming (not broken out),3-4 years,Medium-High,"yfinance, screener.in",70,289,,2026-07-11,2026-06-01,40,4.8,5,4.0
MWL,MANGALAM WORLDWIDE LTD,Basic Materials,Steel,1117.0,Small-Cap,MonthlyDoubleBottom,Forming,0.377,6,Sep 6mo | Mid rally 43% | Asymmetry 5%,,Uptrend,True,True,Tight-Above-MAs,True,Stage2,1,Uptrend,Uptrend,370.2,183.78,125.07,314.67,504.62,709.35,997.13,709.35,91.6,38.4,22.27,,3.73,0.55,17.93,8.0,-41.52,,0,none,18.0,17.6,0.6,8.0,1.17,4.15,6.44,13.96,23.33,31.95,66.67,40.57,75.54,81.3,0.15,highly inconsistent earnings,1.62,,1.51,,-275.42,-24.66,66.5,0.0,,0.01,0.01,0.0,-0.36,395.5,158.0,6.4,134.3,135.11,166.75,0.9,0.55,6,20.0,19.52,5.0,10.0,54.5,WATCH ⭐⭐,Expected ~38% CAGR (2yr) | Revenue CAGR 23% | Profit CAGR 41% | ROCE trend rising ↑ | Promoter 66% holding | Piotroski F=6 (above average quality),High D/E 1.6 | Pattern still forming (not broken out),3-4 years,Medium-High,"yfinance, screener.in",100,47,,2026-07-11,2026-06-01,40,0.0,5,-4.0
OLECTRA,Olectra Greentech Limited,Industrials,Farm & Heavy Construction Machinery,12230.0,Mid-Cap,MonthlyDoubleBottom,Forming,1.0,33,Sep 33mo | Mid rally 548% | Asymmetry 8%,,Sideways,False,False,Below-MAs,True,Stage2,4,Uptrend,Uptrend,1219.6,279.39,41.39,1036.66,885.25,1230.67,1710.88,1230.67,0.9,0.5,68.95,34.41,9.97,1.77,1307.9,3.0,0.0,,0,none,15.6,21.0,3.89,14.0,1.11,2.01,,28.3,28.45,52.43,29.5,39.02,86.4,164.4,0.15,highly inconsistent earnings,0.31,,,,,,50.02,0.0,,7.11,0.21,0.68,-0.14,1714.2,866.6,28.9,40.7,11.84,2.83,0.68,0.3,3,30.0,19.5,1.0,4.0,54.5,WATCH ⭐⭐,Expected ~0% CAGR (2yr) | Revenue CAGR 28% | Profit CAGR 39% | ROCE 21% | ROCE trend rising ↑ | Promoter 50% holding,High PE 69 | Pattern still forming (not broken out),3-4 years,Medium-High,"yfinance, screener.in",80,287,,2026-07-11,2026-06-01,40,0.0,5,0.0
UNIONBANK,Union Bank of India,Financial Services,Banks - Regional,124496.0,Large-Cap,MonthlyDoubleBottom,Forming,1.0,33,Sep 33mo | Mid rally 152% | Asymmetry 0%,MonthlyCupHandle+MonthlyDoubleBottom,Sideways-Above-MA,True,False,Constructive,False,Stage2,12,Uptrend,Uptrend,158.96,166.52,65.95,135.12,705.21,634.86,1222.62,928.55,299.4,99.8,6.41,6.41,0.93,0.2,,307.0,18.56,194.33,15,buy,15.7,6.3,,-887.68,,39.67,1.25,0.19,9.58,9.03,7.78,31.67,46.67,,0.4,lumpy earner,,,,,,,74.76,0.0,,9.37,1.23,11.51,-0.4,205.49,124.64,22.6,27.5,14.71,118.63,0.46,0.89,1,17.0,22.5,12.0,3.0,54.5,WATCH ⭐⭐,Expected ~100% CAGR (2yr) | Profit CAGR 32% | Promoter 75% holding | FII buying +1.2% ↑ | Dividend growing 19%/yr | PEG 0.20 — deeply undervalued,Earnings due 2026-07-14 | Pattern still forming (not broken out),3-4 years,Medium-High,"yfinance, screener.in",80,285,2026-07-14,2026-07-11,2026-06-01,40,0.0,5,0.0
VAIBHAVGBL,Vaibhav Global Limited,Consumer Cyclical,Luxury Goods,3950.0,Small-Cap,MonthlyDoubleBottom,Forming,1.0,17,Sep 17mo | Mid rally 113% | Asymmetry 3%,,Sideways,False,False,Constructive,True,Stage2,3,Uptrend,Uptrend,223.79,208.43,96.52,190.22,1081.77,1474.66,2010.26,1474.66,558.9,156.7,14.99,4.88,2.39,0.41,11.05,254.0,-20.63,,0,none,17.8,16.3,-3.37,10.0,-0.74,7.21,6.96,9.23,11.12,7.77,73.86,36.32,-0.45,167.4,0.15,highly inconsistent earnings,0.25,,2.75,,110.22,2.79,57.43,0.32,,16.44,-1.62,2.23,0.56,293.25,174.13,23.7,28.5,3.93,-45.34,0.3,0.23,5,21.0,19.5,12.0,2.0,54.5,WATCH ⭐⭐,Expected ~157% CAGR (2yr) | Profit CAGR 36% | Low D/E 0.25 | Promoter 57% holding | Margin compressing ↓ ⚠️ | Piotroski F=5 (above average quality),Margin compression ↓ | Pattern still forming (not broken out),3-4 years,Medium-High,"yfinance, screener.in",100,266,,2026-07-11,2026-06-01,40,0.0,5,0.0
VADILALIND,Vadilal Industries Limited,Consumer Defensive,Packaged Foods,4573.0,Small-Cap,MonthlyDoubleBottom,Forming,1.0,32,Sep 32mo | Mid rally 199% | Asymmetry 2%,,Sideways,False,False,Constructive,True,Stage2,15,Uptrend,Uptrend,4250.8,1161.36,384.57,3613.18,7379.55,8656.94,10155.46,8656.94,103.7,42.7,29.5,,5.82,1.7,19.07,33.0,156.12,,0,none,20.1,22.2,2.69,17.0,1.83,10.32,10.55,21.41,12.42,26.55,3.33,17.31,98.73,149.4,0.15,highly inconsistent earnings,0.27,,3.0,,-33.59,-0.73,64.72,0.0,,0.58,0.02,0.42,0.0,6480.0,3996.0,34.4,6.4,-15.28,26.6,0.4,0.07,6,24.0,20.5,6.0,4.0,54.5,WATCH ⭐⭐,Expected ~43% CAGR (2yr) | ROE 20% | ROCE 22% | ROCE trend rising ↑ | Low D/E 0.27 | Promoter 65% holding,Pattern still forming (not broken out),3-4 years,Medium-High,"yfinance, screener.in",100,180,,2026-07-11,2026-06-01,40,0.0,5,1.0
DATAMATICS,Datamatics Global Services Limited,Technology,Information Technology Services,4843.0,Small-Cap,MonthlyStage2,Stage Change,1.0,24,10-EMA=787 | 30-EMA=699 | Above by 28.9% | MA turning=Yes,MonthlyDoubleBottom+MonthlyStage2,Uptrend,True,True,Constructive,True,Downtrend,0,Uptrend,Uptrend,900.45,698.57,569.21,765.38,951.32,968.16,985.29,968.16,7.5,3.7,24.93,16.72,3.14,14.09,12.09,61.0,58.74,920.0,1,none,16.4,20.8,0.31,19.0,0.71,9.77,8.15,15.32,10.84,11.58,-5.34,1.77,18.35,-1.4,0.15,highly inconsistent earnings,0.14,,1.99,,409.59,8.46,66.33,0.0,,0.48,-0.05,0.11,-0.02,1120.0,632.0,19.6,42.5,-9.49,37.84,0.53,0.0,6,26.0,24.5,4.0,0.0,54.5,WATCH ⭐⭐,Expected ~4% CAGR (2yr) | ROCE 21% | ROCE trend rising ↑ | Low D/E 0.14 | Promoter 66% holding | FCF yield 8.5%,None identified,3-4 years,Medium-High,"yfinance, screener.in",100,267,,2026-07-11,2026-06-01,40,21.7,5,3.6
GODREJPROP,Godrej Properties Limited,Real Estate,Real Estate - Development,60137.0,Large-Cap,MonthlyDoubleBottom,Forming,1.0,17,Sep 17mo | Mid rally 146% | Asymmetry 10%,MonthlyDoubleBottom+MonthlyStage2,Sideways-Above-MA,True,False,Constructive,True,Stage2,3,Uptrend,Uptrend,2133.0,1189.25,460.4,1813.05,3397.47,3824.18,7010.79,4880.47,79.3,33.9,32.47,19.53,3.14,0.74,-162.31,50.0,12.76,2239.73,22,buy,10.2,8.28,1.17,-9.0,6.86,36.06,-0.48,4.23,31.59,46.32,32.54,43.65,46.37,70.1,0.4,lumpy earner,0.82,,1.27,,-4857.33,-8.08,51.66,4.49,,26.17,-1.98,8.19,-2.59,2407.9,1434.0,11.4,48.7,10.41,3.88,0.43,0.42,3,23.0,21.5,7.0,3.0,54.5,WATCH ⭐⭐,Expected ~34% CAGR (2yr) | Revenue CAGR 32% | Profit CAGR 44% | ROCE trend rising ↑ | Promoter 52% holding | Promoters buying ↑,Earnings due 2026-07-30 | Pattern still forming (not broken out),3-4 years,Medium-High,"yfinance, screener.in",100,199,2026-07-30,2026-07-11,2026-06-01,40,24.3,5,4.0
SBCL,Shivalik Bimetal Controls Limited,Industrials,Metal Fabrication,4574.0,Small-Cap,MonthlyStage2,Stage Change,1.0,24,10-EMA=561 | 30-EMA=512 | Above by 40.6% | MA turning=Yes,MonthlyDoubleBottom+MonthlyStage2,Uptrend,True,False,Tight-Above-MAs,True,Stage2,4,Uptrend,Uptrend,720.3,512.38,387.85,612.25,457.82,636.91,521.32,488.54,,,47.6,31.76,9.46,7.09,34.59,50.0,18.56,777.0,1,none,21.8,26.8,-0.43,23.0,0.4,16.79,12.78,12.4,6.7,22.86,24.68,6.71,30.88,23.7,0.15,highly inconsistent earnings,0.15,,3.47,,-2.47,-0.05,33.36,0.18,,1.73,-0.86,20.0,0.29,799.05,368.6,9.9,95.4,40.22,-16.77,1.11,0.57,4,17.0,28.5,-1.0,10.0,54.5,WATCH ⭐⭐,ROE 22% | ROCE 27% | Low D/E 0.15 | Dividend growing 19%/yr | MonthlyStage2 forming (24mo base) | Weekly uptrend,None identified,3-4 years,Medium-High,"yfinance, screener.in",100,61,,2026-07-11,2026-06-01,40,13.8,5,6.0
COALINDIA,Coal India Limited,Energy,Thermal Coal,270359.0,Large-Cap,MonthlyCupHandle,Forming,0.862,23,Cup 23mo | Depth 24% | Prior gain 85% | R²=0.92,MonthlyCupHandle+MonthlyDoubleBottom,Sideways-Above-MA,True,False,Constructive,False,Stage2,1,Uptrend,Uptrend,429.3,487.57,371.22,364.9,888.64,716.94,888.64,888.64,67.0,29.2,8.7,7.65,2.27,,5.57,501.0,-39.22,459.4,25,hold,28.5,35.3,-2.49,24.0,1.31,18.46,7.12,17.46,6.8,13.34,-11.99,-0.69,19.59,12.9,0.15,highly inconsistent earnings,0.12,,1.86,,7237.59,2.68,63.13,0.0,,8.38,0.16,22.76,0.23,491.25,368.65,12.6,16.5,23.49,102.75,0.21,-0.04,5,22.0,20.34,6.0,6.0,54.3,WATCH ⭐⭐,Expected ~29% CAGR (2yr) | Declining profits (-1% CAGR) ⚠️ | ROE 28% | ROCE 35% | Low D/E 0.12 | Promoter 63% holding,Earnings due 2026-04-27 | Pattern still forming (not broken out),3-4 years,Medium-High,"yfinance, screener.in",100,189,2026-04-27,2026-07-11,2026-06-01,40,-6.1,5,-5.7
SHAKTIPUMP,Shakti Pumps (India) Limited,Industrials,Specialty Industrial Machinery,7084.0,Small-Cap,MonthlyDoubleBottom,Forming,0.431,8,Sep 8mo | Mid rally 51% | Asymmetry 8%,,Sideways,False,False,Below-MAs,True,Stage2,4,Uptrend,Uptrend,548.4,98.85,63.22,466.14,1594.56,3519.19,7766.86,3519.19,541.7,153.3,27.33,21.91,4.15,0.23,16.36,17.0,44.23,640.0,1,buy,18.0,23.7,2.8,16.0,1.69,9.55,9.79,7.23,40.73,23.74,-36.76,120.7,27.69,-65.2,0.15,highly inconsistent earnings,0.3,,2.12,,-146.02,-2.06,50.36,0.02,,4.83,-0.51,4.97,-1.33,946.0,456.35,42.0,20.2,-34.77,336.34,0.29,-0.15,6,33.0,11.17,10.0,0.0,54.2,WATCH ⭐⭐,Expected ~153% CAGR (2yr) | Revenue CAGR 41% | Profit CAGR 121% | ROCE 24% | ROCE trend rising ↑ | Low D/E 0.30,Pattern still forming (not broken out),3-4 years,Medium-High,"yfinance, screener.in",100,177,,2026-07-11,2026-06-01,40,9.1,5,-6.3
RAMCOSYS,Ramco Systems Limited,Technology,Software - Application,3005.0,Small-Cap,MonthlyDoubleBottom,Forming,1.0,22,Sep 22mo | Mid rally 109% | Asymmetry 9%,,Sideways,False,False,Below-MAs,True,Downtrend,0,Uptrend,Uptrend,394.35,572.4,262.65,335.2,248.89,882.15,454.88,336.47,123.7,49.6,71.97,36.51,8.54,2.05,21.68,0.0,,610.0,1,strong_buy,18.0,19.3,0.49,23.0,0.34,5.97,5.13,18.61,12.53,2.29,223.53,35.19,30.73,371.8,0.2,multiple loss years in history,0.12,,1.02,,56.51,1.88,55.69,2.66,,10.02,0.07,2.03,-3.75,868.7,342.1,54.6,15.3,4.31,31.78,0.23,0.54,6,31.0,18.0,2.0,3.0,54.0,WATCH ⭐⭐,Expected ~50% CAGR (2yr) | Profit CAGR 35% | ROCE trend rising ↑ | Low D/E 0.12 | Promoter 56% holding | Promoters buying ↑,High PE 72 | Pattern still forming (not broken out),3-4 years,Medium-High,"yfinance, screener.in",100,286,,2026-07-11,2026-06-01,40,0.0,5,-6.0
PHOENIXLTD,The Phoenix Mills Limited,Real Estate,Real Estate - Diversified,73230.0,Large-Cap,MonthlyDoubleBottom,Forming,1.0,19,Sep 19mo | Mid rally 106% | Asymmetry 5%,MonthlyCupHandle+MonthlyDoubleBottom,Uptrend,True,False,Tight-Above-MAs,True,Stage2,3,Uptrend,Uptrend,1721.8,485.27,230.52,1463.53,775.08,1278.78,802.44,788.64,,,58.49,39.63,6.66,33.42,30.73,12.0,27.72,2014.0,21,buy,11.6,12.8,1.86,60.0,2.23,27.67,6.41,16.18,19.13,33.58,19.13,1.75,100.54,50.0,0.15,highly inconsistent earnings,0.37,,0.87,,1810.56,2.47,47.25,0.0,,32.97,-0.88,16.14,0.88,2059.9,1402.5,16.4,22.8,18.15,98.83,0.33,0.29,6,19.0,28.0,1.0,6.0,54.0,WATCH ⭐⭐,Revenue CAGR 19% | ROCE trend rising ↑ | OPM 60% | Piotroski F=6 (above average quality) | DII buying +0.9% ↑ | Dividend growing 28%/yr,High PE 58 | Earnings due 2026-07-23 | Pattern still forming (not broken out),3-4 years,Medium-High,"yfinance, screener.in",100,230,2026-07-23,2026-07-11,2026-06-01,40,0.0,5,1.0
RBZJEWEL,RBZ Jewellers Limited,Consumer Cyclical,Luxury Goods,576.0,Small-Cap,MonthlyDoubleBottom,Forming,1.0,10,Sep 10mo | Mid rally 107% | Asymmetry 6%,,Downtrend,False,False,Below-MAs,False,Stage2,3,Uptrend,Uptrend,123.52,251.68,118.15,112.24,852.57,1162.91,1586.21,1162.91,841.5,206.8,10.51,,1.92,0.29,8.09,,,,0,none,20.11,,,10.43,,8.61,13.06,38.0,,,36.4,,,36.3,0.5,insufficient history,0.57,,2.99,,-61.32,-10.64,75.0,0.0,,0.0,0.0,0.07,0.01,179.0,100.0,31.0,23.5,-4.93,,0.49,0.12,3,25.0,15.0,13.0,1.0,54.0,WATCH ⭐⭐,Expected ~207% CAGR (2yr) | Revenue CAGR 38% | Profit CAGR 36% | ROE 20% | Promoter 75% holding | PEG 0.29 — deeply undervalued,Pattern still forming (not broken out),3-4 years,Medium-High,"yfinance, screener.in",70,30,,2026-07-11,2026-06-01,40,0.0,5,1.0
GPPL,Gujarat Pipavav Port Limited,Industrials,Marine Shipping,7481.0,Small-Cap,MonthlyDoubleBottom,Forming,0.689,35,Sep 35mo | Mid rally 76% | Asymmetry 7%,MonthlyDoubleBottom+MonthlyStage2,Downtrend,False,False,Below-MAs,False,Stage2,4,Uptrend,Uptrend,154.3,96.94,53.14,131.16,427.19,371.66,595.43,504.35,140.9,55.2,14.51,13.48,3.18,0.8,9.81,646.0,23.47,172.62,8,none,21.2,28.0,2.71,61.0,0.77,44.47,12.22,17.21,8.09,9.58,29.72,18.06,18.33,26.6,0.15,highly inconsistent earnings,0.01,,2.54,,-52.68,-0.7,44.01,0.0,,22.14,1.1,14.96,0.03,200.09,141.55,22.9,9.0,10.53,8.6,0.21,0.43,5,27.0,12.77,11.0,3.0,53.8,WATCH ⭐⭐,Expected ~55% CAGR (2yr) | ROE 21% | ROCE 28% | ROCE trend rising ↑ | Nearly debt-free | OPM 61%,Pattern still forming (not broken out),3-4 years,Medium-High,"yfinance, screener.in",100,191,,2026-07-11,2026-06-01,40,1.4,5,-2.0
CCL,CCL Products (India) Limited,Consumer Defensive,Packaged Foods,15639.0,Mid-Cap,MonthlyDoubleBottom,Forming,0.645,9,Sep 9mo | Mid rally 66% | Asymmetry 1%,,Uptrend,True,False,Tight-Above-MAs,True,Stage2,15,Uptrend,Uptrend,1214.0,226.87,136.34,1031.9,1352.29,1412.23,1664.96,1500.51,16.3,7.9,40.32,24.94,6.66,3.68,22.56,66.0,-20.63,1279.82,11,buy,18.0,15.8,-0.51,16.0,-1.63,8.69,8.6,43.5,29.11,29.12,25.16,10.96,16.35,12.4,0.15,highly inconsistent earnings,0.56,,1.49,,562.47,3.6,46.11,0.0,,11.24,0.23,21.43,-0.1,1236.2,815.5,1.8,48.9,41.39,78.47,0.27,-0.07,4,19.0,22.74,4.0,8.0,53.7,WATCH ⭐⭐,Expected ~8% CAGR (2yr) | Revenue CAGR 29% | Margin compressing ↓ ⚠️ | FCF yield 3.6% | EV/EBITDA 23× vs sector 30× | MonthlyDoubleBottom forming (9mo base),Margin compression ↓ | Pattern still forming (not broken out),3-4 years,Medium-High,"yfinance, screener.in",100,266,,2026-07-11,2026-06-01,40,11.4,5,5.0
APOLLOHOSP,Apollo Hospitals Enterprise Limited,Healthcare,Medical Care Facilities,127875.0,Large-Cap,MonthlyDoubleBottom,Forming,0.676,13,Sep 13mo | Mid rally 70% | Asymmetry 3%,,Uptrend,True,False,Tight-Above-MAs,True,Stage2,6,Uptrend,Uptrend,8841.0,1784.0,1031.85,7514.85,9266.44,11130.62,16487.68,12360.5,25.9,12.2,65.79,41.65,13.49,1.97,35.74,22.0,-12.64,9285.81,31,strong_buy,22.1,17.9,1.46,15.0,0.51,7.7,8.44,15.76,14.94,19.03,33.09,33.39,71.0,35.9,0.15,highly inconsistent earnings,0.85,,1.06,,395.55,0.31,28.02,0.0,,41.49,-1.13,23.72,0.96,8920.5,6696.5,0.9,32.0,17.38,59.45,0.26,0.18,6,22.0,23.61,2.0,6.0,53.6,WATCH ⭐⭐,Expected ~12% CAGR (2yr) | Profit CAGR 33% | ROE 22% | ROCE trend rising ↑ | Piotroski F=6 (above average quality) | DII buying +1.0% ↑,High PE 66 | Earnings due 2026-08-12 | Pattern still forming (not broken out),3-4 years,Medium-High,"yfinance, screener.in",100,289,2026-08-12,2026-07-11,2026-06-01,40,10.2,5,1.0
ZENSARTECH,Zensar Technologies Limited,Technology,Information Technology Services,11703.0,Mid-Cap,MonthlyDoubleBottom,Forming,1.0,46,Sep 46mo | Mid rally 195% | Asymmetry 7%,,Downtrend,False,False,Below-MAs,False,Downtrend,0,Uptrend,Uptrend,493.9,548.62,179.94,419.81,1443.26,1392.63,2560.29,1922.28,182.0,67.9,15.31,13.23,2.48,0.46,16.75,291.0,-21.7,598.17,12,buy,18.1,23.5,0.71,16.0,-0.09,7.27,,7.69,5.46,8.51,19.23,33.19,20.35,19.4,0.15,highly inconsistent earnings,0.02,,,,,,49.01,0.0,,10.51,-1.29,23.66,0.54,868.95,423.0,43.2,16.8,-32.68,10.01,0.53,,1,25.0,15.5,13.0,0.0,53.5,WATCH ⭐⭐,Expected ~68% CAGR (2yr) | Profit CAGR 33% | ROCE 24% | ROCE trend rising ↑ | Nearly debt-free | DII buying +0.5% ↑,Pattern still forming (not broken out),3-4 years,Medium-High,"yfinance, screener.in",80,287,,2026-07-11,2026-06-01,40,0.0,5,0.0
INDIAGLYCO,India Glycols Limited,Basic Materials,Chemicals,7210.0,Small-Cap,MonthlyDoubleBottom,Forming,1.0,41,Sep 41mo | Mid rally 459% | Asymmetry 8%,,Uptrend,True,False,Uptrend,True,Stage2,1,Uptrend,Uptrend,998.2,216.52,37.22,848.47,1174.74,1499.08,1912.98,1499.08,50.2,22.5,23.42,,2.46,0.85,13.63,116.0,25.99,,0,none,11.3,12.4,0.63,15.0,0.74,6.95,4.86,11.76,16.68,12.69,26.84,27.61,17.29,35.7,0.15,highly inconsistent earnings,0.58,,0.74,,-315.34,-4.37,59.63,0.0,,2.27,-0.15,5.19,-0.03,1222.0,792.5,18.3,26.0,5.88,213.67,0.49,0.26,5,18.0,26.5,6.0,3.0,53.5,WATCH ⭐⭐,Expected ~22% CAGR (2yr) | Revenue CAGR 17% | Profit CAGR 28% | ROCE trend rising ↑ | Promoter 60% holding | Piotroski F=5 (above average quality),Pattern still forming (not broken out),3-4 years,Medium-High,"yfinance, screener.in",100,286,,2026-07-11,2026-06-01,40,0.0,5,1.0
EIMCOELECO,Eimco Elecon (India) Limited,Industrials,Farm & Heavy Construction Machinery,1065.0,Small-Cap,MonthlyDoubleBottom,Forming,1.0,40,Sep 40mo | Mid rally 251% | Asymmetry 5%,MonthlyDoubleBottom+MonthlyStage2,Sideways-Above-MA,True,True,Constructive,True,Stage2,4,Uptrend,Uptrend,1744.6,592.92,164.95,1482.91,3486.08,5315.57,8105.19,5315.57,204.7,74.6,27.47,19.43,2.28,0.52,23.67,22.0,-7.17,1968.0,1,none,10.4,13.2,0.8,18.0,1.4,16.61,4.55,31.79,21.86,4.27,95.0,52.48,11.14,-57.2,0.15,highly inconsistent earnings,0.01,,4.33,,-37.74,-3.54,48.96,0.0,,3.1,-0.29,1.05,0.05,3019.9,1405.5,42.2,24.1,-21.4,76.86,0.93,0.11,6,25.0,22.5,6.0,0.0,53.5,WATCH ⭐⭐,Expected ~75% CAGR (2yr) | Revenue CAGR 22% | Profit CAGR 52% | ROCE trend rising ↑ | Nearly debt-free | Piotroski F=6 (above average quality),Pattern still forming (not broken out),3-4 years,Medium-High,"yfinance, screener.in",100,289,,2026-07-11,2026-06-01,40,9.8,5,3.0
GABRIEL,Gabriel India Limited,Consumer Cyclical,Auto Parts,21831.0,Mid-Cap,MonthlyDoubleBottom,Forming,1.0,29,Sep 29mo | Mid rally 110% | Asymmetry 7%,,Uptrend,True,True,Tight-Above-MAs,True,Stage2,3,Uptrend,Uptrend,1250.8,29.47,13.58,1063.18,672.38,930.27,717.48,694.56,,,70.43,34.25,12.95,21.34,40.05,39.0,36.67,1283.83,6,none,20.6,26.1,-2.0,9.0,0.0,5.41,9.48,14.87,,,2.86,,,3.5,0.15,highly inconsistent earnings,0.11,,1.66,,88.54,0.41,63.55,8.53,,6.51,-0.07,12.8,-3.48,1388.0,795.7,9.9,57.2,9.9,279.18,0.21,0.68,5,22.0,28.5,0.0,3.0,53.5,WATCH ⭐⭐,ROE 21% | ROCE 26% | Low D/E 0.11 | Promoter 64% holding | Promoters buying ↑ | Piotroski F=5 (above average quality),High PE 70 | Pattern still forming (not broken out),3-4 years,Medium-High,"yfinance, screener.in",80,256,,2026-07-11,2026-06-01,40,14.2,5,6.0
CDSL,Central Depository Services (India) Limited,Financial Services,Capital Markets,28228.0,Mid-Cap,MonthlyStage2,Stage Change,0.92,24,10-EMA=1344 | 30-EMA=1258 | Above by 13.8% | MA turning=Yes,MonthlyDoubleBottom+MonthlyStage2,Sideways-Above-MA,True,True,Constructive,True,Stage2,12,Uptrend,Uptrend,1431.9,1258.26,1098.94,1217.12,591.9,1417.58,825.98,699.21,,,61.73,43.1,14.4,3.4,40.42,94.0,18.56,1276.07,15,hold,24.5,32.0,0.6,51.0,-2.17,36.83,16.73,5.82,27.3,27.19,-13.5,18.13,17.75,-20.0,0.15,highly inconsistent earnings,0.0,,2.92,,245.16,0.87,15.0,0.0,,11.36,-1.04,14.42,-0.7,1794.9,1116.3,20.2,28.3,2.25,133.8,0.69,0.21,6,31.0,21.54,-1.0,2.0,53.5,WATCH ⭐⭐,Revenue CAGR 27% | ROE 24% | ROCE 32% | ROCE trend rising ↑ | Nearly debt-free | OPM 51%,High PE 62 | Margin compression ↓,3-4 years,Medium-High,"yfinance, screener.in",100,110,,2026-07-11,2026-06-01,40,18.4,5,11.4
SIGNPOST,Signpost India Limited,Communication Services,Advertising Agencies,1602.0,Small-Cap,MonthlyDoubleBottom,Forming,0.603,7,Sep 7mo | Mid rally 67% | Asymmetry 6%,,Sideways-Above-MA,True,False,Constructive,False,Downtrend,0,Uptrend,Uptrend,261.55,309.47,180.06,222.32,433.1,545.67,687.48,545.67,108.6,44.4,22.83,,6.36,0.88,12.14,17.0,0.0,,0,none,27.6,24.9,0.0,25.0,1.1,12.17,10.68,27.15,19.56,,105.88,25.99,,2128.8,0.15,highly inconsistent earnings,0.7,,1.26,,-79.06,-4.94,60.38,-7.36,,0.09,0.01,0.02,0.0,324.0,191.41,19.3,36.6,17.18,,0.6,0.82,4,25.0,15.24,9.0,4.0,53.2,WATCH ⭐⭐,Expected ~44% CAGR (2yr) | Revenue CAGR 20% | Profit CAGR 26% | ROE 28% | ROCE 25% | Promoter 60% holding,Pattern still forming (not broken out),3-4 years,Medium-High,"yfinance, screener.in",100,29,,2026-07-11,2026-06-01,40,-4.4,5,8.0
PYRAMID,Pyramid Technoplast Limited,Consumer Cyclical,Packaging & Containers,632.0,Small-Cap,MonthlyDoubleBottom,Forming,0.926,21,Sep 21mo | Mid rally 94% | Asymmetry 2%,MonthlyDoubleBottom+MonthlyStage2,Uptrend,True,False,Constructive,True,Stage2,3,Uptrend,Uptrend,170.81,258.24,131.8,145.19,746.24,1173.08,1844.09,1173.08,586.8,162.1,21.59,,2.22,0.38,14.17,29.0,,,0,none,10.96,,,8.17,,4.23,6.16,13.8,,,57.2,,,51.6,0.5,insufficient history,0.67,,1.73,,-134.41,-21.26,74.94,0.0,,0.97,0.01,3.26,0.0,188.38,131.8,9.3,29.6,2.87,,1.55,0.15,3,14.0,24.11,12.0,3.0,53.1,WATCH ⭐⭐,Expected ~162% CAGR (2yr) | Profit CAGR 57% | Promoter 75% holding | PEG 0.38 — deeply undervalued | EV/EBITDA 14× below sector (25×) | MonthlyDoubleBottom forming (21mo base),Pattern still forming (not broken out),3-4 years,Medium-High,"yfinance, screener.in",70,34,,2026-07-11,2026-06-01,40,0.0,5,0.0
PATANJALI,Patanjali Foods Limited,Consumer Defensive,Packaged Foods,45033.0,Large-Cap,MonthlyDoubleBottom,Forming,1.0,9,Sep 9mo | Mid rally 137% | Asymmetry 5%,,Sideways,False,False,Below-MAs,True,Stage2,15,Uptrend,Uptrend,471.1,5144.45,2118.49,2012.57,2644.69,8170.41,9125.97,4912.78,1634.3,316.5,24.82,22.5,3.44,0.29,26.81,85.0,-4.35,588.75,4,none,16.5,12.0,-2.34,4.0,2.66,4.52,5.48,17.6,49.48,5.84,39.43,85.76,50.62,46.1,0.2,multiple loss years in history,0.21,,2.14,,-2396.98,-5.32,68.25,-0.01,,9.2,-1.62,12.06,-0.98,653.93,406.35,28.0,15.9,-5.99,-1.26,0.79,-0.18,4,22.0,18.0,13.0,0.0,53.0,WATCH ⭐⭐,Expected ~316% CAGR (2yr) | Revenue CAGR 49% | Profit CAGR 86% | Low D/E 0.21 | Promoter 68% holding | PEG 0.29 — deeply undervalued,Earnings due 2026-07-16 | Pattern still forming (not broken out),3-4 years,Medium-High,"yfinance, screener.in",100,287,2026-07-16,2026-07-11,2026-06-01,40,0.0,5,1.0
GOODLUCK,Goodluck India Limited,Basic Materials,Steel,4953.0,Small-Cap,MonthlyDoubleBottom,Forming,0.458,17,Sep 17mo | Mid rally 50% | Asymmetry 4%,,Uptrend,True,True,Tight-Above-MAs,True,Stage2,1,Uptrend,Uptrend,1565.9,1345.67,875.74,1331.02,1623.23,2071.89,2644.56,2071.89,32.3,15.0,26.6,16.34,3.0,0.96,13.32,47.0,-12.64,1653.0,2,strong_buy,12.9,14.4,0.37,10.0,0.54,4.41,7.88,4.17,10.1,21.13,10.24,27.64,43.57,30.1,0.15,highly inconsistent earnings,0.73,,1.38,,-225.28,-4.55,56.44,0.0,,1.56,0.08,4.99,0.57,1538.9,915.0,-1.8,71.1,33.16,152.18,0.45,-0.1,5,16.0,21.0,6.0,10.0,53.0,WATCH ⭐⭐,Expected ~15% CAGR (2yr) | Profit CAGR 28% | ROCE trend rising ↑ | Promoter 56% holding | Piotroski F=5 (above average quality) | DII buying +0.6% ↑,Pattern still forming (not broken out),3-4 years,Medium-High,"yfinance, screener.in",100,119,,2026-07-11,2026-06-01,40,15.3,5,3.9
LODHA,Lodha Developers Limited,Real Estate,Real Estate - Development,105585.0,Large-Cap,MonthlyDoubleBottom,Forming,0.37,12,Sep 12mo | Mid rally 43% | Asymmetry 6%,,Sideways,False,False,Below-MAs,True,Stage2,3,Uptrend,Uptrend,892.2,1525.97,1039.62,987.64,1991.08,2764.21,7287.24,3809.13,209.8,76.0,30.86,22.23,4.53,0.34,22.66,40.0,88.89,1196.83,18,strong_buy,15.8,16.6,1.91,30.0,1.26,20.56,5.26,21.02,20.76,25.07,24.0,91.31,134.87,9.4,0.15,highly inconsistent earnings,0.42,,1.75,,-2345.45,-2.22,72.27,0.42,,21.24,-2.25,4.62,1.45,1461.5,650.8,39.0,37.1,-27.61,9.37,0.72,0.58,6,31.0,10.94,11.0,0.0,52.9,WATCH ⭐⭐,Expected ~76% CAGR (2yr) | Revenue CAGR 21% | Profit CAGR 91% | ROCE trend rising ↑ | Promoter 72% holding | OPM 30%,Earnings due 2026-04-24 | Pattern still forming (not broken out),3-4 years,Medium-High,"yfinance, screener.in",100,62,2026-04-24,2026-07-11,2026-06-01,40,0.0,5,0.0
SIGMA,Sigma Solve Limited,Technology,Information Technology Services,394.0,Micro-Cap,MonthlyDoubleBottom,Forming,0.616,13,Sep 13mo | Mid rally 71% | Asymmetry 9%,,Downtrend,False,False,Below-MAs,False,Downtrend,0,Uptrend,Uptrend,40.8,307.38,171.56,162.98,81.66,443.2,98.92,89.88,986.3,229.6,16.51,,5.13,1.64,13.7,13.0,35.72,,0,none,37.8,48.3,0.66,30.0,-1.14,24.97,22.7,26.32,19.68,35.52,26.32,10.06,36.85,-21.4,0.15,highly inconsistent earnings,0.03,,5.24,,17.02,4.32,73.21,-0.01,,0.0,-0.03,,,65.5,35.46,37.7,15.1,11.12,-111.99,0.2,0.14,6,35.0,9.89,6.0,2.0,52.9,WATCH ⭐⭐,Expected ~230% CAGR (2yr) | Revenue CAGR 20% | ROE 38% | ROCE 48% | ROCE trend rising ↑ | Nearly debt-free,Margin compression ↓ | Pattern still forming (not broken out),3-4 years,Medium-High,"yfinance, screener.in",100,68,,2026-07-11,2026-06-01,40,-0.8,5,1.0
SILVERTUC,Silver Touch Technologies Limited,Technology,Information Technology Services,2310.0,Small-Cap,MonthlyDoubleBottom,Forming,0.354,13,Sep 13mo | Mid rally 37% | Asymmetry 2%,,Sideways,False,True,Below-MAs,True,Downtrend,0,Uptrend,Uptrend,208.71,844.59,609.96,579.46,166.39,1079.22,390.83,255.01,417.1,127.4,64.59,,13.65,1.21,39.55,3.0,-20.63,,0,none,23.6,28.9,4.77,18.0,2.6,10.45,11.89,20.14,28.26,17.88,63.64,53.26,104.77,43.4,0.15,highly inconsistent earnings,0.2,,1.95,,7.3,0.32,74.62,0.01,,1.14,0.39,0.0,-0.04,1117.45,100.5,81.3,107.7,-69.75,413.25,0.65,0.46,7,40.0,9.75,3.0,0.0,52.8,WATCH ⭐⭐,Expected ~127% CAGR (2yr) | Revenue CAGR 28% | Profit CAGR 53% | ROE 24% | ROCE 29% | ROCE trend rising ↑,High PE 65 | Pattern still forming (not broken out),3-4 years,Medium-High,"yfinance, screener.in",100,103,,2026-07-11,2026-06-01,40,42.9,5,0.0
ABDL,ALLIED BLEND N DISTILS L,Consumer Defensive,Beverages - Wineries & Distilleries,18325.0,Mid-Cap,MonthlyDoubleBottom,Forming,0.485,6,Sep 6mo | Mid rally 55% | Asymmetry 6%,,Uptrend,True,False,Uptrend,True,Stage2,15,Uptrend,Uptrend,648.75,440.72,276.69,551.44,2914.37,8660.92,66906.61,13963.9,1235.0,265.4,79.99,41.06,11.02,0.21,35.85,82.0,50.0,706.45,11,strong_buy,14.3,18.4,1.97,14.0,1.31,5.82,7.57,11.45,7.62,10.81,12.82,379.14,136.08,-47.9,0.15,highly inconsistent earnings,0.68,,1.34,,-85.0,-0.46,80.91,0.0,,3.23,-0.13,4.82,0.21,696.8,382.1,6.9,69.8,29.26,,0.68,,4,19.0,18.82,9.0,6.0,52.8,WATCH ⭐⭐,Expected ~265% CAGR (2yr) | Profit CAGR 379% | ROCE trend rising ↑ | Promoter 81% holding | Dividend growing 50%/yr | PEG 0.21 — deeply undervalued,High PE 80 | Pattern still forming (not broken out),3-4 years,Medium-High,"yfinance, screener.in",100,25,,2026-07-11,2026-06-15,26,0.7,3,2.0
VBL,Varun Beverages Limited,Consumer Defensive,Beverages - Non-Alcoholic,174468.0,Large-Cap,MonthlyStage2,Stage Change,0.679,24,10-EMA=480 | 30-EMA=467 | Above by 10.2% | MA turning=Yes,MonthlyDoubleBottom+MonthlyStage2,Uptrend,True,False,Tight-Above-MAs,True,Stage2,15,Uptrend,Uptrend,514.8,467.23,383.25,437.58,459.45,552.33,609.21,529.06,7.3,3.6,54.93,42.65,8.91,3.63,33.78,39.0,12.62,587.23,26,strong_buy,16.2,19.7,2.03,23.0,0.69,14.02,,4.65,12.25,20.8,4.8,15.15,33.88,20.1,0.15,highly inconsistent earnings,0.13,,,,,,59.43,-0.01,,19.51,-0.8,14.35,0.79,555.8,381.0,7.4,35.1,20.59,38.97,0.35,0.26,3,21.0,24.65,1.0,6.0,52.6,WATCH ⭐⭐,Expected ~4% CAGR (2yr) | ROCE trend rising ↑ | Low D/E 0.13 | Promoter 59% holding | DII buying +0.8% ↑ | Dividend growing 13%/yr,High PE 55 | Earnings due 2026-07-28,3-4 years,Medium-High,"yfinance, screener.in",80,115,2026-07-28,2026-07-11,2026-06-01,40,0.0,5,-2.0
GLAXO,GlaxoSmithKline Pharmaceuticals Limited,Healthcare,Drug Manufacturers - General,40581.0,Large-Cap,MonthlyDoubleBottom,Forming,0.802,23,Sep 23mo | Mid rally 82% | Asymmetry 2%,MonthlyDoubleBottom+MonthlyStage2,Sideways,False,True,Below-MAs,True,Stage2,6,Uptrend,Uptrend,2438.2,1511.0,822.17,2072.47,3308.22,3554.74,4703.69,3944.73,45.8,20.7,39.21,31.0,17.9,2.04,29.44,238.0,21.22,2969.75,4,none,45.6,61.4,5.94,34.0,2.71,27.11,18.5,1.95,5.53,5.49,11.64,19.24,23.68,5.7,0.15,highly inconsistent earnings,0.01,,2.03,,729.34,1.8,75.0,0.0,,4.62,-0.01,7.68,-0.02,3358.9,2088.1,27.4,16.8,-11.55,50.02,0.3,0.04,6,34.0,16.62,2.0,0.0,52.6,WATCH ⭐⭐,Expected ~21% CAGR (2yr) | ROE 46% | ROCE 61% | ROCE trend rising ↑ | Nearly debt-free | Promoter 75% holding,Pattern still forming (not broken out),3-4 years,Medium-High,"yfinance, screener.in",100,289,,2026-07-11,2026-06-01,40,2.0,5,1.0
NESCO,Nesco Limited,Industrials,Conglomerates,7927.0,Small-Cap,MonthlyStage2,Stage Change,1.0,24,10-EMA=1182 | 30-EMA=1046 | Above by 20.3% | MA turning=Yes,MonthlyDoubleBottom+MonthlyStage2,Sideways-Above-MA,True,False,Constructive,True,Stage2,4,Uptrend,Uptrend,1258.6,1045.86,865.55,1069.81,2298.51,2583.07,2902.85,2583.07,105.2,43.3,19.19,16.5,2.64,1.55,13.85,62.0,29.4,1316.0,1,none,14.7,18.3,0.8,53.0,-2.11,40.01,10.08,27.32,19.51,26.21,10.13,12.38,19.15,5.0,0.15,highly inconsistent earnings,0.09,,0.83,,68.46,0.86,68.54,0.0,,4.63,-0.02,3.84,0.06,1638.9,996.0,23.2,26.4,16.34,80.31,0.36,0.51,5,23.0,22.5,5.0,2.0,52.5,WATCH ⭐⭐,Expected ~43% CAGR (2yr) | Revenue CAGR 20% | ROCE trend rising ↑ | Nearly debt-free | Promoter 69% holding | OPM 53%,Margin compression ↓,3-4 years,Medium-High,"yfinance, screener.in",100,218,,2026-07-11,2026-06-01,40,0.0,5,0.0
RESPONIND,Responsive Industries Limited,Basic Materials,Specialty Chemicals,5675.0,Small-Cap,MonthlyDoubleBottom,Forming,1.0,42,Sep 42mo | Mid rally 183% | Asymmetry 1%,,Sideways-Above-MA,True,True,Constructive,True,Stage2,1,Uptrend,Uptrend,165.42,206.53,72.68,140.61,171.76,340.38,577.59,314.97,105.8,43.4,38.15,,3.62,0.46,24.09,5.0,0.0,,0,none,10.3,10.8,2.2,17.0,1.26,10.65,5.94,-1.69,12.69,13.02,-25.63,83.38,43.88,-57.9,0.15,highly inconsistent earnings,0.12,,6.16,,-50.99,-0.9,59.14,0.0,,32.2,0.97,3.22,-0.06,247.8,117.25,33.2,41.1,-22.45,-21.08,2.03,0.7,6,21.0,22.5,7.0,2.0,52.5,WATCH ⭐⭐,Expected ~43% CAGR (2yr) | Profit CAGR 83% | ROCE trend rising ↑ | Low D/E 0.12 | Promoter 59% holding | Piotroski F=6 (above average quality),Pattern still forming (not broken out),3-4 years,Medium-High,"yfinance, screener.in",100,188,,2026-07-11,2026-06-01,40,0.0,5,1.0
HUHTAMAKI,Huhtamaki India Limited,Consumer Cyclical,Packaging & Containers,1628.0,Small-Cap,MonthlyDoubleBottom,Forming,1.0,48,Sep 48mo | Mid rally 207% | Asymmetry 4%,,Downtrend,False,False,Below-MAs,False,Stage2,3,Uptrend,Uptrend,163.73,442.79,141.24,139.17,582.6,744.34,775.05,671.97,354.6,113.2,13.83,11.0,1.26,0.9,7.3,93.0,0.0,265.0,1,none,13.0,17.6,0.0,11.0,0.3,4.75,,6.92,26.11,,12.66,15.34,,-2.1,0.75,consistent growth,0.11,,,,,,67.73,0.0,,1.34,0.22,1.14,0.02,272.65,148.6,39.9,10.2,-13.92,-60.64,0.26,-0.09,2,24.0,16.5,11.0,1.0,52.5,WATCH ⭐⭐,Expected ~113% CAGR (2yr) | Revenue CAGR 26% | Low D/E 0.11 | Promoter 68% holding | EPS: consistent growth | PEG 0.90 — undervalued,Pattern still forming (not broken out),3-4 years,Medium-High,"yfinance, screener.in",80,287,,2026-07-11,2026-06-01,40,0.0,5,4.0
GRAVITA,Gravita India Limited,Industrials,Metal Fabrication,12560.0,Mid-Cap,MonthlyStage2,Stage Change,1.0,24,10-EMA=1676 | 30-EMA=1550 | Above by 19.7% | MA turning=Yes,MonthlyDoubleBottom+MonthlyStage2,Uptrend,True,True,Uptrend,True,Stage2,4,Uptrend,Uptrend,1854.6,1549.53,1318.1,1576.41,2476.8,2657.48,3736.79,3042.25,43.3,19.7,33.11,21.64,5.12,1.45,24.84,64.0,28.4,2080.33,9,strong_buy,16.8,17.0,-1.46,10.0,0.03,8.88,9.97,10.24,15.05,24.78,20.77,22.83,45.99,-3.4,0.15,highly inconsistent earnings,0.3,,2.91,,-231.15,-1.84,55.88,0.0,,13.94,-1.81,5.15,0.44,1949.0,1266.9,4.8,46.4,15.4,114.92,0.84,0.27,5,17.0,26.5,5.0,4.0,52.5,WATCH ⭐⭐,Expected ~20% CAGR (2yr) | Revenue CAGR 15% | Profit CAGR 23% | Low D/E 0.30 | Promoter 56% holding | Piotroski F=5 (above average quality),None identified,3-4 years,Medium-High,"yfinance, screener.in",100,189,,2026-07-11,2026-06-01,40,14.4,5,14.8
ELECTHERM,Electrotherm (India) Limited,Basic Materials,Steel,1530.0,Small-Cap,MonthlyStage2,Stage Change,1.0,24,10-EMA=921 | 30-EMA=802 | Above by 39.6% | MA turning=Yes,MonthlyDoubleBottom+MonthlyStage2,Uptrend,True,False,Tight-Above-MAs,True,Stage2,1,Uptrend,Uptrend,1119.5,801.65,555.35,951.57,,1047.95,,,,,,,-9.94,,58.38,0.0,0.0,,0,none,,0.45,2.31,1.0,-0.46,-0.42,-0.01,-10.28,6.3,7.95,-103.62,164.08,171.43,-92.7,0.2,multiple loss years in history,,,0.53,,250.96,16.41,29.9,0.0,,5.86,-0.03,0.8,-0.05,1233.4,551.0,9.2,103.2,32.47,701.39,0.3,0.7,3,15.0,28.5,-1.0,10.0,52.5,WATCH ⭐⭐,Profit CAGR 164% | ROCE trend rising ↑ | FCF yield 16.4% | MonthlyStage2 forming (24mo base) | Weekly uptrend | Tight daily consolidation above MAs,None identified,3-4 years,Medium-High,"yfinance, screener.in",70,228,,2026-07-11,2026-06-01,40,60.1,5,17.5
KPITTECH,KPIT Technologies Limited,Technology,Software - Infrastructure,15208.0,Mid-Cap,MonthlyDoubleBottom,Forming,0.447,10,Sep 10mo | Mid rally 48% | Asymmetry 3%,,Sideways,False,False,Below-MAs,True,Downtrend,0,Uptrend,Uptrend,743.7,1906.37,1271.82,1208.23,1230.53,2540.92,1715.43,1452.89,241.7,84.8,23.98,15.6,4.29,1.33,10.9,148.0,-18.13,781.14,21,buy,21.0,26.3,3.31,19.0,0.86,9.87,10.63,10.49,24.25,25.96,-24.17,18.07,34.08,-33.4,0.15,highly inconsistent earnings,0.24,,1.03,,1172.31,7.71,39.41,0.0,,13.25,-0.32,24.65,-0.7,1328.0,551.85,44.0,34.8,-32.77,-53.43,1.77,-0.04,6,33.0,10.36,9.0,0.0,52.4,WATCH ⭐⭐,Expected ~85% CAGR (2yr) | Revenue CAGR 24% | ROE 21% | ROCE 26% | ROCE trend rising ↑ | Low D/E 0.24,Earnings due 2026-07-29 | Pattern still forming (not broken out),3-4 years,Medium-High,"yfinance, screener.in",100,86,2026-07-29,2026-07-11,2026-06-01,40,0.0,5,3.0
GRSE,Garden Reach Shipbuilders & Engineers Limited,Industrials,Aerospace & Defense,31485.0,Large-Cap,MonthlyCupHandle,Forming,0.695,23,Cup 23mo | Depth 47% | Prior gain 124% | R²=0.96,,Sideways-Above-MA,True,False,Constructive,False,Stage2,4,Uptrend,Uptrend,2648.7,3226.54,1708.53,2251.39,2593.5,4744.55,4000.63,3221.12,79.1,33.8,45.66,32.72,11.99,1.89,35.37,97.0,4.87,3146.0,6,none,31.79,,,16.15,,10.68,4.45,29.1,,,24.2,,,24.1,0.5,insufficient history,0.01,,1.23,,-291.49,-0.93,74.5,0.0,,3.51,0.55,1.69,0.05,3339.0,1963.7,20.7,34.9,5.77,316.3,0.23,0.68,2,29.0,18.34,3.0,2.0,52.3,WATCH ⭐⭐,Expected ~34% CAGR (2yr) | Revenue CAGR 29% | Profit CAGR 24% | ROE 32% | Nearly debt-free | Promoter 74% holding,Pattern still forming (not broken out),3-4 years,Medium-High,"yfinance, screener.in",70,93,,2026-07-11,2026-06-01,40,-0.4,5,-2.1
INDIAMART,IndiaMART InterMESH Limited,Communication Services,Internet Content & Information,11301.0,Mid-Cap,MonthlyDoubleBottom,Forming,0.735,33,Sep 33mo | Mid rally 78% | Asymmetry 5%,,Downtrend,False,False,Below-MAs,False,Downtrend,0,Uptrend,Uptrend,1982.6,3241.48,1779.33,1690.36,2958.21,4703.63,4168.03,3511.4,137.2,54.0,23.87,18.23,4.7,1.28,15.74,160.0,81.71,2326.0,18,buy,20.7,28.0,-0.4,30.0,-3.11,30.25,7.16,13.04,16.79,18.55,-13.79,18.7,11.15,-72.2,0.15,highly inconsistent earnings,0.01,,2.34,,503.42,4.45,49.12,0.0,,19.17,0.89,13.54,-2.87,2799.0,1860.0,29.2,6.6,-14.37,-50.22,0.5,0.24,5,32.0,12.32,8.0,0.0,52.3,WATCH ⭐⭐,Expected ~54% CAGR (2yr) | Revenue CAGR 17% | ROE 21% | ROCE 28% | Nearly debt-free | OPM 30%,Margin compression ↓ | Earnings due 2026-07-17 | Pattern still forming (not broken out),3-4 years,Medium-High,"yfinance, screener.in",100,83,2026-07-17,2026-07-11,2026-06-01,40,0.0,5,0.0
SWARAJENG,Swaraj Engines Limited,Consumer Cyclical,Auto Parts,4787.0,Small-Cap,MonthlyDoubleBottom,Forming,0.479,13,Sep 13mo | Mid rally 53% | Asymmetry 6%,,Uptrend,True,False,Below-MAs,True,Stage2,3,Uptrend,Uptrend,3711.9,1662.58,1054.07,3155.11,8234.34,9889.45,11877.22,9889.45,166.4,63.2,24.39,21.84,9.79,1.21,17.21,279.0,6.14,4629.5,2,none,43.23,,,12.78,,9.78,21.52,20.2,,,20.1,,,20.1,0.5,insufficient history,0.0,,2.06,,-25.39,-0.53,52.11,-0.01,,2.82,-0.33,9.09,-0.65,4720.0,3301.3,21.4,12.4,4.13,69.45,0.24,0.38,4,25.0,17.25,8.0,2.0,52.2,WATCH ⭐⭐,Expected ~63% CAGR (2yr) | Revenue CAGR 20% | Profit CAGR 20% | ROE 43% | Nearly debt-free | Promoter 52% holding,Pattern still forming (not broken out),3-4 years,Medium-High,"yfinance, screener.in",70,287,,2026-07-11,2026-06-01,40,0.0,5,-4.0
KAPSTON,Kapston Services Limited,Industrials,Specialty Business Services,1156.0,Small-Cap,MonthlyDoubleBottom,Forming,0.622,14,Sep 14mo | Mid rally 72% | Asymmetry 9%,,Uptrend,True,False,Tight-Above-MAs,True,Stage2,4,Uptrend,Uptrend,325.05,65.23,36.33,276.29,353.63,439.91,547.25,439.91,35.3,16.3,41.16,,9.94,1.69,30.28,0.0,,,0,none,27.4,14.9,2.0,5.0,0.5,3.39,7.7,20.46,,,55.56,,,24.3,1.0,steady compounder (low CV),1.58,,1.43,,-17.41,-1.51,72.87,0.0,,,,,,433.5,231.58,25.0,40.4,43.92,332.06,0.43,0.17,5,20.0,22.96,1.0,8.0,52.0,WATCH ⭐⭐,Expected ~16% CAGR (2yr) | Revenue CAGR 17% | Profit CAGR 24% | ROE 27% | ROCE trend rising ↑ | Promoter 73% holding,High D/E 1.6 | Pattern still forming (not broken out),3-4 years,Medium-High,"yfinance, screener.in",80,98,,2026-07-11,2026-06-01,40,0.0,5,-7.0
RPTECH,Rashi Peripherals Limited,Technology,Electronics & Computer Distribution,4995.0,Small-Cap,None,,0.0,0,,,Uptrend,True,False,Tight-Above-MAs,True,Downtrend,0,Uptrend,Uptrend,543.25,,,461.76,1307.03,1723.45,2272.55,1723.45,217.2,78.1,18.41,,2.47,0.58,12.89,26.0,100.0,,0,none,14.7,16.8,-2.57,3.0,-0.23,1.75,5.7,14.91,18.74,21.71,34.29,31.86,15.7,64.2,0.15,highly inconsistent earnings,0.49,,1.6,,-47.2,-0.95,64.01,0.03,,0.78,0.12,17.45,-1.0,812.85,275.6,33.2,97.1,86.99,,,0.87,4,20.0,14.0,10.0,8.0,52.0,WATCH ⭐⭐,Expected ~78% CAGR (2yr) | Revenue CAGR 19% | Profit CAGR 32% | Promoter 64% holding | Dividend growing 100%/yr | PEG 0.58 — undervalued,None identified,3-4 years,Medium-High,"yfinance, screener.in",100,28,,2026-07-11,2026-06-01,40,0.0,5,-4.0
RISHABH,Rishabh Instruments Limited,Technology,Scientific & Technical Instruments,2511.0,Small-Cap,MonthlyStage2,Breaking Out,1.0,24,10-EMA=417 | 30-EMA=404 | Above by 31.0% | MA turning=Yes,,Uptrend,True,True,Uptrend,True,Downtrend,0,Uptrend,Uptrend,529.2,403.96,209.95,449.82,679.33,801.14,944.78,801.14,51.4,23.0,30.87,20.62,3.35,1.72,18.84,0.0,,630.0,1,none,12.0,14.5,-0.69,16.0,-0.71,10.52,6.01,7.64,10.78,14.72,290.48,17.93,17.9,207.7,0.15,highly inconsistent earnings,0.11,,3.02,,-33.72,-1.34,69.55,-0.12,,0.1,-0.14,11.72,-0.85,678.0,272.3,21.9,94.3,87.26,,1.75,1.09,4,11.0,27.0,4.0,10.0,52.0,WATCH ⭐⭐,Expected ~23% CAGR (2yr) | Low D/E 0.11 | Promoter 70% holding | Margin compressing ↓ ⚠️ | MonthlyStage2 — Breaking Out | Weekly uptrend,Margin compression ↓,3-4 years,Medium-High,"yfinance, screener.in",100,33,,2026-07-11,2026-06-01,40,0.0,5,-1.0
DCBBANK,DCB Bank Limited,Financial Services,Banks - Regional,6096.0,Small-Cap,MonthlyDoubleBottom,Forming,1.0,22,Sep 22mo | Mid rally 152% | Asymmetry 1%,,Uptrend,True,False,Uptrend,True,Stage2,12,Uptrend,Uptrend,188.67,72.77,28.63,160.37,556.94,469.91,714.94,631.02,149.1,57.8,8.29,5.57,0.93,0.62,,77.0,5.07,228.24,17,strong_buy,11.97,,,34.23,,24.44,0.89,12.4,,,13.3,,,16.1,0.5,insufficient history,,,,,,,16.23,-0.01,,12.64,0.72,32.8,0.66,205.9,119.51,8.4,57.9,55.08,39.15,0.19,0.42,2,8.0,26.0,10.0,8.0,52.0,WATCH ⭐⭐,Expected ~58% CAGR (2yr) | OPM 34% | FII buying +0.7% ↑ | DII buying +0.7% ↑ | PEG 0.62 — undervalued | MonthlyDoubleBottom forming (22mo base),Pattern still forming (not broken out),3-4 years,Medium-High,"yfinance, screener.in",50,238,,2026-07-11,2026-06-01,40,6.6,5,2.0
CANTABIL,Cantabil Retail India Limited,Consumer Cyclical,Apparel Manufacturing,2207.0,Small-Cap,MonthlyDoubleBottom,Forming,0.582,18,Sep 18mo | Mid rally 59% | Asymmetry 1%,MonthlyDoubleBottom+MonthlyStage2,Sideways,False,True,Below-MAs,True,Stage2,3,Uptrend,Uptrend,251.22,331.82,208.5,213.54,711.0,925.72,1205.29,925.72,268.5,92.0,23.05,,4.61,0.76,10.3,57.0,-5.9,,0,none,21.98,,,19.47,,11.23,9.84,15.7,,,30.2,,,29.8,0.5,insufficient history,1.14,,2.42,,52.73,2.39,74.46,0.25,,2.16,-0.37,1.03,-0.05,321.5,208.5,21.9,20.5,1.17,-1.86,1.39,-0.21,5,26.0,13.98,10.0,2.0,52.0,WATCH ⭐⭐,Expected ~92% CAGR (2yr) | Revenue CAGR 16% | Profit CAGR 30% | ROE 22% | Promoter 74% holding | Piotroski F=5 (above average quality),High D/E 1.1 | Pattern still forming (not broken out),3-4 years,Medium-High,"yfinance, screener.in",70,190,,2026-07-11,2026-06-01,40,13.1,5,6.3
APARINDS,APAR Industries Limited,Industrials,Electrical Equipment & Parts,56943.0,Large-Cap,MonthlyDoubleBottom,Forming,0.535,45,Sep 45mo | Mid rally 63% | Asymmetry 10%,,Sideways-Above-MA,True,False,Tight-Above-MAs,True,Stage2,4,Uptrend,Uptrend,14058.0,837.93,488.3,11949.3,9041.15,11671.36,12011.05,10420.83,,,58.48,38.81,10.56,3.83,30.45,36.0,50.37,13547.14,7,none,20.2,31.1,1.6,8.0,0.43,4.27,8.58,23.25,16.9,29.09,19.0,15.26,43.6,1.4,0.15,highly inconsistent earnings,0.18,,1.45,,-593.28,-1.04,57.77,0.0,,9.38,0.03,24.15,0.95,17157.0,6801.0,18.1,106.7,82.72,161.5,0.64,0.02,5,26.0,19.92,-1.0,7.0,51.9,WATCH ⭐⭐,Revenue CAGR 17% | ROE 20% | ROCE 31% | ROCE trend rising ↑ | Low D/E 0.18 | Promoter 58% holding,High PE 58 | Pattern still forming (not broken out),3-4 years,Medium-High,"yfinance, screener.in",100,265,,2026-07-11,2026-06-01,40,14.0,5,-5.0
AEROFLEX,Aeroflex Industries Limited,Industrials,Metal Fabrication,6038.0,Small-Cap,MonthlyStage2,Stage Change,1.0,24,10-EMA=315 | 30-EMA=235 | Above by 75.9% | MA turning=Yes,MonthlyDoubleBottom+MonthlyStage2,Sideways-Above-MA,True,False,Constructive,False,Stage2,4,Uptrend,Uptrend,413.55,235.12,165.64,351.52,172.36,304.6,261.32,212.23,,,106.35,50.14,13.5,4.6,61.66,9.0,20.0,410.0,1,none,14.1,18.9,-1.14,23.0,1.09,12.56,9.29,17.55,18.0,25.14,5.66,23.13,56.32,57.0,0.15,highly inconsistent earnings,0.02,,2.92,,-14.26,-0.24,65.47,-1.52,,1.49,0.5,3.8,0.25,521.9,158.0,20.8,161.7,143.57,128.37,0.4,0.77,5,22.0,22.5,-1.0,8.0,51.5,WATCH ⭐⭐,Revenue CAGR 18% | Profit CAGR 23% | Nearly debt-free | Promoter 65% holding | Piotroski F=5 (above average quality) | Dividend growing 20%/yr,High PE 106,3-4 years,Medium-High,"yfinance, screener.in",100,36,,2026-07-11,2026-06-01,40,8.3,5,-7.5
NAZARA,Nazara Technologies Limited,Communication Services,Electronic Gaming & Multimedia,11323.0,Mid-Cap,MonthlyStage2,Stage Change,1.0,24,10-EMA=270 | 30-EMA=250 | Above by 17.8% | MA turning=Yes,MonthlyDoubleBottom+MonthlyStage2,Sideways-Above-MA,True,False,Constructive,True,Downtrend,0,Uptrend,Uptrend,294.95,250.43,217.27,250.71,869.01,693.7,1058.4,959.04,135.2,53.4,11.24,41.3,3.86,1.08,50.88,0.0,,295.7,10,buy,30.5,27.2,3.11,-2.0,-2.17,5.24,0.34,12.62,18.79,32.14,60.78,10.36,42.41,79471.4,0.15,highly inconsistent earnings,0.06,,2.05,,157.85,1.39,35.45,0.0,,13.3,1.32,2.16,-1.46,363.25,215.7,18.8,36.7,-1.43,40.11,1.27,0.07,6,25.0,21.5,4.0,1.0,51.5,WATCH ⭐⭐,Expected ~53% CAGR (2yr) | Revenue CAGR 19% | ROE 30% | ROCE 27% | ROCE trend rising ↑ | Nearly debt-free,Margin compression ↓,3-4 years,Medium-High,"yfinance, screener.in",100,63,,2026-07-11,2026-06-01,40,0.0,5,-2.0
GRINDWELL,Grindwell Norton Limited,Industrials,Building Products & Equipment,23124.0,Mid-Cap,MonthlyDoubleBottom,Forming,1.0,33,Sep 33mo | Mid rally 112% | Asymmetry 5%,MonthlyDoubleBottom+MonthlyStage2,Uptrend,True,False,Uptrend,True,Stage2,4,Uptrend,Uptrend,1921.0,2913.24,1342.7,1632.85,993.66,4483.78,1091.97,1041.66,133.4,52.8,55.56,42.14,9.13,11.5,38.44,91.0,12.31,1995.67,3,none,16.2,21.2,-0.8,19.0,-0.34,13.53,9.02,9.28,6.54,13.41,12.4,4.83,11.87,28.3,0.15,highly inconsistent earnings,0.02,,2.81,,367.73,1.59,58.04,0.0,,5.56,-0.83,19.18,0.83,2294.4,1329.0,16.3,44.5,29.59,-36.08,0.59,0.51,4,19.0,26.5,0.0,6.0,51.5,WATCH ⭐⭐,Expected ~53% CAGR (2yr) | ROCE 21% | Nearly debt-free | Promoter 58% holding | DII buying +0.8% ↑ | Dividend growing 12%/yr,High PE 56 | Earnings due 2026-07-23 | Pattern still forming (not broken out),3-4 years,Medium-High,"yfinance, screener.in",100,238,2026-07-23,2026-07-11,2026-06-01,40,2.3,5,1.0
IRCTC,Indian Railway Catering & Tourism Corporation Limited,Consumer Cyclical,Travel Services,40796.0,Large-Cap,MonthlyDoubleBottom,Forming,1.0,44,Sep 44mo | Mid rally 116% | Asymmetry 8%,,Downtrend,False,False,Below-MAs,False,Stage2,3,Uptrend,Uptrend,529.8,1108.01,492.65,468.02,822.55,1723.37,1021.89,916.82,225.3,80.4,29.24,22.42,9.47,2.55,22.82,186.0,-24.09,674.12,8,buy,34.6,46.1,-4.0,32.0,-1.3,26.72,14.05,11.55,13.77,,5.93,11.46,,-8.9,0.75,consistent growth,0.02,,2.15,,1005.71,2.47,62.4,0.0,,4.86,-2.33,14.86,0.84,798.6,492.65,33.7,7.5,-23.53,-36.39,0.6,0.12,5,30.0,16.5,5.0,0.0,51.5,WATCH ⭐⭐,Expected ~80% CAGR (2yr) | ROE 35% | ROCE 46% | Nearly debt-free | Promoter 62% holding | OPM 32%,Margin compression ↓ | Earnings due 2026-08-13 | Pattern still forming (not broken out),3-4 years,Medium-High,"yfinance, screener.in",100,80,2026-08-13,2026-07-11,2026-06-01,40,0.0,5,1.0
TITAN,Titan Company Limited,Consumer Cyclical,Luxury Goods,395720.0,Large-Cap,MonthlyDoubleBottom,Breakout Ready,0.906,17,Sep 17mo | Mid rally 92% | Asymmetry 1%,,Sideways-Above-MA,True,False,Constructive,False,Stage2,3,Uptrend,Uptrend,4102.0,1363.41,707.14,3486.7,2604.06,3812.52,3487.12,3013.41,,,78.13,52.07,25.22,4.97,50.57,34.0,13.62,5011.19,37,buy,37.7,20.5,0.91,10.0,-0.03,5.79,9.3,44.87,29.24,32.26,52.02,15.72,39.1,35.4,0.15,highly inconsistent earnings,1.95,,1.28,,-6509.88,-1.65,52.9,0.0,,15.65,0.1,14.84,0.01,4605.0,3303.1,10.9,24.2,19.21,13.17,1.2,0.22,4,21.0,23.37,1.0,6.0,51.4,WATCH ⭐⭐,Revenue CAGR 29% | ROE 38% | ROCE 20% | ROCE trend rising ↑ | Promoter 53% holding | Dividend growing 14%/yr,High D/E 1.9 | High PE 78 | Earnings due 2026-08-06,3-4 years,Medium-High,"yfinance, screener.in",100,365,2026-08-06,2026-07-11,2026-06-01,40,0.0,5,0.0
PANSARI,Pansari Developers Limited,Real Estate,Real Estate - Development,547.0,Small-Cap,MonthlyDoubleBottom,Forming,0.963,14,Sep 14mo | Mid rally 106% | Asymmetry 10%,,Downtrend,False,False,Below-MAs,False,Stage2,3,Uptrend,Uptrend,258.45,152.0,70.2,219.68,623.41,1343.07,2893.51,1343.07,419.7,128.0,32.15,,3.55,0.28,39.55,0.0,,,0,none,13.8,12.5,1.11,15.0,0.0,20.7,1.73,140.0,61.01,21.67,150.0,115.44,37.97,53.1,0.15,highly inconsistent earnings,0.65,,1.15,,-12.13,-2.22,73.88,0.0,,,,,,352.3,230.79,26.6,12.0,26.23,174.7,0.88,-0.44,3,23.0,15.06,7.0,6.0,51.1,WATCH ⭐⭐,Expected ~128% CAGR (2yr) | Revenue CAGR 61% | Profit CAGR 115% | ROCE trend rising ↑ | Promoter 74% holding | PEG 0.28 — deeply undervalued,Pattern still forming (not broken out),3-4 years,Medium-High,"yfinance, screener.in",100,111,,2026-07-11,2026-06-01,40,0.0,5,-5.0
MRF,MRF Limited,Consumer Cyclical,Auto Parts,57109.0,Large-Cap,MonthlyDoubleBottom,Forming,0.547,40,Sep 40mo | Mid rally 61% | Asymmetry 6%,,Downtrend,False,False,Below-MAs,False,Stage2,3,Uptrend,Uptrend,126730.0,97766.92,58930.66,107720.5,460757.28,460244.73,991049.99,675746.62,263.2,90.6,23.53,16.33,2.72,0.5,11.24,34.0,-74.22,136991.9,10,none,12.5,15.7,1.17,16.0,0.26,7.79,6.39,10.65,10.63,14.02,29.8,46.66,13.69,37.1,0.15,highly inconsistent earnings,0.15,,1.65,,2325.5,4.07,27.77,0.04,,17.98,-0.2,12.25,-0.25,163600.0,122000.0,22.5,3.9,-3.12,3.03,0.62,0.15,7,28.0,11.06,11.0,1.0,51.1,WATCH ⭐⭐,Expected ~91% CAGR (2yr) | Profit CAGR 47% | ROCE trend rising ↑ | Low D/E 0.15 | FCF yield 4.1% | Piotroski F=7 (high quality compounder),Earnings due 2026-05-07 | Pattern still forming (not broken out),3-4 years,Medium-High,"yfinance, screener.in",100,287,2026-05-07,2026-07-11,2026-06-01,40,0.0,5,-2.0
GULFOILLUB,Gulf Oil Lubricants India Limited,Basic Materials,Specialty Chemicals,5227.0,Small-Cap,MonthlyDoubleBottom,Forming,0.335,9,Sep 9mo | Mid rally 35% | Asymmetry 1%,,Sideways,False,False,Constructive,True,Stage2,1,Uptrend,Uptrend,939.35,752.98,553.73,798.45,1604.85,1731.3,2090.79,1831.77,84.3,35.8,14.43,10.48,3.39,1.02,9.09,398.0,-5.65,1580.6,5,strong_buy,24.3,26.2,1.0,13.0,0.2,8.57,9.63,11.7,10.59,,-3.36,14.14,,-2.6,0.15,highly inconsistent earnings,0.36,,1.85,,232.22,4.44,67.01,-0.1,,8.91,-0.31,8.17,0.04,1329.0,865.0,29.3,8.6,-15.46,82.28,0.71,0.61,7,29.0,11.02,10.0,1.0,51.0,WATCH ⭐⭐,Expected ~36% CAGR (2yr) | ROE 24% | ROCE 26% | ROCE trend rising ↑ | Promoter 67% holding | FCF yield 4.4%,Pattern still forming (not broken out),3-4 years,Medium-High,"yfinance, screener.in",100,144,,2026-07-11,2026-06-01,40,3.7,5,-1.0
TCS,Tata Consultancy Services Limited,Technology,Information Technology Services,757447.0,Large-Cap,MonthlyDoubleBottom,Forming,0.538,30,Sep 30mo | Mid rally 54% | Asymmetry 1%,,Downtrend,False,False,Below-MAs,False,Downtrend,0,Uptrend,Uptrend,2327.1,4348.04,2804.96,2664.71,4408.99,5891.12,4892.44,4644.43,153.2,59.1,15.38,12.78,7.06,2.88,10.35,592.0,-9.06,2709.17,41,buy,51.8,63.0,3.09,27.0,-0.29,18.43,24.44,4.58,5.8,10.22,1.35,5.34,8.72,12.2,0.4,lumpy earner,0.1,,2.23,,36946.75,4.88,71.77,0.0,,9.66,-0.71,13.34,0.53,3426.1,1976.8,32.1,17.7,-22.74,-46.09,0.83,0.24,5,35.0,9.96,6.0,0.0,51.0,WATCH ⭐⭐,Expected ~59% CAGR (2yr) | ROE 52% | ROCE 63% | ROCE trend rising ↑ | Low D/E 0.10 | Promoter 72% holding,Earnings due 2026-07-09 | Pattern still forming (not broken out),3-4 years,Medium-High,"yfinance, screener.in",100,286,2026-07-09,2026-07-11,2026-06-01,40,0.0,5,-1.0
WINDLAS,Windlas Biotech Limited,Healthcare,Drug Manufacturers - Specialty & Generic,1799.0,Small-Cap,MonthlyAscTriangle,Forming,1.0,3,3 resistance tests | Support rise 238% | Resistance flat 8.2%,MonthlyAscTriangle+MonthlyDoubleBottom+MonthlyStage2,Sideways,False,False,Below-MAs,True,Stage2,6,Uptrend,Uptrend,767.4,1132.84,195.75,652.29,1348.73,2069.93,1794.57,1555.76,169.7,64.2,28.01,,3.43,1.82,15.44,72.0,18.34,,0,none,12.2,15.9,-0.14,12.0,-0.06,7.35,5.55,18.95,20.79,16.13,8.2,15.35,32.77,-1.8,0.15,highly inconsistent earnings,0.06,,1.95,,29.78,1.66,63.31,1.41,,0.99,0.39,10.2,-1.6,1097.9,697.4,30.1,10.0,-5.59,140.0,0.5,0.27,5,27.0,18.0,5.0,1.0,51.0,WATCH ⭐⭐,Expected ~64% CAGR (2yr) | Revenue CAGR 21% | Nearly debt-free | Promoter 63% holding | Promoters buying ↑ | Piotroski F=5 (above average quality),Pattern still forming (not broken out),3-4 years,Medium-High,"yfinance, screener.in",100,58,,2026-07-11,2026-06-01,40,0.0,5,-1.0
DOMS,DOMS Industries Limited,Industrials,Business Equipment & Supplies,14022.0,Mid-Cap,MonthlyDoubleBottom,Forming,0.456,14,Sep 14mo | Mid rally 49% | Asymmetry 3%,MonthlyDoubleBottom+MonthlyStage2,Sideways,False,False,Below-MAs,True,Stage2,4,Uptrend,Uptrend,2376.2,3060.88,2023.9,2019.77,1859.73,4097.86,3268.44,2465.44,72.5,31.3,60.98,41.83,11.49,1.87,35.23,14.0,26.0,2791.82,11,buy,20.7,24.3,4.94,17.0,2.2,9.89,12.16,21.59,24.27,41.99,12.15,32.57,44.57,17.1,0.15,highly inconsistent earnings,0.11,,2.17,,-86.9,-0.62,70.38,0.0,,7.62,-0.76,19.14,0.86,2770.0,2023.9,14.2,17.4,-1.26,,0.13,-0.33,6,35.0,11.97,3.0,1.0,51.0,WATCH ⭐⭐,Expected ~31% CAGR (2yr) | Revenue CAGR 24% | Profit CAGR 33% | ROE 21% | ROCE 24% | ROCE trend rising ↑,High PE 61 | Pattern still forming (not broken out),3-4 years,Medium-High,"yfinance, screener.in",100,32,,2026-07-11,2026-06-01,40,2.0,5,2.0
PIDILITIND,Pidilite Industries Limited,Basic Materials,Specialty Chemicals,162641.0,Large-Cap,MonthlyDoubleBottom,Forming,0.288,29,Sep 29mo | Mid rally 33% | Asymmetry 4%,MonthlyDoubleBottom+MonthlyStage2,Sideways,False,False,Below-MAs,True,Stage2,1,Uptrend,Uptrend,1455.8,1695.86,1252.42,1237.43,585.92,2139.3,904.11,727.83,47.0,21.2,66.67,52.56,15.02,2.75,45.21,72.0,25.99,1633.55,20,buy,23.9,31.0,1.03,24.0,0.63,16.77,13.26,11.12,7.36,14.89,17.89,24.22,17.02,37.2,0.4,lumpy earner,0.04,,2.38,,1837.48,1.13,69.32,0.0,,11.75,-0.26,9.56,0.35,1625.5,1259.0,10.4,15.6,3.7,-8.79,1.29,0.36,6,35.0,10.96,0.0,5.0,51.0,WATCH ⭐⭐,Expected ~21% CAGR (2yr) | Profit CAGR 24% | ROE 24% | ROCE 31% | ROCE trend rising ↑ | Nearly debt-free,High PE 67 | Earnings due 2026-05-07 | Pattern still forming (not broken out),3-4 years,Medium-High,"yfinance, screener.in",100,287,2026-05-07,2026-07-11,2026-06-01,40,0.0,5,2.0
VSSL,Vardhman Special Steels Limited,Basic Materials,Steel,2653.0,Small-Cap,MonthlyStage2,Stage Change,0.946,24,10-EMA=263 | 30-EMA=245 | Above by 14.2% | MA turning=Yes,MonthlyDoubleBottom+MonthlyStage2,Sideways-Above-MA,True,False,Constructive,True,Stage2,1,Uptrend,Uptrend,279.7,244.95,197.72,237.74,421.89,615.11,896.83,615.11,119.9,48.3,20.88,12.3,2.17,0.46,12.11,109.0,19.68,,0,none,12.1,16.5,,8.0,-1.0,6.96,7.94,6.2,,,1.09,,,72.2,0.5,insufficient history,0.07,,2.9,,-167.91,-6.33,51.06,-0.04,,0.55,0.01,3.34,0.04,324.0,206.4,13.7,35.5,15.65,29.78,0.31,0.42,3,18.0,21.85,8.0,3.0,50.8,WATCH ⭐⭐,Expected ~48% CAGR (2yr) | Profit CAGR 46% | Nearly debt-free | Promoter 51% holding | Margin compressing ↓ ⚠️ | Dividend growing 20%/yr,Margin compression ↓,3-4 years,Medium-High,"yfinance, screener.in",80,169,,2026-07-11,2026-06-01,40,0.0,5,0.0
INDNIPPON,India Nippon Electricals Limited,Consumer Cyclical,Auto Parts,2232.0,Small-Cap,MonthlyDoubleBottom,Forming,0.963,10,Sep 10mo | Mid rally 97% | Asymmetry 1%,MonthlyCupHandle+MonthlyDoubleBottom+MonthlyStage2,Sideways,False,False,Below-MAs,True,Stage2,3,Uptrend,Uptrend,780.3,586.73,296.52,663.25,2627.03,3473.99,4594.0,3473.99,345.2,111.0,20.08,40.29,2.72,0.62,,157.0,18.78,,0,none,13.0,17.1,1.2,11.0,0.49,10.4,6.27,26.39,17.64,17.3,35.37,32.24,22.65,,0.4,lumpy earner,,,2.51,,-11.52,-0.52,70.37,0.0,,0.41,-0.01,0.06,0.0,1099.9,675.0,29.1,15.6,15.22,61.96,0.27,0.38,6,23.0,17.56,6.0,4.0,50.6,WATCH ⭐⭐,Expected ~111% CAGR (2yr) | Revenue CAGR 18% | Profit CAGR 32% | ROCE trend rising ↑ | Promoter 70% holding | Piotroski F=6 (above average quality),Pattern still forming (not broken out),3-4 years,Medium-High,"yfinance, screener.in",90,287,,2026-07-11,2026-06-01,40,0.0,5,1.0
DHANUKA,Dhanuka Agritech Limited,Basic Materials,Agricultural Inputs,4868.0,Small-Cap,MonthlyDoubleBottom,Forming,1.0,24,Sep 24mo | Mid rally 117% | Asymmetry 4%,,Downtrend,False,False,Below-MAs,False,Stage2,1,Uptrend,Uptrend,1045.9,1975.0,889.6,889.02,1480.81,3060.4,1871.82,1664.87,192.6,71.1,17.15,13.96,2.93,1.38,11.54,18.0,-47.72,1414.38,8,none,22.0,28.3,-0.57,20.0,0.66,14.22,10.87,15.69,11.25,12.69,24.27,12.43,16.07,29.5,0.15,highly inconsistent earnings,0.02,,4.09,,112.15,2.3,69.72,0.0,,1.93,-0.21,19.43,0.65,1975.0,889.6,47.0,17.6,-33.73,8.18,0.16,0.3,6,27.0,16.5,7.0,0.0,50.5,WATCH ⭐⭐,Expected ~71% CAGR (2yr) | ROE 22% | ROCE 28% | Nearly debt-free | Promoter 70% holding | Piotroski F=6 (above average quality),Pattern still forming (not broken out),3-4 years,Medium-High,"yfinance, screener.in",100,182,,2026-07-11,2026-06-01,40,-11.5,5,-2.0
ELECON,Elecon Engineering Company Limited,Industrials,Specialty Industrial Machinery,11819.0,Mid-Cap,MonthlyDoubleBottom,Forming,1.0,17,Sep 17mo | Mid rally 125% | Asymmetry 0%,MonthlyDoubleBottom+MonthlyStage2,Sideways-Above-MA,True,False,Constructive,False,Stage2,4,Uptrend,Uptrend,510.55,45.39,20.17,433.97,521.77,588.25,663.19,588.25,15.2,7.3,34.61,21.5,5.13,2.72,23.98,38.0,0.0,525.5,2,none,16.4,20.9,2.54,22.0,0.97,14.42,8.88,6.24,15.64,17.78,-17.83,12.74,42.52,-95.9,0.15,highly inconsistent earnings,0.12,,2.94,,197.08,1.67,59.28,0.0,,7.13,-0.96,5.67,1.19,683.0,352.0,25.2,45.0,-6.57,-9.29,0.65,0.49,7,28.0,21.5,0.0,1.0,50.5,WATCH ⭐⭐,Expected ~7% CAGR (2yr) | Revenue CAGR 16% | ROCE 21% | ROCE trend rising ↑ | Low D/E 0.12 | Promoter 59% holding,Pattern still forming (not broken out),3-4 years,Medium-High,"yfinance, screener.in",100,239,,2026-07-11,2026-06-01,40,5.2,5,0.0
SURANAT&P,Surana Telecom and Power Limited,Utilities,Utilities - Independent Power Producers,272.0,Micro-Cap,MonthlyDoubleBottom,Forming,1.0,33,Sep 33mo | Mid rally 396% | Asymmetry 8%,MonthlyDoubleBottom+MonthlyStage2,Sideways,False,False,Below-MAs,True,Stage2,4,Uptrend,Uptrend,18.64,11.01,2.13,15.84,58.1,95.21,156.01,95.21,410.8,126.0,12.62,,1.69,0.2,-150.34,0.0,6.27,,0,none,14.7,13.4,0.74,-5.0,-12.09,40.8,-2.65,281.25,29.64,16.03,-4.35,63.86,48.96,-7.1,0.15,highly inconsistent earnings,0.34,,2.28,,-117.0,-42.96,71.89,0.38,,0.0,0.0,0.05,0.0,26.78,15.5,30.4,20.3,4.05,75.58,0.23,0.29,3,22.0,19.5,8.0,1.0,50.5,WATCH ⭐⭐,Expected ~126% CAGR (2yr) | Revenue CAGR 30% | Profit CAGR 64% | ROCE trend rising ↑ | Promoter 72% holding | Margin compressing ↓ ⚠️,Margin compression ↓ | Pattern still forming (not broken out),3-4 years,Medium-High,"yfinance, screener.in",100,287,,2026-07-11,2026-06-01,40,0.0,5,0.0
SUZLON,Suzlon Energy Limited,Industrials,Specialty Industrial Machinery,78156.0,Large-Cap,MonthlyDoubleBottom,Forming,1.0,15,Sep 15mo | Mid rally 155% | Asymmetry 7%,MonthlyDoubleBottom+MonthlyStage2,Sideways-Above-MA,True,False,Constructive,True,Stage2,4,Uptrend,Uptrend,52.91,419.96,159.56,151.58,58.81,680.36,62.5,60.63,1185.9,258.6,24.62,24.47,8.27,7.97,25.25,0.0,0.0,65.85,13,strong_buy,40.6,35.1,4.74,18.0,0.6,18.97,10.78,53.65,40.98,37.98,52.65,3.09,30.0,-5.7,0.15,highly inconsistent earnings,0.06,,1.65,,-430.29,-0.55,11.73,0.0,,23.85,0.12,9.18,-0.05,68.3,38.19,22.5,38.5,-14.15,223.1,0.64,0.69,6,26.0,21.5,2.0,1.0,50.5,WATCH ⭐⭐,Expected ~259% CAGR (2yr) | Revenue CAGR 41% | ROE 41% | ROCE 35% | ROCE trend rising ↑ | Nearly debt-free,Earnings due 2026-08-12 | Pattern still forming (not broken out),3-4 years,Medium-High,"yfinance, screener.in",100,248,2026-08-12,2026-07-11,2026-06-01,40,0.0,5,0.0
XCHANGING,Xchanging Solutions Limited,Technology,Information Technology Services,719.0,Small-Cap,MonthlyDoubleBottom,Forming,1.0,32,Sep 32mo | Mid rally 210% | Asymmetry 1%,,Sideways,False,False,Below-MAs,True,Downtrend,0,Uptrend,Uptrend,66.62,80.36,25.74,56.63,179.28,196.22,214.76,196.22,194.5,71.6,12.09,,1.96,1.28,6.97,310.0,-89.47,,0,none,15.8,18.0,1.23,34.0,0.66,29.3,8.34,9.73,5.27,0.7,18.0,9.45,-0.99,10.9,0.15,highly inconsistent earnings,0.18,,4.97,,29.48,4.1,75.0,0.0,,0.11,0.1,0.29,0.0,103.0,47.5,35.3,40.3,-23.3,-22.43,0.31,0.59,6,24.0,18.5,8.0,0.0,50.5,WATCH ⭐⭐,Expected ~72% CAGR (2yr) | ROCE trend rising ↑ | Low D/E 0.18 | Promoter 75% holding | OPM 34% | FCF yield 4.1%,Pattern still forming (not broken out),3-4 years,Medium-High,"yfinance, screener.in",100,255,,2026-07-11,2026-06-01,40,0.0,5,0.0
MOTILALOFS,Motilal Oswal Financial Services Limited,Financial Services,Capital Markets,58309.0,Large-Cap,MonthlyDoubleBottom,Forming,1.0,40,Sep 40mo | Mid rally 267% | Asymmetry 2%,MonthlyDoubleBottom+MonthlyStage2,Sideways-Above-MA,True,False,Below-MAs,True,Stage2,12,Uptrend,Uptrend,850.95,1525.03,411.93,723.31,729.68,2638.13,1159.18,919.69,210.0,76.1,31.75,16.17,4.52,1.22,,114.0,33.89,1113.0,5,strong_buy,15.5,12.7,-1.06,41.0,-1.29,23.22,4.83,12.48,30.95,20.94,-25.36,26.04,8.15,,0.15,highly inconsistent earnings,1.66,,1.15,,,,67.54,-0.08,,7.03,0.1,6.02,-0.4,1097.1,614.9,22.4,38.4,6.31,-2.89,0.5,0.2,2,19.0,21.5,7.0,3.0,50.5,WATCH ⭐⭐,Expected ~76% CAGR (2yr) | Revenue CAGR 31% | Profit CAGR 26% | Promoter 68% holding | OPM 41% | Margin compressing ↓ ⚠️,High D/E 1.7 | Margin compression ↓ | Pattern still forming (not broken out),3-4 years,Medium-High,"yfinance, screener.in",90,225,,2026-07-11,2026-06-01,40,0.0,5,1.0
LINCOLN,Lincoln Pharmaceuticals Limited,Healthcare,Drug Manufacturers - Specialty & Generic,1242.0,Small-Cap,MonthlyStage2,Stage Change,1.0,24,10-EMA=592 | 30-EMA=559 | Above by 27.2% | MA turning=Yes,MonthlyCupHandle+MonthlyDoubleBottom+MonthlyStage2,Uptrend,True,True,Tight-Above-MAs,True,Stage2,6,Uptrend,Uptrend,710.35,558.63,456.45,603.8,2045.51,2177.04,2317.02,2177.04,206.5,75.1,14.12,,1.64,2.2,10.29,29.0,6.27,,0,none,12.3,16.3,-1.89,15.0,-1.23,13.1,6.16,7.7,9.58,9.62,7.32,6.43,7.26,0.5,0.15,highly inconsistent earnings,0.01,,5.25,,2.59,0.21,49.78,0.0,,5.2,0.5,1.08,1.07,770.0,440.0,7.7,61.4,33.68,54.55,0.77,0.36,4,11.0,28.5,4.0,7.0,50.5,WATCH ⭐⭐,Expected ~75% CAGR (2yr) | Nearly debt-free | Margin compressing ↓ ⚠️ | DII buying +1.1% ↑ | EV/EBITDA 10× below sector (22×) | MonthlyStage2 forming (24mo base),Margin compression ↓,3-4 years,Medium-High,"yfinance, screener.in",100,126,,2026-07-11,2026-06-01,40,0.0,5,2.0
GATEWAY,Gateway Distriparks Limited,Industrials,Integrated Freight & Logistics,3091.0,Small-Cap,MonthlyDoubleBottom,Forming,1.0,37,Sep 37mo | Mid rally 123% | Asymmetry 10%,,Uptrend,True,False,Below-MAs,False,Stage2,4,Uptrend,Uptrend,58.71,112.36,48.1,49.9,129.96,176.62,135.98,132.93,200.8,73.4,12.08,9.81,1.34,5.28,8.03,323.0,0.0,87.2,5,strong_buy,11.5,10.8,0.2,22.0,-1.09,11.56,5.86,31.59,15.89,13.41,-30.75,2.29,22.47,,0.15,highly inconsistent earnings,0.25,,1.07,,268.06,8.67,33.93,0.9,,6.66,0.17,33.99,-1.68,76.5,48.1,23.3,22.1,-3.29,-50.75,0.32,0.21,5,16.0,24.5,9.0,1.0,50.5,WATCH ⭐⭐,Expected ~73% CAGR (2yr) | Revenue CAGR 16% | ROCE trend rising ↑ | Low D/E 0.25 | Margin compressing ↓ ⚠️ | FCF yield 8.7%,Margin compression ↓ | Pattern still forming (not broken out),3-4 years,Medium-High,"yfinance, screener.in",100,53,,2026-07-11,2026-06-01,40,4.7,5,9.0
DICIND,DIC India Limited,Basic Materials,Specialty Chemicals,478.0,Micro-Cap,MonthlyDoubleBottom,Forming,1.0,48,Sep 48mo | Mid rally 132% | Asymmetry 3%,,Uptrend,True,True,Tight-Above-MAs,True,Stage2,1,Uptrend,Uptrend,522.6,697.35,296.01,444.21,510.46,1098.69,658.98,579.99,110.2,45.0,25.13,12.18,1.12,1.84,8.81,58.0,14.47,,0,none,10.8,15.2,0.2,8.0,0.3,2.05,,-2.14,10.48,,22.22,13.62,,63.8,0.15,highly inconsistent earnings,0.01,,,,,,71.75,0.0,,0.0,,,,650.0,450.5,19.6,16.0,-9.41,-10.9,0.58,0.07,3,15.0,28.5,6.0,1.0,50.5,WATCH ⭐⭐,Expected ~45% CAGR (2yr) | ROCE trend rising ↑ | Nearly debt-free | Promoter 72% holding | Dividend growing 14%/yr | EV/EBITDA 9× vs sector 10×,Pattern still forming (not broken out),3-4 years,Medium-High,"yfinance, screener.in",80,289,,2026-07-11,2026-06-01,40,3.5,5,13.0
SCHAEFFLER,Schaeffler India Limited,Consumer Cyclical,Auto Parts,65055.0,Large-Cap,MonthlyCupHandle,Forming,0.924,23,Cup 23mo | Depth 23% | Prior gain 30% | R²=1.00,MonthlyCupHandle+MonthlyDoubleBottom,Sideways-Above-MA,True,False,Uptrend,True,Stage2,3,Uptrend,Uptrend,4078.1,4584.62,3519.0,3466.38,3396.1,5650.24,4151.22,3754.72,38.6,17.7,53.48,41.29,10.76,5.06,34.45,84.0,13.4,4788.71,7,none,20.2,27.3,0.0,18.0,-0.2,12.03,,4.24,11.67,,5.65,10.56,,25.6,0.15,highly inconsistent earnings,0.01,,,,,,74.13,0.0,,4.25,-0.2,16.32,0.21,4467.7,3518.4,8.7,15.9,3.4,13.12,0.48,0.01,1,23.0,22.09,2.0,3.0,50.1,WATCH ⭐⭐,Expected ~18% CAGR (2yr) | ROE 20% | ROCE 27% | Nearly debt-free | Promoter 74% holding | Dividend growing 13%/yr,High PE 53 | Earnings due 2026-07-23 | Pattern still forming (not broken out),3-4 years,Medium-High,"yfinance, screener.in",80,288,2026-07-23,2026-07-11,2026-06-01,40,2.3,5,-5.0
THERMAX,Thermax Limited,Industrials,Conglomerates,51903.0,Large-Cap,MonthlyStage2,Breaking Out,1.0,24,10-EMA=3575 | 30-EMA=3451 | Above by 28.0% | MA turning=Yes,MonthlyDoubleBottom+MonthlyStage2,Uptrend,True,False,Uptrend,True,Stage2,4,Uptrend,Uptrend,4416.6,3451.42,2878.0,3754.11,2398.71,4024.84,3276.31,2803.38,,,71.95,47.74,9.35,4.26,50.5,30.0,25.99,4409.36,22,none,12.9,14.9,1.11,10.0,0.66,6.74,4.04,2.94,9.75,17.42,14.83,16.87,28.31,18.7,0.4,lumpy earner,0.42,,1.22,,-311.12,-0.6,61.99,0.0,,11.25,-1.11,15.49,0.65,5277.8,2742.7,16.3,61.0,37.41,72.87,1.88,0.3,4,15.0,28.0,-1.0,8.0,50.0,WATCH ⭐⭐,ROCE trend rising ↑ | Promoter 62% holding | DII buying +0.7% ↑ | Dividend growing 26%/yr | MonthlyStage2 — Breaking Out | Weekly uptrend,High PE 72 | Earnings due 2026-07-30,3-4 years,Medium-High,"yfinance, screener.in",100,287,2026-07-30,2026-07-11,2026-06-01,40,0.0,5,-2.0
PITTIENG,Pitti Engineering Limited,Industrials,Metal Fabrication,3596.0,Small-Cap,MonthlyDoubleBottom,Forming,1.0,23,Sep 23mo | Mid rally 133% | Asymmetry 9%,MonthlyCupHandle+MonthlyDoubleBottom+MonthlyStage2,Sideways-Above-MA,True,True,Constructive,True,Stage2,4,Uptrend,Uptrend,921.65,1510.04,621.3,783.4,1362.68,2398.78,2163.04,1716.83,160.3,61.3,30.68,20.05,3.64,1.18,11.98,15.0,6.27,1178.0,1,none,12.5,14.8,-0.7,16.0,0.34,6.16,7.58,12.2,20.26,29.86,-3.28,25.99,32.4,-26.4,0.15,highly inconsistent earnings,0.82,,1.4,,-25.93,-0.72,54.17,0.0,,1.12,0.19,20.23,0.0,1044.4,675.0,11.8,36.5,-1.28,128.8,0.57,0.27,4,18.0,22.0,8.0,2.0,50.0,WATCH ⭐⭐,Expected ~61% CAGR (2yr) | Revenue CAGR 20% | Profit CAGR 26% | Promoter 54% holding | PEG 1.18 — fair value | EV/EBITDA 12× below sector (18×),Pattern still forming (not broken out),3-4 years,Medium-High,"yfinance, screener.in",100,232,,2026-07-11,2026-06-01,40,0.0,5,0.0
INDHOTEL,The Indian Hotels Company Limited,Consumer Cyclical,Lodging,103711.0,Large-Cap,MonthlyDoubleBottom,Forming,0.614,44,Sep 44mo | Mid rally 68% | Asymmetry 7%,MonthlyDoubleBottom+MonthlyStage2,Sideways,False,False,Below-MAs,True,Stage2,3,Uptrend,Uptrend,652.75,155.69,89.7,554.84,833.63,962.22,1381.66,1073.22,47.4,21.4,49.77,39.79,7.95,1.73,31.23,45.0,48.12,795.72,29,buy,14.2,17.1,4.71,33.0,9.74,20.92,9.42,16.24,18.59,43.81,10.26,28.74,49.99,14.9,0.2,multiple loss years in history,0.19,,2.5,,1306.16,1.26,38.12,0.0,,23.23,-1.86,22.58,1.92,811.95,565.0,19.6,15.5,-6.18,45.02,0.54,-0.16,7,29.0,14.87,4.0,2.0,49.9,MONITOR ⭐,Expected ~21% CAGR (2yr) | Revenue CAGR 19% | Profit CAGR 29% | ROCE trend rising ↑ | Low D/E 0.19 | OPM 33%,Earnings due 2026-07-16 | Pattern still forming (not broken out),3-4 years,Medium-High,"yfinance, screener.in",100,287,2026-07-16,2026-07-11,2026-06-01,40,0.0,5,0.0
KANPRPLA,Kanpur Plastipack Limited,Consumer Cyclical,Packaging & Containers,467.0,Micro-Cap,MonthlyDoubleBottom,Forming,0.69,16,Sep 16mo | Mid rally 75% | Asymmetry 6%,,Downtrend,False,False,Below-MAs,True,Stage2,3,Uptrend,Uptrend,193.47,148.82,82.49,164.45,2228.91,4801.95,10345.33,4801.95,2382.0,398.2,11.22,,1.75,0.1,8.73,46.0,-9.14,,0,none,17.2,17.9,-0.4,9.0,-0.54,5.5,6.93,14.67,14.74,9.78,263.64,115.44,5.92,400.0,0.15,highly inconsistent earnings,0.42,,1.74,,16.89,3.61,68.12,0.49,,0.0,0.0,1.48,0.37,247.0,151.25,21.7,27.9,1.04,62.85,0.6,0.48,5,24.0,11.78,12.0,2.0,49.8,MONITOR ⭐,Expected ~398% CAGR (2yr) | Profit CAGR 115% | Promoter 68% holding | Margin compressing ↓ ⚠️ | FCF yield 3.6% | Piotroski F=5 (above average quality),Margin compression ↓ | Pattern still forming (not broken out),3-4 years,Medium-High,"yfinance, screener.in",100,65,,2026-07-11,2026-06-01,40,0.0,5,0.0
HAPPYFORGE,HAPPY FORGINGS LIMITED,Industrials,Metal Fabrication,14148.0,Mid-Cap,MonthlyStage2,Stage Change,1.0,24,10-EMA=1208 | 30-EMA=1094 | Above by 21.8% | MA turning=Yes,MonthlyDoubleBottom+MonthlyStage2,Uptrend,True,True,Uptrend,True,Stage2,4,Uptrend,Uptrend,1331.9,1093.71,767.47,1132.12,1011.03,1419.95,1292.13,1142.97,6.6,3.3,46.95,31.77,6.64,3.6,30.12,27.0,-25.0,1455.29,7,none,15.0,18.0,-1.5,30.0,0.63,19.5,9.84,9.72,8.9,21.45,13.11,13.05,28.56,23.4,0.4,lumpy earner,0.15,,2.35,,-33.0,-0.23,78.48,-0.02,,1.73,-0.11,16.48,-0.25,1590.4,862.05,16.3,54.5,44.94,,0.89,0.81,4,15.0,26.5,0.0,8.0,49.5,MONITOR ⭐,Expected ~3% CAGR (2yr) | Low D/E 0.15 | Promoter 78% holding | OPM 30% | MonthlyStage2 forming (24mo base) | Weekly uptrend,None identified,3-4 years,Medium-High,"yfinance, screener.in",100,31,,2026-07-11,2026-06-01,40,-2.9,5,-3.0
TIMETECHNO,Time Technoplast Limited,Consumer Cyclical,Packaging & Containers,8937.0,Mid-Cap,MonthlyDoubleBottom,Forming,1.0,27,Sep 27mo | Mid rally 198% | Asymmetry 4%,MonthlyDoubleBottom+MonthlyStage2,Downtrend,False,False,Below-MAs,False,Stage2,3,Uptrend,Uptrend,172.69,107.47,35.27,146.79,604.69,777.94,1000.82,777.94,350.5,112.2,18.12,12.93,2.19,0.63,10.18,69.0,35.72,280.0,1,none,13.4,16.7,1.66,15.0,0.31,7.67,8.94,11.87,12.49,15.23,21.07,28.65,35.1,20.4,0.4,lumpy earner,0.18,,3.63,,-487.52,-5.46,47.57,0.06,,10.88,-0.78,17.37,0.67,249.15,154.0,30.7,12.1,-14.08,173.19,0.68,0.3,6,23.0,16.5,10.0,0.0,49.5,MONITOR ⭐,Expected ~112% CAGR (2yr) | Profit CAGR 29% | ROCE trend rising ↑ | Low D/E 0.18 | Piotroski F=6 (above average quality) | DII buying +0.7% ↑,Pattern still forming (not broken out),3-4 years,Medium-High,"yfinance, screener.in",100,228,,2026-07-11,2026-06-01,40,0.0,5,0.0
VEEDOL,Veedol Corporation Limited,Basic Materials,Specialty Chemicals,2479.0,Small-Cap,MonthlyDoubleBottom,Forming,1.0,43,Sep 43mo | Mid rally 344% | Asymmetry 9%,,Sideways,False,False,Below-MAs,True,Stage2,1,Uptrend,Uptrend,1425.9,3109.05,670.89,1212.02,2824.34,5547.21,3974.72,3350.52,289.0,97.2,12.94,,2.54,0.69,10.09,398.0,-32.24,,0,none,19.7,24.2,-0.0,10.0,-0.4,8.84,9.06,10.1,5.37,11.51,13.61,18.63,6.37,-3.8,0.15,highly inconsistent earnings,0.01,,2.95,,104.96,4.23,64.58,0.0,,1.06,-0.11,1.17,0.0,2035.0,1238.2,29.9,15.2,-4.74,33.42,0.36,0.36,4,22.0,19.5,8.0,0.0,49.5,MONITOR ⭐,Expected ~97% CAGR (2yr) | ROCE 24% | Nearly debt-free | Promoter 65% holding | FCF yield 4.2% | PEG 0.69 — undervalued,Pattern still forming (not broken out),3-4 years,Medium-High,"yfinance, screener.in",100,233,,2026-07-11,2026-06-01,40,0.0,5,0.0
HESTERBIO,HESTER BIOSCIENCES LTD,Healthcare,Drug Manufacturers - Specialty & Generic,0.0,Micro-Cap,MonthlyDoubleBottom,Forming,1.0,12,Sep 12mo | Mid rally 166% | Asymmetry 4%,MonthlyDoubleBottom+MonthlyStage2,Uptrend,True,False,Uptrend,True,Stage2,6,Uptrend,Uptrend,1952.9,3359.21,1238.65,1659.97,3567.56,5479.77,5730.57,4521.52,180.6,67.5,33.56,,5.19,1.25,25.3,50.0,-11.21,,0,none,15.9,15.2,-0.77,26.0,-1.4,16.65,6.51,7.07,7.78,9.25,96.55,26.74,10.25,1138.0,0.15,highly inconsistent earnings,0.53,,1.37,,28.84,,53.73,0.0,,0.38,-0.14,0.0,-0.01,2350.0,1239.3,16.9,57.6,4.18,-5.19,0.34,0.49,3,17.0,25.5,4.0,3.0,49.5,MONITOR ⭐,Expected ~68% CAGR (2yr) | Profit CAGR 27% | Promoter 54% holding | OPM 26% | Margin compressing ↓ ⚠️ | PEG 1.25 — fair value,Margin compression ↓ | Pattern still forming (not broken out),3-4 years,Medium-High,"yfinance, screener.in",100,136,,2026-07-11,2026-06-01,40,8.7,5,2.0
IRISDOREME,Iris Clothings Limited,Consumer Cyclical,Apparel Manufacturing,733.0,Small-Cap,MonthlyDoubleBottom,Forming,1.0,48,Sep 48mo | Mid rally 289% | Asymmetry 7%,,Uptrend,True,False,Constructive,True,Stage2,3,Uptrend,Uptrend,36.59,106.0,26.35,31.1,41.88,185.65,63.98,51.76,407.4,125.3,50.54,,5.73,2.14,29.05,,,,0,none,14.46,,,15.76,,8.48,8.48,50.4,,,23.6,,,43.5,0.5,insufficient history,0.24,,3.19,,-26.83,-3.66,61.17,0.0,,,0.0,0.79,-0.09,45.44,26.35,19.5,38.9,-36.68,-78.83,0.53,-0.16,3,22.0,25.5,0.0,2.0,49.5,MONITOR ⭐,Expected ~125% CAGR (2yr) | Revenue CAGR 50% | Profit CAGR 24% | Low D/E 0.24 | Promoter 61% holding | MonthlyDoubleBottom forming (48mo base),High PE 51 | Pattern still forming (not broken out),3-4 years,Medium-High,"yfinance, screener.in",70,91,,2026-07-11,2026-06-01,40,0.0,5,2.0
TECHNOE,Techno Electric & Engineering Company Limited,Industrials,Engineering & Construction,12581.0,Mid-Cap,MonthlyDoubleBottom,Forming,1.0,34,Sep 34mo | Mid rally 107% | Asymmetry 4%,MonthlyDoubleBottom+MonthlyStage2,Downtrend,False,False,Below-MAs,False,Stage2,4,Uptrend,Uptrend,1193.9,409.79,194.21,1014.82,2092.14,2295.58,3889.57,2852.63,92.3,38.7,28.01,17.39,3.03,0.77,22.34,83.0,65.1,1460.0,3,none,11.4,14.8,0.6,14.0,-1.43,14.57,5.06,43.32,57.65,29.76,12.06,36.35,21.1,-15.0,0.15,highly inconsistent earnings,0.02,,4.06,,-870.88,-6.92,56.93,0.0,,8.65,0.12,22.72,-0.33,1654.0,870.0,27.8,37.2,-17.21,212.61,0.45,0.77,4,25.0,16.5,8.0,0.0,49.5,MONITOR ⭐,Expected ~39% CAGR (2yr) | Revenue CAGR 58% | Profit CAGR 36% | ROCE trend rising ↑ | Nearly debt-free | Promoter 57% holding,Margin compression ↓ | Pattern still forming (not broken out),3-4 years,Medium-High,"yfinance, screener.in",100,230,,2026-07-11,2026-06-01,40,0.0,5,2.0
360ONE,360 One Wam Limited,Financial Services,Asset Management,45122.0,Large-Cap,MonthlyDoubleBottom,Forming,0.46,6,Sep 6mo | Mid rally 51% | Asymmetry 5%,,Uptrend,True,True,Uptrend,True,Stage2,12,Uptrend,Uptrend,1129.0,433.06,280.44,959.65,787.08,1108.53,1185.36,965.91,,,38.02,26.72,4.57,1.67,21.06,162.0,-28.26,1322.45,11,buy,14.4,12.1,0.63,62.0,1.34,27.16,7.1,18.4,28.47,21.4,19.8,22.72,26.94,15.7,0.4,lumpy earner,1.62,,13.02,,1433.27,3.18,6.24,-0.01,,63.33,-2.18,12.75,1.93,1273.8,906.05,11.4,24.6,13.0,115.03,0.59,0.39,5,24.0,18.52,3.0,4.0,49.5,MONITOR ⭐,Revenue CAGR 28% | Profit CAGR 23% | ROCE trend rising ↑ | OPM 62% | FCF yield 3.2% | Piotroski F=5 (above average quality),High D/E 1.6 | Earnings due 2026-07-16 | Pattern still forming (not broken out),3-4 years,Medium-High,"yfinance, screener.in",100,83,2026-07-16,2026-07-11,2026-06-01,40,2.8,5,6.0
AURIONPRO,Aurionpro Solutions Limited,Technology,Software - Application,4857.0,Small-Cap,MonthlyDoubleBottom,Forming,0.516,9,Sep 9mo | Mid rally 59% | Asymmetry 8%,,Sideways,False,False,Below-MAs,True,Downtrend,0,Uptrend,Uptrend,857.8,61.34,37.12,729.13,1611.14,2056.14,2624.04,2056.14,139.7,54.8,22.83,15.38,2.72,0.83,15.21,68.0,68.69,1095.0,2,none,13.4,16.3,3.0,20.0,-0.37,14.83,7.56,20.29,28.89,30.42,12.77,27.62,45.96,22.2,0.75,consistent growth,0.04,,2.41,,-163.96,-3.38,26.88,0.0,,16.29,-0.48,1.25,0.36,1665.9,719.6,48.5,19.2,-34.15,44.79,0.21,-0.34,5,29.0,11.19,9.0,0.0,49.2,MONITOR ⭐,Expected ~55% CAGR (2yr) | Revenue CAGR 29% | Profit CAGR 28% | ROCE trend rising ↑ | Nearly debt-free | EPS: consistent growth,Pattern still forming (not broken out),3-4 years,Medium-High,"yfinance, screener.in",100,250,,2026-07-11,2026-06-01,40,17.4,5,2.0
SHRIPISTON,SPR Auto Technologies Limited,Consumer Cyclical,Auto Parts,18490.0,Mid-Cap,None,,0.0,0,,,Uptrend,True,False,Uptrend,True,Stage2,3,Uptrend,Uptrend,3733.1,,,3173.13,6509.09,8073.23,10013.22,8073.23,116.3,47.1,33.44,21.96,6.38,1.39,,24.0,-12.64,4850.0,1,none,21.6,21.0,2.29,20.0,1.37,8.02,,25.61,19.56,22.8,8.72,24.03,44.52,-50.6,0.4,lumpy earner,,,1.94,,,,43.75,0.0,,7.65,1.03,12.89,-0.25,4421.5,2301.2,15.6,62.2,59.7,158.35,,,4,24.0,13.0,4.0,8.0,49.0,MONITOR ⭐,Expected ~47% CAGR (2yr) | Revenue CAGR 20% | Profit CAGR 24% | ROE 22% | ROCE 21% | ROCE trend rising ↑,None identified,3-4 years,Medium-High,"yfinance, screener.in",70,121,,2026-07-11,2026-06-01,40,12.6,5,1.0
SAREGAMA,Saregama India Limited,Communication Services,Entertainment,9324.0,Mid-Cap,MonthlyDoubleBottom,Breakout Ready,1.0,40,Sep 40mo | Mid rally 427% | Asymmetry 2%,MonthlyDoubleBottom+MonthlyStage2,Uptrend,True,False,Constructive,True,Downtrend,0,Uptrend,Uptrend,464.0,86.91,16.33,394.4,285.25,380.2,306.45,295.66,,,45.23,31.78,5.6,12.39,27.75,185.0,44.22,507.0,4,buy,13.0,17.8,-2.83,34.0,-0.2,21.03,7.22,-15.88,10.15,17.38,0.98,3.65,12.76,25.4,0.15,highly inconsistent earnings,0.04,,1.75,,403.43,4.33,60.84,0.45,,12.18,-2.0,7.1,2.06,520.0,307.05,10.8,51.1,0.69,0.31,1.46,0.59,4,20.0,26.0,0.0,3.0,49.0,MONITOR ⭐,Nearly debt-free | Promoter 61% holding | OPM 34% | FCF yield 4.3% | DII buying +2.1% ↑ | Dividend growing 44%/yr,None identified,3-4 years,Medium-High,"yfinance, screener.in",100,288,,2026-07-11,2026-06-01,40,17.7,5,2.0
CENTRALBK,Central Bank of India,Financial Services,Banks - Regional,29689.0,Mid-Cap,MonthlyDoubleBottom,Forming,1.0,7,Sep 7mo | Mid rally 114% | Asymmetry 0%,,Sideways,False,False,Below-MAs,False,Stage2,12,Uptrend,Uptrend,32.6,20.82,9.73,27.71,149.18,207.33,288.15,207.33,536.0,152.2,6.56,,0.76,0.17,,423.0,24.0,,0,none,11.8,5.62,,34.41,,24.42,0.88,7.02,12.13,9.64,14.91,38.98,46.56,-32.5,0.75,consistent growth,,,,,,,81.19,-8.08,,0.84,0.09,10.82,6.0,40.92,29.32,20.3,11.2,-2.1,-28.67,0.43,0.4,2,20.0,18.0,10.0,1.0,49.0,MONITOR ⭐,Expected ~152% CAGR (2yr) | Profit CAGR 39% | Promoter 81% holding | OPM 34% | EPS: consistent growth | DII buying +6.0% ↑,Pattern still forming (not broken out),3-4 years,Medium-High,"yfinance, screener.in",80,228,,2026-07-11,2026-06-01,40,-4.2,5,4.0
CHOICEIN,Choice International Limited,Financial Services,Capital Markets,17823.0,Mid-Cap,None,,0.0,0,,,Sideways-Above-MA,True,True,Constructive,True,Stage2,12,Uptrend,Uptrend,835.0,,,709.75,399.69,632.71,1001.58,632.71,,,71.43,53.23,9.46,1.23,,0.0,,,0,none,16.1,18.0,1.66,36.0,1.94,20.62,7.69,21.5,41.74,44.76,46.01,58.3,69.52,12.7,0.15,highly inconsistent earnings,0.5,,1.97,,,,53.66,0.0,,11.41,-0.75,0.35,0.05,860.5,568.7,3.0,46.8,5.8,333.38,,-0.37,5,33.0,9.0,4.0,3.0,49.0,MONITOR ⭐,Revenue CAGR 42% | Profit CAGR 58% | ROCE trend rising ↑ | Promoter 54% holding | OPM 36% | Piotroski F=5 (above average quality),High PE 71,3-4 years,Medium-High,"yfinance, screener.in",90,52,,2026-07-11,2026-06-01,40,26.7,5,7.0
GICL,GLOBE INTL CARRIERS LTD,Industrials,Integrated Freight & Logistics,213.0,Micro-Cap,MonthlyDoubleBottom,Forming,1.0,7,Sep 7mo | Mid rally 121% | Asymmetry 3%,,Downtrend,False,False,Below-MAs,False,Stage2,4,Uptrend,Uptrend,18.06,77.7,34.6,32.87,18.04,120.8,59.57,32.78,568.9,158.6,65.48,,2.7,0.8,18.09,0.0,,,0,none,12.5,15.9,1.51,11.0,1.2,5.63,7.99,11.46,15.36,16.95,140.0,81.71,64.38,-7.3,0.4,lumpy earner,0.46,,2.3,,-60.69,-28.54,63.49,0.0,,0.02,0.02,0.0,0.0,169.95,16.34,89.4,10.5,-83.53,-81.62,0.28,-0.25,6,26.0,15.0,8.0,0.0,49.0,MONITOR ⭐,Expected ~159% CAGR (2yr) | Revenue CAGR 15% | Profit CAGR 82% | ROCE trend rising ↑ | Promoter 63% holding | Piotroski F=6 (above average quality),High PE 65 | Pattern still forming (not broken out),3-4 years,Medium-High,"yfinance, screener.in",100,113,,2026-07-11,2026-06-15,26,-18.7,3,2.0
M&M,Mahindra & Mahindra Limited,Consumer Cyclical,Auto Manufacturers,376667.0,Large-Cap,MonthlyDoubleBottom,Forming,0.864,42,Sep 42mo | Mid rally 91% | Asymmetry 4%,,Downtrend,False,False,Below-MAs,False,Stage2,3,Uptrend,Uptrend,3092.3,930.3,477.38,2628.45,7765.19,7135.84,10786.61,9152.05,130.8,51.9,20.62,19.69,3.77,1.15,11.0,105.0,26.63,4111.53,34,strong_buy,20.8,15.4,1.29,19.0,0.86,8.46,7.07,24.76,17.85,21.74,32.32,17.86,65.23,41.6,0.15,highly inconsistent earnings,1.25,,1.27,,15655.24,4.16,18.45,0.02,,36.23,-1.26,31.37,0.98,3839.9,2896.0,19.5,6.8,5.64,95.56,0.75,0.34,5,21.0,14.87,11.0,2.0,48.9,MONITOR ⭐,Expected ~52% CAGR (2yr) | Revenue CAGR 18% | ROE 21% | ROCE trend rising ↑ | FCF yield 4.2% | Piotroski F=5 (above average quality),High D/E 1.3 | Earnings due 2026-07-30 | Pattern still forming (not broken out),3-4 years,Medium-High,"yfinance, screener.in",100,365,2026-07-30,2026-07-11,2026-06-01,40,0.0,5,0.0
MARUTI,Maruti Suzuki India Limited,Consumer Cyclical,Auto Manufacturers,451671.0,Large-Cap,MonthlyDoubleBottom,Forming,0.506,46,Sep 46mo | Mid rally 51% | Asymmetry 0%,MonthlyDoubleBottom+MonthlyStage2,Downtrend,False,False,Below-MAs,False,Stage2,3,Uptrend,Uptrend,12956.0,9282.39,6134.0,11012.6,23347.69,23348.41,34392.73,28337.09,80.2,34.2,30.77,23.22,4.22,1.44,20.25,97.0,31.04,15865.4,38,buy,14.4,19.0,2.8,12.0,1.2,8.01,6.55,19.88,15.96,21.1,1.24,21.37,27.31,-6.4,0.15,highly inconsistent earnings,0.0,,1.07,,7713.18,1.71,58.53,0.25,,14.12,-1.64,24.09,1.25,17370.0,12201.0,25.4,6.2,13.33,13.6,0.59,0.27,6,26.0,10.57,9.0,3.0,48.6,MONITOR ⭐,Expected ~34% CAGR (2yr) | Revenue CAGR 16% | Profit CAGR 21% | ROCE trend rising ↑ | Nearly debt-free | Promoter 59% holding,Earnings due 2026-04-28 | Pattern still forming (not broken out),3-4 years,Medium-High,"yfinance, screener.in",100,275,2026-04-28,2026-07-11,2026-06-01,40,0.0,5,0.0
IZMO,IZMO Limited,Technology,Software - Application,1485.0,Small-Cap,MonthlyDoubleBottom,Forming,1.0,12,Sep 12mo | Mid rally 177% | Asymmetry 4%,,Downtrend,False,False,Below-MAs,False,Downtrend,0,Uptrend,Uptrend,666.0,649.45,229.7,566.1,961.78,1287.73,1724.14,1287.73,93.4,39.1,31.15,,3.63,0.92,28.63,0.0,-68.75,,0,none,12.4,12.6,0.29,18.0,-0.89,16.7,4.64,26.67,22.77,19.7,-2.04,33.89,12.2,151.1,0.15,highly inconsistent earnings,0.04,,2.62,,-42.29,-2.85,34.79,-0.02,,3.27,0.01,0.49,-0.02,1374.7,350.05,51.6,90.3,93.8,227.63,0.11,0.45,5,22.0,14.5,6.0,6.0,48.5,MONITOR ⭐,Expected ~39% CAGR (2yr) | Revenue CAGR 23% | Profit CAGR 34% | ROCE trend rising ↑ | Nearly debt-free | Margin compressing ↓ ⚠️,Margin compression ↓ | Pattern still forming (not broken out),3-4 years,Medium-High,"yfinance, screener.in",100,232,,2026-07-11,2026-06-01,40,0.0,5,-3.0
INNOVACAP,Innova Captab Limited,Healthcare,Drug Manufacturers - Specialty & Generic,5481.0,Small-Cap,MonthlyStage2,Stage Change,1.0,24,10-EMA=774 | 30-EMA=742 | Above by 17.7% | MA turning=Yes,MonthlyDoubleBottom+MonthlyStage2,Sideways-Above-MA,True,True,Constructive,True,Stage2,6,Uptrend,Uptrend,873.3,742.21,507.05,742.3,1395.71,1779.81,2269.62,1779.81,103.8,42.8,38.91,21.48,5.03,1.41,24.95,42.0,,1078.5,2,none,13.7,15.0,-3.37,15.0,0.6,8.64,6.83,31.03,20.74,31.73,10.16,27.52,32.91,28.8,0.15,highly inconsistent earnings,0.32,,1.87,,-26.78,-0.49,50.9,0.0,,0.23,0.13,20.14,-0.1,1031.5,622.0,15.3,40.4,9.71,,1.42,-0.05,5,19.0,22.5,4.0,3.0,48.5,MONITOR ⭐,Expected ~43% CAGR (2yr) | Revenue CAGR 21% | Profit CAGR 28% | Promoter 51% holding | Piotroski F=5 (above average quality) | PEG 1.41 — fair value,None identified,3-4 years,Medium-High,"yfinance, screener.in",100,30,,2026-07-11,2026-06-01,40,0.0,5,-1.0
FCL,Fineotex Chemical Limited,Basic Materials,Specialty Chemicals,4556.0,Small-Cap,MonthlyStage2,Stage Change,1.0,24,10-EMA=31 | 30-EMA=29 | Above by 28.6% | MA turning=Yes,MonthlyDoubleBottom+MonthlyStage2,Uptrend,True,False,Tight-Above-MAs,True,Stage2,1,Uptrend,Uptrend,36.99,28.76,19.24,31.44,24.84,38.28,30.92,27.71,3.5,1.7,35.89,27.94,3.69,3.1,24.09,41.0,58.74,28.0,1,none,13.5,18.3,-1.86,17.0,0.26,14.08,7.68,44.84,14.3,28.66,14.68,11.57,22.67,58.3,0.15,highly inconsistent earnings,0.01,,2.8,,-75.68,-1.66,62.3,-0.27,,2.92,0.39,1.27,-0.01,47.18,19.1,21.6,93.7,56.78,-6.08,0.33,0.53,4,14.0,28.5,-1.0,7.0,48.5,MONITOR ⭐,Expected ~2% CAGR (2yr) | Nearly debt-free | Promoter 62% holding | Dividend growing 59%/yr | MonthlyStage2 forming (24mo base) | Weekly uptrend,None identified,3-4 years,Medium-High,"yfinance, screener.in",100,139,,2026-07-11,2026-06-01,40,11.3,5,-0.5
PNB,Punjab National Bank,Financial Services,Banks - Regional,121078.0,Large-Cap,MonthlyDoubleBottom,Forming,1.0,36,Sep 36mo | Mid rally 236% | Asymmetry 1%,MonthlyCupHandle+MonthlyDoubleBottom,Downtrend,False,False,Below-MAs,False,Stage2,12,Uptrend,Uptrend,101.3,214.75,63.74,86.1,586.5,668.82,1826.88,1035.12,560.2,157.0,6.58,6.35,0.81,0.09,,285.0,66.5,119.38,16,hold,13.0,6.13,,29.4,,31.22,0.95,5.45,14.62,9.8,-0.46,76.49,46.95,2.7,0.15,highly inconsistent earnings,,,,,,,70.08,0.0,,6.39,0.46,16.05,-0.04,135.15,98.5,25.0,2.8,2.05,84.12,0.85,0.53,2,18.0,16.5,12.0,2.0,48.5,MONITOR ⭐,Expected ~157% CAGR (2yr) | Profit CAGR 76% | Promoter 70% holding | OPM 29% | Dividend growing 66%/yr | PEG 0.09 — deeply undervalued,Earnings due 2026-07-30 | Pattern still forming (not broken out),3-4 years,Medium-High,"yfinance, screener.in",80,287,2026-07-30,2026-07-11,2026-06-01,40,0.0,5,0.0
SUBROS,Subros Limited,Consumer Cyclical,Auto Parts,5533.0,Small-Cap,MonthlyDoubleBottom,Forming,1.0,17,Sep 17mo | Mid rally 113% | Asymmetry 3%,MonthlyDoubleBottom+MonthlyStage2,Downtrend,False,False,Below-MAs,False,Stage2,3,Uptrend,Uptrend,732.45,432.61,200.73,622.58,1987.2,2180.22,4544.22,3005.04,197.7,72.5,33.44,22.44,4.45,0.65,16.86,35.0,54.87,943.0,3,none,14.7,19.8,3.03,9.0,0.31,4.41,6.24,11.52,10.21,15.9,9.93,51.22,28.71,6.8,0.15,highly inconsistent earnings,0.06,,1.61,,-89.81,-1.62,36.79,0.0,,32.79,0.01,10.76,-0.29,1213.7,622.1,39.7,17.7,-15.54,45.8,0.15,0.53,6,20.0,15.5,13.0,0.0,48.5,MONITOR ⭐,Expected ~72% CAGR (2yr) | Profit CAGR 51% | ROCE trend rising ↑ | Nearly debt-free | Piotroski F=6 (above average quality) | Dividend growing 55%/yr,Pattern still forming (not broken out),3-4 years,Medium-High,"yfinance, screener.in",100,251,,2026-07-11,2026-06-01,40,0.0,5,0.0
SONACOMS,Sona BLW Precision Forgings Limited,Consumer Cyclical,Auto Parts,41061.0,Large-Cap,MonthlyStage2,Stage Change,1.0,24,10-EMA=570 | 30-EMA=547 | Above by 22.3% | MA turning=Yes,MonthlyCupHandle+MonthlyDoubleBottom+MonthlyStage2,Uptrend,True,False,Uptrend,True,Stage2,3,Uptrend,Uptrend,668.55,546.74,410.42,568.27,528.59,683.06,720.87,617.29,2.2,1.1,64.09,41.91,6.86,3.82,39.4,55.0,6.56,623.53,15,buy,11.3,14.2,-1.29,24.0,-0.4,14.39,7.08,25.47,18.78,23.22,4.83,16.78,23.95,16.9,0.15,highly inconsistent earnings,0.07,,3.4,,-318.42,-0.78,28.01,-0.01,,23.7,-0.19,41.46,0.72,672.6,402.3,0.6,66.2,52.29,-11.83,0.38,0.38,4,13.0,26.5,-1.0,10.0,48.5,MONITOR ⭐,Expected ~1% CAGR (2yr) | Revenue CAGR 19% | Nearly debt-free | DII buying +0.7% ↑ | MonthlyStage2 forming (24mo base) | Weekly uptrend,High PE 64 | Earnings due 2026-04-30,3-4 years,Medium-High,"yfinance, screener.in",100,62,2026-04-30,2026-07-11,2026-06-01,40,15.3,5,0.6
EIHAHOTELS,EIH Associated Hotels Limited,Consumer Cyclical,Lodging,1984.0,Small-Cap,MonthlyDoubleBottom,Forming,1.0,33,Sep 33mo | Mid rally 164% | Asymmetry 7%,,Sideways,False,False,Below-MAs,False,Stage2,3,Uptrend,Uptrend,319.75,327.18,119.64,271.79,753.5,901.79,1079.26,901.79,182.0,67.9,22.77,,3.29,1.16,14.9,107.0,100.0,,0,none,11.5,13.2,0.1,28.0,-0.8,22.72,9.26,8.84,5.66,3.48,33.33,19.68,1.76,-18.7,0.15,highly inconsistent earnings,0.01,,3.49,,31.58,1.59,75.0,0.0,,13.67,-0.03,,,434.9,266.65,26.5,19.9,-14.68,7.77,0.18,-0.04,5,21.0,19.5,8.0,0.0,48.5,MONITOR ⭐,Expected ~68% CAGR (2yr) | ROCE trend rising ↑ | Nearly debt-free | Promoter 75% holding | OPM 28% | Margin compressing ↓ ⚠️,Margin compression ↓ | Pattern still forming (not broken out),3-4 years,Medium-High,"yfinance, screener.in",100,220,,2026-07-11,2026-06-01,40,-1.8,5,3.0
BRIGADE,Brigade Enterprises Limited,Real Estate,Real Estate - Development,16760.0,Mid-Cap,MonthlyDoubleBottom,Forming,1.0,42,Sep 42mo | Mid rally 180% | Asymmetry 0%,,Downtrend,False,False,Below-MAs,False,Stage2,3,Uptrend,Uptrend,574.6,249.66,88.97,488.41,1178.35,1351.71,2593.64,1748.21,135.2,53.4,26.04,14.06,2.46,0.54,14.76,36.0,18.56,756.95,15,strong_buy,10.4,10.5,1.74,25.0,0.31,11.31,2.88,12.28,18.25,23.91,6.62,48.36,20.79,-41.1,0.2,multiple loss years in history,0.84,,1.24,,-2239.16,-13.36,41.1,-0.01,,15.83,-0.92,25.53,0.79,856.5,450.75,32.9,27.5,-36.69,-28.39,1.18,0.13,4,20.0,16.5,12.0,0.0,48.5,MONITOR ⭐,Expected ~53% CAGR (2yr) | Revenue CAGR 18% | Profit CAGR 48% | ROCE trend rising ↑ | DII buying +0.8% ↑ | Dividend growing 19%/yr,Earnings due 2026-05-06 | Pattern still forming (not broken out),3-4 years,Medium-High,"yfinance, screener.in",100,224,2026-05-06,2026-07-11,2026-07-01,10,-15.3,1,2.0
CRAFTSMAN,Craftsman Automation Limited,Consumer Cyclical,Auto Parts,23850.0,Mid-Cap,MonthlyDoubleBottom,Forming,0.886,13,Sep 13mo | Mid rally 91% | Asymmetry 2%,,Uptrend,True,False,Tight-Above-MAs,True,Stage2,3,Uptrend,Uptrend,9301.0,7115.25,3696.88,7905.85,8084.27,10533.62,10734.26,9315.51,13.3,6.4,56.5,28.99,6.66,3.71,20.85,12.0,10.06,9161.88,8,none,12.5,13.9,-0.54,15.0,-2.66,4.76,6.19,41.81,36.35,38.91,91.04,15.23,31.68,74.4,0.15,highly inconsistent earnings,1.11,,1.18,,-939.73,-3.94,44.42,-4.28,,17.15,1.96,31.08,2.79,9938.0,5785.0,6.4,60.8,35.45,64.04,0.21,0.27,3,11.0,26.13,3.0,8.0,48.1,MONITOR ⭐,Expected ~6% CAGR (2yr) | Revenue CAGR 36% | Margin compressing ↓ ⚠️ | FII buying +2.0% ↑ | DII buying +2.8% ↑ | Dividend growing 10%/yr,High D/E 1.1 | High PE 56 | Margin compression ↓ | Pattern still forming (not broken out),3-4 years,Medium-High,"yfinance, screener.in",100,65,,2026-07-11,2026-06-01,40,9.0,5,-4.0
TBOTEK,TBO TEK LIMITED,Consumer Cyclical,Travel Services,16254.0,Mid-Cap,MonthlyDoubleBottom,Forming,0.756,11,Sep 11mo | Mid rally 76% | Asymmetry 1%,,Sideways,False,False,Below-MAs,True,Stage2,3,Uptrend,Uptrend,1178.1,1764.8,996.0,1001.38,919.81,2533.6,1283.57,1086.57,115.1,46.6,66.67,32.8,10.5,3.68,40.94,0.0,,1711.09,11,strong_buy,17.6,18.0,2.91,14.0,4.94,9.12,2.35,54.12,35.97,79.92,6.09,18.13,27.3,2.0,0.15,highly inconsistent earnings,0.49,,1.08,,961.73,5.92,44.4,0.0,,29.71,-1.14,20.34,1.33,1764.8,1004.2,33.2,17.3,-8.11,,0.23,0.68,4,28.0,15.07,3.0,2.0,48.1,MONITOR ⭐,"Expected ~47% CAGR (2yr) | Revenue CAGR 36% | ROCE trend rising ↑ | FCF yield 5.9% | DII buying +1.3% ↑ | Analyst target ₹1711 (+45%, n=11)",High PE 67 | Pattern still forming (not broken out),3-4 years,Medium-High,"yfinance, screener.in",100,25,,2026-07-11,2026-06-01,40,0.0,5,10.0
FORCEMOT,Force Motors Limited,Consumer Cyclical,Auto Manufacturers,24777.0,Mid-Cap,None,,0.0,0,,,Downtrend,False,False,Below-MAs,False,Stage2,3,Uptrend,Uptrend,18170.0,,,15444.5,111073.55,231421.73,482167.18,231421.73,1173.6,256.9,20.45,,6.01,0.19,16.44,21.0,58.74,,0,none,29.2,36.1,9.23,16.0,3.37,13.38,12.82,12.2,21.67,35.43,51.31,108.35,53.33,-35.9,0.2,multiple loss years in history,,,1.87,,-98.59,-0.4,61.63,0.0,,10.93,0.47,1.75,-0.05,26450.0,14177.0,31.3,28.2,-5.6,595.35,,0.53,6,33.0,3.0,12.0,0.0,48.0,MONITOR ⭐,Expected ~257% CAGR (2yr) | Revenue CAGR 22% | Profit CAGR 108% | ROE 29% | ROCE 36% | ROCE trend rising ↑,None identified,3-4 years,Medium-High,"yfinance, screener.in",90,83,,2026-07-11,2026-06-01,40,-5.4,5,-4.0
MUFTI,CREDO BRANDS MARKETING L,Consumer Cyclical,Apparel Retail,582.0,Small-Cap,None,,0.0,0,,,Sideways,False,False,Below-MAs,True,Stage2,3,Uptrend,Uptrend,77.93,,,66.24,367.57,454.35,561.63,454.35,483.0,141.5,12.27,,1.33,0.52,4.78,337.0,500.0,,0,none,18.4,19.1,-0.3,29.0,1.8,8.01,6.35,8.99,21.92,,15.25,23.61,,10.2,0.15,highly inconsistent earnings,0.52,,3.27,,97.72,16.8,55.01,0.0,,0.46,0.0,3.36,1.03,177.02,63.06,56.0,23.6,-44.54,,,1.07,6,31.0,6.0,11.0,0.0,48.0,MONITOR ⭐,Expected ~142% CAGR (2yr) | Revenue CAGR 22% | Profit CAGR 24% | Promoter 55% holding | OPM 29% | FCF yield 16.8%,None identified,3-4 years,Medium-High,"yfinance, screener.in",100,30,,2026-07-11,2026-06-01,40,0.0,5,-2.0
INDIANB,Indian Bank,Financial Services,Banks - Regional,107616.0,Large-Cap,MonthlyDoubleBottom,Forming,0.582,6,Sep 6mo | Mid rally 64% | Asymmetry 6%,,Downtrend,False,False,Below-MAs,False,Stage2,12,Uptrend,Uptrend,817.1,187.63,110.59,694.53,2459.19,2289.03,4032.92,3149.24,180.1,67.4,9.19,7.45,1.34,0.33,,228.0,28.51,998.71,14,strong_buy,15.4,6.32,,46.92,,34.17,1.25,8.81,14.49,11.54,3.93,28.06,30.02,6.4,0.75,consistent growth,,,,,,,73.84,0.0,,6.16,0.34,17.03,-0.72,1000.9,606.0,18.4,34.8,37.95,179.31,0.66,0.29,2,20.0,9.98,11.0,7.0,48.0,MONITOR ⭐,Expected ~67% CAGR (2yr) | Profit CAGR 28% | Promoter 74% holding | OPM 47% | EPS: consistent growth | Dividend growing 29%/yr,Earnings due 2026-07-23 | Pattern still forming (not broken out),3-4 years,Medium-High,"yfinance, screener.in",80,231,2026-07-23,2026-07-11,2026-06-01,40,0.0,5,0.0
TARIL,TRANS & RECTI. LTD,Industrials,Electrical Equipment & Parts,10108.0,Mid-Cap,None,,0.0,0,,,Sideways,False,False,Below-MAs,True,Stage2,4,Uptrend,Uptrend,297.4,,,252.79,522.7,721.79,1816.11,974.31,142.7,55.8,38.18,27.16,6.53,0.44,26.31,6.0,38.67,343.0,3,none,19.1,23.3,3.54,15.0,1.74,10.54,9.1,24.39,21.58,27.59,25.93,86.4,102.44,-5.2,0.15,highly inconsistent earnings,0.3,,1.81,,-265.13,-2.62,64.36,0.0,,8.33,1.32,1.77,-2.41,578.5,224.05,48.6,32.7,-31.47,475.92,,-0.33,5,32.0,6.0,10.0,0.0,48.0,MONITOR ⭐,Expected ~56% CAGR (2yr) | Revenue CAGR 22% | Profit CAGR 86% | ROCE 23% | ROCE trend rising ↑ | Low D/E 0.30,None identified,3-4 years,Medium-High,"yfinance, screener.in",100,156,,2026-07-11,2026-06-01,40,0.0,5,0.0
COMSYN,Commercial Syn Bags Limited,Consumer Cyclical,Packaging & Containers,808.0,Small-Cap,None,,0.0,0,,,Uptrend,True,False,Uptrend,True,Stage2,3,Uptrend,Uptrend,193.94,,,164.85,531.05,786.6,1165.11,786.6,305.6,101.4,31.95,,4.5,0.66,19.31,20.0,,,0,none,16.1,13.9,-0.17,12.0,0.03,6.8,6.97,11.53,10.1,12.69,52.94,48.12,16.72,-21.4,0.15,highly inconsistent earnings,0.72,,1.27,,-9.1,-1.13,59.18,0.39,,0.17,0.17,0.09,0.09,205.0,123.3,5.4,57.3,36.21,,,0.21,4,16.0,13.0,9.0,10.0,48.0,MONITOR ⭐,Expected ~101% CAGR (2yr) | Profit CAGR 48% | Promoter 59% holding | PEG 0.66 — undervalued | EV/EBITDA 19× vs sector 25× | Weekly uptrend,None identified,3-4 years,Medium-High,"yfinance, screener.in",100,31,,2026-07-11,2026-06-01,40,26.7,5,12.0
EMCURE,EMCURE PHARMACEUTICALS L,Healthcare,Drug Manufacturers - Specialty & Generic,34884.0,Large-Cap,None,,0.0,0,,,Uptrend,True,False,Tight-Above-MAs,True,Stage2,6,Uptrend,Uptrend,1814.4,,,1542.24,2533.87,2570.79,3573.16,3008.98,41.7,19.0,37.73,24.64,7.04,2.01,20.27,16.0,,1913.5,6,strong_buy,20.1,24.0,-0.2,20.0,-0.97,10.04,9.62,16.57,15.42,12.83,33.1,18.75,17.56,28.8,0.15,highly inconsistent earnings,0.31,,1.43,,311.29,0.89,77.87,0.0,,3.35,-0.24,6.1,0.0,1944.0,1228.9,6.7,47.6,31.38,,,,4,22.0,15.0,3.0,8.0,48.0,MONITOR ⭐,Expected ~19% CAGR (2yr) | Revenue CAGR 15% | ROE 20% | ROCE 24% | Promoter 78% holding | Margin compressing ↓ ⚠️,Margin compression ↓,3-4 years,Medium-High,"yfinance, screener.in",100,25,,2026-07-11,2026-06-15,26,4.5,3,-1.0
BETA,BETA DRUGS LIMITED,Healthcare,Drug Manufacturers - Specialty & Generic,2110.0,Small-Cap,MonthlyStage2,Breaking Out,1.0,24,10-EMA=1735 | 30-EMA=1561 | Above by 51.6% | MA turning=Yes,MonthlyDoubleBottom+MonthlyStage2,Uptrend,True,True,Tight-Above-MAs,True,Stage2,6,Uptrend,Uptrend,2366.8,1561.16,1051.6,2011.78,2030.82,2229.23,2447.02,2229.23,,,51.03,,8.65,5.22,28.3,0.0,,,0,none,18.8,19.2,-1.23,20.0,-0.4,10.78,7.85,6.35,19.26,27.12,-2.38,9.77,27.86,0.2,0.15,highly inconsistent earnings,0.6,,3.1,,-33.59,-1.59,59.1,-5.53,,2.95,1.79,6.01,3.86,2250.0,990.1,-5.2,139.0,27.2,112.92,1.51,-0.52,4,12.0,30.0,0.0,6.0,48.0,MONITOR ⭐,Revenue CAGR 19% | Promoter 59% holding | FII buying +1.8% ↑ | DII buying +3.9% ↑ | MonthlyStage2 — Breaking Out | Weekly uptrend,High PE 51,3-4 years,Medium-High,"yfinance, screener.in",100,106,,2026-07-11,2026-06-15,26,33.6,3,7.0
NEWGEN,Newgen Software Technologies Limited,Technology,Software - Infrastructure,6802.0,Small-Cap,MonthlyDoubleBottom,Forming,0.322,6,Sep 6mo | Mid rally 39% | Asymmetry 7%,,Downtrend,False,False,Below-MAs,False,Downtrend,0,Uptrend,Uptrend,461.15,211.47,147.53,391.98,815.53,858.34,1161.88,973.42,86.1,36.4,22.68,16.11,3.81,1.17,14.48,125.0,30.5,685.71,7,buy,20.2,25.8,-0.11,26.0,-0.4,19.09,10.54,5.85,17.35,18.52,-4.44,19.36,19.03,-1.9,0.15,highly inconsistent earnings,0.02,,3.66,,197.71,2.91,53.52,0.0,,14.48,-2.86,8.85,-0.83,1147.2,401.05,59.8,15.0,-52.74,15.43,0.3,0.59,5,31.0,5.86,11.0,0.0,47.9,MONITOR ⭐,Expected ~36% CAGR (2yr) | Revenue CAGR 17% | ROE 20% | ROCE 26% | Nearly debt-free | Promoter 54% holding,Pattern still forming (not broken out),3-4 years,Medium-High,"yfinance, screener.in",100,101,,2026-07-11,2026-06-01,40,0.0,5,-3.0
APLLTD,Alembic Pharmaceuticals Limited,Healthcare,Drug Manufacturers - Specialty & Generic,16191.0,Mid-Cap,MonthlyDoubleBottom,Forming,0.855,29,Sep 29mo | Mid rally 94% | Asymmetry 9%,,Sideways-Above-MA,True,True,Constructive,True,Stage2,6,Uptrend,Uptrend,837.4,1289.56,635.8,711.79,2080.76,1943.32,3261.08,2604.9,132.1,52.3,23.98,17.09,2.85,0.95,15.57,146.0,3.23,907.7,10,none,13.4,12.6,-1.51,15.0,-1.71,9.19,6.05,10.09,9.12,6.37,15.29,25.19,-10.15,29.2,0.15,highly inconsistent earnings,0.25,,1.76,,28.48,0.18,69.74,0.0,,4.26,0.03,16.17,0.0,1044.8,635.8,19.9,31.7,-9.72,-15.48,0.46,0.37,4,16.0,20.76,10.0,1.0,47.8,MONITOR ⭐,Expected ~52% CAGR (2yr) | Profit CAGR 25% | Low D/E 0.25 | Promoter 70% holding | Margin compressing ↓ ⚠️ | PEG 0.95 — undervalued,Margin compression ↓ | Pattern still forming (not broken out),3-4 years,Medium-High,"yfinance, screener.in",100,179,,2026-07-11,2026-06-01,40,11.5,5,5.0
GANDHITUBE,Gandhi Special Tubes Limited,Industrials,Metal Fabrication,1046.0,Small-Cap,MonthlyDoubleBottom,Forming,0.848,34,Sep 34mo | Mid rally 86% | Asymmetry 1%,,Sideways-Above-MA,True,False,Constructive,False,Stage2,4,Uptrend,Uptrend,855.15,515.59,276.77,726.88,1398.18,1398.18,1398.18,1398.18,63.5,27.9,15.29,,3.31,,12.36,174.0,14.47,,0,none,23.51,,,39.49,,35.65,16.0,8.9,,,-21.5,,,-21.6,0.5,insufficient history,0.0,,6.11,,47.37,4.53,73.52,0.0,,1.23,0.0,0.06,-0.03,1031.8,649.5,17.1,31.7,3.6,-1.94,0.1,0.76,4,21.0,20.68,4.0,2.0,47.7,MONITOR ⭐,Expected ~28% CAGR (2yr) | Declining profits (-22% CAGR) ⚠️ | ROE 24% | Nearly debt-free | Promoter 74% holding | OPM 39%,Pattern still forming (not broken out),3-4 years,Medium-High,"yfinance, screener.in",70,235,,2026-07-11,2026-06-01,40,-2.0,5,0.0
INDIASHLTR,India Shelter Finance Corporation Limited,Financial Services,Mortgage Finance,8598.0,Mid-Cap,MonthlyDoubleBottom,Forming,0.519,13,Sep 13mo | Mid rally 60% | Asymmetry 8%,MonthlyDoubleBottom+MonthlyStage2,Downtrend,False,False,Below-MAs,True,Stage2,12,Uptrend,Uptrend,778.8,1005.98,603.54,661.98,1417.02,1670.84,3105.94,2097.9,114.5,46.5,17.58,11.22,2.69,0.37,,127.0,100.0,1030.25,8,strong_buy,17.0,12.8,,62.9,,48.16,5.8,31.13,37.75,36.98,33.07,48.05,42.04,27.2,0.75,consistent growth,1.95,,6.09,,,,47.53,-0.07,,6.87,-0.61,21.39,0.67,1011.75,653.2,23.0,19.2,-3.33,,0.36,-0.04,3,26.0,9.73,11.0,1.0,47.7,MONITOR ⭐,Expected ~46% CAGR (2yr) | Revenue CAGR 38% | Profit CAGR 48% | OPM 63% | EPS: consistent growth | DII buying +0.7% ↑,High D/E 2.0 | Pattern still forming (not broken out),3-4 years,Medium-High,"yfinance, screener.in",90,30,,2026-07-11,2026-06-01,40,0.0,5,1.0
ORIENTELEC,Orient Electric Limited,Consumer Cyclical,"Furnishings, Fixtures & Appliances",3793.0,Small-Cap,MonthlyDoubleBottom,Forming,0.97,7,Sep 7mo | Mid rally 103% | Asymmetry 6%,,Sideways-Above-MA,True,False,Constructive,True,Stage2,3,Uptrend,Uptrend,188.88,275.14,131.19,160.55,308.11,419.09,516.7,399.0,121.9,49.0,39.5,22.33,4.99,1.34,19.35,84.0,-20.63,239.08,13,strong_buy,13.18,,,6.13,,2.88,5.91,10.0,,,29.5,,,28.9,0.5,insufficient history,0.12,,1.43,,59.38,1.57,38.3,0.0,,3.42,-0.18,32.52,0.62,229.41,149.05,17.7,26.7,-7.34,-42.19,0.86,0.28,3,16.0,20.64,10.0,1.0,47.6,MONITOR ⭐,Expected ~49% CAGR (2yr) | Profit CAGR 30% | Low D/E 0.12 | DII buying +0.6% ↑ | PEG 1.34 — fair value | EV/EBITDA 19× vs sector 25×,Pattern still forming (not broken out),3-4 years,Medium-High,"yfinance, screener.in",70,97,,2026-07-11,2026-06-01,40,0.0,5,0.0
HONAUT,Honeywell Automation India Limited,Industrials,Electrical Equipment & Parts,34960.0,Large-Cap,MonthlyDoubleBottom,Forming,0.928,35,Sep 35mo | Mid rally 96% | Asymmetry 3%,,Uptrend,True,False,Tight-Above-MAs,True,Stage2,4,Uptrend,Uptrend,36160.0,59716.92,29912.76,30736.0,19835.22,89521.08,25823.09,22631.98,147.6,57.3,66.67,46.94,7.83,4.73,51.6,28.0,5.27,37881.33,3,none,12.35,,,14.41,,11.21,5.83,5.9,,,14.1,,,14.2,0.5,insufficient history,0.03,,3.52,,468.21,1.34,75.0,0.0,,3.74,0.28,11.28,-0.25,41200.0,26220.0,12.2,37.9,-3.09,-36.13,0.63,0.47,4,16.0,27.64,0.0,4.0,47.6,MONITOR ⭐,Expected ~57% CAGR (2yr) | Nearly debt-free | Promoter 75% holding | MonthlyDoubleBottom forming (35mo base) | Weekly uptrend | Tight daily consolidation above MAs,High PE 67 | Earnings due 2026-08-06 | Pattern still forming (not broken out),3-4 years,Medium-High,"yfinance, screener.in",70,288,2026-08-06,2026-07-11,2026-06-01,40,24.4,5,12.0
AVG,AVG Logistics Limited,Industrials,Integrated Freight & Logistics,420.0,Micro-Cap,MonthlyDoubleBottom,Breakout Ready,0.55,9,Sep 9mo | Mid rally 59% | Asymmetry 4%,,Sideways-Above-MA,True,True,Constructive,True,Stage2,4,Uptrend,Uptrend,178.43,81.84,50.51,151.67,715.37,1059.6,1569.48,1059.6,493.8,143.7,13.3,,1.25,0.28,9.76,52.0,0.0,,0,none,10.1,13.7,1.57,19.0,2.6,4.71,4.83,4.89,10.68,11.7,23.81,48.12,39.06,104.9,0.15,highly inconsistent earnings,0.81,,1.97,,-74.42,-17.74,41.23,-9.97,,5.9,-2.64,16.43,14.89,299.0,116.66,40.3,52.9,-24.12,-53.26,2.05,-0.62,6,16.0,18.6,13.0,0.0,47.6,MONITOR ⭐,Expected ~144% CAGR (2yr) | Profit CAGR 48% | ROCE trend rising ↑ | Piotroski F=6 (above average quality) | DII buying +14.9% ↑ | PEG 0.28 — deeply undervalued,None identified,3-4 years,Medium-High,"yfinance, screener.in",100,99,,2026-07-11,2026-07-01,10,0.0,1,0.0
SIS,SIS Limited,Industrials,Security & Protection Services,6016.0,Small-Cap,MonthlyStage2,Stage Change,1.0,24,10-EMA=358 | 30-EMA=365 | Above by 17.1% | MA turning=No,MonthlyDoubleBottom+MonthlyStage2,Uptrend,True,True,Tight-Above-MAs,True,Stage2,4,Uptrend,Uptrend,428.0,365.44,280.3,363.8,242.78,450.58,242.78,242.78,5.3,2.6,44.07,11.87,2.36,,10.36,329.0,100.0,440.75,4,none,13.9,13.7,-3.0,4.0,-0.54,0.86,4.66,21.18,12.1,11.86,1050.0,-26.39,-17.77,,0.15,highly inconsistent earnings,0.7,,1.45,,324.0,5.39,71.88,-0.14,,12.56,0.79,6.62,-0.53,480.95,257.05,11.0,66.5,16.67,-20.73,1.17,0.31,4,10.0,28.5,5.0,4.0,47.5,MONITOR ⭐,Expected ~3% CAGR (2yr) | Declining profits (-26% CAGR) ⚠️ | Promoter 72% holding | Margin compressing ↓ ⚠️ | FCF yield 5.4% | FII buying +0.8% ↑,Margin compression ↓,3-4 years,Medium-High,"yfinance, screener.in",100,107,,2026-07-11,2026-06-01,40,5.9,5,-2.5
APLAPOLLO,APL Apollo Tubes Limited,Basic Materials,Steel,49645.0,Large-Cap,MonthlyDoubleBottom,Forming,1.0,13,Sep 13mo | Mid rally 119% | Asymmetry 4%,MonthlyCupHandle+MonthlyDoubleBottom,Downtrend,False,False,Below-MAs,False,Stage2,1,Uptrend,Uptrend,1835.9,218.88,97.89,1560.52,1183.08,1761.56,1798.04,1458.5,,,41.32,28.06,9.37,1.77,27.34,32.0,18.0,2216.16,19,buy,25.3,31.6,-0.06,8.0,-0.06,5.21,11.95,11.55,12.6,22.11,58.92,23.28,24.14,20.9,0.15,highly inconsistent earnings,0.09,,1.34,,402.28,0.81,28.25,-0.02,,37.52,4.4,16.05,-3.86,2301.4,1492.0,20.2,23.0,15.71,-15.03,0.49,0.26,4,26.0,15.5,3.0,3.0,47.5,MONITOR ⭐,Profit CAGR 23% | ROE 25% | ROCE 32% | Nearly debt-free | FII buying +4.4% ↑ | Dividend growing 18%/yr,Earnings due 2026-07-23 | Pattern still forming (not broken out),3-4 years,Medium-High,"yfinance, screener.in",100,176,2026-07-23,2026-07-11,2026-06-01,40,-1.5,5,0.0
IDBI,IDBI Bank Limited,Financial Services,Banks - Regional,90148.0,Large-Cap,MonthlyDoubleBottom,Forming,1.0,46,Sep 46mo | Mid rally 161% | Asymmetry 6%,MonthlyCupHandle+MonthlyDoubleBottom,Sideways,False,False,Below-MAs,False,Stage2,12,Uptrend,Uptrend,73.56,163.43,60.67,62.53,219.78,297.41,402.45,297.41,304.3,101.1,9.78,17.11,1.31,0.28,,250.0,63.0,,0,none,14.1,5.92,,15.58,,43.38,2.1,0.36,12.12,7.78,20.65,35.32,43.24,,0.75,consistent growth,,,,,,,94.72,0.0,,0.56,0.04,0.08,-0.04,118.38,61.01,37.9,20.6,-19.64,17.71,0.25,0.81,2,19.0,19.5,9.0,0.0,47.5,MONITOR ⭐,Expected ~101% CAGR (2yr) | Profit CAGR 35% | Promoter 95% holding | EPS: consistent growth | Dividend growing 63%/yr | PEG 0.28 — deeply undervalued,Pattern still forming (not broken out),3-4 years,Medium-High,"yfinance, screener.in",80,365,,2026-07-11,2026-06-01,40,0.0,5,0.0
IOB,Indian Overseas Bank,Financial Services,Banks - Regional,66185.0,Large-Cap,MonthlyDoubleBottom,Forming,1.0,28,Sep 28mo | Mid rally 168% | Asymmetry 9%,,Downtrend,False,False,Below-MAs,False,Stage2,12,Uptrend,Uptrend,33.54,176.3,62.82,59.68,78.01,289.78,146.56,106.93,764.0,193.9,12.73,38.19,1.79,0.34,,0.0,-37.86,,0,none,15.6,6.12,,47.15,,36.96,1.25,13.33,18.01,13.44,59.54,37.07,48.2,42.5,0.4,lumpy earner,,,,,,,92.44,0.0,,0.43,0.08,4.28,0.02,41.8,31.2,19.8,7.5,-6.24,14.74,0.21,0.28,2,22.0,16.5,8.0,1.0,47.5,MONITOR ⭐,Expected ~194% CAGR (2yr) | Revenue CAGR 18% | Profit CAGR 37% | Promoter 92% holding | OPM 47% | PEG 0.34 — deeply undervalued,Pattern still forming (not broken out),3-4 years,Medium-High,"yfinance, screener.in",80,287,,2026-07-11,2026-06-01,40,0.0,5,0.0
COCHINSHIP,Cochin Shipyard Limited,Industrials,Aerospace & Defense,40096.0,Large-Cap,MonthlyDoubleBottom,Forming,1.0,13,Sep 13mo | Mid rally 115% | Asymmetry 1%,MonthlyCupHandle+MonthlyDoubleBottom,Downtrend,False,True,Below-MAs,False,Stage2,4,Uptrend,Uptrend,1418.0,2529.76,1170.04,1205.3,1214.96,3889.48,2148.18,1615.54,174.3,65.6,55.87,34.48,6.83,1.69,48.51,87.0,-27.01,1455.75,4,none,12.5,16.0,0.06,16.0,-1.17,14.27,3.05,4.19,28.53,12.24,-13.3,32.97,3.32,-3.7,0.15,highly inconsistent earnings,0.28,,1.33,,1064.16,2.65,67.91,0.0,,3.1,0.36,6.05,-0.42,2074.0,1187.0,31.6,19.5,-10.4,196.02,0.84,0.56,3,30.0,15.5,2.0,0.0,47.5,MONITOR ⭐,Expected ~66% CAGR (2yr) | Revenue CAGR 29% | Profit CAGR 33% | ROCE trend rising ↑ | Low D/E 0.28 | Promoter 68% holding,High PE 56 | Margin compression ↓ | Pattern still forming (not broken out),3-4 years,Medium-High,"yfinance, screener.in",100,108,,2026-07-11,2026-06-01,40,-4.8,5,1.0
GRANULES,Granules India Limited,Healthcare,Drug Manufacturers - Specialty & Generic,20661.0,Mid-Cap,MonthlyDoubleBottom,Forming,0.715,32,Sep 32mo | Mid rally 78% | Asymmetry 6%,,Uptrend,True,True,Uptrend,True,Stage2,6,Uptrend,Uptrend,889.85,149.73,81.58,756.37,1021.91,957.15,1122.36,1070.96,7.6,3.7,34.13,21.41,4.02,7.11,17.71,21.0,14.47,786.43,7,none,13.7,15.5,-1.71,22.0,-0.43,11.09,7.95,19.72,5.95,10.63,18.53,4.8,1.62,32.6,0.15,highly inconsistent earnings,0.3,,1.8,,69.0,0.33,38.01,-0.01,,17.5,2.19,16.11,-0.9,840.0,432.6,-5.9,105.7,81.67,176.43,0.48,0.06,4,11.0,23.08,3.0,10.0,47.1,MONITOR ⭐,Expected ~4% CAGR (2yr) | Low D/E 0.30 | FII buying +2.2% ↑ | Dividend growing 14%/yr | EV/EBITDA 18× vs sector 22× | MonthlyDoubleBottom forming (32mo base),Pattern still forming (not broken out),3-4 years,Medium-High,"yfinance, screener.in",100,254,,2026-07-11,2026-06-01,40,16.1,5,-3.0
BALUFORGE,Balu Forge Industries Limited,Industrials,Metal Fabrication,5355.0,Small-Cap,None,,0.0,0,,,Downtrend,False,False,Below-MAs,False,Stage2,4,Uptrend,Uptrend,465.1,,,395.34,1614.53,3034.84,5704.59,3034.84,552.5,155.4,19.49,,3.02,0.22,16.3,3.0,0.0,,0,none,19.6,22.7,-0.8,27.0,3.94,23.38,11.67,19.81,50.15,50.79,26.96,87.97,100.47,4.9,0.4,lumpy earner,0.1,,3.54,,-314.56,-5.87,54.39,-0.48,,6.03,-1.91,0.89,0.09,702.9,341.05,33.8,36.4,-23.51,,,0.5,5,34.0,3.0,10.0,0.0,47.0,MONITOR ⭐,Expected ~155% CAGR (2yr) | Revenue CAGR 50% | Profit CAGR 88% | ROCE 23% | Nearly debt-free | Promoter 54% holding,None identified,3-4 years,Medium-High,"yfinance, screener.in",100,28,,2026-07-11,2026-06-01,40,-0.9,5,-6.0
FEDERALBNK,The Federal Bank Limited,Financial Services,Banks - Regional,80757.0,Large-Cap,MonthlyDoubleBottom,Forming,1.0,19,Sep 19mo | Mid rally 253% | Asymmetry 3%,,Uptrend,True,False,Tight-Above-MAs,True,Stage2,12,Uptrend,Uptrend,329.85,30.68,8.58,280.37,425.43,413.48,532.14,475.8,25.4,12.0,18.73,13.8,2.02,1.58,,37.0,-12.64,320.0,35,buy,11.6,6.39,,43.17,,29.91,1.18,5.58,18.55,15.7,6.07,11.84,21.73,22.9,0.15,highly inconsistent earnings,,,,,,,,,,26.05,1.11,50.39,-0.71,334.3,185.11,1.3,78.2,74.0,107.91,0.21,0.28,2,7.0,28.0,2.0,10.0,47.0,MONITOR ⭐,Expected ~12% CAGR (2yr) | Revenue CAGR 19% | OPM 43% | FII buying +1.1% ↑ | MonthlyDoubleBottom forming (19mo base) | Weekly uptrend,Earnings due 2026-07-30 | Pattern still forming (not broken out),3-4 years,Medium-High,"yfinance, screener.in",70,367,2026-07-30,2026-07-11,2026-06-01,40,15.1,5,-3.0
LICI,Life Insurance Corporation of India,Financial Services,Insurance - Life,544266.0,Large-Cap,MonthlyCupHandle,Forming,0.835,20,Cup 20mo | Depth 24% | Prior gain 55% | R²=0.98,MonthlyCupHandle+MonthlyDoubleBottom,Sideways,False,False,Below-MAs,True,Stage2,12,Uptrend,Uptrend,803.5,1090.33,826.98,785.63,2141.55,2502.61,2924.55,2502.61,211.5,76.5,9.47,7.63,3.45,0.56,9.95,232.0,88.21,529.25,24,strong_buy,37.8,35.1,-4.97,5.0,1.23,6.56,0.58,9.87,7.61,7.19,18.9,16.86,80.8,55.1,0.15,highly inconsistent earnings,,,5.95,,4030.76,0.74,96.5,0.0,,0.33,0.02,1.09,-0.18,476.5,360.75,-68.6,122.7,-8.59,7.88,0.49,0.54,3,18.0,17.02,10.0,2.0,47.0,MONITOR ⭐,Expected ~76% CAGR (2yr) | ROE 38% | ROCE 35% | Promoter 96% holding | Dividend growing 88%/yr | PEG 0.56 — undervalued,Earnings due 2026-08-06 | Pattern still forming (not broken out),3-4 years,Medium-High,"yfinance, screener.in",90,49,2026-08-06,2026-07-11,2026-06-01,40,0.0,5,-1.0
ARVINDFASN,Arvind Fashions Limited,Consumer Cyclical,Apparel Retail,6284.0,Small-Cap,MonthlyDoubleBottom,Forming,0.995,20,Sep 20mo | Mid rally 108% | Asymmetry 8%,MonthlyCupHandle+MonthlyDoubleBottom+MonthlyStage2,Sideways,False,False,Below-MAs,True,Stage2,3,Uptrend,Uptrend,466.0,637.73,295.19,396.1,579.4,980.27,954.64,743.72,110.4,45.0,50.77,24.67,6.65,1.79,11.02,34.0,28.0,658.43,7,none,14.1,18.9,5.23,13.0,2.49,2.33,6.46,13.98,6.0,19.06,457.58,28.36,69.89,,0.2,multiple loss years in history,1.15,,1.26,,141.09,2.25,35.1,-0.01,,11.97,-0.13,24.63,1.45,579.0,366.2,19.5,27.3,-9.16,20.34,0.39,-0.13,5,17.0,18.94,10.0,1.0,46.9,MONITOR ⭐,Expected ~45% CAGR (2yr) | Profit CAGR 28% | ROCE trend rising ↑ | Piotroski F=5 (above average quality) | DII buying +1.4% ↑ | Dividend growing 28%/yr,High D/E 1.2 | High PE 51 | Pattern still forming (not broken out),3-4 years,Medium-High,"yfinance, screener.in",100,89,,2026-07-11,2026-06-01,40,8.5,5,0.0
ELGIEQUIP,Elgi Equipments Limited,Industrials,Specialty Industrial Machinery,18238.0,Mid-Cap,MonthlyCupHandle,Forming,0.676,24,Cup 24mo | Depth 33% | Prior gain 42% | R²=0.90,MonthlyCupHandle+MonthlyDoubleBottom+MonthlyStage2,Sideways-Above-MA,True,False,Constructive,False,Stage2,4,Uptrend,Uptrend,576.35,761.79,512.02,489.9,391.64,1011.56,432.11,411.38,75.5,32.5,42.54,31.73,8.17,8.44,30.79,47.0,24.14,677.4,5,none,21.5,23.7,1.77,15.0,0.86,10.89,9.36,12.56,9.12,15.48,22.86,5.04,33.34,25.4,0.15,highly inconsistent earnings,0.24,,2.08,,252.24,1.38,31.19,0.0,,22.2,-0.91,9.08,1.0,633.85,408.25,9.1,41.2,23.05,-7.44,0.22,0.04,6,21.0,18.61,1.0,6.0,46.6,MONITOR ⭐,Expected ~32% CAGR (2yr) | ROE 22% | ROCE 24% | ROCE trend rising ↑ | Low D/E 0.24 | Piotroski F=6 (above average quality),Earnings due 2026-08-11 | Pattern still forming (not broken out),3-4 years,Medium-High,"yfinance, screener.in",100,289,2026-08-11,2026-07-11,2026-06-01,40,6.5,5,0.2
ANUP,The Anup Engineering Limited,Industrials,Specialty Industrial Machinery,4634.0,Small-Cap,MonthlyStage2,Stage Change,0.344,24,10-EMA=2105 | 30-EMA=2062 | Above by 5.2% | MA turning=Yes,,Uptrend,True,True,Constructive,True,Stage2,4,Uptrend,Uptrend,2168.6,2062.09,1571.2,1843.31,2220.04,2687.58,3253.59,2687.58,23.9,11.3,42.02,32.65,6.71,2.0,27.17,73.0,61.98,2532.5,2,none,17.1,20.7,0.6,21.0,-1.31,13.43,9.64,12.14,41.85,27.39,-6.78,21.06,20.67,-15.8,0.15,highly inconsistent earnings,0.16,,2.47,,-75.39,-1.63,40.92,0.0,,3.18,-0.85,16.41,0.3,2954.9,1422.3,26.6,52.5,-0.54,72.66,0.24,-0.07,5,27.0,17.63,1.0,1.0,46.6,MONITOR ⭐,Expected ~11% CAGR (2yr) | Revenue CAGR 42% | Profit CAGR 21% | ROCE 21% | ROCE trend rising ↑ | Low D/E 0.16,Margin compression ↓,3-4 years,Medium-High,"yfinance, screener.in",100,89,,2026-07-11,2026-07-01,10,14.1,1,6.6
RPGLIFE,RPG Life Sciences Limited,Healthcare,Drug Manufacturers - Specialty & Generic,3995.0,Small-Cap,MonthlyStage2,Stage Change,1.0,24,10-EMA=2168 | 30-EMA=1956 | Above by 16.7% | MA turning=Yes,MonthlyDoubleBottom+MonthlyStage2,Sideways-Above-MA,True,False,Constructive,True,Stage2,6,Uptrend,Uptrend,2282.6,1956.12,1609.85,1940.21,2301.02,2302.39,2301.02,2301.02,0.9,0.4,34.72,84.53,6.6,,25.48,99.0,35.72,,0,none,19.3,25.7,,21.0,-4.0,16.28,10.84,8.42,,,-37.16,,,-74.5,0.5,insufficient history,0.03,,3.48,,-16.17,-0.4,72.95,0.0,,0.87,-0.13,7.45,0.41,2725.0,1733.0,16.2,31.7,0.65,137.07,0.85,-0.21,4,21.0,22.5,0.0,3.0,46.5,MONITOR ⭐,Expected ~0% CAGR (2yr) | Revenue CAGR 24% | Declining profits (-74% CAGR) ⚠️ | ROCE 26% | Nearly debt-free | Promoter 73% holding,Margin compression ↓,3-4 years,Medium-High,"yfinance, screener.in",80,286,,2026-07-11,2026-06-01,40,0.0,5,-1.0
ALMONDZ,Almondz Global Securities Limited,Financial Services,Capital Markets,231.0,Micro-Cap,MonthlyDoubleBottom,Forming,1.0,36,Sep 36mo | Mid rally 282% | Asymmetry 9%,,Downtrend,False,False,Below-MAs,False,Stage2,12,Uptrend,Uptrend,13.18,39.13,9.83,11.2,42.76,68.43,63.57,52.14,419.2,127.9,8.12,,0.88,0.37,,0.0,11.87,,0,none,11.2,11.7,-0.49,15.0,-0.06,14.82,7.82,16.0,31.8,22.53,70.59,21.92,10.01,-15.8,0.15,highly inconsistent earnings,0.17,,2.56,,,,51.18,0.0,,0.02,-0.04,0.12,0.12,24.95,10.68,47.2,23.4,-31.75,-39.01,0.26,0.37,3,20.0,16.5,10.0,0.0,46.5,MONITOR ⭐,Expected ~128% CAGR (2yr) | Revenue CAGR 32% | Profit CAGR 22% | Low D/E 0.17 | Promoter 51% holding | Dividend growing 12%/yr,Pattern still forming (not broken out),3-4 years,Medium-High,"yfinance, screener.in",90,218,,2026-07-11,2026-06-01,40,-8.2,5,0.0
JSL,Jindal Stainless Limited,Basic Materials,Steel,57524.0,Large-Cap,MonthlyDoubleBottom,Forming,1.0,37,Sep 37mo | Mid rally 301% | Asymmetry 1%,,Downtrend,False,False,Below-MAs,False,Stage2,1,Uptrend,Uptrend,739.2,235.75,58.67,628.32,1018.99,1052.23,1352.07,1173.77,42.3,19.3,18.05,13.51,12.78,1.19,6.5,43.0,-34.14,869.93,14,none,17.8,19.3,-1.77,13.0,-0.23,7.43,7.32,9.27,6.36,28.65,27.4,15.19,50.03,42.7,0.15,highly inconsistent earnings,0.38,,1.25,,1966.33,3.42,62.04,0.82,,20.87,-0.66,7.15,-0.08,884.0,652.25,16.4,13.3,12.96,104.0,0.38,0.34,3,17.0,16.5,10.0,3.0,46.5,MONITOR ⭐,Expected ~19% CAGR (2yr) | Promoter 62% holding | FCF yield 3.4% | PEG 1.19 — fair value | EV/EBITDA 6× below sector (10×) | MonthlyDoubleBottom forming (37mo base),Earnings due 2026-08-05 | Pattern still forming (not broken out),3-4 years,Medium-High,"yfinance, screener.in",100,271,2026-08-05,2026-07-11,2026-06-01,40,0.0,5,0.0
MSUMI,Motherson Sumi Wiring India Limited,Consumer Cyclical,Auto Parts,27389.0,Mid-Cap,MonthlyDoubleBottom,Forming,0.709,23,Sep 23mo | Mid rally 75% | Asymmetry 4%,,Sideways,False,False,Below-MAs,False,Stage2,3,Uptrend,Uptrend,39.39,51.92,28.99,33.48,32.53,74.85,33.51,33.02,90.0,37.8,43.94,27.51,12.79,29.29,26.22,140.0,11.87,48.46,13,buy,32.39,,,6.51,,5.47,12.45,33.1,,,1.5,,,1.4,0.5,insufficient history,0.11,,1.62,,157.63,0.58,61.72,0.0,,9.74,-0.4,17.41,0.24,53.59,35.7,26.5,10.3,7.24,-16.38,0.6,0.06,5,25.0,15.51,4.0,2.0,46.5,MONITOR ⭐,Expected ~38% CAGR (2yr) | Revenue CAGR 33% | ROE 32% | Low D/E 0.11 | Promoter 62% holding | Piotroski F=5 (above average quality),Earnings due 2026-07-28 | Pattern still forming (not broken out),3-4 years,Medium-High,"yfinance, screener.in",70,51,2026-07-28,2026-07-11,2026-06-01,40,0.0,5,1.0
WELENT,Welspun Enterprises Limited,Industrials,Engineering & Construction,8181.0,Mid-Cap,MonthlyDoubleBottom,Forming,1.0,29,Sep 29mo | Mid rally 187% | Asymmetry 6%,MonthlyDoubleBottom+MonthlyStage2,Sideways-Above-MA,True,False,Constructive,True,Stage2,4,Uptrend,Uptrend,493.55,163.04,55.02,419.52,536.71,536.71,536.71,536.71,8.7,4.3,22.99,16.39,2.65,,11.45,50.0,-29.33,,0,none,14.1,16.8,2.49,21.0,1.94,9.68,6.51,0.86,9.44,18.76,11.02,-18.5,24.76,53.0,0.15,highly inconsistent earnings,0.61,,1.96,,635.45,7.77,56.13,0.0,,3.47,-0.29,9.32,0.07,633.7,412.0,22.1,19.8,-0.53,126.04,0.86,0.4,5,16.0,22.5,4.0,4.0,46.5,MONITOR ⭐,Expected ~4% CAGR (2yr) | Declining profits (-18% CAGR) ⚠️ | ROCE trend rising ↑ | Promoter 56% holding | FCF yield 7.8% | Piotroski F=5 (above average quality),Pattern still forming (not broken out),3-4 years,Medium-High,"yfinance, screener.in",100,259,,2026-07-11,2026-06-01,40,0.0,5,1.0
CANBK,Canara Bank,Financial Services,Banks - Regional,115370.0,Large-Cap,MonthlyDoubleBottom,Forming,1.0,46,Sep 46mo | Mid rally 642% | Asymmetry 5%,,Downtrend,False,False,Below-MAs,False,Stage2,12,Uptrend,Uptrend,128.78,151.41,19.89,109.46,571.07,472.41,825.35,686.53,266.8,91.5,5.86,5.46,0.98,0.29,,330.0,20.51,151.22,18,buy,16.1,6.52,,-32.21,,37.04,0.99,3.92,13.74,12.46,11.42,20.22,46.14,-9.8,0.4,lumpy earner,,,,,,,62.93,0.0,,14.24,-0.37,10.91,0.44,162.89,103.55,20.9,24.4,24.93,88.09,0.52,0.49,2,13.0,16.5,12.0,5.0,46.5,MONITOR ⭐,Expected ~92% CAGR (2yr) | Profit CAGR 20% | Promoter 63% holding | Dividend growing 21%/yr | PEG 0.29 — deeply undervalued | MonthlyDoubleBottom forming (46mo base),Earnings due 2026-07-23 | Pattern still forming (not broken out),3-4 years,Medium-High,"yfinance, screener.in",80,284,2026-07-23,2026-07-11,2026-06-01,40,2.1,5,4.0
STARCEMENT,Star Cement Limited,Basic Materials,Building Materials,8475.0,Mid-Cap,MonthlyDoubleBottom,Forming,0.74,27,Sep 27mo | Mid rally 79% | Asymmetry 5%,MonthlyCupHandle+MonthlyDoubleBottom+MonthlyStage2,Downtrend,False,False,Below-MAs,False,Stage2,1,Uptrend,Uptrend,210.72,137.3,74.75,179.11,245.6,282.97,332.14,285.61,34.3,15.9,21.55,18.45,2.66,1.32,9.64,95.0,30.0,279.0,13,none,13.2,16.7,0.2,25.0,1.09,10.42,8.15,19.38,11.76,17.03,130.77,16.29,15.84,20.4,0.15,highly inconsistent earnings,0.19,,1.31,,137.88,1.63,58.12,0.5,,2.26,-0.21,2.65,-1.83,308.95,196.53,31.8,7.2,7.53,28.05,0.28,-0.02,6,23.0,13.38,9.0,1.0,46.4,MONITOR ⭐,Expected ~16% CAGR (2yr) | ROCE trend rising ↑ | Low D/E 0.19 | Promoter 58% holding | Piotroski F=6 (above average quality) | Dividend growing 30%/yr,Pattern still forming (not broken out),3-4 years,Medium-High,"yfinance, screener.in",100,108,,2026-07-11,2026-06-01,40,0.0,5,0.0
DODLA,Dodla Dairy Limited,Consumer Defensive,Food Distribution,6736.0,Small-Cap,MonthlyDoubleBottom,Forming,0.579,13,Sep 13mo | Mid rally 58% | Asymmetry 0%,MonthlyDoubleBottom+MonthlyStage2,Sideways,False,False,Below-MAs,True,Stage2,15,Uptrend,Uptrend,1118.1,1522.83,964.1,950.38,2869.51,2757.29,4836.8,3725.49,146.6,57.0,25.25,19.85,4.02,0.85,20.48,45.0,-33.33,1305.0,4,none,16.4,16.7,-1.17,8.0,-0.57,6.47,7.41,10.89,13.62,16.24,2.69,29.83,16.21,2.6,0.15,highly inconsistent earnings,0.03,,2.44,,111.17,1.65,58.92,0.0,,6.08,-0.36,25.85,0.51,1525.0,964.1,26.7,16.0,-17.05,25.67,0.12,0.28,5,21.0,13.45,12.0,0.0,46.4,MONITOR ⭐,Expected ~57% CAGR (2yr) | Profit CAGR 30% | Nearly debt-free | Promoter 59% holding | Margin compressing ↓ ⚠️ | Piotroski F=5 (above average quality),Margin compression ↓ | Pattern still forming (not broken out),3-4 years,Medium-High,"yfinance, screener.in",100,62,,2026-07-11,2026-06-01,40,8.6,5,2.0
BALMLAWRIE,Balmer Lawrie & Co. Ltd.,Industrials,Conglomerates,3115.0,Small-Cap,MonthlyDoubleBottom,Forming,0.563,45,Sep 45mo | Mid rally 60% | Asymmetry 4%,,Sideways-Above-MA,True,False,Below-MAs,False,Stage2,4,Uptrend,Uptrend,179.35,134.49,82.33,152.45,625.98,733.21,858.81,733.21,308.8,102.2,11.26,,1.5,0.66,8.05,700.0,-17.25,,0,none,13.7,14.6,1.77,13.0,1.03,10.18,5.54,8.46,5.53,12.23,4.25,17.13,18.61,12.5,0.4,lumpy earner,0.1,,2.13,,150.66,4.84,,,,2.22,0.06,1.79,0.0,238.2,148.36,24.7,20.9,-11.69,8.13,0.18,0.66,6,19.0,16.26,10.0,1.0,46.3,MONITOR ⭐,Expected ~102% CAGR (2yr) | ROCE trend rising ↑ | Low D/E 0.10 | FCF yield 4.8% | Piotroski F=6 (above average quality) | PEG 0.66 — undervalued,Pattern still forming (not broken out),3-4 years,Medium-High,"yfinance, screener.in",90,289,,2026-07-11,2026-06-01,40,-2.8,5,-1.0
ANANDRATHI,Anand Rathi Wealth Limited,Financial Services,Asset Management,34233.0,Large-Cap,None,,0.0,0,,,Downtrend,False,True,Below-MAs,False,Stage2,12,Uptrend,Uptrend,2146.8,,,1824.78,702.6,933.97,1241.53,933.97,,,87.73,60.41,34.3,2.66,59.97,34.0,5.27,1665.0,2,hold,47.3,59.2,5.6,47.0,2.86,31.59,30.11,27.86,30.87,35.63,31.89,32.93,54.57,40.5,0.15,highly inconsistent earnings,0.08,,3.83,,390.1,1.14,41.37,-1.74,,6.78,1.0,9.4,0.3,2085.0,1031.45,-3.0,108.1,-21.96,179.68,,0.34,6,40.0,3.0,-1.0,4.0,46.0,MONITOR ⭐,Revenue CAGR 31% | Profit CAGR 33% | ROE 47% | ROCE 59% | ROCE trend rising ↑ | Nearly debt-free,High PE 88,3-4 years,Medium-High,"yfinance, screener.in",100,56,,2026-07-11,2026-06-01,40,-39.8,5,-11.0
KIRLOSENG,Kirloskar Oil Engines Limited,Industrials,Specialty Industrial Machinery,32431.0,Large-Cap,MonthlyCupHandle,Forming,0.664,19,Cup 19mo | Depth 52% | Prior gain 89% | R²=0.97,MonthlyCupHandle+MonthlyDoubleBottom,Uptrend,True,False,Tight-Above-MAs,True,Stage2,4,Uptrend,Uptrend,1660.3,1683.63,815.49,1411.25,1197.81,2551.77,1701.36,1427.56,53.7,24.0,57.14,39.84,8.96,2.98,25.56,31.0,-20.63,2256.8,5,buy,17.7,14.7,0.69,18.0,1.69,7.46,7.27,21.29,15.3,18.5,18.07,19.18,23.33,21.0,0.15,highly inconsistent earnings,1.5,,1.39,,-174.38,-0.54,41.08,-0.01,,10.79,2.34,26.69,-1.52,2720.0,829.6,39.0,100.1,104.0,310.02,0.47,0.68,5,12.0,23.97,3.0,7.0,46.0,MONITOR ⭐,Expected ~24% CAGR (2yr) | Revenue CAGR 15% | ROCE trend rising ↑ | Piotroski F=5 (above average quality) | FII buying +2.3% ↑ | Analyst target ₹2257 (+36%),High D/E 1.5 | High PE 57 | Pattern still forming (not broken out),3-4 years,Medium-High,"yfinance, screener.in",100,286,,2026-07-11,2026-06-01,40,0.0,5,-1.0
LTTS,L&T Technology Services Limited,Technology,Information Technology Services,34008.0,Large-Cap,MonthlyDoubleBottom,Forming,0.957,44,Sep 44mo | Mid rally 103% | Asymmetry 8%,,Sideways,False,False,Below-MAs,True,Downtrend,0,Uptrend,Uptrend,3554.6,5902.58,2798.51,3021.41,3497.4,9006.65,3706.8,3600.58,153.4,59.2,27.7,19.68,5.25,9.39,17.9,181.0,-5.23,3635.21,29,hold,21.5,26.7,-0.37,18.0,-0.29,11.63,9.85,14.04,11.12,15.07,1.34,2.95,13.98,6.8,0.15,highly inconsistent earnings,0.09,,2.28,,993.11,2.92,73.57,-0.01,,3.86,-0.36,14.64,0.07,4726.0,3010.0,24.8,18.1,-10.47,-29.21,0.47,0.06,5,24.0,17.98,4.0,0.0,46.0,MONITOR ⭐,Expected ~59% CAGR (2yr) | ROE 22% | ROCE 27% | Nearly debt-free | Promoter 74% holding | Piotroski F=5 (above average quality),Earnings due 2026-07-14 | Pattern still forming (not broken out),3-4 years,Medium-High,"yfinance, screener.in",100,117,2026-07-14,2026-07-11,2026-06-01,40,0.0,5,3.0
CUB,City Union Bank Limited,Financial Services,Banks - Regional,21476.0,Mid-Cap,MonthlyDoubleBottom,Forming,0.818,23,Sep 23mo | Mid rally 82% | Asymmetry 1%,MonthlyDoubleBottom+MonthlyStage2,Sideways,False,True,Below-MAs,True,Stage2,12,Uptrend,Uptrend,229.33,193.05,105.54,194.93,382.23,380.92,598.19,478.17,66.1,28.9,16.21,11.64,2.03,0.65,,92.0,25.99,235.05,23,buy,13.24,,,48.06,,37.62,1.52,23.6,,,25.1,,,24.9,0.5,insufficient history,,,,,,,,,,23.37,-0.12,40.73,0.5,243.07,145.12,5.7,58.0,18.98,65.04,0.5,0.38,2,18.0,16.82,7.0,4.0,45.8,MONITOR ⭐,Expected ~29% CAGR (2yr) | Revenue CAGR 24% | Profit CAGR 25% | OPM 48% | Dividend growing 26%/yr | PEG 0.65 — undervalued,Earnings due 2026-04-27 | Pattern still forming (not broken out),3-4 years,Medium-High,"yfinance, screener.in",40,289,2026-04-27,2026-07-11,2026-06-01,40,-8.7,5,-9.0
KSOLVES,Ksolves India Limited,Technology,Software - Application,680.0,Small-Cap,MonthlyDoubleBottom,Forming,0.481,9,Sep 9mo | Mid rally 50% | Asymmetry 2%,,Downtrend,False,False,Below-MAs,False,Downtrend,0,Uptrend,Uptrend,282.35,678.94,446.67,424.34,480.13,911.21,589.33,531.94,222.7,79.6,19.8,,23.1,1.84,14.02,698.0,-17.79,,0,none,137.0,131.0,-2.57,30.0,-2.51,21.1,47.64,18.98,27.85,42.23,65.8,10.79,30.45,65.3,0.15,highly inconsistent earnings,0.19,,2.4,,20.58,3.03,58.92,-0.02,,0.08,-0.04,0.01,0.0,402.0,245.75,29.8,14.9,-6.76,-53.99,1.14,-0.06,5,33.0,7.77,5.0,0.0,45.8,MONITOR ⭐,Expected ~80% CAGR (2yr) | Revenue CAGR 28% | ROE 137% | ROCE 131% | Low D/E 0.19 | Promoter 59% holding,Margin compression ↓ | Pattern still forming (not broken out),3-4 years,Medium-High,"yfinance, screener.in",100,70,,2026-07-11,2026-06-01,40,0.0,5,-1.0
DMCC,DMCC Speciality Chemicals Limited,Basic Materials,Chemicals,633.0,Small-Cap,MonthlyDoubleBottom,Forming,0.84,14,Sep 14mo | Mid rally 85% | Asymmetry 1%,,Sideways-Above-MA,True,True,Constructive,False,Stage2,1,Uptrend,Uptrend,263.6,449.34,242.55,230.42,385.88,656.13,949.11,605.18,148.9,57.8,23.14,,2.55,0.41,10.18,98.0,35.72,,0,none,11.5,15.3,-0.63,11.0,-0.86,4.7,7.2,35.03,14.57,23.82,22.73,56.83,-3.93,9.8,0.15,highly inconsistent earnings,0.29,,1.37,,-17.99,-2.84,53.84,0.0,,0.13,0.0,1.27,0.0,350.0,191.35,24.7,37.8,-14.2,-46.68,0.29,0.25,2,16.0,19.58,10.0,0.0,45.6,MONITOR ⭐,Expected ~58% CAGR (2yr) | Profit CAGR 57% | Low D/E 0.29 | Promoter 54% holding | Margin compressing ↓ ⚠️ | Dividend growing 36%/yr,Margin compression ↓ | Pattern still forming (not broken out),3-4 years,Medium-High,"yfinance, screener.in",100,56,,2026-07-11,2026-06-01,40,-10.8,5,-7.0
TIMKEN,Timken India Limited,Industrials,Tools & Accessories,25583.0,Mid-Cap,MonthlyDoubleBottom,Forming,1.0,25,Sep 25mo | Mid rally 102% | Asymmetry 1%,MonthlyCupHandle+MonthlyDoubleBottom+MonthlyStage2,Uptrend,True,False,Uptrend,True,Stage2,4,Uptrend,Uptrend,3538.0,943.11,465.78,3007.3,1432.9,2454.83,1432.9,1432.9,,,61.73,40.45,8.78,,39.96,7.0,188.45,3987.71,7,buy,14.3,19.0,,18.0,-1.0,11.93,9.23,8.79,,,-10.17,,,-15.3,0.5,insufficient history,0.01,,2.97,,21.57,0.08,51.05,0.0,,6.96,0.02,30.63,0.48,3925.0,2800.5,9.9,26.3,9.9,-18.19,0.43,0.34,5,16.0,26.5,0.0,3.0,45.5,MONITOR ⭐,Revenue CAGR 16% | Declining profits (-15% CAGR) ⚠️ | Nearly debt-free | Promoter 51% holding | Margin compressing ↓ ⚠️ | Piotroski F=5 (above average quality),High PE 62 | Margin compression ↓ | Earnings due 2026-07-30 | Pattern still forming (not broken out),3-4 years,Medium-High,"yfinance, screener.in",80,286,2026-07-30,2026-07-11,2026-06-01,40,0.0,5,-2.0
APEX,Apex Frozen Foods Limited,Consumer Defensive,Farm Products,1262.0,Small-Cap,MonthlyStage2,Stage Change,1.0,24,10-EMA=362 | 30-EMA=296 | Above by 31.8% | MA turning=Yes,MonthlyDoubleBottom+MonthlyStage2,Sideways-Above-MA,True,False,Constructive,False,Stage2,15,Uptrend,Uptrend,390.5,296.27,195.17,331.93,587.76,675.92,777.31,675.92,73.1,31.6,32.47,23.49,2.39,,25.16,52.0,-7.17,,0,none,,,,3.98,,3.45,,14.5,,,,,,,0.5,insufficient history,0.08,,,,,,72.62,0.0,,6.0,1.26,0.66,0.11,514.5,208.74,24.1,87.1,87.07,61.9,0.04,-0.1,1,13.0,22.5,3.0,7.0,45.5,MONITOR ⭐,Expected ~32% CAGR (2yr) | Nearly debt-free | Promoter 73% holding | FII buying +1.3% ↑ | EV/EBITDA 25× vs sector 30× | MonthlyStage2 forming (24mo base),None identified,3-4 years,Medium-High,"yfinance, screener.in",50,107,,2026-07-11,2026-06-01,40,-9.3,5,0.0
MINDTECK,Mindteck (India) Limited,Technology,Information Technology Services,667.0,Small-Cap,MonthlyDoubleBottom,Forming,1.0,13,Sep 13mo | Mid rally 163% | Asymmetry 8%,MonthlyDoubleBottom+MonthlyStage2,Sideways,False,False,Below-MAs,True,Downtrend,0,Uptrend,Uptrend,206.35,365.37,133.72,175.4,364.79,597.02,483.02,419.76,189.3,70.1,21.18,,2.2,1.41,12.63,48.0,7.72,,0,none,12.1,15.1,0.83,9.0,0.37,7.74,6.03,-4.01,6.49,7.24,10.34,15.07,23.81,49.4,0.15,highly inconsistent earnings,0.01,,5.63,,12.65,1.9,64.2,0.0,,0.01,-0.06,0.0,0.0,307.68,145.13,32.9,42.2,-5.04,63.64,0.51,0.65,6,20.0,17.5,8.0,0.0,45.5,MONITOR ⭐,Expected ~70% CAGR (2yr) | ROCE trend rising ↑ | Nearly debt-free | Promoter 64% holding | Piotroski F=6 (above average quality) | PEG 1.41 — fair value,Pattern still forming (not broken out),3-4 years,Medium-High,"yfinance, screener.in",100,118,,2026-07-11,2026-06-01,40,0.0,5,0.0
SONAMLTD,Sonam Limited,Consumer Cyclical,"Furnishings, Fixtures & Appliances",215.0,Micro-Cap,MonthlyStage2,Stage Change,1.0,24,10-EMA=50 | 30-EMA=46 | Above by 17.9% | MA turning=Yes,MonthlyDoubleBottom+MonthlyStage2,Uptrend,True,False,Constructive,False,Stage2,3,Uptrend,Uptrend,54.52,46.24,39.02,46.34,71.2,73.91,76.72,73.91,35.6,16.4,29.33,,3.22,7.72,20.42,,0.0,,0,none,,,,8.35,,4.4,,50.8,,,3.8,,,3.9,0.5,insufficient history,0.3,,,,,,57.55,0.28,,0.26,0.24,,,63.0,37.4,13.5,45.8,18.28,89.48,0.55,-0.06,1,13.0,25.5,3.0,4.0,45.5,MONITOR ⭐,Expected ~16% CAGR (2yr) | Revenue CAGR 51% | Promoter 58% holding | EV/EBITDA 20× vs sector 25× | MonthlyStage2 forming (24mo base) | Weekly uptrend,None identified,3-4 years,Medium-High,"yfinance, screener.in",50,97,,2026-07-11,2026-06-01,40,6.0,5,0.5
DOLLAR,Dollar Industries Limited,Consumer Cyclical,Apparel Manufacturing,1570.0,Small-Cap,MonthlyDoubleBottom,Forming,0.697,18,Sep 18mo | Mid rally 79% | Asymmetry 9%,,Sideways,False,False,Below-MAs,False,Stage2,3,Uptrend,Uptrend,269.8,651.29,349.4,331.93,1140.44,1450.52,1844.92,1450.52,437.6,131.9,14.62,11.16,1.66,0.54,9.35,108.0,0.0,387.0,2,none,11.9,13.6,-1.77,11.0,-0.63,5.71,6.62,10.0,10.5,12.65,16.3,27.19,4.71,11.4,0.15,highly inconsistent earnings,0.3,,2.31,,52.89,3.37,72.48,0.27,,4.98,0.62,0.97,-0.24,429.9,220.5,37.2,22.4,-22.6,-62.46,0.62,0.21,5,20.0,15.36,10.0,0.0,45.4,MONITOR ⭐,Expected ~132% CAGR (2yr) | Profit CAGR 27% | Promoter 72% holding | Margin compressing ↓ ⚠️ | FCF yield 3.4% | Piotroski F=5 (above average quality),Margin compression ↓ | Pattern still forming (not broken out),3-4 years,Medium-High,"yfinance, screener.in",100,112,,2026-07-11,2026-06-01,40,1.8,5,3.0
LTFOODS,LT Foods Limited,Consumer Defensive,Packaged Foods,13166.0,Mid-Cap,MonthlyDoubleBottom,Forming,0.548,14,Sep 14mo | Mid rally 56% | Asymmetry 1%,,Uptrend,True,False,Constructive,True,Stage2,15,Uptrend,Uptrend,411.65,514.98,329.47,349.9,934.3,1064.17,1212.09,1064.17,158.5,60.8,21.05,13.07,7.39,1.51,10.35,105.0,0.0,509.0,2,none,14.9,17.7,1.11,11.0,-0.09,5.68,7.45,26.09,16.43,18.71,2.12,13.9,16.68,71.0,0.15,highly inconsistent earnings,0.28,,1.76,,50.1,0.38,51.0,0.0,,8.74,-0.18,10.3,0.67,518.55,333.15,20.6,23.6,-7.07,,0.14,0.35,6,20.0,19.08,6.0,0.0,45.1,MONITOR ⭐,Expected ~61% CAGR (2yr) | Revenue CAGR 16% | ROCE trend rising ↑ | Low D/E 0.28 | Promoter 51% holding | Piotroski F=6 (above average quality),Pattern still forming (not broken out),3-4 years,Medium-High,"yfinance, screener.in",100,32,,2026-07-11,2026-06-01,40,0.0,5,-1.0
BASF,BASF India Limited,Basic Materials,Specialty Chemicals,15860.0,Mid-Cap,MonthlyDoubleBottom,Forming,0.789,12,Sep 12mo | Mid rally 81% | Asymmetry 2%,,Downtrend,False,True,Below-MAs,False,Stage2,1,Uptrend,Uptrend,3543.8,263.81,144.65,3012.23,5301.49,13960.41,36761.95,13960.41,293.9,98.5,38.02,22.23,4.01,0.23,22.71,68.0,49.38,4120.0,1,none,11.0,14.7,-2.6,4.0,-0.94,2.81,3.81,-2.07,25.31,62.52,-12.32,163.33,53.68,155.0,0.15,highly inconsistent earnings,0.03,,1.69,,13.01,0.08,73.33,0.0,,5.34,1.21,6.29,-0.13,5260.0,3122.2,32.6,13.5,-22.22,9.77,0.25,0.35,3,25.0,12.97,7.0,0.0,45.0,MONITOR ⭐,Expected ~98% CAGR (2yr) | Revenue CAGR 25% | Profit CAGR 163% | Nearly debt-free | Promoter 73% holding | Margin compressing ↓ ⚠️,Margin compression ↓ | Pattern still forming (not broken out),3-4 years,Medium-High,"yfinance, screener.in",100,289,,2026-07-11,2026-06-01,40,-7.0,5,-3.0
ACC,ACC Limited,Basic Materials,Building Materials,26174.0,Mid-Cap,MonthlyDoubleBottom,Forming,1.0,20,Sep 20mo | Mid rally 121% | Asymmetry 4%,,Sideways,False,False,Below-MAs,False,Stage2,1,Uptrend,Uptrend,1384.5,980.37,434.56,1176.83,3265.97,3306.34,5878.39,4381.62,138.8,54.5,12.28,12.43,1.27,0.36,9.54,54.0,-6.75,1693.41,29,buy,10.9,11.2,-0.66,11.0,-1.11,8.3,4.32,18.44,5.34,13.5,-11.03,34.16,8.37,-68.3,0.15,highly inconsistent earnings,0.02,,1.97,,-3865.32,-14.77,56.69,0.0,,5.93,-0.06,21.62,0.25,2028.8,1251.7,31.8,10.6,-22.26,-56.22,0.22,0.27,2,13.0,19.0,13.0,0.0,45.0,MONITOR ⭐,Expected ~54% CAGR (2yr) | Profit CAGR 34% | Nearly debt-free | Promoter 57% holding | Margin compressing ↓ ⚠️ | PEG 0.36 — deeply undervalued,Margin compression ↓ | Earnings due 2026-04-30 | Pattern still forming (not broken out),3-4 years,Medium-High,"yfinance, screener.in",100,289,2026-04-30,2026-07-11,2026-06-01,40,1.9,5,-2.0
MANYAVAR,Vedant Fashions Limited,Consumer Cyclical,Apparel Manufacturing,9746.0,Mid-Cap,None,,0.0,0,,,Sideways,False,False,Below-MAs,True,Stage2,3,Uptrend,Uptrend,431.95,,,367.16,709.04,664.84,835.62,769.73,53.9,24.1,25.98,21.87,4.96,3.03,15.37,199.0,16.96,507.5,10,none,26.7,30.7,0.91,48.0,1.2,26.16,10.24,-1.68,8.92,7.99,-2.66,8.56,11.2,13.1,0.15,highly inconsistent earnings,0.23,,3.67,,404.98,4.16,74.94,0.0,,8.28,-1.01,12.62,0.62,829.15,329.2,47.9,31.2,-38.47,-86.97,,-0.1,6,33.0,6.0,6.0,0.0,45.0,MONITOR ⭐,Expected ~24% CAGR (2yr) | ROE 27% | ROCE 31% | ROCE trend rising ↑ | Low D/E 0.23 | Promoter 75% holding,None identified,3-4 years,Medium-High,"yfinance, screener.in",100,52,,2026-07-11,2026-06-01,40,0.0,5,0.0
NILAINFRA,Nila Infrastructures Limited,Real Estate,Real Estate - Development,307.0,Micro-Cap,MonthlyDoubleBottom,Forming,1.0,23,Sep 23mo | Mid rally 151% | Asymmetry 9%,,Downtrend,False,False,Below-MAs,True,Stage2,3,Uptrend,Uptrend,7.88,10.6,4.05,6.7,21.17,23.89,26.97,23.89,203.2,74.1,13.2,,1.62,1.03,10.12,0.0,3.23,,0,none,13.2,22.5,3.71,10.0,0.11,7.22,2.18,30.77,41.09,27.2,15.0,12.86,2.83,9.1,0.2,multiple loss years in history,0.13,,1.1,,-39.32,-12.81,61.9,0.0,,0.34,0.06,,,13.78,5.9,42.8,33.6,-28.94,18.0,0.33,0.73,4,21.0,16.0,8.0,0.0,45.0,MONITOR ⭐,Expected ~74% CAGR (2yr) | Revenue CAGR 41% | ROCE 22% | ROCE trend rising ↑ | Low D/E 0.13 | Promoter 62% holding,Pattern still forming (not broken out),3-4 years,Medium-High,"yfinance, screener.in",100,133,,2026-07-11,2026-06-01,40,0.0,5,0.0
PAGEIND,Page Industries Limited,Consumer Cyclical,Apparel Manufacturing,47739.0,Large-Cap,MonthlyDoubleBottom,Forming,1.0,18,Sep 18mo | Mid rally 106% | Asymmetry 3%,,Sideways-Above-MA,True,False,Constructive,True,Stage2,3,Uptrend,Uptrend,38700.0,33328.2,15943.52,32895.0,26659.66,50712.88,31674.34,29059.03,31.0,14.5,62.5,46.66,31.77,6.94,41.27,140.0,0.61,41402.88,26,buy,52.5,,,18.56,,14.56,23.78,14.1,,,9.0,,,9.0,0.5,insufficient history,0.18,,1.73,,523.14,1.1,42.89,0.0,,19.0,-1.71,32.5,1.72,49380.0,29805.0,21.6,29.8,-13.15,-15.49,0.39,0.02,5,21.0,22.0,0.0,2.0,45.0,MONITOR ⭐,Expected ~14% CAGR (2yr) | ROE 52% | Low D/E 0.18 | Piotroski F=5 (above average quality) | DII buying +1.7% ↑ | MonthlyDoubleBottom forming (18mo base),High PE 62 | Earnings due 2026-08-13 | Pattern still forming (not broken out),3-4 years,Medium-High,"yfinance, screener.in",70,231,2026-08-13,2026-07-11,2026-06-01,40,0.0,5,0.0
ZAGGLE,Zaggle Prepaid Ocean Services Limited,Technology,Software - Infrastructure,2869.0,Small-Cap,None,,0.0,0,,,Downtrend,False,False,Below-MAs,False,Downtrend,0,Uptrend,Uptrend,220.19,,,187.16,649.29,1182.67,2154.24,1182.67,437.1,131.8,20.76,11.49,2.19,0.25,3.75,0.0,,417.5,2,none,10.4,14.0,-1.5,10.0,0.3,7.24,28.47,46.32,51.11,,57.95,82.15,,30.5,1.0,steady compounder (low CV),0.04,,8.72,,734.97,25.62,44.16,0.03,,4.06,-3.55,7.4,-0.35,431.95,186.05,49.0,18.3,-38.95,,,0.61,4,31.0,2.0,12.0,0.0,45.0,MONITOR ⭐,Expected ~132% CAGR (2yr) | Revenue CAGR 51% | Profit CAGR 82% | Nearly debt-free | FCF yield 25.6% | EPS: steady compounder (low CV),None identified,3-4 years,Medium-High,"yfinance, screener.in",100,33,,2026-07-11,2026-06-01,40,0.0,5,0.0
SOTL,Savita Oil Technologies Limited,Basic Materials,Specialty Chemicals,3652.0,Small-Cap,MonthlyStage2,Breaking Out,1.0,24,10-EMA=443 | 30-EMA=413 | Above by 47.1% | MA turning=Yes,MonthlyDoubleBottom+MonthlyStage2,Uptrend,True,True,Tight-Above-MAs,True,Stage2,1,Uptrend,Uptrend,607.45,412.86,288.1,516.33,653.52,653.52,653.52,653.52,7.6,3.7,20.08,8.77,2.01,,13.64,75.0,-7.17,,0,none,10.5,15.2,-1.34,6.0,-2.17,4.17,5.39,14.42,6.33,16.89,61.06,-6.96,-5.14,62.0,0.15,highly inconsistent earnings,0.0,,2.54,,72.85,1.99,68.93,0.02,,0.88,0.01,13.18,0.0,624.0,285.8,2.7,112.5,50.93,66.91,1.58,0.56,4,7.0,30.0,0.0,8.0,45.0,MONITOR ⭐,Expected ~4% CAGR (2yr) | Declining profits (-7% CAGR) ⚠️ | Nearly debt-free | Promoter 69% holding | Margin compressing ↓ ⚠️ | MonthlyStage2 — Breaking Out,Margin compression ↓,3-4 years,Medium-High,"yfinance, screener.in",100,289,,2026-07-11,2026-06-01,40,45.5,5,6.0
ESABINDIA,ESAB India Limited,Industrials,Tools & Accessories,8981.0,Mid-Cap,MonthlyStage2,Stage Change,0.616,24,10-EMA=5683 | 30-EMA=5258 | Above by 9.2% | MA turning=Yes,MonthlyDoubleBottom+MonthlyStage2,Sideways-Above-MA,True,False,Constructive,False,Stage2,4,Uptrend,Uptrend,5744.0,5258.46,4424.98,4882.4,3302.71,6091.94,3302.71,3302.71,6.1,3.0,43.48,,20.91,,32.86,201.0,-32.14,,0,none,59.3,90.8,-17.0,24.0,1.5,13.71,23.48,18.95,,,25.58,,,-8.2,0.4,lumpy earner,0.01,,2.15,,92.12,1.03,73.72,0.0,,1.56,0.05,12.88,-0.05,7319.5,4710.0,21.5,22.0,14.59,-14.82,0.16,0.36,5,25.0,17.89,-1.0,3.0,44.9,MONITOR ⭐,Expected ~3% CAGR (2yr) | Declining profits (-8% CAGR) ⚠️ | ROE 59% | ROCE 91% | Nearly debt-free | Promoter 74% holding,None identified,3-4 years,Medium-High,"yfinance, screener.in",80,289,,2026-07-11,2026-06-01,40,-12.5,5,-16.1
ADANIPOWER,Adani Power Limited,Utilities,Utilities - Independent Power Producers,427715.0,Large-Cap,MonthlyDoubleBottom,Forming,0.774,13,Sep 13mo | Mid rally 86% | Asymmetry 9%,,Sideways-Above-MA,True,False,Constructive,False,Stage2,4,Uptrend,Uptrend,218.45,179.17,92.4,185.68,166.47,265.94,188.96,177.36,21.7,10.3,33.55,26.05,6.59,5.13,24.38,0.0,,242.25,8,buy,21.1,17.2,1.77,37.0,1.03,23.66,7.48,-3.49,11.84,15.65,1.73,6.54,59.16,52.3,0.15,highly inconsistent earnings,0.82,,1.41,,-8656.76,-2.02,74.96,0.0,,11.73,0.09,3.69,0.28,254.2,110.45,14.1,97.8,82.75,214.22,0.36,0.53,5,18.0,18.79,0.0,8.0,44.8,MONITOR ⭐,Expected ~10% CAGR (2yr) | ROE 21% | ROCE trend rising ↑ | Promoter 75% holding | OPM 37% | Piotroski F=5 (above average quality),Earnings due 2026-04-29 | Pattern still forming (not broken out),3-4 years,Medium-High,"yfinance, screener.in",100,204,2026-04-29,2026-07-11,2026-06-01,40,-0.3,5,-5.0
SBFC,SBFC Finance Limited,Financial Services,Credit Services,10098.0,Mid-Cap,MonthlyDoubleBottom,Forming,0.519,24,Sep 24mo | Mid rally 62% | Asymmetry 10%,,Downtrend,False,False,Below-MAs,True,Stage2,12,Uptrend,Uptrend,92.96,123.0,72.4,79.02,157.38,213.69,478.89,274.53,129.9,51.6,22.26,14.96,2.71,0.3,,0.0,,122.43,7,strong_buy,11.6,11.6,,62.31,,44.59,4.58,28.16,35.15,,45.57,74.44,,30.7,0.75,consistent growth,1.96,,4.46,,,,52.35,-0.47,,6.21,-0.67,21.97,2.44,123.0,79.6,24.4,16.8,-7.59,,0.2,0.6,3,23.0,10.73,11.0,0.0,44.7,MONITOR ⭐,Expected ~52% CAGR (2yr) | Revenue CAGR 35% | Profit CAGR 74% | Promoter 52% holding | OPM 62% | EPS: consistent growth,High D/E 2.0 | Pattern still forming (not broken out),3-4 years,Medium-High,"yfinance, screener.in",90,35,,2026-07-11,2026-06-01,40,2.4,5,-4.0
KSB,KSB Limited,Industrials,Specialty Industrial Machinery,16292.0,Mid-Cap,MonthlyCupHandle,Forming,0.895,20,Cup 20mo | Depth 20% | Prior gain 31% | R²=0.98,MonthlyCupHandle+MonthlyDoubleBottom+MonthlyStage2,Sideways-Above-MA,True,False,Constructive,False,Stage2,4,Uptrend,Uptrend,837.2,951.98,764.98,726.73,410.31,1138.98,473.37,440.71,36.0,16.6,62.91,40.97,9.7,8.49,44.16,47.0,13.62,956.0,2,none,18.4,24.7,1.26,13.0,-0.14,9.57,,0.22,6.34,12.54,-4.07,7.41,11.69,-22.9,0.4,lumpy earner,0.0,,,,,,69.8,0.0,,4.66,0.14,11.64,-0.31,1028.3,666.65,18.6,25.6,10.56,74.04,0.6,-0.23,1,21.0,20.74,-1.0,4.0,44.7,MONITOR ⭐,Expected ~17% CAGR (2yr) | ROCE 25% | ROCE trend rising ↑ | Nearly debt-free | Promoter 70% holding | Dividend growing 14%/yr,High PE 63 | Pattern still forming (not broken out),3-4 years,Medium-High,"yfinance, screener.in",80,287,,2026-07-11,2026-06-01,40,0.0,5,1.0
ADVENZYMES,Advanced Enzyme Technologies Limited,Basic Materials,Specialty Chemicals,3556.0,Small-Cap,MonthlyDoubleBottom,Forming,1.0,37,Sep 37mo | Mid rally 124% | Asymmetry 3%,MonthlyDoubleBottom+MonthlyStage2,Sideways-Above-MA,True,False,Constructive,False,Stage2,1,Uptrend,Uptrend,329.85,561.16,246.81,280.37,400.79,875.51,564.79,475.77,165.4,62.9,21.1,17.26,2.18,1.13,12.83,164.0,73.25,370.0,1,none,10.5,13.9,-1.31,31.0,-2.63,22.62,6.83,17.11,11.3,8.24,29.85,18.71,2.88,62.2,0.15,highly inconsistent earnings,0.02,,9.78,,60.88,1.71,43.26,0.22,,25.5,-0.35,5.41,-0.1,419.0,251.95,21.3,30.9,-3.75,-21.72,0.58,0.69,5,17.0,22.5,4.0,1.0,44.5,MONITOR ⭐,Expected ~63% CAGR (2yr) | Nearly debt-free | OPM 31% | Margin compressing ↓ ⚠️ | Piotroski F=5 (above average quality) | Dividend growing 73%/yr,Margin compression ↓ | Pattern still forming (not broken out),3-4 years,Medium-High,"yfinance, screener.in",100,120,,2026-07-11,2026-06-01,40,-14.6,5,-12.5
SHARDACROP,Sharda Cropchem Limited,Basic Materials,Agricultural Inputs,8216.0,Mid-Cap,MonthlyDoubleBottom,Forming,0.712,20,Sep 20mo | Mid rally 74% | Asymmetry 3%,,Downtrend,False,False,Below-MAs,False,Stage2,1,Uptrend,Uptrend,923.7,515.05,292.69,785.14,2080.84,2075.61,3293.58,2617.9,124.7,49.9,12.06,11.07,2.62,0.47,7.34,198.0,0.0,1262.17,6,none,24.2,30.4,-0.06,20.0,-0.46,12.93,8.51,21.94,9.2,17.07,124.01,25.81,24.35,56.5,0.15,highly inconsistent earnings,,,1.86,,-142.3,-1.73,74.82,0.0,,3.12,-1.48,9.18,-0.52,1297.0,755.55,28.8,22.3,-14.27,96.38,0.27,0.56,3,18.0,12.54,14.0,0.0,44.5,MONITOR ⭐,Expected ~50% CAGR (2yr) | Profit CAGR 26% | ROE 24% | ROCE 30% | Promoter 75% holding | PEG 0.47 — deeply undervalued,Pattern still forming (not broken out),3-4 years,Medium-High,"yfinance, screener.in",90,142,,2026-07-11,2026-06-01,40,0.8,5,-8.0
DIACABS,Diamond Power Infrastructure Limited,Industrials,Specialty Industrial Machinery,10481.0,Mid-Cap,MonthlyDoubleBottom,Forming,1.0,39,Sep 39mo | Mid rally 421% | Asymmetry 4%,,Uptrend,True,False,Uptrend,True,Stage2,4,Uptrend,Uptrend,229.01,1438.5,271.0,257.45,121.41,2606.0,153.63,136.57,1037.9,237.3,66.3,,-17.35,5.31,55.76,0.0,-66.67,,0,none,,26.5,-1.74,12.0,3.91,8.28,5.99,71.3,19.08,-7.22,364.71,12.49,4.63,690.9,0.2,multiple loss years in history,,,2.04,,-258.15,-2.46,84.02,0.0,,0.36,-0.08,0.07,-0.03,219.0,115.57,-4.6,98.2,67.04,1048.68,1.54,0.67,4,11.0,26.5,-1.0,8.0,44.5,MONITOR ⭐,Expected ~237% CAGR (2yr) | Revenue CAGR 19% | ROCE 26% | Promoter 84% holding | MonthlyDoubleBottom forming (39mo base) | Weekly uptrend,High PE 66 | Pattern still forming (not broken out),3-4 years,Medium-High,"yfinance, screener.in",80,191,,2026-07-11,2026-06-01,40,20.4,5,-2.0
RSYSTEMS,R Systems International Limited,Technology,Information Technology Services,2609.0,Small-Cap,MonthlyDoubleBottom,Forming,1.0,38,Sep 38mo | Mid rally 149% | Asymmetry 2%,,Downtrend,False,False,Below-MAs,False,Downtrend,0,Uptrend,Uptrend,278.45,555.36,220.66,236.68,811.83,890.06,1073.83,933.69,219.6,78.8,12.82,10.3,3.29,0.85,9.41,545.0,-4.09,411.5,4,strong_buy,24.4,19.5,-2.43,16.0,0.54,10.19,,6.79,7.46,12.58,14.52,15.01,8.6,69.5,0.15,highly inconsistent earnings,0.34,,,,,,51.85,0.0,,3.89,0.13,7.2,-1.4,496.9,219.0,44.0,27.1,-30.49,-50.86,0.73,0.14,1,15.0,15.5,14.0,0.0,44.5,MONITOR ⭐,"Expected ~79% CAGR (2yr) | ROE 24% | Promoter 52% holding | PEG 0.85 — undervalued | EV/EBITDA 9× below sector (20×) | Analyst target ₹412 (+48%, n=4)",Pattern still forming (not broken out),3-4 years,Medium-High,"yfinance, screener.in",80,242,,2026-07-11,2026-06-01,40,0.0,5,-2.0
MASTEK,Mastek Limited,Technology,Information Technology Services,5026.0,Small-Cap,MonthlyDoubleBottom,Forming,1.0,36,Sep 36mo | Mid rally 140% | Asymmetry 8%,,Sideways,False,False,Below-MAs,True,Downtrend,0,Uptrend,Uptrend,1660.9,3331.6,1334.2,1411.77,4292.77,5329.0,5121.79,4688.99,220.9,79.1,12.52,10.27,1.63,1.36,7.45,148.0,-25.05,2014.0,5,buy,15.6,18.0,-2.57,16.0,-1.17,10.92,7.85,7.06,13.01,16.52,7.45,9.23,9.9,30.9,0.15,highly inconsistent earnings,0.15,,2.16,,408.11,8.12,35.77,-0.01,,8.03,-2.24,19.02,6.37,2818.0,1334.2,41.1,24.5,-23.52,-35.09,0.29,0.19,5,16.0,18.5,10.0,0.0,44.5,MONITOR ⭐,Expected ~79% CAGR (2yr) | Low D/E 0.15 | Margin compressing ↓ ⚠️ | FCF yield 8.1% | Piotroski F=5 (above average quality) | DII buying +6.4% ↑,Margin compression ↓ | Earnings due 2026-07-17 | Pattern still forming (not broken out),3-4 years,Medium-High,"yfinance, screener.in",100,287,2026-07-17,2026-07-11,2026-06-01,40,0.0,5,0.0
TANLA,Tanla Platforms Limited,Technology,Software - Application,7125.0,Small-Cap,MonthlyDoubleBottom,Forming,1.0,33,Sep 33mo | Mid rally 174% | Asymmetry 9%,,Sideways,False,False,Below-MAs,True,Downtrend,0,Uptrend,Uptrend,523.25,1955.0,684.52,650.29,1052.04,3225.48,1145.56,1097.81,516.4,148.3,14.1,12.02,2.87,3.24,9.58,223.0,14.47,571.5,2,none,21.4,26.3,-6.29,16.0,-0.83,11.53,10.8,9.68,9.61,13.54,0.39,4.35,7.41,14.5,0.15,highly inconsistent earnings,0.02,,2.3,,366.23,5.14,46.17,0.0,,7.6,-0.74,0.28,-0.02,766.0,365.9,31.7,43.0,-9.3,-68.43,0.46,0.66,4,22.0,18.5,4.0,0.0,44.5,MONITOR ⭐,Expected ~148% CAGR (2yr) | ROE 21% | ROCE 26% | Nearly debt-free | Margin compressing ↓ ⚠️ | FCF yield 5.1%,Margin compression ↓ | Earnings due 2026-07-23 | Pattern still forming (not broken out),3-4 years,Medium-High,"yfinance, screener.in",100,233,2026-07-23,2026-07-11,2026-06-01,40,0.0,5,0.0
ANGELONE,Angel One Limited,Financial Services,Capital Markets,32179.0,Large-Cap,MonthlyStage2,Stage Change,1.0,24,10-EMA=291 | 30-EMA=254 | Above by 36.1% | MA turning=Yes,MonthlyDoubleBottom+MonthlyStage2,Uptrend,True,False,Uptrend,True,Stage2,12,Uptrend,Uptrend,346.05,254.35,209.86,294.14,211.17,298.84,215.12,213.14,,,35.73,20.33,5.24,38.41,,199.0,-3.56,359.17,12,buy,15.6,14.8,-2.63,35.0,-0.4,19.29,4.49,-1.93,19.62,31.86,-21.93,0.93,25.24,83.5,0.15,highly inconsistent earnings,1.29,,1.32,,,,28.8,-0.07,,12.81,0.36,18.88,0.77,360.45,208.63,4.0,65.9,60.03,67.58,0.31,0.1,2,7.0,26.5,1.0,10.0,44.5,MONITOR ⭐,Revenue CAGR 20% | OPM 35% | DII buying +0.8% ↑ | MonthlyStage2 forming (24mo base) | Weekly uptrend | Sector in Stage2,High D/E 1.3,3-4 years,Medium-High,"yfinance, screener.in",90,70,,2026-07-11,2026-06-01,40,5.5,5,2.0
KPIGREEN,KPI Green Energy Limited,Utilities,Utilities - Renewable,7992.0,Small-Cap,MonthlyDoubleBottom,Forming,0.739,14,Sep 14mo | Mid rally 81% | Asymmetry 7%,MonthlyDoubleBottom+MonthlyStage2,Sideways,False,False,Below-MAs,True,Stage2,4,Uptrend,Uptrend,438.0,587.43,312.67,372.3,1042.45,1737.14,2894.78,1737.14,296.6,99.2,16.8,,2.63,0.25,13.21,21.0,8.74,,0,none,17.4,13.8,-0.54,36.0,-4.26,17.66,7.03,55.39,61.17,92.5,56.62,66.64,87.44,46.6,0.75,consistent growth,1.59,,1.64,,-2525.15,-31.6,49.49,0.24,,8.24,-0.44,0.64,0.01,563.0,335.65,22.2,30.5,-7.02,119.92,0.93,0.42,4,21.0,15.37,8.0,0.0,44.4,MONITOR ⭐,Expected ~99% CAGR (2yr) | Revenue CAGR 61% | Profit CAGR 67% | OPM 36% | Margin compressing ↓ ⚠️ | EPS: consistent growth,High D/E 1.6 | Margin compression ↓ | Pattern still forming (not broken out),3-4 years,Medium-High,"yfinance, screener.in",100,59,,2026-07-11,2026-06-01,40,0.0,5,0.0
JAGSNPHARM,Jagsonpal Pharmaceuticals Limited,Healthcare,Drug Manufacturers - Specialty & Generic,1558.0,Small-Cap,MonthlyDoubleBottom,Forming,0.85,21,Sep 21mo | Mid rally 95% | Asymmetry 10%,MonthlyDoubleBottom+MonthlyStage2,Sideways,False,False,Below-MAs,True,Stage2,6,Uptrend,Uptrend,197.22,199.22,97.44,167.64,305.85,378.64,468.76,378.64,92.0,38.6,37.44,,6.01,1.57,26.87,106.0,75.0,,0,none,16.7,,,13.77,,15.0,10.22,9.6,,,23.8,,,33.1,0.5,insufficient history,0.03,,5.06,,39.77,2.55,69.36,1.47,,2.46,0.02,0.31,0.09,301.65,155.0,34.6,27.2,-3.25,12.17,0.31,-0.35,4,24.0,17.2,2.0,1.0,44.2,MONITOR ⭐,Expected ~39% CAGR (2yr) | Profit CAGR 24% | Nearly debt-free | Promoter 69% holding | Promoters buying ↑ | Dividend growing 75%/yr,Pattern still forming (not broken out),3-4 years,Medium-High,"yfinance, screener.in",70,287,,2026-07-11,2026-06-01,40,0.0,5,-1.0
BRITANNIA,Britannia Industries Limited,Consumer Defensive,Packaged Foods,129563.0,Large-Cap,MonthlyDoubleBottom,Forming,0.638,25,Sep 25mo | Mid rally 68% | Asymmetry 4%,MonthlyDoubleBottom+MonthlyStage2,Sideways,False,False,Below-MAs,True,Stage2,15,Uptrend,Uptrend,5353.0,3201.72,1876.14,4550.05,3951.87,4941.05,4199.06,4073.59,,,51.02,41.48,25.37,16.56,36.39,168.0,9.9,6242.24,34,buy,53.6,56.0,2.6,18.0,0.09,13.23,21.59,6.74,5.52,7.83,16.48,3.08,6.51,21.1,0.15,highly inconsistent earnings,0.27,,1.12,,2049.09,1.58,50.55,0.0,,15.63,0.75,18.82,-0.73,6336.0,5035.0,15.5,6.3,-5.98,-2.76,0.26,0.47,5,26.0,15.16,2.0,1.0,44.2,MONITOR ⭐,ROE 54% | ROCE 56% | ROCE trend rising ↑ | Low D/E 0.27 | Promoter 51% holding | Piotroski F=5 (above average quality),High PE 51 | Earnings due 2026-08-05 | Pattern still forming (not broken out),3-4 years,Medium-High,"yfinance, screener.in",100,367,2026-08-05,2026-07-11,2026-06-01,40,-1.2,5,2.0
SBGLP,Suratwwala Business Group Limited,Real Estate,Real Estate - Development,438.0,Micro-Cap,None,,0.0,0,,,Downtrend,False,False,Below-MAs,False,Stage2,3,Uptrend,Uptrend,26.46,,,22.49,98.69,120.26,146.55,120.26,354.5,113.2,11.74,,4.22,0.54,9.78,40.0,,,0,none,43.8,30.8,-17.8,37.0,103.1,26.51,14.38,297.22,32.12,,245.45,21.86,,104.4,0.15,highly inconsistent earnings,0.75,,2.84,,-14.92,-3.41,73.39,0.0,,0.0,-0.01,,,46.0,18.35,42.5,44.2,-32.38,-2.83,,0.33,4,30.0,3.0,11.0,0.0,44.0,MONITOR ⭐,Expected ~113% CAGR (2yr) | Revenue CAGR 32% | Profit CAGR 22% | ROE 44% | ROCE 31% | Promoter 73% holding,None identified,3-4 years,Medium-High,"yfinance, screener.in",100,41,,2026-07-11,2026-06-01,40,0.9,5,-2.0
JTEKTINDIA,JTEKT India Limited,Consumer Cyclical,Auto Parts,4076.0,Small-Cap,MonthlyDoubleBottom,Forming,1.0,6,Sep 6mo | Mid rally 132% | Asymmetry 4%,MonthlyCupHandle+MonthlyDoubleBottom,Downtrend,False,False,Below-MAs,False,Stage2,3,Uptrend,Uptrend,128.86,15.95,6.73,109.53,277.89,516.72,960.78,516.72,301.0,100.2,51.73,33.02,3.44,0.6,21.66,48.0,21.39,177.5,2,none,12.4,15.9,-0.91,9.0,-0.57,2.89,3.68,0.93,15.67,3.3,3.45,85.94,2.9,11.5,0.15,highly inconsistent earnings,0.29,,1.23,,-373.06,-9.15,74.98,0.0,,0.48,0.02,11.14,0.02,188.5,117.01,31.6,10.1,-3.24,-31.39,0.33,0.76,3,19.0,15.0,9.0,1.0,44.0,MONITOR ⭐,Expected ~100% CAGR (2yr) | Revenue CAGR 16% | Profit CAGR 86% | Low D/E 0.29 | Promoter 75% holding | Margin compressing ↓ ⚠️,High PE 52 | Margin compression ↓ | Pattern still forming (not broken out),3-4 years,Medium-High,"yfinance, screener.in",100,269,,2026-07-11,2026-06-01,40,0.0,5,1.0
MEDANTA,Global Health Limited,Healthcare,Medical Care Facilities,36296.0,Large-Cap,MonthlyCupHandle,Forming,0.921,23,Cup 23mo | Depth 20% | Prior gain 75% | R²=1.00,MonthlyCupHandle+MonthlyDoubleBottom+MonthlyStage2,Sideways-Above-MA,True,True,Constructive,True,Stage2,6,Uptrend,Uptrend,1240.4,1441.56,1147.8,1090.41,1011.72,1735.32,1440.65,1207.29,39.9,18.3,65.35,41.85,9.16,3.38,39.57,4.0,,1420.82,17,none,15.2,17.1,2.23,21.0,1.29,12.62,8.16,19.45,17.62,24.97,15.18,19.33,80.39,42.0,0.15,highly inconsistent earnings,0.3,,2.67,,-214.19,-0.59,33.01,0.0,,10.15,-0.39,14.76,0.77,1456.5,956.0,14.8,29.7,16.87,65.51,0.86,0.16,6,19.0,21.05,0.0,4.0,44.0,MONITOR ⭐,Expected ~18% CAGR (2yr) | Revenue CAGR 18% | ROCE trend rising ↑ | Low D/E 0.30 | Piotroski F=6 (above average quality) | DII buying +0.8% ↑,High PE 65 | Pattern still forming (not broken out),3-4 years,Medium-High,"yfinance, screener.in",100,43,,2026-07-11,2026-06-01,40,0.0,5,1.0
HERITGFOOD,Heritage Foods Limited,Consumer Defensive,Packaged Foods,3119.0,Small-Cap,MonthlyDoubleBottom,Forming,1.0,23,Sep 23mo | Mid rally 146% | Asymmetry 0%,,Sideways,False,False,Below-MAs,False,Stage2,15,Uptrend,Uptrend,320.0,720.27,292.55,277.92,1137.5,1147.99,2143.09,1561.33,258.7,89.4,20.71,15.12,2.81,0.56,12.2,74.0,25.4,421.67,3,none,12.6,14.8,-1.77,6.0,-0.6,3.32,6.81,9.46,11.78,12.85,-20.21,37.26,0.27,-36.1,0.15,highly inconsistent earnings,0.33,,1.4,,-163.39,-5.24,41.3,0.0,,2.21,-1.74,6.21,1.33,540.0,292.55,40.7,9.4,-29.35,11.47,0.28,0.26,3,12.0,19.0,13.0,0.0,44.0,MONITOR ⭐,Expected ~89% CAGR (2yr) | Profit CAGR 37% | Margin compressing ↓ ⚠️ | DII buying +1.3% ↑ | Dividend growing 25%/yr | PEG 0.56 — undervalued,Margin compression ↓ | Pattern still forming (not broken out),3-4 years,Medium-High,"yfinance, screener.in",100,288,,2026-07-11,2026-06-01,40,-2.2,5,2.0
AGIIL,AGI Infra Limited,Real Estate,Real Estate - Development,4426.0,Small-Cap,None,,0.0,0,,,Sideways-Above-MA,True,False,Constructive,False,Stage2,3,Uptrend,Uptrend,345.6,,,293.76,341.92,429.29,538.97,429.29,24.2,11.5,45.68,,9.55,1.79,34.24,3.0,,,0,none,25.0,20.1,-0.91,35.0,1.11,26.91,5.0,8.62,13.72,26.26,41.79,25.55,41.08,69.6,0.4,lumpy earner,0.38,,1.31,,-85.2,-1.93,71.29,-1.66,,3.98,3.15,0.01,-0.01,434.4,187.0,20.4,84.8,52.88,,,-0.04,3,27.0,9.0,1.0,7.0,44.0,MONITOR ⭐,Expected ~12% CAGR (2yr) | Profit CAGR 26% | ROE 25% | ROCE 20% | Promoter 71% holding | OPM 35%,None identified,3-4 years,Medium-High,"yfinance, screener.in",100,25,,2026-07-11,2026-06-15,26,-7.2,3,-4.0
CRISIL,CRISIL Limited,Financial Services,Financial Data & Stock Exchanges,29378.0,Mid-Cap,MonthlyDoubleBottom,Forming,0.859,27,Sep 27mo | Mid rally 89% | Asymmetry 3%,,Sideways,False,False,Below-MAs,True,Stage2,12,Uptrend,Uptrend,4097.4,6797.35,3537.68,3482.79,2744.8,10057.02,3227.67,2976.46,145.4,56.7,34.97,26.65,9.68,4.14,26.04,90.0,-8.94,4908.0,2,none,24.5,32.6,-0.91,30.0,0.77,21.56,,6.69,7.43,11.09,9.53,8.44,12.48,45.9,0.75,consistent growth,0.1,,,,,,66.64,0.0,,7.18,-0.49,12.61,0.52,6130.0,3686.0,33.2,11.2,-15.87,-18.45,0.68,0.13,1,27.0,17.81,-1.0,0.0,43.8,MONITOR ⭐,Expected ~57% CAGR (2yr) | ROE 24% | ROCE 33% | Nearly debt-free | Promoter 67% holding | OPM 30%,Pattern still forming (not broken out),3-4 years,Medium-High,"yfinance, screener.in",80,289,,2026-07-11,2026-06-01,40,-0.4,5,4.8
GARFIBRES,Garware Technical Fibres Limited,Consumer Cyclical,Textile Manufacturing,7139.0,Small-Cap,MonthlyDoubleBottom,Forming,0.755,13,Sep 13mo | Mid rally 84% | Asymmetry 8%,MonthlyDoubleBottom+MonthlyStage2,Uptrend,True,False,Constructive,True,Stage2,3,Uptrend,Uptrend,724.35,327.59,171.04,615.7,781.1,815.19,860.83,819.99,12.5,6.1,36.5,25.65,5.36,7.33,24.25,130.0,89.32,808.0,3,none,16.1,22.0,-0.06,19.0,0.11,13.0,8.57,-0.71,5.4,8.12,-14.22,4.98,4.72,-19.4,0.15,highly inconsistent earnings,0.03,,2.74,,68.48,0.96,53.36,0.0,,9.12,0.05,10.29,-0.15,970.0,579.75,25.3,24.9,-3.34,-10.71,0.2,-0.01,5,18.0,21.56,3.0,1.0,43.6,MONITOR ⭐,Expected ~6% CAGR (2yr) | ROCE 22% | Nearly debt-free | Promoter 53% holding | Piotroski F=5 (above average quality) | Dividend growing 89%/yr,Pattern still forming (not broken out),3-4 years,Medium-High,"yfinance, screener.in",100,288,,2026-07-11,2026-06-01,40,12.8,5,3.0
RMDRIP,R M DRIP & SPRINK SYS LTD,Industrials,Farm & Heavy Construction Machinery,861.0,Small-Cap,MonthlyDoubleBottom,Forming,1.0,32,Sep 32mo | Mid rally 292% | Asymmetry 1%,,Downtrend,False,False,Below-MAs,False,Stage2,4,Uptrend,Uptrend,19.02,3.67,0.74,16.17,19.4,19.4,19.4,19.4,2.0,1.0,24.51,,4.53,,10.63,15.0,,,0,none,36.6,36.9,-7.0,27.0,8.0,17.7,16.7,50.38,,,45.83,,,-2.6,0.4,lumpy earner,0.48,,3.07,,-23.79,-2.76,21.06,0.0,,3.85,1.35,0.1,-0.25,72.22,14.81,73.7,28.4,-37.79,673.08,0.19,0.73,4,23.0,16.5,4.0,0.0,43.5,MONITOR ⭐,Expected ~1% CAGR (2yr) | Revenue CAGR 27% | Declining profits (-2% CAGR) ⚠️ | ROE 37% | ROCE 37% | OPM 27%,Pattern still forming (not broken out),3-4 years,Medium-High,"yfinance, screener.in",80,104,,2026-07-11,2026-06-01,40,0.0,5,-19.0
FINCABLES,Finolex Cables Limited,Industrials,Electrical Equipment & Parts,16825.0,Mid-Cap,MonthlyDoubleBottom,Forming,1.0,32,Sep 32mo | Mid rally 130% | Asymmetry 8%,MonthlyCupHandle+MonthlyDoubleBottom+MonthlyStage2,Sideways-Above-MA,True,False,Constructive,False,Stage2,4,Uptrend,Uptrend,1054.5,1674.55,700.8,896.32,1564.3,2648.3,1973.13,1756.86,151.1,58.5,23.59,16.27,2.77,1.92,23.86,73.0,10.06,1204.33,6,none,12.3,16.0,-0.74,10.0,-0.49,11.29,5.27,18.84,12.15,17.96,1.85,12.31,9.14,17.1,0.15,highly inconsistent earnings,0.0,,8.42,,-130.67,-0.78,35.86,0.0,,9.62,0.2,16.44,0.67,1203.9,700.8,12.4,50.5,30.67,-27.75,0.26,0.52,4,10.0,22.5,3.0,8.0,43.5,MONITOR ⭐,Expected ~58% CAGR (2yr) | Nearly debt-free | DII buying +0.7% ↑ | Dividend growing 10%/yr | MonthlyDoubleBottom forming (32mo base) | Sector in Stage2,Earnings due 2026-08-11 | Pattern still forming (not broken out),3-4 years,Medium-High,"yfinance, screener.in",100,289,2026-08-11,2026-07-11,2026-06-01,40,-0.2,5,-3.0
LATENTVIEW,Latent View Analytics Limited,Industrials,Consulting Services,5811.0,Small-Cap,MonthlyDoubleBottom,Forming,0.666,25,Sep 25mo | Mid rally 76% | Asymmetry 10%,,Sideways,False,False,Below-MAs,True,Stage2,4,Uptrend,Uptrend,325.25,575.0,310.45,294.93,357.77,839.55,426.86,390.79,158.1,60.7,29.41,20.93,3.31,3.19,22.1,0.0,,341.8,5,buy,12.2,16.0,-1.8,22.0,-2.49,18.69,6.29,25.0,25.29,28.21,16.76,9.23,17.29,-1.4,0.4,lumpy earner,0.02,,4.05,,205.55,3.54,65.1,0.0,,3.15,-0.57,4.13,-0.07,517.5,248.0,37.1,31.1,-13.24,-30.22,1.0,0.51,5,27.0,15.49,1.0,0.0,43.5,MONITOR ⭐,Expected ~61% CAGR (2yr) | Revenue CAGR 25% | Nearly debt-free | Promoter 65% holding | Margin compressing ↓ ⚠️ | FCF yield 3.5%,Margin compression ↓ | Pattern still forming (not broken out),3-4 years,Medium-High,"yfinance, screener.in",100,55,,2026-07-11,2026-06-01,40,0.0,5,-1.0
MAZDA,Mazda Limited,Industrials,Specialty Industrial Machinery,460.0,Micro-Cap,MonthlyDoubleBottom,Forming,1.0,14,Sep 14mo | Mid rally 133% | Asymmetry 3%,,Downtrend,False,False,Below-MAs,False,Stage2,4,Uptrend,Uptrend,193.25,99.28,41.94,164.26,563.14,760.8,1027.84,760.8,293.7,98.4,16.69,,1.55,0.48,9.16,157.0,14.16,,0,none,11.48,,,13.93,,12.97,6.54,21.6,,,35.1,,,13.2,0.5,insufficient history,,,4.08,,-31.15,-6.78,48.58,0.0,,0.05,-0.08,0.05,0.0,337.77,159.2,42.8,21.4,-10.59,-8.55,0.18,-0.14,3,16.0,15.5,12.0,0.0,43.5,MONITOR ⭐,Expected ~98% CAGR (2yr) | Revenue CAGR 22% | Profit CAGR 35% | Dividend growing 14%/yr | PEG 0.48 — deeply undervalued | EV/EBITDA 9× below sector (18×),Pattern still forming (not broken out),3-4 years,Medium-High,"yfinance, screener.in",60,115,,2026-07-11,2026-06-01,40,0.0,5,0.0
FORTIS,Fortis Healthcare Limited,Healthcare,Medical Care Facilities,73578.0,Large-Cap,MonthlyDoubleBottom,Forming,1.0,29,Sep 29mo | Mid rally 147% | Asymmetry 0%,,Uptrend,True,False,Constructive,False,Stage2,6,Uptrend,Uptrend,968.0,186.33,75.52,822.8,726.51,960.66,1027.08,863.81,,,70.42,41.68,7.44,3.73,36.82,10.0,0.0,1105.95,19,strong_buy,11.3,13.5,1.74,23.0,1.97,11.41,6.89,17.28,13.17,17.76,31.52,18.9,63.52,44.6,0.15,highly inconsistent earnings,0.34,,0.86,,173.28,0.24,31.17,0.0,,25.98,-1.86,31.35,2.02,1104.3,757.15,12.3,27.8,7.1,167.09,0.29,0.65,6,15.0,25.5,0.0,3.0,43.5,MONITOR ⭐,ROCE trend rising ↑ | Piotroski F=6 (above average quality) | DII buying +2.0% ↑ | MonthlyDoubleBottom forming (29mo base) | Weekly uptrend | Sector in Stage2,High PE 70 | Earnings due 2026-08-06 | Pattern still forming (not broken out),3-4 years,Medium-High,"yfinance, screener.in",100,231,2026-08-06,2026-07-11,2026-06-01,40,0.8,5,1.0
AHLUCONT,Ahluwalia Contracts (India) Limited,Industrials,Engineering & Construction,5556.0,Small-Cap,MonthlyDoubleBottom,Forming,1.0,16,Sep 16mo | Mid rally 143% | Asymmetry 5%,,Sideways,False,False,Below-MAs,True,Stage2,4,Uptrend,Uptrend,842.95,1540.85,619.62,716.51,1370.16,2462.08,1690.91,1522.11,192.1,70.9,20.88,14.19,2.7,1.88,11.07,7.0,25.99,992.0,12,none,13.8,20.4,-0.06,10.0,0.09,5.82,5.28,11.37,17.17,18.16,31.68,11.09,28.14,-1.6,0.15,highly inconsistent earnings,0.04,,1.89,,-35.92,-0.65,55.32,0.0,,13.74,0.21,22.32,-1.05,1125.0,645.15,25.1,30.7,-7.46,-9.46,0.12,0.56,5,17.0,18.5,8.0,0.0,43.5,MONITOR ⭐,Expected ~71% CAGR (2yr) | Revenue CAGR 17% | ROCE 20% | Nearly debt-free | Promoter 55% holding | Piotroski F=5 (above average quality),Pattern still forming (not broken out),3-4 years,Medium-High,"yfinance, screener.in",100,200,,2026-07-11,2026-06-01,40,6.7,5,3.0
KIRLOSBROS,Kirloskar Brothers Limited,Industrials,Specialty Industrial Machinery,14711.0,Mid-Cap,MonthlyDoubleBottom,Forming,1.0,26,Sep 26mo | Mid rally 217% | Asymmetry 2%,MonthlyDoubleBottom+MonthlyStage2,Sideways,False,False,Below-MAs,True,Stage2,4,Uptrend,Uptrend,1619.0,403.92,126.34,1376.15,1607.9,1879.63,2197.29,1879.63,16.1,7.7,39.37,,5.97,2.33,25.95,38.0,32.64,,0,none,17.7,20.8,2.46,12.0,1.09,8.23,6.88,1.02,6.75,10.8,-10.02,16.9,18.55,-18.7,0.15,highly inconsistent earnings,0.1,,1.83,,56.14,0.38,65.95,0.0,,6.24,0.19,10.38,0.06,2387.8,1335.0,32.2,21.3,-23.37,145.92,0.3,0.25,6,23.0,19.5,0.0,1.0,43.5,MONITOR ⭐,Expected ~8% CAGR (2yr) | ROCE 21% | ROCE trend rising ↑ | Low D/E 0.10 | Promoter 66% holding | Piotroski F=6 (above average quality),Pattern still forming (not broken out),3-4 years,Medium-High,"yfinance, screener.in",100,242,,2026-07-11,2026-06-01,40,0.0,5,4.0
HNDFDS,Hindustan Foods Limited,Industrials,Conglomerates,6677.0,Small-Cap,MonthlyDoubleBottom,Forming,0.454,22,Sep 22mo | Mid rally 51% | Asymmetry 6%,,Uptrend,True,True,Tight-Above-MAs,True,Stage2,4,Uptrend,Uptrend,529.7,686.4,442.0,450.25,546.72,930.8,896.17,699.97,75.7,32.6,44.66,25.63,5.73,1.59,21.22,0.0,,830.5,2,none,14.8,14.2,-0.77,9.0,0.63,3.51,6.03,19.28,17.84,25.13,35.45,28.03,34.38,35.1,0.75,consistent growth,0.93,,1.41,,-379.47,-5.68,61.31,0.0,,5.83,0.08,15.06,0.47,584.9,442.0,9.4,19.8,-0.44,-27.71,0.45,0.32,4,18.0,21.45,2.0,2.0,43.4,MONITOR ⭐,Expected ~33% CAGR (2yr) | Revenue CAGR 18% | Profit CAGR 28% | Promoter 61% holding | EPS: consistent growth | MonthlyDoubleBottom forming (22mo base),Pattern still forming (not broken out),3-4 years,Medium-High,"yfinance, screener.in",100,44,,2026-07-11,2026-06-01,40,1.3,5,3.0
DIVISLAB,Divi's Laboratories Limited,Healthcare,Drug Manufacturers - Specialty & Generic,179377.0,Large-Cap,MonthlyDoubleBottom,Forming,0.681,20,Sep 20mo | Mid rally 71% | Asymmetry 3%,,Uptrend,True,False,Uptrend,True,Stage2,6,Uptrend,Uptrend,6836.0,5284.12,3058.82,5810.6,4498.62,7509.42,5653.14,5042.95,9.9,4.8,69.93,47.95,10.69,5.78,51.1,44.0,0.0,7059.47,30,hold,16.5,22.0,-2.8,33.0,-2.17,24.32,10.07,12.82,10.78,8.67,17.21,12.1,5.3,13.4,0.15,highly inconsistent earnings,0.0,,5.43,,-747.12,-0.42,51.88,0.0,,20.29,0.21,19.13,-0.05,7071.5,5636.5,3.3,21.3,12.39,68.17,0.38,0.22,4,15.0,22.17,0.0,6.0,43.2,MONITOR ⭐,Expected ~5% CAGR (2yr) | ROCE 22% | Nearly debt-free | Promoter 52% holding | OPM 33% | Margin compressing ↓ ⚠️,High PE 70 | Margin compression ↓ | Earnings due 2026-08-05 | Pattern still forming (not broken out),3-4 years,Medium-High,"yfinance, screener.in",100,281,2026-08-05,2026-07-11,2026-06-01,40,-1.1,5,1.0
ZFCVINDIA,ZF Commercial Vehicle Control Systems India Limited,Consumer Cyclical,Auto Parts,27500.0,Mid-Cap,MonthlyDoubleBottom,Forming,0.788,47,Sep 47mo | Mid rally 79% | Asymmetry 0%,MonthlyDoubleBottom+MonthlyStage2,Uptrend,True,False,Tight-Above-MAs,True,Stage2,3,Uptrend,Uptrend,14325.0,8444.59,4718.94,12176.25,13869.59,16309.25,19178.04,16309.25,13.9,6.7,53.19,35.62,7.45,3.02,,17.0,16.55,3034.54,4,none,14.6,19.4,-0.1,16.0,1.4,12.55,7.96,7.52,6.15,,12.15,17.59,,46.1,0.15,highly inconsistent earnings,,,5.3,,564.08,2.05,60.0,0.0,,5.99,0.2,25.42,-0.79,3044.0,2050.33,-370.6,598.7,14.84,-4.51,0.64,-0.06,5,14.0,25.96,0.0,3.0,43.0,MONITOR ⭐,Expected ~7% CAGR (2yr) | Promoter 60% holding | Piotroski F=5 (above average quality) | Dividend growing 17%/yr | MonthlyDoubleBottom forming (47mo base) | Weekly uptrend,High PE 53 | Pattern still forming (not broken out),3-4 years,Medium-High,"yfinance, screener.in",90,286,,2026-07-11,2026-06-01,40,0.0,5,-9.0
AXISCADES,AXISCADES Technologies Limited,Industrials,Engineering & Construction,7013.0,Small-Cap,MonthlyDoubleBottom,Forming,1.0,7,Sep 7mo | Mid rally 108% | Asymmetry 0%,,Sideways-Above-MA,True,False,Constructive,False,Stage2,4,Uptrend,Uptrend,1603.3,129.0,62.0,1362.8,861.37,1260.1,1843.4,1260.1,,,98.03,,9.65,2.12,41.51,0.0,,,0,none,11.5,15.3,0.17,15.0,0.49,6.21,6.42,12.42,12.13,17.21,-4.0,46.29,36.85,-98.6,0.2,multiple loss years in history,0.53,,1.53,,-152.07,-2.17,58.05,0.0,,1.16,-0.29,1.63,0.69,2211.0,1063.3,27.5,50.8,29.6,161.06,1.02,0.28,5,19.0,21.0,-1.0,4.0,43.0,MONITOR ⭐,Profit CAGR 46% | ROCE trend rising ↑ | Promoter 58% holding | Piotroski F=5 (above average quality) | DII buying +0.7% ↑ | MonthlyDoubleBottom forming (7mo base),High PE 98 | Pattern still forming (not broken out),3-4 years,Medium-High,"yfinance, screener.in",100,289,,2026-07-11,2026-06-01,40,-21.6,5,-5.0
SMSPHARMA,SMS Pharmaceuticals Limited,Healthcare,Drug Manufacturers - General,3947.0,Small-Cap,MonthlyDoubleBottom,Forming,1.0,9,Sep 9mo | Mid rally 126% | Asymmetry 1%,MonthlyCupHandle+MonthlyDoubleBottom,Sideways-Above-MA,True,False,Constructive,False,Stage2,6,Uptrend,Uptrend,382.1,397.02,174.82,324.79,526.32,621.32,733.47,621.32,62.6,27.5,37.73,,5.15,2.09,24.35,9.0,10.06,,0,none,14.3,13.3,-0.34,19.0,-0.6,11.5,6.53,13.28,19.33,9.52,47.83,18.05,26.09,61.0,0.15,highly inconsistent earnings,0.47,,1.81,,-95.11,-2.41,68.07,0.0,,0.31,0.27,3.02,-0.19,447.8,207.99,14.7,83.7,66.95,204.05,0.23,0.3,4,14.0,21.0,0.0,8.0,43.0,MONITOR ⭐,Expected ~28% CAGR (2yr) | Revenue CAGR 19% | Promoter 68% holding | Margin compressing ↓ ⚠️ | Dividend growing 10%/yr | MonthlyDoubleBottom forming (9mo base),Margin compression ↓ | Pattern still forming (not broken out),3-4 years,Medium-High,"yfinance, screener.in",100,233,,2026-07-11,2026-06-01,40,-6.9,5,-3.0
JYOTICNC,Jyoti CNC Automation Limited,Industrials,Specialty Industrial Machinery,17520.0,Mid-Cap,None,,0.0,0,,,Downtrend,False,False,Below-MAs,False,Stage2,4,Uptrend,Uptrend,679.15,,,577.28,1245.19,3303.12,8762.19,3303.12,386.4,120.5,52.09,31.13,8.76,0.32,34.64,0.0,,889.0,2,none,18.2,21.3,5.0,25.0,4.71,16.05,9.3,15.13,31.09,31.51,6.33,165.27,,-16.9,0.2,multiple loss years in history,0.43,,2.26,,-284.71,-1.63,62.55,0.0,,8.95,-0.75,13.68,0.29,1084.0,580.1,37.3,17.1,-28.15,,,-0.46,6,33.0,3.0,7.0,0.0,43.0,MONITOR ⭐,Expected ~120% CAGR (2yr) | Revenue CAGR 31% | Profit CAGR 165% | ROCE 21% | ROCE trend rising ↑ | Promoter 63% holding,High PE 52,3-4 years,Medium-High,"yfinance, screener.in",100,29,,2026-07-11,2026-06-01,40,0.0,5,-1.0
BANSALWIRE,BANSAL WIRE INDUSTRIES L,Basic Materials,Steel,5727.0,Small-Cap,None,,0.0,0,,,Uptrend,True,True,Uptrend,True,Stage2,1,Uptrend,Uptrend,331.2,,,281.52,279.37,378.8,539.46,388.22,14.4,6.9,35.58,22.08,4.0,0.91,20.23,0.0,,364.67,3,none,12.1,13.8,-0.5,7.0,0.8,3.87,6.75,18.62,19.92,,10.27,38.96,,21.0,0.15,highly inconsistent earnings,0.39,,1.64,,4.53,0.08,77.99,0.0,,0.88,-1.24,17.06,1.39,434.3,222.5,23.7,48.9,-6.22,,,,6,23.0,13.0,6.0,1.0,43.0,MONITOR ⭐,Expected ~7% CAGR (2yr) | Revenue CAGR 20% | Profit CAGR 39% | Promoter 78% holding | Piotroski F=6 (above average quality) | DII buying +1.4% ↑,None identified,3-4 years,Medium-High,"yfinance, screener.in",100,25,,2026-07-11,2026-06-15,26,9.0,3,4.0
HARSHA,Harsha Engineers International Limited,Industrials,Tools & Accessories,3802.0,Small-Cap,MonthlyDoubleBottom,Forming,0.95,36,Sep 36mo | Mid rally 97% | Asymmetry 2%,,Uptrend,True,False,Uptrend,True,Stage2,4,Uptrend,Uptrend,402.5,611.14,306.92,342.12,514.59,915.36,600.33,555.81,127.4,50.8,24.5,17.42,2.71,3.06,16.15,36.0,0.0,484.33,3,none,10.5,13.0,-0.51,15.0,-0.0,9.54,6.49,15.55,6.05,13.23,74.16,8.01,28.06,,0.15,highly inconsistent earnings,0.27,,2.6,,-57.12,-1.5,75.0,0.0,,2.37,1.96,12.42,0.0,469.0,313.3,14.2,28.5,0.9,-30.28,1.85,0.57,3,9.0,25.9,5.0,3.0,42.9,MONITOR ⭐,Expected ~51% CAGR (2yr) | Low D/E 0.27 | Promoter 75% holding | FII buying +2.0% ↑ | EV/EBITDA 16× vs sector 18× | MonthlyDoubleBottom forming (36mo base),Pattern still forming (not broken out),3-4 years,Medium-High,"yfinance, screener.in",100,46,,2026-07-11,2026-06-01,40,-1.4,5,6.0
APOLLOTYRE,Apollo Tyres Limited,Consumer Cyclical,Auto Parts,28371.0,Mid-Cap,MonthlyDoubleBottom,Forming,1.0,38,Sep 38mo | Mid rally 116% | Asymmetry 9%,MonthlyDoubleBottom+MonthlyStage2,Sideways,False,True,Below-MAs,True,Stage2,3,Uptrend,Uptrend,440.1,271.7,120.24,374.09,924.32,794.71,1107.47,1011.76,80.6,34.4,20.71,14.04,1.7,2.19,7.49,245.0,-8.04,469.13,23,buy,13.2,13.8,1.23,15.0,0.14,4.82,5.75,8.99,5.04,10.35,22.39,9.46,31.42,241.8,0.15,highly inconsistent earnings,0.22,,1.32,,1905.85,6.72,36.93,0.0,,12.15,-0.11,27.56,-0.33,540.5,365.3,18.6,20.5,-3.22,-9.08,0.47,0.14,5,17.0,19.5,5.0,1.0,42.5,MONITOR ⭐,Expected ~34% CAGR (2yr) | ROCE trend rising ↑ | Low D/E 0.22 | FCF yield 6.7% | Piotroski F=5 (above average quality) | EV/EBITDA 7× below sector (25×),Earnings due 2026-08-06 | Pattern still forming (not broken out),3-4 years,Medium-High,"yfinance, screener.in",100,295,2026-08-06,2026-07-11,2026-06-01,40,18.3,5,-2.5
JBMA,JBM Auto Limited,Consumer Cyclical,Auto Parts,16639.0,Mid-Cap,MonthlyDoubleBottom,Forming,1.0,48,Sep 48mo | Mid rally 372% | Asymmetry 5%,,Uptrend,True,False,Constructive,True,Stage2,3,Uptrend,Uptrend,622.95,121.35,25.11,529.51,475.25,589.02,730.04,589.02,,,76.31,35.5,14.57,3.19,35.99,12.0,19.35,,0,none,15.6,14.8,0.91,11.0,0.37,3.59,5.02,11.26,16.43,25.16,10.7,23.94,37.18,11.9,0.15,highly inconsistent earnings,1.9,,1.1,,-982.55,-5.91,67.53,0.0,,2.03,0.06,0.16,0.06,790.0,477.0,21.1,30.6,4.75,-29.27,0.87,0.07,4,14.0,25.5,0.0,3.0,42.5,MONITOR ⭐,Revenue CAGR 16% | Profit CAGR 24% | ROCE trend rising ↑ | Promoter 68% holding | Dividend growing 19%/yr | MonthlyDoubleBottom forming (48mo base),High D/E 1.9 | High PE 76 | Pattern still forming (not broken out),3-4 years,Medium-High,"yfinance, screener.in",100,258,,2026-07-11,2026-06-01,40,0.0,5,-2.0
JUBLFOOD,Jubilant FoodWorks Limited,Consumer Cyclical,Restaurants,28254.0,Mid-Cap,MonthlyDoubleBottom,Forming,1.0,32,Sep 32mo | Mid rally 116% | Asymmetry 4%,,Sideways,False,False,Below-MAs,True,Stage2,3,Uptrend,Uptrend,473.0,191.15,86.69,402.05,262.66,386.37,306.08,283.54,,,75.77,45.43,12.35,9.53,14.86,28.0,0.0,540.62,29,buy,18.9,14.6,-0.97,20.0,-1.14,4.5,6.42,16.84,22.63,23.49,104.61,7.95,13.96,-18.4,0.15,highly inconsistent earnings,0.03,,0.37,,478.52,1.69,40.27,0.0,,17.29,-1.3,36.38,1.59,714.7,408.8,33.8,15.7,-24.77,-27.75,0.41,0.06,4,18.0,19.5,5.0,0.0,42.5,MONITOR ⭐,Revenue CAGR 23% | Nearly debt-free | Margin compressing ↓ ⚠️ | DII buying +1.6% ↑ | EV/EBITDA 15× below sector (25×) | MonthlyDoubleBottom forming (32mo base),High PE 76 | Margin compression ↓ | Earnings due 2026-08-19 | Pattern still forming (not broken out),3-4 years,Medium-High,"yfinance, screener.in",100,196,2026-08-19,2026-07-11,2026-06-01,40,0.0,5,-1.0
MAPMYINDIA,C. E. Info Systems Limited,Technology,Software - Infrastructure,5139.0,Small-Cap,MonthlyDoubleBottom,Forming,0.708,9,Sep 9mo | Mid rally 76% | Asymmetry 6%,,Sideways,False,False,Below-MAs,True,Downtrend,0,Uptrend,Uptrend,966.6,2738.33,1510.05,1434.55,778.85,3966.61,899.39,836.95,310.4,102.6,38.32,22.97,5.67,5.14,27.4,37.0,20.51,1162.5,6,buy,15.8,22.0,0.71,36.0,-0.17,28.3,9.17,2.38,19.04,25.54,-9.46,7.46,17.43,4.5,0.15,highly inconsistent earnings,0.01,,4.92,,42.06,0.82,51.41,0.05,,3.15,-0.75,14.31,0.36,1998.0,795.0,51.6,21.6,-37.25,-42.09,3.4,0.14,6,27.0,13.5,2.0,0.0,42.5,MONITOR ⭐,Expected ~103% CAGR (2yr) | Revenue CAGR 19% | ROCE 22% | ROCE trend rising ↑ | Nearly debt-free | Promoter 51% holding,Pattern still forming (not broken out),3-4 years,Medium-High,"yfinance, screener.in",100,54,,2026-07-11,2026-06-01,40,0.0,5,-1.0
DYCL,Dynamic Cables Limited,Industrials,Electrical Equipment & Parts,1759.0,Small-Cap,MonthlyStage2,Stage Change,1.0,24,10-EMA=341 | 30-EMA=315 | Above by 15.3% | MA turning=Yes,MonthlyDoubleBottom+MonthlyStage2,Uptrend,True,True,Tight-Above-MAs,True,Stage2,4,Uptrend,Uptrend,362.8,314.74,240.9,308.38,468.58,480.29,492.3,480.29,32.4,15.1,20.83,,3.85,8.33,13.65,14.0,0.0,,0,none,20.32,,,9.71,,7.05,11.59,7.3,,,2.5,,,2.6,0.5,insufficient history,0.09,,2.52,,-4.15,-0.24,68.18,0.0,,0.9,0.37,1.27,0.24,526.75,236.8,31.1,53.2,-12.51,30.6,0.23,0.14,3,11.0,28.5,3.0,0.0,42.5,MONITOR ⭐,Expected ~15% CAGR (2yr) | ROE 20% | Nearly debt-free | Promoter 68% holding | EV/EBITDA 14× vs sector 18× | MonthlyStage2 forming (24mo base),None identified,3-4 years,Medium-High,"yfinance, screener.in",70,49,,2026-07-11,2026-07-01,10,14.1,1,3.5
MANKIND,Mankind Pharma Limited,Healthcare,Drug Manufacturers - Specialty & Generic,104430.0,Large-Cap,MonthlyStage2,Stage Change,0.818,24,10-EMA=2295 | 30-EMA=2220 | Above by 12.3% | MA turning=Yes,MonthlyDoubleBottom+MonthlyStage2,Sideways-Above-MA,True,False,Constructive,True,Stage2,6,Uptrend,Uptrend,2492.6,2220.12,2005.8,2118.71,2181.16,2553.69,2831.65,2485.21,2.5,1.2,54.65,35.26,6.4,3.92,30.02,8.0,,2656.4,20,buy,13.1,13.5,-4.54,25.0,-0.29,13.4,6.11,16.97,17.73,18.1,-3.63,13.94,8.43,31.7,0.15,highly inconsistent earnings,0.38,,1.07,,1647.91,1.58,72.66,0.0,,10.24,-1.1,14.46,1.2,2716.5,1909.7,8.2,30.5,15.21,23.38,0.75,0.45,4,17.0,20.32,1.0,4.0,42.3,MONITOR ⭐,Expected ~1% CAGR (2yr) | Revenue CAGR 18% | Promoter 73% holding | DII buying +1.2% ↑ | MonthlyStage2 forming (24mo base) | Sector in Stage2,High PE 55 | Earnings due 2026-08-06,3-4 years,Medium-High,"yfinance, screener.in",100,37,2026-08-06,2026-07-11,2026-06-01,40,0.0,5,0.0
AWL,AWL Agri Business Limited,Consumer Defensive,Packaged Foods,24717.0,Mid-Cap,MonthlyDoubleBottom,Forming,0.547,17,Sep 17mo | Mid rally 58% | Asymmetry 4%,,Downtrend,False,False,Below-MAs,False,Stage2,15,Uptrend,Uptrend,190.0,509.0,315.5,299.72,445.21,702.5,657.66,541.11,269.7,92.3,23.74,18.63,2.37,1.1,10.61,52.0,,267.33,6,buy,10.7,18.3,-0.4,3.0,-0.06,1.39,4.87,17.37,8.7,15.04,-14.76,21.54,7.47,53.5,0.15,highly inconsistent earnings,0.11,,1.26,,2318.6,9.38,56.94,0.0,,21.86,0.71,8.37,-0.91,286.0,171.19,33.6,11.0,-23.55,-72.87,0.77,-0.15,3,20.0,10.06,12.0,0.0,42.1,MONITOR ⭐,Expected ~92% CAGR (2yr) | Profit CAGR 22% | Low D/E 0.11 | Promoter 57% holding | FCF yield 9.4% | FII buying +0.7% ↑,Pattern still forming (not broken out),3-4 years,Medium-High,"yfinance, screener.in",100,54,,2026-07-11,2026-06-01,40,-6.0,5,1.0
POCL,Pondy Oxides And Chemicals Limited,Basic Materials,Specialty Chemicals,4334.0,Small-Cap,None,,0.0,0,,,Sideways-Above-MA,True,False,Constructive,True,Stage2,1,Uptrend,Uptrend,1529.8,,,1300.33,1236.74,1493.24,1802.93,1493.24,,,32.26,16.73,5.5,1.56,21.25,25.0,100.0,1953.0,1,strong_buy,19.2,23.2,2.29,7.0,0.74,4.46,13.5,43.8,26.08,52.55,127.59,20.74,113.15,126.0,0.15,highly inconsistent earnings,0.19,,3.61,,-153.69,-3.55,39.34,0.0,,2.22,-0.12,7.15,0.37,1619.0,898.7,5.5,70.2,83.86,663.12,,-0.21,5,24.0,9.0,1.0,8.0,42.0,MONITOR ⭐,Revenue CAGR 26% | Profit CAGR 21% | ROCE 23% | ROCE trend rising ↑ | Low D/E 0.19 | Piotroski F=5 (above average quality),None identified,3-4 years,Medium-High,"yfinance, screener.in",100,188,,2026-07-11,2026-06-01,40,0.0,5,-1.0
AVALON,Avalon Technologies Limited,Technology,Electronic Components,11948.0,Mid-Cap,None,,0.0,0,,,Uptrend,True,False,Tight-Above-MAs,True,Downtrend,0,Uptrend,Uptrend,1768.1,,,1502.88,723.34,936.95,1213.63,936.95,,,106.38,54.29,16.55,3.6,59.41,0.0,,1335.07,15,hold,16.9,19.5,-0.97,11.0,-0.17,6.92,9.15,45.99,19.26,18.36,79.37,29.53,37.49,69.5,0.15,highly inconsistent earnings,0.29,,2.05,,-39.51,-0.33,44.41,-0.01,,6.42,-1.14,26.17,0.77,1853.0,777.3,4.6,127.5,113.75,226.1,,,4,19.0,14.0,-1.0,10.0,42.0,MONITOR ⭐,Revenue CAGR 19% | Profit CAGR 30% | Low D/E 0.29 | DII buying +0.8% ↑ | Weekly uptrend | Tight daily consolidation above MAs,High PE 106,3-4 years,Medium-High,"yfinance, screener.in",100,40,,2026-07-11,2026-06-01,40,30.3,5,0.0
PARADEEP,Paradeep Phosphates Limited,Basic Materials,Agricultural Inputs,15219.0,Mid-Cap,MonthlyDoubleBottom,Forming,0.501,8,Sep 8mo | Mid rally 56% | Asymmetry 6%,MonthlyDoubleBottom+MonthlyStage2,Sideways,False,False,Below-MAs,True,Stage2,1,Uptrend,Uptrend,123.98,92.94,58.05,105.38,260.2,290.27,573.95,386.45,134.1,53.0,15.29,12.56,2.24,0.32,10.09,68.0,100.0,146.0,3,none,18.9,17.1,0.23,10.0,-0.14,4.57,7.52,57.93,17.83,33.41,80.43,48.52,34.89,-2.8,0.15,highly inconsistent earnings,1.02,,1.15,,-3334.15,-21.91,57.79,0.09,,8.36,-3.07,15.49,2.24,234.39,99.7,47.1,24.4,-14.43,76.9,0.77,-0.08,3,18.0,12.01,12.0,0.0,42.0,MONITOR ⭐,Expected ~53% CAGR (2yr) | Revenue CAGR 18% | Profit CAGR 49% | ROCE trend rising ↑ | Promoter 58% holding | DII buying +2.2% ↑,High D/E 1.0 | Pattern still forming (not broken out),3-4 years,Medium-High,"yfinance, screener.in",100,49,,2026-07-11,2026-06-01,40,0.0,5,0.0
KFINTECH,KFin Technologies Limited,Technology,Software - Application,15210.0,Mid-Cap,None,,0.0,0,,,Downtrend,False,False,Below-MAs,False,Downtrend,0,Uptrend,Uptrend,824.7,,,701.0,751.99,975.47,1094.09,907.05,18.3,8.8,44.45,31.5,9.08,2.16,29.86,136.0,30.43,1078.11,18,strong_buy,21.6,29.2,1.94,41.0,-0.46,26.08,12.7,19.25,21.8,22.02,3.3,20.62,133.09,-4.6,0.4,lumpy earner,0.03,,3.3,,270.68,1.78,22.86,-0.01,,26.26,0.1,25.22,0.34,1321.9,784.95,37.6,5.1,-30.68,102.49,,-0.23,6,37.0,2.0,3.0,0.0,42.0,MONITOR ⭐,Expected ~9% CAGR (2yr) | Revenue CAGR 22% | Profit CAGR 21% | ROE 22% | ROCE 29% | ROCE trend rising ↑,None identified,3-4 years,Medium-High,"yfinance, screener.in",100,42,,2026-07-11,2026-06-01,40,0.0,5,1.0
ASTERDM,Aster DM Healthcare Limited,Healthcare,Medical Care Facilities,41004.0,Large-Cap,MonthlyDoubleBottom,Forming,0.366,36,Sep 36mo | Mid rally 42% | Asymmetry 6%,,Uptrend,True,False,Tight-Above-MAs,True,Stage2,6,Uptrend,Uptrend,808.9,146.37,100.11,687.56,269.12,479.58,269.12,269.12,,,105.2,41.41,8.93,,46.64,50.0,-40.0,795.27,11,none,10.7,11.4,0.83,19.0,1.14,8.36,5.41,12.2,15.75,-11.61,-92.1,-3.49,19.12,77.4,0.15,highly inconsistent earnings,0.46,,1.99,,1346.63,3.28,40.39,0.0,,17.18,-1.28,27.57,1.45,836.5,519.1,3.3,55.8,36.3,197.17,0.2,-0.04,6,14.0,20.89,-1.0,8.0,41.9,MONITOR ⭐,Revenue CAGR 16% | Declining profits (-3% CAGR) ⚠️ | ROCE trend rising ↑ | FCF yield 3.3% | Piotroski F=6 (above average quality) | DII buying +1.4% ↑,High PE 105 | Pattern still forming (not broken out),3-4 years,Medium-High,"yfinance, screener.in",100,102,,2026-07-11,2026-06-01,40,8.0,2,-1.0
REFEX,Refex Industries Limited,Energy,Thermal Coal,4918.0,Small-Cap,MonthlyDoubleBottom,Forming,0.49,6,Sep 6mo | Mid rally 55% | Asymmetry 6%,,Sideways-Above-MA,True,True,Constructive,True,Stage2,1,Uptrend,Uptrend,274.35,533.29,334.0,317.3,298.69,732.58,435.15,360.52,167.0,63.4,19.96,,3.27,0.96,11.97,56.0,15.0,,0,none,17.8,22.4,-11.6,16.0,0.89,8.93,9.08,-7.74,11.81,28.07,29.11,20.7,43.95,88.0,0.15,highly inconsistent earnings,0.15,,2.04,,-149.05,-3.03,55.85,0.0,,1.65,0.28,0.14,0.01,468.0,188.0,41.4,45.9,-32.31,130.05,0.75,1.72,5,20.0,14.88,6.0,1.0,41.9,MONITOR ⭐,Expected ~63% CAGR (2yr) | Profit CAGR 21% | ROCE 22% | Low D/E 0.15 | Promoter 56% holding | Piotroski F=5 (above average quality),Pattern still forming (not broken out),3-4 years,Medium-High,"yfinance, screener.in",100,198,,2026-07-11,2026-06-01,40,0.0,5,2.0
FDC,FDC Limited,Healthcare,Drug Manufacturers - Specialty & Generic,7063.0,Small-Cap,MonthlyDoubleBottom,Forming,0.981,23,Sep 23mo | Mid rally 105% | Asymmetry 7%,MonthlyDoubleBottom+MonthlyStage2,Uptrend,True,True,Constructive,True,Stage2,6,Uptrend,Uptrend,432.3,311.21,147.14,367.45,811.31,917.92,1038.54,917.92,112.3,45.7,25.06,18.62,2.84,1.91,18.94,231.0,100.0,,0,none,12.5,16.7,-0.49,16.0,-1.37,12.96,6.37,2.99,6.76,10.28,5.24,13.14,-1.37,167.4,0.15,highly inconsistent earnings,0.01,,3.11,,-1.74,-0.02,69.65,-0.01,,2.4,0.08,6.29,0.02,527.8,312.95,18.1,38.1,-3.46,-9.48,0.46,0.18,3,11.0,24.77,5.0,1.0,41.8,MONITOR ⭐,Expected ~46% CAGR (2yr) | Nearly debt-free | Promoter 70% holding | Margin compressing ↓ ⚠️ | Dividend growing 100%/yr | EV/EBITDA 19× vs sector 22×,Margin compression ↓ | Pattern still forming (not broken out),3-4 years,Medium-High,"yfinance, screener.in",100,289,,2026-07-11,2026-06-01,40,19.2,5,4.0
SERVOTECH,Servotech Renewable Power System Limited,Industrials,Electrical Equipment & Parts,2289.0,Small-Cap,MonthlyStage2,Breaking Out,0.193,24,10-EMA=95 | 30-EMA=100 | Above by 2.9% | MA turning=No,,Uptrend,True,False,Constructive,True,Stage2,4,Uptrend,Uptrend,103.1,100.2,59.05,87.63,75.79,141.35,154.44,108.19,37.1,17.1,69.91,,8.01,1.64,36.51,5.0,1.5,,0,none,12.8,12.8,0.4,10.0,0.71,5.0,5.57,-0.3,34.21,50.51,-3.03,42.75,100.0,36.6,0.15,highly inconsistent earnings,0.71,,1.46,,-112.54,-4.92,58.61,0.0,,0.14,-0.59,,,152.97,57.51,32.6,79.3,-20.9,-7.02,1.55,0.16,4,22.0,18.82,1.0,0.0,41.8,MONITOR ⭐,Expected ~17% CAGR (2yr) | Revenue CAGR 34% | Profit CAGR 43% | ROCE trend rising ↑ | Promoter 59% holding | MonthlyStage2 — Breaking Out,High PE 70,3-4 years,Medium-High,"yfinance, screener.in",100,105,,2026-07-11,2026-06-15,26,0.0,3,0.0
METROPOLIS,Metropolis Healthcare Limited,Healthcare,Diagnostics & Research,11528.0,Mid-Cap,MonthlyDoubleBottom,Forming,0.936,12,Sep 12mo | Mid rally 96% | Asymmetry 2%,MonthlyCupHandle+MonthlyDoubleBottom+MonthlyStage2,Sideways-Above-MA,True,False,Constructive,True,Stage2,6,Uptrend,Uptrend,508.4,880.34,445.42,432.14,369.97,1315.26,448.73,407.45,158.7,60.8,60.63,36.68,7.6,5.99,28.8,36.0,-30.66,608.6,18,none,13.8,17.8,-3.8,24.0,-1.2,11.54,8.34,23.67,12.76,10.52,30.82,10.13,0.86,74.7,0.15,highly inconsistent earnings,0.15,,1.4,,242.37,2.1,48.86,-0.01,,10.43,-1.25,35.8,1.07,600.0,412.25,15.3,23.3,27.39,14.38,2.35,0.22,4,13.0,20.73,2.0,6.0,41.7,MONITOR ⭐,Expected ~61% CAGR (2yr) | Low D/E 0.15 | Margin compressing ↓ ⚠️ | DII buying +1.1% ↑ | MonthlyDoubleBottom forming (12mo base) | Sector in Stage2,High PE 61 | Margin compression ↓ | Earnings due 2026-08-06 | Pattern still forming (not broken out),3-4 years,Medium-High,"yfinance, screener.in",100,86,2026-08-06,2026-07-11,2026-06-01,40,0.0,5,0.0
KEC,KEC International Limited,Industrials,Engineering & Construction,13603.0,Mid-Cap,MonthlyDoubleBottom,Forming,0.963,10,Sep 10mo | Mid rally 103% | Asymmetry 6%,,Downtrend,False,False,Below-MAs,False,Stage2,4,Uptrend,Uptrend,469.4,1305.02,623.52,592.34,1135.51,1986.52,2589.08,1714.62,323.2,105.7,22.47,13.04,2.21,0.44,11.14,108.0,11.2,583.87,23,buy,11.3,14.5,-0.54,7.0,-0.14,2.58,3.86,7.59,10.8,12.38,6.13,51.0,1.85,-28.1,0.15,highly inconsistent earnings,0.87,,1.23,,-1843.81,-13.55,50.1,0.0,,9.84,-1.91,26.86,1.39,937.8,466.0,49.9,0.7,-40.85,-36.2,1.07,0.08,2,13.0,14.56,14.0,0.0,41.6,MONITOR ⭐,Expected ~106% CAGR (2yr) | Profit CAGR 51% | Promoter 50% holding | DII buying +1.4% ↑ | Dividend growing 11%/yr | PEG 0.44 — deeply undervalued,Pattern still forming (not broken out),3-4 years,Medium-High,"yfinance, screener.in",100,286,,2026-07-11,2026-06-01,40,0.0,5,-1.0
EUROBOND,EURO PANEL PRODUCTS LTD,Industrials,Building Products & Equipment,424.0,Micro-Cap,MonthlyDoubleBottom,Forming,0.581,12,Sep 12mo | Mid rally 61% | Asymmetry 3%,,Downtrend,False,False,Below-MAs,False,Stage2,4,Uptrend,Uptrend,171.56,230.0,140.5,145.83,527.57,720.14,982.99,720.14,319.8,104.9,15.98,,2.65,0.44,10.53,0.0,,,0,none,18.1,16.8,,11.0,1.0,5.28,8.25,18.91,,,50.0,,,36.5,0.5,insufficient history,1.01,,1.41,,-37.8,-8.92,63.93,0.55,,0.0,0.0,1.29,0.0,254.5,126.3,32.6,35.8,-25.4,-12.26,0.16,0.09,3,19.0,10.47,12.0,0.0,41.5,MONITOR ⭐,Expected ~105% CAGR (2yr) | Revenue CAGR 20% | Profit CAGR 36% | Promoter 64% holding | PEG 0.44 — deeply undervalued | EV/EBITDA 11× below sector (18×),High D/E 1.0 | Pattern still forming (not broken out),3-4 years,Medium-High,"yfinance, screener.in",80,55,,2026-07-11,2026-06-01,40,-4.4,5,-4.0
MINDACORP,Minda Corporation Limited,Consumer Cyclical,Auto Parts,16549.0,Mid-Cap,MonthlyDoubleBottom,Forming,1.0,48,Sep 48mo | Mid rally 251% | Asymmetry 3%,,Downtrend,False,False,Below-MAs,True,Stage2,3,Uptrend,Uptrend,520.2,220.84,62.05,442.17,469.18,596.99,547.45,506.81,14.8,7.1,46.72,31.55,6.27,5.83,24.83,23.0,-20.63,732.25,8,strong_buy,14.9,12.8,0.49,12.0,0.51,5.82,5.92,22.33,12.88,21.17,40.39,8.02,46.53,139.4,0.15,highly inconsistent earnings,0.55,,0.94,,78.01,0.47,64.84,0.0,,8.8,-0.29,18.82,0.39,713.65,445.05,27.1,16.9,7.75,63.17,0.27,0.41,6,14.0,16.5,6.0,5.0,41.5,MONITOR ⭐,"Expected ~7% CAGR (2yr) | ROCE trend rising ↑ | Promoter 65% holding | Piotroski F=6 (above average quality) | Analyst target ₹732 (+41%, n=8) | MonthlyDoubleBottom forming (48mo base)",Pattern still forming (not broken out),3-4 years,Medium-High,"yfinance, screener.in",100,171,,2026-07-11,2026-06-01,40,0.0,5,0.0
ERIS,Eris Lifesciences Limited,Healthcare,Drug Manufacturers - Specialty & Generic,19832.0,Mid-Cap,MonthlyDoubleBottom,Forming,0.653,42,Sep 42mo | Mid rally 71% | Asymmetry 6%,MonthlyDoubleBottom+MonthlyStage2,Sideways,False,False,Below-MAs,True,Stage2,6,Uptrend,Uptrend,1431.2,814.47,462.16,1216.52,2447.28,2442.29,3530.54,2939.42,70.6,30.6,31.65,23.41,5.01,1.57,19.5,101.0,100.0,1696.6,10,none,18.7,14.1,-3.14,36.0,-0.03,19.89,7.3,8.12,22.91,20.89,72.8,20.11,12.79,201.3,0.15,highly inconsistent earnings,0.6,,0.74,,-30.12,-0.15,53.92,-0.93,,6.39,-0.46,20.35,0.04,1885.0,1200.0,24.1,19.3,-19.6,51.97,0.2,-0.11,3,18.0,15.34,7.0,1.0,41.3,MONITOR ⭐,Expected ~31% CAGR (2yr) | Revenue CAGR 23% | Profit CAGR 20% | Promoter 54% holding | OPM 36% | Dividend growing 100%/yr,Pattern still forming (not broken out),3-4 years,Medium-High,"yfinance, screener.in",100,110,,2026-07-11,2026-06-01,40,7.1,5,0.0
HIRECT,Hind Rectifiers Limited,Industrials,Electrical Equipment & Parts,3754.0,Small-Cap,MonthlyDoubleBottom,Forming,1.0,20,Sep 20mo | Mid rally 191% | Asymmetry 7%,,Uptrend,True,False,Tight-Above-MAs,True,Stage2,4,Uptrend,Uptrend,1130.5,132.62,43.88,960.92,353.22,353.22,353.22,353.22,,,80.01,,18.01,,48.79,9.0,71.0,,0,none,21.7,18.6,-3.0,8.0,-0.5,4.51,8.13,52.52,,,5.41,,,-54.9,0.15,highly inconsistent earnings,1.19,,1.12,,-118.82,-3.17,43.93,0.0,,6.38,0.17,0.13,0.0,1212.1,565.2,6.7,100.0,27.11,653.17,0.52,0.36,3,8.0,28.0,-1.0,6.0,41.0,MONITOR ⭐,Revenue CAGR 51% | Declining profits (-55% CAGR) ⚠️ | ROE 22% | Dividend growing 71%/yr | MonthlyDoubleBottom forming (20mo base) | Weekly uptrend,High D/E 1.2 | High PE 80 | Pattern still forming (not broken out),3-4 years,Medium-High,"yfinance, screener.in",80,235,,2026-07-11,2026-06-01,40,13.9,5,-2.0
AFFLE,Affle 3i Limited,Communication Services,Advertising Agencies,20598.0,Mid-Cap,MonthlyDoubleBottom,Forming,0.746,11,Sep 11mo | Mid rally 75% | Asymmetry 0%,,Sideways,False,False,Below-MAs,True,Downtrend,0,Uptrend,Uptrend,1480.4,2185.9,1246.0,1258.34,1206.55,3125.8,1823.02,1483.1,111.1,45.3,45.25,29.31,5.63,1.97,31.4,0.0,,1977.09,11,strong_buy,13.8,16.8,-4.2,23.0,-0.2,16.79,7.55,19.55,23.62,39.27,19.11,22.92,27.51,16.0,0.4,lumpy earner,0.0,,3.59,,-171.67,-0.83,54.92,-0.03,,16.66,-1.13,17.9,1.54,2185.9,1251.3,32.3,18.3,-21.49,11.57,0.26,0.16,4,23.0,13.95,4.0,0.0,41.0,MONITOR ⭐,Expected ~45% CAGR (2yr) | Revenue CAGR 24% | Profit CAGR 23% | Nearly debt-free | Promoter 55% holding | DII buying +1.5% ↑,Pattern still forming (not broken out),3-4 years,Medium-High,"yfinance, screener.in",100,84,,2026-07-11,2026-06-01,40,1.6,5,0.0
KALAMANDIR,Sai Silks (Kalamandir) Limited,Consumer Cyclical,Apparel Retail,1559.0,Small-Cap,None,,0.0,0,,,Downtrend,False,False,Below-MAs,False,Stage2,3,Uptrend,Uptrend,101.82,,,86.55,1331.65,3213.28,7753.64,3213.28,3055.8,461.8,11.07,8.75,1.23,0.08,6.79,94.0,0.0,,0,none,11.78,,,12.0,1.0,8.52,7.22,67.3,,,800.0,,,141.7,0.15,highly inconsistent earnings,0.29,,5.18,,204.26,13.1,60.97,0.0,,0.56,-0.91,8.55,0.34,223.03,89.76,54.3,13.4,-25.14,,,0.91,5,25.0,3.0,13.0,0.0,41.0,MONITOR ⭐,Expected ~462% CAGR (2yr) | Profit CAGR 141% | Low D/E 0.29 | Promoter 61% holding | FCF yield 13.1% | Piotroski F=5 (above average quality),None identified,3-4 years,Medium-High,"yfinance, screener.in",70,33,,2026-07-11,2026-06-01,40,0.0,5,0.0
WANBURY,Wanbury Limited,Healthcare,Drug Manufacturers - Specialty & Generic,1001.0,Small-Cap,MonthlyDoubleBottom,Forming,1.0,11,Sep 11mo | Mid rally 147% | Asymmetry 2%,,Uptrend,True,False,Uptrend,True,Stage2,6,Uptrend,Uptrend,308.65,38.1,15.3,262.35,732.38,732.38,732.38,732.38,137.3,54.0,14.75,,8.85,,,0.0,-20.63,,0,none,76.5,36.6,3.06,14.0,2.03,-25.9,,5.0,9.11,9.95,38.71,-19.03,-7.06,,0.2,multiple loss years in history,,,,,,,43.01,-0.07,,0.59,-0.13,,,315.2,161.5,2.1,91.1,17.75,432.41,0.56,,2,12.0,25.0,0.0,4.0,41.0,MONITOR ⭐,Expected ~54% CAGR (2yr) | Declining profits (-19% CAGR) ⚠️ | ROE 76% | ROCE 37% | ROCE trend rising ↑ | MonthlyDoubleBottom forming (11mo base),Pattern still forming (not broken out),3-4 years,Medium-High,"yfinance, screener.in",70,233,,2026-07-11,2026-06-15,26,0.0,3,0.0
RAINBOW,Rainbow Children's Medicare Limited,Healthcare,Medical Care Facilities,14608.0,Mid-Cap,MonthlyDoubleBottom,Forming,0.572,20,Sep 20mo | Mid rally 58% | Asymmetry 1%,MonthlyDoubleBottom+MonthlyStage2,Sideways-Above-MA,True,True,Constructive,True,Stage2,6,Uptrend,Uptrend,1350.7,1706.2,1074.13,1148.1,1128.7,2338.27,1365.23,1241.34,73.1,31.6,52.63,37.95,8.87,5.27,27.72,24.0,14.47,1599.62,13,none,17.9,18.2,0.51,32.0,1.06,16.34,9.55,12.34,13.2,21.24,15.57,9.98,47.79,36.8,0.15,highly inconsistent earnings,0.54,,3.59,,119.32,0.82,49.84,0.0,,17.24,-2.0,21.12,1.63,1645.7,1084.0,17.9,24.6,-5.64,18.91,0.87,0.17,7,20.0,16.86,2.0,2.0,40.9,MONITOR ⭐,Expected ~32% CAGR (2yr) | ROCE trend rising ↑ | OPM 32% | Piotroski F=7 (high quality compounder) | DII buying +1.6% ↑ | Dividend growing 14%/yr,High PE 53 | Pattern still forming (not broken out),3-4 years,Medium-High,"yfinance, screener.in",100,49,,2026-07-11,2026-06-01,40,0.0,5,1.0
KTKBANK,The Karnataka Bank Limited,Financial Services,Banks - Regional,9961.0,Mid-Cap,MonthlyStage2,Stage Change,1.0,24,10-EMA=217 | 30-EMA=195 | Above by 27.1% | MA turning=Yes,MonthlyDoubleBottom+MonthlyStage2,Uptrend,True,False,Tight-Above-MAs,True,Stage2,12,Uptrend,Uptrend,247.75,194.86,163.04,210.59,728.26,562.42,781.19,754.26,127.0,50.7,7.61,6.57,0.75,2.13,,190.0,7.72,274.67,3,none,10.4,6.06,,45.57,,40.89,1.05,-1.07,7.29,7.43,2.99,3.57,22.15,61.6,0.15,highly inconsistent earnings,,,,,,,,,,11.78,0.09,16.16,0.32,282.95,169.12,12.4,46.5,37.92,18.12,0.36,0.3,1,1.0,28.5,3.0,8.0,40.5,MONITOR ⭐,Expected ~51% CAGR (2yr) | OPM 46% | MonthlyStage2 forming (24mo base) | Weekly uptrend | Tight daily consolidation above MAs | Sector in Stage2,None identified,3-4 years,Medium-High,"yfinance, screener.in",70,313,,2026-07-11,2026-06-01,40,0.0,5,-2.0
SONATSOFTW,Sonata Software Limited,Technology,Information Technology Services,7695.0,Small-Cap,MonthlyDoubleBottom,Forming,1.0,45,Sep 45mo | Mid rally 303% | Asymmetry 2%,,Sideways,False,False,Below-MAs,True,Downtrend,0,Uptrend,Uptrend,285.35,846.13,207.15,242.55,440.97,1485.11,448.77,444.85,420.5,128.1,16.61,12.36,4.04,18.87,12.14,293.0,-45.86,336.62,8,buy,28.2,30.6,-2.51,7.0,-0.37,4.34,6.86,5.36,12.83,20.41,9.18,0.88,13.72,21.4,0.15,highly inconsistent earnings,0.38,,1.05,,94.31,1.23,28.17,0.0,,8.74,-0.05,25.55,-0.75,452.8,207.15,37.0,37.8,-16.84,-69.29,1.02,0.42,4,16.0,18.5,6.0,0.0,40.5,MONITOR ⭐,Expected ~128% CAGR (2yr) | ROE 28% | ROCE 31% | EV/EBITDA 12× below sector (20×) | MonthlyDoubleBottom forming (45mo base),Earnings due 2026-07-29 | Pattern still forming (not broken out),3-4 years,Medium-High,"yfinance, screener.in",100,289,2026-07-29,2026-07-11,2026-06-01,40,7.8,5,-1.0
OBEROIRLTY,Oberoi Realty Limited,Real Estate,Real Estate - Development,70335.0,Large-Cap,MonthlyDoubleBottom,Forming,0.58,34,Sep 34mo | Mid rally 61% | Asymmetry 3%,MonthlyDoubleBottom+MonthlyStage2,Sideways-Above-MA,True,False,Constructive,True,Stage2,3,Uptrend,Uptrend,1622.0,306.35,186.68,1378.7,1885.32,1976.35,2264.27,2066.13,21.8,10.4,28.09,18.26,3.92,2.93,20.82,41.0,-12.64,1841.69,26,buy,14.6,17.3,1.63,56.0,2.4,41.73,8.4,13.68,12.74,23.96,12.62,9.59,27.67,62.4,0.15,highly inconsistent earnings,0.16,,3.99,,-108.58,-0.15,67.71,0.0,,15.42,-1.16,14.58,1.12,1944.3,1391.2,16.6,16.6,-6.75,45.09,0.35,0.3,6,18.0,17.46,1.0,4.0,40.5,MONITOR ⭐,Expected ~10% CAGR (2yr) | ROCE trend rising ↑ | Low D/E 0.16 | Promoter 68% holding | OPM 56% | Piotroski F=6 (above average quality),Earnings due 2026-07-20 | Pattern still forming (not broken out),3-4 years,Medium-High,"yfinance, screener.in",100,188,2026-07-20,2026-07-11,2026-06-01,40,0.0,5,0.0
ORIENTPPR,Orient Paper & Industries Limited,Basic Materials,Paper & Paper Products,362.0,Micro-Cap,MonthlyDoubleBottom,Forming,1.0,46,Sep 46mo | Mid rally 247% | Asymmetry 10%,,Downtrend,False,False,Below-MAs,False,Stage2,1,Uptrend,Uptrend,17.07,54.22,14.91,14.51,176.97,194.5,213.78,194.5,1039.4,237.6,2.29,4.66,0.24,0.23,-17.01,0.0,0.0,,0,none,22.1,22.2,-3.6,19.0,2.3,-3.18,-2.62,7.31,10.87,,-21.78,9.91,,,0.15,highly inconsistent earnings,0.2,,0.57,,-61.55,-16.99,38.73,0.0,,0.22,-0.29,0.37,0.09,31.05,13.25,45.0,28.8,-33.13,-79.54,0.31,0.28,2,12.0,16.5,12.0,0.0,40.5,MONITOR ⭐,Expected ~238% CAGR (2yr) | ROE 22% | ROCE 22% | Low D/E 0.20 | PEG 0.23 — deeply undervalued | PB 0.2 below justified 1.5,Pattern still forming (not broken out),3-4 years,Medium-High,"yfinance, screener.in",90,287,,2026-07-11,2026-06-01,40,0.0,5,0.0
VSTIND,VST Industries Limited,Consumer Defensive,Tobacco,4551.0,Small-Cap,MonthlyDoubleBottom,Forming,1.0,48,Sep 48mo | Mid rally 125% | Asymmetry 9%,,Sideways-Above-MA,True,False,Constructive,True,Stage2,15,Uptrend,Uptrend,257.1,470.75,200.0,218.54,625.95,741.5,669.89,647.55,188.4,69.8,15.6,13.42,3.59,4.52,8.81,447.0,-7.72,,0,none,24.9,34.4,-3.3,15.0,-3.9,19.96,11.38,23.95,12.25,,119.5,3.45,,120.2,0.15,highly inconsistent earnings,,,3.16,,159.35,3.5,32.16,0.0,,1.34,0.12,6.63,0.32,303.3,200.0,15.2,28.6,-5.94,-31.75,0.47,0.35,5,12.0,22.5,4.0,2.0,40.5,MONITOR ⭐,Expected ~70% CAGR (2yr) | ROE 25% | ROCE 34% | Margin compressing ↓ ⚠️ | FCF yield 3.5% | Piotroski F=5 (above average quality),Margin compression ↓ | Pattern still forming (not broken out),3-4 years,Medium-High,"yfinance, screener.in",90,287,,2026-07-11,2026-06-01,40,0.0,5,1.0
GMBREW,G.M. Breweries Limited,Consumer Defensive,Beverages - Wineries & Distilleries,2234.0,Small-Cap,MonthlyDoubleBottom,Forming,1.0,24,Sep 24mo | Mid rally 196% | Asymmetry 7%,MonthlyCupHandle+MonthlyDoubleBottom,Sideways,False,True,Below-MAs,True,Stage2,15,Uptrend,Uptrend,939.85,727.29,237.38,798.87,2309.29,2309.29,2309.29,2309.29,145.7,56.8,14.24,16.11,2.07,,12.49,92.0,23.31,,0,none,12.5,18.0,,24.0,6.0,9.04,9.45,17.43,,,21.71,,,-10.6,0.5,insufficient history,0.03,,1.35,,-21.1,-0.94,74.43,0.0,,1.19,-0.01,0.01,-0.14,1328.8,666.05,29.3,41.1,40.02,75.1,0.23,0.29,2,11.0,19.5,4.0,6.0,40.5,MONITOR ⭐,Expected ~57% CAGR (2yr) | Declining profits (-11% CAGR) ⚠️ | Nearly debt-free | Promoter 74% holding | Dividend growing 23%/yr | EV/EBITDA 12× below sector (30×),Pattern still forming (not broken out),3-4 years,Medium-High,"yfinance, screener.in",80,289,,2026-07-11,2026-06-01,40,3.6,5,5.0
VENUSPIPES,Venus Pipes and Tubes Limited,Basic Materials,Steel,3694.0,Small-Cap,MonthlyStage2,Stage Change,0.666,24,10-EMA=1281 | 30-EMA=1311 | Above by 10.0% | MA turning=No,,Uptrend,True,False,Uptrend,True,Stage2,1,Uptrend,Uptrend,1442.0,1310.97,894.0,1225.7,919.63,1727.94,1045.03,980.33,19.8,9.5,36.1,20.27,5.49,5.47,20.58,6.0,25.99,1852.8,5,none,16.99,,,14.27,,8.74,9.05,16.2,,,6.6,,,7.6,0.5,insufficient history,0.43,,1.42,,-148.34,-4.02,48.41,0.0,,2.71,-1.26,17.49,0.14,1816.0,890.0,20.6,62.0,6.91,-4.5,0.48,0.06,3,11.0,22.49,2.0,5.0,40.5,MONITOR ⭐,Expected ~10% CAGR (2yr) | Revenue CAGR 16% | Dividend growing 26%/yr | Analyst target ₹1853 (+28%) | MonthlyStage2 forming (24mo base) | Weekly uptrend,None identified,3-4 years,Medium-High,"yfinance, screener.in",70,50,,2026-07-11,2026-06-15,26,0.0,3,2.0
GREENPANEL,Greenpanel Industries Limited,Basic Materials,Lumber & Wood Production,2356.0,Small-Cap,MonthlyDoubleBottom,Forming,0.662,15,Sep 15mo | Mid rally 72% | Asymmetry 5%,,Downtrend,False,False,Below-MAs,False,Stage2,1,Uptrend,Uptrend,190.63,447.71,253.76,241.07,318.18,641.66,517.24,405.68,236.6,83.5,16.5,14.72,1.77,0.6,32.26,26.0,-41.52,244.31,16,none,11.4,12.9,3.31,16.0,1.31,-1.89,-0.64,-12.11,15.35,21.21,-44.36,27.5,32.51,-95.3,0.15,highly inconsistent earnings,0.27,,1.94,,-27.44,-1.17,53.13,0.0,,1.07,-0.03,28.4,-0.05,335.2,163.01,43.1,16.9,-28.61,-75.05,0.17,0.42,5,21.0,11.44,8.0,0.0,40.4,MONITOR ⭐,Expected ~84% CAGR (2yr) | Revenue CAGR 15% | Profit CAGR 28% | ROCE trend rising ↑ | Low D/E 0.27 | Promoter 53% holding,Pattern still forming (not broken out),3-4 years,Medium-High,"yfinance, screener.in",90,82,,2026-07-11,2026-06-01,40,4.2,5,0.0
ABBOTINDIA,Abbott India Limited,Healthcare,Drug Manufacturers - Specialty & Generic,55025.0,Large-Cap,MonthlyDoubleBottom,Forming,0.522,19,Sep 19mo | Mid rally 60% | Asymmetry 8%,MonthlyDoubleBottom+MonthlyStage2,Sideways,False,False,Below-MAs,True,Stage2,6,Uptrend,Uptrend,27165.0,22642.79,13589.28,23090.25,31981.84,33672.83,37027.8,34412.46,24.0,11.3,35.46,28.49,11.53,4.67,27.91,203.0,19.98,32563.38,8,none,34.46,,,27.01,,22.4,18.28,6.5,,,7.6,,,7.6,0.5,insufficient history,0.04,,2.55,,1373.31,2.5,74.99,0.0,,0.27,0.08,8.93,-0.07,35310.0,25150.0,23.1,8.0,-12.81,-4.82,0.79,0.02,4,25.0,13.26,2.0,0.0,40.3,MONITOR ⭐,Expected ~11% CAGR (2yr) | ROE 34% | Nearly debt-free | Promoter 75% holding | OPM 27% | Dividend growing 20%/yr,Earnings due 2026-08-11 | Pattern still forming (not broken out),3-4 years,Medium-High,"yfinance, screener.in",70,288,2026-08-11,2026-07-11,2026-06-01,40,-2.3,5,0.0
SAFARI,Safari Industries (India) Limited,Consumer Cyclical,Footwear & Accessories,7925.0,Small-Cap,MonthlyDoubleBottom,Forming,0.641,13,Sep 13mo | Mid rally 66% | Asymmetry 1%,,Sideways,False,False,Below-MAs,True,Stage2,3,Uptrend,Uptrend,1638.0,2740.41,1643.83,1561.64,1539.78,3836.99,1875.35,1699.3,134.2,53.1,47.17,31.14,7.11,4.55,28.64,25.0,106.06,2249.4,10,none,16.2,19.5,4.06,13.0,2.63,8.19,9.05,15.52,19.09,44.23,17.48,10.36,40.21,-0.3,0.15,highly inconsistent earnings,0.1,,3.79,,117.24,1.48,44.7,0.0,,10.81,-1.51,28.3,1.74,2507.1,1363.1,34.7,20.2,-18.17,-5.97,1.99,-0.42,7,23.0,14.19,3.0,0.0,40.2,MONITOR ⭐,Expected ~53% CAGR (2yr) | Revenue CAGR 19% | ROCE trend rising ↑ | Low D/E 0.10 | Piotroski F=7 (high quality compounder) | DII buying +1.7% ↑,Pattern still forming (not broken out),3-4 years,Medium-High,"yfinance, screener.in",100,82,,2026-07-11,2026-06-01,40,14.8,5,-3.0
TIIL,Technocraft Industries (India) Limited,Industrials,Tools & Accessories,5690.0,Small-Cap,MonthlyStage2,Stage Change,0.728,24,10-EMA=2426 | 30-EMA=2352 | Above by 10.9% | MA turning=Yes,MonthlyDoubleBottom+MonthlyStage2,Uptrend,True,False,Uptrend,True,Stage2,4,Uptrend,Uptrend,2608.5,2351.55,2031.3,2217.22,3442.65,3503.59,3565.6,3503.59,34.3,15.9,19.96,13.57,3.02,11.28,13.52,159.0,100.0,3650.0,1,none,15.0,16.1,0.03,17.0,-0.34,10.34,6.89,6.28,11.6,16.33,11.41,1.77,16.94,15.3,0.15,highly inconsistent earnings,0.4,,2.05,,-5.79,-0.1,74.74,0.0,,0.4,-0.04,6.85,-0.15,3383.0,1868.5,22.9,39.6,-5.44,45.72,0.57,0.21,5,14.0,23.24,3.0,0.0,40.2,MONITOR ⭐,Expected ~16% CAGR (2yr) | ROCE trend rising ↑ | Promoter 75% holding | Piotroski F=5 (above average quality) | Dividend growing 100%/yr | EV/EBITDA 14× vs sector 18×,None identified,3-4 years,Medium-High,"yfinance, screener.in",100,232,,2026-07-11,2026-06-01,40,0.0,5,0.0
VIMTALABS,Vimta Labs Limited,Healthcare,Diagnostics & Research,2622.0,Small-Cap,MonthlyDoubleBottom,Forming,1.0,11,Sep 11mo | Mid rally 133% | Asymmetry 6%,MonthlyDoubleBottom+MonthlyStage2,Sideways,False,True,Below-MAs,True,Stage2,6,Uptrend,Uptrend,453.1,902.65,376.05,385.13,646.54,1429.25,842.6,738.09,215.4,77.6,33.67,,5.72,2.38,17.71,34.0,25.99,,0,none,13.5,17.6,1.3,34.0,2.63,18.92,12.19,3.46,5.78,12.69,48.78,14.16,54.19,15.3,0.15,highly inconsistent earnings,0.01,,3.43,,12.9,0.49,35.85,-0.04,,4.89,0.3,0.13,0.02,902.65,376.05,49.8,20.5,8.48,101.75,0.29,-0.18,6,18.0,18.0,3.0,1.0,40.0,MONITOR ⭐,Expected ~78% CAGR (2yr) | ROCE trend rising ↑ | Nearly debt-free | OPM 34% | Piotroski F=6 (above average quality) | Dividend growing 26%/yr,Pattern still forming (not broken out),3-4 years,Medium-High,"yfinance, screener.in",100,246,,2026-07-11,2026-06-01,40,0.0,5,-2.0
BIKAJI,Bikaji Foods International Limited,Consumer Defensive,Packaged Foods,16604.0,Mid-Cap,MonthlyDoubleBottom,Forming,0.361,13,Sep 13mo | Mid rally 42% | Asymmetry 6%,,Downtrend,False,False,Below-MAs,False,Stage2,15,Uptrend,Uptrend,643.3,818.7,558.1,546.8,575.59,1079.3,872.93,708.84,67.8,29.5,64.1,44.83,10.33,2.77,40.36,19.0,0.0,784.2,10,strong_buy,17.5,19.7,0.89,14.0,0.94,8.63,9.44,14.19,15.05,17.96,30.93,23.15,23.06,26.6,0.15,highly inconsistent earnings,0.17,,2.47,,227.45,1.37,73.88,-0.04,,4.68,-0.24,17.28,0.66,818.7,592.55,21.4,8.6,-17.6,3.74,0.33,0.23,7,29.0,7.83,2.0,1.0,39.8,MONITOR ⭐,Expected ~30% CAGR (2yr) | Revenue CAGR 15% | Profit CAGR 23% | ROCE trend rising ↑ | Low D/E 0.17 | Promoter 74% holding,High PE 64 | Pattern still forming (not broken out),3-4 years,Medium-High,"yfinance, screener.in",100,45,,2026-07-11,2026-06-01,40,-5.2,5,0.0
JLHL,Jupiter Life Line Hospitals Limited,Healthcare,Medical Care Facilities,9548.0,Mid-Cap,MonthlyAscTriangle,Forming,0.17,14,3 resistance tests | Support rise 19% | Resistance flat 8.7%,,Sideways,False,True,Below-MAs,True,Stage2,6,Uptrend,Uptrend,1328.9,1651.6,1066.13,1129.57,1961.49,2268.45,3763.12,2716.86,70.7,30.7,49.27,33.7,6.18,1.28,29.37,7.0,0.0,1595.83,6,none,13.1,14.8,1.26,23.0,1.46,12.94,7.44,15.21,18.87,25.28,12.6,38.51,45.26,12.7,0.15,highly inconsistent earnings,0.38,,3.02,,-263.62,-2.76,40.91,0.0,,8.48,0.0,17.01,-0.43,1625.0,1178.0,18.2,12.8,-3.47,,1.49,0.19,6,23.0,8.54,6.0,2.0,39.5,MONITOR ⭐,Expected ~31% CAGR (2yr) | Revenue CAGR 19% | Profit CAGR 39% | ROCE trend rising ↑ | Piotroski F=6 (above average quality) | PEG 1.28 — fair value,Pattern still forming (not broken out),3-4 years,Medium-High,"yfinance, screener.in",100,33,,2026-07-11,2026-06-01,40,0.0,5,0.0
KRSNAA,Krsnaa Diagnostics Limited,Healthcare,Diagnostics & Research,1826.0,Small-Cap,MonthlyDoubleBottom,Forming,1.0,48,Sep 48mo | Mid rally 111% | Asymmetry 9%,,Downtrend,False,False,Below-MAs,False,Stage2,6,Uptrend,Uptrend,566.3,1040.59,472.61,481.35,1603.29,1608.57,2219.58,1886.43,184.0,68.5,18.22,12.44,1.86,1.03,8.41,49.0,3.23,867.25,4,none,10.9,12.7,1.2,27.0,-0.8,12.7,5.93,7.81,16.65,66.18,29.49,17.66,,101.8,0.15,highly inconsistent earnings,0.55,,2.68,,-27.35,-1.5,27.11,0.0,,3.91,-0.26,13.89,0.04,894.4,515.0,36.7,10.0,-11.72,-24.88,0.53,0.06,5,11.0,16.5,12.0,0.0,39.5,MONITOR ⭐,Expected ~68% CAGR (2yr) | Revenue CAGR 17% | ROCE trend rising ↑ | OPM 27% | Margin compressing ↓ ⚠️ | Piotroski F=5 (above average quality),Margin compression ↓ | Pattern still forming (not broken out),3-4 years,Medium-High,"yfinance, screener.in",100,58,,2026-07-11,2026-06-01,40,0.0,5,0.0
HINDALCO,Hindalco Industries Limited,Basic Materials,Aluminum,213150.0,Large-Cap,MonthlyDoubleBottom,Forming,1.0,6,Sep 6mo | Mid rally 972% | Asymmetry 8%,,Sideways-Above-MA,True,False,Constructive,False,Stage2,1,Uptrend,Uptrend,1021.6,98.35,8.83,868.36,1532.2,1463.66,1849.58,1683.43,43.3,19.7,15.82,8.84,1.55,1.6,8.09,52.0,7.72,1134.0,29,hold,13.0,13.2,0.4,13.0,-0.14,4.87,5.54,15.28,7.2,15.81,-16.32,9.87,30.91,-50.8,0.15,highly inconsistent earnings,0.73,,1.21,,-8985.37,-4.22,34.65,0.0,,29.96,1.8,21.35,-1.82,1176.0,657.5,13.1,55.4,54.31,104.38,0.6,0.83,3,5.0,21.0,6.0,7.0,39.0,MONITOR ⭐,Expected ~20% CAGR (2yr) | ROCE trend rising ↑ | FII buying +1.8% ↑ | EV/EBITDA 8× vs sector 10× | MonthlyDoubleBottom forming (6mo base) | Sector in Stage2,Earnings due 2026-08-12 | Pattern still forming (not broken out),3-4 years,Medium-High,"yfinance, screener.in",100,366,2026-08-12,2026-07-11,2026-06-01,40,-2.5,5,-8.0
CIPLA,Cipla Limited,Healthcare,Drug Manufacturers - Specialty & Generic,117800.0,Large-Cap,MonthlyDoubleBottom,Forming,0.669,9,Sep 9mo | Mid rally 67% | Asymmetry 0%,MonthlyDoubleBottom+MonthlyStage2,Sideways-Above-MA,True,False,Constructive,True,Stage2,6,Uptrend,Uptrend,1439.4,218.31,130.34,1223.49,2123.24,1998.0,2610.39,2354.25,38.8,17.8,30.4,22.99,3.42,2.79,18.69,89.0,15.21,1463.62,37,buy,11.6,15.5,0.37,21.0,0.34,13.94,7.58,2.23,7.37,8.01,-26.7,10.88,10.08,-54.6,0.15,highly inconsistent earnings,0.02,,3.44,,1140.04,0.97,29.22,0.0,,22.55,-1.38,31.71,1.26,1673.0,1165.7,14.0,23.5,-8.54,-9.07,0.22,0.11,6,16.0,17.03,4.0,2.0,39.0,MONITOR ⭐,Expected ~18% CAGR (2yr) | ROCE trend rising ↑ | Nearly debt-free | Piotroski F=6 (above average quality) | DII buying +1.3% ↑ | Dividend growing 15%/yr,Earnings due 2026-07-23 | Pattern still forming (not broken out),3-4 years,Medium-High,"yfinance, screener.in",100,367,2026-07-23,2026-07-11,2026-06-01,40,2.1,5,2.0
ICICIPRULI,ICICI Prudential Life Insurance Company Limited,Financial Services,Insurance - Life,70349.0,Large-Cap,MonthlyDoubleBottom,Forming,0.777,27,Sep 27mo | Mid rally 84% | Asymmetry 6%,,Downtrend,False,False,Below-MAs,False,Stage2,12,Uptrend,Uptrend,522.15,488.35,258.34,443.83,322.69,718.36,508.49,405.07,37.6,17.3,43.87,35.95,5.16,1.72,37.68,34.0,40.1,686.88,33,buy,12.6,10.1,-0.51,2.0,0.77,2.55,0.34,-10.48,7.87,-5.3,35.58,25.53,10.96,61.9,0.15,highly inconsistent earnings,0.19,,1.47,,2168.01,3.08,72.8,-0.08,,10.89,-0.59,11.05,0.64,706.8,459.5,26.1,13.6,-12.81,-31.2,0.85,0.46,2,21.0,13.82,4.0,0.0,38.8,MONITOR ⭐,Expected ~17% CAGR (2yr) | Profit CAGR 26% | Low D/E 0.19 | Promoter 73% holding | FCF yield 3.1% | DII buying +0.6% ↑,Earnings due 2026-07-15 | Pattern still forming (not broken out),3-4 years,Medium-High,"yfinance, screener.in",100,117,2026-07-15,2026-07-11,2026-06-01,40,0.0,5,-2.0
FSL,Firstsource Solutions Limited,Technology,Information Technology Services,16596.0,Mid-Cap,MonthlyDoubleBottom,Forming,0.512,30,Sep 30mo | Mid rally 60% | Asymmetry 8%,,Sideways,False,False,Below-MAs,True,Downtrend,0,Uptrend,Uptrend,259.71,36.08,21.7,220.75,336.46,337.64,403.05,368.25,30.0,14.0,25.11,15.27,3.79,2.66,12.35,229.0,16.26,291.71,14,strong_buy,17.7,16.2,-0.14,16.0,-0.17,7.06,8.13,19.75,16.64,13.48,13.47,9.45,13.24,27.7,0.15,highly inconsistent earnings,0.67,,0.79,,944.37,5.69,53.66,0.0,,8.85,-0.35,25.49,0.3,381.4,202.0,31.9,28.6,-23.49,41.61,0.4,0.23,4,21.0,12.64,5.0,0.0,38.6,MONITOR ⭐,Expected ~14% CAGR (2yr) | Revenue CAGR 17% | Promoter 54% holding | FCF yield 5.7% | Dividend growing 16%/yr | EV/EBITDA 12× below sector (20×),Pattern still forming (not broken out),3-4 years,Medium-High,"yfinance, screener.in",100,234,,2026-07-11,2026-06-01,40,7.3,5,-4.0
BANKBARODA,Bank of Baroda Limited,Financial Services,Banks - Regional,130422.0,Large-Cap,MonthlyDoubleBottom,Forming,1.0,32,Sep 32mo | Mid rally 187% | Asymmetry 3%,,Downtrend,False,False,Below-MAs,False,Stage2,12,Uptrend,Uptrend,250.95,71.55,24.51,213.31,908.87,725.08,1103.34,1001.4,188.9,70.0,6.57,5.83,0.79,0.65,,337.0,15.62,310.61,33,buy,12.7,5.63,,38.45,,31.18,1.01,4.97,12.57,12.56,-3.81,10.18,65.43,7.0,0.15,highly inconsistent earnings,,,,,,,63.97,0.0,,9.69,-0.15,18.92,0.2,325.5,230.81,22.9,8.7,8.68,16.86,0.8,0.42,2,10.0,16.5,10.0,2.0,38.5,MONITOR ⭐,Expected ~70% CAGR (2yr) | Promoter 64% holding | OPM 38% | Dividend growing 16%/yr | PEG 0.65 — undervalued | MonthlyDoubleBottom forming (32mo base),Earnings due 2026-07-24 | Pattern still forming (not broken out),3-4 years,Medium-High,"yfinance, screener.in",80,289,2026-07-24,2026-07-11,2026-06-01,40,-3.7,5,-4.0
ICICIBANK,ICICI Bank Limited,Financial Services,Banks - Regional,1012347.0,Large-Cap,MonthlyDoubleBottom,Forming,1.0,24,Sep 24mo | Mid rally 115% | Asymmetry 1%,MonthlyDoubleBottom+MonthlyStage2,Downtrend,False,False,Below-MAs,False,Stage2,12,Uptrend,Uptrend,1240.8,328.33,152.59,1054.68,1672.93,1853.27,2320.71,1970.38,49.4,22.2,18.87,15.54,2.78,1.06,,85.0,30.06,1677.6,40,strong_buy,16.1,7.2,,33.29,,24.93,2.08,4.77,17.26,16.97,6.17,17.78,23.26,9.3,0.75,consistent growth,,,,,,,,,,34.48,-9.39,39.94,-6.8,1500.0,1187.6,17.3,4.5,-5.8,13.34,0.95,0.23,2,13.0,16.5,7.0,2.0,38.5,MONITOR ⭐,Expected ~22% CAGR (2yr) | Revenue CAGR 17% | OPM 33% | EPS: consistent growth | Dividend growing 30%/yr | PEG 1.06 — fair value,Earnings due 2026-07-18 | Pattern still forming (not broken out),3-4 years,Medium-High,"yfinance, screener.in",70,287,2026-07-18,2026-07-11,2026-06-01,40,0.0,5,-1.0
NUCLEUS,Nucleus Software Exports Limited,Technology,Software - Application,2020.0,Small-Cap,MonthlyDoubleBottom,Forming,1.0,42,Sep 42mo | Mid rally 268% | Asymmetry 1%,,Downtrend,False,False,Below-MAs,False,Downtrend,0,Uptrend,Uptrend,789.6,538.88,145.7,671.16,1140.86,1140.86,1140.86,1140.86,44.5,20.2,17.3,12.01,2.23,,12.86,163.0,21.32,1210.0,1,strong_buy,13.1,16.8,0.89,14.0,-0.4,13.33,5.64,5.29,11.38,11.25,-28.22,-2.95,-0.17,-46.7,0.15,highly inconsistent earnings,0.01,,2.09,,62.95,3.12,73.59,0.0,,4.46,-0.45,1.21,-0.17,1206.8,690.0,34.6,14.4,-25.36,-47.02,0.25,-0.12,6,19.0,15.5,4.0,0.0,38.5,MONITOR ⭐,Expected ~20% CAGR (2yr) | Declining profits (-3% CAGR) ⚠️ | ROCE trend rising ↑ | Nearly debt-free | Promoter 74% holding | FCF yield 3.1%,Pattern still forming (not broken out),3-4 years,Medium-High,"yfinance, screener.in",100,282,,2026-07-11,2026-06-01,40,0.0,5,-1.0
MMP,MMP Industries Limited,Basic Materials,Aluminum,704.0,Small-Cap,MonthlyDoubleBottom,Forming,1.0,27,Sep 27mo | Mid rally 148% | Asymmetry 3%,MonthlyDoubleBottom+MonthlyStage2,Sideways-Above-MA,True,False,Constructive,True,Stage2,1,Uptrend,Uptrend,276.92,452.69,180.52,235.38,300.29,724.86,389.29,341.91,161.8,61.8,22.68,,2.03,1.64,13.66,72.0,25.99,,0,none,11.5,12.5,0.14,8.0,-0.4,3.76,5.71,19.08,15.27,28.96,-20.51,13.86,12.77,65.6,0.15,highly inconsistent earnings,0.53,,1.26,,-32.65,-4.64,74.48,0.0,,0.02,0.01,0.0,0.0,319.98,185.2,13.5,49.5,7.17,18.26,2.21,0.2,4,11.0,22.5,2.0,3.0,38.5,MONITOR ⭐,Expected ~62% CAGR (2yr) | Revenue CAGR 15% | ROCE trend rising ↑ | Promoter 74% holding | Dividend growing 26%/yr | MonthlyDoubleBottom forming (27mo base),Pattern still forming (not broken out),3-4 years,Medium-High,"yfinance, screener.in",100,98,,2026-07-11,2026-06-01,40,0.0,5,0.0
TARACHAND,Tara Chand Infralogistic Solutions Limited,Industrials,Farm & Heavy Construction Machinery,441.0,Micro-Cap,MonthlyDoubleBottom,Forming,1.0,17,Sep 17mo | Mid rally 798% | Asymmetry 5%,MonthlyCupHandle+MonthlyDoubleBottom+MonthlyStage2,Downtrend,False,False,Below-MAs,False,Stage2,4,Uptrend,Uptrend,59.88,37.76,4.11,50.9,126.5,139.79,154.47,139.79,133.5,52.8,15.82,,2.97,1.51,5.33,36.0,6.0,,0,none,20.5,18.2,,36.0,5.0,9.78,6.14,14.92,,,12.0,,,10.9,0.5,insufficient history,0.93,,1.72,,-32.4,-7.34,71.64,0.5,,0.13,0.02,0.0,0.0,103.67,53.0,42.2,13.0,0.34,207.49,0.47,-0.3,4,16.0,15.5,6.0,1.0,38.5,MONITOR ⭐,Expected ~53% CAGR (2yr) | ROE 20% | Promoter 72% holding | OPM 36% | EV/EBITDA 5× below sector (18×) | MonthlyDoubleBottom forming (17mo base),Pattern still forming (not broken out),3-4 years,Medium-High,"yfinance, screener.in",80,99,,2026-07-11,2026-06-01,40,0.0,5,0.0
LGBBROSLTD,L.G. Balakrishnan & Bros Limited,Consumer Cyclical,Auto Parts,5126.0,Small-Cap,MonthlyDoubleBottom,Forming,1.0,41,Sep 41mo | Mid rally 236% | Asymmetry 7%,,Downtrend,False,False,Below-MAs,False,Stage2,3,Uptrend,Uptrend,1556.1,586.37,168.64,1322.68,4093.18,4428.0,4790.21,4428.0,184.6,68.7,16.08,14.1,2.38,1.97,10.53,137.0,10.06,2053.0,1,none,15.6,19.8,-0.8,16.0,-0.26,10.36,8.28,19.32,11.77,13.84,5.63,8.18,19.12,-17.0,0.15,highly inconsistent earnings,0.11,,1.78,,-102.59,-2.0,34.83,0.01,,6.61,-0.38,13.35,0.47,2048.0,1222.1,24.0,27.3,28.91,19.72,0.38,-0.01,4,11.0,16.5,6.0,5.0,38.5,MONITOR ⭐,Expected ~69% CAGR (2yr) | Low D/E 0.11 | Dividend growing 10%/yr | EV/EBITDA 11× below sector (25×) | MonthlyDoubleBottom forming (41mo base) | Sector in Stage2,Pattern still forming (not broken out),3-4 years,Medium-High,"yfinance, screener.in",100,221,,2026-07-11,2026-06-01,40,0.0,5,1.0
LT,Larsen & Toubro Limited,Industrials,Engineering & Construction,553951.0,Large-Cap,MonthlyDoubleBottom,Forming,0.683,20,Sep 20mo | Mid rally 74% | Asymmetry 6%,,Sideways-Above-MA,True,False,Constructive,True,Stage2,4,Uptrend,Uptrend,3921.0,631.13,351.54,3332.85,4228.36,4717.76,5571.6,4853.73,20.3,9.7,34.48,21.95,5.07,2.33,18.34,94.0,8.2,4513.81,31,buy,15.9,14.6,1.17,12.0,-1.03,5.51,4.59,11.79,15.96,16.02,7.25,14.79,7.96,-3.1,0.15,highly inconsistent earnings,0.98,,1.25,,26195.48,4.73,,,,18.78,-1.28,43.32,0.33,4440.0,3288.1,11.7,19.2,15.56,40.24,0.8,0.46,4,12.0,18.2,4.0,4.0,38.2,MONITOR ⭐,Expected ~10% CAGR (2yr) | Revenue CAGR 16% | ROCE trend rising ↑ | Margin compressing ↓ ⚠️ | FCF yield 4.7% | MonthlyDoubleBottom forming (20mo base),Margin compression ↓ | Earnings due 2026-07-28 | Pattern still forming (not broken out),3-4 years,Medium-High,"yfinance, screener.in",90,287,2026-07-28,2026-07-11,2026-06-01,40,0.0,5,1.0
ASIANENE,Asian Energy Services Limited,Energy,Oil & Gas Equipment & Services,1616.0,Small-Cap,MonthlyStage2,Stage Change,0.968,24,10-EMA=319 | 30-EMA=291 | Above by 14.5% | MA turning=Yes,MonthlyCupHandle+MonthlyDoubleBottom+MonthlyStage2,Sideways-Above-MA,True,False,Constructive,False,Stage2,1,Uptrend,Uptrend,333.65,291.35,238.85,283.6,225.43,343.85,273.07,248.11,3.1,1.5,29.32,,3.01,2.91,15.74,30.0,,,0,none,12.9,16.5,0.43,12.0,-1.77,6.47,6.33,70.11,93.02,28.14,23.81,10.06,12.39,41.9,0.15,highly inconsistent earnings,0.32,,2.11,,-115.09,-7.12,56.16,-4.59,,1.18,-0.16,0.75,-0.06,392.0,230.0,14.9,45.1,-8.46,101.5,0.26,0.81,5,16.0,22.12,-1.0,1.0,38.1,MONITOR ⭐,Expected ~2% CAGR (2yr) | Revenue CAGR 93% | ROCE trend rising ↑ | Promoter 56% holding | Margin compressing ↓ ⚠️ | Piotroski F=5 (above average quality),Margin compression ↓,3-4 years,Medium-High,"yfinance, screener.in",100,56,,2026-07-11,2026-06-01,40,4.3,5,-5.0
NPST,NETWORK PEOPLE SRV TECH L,Technology,Software - Application,3639.0,Small-Cap,None,,0.0,0,,,Downtrend,False,False,Below-MAs,False,Downtrend,0,Uptrend,Uptrend,1043.0,,,886.55,745.46,1343.76,2422.26,1343.76,28.8,13.5,84.74,,11.79,1.06,96.71,11.0,,,0,none,15.0,19.7,5.57,26.0,2.57,24.08,7.92,12.72,68.17,67.03,-8.89,80.26,110.16,191.9,0.15,highly inconsistent earnings,0.03,,7.42,,-91.83,-2.52,60.52,0.25,,0.12,-0.03,10.02,0.07,2388.3,846.6,56.3,23.2,-41.84,259.28,,0.22,5,33.0,2.0,3.0,0.0,38.0,MONITOR ⭐,Expected ~14% CAGR (2yr) | Revenue CAGR 68% | Profit CAGR 80% | ROCE trend rising ↑ | Nearly debt-free | Promoter 61% holding,High PE 85,3-4 years,Medium-High,"yfinance, screener.in",100,57,,2026-07-11,2026-06-01,40,0.0,5,-2.0
KRYSTAL,KRYSTAL INTEGRATED SER L,Industrials,Specialty Business Services,844.0,Small-Cap,None,,0.0,0,,,Sideways,False,False,Below-MAs,True,Stage2,4,Uptrend,Uptrend,581.4,,,494.19,1813.37,2157.55,2567.05,2157.55,271.1,92.6,13.16,,1.69,0.69,10.83,25.0,0.0,,0,none,13.7,15.9,-0.7,7.0,0.06,5.04,5.59,5.89,22.01,22.23,1.59,18.98,30.36,59.1,0.4,lumpy earner,0.24,,2.01,,-16.04,-1.9,69.96,0.0,,1.25,-0.54,3.76,-0.47,729.5,500.0,20.3,16.3,2.34,,,0.91,5,20.0,6.0,10.0,2.0,38.0,MONITOR ⭐,Expected ~93% CAGR (2yr) | Revenue CAGR 22% | Low D/E 0.24 | Promoter 70% holding | Piotroski F=5 (above average quality) | PEG 0.69 — undervalued,None identified,3-4 years,Medium-High,"yfinance, screener.in",100,27,,2026-07-11,2026-06-01,40,0.0,5,0.0
PRAKASH,Prakash Industries Limited,Basic Materials,Steel,2470.0,Small-Cap,MonthlyDoubleBottom,Forming,1.0,20,Sep 20mo | Mid rally 1026% | Asymmetry 4%,MonthlyDoubleBottom+MonthlyStage2,Sideways-Above-MA,True,False,Constructive,True,Stage2,1,Uptrend,Uptrend,146.97,269.42,23.44,124.92,440.35,515.4,465.35,452.68,250.7,87.3,7.41,4.26,0.69,2.65,5.43,109.0,45.0,,0,none,14.1,,,20.0,,9.58,4.67,8.9,,,2.8,,,2.7,0.5,insufficient history,0.14,,1.71,,-251.19,-10.17,44.38,0.0,,3.89,-0.14,0.01,-0.01,190.9,110.24,23.0,33.3,-1.01,72.6,0.41,0.37,3,8.0,22.0,8.0,0.0,38.0,MONITOR ⭐,Expected ~87% CAGR (2yr) | Low D/E 0.14 | Dividend growing 45%/yr | EV/EBITDA 5× below sector (10×) | PB 0.7 below justified 1.0 | MonthlyDoubleBottom forming (20mo base),Pattern still forming (not broken out),3-4 years,Medium-High,"yfinance, screener.in",70,287,,2026-07-11,2026-06-01,40,0.0,5,1.0
GODIGIT,GO DIGIT GENERAL INS LTD,Financial Services,Insurance - Property & Casualty,28981.0,Mid-Cap,None,,0.0,0,,,Sideways,False,False,Below-MAs,False,Stage2,12,Uptrend,Uptrend,312.0,,,265.2,163.18,272.68,271.13,210.34,,,53.23,32.34,6.17,1.84,44.82,,,366.2,10,buy,11.71,,,5.41,,5.2,1.68,22.6,,,28.9,,,29.2,0.5,insufficient history,0.07,,0.1,,3284.74,11.33,73.01,-0.01,,8.01,-0.25,14.62,0.28,381.4,290.8,18.2,7.3,-11.86,,,0.07,3,28.0,6.0,3.0,1.0,38.0,MONITOR ⭐,Revenue CAGR 23% | Profit CAGR 29% | Nearly debt-free | Promoter 73% holding | FCF yield 11.3% | Sector in Stage2,High PE 53,3-4 years,Medium-High,"yfinance, screener.in",70,27,,2026-07-11,2026-06-01,40,0.3,5,3.0
NH,Narayana Hrudayalaya Limited,Healthcare,Medical Care Facilities,40677.0,Large-Cap,None,,0.0,0,,,Sideways-Above-MA,True,False,Constructive,True,Stage2,6,Uptrend,Uptrend,1884.1,,,1601.48,1646.69,1945.7,1989.24,1809.88,3.3,1.6,50.25,28.54,8.97,5.07,27.19,22.0,65.1,2149.43,14,none,20.9,15.4,1.34,20.0,2.43,10.2,7.4,44.01,20.39,25.04,1.9,9.91,46.61,13.5,0.15,highly inconsistent earnings,1.29,,2.15,,287.02,0.71,63.27,0.0,,9.98,-1.12,9.14,1.23,2093.3,1589.0,10.0,18.6,-5.27,68.5,,0.18,7,24.0,9.0,1.0,4.0,38.0,MONITOR ⭐,Expected ~2% CAGR (2yr) | Revenue CAGR 20% | ROE 21% | ROCE trend rising ↑ | Promoter 63% holding | Piotroski F=7 (high quality compounder),High D/E 1.3 | High PE 50,3-4 years,Medium-High,"yfinance, screener.in",100,125,,2026-07-11,2026-06-01,40,0.0,5,3.0
ICRA,ICRA Limited,Financial Services,Financial Data & Stock Exchanges,5101.0,Small-Cap,MonthlyDoubleBottom,Forming,0.542,18,Sep 18mo | Mid rally 55% | Asymmetry 0%,,Sideways,False,False,Below-MAs,True,Stage2,12,Uptrend,Uptrend,5416.5,7666.47,4952.24,4704.63,4587.01,10380.7,5563.41,5051.67,91.6,38.4,28.09,20.36,4.31,2.77,20.66,132.0,28.92,6558.5,2,none,16.7,23.0,1.51,36.0,1.31,30.28,8.4,20.48,14.19,14.79,7.02,10.13,17.13,32.2,0.4,lumpy earner,,,3.8,,115.7,2.27,51.86,0.0,,7.92,0.67,24.51,-1.04,7130.0,4965.5,24.0,9.1,-11.54,-16.21,0.36,0.21,7,25.0,13.5,-1.0,0.0,37.5,MONITOR ⭐,Expected ~38% CAGR (2yr) | ROCE 23% | ROCE trend rising ↑ | Promoter 52% holding | OPM 36% | Piotroski F=7 (high quality compounder),Pattern still forming (not broken out),3-4 years,Medium-High,"yfinance, screener.in",90,230,,2026-07-11,2026-06-01,40,0.0,5,-1.0
JASH,Jash Engineering Limited,Industrials,Specialty Industrial Machinery,3095.0,Small-Cap,MonthlyDoubleBottom,Forming,1.0,24,Sep 24mo | Mid rally 119% | Asymmetry 5%,,Downtrend,False,False,Below-MAs,False,Stage2,4,Uptrend,Uptrend,373.1,696.27,310.17,317.13,327.77,1082.37,422.09,371.95,190.1,70.3,41.0,22.52,5.96,3.04,30.31,37.0,-20.63,600.5,2,strong_buy,16.0,17.7,0.31,14.0,-0.0,10.35,6.33,0.14,22.33,19.74,-12.64,13.48,19.64,56.9,0.15,highly inconsistent earnings,0.2,,2.04,,22.98,0.74,43.24,-0.19,,1.79,-0.21,0.39,-0.1,622.9,327.1,40.1,14.1,-27.84,43.6,0.41,-0.13,6,21.0,16.5,-1.0,1.0,37.5,MONITOR ⭐,Expected ~70% CAGR (2yr) | Revenue CAGR 22% | ROCE trend rising ↑ | Low D/E 0.20 | Piotroski F=6 (above average quality) | MonthlyDoubleBottom forming (24mo base),Pattern still forming (not broken out),3-4 years,Medium-High,"yfinance, screener.in",100,104,,2026-07-11,2026-06-01,40,0.0,5,0.0
BLUESTARCO,Blue Star Limited,Industrials,Building Products & Equipment,32549.0,Large-Cap,MonthlyDoubleBottom,Forming,1.0,40,Sep 40mo | Mid rally 114% | Asymmetry 2%,MonthlyDoubleBottom+MonthlyStage2,Sideways,False,False,Below-MAs,False,Stage2,4,Uptrend,Uptrend,1662.0,423.3,195.02,1412.7,878.08,1294.2,1053.61,961.85,,,61.72,38.02,9.48,6.47,34.94,54.0,21.64,1792.72,25,hold,17.1,21.2,1.69,8.0,0.4,4.25,5.58,3.63,15.85,23.8,-10.83,9.54,39.15,17.3,0.15,highly inconsistent earnings,0.24,,1.31,,-320.65,-0.99,36.48,0.0,,13.8,-0.86,27.78,1.02,2040.0,1450.0,18.5,14.6,-10.78,100.75,0.24,0.15,5,17.0,19.5,0.0,1.0,37.5,MONITOR ⭐,Revenue CAGR 16% | ROCE 21% | ROCE trend rising ↑ | Low D/E 0.24 | Piotroski F=5 (above average quality) | DII buying +1.0% ↑,High PE 62 | Earnings due 2026-08-05 | Pattern still forming (not broken out),3-4 years,Medium-High,"yfinance, screener.in",100,289,2026-08-05,2026-07-11,2026-06-01,40,-1.2,1,1.0
VMART,V-Mart Retail Limited,Consumer Cyclical,Department Stores,6347.0,Small-Cap,MonthlyDoubleBottom,Forming,1.0,25,Sep 25mo | Mid rally 164% | Asymmetry 8%,,Sideways,False,False,Below-MAs,True,Stage2,3,Uptrend,Uptrend,637.15,823.81,299.92,541.58,434.88,1347.7,434.88,434.88,111.5,45.4,51.28,32.35,6.35,,22.21,13.0,-23.87,867.4,15,strong_buy,14.08,,,2.81,,3.27,5.21,24.5,,,-35.6,,,-39.1,0.5,insufficient history,1.01,,1.04,,238.89,3.76,44.2,0.05,,16.92,-0.09,31.87,-0.59,888.0,457.9,28.2,39.1,-18.1,-7.49,0.41,0.49,4,10.0,19.5,6.0,2.0,37.5,MONITOR ⭐,Expected ~45% CAGR (2yr) | Revenue CAGR 24% | Declining profits (-36% CAGR) ⚠️ | FCF yield 3.8% | EV/EBITDA 22× vs sector 25× | Analyst target ₹867 (+36%),High D/E 1.0 | High PE 51 | Pattern still forming (not broken out),3-4 years,Medium-High,"yfinance, screener.in",70,160,,2026-07-11,2026-06-01,40,0.0,5,1.0
METROBRAND,Metro Brands Limited,Consumer Cyclical,Apparel Retail,28288.0,Mid-Cap,MonthlyDoubleBottom,Forming,0.441,9,Sep 9mo | Mid rally 44% | Asymmetry 0%,,Sideways,False,False,Below-MAs,True,Stage2,3,Uptrend,Uptrend,1052.0,1398.52,968.25,919.84,593.25,1828.79,647.35,619.71,73.8,31.8,68.96,47.98,14.19,15.46,33.64,58.0,-9.14,1244.38,21,buy,22.2,20.2,1.37,30.0,1.0,14.36,9.46,14.24,10.43,29.06,17.51,4.46,44.96,23.1,0.15,highly inconsistent earnings,0.78,,2.89,,161.57,0.57,71.8,-0.03,,3.77,-0.04,7.58,0.07,1340.4,883.0,21.5,19.1,-0.36,-7.41,0.32,0.01,7,23.0,11.29,2.0,1.0,37.3,MONITOR ⭐,Expected ~32% CAGR (2yr) | ROE 22% | ROCE 20% | ROCE trend rising ↑ | Promoter 72% holding | OPM 30%,High PE 69 | Pattern still forming (not broken out),3-4 years,Medium-High,"yfinance, screener.in",100,54,,2026-07-11,2026-06-01,40,0.0,5,0.0
SHREEPUSHK,Shree Pushkar Chemicals & Fertilisers Limited,Basic Materials,Specialty Chemicals,1307.0,Small-Cap,MonthlyDoubleBottom,Forming,1.0,19,Sep 19mo | Mid rally 123% | Asymmetry 6%,,Downtrend,False,False,Constructive,True,Stage2,1,Uptrend,Uptrend,375.6,315.52,137.87,319.26,534.85,661.51,818.15,661.51,76.1,32.7,18.76,25.02,2.14,0.79,13.12,49.0,0.0,,0,none,12.2,13.0,-0.0,10.0,-0.69,7.18,5.17,21.22,12.62,22.44,18.64,23.68,19.27,-22.2,0.15,highly inconsistent earnings,0.22,,1.68,,-35.84,-2.74,69.36,0.0,,0.42,-0.17,0.29,-0.09,476.0,272.45,21.1,37.9,1.3,80.62,0.08,0.11,4,12.0,17.0,6.0,2.0,37.0,MONITOR ⭐,Expected ~33% CAGR (2yr) | Profit CAGR 24% | Low D/E 0.22 | Promoter 69% holding | Margin compressing ↓ ⚠️ | PEG 0.79 — undervalued,Margin compression ↓ | Pattern still forming (not broken out),3-4 years,Medium-High,"yfinance, screener.in",100,130,,2026-07-11,2026-06-01,40,1.6,5,-3.0
JSWINFRA,JSW Infrastructure Limited,Industrials,Marine Shipping,75486.0,Large-Cap,None,,0.0,0,,,Sideways,False,False,Below-MAs,True,Stage2,4,Uptrend,Uptrend,266.15,,,226.23,271.94,346.18,440.62,346.15,30.1,14.0,44.85,28.6,6.24,1.64,28.51,28.0,12.5,346.24,17,buy,15.4,13.7,0.8,49.0,-0.09,28.38,6.7,19.77,18.83,27.29,1.71,27.29,40.26,-17.9,0.15,highly inconsistent earnings,0.59,,2.27,,-1086.94,-1.44,73.93,-9.68,,10.71,3.79,9.19,6.76,349.0,233.42,23.7,14.0,-7.06,,,0.54,5,25.0,6.0,4.0,2.0,37.0,MONITOR ⭐,Expected ~14% CAGR (2yr) | Revenue CAGR 19% | Profit CAGR 27% | ROCE trend rising ↑ | Promoter 74% holding | OPM 49%,None identified,3-4 years,Medium-High,"yfinance, screener.in",100,32,,2026-07-11,2026-06-01,40,0.0,5,-1.0
PFIZER,Pfizer Limited,Healthcare,Drug Manufacturers - General,20900.0,Mid-Cap,MonthlyDoubleBottom,Forming,0.773,36,Sep 36mo | Mid rally 85% | Asymmetry 8%,MonthlyDoubleBottom+MonthlyStage2,Downtrend,False,False,Below-MAs,True,Stage2,6,Uptrend,Uptrend,4785.4,5815.44,3025.08,4067.59,5794.99,8605.8,5794.99,5794.99,79.8,34.1,28.9,22.5,4.97,,19.75,164.0,36.41,6246.0,4,none,19.8,27.2,-10.0,-12.0,-15.5,28.67,10.76,0.3,,,-11.76,,,-39.6,0.15,highly inconsistent earnings,0.02,,6.06,,671.97,3.22,63.92,0.0,,2.81,0.1,16.89,-0.16,5896.0,4360.1,18.8,9.8,-5.55,9.74,0.42,0.12,4,16.0,13.78,6.0,1.0,36.8,MONITOR ⭐,Expected ~34% CAGR (2yr) | Declining profits (-40% CAGR) ⚠️ | ROCE 27% | Nearly debt-free | Promoter 64% holding | Margin compressing ↓ ⚠️,Margin compression ↓ | Earnings due 2026-08-12 | Pattern still forming (not broken out),3-4 years,Medium-High,"yfinance, screener.in",80,287,2026-08-12,2026-07-11,2026-06-01,40,0.0,5,1.0
BAYERCROP,Bayer CropScience Limited,Basic Materials,Agricultural Inputs,18586.0,Mid-Cap,MonthlyDoubleBottom,Forming,0.671,27,Sep 27mo | Mid rally 68% | Asymmetry 1%,,Downtrend,False,False,Below-MAs,False,Stage2,1,Uptrend,Uptrend,4129.9,6868.99,4089.02,3884.57,3743.07,9648.96,4787.99,4233.41,133.6,52.9,26.95,21.4,6.27,2.06,19.67,290.0,0.0,5186.83,6,none,15.8,20.1,,5.0,-4.0,12.14,8.9,9.0,,,44.74,,,13.1,0.5,insufficient history,0.03,,1.92,,960.34,5.17,71.44,0.0,,3.89,0.05,11.89,0.42,6511.0,4030.0,36.6,2.5,-18.08,-33.48,0.61,0.23,4,22.0,12.55,2.0,0.0,36.6,MONITOR ⭐,Expected ~53% CAGR (2yr) | ROCE 20% | Nearly debt-free | Promoter 71% holding | Margin compressing ↓ ⚠️ | FCF yield 5.2%,Margin compression ↓ | Earnings due 2026-08-06 | Pattern still forming (not broken out),3-4 years,Medium-High,"yfinance, screener.in",80,199,2026-08-06,2026-07-11,2026-06-15,26,-2.8,3,1.0
MEDIASSIST,MEDI ASSIST HEALTH SER L,Healthcare,Healthcare Plans,2799.0,Small-Cap,MonthlyDoubleBottom,Forming,0.626,10,Sep 10mo | Mid rally 67% | Asymmetry 5%,,Sideways,False,True,Below-MAs,True,Stage2,6,Uptrend,Uptrend,388.5,711.81,415.25,394.49,511.03,1008.37,577.99,543.48,159.6,61.1,30.86,19.22,3.26,4.86,14.67,0.0,,510.0,3,strong_buy,13.9,14.0,-1.14,19.0,-0.83,9.71,4.81,25.17,21.47,22.88,-3.26,6.35,27.9,148.7,0.15,highly inconsistent earnings,0.06,,1.34,,95.85,3.42,4.61,-0.01,,24.31,-0.96,49.18,-0.73,594.1,293.0,34.6,32.6,-19.31,,0.71,1.13,4,16.0,13.51,7.0,0.0,36.5,MONITOR ⭐,Expected ~61% CAGR (2yr) | Revenue CAGR 21% | Nearly debt-free | Margin compressing ↓ ⚠️ | FCF yield 3.4% | EV/EBITDA 15× below sector (22×),Margin compression ↓ | Pattern still forming (not broken out),3-4 years,Medium-High,"yfinance, screener.in",100,29,,2026-07-11,2026-06-01,40,0.0,5,0.0
BBTCL,B&B Triplewall Containers Limited,Consumer Cyclical,Packaging & Containers,458.0,Micro-Cap,MonthlyStage2,Stage Change,0.663,24,10-EMA=202 | 30-EMA=201 | Above by 9.9% | MA turning=Yes,,Uptrend,True,False,Tight-Above-MAs,True,Stage2,3,Uptrend,Uptrend,221.27,201.26,132.19,188.08,348.44,348.44,348.44,348.44,57.5,25.5,22.23,,3.47,,7.69,0.0,25.99,,0,none,17.0,13.7,-1.4,15.0,-0.1,3.34,7.13,25.2,22.27,,433.33,-5.9,,,0.15,highly inconsistent earnings,1.93,,1.16,,-1.51,-0.33,73.76,0.0,,0.0,,,,240.0,156.0,7.8,41.8,10.89,-33.47,0.24,0.07,3,4.0,24.46,4.0,4.0,36.5,MONITOR ⭐,Expected ~26% CAGR (2yr) | Revenue CAGR 22% | Declining profits (-6% CAGR) ⚠️ | Promoter 74% holding | Dividend growing 26%/yr | EV/EBITDA 8× below sector (25×),High D/E 1.9,3-4 years,Medium-High,"yfinance, screener.in",100,94,,2026-07-11,2026-06-15,26,-0.2,3,-0.8
KAMATHOTEL,Kamat Hotels (India) Limited,Consumer Cyclical,Lodging,540.0,Small-Cap,MonthlyDoubleBottom,Forming,1.0,33,Sep 33mo | Mid rally 499% | Asymmetry 10%,,Downtrend,False,False,Below-MAs,False,Stage2,3,Uptrend,Uptrend,163.69,158.95,25.3,139.14,397.68,397.68,397.68,397.68,142.9,55.9,14.41,,2.26,,9.45,0.0,-7.17,,0,none,14.4,15.8,3.6,25.0,2.0,10.0,6.77,8.12,9.38,42.37,-17.02,-50.05,18.07,49.2,0.2,multiple loss years in history,0.7,,1.06,,45.38,8.4,57.78,0.0,,0.26,0.16,3.84,0.0,329.8,140.2,50.4,16.8,-24.77,-52.02,0.48,0.36,5,16.0,16.5,4.0,0.0,36.5,MONITOR ⭐,Expected ~56% CAGR (2yr) | Declining profits (-50% CAGR) ⚠️ | ROCE trend rising ↑ | Promoter 58% holding | FCF yield 8.4% | Piotroski F=5 (above average quality),Pattern still forming (not broken out),3-4 years,Medium-High,"yfinance, screener.in",100,287,,2026-07-11,2026-06-15,26,0.0,3,0.0
HDFCBANK,HDFC Bank Limited,Financial Services,Banks - Regional,1233715.0,Large-Cap,MonthlyDoubleBottom,Forming,0.348,10,Sep 10mo | Mid rally 40% | Asymmetry 5%,,Sideways,False,False,Below-MAs,True,Stage2,12,Uptrend,Uptrend,772.45,163.2,113.33,656.58,1116.83,1217.52,1601.28,1337.29,57.6,25.5,17.89,12.74,2.1,0.91,,162.0,11.02,1037.88,40,strong_buy,13.8,7.04,,40.54,,26.83,1.7,3.64,26.86,22.08,7.87,19.74,19.98,8.0,0.4,lumpy earner,,,,,,,,,,41.82,-2.23,41.75,1.61,1020.5,726.65,24.3,6.3,-19.62,-24.69,0.73,0.42,2,16.0,10.18,9.0,1.0,36.2,MONITOR ⭐,Expected ~26% CAGR (2yr) | Revenue CAGR 27% | OPM 41% | DII buying +1.6% ↑ | Dividend growing 11%/yr | PEG 0.91 — undervalued,Earnings due 2026-07-18 | Pattern still forming (not broken out),3-4 years,Medium-High,"yfinance, screener.in",70,366,2026-07-18,2026-07-11,2026-07-01,10,0.0,1,0.0
SIRCA,Sirca Paints India Limited,Basic Materials,Specialty Chemicals,2291.0,Small-Cap,MonthlyCupHandle,Forming,0.551,34,Cup 34mo | Depth 42% | Prior gain 31% | R²=0.75,MonthlyCupHandle+MonthlyDoubleBottom,Downtrend,False,False,Below-MAs,False,Stage2,1,Uptrend,Uptrend,425.0,528.73,304.23,361.25,297.7,753.23,374.91,334.08,77.2,33.1,34.6,22.61,5.08,2.83,22.02,37.0,14.47,565.5,2,none,15.8,21.2,1.57,20.0,1.46,13.2,10.59,32.26,23.06,28.4,32.65,12.22,30.77,25.3,0.15,highly inconsistent earnings,0.07,,5.21,,-4.1,-0.18,65.19,0.0,,6.29,-0.63,0.0,-0.32,539.0,391.0,21.2,8.7,1.67,-5.64,0.33,0.22,6,25.0,11.11,-1.0,1.0,36.1,MONITOR ⭐,Expected ~33% CAGR (2yr) | Revenue CAGR 23% | ROCE 21% | ROCE trend rising ↑ | Nearly debt-free | Promoter 65% holding,Pattern still forming (not broken out),3-4 years,Medium-High,"yfinance, screener.in",100,97,,2026-07-11,2026-06-01,40,0.9,5,-2.0
INTELLECT,Intellect Design Arena Limited,Technology,Software - Application,10958.0,Mid-Cap,MonthlyDoubleBottom,Forming,1.0,11,Sep 11mo | Mid rally 113% | Asymmetry 4%,,Sideways,False,True,Below-MAs,True,Downtrend,0,Uptrend,Uptrend,697.1,1247.67,574.03,592.53,682.58,1921.31,802.66,740.19,175.6,66.0,32.36,18.98,3.44,3.83,17.64,51.0,40.95,1058.75,4,strong_buy,12.4,15.9,-1.37,19.0,-1.0,11.37,5.49,21.52,10.84,15.21,2.69,8.44,5.3,-11.2,0.15,highly inconsistent earnings,0.05,,2.11,,309.21,2.82,29.73,-0.08,,25.57,-1.03,7.1,-0.01,1244.6,595.2,44.0,17.1,-31.25,-10.35,1.11,0.6,5,12.0,17.0,7.0,0.0,36.0,MONITOR ⭐,Expected ~66% CAGR (2yr) | Nearly debt-free | Margin compressing ↓ ⚠️ | Piotroski F=5 (above average quality) | Dividend growing 41%/yr | EV/EBITDA 18× vs sector 20×,Margin compression ↓ | Pattern still forming (not broken out),3-4 years,Medium-High,"yfinance, screener.in",100,138,,2026-07-11,2026-06-01,40,0.0,5,-2.0
LEMONTREE,Lemon Tree Hotels Limited,Consumer Cyclical,Lodging,9419.0,Mid-Cap,None,,0.0,0,,,Downtrend,False,False,Below-MAs,False,Stage2,3,Uptrend,Uptrend,111.01,,,94.36,164.62,187.61,265.01,208.87,69.0,30.0,41.45,23.47,6.74,1.54,17.08,0.0,,155.71,21,strong_buy,19.4,14.0,3.2,48.0,5.14,15.72,8.38,12.29,18.17,41.79,18.52,26.88,80.58,8.1,0.2,multiple loss years in history,0.96,,1.21,,171.82,1.82,22.32,0.04,,21.59,0.09,15.67,-3.78,180.68,99.61,38.6,11.4,-13.05,-4.24,,-0.18,6,23.0,3.0,10.0,0.0,36.0,MONITOR ⭐,Expected ~30% CAGR (2yr) | Revenue CAGR 18% | Profit CAGR 27% | ROCE trend rising ↑ | OPM 48% | Piotroski F=6 (above average quality),Earnings due 2026-08-06,3-4 years,Medium-High,"yfinance, screener.in",100,98,2026-08-06,2026-07-11,2026-06-01,40,0.0,5,-2.0
UNOMINDA,Uno Minda Limited,Consumer Cyclical,Auto Parts,65029.0,Large-Cap,None,,0.0,0,,,Sideways,False,False,Below-MAs,False,Stage2,3,Uptrend,Uptrend,1051.9,,,894.12,1094.69,1305.15,1640.31,1340.02,24.1,11.4,54.35,36.41,10.41,2.43,30.09,24.0,20.89,1252.83,18,buy,19.3,19.6,1.77,11.0,-0.0,6.09,7.6,17.19,20.5,25.26,25.76,22.41,38.94,22.5,0.4,lumpy earner,0.38,,1.2,,-231.28,-0.36,68.36,-0.05,,8.96,-0.87,16.89,0.92,1382.0,994.0,23.9,5.8,3.04,59.37,,0.23,4,26.0,6.0,2.0,2.0,36.0,MONITOR ⭐,Expected ~11% CAGR (2yr) | Revenue CAGR 20% | Profit CAGR 22% | ROCE trend rising ↑ | Promoter 68% holding | DII buying +0.9% ↑,High PE 54 | Earnings due 2026-08-06,3-4 years,Medium-High,"yfinance, screener.in",100,232,2026-08-06,2026-07-11,2026-06-01,40,0.0,5,0.0
ROLEXRINGS,Rolex Rings Limited,Industrials,Metal Fabrication,3868.0,Small-Cap,MonthlyDoubleBottom,Forming,0.508,14,Sep 14mo | Mid rally 57% | Asymmetry 6%,,Uptrend,True,False,Tight-Above-MAs,True,Stage2,4,Uptrend,Uptrend,141.99,262.0,162.26,154.15,193.56,361.74,255.99,222.6,154.8,59.6,27.42,16.05,3.19,,15.2,,,170.0,2,none,12.35,,,15.33,,12.34,9.1,7.7,,,,,,,0.5,insufficient history,,,8.29,,39.58,1.02,52.24,-1.13,,6.01,0.05,30.27,0.1,176.0,99.79,19.3,42.3,-4.13,-58.9,0.49,0.36,4,10.0,21.6,3.0,1.0,35.6,MONITOR ⭐,Expected ~60% CAGR (2yr) | Promoter 52% holding | EV/EBITDA 15× vs sector 18× | MonthlyDoubleBottom forming (14mo base) | Weekly uptrend | Tight daily consolidation above MAs,Pattern still forming (not broken out),3-4 years,Medium-High,"yfinance, screener.in",60,58,,2026-07-11,2026-06-01,40,0.0,4,-1.0
IRIS,IRIS RegTech Solutions Limited,Technology,Software - Application,566.0,Small-Cap,MonthlyDoubleBottom,Forming,0.512,27,Sep 27mo | Mid rally 52% | Asymmetry 1%,,Downtrend,False,False,Below-MAs,False,Downtrend,0,Uptrend,Uptrend,226.49,162.4,106.15,192.52,597.5,1892.0,5991.0,1892.0,735.4,189.0,40.33,,2.81,0.19,44.31,0.0,,,0,none,10.2,12.6,1.74,8.0,-1.4,98.44,2.65,1.59,20.04,17.56,876.92,216.65,99.69,47.1,0.15,highly inconsistent earnings,0.01,,3.52,,-0.09,-0.02,34.63,0.0,,1.87,0.14,13.06,0.16,426.95,203.0,47.0,11.6,-17.85,174.52,0.51,0.58,5,19.0,9.64,7.0,0.0,35.6,MONITOR ⭐,Expected ~189% CAGR (2yr) | Revenue CAGR 20% | Profit CAGR 217% | ROCE trend rising ↑ | Nearly debt-free | Margin compressing ↓ ⚠️,Margin compression ↓ | Pattern still forming (not broken out),3-4 years,Medium-High,"yfinance, screener.in",100,55,,2026-07-11,2026-06-01,40,0.0,5,0.0
DRREDDY,Dr. Reddy's Laboratories Limited,Healthcare,Drug Manufacturers - Specialty & Generic,114423.0,Large-Cap,MonthlyDoubleBottom,Forming,1.0,30,Sep 30mo | Mid rally 144% | Asymmetry 2%,,Downtrend,False,False,Below-MAs,False,Stage2,6,Uptrend,Uptrend,1244.3,127.18,51.54,1057.65,1628.75,1512.52,1628.75,1628.75,21.6,10.3,26.74,21.33,3.03,,16.69,58.0,10.06,1338.18,39,hold,11.2,13.0,0.34,19.0,0.69,12.76,5.74,3.23,10.96,12.09,-27.37,-2.65,16.33,-86.2,0.15,highly inconsistent earnings,0.2,,1.8,,162.75,0.14,26.63,-0.01,,21.14,-1.2,30.72,0.28,1414.9,1148.4,12.1,8.4,-0.35,-13.42,0.62,0.26,7,11.0,16.5,4.0,4.0,35.5,MONITOR ⭐,Expected ~10% CAGR (2yr) | Declining profits (-3% CAGR) ⚠️ | ROCE trend rising ↑ | Low D/E 0.20 | Piotroski F=7 (high quality compounder) | Dividend growing 10%/yr,Earnings due 2026-07-22 | Pattern still forming (not broken out),3-4 years,Medium-High,"yfinance, screener.in",100,367,2026-07-22,2026-07-11,2026-06-01,40,-6.8,5,-12.0
POLYMED,Poly Medicure Limited,Healthcare,Medical Instruments & Supplies,17026.0,Mid-Cap,MonthlyDoubleBottom,Forming,1.0,29,Sep 29mo | Mid rally 176% | Asymmetry 5%,,Downtrend,False,False,Below-MAs,False,Stage2,6,Uptrend,Uptrend,1455.1,3351.91,1182.0,1236.83,1528.39,5521.82,2255.87,1856.84,279.5,94.8,52.91,35.8,5.48,2.46,37.48,21.0,11.87,1607.17,6,none,11.2,14.0,-0.71,24.0,-0.17,17.18,5.75,12.34,18.92,19.02,-5.31,21.49,18.74,-27.8,0.15,highly inconsistent earnings,0.11,,3.37,,-309.36,-1.82,62.42,0.0,,5.92,-3.49,15.6,1.76,2273.1,1182.0,36.0,23.1,-26.73,4.47,0.38,0.02,4,19.0,16.5,0.0,0.0,35.5,MONITOR ⭐,Expected ~95% CAGR (2yr) | Revenue CAGR 19% | Profit CAGR 21% | Low D/E 0.11 | Promoter 62% holding | DII buying +1.8% ↑,High PE 53 | Pattern still forming (not broken out),3-4 years,Medium-High,"yfinance, screener.in",100,174,,2026-07-11,2026-06-01,40,0.0,5,-3.0
PENIND,Pennar Industries Limited,Industrials,Specialty Industrial Machinery,2312.0,Small-Cap,MonthlyDoubleBottom,Forming,1.0,13,Sep 13mo | Mid rally 111% | Asymmetry 5%,,Downtrend,False,False,Below-MAs,False,Stage2,4,Uptrend,Uptrend,151.69,279.9,129.1,128.94,403.24,495.3,608.38,495.3,226.5,80.7,16.63,11.9,1.99,0.73,9.02,0.0,0.0,260.0,1,none,12.8,15.3,2.03,10.0,0.77,3.83,5.21,12.18,7.73,18.87,16.81,22.83,115.37,15.4,0.15,highly inconsistent earnings,1.0,,1.13,,-301.61,-13.05,39.67,0.0,,4.05,-0.97,5.28,3.1,279.9,129.1,45.8,17.5,-29.25,73.9,0.43,-0.33,4,10.0,15.5,10.0,0.0,35.5,MONITOR ⭐,Expected ~81% CAGR (2yr) | Profit CAGR 23% | ROCE trend rising ↑ | DII buying +3.1% ↑ | PEG 0.73 — undervalued | EV/EBITDA 9× below sector (18×),Pattern still forming (not broken out),3-4 years,Medium-High,"yfinance, screener.in",100,187,,2026-07-11,2026-06-01,40,0.0,5,0.0
VRLLOG,VRL Logistics Limited,Industrials,Trucking,4151.0,Small-Cap,MonthlyDoubleBottom,Forming,1.0,33,Sep 33mo | Mid rally 104% | Asymmetry 1%,MonthlyCupHandle+MonthlyDoubleBottom,Downtrend,False,False,Below-MAs,False,Stage2,4,Uptrend,Uptrend,245.3,200.59,97.85,208.5,350.17,339.9,350.17,350.17,38.6,17.7,17.51,15.23,3.79,,8.13,421.0,25.99,324.5,6,none,21.27,,,13.36,,7.35,9.37,5.7,,,-2.9,,,-2.8,0.5,insufficient history,1.01,,0.49,,159.25,3.84,60.24,0.0,,2.98,-0.77,25.05,1.56,324.5,225.0,24.4,9.0,-4.43,-50.46,0.35,0.02,3,12.0,16.5,7.0,0.0,35.5,MONITOR ⭐,Expected ~18% CAGR (2yr) | Declining profits (-3% CAGR) ⚠️ | ROE 21% | Promoter 60% holding | FCF yield 3.8% | DII buying +1.6% ↑,High D/E 1.0 | Pattern still forming (not broken out),3-4 years,Medium-High,"yfinance, screener.in",70,134,,2026-07-11,2026-06-01,40,0.0,5,0.0
INDGN,INDEGENE LIMITED,Healthcare,Health Information Services,12245.0,Mid-Cap,MonthlyDoubleBottom,Forming,0.458,8,Sep 8mo | Mid rally 52% | Asymmetry 6%,,Sideways,False,False,Below-MAs,True,Stage2,6,Uptrend,Uptrend,511.4,733.84,468.53,445.1,811.58,999.15,1066.98,930.56,95.4,39.8,30.58,19.25,3.89,2.09,17.55,39.0,,595.29,7,buy,14.4,18.8,-7.06,18.0,-0.6,11.43,7.75,23.64,15.03,29.44,-1.47,14.66,21.9,-32.2,0.15,highly inconsistent earnings,0.05,,2.41,,643.81,5.26,,,,10.27,-1.21,8.29,0.23,596.8,414.0,14.3,23.5,-2.99,,0.32,0.73,5,17.0,11.5,5.0,2.0,35.5,MONITOR ⭐,Expected ~40% CAGR (2yr) | Revenue CAGR 15% | Nearly debt-free | Margin compressing ↓ ⚠️ | FCF yield 5.3% | Piotroski F=5 (above average quality),Margin compression ↓ | Pattern still forming (not broken out),3-4 years,Medium-High,"yfinance, screener.in",90,25,,2026-07-11,2026-07-01,10,0.0,1,0.0
INNOVANA,INNOVANA THINKLABS LTD,Technology,Software - Application,673.0,Small-Cap,MonthlyDoubleBottom,Forming,0.536,8,Sep 8mo | Mid rally 57% | Asymmetry 3%,,Sideways,False,False,Below-MAs,True,Downtrend,0,Uptrend,Uptrend,378.6,737.9,462.55,439.42,701.06,1013.25,864.87,778.67,167.6,63.6,18.32,,4.0,1.65,25.0,0.0,-66.67,,0,none,16.0,16.4,-2.4,35.0,1.94,28.83,6.84,28.16,18.66,18.29,-17.78,11.07,18.25,-74.2,0.15,highly inconsistent earnings,0.21,,2.38,,8.88,1.32,72.65,0.0,,1.18,0.07,1.09,0.0,649.5,292.8,41.7,29.3,-23.36,-11.3,0.34,0.19,6,22.0,11.43,2.0,0.0,35.4,MONITOR ⭐,Expected ~64% CAGR (2yr) | Revenue CAGR 19% | Low D/E 0.21 | Promoter 73% holding | OPM 35% | Piotroski F=6 (above average quality),Pattern still forming (not broken out),3-4 years,Medium-High,"yfinance, screener.in",100,102,,2026-07-11,2026-06-01,40,0.0,5,0.0
TCI,Transport Corporation of India Limited,Industrials,Integrated Freight & Logistics,7152.0,Small-Cap,MonthlyDoubleBottom,Forming,0.685,8,Sep 8mo | Mid rally 73% | Asymmetry 4%,,Downtrend,False,False,Below-MAs,False,Stage2,4,Uptrend,Uptrend,877.7,158.85,90.19,746.05,1980.49,1812.41,2517.26,2232.8,106.5,43.7,15.67,13.41,2.78,1.23,13.84,107.0,8.74,1181.83,6,none,19.3,19.5,0.49,11.0,-0.0,9.28,7.78,9.46,9.13,11.9,10.58,12.74,25.12,8.3,0.15,highly inconsistent earnings,0.12,,2.68,,-89.09,-1.25,68.74,0.01,,3.03,-0.07,12.86,0.05,1289.0,868.05,31.9,1.1,-13.99,3.04,0.69,-0.08,4,14.0,11.22,10.0,0.0,35.2,MONITOR ⭐,Expected ~44% CAGR (2yr) | ROCE trend rising ↑ | Low D/E 0.12 | Promoter 69% holding | PEG 1.23 — fair value | EV/EBITDA 14× vs sector 18×,Pattern still forming (not broken out),3-4 years,Medium-High,"yfinance, screener.in",100,287,,2026-07-11,2026-06-01,40,0.0,5,-7.0
ROUTE,Route Mobile Limited,Communication Services,Telecom Services,3487.0,Small-Cap,MonthlyDoubleBottom,Forming,0.389,28,Sep 28mo | Mid rally 40% | Asymmetry 1%,,Sideways,False,False,Below-MAs,True,Downtrend,0,Uptrend,Uptrend,519.7,1886.51,1339.67,1272.69,891.36,2433.35,891.36,891.36,368.2,116.4,14.58,8.97,1.26,,4.16,217.0,-40.16,687.5,4,buy,12.5,17.2,-2.23,12.0,0.11,5.42,7.3,-3.67,7.29,25.68,-23.05,-8.27,14.08,93.2,0.15,highly inconsistent earnings,0.01,,3.85,,662.21,18.99,74.85,0.0,,2.49,-0.24,4.01,-1.97,1028.0,410.7,49.4,26.5,-40.74,-89.1,0.45,0.29,5,16.0,11.17,8.0,0.0,35.2,MONITOR ⭐,Expected ~116% CAGR (2yr) | Declining profits (-8% CAGR) ⚠️ | Nearly debt-free | Promoter 75% holding | FCF yield 19.0% | Piotroski F=5 (above average quality),Pattern still forming (not broken out),3-4 years,Medium-High,"yfinance, screener.in",100,69,,2026-07-11,2026-06-01,40,0.0,5,0.0
DMART,Avenue Supermarts Limited,Consumer Defensive,Discount Stores,260533.0,Large-Cap,MonthlyDoubleBottom,Forming,0.639,24,Sep 24mo | Mid rally 65% | Asymmetry 1%,,Sideways-Above-MA,True,True,Below-MAs,False,Stage2,15,Uptrend,Uptrend,4081.1,5484.85,3292.0,3468.93,1946.39,7677.7,2257.25,2096.06,88.1,37.2,87.71,56.75,10.62,11.41,50.52,0.0,,4566.9,31,hold,13.0,17.2,0.71,8.0,0.14,4.32,9.63,15.94,17.12,23.31,9.72,7.69,22.0,19.2,0.15,highly inconsistent earnings,0.1,,1.98,,-1460.22,-0.56,74.51,-0.14,,9.0,0.29,8.77,-0.06,4949.5,3529.0,17.5,15.6,-13.28,-16.03,0.7,0.19,6,17.0,17.17,0.0,1.0,35.2,MONITOR ⭐,Expected ~37% CAGR (2yr) | Revenue CAGR 17% | ROCE trend rising ↑ | Nearly debt-free | Promoter 75% holding | Piotroski F=6 (above average quality),High PE 88 | Earnings due 2026-07-11 | Pattern still forming (not broken out),3-4 years,Medium-High,"yfinance, screener.in",100,113,2026-07-11,2026-07-11,2026-07-01,10,2.2,1,-8.0
DHARMAJ,Dharmaj Crop Guard Limited,Basic Materials,Agricultural Inputs,880.0,Small-Cap,MonthlyDoubleBottom,Forming,0.842,22,Sep 22mo | Mid rally 91% | Asymmetry 7%,MonthlyDoubleBottom+MonthlyStage2,Sideways-Above-MA,True,False,Below-MAs,False,Stage2,1,Uptrend,Uptrend,260.0,389.65,196.95,221.0,401.03,582.35,530.36,461.18,124.0,49.7,16.1,,1.97,,10.03,0.0,,,0,none,13.0,16.4,4.0,9.0,-0.5,4.8,6.46,19.66,,,57.14,,,,0.15,highly inconsistent earnings,0.29,,1.55,,-30.0,-3.41,70.4,0.0,,3.13,-0.36,0.47,0.0,386.5,210.65,32.7,23.4,-28.3,-4.14,0.24,0.09,5,14.0,19.1,2.0,0.0,35.1,MONITOR ⭐,Expected ~50% CAGR (2yr) | ROCE trend rising ↑ | Low D/E 0.29 | Promoter 70% holding | Piotroski F=5 (above average quality) | MonthlyDoubleBottom forming (22mo base),Pattern still forming (not broken out),3-4 years,Medium-High,"yfinance, screener.in",80,44,,2026-07-11,2026-06-01,40,-2.3,5,-1.0
THOMASCOTT,Thomas Scott (India) Limited,Consumer Cyclical,Textile Manufacturing,486.0,Micro-Cap,MonthlyDoubleBottom,Forming,1.0,21,Sep 21mo | Mid rally 123% | Asymmetry 1%,,Sideways,False,False,Below-MAs,True,Stage2,3,Uptrend,Uptrend,259.9,509.0,227.3,220.91,366.72,790.7,366.72,366.72,204.2,74.4,24.81,,3.44,,15.38,,,,0,none,15.87,,,13.33,,7.57,10.28,63.4,,,-36.7,,,8.0,0.5,insufficient history,0.34,,2.23,,-49.94,-10.28,52.32,0.17,,0.05,0.05,2.45,0.0,459.8,230.0,43.5,13.0,-24.45,278.37,0.78,0.17,3,12.0,19.0,4.0,0.0,35.0,MONITOR ⭐,Expected ~74% CAGR (2yr) | Revenue CAGR 63% | Declining profits (-37% CAGR) ⚠️ | Promoter 52% holding | EV/EBITDA 15× below sector (25×) | MonthlyDoubleBottom forming (21mo base),Pattern still forming (not broken out),3-4 years,Medium-High,"yfinance, screener.in",70,173,,2026-07-11,2026-06-01,40,0.0,5,-5.0
PLATIND,Platinum Industries Limited,Basic Materials,Specialty Chemicals,1279.0,Small-Cap,MonthlyDoubleBottom,Forming,1.0,21,Sep 21mo | Mid rally 184% | Asymmetry 8%,,Sideways,False,False,Below-MAs,True,Stage2,1,Uptrend,Uptrend,225.04,502.05,169.7,191.28,226.25,834.4,275.3,249.57,270.8,92.6,23.7,,2.79,2.3,18.68,0.0,,,0,none,12.7,15.7,-20.0,13.0,0.66,11.54,6.62,14.8,24.89,38.28,2.0,10.31,59.12,136.9,0.15,highly inconsistent earnings,0.02,,4.17,,-37.39,-2.92,70.03,0.0,,0.59,-0.03,3.6,0.65,342.4,183.5,34.3,22.6,-10.43,,0.47,0.55,4,17.0,19.0,-1.0,0.0,35.0,MONITOR ⭐,Expected ~93% CAGR (2yr) | Revenue CAGR 25% | Nearly debt-free | Promoter 70% holding | DII buying +0.7% ↑ | MonthlyDoubleBottom forming (21mo base),Pattern still forming (not broken out),3-4 years,Medium-High,"yfinance, screener.in",90,27,,2026-07-11,2026-06-01,40,0.0,5,0.0
REDTAPE,REDTAPE Limited,Consumer Cyclical,Footwear & Accessories,7694.0,Small-Cap,None,,0.0,0,,,Sideways-Above-MA,True,True,Constructive,True,Stage2,3,Uptrend,Uptrend,128.39,,,109.13,214.16,255.45,304.7,255.45,99.0,41.1,31.92,,7.56,1.66,24.26,144.0,,,0,none,26.6,24.1,-4.6,14.0,-0.4,9.95,7.16,19.69,18.11,,41.76,19.28,,69.5,0.15,highly inconsistent earnings,0.7,,1.56,,-100.47,-1.31,71.83,0.04,,3.81,-0.07,11.01,0.13,163.5,107.53,21.5,19.4,6.12,,,0.12,4,19.0,9.0,4.0,3.0,35.0,MONITOR ⭐,Expected ~41% CAGR (2yr) | Revenue CAGR 18% | ROE 27% | ROCE 24% | Promoter 72% holding | Weekly volume expanding,None identified,3-4 years,Medium-High,"yfinance, screener.in",100,34,,2026-07-11,2026-06-01,40,0.0,1,0.0
UNITDSPR,UNITED SPIRITS LIMITED,Consumer Defensive,Beverages - Wineries & Distilleries,101349.0,Large-Cap,None,,0.0,0,,,Downtrend,False,False,Below-MAs,False,Stage2,15,Uptrend,Uptrend,1304.9,,,1109.16,1165.85,1422.4,1616.18,1372.67,9.0,4.4,57.81,45.5,11.05,3.26,42.09,122.0,14.47,1497.0,26,buy,21.4,27.5,2.17,18.0,1.11,14.74,9.01,3.3,5.52,8.92,16.18,17.74,38.4,28.0,0.15,highly inconsistent earnings,0.05,,2.05,,618.38,0.61,56.68,0.0,,14.41,0.28,15.36,0.0,1488.0,1210.8,12.3,7.8,0.06,,,0.2,6,28.0,3.0,1.0,3.0,35.0,MONITOR ⭐,Expected ~4% CAGR (2yr) | ROE 21% | ROCE 28% | ROCE trend rising ↑ | Nearly debt-free | Promoter 57% holding,High PE 58 | Earnings due 2026-08-13,3-4 years,Medium-High,"yfinance, screener.in",100,25,2026-08-13,2026-07-11,2026-06-15,26,0.0,3,-1.0
