Stock,Company_Name,Sector,Industry,Market_Cap_Cr,Cap_Class,Monthly_Pattern,Monthly_Pattern_Status,Monthly_Pattern_Quality,Monthly_Pattern_Duration_Mo,Monthly_Pattern_Details,Converging_Signals,Weekly_Trend,Weekly_Above_40MA,Weekly_Volume_Expanding,Daily_Setup,Daily_Above_50MA,Sector_Trend,Sector_Stage2_Age_Mo,Index_Regime,Nifty_Monthly_Trend,CMP,Breakout_Zone,Pattern_Bottom,Stop_Loss,Target_1yr,Target_2yr,Target_3yr,Fair_Value_Estimate,Upside_Potential_Pct,Expected_CAGR_2yr_Pct,PE_Ratio,Forward_PE,PB_Ratio,PEG_Ratio,EV_EBITDA,Dividend_Yield_Pct,Dividend_Growth_3yr_Pct,Analyst_Target,Analyst_Count,Analyst_Recommendation,ROE_Pct,ROCE_Pct,ROCE_Trend,Operating_Margin_Pct,OPM_Trend,Net_Margin_Pct,Return_on_Assets_Pct,Revenue_Growth_TTM_Pct,Revenue_Growth_3yr_CAGR,Revenue_Growth_5yr_CAGR,Profit_Growth_TTM_Pct,Profit_Growth_3yr_CAGR,Profit_Growth_5yr_CAGR,EPS_Growth_Quarterly_Pct,EPS_Consistency_Score,EPS_Consistency_Desc,Debt_to_Equity,DE_Trend,Current_Ratio,Interest_Coverage,Free_Cashflow_Cr,FCF_Yield_Pct,Promoter_Holding_Pct,Promoter_Change_QoQ,Promoter_Pledge_Pct,FII_Holding_Pct,FII_Change_QoQ,DII_Holding_Pct,DII_Change_QoQ,52wk_High,52wk_Low,Dist_From_52wk_High_Pct,Dist_From_52wk_Low_Pct,RS_vs_Nifty_1yr_Pct,RS_vs_Nifty_3yr_Pct,Monthly_Vol_Surge,Beta,Piotroski_F_Score,Fundamental_Score_40,Technical_Score_30,Valuation_Score_20,Momentum_Score_10,Overall_Score_100,Rating_Grade,Why_Buy,Key_Risks,Investment_Horizon,Risk_Level,Data_Sources,Data_Quality_Pct,Monthly_Bars,Next_Earnings,Scan_Date,First_Seen_Date,Days_On_Watchlist,Price_Change_Since_First_Pct,Times_Scanned,Score_vs_First
SEAMECLTD,Seamec Limited,Industrials,Marine Shipping,4040.0,Small-Cap,MonthlyStage2,Stage Change,1.0,24,10-EMA=1359 | 30-EMA=1159 | Above by 40.1% | MA turning=Yes,MonthlyCupHandle+MonthlyDoubleBottom+MonthlyStage2,Uptrend,True,False,Tight-Above-MAs,True,Stage2,4,Uptrend,Uptrend,1623.5,1159.11,796.15,1379.97,7129.55,13937.56,27246.53,13937.56,758.5,193.0,16.03,,3.09,0.17,10.49,0.0,0.0,,0,none,21.8,20.0,2.03,42.0,2.06,26.39,9.36,46.01,29.63,29.94,188.64,95.49,20.74,140.8,0.15,highly inconsistent earnings,0.27,,1.89,,-201.82,-5.0,72.72,0.0,,3.73,0.37,4.49,0.41,1709.2,752.55,5.0,115.7,108.54,102.06,0.47,0.09,6,35.0,28.5,12.0,8.0,83.5,STRONG BUY ⭐⭐⭐⭐⭐,Expected ~193% CAGR (2yr) | Revenue CAGR 30% | Profit CAGR 95% | ROE 22% | ROCE trend rising ↑ | Low D/E 0.27,None identified,1-3 years,Low-Medium,"yfinance, screener.in",100,288,,2026-06-20,2026-06-01,19,4.0,3,0.5
JINDRILL,Jindal Drilling & Industries Limited,Energy,Oil & Gas Equipment & Services,1738.0,Small-Cap,MonthlyDoubleBottom,Forming,1.0,21,Sep 21mo | Mid rally 456% | Asymmetry 0%,MonthlyDoubleBottom+MonthlyStage2,Uptrend,True,False,Constructive,True,Stage2,1,Uptrend,Uptrend,655.45,1032.12,185.38,557.13,1852.72,2400.57,3110.42,2400.57,266.2,91.4,8.25,,0.95,0.28,4.21,17.0,25.99,,0,none,12.5,15.4,2.69,35.0,3.43,21.13,4.92,20.41,24.87,20.16,-2.31,29.57,25.42,-36.6,0.15,highly inconsistent earnings,0.05,,1.58,,130.28,7.5,66.78,0.34,,0.62,-0.23,0.0,0.0,693.5,440.1,5.5,48.9,10.86,69.85,8.92,-0.36,7,40.0,25.0,14.0,4.0,83.0,STRONG BUY ⭐⭐⭐⭐⭐,Expected ~91% CAGR (2yr) | Revenue CAGR 25% | Profit CAGR 30% | ROCE trend rising ↑ | Nearly debt-free | Promoter 67% holding,Pattern still forming (not broken out),1-3 years,Low-Medium,"yfinance, screener.in",100,261,,2026-06-20,2026-06-01,19,0.0,3,0.0
LUPIN,Lupin Limited,Healthcare,Drug Manufacturers - Specialty & Generic,104857.0,Large-Cap,MonthlyDoubleBottom,Forming,0.974,41,Sep 41mo | Mid rally 98% | Asymmetry 1%,,Sideways-Above-MA,True,True,Constructive,False,Stage2,5,Uptrend,Uptrend,2287.4,1234.32,618.72,1944.29,13948.22,20121.33,72916.05,31891.2,779.7,196.6,19.68,22.52,4.67,0.15,12.53,52.0,44.22,2466.51,37,buy,29.1,30.3,5.69,32.0,4.29,19.07,12.76,23.12,18.88,13.02,61.98,128.64,54.16,89.0,0.15,highly inconsistent earnings,0.29,,1.9,,4926.22,4.7,46.85,-0.04,,21.7,0.2,25.32,-0.26,2494.0,1836.8,8.3,24.5,26.48,134.47,1.09,0.19,7,40.0,22.19,13.0,6.0,81.2,STRONG BUY ⭐⭐⭐⭐⭐,Expected ~197% CAGR (2yr) | Revenue CAGR 19% | Profit CAGR 129% | ROE 29% | ROCE 30% | ROCE trend rising ↑,Earnings due 2026-08-05 | Pattern still forming (not broken out),1-3 years,Low-Medium,"yfinance, screener.in",100,297,2026-08-05,2026-06-20,2026-06-01,19,0.0,3,0.0
NAM-INDIA,Nippon Life India Asset Management Limited,Financial Services,Asset Management,69570.0,Large-Cap,MonthlyDoubleBottom,Forming,1.0,36,Sep 36mo | Mid rally 133% | Asymmetry 3%,,Uptrend,True,False,Tight-Above-MAs,True,Stage2,12,Uptrend,Uptrend,1082.2,412.28,174.58,919.87,651.01,939.52,1072.62,835.64,,,46.09,32.83,14.89,1.63,34.24,197.0,18.22,1095.35,23,buy,34.5,43.8,3.06,66.0,0.69,52.14,25.08,7.59,21.46,13.81,18.9,28.36,17.59,28.8,0.15,highly inconsistent earnings,0.02,,4.2,,1302.41,1.87,71.93,-0.12,,7.35,-0.55,14.77,0.94,1144.4,721.0,5.4,50.1,46.1,289.82,0.71,0.59,7,40.0,28.5,2.0,10.0,80.5,STRONG BUY ⭐⭐⭐⭐⭐,Revenue CAGR 21% | Profit CAGR 28% | ROE 34% | ROCE 44% | ROCE trend rising ↑ | Nearly debt-free,Pattern still forming (not broken out),1-3 years,Low-Medium,"yfinance, screener.in",100,103,,2026-06-20,2026-06-01,19,0.0,3,0.0
DEEPINDS,Deep Industries Limited,Energy,Oil & Gas E&P,3171.0,Small-Cap,MonthlyStage2,Stage Change,1.0,24,10-EMA=456 | 30-EMA=404 | Above by 22.5% | MA turning=Yes,,Uptrend,True,False,Tight-Above-MAs,True,Stage2,1,Uptrend,Uptrend,495.4,404.34,311.0,421.09,708.47,990.94,1386.02,990.94,100.0,41.4,17.6,8.4,1.59,0.44,9.28,62.0,48.84,650.0,1,none,19.4,16.5,2.83,40.0,0.23,20.2,7.42,54.69,37.73,35.65,349.37,39.87,44.75,,0.15,highly inconsistent earnings,0.1,,2.69,,41.62,1.31,63.49,0.0,,1.81,0.1,1.13,0.03,578.0,330.0,14.3,50.1,8.9,108.61,0.81,-0.63,7,40.0,28.5,9.0,3.0,80.5,STRONG BUY ⭐⭐⭐⭐⭐,Expected ~41% CAGR (2yr) | Revenue CAGR 38% | Profit CAGR 40% | ROCE trend rising ↑ | Nearly debt-free | Promoter 63% holding,None identified,1-3 years,Low-Medium,"yfinance, screener.in",100,63,,2026-06-20,2026-06-01,19,4.5,3,2.0
DSSL,Dynacons Systems & Solutions Limited,Technology,Information Technology Services,1636.0,Small-Cap,MonthlyStage2,Stage Change,1.0,24,10-EMA=1142 | 30-EMA=1009 | Above by 27.3% | MA turning=Yes,MonthlyDoubleBottom+MonthlyStage2,Uptrend,True,False,Tight-Above-MAs,True,Downtrend,0,Uptrend,Uptrend,1284.1,1008.84,784.85,1091.48,3069.36,4207.48,5767.62,4207.48,227.7,81.0,19.27,,5.17,0.52,12.02,4.0,0.0,,0,none,31.0,29.8,2.31,10.0,1.14,5.95,9.18,12.39,20.99,26.71,18.06,37.08,56.69,3.9,0.4,lumpy earner,0.75,,1.35,,13.4,0.82,60.89,-0.06,,0.37,0.03,0.3,0.04,1924.8,781.0,33.3,64.4,33.15,101.16,0.81,0.71,6,37.0,27.5,10.0,6.0,80.5,STRONG BUY ⭐⭐⭐⭐⭐,Expected ~81% CAGR (2yr) | Revenue CAGR 21% | Profit CAGR 37% | ROE 31% | ROCE 30% | ROCE trend rising ↑,None identified,2-3 years,Medium,"yfinance, screener.in",100,222,,2026-06-20,2026-06-01,19,-17.0,3,4.5
THANGAMAYL,Thangamayil Jewellery Limited,Consumer Cyclical,Luxury Goods,17029.0,Mid-Cap,MonthlyDoubleBottom,Forming,0.991,8,Sep 8mo | Mid rally 109% | Asymmetry 10%,,Uptrend,True,True,Uptrend,True,Stage2,3,Uptrend,Uptrend,3653.1,230.34,105.16,3105.13,20458.17,57317.55,415936.79,92245.91,1469.0,296.1,48.31,35.41,14.59,0.14,31.1,33.0,37.16,4925.0,3,none,27.93,,,7.11,,4.14,10.28,105.6,,,350.9,,,354.3,0.5,insufficient history,0.65,,1.54,,203.12,1.19,61.61,0.05,,4.37,-0.33,17.41,0.79,5764.2,1750.1,36.6,108.7,105.19,366.38,1.12,0.57,5,34.0,24.89,11.0,10.0,79.9,BUY ⭐⭐⭐⭐,Expected ~296% CAGR (2yr) | Revenue CAGR 106% | Profit CAGR 351% | ROE 28% | Promoter 62% holding | Piotroski F=5 (above average quality),Pattern still forming (not broken out),2-3 years,Medium,"yfinance, screener.in",70,196,,2026-06-20,2026-06-01,19,0.0,3,-2.0
NATIONALUM,National Aluminium Company Limited,Basic Materials,Aluminum,69213.0,Large-Cap,MonthlyDoubleBottom,Forming,0.971,11,Sep 11mo | Mid rally 98% | Asymmetry 1%,,Sideways-Above-MA,True,False,Constructive,False,Stage2,1,Uptrend,Uptrend,398.95,109.96,55.48,339.11,1217.44,1327.03,3087.88,1938.89,232.6,82.4,11.27,10.0,3.2,0.19,7.63,212.0,5.73,409.25,12,hold,29.4,39.6,4.8,44.0,4.69,32.49,18.2,6.28,7.77,14.78,10.04,59.26,34.87,-16.7,0.15,highly inconsistent earnings,0.0,,3.6,,3402.6,4.92,51.28,0.0,,22.27,2.6,10.75,-1.6,445.15,179.93,10.4,121.7,124.1,428.71,0.39,0.58,6,40.0,20.65,12.0,7.0,79.6,BUY ⭐⭐⭐⭐,Expected ~82% CAGR (2yr) | Profit CAGR 59% | ROE 29% | ROCE 40% | ROCE trend rising ↑ | Nearly debt-free,Earnings due 2026-07-30 | Pattern still forming (not broken out),1-3 years,Low-Medium,"yfinance, screener.in",100,326,2026-07-30,2026-06-20,2026-06-01,19,0.0,3,-3.0
STOVEKRAFT,Stove Kraft Limited,Consumer Cyclical,"Furnishings, Fixtures & Appliances",2172.0,Small-Cap,MonthlyDoubleBottom,Forming,1.0,24,Sep 24mo | Mid rally 128% | Asymmetry 10%,,Sideways-Above-MA,True,False,Constructive,True,Stage2,3,Uptrend,Uptrend,540.5,971.26,406.6,459.43,2603.15,6756.83,45027.38,10826.49,1150.1,253.6,51.81,28.45,4.39,0.16,13.58,53.0,20.0,652.33,3,none,67.5,31.8,7.4,13.0,2.86,2.61,4.55,28.21,17.91,11.48,2600.0,,,317.9,0.2,multiple loss years in history,0.23,,0.97,,141.1,6.5,55.79,0.0,,0.81,-0.06,7.97,-0.37,813.95,447.05,33.6,20.9,-1.35,2.18,1.15,0.43,6,40.0,22.5,16.0,1.0,79.5,BUY ⭐⭐⭐⭐,Expected ~254% CAGR (2yr) | Revenue CAGR 18% | Profit CAGR 316% | ROE 68% | ROCE 32% | ROCE trend rising ↑,High PE 52 | Pattern still forming (not broken out),1-3 years,Low-Medium,"yfinance, screener.in",90,64,,2026-06-20,2026-06-01,19,0.0,3,0.0
NATCOPHARM,NATCO Pharma Limited,Healthcare,Drug Manufacturers - Specialty & Generic,15473.0,Mid-Cap,MonthlyStage2,Stage Change,1.0,24,10-EMA=985 | 30-EMA=956 | Above by 18.3% | MA turning=Yes,MonthlyCupHandle+MonthlyDoubleBottom+MonthlyStage2,Uptrend,True,False,Uptrend,True,Stage2,5,Uptrend,Uptrend,1130.9,956.11,764.93,961.27,6230.65,5105.4,9835.33,7828.18,351.4,112.5,10.91,18.86,1.79,0.43,9.78,75.0,-45.95,1021.22,9,hold,16.9,17.1,3.4,35.0,4.06,34.78,7.8,-7.95,14.64,14.72,-24.69,25.64,26.26,-34.1,0.15,highly inconsistent earnings,0.08,,3.01,,820.65,5.3,49.41,-0.07,,17.37,2.21,5.46,0.07,1226.8,789.0,7.8,43.3,30.47,43.98,0.36,0.19,7,35.0,26.5,12.0,6.0,79.5,BUY ⭐⭐⭐⭐,Expected ~112% CAGR (2yr) | Profit CAGR 26% | ROCE trend rising ↑ | Nearly debt-free | OPM 35% | FCF yield 5.3%,Earnings due 2026-08-12,1-3 years,Low-Medium,"yfinance, screener.in",100,365,2026-08-12,2026-06-20,2026-06-01,19,0.0,3,1.0
MCX,Multi Commodity Exchange of India Limited,Financial Services,Financial Data & Stock Exchanges,72613.0,Large-Cap,MonthlyDoubleBottom,Forming,0.968,25,Sep 25mo | Mid rally 104% | Asymmetry 7%,,Uptrend,True,False,Uptrend,True,Stage2,12,Uptrend,Uptrend,3414.7,251.5,119.52,2902.49,2801.3,4890.36,12066.01,5813.82,43.2,19.7,54.64,34.01,17.26,0.51,38.8,21.0,19.91,3505.17,12,none,56.3,71.4,10.17,71.0,4.26,54.82,17.92,106.83,64.83,42.56,137.86,107.54,42.71,291.1,0.15,highly inconsistent earnings,0.0,,1.31,,2811.41,3.87,,,,26.07,5.43,54.35,-4.81,3480.0,1460.8,1.9,133.8,99.34,1033.5,0.58,0.59,6,40.0,26.12,6.0,7.0,79.1,BUY ⭐⭐⭐⭐,Expected ~20% CAGR (2yr) | Revenue CAGR 65% | Profit CAGR 108% | ROE 56% | ROCE 71% | ROCE trend rising ↑,High PE 55 | Earnings due 2026-07-30 | Pattern still forming (not broken out),1-3 years,Low-Medium,"yfinance, screener.in",90,171,2026-07-30,2026-06-20,2026-06-01,19,0.0,3,0.0
RRKABEL,R R Kabel Limited,Industrials,Electrical Equipment & Parts,24524.0,Mid-Cap,MonthlyStage2,Breaking Out,1.0,24,10-EMA=1502 | 30-EMA=1429 | Above by 34.3% | MA turning=Yes,,Uptrend,True,True,Tight-Above-MAs,True,Stage2,4,Uptrend,Uptrend,1918.9,1428.79,885.37,1631.07,1906.67,2392.02,3595.37,2618.25,24.7,11.6,49.75,32.13,9.53,1.33,31.54,51.0,36.36,2052.67,12,strong_buy,21.4,28.1,2.2,8.0,-0.2,5.06,10.62,27.62,20.19,28.98,57.69,37.32,29.52,32.2,0.15,highly inconsistent earnings,0.13,,1.65,,-191.92,-0.78,61.65,0.0,,9.1,0.7,13.33,-0.61,2239.8,1165.0,14.3,64.7,50.79,,2.07,1.54,5,35.0,30.0,4.0,10.0,79.0,BUY ⭐⭐⭐⭐,Expected ~12% CAGR (2yr) | Revenue CAGR 20% | Profit CAGR 37% | ROE 21% | ROCE 28% | ROCE trend rising ↑,None identified,1-3 years,Low-Medium,"yfinance, screener.in",100,33,,2026-06-20,2026-06-01,19,0.0,3,0.0
TIPSMUSIC,Tips Music Limited,Communication Services,Entertainment,8184.0,Mid-Cap,MonthlyStage2,Stage Change,1.0,24,10-EMA=584 | 30-EMA=532 | Above by 22.5% | MA turning=Yes,MonthlyCupHandle+MonthlyStage2,Uptrend,True,False,Tight-Above-MAs,True,Downtrend,0,Uptrend,Uptrend,651.65,532.13,394.42,553.9,1002.65,1461.81,3754.14,1940.13,124.3,49.8,37.73,27.64,31.48,0.4,29.12,250.0,12.62,744.33,3,none,92.33,,,73.42,,57.72,48.7,32.4,,,93.5,,,92.9,0.5,insufficient history,0.02,,3.12,,174.48,2.13,64.15,0.0,,7.48,0.14,4.94,-0.03,726.75,481.15,10.3,35.4,6.91,134.33,0.53,0.25,5,40.0,27.5,8.0,3.0,78.5,BUY ⭐⭐⭐⭐,Expected ~50% CAGR (2yr) | Revenue CAGR 32% | Profit CAGR 94% | ROE 92% | Nearly debt-free | Promoter 64% holding,None identified,1-3 years,Low-Medium,"yfinance, screener.in",70,287,,2026-06-20,2026-06-01,19,0.0,3,0.0
KIRLPNU,Kirloskar Pneumatic Company Limited,Industrials,Specialty Industrial Machinery,10432.0,Mid-Cap,MonthlyStage2,Stage Change,1.0,24,10-EMA=1275 | 30-EMA=1142 | Above by 38.5% | MA turning=Yes,MonthlyCupHandle+MonthlyDoubleBottom+MonthlyStage2,Uptrend,True,True,Tight-Above-MAs,True,Stage2,4,Uptrend,Uptrend,1581.5,1141.5,988.59,1344.27,3370.99,5576.93,19684.81,8146.0,252.6,87.8,40.81,31.0,8.35,0.29,27.95,62.0,5.27,1723.33,3,none,21.8,28.5,-3.37,19.0,1.46,14.33,11.95,8.96,59.43,27.14,20.38,141.65,38.97,79.8,0.15,highly inconsistent earnings,0.0,,2.65,,118.68,1.14,38.81,-0.01,,9.56,2.83,26.53,-1.71,1705.0,990.1,7.2,59.7,20.18,125.03,1.01,0.56,6,36.0,28.5,8.0,6.0,78.5,BUY ⭐⭐⭐⭐,Expected ~88% CAGR (2yr) | Revenue CAGR 59% | Profit CAGR 142% | ROE 22% | ROCE 28% | Nearly debt-free,None identified,1-3 years,Low-Medium,"yfinance, screener.in",100,38,,2026-06-20,2026-06-01,19,0.0,3,2.0
SKYGOLD,Sky Gold and Diamonds Limited,Consumer Cyclical,Luxury Goods,7882.0,Small-Cap,MonthlyDoubleBottom,Forming,0.372,13,Sep 13mo | Mid rally 40% | Asymmetry 2%,,Uptrend,True,True,Uptrend,True,Stage2,3,Uptrend,Uptrend,535.9,402.85,285.0,455.51,2805.51,4375.66,16943.32,6894.54,716.5,185.7,28.17,16.63,6.58,0.19,19.63,0.0,,597.33,3,none,29.2,27.0,3.3,7.0,1.1,4.37,14.83,77.42,76.03,,112.03,145.75,,120.8,0.4,lumpy earner,0.72,,1.89,,137.76,1.75,51.74,0.0,,1.2,0.42,13.14,1.48,590.0,246.05,9.2,117.8,90.15,1890.51,0.73,0.15,5,40.0,17.96,12.0,8.0,78.0,BUY ⭐⭐⭐⭐,Expected ~186% CAGR (2yr) | Revenue CAGR 76% | Profit CAGR 146% | ROE 29% | ROCE 27% | ROCE trend rising ↑,Pattern still forming (not broken out),2-3 years,Medium,"yfinance, screener.in",100,42,,2026-06-20,2026-06-01,19,16.9,3,-5.0
VENUSREM,Venus Remedies Limited,Healthcare,Drug Manufacturers - Specialty & Generic,2406.0,Small-Cap,MonthlyDoubleBottom,Forming,0.723,8,Sep 8mo | Mid rally 76% | Asymmetry 3%,,Uptrend,True,True,Uptrend,True,Stage2,5,Uptrend,Uptrend,1005.2,592.69,331.51,854.42,3529.06,5514.15,8615.86,5514.15,448.6,134.2,23.37,,4.04,0.42,15.7,56.0,0.0,,0,none,16.8,21.7,2.29,19.0,1.26,13.35,9.69,20.31,11.73,7.2,128.89,56.25,10.69,126.4,0.15,highly inconsistent earnings,0.02,,2.44,,93.44,3.88,41.76,0.0,,2.8,0.55,1.2,0.17,1800.8,416.0,44.2,141.6,126.98,272.64,0.45,0.3,7,35.0,21.68,11.0,10.0,77.7,BUY ⭐⭐⭐⭐,Expected ~134% CAGR (2yr) | Profit CAGR 56% | ROCE 22% | ROCE trend rising ↑ | Nearly debt-free | FCF yield 3.9%,Pattern still forming (not broken out),1-3 years,Low-Medium,"yfinance, screener.in",100,234,,2026-06-20,2026-06-01,19,0.0,3,-3.0
WELCORP,Welspun Corp Limited,Basic Materials,Steel,36979.0,Large-Cap,MonthlyDoubleBottom,Forming,1.0,48,Sep 48mo | Mid rally 1092% | Asymmetry 0%,,Uptrend,True,True,Tight-Above-MAs,True,Stage2,1,Uptrend,Uptrend,1280.7,430.46,36.1,1088.6,2426.32,3543.29,9819.18,4881.04,176.7,66.3,22.94,15.46,4.52,0.23,16.02,36.0,0.0,1536.67,6,none,19.4,22.9,1.51,13.0,0.83,9.62,6.59,19.97,19.78,18.58,-14.83,101.17,14.39,-47.0,0.15,highly inconsistent earnings,0.25,,1.33,,151.7,0.41,49.73,0.0,,11.23,-0.22,21.49,0.94,1427.0,710.0,10.3,80.4,46.99,384.74,0.55,0.5,6,30.0,28.5,9.0,10.0,77.5,BUY ⭐⭐⭐⭐,Expected ~66% CAGR (2yr) | Revenue CAGR 20% | Profit CAGR 101% | ROCE 23% | ROCE trend rising ↑ | Low D/E 0.25,Pattern still forming (not broken out),1-3 years,Low-Medium,"yfinance, screener.in",100,312,,2026-06-20,2026-06-01,19,0.0,3,0.0
LUMAXTECH,Lumax Auto Technologies Limited,Consumer Cyclical,Auto Parts,11137.0,Mid-Cap,MonthlyDoubleBottom,Forming,1.0,33,Sep 33mo | Mid rally 205% | Asymmetry 2%,,Sideways-Above-MA,True,False,Constructive,False,Stage2,3,Uptrend,Uptrend,1626.1,194.78,63.18,1382.18,3378.84,3752.34,7084.43,4892.56,130.8,51.9,40.0,25.6,9.2,0.89,22.6,32.0,16.26,2042.0,5,strong_buy,26.8,21.4,1.4,14.0,1.03,5.43,,33.9,38.15,34.46,47.16,44.8,45.89,84.0,1.0,steady compounder (low CV),0.87,,,,,,55.98,0.0,,8.38,0.38,16.81,0.29,1898.0,954.1,14.3,70.4,46.64,349.82,0.45,0.42,3,36.0,22.5,11.0,8.0,77.5,BUY ⭐⭐⭐⭐,Expected ~52% CAGR (2yr) | Revenue CAGR 38% | Profit CAGR 45% | ROE 27% | ROCE 21% | ROCE trend rising ↑,Pattern still forming (not broken out),2-3 years,Medium,"yfinance, screener.in",80,233,,2026-06-20,2026-06-01,19,0.0,3,1.0
SANGHVIMOV,Sanghvi Movers Limited,Industrials,Rental & Leasing Services,3359.0,Small-Cap,MonthlyStage2,Stage Change,1.0,24,10-EMA=334 | 30-EMA=324 | Above by 29.2% | MA turning=Yes,MonthlyDoubleBottom+MonthlyStage2,Uptrend,True,True,Tight-Above-MAs,True,Stage2,4,Uptrend,Uptrend,418.95,324.33,209.13,356.11,1533.01,2838.06,5254.11,2838.06,577.4,160.3,18.21,,2.56,0.21,9.54,52.0,58.74,,0,none,15.5,16.7,2.0,37.0,-0.3,17.22,8.16,36.83,47.27,,17.2,85.13,,27.8,0.15,highly inconsistent earnings,0.51,,1.77,,-221.36,-6.59,47.25,0.0,,1.48,0.02,1.3,-0.1,411.9,223.8,-1.7,87.2,59.97,14.9,0.41,0.97,5,29.0,28.5,12.0,8.0,77.5,BUY ⭐⭐⭐⭐,Expected ~160% CAGR (2yr) | Revenue CAGR 47% | Profit CAGR 85% | ROCE trend rising ↑ | OPM 37% | Piotroski F=5 (above average quality),None identified,2-3 years,Medium,"yfinance, screener.in",100,234,,2026-06-20,2026-06-01,19,30.8,3,11.1
GOKULAGRO,Gokul Agro Resources Limited,Consumer Defensive,Packaged Foods,6878.0,Small-Cap,MonthlyDoubleBottom,Forming,0.42,10,Sep 10mo | Mid rally 42% | Asymmetry 0%,,Uptrend,True,False,Constructive,False,Stage2,15,Uptrend,Uptrend,233.07,67.5,47.4,198.11,977.7,1377.29,1940.19,1377.29,490.9,143.1,18.62,,4.84,0.46,10.05,0.0,,,0,none,30.0,36.7,2.09,3.0,0.23,1.54,8.6,23.15,30.88,23.53,50.0,40.87,52.32,144.8,0.15,highly inconsistent earnings,0.41,,1.23,,420.05,6.11,74.24,0.0,,1.51,-0.07,0.09,0.08,249.92,137.38,6.7,69.7,54.29,279.85,0.14,-0.1,5,40.0,17.04,12.0,8.0,77.0,BUY ⭐⭐⭐⭐,Expected ~143% CAGR (2yr) | Revenue CAGR 31% | Profit CAGR 41% | ROE 30% | ROCE 37% | ROCE trend rising ↑,Pattern still forming (not broken out),2-3 years,Medium,"yfinance, screener.in",100,124,,2026-06-20,2026-06-01,19,-1.6,3,-3.0
ZYDUSLIFE,Zydus Lifesciences Limited,Healthcare,Drug Manufacturers - Specialty & Generic,111159.0,Large-Cap,MonthlyDoubleBottom,Forming,1.0,8,Sep 8mo | Mid rally 1741% | Asymmetry 1%,MonthlyCupHandle+MonthlyDoubleBottom,Uptrend,True,True,Constructive,True,Stage2,5,Uptrend,Uptrend,1018.9,64.09,3.47,866.06,3260.06,3063.34,5923.87,4394.56,200.7,73.4,22.08,23.68,4.39,0.63,16.38,9.0,63.86,1066.5,30,hold,21.2,21.2,2.14,31.0,2.14,18.57,8.07,16.81,16.35,12.45,9.65,34.8,18.59,8.7,0.15,highly inconsistent earnings,0.42,,1.27,,1331.01,1.2,75.0,0.0,,6.95,-0.11,11.2,0.12,1119.8,835.5,9.0,22.0,11.82,56.13,1.11,0.4,6,37.0,24.0,10.0,6.0,77.0,BUY ⭐⭐⭐⭐,Expected ~73% CAGR (2yr) | Revenue CAGR 16% | Profit CAGR 35% | ROE 21% | ROCE 21% | ROCE trend rising ↑,Earnings due 2026-08-12 | Pattern still forming (not broken out),2-3 years,Medium,"yfinance, screener.in",100,314,2026-08-12,2026-06-20,2026-06-01,19,0.0,3,0.0
ASHIANA,Ashiana Housing Limited,Real Estate,Real Estate - Development,3618.0,Small-Cap,MonthlyStage2,Stage Change,1.0,24,10-EMA=326 | 30-EMA=299 | Above by 20.5% | MA turning=Yes,MonthlyCupHandle+MonthlyDoubleBottom+MonthlyStage2,Uptrend,True,False,Uptrend,True,Stage2,3,Uptrend,Uptrend,359.95,298.62,263.99,305.96,697.23,1126.23,1819.2,1126.23,212.9,76.9,30.02,20.93,3.99,0.49,16.24,69.0,25.99,,0,none,14.5,14.4,2.54,11.0,2.26,9.93,2.58,116.07,40.74,36.41,555.56,61.53,53.16,3.2,0.15,highly inconsistent earnings,0.38,,1.33,,469.96,12.99,61.11,0.0,,8.29,0.39,8.07,0.01,389.4,269.45,7.6,33.6,19.28,58.08,0.28,,5,36.0,26.5,10.0,4.0,76.5,BUY ⭐⭐⭐⭐,Expected ~77% CAGR (2yr) | Revenue CAGR 41% | Profit CAGR 62% | ROCE trend rising ↑ | Promoter 61% holding | FCF yield 13.0%,None identified,2-3 years,Medium,"yfinance, screener.in",100,181,,2026-06-20,2026-06-01,19,-1.2,3,-2.0
KERNEX,Kernex Microsystems (India) Limited,Technology,Software - Application,3349.0,Small-Cap,MonthlyStage2,Stage Change,1.0,24,10-EMA=1163 | 30-EMA=944 | Above by 43.5% | MA turning=Yes,MonthlyDoubleBottom+MonthlyStage2,Uptrend,True,False,Tight-Above-MAs,True,Downtrend,0,Uptrend,Uptrend,1354.0,943.72,396.3,1150.9,3703.83,11422.6,35227.29,11422.6,743.6,190.5,37.88,,13.48,0.18,23.38,0.0,0.0,,0,none,43.5,47.8,9.51,35.0,24.6,20.53,15.46,126.32,375.48,88.64,76.0,208.4,,109.5,0.2,multiple loss years in history,0.66,,1.31,,-131.54,-3.93,28.85,-0.04,,0.3,0.23,0.02,-0.05,2000.0,850.0,32.3,59.3,21.79,255.02,1.06,0.08,4,33.0,27.5,8.0,8.0,76.5,BUY ⭐⭐⭐⭐,Expected ~190% CAGR (2yr) | Revenue CAGR 375% | Profit CAGR 208% | ROE 44% | ROCE 48% | ROCE trend rising ↑,None identified,2-3 years,Medium,"yfinance, screener.in",100,246,,2026-06-20,2026-06-01,19,0.0,3,0.0
CONSOFINVT,Consolidated Finvest & Holdings Limited,Financial Services,Capital Markets,715.0,Small-Cap,MonthlyDoubleBottom,Forming,1.0,40,Sep 40mo | Mid rally 321% | Asymmetry 7%,MonthlyDoubleBottom+MonthlyStage2,Sideways-Above-MA,True,False,Constructive,False,Stage2,12,Uptrend,Uptrend,221.32,81.04,18.57,188.12,781.87,1446.93,2677.69,1446.93,553.8,155.7,11.31,,0.62,0.13,11.58,51.0,33.9,,0,none,33.6,34.5,,99.18,,86.77,3.22,-87.62,17.57,-0.75,1.58,85.06,53.39,-40.0,0.2,multiple loss years in history,,,190.33,,36.74,5.14,74.89,0.0,,2.58,-1.6,0.02,0.0,254.0,152.0,12.9,45.6,19.57,49.29,0.54,,3,36.0,22.5,14.0,4.0,76.5,BUY ⭐⭐⭐⭐,Expected ~156% CAGR (2yr) | Revenue CAGR 18% | Profit CAGR 85% | ROE 34% | ROCE 34% | Promoter 75% holding,Pattern still forming (not broken out),1-3 years,Low-Medium,"yfinance, screener.in",90,288,,2026-06-20,2026-06-01,19,-4.3,3,1.0
SPARC,Sun Pharma Advanced Research Company Limited,Healthcare,Drug Manufacturers - Specialty & Generic,7261.0,Small-Cap,MonthlyStage2,Stage Change,1.0,24,10-EMA=166 | 30-EMA=179 | Above by 29.3% | MA turning=No,MonthlyDoubleBottom+MonthlyStage2,Uptrend,True,True,Tight-Above-MAs,True,Stage2,5,Uptrend,Uptrend,230.99,178.69,112.39,196.34,2414.74,2776.95,3193.49,2776.95,1102.2,246.7,4.68,4.04,5.42,,4.89,0.0,,,0,none,279.0,164.0,136.0,85.0,60.7,3967.31,79.22,2509.72,98.84,,552.77,,,,0.2,multiple loss years in history,0.42,,2.47,,-894.95,-12.32,65.68,0.01,,2.48,0.44,0.1,-0.78,248.75,108.0,7.1,113.9,58.07,-23.48,0.76,0.56,5,32.0,28.5,8.0,8.0,76.5,BUY ⭐⭐⭐⭐,Expected ~247% CAGR (2yr) | Revenue CAGR 99% | ROE 279% | ROCE 164% | ROCE trend rising ↑ | Promoter 66% holding,None identified,2-3 years,Medium,"yfinance, screener.in",90,282,,2026-06-20,2026-06-01,19,28.5,3,4.5
SOUTHWEST,South West Pinnacle Exploration Limited,Energy,Oil & Gas Equipment & Services,723.0,Small-Cap,MonthlyDoubleBottom,Breakout Ready,0.91,12,Sep 12mo | Mid rally 98% | Asymmetry 7%,,Uptrend,True,True,Tight-Above-MAs,True,Stage2,1,Uptrend,Uptrend,254.95,187.16,91.07,216.71,315.74,486.87,750.75,486.87,91.0,38.2,22.41,,3.99,0.41,13.57,0.0,14.47,,0,none,17.7,20.0,0.97,24.0,0.06,13.59,9.64,35.0,25.14,18.5,106.25,54.2,26.97,30.6,0.15,highly inconsistent earnings,0.39,,1.84,,-26.37,-3.65,68.85,0.0,,0.76,0.48,,,275.0,121.0,7.3,110.7,92.61,66.88,2.01,-0.36,6,32.0,29.42,7.0,8.0,76.4,BUY ⭐⭐⭐⭐,Expected ~38% CAGR (2yr) | Revenue CAGR 25% | Profit CAGR 54% | ROCE trend rising ↑ | Promoter 69% holding | Piotroski F=6 (above average quality),None identified,2-3 years,Medium,"yfinance, screener.in",100,101,,2026-06-20,2026-06-01,19,2.2,3,-2.0
PRIVISCL,Privi Speciality Chemicals Limited,Basic Materials,Specialty Chemicals,13454.0,Mid-Cap,MonthlyDoubleBottom,Forming,0.718,14,Sep 14mo | Mid rally 72% | Asymmetry 1%,,Uptrend,True,False,Tight-Above-MAs,True,Stage2,1,Uptrend,Uptrend,3086.0,1736.85,1003.74,2623.1,4003.29,9893.73,24451.37,9893.73,220.6,79.1,41.15,24.0,9.52,0.28,22.53,29.0,35.72,3884.5,2,strong_buy,26.0,22.1,2.11,25.0,2.17,12.78,10.54,22.04,16.83,14.96,71.35,147.14,22.06,40.9,0.15,highly inconsistent earnings,0.71,,1.46,,112.89,0.84,60.6,0.0,,1.37,-0.27,10.67,0.42,3590.9,2050.0,14.1,50.5,43.91,163.88,0.55,-0.11,6,35.0,24.12,7.0,10.0,76.1,BUY ⭐⭐⭐⭐,Expected ~79% CAGR (2yr) | Revenue CAGR 17% | Profit CAGR 147% | ROE 26% | ROCE 22% | ROCE trend rising ↑,Pattern still forming (not broken out),2-3 years,Medium,"yfinance, screener.in",100,133,,2026-06-20,2026-06-01,19,0.0,3,2.0
MAHABANK,Bank of Maharashtra,Financial Services,Banks - Regional,67147.0,Large-Cap,MonthlyDoubleBottom,Forming,0.948,24,Sep 24mo | Mid rally 101% | Asymmetry 6%,MonthlyCupHandle+MonthlyDoubleBottom,Uptrend,True,False,Tight-Above-MAs,True,Stage2,12,Uptrend,Uptrend,78.34,46.75,22.59,66.59,245.96,238.67,476.18,342.23,204.7,74.5,9.57,,2.02,0.24,,252.0,19.17,83.33,3,none,22.6,5.81,,46.81,,52.36,1.76,17.37,22.58,19.79,26.61,39.14,65.16,36.1,0.4,lumpy earner,,,,,,,73.6,0.0,,5.55,0.63,13.93,0.43,87.62,51.71,10.6,51.5,46.98,167.31,0.6,0.79,2,28.0,27.88,10.0,10.0,75.9,BUY ⭐⭐⭐⭐,Expected ~74% CAGR (2yr) | Revenue CAGR 23% | Profit CAGR 39% | ROE 23% | Promoter 74% holding | OPM 47%,Pattern still forming (not broken out),1-3 years,Low-Medium,"yfinance, screener.in",80,266,,2026-06-20,2026-06-01,19,0.0,3,3.0
PANACHE,Panache Digilife Limited,Technology,Communication Equipment,554.0,Small-Cap,MonthlyDoubleBottom,Forming,1.0,33,Sep 33mo | Mid rally 147% | Asymmetry 8%,,Sideways-Above-MA,True,True,Constructive,True,Downtrend,0,Uptrend,Uptrend,368.85,94.8,36.79,313.52,783.64,2014.97,5181.08,2014.97,446.3,133.7,40.67,,5.07,0.26,19.36,0.0,-20.63,,0,none,21.6,25.6,2.43,11.0,0.51,6.67,10.32,109.48,29.46,25.52,142.86,157.13,33.56,323.7,0.15,highly inconsistent earnings,0.26,,1.82,,-27.14,-4.9,54.05,2.37,,,,,,472.15,179.32,21.9,105.7,81.85,477.04,0.53,0.3,5,37.0,21.5,10.0,7.0,75.5,BUY ⭐⭐⭐⭐,Expected ~134% CAGR (2yr) | Revenue CAGR 29% | Profit CAGR 157% | ROE 22% | ROCE 26% | ROCE trend rising ↑,Pattern still forming (not broken out),1-3 years,Low-Medium,"yfinance, screener.in",100,110,,2026-06-20,2026-06-01,19,0.0,3,1.0
EICHERMOT,Eicher Motors Limited,Consumer Cyclical,Auto Manufacturers,200713.0,Large-Cap,MonthlyDoubleBottom,Forming,1.0,43,Sep 43mo | Mid rally 123% | Asymmetry 5%,,Uptrend,True,False,Uptrend,True,Stage2,3,Uptrend,Uptrend,7312.0,3131.16,1371.92,6215.2,11651.09,11776.51,17825.26,14411.24,61.1,26.9,36.36,27.58,7.99,1.53,33.7,96.0,49.38,7824.42,36,buy,24.0,30.5,3.14,25.0,1.11,23.56,10.42,24.05,17.47,21.83,16.5,23.69,32.57,11.6,0.4,lumpy earner,0.02,,1.9,,3151.76,1.57,49.06,0.0,,26.77,-0.24,14.73,0.09,8230.0,5305.0,11.2,37.8,40.07,105.39,0.45,0.27,7,38.0,26.5,3.0,8.0,75.5,BUY ⭐⭐⭐⭐,Expected ~27% CAGR (2yr) | Revenue CAGR 17% | Profit CAGR 24% | ROE 24% | ROCE 30% | ROCE trend rising ↑,Earnings due 2026-07-30 | Pattern still forming (not broken out),1-3 years,Low-Medium,"yfinance, screener.in",100,366,2026-07-30,2026-06-20,2026-06-01,19,6.2,3,3.0
SKIPPER,Skipper Limited,Industrials,Engineering & Construction,6149.0,Small-Cap,MonthlyStage2,Stage Change,1.0,24,10-EMA=471 | 30-EMA=413 | Above by 34.7% | MA turning=Yes,MonthlyDoubleBottom+MonthlyStage2,Uptrend,True,False,Tight-Above-MAs,True,Stage2,4,Uptrend,Uptrend,556.2,412.78,334.35,472.77,1256.74,2273.06,4111.28,2273.06,308.7,102.2,28.82,17.8,4.1,0.36,12.27,2.0,0.78,565.0,2,none,16.5,23.3,3.46,10.0,0.14,3.84,7.77,20.09,41.02,28.55,42.95,80.87,58.94,62.9,0.4,lumpy earner,0.64,,1.3,,-309.44,-5.03,66.5,0.02,,6.07,-0.3,1.66,0.86,588.0,327.05,5.4,70.1,19.17,193.24,1.25,0.62,5,31.0,28.5,12.0,4.0,75.5,BUY ⭐⭐⭐⭐,Expected ~102% CAGR (2yr) | Revenue CAGR 41% | Profit CAGR 81% | ROCE 23% | ROCE trend rising ↑ | Promoter 66% holding,None identified,2-3 years,Medium,"yfinance, screener.in",100,134,,2026-06-20,2026-06-01,19,19.2,3,8.0
UNIVASTU,Univastu India Limited,Industrials,Engineering & Construction,288.0,Micro-Cap,MonthlyDoubleBottom,Forming,1.0,20,Sep 20mo | Mid rally 108% | Asymmetry 2%,MonthlyDoubleBottom+MonthlyStage2,Sideways-Above-MA,True,False,Constructive,True,Stage2,4,Uptrend,Uptrend,69.99,115.12,54.67,59.49,142.25,220.3,341.19,220.3,214.8,77.4,27.43,,3.3,0.5,7.75,0.0,,,0,none,25.4,30.0,1.0,16.0,-4.17,9.58,9.23,42.11,40.83,36.65,62.5,54.87,21.06,156.9,0.15,highly inconsistent earnings,0.3,,1.37,,30.01,10.41,67.46,0.0,,,0.0,0.0,0.0,106.67,56.02,34.4,24.9,-8.27,77.64,0.37,0.32,4,40.0,22.0,12.0,1.0,75.0,BUY ⭐⭐⭐⭐,Expected ~77% CAGR (2yr) | Revenue CAGR 41% | Profit CAGR 55% | ROE 25% | ROCE 30% | ROCE trend rising ↑,Margin compression ↓ | Pattern still forming (not broken out),2-3 years,Medium,"yfinance, screener.in",100,96,,2026-06-20,2026-06-01,19,0.0,3,5.0
SANDUMA,The Sandur Manganese & Iron Ores Limited,Basic Materials,Steel,10493.0,Mid-Cap,MonthlyDoubleBottom,Forming,0.877,11,Sep 11mo | Mid rally 90% | Asymmetry 2%,MonthlyCupHandle+MonthlyDoubleBottom,Sideways-Above-MA,True,False,Constructive,False,Stage2,1,Uptrend,Uptrend,217.09,210.6,109.48,184.53,394.48,530.22,712.68,530.22,144.2,56.3,15.98,,3.23,0.46,9.3,19.0,25.0,,0,none,23.2,24.4,-1.57,24.0,-2.46,12.9,11.16,62.3,33.76,48.61,39.7,34.41,34.95,50.5,0.15,highly inconsistent earnings,0.31,,1.16,,793.91,7.57,74.22,0.0,,1.63,0.43,0.66,-0.01,273.0,141.37,20.5,53.6,49.36,,0.2,0.74,4,38.0,19.52,10.0,7.0,74.5,BUY ⭐⭐⭐⭐,Expected ~56% CAGR (2yr) | Revenue CAGR 34% | Profit CAGR 34% | ROE 23% | ROCE 24% | Promoter 74% holding,Margin compression ↓ | Pattern still forming (not broken out),2-3 years,Medium,"yfinance, screener.in",100,34,,2026-06-20,2026-06-01,19,-4.0,3,-6.0
FIEMIND,Fiem Industries Limited,Consumer Cyclical,Auto Parts,6076.0,Small-Cap,MonthlyDoubleBottom,Forming,1.0,38,Sep 38mo | Mid rally 218% | Asymmetry 5%,,Uptrend,True,False,Uptrend,True,Stage2,3,Uptrend,Uptrend,2308.7,640.59,196.92,1962.39,5484.02,5131.12,8199.93,6705.86,122.3,49.1,23.75,17.43,5.0,1.07,14.07,173.0,44.22,2769.0,3,strong_buy,22.7,29.4,3.03,14.0,0.51,9.01,13.77,16.22,15.07,18.19,24.88,22.28,40.36,20.7,0.4,lumpy earner,0.05,,2.61,,-12.72,-0.21,54.51,0.0,,6.86,-0.07,11.4,0.53,2555.3,1794.0,9.7,28.7,26.46,132.3,0.44,,6,32.0,26.5,10.0,6.0,74.5,BUY ⭐⭐⭐⭐,Expected ~49% CAGR (2yr) | Revenue CAGR 15% | Profit CAGR 22% | ROE 23% | ROCE 29% | ROCE trend rising ↑,Pattern still forming (not broken out),2-3 years,Medium,"yfinance, screener.in",100,237,,2026-06-20,2026-06-01,19,6.4,3,-1.0
THYROCARE,Thyrocare Technologies Limited,Healthcare,Diagnostics & Research,8418.0,Mid-Cap,MonthlyDoubleBottom,Forming,1.0,36,Sep 36mo | Mid rally 676% | Asymmetry 6%,,Sideways-Above-MA,True,True,Constructive,True,Stage2,5,Uptrend,Uptrend,470.65,967.28,121.16,400.05,651.38,1813.4,1214.73,889.52,285.3,96.3,51.8,38.75,15.74,1.42,34.07,309.0,23.13,600.0,4,none,28.4,35.4,-1.57,32.0,-1.43,19.67,17.69,20.67,16.3,10.86,79.12,36.56,7.6,118.6,0.15,highly inconsistent earnings,0.09,,3.39,,171.93,2.04,60.92,-0.01,,5.37,0.41,21.0,0.48,578.25,318.07,18.6,48.0,53.36,161.61,1.24,0.47,5,38.0,22.5,6.0,8.0,74.5,BUY ⭐⭐⭐⭐,Expected ~96% CAGR (2yr) | Revenue CAGR 16% | Profit CAGR 37% | ROE 28% | ROCE 35% | Nearly debt-free,High PE 52 | Margin compression ↓ | Pattern still forming (not broken out),2-3 years,Medium,"yfinance, screener.in",100,121,,2026-06-20,2026-06-01,19,0.0,3,-1.0
ABB,ABB India Limited,Industrials,Specialty Industrial Machinery,143473.0,Large-Cap,MonthlyStage2,Stage Change,1.0,24,10-EMA=6272 | 30-EMA=5739 | Above by 18.0% | MA turning=Yes,MonthlyCupHandle+MonthlyDoubleBottom+MonthlyStage2,Uptrend,True,False,Tight-Above-MAs,True,Stage2,4,Uptrend,Uptrend,6770.5,5738.75,4876.16,5754.93,7275.47,14621.63,55578.35,20108.67,116.0,47.0,92.59,66.13,18.31,0.52,73.35,58.0,39.08,6391.07,27,underperform,22.4,29.9,20.0,14.0,2.8,22.26,,-0.83,19.84,,78.48,176.39,,275.8,0.15,highly inconsistent earnings,0.01,,,,,,75.0,0.0,,8.19,0.55,9.28,0.13,7822.5,4637.5,13.4,46.0,28.24,31.87,0.5,0.52,3,35.0,28.5,5.0,6.0,74.5,BUY ⭐⭐⭐⭐,Expected ~47% CAGR (2yr) | Revenue CAGR 20% | Profit CAGR 176% | ROE 22% | ROCE 30% | ROCE trend rising ↑,High PE 93 | Earnings due 2026-07-30,2-3 years,Medium,"yfinance, screener.in",80,288,2026-07-30,2026-06-20,2026-06-01,19,7.0,3,4.1
GOLDIAM,Goldiam International Limited,Consumer Cyclical,Luxury Goods,5407.0,Small-Cap,MonthlyStage2,Breaking Out,1.0,24,10-EMA=378 | 30-EMA=320 | Above by 49.8% | MA turning=Yes,MonthlyCupHandle+MonthlyDoubleBottom+MonthlyStage2,Uptrend,True,True,Uptrend,True,Stage2,3,Uptrend,Uptrend,478.8,319.58,185.47,406.98,919.1,1160.27,1464.72,1160.27,142.3,55.7,31.65,,4.89,1.21,24.52,78.0,-4.93,,0,none,18.5,23.9,0.49,21.0,0.43,17.46,10.51,25.1,22.38,19.2,46.15,26.24,20.61,61.2,0.15,highly inconsistent earnings,0.07,,5.94,,-58.54,-1.08,58.51,0.0,,0.63,-0.11,0.95,-0.15,485.0,265.0,1.3,80.7,45.78,262.82,1.87,0.94,6,30.0,28.0,6.0,10.0,74.0,BUY ⭐⭐⭐⭐,Expected ~56% CAGR (2yr) | Revenue CAGR 22% | Profit CAGR 26% | ROCE 24% | ROCE trend rising ↑ | Nearly debt-free,None identified,2-3 years,Medium,"yfinance, screener.in",100,251,,2026-06-20,2026-06-01,19,26.1,3,0.5
SKMEGGPROD,SKM Egg Products Export (India) Limited,Consumer Defensive,Packaged Foods,1269.0,Small-Cap,MonthlyDoubleBottom,Breakout Ready,1.0,22,Sep 22mo | Mid rally 174% | Asymmetry 3%,MonthlyCupHandle+MonthlyDoubleBottom,Uptrend,True,True,Tight-Above-MAs,True,Stage2,15,Uptrend,Uptrend,239.43,64.65,23.29,203.52,882.06,979.26,1087.17,979.26,309.0,102.2,12.21,,3.2,1.11,7.58,31.0,44.22,,0,none,29.7,30.0,2.49,21.0,1.8,13.51,17.0,54.22,5.08,23.35,197.14,11.02,45.41,414.4,0.15,highly inconsistent earnings,0.36,,2.86,,16.81,1.32,57.47,0.04,,0.49,-0.26,0.36,0.04,257.4,120.0,7.0,99.5,66.17,79.94,3.16,-0.1,6,28.0,30.0,8.0,8.0,74.0,BUY ⭐⭐⭐⭐,Expected ~102% CAGR (2yr) | ROE 30% | ROCE 30% | ROCE trend rising ↑ | Promoter 57% holding | Piotroski F=6 (above average quality),None identified,2-3 years,Medium,"yfinance, screener.in",100,288,,2026-06-20,2026-06-01,19,22.7,3,6.0
HONASA,Honasa Consumer Limited,Consumer Defensive,Household & Personal Products,13464.0,Mid-Cap,MonthlyStage2,Stage Change,1.0,24,10-EMA=337 | 30-EMA=339 | Above by 22.2% | MA turning=Yes,,Uptrend,True,True,Tight-Above-MAs,True,Stage2,15,Uptrend,Uptrend,413.65,338.6,215.43,351.6,1113.72,1803.95,6556.92,2702.32,336.1,108.8,67.59,43.4,9.52,0.47,64.53,0.0,,456.38,13,buy,15.7,19.2,3.3,10.0,43.17,8.36,6.17,15.72,17.01,39.06,173.97,142.64,,177.0,0.2,multiple loss years in history,0.1,,1.69,,159.64,1.19,35.54,0.0,,13.74,-0.88,19.24,0.6,438.35,248.4,5.6,66.5,56.73,,0.92,0.68,7,29.0,28.5,8.0,8.0,73.5,BUY ⭐⭐⭐⭐,Expected ~109% CAGR (2yr) | Revenue CAGR 17% | Profit CAGR 143% | ROCE trend rising ↑ | Nearly debt-free | Piotroski F=7 (high quality compounder),High PE 68,2-3 years,Medium,"yfinance, screener.in",100,32,,2026-06-20,2026-06-01,19,16.7,3,6.1
SYNCOMF,Syncom Formulations (India) Limited,Healthcare,Drug Manufacturers - Specialty & Generic,1341.0,Small-Cap,MonthlyDoubleBottom,Forming,1.0,21,Sep 21mo | Mid rally 164% | Asymmetry 7%,,Sideways-Above-MA,True,True,Constructive,True,Stage2,5,Uptrend,Uptrend,14.15,27.9,10.21,12.03,65.8,102.68,160.24,102.68,625.7,169.4,17.62,,3.48,0.31,16.12,0.0,,,0,none,20.2,26.8,2.26,16.0,1.31,15.63,9.36,5.62,30.11,21.46,55.1,56.05,47.19,42.3,0.4,lumpy earner,0.0,,3.19,,41.05,3.06,50.57,0.0,,0.21,-0.05,,,21.49,10.21,34.2,38.6,-18.78,64.7,0.66,0.72,7,40.0,22.0,11.0,0.0,73.0,BUY ⭐⭐⭐⭐,Expected ~169% CAGR (2yr) | Revenue CAGR 30% | Profit CAGR 56% | ROE 20% | ROCE 27% | ROCE trend rising ↑,Pattern still forming (not broken out),2-3 years,Medium,"yfinance, screener.in",100,43,,2026-06-20,2026-06-01,19,0.0,3,-1.0
CLSEL,Chaman Lal Setia Exports Ltd.,Consumer Defensive,Packaged Foods,1492.0,Small-Cap,MonthlyStage2,Breaking Out,0.952,24,10-EMA=275 | 30-EMA=263 | Above by 14.3% | MA turning=Yes,MonthlyCupHandle+MonthlyStage2,Uptrend,True,False,Uptrend,True,Stage2,15,Uptrend,Uptrend,300.05,262.56,205.25,255.04,2276.79,3556.34,5555.0,3556.34,1085.2,244.3,12.99,,1.78,0.23,9.22,83.0,75.0,,0,none,14.61,,,11.85,,7.97,9.47,16.5,,,56.2,,,55.9,0.5,insufficient history,0.1,,6.94,,95.41,6.39,74.05,0.0,,3.08,0.0,1.58,-0.02,395.75,203.75,24.2,47.3,-0.54,46.33,11.47,0.43,4,32.0,28.0,12.0,1.0,73.0,BUY ⭐⭐⭐⭐,Expected ~244% CAGR (2yr) | Revenue CAGR 16% | Profit CAGR 56% | Nearly debt-free | Promoter 74% holding | FCF yield 6.4%,None identified,2-3 years,Medium,"yfinance, screener.in",70,62,,2026-06-20,2026-06-01,19,16.1,3,8.3
STAR,Strides Pharma Science Limited,Healthcare,Drug Manufacturers - Specialty & Generic,9729.0,Mid-Cap,MonthlyDoubleBottom,Forming,1.0,26,Sep 26mo | Mid rally 276% | Asymmetry 1%,,Uptrend,True,False,Tight-Above-MAs,True,Stage2,5,Uptrend,Uptrend,1153.6,986.17,260.8,980.56,9169.55,24272.7,64252.28,24272.7,2004.1,358.7,17.48,10.88,3.13,0.11,12.23,38.0,100.0,1264.5,2,none,20.4,18.6,3.49,19.0,2.6,11.45,6.96,6.44,9.63,7.94,-84.02,164.71,-3.41,54.4,0.2,multiple loss years in history,0.56,,1.25,,32.17,0.33,27.91,0.05,,28.68,-0.84,14.44,1.42,1231.0,768.65,6.3,50.1,36.52,147.78,0.61,0.34,5,24.0,28.5,12.0,8.0,72.5,BUY ⭐⭐⭐⭐,Expected ~359% CAGR (2yr) | Profit CAGR 165% | ROE 20% | ROCE trend rising ↑ | Piotroski F=5 (above average quality) | DII buying +1.4% ↑,Pattern still forming (not broken out),2-3 years,Medium,"yfinance, screener.in",100,288,,2026-06-20,2026-06-01,19,0.0,3,0.0
SANDHAR,Sandhar Technologies Limited,Consumer Cyclical,Auto Parts,4296.0,Small-Cap,MonthlyStage2,Stage Change,1.0,24,10-EMA=556 | 30-EMA=489 | Above by 45.1% | MA turning=Yes,MonthlyDoubleBottom+MonthlyStage2,Uptrend,True,True,Tight-Above-MAs,True,Stage2,3,Uptrend,Uptrend,708.95,488.52,341.35,602.61,2489.39,2388.78,4813.9,3461.74,236.9,83.6,21.6,16.49,3.22,0.55,12.3,49.0,15.87,779.33,3,none,16.2,14.4,1.14,9.0,0.09,4.09,4.87,24.92,18.59,21.09,40.14,39.06,27.96,49.8,0.4,lumpy earner,0.86,,0.94,,-142.16,-3.31,70.38,0.0,,0.77,-0.39,17.39,1.51,763.2,405.2,7.1,75.0,50.93,73.87,1.45,0.57,5,25.0,28.5,11.0,8.0,72.5,BUY ⭐⭐⭐⭐,Expected ~84% CAGR (2yr) | Revenue CAGR 19% | Profit CAGR 39% | ROCE trend rising ↑ | Promoter 70% holding | Piotroski F=5 (above average quality),None identified,2-3 years,Medium,"yfinance, screener.in",100,99,,2026-06-20,2026-06-01,19,38.6,3,5.0
JSLL,JEENA SIKHO LIFECARE LTD,Healthcare,Medical Care Facilities,7610.0,Small-Cap,MonthlyDoubleBottom,Forming,1.0,27,Sep 27mo | Mid rally 354% | Asymmetry 6%,,Downtrend,False,False,Below-MAs,True,Stage2,5,Uptrend,Uptrend,654.35,2495.23,534.4,556.2,2722.5,7412.27,20180.66,7412.27,1032.8,236.6,34.35,16.07,21.51,0.2,21.56,18.0,31.58,1000.0,1,strong_buy,61.3,64.1,12.0,44.0,10.4,27.68,37.62,70.79,75.97,,177.5,172.26,,78.1,1.0,steady compounder (low CV),0.27,,3.25,,213.96,2.81,63.62,0.0,,6.17,-0.14,0.46,0.35,849.5,400.25,23.0,63.5,61.38,125.56,1.45,1.03,7,40.0,16.5,10.0,6.0,72.5,BUY ⭐⭐⭐⭐,Expected ~237% CAGR (2yr) | Revenue CAGR 76% | Profit CAGR 172% | ROE 61% | ROCE 64% | ROCE trend rising ↑,Pattern still forming (not broken out),2-3 years,Medium,"yfinance, screener.in",100,49,,2026-06-20,2026-06-01,19,0.0,3,6.0
ASTRAMICRO,Astra Microwave Products Limited,Technology,Communication Equipment,13708.0,Mid-Cap,MonthlyDoubleBottom,Forming,1.0,34,Sep 34mo | Mid rally 178% | Asymmetry 8%,,Uptrend,True,True,Uptrend,True,Downtrend,0,Uptrend,Uptrend,1443.8,54.67,18.86,1227.23,952.17,1377.23,1872.13,1335.14,,,71.44,44.66,10.43,1.78,41.18,15.0,16.26,1440.38,8,buy,16.0,20.2,2.17,29.0,3.71,16.59,9.44,10.66,12.54,12.65,25.32,40.22,46.09,44.2,0.4,lumpy earner,0.22,,3.13,,306.21,2.23,6.54,0.0,,7.56,1.3,15.42,0.67,1478.8,851.0,2.4,69.7,55.41,269.85,1.17,0.52,7,36.0,25.5,1.0,10.0,72.5,BUY ⭐⭐⭐⭐,Profit CAGR 40% | ROCE 20% | ROCE trend rising ↑ | Low D/E 0.22 | OPM 29% | Piotroski F=7 (high quality compounder),High PE 71 | Pattern still forming (not broken out),2-3 years,Medium,"yfinance, screener.in",100,260,,2026-06-20,2026-06-01,19,32.1,3,8.0
WABAG,VA Tech Wabag Limited,Industrials,Engineering & Construction,9832.0,Mid-Cap,MonthlyStage2,Stage Change,0.973,24,10-EMA=1347 | 30-EMA=1214 | Above by 14.6% | MA turning=Yes,MonthlyDoubleBottom+MonthlyStage2,Uptrend,True,False,Uptrend,True,Stage2,4,Uptrend,Uptrend,1391.2,1214.05,1077.7,1182.52,7097.72,14519.26,73958.12,22911.44,943.7,223.1,22.78,17.86,4.22,0.1,16.97,25.0,100.0,1931.0,7,strong_buy,15.9,21.3,1.74,12.0,1.06,9.39,5.17,19.73,10.04,6.83,25.42,222.8,29.65,28.9,0.15,highly inconsistent earnings,0.09,,1.71,,140.94,1.43,19.09,-0.01,,16.6,-2.37,5.77,1.45,1672.1,1033.0,16.8,34.7,1.87,162.02,0.36,0.77,7,30.0,26.18,13.0,3.0,72.2,BUY ⭐⭐⭐⭐,Expected ~223% CAGR (2yr) | Profit CAGR 223% | ROCE 21% | ROCE trend rising ↑ | Nearly debt-free | Piotroski F=7 (high quality compounder),None identified,2-3 years,Medium,"yfinance, screener.in",100,188,,2026-06-20,2026-06-01,19,0.0,3,0.0
DJML,DJ Mediaprint & Logistics Limited,Industrials,Specialty Business Services,393.0,Micro-Cap,MonthlyStage2,Breaking Out,1.0,24,10-EMA=96 | 30-EMA=94 | Above by 20.7% | MA turning=Yes,MonthlyDoubleBottom+MonthlyStage2,Uptrend,True,True,Tight-Above-MAs,True,Stage2,4,Uptrend,Uptrend,113.47,94.0,69.5,96.45,251.41,553.85,1220.13,553.85,388.1,120.9,35.79,,4.34,0.3,16.74,9.0,50.0,,0,none,14.2,16.6,2.0,19.0,-2.5,7.91,8.88,68.29,,,57.14,,,129.0,1.0,steady compounder (low CV),0.43,,5.84,,-28.65,-7.28,56.17,0.65,,0.05,0.05,0.0,0.0,126.96,52.0,10.6,118.2,5.44,95.42,2.56,-0.23,4,29.0,30.0,10.0,3.0,72.0,BUY ⭐⭐⭐⭐,Expected ~121% CAGR (2yr) | Revenue CAGR 91% | Profit CAGR 120% | ROCE trend rising ↑ | Promoter 56% holding | Margin compressing ↓ ⚠️,Margin compression ↓,2-3 years,Medium,"yfinance, screener.in",80,43,,2026-06-20,2026-06-01,19,18.9,3,6.0
CAPLIPOINT,Caplin Point Laboratories Limited,Healthcare,Drug Manufacturers - Specialty & Generic,18302.0,Mid-Cap,MonthlyStage2,Breaking Out,1.0,24,10-EMA=1942 | 30-EMA=1758 | Above by 37.0% | MA turning=Yes,MonthlyDoubleBottom+MonthlyStage2,Uptrend,True,True,Uptrend,True,Stage2,5,Uptrend,Uptrend,2407.8,1758.16,1504.8,2046.63,4529.68,5431.54,6512.96,5431.54,125.6,50.2,28.65,22.51,5.21,1.44,22.89,33.0,-3.85,2505.0,2,none,20.6,24.6,-0.6,35.0,0.91,29.32,11.86,12.91,14.24,15.57,20.15,19.91,20.96,19.3,1.0,steady compounder (low CV),0.0,,6.7,,2.13,0.01,70.57,0.0,,6.15,-0.43,2.14,0.09,2425.0,1500.3,0.7,60.5,21.3,147.71,1.68,0.22,6,30.0,28.0,6.0,8.0,72.0,BUY ⭐⭐⭐⭐,Expected ~50% CAGR (2yr) | ROE 21% | ROCE 25% | Nearly debt-free | Promoter 71% holding | OPM 35%,None identified,2-3 years,Medium,"yfinance, screener.in",100,145,,2026-06-20,2026-06-01,19,18.1,3,9.0
HINDCOPPER,Hindustan Copper Limited,Basic Materials,Copper,49318.0,Large-Cap,MonthlyStage2,Stage Change,1.0,24,10-EMA=473 | 30-EMA=356 | Above by 43.1% | MA turning=Yes,MonthlyDoubleBottom+MonthlyStage2,Sideways-Above-MA,True,False,Constructive,False,Stage2,1,Uptrend,Uptrend,510.0,356.42,200.96,433.5,299.38,511.88,638.59,437.24,0.4,0.2,53.74,25.63,14.77,1.17,33.28,48.0,2.82,715.0,1,none,32.9,42.5,5.66,48.0,4.34,29.84,19.92,48.62,22.44,11.49,97.63,46.05,52.89,137.4,0.15,highly inconsistent earnings,0.03,,1.68,,864.71,1.75,66.14,0.0,,6.34,-0.22,5.39,-0.18,760.05,226.7,32.9,125.0,115.62,247.54,0.11,1.42,7,40.0,22.5,3.0,6.0,71.5,BUY ⭐⭐⭐⭐,Expected ~0% CAGR (2yr) | Revenue CAGR 22% | Profit CAGR 46% | ROE 33% | ROCE 42% | ROCE trend rising ↑,High PE 54,2-3 years,Medium,"yfinance, screener.in",100,198,,2026-06-20,2026-06-01,19,-10.4,3,-4.0
GVT&D,GE Vernova T&D India Ltd,Industrials,Specialty Industrial Machinery,126551.0,Large-Cap,MonthlyDoubleBottom,Forming,1.0,36,Sep 36mo | Mid rally 193% | Asymmetry 3%,,Uptrend,True,False,Tight-Above-MAs,True,Stage2,4,Uptrend,Uptrend,4942.5,360.39,121.02,4201.12,3256.66,5649.51,11596.21,6145.32,14.3,6.9,103.1,62.53,60.64,1.16,74.26,20.0,100.0,4905.79,14,buy,18.6,,,12.0,,19.87,16.5,42.0,,,88.7,,,88.6,0.5,insufficient history,0.01,,1.33,,1180.97,0.93,51.0,0.0,,20.39,1.93,21.39,-1.88,5222.1,2241.8,5.4,120.5,86.21,1836.79,0.7,0.57,4,32.0,28.5,3.0,8.0,71.5,BUY ⭐⭐⭐⭐,Expected ~7% CAGR (2yr) | Revenue CAGR 42% | Profit CAGR 89% | Nearly debt-free | Promoter 51% holding | FII buying +1.9% ↑,High PE 103 | Pattern still forming (not broken out),2-3 years,Medium,"yfinance, screener.in",70,287,,2026-06-20,2026-06-01,19,12.7,3,-1.0
ASHAPURMIN,Ashapura Minechem Limited,Basic Materials,Other Industrial Metals & Mining,6611.0,Small-Cap,MonthlyDoubleBottom,Forming,1.0,13,Sep 13mo | Mid rally 127% | Asymmetry 0%,,Uptrend,True,False,Tight-Above-MAs,True,Stage2,1,Uptrend,Uptrend,692.05,41.64,18.35,588.24,1413.75,2202.63,3431.7,2202.63,218.3,78.4,16.47,,4.01,0.3,11.46,14.0,25.99,,0,none,28.0,20.7,1.34,11.0,0.51,7.66,7.84,91.2,41.95,35.47,43.94,55.8,36.75,28.0,0.15,highly inconsistent earnings,0.88,,1.36,,-76.18,-1.15,48.03,0.15,,19.5,0.25,0.33,-0.05,924.9,377.0,25.2,83.6,29.63,270.05,0.54,0.65,5,32.0,27.5,8.0,4.0,71.5,BUY ⭐⭐⭐⭐,Expected ~78% CAGR (2yr) | Revenue CAGR 42% | Profit CAGR 56% | ROE 28% | ROCE 21% | ROCE trend rising ↑,Pattern still forming (not broken out),2-3 years,Medium,"yfinance, screener.in",100,366,,2026-06-20,2026-06-01,19,8.4,3,3.0
MONARCH,Monarch Networth Capital Limited,Financial Services,Capital Markets,2696.0,Small-Cap,MonthlyDoubleBottom,Forming,1.0,21,Sep 21mo | Mid rally 116% | Asymmetry 4%,MonthlyDoubleBottom+MonthlyStage2,Sideways-Above-MA,True,True,Constructive,True,Stage2,12,Uptrend,Uptrend,312.45,497.5,225.65,265.58,731.15,1180.52,1906.07,1180.52,277.8,94.4,14.9,,2.77,0.24,,29.0,25.99,,0,none,20.5,27.7,-2.71,69.0,6.14,49.44,12.91,13.41,31.93,29.28,21.48,61.46,49.79,84.3,0.15,highly inconsistent earnings,0.04,,2.21,,,,53.86,0.45,,1.47,0.03,0.15,0.0,398.8,235.45,21.7,32.7,-0.03,136.24,0.69,0.09,5,39.0,22.0,8.0,2.0,71.0,BUY ⭐⭐⭐⭐,Expected ~94% CAGR (2yr) | Revenue CAGR 32% | Profit CAGR 61% | ROE 20% | ROCE 28% | Nearly debt-free,Pattern still forming (not broken out),2-3 years,Medium,"yfinance, screener.in",90,53,,2026-06-20,2026-06-01,19,0.0,3,1.0
MAYURUNIQ,Mayur Uniquoters Limited,Consumer Cyclical,Textile Manufacturing,3447.0,Small-Cap,MonthlyStage2,Stage Change,1.0,24,10-EMA=541 | 30-EMA=526 | Above by 17.7% | MA turning=Yes,MonthlyDoubleBottom+MonthlyStage2,Uptrend,True,False,Uptrend,True,Stage2,3,Uptrend,Uptrend,619.4,526.3,456.31,526.49,1957.38,1800.67,2945.45,2401.12,190.7,70.5,17.99,13.05,3.39,0.79,13.62,63.0,35.72,900.0,3,none,18.4,24.7,1.26,24.0,0.31,19.83,11.08,9.89,7.61,13.52,28.86,22.67,16.36,43.2,0.4,lumpy earner,0.01,,7.46,,-11.45,-0.33,58.77,0.18,,3.68,0.45,3.65,0.33,849.15,471.2,27.1,31.5,19.34,-1.46,1.21,0.38,5,26.0,26.5,14.0,4.0,70.5,BUY ⭐⭐⭐⭐,Expected ~70% CAGR (2yr) | Profit CAGR 23% | ROCE 25% | ROCE trend rising ↑ | Nearly debt-free | Promoter 59% holding,None identified,2-3 years,Medium,"yfinance, screener.in",100,165,,2026-06-20,2026-06-01,19,0.0,3,0.0
POWERMECH,Power Mech Projects Limited,Industrials,Engineering & Construction,8819.0,Mid-Cap,MonthlyDoubleBottom,Forming,1.0,16,Sep 16mo | Mid rally 120% | Asymmetry 1%,MonthlyDoubleBottom+MonthlyStage2,Sideways-Above-MA,True,False,Constructive,True,Stage2,4,Uptrend,Uptrend,2479.6,3722.33,1681.27,2107.66,4637.61,5833.65,7338.14,5833.65,135.3,53.4,24.21,15.51,3.86,0.94,12.86,4.0,18.56,2880.5,2,buy,15.6,21.8,3.49,12.0,1.54,6.0,7.72,15.82,18.96,26.33,18.39,25.79,25.75,21.6,0.75,consistent growth,0.26,,1.71,,528.1,5.99,58.41,0.08,,6.48,-0.07,20.18,-0.36,3415.0,1717.7,27.4,44.4,-18.37,24.81,0.52,0.59,7,39.0,21.5,9.0,1.0,70.5,BUY ⭐⭐⭐⭐,Expected ~53% CAGR (2yr) | Revenue CAGR 19% | Profit CAGR 26% | ROCE 22% | ROCE trend rising ↑ | Low D/E 0.26,Pattern still forming (not broken out),2-3 years,Medium,"yfinance, screener.in",100,130,,2026-06-20,2026-06-01,19,0.0,3,0.0
ZENTEC,Zen Technologies Limited,Industrials,Aerospace & Defense,16133.0,Mid-Cap,MonthlyStage2,Stage Change,1.0,24,10-EMA=1486 | 30-EMA=1341 | Above by 16.6% | MA turning=Yes,MonthlyCupHandle+MonthlyDoubleBottom+MonthlyStage2,Uptrend,True,False,Tight-Above-MAs,True,Stage2,4,Uptrend,Uptrend,1564.5,1341.26,1043.83,1329.83,1104.38,1773.2,2947.58,1804.23,13.3,6.5,83.32,34.48,8.98,1.31,64.13,6.0,171.44,1726.67,6,none,10.7,16.2,5.51,36.0,6.11,28.13,6.62,-29.36,46.46,65.75,-27.09,63.37,135.65,-68.8,0.15,highly inconsistent earnings,0.01,,8.86,,374.0,2.32,48.51,0.0,,5.99,0.45,10.06,2.2,2065.0,1223.0,24.2,27.9,-13.21,252.5,0.86,0.03,6,36.0,28.5,4.0,2.0,70.5,BUY ⭐⭐⭐⭐,Expected ~6% CAGR (2yr) | Revenue CAGR 46% | Profit CAGR 63% | ROCE trend rising ↑ | Nearly debt-free | OPM 36%,High PE 83,2-3 years,Medium,"yfinance, screener.in",100,135,,2026-06-20,2026-06-01,19,0.0,3,2.0
LLOYDSME,Lloyds Metals and Energy Limited,Basic Materials,Steel,99117.0,Large-Cap,MonthlyCupHandle,Forming,0.572,12,Cup 12mo | Depth 19% | Prior gain 117% | R²=0.67,MonthlyAscTriangle+MonthlyCupHandle,Uptrend,True,False,Tight-Above-MAs,True,Stage2,1,Uptrend,Uptrend,1664.5,1657.23,1347.5,1414.83,4651.69,10306.47,53928.7,15838.56,519.2,148.8,26.32,12.07,7.15,0.11,19.07,6.0,0.0,2008.33,6,none,36.6,27.3,3.2,36.0,5.34,21.48,13.75,154.62,72.17,132.66,163.16,240.49,353.33,585.3,0.15,highly inconsistent earnings,1.45,,0.81,,-7270.92,-7.34,61.65,-2.08,,2.26,0.37,1.71,-0.14,1888.6,1042.9,11.9,59.6,12.48,,0.88,0.09,5,35.0,22.36,9.0,4.0,70.4,BUY ⭐⭐⭐⭐,Expected ~149% CAGR (2yr) | Revenue CAGR 72% | Profit CAGR 240% | ROE 37% | ROCE 27% | ROCE trend rising ↑,High D/E 1.5 | Pattern still forming (not broken out),2-3 years,Medium,"yfinance, screener.in",100,35,,2026-06-20,2026-06-01,19,0.0,3,-2.0
APCOTEXIND,Apcotex Industries Limited,Basic Materials,Specialty Chemicals,2744.0,Small-Cap,MonthlyStage2,Breaking Out,1.0,24,10-EMA=415 | 30-EMA=400 | Above by 32.3% | MA turning=Yes,MonthlyDoubleBottom+MonthlyStage2,Uptrend,True,False,Tight-Above-MAs,True,Stage2,1,Uptrend,Uptrend,529.3,400.04,300.82,449.9,877.15,1819.21,3773.05,1819.21,243.7,85.4,27.03,18.9,4.42,0.25,15.62,151.0,13.3,700.0,1,none,24.4,19.8,,10.0,-1.0,7.03,8.2,23.21,,,-2.56,,,107.3,0.15,highly inconsistent earnings,0.15,,1.66,,108.11,3.94,58.23,0.0,,0.64,0.02,2.23,0.0,559.9,310.45,5.5,70.5,29.29,-8.12,2.22,0.24,5,27.0,30.0,7.0,6.0,70.0,BUY ⭐⭐⭐⭐,Expected ~85% CAGR (2yr) | Profit CAGR 107% | ROE 24% | Low D/E 0.15 | Promoter 58% holding | Margin compressing ↓ ⚠️,Margin compression ↓,2-3 years,Medium,"yfinance, screener.in",80,287,,2026-06-20,2026-06-01,19,4.1,3,-4.0
SJS,S.J.S. Enterprises Limited,Consumer Cyclical,Auto Parts,6770.0,Small-Cap,None,,0.0,0,,,Uptrend,True,False,Uptrend,True,Stage2,3,Uptrend,Uptrend,2244.3,,,1907.66,4123.92,4333.63,7732.28,5646.89,93.1,39.0,39.84,26.58,7.8,1.08,24.23,17.0,25.0,2363.75,4,none,22.0,28.6,2.5,28.0,0.5,17.87,13.62,25.66,30.17,,44.54,36.93,,45.1,1.0,steady compounder (low CV),0.03,,2.95,,126.27,1.87,21.15,-0.03,,15.68,-1.24,31.09,1.99,2137.8,1131.3,-5.0,98.4,87.87,222.61,,0.44,7,40.0,13.0,7.0,10.0,70.0,BUY ⭐⭐⭐⭐,Expected ~39% CAGR (2yr) | Revenue CAGR 30% | Profit CAGR 37% | ROE 22% | ROCE 29% | ROCE trend rising ↑,None identified,2-3 years,Medium,"yfinance, screener.in",100,56,,2026-06-20,2026-06-01,19,13.2,3,-3.0
CUMMINSIND,Cummins India Limited,Industrials,Specialty Industrial Machinery,155828.0,Large-Cap,MonthlyDoubleBottom,Forming,0.524,17,Sep 17mo | Mid rally 59% | Asymmetry 7%,,Uptrend,True,False,Tight-Above-MAs,True,Stage2,4,Uptrend,Uptrend,5621.5,1036.81,631.02,4778.27,3825.56,5126.36,5916.39,4757.47,,,65.79,47.24,18.39,2.7,48.82,117.0,-7.17,5679.7,23,hold,30.2,39.5,4.8,21.0,1.63,19.45,16.96,16.86,16.04,22.73,18.1,24.36,30.05,22.7,0.75,consistent growth,0.0,,3.32,,1341.12,0.86,51.0,0.0,,20.77,1.35,19.43,-1.17,6100.0,3212.2,7.8,75.0,64.95,177.49,0.38,0.56,7,40.0,21.79,0.0,8.0,69.8,ACCUMULATE ⭐⭐⭐,Revenue CAGR 16% | Profit CAGR 24% | ROE 30% | ROCE 40% | ROCE trend rising ↑ | Nearly debt-free,High PE 66 | Earnings due 2026-08-06 | Pattern still forming (not broken out),2-3 years,Medium,"yfinance, screener.in",100,288,2026-08-06,2026-06-20,2026-06-01,19,7.0,3,1.0
MOTHERSON,Samvardhana Motherson International Limited,Consumer Cyclical,Auto Parts,151018.0,Large-Cap,MonthlyDoubleBottom,Forming,1.0,42,Sep 42mo | Mid rally 191% | Asymmetry 3%,MonthlyCupHandle+MonthlyDoubleBottom,Uptrend,True,False,Tight-Above-MAs,True,Stage2,3,Uptrend,Uptrend,131.49,65.07,21.99,111.77,236.85,251.31,430.07,319.16,91.1,38.2,39.18,21.97,4.09,1.13,13.84,35.0,-6.87,149.55,22,none,10.9,13.1,1.83,9.0,0.34,3.09,4.16,10.95,16.97,17.06,-1.45,34.75,21.1,42.5,0.15,highly inconsistent earnings,0.44,,1.06,,3768.69,2.5,48.6,0.0,,12.45,0.7,21.08,-0.49,151.77,89.7,13.4,46.6,35.8,112.19,0.55,1.02,6,24.0,28.5,9.0,8.0,69.5,ACCUMULATE ⭐⭐⭐,Expected ~38% CAGR (2yr) | Revenue CAGR 17% | Profit CAGR 35% | ROCE trend rising ↑ | Piotroski F=6 (above average quality) | FII buying +0.7% ↑,Earnings due 2026-08-13 | Pattern still forming (not broken out),2-3 years,Medium,"yfinance, screener.in",100,287,2026-08-13,2026-06-20,2026-06-01,19,0.0,3,-2.0
BBTC,The Bombay Burmah Trading Corporation Limited,Consumer Defensive,Packaged Foods,10597.0,Mid-Cap,MonthlyDoubleBottom,Forming,1.0,27,Sep 27mo | Mid rally 129% | Asymmetry 6%,,Sideways,False,False,Below-MAs,True,Stage2,15,Uptrend,Uptrend,1518.8,2919.66,1235.21,1290.98,15002.68,21849.91,31822.21,21849.91,1338.6,279.3,8.52,4.07,1.5,0.19,3.26,224.0,141.97,,0,none,19.1,33.0,3.43,18.0,1.0,6.26,15.63,6.78,5.54,7.84,13.64,45.64,14.32,43.8,0.15,highly inconsistent earnings,0.17,,1.19,,2049.95,19.34,74.04,0.0,,9.48,0.06,1.46,0.04,2135.0,1314.6,28.9,15.5,-14.53,17.4,0.19,0.62,5,37.0,19.5,13.0,0.0,69.5,ACCUMULATE ⭐⭐⭐,Expected ~279% CAGR (2yr) | Profit CAGR 46% | ROCE 33% | ROCE trend rising ↑ | Low D/E 0.17 | Promoter 74% holding,Pattern still forming (not broken out),2-3 years,Medium,"yfinance, screener.in",100,288,,2026-06-20,2026-06-01,19,-0.7,3,0.0
ENGINERSIN,Engineers India Limited,Industrials,Engineering & Construction,13190.0,Mid-Cap,MonthlyStage2,Stage Change,1.0,24,10-EMA=214 | 30-EMA=191 | Above by 22.9% | MA turning=Yes,MonthlyCupHandle+MonthlyDoubleBottom+MonthlyStage2,Uptrend,True,False,Uptrend,True,Stage2,4,Uptrend,Uptrend,234.68,190.88,145.07,199.48,557.88,529.65,885.56,702.88,125.7,50.2,19.08,15.24,4.2,0.73,13.86,128.0,-20.63,269.8,5,none,23.8,30.6,0.8,18.0,1.43,19.34,,27.2,5.66,4.55,19.31,25.99,22.68,-30.1,0.15,highly inconsistent earnings,0.01,,,,,,51.32,0.0,,9.66,1.92,12.19,-1.19,267.0,163.55,12.1,43.5,16.89,36.59,0.3,0.91,2,29.0,26.5,10.0,4.0,69.5,ACCUMULATE ⭐⭐⭐,Expected ~50% CAGR (2yr) | Profit CAGR 26% | ROE 24% | ROCE 31% | ROCE trend rising ↑ | Nearly debt-free,None identified,2-3 years,Medium,"yfinance, screener.in",80,346,,2026-06-20,2026-06-01,19,-4.2,3,0.0
HEROMOTOCO,Hero MotoCorp Limited,Consumer Cyclical,Auto Manufacturers,99298.0,Large-Cap,MonthlyCupHandle,Forming,0.831,21,Cup 21mo | Depth 36% | Prior gain 66% | R²=0.98,MonthlyCupHandle+MonthlyDoubleBottom,Downtrend,False,False,Below-MAs,False,Stage2,3,Uptrend,Uptrend,4962.6,6106.48,3934.36,4218.21,17764.42,15941.21,28787.75,22614.1,221.2,79.2,17.3,15.56,4.59,0.63,12.39,302.0,3.23,5931.89,35,buy,28.5,35.8,2.91,15.0,0.6,12.11,12.51,15.85,11.55,8.9,31.99,27.3,14.49,25.7,0.15,highly inconsistent earnings,0.04,,1.91,,6278.06,6.32,34.73,0.0,,31.15,1.72,24.69,-1.59,6388.5,4190.0,22.3,18.4,25.16,51.48,0.44,0.5,7,38.0,13.97,12.0,5.0,69.0,ACCUMULATE ⭐⭐⭐,Expected ~79% CAGR (2yr) | Profit CAGR 27% | ROE 28% | ROCE 36% | ROCE trend rising ↑ | Nearly debt-free,Earnings due 2026-08-05 | Pattern still forming (not broken out),2-3 years,Medium,"yfinance, screener.in",100,288,2026-08-05,2026-06-20,2026-06-01,19,-0.9,3,-0.2
BSE,BSE Limited,Financial Services,Financial Data & Stock Exchanges,164121.0,Large-Cap,None,,0.0,0,,,Uptrend,True,False,Tight-Above-MAs,True,Stage2,12,Uptrend,Uptrend,4041.1,,,3434.93,2983.43,5790.59,15700.11,6843.99,43.3,19.7,67.12,40.36,20.87,0.52,38.34,25.0,19.43,4210.5,14,none,44.8,58.0,10.2,64.0,6.26,48.73,20.81,50.5,73.54,50.31,88.12,129.4,77.29,62.9,0.15,highly inconsistent earnings,0.0,,1.53,,5136.78,3.13,,,,19.42,1.97,25.09,1.35,4446.8,2021.5,9.1,99.9,71.1,1413.46,,0.27,6,40.0,15.0,6.0,8.0,69.0,ACCUMULATE ⭐⭐⭐,Expected ~20% CAGR (2yr) | Revenue CAGR 74% | Profit CAGR 129% | ROE 45% | ROCE 58% | ROCE trend rising ↑,High PE 67,2-3 years,Medium,"yfinance, screener.in",90,113,,2026-06-20,2026-06-01,19,-3.6,3,0.0
SOLARINDS,Solar Industries India Limited,Basic Materials,Specialty Chemicals,155127.0,Large-Cap,MonthlyCupHandle,Forming,0.872,12,Cup 12mo | Depth 23% | Prior gain 32% | R²=0.98,MonthlyCupHandle+MonthlyDoubleBottom,Uptrend,True,True,Tight-Above-MAs,True,Stage2,1,Uptrend,Uptrend,17409.0,17879.67,13845.0,14797.65,5234.73,21914.34,8697.61,6747.56,25.9,12.2,92.59,51.46,24.71,3.2,59.63,6.0,10.06,20131.92,12,none,31.5,36.8,3.57,27.0,1.83,17.05,15.45,30.48,12.45,31.35,34.86,28.9,43.25,70.0,0.4,lumpy earner,0.23,,2.06,,-1315.16,-0.85,73.15,0.0,,6.59,-0.15,12.89,-0.02,18874.0,11646.0,7.8,49.5,27.12,339.09,0.47,0.2,6,36.0,25.96,1.0,6.0,69.0,ACCUMULATE ⭐⭐⭐,Expected ~12% CAGR (2yr) | Profit CAGR 29% | ROE 32% | ROCE 37% | ROCE trend rising ↑ | Low D/E 0.23,High PE 93 | Earnings due 2026-08-06 | Pattern still forming (not broken out),2-3 years,Medium,"yfinance, screener.in",100,243,2026-08-06,2026-06-20,2026-06-01,19,-3.9,3,5.4
PIGL,Power & Instrumental (Gujarat) Limited,Industrials,Engineering & Construction,221.0,Micro-Cap,MonthlyDoubleBottom,Forming,1.0,18,Sep 18mo | Mid rally 153% | Asymmetry 4%,,Downtrend,False,False,Below-MAs,False,Stage2,4,Uptrend,Uptrend,103.97,92.78,35.99,88.37,252.49,392.26,609.42,392.26,277.3,94.2,23.03,,1.18,0.42,8.74,19.0,0.0,,0,none,11.0,15.5,1.2,10.0,0.8,6.59,6.86,29.59,32.57,,25.0,55.36,,29.5,0.4,lumpy earner,0.08,,2.44,,32.42,14.65,50.7,4.41,,0.01,0.01,0.75,0.75,189.7,88.05,45.2,18.1,-16.67,127.82,0.61,0.46,5,40.0,16.0,13.0,0.0,69.0,ACCUMULATE ⭐⭐⭐,Expected ~94% CAGR (2yr) | Revenue CAGR 33% | Profit CAGR 55% | ROCE trend rising ↑ | Nearly debt-free | Promoter 51% holding,Pattern still forming (not broken out),2-3 years,Medium,"yfinance, screener.in",100,97,,2026-06-20,2026-06-01,19,0.0,3,9.0
RADICO,Radico Khaitan Limited,Consumer Defensive,Beverages - Wineries & Distilleries,47434.0,Large-Cap,MonthlyDoubleBottom,Forming,0.7,13,Sep 13mo | Mid rally 71% | Asymmetry 1%,,Uptrend,True,False,Tight-Above-MAs,True,Stage2,15,Uptrend,Uptrend,3599.9,146.19,85.13,3059.91,3521.52,4516.2,6904.15,4930.83,25.5,12.0,78.74,49.06,14.29,1.97,40.28,15.0,10.06,3894.25,20,strong_buy,20.3,24.2,0.89,17.0,0.03,8.84,,24.92,24.53,20.57,74.57,40.02,16.87,62.3,0.15,highly inconsistent earnings,0.21,,,,,,40.2,-0.01,,17.63,-2.19,27.35,3.32,3679.0,2500.0,2.2,44.0,45.46,176.84,0.78,0.24,3,32.0,23.9,3.0,10.0,68.9,ACCUMULATE ⭐⭐⭐,Expected ~12% CAGR (2yr) | Revenue CAGR 25% | Profit CAGR 40% | ROE 20% | ROCE 24% | ROCE trend rising ↑,High PE 79 | Earnings due 2026-07-30 | Pattern still forming (not broken out),2-3 years,Medium,"yfinance, screener.in",80,276,2026-07-30,2026-06-20,2026-06-01,19,0.0,3,0.0
STYLAMIND,Stylam Industries Limited,Consumer Cyclical,"Furnishings, Fixtures & Appliances",5393.0,Small-Cap,MonthlyStage2,Stage Change,1.0,24,10-EMA=2204 | 30-EMA=1924 | Above by 44.1% | MA turning=Yes,MonthlyCupHandle+MonthlyDoubleBottom+MonthlyStage2,Uptrend,True,True,Tight-Above-MAs,True,Stage2,3,Uptrend,Uptrend,2773.0,1924.22,1576.4,2357.05,3848.28,3844.29,5181.82,4465.55,38.6,17.7,35.97,23.92,6.74,2.24,24.48,0.0,,2912.4,5,buy,20.5,27.0,0.66,20.0,0.14,13.27,14.22,10.15,5.85,18.66,22.95,16.04,22.22,29.3,0.15,highly inconsistent earnings,0.04,,3.48,,-39.14,-0.73,54.1,1.91,,2.81,0.77,13.31,0.07,3279.0,1593.7,15.4,74.0,76.96,52.25,1.03,0.11,5,27.0,28.5,3.0,10.0,68.5,ACCUMULATE ⭐⭐⭐,Expected ~18% CAGR (2yr) | ROE 20% | ROCE 27% | ROCE trend rising ↑ | Nearly debt-free | Promoter 54% holding,None identified,2-3 years,Medium,"yfinance, screener.in",100,58,,2026-06-20,2026-06-01,19,0.0,3,-2.0
DRCSYSTEMS,DRC Systems India Limited,Technology,Information Technology Services,204.0,Micro-Cap,MonthlyDoubleBottom,Forming,1.0,32,Sep 32mo | Mid rally 201% | Asymmetry 2%,,Downtrend,False,False,Below-MAs,False,Downtrend,0,Uptrend,Uptrend,14.17,34.9,11.5,12.04,65.62,91.53,127.67,91.53,545.9,154.2,10.12,,1.81,0.26,7.16,0.0,,,0,none,22.6,25.2,-1.8,28.0,4.1,20.17,10.52,47.69,54.56,,26.67,39.49,,17.0,0.15,highly inconsistent earnings,0.0,,0.48,,38.65,18.93,20.63,0.0,,0.0,0.0,0.35,0.0,23.68,11.5,40.2,23.2,-16.17,-12.64,0.16,0.54,5,40.0,15.5,13.0,0.0,68.5,ACCUMULATE ⭐⭐⭐,Expected ~154% CAGR (2yr) | Revenue CAGR 55% | Profit CAGR 39% | ROE 23% | ROCE 25% | Nearly debt-free,Pattern still forming (not broken out),2-3 years,Medium,"yfinance, screener.in",100,64,,2026-06-20,2026-06-01,19,-10.4,3,0.0
PIXTRANS,PIX Transmissions Limited,Industrials,Specialty Industrial Machinery,2186.0,Small-Cap,MonthlyDoubleBottom,Forming,1.0,14,Sep 14mo | Mid rally 133% | Asymmetry 4%,MonthlyDoubleBottom+MonthlyStage2,Uptrend,True,False,Tight-Above-MAs,True,Stage2,4,Uptrend,Uptrend,1531.9,2783.67,1173.0,1302.12,3010.44,4394.34,4196.71,3554.43,186.9,69.4,20.45,,3.14,1.13,11.77,56.0,14.47,,0,none,16.5,21.8,-0.34,26.0,-0.34,18.36,11.08,-1.19,6.19,8.9,-5.31,18.07,10.48,-10.7,0.15,highly inconsistent earnings,0.04,,6.86,,113.22,5.18,62.06,0.0,,0.41,-0.57,2.51,0.96,1706.0,1220.1,10.2,25.6,3.82,45.58,0.29,-0.05,4,30.0,27.5,8.0,3.0,68.5,ACCUMULATE ⭐⭐⭐,Expected ~69% CAGR (2yr) | ROCE 22% | Nearly debt-free | Promoter 62% holding | OPM 26% | FCF yield 5.2%,Pattern still forming (not broken out),2-3 years,Medium,"yfinance, screener.in",100,50,,2026-06-20,2026-06-01,19,0.0,3,0.0
TALBROAUTO,Talbros Automotive Components Limited,Consumer Cyclical,Auto Parts,2221.0,Small-Cap,MonthlyStage2,Stage Change,1.0,24,10-EMA=288 | 30-EMA=264 | Above by 25.3% | MA turning=Yes,MonthlyDoubleBottom+MonthlyStage2,Uptrend,True,False,Tight-Above-MAs,True,Stage2,3,Uptrend,Uptrend,330.5,263.85,215.33,280.93,885.09,1087.95,1337.31,1087.95,229.2,81.4,21.32,,2.99,0.93,16.04,21.0,11.87,,0,none,15.1,18.6,1.0,16.0,0.74,11.97,6.38,5.2,10.38,14.4,10.64,22.92,21.67,18.9,0.15,highly inconsistent earnings,0.11,,1.96,,20.53,0.92,58.43,0.0,,0.49,-0.12,0.09,0.0,379.7,219.9,13.0,50.3,17.11,101.14,0.7,0.35,7,26.0,28.5,10.0,4.0,68.5,ACCUMULATE ⭐⭐⭐,Expected ~81% CAGR (2yr) | Profit CAGR 23% | ROCE trend rising ↑ | Low D/E 0.11 | Promoter 58% holding | Piotroski F=7 (high quality compounder),None identified,2-3 years,Medium,"yfinance, screener.in",100,237,,2026-06-20,2026-06-01,19,0.0,3,0.0
WEBELSOLAR,Websol Energy System Limited,Technology,Solar,4499.0,Small-Cap,MonthlyStage2,Stage Change,1.0,24,10-EMA=98 | 30-EMA=89 | Above by 18.0% | MA turning=Yes,MonthlyDoubleBottom+MonthlyStage2,Sideways-Above-MA,True,False,Constructive,True,Downtrend,0,Uptrend,Uptrend,105.57,89.5,55.32,89.73,583.68,1425.92,3483.53,1425.92,1250.7,267.5,14.85,,11.18,0.1,10.9,0.0,0.0,,0,none,66.9,63.2,,41.0,-3.0,28.87,31.73,82.43,,,95.48,,,157.9,0.5,insufficient history,0.21,,2.94,,-57.61,-1.28,29.72,2.01,,4.12,-1.28,0.32,0.01,157.3,50.4,32.9,109.5,-11.47,1101.29,0.58,0.25,4,35.0,21.5,12.0,0.0,68.5,ACCUMULATE ⭐⭐⭐,Expected ~268% CAGR (2yr) | Revenue CAGR 132% | Profit CAGR 144% | ROE 67% | ROCE 63% | Low D/E 0.21,Margin compression ↓,2-3 years,Medium,"yfinance, screener.in",80,229,,2026-06-20,2026-06-01,19,0.0,3,0.0
TPLPLASTEH,TPL Plastech Limited,Consumer Cyclical,Packaging & Containers,520.0,Small-Cap,MonthlyDoubleBottom,Forming,1.0,24,Sep 24mo | Mid rally 165% | Asymmetry 1%,,Sideways-Above-MA,True,False,Constructive,True,Stage2,3,Uptrend,Uptrend,63.73,133.28,50.01,54.17,199.64,243.4,296.76,243.4,281.9,95.4,17.89,,3.41,0.82,11.08,150.0,35.72,,0,none,18.4,22.3,1.2,11.0,0.03,6.88,10.56,21.2,16.0,14.39,20.83,21.92,21.4,18.0,0.15,highly inconsistent earnings,0.11,,2.08,,27.6,5.3,74.86,0.0,,0.5,0.05,0.04,-0.04,83.44,50.01,23.6,27.4,-13.24,37.9,0.95,0.05,7,35.0,22.5,10.0,1.0,68.5,ACCUMULATE ⭐⭐⭐,Expected ~95% CAGR (2yr) | Revenue CAGR 16% | Profit CAGR 22% | ROCE 22% | ROCE trend rising ↑ | Low D/E 0.11,Pattern still forming (not broken out),2-3 years,Medium,"yfinance, screener.in",100,133,,2026-06-20,2026-06-01,19,0.0,3,2.0
BEL,Bharat Electronics Limited,Industrials,Aerospace & Defense,297143.0,Large-Cap,MonthlyDoubleBottom,Forming,1.0,41,Sep 41mo | Mid rally 112% | Asymmetry 5%,,Sideways-Above-MA,True,False,Constructive,False,Stage2,4,Uptrend,Uptrend,406.5,55.0,25.4,345.52,377.88,483.16,605.85,478.48,18.9,9.0,49.03,35.78,12.39,1.84,35.86,107.0,2.7,490.18,28,none,27.6,36.5,2.46,29.0,1.51,21.96,10.97,16.16,15.9,14.37,13.88,26.62,23.62,4.6,0.75,consistent growth,0.0,,1.98,,-390.91,-0.13,51.14,0.0,,19.51,1.0,20.0,-0.47,473.45,361.2,14.1,12.5,11.43,199.86,0.32,0.24,6,39.0,22.5,3.0,4.0,68.5,ACCUMULATE ⭐⭐⭐,Expected ~9% CAGR (2yr) | Revenue CAGR 16% | Profit CAGR 27% | ROE 28% | ROCE 36% | ROCE trend rising ↑,Earnings due 2026-08-03 | Pattern still forming (not broken out),2-3 years,Medium,"yfinance, screener.in",100,288,2026-08-03,2026-06-20,2026-06-01,19,-3.9,3,7.0
AJANTPHARM,Ajanta Pharma Limited,Healthcare,Drug Manufacturers - Specialty & Generic,39117.0,Large-Cap,MonthlyCupHandle,Forming,0.924,19,Cup 19mo | Depth 19% | Prior gain 44% | R²=0.94,MonthlyCupHandle+MonthlyDoubleBottom,Uptrend,True,False,Tight-Above-MAs,True,Stage2,5,Uptrend,Uptrend,3131.0,3174.87,2558.14,2661.35,4703.76,4751.77,6949.53,5717.43,51.8,23.2,37.04,27.49,8.64,1.72,25.84,179.0,58.74,3303.29,14,strong_buy,25.4,32.3,0.51,26.0,-1.2,19.37,14.82,17.32,13.36,13.54,14.78,21.55,10.06,18.4,0.15,highly inconsistent earnings,0.06,,2.64,,0.87,0.0,66.25,0.0,,8.26,0.29,18.36,-0.22,3314.9,2329.9,5.5,34.4,19.7,73.66,0.6,0.2,6,34.0,27.09,3.0,4.0,68.1,ACCUMULATE ⭐⭐⭐,Expected ~23% CAGR (2yr) | Profit CAGR 22% | ROE 25% | ROCE 32% | ROCE trend rising ↑ | Nearly debt-free,Margin compression ↓ | Pattern still forming (not broken out),2-3 years,Medium,"yfinance, screener.in",100,288,,2026-06-20,2026-06-01,19,-3.6,3,-2.8
RML,Rane (Madras) Limited,Consumer Cyclical,Auto Parts,2550.0,Small-Cap,MonthlyStage2,Breaking Out,1.0,24,10-EMA=799 | 30-EMA=769 | Above by 15.9% | MA turning=Yes,MonthlyDoubleBottom+MonthlyStage2,Uptrend,True,False,Constructive,True,Stage2,3,Uptrend,Uptrend,891.15,768.71,601.53,757.48,3439.75,5255.6,8030.03,5255.6,489.8,142.8,23.75,,3.4,0.45,9.58,173.0,100.0,,0,none,15.5,14.0,3.51,9.0,1.34,2.78,5.03,13.42,17.95,24.98,181.58,52.79,121.65,5.2,0.15,highly inconsistent earnings,1.0,,0.92,,107.07,4.2,70.45,0.0,,0.06,0.01,0.97,-0.06,1049.0,608.5,15.0,46.5,5.64,0.53,3.21,0.46,6,26.0,27.0,12.0,3.0,68.0,ACCUMULATE ⭐⭐⭐,Expected ~143% CAGR (2yr) | Revenue CAGR 18% | Profit CAGR 53% | ROCE trend rising ↑ | Promoter 70% holding | FCF yield 4.2%,High D/E 1.0,2-3 years,Medium,"yfinance, screener.in",100,250,,2026-06-20,2026-06-01,19,0.0,3,0.0
GENUSPOWER,Genus Power Infrastructures Limited,Industrials,Electrical Equipment & Parts,8818.0,Mid-Cap,MonthlyDoubleBottom,Forming,1.0,23,Sep 23mo | Mid rally 136% | Asymmetry 2%,MonthlyDoubleBottom+MonthlyStage2,Uptrend,True,False,Uptrend,True,Stage2,4,Uptrend,Uptrend,318.8,482.57,202.74,270.98,2095.66,5727.45,15653.12,5727.45,1696.6,323.9,14.97,12.5,3.98,0.09,11.32,77.0,114.0,445.0,2,none,29.0,23.9,2.94,19.0,1.17,12.47,10.03,94.55,80.49,50.81,90.35,173.3,53.71,39.3,0.15,highly inconsistent earnings,1.04,,1.75,,-1130.65,-12.82,39.34,0.0,,18.89,0.15,3.34,0.13,394.0,206.36,19.1,54.5,-5.27,56.46,0.4,0.29,5,29.0,26.0,12.0,1.0,68.0,ACCUMULATE ⭐⭐⭐,Expected ~324% CAGR (2yr) | Revenue CAGR 80% | Profit CAGR 173% | ROE 29% | ROCE 24% | ROCE trend rising ↑,High D/E 1.0 | Pattern still forming (not broken out),2-3 years,Medium,"yfinance, screener.in",100,252,,2026-06-20,2026-06-01,19,3.1,3,5.0
SENCO,Senco Gold Limited,Consumer Cyclical,Luxury Goods,5543.0,Small-Cap,MonthlyDoubleBottom,Forming,0.325,8,Sep 8mo | Mid rally 41% | Asymmetry 8%,MonthlyDoubleBottom+MonthlyStage2,Uptrend,True,False,Tight-Above-MAs,True,Stage2,3,Uptrend,Uptrend,352.55,403.94,276.0,299.67,3368.62,3293.55,7961.04,5178.58,834.2,205.6,9.65,13.68,2.2,0.18,7.97,52.0,14.47,466.0,6,none,25.6,20.9,-0.29,11.0,0.37,6.81,9.39,33.22,27.4,25.95,261.01,53.73,56.57,151.3,0.15,highly inconsistent earnings,1.07,,1.54,,-224.74,-4.05,64.49,0.02,,7.6,-0.61,12.61,0.53,404.85,276.0,12.9,27.7,17.89,51.48,0.23,0.48,4,30.0,18.9,16.0,3.0,67.9,ACCUMULATE ⭐⭐⭐,Expected ~206% CAGR (2yr) | Revenue CAGR 27% | Profit CAGR 54% | ROE 26% | ROCE 21% | Promoter 64% holding,High D/E 1.1 | Pattern still forming (not broken out),2-3 years,Medium,"yfinance, screener.in",100,36,,2026-06-20,2026-06-01,19,5.2,3,7.0
BANCOINDIA,Banco Products (India) Limited,Consumer Cyclical,Auto Parts,9863.0,Mid-Cap,MonthlyDoubleBottom,Forming,0.71,8,Sep 8mo | Mid rally 75% | Asymmetry 4%,,Sideways-Above-MA,True,False,Constructive,True,Stage2,3,Uptrend,Uptrend,689.55,41.16,23.09,586.12,1979.03,2511.0,3185.95,2511.0,264.2,90.8,21.41,,5.85,0.8,15.14,232.0,-10.07,,0,none,31.2,30.9,2.43,17.0,1.11,12.36,11.57,21.26,18.66,20.51,22.96,26.88,33.42,-4.0,0.75,consistent growth,0.36,,2.25,,-17.15,-0.17,67.88,0.0,,4.06,0.06,0.22,0.0,879.8,502.0,21.6,37.4,23.85,315.65,0.31,0.65,6,35.0,17.52,10.0,5.0,67.5,ACCUMULATE ⭐⭐⭐,Expected ~91% CAGR (2yr) | Revenue CAGR 19% | Profit CAGR 27% | ROE 31% | ROCE 31% | ROCE trend rising ↑,Pattern still forming (not broken out),2-3 years,Medium,"yfinance, screener.in",100,235,,2026-06-20,2026-06-01,19,16.8,3,-1.0
IPCALAB,Ipca Laboratories Limited,Healthcare,Drug Manufacturers - Specialty & Generic,40161.0,Large-Cap,MonthlyStage2,Stage Change,1.0,24,10-EMA=1509 | 30-EMA=1371 | Above by 20.8% | MA turning=Yes,MonthlyDoubleBottom+MonthlyStage2,Uptrend,True,True,Uptrend,True,Stage2,5,Uptrend,Uptrend,1656.2,1371.34,1124.94,1407.77,3339.08,3396.7,6104.41,4514.76,105.1,43.2,35.21,24.08,4.98,1.0,20.84,38.0,-20.63,1719.61,18,buy,16.0,17.3,-2.37,21.0,-1.43,11.83,8.08,8.42,15.85,12.32,50.83,35.21,0.74,341.0,0.15,highly inconsistent earnings,0.09,,2.76,,751.99,1.87,44.72,0.0,,10.63,0.01,37.13,0.14,1678.3,1251.6,1.3,32.3,27.05,101.6,0.96,0.06,5,26.0,26.5,9.0,6.0,67.5,ACCUMULATE ⭐⭐⭐,Expected ~43% CAGR (2yr) | Revenue CAGR 16% | Profit CAGR 35% | Nearly debt-free | Margin compressing ↓ ⚠️ | Piotroski F=5 (above average quality),Margin compression ↓ | Earnings due 2026-08-10,2-3 years,Medium,"yfinance, screener.in",100,365,2026-08-10,2026-06-20,2026-06-01,19,0.0,3,-1.0
FILATEX,Filatex India Limited,Consumer Cyclical,Textile Manufacturing,2306.0,Small-Cap,MonthlyDoubleBottom,Forming,1.0,40,Sep 40mo | Mid rally 123% | Asymmetry 6%,MonthlyDoubleBottom+MonthlyStage2,Sideways-Above-MA,True,True,Constructive,True,Stage2,3,Uptrend,Uptrend,51.92,77.41,33.85,44.13,344.45,499.52,724.4,499.52,862.1,210.2,12.57,3.91,2.4,0.28,4.76,62.0,35.72,,0,none,12.9,16.9,1.2,8.0,-0.11,4.33,,-2.14,29.23,26.63,36.57,45.02,47.74,16.6,1.0,steady compounder (low CV),0.1,,,,,,65.47,0.09,,4.22,-0.29,2.78,0.4,66.1,36.26,21.5,43.2,-1.21,16.4,0.9,0.04,2,32.0,22.5,12.0,1.0,67.5,ACCUMULATE ⭐⭐⭐,Expected ~210% CAGR (2yr) | Revenue CAGR 29% | Profit CAGR 45% | ROCE trend rising ↑ | Low D/E 0.10 | Promoter 65% holding,Pattern still forming (not broken out),2-3 years,Medium,"yfinance, screener.in",80,179,,2026-06-20,2026-06-01,19,22.5,3,4.0
ARVSMART,Arvind SmartSpaces Limited,Real Estate,Real Estate - Development,2632.0,Small-Cap,MonthlyDoubleBottom,Forming,1.0,42,Sep 42mo | Mid rally 291% | Asymmetry 2%,,Uptrend,True,False,Uptrend,True,Stage2,3,Uptrend,Uptrend,573.9,228.17,57.67,487.81,1164.26,1402.92,2774.44,1797.27,144.5,56.4,27.39,16.17,3.88,0.5,20.12,105.0,100.0,811.4,5,none,15.5,12.9,1.69,27.0,0.83,17.1,2.9,-20.9,30.12,30.5,-13.45,54.37,62.82,121.0,0.15,highly inconsistent earnings,0.65,,1.21,,-44.3,-1.68,53.83,4.0,,0.67,-0.16,8.6,-7.22,718.4,486.8,20.1,17.9,-2.35,48.52,0.11,0.17,4,30.0,26.5,10.0,1.0,67.5,ACCUMULATE ⭐⭐⭐,Expected ~56% CAGR (2yr) | Revenue CAGR 30% | Profit CAGR 54% | ROCE trend rising ↑ | Promoter 54% holding | Promoters buying ↑,Pattern still forming (not broken out),2-3 years,Medium,"yfinance, screener.in",100,131,,2026-06-20,2026-06-01,19,-2.6,3,6.0
INOXINDIA,INOX India Limited,Industrials,Specialty Industrial Machinery,16412.0,Mid-Cap,MonthlyCupHandle,Forming,0.865,23,Cup 23mo | Depth 29% | Prior gain 47% | R²=0.98,MonthlyCupHandle+MonthlyDoubleBottom,Uptrend,True,False,Tight-Above-MAs,True,Stage2,4,Uptrend,Uptrend,1428.9,1485.7,1055.87,1214.57,910.75,1915.53,1279.12,1079.33,34.1,15.8,63.69,42.55,14.68,3.44,48.38,11.0,0.0,1700.0,3,none,26.1,33.5,0.57,22.0,-0.03,16.25,10.24,21.52,18.0,21.72,14.16,18.51,21.86,14.8,0.75,consistent growth,0.07,,1.79,,-59.99,-0.37,75.0,0.0,,7.13,-0.01,7.72,0.45,1980.0,1065.0,27.8,34.2,24.08,,1.76,0.64,5,34.0,26.38,1.0,6.0,67.4,ACCUMULATE ⭐⭐⭐,Expected ~16% CAGR (2yr) | Revenue CAGR 18% | ROE 26% | ROCE 34% | ROCE trend rising ↑ | Nearly debt-free,High PE 64 | Pattern still forming (not broken out),2-3 years,Medium,"yfinance, screener.in",100,30,,2026-06-20,2026-06-01,19,0.0,3,0.0
ADANIPORTS,Adani Ports and Special Economic Zone Limited,Industrials,Marine Shipping,417685.0,Large-Cap,MonthlyCupHandle,Forming,0.782,21,Cup 21mo | Depth 33% | Prior gain 76% | R²=0.99,MonthlyCupHandle+MonthlyDoubleBottom,Uptrend,True,False,Tight-Above-MAs,True,Stage2,4,Uptrend,Uptrend,1812.9,1789.96,1202.57,1540.97,2793.26,3013.57,4966.29,3724.53,66.2,28.9,31.15,23.46,4.35,0.93,21.25,41.0,14.47,1947.12,25,strong_buy,16.4,14.1,0.43,59.0,-0.91,33.06,6.76,27.11,22.93,25.28,15.56,33.34,20.41,10.4,0.15,highly inconsistent earnings,0.64,,1.39,,-3192.01,-0.76,68.02,0.0,,13.25,0.15,13.86,-0.03,1857.8,1290.5,2.4,40.5,36.65,117.2,0.48,0.52,4,25.0,25.38,7.0,10.0,67.4,ACCUMULATE ⭐⭐⭐,Expected ~29% CAGR (2yr) | Revenue CAGR 23% | Profit CAGR 33% | ROCE trend rising ↑ | Promoter 68% holding | OPM 59%,Margin compression ↓ | Earnings due 2026-04-30 | Pattern still forming (not broken out),2-3 years,Medium,"yfinance, screener.in",100,224,2026-04-30,2026-06-20,2026-06-01,19,2.8,3,1.0
BLSE,BLS E-SERVICES LIMITED,Industrials,Specialty Business Services,2071.0,Small-Cap,MonthlyDoubleBottom,Forming,0.774,11,Sep 11mo | Mid rally 82% | Asymmetry 5%,,Uptrend,True,False,Tight-Above-MAs,True,Stage2,4,Uptrend,Uptrend,228.4,231.7,124.3,194.14,344.33,520.28,786.14,520.28,127.8,50.9,36.08,,3.98,0.71,23.29,66.0,-50.0,,0,none,11.4,17.0,-5.7,7.0,0.43,5.14,5.98,115.41,66.32,77.2,16.95,51.1,87.22,11.7,0.15,highly inconsistent earnings,0.01,,2.85,,39.32,1.9,69.81,0.92,,0.46,-0.53,0.01,-0.1,236.9,124.3,3.6,83.7,29.51,,0.38,0.18,6,29.0,24.29,6.0,8.0,67.3,ACCUMULATE ⭐⭐⭐,Expected ~51% CAGR (2yr) | Revenue CAGR 66% | Profit CAGR 51% | Nearly debt-free | Promoter 70% holding | Piotroski F=6 (above average quality),Pattern still forming (not broken out),2-3 years,Medium,"yfinance, screener.in",100,29,,2026-06-20,2026-06-01,19,13.6,3,6.0
SHAILY,Shaily Engineering Plastics Limited,Basic Materials,Specialty Chemicals,13670.0,Mid-Cap,None,,0.0,0,,,Uptrend,True,False,Tight-Above-MAs,True,Stage2,1,Uptrend,Uptrend,2968.8,,,2523.48,1346.51,2775.25,3861.7,2280.31,,,80.65,38.18,21.49,1.16,49.34,7.0,100.0,3517.67,6,none,26.9,29.3,6.0,28.0,3.3,17.15,13.87,25.92,17.75,,82.8,69.35,,40.5,0.4,lumpy earner,0.25,,1.25,,-11.78,-0.09,43.39,0.0,,16.73,4.72,10.61,-3.03,3233.9,1535.9,8.2,93.3,91.93,1000.06,,-0.13,5,39.0,15.0,5.0,8.0,67.0,ACCUMULATE ⭐⭐⭐,Revenue CAGR 18% | Profit CAGR 69% | ROE 27% | ROCE 29% | ROCE trend rising ↑ | Low D/E 0.25,High PE 81,2-3 years,Medium,"yfinance, screener.in",100,51,,2026-06-20,2026-06-01,19,12.6,3,-3.0
INDOTHAI,Indo Thai Securities Limited,Financial Services,Capital Markets,3076.0,Small-Cap,MonthlyDoubleBottom,Forming,0.878,30,Sep 30mo | Mid rally 95% | Asymmetry 7%,,Downtrend,False,False,Below-MAs,False,Stage2,12,Uptrend,Uptrend,268.5,47.7,23.57,228.22,239.25,448.78,841.82,448.78,67.1,29.3,45.47,,10.81,0.52,,7.0,0.0,,0,none,28.6,34.6,0.66,83.0,4.43,65.09,21.98,285.19,135.13,36.43,725.0,87.58,48.96,,0.15,highly inconsistent earnings,0.08,,1.95,,,,56.5,-0.27,,1.22,-0.06,0.49,0.3,466.35,143.65,42.4,86.9,56.9,932.19,0.75,1.3,5,40.0,15.04,6.0,6.0,67.0,ACCUMULATE ⭐⭐⭐,Expected ~29% CAGR (2yr) | Revenue CAGR 135% | Profit CAGR 88% | ROE 29% | ROCE 35% | ROCE trend rising ↑,Pattern still forming (not broken out),2-3 years,Medium,"yfinance, screener.in",90,175,,2026-06-20,2026-06-01,19,0.0,3,-2.0
BLS,BLS International Services Limited,Industrials,Specialty Business Services,10786.0,Mid-Cap,MonthlyDoubleBottom,Forming,1.0,11,Sep 11mo | Mid rally 150% | Asymmetry 3%,,Downtrend,False,False,Below-MAs,False,Stage2,4,Uptrend,Uptrend,262.1,69.59,27.34,222.79,913.72,1393.69,2125.8,1393.69,431.7,130.6,15.75,12.19,4.38,0.3,12.24,114.0,38.67,330.0,1,none,32.7,29.3,3.57,27.0,4.2,22.9,13.79,36.71,25.52,44.37,34.07,52.53,70.67,31.6,0.75,consistent growth,0.15,,2.91,,448.12,4.15,70.39,0.0,,6.14,-0.23,2.99,0.07,414.9,218.9,36.8,19.7,-25.73,-10.24,0.22,-0.27,7,40.0,15.0,12.0,0.0,67.0,ACCUMULATE ⭐⭐⭐,Expected ~131% CAGR (2yr) | Revenue CAGR 26% | Profit CAGR 53% | ROE 33% | ROCE 29% | ROCE trend rising ↑,Pattern still forming (not broken out),2-3 years,Medium,"yfinance, screener.in",100,121,,2026-06-20,2026-06-01,19,0.0,3,0.0
LALPATHLAB,Dr. Lal PathLabs Limited,Healthcare,Diagnostics & Research,26741.0,Mid-Cap,MonthlyStage2,Breaking Out,1.0,24,10-EMA=1472 | 30-EMA=1405 | Above by 21.3% | MA turning=Yes,MonthlyDoubleBottom+MonthlyStage2,Sideways-Above-MA,True,False,Constructive,True,Stage2,5,Uptrend,Uptrend,1703.7,1404.72,1142.76,1448.14,2130.66,2315.74,3512.18,2735.56,35.9,16.6,50.5,38.87,10.67,1.78,32.78,87.0,-16.45,1686.0,26,buy,22.5,28.3,-0.51,28.0,0.17,18.27,13.23,12.27,11.06,11.81,3.66,28.39,11.5,-15.2,0.15,highly inconsistent earnings,0.08,,3.48,,400.37,1.5,53.21,0.0,,17.18,-3.11,21.37,2.17,1770.0,1272.6,3.7,33.9,30.64,32.18,2.5,0.19,6,33.0,24.0,2.0,8.0,67.0,ACCUMULATE ⭐⭐⭐,Expected ~17% CAGR (2yr) | Profit CAGR 28% | ROE 22% | ROCE 28% | Nearly debt-free | Promoter 53% holding,High PE 51 | Earnings due 2026-04-30,2-3 years,Medium,"yfinance, screener.in",100,126,2026-04-30,2026-06-20,2026-06-01,19,0.0,3,0.0
POLYCAB,Polycab India Limited,Industrials,Electrical Equipment & Parts,143836.0,Large-Cap,None,,0.0,0,,,Uptrend,True,False,Tight-Above-MAs,True,Stage2,4,Uptrend,Uptrend,9162.5,,,7788.12,7827.37,9757.63,12878.52,10040.16,6.5,3.2,54.05,38.69,11.98,1.91,34.43,49.0,35.72,9333.84,31,buy,24.5,34.3,2.46,14.0,0.43,9.25,13.56,28.9,26.98,26.86,32.36,28.27,25.04,6.3,0.4,lumpy earner,0.03,,1.84,,1620.23,1.13,61.5,0.0,,18.21,3.39,7.95,-3.18,9833.0,5787.0,6.8,58.3,48.36,139.42,,0.64,7,40.0,15.0,2.0,10.0,67.0,ACCUMULATE ⭐⭐⭐,Expected ~3% CAGR (2yr) | Revenue CAGR 27% | Profit CAGR 28% | ROE 24% | ROCE 34% | ROCE trend rising ↑,High PE 54 | Earnings due 2026-07-16,2-3 years,Medium,"yfinance, screener.in",100,86,2026-07-16,2026-06-20,2026-06-01,19,0.0,3,0.0
KRISHNADEF,KRISHNA DEF AND ALD IND L,Industrials,Specialty Industrial Machinery,1702.0,Small-Cap,None,,0.0,0,,,Uptrend,True,False,Uptrend,True,Stage2,4,Uptrend,Uptrend,1171.6,,,995.86,1445.97,2915.81,5879.73,2915.81,148.9,57.8,58.82,,9.3,0.58,25.21,8.0,0.0,,0,none,25.4,30.4,6.5,21.0,2.2,16.88,21.75,26.29,56.43,,86.36,101.65,,72.9,1.0,steady compounder (low CV),0.01,,3.99,,72.04,4.23,59.96,-0.06,,0.61,0.45,2.06,0.86,1313.0,665.0,10.8,76.2,38.47,529.09,,0.93,7,40.0,13.0,6.0,8.0,67.0,ACCUMULATE ⭐⭐⭐,Expected ~58% CAGR (2yr) | Revenue CAGR 56% | Profit CAGR 102% | ROE 25% | ROCE 30% | ROCE trend rising ↑,High PE 59,2-3 years,Medium,"yfinance, screener.in",100,50,,2026-06-20,2026-06-01,19,0.0,3,1.0
CARERATING,CARE Ratings Limited,Financial Services,Financial Data & Stock Exchanges,4888.0,Small-Cap,MonthlyDoubleBottom,Forming,0.925,14,Sep 14mo | Mid rally 93% | Asymmetry 1%,,Uptrend,True,False,Tight-Above-MAs,True,Stage2,12,Uptrend,Uptrend,1626.0,708.57,364.76,1382.1,1560.79,1981.73,2516.2,1981.73,21.9,10.4,28.57,20.79,5.24,1.06,22.66,135.0,23.86,2130.0,1,none,19.7,26.3,1.54,42.0,0.97,36.18,11.09,17.66,19.24,13.78,24.29,26.97,13.84,24.0,0.15,highly inconsistent earnings,0.03,,5.75,,132.32,2.71,,,,23.25,0.25,31.38,0.08,1935.0,1392.7,16.0,16.8,0.96,115.23,0.3,0.33,7,35.0,26.6,3.0,2.0,66.6,ACCUMULATE ⭐⭐⭐,Expected ~10% CAGR (2yr) | Revenue CAGR 19% | Profit CAGR 27% | ROCE 26% | ROCE trend rising ↑ | Nearly debt-free,Pattern still forming (not broken out),2-3 years,Medium,"yfinance, screener.in",90,163,,2026-06-20,2026-06-01,19,-7.4,3,6.0
NMDC,NMDC Limited,Basic Materials,Steel,79944.0,Large-Cap,MonthlyDoubleBottom,Forming,1.0,30,Sep 30mo | Mid rally 140% | Asymmetry 1%,,Uptrend,True,False,Tight-Above-MAs,True,Stage2,1,Uptrend,Uptrend,88.42,21.51,8.94,75.16,195.66,164.37,236.66,215.18,85.9,36.3,10.74,9.03,2.34,1.08,8.08,385.0,4.35,88.14,21,hold,23.4,27.6,-1.94,29.0,-5.29,23.23,12.29,34.15,21.99,15.85,14.26,9.98,3.49,37.2,0.15,highly inconsistent earnings,0.19,,2.43,,-1396.04,-1.75,60.79,0.0,,13.6,0.12,13.76,-0.3,97.49,66.8,9.3,32.4,35.12,138.78,1.16,0.61,4,23.0,28.5,7.0,8.0,66.5,ACCUMULATE ⭐⭐⭐,Expected ~36% CAGR (2yr) | Revenue CAGR 22% | ROE 23% | ROCE 28% | Low D/E 0.19 | Promoter 61% holding,Margin compression ↓ | Earnings due 2026-08-12 | Pattern still forming (not broken out),2-3 years,Medium,"yfinance, screener.in",100,220,2026-08-12,2026-06-20,2026-06-01,19,-0.7,3,-2.0
V2RETAIL,V2 Retail Limited,Consumer Cyclical,Apparel Retail,8149.0,Mid-Cap,MonthlyDoubleBottom,Forming,1.0,33,Sep 33mo | Mid rally 505% | Asymmetry 6%,,Sideways-Above-MA,True,True,Constructive,True,Stage2,3,Uptrend,Uptrend,226.03,55.56,8.93,192.13,728.39,1908.88,5002.6,1908.88,744.5,190.6,48.79,2.54,8.67,0.3,20.06,0.0,,,0,none,22.7,18.3,3.46,15.0,1.2,5.28,8.49,62.79,54.05,41.64,125.0,162.07,,172.0,0.2,multiple loss years in history,1.1,,1.44,,-463.56,-5.69,51.43,0.0,,2.62,-0.39,9.28,0.16,259.25,158.56,12.8,42.6,32.29,1585.11,1.0,0.21,4,25.0,22.5,11.0,8.0,66.5,ACCUMULATE ⭐⭐⭐,Expected ~191% CAGR (2yr) | Revenue CAGR 54% | Profit CAGR 162% | ROE 23% | ROCE trend rising ↑ | Promoter 51% holding,High D/E 1.1 | Pattern still forming (not broken out),2-3 years,Medium,"yfinance, screener.in",100,227,,2026-06-20,2026-06-01,19,0.0,3,0.0
ADOR,Ador Welding Limited,Industrials,Specialty Industrial Machinery,2029.0,Small-Cap,MonthlyDoubleBottom,Forming,1.0,24,Sep 24mo | Mid rally 155% | Asymmetry 1%,MonthlyDoubleBottom+MonthlyStage2,Uptrend,True,False,Tight-Above-MAs,True,Stage2,4,Uptrend,Uptrend,1165.7,320.97,125.09,990.85,2070.57,2528.99,3088.91,2528.99,117.0,47.3,24.75,15.63,3.66,1.12,14.47,224.0,16.96,1307.0,1,none,15.8,22.5,2.23,11.0,0.83,5.82,,1.51,19.92,16.73,36.67,22.14,26.82,73.4,0.15,highly inconsistent earnings,0.0,,,,,,53.76,0.02,,0.37,0.23,12.63,0.07,1260.0,848.0,7.5,37.5,23.42,-24.05,0.37,0.29,3,25.0,28.5,7.0,6.0,66.5,ACCUMULATE ⭐⭐⭐,Expected ~47% CAGR (2yr) | Revenue CAGR 20% | Profit CAGR 22% | ROCE 22% | ROCE trend rising ↑ | Nearly debt-free,Pattern still forming (not broken out),2-3 years,Medium,"yfinance, screener.in",80,262,,2026-06-20,2026-06-01,19,10.5,3,8.0
JBCHEPHARM,J. B. Chemicals & Pharmaceuticals Limited,Healthcare,Drug Manufacturers - Specialty & Generic,36249.0,Large-Cap,MonthlyDoubleBottom,Forming,0.662,29,Sep 29mo | Mid rally 74% | Asymmetry 8%,,Uptrend,True,False,Tight-Above-MAs,True,Stage2,5,Uptrend,Uptrend,2171.6,183.68,101.71,1845.86,2311.67,2568.1,3330.47,2774.69,18.3,8.7,50.76,30.97,8.72,2.53,32.12,82.0,35.34,2258.22,9,none,18.9,25.4,-0.8,27.0,0.46,17.11,12.48,5.87,9.62,15.22,7.42,20.03,9.57,-30.4,0.15,highly inconsistent earnings,0.0,,4.92,,506.48,1.4,48.8,1.25,,16.33,1.45,21.38,-1.97,2300.0,1603.5,5.6,35.4,38.4,65.57,0.81,-0.02,5,31.0,24.44,1.0,10.0,66.4,ACCUMULATE ⭐⭐⭐,Expected ~9% CAGR (2yr) | Profit CAGR 20% | ROCE 25% | Nearly debt-free | Promoters buying ↑ | OPM 27%,High PE 51 | Earnings due 2026-07-30 | Pattern still forming (not broken out),2-3 years,Medium,"yfinance, screener.in",100,287,2026-07-30,2026-06-20,2026-06-01,19,0.0,3,2.0
AUBANK,AU Small Finance Bank Limited,Financial Services,Banks - Regional,75996.0,Large-Cap,MonthlyDoubleBottom,Forming,0.647,39,Sep 39mo | Mid rally 71% | Asymmetry 6%,,Uptrend,True,False,Uptrend,True,Stage2,12,Uptrend,Uptrend,1015.5,811.12,460.2,863.17,1484.01,2182.88,5708.55,2910.6,115.0,46.6,28.99,16.74,3.8,0.3,,10.0,25.99,1091.31,26,buy,22.3,12.4,,35.55,,21.37,,18.49,28.91,,208.5,96.13,,65.2,0.4,lumpy earner,,,,,,,22.76,-0.03,,37.27,0.82,31.3,0.03,1079.55,682.15,5.9,48.9,41.75,20.13,0.4,,1,27.0,22.26,9.0,8.0,66.3,ACCUMULATE ⭐⭐⭐,Expected ~47% CAGR (2yr) | Revenue CAGR 29% | Profit CAGR 96% | ROE 22% | OPM 36% | FII buying +0.8% ↑,Earnings due 2026-07-16 | Pattern still forming (not broken out),2-3 years,Medium,"yfinance, screener.in",70,108,2026-07-16,2026-06-20,2026-06-01,19,4.5,3,2.0
BORORENEW,Borosil Renewables Limited,Technology,Solar,7640.0,Small-Cap,MonthlyDoubleBottom,Forming,0.896,36,Sep 36mo | Mid rally 91% | Asymmetry 1%,MonthlyCupHandle+MonthlyDoubleBottom+MonthlyStage2,Sideways-Above-MA,True,True,Constructive,True,Downtrend,0,Uptrend,Uptrend,544.6,721.0,374.4,462.91,437.53,1067.6,825.52,600.99,96.0,40.0,57.45,,5.05,1.54,16.18,0.0,4.0,,0,none,26.1,25.3,0.91,28.0,0.8,8.3,13.18,5.42,20.42,19.71,245.98,37.36,34.36,,0.2,multiple loss years in history,0.11,,4.76,,208.04,2.72,58.77,0.0,,4.27,0.26,2.33,-0.24,721.0,374.4,24.5,45.5,-6.61,-11.21,1.41,0.04,7,40.0,20.25,5.0,1.0,66.2,ACCUMULATE ⭐⭐⭐,Expected ~40% CAGR (2yr) | Revenue CAGR 20% | Profit CAGR 37% | ROE 26% | ROCE 25% | ROCE trend rising ↑,High PE 57 | Pattern still forming (not broken out),2-3 years,Medium,"yfinance, screener.in",100,98,,2026-06-20,2026-06-01,19,3.7,3,6.0
GRWRHITECH,Garware Hi-Tech Films Limited,Basic Materials,Specialty Chemicals,14245.0,Mid-Cap,MonthlyStage2,Stage Change,1.0,24,10-EMA=4429 | 30-EMA=3468 | Above by 76.8% | MA turning=Yes,MonthlyCupHandle+MonthlyStage2,Uptrend,True,False,Tight-Above-MAs,True,Stage2,1,Uptrend,Uptrend,6131.5,3467.86,2479.47,5211.77,3978.57,5042.84,6391.8,5042.84,,,42.19,33.65,5.36,1.58,31.02,20.0,6.27,,0,none,13.4,18.0,1.46,20.0,-0.0,15.95,8.55,0.52,13.81,16.47,2.11,26.75,21.82,39.1,0.15,highly inconsistent earnings,0.01,,4.43,,60.47,0.42,60.73,0.0,,3.98,0.02,5.28,-0.07,6320.0,2681.0,3.0,128.7,82.53,499.86,0.54,0.68,6,26.0,28.5,1.0,10.0,65.5,ACCUMULATE ⭐⭐⭐,Profit CAGR 27% | ROCE trend rising ↑ | Nearly debt-free | Promoter 61% holding | Piotroski F=6 (above average quality) | MonthlyStage2 forming (24mo base),None identified,2-3 years,Medium,"yfinance, screener.in",100,53,,2026-06-20,2026-06-01,19,10.7,3,-1.5
MPSLTD,MPS Limited,Communication Services,Publishing,3081.0,Small-Cap,MonthlyDoubleBottom,Forming,1.0,25,Sep 25mo | Mid rally 125% | Asymmetry 0%,,Sideways,False,False,Below-MAs,True,Downtrend,0,Uptrend,Uptrend,1828.9,3013.89,1336.1,1554.57,3597.02,4691.68,4894.55,4195.93,156.5,60.2,17.79,14.53,5.16,1.07,12.81,457.0,40.38,2500.0,1,none,31.2,39.3,3.0,31.0,0.94,22.54,15.89,5.64,15.3,12.67,16.11,16.65,24.0,-0.1,0.4,lumpy earner,0.1,,1.45,,194.33,6.31,68.34,0.0,,1.47,-0.16,1.96,0.8,2975.0,1336.1,38.5,36.9,-22.35,68.26,0.94,0.44,6,40.0,18.5,7.0,0.0,65.5,ACCUMULATE ⭐⭐⭐,Expected ~60% CAGR (2yr) | Revenue CAGR 15% | ROE 31% | ROCE 39% | ROCE trend rising ↑ | Low D/E 0.10,Pattern still forming (not broken out),2-3 years,Medium,"yfinance, screener.in",100,287,,2026-06-20,2026-06-01,19,0.0,3,0.0
TATAELXSI,Tata Elxsi Limited,Technology,Software - Application,25323.0,Mid-Cap,MonthlyDoubleBottom,Forming,1.0,40,Sep 40mo | Mid rally 193% | Asymmetry 1%,,Sideways,False,False,Below-MAs,True,Downtrend,0,Uptrend,Uptrend,4186.1,1365.89,463.42,3558.19,4982.56,5995.88,10166.05,7117.09,43.2,19.7,40.32,25.89,8.33,0.94,29.14,185.0,7.37,4314.07,15,none,39.3,60.0,7.09,21.0,0.97,16.62,12.87,9.55,16.35,16.95,41.67,42.84,15.79,27.8,0.15,highly inconsistent earnings,0.05,,3.92,,683.07,2.7,43.9,0.0,,11.08,2.52,11.39,-0.89,6487.0,3945.0,35.5,6.1,-25.19,-65.94,0.51,0.3,7,40.0,18.5,7.0,0.0,65.5,ACCUMULATE ⭐⭐⭐,Expected ~20% CAGR (2yr) | Revenue CAGR 16% | Profit CAGR 43% | ROE 39% | ROCE 60% | ROCE trend rising ↑,Earnings due 2026-07-09 | Pattern still forming (not broken out),2-3 years,Medium,"yfinance, screener.in",100,287,2026-07-09,2026-06-20,2026-06-01,19,0.0,3,0.0
TEMBO,Tembo Global Industries Limited,Industrials,Metal Fabrication,848.0,Small-Cap,MonthlyStage2,Stage Change,1.0,24,10-EMA=567 | 30-EMA=488 | Above by 16.8% | MA turning=Yes,MonthlyCupHandle+MonthlyDoubleBottom+MonthlyStage2,Sideways,False,False,Below-MAs,True,Stage2,4,Uptrend,Uptrend,569.65,487.8,226.64,484.2,4865.19,12343.95,31319.07,12343.95,2066.9,365.5,10.69,,3.38,0.07,6.92,36.0,-12.64,,0,none,27.5,22.8,3.54,13.0,1.49,8.38,10.0,46.51,63.37,59.98,92.16,153.72,117.79,83.6,0.4,lumpy earner,0.78,,1.92,,-341.83,-40.32,36.38,0.0,,8.58,-0.04,0.95,0.73,837.0,433.35,31.9,31.5,11.43,111.92,0.34,0.67,5,32.0,19.5,12.0,2.0,65.5,ACCUMULATE ⭐⭐⭐,Expected ~366% CAGR (2yr) | Revenue CAGR 63% | Profit CAGR 154% | ROE 28% | ROCE 23% | ROCE trend rising ↑,None identified,2-3 years,Medium,"yfinance, screener.in",100,94,,2026-06-20,2026-06-01,19,0.0,3,0.0
TRITURBINE,Triveni Turbine Limited,Industrials,Specialty Industrial Machinery,21337.0,Mid-Cap,MonthlyStage2,Stage Change,1.0,24,10-EMA=546 | 30-EMA=520 | Above by 22.7% | MA turning=Yes,MonthlyDoubleBottom+MonthlyStage2,Uptrend,True,True,Uptrend,True,Stage2,4,Uptrend,Uptrend,638.05,520.11,439.85,542.34,457.95,604.65,679.72,557.92,,,60.96,40.52,14.74,2.79,46.11,60.0,67.5,674.75,8,none,27.1,35.9,3.54,21.0,0.26,16.03,11.52,8.72,20.45,25.41,-2.79,21.83,27.89,8.6,0.15,highly inconsistent earnings,0.03,,1.98,,-258.5,-1.21,55.84,0.0,,20.81,-1.57,16.52,1.92,787.6,428.35,19.0,49.0,12.77,37.09,1.48,0.49,6,35.0,26.5,0.0,4.0,65.5,ACCUMULATE ⭐⭐⭐,Revenue CAGR 20% | Profit CAGR 22% | ROE 27% | ROCE 36% | ROCE trend rising ↑ | Nearly debt-free,High PE 61,2-3 years,Medium,"yfinance, screener.in",100,176,,2026-06-20,2026-06-01,19,0.0,3,0.0
TMB,Tamilnad Mercantile Bank Limited,Financial Services,Banks - Regional,12146.0,Mid-Cap,MonthlyStage2,Stage Change,1.0,24,10-EMA=591 | 30-EMA=511 | Above by 33.0% | MA turning=Yes,MonthlyDoubleBottom+MonthlyStage2,Uptrend,True,False,Tight-Above-MAs,True,Stage2,12,Uptrend,Uptrend,679.4,510.71,399.27,577.49,2068.07,2647.13,3388.33,2647.13,289.6,97.4,9.08,,1.2,0.32,,163.0,7.72,,0,none,13.99,,,54.29,,39.86,1.89,23.5,,,28.0,,,28.0,0.5,insufficient history,,,,,,,,,,6.19,1.24,1.91,-0.56,791.95,411.8,14.2,65.0,63.89,41.14,0.76,0.45,2,18.0,28.5,9.0,10.0,65.5,ACCUMULATE ⭐⭐⭐,Expected ~97% CAGR (2yr) | Revenue CAGR 24% | Profit CAGR 28% | OPM 54% | FII buying +1.2% ↑ | PEG 0.32 — deeply undervalued,None identified,2-3 years,Medium,"yfinance, screener.in",40,45,,2026-06-20,2026-06-01,19,0.0,3,2.0
AUROPHARMA,Aurobindo Pharma Limited,Healthcare,Drug Manufacturers - Specialty & Generic,84742.0,Large-Cap,MonthlyStage2,Stage Change,1.0,24,10-EMA=1308 | 30-EMA=1177 | Above by 25.2% | MA turning=Yes,MonthlyCupHandle+MonthlyDoubleBottom+MonthlyStage2,Uptrend,True,False,Uptrend,True,Stage2,5,Uptrend,Uptrend,1472.8,1176.59,1024.06,1251.88,3389.82,3087.49,5047.06,4136.26,109.6,44.8,24.39,16.64,2.26,1.11,12.11,27.0,-12.64,1514.34,29,buy,10.1,12.8,-0.49,20.0,0.17,10.41,5.86,6.08,10.63,6.32,0.55,22.02,-8.07,2.0,0.15,highly inconsistent earnings,0.21,,1.81,,1318.53,1.56,51.82,0.0,,15.24,1.29,25.82,-1.84,1550.0,1016.1,5.0,44.9,34.33,61.0,0.38,0.04,6,20.0,26.5,9.0,10.0,65.5,ACCUMULATE ⭐⭐⭐,Expected ~45% CAGR (2yr) | Profit CAGR 22% | Low D/E 0.21 | Promoter 52% holding | Piotroski F=6 (above average quality) | FII buying +1.3% ↑,Earnings due 2026-08-04,2-3 years,Medium,"yfinance, screener.in",100,366,2026-08-04,2026-06-20,2026-06-01,19,-2.6,3,3.0
BAJAJ-AUTO,Bajaj Auto Limited,Consumer Cyclical,Auto Manufacturers,281031.0,Large-Cap,MonthlyCupHandle,Forming,0.943,19,Cup 19mo | Depth 21% | Prior gain 30% | R²=0.97,MonthlyCupHandle+MonthlyDoubleBottom,Sideways-Above-MA,True,False,Constructive,False,Stage2,3,Uptrend,Uptrend,10063.0,10449.22,8305.81,8553.55,20915.85,19426.4,30314.91,25180.59,93.0,38.9,26.18,21.63,7.24,1.28,19.3,149.0,2.33,10795.1,39,buy,29.1,28.2,1.06,21.0,0.74,16.51,13.88,23.36,19.94,17.79,44.35,20.39,16.84,103.2,0.15,highly inconsistent earnings,0.56,,1.76,,-456.44,-0.16,55.01,0.02,,8.82,-0.02,14.35,0.28,10834.0,7858.5,7.1,28.1,30.29,91.35,0.49,0.68,6,28.0,21.32,8.0,8.0,65.3,ACCUMULATE ⭐⭐⭐,Expected ~39% CAGR (2yr) | Revenue CAGR 20% | Profit CAGR 20% | ROE 29% | ROCE 28% | ROCE trend rising ↑,Earnings due 2026-07-16 | Pattern still forming (not broken out),2-3 years,Medium,"yfinance, screener.in",100,288,2026-07-16,2026-06-20,2026-06-01,19,-1.4,3,-8.0
BHARTIARTL,Bharti Airtel Limited,Communication Services,Telecom Services,1110171.0,Large-Cap,MonthlyDoubleBottom,Forming,1.0,19,Sep 19mo | Mid rally 110% | Asymmetry 5%,,Sideways,False,False,Below-MAs,True,Downtrend,0,Uptrend,Uptrend,1822.5,429.14,200.07,1549.12,1862.17,2480.73,3657.68,2609.84,36.1,16.7,41.15,21.99,7.15,1.02,10.56,88.0,74.72,2287.06,32,buy,21.9,18.5,1.77,57.0,1.74,12.65,7.85,21.96,14.88,15.96,-9.76,40.15,82.12,-33.5,0.15,highly inconsistent earnings,1.0,,0.52,,60950.84,5.49,48.87,0.0,,27.79,-0.96,20.53,0.99,2174.5,1740.5,16.2,4.7,0.63,89.03,0.48,0.02,6,34.0,18.0,11.0,2.0,65.0,ACCUMULATE ⭐⭐⭐,Expected ~17% CAGR (2yr) | Profit CAGR 40% | ROE 22% | ROCE trend rising ↑ | OPM 57% | FCF yield 5.5%,Earnings due 2026-08-05 | Pattern still forming (not broken out),2-3 years,Medium,"yfinance, screener.in",100,288,2026-08-05,2026-06-20,2026-06-01,19,-4.8,3,4.0
HINDZINC,Hindustan Zinc Limited,Basic Materials,Other Industrial Metals & Mining,236576.0,Large-Cap,MonthlyCupHandle,Forming,0.91,23,Cup 23mo | Depth 32% | Prior gain 63% | R²=0.95,MonthlyCupHandle+MonthlyDoubleBottom,Sideways-Above-MA,True,False,Constructive,False,Stage2,1,Uptrend,Uptrend,559.9,665.61,449.98,475.91,775.17,881.24,930.81,849.43,57.4,25.5,17.1,12.72,10.46,1.78,10.5,375.0,-40.42,655.19,16,none,76.6,69.5,7.7,54.0,-0.17,35.29,29.72,19.84,6.2,12.54,33.6,9.58,11.63,67.6,0.15,highly inconsistent earnings,0.39,,1.47,,10300.62,4.35,60.71,-1.13,,2.39,0.85,4.84,0.16,733.0,413.5,23.6,35.4,39.07,78.89,0.27,0.65,4,31.0,20.92,6.0,7.0,64.9,ACCUMULATE ⭐⭐⭐,Expected ~26% CAGR (2yr) | ROE 77% | ROCE 70% | ROCE trend rising ↑ | Promoter 61% holding | OPM 54%,Earnings due 2026-07-17 | Pattern still forming (not broken out),3-4 years,Medium-High,"yfinance, screener.in",100,287,2026-07-17,2026-06-20,2026-06-01,19,-11.5,3,-2.0
RAMRAT,Ram Ratna Wires Limited,Industrials,Electrical Equipment & Parts,3540.0,Small-Cap,MonthlyCupHandle,Forming,0.717,19,Cup 19mo | Depth 32% | Prior gain 106% | R²=0.98,MonthlyCupHandle+MonthlyDoubleBottom,Uptrend,True,False,Tight-Above-MAs,True,Stage2,4,Uptrend,Uptrend,425.6,427.1,290.58,361.76,614.53,813.46,1076.77,813.46,91.1,38.3,33.0,,6.11,1.02,15.96,33.0,0.0,,0,none,20.6,23.6,2.31,5.0,0.06,2.07,8.57,40.79,25.01,27.66,55.71,32.37,46.78,69.1,0.15,highly inconsistent earnings,1.15,,1.15,,-356.79,-10.08,69.3,0.0,,0.17,0.08,0.44,0.02,520.0,268.0,18.2,58.8,33.64,192.32,0.79,0.37,4,27.0,24.6,7.0,6.0,64.6,ACCUMULATE ⭐⭐⭐,Expected ~38% CAGR (2yr) | Revenue CAGR 25% | Profit CAGR 32% | ROE 21% | ROCE 24% | ROCE trend rising ↑,High D/E 1.2 | Pattern still forming (not broken out),3-4 years,Medium-High,"yfinance, screener.in",100,47,,2026-06-20,2026-06-01,19,0.0,3,0.0
SYRMA,Syrma SGS Technology Limited,Technology,Electronic Components,24400.0,Mid-Cap,MonthlyDoubleBottom,Forming,0.717,6,Sep 6mo | Mid rally 73% | Asymmetry 2%,,Uptrend,True,True,Uptrend,True,Downtrend,0,Uptrend,Uptrend,984.15,645.9,369.32,836.53,625.35,999.68,1246.07,882.74,1.6,0.8,74.64,44.23,8.47,1.81,44.12,12.0,0.0,1175.08,24,buy,13.9,16.7,-0.2,11.0,-0.17,6.59,5.77,27.25,33.01,40.32,88.04,41.16,38.05,54.4,0.4,lumpy earner,0.13,,1.7,,7.27,0.03,42.28,-0.44,,6.6,0.13,16.59,0.7,1290.9,500.0,23.8,96.8,81.55,98.82,0.85,0.25,5,31.0,20.6,3.0,10.0,64.6,ACCUMULATE ⭐⭐⭐,Expected ~1% CAGR (2yr) | Revenue CAGR 33% | Profit CAGR 41% | Low D/E 0.13 | Piotroski F=5 (above average quality) | DII buying +0.7% ↑,High PE 75 | Pattern still forming (not broken out),3-4 years,Medium-High,"yfinance, screener.in",100,46,,2026-06-20,2026-06-01,19,0.0,3,2.0
SUPRIYA,Supriya Lifescience Limited,Healthcare,Biotechnology,7864.0,Small-Cap,MonthlyStage2,Stage Change,1.0,24,10-EMA=682 | 30-EMA=606 | Above by 18.9% | MA turning=Yes,MonthlyDoubleBottom+MonthlyStage2,Sideways-Above-MA,True,True,Constructive,True,Stage2,5,Uptrend,Uptrend,720.6,605.95,386.51,612.51,1476.14,2165.5,3176.79,2165.5,200.5,73.4,37.6,24.55,6.57,0.81,26.5,10.0,18.56,940.0,2,none,19.06,,,32.23,,25.26,13.45,50.2,,,46.7,,,47.3,0.5,insufficient history,0.01,,4.4,,-15.58,-0.2,68.3,0.0,,5.16,-0.03,5.7,0.7,1085.0,545.5,33.6,32.1,9.5,169.45,0.46,0.64,4,33.0,22.5,6.0,3.0,64.5,ACCUMULATE ⭐⭐⭐,Expected ~73% CAGR (2yr) | Revenue CAGR 50% | Profit CAGR 47% | Nearly debt-free | Promoter 68% holding | OPM 32%,None identified,3-4 years,Medium-High,"yfinance, screener.in",70,54,,2026-06-20,2026-06-01,19,0.0,3,-2.0
GLENMARK,Glenmark Pharmaceuticals Limited,Healthcare,Drug Manufacturers - Specialty & Generic,61345.0,Large-Cap,MonthlyDoubleBottom,Forming,1.0,48,Sep 48mo | Mid rally 152% | Asymmetry 2%,,Sideways-Above-MA,True,True,Constructive,False,Stage2,5,Uptrend,Uptrend,2173.8,1214.53,478.22,1847.73,2172.77,2446.58,2680.45,2413.3,12.5,6.1,45.04,22.19,5.84,4.07,13.29,23.0,25.99,2496.5,10,buy,30.5,39.8,3.89,27.0,0.94,8.02,13.9,27.48,13.61,9.19,30.09,11.07,11.91,6382.0,0.15,highly inconsistent earnings,0.06,,1.77,,1177.36,1.92,46.65,0.0,,20.35,1.15,19.28,-0.81,2474.0,1625.0,12.1,33.8,6.73,158.21,0.5,0.25,7,34.0,22.5,5.0,3.0,64.5,ACCUMULATE ⭐⭐⭐,Expected ~6% CAGR (2yr) | ROE 30% | ROCE 40% | ROCE trend rising ↑ | Nearly debt-free | OPM 27%,Earnings due 2026-08-13 | Pattern still forming (not broken out),3-4 years,Medium-High,"yfinance, screener.in",100,288,2026-08-13,2026-06-20,2026-06-01,19,-9.6,3,1.0
PARAS,Paras Defence and Space Technologies Limited,Industrials,Aerospace & Defense,8842.0,Mid-Cap,MonthlyDoubleBottom,Forming,1.0,42,Sep 42mo | Mid rally 172% | Asymmetry 9%,MonthlyDoubleBottom+MonthlyStage2,Uptrend,True,False,Tight-Above-MAs,True,Stage2,4,Uptrend,Uptrend,763.1,1591.47,560.27,648.63,371.42,2622.67,679.12,502.23,243.7,85.4,100.01,66.09,12.18,2.84,72.56,5.0,,703.0,1,none,12.6,16.9,0.97,25.0,-1.17,18.49,7.12,30.68,29.04,27.24,45.9,35.22,40.95,74.3,0.15,highly inconsistent earnings,0.04,,3.23,,55.19,0.62,53.2,0.0,,5.06,0.14,1.24,-0.04,1105.2,580.5,31.0,31.5,3.33,1.82,0.86,0.6,5,32.0,28.5,-1.0,5.0,64.5,ACCUMULATE ⭐⭐⭐,Expected ~85% CAGR (2yr) | Revenue CAGR 29% | Profit CAGR 35% | ROCE trend rising ↑ | Nearly debt-free | Promoter 53% holding,High PE 100 | Margin compression ↓ | Pattern still forming (not broken out),3-4 years,Medium-High,"yfinance, screener.in",100,56,,2026-06-20,2026-06-01,19,0.0,3,2.0
BCLIND,BCL Industries Limited,Consumer Defensive,Beverages - Wineries & Distilleries,1115.0,Small-Cap,MonthlyDoubleBottom,Forming,1.0,40,Sep 40mo | Mid rally 223% | Asymmetry 7%,,Uptrend,True,False,Tight-Above-MAs,True,Stage2,15,Uptrend,Uptrend,37.79,85.38,25.53,32.12,232.98,291.99,365.96,291.99,672.7,178.0,9.69,,1.23,0.38,6.08,69.0,-19.59,,0,none,13.4,13.9,-1.49,9.0,0.63,4.12,7.82,-0.82,15.37,14.37,22.33,25.33,24.57,-8.6,0.15,highly inconsistent earnings,0.6,,2.01,,166.15,14.9,58.23,0.2,,0.43,0.06,0.0,-0.02,49.3,25.53,23.3,48.0,-8.9,-36.55,2.8,0.59,6,22.0,28.5,13.0,1.0,64.5,ACCUMULATE ⭐⭐⭐,Expected ~178% CAGR (2yr) | Revenue CAGR 15% | Profit CAGR 25% | Promoter 58% holding | FCF yield 14.9% | Piotroski F=6 (above average quality),Pattern still forming (not broken out),3-4 years,Medium-High,"yfinance, screener.in",100,64,,2026-06-20,2026-06-01,19,11.8,3,12.0
GODFRYPHLP,Godfrey Phillips India Limited,Consumer Defensive,Tobacco,35891.0,Large-Cap,MonthlyDoubleBottom,Forming,1.0,7,Sep 7mo | Mid rally 112% | Asymmetry 10%,MonthlyDoubleBottom+MonthlyStage2,Downtrend,False,False,Below-MAs,True,Stage2,15,Uptrend,Uptrend,2301.0,439.44,197.7,1955.85,6389.0,8324.23,10845.64,8324.23,261.8,90.2,23.53,20.53,5.78,0.78,22.42,161.0,58.27,,0,none,26.6,32.8,3.37,25.0,0.29,23.88,11.97,13.9,21.51,20.41,42.35,30.29,32.33,86.7,0.75,consistent growth,0.04,,2.44,,44.89,0.13,72.58,0.0,,7.91,-0.24,3.28,-0.93,3947.0,1832.1,41.7,25.6,-18.77,216.26,0.18,0.29,7,40.0,15.0,9.0,0.0,64.0,ACCUMULATE ⭐⭐⭐,Expected ~90% CAGR (2yr) | Revenue CAGR 22% | Profit CAGR 30% | ROE 27% | ROCE 33% | ROCE trend rising ↑,Pattern still forming (not broken out),3-4 years,Medium-High,"yfinance, screener.in",100,330,,2026-06-20,2026-06-01,19,-1.7,3,-3.0
INFOBEAN,INFOBEANS TECHNO. LTD.,Technology,Software - Application,0.0,Micro-Cap,MonthlyDoubleBottom,Forming,1.0,7,Sep 7mo | Mid rally 176% | Asymmetry 6%,MonthlyCupHandle+MonthlyDoubleBottom+MonthlyStage2,Downtrend,False,False,Below-MAs,False,Downtrend,0,Uptrend,Uptrend,152.27,36.64,12.9,129.43,361.14,484.64,650.39,484.64,218.3,78.4,19.01,,3.97,0.56,12.67,15.0,0.0,,0,none,23.2,29.2,0.37,22.0,-0.71,16.87,12.26,30.13,10.11,23.35,128.95,34.2,18.65,104.2,0.15,highly inconsistent earnings,0.04,,10.14,,44.87,,72.84,-1.56,,0.45,-0.1,0.2,-0.76,257.5,91.45,40.9,66.5,68.63,10.99,0.31,0.53,6,34.0,14.0,10.0,6.0,64.0,ACCUMULATE ⭐⭐⭐,Expected ~78% CAGR (2yr) | Profit CAGR 34% | ROE 23% | ROCE 29% | ROCE trend rising ↑ | Nearly debt-free,Margin compression ↓ | Pattern still forming (not broken out),3-4 years,Medium-High,"yfinance, screener.in",100,107,,2026-06-20,2026-06-01,19,0.0,3,-2.0
YATHARTH,Yatharth Hospital & Trauma Care Services Limited,Healthcare,Medical Care Facilities,8091.0,Mid-Cap,MonthlyCupHandle,Forming,0.751,18,Cup 18mo | Depth 43% | Prior gain 50% | R²=0.97,,Uptrend,True,False,Tight-Above-MAs,True,Stage2,5,Uptrend,Uptrend,832.85,829.22,475.28,707.92,1300.46,1464.01,2443.69,1782.68,75.8,32.6,46.09,26.47,4.79,1.24,25.55,0.0,,986.0,4,none,10.4,12.4,-1.97,24.0,-1.46,14.22,7.17,40.35,36.17,41.21,29.77,37.08,53.42,22.7,0.4,lumpy earner,0.15,,3.87,,-88.68,-1.1,55.8,0.0,,5.25,-0.93,12.0,0.98,889.9,485.0,6.4,71.7,63.32,,0.52,0.99,4,25.0,25.01,6.0,8.0,64.0,ACCUMULATE ⭐⭐⭐,Expected ~33% CAGR (2yr) | Revenue CAGR 36% | Profit CAGR 37% | Low D/E 0.15 | Promoter 56% holding | Margin compressing ↓ ⚠️,Margin compression ↓ | Pattern still forming (not broken out),3-4 years,Medium-High,"yfinance, screener.in",100,34,,2026-06-20,2026-06-01,19,0.0,3,0.0
NEULANDLAB,Neuland Laboratories Limited,Healthcare,Drug Manufacturers - Specialty & Generic,22065.0,Mid-Cap,MonthlyCupHandle,Forming,0.854,17,Cup 17mo | Depth 27% | Prior gain 121% | R²=0.97,MonthlyCupHandle+MonthlyDoubleBottom,Sideways-Above-MA,True,True,Constructive,True,Stage2,5,Uptrend,Uptrend,16790.0,18024.33,13107.61,14271.5,18147.91,22941.05,30877.94,23672.14,36.6,16.9,60.61,37.57,11.78,1.99,412.35,20.0,33.89,20972.0,4,strong_buy,21.4,26.6,3.4,28.0,2.51,2.29,,36.97,19.31,16.64,40.0,30.44,35.06,664.8,0.15,highly inconsistent earnings,0.16,,1.42,,,,32.63,0.0,,20.46,-0.44,15.84,1.12,19747.0,11500.0,15.0,46.0,47.75,473.99,1.12,-0.32,3,33.0,19.75,3.0,8.0,63.8,ACCUMULATE ⭐⭐⭐,Expected ~17% CAGR (2yr) | Revenue CAGR 19% | Profit CAGR 30% | ROE 21% | ROCE 27% | ROCE trend rising ↑,High PE 61 | Pattern still forming (not broken out),3-4 years,Medium-High,"yfinance, screener.in",80,212,,2026-06-20,2026-06-01,19,0.0,3,0.0
MARICO,Marico Limited,Consumer Defensive,Household & Personal Products,106139.0,Large-Cap,MonthlyDoubleBottom,Forming,0.686,40,Sep 40mo | Mid rally 74% | Asymmetry 6%,,Uptrend,True,False,Tight-Above-MAs,True,Stage2,15,Uptrend,Uptrend,831.45,365.32,203.82,706.73,621.97,773.84,767.71,691.01,,,60.22,43.36,25.02,5.43,44.56,49.0,18.88,898.08,38,buy,43.0,47.2,0.77,17.0,-0.2,12.95,14.43,25.67,11.71,11.08,9.35,11.1,8.62,14.0,0.4,lumpy earner,0.12,,1.31,,2851.62,2.69,58.93,0.0,,24.08,0.06,12.17,-0.06,848.8,680.3,2.0,22.2,23.97,39.21,0.68,0.17,4,30.0,24.73,1.0,8.0,63.7,ACCUMULATE ⭐⭐⭐,ROE 43% | ROCE 47% | ROCE trend rising ↑ | Low D/E 0.12 | Promoter 59% holding | Dividend growing 19%/yr,High PE 60 | Earnings due 2026-08-04 | Pattern still forming (not broken out),3-4 years,Medium-High,"yfinance, screener.in",100,361,2026-08-04,2026-06-20,2026-06-01,19,0.0,3,0.0
IFBIND,IFB Industries Limited,Consumer Cyclical,"Furnishings, Fixtures & Appliances",5218.0,Small-Cap,MonthlyDoubleBottom,Forming,1.0,28,Sep 28mo | Mid rally 172% | Asymmetry 4%,,Sideways,False,False,Below-MAs,True,Stage2,3,Uptrend,Uptrend,1098.8,2359.9,850.0,933.98,3852.72,5504.11,17402.36,8188.19,400.9,123.8,36.37,20.6,5.25,0.32,15.69,0.0,,1478.0,3,buy,16.8,20.3,2.91,6.0,0.14,2.56,5.06,10.35,10.23,14.94,21.01,112.53,40.82,126.1,0.15,highly inconsistent earnings,0.16,,1.33,,142.69,2.73,74.96,0.0,,0.92,-0.04,6.16,0.13,2019.8,883.2,45.6,24.4,-21.12,12.49,0.56,0.34,6,29.0,19.5,15.0,0.0,63.5,ACCUMULATE ⭐⭐⭐,Expected ~124% CAGR (2yr) | Profit CAGR 113% | ROCE 20% | ROCE trend rising ↑ | Low D/E 0.16 | Promoter 75% holding,Pattern still forming (not broken out),3-4 years,Medium-High,"yfinance, screener.in",100,287,,2026-06-20,2026-06-01,19,0.0,3,0.0
KARURVYSYA,The Karur Vysya Bank Limited,Financial Services,Banks - Regional,27930.0,Mid-Cap,MonthlyDoubleBottom,Forming,1.0,35,Sep 35mo | Mid rally 115% | Asymmetry 0%,,Uptrend,True,False,Uptrend,True,Stage2,12,Uptrend,Uptrend,293.25,103.53,48.12,249.26,804.16,822.69,1603.29,1135.47,180.5,67.5,11.12,8.0,2.18,0.27,,75.0,17.57,353.53,17,buy,19.28,,,57.61,,40.05,1.96,19.5,,,41.2,,,41.2,0.5,insufficient history,,,,,,,2.07,0.0,,19.25,2.38,39.26,-0.94,343.45,200.54,14.6,46.2,40.57,170.12,0.78,-0.07,2,20.0,26.5,10.0,7.0,63.5,ACCUMULATE ⭐⭐⭐,Expected ~68% CAGR (2yr) | Revenue CAGR 20% | Profit CAGR 41% | OPM 58% | FII buying +2.4% ↑ | Dividend growing 18%/yr,Earnings due 2026-07-23 | Pattern still forming (not broken out),3-4 years,Medium-High,"yfinance, screener.in",50,365,2026-07-23,2026-06-20,2026-06-01,19,0.0,3,0.0
KPIL,Kalpataru Projects International Limited,Industrials,Engineering & Construction,22228.0,Mid-Cap,MonthlyStage2,Stage Change,1.0,24,10-EMA=1193 | 30-EMA=1086 | Above by 15.3% | MA turning=Yes,MonthlyDoubleBottom+MonthlyStage2,Sideways-Above-MA,True,False,Constructive,True,Stage2,4,Uptrend,Uptrend,1251.5,1085.77,872.33,1063.77,2811.07,2857.81,4997.22,3748.01,128.4,51.1,21.37,14.56,2.86,0.64,10.67,69.0,11.46,1522.5,18,strong_buy,14.2,16.6,0.17,8.0,-0.57,3.83,4.06,21.63,18.38,15.95,81.83,33.33,9.26,92.6,0.15,highly inconsistent earnings,0.46,,1.25,,467.04,2.1,33.58,0.01,,10.92,-0.81,45.12,1.22,1335.6,1007.1,6.3,24.3,10.49,113.96,0.61,0.37,5,23.0,22.5,12.0,6.0,63.5,ACCUMULATE ⭐⭐⭐,Expected ~51% CAGR (2yr) | Revenue CAGR 18% | Profit CAGR 33% | ROCE trend rising ↑ | Margin compressing ↓ ⚠️ | Piotroski F=5 (above average quality),Margin compression ↓ | Earnings due 2026-08-06,3-4 years,Medium-High,"yfinance, screener.in",100,37,2026-08-06,2026-06-20,2026-06-01,19,0.0,3,0.0
TBZ,Tribhovandas Bhimji Zaveri Limited,Consumer Cyclical,Luxury Goods,1226.0,Small-Cap,MonthlyDoubleBottom,Forming,1.0,31,Sep 31mo | Mid rally 223% | Asymmetry 2%,,Sideways-Above-MA,True,False,Constructive,True,Stage2,3,Uptrend,Uptrend,129.89,132.48,40.55,110.41,2206.09,3784.99,6493.9,3784.99,2814.0,439.8,6.06,61.88,1.46,0.08,5.46,122.0,31.04,,0,none,27.1,21.4,2.0,11.0,0.57,6.3,10.94,22.25,10.19,19.0,197.06,71.57,36.26,612.6,0.15,highly inconsistent earnings,1.06,,1.65,,-81.27,-6.63,74.12,0.0,,0.26,0.26,0.0,0.0,217.95,110.5,40.4,17.5,-22.01,37.06,0.34,0.5,6,26.0,22.5,14.0,1.0,63.5,ACCUMULATE ⭐⭐⭐,Expected ~440% CAGR (2yr) | Profit CAGR 72% | ROE 27% | ROCE 21% | ROCE trend rising ↑ | Promoter 74% holding,High D/E 1.1 | Pattern still forming (not broken out),3-4 years,Medium-High,"yfinance, screener.in",100,169,,2026-06-20,2026-06-01,19,0.0,3,0.0
NDRAUTO,NDR Auto Components Limited,Consumer Cyclical,Auto Parts,1880.0,Small-Cap,MonthlyStage2,Stage Change,1.0,24,10-EMA=790 | 30-EMA=689 | Above by 17.0% | MA turning=Yes,MonthlyCupHandle+MonthlyDoubleBottom+MonthlyStage2,Sideways,False,False,Below-MAs,True,Stage2,3,Uptrend,Uptrend,806.1,689.23,421.07,685.18,1739.79,2267.64,2955.65,2267.64,181.3,67.7,30.3,,5.24,1.0,21.1,51.0,63.86,,0,none,18.9,22.2,3.46,11.0,1.09,7.53,8.29,15.43,27.94,48.49,16.98,30.34,47.11,12.6,0.4,lumpy earner,0.17,,1.22,,-26.8,-1.43,73.13,0.0,,0.08,0.03,0.0,0.0,1220.0,605.05,33.9,33.2,-22.26,275.97,0.69,0.74,5,35.0,19.5,9.0,0.0,63.5,ACCUMULATE ⭐⭐⭐,Expected ~68% CAGR (2yr) | Revenue CAGR 28% | Profit CAGR 30% | ROCE 22% | ROCE trend rising ↑ | Low D/E 0.17,None identified,3-4 years,Medium-High,"yfinance, screener.in",100,71,,2026-06-20,2026-06-01,19,0.0,3,2.0
AGI,AGI Greenpac Limited,Consumer Cyclical,Packaging & Containers,4178.0,Small-Cap,MonthlyDoubleBottom,Forming,1.0,34,Sep 34mo | Mid rally 177% | Asymmetry 3%,,Sideways-Above-MA,True,False,Constructive,True,Stage2,3,Uptrend,Uptrend,645.75,127.95,45.52,548.89,5486.37,9226.97,15517.92,9226.97,1328.9,278.0,11.88,10.12,1.74,0.17,7.15,108.0,11.87,,0,none,15.8,19.6,1.14,22.0,1.71,13.19,7.51,5.38,5.76,6.13,9.32,68.18,26.66,19.4,0.15,highly inconsistent earnings,0.1,,1.51,,12.41,0.3,60.39,0.16,,6.78,-0.46,2.03,-0.21,1009.0,465.0,36.0,38.9,-27.81,-12.79,0.33,-0.16,6,29.0,22.5,12.0,0.0,63.5,ACCUMULATE ⭐⭐⭐,Expected ~278% CAGR (2yr) | Profit CAGR 68% | ROCE trend rising ↑ | Low D/E 0.10 | Promoter 60% holding | Piotroski F=6 (above average quality),Pattern still forming (not broken out),3-4 years,Medium-High,"yfinance, screener.in",100,288,,2026-06-20,2026-06-01,19,11.8,3,3.0
CGPOWER,CG Power and Industrial Solutions Limited,Industrials,Electrical Equipment & Parts,144022.0,Large-Cap,MonthlyStage2,Stage Change,1.0,24,10-EMA=768 | 30-EMA=653 | Above by 40.1% | MA turning=Yes,MonthlyCupHandle+MonthlyDoubleBottom+MonthlyStage2,Uptrend,True,True,Tight-Above-MAs,True,Stage2,4,Uptrend,Uptrend,914.45,652.92,570.2,777.28,237.87,735.64,275.29,255.9,,,119.07,65.87,18.07,15.71,87.97,14.0,-4.66,886.0,19,buy,20.8,27.0,1.89,13.0,1.37,9.71,8.9,25.32,21.21,33.18,23.23,7.58,-1.3,34.4,0.15,highly inconsistent earnings,0.01,,1.91,,-1576.18,-1.09,56.36,0.0,,12.03,0.01,18.01,0.49,952.0,525.5,3.9,74.0,43.13,109.48,0.66,0.41,6,26.0,28.5,-1.0,10.0,63.5,ACCUMULATE ⭐⭐⭐,Revenue CAGR 21% | ROE 21% | ROCE 27% | ROCE trend rising ↑ | Nearly debt-free | Promoter 56% holding,High PE 119 | Earnings due 2026-07-23,3-4 years,Medium-High,"yfinance, screener.in",100,288,2026-07-23,2026-06-20,2026-06-01,19,11.6,2,3.0
BANKINDIA,Bank of India Limited,Financial Services,Banks - Regional,66323.0,Large-Cap,MonthlyDoubleBottom,Forming,1.0,29,Sep 29mo | Mid rally 186% | Asymmetry 7%,MonthlyCupHandle+MonthlyDoubleBottom,Sideways-Above-MA,True,False,Constructive,True,Stage2,12,Uptrend,Uptrend,145.68,190.57,64.34,123.83,713.67,659.04,1378.88,992.0,352.4,112.7,6.13,5.7,0.74,0.16,,319.0,32.48,159.6,5,none,12.4,5.93,,45.0,,31.89,0.92,6.04,16.41,13.1,7.93,39.0,37.72,18.7,0.4,lumpy earner,,,,,,,73.38,0.0,,7.26,1.44,13.96,-1.22,178.36,108.81,18.3,33.9,35.42,61.32,0.55,0.76,2,23.0,22.5,11.0,7.0,63.5,ACCUMULATE ⭐⭐⭐,Expected ~113% CAGR (2yr) | Revenue CAGR 16% | Profit CAGR 39% | Promoter 73% holding | OPM 45% | FII buying +1.4% ↑,Pattern still forming (not broken out),3-4 years,Medium-High,"yfinance, screener.in",80,288,,2026-06-20,2026-06-01,19,5.1,3,7.0
PRUDENT,Prudent Corporate Advisory Services Limited,Financial Services,Asset Management,12046.0,Mid-Cap,MonthlyCupHandle,Forming,0.853,18,Cup 18mo | Depth 25% | Prior gain 127% | R²=0.96,,Uptrend,True,False,Constructive,True,Stage2,12,Uptrend,Uptrend,2726.2,3352.49,2515.37,2389.6,1341.44,4189.61,2055.95,1660.7,53.7,24.0,54.35,36.61,15.79,2.28,,9.0,35.72,3004.29,7,buy,28.6,37.5,-1.49,24.0,-0.17,16.62,20.48,16.24,28.76,34.88,13.27,23.8,37.6,14.3,0.4,lumpy earner,0.04,,1.32,,,,55.31,0.0,,14.89,-1.43,23.58,1.45,3098.0,2121.0,12.0,28.5,8.43,155.59,0.55,0.42,3,36.0,23.24,1.0,3.0,63.2,ACCUMULATE ⭐⭐⭐,Expected ~24% CAGR (2yr) | Revenue CAGR 29% | Profit CAGR 24% | ROE 29% | ROCE 38% | Nearly debt-free,High PE 54 | Pattern still forming (not broken out),3-4 years,Medium-High,"yfinance, screener.in",90,49,,2026-06-20,2026-06-01,19,0.0,3,0.0
AVANTIFEED,Avanti Feeds Limited,Consumer Defensive,Packaged Foods,14443.0,Mid-Cap,MonthlyDoubleBottom,Forming,1.0,7,Sep 7mo | Mid rally 196% | Asymmetry 8%,,Downtrend,False,False,Below-MAs,False,Stage2,15,Uptrend,Uptrend,1060.1,715.67,232.83,901.08,2795.06,3582.71,4592.32,3582.71,238.0,83.8,23.87,17.91,4.39,0.85,17.6,85.0,12.92,1362.0,1,none,20.2,25.9,0.83,12.0,0.6,9.99,10.79,8.09,6.04,8.14,17.95,28.18,10.6,-17.6,0.15,highly inconsistent earnings,0.0,,5.58,,392.42,2.72,43.23,0.0,,7.63,-0.35,6.82,2.66,1593.8,614.25,33.5,72.6,62.39,150.58,0.31,0.04,6,32.0,15.0,10.0,6.0,63.0,ACCUMULATE ⭐⭐⭐,Expected ~84% CAGR (2yr) | Profit CAGR 28% | ROE 20% | ROCE 26% | ROCE trend rising ↑ | Nearly debt-free,Pattern still forming (not broken out),3-4 years,Medium-High,"yfinance, screener.in",100,198,,2026-06-20,2026-06-01,19,-16.4,3,-3.0
KEI,KEI Industries Limited,Industrials,Electrical Equipment & Parts,51333.0,Large-Cap,MonthlyDoubleBottom,Forming,1.0,20,Sep 20mo | Mid rally 117% | Asymmetry 9%,,Uptrend,True,True,Tight-Above-MAs,True,Stage2,4,Uptrend,Uptrend,5082.4,5029.01,2215.84,4320.04,4073.72,7842.18,6303.22,5067.3,54.3,24.2,55.87,38.76,7.7,2.29,40.74,8.0,14.47,5320.92,24,buy,14.8,20.1,-0.37,10.0,-0.11,7.82,8.79,20.67,19.36,22.95,31.9,24.39,27.73,25.5,1.0,steady compounder (low CV),0.04,,2.96,,170.84,0.33,35.0,0.0,,27.27,1.78,25.83,-1.44,5476.3,3525.3,7.2,44.2,41.88,97.48,1.09,0.5,5,25.0,28.0,0.0,10.0,63.0,ACCUMULATE ⭐⭐⭐,Expected ~24% CAGR (2yr) | Revenue CAGR 19% | Profit CAGR 24% | ROCE 20% | Nearly debt-free | EPS: steady compounder (low CV),High PE 56 | Earnings due 2026-07-21 | Pattern still forming (not broken out),3-4 years,Medium-High,"yfinance, screener.in",100,243,2026-07-21,2026-06-20,2026-06-01,19,0.0,3,0.0
KILITCH,Kilitch Drugs (India) Limited,Healthcare,Drug Manufacturers - Specialty & Generic,661.0,Small-Cap,MonthlyDoubleBottom,Breakout Ready,1.0,31,Sep 31mo | Mid rally 222% | Asymmetry 10%,MonthlyDoubleBottom+MonthlyStage2,Sideways-Above-MA,True,True,Constructive,True,Stage2,5,Uptrend,Uptrend,174.37,118.3,34.98,148.21,669.62,1040.32,1616.25,1040.32,496.6,144.3,21.24,12.35,2.31,0.38,18.16,0.0,7.3,,0,none,12.5,14.4,2.51,16.0,1.83,12.81,5.35,18.69,18.84,28.15,20.0,55.36,49.63,34.6,0.75,consistent growth,0.32,,1.83,,-88.82,-13.44,63.77,0.0,,0.0,,,,250.0,117.25,30.3,48.7,-11.66,60.98,2.09,0.17,6,27.0,24.0,11.0,1.0,63.0,ACCUMULATE ⭐⭐⭐,Expected ~144% CAGR (2yr) | Revenue CAGR 19% | Profit CAGR 55% | ROCE trend rising ↑ | Promoter 64% holding | EPS: consistent growth,None identified,3-4 years,Medium-High,"yfinance, screener.in",100,189,,2026-06-20,2026-06-01,19,0.0,3,1.0
NGLFINE,NGL Fine-Chem Limited,Healthcare,Drug Manufacturers - General,1884.0,Small-Cap,MonthlyStage2,Breaking Out,1.0,24,10-EMA=1877 | 30-EMA=1746 | Above by 30.4% | MA turning=Yes,MonthlyDoubleBottom+MonthlyStage2,Uptrend,True,False,Uptrend,True,Stage2,5,Uptrend,Uptrend,2276.7,1746.05,1057.08,1935.19,4053.61,5427.38,7266.71,5427.38,138.4,54.4,39.06,,5.72,1.15,26.79,6.0,0.0,,0,none,15.7,17.0,-7.2,15.0,-3.23,9.61,6.78,36.14,21.69,14.19,128.57,33.89,-3.38,1536.6,0.15,highly inconsistent earnings,0.33,,1.84,,-71.4,-3.79,72.73,-0.01,,0.03,0.03,0.0,0.0,3144.0,980.0,27.6,132.3,114.69,-1.14,2.39,0.63,4,21.0,28.0,4.0,10.0,63.0,ACCUMULATE ⭐⭐⭐,Expected ~54% CAGR (2yr) | Revenue CAGR 22% | Profit CAGR 34% | Promoter 73% holding | Margin compressing ↓ ⚠️ | PEG 1.15 — fair value,Margin compression ↓,3-4 years,Medium-High,"yfinance, screener.in",100,47,,2026-06-20,2026-06-01,19,0.0,3,2.0
GPTINFRA,GPT Infraprojects Limited,Industrials,Engineering & Construction,1443.0,Small-Cap,MonthlyStage2,Stage Change,0.619,24,10-EMA=113 | 30-EMA=104 | Above by 9.3% | MA turning=Yes,,Sideways-Above-MA,True,False,Tight-Above-MAs,True,Stage2,4,Uptrend,Uptrend,114.16,104.46,89.91,97.04,409.36,605.33,895.09,605.33,430.2,130.3,14.85,,2.4,0.31,9.46,350.0,0.0,,0,none,17.3,21.3,1.91,14.0,-0.06,7.54,8.18,8.59,16.83,16.2,31.08,47.87,37.14,31.5,0.4,lumpy earner,0.5,,1.59,,-24.47,-1.7,69.37,0.0,,2.72,0.14,7.03,-0.07,140.9,96.22,19.0,18.6,-4.53,198.61,0.17,-0.12,5,29.0,20.93,12.0,1.0,62.9,ACCUMULATE ⭐⭐⭐,Expected ~130% CAGR (2yr) | Revenue CAGR 17% | Profit CAGR 48% | ROCE 21% | ROCE trend rising ↑ | Promoter 69% holding,None identified,3-4 years,Medium-High,"yfinance, screener.in",100,120,,2026-06-20,2026-06-01,19,-2.6,3,-6.8
NILASPACES,Nila Spaces Limited,Real Estate,Real Estate - Development,475.0,Micro-Cap,MonthlyDoubleBottom,Forming,0.826,8,Sep 8mo | Mid rally 86% | Asymmetry 4%,,Downtrend,False,False,Below-MAs,False,Stage2,3,Uptrend,Uptrend,13.15,19.4,10.21,11.18,69.82,170.25,415.16,170.25,1194.7,259.8,16.53,,2.71,0.11,9.19,0.0,,,0,none,18.2,31.3,6.46,31.0,34.51,15.43,9.61,36.03,469.8,32.68,93.33,143.85,96.1,97.1,0.2,multiple loss years in history,0.46,,2.69,,-62.63,-13.17,61.9,0.0,,0.05,0.02,,,20.47,11.17,35.8,17.7,17.76,227.95,0.76,0.83,5,36.0,12.91,12.0,2.0,62.9,ACCUMULATE ⭐⭐⭐,Expected ~260% CAGR (2yr) | Revenue CAGR 470% | Profit CAGR 144% | ROCE 31% | ROCE trend rising ↑ | Promoter 62% holding,Pattern still forming (not broken out),3-4 years,Medium-High,"yfinance, screener.in",100,90,,2026-06-20,2026-06-01,19,0.0,3,0.0
NBCC,NBCC (India) Limited,Industrials,Engineering & Construction,28393.0,Mid-Cap,MonthlyDoubleBottom,Forming,1.0,48,Sep 48mo | Mid rally 216% | Asymmetry 7%,MonthlyCupHandle+MonthlyDoubleBottom+MonthlyStage2,Sideways,False,False,Below-MAs,True,Stage2,4,Uptrend,Uptrend,93.08,89.08,27.25,79.12,118.01,163.69,227.06,163.69,75.9,32.6,39.39,33.92,9.45,1.02,21.34,65.0,-30.66,124.5,2,strong_buy,24.1,31.0,3.03,5.0,0.63,5.46,4.29,7.06,13.24,13.14,33.21,38.71,25.33,37.2,0.4,lumpy earner,0.0,,1.18,,992.51,3.5,61.75,0.0,,4.99,-0.21,10.75,-1.5,125.85,77.18,26.0,20.6,-15.94,239.5,0.72,0.66,5,38.0,19.5,4.0,1.0,62.5,ACCUMULATE ⭐⭐⭐,Expected ~33% CAGR (2yr) | Profit CAGR 39% | ROE 24% | ROCE 31% | ROCE trend rising ↑ | Nearly debt-free,Pattern still forming (not broken out),3-4 years,Medium-High,"yfinance, screener.in",100,170,,2026-06-20,2026-06-01,19,0.0,3,-2.0
PGIL,Pearl Global Industries Limited,Consumer Cyclical,Apparel Manufacturing,7532.0,Small-Cap,MonthlyDoubleBottom,Forming,1.0,38,Sep 38mo | Mid rally 150% | Asymmetry 2%,MonthlyCupHandle+MonthlyDoubleBottom,Uptrend,True,False,Uptrend,True,Stage2,3,Uptrend,Uptrend,1604.5,124.1,49.29,1363.83,3249.54,3255.45,4745.08,3926.75,102.9,42.4,27.1,17.1,5.82,1.3,16.59,129.0,-8.92,2248.5,4,strong_buy,21.3,19.2,2.91,9.0,0.97,5.53,8.06,11.52,16.75,27.51,16.88,20.84,73.85,22.0,0.15,highly inconsistent earnings,0.66,,1.6,,-56.14,-0.75,61.16,-0.08,,6.48,0.21,18.8,2.03,1993.3,1178.1,19.5,36.2,15.25,390.36,0.9,-0.25,6,21.0,26.5,12.0,3.0,62.5,ACCUMULATE ⭐⭐⭐,Expected ~42% CAGR (2yr) | Revenue CAGR 17% | Profit CAGR 21% | ROE 21% | ROCE trend rising ↑ | Promoter 61% holding,Pattern still forming (not broken out),3-4 years,Medium-High,"yfinance, screener.in",100,232,,2026-06-20,2026-06-01,19,0.0,3,0.0
RATEGAIN,RateGain Travel Technologies Limited,Technology,Software - Application,9248.0,Mid-Cap,MonthlyStage2,Stage Change,1.0,24,10-EMA=592 | 30-EMA=580 | Above by 16.1% | MA turning=Yes,MonthlyDoubleBottom+MonthlyStage2,Sideways-Above-MA,True,True,Constructive,True,Downtrend,0,Uptrend,Uptrend,673.6,579.95,433.8,572.56,673.94,893.33,1355.68,955.85,32.6,15.2,47.63,23.8,4.61,1.14,29.59,0.0,,799.56,9,none,12.0,13.7,4.26,19.0,3.54,10.66,5.87,69.36,47.79,48.69,-7.18,41.83,77.53,27.7,0.15,highly inconsistent earnings,0.47,,1.41,,-11.97,-0.13,48.77,0.22,,5.35,0.38,20.86,0.24,802.0,417.6,16.0,61.3,54.95,38.49,0.39,0.85,5,25.0,21.5,6.0,10.0,62.5,ACCUMULATE ⭐⭐⭐,Expected ~15% CAGR (2yr) | Revenue CAGR 48% | Profit CAGR 42% | ROCE trend rising ↑ | Piotroski F=5 (above average quality) | PEG 1.14 — fair value,None identified,3-4 years,Medium-High,"yfinance, screener.in",100,54,,2026-06-20,2026-06-01,19,0.0,3,0.0
SUNPHARMA,Sun Pharmaceutical Industries Limited,Healthcare,Drug Manufacturers - Specialty & Generic,433728.0,Large-Cap,MonthlyDoubleBottom,Forming,1.0,32,Sep 32mo | Mid rally 113% | Asymmetry 4%,,Uptrend,True,False,Tight-Above-MAs,True,Stage2,5,Uptrend,Uptrend,1882.3,1099.65,505.12,1599.95,2213.32,2284.32,2705.94,2447.26,21.4,10.2,37.88,27.91,5.2,3.58,24.65,89.0,-1.47,2039.91,34,buy,16.0,20.5,1.43,30.0,0.89,19.64,8.43,11.19,10.03,11.78,4.96,10.57,38.33,26.2,0.15,highly inconsistent earnings,0.06,,2.82,,4931.94,1.14,54.48,0.0,,15.94,-0.18,21.0,0.28,1916.6,1548.0,1.8,21.6,21.15,61.39,0.61,0.08,7,27.0,28.5,1.0,6.0,62.5,ACCUMULATE ⭐⭐⭐,Expected ~10% CAGR (2yr) | ROCE 20% | ROCE trend rising ↑ | Nearly debt-free | Promoter 54% holding | OPM 30%,Earnings due 2026-07-30 | Pattern still forming (not broken out),3-4 years,Medium-High,"yfinance, screener.in",100,365,2026-07-30,2026-06-20,2026-06-01,19,0.0,3,0.0
TDPOWERSYS,TD Power Systems Limited,Industrials,Specialty Industrial Machinery,18635.0,Mid-Cap,None,,0.0,0,,,Uptrend,True,True,Tight-Above-MAs,True,Stage2,4,Uptrend,Uptrend,1256.3,,,1067.86,781.98,1056.14,1426.42,1056.14,,,78.11,42.22,17.39,2.23,55.98,17.0,33.08,1417.0,2,none,24.7,33.4,4.29,18.0,1.43,12.86,11.83,45.11,28.63,25.59,36.57,35.06,39.65,36.2,1.0,steady compounder (low CV),0.02,,1.95,,19.94,0.11,26.87,0.0,,26.69,2.33,22.24,-0.95,1379.6,453.1,8.9,177.3,159.87,390.42,,0.51,7,40.0,15.0,-1.0,8.0,62.0,ACCUMULATE ⭐⭐⭐,Revenue CAGR 29% | Profit CAGR 35% | ROE 25% | ROCE 33% | ROCE trend rising ↑ | Nearly debt-free,High PE 78,3-4 years,Medium-High,"yfinance, screener.in",100,177,,2026-06-20,2026-06-01,19,0.0,3,-2.0
TERASOFT,Tera Software Limited,Technology,Information Technology Services,531.0,Small-Cap,MonthlyDoubleBottom,Forming,1.0,10,Sep 10mo | Mid rally 194% | Asymmetry 1%,,Sideways,False,False,Constructive,True,Downtrend,0,Uptrend,Uptrend,317.8,59.31,20.1,270.13,1010.87,2049.44,4155.03,2049.44,544.9,153.9,21.42,,3.97,0.21,13.9,24.0,,,0,none,18.5,24.4,8.0,15.0,7.2,10.42,9.27,120.37,22.02,,177.78,102.74,,119.9,0.4,lumpy earner,0.27,,1.69,,-27.34,-5.15,47.53,0.0,,0.08,-0.06,,,598.0,257.4,46.9,23.5,16.12,530.71,0.4,0.3,5,30.0,18.0,12.0,2.0,62.0,ACCUMULATE ⭐⭐⭐,Expected ~154% CAGR (2yr) | Revenue CAGR 22% | Profit CAGR 103% | ROCE 24% | ROCE trend rising ↑ | Low D/E 0.27,Pattern still forming (not broken out),3-4 years,Medium-High,"yfinance, screener.in",100,114,,2026-06-20,2026-06-01,19,0.0,3,0.0
CHALET,CHALET HOTELS LIMITED,Consumer Cyclical,Lodging,0.0,Micro-Cap,MonthlyDoubleBottom,Forming,0.557,8,Sep 8mo | Mid rally 61% | Asymmetry 6%,,Sideways,False,False,Below-MAs,True,Stage2,3,Uptrend,Uptrend,730.7,1051.29,633.35,621.1,2689.02,2852.34,6227.44,4092.15,290.4,97.6,24.81,23.23,4.32,0.48,15.19,27.0,,992.62,21,strong_buy,19.2,17.1,3.83,43.0,7.94,23.29,8.33,61.23,34.91,57.48,354.23,52.18,38.4,31.6,0.2,multiple loss years in history,0.64,,0.7,,383.46,,67.29,-0.04,,4.71,-0.37,24.57,0.58,1082.0,691.35,32.5,5.7,-14.98,30.01,0.45,-0.06,6,34.0,12.68,15.0,0.0,61.7,ACCUMULATE ⭐⭐⭐,Expected ~98% CAGR (2yr) | Revenue CAGR 35% | Profit CAGR 52% | ROCE trend rising ↑ | Promoter 67% holding | OPM 43%,Pattern still forming (not broken out),3-4 years,Medium-High,"yfinance, screener.in",100,89,,2026-06-20,2026-06-01,19,-8.8,3,3.0
ASKAUTOLTD,ASK AUTOMOTIVE LIMITED,Consumer Cyclical,Auto Parts,8464.0,Mid-Cap,MonthlyDoubleBottom,Forming,0.511,17,Sep 17mo | Mid rally 53% | Asymmetry 2%,MonthlyDoubleBottom+MonthlyStage2,Sideways-Above-MA,True,False,Constructive,True,Stage2,3,Uptrend,Uptrend,429.35,578.5,375.3,364.95,1052.95,1074.5,1895.19,1412.64,150.3,58.2,28.49,20.9,6.45,0.83,17.19,43.0,50.0,567.29,7,none,25.3,25.5,1.71,13.0,0.51,7.12,11.63,15.97,17.79,22.02,19.76,34.16,22.88,24.2,0.15,highly inconsistent earnings,0.52,,1.04,,-311.06,-3.67,74.95,0.0,,9.29,-0.43,10.25,1.12,578.5,375.3,25.8,14.4,-10.46,,0.16,-0.19,5,33.0,15.63,13.0,0.0,61.6,ACCUMULATE ⭐⭐⭐,Expected ~58% CAGR (2yr) | Revenue CAGR 18% | Profit CAGR 34% | ROE 25% | ROCE 26% | ROCE trend rising ↑,Pattern still forming (not broken out),3-4 years,Medium-High,"yfinance, screener.in",100,32,,2026-06-20,2026-06-01,19,-5.8,3,4.0
GLOBAL,Global Education Limited,Consumer Defensive,Education & Training Services,524.0,Small-Cap,MonthlyStage2,Stage Change,1.0,24,10-EMA=91 | 30-EMA=78 | Above by 32.0% | MA turning=Yes,MonthlyCupHandle+MonthlyDoubleBottom+MonthlyStage2,Uptrend,True,False,Uptrend,True,Stage2,15,Uptrend,Uptrend,102.98,78.03,41.17,87.53,201.27,209.66,218.41,209.66,103.6,42.7,19.77,,4.25,4.74,16.53,97.0,-5.9,,0,none,22.0,29.2,-0.4,38.0,0.06,26.15,13.29,30.56,14.88,29.31,-7.14,4.17,26.58,93.7,0.15,highly inconsistent earnings,,,3.75,,33.18,6.33,72.73,0.23,,0.4,-0.05,0.06,0.0,121.9,55.3,15.5,86.2,60.83,34.75,0.51,-0.72,5,24.0,26.5,4.0,7.0,61.5,ACCUMULATE ⭐⭐⭐,Expected ~43% CAGR (2yr) | ROE 22% | ROCE 29% | Promoter 73% holding | OPM 38% | FCF yield 6.3%,None identified,3-4 years,Medium-High,"yfinance, screener.in",90,112,,2026-06-20,2026-06-01,19,0.3,3,-2.0
SHARDAMOTR,Sharda Motor Industries Limited,Consumer Cyclical,Auto Parts,4492.0,Small-Cap,MonthlyDoubleBottom,Forming,1.0,44,Sep 44mo | Mid rally 319% | Asymmetry 7%,,Downtrend,False,False,Below-MAs,False,Stage2,3,Uptrend,Uptrend,810.15,600.75,138.94,688.63,3182.25,3766.83,4458.8,3766.83,365.0,115.6,13.32,,3.42,0.72,8.48,208.0,58.58,,0,none,27.9,36.0,1.6,12.0,1.14,10.17,11.18,19.74,7.96,14.36,9.52,18.37,38.79,6.5,0.15,highly inconsistent earnings,0.04,,1.98,,241.62,5.38,64.31,0.0,,2.43,0.2,11.51,-0.19,1248.0,700.0,35.1,15.7,-18.31,-22.1,0.31,0.49,6,35.0,16.5,10.0,0.0,61.5,ACCUMULATE ⭐⭐⭐,Expected ~116% CAGR (2yr) | ROE 28% | ROCE 36% | ROCE trend rising ↑ | Nearly debt-free | Promoter 64% holding,Pattern still forming (not broken out),3-4 years,Medium-High,"yfinance, screener.in",100,130,,2026-06-20,2026-06-01,19,-8.2,3,-2.0
CAPACITE,Capacit'e Infraprojects Limited,Industrials,Engineering & Construction,1869.0,Small-Cap,MonthlyDoubleBottom,Forming,1.0,29,Sep 29mo | Mid rally 153% | Asymmetry 4%,,Downtrend,False,False,Below-MAs,False,Stage2,4,Uptrend,Uptrend,220.96,465.0,180.0,187.82,1032.7,921.15,1656.48,1307.92,316.9,104.2,9.76,6.56,1.03,0.37,4.81,0.0,0.0,341.0,3,none,10.6,15.6,2.09,16.0,0.06,7.25,5.88,11.62,13.39,24.41,-5.39,26.65,149.41,-11.1,0.15,highly inconsistent earnings,0.25,,1.65,,268.13,14.34,31.69,0.0,,14.96,0.87,7.82,-0.72,339.65,180.0,34.9,22.8,-23.32,-18.99,0.22,,7,28.0,16.5,17.0,0.0,61.5,ACCUMULATE ⭐⭐⭐,Expected ~104% CAGR (2yr) | Profit CAGR 27% | ROCE trend rising ↑ | Low D/E 0.25 | FCF yield 14.3% | Piotroski F=7 (high quality compounder),Pattern still forming (not broken out),3-4 years,Medium-High,"yfinance, screener.in",100,106,,2026-06-20,2026-06-01,19,-1.8,3,0.0
BFUTILITIE,BF Utilities Limited,Industrials,Infrastructure Operations,2342.0,Small-Cap,MonthlyDoubleBottom,Forming,1.0,26,Sep 26mo | Mid rally 210% | Asymmetry 7%,,Sideways-Above-MA,True,True,Constructive,True,Stage2,4,Uptrend,Uptrend,621.85,2000.76,622.0,590.9,2323.04,3571.67,5491.45,3571.67,474.4,139.7,14.82,,11.62,0.28,,0.0,,,0,none,113.0,29.9,3.89,74.0,2.66,18.44,,-13.62,17.73,9.36,11.18,53.75,36.24,,0.15,highly inconsistent earnings,,,,,,,56.73,0.0,,1.57,0.0,0.05,-0.05,898.7,368.7,30.8,68.7,-12.37,45.58,1.05,0.35,3,31.0,22.5,8.0,0.0,61.5,ACCUMULATE ⭐⭐⭐,Expected ~140% CAGR (2yr) | Revenue CAGR 18% | Profit CAGR 54% | ROE 113% | ROCE 30% | ROCE trend rising ↑,Pattern still forming (not broken out),3-4 years,Medium-High,"yfinance, screener.in",70,230,,2026-06-20,2026-06-01,19,18.5,3,2.0
CAMPUS,Campus Activewear Limited,Consumer Cyclical,Footwear & Accessories,7285.0,Small-Cap,MonthlyDoubleBottom,Forming,0.744,13,Sep 13mo | Mid rally 76% | Asymmetry 1%,,Downtrend,False,False,Below-MAs,False,Stage2,3,Uptrend,Uptrend,238.4,370.52,209.77,202.64,380.71,531.27,750.79,534.64,122.8,49.3,48.55,33.78,8.06,1.2,25.4,63.0,,302.57,7,none,29.5,31.8,4.1,20.0,11.14,8.46,9.18,67.93,26.13,259.08,300.0,40.43,,26.0,0.15,highly inconsistent earnings,0.26,,2.37,,-11.2,-0.15,72.09,-0.02,,6.07,-0.08,11.6,-0.11,304.4,215.2,21.7,10.8,-6.11,-40.39,0.29,0.09,6,39.0,12.43,9.0,1.0,61.4,ACCUMULATE ⭐⭐⭐,Expected ~49% CAGR (2yr) | Revenue CAGR 26% | Profit CAGR 40% | ROE 30% | ROCE 32% | ROCE trend rising ↑,Pattern still forming (not broken out),3-4 years,Medium-High,"yfinance, screener.in",100,50,,2026-06-20,2026-06-01,19,2.5,3,-3.0
ENDURANCE,Endurance Technologies Limited,Consumer Cyclical,Auto Parts,35202.0,Large-Cap,MonthlyDoubleBottom,Forming,0.899,40,Sep 40mo | Mid rally 90% | Asymmetry 0%,MonthlyDoubleBottom+MonthlyStage2,Sideways-Above-MA,True,False,Constructive,True,Stage2,3,Uptrend,Uptrend,2502.6,1957.99,1029.49,2127.21,4059.68,4218.23,6408.37,5100.58,68.6,29.8,37.04,24.99,5.15,1.44,17.63,46.0,16.96,2894.71,14,buy,15.4,18.3,0.49,13.0,-0.4,6.52,7.41,26.25,18.35,17.39,13.88,25.64,12.86,12.8,0.15,highly inconsistent earnings,0.19,,1.55,,153.57,0.44,75.0,0.0,,13.14,-0.58,9.77,0.57,3079.9,2142.8,18.7,16.8,3.09,29.94,0.5,0.67,6,29.0,21.29,9.0,2.0,61.3,ACCUMULATE ⭐⭐⭐,Expected ~30% CAGR (2yr) | Revenue CAGR 18% | Profit CAGR 26% | ROCE trend rising ↑ | Low D/E 0.19 | Promoter 75% holding,Pattern still forming (not broken out),3-4 years,Medium-High,"yfinance, screener.in",100,117,,2026-06-20,2026-06-01,19,-1.7,3,3.0
TORNTPHARM,Torrent Pharmaceuticals Limited,Healthcare,Drug Manufacturers - Specialty & Generic,154710.0,Large-Cap,MonthlyCupHandle,Forming,0.684,20,Cup 20mo | Depth 26% | Prior gain 68% | R²=0.93,MonthlyCupHandle+MonthlyDoubleBottom,Uptrend,True,True,Tight-Above-MAs,True,Stage2,5,Uptrend,Uptrend,4460.1,4457.0,3302.11,3791.09,3355.63,5611.89,4812.0,4018.37,25.8,12.2,71.42,48.24,18.32,3.62,39.27,83.0,19.98,4878.79,28,none,27.4,15.2,0.49,33.0,0.57,15.47,7.25,21.4,13.27,11.8,11.88,19.75,11.3,-21.9,0.15,highly inconsistent earnings,0.85,,1.13,,2601.22,1.68,68.31,0.0,,16.18,0.05,8.96,-0.09,4712.9,3140.1,5.4,42.0,39.73,118.84,0.48,0.14,6,27.0,24.21,0.0,10.0,61.2,ACCUMULATE ⭐⭐⭐,Expected ~12% CAGR (2yr) | ROE 27% | ROCE trend rising ↑ | Promoter 68% holding | OPM 33% | Piotroski F=6 (above average quality),High PE 71 | Earnings due 2026-07-27 | Pattern still forming (not broken out),3-4 years,Medium-High,"yfinance, screener.in",100,287,2026-07-27,2026-06-20,2026-06-01,19,0.0,3,2.0
COFORGE,Coforge Limited,Technology,Information Technology Services,60522.0,Large-Cap,MonthlyDoubleBottom,Forming,0.964,29,Sep 29mo | Mid rally 105% | Asymmetry 9%,,Sideways,False,False,Below-MAs,True,Downtrend,0,Uptrend,Uptrend,1367.2,1984.96,924.97,1162.12,1958.41,3044.95,3453.82,2600.76,122.7,49.2,31.15,19.92,4.81,0.95,15.0,117.0,-35.92,1644.85,34,buy,20.6,23.5,-1.23,18.0,-0.11,9.48,10.8,36.11,26.96,28.6,86.43,32.8,30.22,134.4,0.15,highly inconsistent earnings,0.07,,1.61,,1715.94,2.84,,,,23.32,-7.34,44.42,-11.76,1994.0,1008.1,31.4,35.6,-16.63,30.48,0.74,0.23,5,32.0,18.07,11.0,0.0,61.1,ACCUMULATE ⭐⭐⭐,Expected ~49% CAGR (2yr) | Revenue CAGR 27% | Profit CAGR 33% | ROE 21% | ROCE 24% | Nearly debt-free,Earnings due 2026-07-27 | Pattern still forming (not broken out),3-4 years,Medium-High,"yfinance, screener.in",90,263,2026-07-27,2026-06-20,2026-06-01,19,-3.2,3,0.0
NRBBEARING,NRB Bearings Limited,Consumer Cyclical,Auto Parts,4127.0,Small-Cap,MonthlyStage2,Breaking Out,1.0,24,10-EMA=278 | 30-EMA=257 | Above by 38.8% | MA turning=Yes,MonthlyDoubleBottom+MonthlyStage2,Uptrend,True,True,Uptrend,True,Stage2,3,Uptrend,Uptrend,356.7,256.94,194.68,303.19,603.03,693.48,797.5,693.48,94.4,39.4,28.91,23.08,4.29,1.93,18.19,288.0,2.24,423.5,2,none,15.7,18.6,1.2,17.0,0.49,10.69,8.24,11.34,8.09,11.87,78.05,15.0,21.12,,0.15,highly inconsistent earnings,0.16,,2.26,,109.51,2.65,51.2,0.0,,14.69,0.57,10.06,-0.25,455.8,212.55,21.7,67.8,30.69,86.4,3.99,0.54,6,20.0,28.0,5.0,8.0,61.0,ACCUMULATE ⭐⭐⭐,Expected ~39% CAGR (2yr) | ROCE trend rising ↑ | Low D/E 0.16 | Promoter 51% holding | Piotroski F=6 (above average quality) | FII buying +0.6% ↑,None identified,3-4 years,Medium-High,"yfinance, screener.in",100,287,,2026-06-20,2026-06-01,19,0.0,3,-3.0
SAKSOFT,Saksoft Limited,Technology,Information Technology Services,1762.0,Small-Cap,MonthlyDoubleBottom,Forming,1.0,19,Sep 19mo | Mid rally 307% | Asymmetry 2%,,Downtrend,False,False,Below-MAs,True,Downtrend,0,Uptrend,Uptrend,144.06,15.03,3.66,122.45,420.39,493.91,580.3,493.91,242.9,85.2,13.53,4.04,2.26,0.77,8.31,73.0,17.8,,0,none,19.6,25.5,0.03,19.0,0.43,13.23,10.48,14.04,14.78,21.14,22.02,17.49,24.2,19.7,0.75,consistent growth,0.06,,2.17,,85.14,4.83,66.72,0.04,,2.4,0.17,0.0,-0.14,253.99,107.59,43.3,33.9,-26.54,-60.55,0.4,0.36,7,36.0,15.0,10.0,0.0,61.0,ACCUMULATE ⭐⭐⭐,Expected ~85% CAGR (2yr) | ROCE 26% | ROCE trend rising ↑ | Nearly debt-free | Promoter 67% holding | FCF yield 4.8%,Pattern still forming (not broken out),3-4 years,Medium-High,"yfinance, screener.in",100,254,,2026-06-20,2026-06-01,19,0.0,3,-3.0
SRM,SRM CONTRACTORS LIMITED,Industrials,Engineering & Construction,1103.0,Small-Cap,None,,0.0,0,,,Sideways-Above-MA,True,True,Constructive,True,Stage2,4,Uptrend,Uptrend,485.85,,,412.97,3172.34,5713.38,10289.8,5713.38,1076.0,242.9,9.93,,2.97,0.12,6.51,0.0,,,0,none,34.3,37.1,-0.2,16.0,1.17,10.82,13.52,94.32,50.66,45.01,101.82,80.1,69.22,126.5,0.4,lumpy earner,0.33,,1.59,,-70.78,-6.42,72.59,0.0,,0.43,0.38,1.11,-0.15,649.95,361.35,25.2,34.5,5.28,,,0.5,5,38.0,9.0,13.0,1.0,61.0,ACCUMULATE ⭐⭐⭐,Expected ~243% CAGR (2yr) | Revenue CAGR 51% | Profit CAGR 80% | ROE 34% | ROCE 37% | Promoter 73% holding,None identified,3-4 years,Medium-High,"yfinance, screener.in",100,26,,2026-06-20,2026-06-01,19,0.0,3,0.0
GPTHEALTH,GPT Healthcare Limited,Healthcare,Medical Care Facilities,1216.0,Small-Cap,MonthlyDoubleBottom,Forming,0.633,9,Sep 9mo | Mid rally 64% | Asymmetry 1%,,Uptrend,True,False,Uptrend,True,Stage2,5,Uptrend,Uptrend,148.17,203.87,124.04,125.94,245.53,283.7,317.41,279.17,91.5,38.4,28.72,14.82,4.5,2.1,14.92,202.0,-28.57,136.0,1,none,28.5,23.6,10.0,22.0,2.5,8.94,8.41,38.68,,,100.0,,,13.0,1.0,steady compounder (low CV),0.34,,1.12,,19.64,1.62,65.57,0.0,,2.81,0.08,6.84,0.64,185.0,115.0,19.9,28.8,-10.05,,0.38,0.49,6,35.0,20.6,4.0,1.0,60.6,ACCUMULATE ⭐⭐⭐,Expected ~38% CAGR (2yr) | Revenue CAGR 25% | ROE 28% | ROCE 24% | ROCE trend rising ↑ | Promoter 66% holding,Pattern still forming (not broken out),3-4 years,Medium-High,"yfinance, screener.in",80,29,,2026-06-20,2026-06-01,19,3.7,3,3.0
BUTTERFLY,Butterfly Gandhimathi Appliances Limited,Consumer Cyclical,"Furnishings, Fixtures & Appliances",1121.0,Small-Cap,MonthlyDoubleBottom,Forming,1.0,37,Sep 37mo | Mid rally 368% | Asymmetry 1%,,Sideways,False,False,Below-MAs,True,Stage2,3,Uptrend,Uptrend,627.1,642.47,136.69,533.03,1563.34,1980.75,2509.61,1980.75,215.9,77.7,24.57,,3.01,0.92,12.3,,100.0,,0,none,13.08,,,5.96,,4.84,6.84,16.7,,,26.7,,,26.6,0.5,insufficient history,0.02,,2.1,,62.91,5.61,75.0,0.0,,0.01,-0.01,0.43,0.0,823.85,565.8,23.9,10.8,-7.71,-66.29,0.12,-0.01,5,30.0,19.5,10.0,1.0,60.5,ACCUMULATE ⭐⭐⭐,Expected ~78% CAGR (2yr) | Revenue CAGR 17% | Profit CAGR 27% | Nearly debt-free | Promoter 75% holding | FCF yield 5.6%,Pattern still forming (not broken out),3-4 years,Medium-High,"yfinance, screener.in",70,147,,2026-06-20,2026-06-01,19,-7.9,3,-5.5
MOLDTKPAC,Mold-Tek Packaging Limited,Consumer Cyclical,Packaging & Containers,2247.0,Small-Cap,MonthlyDoubleBottom,Forming,1.0,44,Sep 44mo | Mid rally 161% | Asymmetry 6%,MonthlyDoubleBottom+MonthlyStage2,Sideways-Above-MA,True,False,Constructive,True,Stage2,3,Uptrend,Uptrend,681.8,1088.22,406.02,579.53,1336.04,1770.42,2120.77,1683.28,159.7,61.1,30.86,19.7,3.26,1.19,14.23,59.0,-30.66,810.33,9,none,17.8,22.2,0.09,19.0,0.49,8.22,7.09,31.73,15.93,15.96,33.33,25.99,21.67,26.9,0.75,consistent growth,0.32,,1.49,,-63.1,-2.81,33.19,0.12,,9.69,-0.67,20.95,0.83,892.9,464.9,23.6,46.7,5.54,-54.23,3.4,0.52,5,26.0,22.5,10.0,2.0,60.5,ACCUMULATE ⭐⭐⭐,Expected ~61% CAGR (2yr) | Revenue CAGR 16% | Profit CAGR 26% | ROCE 22% | ROCE trend rising ↑ | EPS: consistent growth,Pattern still forming (not broken out),3-4 years,Medium-High,"yfinance, screener.in",100,136,,2026-06-20,2026-06-01,19,0.0,3,0.0
VIJAYA,Vijaya Diagnostic Centre Limited,Healthcare,Diagnostics & Research,13245.0,Mid-Cap,MonthlyStage2,Stage Change,1.0,24,10-EMA=1055 | 30-EMA=924 | Above by 40.7% | MA turning=Yes,,Uptrend,True,True,Tight-Above-MAs,True,Stage2,5,Uptrend,Uptrend,1300.1,924.15,746.56,1105.08,1035.71,1332.41,1663.4,1312.55,2.5,1.2,76.94,49.17,15.3,2.88,39.71,16.0,25.99,1362.2,10,none,19.7,21.3,-1.4,41.0,-0.77,21.25,11.02,19.53,21.04,16.64,20.14,26.73,15.27,38.4,0.15,highly inconsistent earnings,0.44,,2.6,,-1.45,-0.01,52.51,-0.09,,13.38,-1.72,29.93,1.33,1427.8,848.0,8.9,53.3,39.94,153.77,1.38,0.34,4,24.0,28.5,0.0,8.0,60.5,ACCUMULATE ⭐⭐⭐,Expected ~1% CAGR (2yr) | Revenue CAGR 21% | Profit CAGR 27% | ROCE 21% | Promoter 53% holding | OPM 41%,High PE 77 | Margin compression ↓,3-4 years,Medium-High,"yfinance, screener.in",100,57,,2026-06-20,2026-06-01,19,0.0,3,0.0
OFSS,Oracle Financial Services Software Limited,Technology,Software - Infrastructure,81209.0,Large-Cap,MonthlyStage2,Stage Change,1.0,24,10-EMA=8185 | 30-EMA=7510 | Above by 28.4% | MA turning=Yes,MonthlyDoubleBottom+MonthlyStage2,Uptrend,True,False,Constructive,True,Downtrend,0,Uptrend,Uptrend,9646.0,7510.05,6543.54,8199.1,11256.86,12774.28,14496.25,12774.28,32.4,15.1,30.86,24.33,10.37,2.29,21.77,713.0,6.27,10695.0,2,none,32.6,45.3,1.71,45.0,-0.94,34.4,21.25,12.05,10.42,9.01,10.88,13.48,8.41,30.7,0.15,highly inconsistent earnings,0.0,,5.43,,2422.44,2.98,72.44,-0.02,,8.04,-0.32,9.12,0.3,10584.5,6234.5,8.9,54.7,19.85,155.28,0.84,0.43,6,30.0,24.5,2.0,4.0,60.5,ACCUMULATE ⭐⭐⭐,Expected ~15% CAGR (2yr) | ROE 33% | ROCE 45% | ROCE trend rising ↑ | Nearly debt-free | Promoter 72% holding,Margin compression ↓ | Earnings due 2026-04-27,3-4 years,Medium-High,"yfinance, screener.in",100,288,2026-04-27,2026-06-20,2026-06-01,19,0.0,3,2.0
AJMERA,Ajmera Realty & Infra India Limited,Real Estate,Real Estate - Development,2378.0,Small-Cap,MonthlyDoubleBottom,Forming,1.0,37,Sep 37mo | Mid rally 808% | Asymmetry 10%,,Sideways,False,False,Below-MAs,True,Stage2,3,Uptrend,Uptrend,120.84,143.26,15.06,102.71,355.24,460.64,597.32,460.64,281.2,95.2,15.88,5.81,1.7,0.54,10.35,74.0,25.99,175.0,1,strong_buy,11.5,14.3,1.69,27.0,0.46,13.74,7.58,47.7,36.24,25.72,24.6,29.67,38.33,120.0,0.75,consistent growth,0.47,,6.28,,-116.82,-4.91,68.23,0.0,,0.78,0.25,1.13,-0.08,221.4,98.03,45.4,23.3,-27.68,36.97,1.66,0.47,6,31.0,19.5,10.0,0.0,60.5,ACCUMULATE ⭐⭐⭐,Expected ~95% CAGR (2yr) | Revenue CAGR 36% | Profit CAGR 30% | ROCE trend rising ↑ | Promoter 68% holding | OPM 27%,Pattern still forming (not broken out),3-4 years,Medium-High,"yfinance, screener.in",100,238,,2026-06-20,2026-06-01,19,0.6,3,3.0
AXISBANK,Axis Bank Limited,Financial Services,Banks - Regional,421843.0,Large-Cap,MonthlyStage2,Stage Change,1.0,24,10-EMA=1267 | 30-EMA=1164 | Above by 16.6% | MA turning=Yes,MonthlyDoubleBottom+MonthlyStage2,Uptrend,True,True,Uptrend,True,Stage2,12,Uptrend,Uptrend,1356.3,1163.61,985.26,1152.86,2454.35,2614.45,4437.99,3300.36,92.8,38.8,16.05,11.34,1.96,0.47,,7.0,0.0,1585.59,39,strong_buy,13.2,6.24,,39.19,,35.41,1.47,4.05,14.87,15.53,-5.83,34.47,29.63,1.7,0.15,highly inconsistent earnings,,,,,,,8.14,-0.01,,42.04,-0.54,43.35,0.7,1418.3,1042.5,4.4,30.1,31.68,22.97,0.64,0.43,2,14.0,26.5,10.0,10.0,60.5,ACCUMULATE ⭐⭐⭐,Expected ~39% CAGR (2yr) | Profit CAGR 34% | OPM 39% | DII buying +0.7% ↑ | PEG 0.47 — deeply undervalued | MonthlyStage2 forming (24mo base),Earnings due 2026-07-16,3-4 years,Medium-High,"yfinance, screener.in",80,332,2026-07-16,2026-06-20,2026-06-01,19,9.5,3,6.5
MEDPLUS,MedPlus Health Services Limited,Healthcare,Pharmaceutical Retailers,10591.0,Mid-Cap,MonthlyStage2,Stage Change,0.993,24,10-EMA=848 | 30-EMA=813 | Above by 14.9% | MA turning=Yes,MonthlyDoubleBottom+MonthlyStage2,Uptrend,True,False,Uptrend,True,Stage2,5,Uptrend,Uptrend,934.65,813.47,666.85,794.45,1664.71,2104.16,4469.76,2727.79,125.1,50.0,48.3,34.53,5.36,0.76,28.25,0.0,,1168.71,7,none,11.8,12.6,0.06,9.0,0.37,3.19,5.56,12.32,14.78,17.56,46.67,63.86,28.42,24.6,0.15,highly inconsistent earnings,0.72,,3.0,,271.58,2.56,40.22,-0.07,,15.53,-1.3,27.82,1.24,1022.2,732.0,8.6,27.7,11.05,-2.1,0.38,0.43,7,21.0,26.42,9.0,4.0,60.4,ACCUMULATE ⭐⭐⭐,Expected ~50% CAGR (2yr) | Profit CAGR 64% | ROCE trend rising ↑ | Piotroski F=7 (high quality compounder) | DII buying +1.2% ↑ | PEG 0.76 — undervalued,None identified,3-4 years,Medium-High,"yfinance, screener.in",100,54,,2026-06-20,2026-06-01,19,0.0,3,1.0
ACE,Action Construction Equipment Limited,Industrials,Farm & Heavy Construction Machinery,11081.0,Mid-Cap,MonthlyDoubleBottom,Forming,0.497,9,Sep 9mo | Mid rally 59% | Asymmetry 9%,,Sideways-Above-MA,True,True,Constructive,True,Stage2,4,Uptrend,Uptrend,931.05,289.73,173.79,791.39,1682.42,2252.26,3015.1,2252.26,141.9,55.5,26.67,20.51,5.51,0.79,20.74,21.0,49.38,1247.0,2,none,22.9,31.7,3.66,15.0,1.34,12.65,9.83,-1.41,14.94,21.73,1.47,33.87,38.99,-6.5,0.4,lumpy earner,0.0,,1.33,,272.88,2.46,65.42,0.0,,9.58,-0.82,1.84,0.08,1236.0,745.1,24.7,25.0,-12.99,10.09,0.58,0.33,6,38.0,14.96,6.0,1.0,60.0,ACCUMULATE ⭐⭐⭐,Expected ~56% CAGR (2yr) | Profit CAGR 34% | ROE 23% | ROCE 32% | ROCE trend rising ↑ | Nearly debt-free,Pattern still forming (not broken out),3-4 years,Medium-High,"yfinance, screener.in",100,238,,2026-06-20,2026-06-01,19,5.6,3,-1.0
WHEELS,Wheels India Limited,Consumer Cyclical,Auto Parts,3994.0,Small-Cap,MonthlyDoubleBottom,Breakout Ready,1.0,33,Sep 33mo | Mid rally 148% | Asymmetry 5%,,Uptrend,True,True,Tight-Above-MAs,True,Stage2,3,Uptrend,Uptrend,1564.2,1236.83,487.61,1329.57,5122.13,7467.04,10885.45,7467.04,377.4,118.5,25.77,43.85,3.83,0.56,,88.0,-8.73,,0,none,15.8,18.8,2.6,8.0,0.37,3.19,,15.2,5.61,17.76,41.07,45.78,27.44,-9.8,0.15,highly inconsistent earnings,,,,,,,58.31,0.0,,1.15,-0.03,9.64,-0.17,1744.0,705.85,10.3,121.6,102.86,76.38,3.16,,2,16.0,30.0,6.0,8.0,60.0,ACCUMULATE ⭐⭐⭐,Expected ~118% CAGR (2yr) | Profit CAGR 46% | ROCE trend rising ↑ | Promoter 58% holding | PEG 0.56 — undervalued | MonthlyDoubleBottom — Breakout Ready,None identified,3-4 years,Medium-High,"yfinance, screener.in",70,287,,2026-06-20,2026-06-01,19,0.0,3,0.0
MANORAMA,Manorama Industries Limited,Consumer Defensive,Packaged Foods,9341.0,Mid-Cap,None,,0.0,0,,,Uptrend,True,False,Below-MAs,True,Stage2,15,Uptrend,Uptrend,1371.4,,,1165.69,2104.94,2767.99,3639.91,2767.99,101.8,42.1,43.48,28.65,13.89,1.38,27.32,4.0,50.0,1831.0,2,none,39.4,35.0,,26.0,2.0,15.73,18.74,77.3,,,104.55,,,31.0,0.5,insufficient history,0.52,,1.95,,131.47,1.41,54.32,0.0,,2.89,0.18,3.0,-0.61,1760.0,1060.6,22.1,29.3,1.65,325.28,,0.17,6,40.0,11.0,6.0,3.0,60.0,ACCUMULATE ⭐⭐⭐,Expected ~42% CAGR (2yr) | Revenue CAGR 68% | Profit CAGR 32% | ROE 39% | ROCE 35% | Promoter 54% holding,None identified,3-4 years,Medium-High,"yfinance, screener.in",80,47,,2026-06-20,2026-06-01,19,0.0,3,3.0
COLPAL,Colgate-Palmolive (India) Limited,Consumer Defensive,Household & Personal Products,56546.0,Large-Cap,MonthlyDoubleBottom,Forming,0.511,17,Sep 17mo | Mid rally 59% | Asymmetry 8%,,Downtrend,False,False,Below-MAs,False,Stage2,15,Uptrend,Uptrend,2079.0,1418.08,861.94,1767.15,3952.5,4301.39,8122.08,5665.91,106.9,43.8,42.73,35.36,35.7,0.99,29.48,231.0,-17.67,2254.62,26,hold,158.0,179.0,31.8,22.0,1.4,21.96,33.52,15.43,14.93,,51.39,43.35,,-0.5,0.4,lumpy earner,0.03,,1.28,,1955.26,3.46,51.0,0.0,,13.6,-1.58,15.25,1.75,2504.0,1782.0,17.0,16.7,-1.78,-11.0,0.43,0.51,6,40.0,9.63,9.0,1.0,59.6,WATCH ⭐⭐,Expected ~44% CAGR (2yr) | Profit CAGR 43% | ROE 158% | ROCE 179% | ROCE trend rising ↑ | Nearly debt-free,Earnings due 2026-07-22 | Pattern still forming (not broken out),3-4 years,Medium-High,"yfinance, screener.in",100,288,2026-07-22,2026-06-20,2026-06-01,19,-5.0,3,-3.0
MARINE,Marine Electricals (India) Limited,Industrials,Electrical Equipment & Parts,3238.0,Small-Cap,MonthlyStage2,Stage Change,1.0,24,10-EMA=204 | 30-EMA=177 | Above by 25.4% | MA turning=Yes,MonthlyDoubleBottom+MonthlyStage2,Sideways-Above-MA,True,False,Constructive,True,Stage2,4,Uptrend,Uptrend,222.05,177.13,147.48,188.74,189.93,287.56,435.36,287.56,29.5,13.8,63.72,,6.88,1.24,35.36,12.0,9.0,,0,none,13.2,18.2,1.23,11.0,-0.03,6.66,6.17,14.34,25.56,28.43,55.26,51.4,33.34,38.1,0.4,lumpy earner,0.18,,2.12,,-39.23,-1.21,68.2,-0.34,,0.59,-0.06,0.34,0.22,282.48,150.86,21.4,47.2,11.91,331.09,0.63,1.08,4,30.0,22.5,3.0,4.0,59.5,WATCH ⭐⭐,Expected ~14% CAGR (2yr) | Revenue CAGR 26% | Profit CAGR 51% | ROCE trend rising ↑ | Low D/E 0.18 | Promoter 68% holding,High PE 64,3-4 years,Medium-High,"yfinance, screener.in",100,92,,2026-06-20,2026-06-01,19,0.0,3,-3.0
ALEMBICLTD,Alembic Limited,Real Estate,Real Estate - Development,2236.0,Small-Cap,MonthlyDoubleBottom,Forming,1.0,33,Sep 33mo | Mid rally 6454% | Asymmetry 1%,,Sideways,False,False,Below-MAs,True,Stage2,3,Uptrend,Uptrend,87.06,168.13,2.55,74.0,500.49,592.58,701.62,592.58,580.7,160.9,7.04,1.75,0.92,0.38,23.77,276.0,10.06,725.0,1,none,13.3,6.28,1.0,38.0,5.46,132.25,1.92,8.11,23.63,26.53,1.93,18.4,-1.56,-1.9,0.15,highly inconsistent earnings,0.0,,1.95,,22.95,1.03,70.88,0.0,,1.25,-0.04,0.05,0.0,125.54,70.46,30.7,23.6,-16.06,-7.34,0.29,0.64,7,30.0,19.5,10.0,0.0,59.5,WATCH ⭐⭐,Expected ~161% CAGR (2yr) | Revenue CAGR 24% | ROCE trend rising ↑ | Nearly debt-free | Promoter 71% holding | OPM 38%,Pattern still forming (not broken out),3-4 years,Medium-High,"yfinance, screener.in",100,288,,2026-06-20,2026-06-01,19,-3.1,3,0.0
IEX,Indian Energy Exchange Limited,Financial Services,Capital Markets,10746.0,Mid-Cap,MonthlyDoubleBottom,Forming,1.0,33,Sep 33mo | Mid rally 112% | Asymmetry 4%,MonthlyCupHandle+MonthlyDoubleBottom,Sideways,False,False,Below-MAs,True,Stage2,12,Uptrend,Uptrend,125.48,233.91,108.28,106.66,145.41,359.54,199.83,170.46,186.5,69.3,21.85,19.12,7.93,1.27,13.85,331.0,51.83,141.18,11,hold,39.4,51.4,-1.26,84.0,0.71,65.99,16.95,14.71,15.38,14.14,14.92,17.23,19.18,10.8,0.15,highly inconsistent earnings,0.01,,2.0,,799.84,7.44,,,,14.16,2.74,30.26,-4.69,211.75,114.6,40.7,9.5,-25.48,-16.95,0.29,0.31,5,35.0,19.5,5.0,0.0,59.5,WATCH ⭐⭐,Expected ~69% CAGR (2yr) | Revenue CAGR 15% | ROE 39% | ROCE 51% | Nearly debt-free | OPM 84%,Earnings due 2026-04-23 | Pattern still forming (not broken out),3-4 years,Medium-High,"yfinance, screener.in",90,104,2026-04-23,2026-06-20,2026-06-01,19,0.0,3,0.0
NESTLEIND,Nestlé India Limited,Consumer Defensive,Packaged Foods,265278.0,Large-Cap,MonthlyStage2,Stage Change,1.0,24,10-EMA=1299 | 30-EMA=1204 | Above by 18.9% | MA turning=Yes,MonthlyDoubleBottom+MonthlyStage2,Uptrend,True,True,Tight-Above-MAs,True,Stage2,15,Uptrend,Uptrend,1431.4,1203.53,1067.84,1216.69,748.6,1339.22,829.58,788.05,,,75.75,57.95,51.44,14.37,51.24,87.0,-16.68,1478.47,36,buy,74.2,85.3,-11.0,23.0,-0.0,15.14,22.58,14.62,6.58,,9.07,5.27,,27.2,0.15,highly inconsistent earnings,0.09,,0.96,,3881.1,1.46,62.76,0.0,,9.74,-0.07,12.4,0.3,1498.1,1084.7,4.5,32.0,24.96,6.0,0.77,0.44,3,25.0,28.5,0.0,6.0,59.5,WATCH ⭐⭐,ROE 74% | ROCE 85% | Nearly debt-free | Promoter 63% holding | MonthlyStage2 forming (24mo base) | Weekly uptrend,High PE 76 | Earnings due 2026-04-21,3-4 years,Medium-High,"yfinance, screener.in",100,286,2026-04-21,2026-06-20,2026-06-01,19,0.0,3,0.0
ONWARDTEC,Onward Technologies Limited,Technology,Information Technology Services,544.0,Small-Cap,MonthlyDoubleBottom,Forming,1.0,31,Sep 31mo | Mid rally 245% | Asymmetry 6%,,Sideways,False,False,Below-MAs,True,Downtrend,0,Uptrend,Uptrend,258.17,720.06,202.91,219.44,1083.73,1720.31,2730.81,1720.31,566.3,158.1,12.71,,2.19,0.22,6.75,201.0,18.56,,0,none,19.5,23.0,1.31,13.0,1.17,8.15,10.24,10.79,7.25,17.78,62.96,58.74,44.43,-8.3,0.15,highly inconsistent earnings,0.16,,3.66,,20.84,3.83,39.07,-0.02,,9.83,0.44,3.54,0.64,385.0,208.25,32.9,24.0,-16.72,-70.44,2.13,0.71,6,29.0,18.5,12.0,0.0,59.5,WATCH ⭐⭐,Expected ~158% CAGR (2yr) | Profit CAGR 59% | ROCE 23% | ROCE trend rising ↑ | Low D/E 0.16 | FCF yield 3.8%,Pattern still forming (not broken out),3-4 years,Medium-High,"yfinance, screener.in",100,287,,2026-06-20,2026-06-01,19,0.0,3,0.0
ARIES,Aries Agro Limited,Basic Materials,Agricultural Inputs,437.0,Micro-Cap,MonthlyDoubleBottom,Forming,1.0,38,Sep 38mo | Mid rally 244% | Asymmetry 6%,,Downtrend,False,False,Below-MAs,False,Stage2,1,Uptrend,Uptrend,336.35,269.12,76.07,285.9,982.12,1354.83,1868.99,1354.83,302.8,100.7,10.2,,1.31,0.27,5.04,36.0,14.47,,0,none,13.7,21.2,1.46,12.0,-0.4,5.69,7.99,21.06,16.85,14.6,27.27,37.95,21.29,,0.15,highly inconsistent earnings,0.17,,1.69,,0.94,0.21,52.66,0.0,,3.25,0.34,0.0,0.0,459.9,285.35,26.9,17.9,-9.05,78.04,0.16,,6,30.0,16.5,13.0,0.0,59.5,WATCH ⭐⭐,Expected ~101% CAGR (2yr) | Revenue CAGR 17% | Profit CAGR 38% | ROCE 21% | ROCE trend rising ↑ | Low D/E 0.17,Pattern still forming (not broken out),3-4 years,Medium-High,"yfinance, screener.in",100,222,,2026-06-20,2026-06-01,19,-5.6,3,1.0
LLOYDSENGG,Lloyds Engineering Works Limited,Industrials,Specialty Industrial Machinery,10111.0,Mid-Cap,MonthlyStage2,Breaking Out,1.0,24,10-EMA=56 | 30-EMA=58 | Above by 18.6% | MA turning=Yes,MonthlyDoubleBottom+MonthlyStage2,Sideways-Above-MA,True,True,Constructive,True,Stage2,4,Uptrend,Uptrend,68.44,57.7,37.73,58.17,109.97,233.68,496.57,233.68,241.4,84.8,47.61,,5.85,0.42,50.18,35.0,80.47,,0,none,16.4,17.1,,15.0,-1.0,14.59,6.21,53.78,,,88.57,,,156.5,0.5,insufficient history,0.07,,2.77,,-383.29,-3.79,41.92,0.0,,2.11,0.14,0.18,0.0,84.27,37.4,18.8,83.0,4.47,,1.72,1.14,3,26.0,24.0,7.0,2.0,59.0,WATCH ⭐⭐,Expected ~85% CAGR (2yr) | Revenue CAGR 113% | Profit CAGR 112% | Nearly debt-free | Margin compressing ↓ ⚠️ | Dividend growing 80%/yr,Margin compression ↓,3-4 years,Medium-High,"yfinance, screener.in",80,32,,2026-06-20,2026-06-01,19,0.0,3,-1.0
MENONBE,Menon Bearings Limited,Consumer Cyclical,Auto Parts,937.0,Small-Cap,MonthlyStage2,Breaking Out,1.0,24,10-EMA=122 | 30-EMA=117 | Above by 27.2% | MA turning=Yes,MonthlyDoubleBottom+MonthlyStage2,Uptrend,True,True,Uptrend,True,Stage2,3,Uptrend,Uptrend,148.41,116.69,88.61,126.15,238.09,249.54,261.55,249.54,68.1,29.7,24.44,26.96,5.05,5.08,16.51,120.0,0.0,,0,none,22.2,25.5,3.1,20.0,0.03,13.02,12.25,20.99,10.31,54.87,52.0,4.81,106.99,29.3,0.15,highly inconsistent earnings,0.25,,2.51,,-17.23,-1.84,68.44,0.0,,0.21,-0.17,0.03,0.03,183.0,101.5,18.9,46.2,29.01,-8.7,2.75,0.15,6,21.0,28.0,4.0,6.0,59.0,WATCH ⭐⭐,Expected ~30% CAGR (2yr) | ROE 22% | ROCE 26% | ROCE trend rising ↑ | Low D/E 0.25 | Promoter 68% holding,None identified,3-4 years,Medium-High,"yfinance, screener.in",100,135,,2026-06-20,2026-06-01,19,0.0,3,0.0
SANSERA,Sansera Engineering Limited,Consumer Cyclical,Auto Parts,18165.0,Mid-Cap,MonthlyDoubleBottom,Forming,0.794,13,Sep 13mo | Mid rally 88% | Asymmetry 8%,,Uptrend,True,True,Tight-Above-MAs,True,Stage2,3,Uptrend,Uptrend,2947.4,1751.11,896.77,2505.29,3425.06,3861.2,5810.63,4461.14,31.0,14.5,56.18,34.53,6.29,1.86,29.03,11.0,17.57,2961.3,10,buy,11.5,14.1,0.11,18.0,0.03,9.27,6.47,15.94,14.37,17.69,50.69,30.25,24.35,104.8,0.4,lumpy earner,0.19,,1.75,,-211.33,-1.16,30.1,-0.07,,18.79,-0.57,35.38,-0.92,2995.0,1216.3,1.6,142.3,125.86,190.51,0.7,0.78,6,21.0,25.03,3.0,10.0,59.0,WATCH ⭐⭐,Expected ~14% CAGR (2yr) | Profit CAGR 30% | ROCE trend rising ↑ | Low D/E 0.19 | Piotroski F=6 (above average quality) | Dividend growing 18%/yr,High PE 56 | Pattern still forming (not broken out),3-4 years,Medium-High,"yfinance, screener.in",100,58,,2026-06-20,2026-06-01,19,23.0,3,1.0
3MINDIA,3M India Limited,Industrials,Conglomerates,35541.0,Large-Cap,MonthlyCupHandle,Forming,0.911,21,Cup 21mo | Depth 21% | Prior gain 23% | R²=0.97,MonthlyCupHandle+MonthlyDoubleBottom+MonthlyStage2,Sideways-Above-MA,True,False,Constructive,True,Stage2,4,Uptrend,Uptrend,31550.0,37436.67,29755.96,28268.16,21866.85,45117.38,37508.52,28639.02,43.0,19.6,68.03,41.88,20.19,2.2,35.56,51.0,-14.3,36726.0,1,none,30.5,40.5,0.09,19.0,1.34,10.26,18.76,-0.07,7.86,6.98,4.8,30.97,13.67,203.1,0.15,highly inconsistent earnings,0.1,,2.18,,459.29,1.29,75.0,0.0,,3.52,0.02,8.34,-0.05,38030.0,28275.0,17.0,11.6,8.97,-6.27,0.16,0.27,6,37.0,20.93,-1.0,2.0,58.9,WATCH ⭐⭐,Expected ~20% CAGR (2yr) | Profit CAGR 31% | ROE 30% | ROCE 40% | ROCE trend rising ↑ | Nearly debt-free,High PE 68 | Pattern still forming (not broken out),3-4 years,Medium-High,"yfinance, screener.in",100,288,,2026-06-20,2026-06-01,19,-0.8,3,-1.2
HATSUN,Hatsun Agro Product Limited,Consumer Defensive,Packaged Foods,20363.0,Mid-Cap,MonthlyDoubleBottom,Forming,0.614,30,Sep 30mo | Mid rally 65% | Asymmetry 3%,,Downtrend,False,False,Below-MAs,False,Stage2,15,Uptrend,Uptrend,914.15,1384.31,825.48,784.21,5852.4,28542.15,139200.08,28542.15,3022.3,458.8,57.13,31.8,11.13,0.15,18.86,219.0,18.56,935.0,2,none,16.7,12.9,1.0,12.0,1.9,3.58,8.13,10.62,103.56,,24.73,387.7,,2.5,0.15,highly inconsistent earnings,0.94,,0.52,,929.11,4.56,73.17,0.0,,3.13,-0.07,10.26,-0.02,1179.0,855.3,22.5,6.9,5.07,-29.74,0.12,-0.17,6,33.0,11.87,12.0,2.0,58.9,WATCH ⭐⭐,Expected ~459% CAGR (2yr) | Revenue CAGR 104% | Profit CAGR 388% | ROCE trend rising ↑ | Promoter 73% holding | FCF yield 4.6%,High PE 57 | Earnings due 2026-07-20 | Pattern still forming (not broken out),3-4 years,Medium-High,"yfinance, screener.in",100,145,2026-07-20,2026-06-20,2026-06-01,19,-3.2,3,0.0
CAMS,Computer Age Management Services Limited,Technology,Information Technology Services,18786.0,Mid-Cap,MonthlyStage2,Stage Change,0.505,24,10-EMA=737 | 30-EMA=704 | Above by 7.6% | MA turning=Yes,MonthlyDoubleBottom+MonthlyStage2,Uptrend,True,False,Uptrend,True,Downtrend,0,Uptrend,Uptrend,757.55,704.21,615.56,643.92,762.05,893.17,1066.66,901.58,17.9,8.6,39.52,29.33,14.22,2.16,26.3,165.0,-24.4,880.56,18,none,39.0,49.0,0.89,45.0,0.37,31.39,21.46,6.61,15.97,16.51,1.51,18.31,18.15,10.9,0.15,highly inconsistent earnings,0.05,,3.43,,386.33,2.06,0.0,0.0,,44.44,-0.21,22.06,0.06,875.0,611.4,13.4,23.9,7.64,49.23,0.28,0.13,7,34.0,19.56,2.0,3.0,58.6,WATCH ⭐⭐,Expected ~9% CAGR (2yr) | Revenue CAGR 16% | ROE 39% | ROCE 49% | ROCE trend rising ↑ | Nearly debt-free,Earnings due 2026-07-30,3-4 years,Medium-High,"yfinance, screener.in",100,69,2026-07-30,2026-06-20,2026-06-01,19,-2.8,3,0.0
JYOTHYLAB,Jyothy Labs Limited,Consumer Defensive,Household & Personal Products,7380.0,Small-Cap,MonthlyDoubleBottom,Breakout Ready,0.463,6,Sep 6mo | Mid rally 50% | Asymmetry 3%,,Downtrend,False,False,Below-MAs,False,Stage2,15,Uptrend,Uptrend,213.5,86.18,56.71,181.47,671.17,649.26,1178.68,889.43,204.1,74.4,21.61,18.11,4.64,0.66,15.61,174.0,11.87,289.0,11,none,19.0,24.6,2.4,18.0,0.57,11.32,9.83,3.26,9.04,10.72,0.27,32.52,17.82,-11.5,0.15,highly inconsistent earnings,0.03,,2.68,,267.48,3.62,62.89,0.0,,12.35,-0.42,14.62,-0.52,364.8,196.15,41.5,8.8,-29.97,-20.62,1.31,0.4,6,34.0,11.56,13.0,0.0,58.6,WATCH ⭐⭐,Expected ~74% CAGR (2yr) | Profit CAGR 33% | ROCE 25% | ROCE trend rising ↑ | Nearly debt-free | Promoter 63% holding,None identified,3-4 years,Medium-High,"yfinance, screener.in",100,222,,2026-06-20,2026-06-01,19,0.0,3,0.0
ALKYLAMINE,Alkyl Amines Chemicals Limited,Basic Materials,Specialty Chemicals,9369.0,Mid-Cap,MonthlyDoubleBottom,Forming,0.301,8,Sep 8mo | Mid rally 31% | Asymmetry 1%,,Uptrend,True,True,Constructive,True,Stage2,1,Uptrend,Uptrend,1831.8,2761.39,2100.17,1995.16,1192.23,3422.61,2936.48,1871.08,86.8,36.7,52.08,41.38,6.11,0.91,,76.0,0.0,1492.33,3,none,41.4,41.3,2.57,26.0,1.14,11.77,,17.38,25.61,15.84,133.72,56.94,34.9,-3.4,0.15,highly inconsistent earnings,,,,,,,72.05,0.02,,3.45,0.0,3.01,0.0,2438.8,1212.0,24.9,51.1,-17.37,-43.76,1.72,0.27,3,36.0,15.61,6.0,1.0,58.6,WATCH ⭐⭐,Expected ~37% CAGR (2yr) | Revenue CAGR 26% | Profit CAGR 57% | ROE 41% | ROCE 41% | ROCE trend rising ↑,High PE 52 | Pattern still forming (not broken out),3-4 years,Medium-High,"yfinance, screener.in",70,224,,2026-06-20,2026-06-01,19,3.7,3,7.0
MACPOWER,Macpower CNC Machines Limited,Industrials,Specialty Industrial Machinery,996.0,Small-Cap,MonthlyStage2,Stage Change,1.0,24,10-EMA=990 | 30-EMA=921 | Above by 22.7% | MA turning=Yes,MonthlyDoubleBottom+MonthlyStage2,Uptrend,True,False,Tight-Above-MAs,True,Stage2,4,Uptrend,Uptrend,1130.1,920.81,744.29,960.58,1516.85,1779.26,2087.07,1779.26,57.4,25.5,29.41,,5.68,1.7,18.25,15.0,14.47,,0,none,21.3,,,14.22,,10.16,12.11,24.8,,,17.3,,,17.2,0.5,insufficient history,0.0,,2.34,,-4.16,-0.42,73.17,0.0,,1.11,0.08,0.52,0.17,1250.0,761.0,9.6,48.5,19.48,237.78,0.92,,4,23.0,28.5,4.0,3.0,58.5,WATCH ⭐⭐,Expected ~26% CAGR (2yr) | Revenue CAGR 25% | ROE 21% | Nearly debt-free | Promoter 73% holding | Dividend growing 14%/yr,None identified,3-4 years,Medium-High,"yfinance, screener.in",70,99,,2026-06-20,2026-06-01,19,0.0,3,-10.0
PREMEXPLN,Premier Explosives Limited,Basic Materials,Specialty Chemicals,3725.0,Small-Cap,MonthlyStage2,Stage Change,1.0,24,10-EMA=513 | 30-EMA=449 | Above by 16.8% | MA turning=Yes,MonthlyCupHandle+MonthlyDoubleBottom+MonthlyStage2,Sideways-Above-MA,True,False,Constructive,True,Stage2,1,Uptrend,Uptrend,524.75,449.18,333.32,446.04,261.15,565.04,916.25,489.16,7.7,3.8,81.3,43.84,12.9,0.93,95.84,7.0,18.56,710.0,1,hold,18.6,22.6,4.63,10.0,1.37,11.8,3.33,-6.95,24.31,20.61,58.62,87.31,33.13,76.0,0.15,highly inconsistent earnings,0.11,,1.65,,-51.95,-1.39,41.33,0.0,,1.18,0.27,9.17,-0.06,779.5,378.4,32.7,38.7,0.77,481.7,0.29,1.16,5,28.0,22.5,5.0,3.0,58.5,WATCH ⭐⭐,Expected ~4% CAGR (2yr) | Revenue CAGR 24% | Profit CAGR 87% | ROCE 23% | ROCE trend rising ↑ | Low D/E 0.11,High PE 81,3-4 years,Medium-High,"yfinance, screener.in",100,120,,2026-06-20,2026-06-01,19,0.0,3,-2.0
MWL,MANGALAM WORLDWIDE LTD,Basic Materials,Steel,1127.0,Small-Cap,MonthlyDoubleBottom,Forming,0.377,6,Sep 6mo | Mid rally 43% | Asymmetry 5%,,Uptrend,True,True,Tight-Above-MAs,True,Stage2,1,Uptrend,Uptrend,370.2,183.78,125.07,314.67,499.02,701.47,986.05,701.47,89.5,37.7,22.53,,4.07,0.56,17.23,5.0,-41.52,,0,none,18.0,17.6,0.6,8.0,1.17,3.41,,13.96,23.33,31.95,66.67,40.57,75.54,74.5,0.15,highly inconsistent earnings,0.79,,,,,,66.5,0.0,,0.01,0.01,0.0,-0.36,395.5,150.0,6.4,146.8,135.11,166.75,0.9,0.55,3,24.0,19.52,5.0,10.0,58.5,WATCH ⭐⭐,Expected ~38% CAGR (2yr) | Revenue CAGR 23% | Profit CAGR 41% | ROCE trend rising ↑ | Promoter 66% holding | PEG 0.56 — undervalued,Pattern still forming (not broken out),3-4 years,Medium-High,"yfinance, screener.in",80,47,,2026-06-20,2026-06-01,19,0.0,3,0.0
UJJIVANSFB,Ujjivan Small Finance Bank Limited,Financial Services,Banks - Regional,10652.0,Mid-Cap,MonthlyDoubleBottom,Forming,1.0,36,Sep 36mo | Mid rally 122% | Asymmetry 2%,MonthlyCupHandle+MonthlyDoubleBottom,Sideways-Above-MA,True,False,Below-MAs,False,Stage2,12,Uptrend,Uptrend,54.13,47.27,21.13,46.01,250.31,531.11,2792.38,836.04,881.2,213.2,15.6,8.11,1.56,0.07,,,20.0,73.71,17,none,10.74,,,29.52,,16.57,1.32,44.4,,,234.0,,,238.2,0.5,insufficient history,,,,,,,0.0,0.0,,17.23,1.78,31.12,2.45,68.0,41.32,20.4,31.0,18.12,26.79,0.88,0.45,2,23.0,21.5,11.0,3.0,58.5,WATCH ⭐⭐,Expected ~213% CAGR (2yr) | Revenue CAGR 44% | Profit CAGR 234% | OPM 30% | FII buying +1.8% ↑ | DII buying +2.5% ↑,Pattern still forming (not broken out),3-4 years,Medium-High,"yfinance, screener.in",50,78,,2026-06-20,2026-06-01,19,0.0,3,0.0
LUMAXIND,Lumax Industries Limited,Consumer Cyclical,Auto Parts,4965.0,Small-Cap,MonthlyDoubleBottom,Forming,1.0,33,Sep 33mo | Mid rally 107% | Asymmetry 0%,,Uptrend,True,False,Uptrend,True,Stage2,3,Uptrend,Uptrend,5257.5,1697.5,819.49,4468.88,9592.72,11380.81,13502.19,11380.81,116.5,47.1,28.82,16.37,5.41,1.55,14.59,104.0,37.38,6809.0,2,strong_buy,22.0,17.7,1.8,10.0,0.43,4.12,5.03,23.06,21.72,24.02,22.86,18.64,57.05,23.0,0.15,highly inconsistent earnings,1.06,,0.76,,-17.12,-0.34,75.0,0.0,,1.63,0.25,6.07,0.36,6934.5,3109.6,24.2,69.1,54.12,134.02,0.37,0.83,5,19.0,26.5,6.0,7.0,58.5,WATCH ⭐⭐,Expected ~47% CAGR (2yr) | Revenue CAGR 22% | ROE 22% | ROCE trend rising ↑ | Promoter 75% holding | Piotroski F=5 (above average quality),High D/E 1.1 | Pattern still forming (not broken out),3-4 years,Medium-High,"yfinance, screener.in",100,287,,2026-06-20,2026-06-01,19,0.0,3,1.0
CARYSIL,Carysil Limited,Consumer Cyclical,"Furnishings, Fixtures & Appliances",3353.0,Small-Cap,MonthlyStage2,Stage Change,1.0,24,10-EMA=945 | 30-EMA=836 | Above by 41.1% | MA turning=Yes,MonthlyCupHandle+MonthlyDoubleBottom+MonthlyStage2,Uptrend,True,True,Tight-Above-MAs,True,Stage2,3,Uptrend,Uptrend,1178.9,835.67,513.87,1002.07,1981.49,2440.4,3005.6,2440.4,107.0,43.9,34.13,23.93,5.52,1.47,20.24,20.0,0.0,1270.5,2,none,17.4,17.8,-1.63,19.0,-0.83,10.63,8.48,13.24,15.87,24.41,54.69,23.16,20.48,48.6,0.15,highly inconsistent earnings,0.46,,1.44,,-36.46,-1.09,41.34,0.0,,1.59,0.04,11.74,0.39,1222.9,732.1,3.6,61.0,37.93,55.33,0.88,0.56,3,13.0,28.5,7.0,10.0,58.5,WATCH ⭐⭐,Expected ~44% CAGR (2yr) | Revenue CAGR 16% | Profit CAGR 23% | Margin compressing ↓ ⚠️ | PEG 1.47 — fair value | EV/EBITDA 20× vs sector 25×,Margin compression ↓,3-4 years,Medium-High,"yfinance, screener.in",100,66,,2026-06-20,2026-06-01,19,28.2,3,8.0
AARVI,Aarvi Encon Limited,Industrials,Staffing & Employment Services,220.0,Micro-Cap,MonthlyStage2,Stage Change,1.0,24,10-EMA=129 | 30-EMA=124 | Above by 19.5% | MA turning=Yes,MonthlyDoubleBottom+MonthlyStage2,Uptrend,True,False,Uptrend,True,Stage2,4,Uptrend,Uptrend,148.29,124.11,100.16,126.05,352.51,374.61,398.1,374.61,152.6,58.9,12.58,,1.54,2.01,10.08,135.0,10.06,,0,none,13.4,14.4,-0.29,3.0,-0.49,2.71,5.81,27.45,14.15,26.33,80.0,6.27,12.47,55.7,0.15,highly inconsistent earnings,0.19,,2.04,,9.65,4.39,73.53,0.0,,,-0.01,,,152.0,96.99,2.4,52.9,49.94,1.77,0.76,-0.1,5,18.0,26.5,4.0,10.0,58.5,WATCH ⭐⭐,Expected ~59% CAGR (2yr) | Low D/E 0.19 | Promoter 74% holding | FCF yield 4.4% | Piotroski F=5 (above average quality) | Dividend growing 10%/yr,None identified,3-4 years,Medium-High,"yfinance, screener.in",100,105,,2026-06-20,2026-06-15,5,0.0,1,0.0
PGHL,Procter & Gamble Health Limited,Healthcare,Drug Manufacturers - Specialty & Generic,10436.0,Mid-Cap,MonthlyStage2,Stage Change,0.318,24,10-EMA=5273 | 30-EMA=5097 | Above by 4.8% | MA turning=Yes,MonthlyDoubleBottom+MonthlyStage2,Sideways,False,False,Below-MAs,True,Stage2,5,Uptrend,Uptrend,5340.5,5097.17,4739.86,4539.43,13567.14,20974.79,32427.03,20974.79,292.7,98.2,31.95,22.53,19.9,0.59,22.47,247.0,18.98,7535.0,1,none,61.59,,,34.94,,23.22,33.1,19.1,,,54.6,,,54.6,0.5,insufficient history,0.02,,2.18,,292.48,2.8,51.82,0.0,,6.2,-0.77,13.67,-0.17,6739.0,4707.0,20.8,13.5,1.93,-9.25,0.6,0.24,5,36.0,11.32,8.0,3.0,58.3,WATCH ⭐⭐,Expected ~98% CAGR (2yr) | Revenue CAGR 19% | Profit CAGR 55% | ROE 62% | Nearly debt-free | Promoter 52% holding,None identified,3-4 years,Medium-High,"yfinance, screener.in",70,287,,2026-06-20,2026-06-01,19,0.0,3,0.0
TRENT,Trent Limited,Consumer Cyclical,Apparel Retail,146921.0,Large-Cap,MonthlyDoubleBottom,Forming,0.852,10,Sep 10mo | Mid rally 92% | Asymmetry 7%,,Sideways,False,False,Below-MAs,True,Stage2,3,Uptrend,Uptrend,4069.6,8337.78,4192.37,3982.75,4670.54,12483.19,12480.83,7634.93,206.7,75.1,85.46,54.91,14.02,1.35,53.76,15.0,39.71,3145.58,25,buy,27.7,28.3,6.26,19.0,2.46,8.57,13.71,17.15,34.54,50.58,12.19,63.47,74.62,25.8,0.15,highly inconsistent earnings,0.36,,1.26,,997.66,0.68,37.01,0.0,,15.59,-0.03,22.19,0.82,6261.0,2183.67,35.0,86.4,-26.77,108.33,0.38,0.35,6,39.0,16.22,3.0,0.0,58.2,WATCH ⭐⭐,Expected ~75% CAGR (2yr) | Revenue CAGR 35% | Profit CAGR 63% | ROE 28% | ROCE 28% | ROCE trend rising ↑,High PE 85 | Earnings due 2026-04-22 | Pattern still forming (not broken out),3-4 years,Medium-High,"yfinance, screener.in",100,287,2026-04-22,2026-06-20,2026-06-01,19,0.0,3,-2.0
VARROC,Varroc Engineering Limited,Consumer Cyclical,Auto Parts,8715.0,Mid-Cap,MonthlyDoubleBottom,Forming,0.892,17,Sep 17mo | Mid rally 98% | Asymmetry 9%,MonthlyDoubleBottom+MonthlyStage2,Sideways,False,False,Below-MAs,True,Stage2,3,Uptrend,Uptrend,560.4,492.96,239.02,476.34,3686.56,9650.89,66532.01,15661.22,1622.1,315.0,38.75,17.29,4.89,0.12,11.27,26.0,30.0,635.4,5,buy,15.2,19.0,3.83,9.0,0.54,2.53,6.61,9.03,8.86,15.24,228.57,324.82,-12.6,236.9,0.2,multiple loss years in history,0.51,,0.88,,296.92,3.41,75.0,0.0,,4.45,0.09,11.35,-1.05,694.7,462.0,19.3,21.3,6.62,43.88,0.27,0.32,5,26.0,17.2,13.0,2.0,58.2,WATCH ⭐⭐,Expected ~315% CAGR (2yr) | Profit CAGR 325% | ROCE trend rising ↑ | Promoter 75% holding | FCF yield 3.4% | Piotroski F=5 (above average quality),Pattern still forming (not broken out),3-4 years,Medium-High,"yfinance, screener.in",100,95,,2026-06-20,2026-06-01,19,0.0,3,0.0
WEALTH,Wealth First Portfolio Managers Limited,Financial Services,Capital Markets,1003.0,Small-Cap,MonthlyDoubleBottom,Forming,0.757,9,Sep 9mo | Mid rally 78% | Asymmetry 2%,MonthlyDoubleBottom+MonthlyStage2,Sideways,False,False,Below-MAs,True,Stage2,12,Uptrend,Uptrend,902.1,1388.83,771.33,766.78,1049.26,2006.33,2041.58,1463.61,122.4,49.1,25.9,,6.66,0.66,,170.0,10.06,,0,none,27.7,34.6,-0.91,72.0,0.49,54.41,24.22,13.33,32.85,22.16,11.76,39.49,23.93,,0.15,highly inconsistent earnings,,,5.79,,,,74.04,0.0,,0.04,,0.11,0.01,1410.0,774.95,36.0,16.4,-18.77,146.88,0.12,-0.25,5,37.0,15.08,6.0,0.0,58.1,WATCH ⭐⭐,Expected ~49% CAGR (2yr) | Revenue CAGR 33% | Profit CAGR 39% | ROE 28% | ROCE 35% | Promoter 74% holding,Pattern still forming (not broken out),3-4 years,Medium-High,"yfinance, screener.in",80,111,,2026-06-20,2026-06-01,19,0.0,3,2.0
RAMCOSYS,Ramco Systems Limited,Technology,Software - Application,2113.0,Small-Cap,MonthlyDoubleBottom,Forming,1.0,22,Sep 22mo | Mid rally 109% | Asymmetry 9%,,Sideways,False,False,Below-MAs,True,Downtrend,0,Uptrend,Uptrend,394.35,572.4,262.65,335.2,354.66,882.15,648.18,479.46,123.7,49.6,50.51,25.67,6.48,1.44,15.07,0.0,,600.0,1,none,18.0,19.3,0.49,23.0,0.34,5.97,5.13,18.61,12.53,2.29,223.53,35.19,30.73,371.8,0.2,multiple loss years in history,0.12,,1.02,,56.51,2.67,55.69,2.66,,10.02,0.07,2.03,-3.75,682.35,342.1,42.2,15.3,4.31,31.78,0.23,0.65,6,31.0,18.0,7.0,2.0,58.0,WATCH ⭐⭐,Expected ~50% CAGR (2yr) | Profit CAGR 35% | ROCE trend rising ↑ | Low D/E 0.12 | Promoter 56% holding | Promoters buying ↑,High PE 51 | Pattern still forming (not broken out),3-4 years,Medium-High,"yfinance, screener.in",100,286,,2026-06-20,2026-06-01,19,0.0,3,-2.0
MARKSANS,Marksans Pharma Limited,Healthcare,Drug Manufacturers - General,11436.0,Mid-Cap,MonthlyStage2,Breaking Out,1.0,24,10-EMA=190 | 30-EMA=185 | Above by 17.4% | MA turning=Yes,MonthlyDoubleBottom+MonthlyStage2,Uptrend,True,True,Constructive,True,Stage2,5,Uptrend,Uptrend,217.3,185.07,156.89,184.71,400.3,386.42,544.13,466.7,77.8,33.4,27.4,18.69,3.78,1.65,18.0,32.0,47.36,266.0,3,none,15.2,18.8,-3.0,20.0,-0.37,14.16,8.84,12.5,16.8,16.49,9.66,16.59,11.94,63.6,0.15,highly inconsistent earnings,0.11,,5.17,,70.35,0.62,43.87,0.0,,16.76,8.63,6.57,0.66,266.6,155.0,18.5,40.2,-8.89,118.23,1.56,1.1,5,22.0,27.0,7.0,2.0,58.0,WATCH ⭐⭐,Expected ~33% CAGR (2yr) | Revenue CAGR 17% | Low D/E 0.11 | Piotroski F=5 (above average quality) | FII buying +8.6% ↑ | DII buying +0.7% ↑,None identified,3-4 years,Medium-High,"yfinance, screener.in",100,287,,2026-06-20,2026-06-01,19,0.0,3,0.0
DPABHUSHAN,D. P. Abhushan Limited,Consumer Cyclical,Luxury Goods,2049.0,Small-Cap,MonthlyDoubleBottom,Forming,0.47,7,Sep 7mo | Mid rally 55% | Asymmetry 8%,,Downtrend,False,False,Below-MAs,False,Stage2,3,Uptrend,Uptrend,897.4,1927.0,1189.25,1129.79,11318.36,22987.58,46687.78,22987.58,2461.6,406.1,9.66,,3.23,0.09,7.63,0.0,0.0,,0,none,34.5,24.4,2.0,4.0,0.0,5.21,18.54,42.22,,,51.85,,,101.2,1.0,steady compounder (low CV),0.48,,2.14,,-154.9,-7.56,74.89,0.01,,0.32,0.1,0.0,0.0,1729.6,866.1,48.1,3.6,-41.38,229.58,0.31,-0.5,4,36.0,8.64,13.0,0.0,57.6,WATCH ⭐⭐,Expected ~406% CAGR (2yr) | Revenue CAGR 86% | Profit CAGR 103% | ROE 34% | ROCE 24% | ROCE trend rising ↑,Pattern still forming (not broken out),3-4 years,Medium-High,"yfinance, screener.in",80,105,,2026-06-20,2026-06-01,19,0.9,3,1.0
AEROFLEX,Aeroflex Industries Limited,Industrials,Metal Fabrication,5930.0,Small-Cap,MonthlyStage2,Stage Change,1.0,24,10-EMA=289 | 30-EMA=221 | Above by 102.5% | MA turning=Yes,MonthlyDoubleBottom+MonthlyStage2,Uptrend,True,False,Uptrend,True,Stage2,4,Uptrend,Uptrend,448.1,221.3,156.39,380.88,190.61,286.21,288.98,234.69,,,104.21,67.89,12.99,4.51,57.65,7.0,20.0,410.0,1,none,14.1,18.8,-1.14,23.0,1.09,12.56,9.29,17.55,18.0,25.14,5.66,23.13,56.32,57.0,0.15,highly inconsistent earnings,0.02,,2.92,,-13.92,-0.23,65.47,-1.52,,1.49,0.5,3.8,0.25,458.7,158.0,2.3,183.6,142.02,,0.48,0.84,5,22.0,26.5,-1.0,10.0,57.5,WATCH ⭐⭐,Revenue CAGR 18% | Profit CAGR 23% | Nearly debt-free | Promoter 65% holding | Piotroski F=5 (above average quality) | Dividend growing 20%/yr,High PE 104,3-4 years,Medium-High,"yfinance, screener.in",100,35,,2026-06-20,2026-06-01,19,17.4,3,-1.5
ANANTRAJ,Anant Raj Limited,Real Estate,Real Estate - Development,19244.0,Mid-Cap,MonthlyDoubleBottom,Forming,1.0,33,Sep 33mo | Mid rally 367% | Asymmetry 4%,MonthlyDoubleBottom+MonthlyStage2,Sideways,False,False,Below-MAs,True,Stage2,3,Uptrend,Uptrend,534.75,61.14,12.85,454.54,884.45,1110.27,2130.39,1372.67,107.6,44.1,33.78,18.73,3.24,0.61,28.3,14.0,82.55,716.67,3,none,11.2,12.1,2.43,26.0,2.46,22.09,6.27,21.94,37.94,58.64,30.75,55.2,128.2,23.3,0.15,highly inconsistent earnings,0.12,,9.76,,-281.85,-1.46,57.41,0.0,,10.88,-0.26,4.83,-0.37,743.65,403.0,28.1,32.7,-0.55,146.3,0.74,0.37,5,30.0,19.5,8.0,0.0,57.5,WATCH ⭐⭐,Expected ~44% CAGR (2yr) | Revenue CAGR 38% | Profit CAGR 55% | ROCE trend rising ↑ | Low D/E 0.12 | Promoter 57% holding,Pattern still forming (not broken out),3-4 years,Medium-High,"yfinance, screener.in",100,238,,2026-06-20,2026-06-01,19,10.8,3,-1.0
J&KBANK,Jammu and Kashmir Bank Limited,Financial Services,Banks - Regional,17333.0,Mid-Cap,MonthlyDoubleBottom,Forming,1.0,14,Sep 14mo | Mid rally 109% | Asymmetry 6%,MonthlyCupHandle+MonthlyDoubleBottom,Uptrend,True,False,Uptrend,True,Stage2,12,Uptrend,Uptrend,133.32,46.14,21.49,113.32,493.62,621.77,783.18,621.77,366.4,116.0,7.35,6.76,1.05,0.28,,137.0,64.5,198.0,1,none,15.4,5.84,,23.3,,34.68,1.32,4.86,12.02,10.15,13.35,25.96,40.7,,0.15,highly inconsistent earnings,,,,,,,59.4,0.0,,8.35,0.21,6.0,0.16,158.83,97.35,16.1,36.9,25.18,107.4,0.79,0.48,2,15.0,25.5,9.0,8.0,57.5,WATCH ⭐⭐,Expected ~116% CAGR (2yr) | Profit CAGR 26% | Promoter 59% holding | Dividend growing 64%/yr | PEG 0.28 — deeply undervalued | MonthlyDoubleBottom forming (14mo base),Pattern still forming (not broken out),3-4 years,Medium-High,"yfinance, screener.in",80,286,,2026-06-20,2026-06-01,19,0.0,3,-1.0
REMSONSIND,Remsons Industries Limited,Consumer Cyclical,Auto Parts,312.0,Micro-Cap,MonthlyDoubleBottom,Forming,1.0,15,Sep 15mo | Mid rally 598% | Asymmetry 8%,,Downtrend,False,False,Below-MAs,False,Stage2,3,Uptrend,Uptrend,99.14,25.13,3.46,84.27,430.32,593.62,818.9,593.62,498.8,144.7,17.15,,2.08,0.45,7.16,56.0,-12.64,,0,none,13.5,15.5,0.5,11.0,1.31,3.81,6.88,24.4,14.43,15.72,23.53,37.95,39.33,14.7,0.75,consistent growth,0.63,,1.31,,20.8,6.68,65.53,-0.71,,2.33,-1.06,1.22,0.09,157.0,77.15,36.9,28.5,-20.04,93.36,0.44,,6,30.0,15.5,12.0,0.0,57.5,WATCH ⭐⭐,Expected ~145% CAGR (2yr) | Profit CAGR 38% | ROCE trend rising ↑ | Promoter 66% holding | FCF yield 6.7% | EPS: consistent growth,Pattern still forming (not broken out),3-4 years,Medium-High,"yfinance, screener.in",100,287,,2026-06-20,2026-06-01,19,0.0,3,-1.0
TAJGVK,TAJGVK Hotels & Resorts Limited,Consumer Cyclical,Lodging,2070.0,Small-Cap,MonthlyDoubleBottom,Forming,1.0,42,Sep 42mo | Mid rally 115% | Asymmetry 0%,,Sideways,False,False,Below-MAs,True,Stage2,3,Uptrend,Uptrend,308.65,126.81,58.83,262.35,6005.99,9848.02,16147.8,9848.02,3090.7,464.9,5.06,113.86,3.0,0.08,15.81,61.0,60.0,,0,none,18.4,13.2,3.4,30.0,5.29,80.69,6.59,12.89,9.78,40.14,250.43,63.97,71.05,818.6,0.15,highly inconsistent earnings,0.09,,1.26,,-64.46,-3.11,71.0,0.0,,0.32,-0.6,4.02,-0.01,512.65,281.35,39.8,9.7,-16.29,10.1,0.19,0.24,4,26.0,19.5,12.0,0.0,57.5,WATCH ⭐⭐,Expected ~465% CAGR (2yr) | Profit CAGR 64% | ROCE trend rising ↑ | Nearly debt-free | Promoter 71% holding | OPM 30%,Pattern still forming (not broken out),3-4 years,Medium-High,"yfinance, screener.in",100,286,,2026-06-20,2026-06-01,19,0.0,3,0.0
SIEMENS,Siemens Limited,Industrials,Specialty Industrial Machinery,127121.0,Large-Cap,MonthlyDoubleBottom,Forming,1.0,26,Sep 26mo | Mid rally 210% | Asymmetry 0%,MonthlyCupHandle+MonthlyDoubleBottom+MonthlyStage2,Sideways-Above-MA,True,False,Constructive,False,Stage2,4,Uptrend,Uptrend,3617.2,526.5,169.39,3074.62,2080.58,3026.15,3061.3,2523.74,,,75.18,51.52,9.18,3.53,50.8,39.0,14.47,3779.77,26,hold,16.3,21.2,2.43,11.0,0.43,9.21,,11.72,15.47,20.09,1.32,21.3,29.06,-36.4,0.4,lumpy earner,0.02,,2.57,,,,75.0,0.0,,6.8,-0.05,8.59,0.24,3937.3,2826.0,8.1,28.0,23.87,36.29,0.48,,4,29.0,22.5,0.0,6.0,57.5,WATCH ⭐⭐,Revenue CAGR 15% | Profit CAGR 21% | ROCE 21% | ROCE trend rising ↑ | Nearly debt-free | Promoter 75% holding,High PE 75 | Earnings due 2026-08-06 | Pattern still forming (not broken out),3-4 years,Medium-High,"yfinance, screener.in",80,330,2026-08-06,2026-06-20,2026-06-01,19,1.9,3,6.0
GRINDWELL,Grindwell Norton Limited,Industrials,Building Products & Equipment,21269.0,Mid-Cap,MonthlyDoubleBottom,Forming,1.0,33,Sep 33mo | Mid rally 112% | Asymmetry 5%,MonthlyDoubleBottom+MonthlyStage2,Uptrend,True,False,Tight-Above-MAs,True,Stage2,4,Uptrend,Uptrend,1921.0,2913.24,1342.7,1632.85,1076.57,4483.78,1183.08,1128.57,133.4,52.8,51.28,38.76,8.39,10.62,35.21,99.0,12.31,1995.67,3,buy,17.4,22.7,-0.51,19.0,-0.34,13.53,9.02,9.28,6.54,13.41,12.4,4.83,11.87,28.3,0.15,highly inconsistent earnings,0.02,,2.81,,367.73,1.73,58.04,0.0,,5.56,-0.83,19.18,0.83,2002.7,1329.0,4.1,44.5,30.57,-34.85,0.59,0.53,4,19.0,28.5,0.0,10.0,57.5,WATCH ⭐⭐,Expected ~53% CAGR (2yr) | ROCE 23% | Nearly debt-free | Promoter 58% holding | DII buying +0.8% ↑ | Dividend growing 12%/yr,High PE 51 | Earnings due 2026-07-23 | Pattern still forming (not broken out),3-4 years,Medium-High,"yfinance, screener.in",100,238,2026-07-23,2026-06-20,2026-06-01,19,2.3,3,7.0
20MICRONS,20 Microns Limited,Basic Materials,Other Industrial Metals & Mining,644.0,Small-Cap,MonthlyDoubleBottom,Forming,1.0,24,Sep 24mo | Mid rally 166% | Asymmetry 1%,,Sideways,False,True,Below-MAs,True,Stage2,1,Uptrend,Uptrend,182.37,346.44,129.61,155.01,478.25,563.27,652.89,558.79,208.9,75.7,9.62,,1.33,0.57,5.86,69.0,37.5,,0,none,14.7,17.4,0.37,13.0,0.2,7.01,8.72,4.49,10.77,14.54,8.06,16.84,23.84,15.7,0.4,lumpy earner,0.32,,1.92,,53.57,8.33,45.04,0.0,,0.41,0.15,0.1,0.03,283.93,129.61,35.8,40.7,-17.24,39.49,0.5,0.64,7,27.0,19.5,11.0,0.0,57.5,WATCH ⭐⭐,Expected ~76% CAGR (2yr) | ROCE trend rising ↑ | FCF yield 8.3% | Piotroski F=7 (high quality compounder) | Dividend growing 38%/yr | PEG 0.57 — undervalued,Pattern still forming (not broken out),3-4 years,Medium-High,"yfinance, screener.in",100,213,,2026-06-20,2026-06-01,19,10.4,3,10.0
BAJAJCON,Bajaj Consumer Care Limited,Consumer Defensive,Household & Personal Products,7728.0,Small-Cap,MonthlyDoubleBottom,Forming,0.911,24,Sep 24mo | Mid rally 95% | Asymmetry 4%,,Uptrend,True,False,Uptrend,True,Stage2,15,Uptrend,Uptrend,591.65,288.95,145.42,502.9,638.09,638.44,785.91,708.15,7.9,3.9,41.67,28.69,10.49,3.79,34.09,0.0,-33.06,533.88,8,none,25.3,30.6,-1.54,19.0,-1.57,16.33,13.92,20.73,6.63,4.79,52.0,10.98,-3.15,105.3,0.15,highly inconsistent earnings,0.02,,3.49,,136.45,1.77,42.97,0.0,,16.59,6.89,14.27,-1.48,595.8,168.25,0.7,251.6,169.72,164.05,0.28,0.88,4,22.0,25.43,0.0,10.0,57.4,WATCH ⭐⭐,Expected ~4% CAGR (2yr) | ROE 25% | ROCE 31% | Nearly debt-free | Margin compressing ↓ ⚠️ | FII buying +6.9% ↑,Margin compression ↓ | Pattern still forming (not broken out),3-4 years,Medium-High,"yfinance, screener.in",100,191,,2026-06-20,2026-06-01,19,12.3,3,-5.0
ASALCBR,Associated Alcohols & Breweries Limited,Consumer Defensive,Beverages - Wineries & Distilleries,1646.0,Small-Cap,MonthlyDoubleBottom,Forming,0.571,29,Sep 29mo | Mid rally 61% | Asymmetry 4%,,Downtrend,False,False,Below-MAs,False,Stage2,15,Uptrend,Uptrend,819.9,647.81,396.25,696.91,8428.39,20631.01,50500.58,20631.01,2416.3,401.6,17.86,14.19,2.25,0.12,11.22,24.0,25.99,1070.0,1,none,14.6,18.0,4.3,14.0,1.74,8.68,9.41,-5.21,68.5,73.94,8.64,144.78,144.85,5.3,0.15,highly inconsistent earnings,0.1,,2.58,,-20.86,-1.27,62.35,1.13,,0.33,0.01,0.94,0.94,1277.0,660.65,35.8,24.1,-15.85,58.57,0.19,0.37,6,34.0,11.35,12.0,0.0,57.4,WATCH ⭐⭐,Expected ~402% CAGR (2yr) | Revenue CAGR 68% | Profit CAGR 145% | ROCE trend rising ↑ | Nearly debt-free | Promoter 62% holding,Pattern still forming (not broken out),3-4 years,Medium-High,"yfinance, screener.in",100,77,,2026-06-20,2026-06-01,19,2.1,3,-3.0
MBAPL,Madhya Bharat Agro Products Limited,Basic Materials,Agricultural Inputs,4936.0,Small-Cap,MonthlyDoubleBottom,Forming,0.328,17,Sep 17mo | Mid rally 39% | Asymmetry 6%,,Uptrend,True,False,Uptrend,True,Stage2,1,Uptrend,Uptrend,530.85,342.81,239.72,451.22,618.57,1097.96,1948.88,1097.96,106.8,43.8,32.9,,10.76,0.42,22.66,9.0,58.74,,0,none,,,,9.82,,5.92,,115.8,,,77.5,,,77.4,0.5,insufficient history,0.68,,,,,,74.76,0.0,,0.46,0.27,,,585.0,345.6,9.3,53.6,35.3,57.21,0.62,-0.06,1,23.0,17.44,7.0,10.0,57.4,WATCH ⭐⭐,Expected ~44% CAGR (2yr) | Revenue CAGR 116% | Profit CAGR 78% | Promoter 75% holding | Dividend growing 59%/yr | PEG 0.42 — deeply undervalued,Pattern still forming (not broken out),3-4 years,Medium-High,"yfinance, screener.in",50,117,,2026-06-20,2026-06-01,19,0.0,3,2.0
ECLERX,eClerx Services Limited,Technology,Information Technology Services,13009.0,Mid-Cap,MonthlyDoubleBottom,Forming,0.785,10,Sep 10mo | Mid rally 81% | Asymmetry 3%,,Downtrend,False,False,Below-MAs,False,Downtrend,0,Uptrend,Uptrend,1396.0,1938.02,1056.37,1186.6,2649.93,2819.67,3384.9,2994.96,102.0,42.1,18.76,14.18,5.04,1.44,11.66,4.0,14.47,1859.4,10,none,29.0,34.8,0.94,26.0,-1.03,17.15,16.0,22.31,15.85,21.36,30.5,13.02,20.06,24.4,0.4,lumpy earner,0.15,,3.4,,488.99,3.76,54.53,0.72,,11.82,0.43,23.95,-1.36,2497.5,1321.0,44.1,5.7,-21.24,43.0,0.43,0.37,6,35.0,11.42,11.0,0.0,57.4,WATCH ⭐⭐,Expected ~42% CAGR (2yr) | Revenue CAGR 16% | ROE 29% | ROCE 35% | ROCE trend rising ↑ | Low D/E 0.15,Margin compression ↓ | Pattern still forming (not broken out),3-4 years,Medium-High,"yfinance, screener.in",100,223,,2026-06-20,2026-06-01,19,-10.2,3,3.0
KALYANKJIL,Kalyan Jewellers India Limited,Consumer Cyclical,Luxury Goods,35604.0,Large-Cap,MonthlyDoubleBottom,Forming,1.0,23,Sep 23mo | Mid rally 138% | Asymmetry 8%,,Downtrend,False,False,Below-MAs,False,Stage2,3,Uptrend,Uptrend,344.15,793.08,320.29,304.28,1108.26,1620.28,2368.85,1620.28,370.8,117.0,26.38,18.39,5.64,0.57,18.08,44.0,25.0,664.44,0,none,24.8,20.5,2.46,7.0,-0.2,3.78,7.21,42.72,36.44,33.05,89.08,46.2,56.89,118.3,0.4,lumpy earner,0.97,,1.3,,-515.68,-1.45,62.86,0.11,,14.55,0.44,14.13,-1.1,617.7,327.05,44.3,5.2,-30.19,113.22,1.57,-0.04,4,32.0,16.0,9.0,0.0,57.0,WATCH ⭐⭐,Expected ~117% CAGR (2yr) | Revenue CAGR 36% | Profit CAGR 46% | ROE 25% | ROCE 20% | ROCE trend rising ↑,Pattern still forming (not broken out),3-4 years,Medium-High,"yfinance, screener.in",100,63,,2026-06-20,2026-06-01,19,0.0,3,0.0
SAMHI,SAMHI Hotels Limited,Consumer Cyclical,Lodging,3632.0,Small-Cap,MonthlyDoubleBottom,Forming,1.0,11,Sep 11mo | Mid rally 105% | Asymmetry 5%,,Sideways,False,False,Below-MAs,True,Stage2,3,Uptrend,Uptrend,169.1,254.5,121.1,143.73,8612.84,27979.87,250778.58,46474.9,16446.3,1186.3,6.36,12.73,2.38,0.01,16.11,0.0,,237.33,6,none,24.8,8.92,3.51,35.0,13.49,40.31,4.69,10.44,19.08,48.99,559.3,,,671.1,0.2,multiple loss years in history,0.81,,0.81,,-99.3,-2.73,,,,44.28,0.14,16.39,-1.68,254.5,127.0,33.6,33.1,-20.56,,0.33,0.89,5,22.0,18.0,17.0,0.0,57.0,WATCH ⭐⭐,Expected ~1186% CAGR (2yr) | Revenue CAGR 19% | Profit CAGR 440% | ROE 25% | ROCE trend rising ↑ | OPM 35%,Pattern still forming (not broken out),3-4 years,Medium-High,"yfinance, screener.in",80,34,,2026-06-20,2026-06-01,19,17.9,3,0.0
ABSLAMC,ADIT BIRL SUN LIF AMC LTD,Financial Services,Asset Management,31844.0,Large-Cap,None,,0.0,0,,,Uptrend,True,False,Uptrend,True,Stage2,12,Uptrend,Uptrend,1101.2,,,936.02,857.71,1056.53,1190.83,1010.64,,,32.68,24.74,7.87,1.83,24.05,218.0,60.09,1125.36,14,buy,25.2,32.2,-2.57,60.0,-0.14,47.34,18.66,-6.91,11.0,8.95,4.73,17.83,13.14,-18.0,0.15,highly inconsistent earnings,0.02,,1.2,,882.22,2.77,74.82,0.0,,5.75,-0.3,11.55,0.76,1123.5,708.0,2.0,55.5,36.47,165.65,,0.34,4,32.0,13.0,2.0,10.0,57.0,WATCH ⭐⭐,ROE 25% | ROCE 32% | Nearly debt-free | Promoter 75% holding | OPM 60% | DII buying +0.8% ↑,None identified,3-4 years,Medium-High,"yfinance, screener.in",100,57,,2026-06-20,2026-06-01,19,6.2,3,2.0
FIVESTAR,Five-Star Business Finance Limited,Financial Services,Credit Services,12963.0,Mid-Cap,MonthlyDoubleBottom,Forming,0.876,30,Sep 30mo | Mid rally 89% | Asymmetry 1%,,Sideways-Above-MA,True,False,Constructive,True,Stage2,12,Uptrend,Uptrend,439.15,940.49,494.39,469.67,1800.45,2669.88,9020.24,4029.95,508.0,146.6,11.79,8.96,1.75,0.1,,46.0,,629.78,9,strong_buy,16.0,17.0,,60.51,,48.52,7.27,103.48,104.25,,196.23,123.83,,-3.5,0.4,lumpy earner,1.11,,329.68,,,,18.61,0.05,,48.48,-4.47,17.58,2.84,795.0,338.15,44.8,29.9,-21.16,-59.43,0.32,0.68,3,24.0,21.01,12.0,0.0,57.0,WATCH ⭐⭐,Expected ~147% CAGR (2yr) | Revenue CAGR 104% | Profit CAGR 124% | OPM 61% | DII buying +2.8% ↑ | PEG 0.10 — deeply undervalued,High D/E 1.1 | Pattern still forming (not broken out),3-4 years,Medium-High,"yfinance, screener.in",90,44,,2026-06-20,2026-06-01,19,-3.1,3,4.0
KINGFA,Kingfa Science & Technology (India) Limited,Basic Materials,Specialty Chemicals,6922.0,Small-Cap,MonthlyDoubleBottom,Forming,0.482,10,Sep 10mo | Mid rally 51% | Asymmetry 3%,,Uptrend,True,False,Tight-Above-MAs,True,Stage2,1,Uptrend,Uptrend,5225.4,812.66,529.48,4441.59,4016.94,5069.37,6397.55,5069.37,,,35.46,,4.95,1.35,23.67,,100.0,,0,none,17.41,,,14.75,,9.28,10.61,23.2,,,26.2,,,41.2,0.5,insufficient history,0.01,,4.06,,-101.63,-1.47,67.02,0.0,,7.76,0.02,8.85,0.1,5699.4,3021.0,8.3,73.0,59.17,132.74,0.74,0.62,4,25.0,20.78,3.0,8.0,56.8,WATCH ⭐⭐,Revenue CAGR 23% | Profit CAGR 26% | Nearly debt-free | Promoter 67% holding | Dividend growing 100%/yr | PEG 1.35 — fair value,Pattern still forming (not broken out),3-4 years,Medium-High,"yfinance, screener.in",70,197,,2026-06-20,2026-06-01,19,0.0,3,11.0
NAVINFLUOR,Navin Fluorine International Limited,Basic Materials,Chemicals,37454.0,Large-Cap,MonthlyDoubleBottom,Forming,0.472,19,Sep 19mo | Mid rally 47% | Asymmetry 0%,,Uptrend,True,True,Tight-Above-MAs,True,Stage2,1,Uptrend,Uptrend,7075.5,4902.73,3318.97,6014.18,3309.52,6486.49,4843.87,4003.86,,,55.87,38.78,9.42,2.66,34.55,21.0,-16.93,7385.61,28,buy,20.3,21.4,-1.0,33.0,0.71,20.02,10.4,41.08,16.85,22.96,129.76,20.98,20.81,123.9,0.15,highly inconsistent earnings,0.32,,2.61,,56.74,0.15,27.1,-0.01,,23.78,0.04,27.61,-0.48,7525.0,4465.0,6.0,58.5,54.88,35.96,0.6,0.26,6,25.0,21.66,0.0,10.0,56.7,WATCH ⭐⭐,Revenue CAGR 17% | Profit CAGR 21% | ROE 20% | ROCE 21% | OPM 33% | Piotroski F=6 (above average quality),High PE 56 | Earnings due 2026-07-30 | Pattern still forming (not broken out),3-4 years,Medium-High,"yfinance, screener.in",100,228,2026-07-30,2026-06-20,2026-06-01,19,0.0,3,2.0
GLAXO,GlaxoSmithKline Pharmaceuticals Limited,Healthcare,Drug Manufacturers - General,35939.0,Large-Cap,MonthlyDoubleBottom,Forming,0.802,23,Sep 23mo | Mid rally 82% | Asymmetry 2%,,Sideways,False,False,Below-MAs,True,Stage2,5,Uptrend,Uptrend,2121.5,1511.0,822.17,1803.27,3250.82,3529.07,4622.07,3876.28,66.3,29.0,34.72,27.45,15.85,1.8,25.83,269.0,21.22,3008.25,4,buy,45.6,61.4,5.94,34.0,2.71,27.11,18.5,1.95,5.53,5.49,11.64,19.24,23.68,5.7,0.15,highly inconsistent earnings,0.01,,2.03,,729.34,2.03,75.0,0.0,,4.62,-0.01,7.68,-0.02,3500.0,2088.1,39.4,1.6,-28.29,36.99,0.81,0.05,6,34.0,16.62,6.0,0.0,56.6,WATCH ⭐⭐,Expected ~29% CAGR (2yr) | ROE 46% | ROCE 61% | ROCE trend rising ↑ | Nearly debt-free | Promoter 75% holding,Pattern still forming (not broken out),3-4 years,Medium-High,"yfinance, screener.in",100,288,,2026-06-20,2026-06-01,19,-11.2,3,5.0
JKIL,J. Kumar Infraprojects Limited,Industrials,Engineering & Construction,3472.0,Small-Cap,MonthlyDoubleBottom,Forming,1.0,30,Sep 30mo | Mid rally 260% | Asymmetry 2%,,Sideways,False,False,Below-MAs,True,Stage2,4,Uptrend,Uptrend,482.75,348.95,96.02,410.34,1876.5,1565.18,2362.29,2105.43,224.2,80.1,8.98,6.32,1.02,0.74,4.11,87.0,10.06,754.8,5,none,12.4,18.4,1.7,14.0,-0.37,6.75,6.61,0.53,10.84,30.57,-1.02,12.2,32.16,-4.0,0.15,highly inconsistent earnings,0.18,,1.62,,454.64,13.09,46.64,0.0,,12.55,-0.18,15.16,-0.1,758.4,425.0,36.3,13.6,-24.98,41.06,0.34,0.23,6,22.0,19.5,15.0,0.0,56.5,WATCH ⭐⭐,Expected ~80% CAGR (2yr) | ROCE trend rising ↑ | Low D/E 0.18 | FCF yield 13.1% | Piotroski F=6 (above average quality) | Dividend growing 10%/yr,Pattern still forming (not broken out),3-4 years,Medium-High,"yfinance, screener.in",100,220,,2026-06-20,2026-06-01,19,0.0,3,0.0
MEDICO,Medico Remedies Limited,Healthcare,Drug Manufacturers - Specialty & Generic,355.0,Micro-Cap,MonthlyDoubleBottom,Forming,1.0,14,Sep 14mo | Mid rally 122% | Asymmetry 7%,,Sideways,False,False,Below-MAs,True,Stage2,5,Uptrend,Uptrend,44.93,79.83,34.8,38.19,118.95,162.36,221.62,162.36,261.4,90.1,27.07,,4.67,0.74,21.63,,,,0,none,19.02,,,11.18,,6.35,6.38,37.5,,,36.5,,,34.9,0.5,insufficient history,0.25,,1.66,,-8.76,-2.47,61.38,0.0,,0.03,-0.46,0.0,0.0,56.88,30.22,21.0,48.7,15.75,-64.14,0.34,0.56,4,27.0,18.5,8.0,3.0,56.5,WATCH ⭐⭐,Expected ~90% CAGR (2yr) | Revenue CAGR 38% | Profit CAGR 36% | Low D/E 0.25 | Promoter 61% holding | PEG 0.74 — undervalued,Pattern still forming (not broken out),3-4 years,Medium-High,"yfinance, screener.in",70,49,,2026-06-20,2026-06-01,19,0.0,3,0.0
PARAGMILK,Parag Milk Foods Limited,Consumer Defensive,Packaged Foods,2954.0,Small-Cap,MonthlyDoubleBottom,Forming,1.0,26,Sep 26mo | Mid rally 106% | Asymmetry 6%,MonthlyDoubleBottom+MonthlyStage2,Sideways,False,False,Below-MAs,True,Stage2,15,Uptrend,Uptrend,214.03,376.95,177.84,181.93,705.72,963.8,1316.27,963.8,350.3,112.2,22.07,14.69,2.31,0.6,11.3,43.0,30.0,275.0,2,none,12.3,13.5,5.6,7.0,2.46,3.54,6.94,11.25,9.69,15.69,13.45,36.57,7.51,23.0,0.4,lumpy earner,0.48,,1.71,,130.83,4.43,40.65,0.0,,8.77,-0.49,5.25,-0.91,376.95,177.84,43.2,20.3,4.54,23.76,0.34,0.51,6,26.0,19.5,10.0,1.0,56.5,WATCH ⭐⭐,Expected ~112% CAGR (2yr) | Profit CAGR 37% | ROCE trend rising ↑ | FCF yield 4.4% | Piotroski F=6 (above average quality) | Dividend growing 30%/yr,Pattern still forming (not broken out),3-4 years,Medium-High,"yfinance, screener.in",100,121,,2026-06-20,2026-06-01,19,0.0,3,0.0
EIHOTEL,EIH Limited,Consumer Cyclical,Lodging,18476.0,Mid-Cap,MonthlyDoubleBottom,Forming,1.0,24,Sep 24mo | Mid rally 191% | Asymmetry 3%,,Sideways,False,False,Below-MAs,True,Stage2,3,Uptrend,Uptrend,295.45,187.68,63.63,251.13,607.04,764.45,962.67,764.45,158.7,60.9,29.4,20.18,3.51,1.13,17.35,51.0,45.0,365.0,1,strong_buy,14.5,20.7,7.03,35.0,18.91,21.37,8.89,7.18,13.35,42.86,-14.68,25.93,34.55,-6.1,0.2,multiple loss years in history,0.05,,2.69,,85.06,0.46,32.85,0.0,,6.62,0.46,13.88,-0.25,434.8,271.15,32.0,9.0,-16.38,21.45,0.12,-0.26,7,29.0,19.5,8.0,0.0,56.5,WATCH ⭐⭐,Expected ~61% CAGR (2yr) | Profit CAGR 26% | ROCE 21% | ROCE trend rising ↑ | Nearly debt-free | OPM 35%,Pattern still forming (not broken out),3-4 years,Medium-High,"yfinance, screener.in",100,366,,2026-06-20,2026-06-01,19,-9.4,3,3.0
ELECON,Elecon Engineering Company Limited,Industrials,Specialty Industrial Machinery,12047.0,Mid-Cap,MonthlyDoubleBottom,Forming,1.0,17,Sep 17mo | Mid rally 125% | Asymmetry 0%,MonthlyDoubleBottom+MonthlyStage2,Uptrend,True,False,Tight-Above-MAs,True,Stage2,4,Uptrend,Uptrend,536.85,45.39,20.17,456.32,537.22,605.66,682.82,605.66,12.8,6.2,35.34,21.91,5.17,2.77,21.78,37.0,0.0,525.5,2,strong_buy,16.4,20.9,2.54,22.0,0.97,14.42,8.78,6.24,15.64,17.78,-17.83,12.74,42.52,-95.9,0.15,highly inconsistent earnings,0.12,,2.94,,161.23,1.34,59.28,0.0,,7.13,-0.96,5.67,1.19,683.0,352.0,21.4,52.5,-1.15,23.11,0.48,0.49,7,28.0,27.5,0.0,1.0,56.5,WATCH ⭐⭐,Expected ~6% CAGR (2yr) | Revenue CAGR 16% | ROCE 21% | ROCE trend rising ↑ | Low D/E 0.12 | Promoter 59% holding,Pattern still forming (not broken out),3-4 years,Medium-High,"yfinance, screener.in",100,238,,2026-06-20,2026-06-01,19,10.7,3,6.0
SBIN,State Bank of India,Financial Services,Banks - Regional,938892.0,Large-Cap,MonthlyDoubleBottom,Forming,1.0,24,Sep 24mo | Mid rally 179% | Asymmetry 8%,,Uptrend,True,False,Tight-Above-MAs,True,Stage2,12,Uptrend,Uptrend,1025.55,190.51,65.77,871.72,2272.49,2039.06,2978.77,2601.77,98.8,41.0,11.16,9.95,1.59,0.77,,171.0,15.36,1195.0,38,strong_buy,15.4,6.13,,28.96,,22.11,1.11,5.02,13.64,13.11,7.63,14.49,29.4,0.2,0.4,lumpy earner,,,,,,,55.52,0.02,,11.41,1.07,26.11,-0.93,1234.7,781.7,16.9,31.2,35.69,55.01,0.73,0.37,2,13.0,28.5,8.0,7.0,56.5,WATCH ⭐⭐,Expected ~41% CAGR (2yr) | Promoter 56% holding | OPM 29% | FII buying +1.1% ↑ | Dividend growing 15%/yr | PEG 0.77 — undervalued,Earnings due 2026-08-06 | Pattern still forming (not broken out),3-4 years,Medium-High,"yfinance, screener.in",80,366,2026-08-06,2026-06-20,2026-06-01,19,8.1,3,12.0
HARIOMPIPE,Hariom Pipe Industries Limited,Basic Materials,Steel,1264.0,Small-Cap,MonthlyDoubleBottom,Forming,0.698,8,Sep 8mo | Mid rally 75% | Asymmetry 5%,,Sideways-Above-MA,True,True,Constructive,True,Stage2,1,Uptrend,Uptrend,408.2,571.56,319.99,346.97,922.1,1609.98,2811.03,1609.98,294.4,98.6,16.7,,1.96,0.22,7.97,15.0,1.67,,0,none,12.4,15.7,2.0,13.0,1.5,4.54,7.46,3.93,,,22.58,,,74.6,0.75,consistent growth,0.62,,1.68,,-33.97,-2.69,57.27,0.0,,9.5,0.27,0.06,0.01,572.2,268.05,28.7,52.3,-4.71,-48.99,0.68,0.7,6,28.0,17.38,11.0,0.0,56.4,WATCH ⭐⭐,Expected ~99% CAGR (2yr) | Revenue CAGR 27% | Profit CAGR 75% | ROCE trend rising ↑ | Promoter 57% holding | EPS: consistent growth,Pattern still forming (not broken out),3-4 years,Medium-High,"yfinance, screener.in",80,51,,2026-06-20,2026-06-01,19,30.5,3,0.0
SOLEX,SOLEX ENERGY LIMITED,Technology,Solar,1156.0,Small-Cap,MonthlyStage2,Stage Change,0.225,24,10-EMA=1176 | 30-EMA=1062 | Above by 3.4% | MA turning=Yes,,Downtrend,False,False,Below-MAs,False,Downtrend,0,Uptrend,Uptrend,1097.8,1062.03,630.97,933.13,9787.22,31286.79,100014.49,31286.79,2750.0,433.8,12.05,,4.57,0.05,7.48,5.0,66.11,,0,none,46.3,35.8,6.0,11.0,1.5,5.93,11.92,144.41,115.35,,127.91,219.67,,304.5,0.75,consistent growth,1.32,,1.23,,-25.69,-2.22,66.15,0.0,,0.13,-0.12,0.81,-0.17,1985.0,795.45,44.7,38.0,-16.54,88.15,0.61,-0.27,5,37.0,6.2,13.0,0.0,56.2,WATCH ⭐⭐,Expected ~434% CAGR (2yr) | Revenue CAGR 115% | Profit CAGR 220% | ROE 46% | ROCE 36% | ROCE trend rising ↑,High D/E 1.3,3-4 years,Medium-High,"yfinance, screener.in",100,100,,2026-06-20,2026-06-01,19,-18.4,3,-11.8
SWARAJENG,Swaraj Engines Limited,Consumer Cyclical,Auto Parts,4511.0,Small-Cap,MonthlyDoubleBottom,Forming,0.479,13,Sep 13mo | Mid rally 53% | Asymmetry 6%,,Uptrend,True,False,Below-MAs,True,Stage2,3,Uptrend,Uptrend,3711.9,1662.58,1054.07,3155.11,8756.39,10516.43,12630.23,10516.43,183.3,68.3,22.94,20.53,9.2,1.14,16.02,297.0,9.31,4629.5,2,none,43.23,,,12.75,,9.78,21.51,20.2,,,20.1,,,20.1,0.5,insufficient history,0.0,,2.06,,1.77,0.04,52.11,-0.01,,2.82,-0.33,9.09,-0.65,4720.0,3301.3,21.4,12.4,4.13,69.45,0.24,0.37,5,29.0,17.25,8.0,2.0,56.2,WATCH ⭐⭐,Expected ~68% CAGR (2yr) | Revenue CAGR 20% | Profit CAGR 20% | ROE 43% | Nearly debt-free | Promoter 52% holding,Pattern still forming (not broken out),3-4 years,Medium-High,"yfinance, screener.in",70,287,,2026-06-20,2026-06-01,19,0.0,3,0.0
KRISHANA,Krishana Phoschem Limited,Basic Materials,Agricultural Inputs,4165.0,Small-Cap,None,,0.0,0,,,Uptrend,True,False,Tight-Above-MAs,True,Stage2,1,Uptrend,Uptrend,681.7,,,579.45,1613.89,4084.75,10338.51,4084.75,499.2,144.8,23.09,,7.43,0.15,16.26,7.0,25.99,,0,none,38.15,,,10.9,,7.45,12.4,59.8,,,153.1,,,152.8,0.5,insufficient history,1.31,,1.36,,-379.97,-9.12,72.94,0.68,,0.26,0.06,,,718.5,411.95,5.1,65.5,44.43,185.63,,0.02,2,26.0,15.0,7.0,8.0,56.0,WATCH ⭐⭐,Expected ~145% CAGR (2yr) | Revenue CAGR 60% | Profit CAGR 153% | ROE 38% | Promoter 73% holding | Dividend growing 26%/yr,High D/E 1.3,3-4 years,Medium-High,"yfinance, screener.in",70,112,,2026-06-20,2026-06-01,19,0.0,3,0.0
RPTECH,Rashi Peripherals Limited,Technology,Electronics & Computer Distribution,3680.0,Small-Cap,None,,0.0,0,,,Uptrend,True,False,Tight-Above-MAs,True,Downtrend,0,Uptrend,Uptrend,543.25,,,461.76,1773.69,2338.78,3083.92,2338.78,330.5,107.5,13.57,,1.82,0.43,10.03,36.0,100.0,,0,none,14.7,16.8,-2.57,3.0,-0.23,1.75,5.7,14.91,18.74,21.71,34.29,31.86,15.7,64.2,0.15,highly inconsistent earnings,0.49,,1.6,,-47.2,-1.28,64.01,0.03,,0.78,0.12,17.45,-1.0,575.0,275.6,5.5,97.1,86.99,,,1.1,4,20.0,14.0,12.0,10.0,56.0,WATCH ⭐⭐,Expected ~108% CAGR (2yr) | Revenue CAGR 19% | Profit CAGR 32% | Promoter 64% holding | Dividend growing 100%/yr | PEG 0.43 — deeply undervalued,None identified,3-4 years,Medium-High,"yfinance, screener.in",100,28,,2026-06-20,2026-06-01,19,0.0,3,0.0
FMGOETZE,Federal-Mogul Goetze (India) Limited,Consumer Cyclical,Auto Parts,2478.0,Small-Cap,MonthlyDoubleBottom,Forming,1.0,8,Sep 8mo | Mid rally 123% | Asymmetry 3%,MonthlyDoubleBottom+MonthlyStage2,Sideways-Above-MA,True,False,Below-MAs,True,Stage2,3,Uptrend,Uptrend,445.5,539.95,238.3,378.68,1608.95,1906.45,2258.95,1906.45,327.9,106.9,14.52,,1.73,0.79,5.72,0.0,58.74,,0,none,13.5,18.5,2.77,15.0,0.8,8.71,7.12,8.78,6.22,12.08,4.71,18.49,104.31,-17.3,0.15,highly inconsistent earnings,0.0,,2.98,,184.46,7.44,74.98,0.0,,0.38,-0.16,0.49,0.05,622.0,358.0,28.4,24.4,-17.9,3.84,0.27,0.07,6,26.0,20.0,10.0,0.0,56.0,WATCH ⭐⭐,Expected ~107% CAGR (2yr) | ROCE trend rising ↑ | Nearly debt-free | Promoter 75% holding | FCF yield 7.4% | Piotroski F=6 (above average quality),Pattern still forming (not broken out),3-4 years,Medium-High,"yfinance, screener.in",100,288,,2026-06-20,2026-06-01,19,-1.5,3,5.0
APARINDS,APAR Industries Limited,Industrials,Electrical Equipment & Parts,61149.0,Large-Cap,MonthlyDoubleBottom,Forming,0.535,45,Sep 45mo | Mid rally 63% | Asymmetry 10%,,Uptrend,True,True,Uptrend,True,Stage2,4,Uptrend,Uptrend,15221.0,837.93,488.3,12937.85,9101.84,11713.33,12091.67,10490.78,,,62.89,41.68,11.34,4.12,32.69,34.0,50.37,13547.14,7,buy,20.2,31.1,1.6,8.0,0.43,4.27,8.58,23.25,16.9,29.09,19.0,15.26,43.6,1.4,0.15,highly inconsistent earnings,0.18,,1.45,,-593.28,-0.97,57.77,0.0,,9.38,0.03,24.15,0.95,15340.0,6801.0,0.8,123.8,76.51,292.22,1.0,0.04,5,26.0,20.92,-1.0,10.0,55.9,WATCH ⭐⭐,Revenue CAGR 17% | ROE 20% | ROCE 31% | ROCE trend rising ↑ | Low D/E 0.18 | Promoter 58% holding,High PE 63 | Pattern still forming (not broken out),3-4 years,Medium-High,"yfinance, screener.in",100,264,,2026-06-20,2026-06-01,19,23.5,3,-1.0
BHARATFORG,Bharat Forge Limited,Consumer Cyclical,Auto Parts,92993.0,Large-Cap,MonthlyStage2,Stage Change,1.0,24,10-EMA=1683 | 30-EMA=1405 | Above by 38.4% | MA turning=Yes,MonthlyCupHandle+MonthlyDoubleBottom+MonthlyStage2,Uptrend,True,False,Uptrend,True,Stage2,3,Uptrend,Uptrend,1945.1,1405.04,1008.31,1653.33,1439.03,1844.73,2392.46,1855.48,,,86.22,39.89,9.72,2.98,33.55,44.0,-28.62,1828.61,23,hold,12.5,13.1,1.66,17.0,0.57,6.42,5.77,11.17,9.2,21.55,19.28,28.94,25.56,-17.5,0.15,highly inconsistent earnings,0.77,,1.17,,723.22,0.78,44.07,0.0,,14.15,1.75,32.62,-1.46,2044.0,1100.5,4.8,76.7,71.96,93.59,0.42,0.54,5,19.0,26.5,0.0,10.0,55.5,WATCH ⭐⭐,Profit CAGR 29% | ROCE trend rising ↑ | Piotroski F=5 (above average quality) | FII buying +1.8% ↑ | MonthlyStage2 forming (24mo base) | Weekly uptrend,High PE 86 | Earnings due 2026-08-05,3-4 years,Medium-High,"yfinance, screener.in",100,366,2026-08-05,2026-06-20,2026-06-01,19,4.7,3,-2.0
KRISHIVAL,KRISHIVAL FOODS LIMITED,Consumer Defensive,Packaged Foods,1037.0,Small-Cap,MonthlyStage2,Stage Change,1.0,24,10-EMA=357 | 30-EMA=321 | Above by 18.5% | MA turning=Yes,MonthlyDoubleBottom+MonthlyStage2,Sideways,False,False,Below-MAs,True,Stage2,15,Uptrend,Uptrend,379.85,320.55,214.73,322.87,735.33,1077.11,1577.75,1077.11,183.6,68.4,44.07,,6.06,0.95,23.65,6.0,68.69,,0,none,13.1,16.2,1.43,9.0,-0.6,7.34,9.36,45.05,61.16,59.93,57.14,46.48,85.56,3.5,0.4,lumpy earner,0.18,,5.19,,-54.9,-5.3,37.23,0.02,,0.54,-0.36,1.33,1.33,508.0,282.3,25.2,34.6,4.63,5.08,0.23,-0.93,4,25.0,19.5,9.0,2.0,55.5,WATCH ⭐⭐,Expected ~68% CAGR (2yr) | Revenue CAGR 61% | Profit CAGR 46% | ROCE trend rising ↑ | Low D/E 0.18 | Margin compressing ↓ ⚠️,Margin compression ↓,3-4 years,Medium-High,"yfinance, screener.in",100,50,,2026-06-20,2026-06-01,19,0.0,3,0.0
STYRENIX,Styrenix Performance Materials Limited,Basic Materials,Chemicals,3753.0,Small-Cap,MonthlyDoubleBottom,Forming,1.0,31,Sep 31mo | Mid rally 179% | Asymmetry 8%,MonthlyDoubleBottom+MonthlyStage2,Uptrend,True,False,Constructive,True,Stage2,1,Uptrend,Uptrend,2268.4,543.85,186.84,1928.14,5076.97,10801.76,22981.82,10801.76,376.2,118.2,20.53,15.84,3.01,0.18,11.51,253.0,-43.27,2964.0,1,none,14.6,15.1,-12.0,10.0,1.8,5.29,6.43,15.29,19.61,,-22.13,112.76,,30.8,0.15,highly inconsistent earnings,0.4,,2.29,,10.83,0.29,46.24,0.0,,0.95,-0.27,17.33,1.58,3367.9,1780.0,32.6,27.4,-20.12,114.1,0.42,,6,22.0,25.5,8.0,0.0,55.5,WATCH ⭐⭐,Expected ~118% CAGR (2yr) | Revenue CAGR 20% | Profit CAGR 113% | Piotroski F=6 (above average quality) | DII buying +1.6% ↑ | PEG 0.18 — deeply undervalued,Pattern still forming (not broken out),3-4 years,Medium-High,"yfinance, screener.in",100,286,,2026-06-20,2026-06-01,19,0.0,3,0.0
BOSCHLTD,Bosch Limited,Consumer Cyclical,Auto Parts,115212.0,Large-Cap,MonthlyStage2,Stage Change,1.0,24,10-EMA=35794 | 30-EMA=32095 | Above by 21.7% | MA turning=Yes,MonthlyDoubleBottom+MonthlyStage2,Uptrend,True,True,Uptrend,True,Stage2,3,Uptrend,Uptrend,39060.0,32095.29,26188.55,33201.0,55706.42,59239.05,86790.78,69532.75,51.7,23.2,41.49,37.01,7.76,1.67,41.07,69.0,34.59,43798.5,4,strong_buy,16.4,21.5,1.77,13.0,0.26,13.84,6.73,10.77,10.3,15.57,37.62,24.82,41.9,3.0,0.15,highly inconsistent earnings,0.01,,1.96,,-2037.69,-1.77,70.54,0.0,,7.22,-0.12,15.05,0.15,41945.0,28610.0,6.9,36.5,2.66,94.78,0.77,0.65,6,24.0,26.5,2.0,3.0,55.5,WATCH ⭐⭐,Expected ~23% CAGR (2yr) | Profit CAGR 25% | ROCE 22% | ROCE trend rising ↑ | Nearly debt-free | Promoter 71% holding,Earnings due 2026-08-03,3-4 years,Medium-High,"yfinance, screener.in",100,288,2026-08-03,2026-06-20,2026-06-01,19,5.2,3,1.0
ELGIEQUIP,Elgi Equipments Limited,Industrials,Specialty Industrial Machinery,19036.0,Mid-Cap,MonthlyStage2,Stage Change,1.0,24,10-EMA=534 | 30-EMA=521 | Above by 15.8% | MA turning=Yes,MonthlyCupHandle+MonthlyDoubleBottom+MonthlyStage2,Uptrend,True,True,Tight-Above-MAs,True,Stage2,4,Uptrend,Uptrend,603.85,521.48,426.4,513.27,392.85,616.56,433.44,412.65,2.1,1.0,44.43,33.12,8.52,8.82,32.16,45.0,24.14,677.4,5,strong_buy,21.5,23.7,1.77,15.0,0.86,10.89,9.36,12.56,9.12,15.48,22.86,5.04,33.34,25.4,0.15,highly inconsistent earnings,0.24,,2.08,,252.24,1.33,31.19,0.0,,22.2,-0.91,9.08,1.0,633.85,408.25,4.7,47.9,11.29,-5.63,0.5,0.05,6,21.0,28.5,0.0,6.0,55.5,WATCH ⭐⭐,Expected ~1% CAGR (2yr) | ROE 22% | ROCE 24% | ROCE trend rising ↑ | Low D/E 0.24 | Piotroski F=6 (above average quality),Earnings due 2026-08-11,3-4 years,Medium-High,"yfinance, screener.in",100,288,2026-08-11,2026-06-20,2026-06-01,19,11.6,3,9.1
MAZDOCK,Mazagon Dock Shipbuilders Limited,Industrials,Aerospace & Defense,97219.0,Large-Cap,MonthlyDoubleBottom,Forming,0.814,13,Sep 13mo | Mid rally 89% | Asymmetry 8%,MonthlyCupHandle+MonthlyDoubleBottom+MonthlyStage2,Downtrend,False,False,Below-MAs,False,Stage2,4,Uptrend,Uptrend,2422.8,3751.65,1904.04,2059.38,3064.18,5599.26,5344.7,4046.87,131.1,52.0,37.59,29.58,9.97,1.17,37.43,80.0,-12.25,2831.3,10,buy,29.2,36.0,4.06,17.0,2.57,19.86,4.83,13.77,18.44,26.29,6.79,32.07,38.06,108.8,0.4,lumpy earner,0.04,,1.4,,-3999.91,-4.11,81.22,0.0,,1.73,-0.07,5.09,-0.28,3369.0,2057.4,28.1,17.8,-17.14,276.68,0.42,0.56,4,37.0,13.27,5.0,0.0,55.3,WATCH ⭐⭐,Expected ~52% CAGR (2yr) | Revenue CAGR 18% | Profit CAGR 32% | ROE 29% | ROCE 36% | ROCE trend rising ↑,Pattern still forming (not broken out),3-4 years,Medium-High,"yfinance, screener.in",100,68,,2026-06-20,2026-06-01,19,0.0,3,0.0
SHAKTIPUMP,Shakti Pumps (India) Limited,Industrials,Specialty Industrial Machinery,6628.0,Small-Cap,MonthlyDoubleBottom,Forming,0.431,8,Sep 8mo | Mid rally 51% | Asymmetry 8%,,Sideways,False,False,Below-MAs,True,Stage2,4,Uptrend,Uptrend,548.4,98.85,63.22,466.14,1703.44,3759.48,8297.18,3759.48,585.5,161.8,25.58,16.73,4.07,0.21,15.28,19.0,44.23,640.0,1,none,18.0,23.7,2.8,16.0,1.69,9.55,9.79,7.23,40.73,23.74,-36.76,120.7,27.69,-65.2,0.15,highly inconsistent earnings,0.3,,2.12,,-146.02,-2.2,50.36,0.02,,4.83,-0.51,4.97,-1.33,1049.0,456.35,47.7,20.2,-33.79,337.57,0.29,-0.15,6,33.0,11.17,11.0,0.0,55.2,WATCH ⭐⭐,Expected ~162% CAGR (2yr) | Revenue CAGR 41% | Profit CAGR 121% | ROCE 24% | ROCE trend rising ↑ | Low D/E 0.30,Pattern still forming (not broken out),3-4 years,Medium-High,"yfinance, screener.in",100,177,,2026-06-20,2026-06-01,19,9.1,3,-5.3
HDFCAMC,HDFC Asset Management Company Limited,Financial Services,Asset Management,105273.0,Large-Cap,MonthlyDoubleBottom,Forming,0.521,6,Sep 6mo | Mid rally 59% | Asymmetry 7%,,Downtrend,False,False,Below-MAs,False,Stage2,12,Uptrend,Uptrend,2455.9,1448.93,882.86,2087.51,1813.67,2588.73,2887.16,2288.31,5.4,2.7,36.9,28.3,11.4,1.41,25.73,220.0,31.04,3039.36,28,strong_buy,32.9,42.9,2.5,82.0,1.5,61.84,24.83,13.95,23.04,,16.18,26.17,,-2.5,0.75,consistent growth,0.02,,30.24,,2397.42,2.28,52.37,-0.01,,24.45,0.46,14.42,-0.48,2967.25,2205.6,17.2,11.3,-8.44,81.39,0.55,0.56,7,40.0,9.25,5.0,1.0,55.2,WATCH ⭐⭐,Expected ~3% CAGR (2yr) | Revenue CAGR 23% | Profit CAGR 26% | ROE 33% | ROCE 43% | ROCE trend rising ↑,Earnings due 2026-07-16 | Pattern still forming (not broken out),3-4 years,Medium-High,"yfinance, screener.in",100,95,2026-07-16,2026-06-20,2026-06-01,19,-7.5,3,-4.0
BAJAJHLDNG,Bajaj Holdings & Investment Limited,Financial Services,Asset Management,113085.0,Large-Cap,MonthlyDoubleBottom,Forming,0.639,12,Sep 12mo | Mid rally 65% | Asymmetry 1%,,Sideways,False,False,Below-MAs,True,Stage2,12,Uptrend,Uptrend,10161.0,2162.88,1309.36,8636.85,23477.29,29475.73,37006.78,29475.73,190.1,70.3,11.74,,1.55,0.46,127.2,157.0,-11.68,,0,none,12.0,11.0,0.31,85.0,1.69,857.46,0.72,44.79,27.03,18.55,47.74,25.55,21.79,49.2,0.15,highly inconsistent earnings,0.0,,3.45,,1610.17,1.42,51.46,0.0,,9.62,-0.64,8.08,0.77,14763.0,8588.0,31.2,18.3,-22.24,19.3,0.33,0.13,7,34.0,14.17,7.0,0.0,55.2,WATCH ⭐⭐,Expected ~70% CAGR (2yr) | Revenue CAGR 27% | Profit CAGR 26% | ROCE trend rising ↑ | Nearly debt-free | Promoter 51% holding,Earnings due 2026-08-05 | Pattern still forming (not broken out),3-4 years,Medium-High,"yfinance, screener.in",100,287,2026-08-05,2026-06-20,2026-06-01,19,-1.5,3,0.0
COALINDIA,Coal India Limited,Energy,Thermal Coal,273317.0,Large-Cap,MonthlyCupHandle,Forming,0.841,22,Cup 22mo | Depth 24% | Prior gain 85% | R²=0.92,MonthlyCupHandle+MonthlyDoubleBottom,Sideways-Above-MA,True,True,Constructive,False,Stage2,1,Uptrend,Uptrend,443.5,487.57,371.22,376.97,908.46,728.78,908.46,908.46,64.3,28.2,8.79,7.72,2.29,,5.64,496.0,-39.22,459.27,26,buy,28.5,35.3,-2.49,24.0,1.31,18.46,7.12,17.46,6.8,13.34,-11.99,-0.69,19.59,12.9,0.15,highly inconsistent earnings,0.12,,1.86,,7237.59,2.65,63.13,0.0,,8.38,0.16,22.76,0.23,491.25,368.65,9.7,20.3,30.75,117.27,0.94,-0.04,5,22.0,20.09,5.0,8.0,55.1,WATCH ⭐⭐,Expected ~28% CAGR (2yr) | Declining profits (-1% CAGR) ⚠️ | ROE 28% | ROCE 35% | Low D/E 0.12 | Promoter 63% holding,Earnings due 2026-04-27 | Pattern still forming (not broken out),3-4 years,Medium-High,"yfinance, screener.in",100,188,2026-04-27,2026-06-20,2026-06-01,19,-2.9,3,-4.9
PANSARI,Pansari Developers Limited,Real Estate,Real Estate - Development,482.0,Micro-Cap,MonthlyDoubleBottom,Forming,0.963,14,Sep 14mo | Mid rally 106% | Asymmetry 10%,,Downtrend,False,False,Below-MAs,False,Stage2,3,Uptrend,Uptrend,258.45,152.0,70.2,219.68,707.73,1524.72,3284.87,1524.72,489.9,142.9,28.32,,3.4,0.25,24.25,0.0,,,0,none,13.8,12.5,1.11,15.0,0.0,16.83,,140.0,61.01,21.67,150.0,115.44,37.97,1550.5,0.15,highly inconsistent earnings,0.48,,,,,,73.88,0.0,,,,,,352.3,218.0,26.6,18.6,26.23,174.7,0.88,-0.44,2,27.0,15.06,8.0,5.0,55.1,WATCH ⭐⭐,Expected ~143% CAGR (2yr) | Revenue CAGR 61% | Profit CAGR 115% | ROCE trend rising ↑ | Promoter 74% holding | PEG 0.25 — deeply undervalued,Pattern still forming (not broken out),3-4 years,Medium-High,"yfinance, screener.in",80,111,,2026-06-20,2026-06-01,19,0.0,3,-1.0
SOUTHBANK,The South Indian Bank Limited,Financial Services,Banks - Regional,12214.0,Mid-Cap,MonthlyDoubleBottom,Forming,0.79,36,Sep 36mo | Mid rally 79% | Asymmetry 0%,MonthlyCupHandle+MonthlyDoubleBottom,Uptrend,True,False,Uptrend,True,Stage2,12,Uptrend,Uptrend,47.23,27.23,15.16,40.15,149.73,130.05,227.96,184.75,175.4,65.9,8.41,6.83,1.07,0.36,,86.0,12.0,48.0,6,buy,13.5,6.42,,43.14,,28.95,1.09,4.6,10.83,6.15,11.74,23.39,88.0,19.0,0.15,highly inconsistent earnings,,,,,,,,,,24.21,3.27,12.75,-1.04,47.5,28.11,0.6,68.0,65.75,131.45,0.56,0.25,2,11.0,23.98,10.0,10.0,55.0,WATCH ⭐⭐,Expected ~66% CAGR (2yr) | Profit CAGR 23% | OPM 43% | FII buying +3.3% ↑ | Dividend growing 12%/yr | PEG 0.36 — deeply undervalued,Pattern still forming (not broken out),3-4 years,Medium-High,"yfinance, screener.in",70,331,,2026-06-20,2026-06-01,19,21.9,3,-2.0
SARDAEN,Sarda Energy & Minerals Limited,Basic Materials,Steel,18340.0,Mid-Cap,MonthlyDoubleBottom,Forming,1.0,20,Sep 20mo | Mid rally 119% | Asymmetry 0%,,Downtrend,False,False,Below-MAs,False,Stage2,1,Uptrend,Uptrend,531.75,12.83,5.84,451.99,848.0,1038.37,1271.49,1038.37,95.3,39.7,16.59,11.0,2.49,0.74,10.47,29.0,25.99,,0,none,16.1,17.4,-1.03,31.0,0.2,19.43,8.41,22.55,10.55,20.94,57.98,22.45,24.15,45.9,0.15,highly inconsistent earnings,0.35,,4.5,,582.53,3.18,73.16,0.0,,3.5,-0.04,3.32,0.39,639.75,420.75,16.9,26.4,23.75,147.07,0.25,0.39,6,26.0,16.0,8.0,5.0,55.0,WATCH ⭐⭐,Expected ~40% CAGR (2yr) | Profit CAGR 22% | Promoter 73% holding | OPM 31% | FCF yield 3.2% | Piotroski F=6 (above average quality),Pattern still forming (not broken out),3-4 years,Medium-High,"yfinance, screener.in",100,199,,2026-06-20,2026-06-01,19,-1.2,3,0.0
RISHABH,Rishabh Instruments Limited,Technology,Scientific & Technical Instruments,2149.0,Small-Cap,MonthlyStage2,Breaking Out,1.0,24,10-EMA=417 | 30-EMA=404 | Above by 31.0% | MA turning=Yes,,Uptrend,True,True,Uptrend,True,Downtrend,0,Uptrend,Uptrend,529.2,403.96,209.95,449.82,794.76,937.26,1105.31,937.26,77.1,33.1,26.38,17.67,2.87,1.47,16.01,0.0,,630.0,1,none,12.0,14.5,-0.69,16.0,-0.71,10.52,6.01,7.64,10.78,14.72,290.48,17.93,17.9,207.7,0.15,highly inconsistent earnings,0.11,,3.02,,-33.72,-1.57,69.55,-0.12,,0.1,-0.14,11.72,-0.85,566.0,272.3,6.5,94.3,87.26,,1.75,1.14,4,11.0,27.0,7.0,10.0,55.0,WATCH ⭐⭐,Expected ~33% CAGR (2yr) | Low D/E 0.11 | Promoter 70% holding | Margin compressing ↓ ⚠️ | PEG 1.47 — fair value | EV/EBITDA 16× vs sector 20×,Margin compression ↓,3-4 years,Medium-High,"yfinance, screener.in",100,33,,2026-06-20,2026-06-01,19,0.0,3,2.0
PRICOLLTD,PRICOL LIMITED,Consumer Cyclical,Auto Parts,0.0,Micro-Cap,MonthlyCupHandle,Forming,0.699,17,Cup 17mo | Depth 32% | Prior gain 32% | R²=0.88,MonthlyCupHandle+MonthlyDoubleBottom,Downtrend,False,False,Below-MAs,False,Stage2,3,Uptrend,Uptrend,544.75,687.67,468.79,463.04,1235.9,1559.21,1967.1,1559.21,186.2,69.2,26.74,18.47,5.35,1.02,14.85,73.0,60.0,725.0,1,none,22.1,25.9,2.34,12.0,-0.11,6.21,9.87,50.11,27.3,23.39,50.3,26.16,42.98,109.5,0.15,highly inconsistent earnings,0.3,,1.21,,-194.07,,38.51,0.0,,15.61,-1.31,12.44,0.15,694.2,415.1,21.5,31.2,26.97,115.66,2.15,-0.12,4,30.0,11.89,8.0,5.0,54.9,WATCH ⭐⭐,Expected ~69% CAGR (2yr) | Revenue CAGR 27% | Profit CAGR 26% | ROE 22% | ROCE 26% | ROCE trend rising ↑,Pattern still forming (not broken out),3-4 years,Medium-High,"yfinance, screener.in",100,287,,2026-06-20,2026-06-01,19,0.0,3,0.0
LODHA,Lodha Developers Limited,Real Estate,Real Estate - Development,89832.0,Large-Cap,MonthlyDoubleBottom,Forming,0.37,12,Sep 12mo | Mid rally 43% | Asymmetry 6%,,Sideways,False,False,Below-MAs,True,Stage2,3,Uptrend,Uptrend,892.2,1525.97,1039.62,987.64,2340.91,3163.66,8567.63,4478.4,254.6,88.3,26.25,18.91,3.86,0.29,19.46,47.0,88.89,1191.56,18,strong_buy,15.8,16.6,1.91,30.0,1.26,20.56,5.26,21.02,20.76,25.07,24.0,91.31,134.87,9.4,0.15,highly inconsistent earnings,0.42,,1.75,,-2345.45,-2.61,72.27,0.42,,21.24,-2.25,4.62,1.45,1509.8,650.8,40.9,37.1,-27.61,9.37,0.72,0.58,6,31.0,10.94,13.0,0.0,54.9,WATCH ⭐⭐,Expected ~88% CAGR (2yr) | Revenue CAGR 21% | Profit CAGR 91% | ROCE trend rising ↑ | Promoter 72% holding | OPM 30%,Earnings due 2026-04-24 | Pattern still forming (not broken out),3-4 years,Medium-High,"yfinance, screener.in",100,62,2026-04-24,2026-06-20,2026-06-01,19,0.0,3,2.0
PERSISTENT,Persistent Systems Limited,Technology,Information Technology Services,75163.0,Large-Cap,MonthlyDoubleBottom,Forming,0.563,8,Sep 8mo | Mid rally 66% | Asymmetry 10%,MonthlyDoubleBottom+MonthlyStage2,Sideways,False,False,Below-MAs,True,Downtrend,0,Uptrend,Uptrend,5066.3,347.71,199.89,4306.36,5319.19,6276.24,8513.25,6729.31,23.9,11.3,40.49,27.57,9.6,1.53,26.33,91.0,-4.17,5596.65,34,none,27.3,34.4,2.17,19.0,0.4,12.65,14.87,23.53,20.87,28.63,33.21,26.51,32.83,33.7,0.75,consistent growth,0.06,,2.43,,1456.11,1.94,30.29,0.0,,22.11,-0.68,30.47,0.67,6599.0,4449.1,23.2,13.9,-7.9,83.6,0.63,0.09,7,40.0,11.76,3.0,0.0,54.8,WATCH ⭐⭐,Expected ~11% CAGR (2yr) | Revenue CAGR 21% | Profit CAGR 27% | ROE 27% | ROCE 34% | ROCE trend rising ↑,Earnings due 2026-04-21 | Pattern still forming (not broken out),3-4 years,Medium-High,"yfinance, screener.in",100,194,2026-04-21,2026-06-20,2026-06-01,19,0.0,3,-1.0
EPL,EPL Limited,Consumer Cyclical,Packaging & Containers,7200.0,Small-Cap,MonthlyDoubleBottom,Forming,0.651,18,Sep 18mo | Mid rally 67% | Asymmetry 1%,MonthlyCupHandle+MonthlyDoubleBottom+MonthlyStage2,Uptrend,True,False,Uptrend,True,Stage2,3,Uptrend,Uptrend,224.8,283.1,168.78,191.08,648.95,582.07,926.4,775.36,158.9,60.9,18.52,12.77,2.51,0.95,7.87,222.0,5.16,292.14,7,none,15.8,17.8,0.57,20.0,0.31,8.16,8.76,13.05,8.84,9.03,8.24,19.48,10.06,-10.0,0.15,highly inconsistent earnings,0.34,,1.56,,59.91,0.83,26.38,0.0,,17.22,-0.35,10.2,0.65,251.0,176.4,10.4,27.4,7.87,-14.18,0.49,0.38,6,17.0,21.81,13.0,3.0,54.8,WATCH ⭐⭐,Expected ~61% CAGR (2yr) | ROCE trend rising ↑ | Piotroski F=6 (above average quality) | DII buying +0.7% ↑ | PEG 0.95 — undervalued | EV/EBITDA 8× below sector (25×),Pattern still forming (not broken out),3-4 years,Medium-High,"yfinance, screener.in",100,288,,2026-06-20,2026-06-01,19,3.5,3,6.0
SPLPETRO,Supreme Petrochem Limited,Basic Materials,Specialty Chemicals,13202.0,Mid-Cap,MonthlyCupHandle,Forming,0.9,21,Cup 21mo | Depth 26% | Prior gain 33% | R²=0.98,MonthlyCupHandle+MonthlyDoubleBottom+MonthlyStage2,Sideways-Above-MA,True,False,Constructive,False,Stage2,1,Uptrend,Uptrend,707.95,898.69,663.01,629.86,928.8,2256.89,5484.03,2256.89,218.8,78.5,40.01,28.54,5.55,0.28,24.19,150.0,-5.9,791.5,2,none,14.2,,3.1,10.0,1.31,6.09,7.73,235.15,53.9,30.43,450.0,142.99,80.97,57.7,0.15,highly inconsistent earnings,0.06,,2.01,,-15.16,-0.11,64.24,0.0,,3.69,-0.01,4.24,0.28,979.0,462.3,27.7,53.1,-4.21,44.82,0.21,-0.04,6,27.0,20.8,7.0,0.0,54.8,WATCH ⭐⭐,Expected ~78% CAGR (2yr) | Revenue CAGR 54% | Profit CAGR 143% | ROCE trend rising ↑ | Nearly debt-free | Promoter 64% holding,Pattern still forming (not broken out),3-4 years,Medium-High,"yfinance, screener.in",90,288,,2026-06-20,2026-06-01,19,0.2,3,6.0
CCL,CCL Products (India) Limited,Consumer Defensive,Packaged Foods,15057.0,Mid-Cap,MonthlyDoubleBottom,Breakout Ready,0.645,9,Sep 9mo | Mid rally 66% | Asymmetry 1%,,Uptrend,True,True,Uptrend,True,Stage2,15,Uptrend,Uptrend,1129.3,226.87,136.34,959.9,1308.87,1371.19,1611.5,1452.32,21.4,10.2,38.75,24.01,6.41,3.54,21.78,69.0,-20.63,1249.5,12,none,18.0,15.8,-0.51,16.0,-1.63,8.69,8.6,43.5,29.11,29.12,25.16,10.96,16.35,12.4,0.15,highly inconsistent earnings,0.56,,1.49,,562.47,3.74,46.11,0.0,,11.24,0.23,21.43,-0.1,1236.2,779.5,8.6,44.9,38.17,67.6,1.76,-0.06,4,19.0,23.74,4.0,8.0,54.7,WATCH ⭐⭐,Expected ~10% CAGR (2yr) | Revenue CAGR 29% | Margin compressing ↓ ⚠️ | FCF yield 3.7% | EV/EBITDA 22× vs sector 30× | MonthlyDoubleBottom — Breakout Ready,Margin compression ↓,3-4 years,Medium-High,"yfinance, screener.in",100,265,,2026-06-20,2026-06-01,19,3.7,3,6.0
VBL,Varun Beverages Limited,Consumer Defensive,Beverages - Non-Alcoholic,176624.0,Large-Cap,MonthlyStage2,Stage Change,0.679,24,10-EMA=480 | 30-EMA=467 | Above by 10.2% | MA turning=Yes,MonthlyDoubleBottom+MonthlyStage2,Uptrend,True,False,Tight-Above-MAs,True,Stage2,15,Uptrend,Uptrend,514.8,467.23,383.25,437.58,454.31,551.21,602.39,523.13,7.1,3.5,55.55,43.18,9.02,3.67,34.19,38.0,12.62,587.23,26,none,16.2,19.7,2.03,23.0,0.69,14.02,,4.65,12.25,20.8,4.8,15.15,33.88,20.1,0.15,highly inconsistent earnings,0.13,,,,,,59.43,-0.01,,19.51,-0.8,14.35,0.79,544.4,381.0,5.4,35.1,20.59,38.97,0.35,0.25,3,21.0,24.65,1.0,8.0,54.6,WATCH ⭐⭐,Expected ~4% CAGR (2yr) | ROCE trend rising ↑ | Low D/E 0.13 | Promoter 59% holding | DII buying +0.8% ↑ | Dividend growing 13%/yr,High PE 56 | Earnings due 2026-07-28,3-4 years,Medium-High,"yfinance, screener.in",80,115,2026-07-28,2026-06-20,2026-06-01,19,0.0,3,0.0
APOLLOHOSP,Apollo Hospitals Enterprise Limited,Healthcare,Medical Care Facilities,122188.0,Large-Cap,MonthlyDoubleBottom,Forming,0.676,13,Sep 13mo | Mid rally 70% | Asymmetry 3%,,Uptrend,True,False,Tight-Above-MAs,True,Stage2,5,Uptrend,Uptrend,8498.0,1784.0,1031.85,7223.3,9317.33,11137.65,16578.22,12428.39,31.1,14.5,62.89,39.75,12.89,1.88,34.23,24.0,-12.64,9201.53,30,strong_buy,22.1,17.9,1.46,15.0,0.51,7.7,8.44,15.76,14.94,19.03,33.09,33.39,71.0,35.9,0.15,highly inconsistent earnings,0.85,,1.06,,395.55,0.32,28.02,0.0,,42.62,-0.92,22.76,1.26,8624.0,6696.5,1.5,26.9,18.26,46.04,0.56,0.18,6,23.0,23.61,2.0,6.0,54.6,WATCH ⭐⭐,Expected ~14% CAGR (2yr) | Profit CAGR 33% | ROE 22% | ROCE trend rising ↑ | Piotroski F=6 (above average quality) | DII buying +1.3% ↑,High PE 63 | Earnings due 2026-08-12 | Pattern still forming (not broken out),3-4 years,Medium-High,"yfinance, screener.in",100,288,2026-08-12,2026-06-20,2026-06-01,19,5.9,3,2.0
AMRUTANJAN,Amrutanjan Health Care Limited,Healthcare,Drug Manufacturers - Specialty & Generic,1612.0,Small-Cap,MonthlyDoubleBottom,Forming,1.0,15,Sep 15mo | Mid rally 127% | Asymmetry 8%,,Downtrend,False,False,Below-MAs,False,Stage2,5,Uptrend,Uptrend,557.7,533.98,225.81,474.05,1257.01,1609.73,2061.42,1609.73,188.6,69.9,27.86,,4.36,0.99,21.09,100.0,-39.87,,0,none,20.0,31.4,3.43,18.0,0.97,11.53,8.3,12.03,10.55,11.87,40.0,28.06,16.0,6.7,0.15,highly inconsistent earnings,0.01,,2.31,,13.0,0.81,46.52,0.0,,2.17,-0.1,12.66,-0.34,790.95,486.0,29.5,14.8,-10.36,-33.09,0.62,0.37,7,31.0,15.5,8.0,0.0,54.5,WATCH ⭐⭐,Expected ~70% CAGR (2yr) | Profit CAGR 28% | ROCE 31% | ROCE trend rising ↑ | Nearly debt-free | Piotroski F=7 (high quality compounder),Pattern still forming (not broken out),3-4 years,Medium-High,"yfinance, screener.in",100,200,,2026-06-20,2026-06-01,19,0.1,3,-5.5
INSECTICID,Insecticides (India) Limited,Basic Materials,Agricultural Inputs,2092.0,Small-Cap,MonthlyDoubleBottom,Forming,1.0,48,Sep 48mo | Mid rally 133% | Asymmetry 6%,MonthlyDoubleBottom+MonthlyStage2,Sideways-Above-MA,True,False,Constructive,True,Stage2,1,Uptrend,Uptrend,758.95,614.69,255.63,645.11,1421.44,1850.42,2408.88,1850.42,143.8,56.1,15.01,10.65,1.72,0.5,9.51,56.0,-30.66,,0,none,12.1,15.9,0.31,11.0,0.03,6.51,6.14,7.0,5.92,8.55,-2.11,30.18,8.14,-15.7,0.15,highly inconsistent earnings,0.13,,1.96,,-35.25,-1.68,72.3,0.0,,4.5,0.04,9.27,-0.13,1098.0,518.6,30.9,46.3,-13.61,49.36,0.4,0.38,5,22.0,22.5,10.0,0.0,54.5,WATCH ⭐⭐,Expected ~56% CAGR (2yr) | Profit CAGR 30% | ROCE trend rising ↑ | Low D/E 0.13 | Promoter 72% holding | Piotroski F=5 (above average quality),Pattern still forming (not broken out),3-4 years,Medium-High,"yfinance, screener.in",100,229,,2026-06-20,2026-06-01,19,0.0,3,0.0
UNIONBANK,Union Bank of India,Financial Services,Banks - Regional,129809.0,Large-Cap,MonthlyDoubleBottom,Forming,1.0,33,Sep 33mo | Mid rally 152% | Asymmetry 0%,MonthlyCupHandle+MonthlyDoubleBottom,Sideways-Above-MA,True,False,Constructive,False,Stage2,12,Uptrend,Uptrend,158.96,166.52,65.95,135.12,676.88,612.82,1173.5,891.24,285.5,96.3,6.68,6.63,0.97,0.21,,294.0,35.72,195.2,15,none,15.7,6.3,,-887.68,,35.66,1.25,-1.49,9.58,9.03,7.78,31.67,46.67,,0.4,lumpy earner,,,,,,,74.76,0.0,,9.37,1.23,11.51,-0.4,205.49,124.64,22.6,27.5,14.71,118.63,0.46,0.89,1,17.0,22.5,12.0,3.0,54.5,WATCH ⭐⭐,Expected ~96% CAGR (2yr) | Profit CAGR 32% | Promoter 75% holding | FII buying +1.2% ↑ | Dividend growing 36%/yr | PEG 0.21 — deeply undervalued,Earnings due 2026-07-14 | Pattern still forming (not broken out),3-4 years,Medium-High,"yfinance, screener.in",80,285,2026-07-14,2026-06-20,2026-06-01,19,0.0,3,0.0
VAIBHAVGBL,Vaibhav Global Limited,Consumer Cyclical,Luxury Goods,3853.0,Small-Cap,MonthlyDoubleBottom,Forming,1.0,17,Sep 17mo | Mid rally 113% | Asymmetry 3%,,Sideways,False,False,Constructive,True,Stage2,3,Uptrend,Uptrend,223.79,208.43,96.52,190.22,1107.63,1509.92,2058.32,1509.92,574.7,159.8,14.64,4.76,2.33,0.4,10.79,260.0,-37.0,,0,none,17.8,16.3,-3.37,10.0,-0.74,7.21,6.96,9.23,11.12,7.77,73.86,36.32,-0.45,167.4,0.15,highly inconsistent earnings,0.25,,2.75,,110.22,2.86,57.43,0.32,,16.44,-1.62,2.23,0.56,293.25,174.13,23.7,28.5,3.93,-45.34,0.3,0.24,5,21.0,19.5,12.0,2.0,54.5,WATCH ⭐⭐,Expected ~160% CAGR (2yr) | Profit CAGR 36% | Low D/E 0.25 | Promoter 57% holding | Margin compressing ↓ ⚠️ | Piotroski F=5 (above average quality),Margin compression ↓ | Pattern still forming (not broken out),3-4 years,Medium-High,"yfinance, screener.in",100,266,,2026-06-20,2026-06-01,19,0.0,3,0.0
VADILALIND,Vadilal Industries Limited,Consumer Defensive,Packaged Foods,4319.0,Small-Cap,MonthlyDoubleBottom,Forming,1.0,32,Sep 32mo | Mid rally 199% | Asymmetry 2%,,Sideways,False,False,Constructive,True,Stage2,15,Uptrend,Uptrend,4250.8,1161.36,384.57,3613.18,7814.95,9167.72,10754.65,9167.72,115.7,46.9,27.86,,5.5,1.61,18.05,35.0,156.12,,0,none,20.1,22.2,2.69,17.0,1.83,10.32,10.55,21.41,12.42,26.55,3.33,17.31,98.73,149.4,0.15,highly inconsistent earnings,0.27,,3.0,,-33.59,-0.78,64.72,0.0,,0.58,0.02,0.42,0.0,6132.0,3996.0,30.7,6.4,-15.28,26.6,0.4,0.11,6,24.0,20.5,6.0,4.0,54.5,WATCH ⭐⭐,Expected ~47% CAGR (2yr) | ROE 20% | ROCE 22% | ROCE trend rising ↑ | Low D/E 0.27 | Promoter 65% holding,Pattern still forming (not broken out),3-4 years,Medium-High,"yfinance, screener.in",100,180,,2026-06-20,2026-06-01,19,0.0,3,1.0
CEATLTD,CEAT Limited,Consumer Cyclical,Auto Parts,13451.0,Mid-Cap,MonthlyDoubleBottom,Forming,1.0,38,Sep 38mo | Mid rally 166% | Asymmetry 9%,,Sideways,False,False,Below-MAs,True,Stage2,3,Uptrend,Uptrend,3334.3,1859.94,668.36,2834.16,16213.23,16751.5,39684.47,25365.59,402.4,124.1,19.3,14.41,2.29,0.34,7.23,90.0,115.44,3830.35,17,hold,15.9,18.7,1.8,13.0,0.4,4.45,6.72,18.61,11.48,15.55,47.98,56.45,10.04,145.1,0.15,highly inconsistent earnings,0.65,,0.68,,-44.68,-0.33,47.29,0.08,,16.55,-0.37,20.9,0.42,4438.0,3000.5,24.9,11.1,6.21,18.16,0.31,0.46,5,20.0,19.5,13.0,2.0,54.5,WATCH ⭐⭐,Expected ~124% CAGR (2yr) | Profit CAGR 56% | ROCE trend rising ↑ | Piotroski F=5 (above average quality) | Dividend growing 115%/yr | PEG 0.34 — deeply undervalued,Pattern still forming (not broken out),3-4 years,Medium-High,"yfinance, screener.in",100,221,,2026-06-20,2026-06-01,19,5.4,3,4.0
ARTEMISMED,Artemis Medicare Services Limited,,,0.0,Micro-Cap,MonthlyStage2,Stage Change,0.963,24,10-EMA=252 | 30-EMA=229 | Above by 14.4% | MA turning=Yes,MonthlyDoubleBottom+MonthlyStage2,Sideways-Above-MA,True,False,Tight-Above-MAs,True,Unknown,0,Uptrend,Uptrend,262.6,229.47,205.51,223.21,115.32,253.43,225.63,161.31,,,114.67,21.01,4.44,2.88,22.38,0.17,0.0,335.0,3,none,12.0,14.6,2.09,17.0,1.54,9.58,6.29,15.37,13.62,21.52,26.83,39.88,76.92,28.3,0.15,highly inconsistent earnings,0.28,,1.74,,-8.53,,58.39,0.01,,12.19,-0.28,2.89,-0.02,297.5,203.35,11.7,29.1,14.67,87.65,0.42,0.25,6,23.0,24.06,3.0,4.0,54.1,WATCH ⭐⭐,Profit CAGR 40% | ROCE trend rising ↑ | Low D/E 0.28 | Promoter 58% holding | Piotroski F=6 (above average quality) | Analyst target ₹335 (+28%),High PE 115,3-4 years,Medium-High,"yfinance, screener.in",100,78,,2026-06-20,2026-06-01,19,-4.6,3,0.6
RBZJEWEL,RBZ Jewellers Limited,Consumer Cyclical,Luxury Goods,538.0,Small-Cap,MonthlyDoubleBottom,Forming,1.0,10,Sep 10mo | Mid rally 107% | Asymmetry 6%,,Downtrend,False,False,Below-MAs,False,Stage2,3,Uptrend,Uptrend,123.52,251.68,118.15,112.24,913.58,1246.12,1699.71,1246.12,908.8,217.6,9.81,,1.79,0.27,7.67,,,,0,none,20.11,,,10.43,,8.61,13.06,38.0,,,36.4,,,36.3,0.5,insufficient history,0.57,,2.99,,-61.32,-11.4,75.0,0.0,,0.0,0.0,0.07,0.01,179.0,100.0,31.0,23.5,-4.93,,0.49,0.16,3,25.0,15.0,13.0,1.0,54.0,WATCH ⭐⭐,Expected ~218% CAGR (2yr) | Revenue CAGR 38% | Profit CAGR 36% | ROE 20% | Promoter 75% holding | PEG 0.27 — deeply undervalued,Pattern still forming (not broken out),3-4 years,Medium-High,"yfinance, screener.in",70,30,,2026-06-20,2026-06-01,19,0.0,3,1.0
GUFICBIO,Gufic Biosciences Limited,Healthcare,Drug Manufacturers - Specialty & Generic,3723.0,Small-Cap,MonthlyDoubleBottom,Breakout Ready,1.0,18,Sep 18mo | Mid rally 156% | Asymmetry 6%,MonthlyDoubleBottom+MonthlyStage2,Sideways-Above-MA,True,True,Constructive,True,Stage2,5,Uptrend,Uptrend,371.25,163.33,61.79,315.56,949.73,2688.68,7611.67,2688.68,624.2,169.1,58.1,,5.61,0.32,26.81,3.0,0.0,,0,none,10.1,12.3,-1.0,16.0,-1.5,6.8,6.0,15.12,,,-8.57,,,183.6,0.4,lumpy earner,0.61,,1.55,,-33.97,-0.91,72.5,0.0,,0.42,-0.02,3.83,0.09,407.85,268.0,9.0,38.5,-1.86,25.02,2.11,-0.02,4,20.0,24.0,8.0,2.0,54.0,WATCH ⭐⭐,Expected ~169% CAGR (2yr) | Revenue CAGR 23% | Profit CAGR 183% | Promoter 72% holding | Margin compressing ↓ ⚠️ | PEG 0.32 — deeply undervalued,High PE 58 | Margin compression ↓,3-4 years,Medium-High,"yfinance, screener.in",80,261,,2026-06-20,2026-06-15,5,0.0,1,0.0
GLAND,Gland Pharma Limited,Healthcare,Drug Manufacturers - Specialty & Generic,37317.0,Large-Cap,MonthlyStage2,Stage Change,1.0,24,10-EMA=1937 | 30-EMA=1852 | Above by 22.1% | MA turning=Yes,MonthlyDoubleBottom+MonthlyStage2,Uptrend,True,False,Tight-Above-MAs,True,Stage2,5,Uptrend,Uptrend,2262.2,1852.08,1387.08,1922.87,2711.3,2658.13,3254.48,2970.5,17.5,8.4,36.36,24.79,3.6,3.8,20.93,88.0,-10.0,2189.57,14,buy,10.7,15.1,-3.0,25.0,-2.91,15.97,6.35,14.51,21.06,13.18,46.92,9.56,0.59,96.6,0.15,highly inconsistent earnings,0.03,,4.68,,504.15,1.35,51.83,0.0,,7.29,-0.29,33.36,0.37,2396.0,1573.6,5.6,43.8,15.21,56.84,1.38,0.5,5,19.0,28.5,2.0,4.0,53.5,WATCH ⭐⭐,Expected ~8% CAGR (2yr) | Revenue CAGR 21% | Nearly debt-free | Promoter 52% holding | Margin compressing ↓ ⚠️ | Piotroski F=5 (above average quality),Margin compression ↓ | Earnings due 2026-08-05,3-4 years,Medium-High,"yfinance, screener.in",100,68,2026-08-05,2026-06-20,2026-06-01,19,0.5,3,-5.5
OLECTRA,Olectra Greentech Limited,Industrials,Farm & Heavy Construction Machinery,10638.0,Mid-Cap,MonthlyDoubleBottom,Forming,1.0,33,Sep 33mo | Mid rally 548% | Asymmetry 8%,,Sideways,False,False,Below-MAs,True,Stage2,4,Uptrend,Uptrend,1219.6,279.39,41.39,1036.66,1019.18,1416.86,1969.72,1416.86,16.2,7.8,59.89,29.93,8.67,1.53,1140.54,3.0,0.0,,0,none,15.6,21.0,3.89,14.0,1.11,2.01,,28.3,28.45,52.43,29.5,39.02,86.4,164.4,0.15,highly inconsistent earnings,0.31,,,,,,50.02,0.0,,7.11,0.21,0.68,-0.14,1714.2,866.6,28.9,40.7,11.84,2.83,0.68,0.3,3,30.0,19.5,1.0,3.0,53.5,WATCH ⭐⭐,Expected ~8% CAGR (2yr) | Revenue CAGR 28% | Profit CAGR 39% | ROCE 21% | ROCE trend rising ↑ | Promoter 50% holding,High PE 60 | Pattern still forming (not broken out),3-4 years,Medium-High,"yfinance, screener.in",80,287,,2026-06-20,2026-06-01,19,0.0,3,-1.0
ZENSARTECH,Zensar Technologies Limited,Technology,Information Technology Services,10266.0,Mid-Cap,MonthlyDoubleBottom,Forming,1.0,46,Sep 46mo | Mid rally 195% | Asymmetry 7%,,Downtrend,False,False,Below-MAs,False,Downtrend,0,Uptrend,Uptrend,493.9,548.62,179.94,419.81,1644.54,1560.15,2917.34,2190.36,215.9,77.7,13.44,11.6,2.18,0.4,14.13,296.0,-21.7,614.83,12,none,18.1,23.5,0.71,16.0,-0.09,7.27,,7.69,5.46,8.51,19.23,33.19,20.35,19.4,0.15,highly inconsistent earnings,0.02,,,,,,49.01,0.0,,10.51,-1.29,23.66,0.54,889.4,438.4,44.5,12.7,-32.68,10.01,0.53,,1,25.0,15.5,13.0,0.0,53.5,WATCH ⭐⭐,Expected ~78% CAGR (2yr) | Profit CAGR 33% | ROCE 24% | ROCE trend rising ↑ | Nearly debt-free | DII buying +0.5% ↑,Pattern still forming (not broken out),3-4 years,Medium-High,"yfinance, screener.in",80,287,,2026-06-20,2026-06-01,19,0.0,3,0.0
DLINKINDIA,D-Link (India) Limited,Technology,Communication Equipment,1781.0,Small-Cap,MonthlyStage2,Stage Change,1.0,24,10-EMA=450 | 30-EMA=416 | Above by 20.7% | MA turning=Yes,MonthlyDoubleBottom+MonthlyStage2,Uptrend,True,True,Uptrend,True,Downtrend,0,Uptrend,Uptrend,501.65,415.6,352.15,426.4,882.48,940.2,1001.69,940.2,87.4,36.9,17.12,,3.53,2.62,12.69,817.0,91.29,,0,none,21.2,28.3,2.37,8.0,0.54,6.65,10.0,13.15,9.86,16.59,0.5,6.54,27.39,0.7,0.15,highly inconsistent earnings,0.03,,2.56,,-0.62,-0.03,51.02,0.0,,1.26,0.13,0.01,0.0,589.55,367.65,14.9,36.4,6.37,65.73,0.75,0.26,5,21.0,25.5,4.0,3.0,53.5,WATCH ⭐⭐,Expected ~37% CAGR (2yr) | ROE 21% | ROCE 28% | ROCE trend rising ↑ | Nearly debt-free | Promoter 51% holding,None identified,3-4 years,Medium-High,"yfinance, screener.in",100,199,,2026-06-20,2026-06-01,19,8.0,3,1.3
SIGNPOST,Signpost India Limited,Communication Services,Advertising Agencies,1393.0,Small-Cap,MonthlyDoubleBottom,Forming,0.603,7,Sep 7mo | Mid rally 67% | Asymmetry 6%,,Sideways-Above-MA,True,False,Constructive,False,Downtrend,0,Uptrend,Uptrend,261.55,309.47,180.06,222.32,498.27,627.77,790.93,627.77,140.0,54.9,19.84,,5.53,0.76,10.37,19.0,0.0,,0,none,27.6,24.9,0.0,25.0,1.1,12.07,11.17,27.15,19.56,,105.88,25.99,,2128.8,0.15,highly inconsistent earnings,0.7,,1.26,,-75.97,-5.45,60.38,-7.36,,0.09,0.01,0.02,0.0,310.0,180.37,15.6,45.0,18.16,,0.6,,4,25.0,15.24,10.0,3.0,53.2,WATCH ⭐⭐,Expected ~55% CAGR (2yr) | Revenue CAGR 20% | Profit CAGR 26% | ROE 28% | ROCE 25% | Promoter 60% holding,Pattern still forming (not broken out),3-4 years,Medium-High,"yfinance, screener.in",100,29,,2026-06-20,2026-06-01,19,-4.4,3,8.0
MRF,MRF Limited,Consumer Cyclical,Auto Parts,53233.0,Large-Cap,MonthlyDoubleBottom,Forming,0.547,40,Sep 40mo | Mid rally 61% | Asymmetry 6%,,Downtrend,False,False,Below-MAs,False,Stage2,3,Uptrend,Uptrend,126730.0,97766.92,58930.66,107720.5,494364.9,489818.1,1063337.16,725035.56,286.5,96.6,21.93,15.22,2.54,0.47,10.45,19.0,-74.22,136991.9,10,hold,12.5,15.7,1.26,16.0,0.26,7.79,6.39,10.65,10.63,14.02,29.8,46.66,13.69,37.1,0.15,highly inconsistent earnings,0.15,,1.65,,2325.5,4.37,27.77,0.04,,17.98,-0.2,12.25,-0.25,163600.0,122000.0,22.5,3.9,-3.12,3.03,0.62,0.16,7,28.0,11.06,13.0,1.0,53.1,WATCH ⭐⭐,Expected ~97% CAGR (2yr) | Profit CAGR 47% | ROCE trend rising ↑ | Low D/E 0.15 | FCF yield 4.4% | Piotroski F=7 (high quality compounder),Earnings due 2026-05-07 | Pattern still forming (not broken out),3-4 years,Medium-High,"yfinance, screener.in",100,287,2026-05-07,2026-06-20,2026-06-01,19,0.0,3,0.0
PYRAMID,Pyramid Technoplast Limited,Consumer Cyclical,Packaging & Containers,620.0,Small-Cap,MonthlyDoubleBottom,Forming,0.926,21,Sep 21mo | Mid rally 94% | Asymmetry 2%,MonthlyDoubleBottom+MonthlyStage2,Uptrend,True,False,Constructive,True,Stage2,3,Uptrend,Uptrend,170.81,258.24,131.8,145.19,760.2,1195.03,1878.59,1195.03,599.6,164.5,21.19,,2.17,0.37,13.95,30.0,,,0,none,10.96,,,8.17,,4.23,6.16,13.8,,,57.2,,,51.6,0.5,insufficient history,0.67,,1.73,,-134.41,-21.69,74.94,0.0,,0.97,0.01,3.26,0.0,190.0,131.8,10.1,29.6,2.87,,1.55,0.17,3,14.0,24.11,12.0,3.0,53.1,WATCH ⭐⭐,Expected ~164% CAGR (2yr) | Profit CAGR 57% | Promoter 75% holding | PEG 0.37 — deeply undervalued | EV/EBITDA 14× below sector (25×) | MonthlyDoubleBottom forming (21mo base),Pattern still forming (not broken out),3-4 years,Medium-High,"yfinance, screener.in",70,34,,2026-06-20,2026-06-01,19,0.0,3,0.0
PHOENIXLTD,The Phoenix Mills Limited,Real Estate,Real Estate - Diversified,62859.0,Large-Cap,MonthlyDoubleBottom,Forming,1.0,19,Sep 19mo | Mid rally 106% | Asymmetry 5%,MonthlyCupHandle+MonthlyDoubleBottom,Uptrend,True,False,Tight-Above-MAs,True,Stage2,3,Uptrend,Uptrend,1721.8,485.27,230.52,1463.53,902.19,1354.67,934.04,917.98,,,50.25,34.02,5.72,28.71,26.8,14.0,27.72,2009.7,20,none,11.6,12.8,1.86,60.0,2.23,27.67,6.41,16.18,19.13,33.58,19.13,1.75,100.54,50.0,0.15,highly inconsistent earnings,0.37,,0.87,,1810.56,2.88,47.25,0.0,,32.97,-0.88,16.14,0.88,1993.0,1402.5,13.6,22.8,18.15,98.83,0.33,0.29,6,19.0,28.0,2.0,4.0,53.0,WATCH ⭐⭐,Revenue CAGR 19% | ROCE trend rising ↑ | OPM 60% | Piotroski F=6 (above average quality) | DII buying +0.9% ↑ | Dividend growing 28%/yr,High PE 50 | Earnings due 2026-07-23 | Pattern still forming (not broken out),3-4 years,Medium-High,"yfinance, screener.in",100,230,2026-07-23,2026-06-20,2026-06-01,19,0.0,3,0.0
PATANJALI,Patanjali Foods Limited,Consumer Defensive,Packaged Foods,46295.0,Large-Cap,MonthlyDoubleBottom,Forming,1.0,9,Sep 9mo | Mid rally 137% | Asymmetry 5%,,Sideways,False,False,Below-MAs,True,Stage2,15,Uptrend,Uptrend,471.1,5144.45,2118.49,2012.57,2572.6,8170.41,8877.21,4778.86,1634.3,316.5,25.51,23.13,3.53,0.3,24.99,82.0,-4.35,588.75,4,strong_buy,16.5,12.0,-2.34,4.0,2.66,4.5,6.13,17.6,49.48,5.84,39.43,85.76,50.62,46.1,0.2,multiple loss years in history,0.21,,2.14,,-2361.68,-5.1,68.25,-0.01,,9.2,-1.62,12.06,-0.98,653.93,408.15,28.0,15.4,-5.99,-1.26,0.79,,4,22.0,18.0,13.0,0.0,53.0,WATCH ⭐⭐,Expected ~316% CAGR (2yr) | Revenue CAGR 49% | Profit CAGR 86% | Low D/E 0.21 | Promoter 68% holding | PEG 0.30 — deeply undervalued,Earnings due 2026-07-16 | Pattern still forming (not broken out),3-4 years,Medium-High,"yfinance, screener.in",100,287,2026-07-16,2026-06-20,2026-06-01,19,0.0,3,1.0
DCBBANK,DCB Bank Limited,Financial Services,Banks - Regional,5793.0,Small-Cap,MonthlyDoubleBottom,Forming,1.0,22,Sep 22mo | Mid rally 152% | Asymmetry 1%,,Uptrend,True,False,Uptrend,True,Stage2,12,Uptrend,Uptrend,179.86,72.77,28.63,152.88,558.96,471.61,718.8,633.86,162.2,61.9,7.88,5.29,0.89,0.59,,81.0,5.07,228.24,17,none,11.97,,,34.23,,24.44,0.89,12.4,,,13.4,,,16.1,0.5,insufficient history,,,,,,,16.23,-0.01,,12.64,0.72,32.8,0.66,205.9,119.51,12.6,50.5,39.54,30.15,0.23,0.43,2,8.0,26.0,11.0,8.0,53.0,WATCH ⭐⭐,Expected ~62% CAGR (2yr) | OPM 34% | FII buying +0.7% ↑ | DII buying +0.7% ↑ | PEG 0.59 — undervalued | Analyst target ₹228 (+27%),Pattern still forming (not broken out),3-4 years,Medium-High,"yfinance, screener.in",50,237,,2026-06-20,2026-06-01,19,1.6,3,3.0
SPAL,S.P. Apparels Limited,Consumer Cyclical,Apparel Manufacturing,2001.0,Small-Cap,MonthlyStage2,Breaking Out,1.0,24,10-EMA=779 | 30-EMA=719 | Above by 26.4% | MA turning=Yes,MonthlyDoubleBottom+MonthlyStage2,Uptrend,True,False,Uptrend,True,Stage2,3,Uptrend,Uptrend,908.5,718.61,674.15,772.23,1876.11,2002.94,2138.34,2002.94,120.5,48.5,19.84,12.72,2.11,2.94,10.74,25.0,60.0,915.5,2,none,11.2,14.0,0.34,13.0,-0.83,6.39,6.97,13.19,13.46,19.35,6.32,6.76,18.62,-38.8,0.15,highly inconsistent earnings,0.45,,1.32,,74.78,3.74,61.81,-0.12,,1.48,-0.35,16.57,-2.15,905.0,600.0,-0.4,51.4,15.32,82.27,2.52,-0.09,5,17.0,28.0,4.0,4.0,53.0,WATCH ⭐⭐,Expected ~48% CAGR (2yr) | ROCE trend rising ↑ | Promoter 62% holding | Margin compressing ↓ ⚠️ | FCF yield 3.7% | Piotroski F=5 (above average quality),Margin compression ↓,3-4 years,Medium-High,"yfinance, screener.in",100,119,,2026-06-20,2026-06-01,19,15.9,3,4.9
AXISCADES,AXISCADES Technologies Limited,Industrials,Engineering & Construction,8283.0,Mid-Cap,MonthlyDoubleBottom,Breakout Ready,1.0,7,Sep 7mo | Mid rally 108% | Asymmetry 0%,,Sideways-Above-MA,True,False,Tight-Above-MAs,True,Stage2,4,Uptrend,Uptrend,1947.6,129.0,62.0,1655.46,882.13,1290.47,1887.82,1290.47,,,116.27,,11.4,2.51,48.69,0.0,,,0,none,11.5,15.3,0.17,15.0,0.49,6.21,6.42,12.42,12.13,17.21,-4.0,46.29,36.85,-98.6,0.2,multiple loss years in history,0.53,,1.53,,-152.07,-1.84,58.05,0.0,,1.16,-0.29,1.63,0.69,2211.0,1063.3,11.9,83.2,51.57,280.0,1.28,0.26,5,19.0,27.0,-1.0,8.0,53.0,WATCH ⭐⭐,Profit CAGR 46% | ROCE trend rising ↑ | Promoter 58% holding | Piotroski F=5 (above average quality) | DII buying +0.7% ↑ | MonthlyDoubleBottom — Breakout Ready,High PE 116,3-4 years,Medium-High,"yfinance, screener.in",100,288,,2026-06-20,2026-06-01,19,-4.7,3,5.0
STARHEALTH,Star Health and Allied Insurance Company Limited,Financial Services,Insurance - Life,30573.0,Large-Cap,MonthlyDoubleBottom,Forming,0.657,20,Sep 20mo | Mid rally 69% | Asymmetry 3%,MonthlyDoubleBottom+MonthlyStage2,Uptrend,True,False,Uptrend,True,Stage2,12,Uptrend,Uptrend,517.1,780.0,454.8,439.54,38433.69,4358612.86,1372889884.56,7263967.64,842795.5,9080.9,54.93,23.92,4.02,0.0,,,,580.7,23,none,,,,3.25,,3.12,,13.8,,,18800.0,,,21731.4,0.5,insufficient history,,,,,,,57.98,0.0,,15.06,0.99,20.31,-0.65,586.25,412.6,11.8,25.3,30.05,-34.34,0.24,0.22,1,14.0,21.88,9.0,8.0,52.9,WATCH ⭐⭐,Expected ~9081% CAGR (2yr) | Profit CAGR 18800% | Promoter 58% holding | FII buying +1.0% ↑ | PEG 0.00 — deeply undervalued | MonthlyDoubleBottom forming (20mo base),High PE 55 | Earnings due 2026-07-28 | Pattern still forming (not broken out),3-4 years,Medium-High,"yfinance, screener.in",40,54,2026-07-28,2026-06-20,2026-06-01,19,0.0,3,2.0
GPPL,Gujarat Pipavav Port Limited,Industrials,Marine Shipping,7442.0,Small-Cap,MonthlyDoubleBottom,Forming,0.689,35,Sep 35mo | Mid rally 76% | Asymmetry 7%,MonthlyDoubleBottom+MonthlyStage2,Downtrend,False,False,Below-MAs,True,Stage2,4,Uptrend,Uptrend,153.88,96.94,53.14,130.8,428.27,372.42,596.94,505.62,142.0,55.6,14.44,13.41,3.11,0.8,9.75,650.0,23.47,172.62,8,hold,21.2,28.0,2.71,61.0,0.77,44.47,12.22,17.21,8.09,9.58,29.72,18.06,18.33,26.6,0.15,highly inconsistent earnings,0.01,,2.54,,-52.68,-0.71,44.01,0.0,,22.14,1.1,14.96,0.03,200.09,141.55,23.1,8.7,7.66,23.78,0.36,0.43,5,27.0,12.77,11.0,2.0,52.8,WATCH ⭐⭐,Expected ~56% CAGR (2yr) | ROE 21% | ROCE 28% | ROCE trend rising ↑ | Nearly debt-free | OPM 61%,Pattern still forming (not broken out),3-4 years,Medium-High,"yfinance, screener.in",100,190,,2026-06-20,2026-06-01,19,1.1,3,-3.0
SILVERTUC,Silver Touch Technologies Limited,Technology,Information Technology Services,2521.0,Small-Cap,MonthlyDoubleBottom,Forming,0.354,13,Sep 13mo | Mid rally 37% | Asymmetry 2%,,Sideways,False,True,Below-MAs,True,Downtrend,0,Uptrend,Uptrend,208.71,844.59,609.96,579.46,152.47,1079.22,358.13,233.68,417.1,127.4,70.49,,17.37,1.32,43.13,3.0,-20.63,,0,none,23.6,28.9,4.77,18.0,2.6,10.45,11.89,20.14,28.26,17.88,63.64,53.26,104.77,43.4,0.15,highly inconsistent earnings,0.2,,1.95,,7.3,0.29,74.62,0.01,,1.14,0.39,0.0,-0.04,1117.45,100.5,81.3,107.7,-68.77,414.48,0.65,0.47,7,40.0,9.75,3.0,0.0,52.8,WATCH ⭐⭐,Expected ~127% CAGR (2yr) | Revenue CAGR 28% | Profit CAGR 53% | ROE 24% | ROCE 29% | ROCE trend rising ↑,High PE 70 | Pattern still forming (not broken out),3-4 years,Medium-High,"yfinance, screener.in",100,103,,2026-06-20,2026-06-01,19,42.9,3,0.0
AUTOAXLES,Automotive Axles Limited,Consumer Cyclical,Auto Parts,2552.0,Small-Cap,MonthlyDoubleBottom,Forming,0.767,36,Sep 36mo | Mid rally 81% | Asymmetry 5%,MonthlyCupHandle+MonthlyDoubleBottom,Sideways,False,False,Below-MAs,True,Stage2,3,Uptrend,Uptrend,1689.0,498.28,268.83,1435.65,5569.18,6532.65,7662.8,6532.65,286.8,96.7,15.53,12.68,2.32,0.9,9.14,189.0,26.69,2132.0,1,none,15.8,,,10.12,,7.55,8.74,18.7,,,17.3,,,17.3,0.5,insufficient history,0.01,,2.96,,66.67,2.61,71.04,0.0,,0.83,0.15,15.15,0.58,2115.0,1540.2,20.1,9.7,-3.99,-36.8,0.35,0.5,5,25.0,16.7,10.0,1.0,52.7,WATCH ⭐⭐,Expected ~97% CAGR (2yr) | Revenue CAGR 19% | Nearly debt-free | Promoter 71% holding | Piotroski F=5 (above average quality) | DII buying +0.6% ↑,Pattern still forming (not broken out),3-4 years,Medium-High,"yfinance, screener.in",70,288,,2026-06-20,2026-06-01,19,-0.2,3,2.0
ADVENZYMES,Advanced Enzyme Technologies Limited,Basic Materials,Specialty Chemicals,4131.0,Small-Cap,MonthlyDoubleBottom,Forming,1.0,37,Sep 37mo | Mid rally 124% | Asymmetry 3%,MonthlyDoubleBottom+MonthlyStage2,Uptrend,True,False,Tight-Above-MAs,True,Stage2,1,Uptrend,Uptrend,368.95,561.16,246.81,313.61,385.9,875.51,543.82,458.1,137.3,54.0,24.51,20.05,2.53,1.31,15.34,141.0,73.25,370.0,1,none,10.5,13.9,-1.31,31.0,-2.63,22.62,6.83,17.11,11.3,8.24,29.85,18.71,2.88,62.2,0.15,highly inconsistent earnings,0.02,,9.78,,60.88,1.47,43.26,0.22,,25.5,-0.35,5.41,-0.1,419.0,251.95,11.9,46.4,10.2,-3.51,0.25,0.68,5,17.0,28.5,3.0,4.0,52.5,WATCH ⭐⭐,Expected ~54% CAGR (2yr) | Nearly debt-free | OPM 31% | Margin compressing ↓ ⚠️ | Piotroski F=5 (above average quality) | Dividend growing 73%/yr,Margin compression ↓ | Pattern still forming (not broken out),3-4 years,Medium-High,"yfinance, screener.in",100,119,,2026-06-20,2026-06-01,19,-4.5,3,-4.5
ADFFOODS,ADF Foods Limited,Consumer Defensive,Packaged Foods,3111.0,Small-Cap,MonthlyStage2,Stage Change,1.0,24,10-EMA=235 | 30-EMA=224 | Above by 26.4% | MA turning=Yes,MonthlyDoubleBottom+MonthlyStage2,Uptrend,True,False,Uptrend,True,Stage2,15,Uptrend,Uptrend,283.2,224.01,167.18,240.72,417.41,488.91,572.66,488.91,72.6,31.4,34.62,,5.44,2.02,23.55,42.0,14.47,266.0,1,none,17.8,22.8,-0.66,19.0,0.29,13.16,9.9,15.76,14.92,13.04,30.43,17.13,12.47,57.6,0.15,highly inconsistent earnings,0.1,,3.84,,-30.62,-0.98,36.14,0.0,,11.55,0.24,23.21,0.1,301.65,153.1,6.1,85.0,20.55,13.98,0.63,0.54,5,17.0,26.5,3.0,6.0,52.5,WATCH ⭐⭐,Expected ~31% CAGR (2yr) | ROCE 23% | Nearly debt-free | Piotroski F=5 (above average quality) | Dividend growing 14%/yr | EV/EBITDA 24× vs sector 30×,None identified,3-4 years,Medium-High,"yfinance, screener.in",100,190,,2026-06-20,2026-06-01,19,5.2,3,-1.0
INDIAGLYCO,India Glycols Limited,Basic Materials,Chemicals,6613.0,Small-Cap,MonthlyDoubleBottom,Forming,1.0,41,Sep 41mo | Mid rally 459% | Asymmetry 8%,,Uptrend,True,False,Uptrend,True,Stage2,1,Uptrend,Uptrend,998.2,216.52,37.22,848.47,1282.22,1636.24,2088.0,1636.24,63.9,28.0,21.46,,2.25,0.78,12.71,127.0,25.99,,0,none,11.3,12.4,0.63,15.0,0.74,6.95,4.86,11.76,16.68,12.69,26.84,27.61,17.29,35.7,0.15,highly inconsistent earnings,0.58,,0.74,,-315.34,-4.77,59.63,0.0,,2.27,-0.15,5.19,-0.03,1222.0,792.5,18.3,26.0,5.88,213.67,0.49,0.25,5,18.0,26.5,6.0,2.0,52.5,WATCH ⭐⭐,Expected ~28% CAGR (2yr) | Revenue CAGR 17% | Profit CAGR 28% | ROCE trend rising ↑ | Promoter 60% holding | Piotroski F=5 (above average quality),Pattern still forming (not broken out),3-4 years,Medium-High,"yfinance, screener.in",100,286,,2026-06-20,2026-06-01,19,0.0,3,0.0
NESCO,Nesco Limited,Industrials,Conglomerates,7679.0,Small-Cap,MonthlyStage2,Stage Change,1.0,24,10-EMA=1182 | 30-EMA=1046 | Above by 20.3% | MA turning=Yes,MonthlyDoubleBottom+MonthlyStage2,Sideways-Above-MA,True,False,Constructive,True,Stage2,4,Uptrend,Uptrend,1258.6,1045.86,865.55,1069.81,2373.37,2667.19,2997.39,2667.19,111.9,45.6,18.59,15.98,2.56,1.5,13.43,64.0,29.4,1316.0,1,none,14.7,18.3,0.8,53.0,-2.11,40.01,10.08,27.32,19.51,26.21,10.13,12.38,19.15,5.0,0.15,highly inconsistent earnings,0.09,,0.83,,68.46,0.89,68.54,0.0,,4.63,-0.02,3.84,0.06,1638.9,981.4,23.2,28.2,16.34,80.31,0.36,0.49,5,23.0,22.5,5.0,2.0,52.5,WATCH ⭐⭐,Expected ~46% CAGR (2yr) | Revenue CAGR 20% | ROCE trend rising ↑ | Nearly debt-free | Promoter 69% holding | OPM 53%,Margin compression ↓,3-4 years,Medium-High,"yfinance, screener.in",100,218,,2026-06-20,2026-06-01,19,0.0,3,0.0
EIMCOELECO,Eimco Elecon (India) Limited,Industrials,Farm & Heavy Construction Machinery,889.0,Small-Cap,MonthlyDoubleBottom,Forming,1.0,40,Sep 40mo | Mid rally 251% | Asymmetry 5%,,Sideways,False,False,Below-MAs,False,Stage2,4,Uptrend,Uptrend,1540.5,592.92,164.95,1309.42,3687.15,5622.17,8572.68,5622.17,265.0,91.0,22.93,16.22,1.9,0.44,20.45,26.0,-7.17,1968.0,1,none,10.4,13.2,0.8,18.0,1.4,16.78,4.22,31.79,21.86,4.27,95.0,52.48,11.14,-57.2,0.15,highly inconsistent earnings,0.01,,4.33,,-39.24,-4.42,48.96,0.0,,3.1,-0.29,1.05,0.05,3019.9,1405.5,49.0,9.6,-27.07,81.6,0.15,0.12,6,25.0,19.5,8.0,0.0,52.5,WATCH ⭐⭐,Expected ~91% CAGR (2yr) | Revenue CAGR 22% | Profit CAGR 52% | ROCE trend rising ↑ | Nearly debt-free | Piotroski F=6 (above average quality),Pattern still forming (not broken out),3-4 years,Medium-High,"yfinance, screener.in",100,288,,2026-06-20,2026-06-01,19,-3.1,3,2.0
SBCL,Shivalik Bimetal Controls Limited,Industrials,Metal Fabrication,4006.0,Small-Cap,MonthlyStage2,Stage Change,1.0,24,10-EMA=561 | 30-EMA=512 | Above by 40.6% | MA turning=Yes,MonthlyDoubleBottom+MonthlyStage2,Uptrend,True,False,Tight-Above-MAs,True,Stage2,4,Uptrend,Uptrend,720.3,512.38,387.85,612.25,520.81,636.91,593.05,555.76,,,41.85,27.82,8.29,6.24,30.27,58.0,18.56,777.0,1,none,21.8,26.8,-0.43,23.0,0.4,16.79,12.78,12.4,6.7,22.86,24.68,6.71,30.88,23.7,0.15,highly inconsistent earnings,0.15,,3.47,,-2.47,-0.06,33.36,0.18,,1.73,-0.86,20.0,0.29,789.0,368.6,8.7,95.4,41.2,-15.55,1.11,0.56,4,17.0,28.5,-1.0,8.0,52.5,WATCH ⭐⭐,ROE 22% | ROCE 27% | Low D/E 0.15 | Dividend growing 19%/yr | MonthlyStage2 forming (24mo base) | Weekly uptrend,None identified,3-4 years,Medium-High,"yfinance, screener.in",100,61,,2026-06-20,2026-06-01,19,13.8,3,4.0
HESTERBIO,HESTER BIOSCIENCES LTD,Healthcare,Drug Manufacturers - Specialty & Generic,0.0,Micro-Cap,MonthlyDoubleBottom,Forming,1.0,12,Sep 12mo | Mid rally 166% | Asymmetry 4%,MonthlyDoubleBottom+MonthlyStage2,Uptrend,True,False,Tight-Above-MAs,True,Stage2,5,Uptrend,Uptrend,1952.9,3359.21,1238.65,1659.97,4142.32,5479.77,6653.82,5249.98,180.6,67.5,28.9,,4.61,1.08,21.43,36.0,-11.21,,0,none,15.9,15.2,-0.77,26.0,-1.4,16.73,6.36,7.07,7.78,9.25,96.55,26.74,10.25,1138.0,0.15,highly inconsistent earnings,0.53,,1.37,,36.05,,53.73,0.0,,0.38,-0.14,0.0,-0.01,2350.0,1239.3,16.9,57.6,5.16,-3.96,0.34,0.5,3,17.0,27.5,6.0,2.0,52.5,WATCH ⭐⭐,Expected ~68% CAGR (2yr) | Profit CAGR 27% | Promoter 54% holding | OPM 26% | Margin compressing ↓ ⚠️ | PEG 1.08 — fair value,Margin compression ↓ | Pattern still forming (not broken out),3-4 years,Medium-High,"yfinance, screener.in",100,136,,2026-06-20,2026-06-01,19,8.7,3,5.0
INDIAMART,IndiaMART InterMESH Limited,Communication Services,Internet Content & Information,12126.0,Mid-Cap,MonthlyDoubleBottom,Forming,0.735,33,Sep 33mo | Mid rally 78% | Asymmetry 5%,,Downtrend,False,False,Below-MAs,False,Downtrend,0,Uptrend,Uptrend,1982.6,3241.48,1779.33,1690.36,2760.43,4703.63,3889.36,3276.63,137.2,54.0,25.58,19.56,5.05,1.37,17.32,149.0,268.4,2332.11,18,none,20.7,28.0,-0.4,30.0,-3.11,30.25,7.16,13.04,16.79,18.55,-13.79,18.7,11.15,-72.2,0.15,highly inconsistent earnings,0.01,,2.34,,503.42,4.15,49.12,0.0,,19.17,0.89,13.54,-2.87,2799.0,1911.0,29.2,3.7,-14.37,-50.22,0.5,0.23,5,32.0,12.32,8.0,0.0,52.3,WATCH ⭐⭐,Expected ~54% CAGR (2yr) | Revenue CAGR 17% | ROE 21% | ROCE 28% | Nearly debt-free | OPM 30%,Margin compression ↓ | Earnings due 2026-07-17 | Pattern still forming (not broken out),3-4 years,Medium-High,"yfinance, screener.in",100,83,2026-07-17,2026-06-20,2026-06-01,19,0.0,3,0.0
TCS,Tata Consultancy Services Limited,Technology,Information Technology Services,782013.0,Large-Cap,MonthlyDoubleBottom,Forming,0.538,30,Sep 30mo | Mid rally 54% | Asymmetry 1%,,Downtrend,False,False,Below-MAs,False,Downtrend,0,Uptrend,Uptrend,2327.1,4348.04,2804.96,2664.71,4266.4,5891.12,4734.22,4494.23,153.2,59.1,15.9,13.07,7.29,2.98,10.66,574.0,-9.06,2939.58,43,buy,51.8,63.0,3.09,27.0,-0.29,18.43,24.44,4.58,5.8,10.22,1.35,5.34,8.72,12.2,0.4,lumpy earner,0.1,,2.23,,37059.75,4.74,71.77,0.0,,9.66,-0.71,13.34,0.53,3538.0,2110.0,34.2,10.3,-22.74,-46.09,0.83,0.23,5,35.0,9.96,7.0,0.0,52.0,WATCH ⭐⭐,Expected ~59% CAGR (2yr) | ROE 52% | ROCE 63% | ROCE trend rising ↑ | Low D/E 0.10 | Promoter 72% holding,Earnings due 2026-07-09 | Pattern still forming (not broken out),3-4 years,Medium-High,"yfinance, screener.in",100,286,2026-07-09,2026-06-20,2026-06-01,19,0.0,3,0.0
WINDLAS,Windlas Biotech Limited,Healthcare,Drug Manufacturers - Specialty & Generic,1701.0,Small-Cap,MonthlyAscTriangle,Forming,1.0,3,3 resistance tests | Support rise 238% | Resistance flat 8.2%,MonthlyAscTriangle+MonthlyDoubleBottom+MonthlyStage2,Sideways,False,False,Below-MAs,True,Stage2,5,Uptrend,Uptrend,767.4,1132.84,195.75,652.29,1427.99,2069.93,1900.03,1647.19,169.7,64.2,26.45,,3.24,1.72,14.37,70.0,18.34,,0,none,12.2,15.9,-0.14,12.0,-0.06,7.35,5.55,18.95,20.79,16.13,8.2,15.35,32.77,-1.8,0.15,highly inconsistent earnings,0.06,,1.95,,20.85,1.23,63.31,1.41,,0.99,0.39,10.2,-1.6,1097.9,697.4,30.1,10.0,-5.59,140.0,0.5,0.27,5,27.0,18.0,6.0,1.0,52.0,WATCH ⭐⭐,Expected ~64% CAGR (2yr) | Revenue CAGR 21% | Nearly debt-free | Promoter 63% holding | Promoters buying ↑ | Piotroski F=5 (above average quality),Pattern still forming (not broken out),3-4 years,Medium-High,"yfinance, screener.in",100,58,,2026-06-20,2026-06-01,19,0.0,3,0.0
ZFCVINDIA,ZF Commercial Vehicle Control Systems India Limited,Consumer Cyclical,Auto Parts,27909.0,Mid-Cap,MonthlyDoubleBottom,Forming,0.788,47,Sep 47mo | Mid rally 79% | Asymmetry 0%,MonthlyDoubleBottom+MonthlyStage2,Uptrend,True,False,Tight-Above-MAs,True,Stage2,3,Uptrend,Uptrend,14325.0,8444.59,4718.94,12176.25,13647.81,16911.98,18871.38,16048.46,18.1,8.7,54.05,36.15,7.56,3.07,,3.0,16.55,18207.25,4,none,15.2,20.3,0.2,16.0,1.4,12.55,7.96,7.52,6.15,,12.15,17.59,,46.1,0.15,highly inconsistent earnings,,,5.3,,564.08,2.02,60.0,0.0,,5.79,0.42,26.21,-0.47,16665.0,12302.0,14.0,16.4,14.84,-4.51,0.64,-0.06,6,19.0,25.96,3.0,4.0,52.0,WATCH ⭐⭐,Expected ~9% CAGR (2yr) | ROCE 20% | ROCE trend rising ↑ | Promoter 60% holding | Piotroski F=6 (above average quality) | Dividend growing 17%/yr,High PE 54 | Pattern still forming (not broken out),3-4 years,Medium-High,"yfinance, screener.in",90,286,,2026-06-20,2026-06-01,19,0.0,3,0.0
ESCORTS,Escorts Kubota Limited,Industrials,Farm & Heavy Construction Machinery,30383.0,Large-Cap,MonthlyDoubleBottom,Forming,0.875,14,Sep 14mo | Mid rally 88% | Asymmetry 0%,,Downtrend,False,False,Below-MAs,False,Stage2,4,Uptrend,Uptrend,2761.4,976.3,520.15,2347.19,6955.18,7857.25,16813.47,10813.91,184.5,68.7,22.22,19.42,2.46,0.4,15.77,120.0,37.0,3422.25,16,hold,11.9,15.7,-1.8,13.0,-0.51,20.75,5.37,12.65,11.04,10.47,89.25,55.48,22.38,0.7,0.15,highly inconsistent earnings,0.01,,3.26,,1400.26,4.61,68.04,0.0,,5.71,0.46,11.66,-0.54,4180.0,2700.0,33.9,2.3,-12.31,-8.86,0.46,0.32,5,25.0,14.0,13.0,0.0,52.0,WATCH ⭐⭐,Expected ~69% CAGR (2yr) | Profit CAGR 55% | Nearly debt-free | Promoter 68% holding | Margin compressing ↓ ⚠️ | FCF yield 4.6%,Margin compression ↓ | Earnings due 2026-08-03 | Pattern still forming (not broken out),3-4 years,Medium-High,"yfinance, screener.in",100,366,2026-08-03,2026-06-20,2026-06-01,19,-4.5,3,1.0
PITTIENG,Pitti Engineering Limited,Industrials,Metal Fabrication,3666.0,Small-Cap,MonthlyDoubleBottom,Forming,1.0,23,Sep 23mo | Mid rally 133% | Asymmetry 9%,MonthlyCupHandle+MonthlyDoubleBottom+MonthlyStage2,Sideways-Above-MA,True,True,Constructive,True,Stage2,4,Uptrend,Uptrend,921.65,1510.04,621.3,783.4,1337.86,2398.78,2123.64,1685.56,160.3,61.3,31.25,17.61,3.71,1.2,12.17,15.0,6.27,1129.0,2,none,12.5,14.8,-0.7,16.0,0.34,6.16,7.58,12.2,20.26,29.86,-3.28,25.99,32.4,-26.4,0.15,highly inconsistent earnings,0.82,,1.4,,-25.93,-0.71,54.17,0.0,,1.12,0.19,20.23,0.0,1044.4,675.0,11.8,36.5,-1.28,128.8,0.57,0.26,4,18.0,22.0,8.0,4.0,52.0,WATCH ⭐⭐,Expected ~61% CAGR (2yr) | Revenue CAGR 20% | Profit CAGR 26% | Promoter 54% holding | PEG 1.20 — fair value | EV/EBITDA 12× below sector (18×),Pattern still forming (not broken out),3-4 years,Medium-High,"yfinance, screener.in",100,232,,2026-06-20,2026-06-01,19,0.0,3,2.0
DOMS,DOMS Industries Limited,Industrials,Business Equipment & Supplies,13904.0,Mid-Cap,MonthlyDoubleBottom,Forming,0.456,14,Sep 14mo | Mid rally 49% | Asymmetry 3%,MonthlyDoubleBottom+MonthlyStage2,Sideways,False,False,Below-MAs,False,Stage2,4,Uptrend,Uptrend,2291.0,3060.88,2023.9,1947.35,1804.01,4097.86,3170.52,2391.58,78.9,33.7,60.61,41.45,11.4,1.86,34.93,14.0,26.0,2791.82,11,none,20.7,24.3,4.94,17.0,2.2,9.89,12.16,21.59,24.27,41.99,12.15,32.57,44.57,17.1,0.15,highly inconsistent earnings,0.11,,2.17,,-86.9,-0.63,70.38,0.0,,7.62,-0.76,19.14,0.86,2770.0,2023.9,17.3,13.2,2.54,,0.7,-0.31,6,35.0,11.97,3.0,2.0,52.0,WATCH ⭐⭐,Expected ~34% CAGR (2yr) | Revenue CAGR 24% | Profit CAGR 33% | ROE 21% | ROCE 24% | ROCE trend rising ↑,High PE 61 | Pattern still forming (not broken out),3-4 years,Medium-High,"yfinance, screener.in",100,31,,2026-06-20,2026-06-01,19,-1.7,3,3.0
ALKEM,Alkem Laboratories Limited,Healthcare,Drug Manufacturers - Specialty & Generic,63346.0,Large-Cap,MonthlyDoubleBottom,Forming,0.452,24,Sep 24mo | Mid rally 52% | Asymmetry 7%,,Downtrend,False,True,Below-MAs,False,Stage2,5,Uptrend,Uptrend,5298.0,2269.93,1443.69,4503.3,13095.91,12806.4,23047.07,17373.04,141.7,55.5,27.55,23.4,4.59,0.84,20.28,100.0,-4.9,5956.45,20,buy,18.9,21.2,0.2,20.0,-0.17,15.65,8.5,13.47,8.25,10.66,6.14,32.66,7.76,-22.7,0.15,highly inconsistent earnings,0.14,,2.55,,1374.31,2.17,51.2,0.0,,10.15,0.18,21.39,-0.15,5933.5,4716.2,10.7,12.3,10.95,17.27,0.56,0.27,5,29.0,9.92,9.0,4.0,51.9,WATCH ⭐⭐,Expected ~56% CAGR (2yr) | Profit CAGR 33% | ROCE 21% | ROCE trend rising ↑ | Low D/E 0.14 | Promoter 51% holding,Earnings due 2026-08-12 | Pattern still forming (not broken out),3-4 years,Medium-High,"yfinance, screener.in",100,127,2026-08-12,2026-06-20,2026-06-01,19,-3.1,3,-5.0
SIGMA,Sigma Solve Limited,Technology,Information Technology Services,418.0,Micro-Cap,MonthlyDoubleBottom,Forming,0.616,13,Sep 13mo | Mid rally 71% | Asymmetry 9%,,Downtrend,False,False,Below-MAs,False,Downtrend,0,Uptrend,Uptrend,40.8,307.38,171.56,162.98,76.98,443.2,93.25,84.72,986.3,229.6,17.52,,6.7,1.74,14.55,12.0,35.72,,0,none,37.8,48.3,0.66,30.0,-1.14,24.97,22.7,26.32,19.68,35.52,26.32,10.06,36.85,-21.4,0.15,highly inconsistent earnings,0.03,,5.24,,17.02,4.08,73.21,-0.01,,0.0,-0.03,,,65.5,35.46,37.7,15.1,12.1,-110.76,0.2,0.1,6,35.0,9.89,5.0,2.0,51.9,WATCH ⭐⭐,Expected ~230% CAGR (2yr) | Revenue CAGR 20% | ROE 38% | ROCE 48% | ROCE trend rising ↑ | Nearly debt-free,Margin compression ↓ | Pattern still forming (not broken out),3-4 years,Medium-High,"yfinance, screener.in",100,68,,2026-06-20,2026-06-01,19,-0.8,3,0.0
SONACOMS,Sona BLW Precision Forgings Limited,Consumer Cyclical,Auto Parts,36889.0,Large-Cap,MonthlyDoubleBottom,Forming,0.95,28,Sep 28mo | Mid rally 98% | Asymmetry 3%,MonthlyCupHandle+MonthlyDoubleBottom+MonthlyStage2,Uptrend,True,False,Tight-Above-MAs,True,Stage2,3,Uptrend,Uptrend,599.5,761.17,377.51,509.57,528.61,1144.83,720.9,617.31,91.0,38.2,57.47,38.12,6.45,3.42,33.83,61.0,-17.12,619.14,14,none,11.8,14.8,-1.14,24.0,-0.43,14.39,7.08,25.47,18.47,23.22,4.83,16.78,23.95,16.9,0.15,highly inconsistent earnings,0.07,,3.4,,-702.56,-1.9,28.01,-0.01,,23.7,-0.19,41.46,0.72,621.8,402.3,3.6,49.0,38.86,-12.89,0.26,0.38,4,13.0,27.9,1.0,10.0,51.9,WATCH ⭐⭐,Expected ~38% CAGR (2yr) | Revenue CAGR 18% | Nearly debt-free | DII buying +0.7% ↑ | MonthlyDoubleBottom forming (28mo base) | Weekly uptrend,High PE 57 | Earnings due 2026-04-30 | Pattern still forming (not broken out),3-4 years,Medium-High,"yfinance, screener.in",100,61,2026-04-30,2026-06-20,2026-06-01,19,3.4,3,4.0
VSSL,Vardhman Special Steels Limited,Basic Materials,Steel,2670.0,Small-Cap,MonthlyStage2,Stage Change,0.946,24,10-EMA=263 | 30-EMA=245 | Above by 14.2% | MA turning=Yes,MonthlyDoubleBottom+MonthlyStage2,Sideways-Above-MA,True,False,Constructive,True,Stage2,1,Uptrend,Uptrend,279.7,244.95,197.72,237.74,418.5,610.17,889.63,610.17,118.2,47.7,21.05,12.38,2.19,0.46,12.19,109.0,19.68,,0,none,12.1,16.5,,8.0,-1.0,6.96,7.94,6.2,,,1.09,,,72.2,0.5,insufficient history,0.07,,2.9,,-167.91,-6.29,51.06,-0.04,,0.55,0.01,3.34,0.04,324.0,206.4,13.7,35.5,15.65,29.78,0.31,0.42,3,18.0,21.85,8.0,4.0,51.8,WATCH ⭐⭐,Expected ~48% CAGR (2yr) | Profit CAGR 46% | Nearly debt-free | Promoter 51% holding | Margin compressing ↓ ⚠️ | Dividend growing 20%/yr,Margin compression ↓,3-4 years,Medium-High,"yfinance, screener.in",80,169,,2026-06-20,2026-06-01,19,0.0,3,1.0
ABDL,ALLIED BLEND N DISTILS L,Consumer Defensive,Beverages - Wineries & Distilleries,18026.0,Mid-Cap,MonthlyDoubleBottom,Forming,0.485,6,Sep 6mo | Mid rally 55% | Asymmetry 6%,,Uptrend,True,False,Uptrend,True,Stage2,15,Uptrend,Uptrend,644.45,440.72,276.69,547.78,2939.52,8729.3,67484.16,14084.44,1254.5,268.0,78.78,40.61,10.88,0.21,35.24,84.0,,696.6,10,strong_buy,14.4,18.4,1.97,14.0,1.31,5.82,7.52,11.45,7.62,10.81,12.82,379.14,136.08,-47.9,0.15,highly inconsistent earnings,0.68,,1.34,,-65.86,-0.37,80.91,0.0,,3.23,-0.13,4.82,0.21,696.8,382.1,7.5,68.7,29.75,,0.7,,4,18.0,18.82,9.0,6.0,51.8,WATCH ⭐⭐,Expected ~268% CAGR (2yr) | Profit CAGR 379% | ROCE trend rising ↑ | Promoter 81% holding | PEG 0.21 — deeply undervalued | MonthlyDoubleBottom forming (6mo base),High PE 79 | Pattern still forming (not broken out),3-4 years,Medium-High,"yfinance, screener.in",100,24,,2026-06-20,2026-06-15,5,0.0,1,1.0
NAZARA,Nazara Technologies Limited,Communication Services,Electronic Gaming & Multimedia,10590.0,Mid-Cap,MonthlyStage2,Stage Change,1.0,24,10-EMA=270 | 30-EMA=250 | Above by 17.8% | MA turning=Yes,MonthlyDoubleBottom+MonthlyStage2,Sideways-Above-MA,True,False,Constructive,True,Downtrend,0,Uptrend,Uptrend,294.95,250.43,217.27,250.71,929.55,733.39,1132.13,1025.85,148.6,57.7,10.51,38.63,3.04,1.01,47.47,0.0,,294.7,10,none,30.5,27.2,3.11,-2.0,-2.17,5.24,0.34,12.62,18.79,32.14,60.78,10.36,42.41,79471.4,0.15,highly inconsistent earnings,0.06,,2.05,,157.85,1.49,35.45,0.0,,13.3,1.32,2.16,-1.46,363.25,215.7,18.8,36.7,-1.43,40.11,1.27,0.09,6,25.0,21.5,4.0,1.0,51.5,WATCH ⭐⭐,Expected ~58% CAGR (2yr) | Revenue CAGR 19% | ROE 30% | ROCE 27% | ROCE trend rising ↑ | Nearly debt-free,Margin compression ↓,3-4 years,Medium-High,"yfinance, screener.in",100,63,,2026-06-20,2026-06-01,19,0.0,3,-2.0
BLISSGVS,Bliss GVS Pharma Limited,Healthcare,Drug Manufacturers - Specialty & Generic,4644.0,Small-Cap,MonthlyDoubleBottom,Forming,1.0,31,Sep 31mo | Mid rally 217% | Asymmetry 10%,,Uptrend,True,True,Tight-Above-MAs,True,Stage2,5,Uptrend,Uptrend,437.85,215.02,64.6,372.17,655.33,790.19,952.82,790.19,80.5,34.3,36.49,,4.08,1.77,33.8,23.0,0.0,,0,none,11.6,16.8,0.6,18.0,0.11,12.57,,14.44,7.22,9.95,50.0,20.58,12.78,128.9,0.15,highly inconsistent earnings,0.02,,,,,,35.36,0.0,,10.45,-4.09,5.04,-0.74,462.8,118.0,5.4,271.1,154.27,326.96,0.34,1.17,2,14.0,28.5,1.0,8.0,51.5,WATCH ⭐⭐,Expected ~34% CAGR (2yr) | Profit CAGR 21% | ROCE trend rising ↑ | Nearly debt-free | MonthlyDoubleBottom forming (31mo base) | Weekly uptrend,Pattern still forming (not broken out),3-4 years,Medium-High,"yfinance, screener.in",80,192,,2026-06-20,2026-06-01,19,54.8,3,-1.0
LINCOLN,Lincoln Pharmaceuticals Limited,Healthcare,Drug Manufacturers - Specialty & Generic,1274.0,Small-Cap,MonthlyStage2,Stage Change,1.0,24,10-EMA=592 | 30-EMA=559 | Above by 27.2% | MA turning=Yes,MonthlyCupHandle+MonthlyDoubleBottom+MonthlyStage2,Uptrend,True,True,Tight-Above-MAs,True,Stage2,5,Uptrend,Uptrend,710.35,558.63,456.45,603.8,1993.47,2121.65,2258.08,2121.65,198.7,72.8,14.49,,1.78,2.25,7.91,28.0,6.27,,0,none,12.3,16.3,-1.89,15.0,-1.23,12.48,8.64,7.7,9.58,9.62,7.32,6.43,7.26,0.5,0.15,highly inconsistent earnings,0.01,,5.25,,23.5,1.84,49.78,0.0,,5.2,0.5,1.08,1.07,770.0,440.0,7.7,61.4,33.68,54.55,0.77,,4,12.0,28.5,4.0,7.0,51.5,WATCH ⭐⭐,Expected ~73% CAGR (2yr) | Nearly debt-free | Margin compressing ↓ ⚠️ | DII buying +1.1% ↑ | EV/EBITDA 8× below sector (22×) | MonthlyStage2 forming (24mo base),Margin compression ↓,3-4 years,Medium-High,"yfinance, screener.in",100,126,,2026-06-20,2026-06-01,19,0.0,3,3.0
TITAN,Titan Company Limited,Consumer Cyclical,Luxury Goods,371140.0,Large-Cap,MonthlyDoubleBottom,Breakout Ready,0.906,17,Sep 17mo | Mid rally 92% | Asymmetry 1%,,Sideways-Above-MA,True,False,Constructive,False,Stage2,3,Uptrend,Uptrend,4102.0,1363.41,707.14,3486.7,2787.22,3939.7,3732.4,3225.37,,,72.99,48.84,23.66,4.64,47.62,26.0,13.62,5011.19,37,buy,37.7,25.8,1.63,10.0,-0.03,5.79,9.3,44.87,29.24,32.26,52.02,15.72,39.1,35.4,0.15,highly inconsistent earnings,1.95,,1.28,,-6509.88,-1.75,52.9,0.0,,15.65,0.1,14.84,0.01,4605.0,3303.1,10.9,24.2,19.21,13.17,1.2,0.23,4,23.0,23.37,1.0,4.0,51.4,WATCH ⭐⭐,Revenue CAGR 29% | ROE 38% | ROCE 26% | ROCE trend rising ↑ | Promoter 53% holding | Dividend growing 14%/yr,High D/E 1.9 | High PE 73 | Earnings due 2026-08-06,3-4 years,Medium-High,"yfinance, screener.in",100,365,2026-08-06,2026-06-20,2026-06-01,19,0.0,3,0.0
VARDHACRLC,Vardhman Acrylics Limited,Consumer Cyclical,Textile Manufacturing,358.0,Micro-Cap,MonthlyDoubleBottom,Forming,0.821,24,Sep 24mo | Mid rally 85% | Asymmetry 2%,MonthlyDoubleBottom+MonthlyStage2,Sideways-Above-MA,True,True,Constructive,True,Stage2,3,Uptrend,Uptrend,44.28,70.01,37.49,37.64,1640.68,13305.93,107911.07,13305.93,29949.5,1633.5,13.13,,1.56,0.02,10.32,337.0,45.0,,0,none,11.06,,,11.2,,8.55,2.49,15.8,,,711.0,,,694.8,0.5,insufficient history,,,3.5,,-4.82,-1.35,74.97,0.0,,0.02,0.0,,,54.25,27.01,18.4,63.9,1.79,-31.54,2.54,0.34,4,17.0,20.35,12.0,2.0,51.4,WATCH ⭐⭐,Expected ~1634% CAGR (2yr) | Revenue CAGR 16% | Profit CAGR 711% | Promoter 75% holding | Dividend growing 45%/yr | PEG 0.02 — deeply undervalued,Pattern still forming (not broken out),3-4 years,Medium-High,"yfinance, screener.in",60,273,,2026-06-20,2026-06-15,5,0.0,1,0.0
GRSE,Garden Reach Shipbuilders & Engineers Limited,Industrials,Aerospace & Defense,30341.0,Large-Cap,MonthlyCupHandle,Forming,0.695,23,Cup 23mo | Depth 47% | Prior gain 124% | R²=0.96,,Sideways-Above-MA,True,False,Constructive,False,Stage2,4,Uptrend,Uptrend,2648.7,3226.54,1708.53,2251.39,2688.53,4744.55,4147.23,3339.16,79.1,33.8,44.05,31.53,11.55,1.82,33.94,101.0,4.87,3146.0,6,buy,31.79,,,16.15,,10.68,4.45,29.1,,,24.2,,,24.1,0.5,insufficient history,0.01,,1.23,,-291.49,-0.96,74.5,0.0,,3.51,0.55,1.69,0.05,3538.4,1963.7,25.1,34.9,6.75,317.52,0.23,0.67,2,29.0,18.34,3.0,1.0,51.3,WATCH ⭐⭐,Expected ~34% CAGR (2yr) | Revenue CAGR 29% | Profit CAGR 24% | ROE 32% | Nearly debt-free | Promoter 74% holding,Pattern still forming (not broken out),3-4 years,Medium-High,"yfinance, screener.in",70,93,,2026-06-20,2026-06-01,19,-0.4,3,-3.1
SPECTRUM,SPECTRUM ELECTRIC IND LTD,Industrials,Electrical Equipment & Parts,2512.0,Small-Cap,MonthlyDoubleBottom,Forming,0.685,7,Sep 7mo | Mid rally 69% | Asymmetry 1%,MonthlyDoubleBottom+MonthlyStage2,Sideways-Above-MA,True,True,Constructive,True,Stage2,4,Uptrend,Uptrend,1438.3,2400.0,1413.0,1342.35,1444.33,3387.0,4500.43,2549.53,135.5,53.5,63.28,,10.26,0.83,34.17,0.0,,,0,none,20.4,16.8,1.4,15.0,0.77,8.45,7.59,30.85,27.63,28.35,76.0,76.52,48.96,95.5,0.15,highly inconsistent earnings,1.02,,1.34,,-82.7,-3.29,72.72,0.0,,4.94,0.28,0.34,0.0,1823.0,1050.0,21.1,37.0,-5.4,82.58,2.6,0.25,5,27.0,17.22,5.0,2.0,51.2,WATCH ⭐⭐,Expected ~54% CAGR (2yr) | Revenue CAGR 28% | Profit CAGR 77% | ROE 20% | ROCE trend rising ↑ | Promoter 73% holding,High D/E 1.0 | High PE 63 | Pattern still forming (not broken out),3-4 years,Medium-High,"yfinance, screener.in",100,92,,2026-06-20,2026-06-01,19,0.0,3,1.0
KAPSTON,Kapston Services Limited,Industrials,Specialty Business Services,1032.0,Small-Cap,MonthlyDoubleBottom,Forming,0.622,14,Sep 14mo | Mid rally 72% | Asymmetry 9%,,Uptrend,True,False,Tight-Above-MAs,True,Stage2,4,Uptrend,Uptrend,325.05,65.23,36.33,276.29,396.11,492.76,613.0,492.76,51.6,23.1,36.75,,8.87,1.51,27.45,0.0,,,0,none,27.4,14.9,2.0,5.0,0.5,3.39,7.7,20.46,,,55.56,,,24.3,1.0,steady compounder (low CV),1.58,,1.43,,-17.41,-1.69,72.87,0.0,,,,,,433.5,227.0,25.0,43.2,43.92,332.06,0.43,0.17,5,20.0,22.96,1.0,7.0,51.0,WATCH ⭐⭐,Expected ~23% CAGR (2yr) | Revenue CAGR 17% | Profit CAGR 24% | ROE 27% | ROCE trend rising ↑ | Promoter 73% holding,High D/E 1.6 | Pattern still forming (not broken out),3-4 years,Medium-High,"yfinance, screener.in",80,98,,2026-06-20,2026-06-01,19,0.0,3,-8.0
DIXON,Dixon Technologies (India) Limited,Technology,Consumer Electronics,70202.0,Large-Cap,None,,0.0,0,,,Sideways,False,False,Below-MAs,True,Downtrend,0,Uptrend,Uptrend,11546.0,,,9814.1,16823.52,23523.95,58277.78,31311.94,103.7,42.7,42.92,45.13,12.86,0.5,32.47,7.0,58.74,11841.97,29,buy,37.4,42.0,3.31,4.0,-0.14,2.94,5.13,25.77,58.85,49.94,33.33,86.12,59.35,-36.0,0.15,highly inconsistent earnings,0.18,,1.06,,912.17,1.3,28.69,-0.14,,18.3,-0.38,28.14,-0.92,18471.0,9600.0,37.5,20.3,-26.79,160.92,,-0.1,5,38.0,5.0,8.0,0.0,51.0,WATCH ⭐⭐,Expected ~43% CAGR (2yr) | Revenue CAGR 59% | Profit CAGR 86% | ROE 37% | ROCE 42% | ROCE trend rising ↑,Earnings due 2026-07-22,3-4 years,Medium-High,"yfinance, screener.in",100,106,2026-07-22,2026-06-20,2026-06-01,19,4.5,3,0.0
PIDILITIND,Pidilite Industries Limited,Basic Materials,Specialty Chemicals,156279.0,Large-Cap,MonthlyDoubleBottom,Forming,0.288,29,Sep 29mo | Mid rally 33% | Asymmetry 4%,MonthlyDoubleBottom+MonthlyStage2,Sideways,False,False,Below-MAs,True,Stage2,1,Uptrend,Uptrend,1455.8,1695.86,1252.42,1237.43,609.26,2139.3,940.13,756.82,47.0,21.2,64.11,50.52,14.43,2.65,43.4,65.0,25.99,1631.05,20,buy,23.9,31.0,1.03,24.0,0.63,16.77,13.26,11.12,7.36,14.89,17.89,24.22,17.02,37.2,0.4,lumpy earner,0.04,,2.38,,1837.48,1.18,69.32,0.0,,11.75,-0.26,9.56,0.35,1574.95,1259.0,7.6,15.6,3.7,-8.79,1.29,0.37,6,35.0,10.96,0.0,5.0,51.0,WATCH ⭐⭐,Expected ~21% CAGR (2yr) | Profit CAGR 24% | ROE 24% | ROCE 31% | ROCE trend rising ↑ | Nearly debt-free,High PE 64 | Earnings due 2026-05-07 | Pattern still forming (not broken out),3-4 years,Medium-High,"yfinance, screener.in",100,287,2026-05-07,2026-06-20,2026-06-01,19,0.0,3,2.0
ADANIPOWER,Adani Power Limited,Utilities,Utilities - Independent Power Producers,430184.0,Large-Cap,MonthlyDoubleBottom,Forming,0.774,13,Sep 13mo | Mid rally 86% | Asymmetry 9%,,Uptrend,True,False,Tight-Above-MAs,True,Stage2,4,Uptrend,Uptrend,223.07,179.17,92.4,189.61,169.53,265.94,192.43,180.61,19.2,9.2,33.65,25.88,6.62,5.14,24.51,0.0,,229.5,8,buy,21.1,17.2,1.77,37.0,1.03,23.66,7.48,-3.49,11.84,15.65,1.73,6.54,59.16,52.3,0.15,highly inconsistent earnings,0.82,,1.41,,-8656.76,-2.01,74.96,0.0,,11.73,0.09,3.69,0.28,254.2,105.42,12.2,111.6,94.28,288.52,0.45,0.5,5,18.0,24.79,0.0,8.0,50.8,WATCH ⭐⭐,Expected ~9% CAGR (2yr) | ROE 21% | ROCE trend rising ↑ | Promoter 75% holding | OPM 37% | Piotroski F=5 (above average quality),Earnings due 2026-04-29 | Pattern still forming (not broken out),3-4 years,Medium-High,"yfinance, screener.in",100,203,2026-04-29,2026-06-20,2026-06-01,19,1.8,3,1.0
KANPRPLA,Kanpur Plastipack Limited,Consumer Cyclical,Packaging & Containers,449.0,Micro-Cap,MonthlyDoubleBottom,Forming,0.69,16,Sep 16mo | Mid rally 75% | Asymmetry 6%,,Downtrend,False,False,Below-MAs,True,Stage2,3,Uptrend,Uptrend,193.47,148.82,82.49,164.45,2322.94,5004.53,10781.76,5004.53,2486.7,408.6,10.77,,1.68,0.09,8.44,48.0,-9.14,,0,none,17.2,17.9,-0.4,9.0,-0.54,5.5,6.93,14.67,14.74,9.78,263.64,115.44,5.92,400.0,0.15,highly inconsistent earnings,0.42,,1.74,,16.89,3.77,68.12,0.49,,0.0,0.0,1.48,0.37,247.0,151.25,21.7,27.9,1.04,62.85,0.6,0.48,5,24.0,11.78,13.0,2.0,50.8,WATCH ⭐⭐,Expected ~409% CAGR (2yr) | Profit CAGR 115% | Promoter 68% holding | Margin compressing ↓ ⚠️ | FCF yield 3.8% | Piotroski F=5 (above average quality),Margin compression ↓ | Pattern still forming (not broken out),3-4 years,Medium-High,"yfinance, screener.in",100,65,,2026-06-20,2026-06-01,19,0.0,3,1.0
DATAMATICS,Datamatics Global Services Limited,Technology,Information Technology Services,4601.0,Small-Cap,MonthlyStage2,Stage Change,0.934,24,10-EMA=757 | 30-EMA=683 | Above by 14.0% | MA turning=Yes,MonthlyDoubleBottom+MonthlyStage2,Sideways-Above-MA,True,False,Constructive,True,Downtrend,0,Uptrend,Uptrend,778.4,682.76,569.21,661.64,865.37,880.69,896.28,880.69,13.1,6.4,23.7,15.89,2.98,13.39,11.44,64.0,58.74,920.0,1,none,16.4,20.8,0.31,19.0,0.71,9.77,8.15,15.32,10.84,11.58,-5.34,1.77,18.35,-1.4,0.15,highly inconsistent earnings,0.14,,1.99,,409.59,8.9,66.33,0.0,,0.48,-0.05,0.11,-0.02,1120.0,590.25,30.5,31.9,-15.56,22.99,0.25,-0.01,6,26.0,20.71,4.0,0.0,50.7,WATCH ⭐⭐,Expected ~6% CAGR (2yr) | ROCE 21% | ROCE trend rising ↑ | Low D/E 0.14 | Promoter 66% holding | FCF yield 8.9%,None identified,3-4 years,Medium-High,"yfinance, screener.in",100,266,,2026-06-20,2026-06-01,19,5.2,3,-0.2
DHANUKA,Dhanuka Agritech Limited,Basic Materials,Agricultural Inputs,4874.0,Small-Cap,MonthlyDoubleBottom,Forming,1.0,24,Sep 24mo | Mid rally 117% | Asymmetry 4%,,Downtrend,False,False,Below-MAs,False,Stage2,1,Uptrend,Uptrend,1081.2,1975.0,889.6,919.02,1546.46,3060.4,1954.81,1738.69,183.1,68.2,16.98,13.82,2.9,1.37,11.42,18.0,-47.72,1414.38,8,none,22.0,28.3,-0.57,20.0,0.66,14.22,10.87,15.69,11.25,12.69,24.27,12.43,16.07,29.5,0.15,highly inconsistent earnings,0.02,,4.09,,112.15,2.3,69.72,0.0,,1.93,-0.21,19.43,0.65,1975.0,889.6,45.3,21.5,-38.71,25.64,0.31,0.29,6,27.0,16.5,7.0,0.0,50.5,WATCH ⭐⭐,Expected ~68% CAGR (2yr) | ROE 22% | ROCE 28% | Nearly debt-free | Promoter 70% holding | Piotroski F=6 (above average quality),Pattern still forming (not broken out),3-4 years,Medium-High,"yfinance, screener.in",100,181,,2026-06-20,2026-06-01,19,-8.5,3,-2.0
RESPONIND,Responsive Industries Limited,Basic Materials,Specialty Chemicals,4658.0,Small-Cap,MonthlyDoubleBottom,Forming,1.0,42,Sep 42mo | Mid rally 183% | Asymmetry 1%,,Sideways-Above-MA,True,True,Constructive,True,Stage2,1,Uptrend,Uptrend,165.42,206.53,72.68,140.61,208.87,383.03,702.4,383.03,131.5,52.2,31.37,,2.97,0.38,19.91,6.0,0.0,,0,none,10.3,10.8,2.2,17.0,1.26,10.65,5.94,-1.69,12.69,13.02,-25.63,83.38,43.88,-57.9,0.15,highly inconsistent earnings,0.12,,6.16,,-50.99,-1.09,59.14,0.0,,32.2,0.97,3.22,-0.06,251.0,117.25,34.1,41.1,-22.45,-21.08,2.03,0.71,6,21.0,22.5,7.0,0.0,50.5,WATCH ⭐⭐,Expected ~52% CAGR (2yr) | Profit CAGR 83% | ROCE trend rising ↑ | Low D/E 0.12 | Promoter 59% holding | Piotroski F=6 (above average quality),Pattern still forming (not broken out),3-4 years,Medium-High,"yfinance, screener.in",100,188,,2026-06-20,2026-06-01,19,0.0,3,-1.0
IRCTC,Indian Railway Catering & Tourism Corporation Limited,Consumer Cyclical,Travel Services,41708.0,Large-Cap,MonthlyDoubleBottom,Forming,1.0,44,Sep 44mo | Mid rally 116% | Asymmetry 8%,,Downtrend,False,False,Below-MAs,False,Stage2,3,Uptrend,Uptrend,529.8,1108.01,492.65,468.02,803.18,1723.37,997.82,895.23,225.3,80.4,29.95,22.92,9.68,2.61,23.36,182.0,-24.09,654.12,8,buy,34.6,46.1,-4.0,32.0,-1.3,26.72,14.05,11.55,13.77,,5.93,11.46,,-8.9,0.75,consistent growth,0.02,,2.15,,1005.71,2.41,62.4,0.0,,4.86,-2.33,14.86,0.84,798.6,492.65,33.7,7.5,-23.53,-36.39,0.6,0.11,5,30.0,16.5,4.0,0.0,50.5,WATCH ⭐⭐,Expected ~80% CAGR (2yr) | ROE 35% | ROCE 46% | Nearly debt-free | Promoter 62% holding | OPM 32%,Margin compression ↓ | Earnings due 2026-08-13 | Pattern still forming (not broken out),3-4 years,Medium-High,"yfinance, screener.in",100,80,2026-08-13,2026-06-20,2026-06-01,19,0.0,3,0.0
SURANAT&P,Surana Telecom and Power Limited,Utilities,Utilities - Independent Power Producers,248.0,Micro-Cap,MonthlyDoubleBottom,Forming,1.0,33,Sep 33mo | Mid rally 396% | Asymmetry 8%,MonthlyDoubleBottom+MonthlyStage2,Sideways,False,False,Below-MAs,True,Stage2,4,Uptrend,Uptrend,18.64,11.01,2.13,15.84,63.87,104.65,171.48,104.65,461.4,136.9,11.48,,1.54,0.18,-139.42,0.0,6.27,,0,none,14.7,13.4,0.74,-5.0,-12.09,40.8,-2.65,281.25,29.64,16.03,-4.35,63.86,48.96,-7.1,0.15,highly inconsistent earnings,0.34,,2.28,,-117.0,-47.22,71.89,0.38,,0.0,0.0,0.05,0.0,26.78,15.5,30.4,20.3,4.05,75.58,0.23,0.28,3,22.0,19.5,8.0,1.0,50.5,WATCH ⭐⭐,Expected ~137% CAGR (2yr) | Revenue CAGR 30% | Profit CAGR 64% | ROCE trend rising ↑ | Promoter 72% holding | Margin compressing ↓ ⚠️,Margin compression ↓ | Pattern still forming (not broken out),3-4 years,Medium-High,"yfinance, screener.in",100,287,,2026-06-20,2026-06-01,19,0.0,3,0.0
SUZLON,Suzlon Energy Limited,Industrials,Specialty Industrial Machinery,75669.0,Large-Cap,MonthlyDoubleBottom,Forming,1.0,15,Sep 15mo | Mid rally 155% | Asymmetry 7%,MonthlyDoubleBottom+MonthlyStage2,Sideways-Above-MA,True,False,Constructive,True,Stage2,4,Uptrend,Uptrend,52.91,419.96,159.56,151.58,60.72,680.36,64.53,62.6,1185.9,258.6,23.84,23.8,9.64,7.72,24.45,0.0,0.0,64.5,13,strong_buy,40.6,35.1,4.74,18.0,0.6,18.97,10.78,53.65,40.98,37.98,52.65,3.09,30.0,-5.7,0.15,highly inconsistent earnings,0.06,,1.65,,-430.29,-0.57,11.73,0.0,,23.85,0.12,9.18,-0.05,68.3,38.19,22.5,38.5,-14.15,223.1,0.64,0.68,6,26.0,21.5,2.0,1.0,50.5,WATCH ⭐⭐,Expected ~259% CAGR (2yr) | Revenue CAGR 41% | ROE 41% | ROCE 35% | ROCE trend rising ↑ | Nearly debt-free,Earnings due 2026-08-12 | Pattern still forming (not broken out),3-4 years,Medium-High,"yfinance, screener.in",100,248,2026-08-12,2026-06-20,2026-06-01,19,0.0,3,0.0
XCHANGING,Xchanging Solutions Limited,Technology,Information Technology Services,702.0,Small-Cap,MonthlyDoubleBottom,Forming,1.0,32,Sep 32mo | Mid rally 210% | Asymmetry 1%,,Sideways,False,False,Below-MAs,True,Downtrend,0,Uptrend,Uptrend,66.62,80.36,25.74,56.63,183.57,200.92,219.9,200.92,201.6,73.7,11.81,,1.91,1.25,6.72,317.0,-89.47,,0,none,15.8,18.0,1.23,34.0,0.66,29.3,8.34,9.73,5.27,0.7,18.0,9.45,-0.99,10.9,0.15,highly inconsistent earnings,0.18,,4.97,,29.48,4.2,75.0,0.0,,0.11,0.1,0.29,0.0,103.0,47.5,35.3,40.3,-23.3,-22.43,0.31,0.58,6,24.0,18.5,8.0,0.0,50.5,WATCH ⭐⭐,Expected ~74% CAGR (2yr) | ROCE trend rising ↑ | Low D/E 0.18 | Promoter 75% holding | OPM 34% | FCF yield 4.2%,Pattern still forming (not broken out),3-4 years,Medium-High,"yfinance, screener.in",100,255,,2026-06-20,2026-06-01,19,0.0,3,0.0
INNOVACAP,Innova Captab Limited,Healthcare,Drug Manufacturers - Specialty & Generic,5393.0,Small-Cap,MonthlyStage2,Stage Change,1.0,24,10-EMA=774 | 30-EMA=742 | Above by 17.7% | MA turning=Yes,MonthlyDoubleBottom+MonthlyStage2,Sideways-Above-MA,True,True,Constructive,True,Stage2,5,Uptrend,Uptrend,873.3,742.21,507.05,742.3,1417.37,1807.43,2304.83,1807.43,107.0,43.9,38.31,21.13,4.94,1.39,24.56,42.0,,1078.5,2,none,13.7,15.0,-3.37,15.0,0.6,8.64,6.83,31.03,20.74,31.73,10.16,27.52,32.91,28.8,0.15,highly inconsistent earnings,0.32,,1.87,,-26.78,-0.5,50.9,0.0,,0.23,0.13,20.14,-0.1,974.0,622.0,10.3,40.4,9.71,,1.42,0.01,5,19.0,22.5,4.0,5.0,50.5,WATCH ⭐⭐,Expected ~44% CAGR (2yr) | Revenue CAGR 21% | Profit CAGR 28% | Promoter 51% holding | Piotroski F=5 (above average quality) | PEG 1.39 — fair value,None identified,3-4 years,Medium-High,"yfinance, screener.in",100,30,,2026-06-20,2026-06-01,19,0.0,3,1.0
HAL,Hindustan Aeronautics Limited,Industrials,Aerospace & Defense,280371.0,Large-Cap,MonthlyCupHandle,Forming,0.946,22,Cup 22mo | Depth 19% | Prior gain 132% | R²=0.97,MonthlyCupHandle+MonthlyStage2,Downtrend,False,False,Below-MAs,False,Stage2,4,Uptrend,Uptrend,4192.3,5084.06,4137.25,3930.39,5225.57,6030.87,7041.23,6065.85,43.9,19.9,30.77,25.12,6.83,1.91,28.81,119.0,25.99,5157.46,24,buy,24.0,32.0,1.43,30.0,1.97,27.55,3.55,6.8,7.11,7.66,8.99,16.08,22.94,5.5,0.4,lumpy earner,0.0,,2.61,,-14431.69,-5.15,71.64,0.0,,10.21,-0.65,10.43,0.75,5132.6,3479.1,18.3,20.5,-1.83,99.09,0.31,0.49,5,31.0,15.35,3.0,1.0,50.4,WATCH ⭐⭐,Expected ~20% CAGR (2yr) | ROE 24% | ROCE 32% | ROCE trend rising ↑ | Nearly debt-free | Promoter 72% holding,Earnings due 2026-08-11 | Pattern still forming (not broken out),3-4 years,Medium-High,"yfinance, screener.in",100,99,2026-08-11,2026-06-20,2026-06-01,19,-3.3,3,-2.9
AURIONPRO,Aurionpro Solutions Limited,Technology,Software - Application,4291.0,Small-Cap,MonthlyDoubleBottom,Forming,0.516,9,Sep 9mo | Mid rally 59% | Asymmetry 8%,,Sideways,False,False,Below-MAs,True,Downtrend,0,Uptrend,Uptrend,777.25,61.34,37.12,660.66,1653.04,2109.6,2692.28,2109.6,171.4,64.7,20.16,13.59,2.41,0.73,13.39,77.0,68.69,1095.0,2,strong_buy,13.4,16.3,3.0,20.0,-0.37,14.83,7.56,20.29,28.89,30.42,12.77,27.62,45.96,22.2,0.75,consistent growth,0.04,,2.41,,-163.96,-3.82,26.88,0.0,,16.29,-0.48,1.25,0.36,1665.9,719.6,53.3,8.0,-38.12,20.32,0.48,-0.34,5,29.0,11.19,10.0,0.0,50.2,WATCH ⭐⭐,Expected ~65% CAGR (2yr) | Revenue CAGR 29% | Profit CAGR 28% | ROCE trend rising ↑ | Nearly debt-free | EPS: consistent growth,Pattern still forming (not broken out),3-4 years,Medium-High,"yfinance, screener.in",100,249,,2026-06-20,2026-06-01,19,6.3,3,3.0
SCHAEFFLER,Schaeffler India Limited,Consumer Cyclical,Auto Parts,63392.0,Large-Cap,MonthlyCupHandle,Forming,0.924,23,Cup 23mo | Depth 23% | Prior gain 30% | R²=1.00,MonthlyCupHandle+MonthlyDoubleBottom,Sideways-Above-MA,True,False,Uptrend,True,Stage2,3,Uptrend,Uptrend,4078.1,4584.62,3519.0,3466.38,3486.98,5650.24,4262.32,3855.21,38.6,17.7,52.08,40.23,10.48,4.93,33.55,86.0,13.4,4788.71,7,none,20.2,27.3,0.0,18.0,-0.2,12.03,,4.24,11.67,,5.65,10.56,,25.6,0.15,highly inconsistent earnings,0.01,,,,,,74.13,0.0,,4.25,-0.2,16.32,0.21,4467.7,3518.4,8.7,15.9,4.38,14.35,0.48,0.01,1,23.0,22.09,2.0,3.0,50.1,WATCH ⭐⭐,Expected ~18% CAGR (2yr) | ROE 20% | ROCE 27% | Nearly debt-free | Promoter 74% holding | Dividend growing 13%/yr,High PE 52 | Earnings due 2026-07-23 | Pattern still forming (not broken out),3-4 years,Medium-High,"yfinance, screener.in",80,288,2026-07-23,2026-06-20,2026-06-01,19,2.3,3,-5.0
GRANULES,Granules India Limited,Healthcare,Drug Manufacturers - Specialty & Generic,18992.0,Mid-Cap,MonthlyDoubleBottom,Forming,0.715,32,Sep 32mo | Mid rally 78% | Asymmetry 6%,,Uptrend,True,True,Tight-Above-MAs,True,Stage2,5,Uptrend,Uptrend,766.45,149.73,81.58,651.48,958.32,917.16,1052.53,1004.32,19.7,9.4,31.35,19.68,3.69,6.53,16.31,23.0,14.47,786.43,7,buy,13.7,15.5,-1.71,22.0,-0.43,11.09,7.95,19.72,5.95,10.63,18.53,4.8,1.62,32.6,0.15,highly inconsistent earnings,0.3,,1.8,,69.0,0.36,38.02,-0.79,,15.31,1.76,17.01,-0.46,804.3,432.6,4.7,77.2,66.51,119.98,0.3,0.07,4,11.0,25.08,4.0,10.0,50.1,WATCH ⭐⭐,Expected ~9% CAGR (2yr) | Low D/E 0.30 | FII buying +1.8% ↑ | Dividend growing 14%/yr | EV/EBITDA 16× vs sector 22× | MonthlyDoubleBottom forming (32mo base),Pattern still forming (not broken out),3-4 years,Medium-High,"yfinance, screener.in",100,253,,2026-06-20,2026-06-01,19,0.0,3,0.0
FORCEMOT,Force Motors Limited,Consumer Cyclical,Auto Manufacturers,23575.0,Mid-Cap,None,,0.0,0,,,Downtrend,False,False,Below-MAs,False,Stage2,3,Uptrend,Uptrend,17892.0,,,15208.2,129727.87,270288.01,563145.08,270288.01,1410.7,288.7,17.24,,5.72,0.16,15.62,22.0,58.74,,0,none,29.2,36.1,9.23,16.0,3.37,13.38,12.82,12.2,21.67,35.43,51.31,108.35,53.33,-35.9,0.2,multiple loss years in history,,,1.87,,-98.59,-0.42,61.63,0.0,,10.93,0.47,1.75,-0.05,26450.0,13253.0,32.4,35.0,10.45,536.15,,0.52,6,33.0,3.0,12.0,2.0,50.0,WATCH ⭐⭐,Expected ~289% CAGR (2yr) | Revenue CAGR 22% | Profit CAGR 108% | ROE 29% | ROCE 36% | ROCE trend rising ↑,None identified,3-4 years,Medium-High,"yfinance, screener.in",90,82,,2026-06-20,2026-06-01,19,-6.8,3,-2.0
THERMAX,Thermax Limited,Industrials,Conglomerates,53241.0,Large-Cap,MonthlyStage2,Breaking Out,1.0,24,10-EMA=3575 | 30-EMA=3451 | Above by 28.0% | MA turning=Yes,MonthlyDoubleBottom+MonthlyStage2,Uptrend,True,False,Uptrend,True,Stage2,4,Uptrend,Uptrend,4416.6,3451.42,2878.0,3754.11,2330.02,4024.84,3182.48,2723.1,,,74.07,48.97,9.6,4.39,51.81,30.0,15.87,4409.36,22,hold,12.9,14.9,1.11,10.0,0.66,6.74,4.04,2.94,9.75,17.42,14.83,16.87,28.31,18.7,0.4,lumpy earner,0.42,,1.22,,-311.12,-0.58,61.99,0.0,,11.25,-1.11,15.49,0.65,5075.0,2742.7,13.0,61.0,37.41,72.87,1.88,0.3,4,15.0,28.0,-1.0,8.0,50.0,WATCH ⭐⭐,ROCE trend rising ↑ | Promoter 62% holding | DII buying +0.7% ↑ | Dividend growing 16%/yr | MonthlyStage2 — Breaking Out | Weekly uptrend,High PE 74 | Earnings due 2026-07-30,3-4 years,Medium-High,"yfinance, screener.in",100,287,2026-07-30,2026-06-20,2026-06-01,19,0.0,3,-2.0
APTUS,Aptus Value Housing Finance India Limited,Financial Services,Mortgage Finance,13605.0,Mid-Cap,MonthlyDoubleBottom,Forming,0.867,45,Sep 45mo | Mid rally 95% | Asymmetry 9%,,Sideways-Above-MA,True,False,Below-MAs,True,Stage2,12,Uptrend,Uptrend,271.7,389.74,191.24,230.94,501.54,588.24,762.6,618.44,116.5,47.1,14.43,10.5,2.68,0.62,,184.0,7.72,354.82,17,none,20.1,15.4,,78.61,,61.41,7.76,25.26,26.11,27.92,25.57,23.31,28.71,26.1,1.0,steady compounder (low CV),1.56,,183.59,,,,23.86,0.0,,30.34,-2.85,29.43,2.14,364.0,193.03,25.4,40.8,-11.1,-19.32,0.28,0.71,3,21.0,19.9,9.0,0.0,49.9,MONITOR ⭐,Expected ~47% CAGR (2yr) | Revenue CAGR 26% | Profit CAGR 23% | ROE 20% | OPM 79% | EPS: steady compounder (low CV),High D/E 1.6 | Pattern still forming (not broken out),3-4 years,Medium-High,"yfinance, screener.in",90,59,,2026-06-20,2026-06-01,19,6.7,3,2.0
ARVINDFASN,Arvind Fashions Limited,Consumer Cyclical,Apparel Retail,6017.0,Small-Cap,MonthlyDoubleBottom,Forming,0.995,20,Sep 20mo | Mid rally 108% | Asymmetry 8%,MonthlyCupHandle+MonthlyDoubleBottom,Sideways-Above-MA,True,False,Constructive,True,Stage2,3,Uptrend,Uptrend,450.2,637.73,295.19,382.67,582.67,980.27,960.02,747.91,117.7,47.6,48.78,23.62,6.37,1.72,10.64,36.0,28.0,658.43,7,strong_buy,14.1,18.9,5.23,13.0,2.49,2.33,6.46,13.98,8.98,19.06,457.58,28.36,69.89,,0.2,multiple loss years in history,1.15,,1.26,,141.09,2.34,35.1,-0.01,,11.97,-0.13,24.63,1.45,579.0,366.2,22.2,22.9,-14.34,19.9,0.23,-0.13,5,17.0,21.94,10.0,1.0,49.9,MONITOR ⭐,Expected ~48% CAGR (2yr) | Profit CAGR 28% | ROCE trend rising ↑ | Piotroski F=5 (above average quality) | DII buying +1.4% ↑ | Dividend growing 28%/yr,High D/E 1.2 | Pattern still forming (not broken out),3-4 years,Medium-High,"yfinance, screener.in",100,88,,2026-06-20,2026-06-01,19,4.9,3,3.0
INDNIPPON,India Nippon Electricals Limited,Consumer Cyclical,Auto Parts,2014.0,Small-Cap,MonthlyDoubleBottom,Forming,0.963,10,Sep 10mo | Mid rally 97% | Asymmetry 1%,MonthlyCupHandle+MonthlyDoubleBottom+MonthlyStage2,Sideways,False,False,Below-MAs,True,Stage2,3,Uptrend,Uptrend,780.3,586.73,296.52,663.25,2911.65,3850.36,5091.72,3850.36,393.4,122.1,18.12,36.35,2.57,0.56,,174.0,18.78,,0,none,13.0,17.1,1.2,11.0,0.49,10.4,6.27,26.39,17.64,17.3,35.37,32.24,22.65,,0.4,lumpy earner,,,2.51,,-11.52,-0.57,70.37,0.0,,0.41,-0.01,0.06,0.0,1099.9,675.0,29.1,15.6,15.22,61.96,0.27,0.39,6,23.0,17.56,6.0,3.0,49.6,MONITOR ⭐,Expected ~122% CAGR (2yr) | Revenue CAGR 18% | Profit CAGR 32% | ROCE trend rising ↑ | Promoter 70% holding | Piotroski F=6 (above average quality),Pattern still forming (not broken out),3-4 years,Medium-High,"yfinance, screener.in",90,287,,2026-06-20,2026-06-01,19,0.0,3,0.0
MOTILALOFS,Motilal Oswal Financial Services Limited,Financial Services,Capital Markets,53489.0,Large-Cap,MonthlyDoubleBottom,Forming,1.0,40,Sep 40mo | Mid rally 267% | Asymmetry 2%,MonthlyDoubleBottom+MonthlyStage2,Sideways-Above-MA,True,False,Below-MAs,True,Stage2,12,Uptrend,Uptrend,850.95,1525.03,411.93,723.31,857.1,2638.13,1361.6,1080.29,210.0,76.1,27.03,14.82,4.13,1.04,,124.0,33.89,1113.0,5,strong_buy,15.6,12.6,-1.06,41.0,-1.29,23.45,4.83,12.4,30.91,20.92,-25.36,26.04,8.15,,0.15,highly inconsistent earnings,1.64,,5.63,,,,67.54,-0.08,,7.03,0.1,6.02,-0.4,1097.1,614.9,22.4,38.4,6.31,-2.89,0.5,0.21,3,19.0,21.5,7.0,2.0,49.5,MONITOR ⭐,Expected ~76% CAGR (2yr) | Revenue CAGR 31% | Profit CAGR 26% | Promoter 68% holding | OPM 41% | Margin compressing ↓ ⚠️,High D/E 1.6 | Margin compression ↓ | Pattern still forming (not broken out),3-4 years,Medium-High,"yfinance, screener.in",90,225,,2026-06-20,2026-06-01,19,0.0,3,0.0
TIMETECHNO,Time Technoplast Limited,Consumer Cyclical,Packaging & Containers,8366.0,Mid-Cap,MonthlyDoubleBottom,Forming,1.0,27,Sep 27mo | Mid rally 198% | Asymmetry 4%,MonthlyDoubleBottom+MonthlyStage2,Downtrend,False,False,Below-MAs,False,Stage2,3,Uptrend,Uptrend,172.69,107.47,35.27,146.79,645.29,830.17,1068.01,830.17,380.7,119.3,16.98,12.11,2.53,0.59,9.54,74.0,35.72,280.0,1,strong_buy,13.4,16.7,1.66,15.0,0.31,7.67,8.94,11.87,12.49,15.23,21.07,28.65,35.1,20.4,0.4,lumpy earner,0.18,,3.63,,-487.52,-5.83,47.57,0.06,,10.88,-0.78,17.37,0.67,249.15,154.0,30.7,12.1,-14.08,173.19,0.68,0.3,6,23.0,16.5,10.0,0.0,49.5,MONITOR ⭐,Expected ~119% CAGR (2yr) | Profit CAGR 29% | ROCE trend rising ↑ | Low D/E 0.18 | Piotroski F=6 (above average quality) | DII buying +0.7% ↑,Pattern still forming (not broken out),3-4 years,Medium-High,"yfinance, screener.in",100,228,,2026-06-20,2026-06-01,19,0.0,3,0.0
VEEDOL,Veedol Corporation Limited,Basic Materials,Specialty Chemicals,2411.0,Small-Cap,MonthlyDoubleBottom,Forming,1.0,43,Sep 43mo | Mid rally 344% | Asymmetry 9%,,Sideways,False,False,Below-MAs,True,Stage2,1,Uptrend,Uptrend,1425.9,3109.05,670.89,1212.02,2904.6,5547.21,4087.67,3445.73,289.0,97.2,12.58,,2.47,0.68,9.79,409.0,-32.24,,0,none,19.7,24.2,-0.0,10.0,-0.4,8.84,9.06,10.1,5.37,11.51,13.61,18.63,6.37,-3.8,0.15,highly inconsistent earnings,0.01,,2.95,,104.96,4.35,64.58,0.0,,1.06,-0.11,1.17,0.0,2035.0,1238.2,29.9,15.2,-4.74,33.42,0.36,0.35,4,22.0,19.5,8.0,0.0,49.5,MONITOR ⭐,Expected ~97% CAGR (2yr) | ROCE 24% | Nearly debt-free | Promoter 65% holding | FCF yield 4.4% | PEG 0.68 — undervalued,Pattern still forming (not broken out),3-4 years,Medium-High,"yfinance, screener.in",100,233,,2026-06-20,2026-06-01,19,0.0,3,0.0
FCL,Fineotex Chemical Limited,Basic Materials,Specialty Chemicals,4561.0,Small-Cap,MonthlyStage2,Stage Change,1.0,24,10-EMA=29 | 30-EMA=28 | Above by 38.8% | MA turning=No,MonthlyDoubleBottom+MonthlyStage2,Uptrend,True,True,Tight-Above-MAs,True,Stage2,1,Uptrend,Uptrend,39.17,28.22,19.24,33.29,26.27,37.2,32.7,29.31,,,35.94,27.98,3.69,3.11,24.12,41.0,58.74,28.0,1,none,13.5,18.3,-1.86,17.0,0.26,14.08,7.68,44.84,14.3,28.66,14.68,11.57,22.67,58.3,0.15,highly inconsistent earnings,0.01,,2.8,,-75.68,-1.66,62.3,-0.27,,2.92,0.39,1.27,-0.01,44.44,19.1,11.9,105.1,55.52,13.13,1.19,0.53,4,14.0,28.5,-1.0,8.0,49.5,MONITOR ⭐,Nearly debt-free | Promoter 62% holding | Dividend growing 59%/yr | MonthlyStage2 forming (24mo base) | Weekly uptrend | Weekly volume expanding,None identified,3-4 years,Medium-High,"yfinance, screener.in",100,138,,2026-06-20,2026-06-01,19,17.9,3,0.5
TECHNOE,Techno Electric & Engineering Company Limited,Industrials,Engineering & Construction,12080.0,Mid-Cap,MonthlyDoubleBottom,Forming,1.0,34,Sep 34mo | Mid rally 107% | Asymmetry 4%,MonthlyDoubleBottom+MonthlyStage2,Downtrend,False,False,Below-MAs,False,Stage2,4,Uptrend,Uptrend,1193.9,409.79,194.21,1014.82,2174.44,2362.91,4042.57,2964.85,97.9,40.7,26.95,16.41,2.9,0.74,21.26,87.0,65.1,1460.0,3,strong_buy,11.4,14.8,0.6,14.0,-1.43,14.57,5.06,43.32,57.65,29.76,12.06,36.35,21.1,-15.0,0.15,highly inconsistent earnings,0.02,,4.06,,-870.88,-7.21,56.93,0.0,,8.65,0.12,22.72,-0.33,1654.0,870.0,27.8,37.2,-17.21,212.61,0.45,0.77,4,25.0,16.5,8.0,0.0,49.5,MONITOR ⭐,Expected ~41% CAGR (2yr) | Revenue CAGR 58% | Profit CAGR 36% | ROCE trend rising ↑ | Nearly debt-free | Promoter 57% holding,Margin compression ↓ | Pattern still forming (not broken out),3-4 years,Medium-High,"yfinance, screener.in",100,230,,2026-06-20,2026-06-01,19,0.0,3,2.0
KPITTECH,KPIT Technologies Limited,Technology,Software - Infrastructure,20390.0,Mid-Cap,MonthlyDoubleBottom,Forming,0.447,10,Sep 10mo | Mid rally 48% | Asymmetry 3%,,Sideways,False,False,Below-MAs,True,Downtrend,0,Uptrend,Uptrend,743.7,1906.37,1271.82,1208.23,917.41,2540.92,1278.92,1083.19,241.7,84.8,32.16,20.52,5.76,1.78,14.75,110.0,-18.13,838.29,21,buy,21.0,26.3,3.23,19.0,0.77,9.87,10.63,10.49,24.25,25.96,-24.17,18.07,34.08,-33.4,0.15,highly inconsistent earnings,0.24,,1.03,,1172.31,5.75,39.41,0.0,,13.25,-0.32,24.65,-0.7,1434.5,624.9,48.2,19.0,-32.77,-53.43,1.77,-0.06,6,33.0,10.36,6.0,0.0,49.4,MONITOR ⭐,Expected ~85% CAGR (2yr) | Revenue CAGR 24% | ROE 21% | ROCE 26% | ROCE trend rising ↑ | Low D/E 0.24,Earnings due 2026-07-29 | Pattern still forming (not broken out),3-4 years,Medium-High,"yfinance, screener.in",100,86,2026-07-29,2026-06-20,2026-06-01,19,0.0,3,0.0
GULFOILLUB,Gulf Oil Lubricants India Limited,Basic Materials,Specialty Chemicals,4651.0,Small-Cap,MonthlyDoubleBottom,Forming,0.335,9,Sep 9mo | Mid rally 35% | Asymmetry 1%,,Downtrend,False,False,Below-MAs,False,Stage2,1,Uptrend,Uptrend,939.35,752.98,553.73,798.45,1804.2,1867.83,2350.5,2059.31,98.8,41.0,12.84,9.33,3.02,0.91,7.97,447.0,-5.65,1580.6,5,none,24.3,26.2,1.0,13.0,0.2,8.57,9.63,11.7,10.59,,-3.36,14.14,,-2.6,0.15,highly inconsistent earnings,0.36,,1.85,,232.22,4.99,67.01,-0.1,,8.91,-0.31,8.17,0.04,1331.9,865.0,29.5,8.6,-14.48,83.51,0.71,0.62,7,29.0,7.02,13.0,0.0,49.0,MONITOR ⭐,Expected ~41% CAGR (2yr) | ROE 24% | ROCE 26% | ROCE trend rising ↑ | Promoter 67% holding | FCF yield 5.0%,Pattern still forming (not broken out),3-4 years,Medium-High,"yfinance, screener.in",100,144,,2026-06-20,2026-06-01,19,3.7,3,-3.0
GOODLUCK,Goodluck India Limited,Basic Materials,Steel,4365.0,Small-Cap,MonthlyDoubleBottom,Forming,0.458,17,Sep 17mo | Mid rally 50% | Asymmetry 4%,,Uptrend,True,False,Tight-Above-MAs,True,Stage2,1,Uptrend,Uptrend,1313.2,1345.67,875.74,1116.22,1545.86,1973.14,2518.52,1973.14,50.3,22.6,23.42,14.4,2.64,0.85,12.05,53.0,-12.64,1653.0,2,strong_buy,12.9,14.4,0.37,10.0,0.54,4.41,7.88,4.17,10.1,21.13,10.24,27.64,43.57,30.1,0.15,highly inconsistent earnings,0.73,,1.38,,-225.28,-5.16,56.44,0.0,,1.56,0.08,4.99,0.57,1475.0,915.0,11.0,43.5,24.06,144.01,0.31,-0.09,5,16.0,21.0,6.0,6.0,49.0,MONITOR ⭐,Expected ~23% CAGR (2yr) | Profit CAGR 28% | ROCE trend rising ↑ | Promoter 56% holding | Piotroski F=5 (above average quality) | DII buying +0.6% ↑,Pattern still forming (not broken out),3-4 years,Medium-High,"yfinance, screener.in",100,118,,2026-06-20,2026-06-01,19,-3.3,3,-0.1
SHRIPISTON,SPR Auto Technologies Limited,Consumer Cyclical,Auto Parts,15525.0,Mid-Cap,None,,0.0,0,,,Uptrend,True,False,Uptrend,True,Stage2,3,Uptrend,Uptrend,3733.1,,,3173.13,7749.75,9612.01,11921.78,9612.01,157.5,60.5,28.09,18.44,5.35,1.17,,28.0,-12.64,4850.0,1,none,21.6,21.0,2.31,20.0,1.37,8.02,,25.61,19.56,22.8,8.72,24.03,44.52,-50.6,0.4,lumpy earner,,,1.94,,,,43.75,0.0,,7.65,1.03,12.89,-0.25,3764.9,2301.2,0.8,62.2,60.68,159.58,,,4,24.0,13.0,4.0,8.0,49.0,MONITOR ⭐,Expected ~60% CAGR (2yr) | Revenue CAGR 20% | Profit CAGR 24% | ROE 22% | ROCE 21% | ROCE trend rising ↑,None identified,3-4 years,Medium-High,"yfinance, screener.in",70,121,,2026-06-20,2026-06-01,19,12.6,3,1.0
SAREGAMA,Saregama India Limited,Communication Services,Entertainment,8750.0,Mid-Cap,MonthlyDoubleBottom,Breakout Ready,1.0,40,Sep 40mo | Mid rally 427% | Asymmetry 2%,MonthlyDoubleBottom+MonthlyStage2,Uptrend,True,False,Constructive,True,Downtrend,0,Uptrend,Uptrend,464.0,86.91,16.33,394.4,303.11,384.3,325.64,314.17,,,42.56,29.82,5.26,11.66,23.12,197.0,44.22,489.5,4,none,13.0,17.8,-2.83,34.0,-0.2,20.17,8.42,-15.88,10.15,17.38,0.98,3.65,12.76,25.4,0.15,highly inconsistent earnings,0.04,,1.75,,427.62,4.89,60.84,0.45,,12.18,-2.0,7.1,2.06,552.25,307.05,16.0,51.1,1.67,1.54,1.46,,4,20.0,26.0,1.0,2.0,49.0,MONITOR ⭐,Nearly debt-free | Promoter 61% holding | OPM 34% | FCF yield 4.9% | DII buying +2.1% ↑ | Dividend growing 44%/yr,None identified,3-4 years,Medium-High,"yfinance, screener.in",100,288,,2026-06-20,2026-06-01,19,17.7,3,2.0
NEWGEN,Newgen Software Technologies Limited,Technology,Software - Infrastructure,6553.0,Small-Cap,MonthlyDoubleBottom,Forming,0.322,6,Sep 6mo | Mid rally 39% | Asymmetry 7%,,Downtrend,False,False,Below-MAs,False,Downtrend,0,Uptrend,Uptrend,461.15,211.47,147.53,391.98,841.39,888.87,1203.33,1006.21,92.8,38.8,22.02,15.36,3.67,1.12,13.44,129.0,30.5,712.86,7,none,20.2,25.8,-0.11,26.0,-0.4,19.09,10.28,5.85,17.35,18.52,-4.44,19.59,19.03,-1.9,0.15,highly inconsistent earnings,0.02,,3.66,,191.45,2.92,53.52,0.0,,14.48,-2.86,8.85,-0.83,1267.8,401.05,63.6,15.0,-52.74,15.43,0.3,0.57,5,31.0,5.86,12.0,0.0,48.9,MONITOR ⭐,Expected ~39% CAGR (2yr) | Revenue CAGR 17% | ROE 20% | ROCE 26% | Nearly debt-free | Promoter 54% holding,Pattern still forming (not broken out),3-4 years,Medium-High,"yfinance, screener.in",100,101,,2026-06-20,2026-06-01,19,0.0,3,-2.0
INDHOTEL,The Indian Hotels Company Limited,Consumer Cyclical,Lodging,96715.0,Large-Cap,MonthlyDoubleBottom,Forming,0.614,44,Sep 44mo | Mid rally 68% | Asymmetry 7%,MonthlyDoubleBottom+MonthlyStage2,Sideways,False,False,Below-MAs,True,Stage2,3,Uptrend,Uptrend,652.75,155.69,89.7,554.84,892.11,1006.51,1478.57,1148.5,54.2,24.2,46.51,37.13,7.41,1.62,29.13,48.0,77.84,793.52,29,buy,14.2,17.1,4.71,33.0,9.74,20.92,9.42,16.24,18.59,43.81,10.26,28.74,49.99,14.9,0.2,multiple loss years in history,0.19,,2.5,,1306.16,1.35,38.12,0.0,,23.23,-1.86,22.58,1.92,811.95,565.0,19.6,15.5,-6.18,45.02,0.54,-0.15,7,29.0,14.87,4.0,1.0,48.9,MONITOR ⭐,Expected ~24% CAGR (2yr) | Revenue CAGR 19% | Profit CAGR 29% | ROCE trend rising ↑ | Low D/E 0.19 | OPM 33%,Earnings due 2026-07-16 | Pattern still forming (not broken out),3-4 years,Medium-High,"yfinance, screener.in",100,287,2026-07-16,2026-06-20,2026-06-01,19,0.0,3,-1.0
M&M,Mahindra & Mahindra Limited,Consumer Cyclical,Auto Manufacturers,365380.0,Large-Cap,MonthlyDoubleBottom,Forming,0.864,42,Sep 42mo | Mid rally 91% | Asymmetry 4%,,Downtrend,False,False,Below-MAs,False,Stage2,3,Uptrend,Uptrend,3092.3,930.3,477.38,2628.45,8005.59,7311.43,11120.55,9435.39,136.4,53.8,20.0,19.02,3.65,1.12,10.74,108.0,29.87,4125.49,35,strong_buy,20.8,15.4,1.29,19.0,0.86,8.46,7.07,24.76,17.88,21.74,32.32,17.86,65.23,41.6,0.15,highly inconsistent earnings,1.25,,1.27,,15655.24,4.28,18.45,0.02,,36.23,-1.26,31.37,0.98,3839.9,2896.0,19.5,6.8,5.64,95.56,0.75,0.34,5,21.0,14.87,11.0,2.0,48.9,MONITOR ⭐,Expected ~54% CAGR (2yr) | Revenue CAGR 18% | ROE 21% | ROCE trend rising ↑ | FCF yield 4.3% | Piotroski F=5 (above average quality),High D/E 1.3 | Earnings due 2026-07-30 | Pattern still forming (not broken out),3-4 years,Medium-High,"yfinance, screener.in",100,365,2026-07-30,2026-06-20,2026-06-01,19,0.0,3,0.0
GANDHITUBE,Gandhi Special Tubes Limited,Industrials,Metal Fabrication,1028.0,Small-Cap,MonthlyDoubleBottom,Forming,0.848,34,Sep 34mo | Mid rally 86% | Asymmetry 1%,,Sideways-Above-MA,True,False,Constructive,False,Stage2,4,Uptrend,Uptrend,846.15,515.59,276.77,719.23,1406.75,1406.75,1406.75,1406.75,66.3,28.9,15.04,,3.58,,12.14,177.0,14.47,,0,none,23.51,,,39.49,,35.65,16.0,8.9,,,-21.5,,,-21.6,0.5,insufficient history,0.0,,6.11,,47.37,4.61,73.52,0.0,,1.23,0.0,0.06,-0.03,1031.8,649.5,18.0,30.3,16.81,17.99,0.16,0.75,4,21.0,20.68,4.0,3.0,48.7,MONITOR ⭐,Expected ~29% CAGR (2yr) | Declining profits (-22% CAGR) ⚠️ | ROE 24% | Nearly debt-free | Promoter 74% holding | OPM 39%,Pattern still forming (not broken out),3-4 years,Medium-High,"yfinance, screener.in",70,234,,2026-06-20,2026-06-01,19,-3.0,3,1.0
MARUTI,Maruti Suzuki India Limited,Consumer Cyclical,Auto Manufacturers,420230.0,Large-Cap,MonthlyDoubleBottom,Forming,0.506,46,Sep 46mo | Mid rally 51% | Asymmetry 0%,MonthlyDoubleBottom+MonthlyStage2,Downtrend,False,False,Below-MAs,False,Stage2,3,Uptrend,Uptrend,12956.0,9282.39,6134.0,11012.6,25071.38,24593.53,36931.84,30429.13,89.8,37.8,28.65,21.55,3.92,1.34,18.78,105.0,31.04,15840.13,39,buy,14.4,19.0,2.8,12.0,1.2,8.01,6.55,19.88,15.96,21.1,1.24,21.37,27.31,-6.4,0.15,highly inconsistent earnings,0.0,,1.07,,7713.18,1.84,58.53,0.25,,14.12,-1.64,24.09,1.25,17370.0,12201.0,25.4,6.2,13.33,13.6,0.59,0.27,6,26.0,10.57,9.0,3.0,48.6,MONITOR ⭐,Expected ~38% CAGR (2yr) | Revenue CAGR 16% | Profit CAGR 21% | ROCE trend rising ↑ | Nearly debt-free | Promoter 59% holding,Earnings due 2026-04-28 | Pattern still forming (not broken out),3-4 years,Medium-High,"yfinance, screener.in",100,275,2026-04-28,2026-06-20,2026-06-01,19,0.0,3,0.0
ORIENTELEC,Orient Electric Limited,Consumer Cyclical,"Furnishings, Fixtures & Appliances",3752.0,Small-Cap,MonthlyDoubleBottom,Forming,0.97,7,Sep 7mo | Mid rally 103% | Asymmetry 6%,,Sideways-Above-MA,True,False,Constructive,True,Stage2,3,Uptrend,Uptrend,188.88,275.14,131.19,160.55,310.02,419.09,519.91,401.47,121.9,49.0,39.25,22.1,4.93,1.33,16.36,85.0,-20.63,239.08,13,strong_buy,13.18,,,6.09,,2.88,5.9,10.0,,,29.5,,,28.9,0.5,insufficient history,0.12,,1.43,,48.69,1.3,38.3,0.0,,3.42,-0.18,32.52,0.62,229.41,149.05,17.7,26.7,-7.34,-42.19,0.86,0.27,3,16.0,20.64,11.0,1.0,48.6,MONITOR ⭐,Expected ~49% CAGR (2yr) | Profit CAGR 30% | Low D/E 0.12 | DII buying +0.6% ↑ | PEG 1.33 — fair value | EV/EBITDA 16× below sector (25×),Pattern still forming (not broken out),3-4 years,Medium-High,"yfinance, screener.in",70,97,,2026-06-20,2026-06-01,19,0.0,3,1.0
IZMO,IZMO Limited,Technology,Software - Application,1471.0,Small-Cap,MonthlyDoubleBottom,Forming,1.0,12,Sep 12mo | Mid rally 177% | Asymmetry 4%,,Downtrend,False,False,Below-MAs,False,Downtrend,0,Uptrend,Uptrend,666.0,649.45,229.7,566.1,970.83,1299.85,1740.36,1299.85,95.2,39.7,30.86,,3.86,0.91,28.36,0.0,-68.75,,0,none,12.4,12.6,0.29,18.0,-0.89,16.7,4.64,26.67,22.77,19.7,-2.04,33.89,12.2,151.1,0.15,highly inconsistent earnings,0.04,,2.62,,-42.29,-2.87,34.79,-0.02,,3.27,0.01,0.49,-0.02,1374.7,326.35,51.6,104.1,93.8,227.63,0.11,0.49,5,22.0,14.5,6.0,6.0,48.5,MONITOR ⭐,Expected ~40% CAGR (2yr) | Revenue CAGR 23% | Profit CAGR 34% | ROCE trend rising ↑ | Nearly debt-free | Margin compressing ↓ ⚠️,Margin compression ↓ | Pattern still forming (not broken out),3-4 years,Medium-High,"yfinance, screener.in",100,232,,2026-06-20,2026-06-01,19,0.0,3,-3.0
PNB,Punjab National Bank,Financial Services,Banks - Regional,122837.0,Large-Cap,MonthlyDoubleBottom,Forming,1.0,36,Sep 36mo | Mid rally 236% | Asymmetry 1%,MonthlyCupHandle+MonthlyDoubleBottom,Downtrend,False,False,Below-MAs,False,Stage2,12,Uptrend,Uptrend,101.3,214.75,63.74,86.1,578.11,659.68,1800.72,1020.3,551.2,155.2,6.68,6.43,0.82,0.09,,281.0,66.5,118.75,16,hold,13.0,6.13,,29.4,,31.22,0.95,5.45,14.62,9.8,-0.46,76.49,46.95,2.7,0.15,highly inconsistent earnings,,,,,,,70.08,0.0,,6.39,0.46,16.05,-0.04,135.15,98.5,25.0,2.8,2.05,84.12,0.85,0.53,2,18.0,16.5,12.0,2.0,48.5,MONITOR ⭐,Expected ~155% CAGR (2yr) | Profit CAGR 76% | Promoter 70% holding | OPM 29% | Dividend growing 66%/yr | PEG 0.09 — deeply undervalued,Earnings due 2026-07-30 | Pattern still forming (not broken out),3-4 years,Medium-High,"yfinance, screener.in",80,287,2026-07-30,2026-06-20,2026-06-01,19,0.0,3,0.0
SUBROS,Subros Limited,Consumer Cyclical,Auto Parts,4707.0,Small-Cap,MonthlyDoubleBottom,Forming,1.0,17,Sep 17mo | Mid rally 113% | Asymmetry 3%,MonthlyDoubleBottom+MonthlyStage2,Downtrend,False,False,Below-MAs,False,Stage2,3,Uptrend,Uptrend,732.45,432.61,200.73,622.58,2339.41,2499.79,5349.64,3537.65,241.3,84.7,28.41,19.09,3.78,0.55,14.32,42.0,54.87,943.0,3,none,14.7,19.8,3.03,9.0,0.31,4.41,6.24,11.52,10.21,15.9,9.93,51.22,28.71,6.8,0.15,highly inconsistent earnings,0.06,,1.61,,-89.81,-1.91,36.79,0.0,,32.79,0.01,10.76,-0.29,1213.7,622.1,39.7,17.7,-15.54,45.8,0.15,0.55,6,20.0,15.5,13.0,0.0,48.5,MONITOR ⭐,Expected ~85% CAGR (2yr) | Profit CAGR 51% | ROCE trend rising ↑ | Nearly debt-free | Piotroski F=6 (above average quality) | Dividend growing 55%/yr,Pattern still forming (not broken out),3-4 years,Medium-High,"yfinance, screener.in",100,251,,2026-06-20,2026-06-01,19,0.0,3,0.0
EIHAHOTELS,EIH Associated Hotels Limited,Consumer Cyclical,Lodging,1845.0,Small-Cap,MonthlyDoubleBottom,Forming,1.0,33,Sep 33mo | Mid rally 164% | Asymmetry 7%,,Sideways,False,False,Below-MAs,True,Stage2,3,Uptrend,Uptrend,302.85,327.18,119.64,257.42,768.48,919.71,1100.71,919.71,203.7,74.3,21.15,,3.06,1.07,13.73,116.0,100.0,,0,none,11.5,13.2,0.1,28.0,-0.8,22.72,9.26,8.84,5.66,3.48,33.33,19.68,1.76,-18.7,0.15,highly inconsistent earnings,0.01,,3.49,,31.58,1.71,75.0,0.0,,13.67,-0.03,,,434.9,266.65,30.4,13.6,-16.42,5.63,0.21,-0.04,5,21.0,19.5,8.0,0.0,48.5,MONITOR ⭐,Expected ~74% CAGR (2yr) | ROCE trend rising ↑ | Nearly debt-free | Promoter 75% holding | OPM 28% | Margin compressing ↓ ⚠️,Margin compression ↓ | Pattern still forming (not broken out),3-4 years,Medium-High,"yfinance, screener.in",100,219,,2026-06-20,2026-06-01,19,-7.0,3,3.0
SONAMLTD,Sonam Limited,Consumer Cyclical,"Furnishings, Fixtures & Appliances",220.0,Micro-Cap,MonthlyStage2,Stage Change,1.0,24,10-EMA=50 | 30-EMA=46 | Above by 17.9% | MA turning=Yes,MonthlyDoubleBottom+MonthlyStage2,Uptrend,True,False,Tight-Above-MAs,True,Stage2,3,Uptrend,Uptrend,54.52,46.24,39.02,46.34,69.6,72.24,74.98,72.24,32.5,15.1,30.01,,3.3,7.9,20.85,,0.0,,0,none,,,,8.35,,4.4,,50.8,,,3.8,,,3.9,0.5,insufficient history,0.3,,,,,,57.55,0.28,,0.26,0.24,,,63.0,37.4,13.5,45.8,19.26,90.71,0.55,-0.08,1,13.0,28.5,3.0,4.0,48.5,MONITOR ⭐,Expected ~15% CAGR (2yr) | Revenue CAGR 51% | Promoter 58% holding | EV/EBITDA 21× vs sector 25× | MonthlyStage2 forming (24mo base) | Weekly uptrend,None identified,3-4 years,Medium-High,"yfinance, screener.in",50,97,,2026-06-20,2026-06-01,19,6.0,3,3.5
CANBK,Canara Bank,Financial Services,Banks - Regional,119433.0,Large-Cap,MonthlyDoubleBottom,Forming,1.0,46,Sep 46mo | Mid rally 642% | Asymmetry 5%,,Sideways,False,False,Below-MAs,True,Stage2,12,Uptrend,Uptrend,131.67,151.41,19.89,111.92,564.27,467.36,815.54,678.37,254.9,88.4,6.06,5.7,1.01,0.3,,319.0,20.51,150.84,19,buy,16.1,6.52,,-32.21,,37.04,0.99,3.92,13.74,12.46,11.42,20.22,46.14,-9.8,0.4,lumpy earner,,,,,,,62.93,0.0,,14.24,-0.37,10.91,0.44,162.89,103.55,19.2,27.2,27.39,83.82,0.76,0.49,2,13.0,19.5,11.0,5.0,48.5,MONITOR ⭐,Expected ~88% CAGR (2yr) | Profit CAGR 20% | Promoter 63% holding | Dividend growing 21%/yr | PEG 0.30 — deeply undervalued | MonthlyDoubleBottom forming (46mo base),Earnings due 2026-07-23 | Pattern still forming (not broken out),3-4 years,Medium-High,"yfinance, screener.in",80,283,2026-07-23,2026-06-20,2026-06-01,19,4.4,3,6.0
GATEWAY,Gateway Distriparks Limited,Industrials,Integrated Freight & Logistics,2902.0,Small-Cap,MonthlyDoubleBottom,Forming,1.0,37,Sep 37mo | Mid rally 123% | Asymmetry 10%,,Sideways-Above-MA,True,False,Constructive,True,Stage2,4,Uptrend,Uptrend,58.09,112.36,48.1,49.38,136.93,176.62,143.27,140.06,204.0,74.4,11.35,9.21,1.26,4.95,7.64,344.0,0.0,87.4,5,strong_buy,11.5,10.8,0.2,22.0,-1.09,11.56,5.86,31.59,15.89,13.41,-30.75,2.29,22.47,,0.15,highly inconsistent earnings,0.25,,1.07,,268.06,9.24,33.93,0.9,,6.66,0.17,33.99,-1.68,76.5,48.1,24.1,20.8,-9.21,-38.0,0.26,0.22,5,16.0,22.5,9.0,1.0,48.5,MONITOR ⭐,Expected ~74% CAGR (2yr) | Revenue CAGR 16% | ROCE trend rising ↑ | Low D/E 0.25 | Margin compressing ↓ ⚠️ | FCF yield 9.2%,Margin compression ↓ | Pattern still forming (not broken out),3-4 years,Medium-High,"yfinance, screener.in",100,52,,2026-06-20,2026-06-01,19,3.6,3,7.0
BALMLAWRIE,Balmer Lawrie & Co. Ltd.,Industrials,Conglomerates,2992.0,Small-Cap,MonthlyDoubleBottom,Forming,0.563,45,Sep 45mo | Mid rally 60% | Asymmetry 4%,,Sideways-Above-MA,True,False,Below-MAs,False,Stage2,4,Uptrend,Uptrend,174.96,134.49,82.33,148.72,636.11,745.08,872.71,745.08,325.9,106.4,10.81,,1.44,0.63,7.71,729.0,-17.25,,0,none,13.7,14.6,1.77,13.0,1.03,10.18,5.54,8.46,5.53,12.23,4.25,17.13,18.61,12.5,0.4,lumpy earner,0.1,,2.13,,150.66,5.04,,,,2.22,0.06,1.79,0.0,238.2,148.36,26.5,17.9,-6.98,12.8,0.44,0.66,6,21.0,16.26,11.0,0.0,48.3,MONITOR ⭐,Expected ~106% CAGR (2yr) | ROCE trend rising ↑ | Low D/E 0.10 | FCF yield 5.0% | Piotroski F=6 (above average quality) | PEG 0.63 — undervalued,Pattern still forming (not broken out),3-4 years,Medium-High,"yfinance, screener.in",90,288,,2026-06-20,2026-06-01,19,-5.2,3,1.0
TBOTEK,TBO TEK LIMITED,Consumer Cyclical,Travel Services,14446.0,Mid-Cap,MonthlyDoubleBottom,Forming,0.756,11,Sep 11mo | Mid rally 76% | Asymmetry 1%,,Sideways,False,False,Below-MAs,True,Stage2,3,Uptrend,Uptrend,1178.1,1764.8,996.0,1001.38,1030.39,2533.6,1437.88,1217.2,115.1,46.6,59.52,29.15,10.43,3.28,36.15,0.0,,1714.2,10,strong_buy,17.6,18.0,2.91,14.0,4.94,9.12,2.35,54.12,35.97,79.92,6.09,18.13,27.3,2.0,0.15,highly inconsistent earnings,0.49,,1.08,,961.73,6.66,44.4,0.0,,29.71,-1.14,20.34,1.33,1764.8,1004.2,33.2,17.3,-8.11,,0.23,0.79,4,28.0,15.07,4.0,1.0,48.1,MONITOR ⭐,"Expected ~47% CAGR (2yr) | Revenue CAGR 36% | ROCE trend rising ↑ | FCF yield 6.7% | DII buying +1.3% ↑ | Analyst target ₹1714 (+46%, n=10)",High PE 60 | Pattern still forming (not broken out),3-4 years,Medium-High,"yfinance, screener.in",100,25,,2026-06-20,2026-06-01,19,0.0,3,10.0
BALUFORGE,Balu Forge Industries Limited,Industrials,Metal Fabrication,5161.0,Small-Cap,None,,0.0,0,,,Downtrend,False,False,Below-MAs,False,Stage2,4,Uptrend,Uptrend,448.8,,,381.48,1618.65,3042.57,5719.12,3042.57,577.9,160.4,18.76,,2.91,0.21,15.72,3.0,0.0,,0,none,19.6,22.7,-0.8,27.0,3.94,23.38,11.67,19.81,50.15,50.79,26.96,87.97,100.47,4.9,0.4,lumpy earner,0.1,,3.54,,-314.56,-6.1,54.39,-0.48,,6.03,-1.91,0.89,0.09,719.0,341.05,37.6,31.6,-22.69,,,0.5,5,34.0,3.0,11.0,0.0,48.0,MONITOR ⭐,Expected ~160% CAGR (2yr) | Revenue CAGR 50% | Profit CAGR 88% | ROCE 23% | Nearly debt-free | Promoter 54% holding,None identified,3-4 years,Medium-High,"yfinance, screener.in",100,27,,2026-06-20,2026-06-01,19,-4.4,3,-5.0
MUFTI,CREDO BRANDS MARKETING L,Consumer Cyclical,Apparel Retail,576.0,Small-Cap,None,,0.0,0,,,Sideways,False,False,Below-MAs,True,Stage2,3,Uptrend,Uptrend,77.93,,,66.24,371.03,458.63,566.92,458.63,488.5,142.6,12.15,,1.31,0.51,4.74,341.0,500.0,,0,none,18.4,19.1,-0.3,29.0,1.8,8.01,6.35,8.99,21.92,,15.25,23.61,,10.2,0.15,highly inconsistent earnings,0.52,,3.27,,97.72,16.96,55.01,0.0,,0.46,0.0,3.36,1.03,177.02,63.06,56.0,23.6,-44.54,,,1.1,6,31.0,6.0,11.0,0.0,48.0,MONITOR ⭐,Expected ~143% CAGR (2yr) | Revenue CAGR 22% | Profit CAGR 24% | Promoter 55% holding | OPM 29% | FCF yield 17.0%,None identified,3-4 years,Medium-High,"yfinance, screener.in",100,30,,2026-06-20,2026-06-01,19,0.0,3,-2.0
INDIANB,Indian Bank,Financial Services,Banks - Regional,113886.0,Large-Cap,MonthlyDoubleBottom,Forming,0.582,6,Sep 6mo | Mid rally 64% | Asymmetry 6%,,Downtrend,False,False,Below-MAs,False,Stage2,12,Uptrend,Uptrend,817.1,187.63,110.59,694.53,2323.53,2185.92,3810.44,2975.51,167.5,63.6,9.73,7.88,1.42,0.35,,216.0,28.51,1001.54,13,none,15.4,6.32,,46.92,,34.17,1.25,8.81,14.49,11.54,3.93,28.06,30.02,6.4,0.75,consistent growth,,,,,,,73.84,0.0,,5.82,0.18,17.75,-0.07,1000.9,606.0,18.4,34.8,37.95,179.31,0.66,0.28,2,20.0,9.98,11.0,7.0,48.0,MONITOR ⭐,Expected ~64% CAGR (2yr) | Profit CAGR 28% | Promoter 74% holding | OPM 47% | EPS: consistent growth | Dividend growing 29%/yr,Earnings due 2026-07-23 | Pattern still forming (not broken out),3-4 years,Medium-High,"yfinance, screener.in",80,231,2026-07-23,2026-06-20,2026-06-01,19,0.0,3,0.0
KOTYARK,KOTYARK INDUSTRIES LTD,Basic Materials,Specialty Chemicals,421.0,Micro-Cap,MonthlyDoubleBottom,Forming,1.0,7,Sep 7mo | Mid rally 240% | Asymmetry 8%,,Uptrend,True,True,Tight-Above-MAs,True,Stage2,1,Uptrend,Uptrend,449.0,837.74,236.31,381.65,478.97,1439.17,587.16,530.31,220.5,79.0,22.42,,2.33,2.09,10.14,24.0,-20.63,,0,none,11.6,15.3,-4.0,15.0,-1.4,5.96,8.86,9.38,33.97,,35.71,10.72,,,0.15,highly inconsistent earnings,0.36,,3.22,,-14.24,-3.38,63.84,-3.92,,1.03,-0.03,0.0,0.0,464.25,191.2,3.3,134.8,50.57,-49.28,2.81,-0.69,3,11.0,27.0,2.0,8.0,48.0,MONITOR ⭐,Expected ~79% CAGR (2yr) | Revenue CAGR 34% | Promoter 64% holding | Margin compressing ↓ ⚠️ | MonthlyDoubleBottom forming (7mo base) | Weekly uptrend,Margin compression ↓ | Pattern still forming (not broken out),3-4 years,Medium-High,"yfinance, screener.in",100,55,,2026-06-20,2026-06-01,19,0.0,3,0.0
TARIL,TRANS & RECTI. LTD,Industrials,Electrical Equipment & Parts,9458.0,Mid-Cap,None,,0.0,0,,,Sideways,False,False,Below-MAs,True,Stage2,4,Uptrend,Uptrend,297.4,,,252.79,558.61,761.95,1940.89,1041.25,156.2,60.1,35.73,25.41,7.03,0.41,24.65,6.0,38.67,343.0,3,none,19.1,23.3,3.54,15.0,1.74,10.54,9.1,24.39,21.58,27.59,25.93,86.4,102.44,-5.2,0.15,highly inconsistent earnings,0.3,,1.81,,-265.13,-2.8,64.36,0.0,,8.33,1.32,1.77,-2.41,578.5,224.05,48.6,32.7,-31.47,475.92,,-0.33,5,32.0,6.0,10.0,0.0,48.0,MONITOR ⭐,Expected ~60% CAGR (2yr) | Revenue CAGR 22% | Profit CAGR 86% | ROCE 23% | ROCE trend rising ↑ | Low D/E 0.30,None identified,3-4 years,Medium-High,"yfinance, screener.in",100,156,,2026-06-20,2026-06-01,19,0.0,3,0.0
AGIIL,AGI Infra Limited,Real Estate,Real Estate - Development,4656.0,Small-Cap,None,,0.0,0,,,Sideways-Above-MA,True,False,Tight-Above-MAs,True,Stage2,3,Uptrend,Uptrend,372.5,,,316.62,350.28,439.78,552.15,439.78,18.1,8.7,48.06,,10.04,1.88,35.99,3.0,,,0,none,25.0,20.1,-0.91,35.0,1.11,26.91,5.0,8.62,13.72,26.26,41.79,25.55,41.08,69.6,0.4,lumpy earner,0.38,,1.31,,-85.2,-1.83,71.29,-1.66,,3.98,3.15,0.01,-0.01,434.4,169.42,14.2,119.9,76.97,,,-0.05,3,27.0,12.0,1.0,8.0,48.0,MONITOR ⭐,Expected ~9% CAGR (2yr) | Profit CAGR 26% | ROE 25% | ROCE 20% | Promoter 71% holding | OPM 35%,None identified,3-4 years,Medium-High,"yfinance, screener.in",100,24,,2026-06-20,2026-06-15,5,0.0,1,0.0
HAPPYFORGE,HAPPY FORGINGS LIMITED,Industrials,Metal Fabrication,12567.0,Mid-Cap,MonthlyStage2,Stage Change,1.0,24,10-EMA=1208 | 30-EMA=1094 | Above by 21.8% | MA turning=Yes,MonthlyDoubleBottom+MonthlyStage2,Sideways-Above-MA,True,False,Constructive,False,Stage2,4,Uptrend,Uptrend,1331.9,1093.71,767.47,1132.12,1139.38,1419.95,1456.16,1288.07,6.6,3.3,41.66,28.23,5.9,3.19,26.77,30.0,-25.0,1455.29,7,none,15.2,18.2,-1.5,30.0,0.63,19.5,9.84,9.72,8.9,21.45,13.11,13.05,28.56,23.4,0.4,lumpy earner,0.15,,2.35,,-33.0,-0.26,78.48,-0.02,,1.73,-0.11,16.48,-0.25,1490.0,862.05,10.6,54.5,45.92,,0.89,0.87,4,16.0,22.5,1.0,8.0,47.5,MONITOR ⭐,Expected ~3% CAGR (2yr) | Low D/E 0.15 | Promoter 78% holding | OPM 30% | MonthlyStage2 forming (24mo base) | Sector in Stage2,None identified,3-4 years,Medium-High,"yfinance, screener.in",100,31,,2026-06-20,2026-06-01,19,-2.9,3,-5.0
GODREJPROP,Godrej Properties Limited,Real Estate,Real Estate - Development,50949.0,Large-Cap,MonthlyDoubleBottom,Forming,1.0,17,Sep 17mo | Mid rally 146% | Asymmetry 10%,,Downtrend,False,False,Below-MAs,True,Stage2,3,Uptrend,Uptrend,1691.4,1189.25,460.4,1437.69,3175.24,3635.36,6552.21,4561.23,114.9,46.6,27.55,16.54,2.66,0.63,-140.26,59.0,12.76,2246.55,22,buy,10.2,8.28,1.17,-9.0,6.86,36.06,-0.48,4.23,31.59,46.32,32.54,43.65,46.37,70.1,0.4,lumpy earner,0.82,,1.27,,-4857.33,-9.53,51.66,4.49,,26.17,-1.98,8.19,-2.59,2494.0,1434.0,32.2,17.9,-14.94,-22.41,0.3,0.43,3,23.0,15.5,9.0,0.0,47.5,MONITOR ⭐,Expected ~47% CAGR (2yr) | Revenue CAGR 32% | Profit CAGR 44% | ROCE trend rising ↑ | Promoter 52% holding | Promoters buying ↑,Earnings due 2026-07-30 | Pattern still forming (not broken out),3-4 years,Medium-High,"yfinance, screener.in",100,198,2026-07-30,2026-06-20,2026-06-01,19,-1.4,3,-3.0
SIS,SIS Limited,Industrials,Security & Protection Services,5951.0,Small-Cap,MonthlyStage2,Stage Change,1.0,24,10-EMA=358 | 30-EMA=365 | Above by 17.1% | MA turning=No,MonthlyDoubleBottom+MonthlyStage2,Uptrend,True,True,Tight-Above-MAs,True,Stage2,4,Uptrend,Uptrend,428.0,365.44,280.3,363.8,244.92,450.58,244.92,244.92,5.3,2.6,43.69,11.74,2.34,,9.35,332.0,100.0,440.75,4,none,14.2,13.9,-3.0,4.0,-0.54,0.86,4.56,21.18,12.1,11.86,1050.0,-26.39,-17.77,,0.15,highly inconsistent earnings,0.7,,1.45,,381.57,6.41,71.88,-0.14,,12.56,0.79,6.62,-0.53,444.3,257.05,3.7,66.5,17.65,-19.5,1.17,0.31,4,10.0,28.5,5.0,4.0,47.5,MONITOR ⭐,Expected ~3% CAGR (2yr) | Declining profits (-26% CAGR) ⚠️ | Promoter 72% holding | Margin compressing ↓ ⚠️ | FCF yield 6.4% | FII buying +0.8% ↑,Margin compression ↓,3-4 years,Medium-High,"yfinance, screener.in",100,107,,2026-06-20,2026-06-01,19,5.9,3,-2.5
HUHTAMAKI,Huhtamaki India Limited,Consumer Cyclical,Packaging & Containers,1314.0,Small-Cap,MonthlyDoubleBottom,Forming,1.0,48,Sep 48mo | Mid rally 207% | Asymmetry 4%,,Downtrend,False,False,Below-MAs,False,Stage2,3,Uptrend,Uptrend,163.73,442.79,141.24,139.17,722.19,832.98,960.75,832.98,408.8,125.6,11.16,8.88,1.02,0.73,,115.0,0.0,265.0,1,none,13.0,17.6,0.0,11.0,0.3,4.73,,6.92,26.11,,12.66,15.34,,-2.1,0.75,consistent growth,0.11,,,,,,67.73,0.0,,1.34,0.22,1.14,0.02,272.65,148.6,39.9,10.2,-13.92,-60.64,0.26,,2,24.0,16.5,7.0,0.0,47.5,MONITOR ⭐,Expected ~126% CAGR (2yr) | Revenue CAGR 26% | Low D/E 0.11 | Promoter 68% holding | EPS: consistent growth | PEG 0.73 — undervalued,Pattern still forming (not broken out),3-4 years,Medium-High,"yfinance, screener.in",80,287,,2026-06-20,2026-06-01,19,0.0,3,-1.0
APLAPOLLO,APL Apollo Tubes Limited,Basic Materials,Steel,50467.0,Large-Cap,MonthlyDoubleBottom,Forming,1.0,13,Sep 13mo | Mid rally 119% | Asymmetry 4%,MonthlyCupHandle+MonthlyDoubleBottom,Downtrend,False,False,Below-MAs,False,Stage2,1,Uptrend,Uptrend,1817.6,218.88,97.89,1544.96,1151.95,1744.09,1750.73,1420.12,,,42.02,28.26,9.53,1.8,27.8,32.0,18.0,2230.05,19,buy,25.3,31.6,-0.06,8.0,-0.06,5.21,11.95,11.55,12.6,22.11,58.92,23.28,24.14,20.9,0.15,highly inconsistent earnings,0.09,,1.34,,402.28,0.8,28.25,-0.02,,37.52,4.4,16.05,-3.86,2301.4,1492.0,21.0,21.8,18.54,-4.37,0.62,0.25,4,26.0,15.5,3.0,3.0,47.5,MONITOR ⭐,Profit CAGR 23% | ROE 25% | ROCE 32% | Nearly debt-free | FII buying +4.4% ↑ | Dividend growing 18%/yr,Earnings due 2026-07-23 | Pattern still forming (not broken out),3-4 years,Medium-High,"yfinance, screener.in",100,175,2026-07-23,2026-06-20,2026-06-01,19,-2.5,3,0.0
GABRIEL,Gabriel India Limited,Consumer Cyclical,Auto Parts,18443.0,Mid-Cap,MonthlyDoubleBottom,Forming,1.0,29,Sep 29mo | Mid rally 110% | Asymmetry 7%,,Uptrend,True,False,Constructive,True,Stage2,3,Uptrend,Uptrend,1040.6,29.47,13.58,884.51,665.95,926.29,710.63,687.92,,,59.16,28.93,10.94,17.93,33.77,47.0,36.67,1283.83,6,buy,20.6,26.1,-2.0,9.0,0.0,5.41,9.48,14.87,,,2.86,,,3.5,0.15,highly inconsistent earnings,0.11,,1.66,,88.54,0.48,55.02,0.02,,6.58,0.09,16.28,0.08,1388.0,582.2,25.0,78.7,5.37,354.49,0.32,0.69,5,19.0,25.5,2.0,1.0,47.5,MONITOR ⭐,ROE 21% | ROCE 26% | Low D/E 0.11 | Promoter 55% holding | Piotroski F=5 (above average quality) | Dividend growing 37%/yr,High PE 59 | Pattern still forming (not broken out),3-4 years,Medium-High,"yfinance, screener.in",80,255,,2026-06-20,2026-06-01,19,-5.0,3,0.0
IDBI,IDBI Bank Limited,Financial Services,Banks - Regional,81062.0,Large-Cap,MonthlyDoubleBottom,Forming,1.0,46,Sep 46mo | Mid rally 161% | Asymmetry 6%,MonthlyCupHandle+MonthlyDoubleBottom,Sideways,False,False,Below-MAs,False,Stage2,12,Uptrend,Uptrend,73.56,163.43,60.67,62.53,246.41,333.44,451.21,333.44,353.3,112.9,8.73,15.39,1.18,0.25,,279.0,63.0,,0,none,14.2,6.5,,15.58,,43.38,2.1,0.36,12.12,7.78,20.65,35.32,43.24,,0.75,consistent growth,,,,,,,94.72,0.0,,0.56,0.04,0.08,-0.04,118.38,61.01,37.9,20.6,-19.64,17.71,0.25,0.83,2,19.0,19.5,9.0,0.0,47.5,MONITOR ⭐,Expected ~113% CAGR (2yr) | Profit CAGR 35% | Promoter 95% holding | EPS: consistent growth | Dividend growing 63%/yr | PEG 0.25 — deeply undervalued,Pattern still forming (not broken out),3-4 years,Medium-High,"yfinance, screener.in",80,365,,2026-06-20,2026-06-01,19,0.0,3,0.0
INGERRAND,Ingersoll-Rand (India) Limited,Industrials,Specialty Industrial Machinery,13085.0,Mid-Cap,MonthlyStage2,Stage Change,1.0,24,10-EMA=3913 | 30-EMA=3582 | Above by 22.5% | MA turning=Yes,MonthlyDoubleBottom+MonthlyStage2,Uptrend,True,False,Tight-Above-MAs,True,Stage2,4,Uptrend,Uptrend,4388.3,3582.27,3109.54,3730.05,2150.16,4055.0,2150.16,2150.16,,,51.02,35.28,20.13,,36.23,184.0,16.96,4934.0,1,buy,,,,24.29,,18.29,,18.2,,,-7.4,,,-7.4,0.5,insufficient history,0.01,,,,,,75.0,0.0,,1.3,0.14,8.21,0.01,4605.0,3063.3,4.7,43.3,23.29,40.41,0.74,0.27,1,14.0,28.5,-1.0,6.0,47.5,MONITOR ⭐,Revenue CAGR 18% | Declining profits (-7% CAGR) ⚠️ | Nearly debt-free | Promoter 75% holding | Dividend growing 17%/yr | MonthlyStage2 forming (24mo base),High PE 51,3-4 years,Medium-High,"yfinance, screener.in",50,287,,2026-06-20,2026-06-01,19,0.0,3,0.0
IOB,Indian Overseas Bank,Financial Services,Banks - Regional,64259.0,Large-Cap,MonthlyDoubleBottom,Forming,1.0,28,Sep 28mo | Mid rally 168% | Asymmetry 9%,,Downtrend,False,False,Below-MAs,False,Stage2,12,Uptrend,Uptrend,33.54,176.3,62.82,59.68,80.35,289.78,150.96,110.13,764.0,193.9,12.36,37.08,1.74,0.33,,0.0,-37.86,,0,none,15.6,6.07,,44.19,,37.49,1.25,13.33,18.01,13.44,59.54,37.07,48.2,42.5,0.4,lumpy earner,,,,,,,92.44,0.0,,0.43,0.08,4.28,0.02,41.8,31.2,19.8,7.5,-6.24,14.74,0.21,0.26,2,22.0,16.5,8.0,1.0,47.5,MONITOR ⭐,Expected ~194% CAGR (2yr) | Revenue CAGR 18% | Profit CAGR 37% | Promoter 92% holding | OPM 44% | PEG 0.33 — deeply undervalued,Pattern still forming (not broken out),3-4 years,Medium-High,"yfinance, screener.in",80,287,,2026-06-20,2026-06-01,19,0.0,3,0.0
IRISDOREME,Iris Clothings Limited,Consumer Cyclical,Apparel Manufacturing,624.0,Small-Cap,MonthlyDoubleBottom,Forming,1.0,48,Sep 48mo | Mid rally 289% | Asymmetry 7%,,Uptrend,True,False,Constructive,True,Stage2,3,Uptrend,Uptrend,36.59,106.0,26.35,31.1,43.79,185.65,60.57,51.5,407.4,125.3,43.04,,5.13,2.45,26.13,,,,0,none,14.46,,,15.76,,8.48,8.48,50.4,,,17.6,,,43.5,0.5,insufficient history,0.24,,3.19,,-26.83,-4.3,61.17,0.0,,,0.0,0.79,-0.09,66.53,26.35,45.0,38.9,-36.68,-78.83,0.53,-0.15,3,20.0,25.5,2.0,0.0,47.5,MONITOR ⭐,Expected ~125% CAGR (2yr) | Revenue CAGR 50% | Low D/E 0.24 | Promoter 61% holding | MonthlyDoubleBottom forming (48mo base) | Weekly uptrend,Pattern still forming (not broken out),3-4 years,Medium-High,"yfinance, screener.in",70,91,,2026-06-20,2026-06-01,19,0.0,3,0.0
RPGLIFE,RPG Life Sciences Limited,Healthcare,Drug Manufacturers - Specialty & Generic,3666.0,Small-Cap,MonthlyStage2,Stage Change,1.0,24,10-EMA=2168 | 30-EMA=1956 | Above by 16.7% | MA turning=Yes,MonthlyDoubleBottom+MonthlyStage2,Sideways-Above-MA,True,False,Constructive,True,Stage2,5,Uptrend,Uptrend,2282.6,1956.12,1609.85,1940.21,2508.42,2508.42,2508.42,2508.42,9.9,4.8,31.85,77.56,6.06,,23.19,90.0,35.72,,0,none,19.8,26.2,,21.0,-3.0,16.28,10.82,8.42,,,-37.16,,,-74.5,0.5,insufficient history,0.03,,3.48,,-15.23,-0.42,72.95,0.0,,0.87,-0.13,7.45,0.41,2725.0,1733.0,16.2,31.7,0.65,137.07,0.85,-0.21,4,21.0,22.5,2.0,2.0,47.5,MONITOR ⭐,Expected ~5% CAGR (2yr) | Revenue CAGR 24% | Declining profits (-74% CAGR) ⚠️ | ROCE 26% | Nearly debt-free | Promoter 73% holding,Margin compression ↓,3-4 years,Medium-High,"yfinance, screener.in",80,286,,2026-06-20,2026-06-01,19,0.0,3,0.0
COCHINSHIP,Cochin Shipyard Limited,Industrials,Aerospace & Defense,37471.0,Large-Cap,MonthlyDoubleBottom,Forming,1.0,13,Sep 13mo | Mid rally 115% | Asymmetry 1%,MonthlyCupHandle+MonthlyDoubleBottom+MonthlyStage2,Downtrend,False,False,Below-MAs,False,Stage2,4,Uptrend,Uptrend,1424.3,2529.76,1170.04,1210.65,1302.04,3889.48,2302.14,1731.33,173.1,65.3,52.36,32.22,6.38,1.59,45.27,93.0,-27.01,1455.75,4,hold,12.5,16.0,0.06,16.0,-1.17,14.27,3.05,4.19,28.53,12.24,-13.3,32.97,3.32,-3.7,0.15,highly inconsistent earnings,0.28,,1.33,,1064.16,2.84,67.91,0.0,,3.1,0.36,6.05,-0.42,2278.0,1187.0,37.5,20.0,-14.46,317.9,0.26,0.56,3,30.0,15.5,2.0,0.0,47.5,MONITOR ⭐,Expected ~65% CAGR (2yr) | Revenue CAGR 29% | Profit CAGR 33% | ROCE trend rising ↑ | Low D/E 0.28 | Promoter 68% holding,High PE 52 | Margin compression ↓ | Pattern still forming (not broken out),3-4 years,Medium-High,"yfinance, screener.in",100,107,,2026-06-20,2026-06-01,19,-4.4,3,1.0
WELENT,Welspun Enterprises Limited,Industrials,Engineering & Construction,7489.0,Small-Cap,MonthlyDoubleBottom,Forming,1.0,29,Sep 29mo | Mid rally 187% | Asymmetry 6%,MonthlyDoubleBottom+MonthlyStage2,Sideways-Above-MA,True,False,Constructive,True,Stage2,4,Uptrend,Uptrend,493.55,163.04,55.02,419.52,586.05,586.05,586.05,586.05,18.7,9.0,21.05,15.01,2.82,,10.54,54.0,25.99,,0,none,14.1,16.8,2.49,21.0,1.94,9.68,6.51,0.86,9.44,18.76,11.02,-18.5,24.76,53.0,0.15,highly inconsistent earnings,0.61,,1.96,,635.45,8.48,56.13,0.0,,3.47,-0.29,9.32,0.07,580.0,412.0,14.9,19.8,-0.53,126.04,0.86,0.42,5,17.0,22.5,4.0,4.0,47.5,MONITOR ⭐,Expected ~9% CAGR (2yr) | Declining profits (-18% CAGR) ⚠️ | ROCE trend rising ↑ | Promoter 56% holding | FCF yield 8.5% | Piotroski F=5 (above average quality),Pattern still forming (not broken out),3-4 years,Medium-High,"yfinance, screener.in",100,259,,2026-06-20,2026-06-01,19,0.0,3,2.0
FORTIS,Fortis Healthcare Limited,Healthcare,Medical Care Facilities,74767.0,Large-Cap,MonthlyDoubleBottom,Forming,1.0,29,Sep 29mo | Mid rally 147% | Asymmetry 0%,,Uptrend,True,False,Uptrend,True,Stage2,5,Uptrend,Uptrend,990.35,186.33,75.52,841.8,727.76,958.62,1028.85,865.31,,,71.92,42.31,7.56,3.81,37.39,10.0,0.0,1098.58,19,strong_buy,11.3,13.5,1.74,23.0,1.97,11.41,6.89,17.28,13.17,17.76,31.52,18.9,63.52,44.6,0.15,highly inconsistent earnings,0.34,,0.86,,173.28,0.23,31.17,0.0,,25.98,-1.86,31.35,2.02,1104.3,743.65,10.3,33.2,20.26,168.57,0.39,0.65,6,15.0,26.5,0.0,6.0,47.5,MONITOR ⭐,ROCE trend rising ↑ | Piotroski F=6 (above average quality) | DII buying +2.0% ↑ | MonthlyDoubleBottom forming (29mo base) | Weekly uptrend | Sector in Stage2,High PE 72 | Earnings due 2026-08-06 | Pattern still forming (not broken out),3-4 years,Medium-High,"yfinance, screener.in",100,230,2026-08-06,2026-06-20,2026-06-01,19,3.1,3,5.0
JAGSNPHARM,Jagsonpal Pharmaceuticals Limited,Healthcare,Drug Manufacturers - Specialty & Generic,1392.0,Small-Cap,MonthlyDoubleBottom,Forming,0.85,21,Sep 21mo | Mid rally 95% | Asymmetry 10%,MonthlyDoubleBottom+MonthlyStage2,Sideways,False,False,Below-MAs,True,Stage2,5,Uptrend,Uptrend,197.22,199.22,97.44,167.64,342.36,423.84,524.71,423.84,114.9,46.6,33.45,,5.37,1.41,23.83,118.0,75.0,,0,none,16.7,,,13.77,,15.0,10.22,9.6,,,23.8,,,33.1,0.5,insufficient history,0.03,,5.06,,39.77,2.86,69.36,1.47,,2.46,0.02,0.31,0.09,301.65,155.0,34.6,27.2,-3.25,12.17,0.31,-0.36,4,24.0,17.2,6.0,0.0,47.2,MONITOR ⭐,Expected ~47% CAGR (2yr) | Profit CAGR 24% | Nearly debt-free | Promoter 69% holding | Promoters buying ↑ | Dividend growing 75%/yr,Pattern still forming (not broken out),3-4 years,Medium-High,"yfinance, screener.in",70,287,,2026-06-20,2026-06-01,19,0.0,3,2.0
CRAFTSMAN,Craftsman Automation Limited,Consumer Cyclical,Auto Parts,21273.0,Mid-Cap,MonthlyDoubleBottom,Forming,0.886,13,Sep 13mo | Mid rally 91% | Asymmetry 2%,,Uptrend,True,False,Uptrend,True,Stage2,3,Uptrend,Uptrend,8917.5,7115.25,3696.88,7579.88,7882.38,10533.62,10466.18,9082.86,18.1,8.7,55.55,28.35,6.52,3.65,19.97,13.0,10.06,9161.88,8,none,12.8,14.2,-0.54,15.0,-2.66,4.76,6.17,41.81,36.35,38.91,91.04,15.23,31.68,74.4,0.15,highly inconsistent earnings,1.11,,1.18,,-920.06,-4.32,48.7,0.0,,15.19,-0.83,28.29,3.04,9738.0,5100.0,8.4,74.9,36.81,72.62,0.61,0.27,3,11.0,24.13,4.0,8.0,47.1,MONITOR ⭐,Expected ~9% CAGR (2yr) | Revenue CAGR 36% | Margin compressing ↓ ⚠️ | DII buying +3.0% ↑ | Dividend growing 10%/yr | EV/EBITDA 20× vs sector 25×,High D/E 1.1 | High PE 56 | Margin compression ↓ | Pattern still forming (not broken out),3-4 years,Medium-High,"yfinance, screener.in",100,64,,2026-06-20,2026-06-01,19,4.5,3,-5.0
LICI,Life Insurance Corporation of India,Financial Services,Insurance - Life,505178.0,Large-Cap,MonthlyCupHandle,Forming,0.835,20,Cup 20mo | Depth 24% | Prior gain 55% | R²=0.98,MonthlyCupHandle+MonthlyDoubleBottom,Sideways,False,False,Below-MAs,True,Stage2,12,Uptrend,Uptrend,803.5,1090.33,826.98,785.63,2306.23,2695.06,3149.45,2695.06,235.4,83.1,8.79,7.08,2.07,0.52,9.13,250.0,100.0,525.4,24,strong_buy,37.8,35.1,-4.97,5.0,1.23,6.56,0.58,9.87,7.61,7.19,18.9,16.86,80.8,55.1,0.15,highly inconsistent earnings,,,5.95,,4030.76,0.8,96.5,0.0,,0.33,0.02,1.09,-0.18,490.0,360.75,-64.0,122.7,-8.59,7.88,0.49,0.56,3,18.0,17.02,11.0,1.0,47.0,MONITOR ⭐,Expected ~83% CAGR (2yr) | ROE 38% | ROCE 35% | Promoter 96% holding | Dividend growing 100%/yr | PEG 0.52 — undervalued,Earnings due 2026-08-06 | Pattern still forming (not broken out),3-4 years,Medium-High,"yfinance, screener.in",90,49,2026-08-06,2026-06-20,2026-06-01,19,0.0,3,-1.0
SMSPHARMA,SMS Pharmaceuticals Limited,Healthcare,Drug Manufacturers - General,3591.0,Small-Cap,MonthlyDoubleBottom,Forming,1.0,9,Sep 9mo | Mid rally 126% | Asymmetry 1%,MonthlyCupHandle+MonthlyDoubleBottom,Sideways-Above-MA,True,False,Constructive,False,Stage2,5,Uptrend,Uptrend,382.1,397.02,174.82,324.79,577.96,682.28,805.43,682.28,78.6,33.6,34.36,,4.69,1.9,22.32,10.0,10.06,,0,none,14.3,13.3,-0.34,19.0,-0.6,11.5,6.53,13.28,19.33,9.52,47.83,18.05,26.09,61.0,0.15,highly inconsistent earnings,0.47,,1.81,,-95.11,-2.65,68.07,0.0,,0.31,0.27,3.02,-0.19,447.8,207.7,14.7,84.0,67.93,205.28,0.23,0.32,4,14.0,21.0,4.0,8.0,47.0,MONITOR ⭐,Expected ~34% CAGR (2yr) | Revenue CAGR 19% | Promoter 68% holding | Margin compressing ↓ ⚠️ | Dividend growing 10%/yr | MonthlyDoubleBottom forming (9mo base),Margin compression ↓ | Pattern still forming (not broken out),3-4 years,Medium-High,"yfinance, screener.in",100,233,,2026-06-20,2026-06-01,19,-6.9,3,1.0
ELECTHERM,Electrotherm (India) Limited,Basic Materials,Steel,1517.0,Small-Cap,MonthlyStage2,Breaking Out,1.0,24,10-EMA=893 | 30-EMA=786 | Above by 51.5% | MA turning=Yes,MonthlyDoubleBottom+MonthlyStage2,Uptrend,True,True,Constructive,True,Stage2,1,Uptrend,Uptrend,1190.1,785.63,555.35,1011.58,,1015.91,,,,,,,-9.85,,58.08,0.0,0.0,,0,none,,0.45,2.31,1.0,-0.46,-0.42,-0.01,-10.28,6.3,7.95,-103.62,164.08,171.43,-92.7,0.2,multiple loss years in history,,,0.53,,250.96,16.55,29.9,0.0,,5.86,-0.03,0.8,-0.05,1280.4,551.0,7.1,116.0,29.46,1305.68,5.56,0.72,3,15.0,27.0,-1.0,6.0,47.0,MONITOR ⭐,Profit CAGR 164% | ROCE trend rising ↑ | FCF yield 16.5% | MonthlyStage2 — Breaking Out | Weekly uptrend | Weekly volume expanding,None identified,3-4 years,Medium-High,"yfinance, screener.in",70,227,,2026-06-20,2026-06-01,19,70.2,3,12.0
EMCURE,EMCURE PHARMACEUTICALS L,Healthcare,Drug Manufacturers - Specialty & Generic,32929.0,Large-Cap,None,,0.0,0,,,Uptrend,True,False,Uptrend,True,Stage2,5,Uptrend,Uptrend,1736.2,,,1475.77,2571.0,2588.58,3625.52,3053.07,49.1,22.1,35.59,23.31,6.65,1.9,19.18,17.0,,1891.83,6,none,20.1,24.0,-0.2,20.0,-0.97,10.04,9.62,16.57,15.42,12.83,33.1,18.75,17.56,28.8,0.15,highly inconsistent earnings,0.31,,1.43,,311.29,0.95,77.87,0.0,,3.35,-0.24,6.1,0.0,1830.0,1228.9,5.1,41.3,28.05,,,,4,22.0,13.0,6.0,6.0,47.0,MONITOR ⭐,Expected ~22% CAGR (2yr) | Revenue CAGR 15% | ROE 20% | ROCE 24% | Promoter 78% holding | Margin compressing ↓ ⚠️,Margin compression ↓,3-4 years,Medium-High,"yfinance, screener.in",100,24,,2026-06-20,2026-06-15,5,0.0,1,-2.0
GICL,GLOBE INTL CARRIERS LTD,Industrials,Integrated Freight & Logistics,249.0,Micro-Cap,MonthlyDoubleBottom,Forming,1.0,7,Sep 7mo | Mid rally 121% | Asymmetry 3%,,Downtrend,False,False,Below-MAs,False,Stage2,4,Uptrend,Uptrend,22.22,77.7,34.6,32.87,19.62,120.8,64.8,35.66,443.7,133.2,74.07,,3.67,0.91,22.99,0.0,,,0,none,12.5,15.9,1.51,11.0,1.2,5.63,7.99,11.46,15.36,16.95,140.0,81.71,64.38,3.8,0.4,lumpy earner,0.46,,2.3,,-60.69,-24.39,63.49,0.0,,0.02,0.02,0.0,0.0,169.95,20.39,86.9,9.0,-76.99,-66.55,3.47,-0.33,6,26.0,15.0,6.0,0.0,47.0,MONITOR ⭐,Expected ~133% CAGR (2yr) | Revenue CAGR 15% | Profit CAGR 82% | ROCE trend rising ↑ | Promoter 63% holding | Piotroski F=6 (above average quality),High PE 74 | Pattern still forming (not broken out),3-4 years,Medium-High,"yfinance, screener.in",100,112,,2026-06-20,2026-06-15,5,0.0,1,0.0
KSOLVES,Ksolves India Limited,Technology,Software - Application,676.0,Small-Cap,MonthlyDoubleBottom,Forming,0.481,9,Sep 9mo | Mid rally 50% | Asymmetry 2%,,Downtrend,False,False,Below-MAs,False,Downtrend,0,Uptrend,Uptrend,282.35,678.94,446.67,424.34,483.0,911.21,592.85,535.11,222.7,79.6,19.69,,22.96,1.82,13.94,702.0,-17.79,,0,none,137.0,131.0,-2.57,30.0,-2.51,21.1,47.64,18.98,27.85,42.23,65.8,10.79,30.45,65.3,0.15,highly inconsistent earnings,0.19,,2.4,,20.58,3.05,58.92,-0.02,,0.08,-0.04,0.01,0.0,402.0,245.75,29.8,14.9,-6.76,-53.99,1.14,-0.07,5,33.0,7.77,6.0,0.0,46.8,MONITOR ⭐,Expected ~80% CAGR (2yr) | Revenue CAGR 28% | ROE 137% | ROCE 131% | Low D/E 0.19 | Promoter 59% holding,Margin compression ↓ | Pattern still forming (not broken out),3-4 years,Medium-High,"yfinance, screener.in",100,70,,2026-06-20,2026-06-01,19,0.0,3,0.0
INDIASHLTR,India Shelter Finance Corporation Limited,Financial Services,Mortgage Finance,8631.0,Mid-Cap,MonthlyDoubleBottom,Forming,0.519,13,Sep 13mo | Mid rally 60% | Asymmetry 8%,MonthlyDoubleBottom+MonthlyStage2,Downtrend,False,False,Below-MAs,True,Stage2,12,Uptrend,Uptrend,778.8,1005.98,603.54,661.98,1416.96,1673.29,3105.81,2097.81,114.9,46.6,17.58,11.27,2.69,0.37,,63.0,,1036.5,8,none,17.0,12.8,,63.12,,48.22,5.8,31.05,37.72,36.97,33.07,48.05,42.04,27.2,0.75,consistent growth,1.95,,55.08,,,,47.53,-0.07,,6.87,-0.61,21.39,0.67,1011.75,653.2,23.0,19.2,-3.33,,0.36,-0.05,3,25.0,9.73,11.0,1.0,46.7,MONITOR ⭐,Expected ~47% CAGR (2yr) | Revenue CAGR 38% | Profit CAGR 48% | OPM 63% | EPS: consistent growth | DII buying +0.7% ↑,High D/E 2.0 | Pattern still forming (not broken out),3-4 years,Medium-High,"yfinance, screener.in",90,30,,2026-06-20,2026-06-01,19,0.0,3,0.0
ALMONDZ,Almondz Global Securities Limited,Financial Services,Capital Markets,239.0,Micro-Cap,MonthlyDoubleBottom,Forming,1.0,36,Sep 36mo | Mid rally 282% | Asymmetry 9%,,Downtrend,False,False,Below-MAs,False,Stage2,12,Uptrend,Uptrend,13.68,39.13,9.83,11.63,42.93,68.43,63.81,52.33,400.2,123.7,8.39,,0.91,0.38,,0.0,11.87,,0,none,11.2,11.7,-0.49,15.0,-0.06,14.82,7.82,16.0,31.8,22.53,70.59,21.92,10.01,-15.8,0.15,highly inconsistent earnings,0.17,,2.56,,,,51.18,0.0,,0.02,-0.04,0.12,0.12,26.6,10.68,48.6,28.1,-31.36,-32.96,0.18,0.35,3,20.0,16.5,10.0,0.0,46.5,MONITOR ⭐,Expected ~124% CAGR (2yr) | Revenue CAGR 32% | Profit CAGR 22% | Low D/E 0.17 | Promoter 51% holding | Dividend growing 12%/yr,Pattern still forming (not broken out),3-4 years,Medium-High,"yfinance, screener.in",90,217,,2026-06-20,2026-06-01,19,-4.7,3,0.0
DIACABS,Diamond Power Infrastructure Limited,Industrials,Specialty Industrial Machinery,10640.0,Mid-Cap,MonthlyDoubleBottom,Forming,1.0,39,Sep 39mo | Mid rally 421% | Asymmetry 4%,,Uptrend,True,True,Tight-Above-MAs,True,Stage2,4,Uptrend,Uptrend,201.91,1438.5,271.0,257.45,105.79,2606.0,133.87,119.01,1190.7,259.3,67.08,,-17.61,5.37,56.45,0.0,-66.67,,0,none,,26.5,-1.74,12.0,3.91,8.28,5.99,71.3,19.08,-7.22,364.71,12.49,4.63,690.9,0.2,multiple loss years in history,,,2.04,,-258.15,-2.43,84.02,0.0,,0.36,-0.08,0.07,-0.03,212.4,99.36,4.9,103.2,23.9,915.85,0.87,0.66,4,11.0,28.5,-1.0,8.0,46.5,MONITOR ⭐,Expected ~259% CAGR (2yr) | Revenue CAGR 19% | ROCE 26% | Promoter 84% holding | MonthlyDoubleBottom forming (39mo base) | Weekly uptrend,High PE 67 | Pattern still forming (not broken out),3-4 years,Medium-High,"yfinance, screener.in",80,190,,2026-06-20,2026-06-01,19,6.1,3,0.0
FINCABLES,Finolex Cables Limited,Industrials,Electrical Equipment & Parts,15841.0,Mid-Cap,MonthlyDoubleBottom,Forming,1.0,32,Sep 32mo | Mid rally 130% | Asymmetry 8%,MonthlyCupHandle+MonthlyDoubleBottom+MonthlyStage2,Uptrend,True,False,Uptrend,True,Stage2,4,Uptrend,Uptrend,1035.8,1674.55,700.8,880.43,1634.39,2648.3,2061.55,1835.58,155.7,59.9,22.18,15.32,2.6,1.8,22.27,77.0,10.06,1204.33,6,buy,12.3,16.0,-0.74,10.0,-0.49,11.29,5.27,18.84,12.15,17.96,1.85,12.31,9.14,17.1,0.15,highly inconsistent earnings,0.0,,8.42,,-130.67,-0.82,35.86,0.0,,9.62,0.2,16.44,0.67,1184.8,700.8,12.6,47.8,22.97,-19.62,0.88,0.52,4,10.0,26.5,4.0,6.0,46.5,MONITOR ⭐,Expected ~60% CAGR (2yr) | Nearly debt-free | DII buying +0.7% ↑ | Dividend growing 10%/yr | MonthlyDoubleBottom forming (32mo base) | Weekly uptrend,Earnings due 2026-08-11 | Pattern still forming (not broken out),3-4 years,Medium-High,"yfinance, screener.in",100,288,2026-08-11,2026-06-20,2026-06-01,19,-1.9,3,0.0
JSL,Jindal Stainless Limited,Basic Materials,Steel,57227.0,Large-Cap,MonthlyDoubleBottom,Forming,1.0,37,Sep 37mo | Mid rally 301% | Asymmetry 1%,,Downtrend,False,False,Below-MAs,False,Stage2,1,Uptrend,Uptrend,739.2,235.75,58.67,628.32,1024.53,1056.07,1359.42,1180.16,42.9,19.5,17.95,13.44,12.71,1.18,6.47,43.0,-34.14,869.93,14,strong_buy,17.8,19.3,-1.77,13.0,-0.23,7.43,7.32,9.27,6.36,28.65,27.4,15.19,50.03,42.7,0.15,highly inconsistent earnings,0.38,,1.25,,1966.33,3.44,62.04,0.82,,20.87,-0.66,7.15,-0.08,884.0,652.2,16.4,13.3,12.96,104.0,0.38,0.33,3,17.0,16.5,10.0,3.0,46.5,MONITOR ⭐,Expected ~20% CAGR (2yr) | Promoter 62% holding | FCF yield 3.4% | PEG 1.18 — fair value | EV/EBITDA 6× below sector (10×) | MonthlyDoubleBottom forming (37mo base),Earnings due 2026-08-05 | Pattern still forming (not broken out),3-4 years,Medium-High,"yfinance, screener.in",100,271,2026-08-05,2026-06-20,2026-06-01,19,0.0,3,0.0
ASIANENE,Asian Energy Services Limited,Energy,Oil & Gas Equipment & Services,1779.0,Small-Cap,MonthlyStage2,Stage Change,1.0,24,10-EMA=317 | 30-EMA=289 | Above by 26.7% | MA turning=Yes,MonthlyDoubleBottom+MonthlyStage2,Uptrend,True,False,Tight-Above-MAs,True,Stage2,1,Uptrend,Uptrend,366.2,288.93,238.85,311.27,224.85,339.01,272.37,247.47,,,32.26,,3.32,3.21,17.32,27.0,,,0,none,12.9,16.5,0.43,12.0,-1.77,6.47,6.33,70.11,93.02,28.14,23.81,10.06,12.39,41.9,0.15,highly inconsistent earnings,0.32,,2.11,,-115.09,-6.47,56.16,-4.59,,1.18,-0.16,0.75,-0.06,392.0,230.0,6.6,59.2,9.0,176.57,1.06,0.79,5,16.0,28.5,-1.0,3.0,46.5,MONITOR ⭐,Revenue CAGR 93% | ROCE trend rising ↑ | Promoter 56% holding | Margin compressing ↓ ⚠️ | Piotroski F=5 (above average quality) | MonthlyStage2 forming (24mo base),Margin compression ↓,3-4 years,Medium-High,"yfinance, screener.in",100,55,,2026-06-20,2026-06-01,19,14.4,3,3.4
ANGELONE,Angel One Limited,Financial Services,Capital Markets,31008.0,Large-Cap,MonthlyStage2,Stage Change,1.0,24,10-EMA=281 | 30-EMA=249 | Above by 36.6% | MA turning=Yes,MonthlyDoubleBottom+MonthlyStage2,Uptrend,True,False,Tight-Above-MAs,True,Stage2,12,Uptrend,Uptrend,339.5,248.6,209.38,288.57,214.74,287.82,218.75,216.74,,,34.47,19.58,5.05,37.06,,206.0,-3.56,353.64,11,buy,15.6,14.8,-2.63,35.0,-0.4,19.29,4.49,-1.93,19.62,31.86,-21.93,0.93,25.24,83.5,0.15,highly inconsistent earnings,1.29,,1.32,,,,28.8,-0.07,,12.81,0.36,18.88,0.77,351.0,208.63,3.3,62.7,37.27,111.88,0.34,0.08,2,7.0,28.5,1.0,10.0,46.5,MONITOR ⭐,Revenue CAGR 20% | OPM 35% | DII buying +0.8% ↑ | MonthlyStage2 forming (24mo base) | Weekly uptrend | Tight daily consolidation above MAs,High D/E 1.3,3-4 years,Medium-High,"yfinance, screener.in",90,69,,2026-06-20,2026-06-01,19,3.5,3,4.0
BANKBARODA,Bank of Baroda Limited,Financial Services,Banks - Regional,142083.0,Large-Cap,MonthlyDoubleBottom,Forming,1.0,32,Sep 32mo | Mid rally 187% | Asymmetry 3%,,Sideways-Above-MA,True,False,Constructive,True,Stage2,12,Uptrend,Uptrend,274.75,71.55,24.51,233.54,913.4,728.38,1108.84,1006.39,165.1,62.8,7.16,6.38,0.86,0.7,,309.0,15.62,311.35,34,buy,12.7,5.63,,38.45,,31.18,1.01,4.97,12.43,12.56,-3.81,10.18,65.43,7.0,0.15,highly inconsistent earnings,,,,,,,63.97,0.0,,9.69,-0.15,18.92,0.2,325.5,230.52,15.6,19.2,20.13,24.9,1.08,0.42,2,10.0,22.5,9.0,5.0,46.5,MONITOR ⭐,Expected ~63% CAGR (2yr) | Promoter 64% holding | OPM 38% | Dividend growing 16%/yr | PEG 0.70 — undervalued | MonthlyDoubleBottom forming (32mo base),Earnings due 2026-07-24 | Pattern still forming (not broken out),3-4 years,Medium-High,"yfinance, screener.in",80,288,2026-07-24,2026-06-20,2026-06-01,19,5.4,3,4.0
STARCEMENT,Star Cement Limited,Basic Materials,Building Materials,8834.0,Mid-Cap,MonthlyDoubleBottom,Forming,0.74,27,Sep 27mo | Mid rally 79% | Asymmetry 5%,MonthlyCupHandle+MonthlyDoubleBottom+MonthlyStage2,Downtrend,False,False,Below-MAs,False,Stage2,1,Uptrend,Uptrend,210.72,137.3,74.75,179.11,235.63,275.98,318.65,274.01,31.0,14.4,22.46,19.25,2.77,1.38,10.03,92.0,30.0,278.92,13,strong_buy,13.2,16.7,0.2,25.0,1.09,10.42,8.15,19.38,11.76,17.03,130.77,16.29,15.84,20.4,0.15,highly inconsistent earnings,0.19,,1.31,,137.88,1.56,58.12,0.5,,2.26,-0.21,2.65,-1.83,308.95,196.53,31.8,7.2,7.53,28.05,0.28,-0.03,6,23.0,13.38,9.0,1.0,46.4,MONITOR ⭐,Expected ~14% CAGR (2yr) | ROCE trend rising ↑ | Low D/E 0.19 | Promoter 58% holding | Piotroski F=6 (above average quality) | Dividend growing 30%/yr,Pattern still forming (not broken out),3-4 years,Medium-High,"yfinance, screener.in",100,108,,2026-06-20,2026-06-01,19,0.0,3,0.0
DODLA,Dodla Dairy Limited,Consumer Defensive,Food Distribution,6544.0,Small-Cap,MonthlyDoubleBottom,Forming,0.579,13,Sep 13mo | Mid rally 58% | Asymmetry 0%,,Sideways,False,False,Below-MAs,True,Stage2,15,Uptrend,Uptrend,1084.8,1522.83,964.1,922.08,2868.25,2756.31,4834.68,3723.85,154.1,59.4,24.51,19.29,3.91,0.82,20.08,46.0,-33.33,1305.0,4,none,17.5,18.0,-1.03,7.0,-0.71,6.47,7.39,10.89,13.62,16.24,2.69,29.83,16.21,2.6,0.15,highly inconsistent earnings,0.03,,2.44,,115.02,1.76,58.92,0.0,,6.44,-0.92,25.34,1.58,1525.0,964.1,28.9,12.5,-9.96,23.09,0.14,0.29,5,21.0,13.45,12.0,0.0,46.4,MONITOR ⭐,Expected ~59% CAGR (2yr) | Profit CAGR 30% | Nearly debt-free | Promoter 59% holding | Margin compressing ↓ ⚠️ | Piotroski F=5 (above average quality),Margin compression ↓ | Pattern still forming (not broken out),3-4 years,Medium-High,"yfinance, screener.in",100,61,,2026-06-20,2026-06-01,19,5.4,3,2.0
KPIGREEN,KPI Green Energy Limited,Utilities,Utilities - Renewable,7935.0,Small-Cap,MonthlyDoubleBottom,Forming,0.739,14,Sep 14mo | Mid rally 81% | Asymmetry 7%,MonthlyDoubleBottom+MonthlyStage2,Sideways,False,False,Below-MAs,True,Stage2,4,Uptrend,Uptrend,438.0,587.43,312.67,372.3,1049.11,1748.24,2913.27,1748.24,299.1,99.8,16.7,,2.61,0.25,13.15,21.0,8.74,,0,none,17.4,13.8,-0.54,36.0,-4.26,17.66,7.03,55.39,61.17,92.5,56.62,66.64,87.44,46.6,0.75,consistent growth,1.59,,1.64,,-2525.15,-31.82,49.49,0.24,,8.24,-0.44,0.64,0.01,563.0,335.65,22.2,30.5,-7.02,119.92,0.93,0.38,4,21.0,15.37,10.0,0.0,46.4,MONITOR ⭐,Expected ~100% CAGR (2yr) | Revenue CAGR 61% | Profit CAGR 67% | OPM 36% | Margin compressing ↓ ⚠️ | EPS: consistent growth,High D/E 1.6 | Margin compression ↓ | Pattern still forming (not broken out),3-4 years,Medium-High,"yfinance, screener.in",100,59,,2026-06-20,2026-06-01,19,0.0,3,2.0
FEDERALBNK,The Federal Bank Limited,Financial Services,Banks - Regional,77820.0,Large-Cap,MonthlyDoubleBottom,Forming,1.0,19,Sep 19mo | Mid rally 253% | Asymmetry 3%,,Uptrend,True,True,Uptrend,True,Stage2,12,Uptrend,Uptrend,315.7,30.68,8.58,268.34,422.51,409.83,528.49,472.54,29.8,13.9,18.05,13.29,1.94,1.52,,38.0,-12.64,315.76,34,none,11.6,6.39,,43.17,,29.91,1.18,5.58,18.55,15.7,6.07,11.84,21.73,22.9,0.15,highly inconsistent earnings,,,,,,,,,,26.05,1.11,50.39,-0.71,318.35,185.11,0.8,70.5,61.52,117.71,0.55,0.3,2,7.0,26.0,3.0,10.0,46.0,MONITOR ⭐,Expected ~14% CAGR (2yr) | Revenue CAGR 19% | OPM 43% | FII buying +1.1% ↑ | MonthlyDoubleBottom forming (19mo base) | Weekly uptrend,Earnings due 2026-07-30 | Pattern still forming (not broken out),3-4 years,Medium-High,"yfinance, screener.in",70,366,2026-07-30,2026-06-20,2026-06-01,19,10.2,3,-4.0
CENTRALBK,Central Bank of India,Financial Services,Banks - Regional,28096.0,Mid-Cap,MonthlyDoubleBottom,Forming,1.0,7,Sep 7mo | Mid rally 114% | Asymmetry 0%,,Downtrend,False,False,Below-MAs,False,Stage2,12,Uptrend,Uptrend,31.04,20.82,9.73,26.38,150.1,208.61,289.92,208.61,572.1,159.2,6.21,,0.72,0.16,,447.0,24.0,,0,none,11.8,5.62,,34.41,,24.42,0.88,7.02,12.13,9.64,14.91,38.98,46.56,-32.5,0.75,consistent growth,,,,,,,81.19,-8.08,,0.84,0.09,10.82,6.0,40.92,29.32,24.1,5.9,-6.92,-13.12,0.92,0.39,2,20.0,15.0,10.0,1.0,46.0,MONITOR ⭐,Expected ~159% CAGR (2yr) | Profit CAGR 39% | Promoter 81% holding | OPM 34% | EPS: consistent growth | DII buying +6.0% ↑,Pattern still forming (not broken out),3-4 years,Medium-High,"yfinance, screener.in",80,227,,2026-06-20,2026-06-01,19,-8.8,3,1.0
INDOAMIN,Indo Amines Limited,Basic Materials,Chemicals,950.0,Small-Cap,MonthlyDoubleBottom,Forming,1.0,9,Sep 9mo | Mid rally 153% | Asymmetry 1%,,Sideways-Above-MA,True,True,Constructive,True,Stage2,1,Uptrend,Uptrend,125.74,174.13,68.34,106.88,278.57,346.65,431.38,346.65,175.7,66.0,12.13,,2.63,0.5,11.11,36.0,0.0,,0,none,22.4,19.9,0.49,11.0,0.14,6.19,,7.51,7.07,16.48,41.07,24.44,16.38,4.9,0.15,highly inconsistent earnings,0.85,,,,,,58.42,0.0,,0.02,0.02,,,176.25,81.9,28.7,53.5,-17.44,-15.67,1.65,0.05,2,17.0,21.0,8.0,0.0,46.0,MONITOR ⭐,Expected ~66% CAGR (2yr) | Profit CAGR 24% | ROE 22% | ROCE trend rising ↑ | Promoter 58% holding | PEG 0.50 — deeply undervalued,Pattern still forming (not broken out),3-4 years,Medium-High,"yfinance, screener.in",80,50,,2026-06-20,2026-06-01,19,0.0,3,1.0
COMSYN,Commercial Syn Bags Limited,Consumer Cyclical,Packaging & Containers,685.0,Small-Cap,None,,0.0,0,,,Uptrend,True,False,Uptrend,True,Stage2,3,Uptrend,Uptrend,169.9,,,144.41,548.5,812.43,1203.38,812.43,378.2,118.7,27.1,,3.82,0.56,15.92,24.0,,,0,none,16.1,13.9,-0.17,12.0,0.03,6.76,7.46,11.53,10.1,12.69,52.94,48.12,16.72,-21.4,0.15,highly inconsistent earnings,0.72,,1.27,,-7.46,-1.09,59.18,0.39,,0.17,0.17,0.09,0.09,199.9,123.3,15.0,37.8,31.68,,,,4,16.0,13.0,10.0,7.0,46.0,MONITOR ⭐,Expected ~119% CAGR (2yr) | Profit CAGR 48% | Promoter 59% holding | PEG 0.56 — undervalued | EV/EBITDA 16× below sector (25×) | Weekly uptrend,None identified,3-4 years,Medium-High,"yfinance, screener.in",100,30,,2026-06-20,2026-06-01,19,11.0,3,10.0
APLLTD,Alembic Pharmaceuticals Limited,Healthcare,Drug Manufacturers - Specialty & Generic,14612.0,Mid-Cap,MonthlyDoubleBottom,Forming,0.855,29,Sep 29mo | Mid rally 94% | Asymmetry 9%,,Sideways,False,True,Below-MAs,True,Stage2,5,Uptrend,Uptrend,743.35,1289.56,635.8,631.85,2046.12,1943.32,3206.79,2561.54,161.4,61.7,21.65,15.33,2.58,0.86,14.16,161.0,3.23,907.2,10,none,13.4,12.6,-1.51,15.0,-1.71,9.19,6.05,10.09,9.12,6.37,15.29,25.19,-10.15,29.2,0.15,highly inconsistent earnings,0.25,,1.76,,28.48,0.19,69.74,0.0,,4.26,0.03,16.17,0.0,1107.9,635.8,32.9,16.9,-18.52,-20.35,0.61,0.38,4,16.0,17.76,12.0,0.0,45.8,MONITOR ⭐,Expected ~62% CAGR (2yr) | Profit CAGR 25% | Low D/E 0.25 | Promoter 70% holding | Margin compressing ↓ ⚠️ | PEG 0.86 — undervalued,Margin compression ↓ | Pattern still forming (not broken out),3-4 years,Medium-High,"yfinance, screener.in",100,178,,2026-06-20,2026-06-01,19,-1.0,3,3.0
CANTABIL,Cantabil Retail India Limited,Consumer Cyclical,Apparel Manufacturing,1815.0,Small-Cap,MonthlyDoubleBottom,Forming,0.559,6,Sep 6mo | Mid rally 57% | Asymmetry 1%,,Downtrend,False,False,Below-MAs,False,Stage2,3,Uptrend,Uptrend,217.04,331.82,209.63,199.15,747.54,973.29,1267.23,973.29,348.4,111.8,18.94,,3.79,0.63,8.82,69.0,-5.9,,0,none,21.98,,,19.47,,11.23,9.84,15.7,,,30.2,,,29.8,0.5,insufficient history,1.14,,2.42,,52.73,2.9,74.46,0.25,,2.16,-0.37,1.03,-0.05,321.5,208.5,32.5,4.1,-13.43,-4.25,0.26,-0.19,5,26.0,9.71,10.0,0.0,45.7,MONITOR ⭐,Expected ~112% CAGR (2yr) | Revenue CAGR 16% | Profit CAGR 30% | ROE 22% | Promoter 74% holding | Piotroski F=5 (above average quality),High D/E 1.1 | Pattern still forming (not broken out),3-4 years,Medium-High,"yfinance, screener.in",70,189,,2026-06-20,2026-06-01,19,-2.3,3,0.0
SHARDACROP,Sharda Cropchem Limited,Basic Materials,Agricultural Inputs,8331.0,Mid-Cap,MonthlyDoubleBottom,Forming,0.712,20,Sep 20mo | Mid rally 74% | Asymmetry 3%,,Downtrend,False,False,Below-MAs,False,Stage2,1,Uptrend,Uptrend,923.7,515.05,292.69,785.14,2050.86,2052.97,3246.13,2580.18,122.3,49.1,12.24,11.22,2.66,0.47,7.46,130.0,0.0,1262.17,6,none,24.2,30.4,-0.06,20.0,-0.46,12.93,8.51,21.94,9.2,17.07,124.01,25.81,24.35,56.5,0.15,highly inconsistent earnings,,,1.86,,-142.3,-1.71,74.82,0.0,,4.6,0.4,9.7,-0.25,1297.0,755.55,28.8,22.3,-13.29,97.61,0.27,0.56,3,19.0,12.54,14.0,0.0,45.5,MONITOR ⭐,Expected ~49% CAGR (2yr) | Profit CAGR 26% | ROE 24% | ROCE 30% | Promoter 75% holding | PEG 0.47 — deeply undervalued,Pattern still forming (not broken out),3-4 years,Medium-High,"yfinance, screener.in",90,142,,2026-06-20,2026-06-01,19,0.8,3,-7.0
TIMKEN,Timken India Limited,Industrials,Tools & Accessories,26554.0,Mid-Cap,MonthlyDoubleBottom,Forming,1.0,25,Sep 25mo | Mid rally 102% | Asymmetry 1%,MonthlyCupHandle+MonthlyDoubleBottom+MonthlyStage2,Uptrend,True,False,Uptrend,True,Stage2,4,Uptrend,Uptrend,3538.0,943.11,465.78,3007.3,1379.79,2391.99,1379.79,1379.79,,,64.1,42.03,9.11,,41.49,102.0,188.45,3910.29,7,none,14.3,19.0,,18.0,-1.0,11.93,9.23,8.79,,,-10.17,,,-15.3,0.5,insufficient history,0.01,,2.97,,21.57,0.08,51.05,0.0,,6.96,0.02,30.63,0.48,3775.0,2800.5,6.3,26.3,9.9,-18.19,0.43,0.33,5,16.0,26.5,0.0,3.0,45.5,MONITOR ⭐,Revenue CAGR 16% | Declining profits (-15% CAGR) ⚠️ | Nearly debt-free | Promoter 51% holding | Margin compressing ↓ ⚠️ | Piotroski F=5 (above average quality),High PE 64 | Margin compression ↓ | Earnings due 2026-07-30 | Pattern still forming (not broken out),3-4 years,Medium-High,"yfinance, screener.in",80,286,2026-07-30,2026-06-20,2026-06-01,19,0.0,3,-2.0
APEX,Apex Frozen Foods Limited,Consumer Defensive,Farm Products,1310.0,Small-Cap,MonthlyStage2,Stage Change,1.0,24,10-EMA=358 | 30-EMA=291 | Above by 44.1% | MA turning=Yes,MonthlyDoubleBottom+MonthlyStage2,Sideways-Above-MA,True,False,Constructive,False,Stage2,15,Uptrend,Uptrend,419.15,290.87,195.17,356.28,608.49,699.77,804.73,699.77,66.9,29.2,33.67,24.37,2.48,,25.16,52.0,-7.17,,0,none,,,,3.98,,3.45,,14.5,,,,,,,0.5,insufficient history,0.08,,,,,,72.62,0.0,,6.0,1.26,0.66,0.11,514.5,208.74,18.5,100.8,78.63,77.02,0.22,-0.1,1,13.0,22.5,3.0,7.0,45.5,MONITOR ⭐,Expected ~29% CAGR (2yr) | Nearly debt-free | Promoter 73% holding | FII buying +1.3% ↑ | EV/EBITDA 25× vs sector 30× | MonthlyStage2 forming (24mo base),None identified,3-4 years,Medium-High,"yfinance, screener.in",50,106,,2026-06-20,2026-06-01,19,-2.7,3,0.0
MINDTECK,Mindteck (India) Limited,Technology,Information Technology Services,664.0,Small-Cap,MonthlyDoubleBottom,Forming,1.0,13,Sep 13mo | Mid rally 163% | Asymmetry 8%,MonthlyDoubleBottom+MonthlyStage2,Sideways,False,False,Below-MAs,True,Downtrend,0,Uptrend,Uptrend,206.35,365.37,133.72,175.4,366.3,597.02,485.02,421.5,189.3,70.1,21.09,,2.19,1.4,12.54,48.0,7.72,,0,none,12.1,15.1,0.83,9.0,0.37,7.74,6.03,-4.01,6.49,7.24,10.34,15.07,23.81,49.4,0.15,highly inconsistent earnings,0.01,,5.63,,12.65,1.91,64.2,0.0,,0.01,-0.06,0.0,0.0,307.68,145.13,32.9,42.2,-5.04,63.64,0.51,0.63,6,20.0,17.5,8.0,0.0,45.5,MONITOR ⭐,Expected ~70% CAGR (2yr) | ROCE trend rising ↑ | Nearly debt-free | Promoter 64% holding | Piotroski F=6 (above average quality) | PEG 1.40 — fair value,Pattern still forming (not broken out),3-4 years,Medium-High,"yfinance, screener.in",100,118,,2026-06-20,2026-06-01,19,0.0,3,0.0
MSUMI,Motherson Sumi Wiring India Limited,Consumer Cyclical,Auto Parts,24431.0,Mid-Cap,MonthlyDoubleBottom,Forming,0.709,23,Sep 23mo | Mid rally 75% | Asymmetry 4%,,Sideways,False,False,Below-MAs,False,Stage2,3,Uptrend,Uptrend,39.39,51.92,28.99,33.48,36.47,74.85,37.57,37.02,90.0,37.8,39.19,24.53,11.41,26.13,23.41,299.0,11.87,49.15,13,buy,32.39,,,6.51,,5.47,12.45,33.1,,,1.5,,,1.4,0.5,insufficient history,0.11,,1.62,,157.63,0.65,61.72,0.0,,9.74,-0.4,17.41,0.24,53.59,35.7,26.5,10.3,7.24,-16.38,0.6,0.06,5,25.0,15.51,4.0,1.0,45.5,MONITOR ⭐,Expected ~38% CAGR (2yr) | Revenue CAGR 33% | ROE 32% | Low D/E 0.11 | Promoter 62% holding | Piotroski F=5 (above average quality),Earnings due 2026-07-28 | Pattern still forming (not broken out),3-4 years,Medium-High,"yfinance, screener.in",70,51,2026-07-28,2026-06-20,2026-06-01,19,0.0,3,0.0
DOLLAR,Dollar Industries Limited,Consumer Cyclical,Apparel Manufacturing,1409.0,Small-Cap,MonthlyDoubleBottom,Forming,0.697,18,Sep 18mo | Mid rally 79% | Asymmetry 9%,,Downtrend,False,False,Below-MAs,False,Stage2,3,Uptrend,Uptrend,248.45,651.29,349.4,331.93,1170.03,1488.15,1892.78,1488.15,499.0,144.7,13.12,10.02,1.49,0.48,8.55,121.0,0.0,387.0,2,none,11.9,13.6,-1.77,11.0,-0.63,5.71,6.62,10.0,10.5,12.65,16.3,27.19,4.71,11.4,0.15,highly inconsistent earnings,0.3,,2.31,,52.89,3.75,72.48,0.27,,4.98,0.62,0.97,-0.24,429.9,220.5,42.2,12.7,-29.62,-61.41,0.41,0.21,5,20.0,12.36,13.0,0.0,45.4,MONITOR ⭐,Expected ~145% CAGR (2yr) | Profit CAGR 27% | Promoter 72% holding | Margin compressing ↓ ⚠️ | FCF yield 3.8% | Piotroski F=5 (above average quality),Margin compression ↓ | Pattern still forming (not broken out),3-4 years,Medium-High,"yfinance, screener.in",100,111,,2026-06-20,2026-06-01,19,-6.3,3,3.0
ESABINDIA,ESAB India Limited,Industrials,Tools & Accessories,8817.0,Mid-Cap,MonthlyStage2,Stage Change,0.641,24,10-EMA=5672 | 30-EMA=5226 | Above by 9.6% | MA turning=Yes,MonthlyDoubleBottom+MonthlyStage2,Sideways-Above-MA,True,False,Constructive,False,Stage2,4,Uptrend,Uptrend,5728.0,5225.63,4424.98,4868.8,3351.0,6026.28,3351.0,3351.0,5.2,2.6,42.73,,20.53,,32.25,204.0,-32.14,,0,none,59.3,90.8,-17.0,24.0,1.5,13.71,23.48,18.95,,,25.58,,,-8.2,0.4,lumpy earner,0.01,,2.15,,92.12,1.04,73.72,0.0,,1.56,0.05,12.88,-0.05,7319.5,4710.0,21.7,21.6,14.0,5.1,0.34,0.34,5,25.0,18.19,-1.0,3.0,45.2,MONITOR ⭐,Expected ~3% CAGR (2yr) | Declining profits (-8% CAGR) ⚠️ | ROE 59% | ROCE 91% | Nearly debt-free | Promoter 74% holding,None identified,3-4 years,Medium-High,"yfinance, screener.in",80,288,,2026-06-20,2026-06-01,19,-12.7,3,-15.8
LTFOODS,LT Foods Limited,Consumer Defensive,Packaged Foods,13227.0,Mid-Cap,MonthlyDoubleBottom,Forming,0.548,14,Sep 14mo | Mid rally 56% | Asymmetry 1%,,Uptrend,True,False,Constructive,True,Stage2,15,Uptrend,Uptrend,411.65,514.98,329.47,349.9,930.52,1059.87,1207.19,1059.87,157.5,60.5,21.14,13.13,7.42,1.52,10.39,105.0,0.0,509.0,2,none,14.9,17.7,1.11,11.0,-0.09,5.68,7.45,26.09,16.43,18.71,2.12,13.9,16.68,71.0,0.15,highly inconsistent earnings,0.28,,1.76,,50.1,0.38,51.0,0.0,,8.74,-0.18,10.3,0.67,518.55,333.15,20.6,23.6,-7.07,,0.14,0.35,6,20.0,19.08,6.0,0.0,45.1,MONITOR ⭐,Expected ~60% CAGR (2yr) | Revenue CAGR 16% | ROCE trend rising ↑ | Low D/E 0.28 | Promoter 51% holding | Piotroski F=6 (above average quality),Pattern still forming (not broken out),3-4 years,Medium-High,"yfinance, screener.in",100,32,,2026-06-20,2026-06-01,19,0.0,3,-1.0
CDSL,Central Depository Services (India) Limited,Financial Services,Capital Markets,25663.0,Mid-Cap,MonthlyDoubleBottom,Forming,0.676,7,Sep 7mo | Mid rally 69% | Asymmetry 2%,,Sideways,False,False,Below-MAs,True,Stage2,12,Uptrend,Uptrend,1227.9,142.23,83.43,1043.72,557.78,910.52,778.37,658.91,,,56.17,40.01,13.09,3.1,36.64,102.0,18.56,1287.93,14,none,24.5,32.0,0.6,51.0,-2.17,36.83,16.73,5.82,27.3,27.19,-13.5,18.13,17.75,-20.0,0.15,highly inconsistent earnings,0.0,,2.92,,245.16,0.96,15.0,0.0,,11.36,-1.04,14.42,-0.7,1814.0,1116.3,32.3,10.0,-11.78,86.29,0.26,0.22,6,31.0,14.11,0.0,0.0,45.1,MONITOR ⭐,Revenue CAGR 27% | ROE 24% | ROCE 32% | ROCE trend rising ↑ | Nearly debt-free | OPM 51%,High PE 56 | Margin compression ↓ | Pattern still forming (not broken out),3-4 years,Medium-High,"yfinance, screener.in",100,109,,2026-06-20,2026-06-01,19,1.5,3,3.0
BASF,BASF India Limited,Basic Materials,Specialty Chemicals,14529.0,Mid-Cap,MonthlyDoubleBottom,Forming,0.789,12,Sep 12mo | Mid rally 81% | Asymmetry 2%,,Downtrend,False,False,Below-MAs,False,Stage2,1,Uptrend,Uptrend,3356.5,263.81,144.65,2853.03,5479.18,14428.33,37994.12,14428.33,329.9,107.3,34.84,20.37,3.67,0.21,20.71,74.0,49.38,4120.0,1,none,11.0,14.7,-2.6,4.0,-0.94,2.81,3.81,-2.07,25.31,62.52,-12.32,163.33,53.68,155.0,0.15,highly inconsistent earnings,0.03,,1.69,,13.01,0.09,73.33,0.0,,5.34,1.21,6.29,-0.13,5260.0,3122.2,36.2,7.5,-27.9,4.07,0.37,0.36,3,25.0,12.97,7.0,0.0,45.0,MONITOR ⭐,Expected ~107% CAGR (2yr) | Revenue CAGR 25% | Profit CAGR 163% | Nearly debt-free | Promoter 73% holding | Margin compressing ↓ ⚠️,Margin compression ↓ | Pattern still forming (not broken out),3-4 years,Medium-High,"yfinance, screener.in",100,288,,2026-06-20,2026-06-01,19,-11.9,3,-3.0
KIRLOSENG,Kirloskar Oil Engines Limited,Industrials,Specialty Industrial Machinery,27484.0,Mid-Cap,MonthlyCupHandle,Forming,0.664,19,Cup 19mo | Depth 52% | Prior gain 89% | R²=0.97,MonthlyCupHandle+MonthlyDoubleBottom,Uptrend,True,False,Tight-Above-MAs,True,Stage2,4,Uptrend,Uptrend,1660.3,1683.63,815.49,1411.25,1416.69,2551.77,2012.24,1688.41,53.7,24.0,48.31,33.76,7.59,2.52,22.06,34.0,-20.63,1877.8,5,none,17.7,14.7,0.69,18.0,1.69,7.46,7.27,21.29,15.33,18.5,18.07,19.18,23.33,21.0,0.15,highly inconsistent earnings,1.5,,1.39,,-174.38,-0.63,41.08,-0.01,,10.79,2.34,26.69,-1.52,1990.8,825.6,16.6,101.1,104.0,310.02,0.47,0.7,5,12.0,23.97,1.0,8.0,45.0,MONITOR ⭐,Expected ~24% CAGR (2yr) | Revenue CAGR 15% | ROCE trend rising ↑ | Piotroski F=5 (above average quality) | FII buying +2.3% ↑ | MonthlyCupHandle forming (19mo base),High D/E 1.5 | Pattern still forming (not broken out),3-4 years,Medium-High,"yfinance, screener.in",100,286,,2026-06-20,2026-06-01,19,0.0,3,-2.0
MANYAVAR,Vedant Fashions Limited,Consumer Cyclical,Apparel Manufacturing,9899.0,Mid-Cap,None,,0.0,0,,,Sideways,False,False,Below-MAs,True,Stage2,3,Uptrend,Uptrend,431.95,,,367.16,698.07,657.7,822.7,757.83,52.3,23.4,26.39,22.22,5.03,3.08,15.61,196.0,16.96,507.5,10,none,26.7,30.7,0.91,48.0,1.2,26.16,10.24,-1.68,8.92,7.99,-2.66,8.56,11.2,13.1,0.15,highly inconsistent earnings,0.23,,3.67,,404.98,4.09,74.94,0.0,,8.28,-1.01,12.62,0.62,848.0,329.2,49.1,31.2,-38.47,-86.97,,-0.1,6,33.0,6.0,6.0,0.0,45.0,MONITOR ⭐,Expected ~23% CAGR (2yr) | ROE 27% | ROCE 31% | ROCE trend rising ↑ | Low D/E 0.23 | Promoter 75% holding,None identified,3-4 years,Medium-High,"yfinance, screener.in",100,52,,2026-06-20,2026-06-01,19,0.0,3,0.0
NILAINFRA,Nila Infrastructures Limited,Real Estate,Real Estate - Development,309.0,Micro-Cap,MonthlyDoubleBottom,Forming,1.0,23,Sep 23mo | Mid rally 151% | Asymmetry 9%,,Downtrend,False,False,Below-MAs,True,Stage2,3,Uptrend,Uptrend,7.88,10.6,4.05,6.7,21.01,23.71,26.76,23.71,200.9,73.5,13.31,,1.63,1.03,10.19,0.0,3.23,,0,none,13.2,22.5,3.71,10.0,0.11,7.22,2.18,30.77,41.09,27.2,15.0,12.86,2.83,9.1,0.2,multiple loss years in history,0.13,,1.1,,-39.32,-12.72,61.9,0.0,,0.34,0.06,,,13.78,5.9,42.8,33.6,-28.94,18.0,0.33,0.72,4,21.0,16.0,8.0,0.0,45.0,MONITOR ⭐,Expected ~74% CAGR (2yr) | Revenue CAGR 41% | ROCE 22% | ROCE trend rising ↑ | Low D/E 0.13 | Promoter 62% holding,Pattern still forming (not broken out),3-4 years,Medium-High,"yfinance, screener.in",100,133,,2026-06-20,2026-06-01,19,0.0,3,0.0
PAGEIND,Page Industries Limited,Consumer Cyclical,Apparel Manufacturing,43082.0,Large-Cap,MonthlyDoubleBottom,Forming,1.0,18,Sep 18mo | Mid rally 106% | Asymmetry 3%,,Sideways-Above-MA,True,False,Constructive,True,Stage2,3,Uptrend,Uptrend,38700.0,33328.2,15943.52,32895.0,29492.14,50712.88,35039.61,32146.43,31.0,14.5,56.5,44.98,28.67,6.28,37.23,155.0,0.61,40284.08,26,hold,52.5,,,18.56,,14.56,23.78,14.1,,,9.0,,,9.0,0.5,insufficient history,0.18,,1.73,,523.14,1.21,42.89,0.0,,19.0,-1.71,32.5,1.72,50590.0,29805.0,23.5,29.8,-13.15,-15.49,0.39,0.03,5,21.0,22.0,1.0,1.0,45.0,MONITOR ⭐,Expected ~14% CAGR (2yr) | ROE 52% | Low D/E 0.18 | Piotroski F=5 (above average quality) | DII buying +1.7% ↑ | MonthlyDoubleBottom forming (18mo base),High PE 56 | Earnings due 2026-08-13 | Pattern still forming (not broken out),3-4 years,Medium-High,"yfinance, screener.in",70,231,2026-08-13,2026-06-20,2026-06-01,19,0.0,3,0.0
ZAGGLE,Zaggle Prepaid Ocean Services Limited,Technology,Software - Infrastructure,2813.0,Small-Cap,None,,0.0,0,,,Downtrend,False,False,Below-MAs,False,Downtrend,0,Uptrend,Uptrend,220.19,,,187.16,661.55,1205.0,2194.92,1205.0,447.3,133.9,20.37,11.27,2.13,0.25,3.66,0.0,,417.5,2,none,10.4,14.0,-1.5,10.0,0.3,7.24,28.47,46.32,51.11,,57.95,82.15,,30.5,1.0,steady compounder (low CV),0.04,,8.72,,734.97,26.13,44.16,0.03,,4.06,-3.55,7.4,-0.35,437.55,186.05,49.7,18.3,-38.95,,,0.6,4,31.0,2.0,12.0,0.0,45.0,MONITOR ⭐,Expected ~134% CAGR (2yr) | Revenue CAGR 51% | Profit CAGR 82% | Nearly debt-free | FCF yield 26.1% | EPS: steady compounder (low CV),None identified,3-4 years,Medium-High,"yfinance, screener.in",100,33,,2026-06-20,2026-06-01,19,0.0,3,0.0
SOTL,Savita Oil Technologies Limited,Basic Materials,Specialty Chemicals,3910.0,Small-Cap,MonthlyStage2,Breaking Out,1.0,24,10-EMA=422 | 30-EMA=405 | Above by 48.4% | MA turning=Yes,MonthlyDoubleBottom+MonthlyStage2,Uptrend,True,True,Uptrend,True,Stage2,1,Uptrend,Uptrend,601.2,405.09,288.1,511.02,603.82,603.82,603.82,603.82,0.4,0.2,21.51,9.39,2.26,,14.69,70.0,-7.17,,0,none,10.5,15.2,-1.34,6.0,-2.17,4.17,5.39,14.42,6.33,16.89,61.06,-6.96,-5.14,62.0,0.15,highly inconsistent earnings,0.0,,2.54,,72.85,1.86,68.93,0.02,,0.88,0.01,13.18,0.0,599.0,285.8,-0.4,110.4,56.02,78.83,21.31,0.57,4,7.0,28.0,0.0,10.0,45.0,MONITOR ⭐,Expected ~0% CAGR (2yr) | Declining profits (-7% CAGR) ⚠️ | Nearly debt-free | Promoter 69% holding | Margin compressing ↓ ⚠️ | MonthlyStage2 — Breaking Out,Margin compression ↓,3-4 years,Medium-High,"yfinance, screener.in",100,288,,2026-06-20,2026-06-01,19,44.0,3,6.0
HARSHA,Harsha Engineers International Limited,Industrials,Tools & Accessories,3665.0,Small-Cap,MonthlyDoubleBottom,Forming,0.95,36,Sep 36mo | Mid rally 97% | Asymmetry 2%,,Uptrend,True,False,Tight-Above-MAs,True,Stage2,4,Uptrend,Uptrend,402.5,611.14,306.92,342.12,534.77,915.36,623.88,577.61,127.4,50.8,23.58,16.79,2.61,2.94,15.62,37.0,0.0,484.33,3,none,11.7,14.3,-0.37,15.0,-0.0,9.54,6.42,15.55,6.05,13.23,74.16,8.01,28.06,,0.15,highly inconsistent earnings,0.27,,2.6,,-57.83,-1.58,75.0,0.0,,2.37,1.96,12.42,0.0,469.0,313.3,14.2,28.5,1.88,-29.05,1.85,0.59,3,9.0,27.9,5.0,3.0,44.9,MONITOR ⭐,Expected ~51% CAGR (2yr) | Low D/E 0.27 | Promoter 75% holding | FII buying +2.0% ↑ | EV/EBITDA 16× vs sector 18× | MonthlyDoubleBottom forming (36mo base),Pattern still forming (not broken out),3-4 years,Medium-High,"yfinance, screener.in",100,46,,2026-06-20,2026-06-01,19,-1.4,3,8.0
SBFC,SBFC Finance Limited,Financial Services,Credit Services,10025.0,Mid-Cap,MonthlyDoubleBottom,Forming,0.519,24,Sep 24mo | Mid rally 62% | Asymmetry 10%,,Downtrend,False,False,Below-MAs,True,Stage2,12,Uptrend,Uptrend,92.96,123.0,72.4,79.02,158.53,214.89,482.38,276.53,131.2,52.0,22.1,18.16,2.67,0.3,,0.0,,122.43,7,none,11.6,11.6,,60.86,,44.35,4.58,28.16,35.15,,45.57,74.44,,30.7,0.75,consistent growth,1.92,,544.53,,,,52.35,-0.47,,6.21,-0.67,21.97,2.44,123.0,79.6,24.4,16.8,-6.61,,0.2,0.59,3,23.0,10.73,11.0,0.0,44.7,MONITOR ⭐,Expected ~52% CAGR (2yr) | Revenue CAGR 35% | Profit CAGR 74% | Promoter 52% holding | OPM 61% | EPS: consistent growth,High D/E 1.9 | Pattern still forming (not broken out),3-4 years,Medium-High,"yfinance, screener.in",90,35,,2026-06-20,2026-06-01,19,2.4,3,-4.0
RSYSTEMS,R Systems International Limited,Technology,Information Technology Services,2980.0,Small-Cap,MonthlyDoubleBottom,Forming,1.0,38,Sep 38mo | Mid rally 149% | Asymmetry 2%,,Downtrend,False,False,Below-MAs,False,Downtrend,0,Uptrend,Uptrend,278.45,555.36,220.66,236.68,710.95,890.06,940.39,817.66,219.6,78.8,14.64,11.67,3.75,0.98,10.52,477.0,-4.09,440.33,3,none,24.4,19.5,-2.63,16.0,0.54,10.19,,6.79,7.46,12.58,14.52,15.01,8.6,69.5,0.15,highly inconsistent earnings,0.34,,,,,,51.85,0.0,,3.89,0.13,7.2,-1.4,496.9,229.25,44.0,21.5,-30.49,-50.86,0.73,0.12,1,15.0,15.5,14.0,0.0,44.5,MONITOR ⭐,"Expected ~79% CAGR (2yr) | ROE 24% | Promoter 52% holding | PEG 0.98 — undervalued | EV/EBITDA 11× below sector (20×) | Analyst target ₹440 (+58%, n=3)",Pattern still forming (not broken out),3-4 years,Medium-High,"yfinance, screener.in",80,242,,2026-06-20,2026-06-01,19,0.0,3,-2.0
EUROBOND,EURO PANEL PRODUCTS LTD,Industrials,Building Products & Equipment,436.0,Micro-Cap,MonthlyDoubleBottom,Forming,0.581,12,Sep 12mo | Mid rally 61% | Asymmetry 3%,MonthlyDoubleBottom+MonthlyStage2,Sideways,False,False,Below-MAs,True,Stage2,4,Uptrend,Uptrend,178.14,230.0,140.5,151.42,533.17,727.78,993.41,727.78,308.5,102.1,16.42,,2.73,0.45,10.75,0.0,,,0,none,18.1,16.8,,11.0,1.0,5.28,8.25,18.91,,,50.0,,,36.5,0.5,insufficient history,1.01,,1.41,,-37.8,-8.66,63.93,0.55,,0.0,0.0,1.29,0.0,254.5,126.3,30.0,41.0,-12.77,19.75,0.22,0.07,3,19.0,13.47,12.0,0.0,44.5,MONITOR ⭐,Expected ~102% CAGR (2yr) | Revenue CAGR 20% | Profit CAGR 36% | Promoter 64% holding | PEG 0.45 — deeply undervalued | EV/EBITDA 11× below sector (18×),High D/E 1.0 | Pattern still forming (not broken out),3-4 years,Medium-High,"yfinance, screener.in",80,54,,2026-06-20,2026-06-01,19,-0.7,3,-1.0
APOLLOTYRE,Apollo Tyres Limited,Consumer Cyclical,Auto Parts,25069.0,Mid-Cap,MonthlyDoubleBottom,Forming,1.0,38,Sep 38mo | Mid rally 116% | Asymmetry 9%,,Sideways,False,True,Below-MAs,True,Stage2,3,Uptrend,Uptrend,396.3,271.7,120.24,336.86,941.09,808.04,1127.57,1030.12,103.9,42.8,18.31,12.27,1.5,1.94,6.69,214.0,-8.04,474.92,24,buy,13.2,13.8,1.23,15.0,0.14,4.82,5.75,8.99,5.04,10.35,22.39,9.46,31.42,241.8,0.15,highly inconsistent earnings,0.22,,1.32,,1905.85,7.6,36.93,0.0,,12.15,-0.11,27.56,-0.33,540.5,365.3,26.7,8.5,-5.69,-24.32,0.36,0.15,5,17.0,19.5,8.0,0.0,44.5,MONITOR ⭐,Expected ~43% CAGR (2yr) | ROCE trend rising ↑ | Low D/E 0.22 | FCF yield 7.6% | Piotroski F=5 (above average quality) | EV/EBITDA 7× below sector (25×),Earnings due 2026-08-06 | Pattern still forming (not broken out),3-4 years,Medium-High,"yfinance, screener.in",100,294,2026-08-06,2026-06-20,2026-06-01,19,6.6,3,-0.5
LATENTVIEW,Latent View Analytics Limited,Industrials,Consulting Services,6234.0,Small-Cap,MonthlyDoubleBottom,Forming,0.666,25,Sep 25mo | Mid rally 76% | Asymmetry 10%,,Sideways,False,False,Below-MAs,True,Stage2,4,Uptrend,Uptrend,325.25,575.0,310.45,294.93,333.54,839.55,397.95,364.33,158.1,60.7,31.54,21.56,3.55,3.42,18.08,0.0,,404.75,4,none,12.2,16.0,-1.8,22.0,-2.49,17.44,8.73,25.0,25.29,28.21,16.76,9.23,17.29,-1.4,0.4,lumpy earner,0.02,,4.05,,176.56,2.83,65.1,0.0,,3.15,-0.57,4.13,-0.07,517.5,248.0,37.1,31.1,-13.24,-30.22,1.0,,5,25.0,15.49,4.0,0.0,44.5,MONITOR ⭐,Expected ~61% CAGR (2yr) | Revenue CAGR 25% | Nearly debt-free | Promoter 65% holding | Margin compressing ↓ ⚠️ | Piotroski F=5 (above average quality),Margin compression ↓ | Pattern still forming (not broken out),3-4 years,Medium-High,"yfinance, screener.in",100,55,,2026-06-20,2026-06-01,19,0.0,3,0.0
MASTEK,Mastek Limited,Technology,Information Technology Services,4890.0,Small-Cap,MonthlyDoubleBottom,Forming,1.0,36,Sep 36mo | Mid rally 140% | Asymmetry 8%,,Sideways,False,False,Below-MAs,True,Downtrend,0,Uptrend,Uptrend,1660.9,3331.6,1334.2,1411.77,4410.88,5329.0,5262.7,4818.0,220.9,79.1,12.18,9.94,1.58,1.32,7.23,152.0,-25.05,2002.0,5,buy,15.6,18.0,-2.57,16.0,-1.17,10.92,7.85,7.06,13.01,16.52,7.45,9.23,9.9,30.9,0.15,highly inconsistent earnings,0.15,,2.16,,408.11,8.35,35.77,-0.01,,8.03,-2.24,19.02,6.37,2818.0,1334.2,41.1,24.5,-23.52,-35.09,0.29,0.18,5,16.0,18.5,10.0,0.0,44.5,MONITOR ⭐,Expected ~79% CAGR (2yr) | Low D/E 0.15 | Margin compressing ↓ ⚠️ | FCF yield 8.3% | Piotroski F=5 (above average quality) | DII buying +6.4% ↑,Margin compression ↓ | Earnings due 2026-07-17 | Pattern still forming (not broken out),3-4 years,Medium-High,"yfinance, screener.in",100,287,2026-07-17,2026-06-20,2026-06-01,19,0.0,3,0.0
TANLA,Tanla Platforms Limited,Technology,Software - Application,6790.0,Small-Cap,MonthlyDoubleBottom,Forming,1.0,33,Sep 33mo | Mid rally 174% | Asymmetry 9%,,Sideways,False,False,Below-MAs,True,Downtrend,0,Uptrend,Uptrend,523.25,1955.0,684.52,650.29,1103.96,3225.48,1202.09,1151.98,516.4,148.3,13.44,11.45,2.73,3.09,7.93,234.0,14.47,571.5,2,none,21.4,26.2,-6.29,16.0,-0.83,11.53,10.64,9.68,9.61,13.54,0.39,4.35,7.41,14.5,0.15,highly inconsistent earnings,0.02,,2.3,,684.29,10.08,46.17,0.0,,7.6,-0.74,0.28,-0.02,766.0,365.9,31.7,43.0,-9.3,-68.43,0.46,0.67,4,22.0,18.5,4.0,0.0,44.5,MONITOR ⭐,Expected ~148% CAGR (2yr) | ROE 21% | ROCE 26% | Nearly debt-free | Margin compressing ↓ ⚠️ | FCF yield 10.1%,Margin compression ↓ | Earnings due 2026-07-23 | Pattern still forming (not broken out),3-4 years,Medium-High,"yfinance, screener.in",100,233,2026-07-23,2026-06-20,2026-06-01,19,0.0,3,0.0
360ONE,360 One Wam Limited,Financial Services,Asset Management,44583.0,Large-Cap,MonthlyDoubleBottom,Forming,0.46,6,Sep 6mo | Mid rally 51% | Asymmetry 5%,,Sideways-Above-MA,True,False,Constructive,True,Stage2,12,Uptrend,Uptrend,1096.8,433.06,280.44,932.28,773.22,1098.32,1164.49,948.9,0.1,0.1,37.6,26.38,4.52,1.65,20.88,164.0,-28.26,1322.45,11,none,14.4,12.1,0.63,62.0,1.34,27.16,7.1,18.4,28.47,21.4,19.8,22.72,26.94,15.7,0.4,lumpy earner,1.62,,13.02,,1433.27,3.21,6.24,-0.01,,63.33,-2.18,12.75,1.93,1273.8,906.05,13.9,21.1,9.95,100.64,0.54,0.39,5,24.0,14.52,3.0,3.0,44.5,MONITOR ⭐,Expected ~0% CAGR (2yr) | Revenue CAGR 28% | Profit CAGR 23% | ROCE trend rising ↑ | OPM 62% | FCF yield 3.2%,High D/E 1.6 | Earnings due 2026-07-16 | Pattern still forming (not broken out),3-4 years,Medium-High,"yfinance, screener.in",100,82,2026-07-16,2026-06-20,2026-06-01,19,-0.1,3,1.0
ASMS,Avio Smart Market Stack Limited,Technology,Information Technology Services,221.0,Micro-Cap,MonthlyDoubleBottom,Forming,1.0,30,Sep 30mo | Mid rally 532% | Asymmetry 4%,,Downtrend,False,False,Below-MAs,False,Downtrend,0,Uptrend,Uptrend,7.25,283.31,44.04,41.84,14.89,522.58,81.07,34.75,7108.0,749.0,38.16,,6.32,0.29,39.37,0.0,0.0,,0,none,19.0,15.5,2.49,5.0,-1.86,5.71,6.88,160.0,16.96,9.52,200.0,,,123.9,0.2,multiple loss years in history,0.26,,1.39,,-0.36,-0.17,67.5,-1.87,,1.67,-0.01,0.22,0.0,17.6,6.95,58.8,4.3,-40.99,-60.88,0.22,0.24,4,22.0,15.5,7.0,0.0,44.5,MONITOR ⭐,Expected ~749% CAGR (2yr) | Revenue CAGR 17% | Profit CAGR 133% | ROCE trend rising ↑ | Low D/E 0.26 | Promoter 68% holding,Margin compression ↓ | Pattern still forming (not broken out),3-4 years,Medium-High,"yfinance, screener.in",90,246,,2026-06-20,2026-06-01,19,-1.9,3,2.0
HNDFDS,Hindustan Foods Limited,Industrials,Conglomerates,6418.0,Small-Cap,MonthlyDoubleBottom,Forming,0.454,22,Sep 22mo | Mid rally 51% | Asymmetry 6%,,Uptrend,True,False,Tight-Above-MAs,True,Stage2,4,Uptrend,Uptrend,529.7,686.4,442.0,450.25,568.76,930.8,932.29,728.18,75.7,32.6,42.93,24.64,5.51,1.53,20.51,0.0,,830.5,2,none,14.8,14.2,-0.77,9.0,0.63,3.51,6.03,19.28,17.84,25.13,35.45,28.03,34.38,35.1,0.75,consistent growth,0.93,,1.41,,-379.47,-5.91,61.31,0.0,,5.83,0.08,15.06,0.47,584.9,442.0,9.4,19.8,0.54,-26.48,0.45,0.34,4,18.0,21.45,2.0,3.0,44.4,MONITOR ⭐,Expected ~33% CAGR (2yr) | Revenue CAGR 18% | Profit CAGR 28% | Promoter 61% holding | EPS: consistent growth | MonthlyDoubleBottom forming (22mo base),Pattern still forming (not broken out),3-4 years,Medium-High,"yfinance, screener.in",100,44,,2026-06-20,2026-06-01,19,1.3,3,4.0
ANANDRATHI,Anand Rathi Wealth Limited,Financial Services,Asset Management,29311.0,Mid-Cap,None,,0.0,0,,,Downtrend,False,True,Below-MAs,False,Stage2,12,Uptrend,Uptrend,1765.3,,,1500.5,679.35,903.06,1200.43,903.06,,,74.61,49.83,29.37,2.27,51.26,40.0,5.27,1595.0,2,hold,47.3,59.2,5.6,47.0,2.86,31.59,30.11,27.86,30.87,35.63,31.89,32.93,54.57,40.5,0.15,highly inconsistent earnings,0.08,,3.83,,390.1,1.33,41.37,-1.74,,6.78,1.0,9.4,0.3,1867.5,1006.05,5.5,75.5,-28.39,188.34,,0.35,6,40.0,3.0,-1.0,2.0,44.0,MONITOR ⭐,Revenue CAGR 31% | Profit CAGR 33% | ROE 47% | ROCE 59% | ROCE trend rising ↑ | Nearly debt-free,High PE 75,3-4 years,Medium-High,"yfinance, screener.in",100,55,,2026-06-20,2026-06-01,19,-50.5,3,-13.0
ACC,ACC Limited,Basic Materials,Building Materials,25100.0,Mid-Cap,MonthlyDoubleBottom,Forming,1.0,20,Sep 20mo | Mid rally 121% | Asymmetry 4%,,Downtrend,False,False,Below-MAs,False,Stage2,1,Uptrend,Uptrend,1336.6,980.37,434.56,1136.11,3288.49,3337.23,5918.92,4411.83,149.7,58.0,11.78,11.7,1.22,0.34,8.46,56.0,-6.75,1725.33,30,buy,10.9,11.2,-0.66,11.0,-1.11,8.23,4.32,18.44,5.34,13.5,-11.03,34.16,8.37,-68.3,0.15,highly inconsistent earnings,0.02,,1.97,,-3850.05,-15.34,56.69,0.0,,5.93,-0.06,21.62,0.25,2028.8,1251.7,34.1,6.8,-20.64,-52.55,0.41,0.26,2,13.0,16.0,15.0,0.0,44.0,MONITOR ⭐,Expected ~58% CAGR (2yr) | Profit CAGR 34% | Nearly debt-free | Promoter 57% holding | Margin compressing ↓ ⚠️ | PEG 0.34 — deeply undervalued,Margin compression ↓ | Earnings due 2026-04-30 | Pattern still forming (not broken out),3-4 years,Medium-High,"yfinance, screener.in",100,288,2026-04-30,2026-06-20,2026-06-01,19,-1.7,3,-3.0
SBGLP,Suratwwala Business Group Limited,Real Estate,Real Estate - Development,448.0,Micro-Cap,None,,0.0,0,,,Downtrend,False,False,Below-MAs,False,Stage2,3,Uptrend,Uptrend,26.46,,,22.49,96.43,117.51,143.2,117.51,344.1,110.7,12.01,,4.3,0.55,9.93,39.0,,,0,none,43.8,30.8,-17.8,37.0,103.1,26.51,14.38,297.22,32.12,,245.45,21.86,,104.4,0.15,highly inconsistent earnings,0.75,,2.84,,-14.92,-3.33,73.39,0.0,,0.0,-0.01,,,47.75,18.35,44.6,44.2,-31.4,-1.6,,0.32,4,30.0,3.0,11.0,0.0,44.0,MONITOR ⭐,Expected ~111% CAGR (2yr) | Revenue CAGR 32% | Profit CAGR 22% | ROE 44% | ROCE 31% | Promoter 73% holding,None identified,3-4 years,Medium-High,"yfinance, screener.in",100,41,,2026-06-20,2026-06-01,19,0.9,3,-2.0
CHOICEIN,Choice International Limited,Financial Services,Capital Markets,15004.0,Mid-Cap,None,,0.0,0,,,Sideways,False,False,Below-MAs,True,Stage2,12,Uptrend,Uptrend,673.5,,,572.48,384.67,608.93,963.94,608.93,,,59.87,44.81,7.97,1.03,,0.0,,,0,none,16.1,18.0,1.66,36.0,1.94,20.62,7.69,21.5,41.74,44.76,46.01,58.3,69.52,12.7,0.15,highly inconsistent earnings,0.5,,1.97,,,,53.66,0.0,,11.41,-0.75,0.35,0.05,860.5,568.7,21.7,18.4,-7.01,260.17,,-0.37,5,33.0,6.0,4.0,1.0,44.0,MONITOR ⭐,Revenue CAGR 42% | Profit CAGR 58% | ROCE trend rising ↑ | Promoter 54% holding | OPM 36% | Piotroski F=5 (above average quality),High PE 60,3-4 years,Medium-High,"yfinance, screener.in",90,51,,2026-06-20,2026-06-01,19,2.2,3,2.0
KFINTECH,KFin Technologies Limited,Technology,Software - Application,14288.0,Mid-Cap,None,,0.0,0,,,Downtrend,False,False,Below-MAs,False,Downtrend,0,Uptrend,Uptrend,824.7,,,701.0,812.24,1023.97,1181.75,979.73,24.2,11.4,41.15,29.39,8.53,2.0,26.2,91.0,30.43,1090.33,18,strong_buy,22.9,30.5,2.09,41.0,-0.46,26.41,12.25,19.25,21.8,22.02,3.3,20.62,133.09,-4.6,0.4,lumpy earner,0.03,,3.3,,147.55,1.03,22.86,-0.01,,26.26,0.1,25.22,0.34,1388.5,784.95,40.6,5.1,-30.68,102.49,,-0.24,6,37.0,2.0,5.0,0.0,44.0,MONITOR ⭐,Expected ~11% CAGR (2yr) | Revenue CAGR 22% | Profit CAGR 21% | ROE 23% | ROCE 30% | ROCE trend rising ↑,None identified,3-4 years,Medium-High,"yfinance, screener.in",100,42,,2026-06-20,2026-06-01,19,0.0,3,3.0
CRISIL,CRISIL Limited,Financial Services,Financial Data & Stock Exchanges,28476.0,Mid-Cap,MonthlyDoubleBottom,Forming,0.859,27,Sep 27mo | Mid rally 89% | Asymmetry 3%,,Sideways,False,False,Below-MAs,True,Stage2,12,Uptrend,Uptrend,3893.9,6797.35,3537.68,3360.8,2690.6,10057.02,3163.94,2917.69,158.3,60.7,33.9,25.83,9.39,4.02,25.21,92.0,-8.94,4908.0,2,buy,24.5,32.6,-0.91,30.0,0.77,21.56,,6.69,7.43,11.09,9.53,8.44,12.48,45.9,0.75,consistent growth,0.1,,,,,,66.64,0.0,,7.18,-0.49,12.61,0.52,6139.0,3686.0,36.6,5.6,-20.9,-16.2,0.43,0.12,1,27.0,17.81,-1.0,0.0,43.8,MONITOR ⭐,Expected ~61% CAGR (2yr) | ROE 24% | ROCE 33% | Nearly debt-free | Promoter 67% holding | OPM 30%,Pattern still forming (not broken out),3-4 years,Medium-High,"yfinance, screener.in",80,288,,2026-06-20,2026-06-01,19,-5.4,3,4.8
KSB,KSB Limited,Industrials,Specialty Industrial Machinery,14529.0,Mid-Cap,MonthlyCupHandle,Forming,0.895,20,Cup 20mo | Depth 20% | Prior gain 31% | R²=0.98,MonthlyCupHandle+MonthlyDoubleBottom+MonthlyStage2,Sideways-Above-MA,True,False,Constructive,False,Stage2,4,Uptrend,Uptrend,837.2,951.98,764.98,726.73,459.48,1138.98,530.1,493.53,36.0,16.6,56.18,36.53,8.65,7.58,39.3,53.0,13.62,956.0,2,none,18.4,24.7,1.26,13.0,-0.14,9.57,,0.22,6.34,12.54,-4.07,7.41,11.69,-22.9,0.4,lumpy earner,0.0,,,,,,69.8,0.0,,4.66,0.14,11.64,-0.31,1028.3,666.65,18.6,25.6,10.56,74.04,0.6,-0.2,1,21.0,20.74,-1.0,3.0,43.7,MONITOR ⭐,Expected ~17% CAGR (2yr) | ROCE 25% | ROCE trend rising ↑ | Nearly debt-free | Promoter 70% holding | Dividend growing 14%/yr,High PE 56 | Pattern still forming (not broken out),3-4 years,Medium-High,"yfinance, screener.in",80,287,,2026-06-20,2026-06-01,19,0.0,3,0.0
RMDRIP,R M DRIP & SPRINK SYS LTD,Industrials,Farm & Heavy Construction Machinery,795.0,Small-Cap,MonthlyDoubleBottom,Forming,1.0,32,Sep 32mo | Mid rally 292% | Asymmetry 1%,,Downtrend,False,False,Below-MAs,False,Stage2,4,Uptrend,Uptrend,19.02,3.67,0.74,16.17,21.0,21.0,21.0,21.0,10.4,5.1,22.65,,4.19,,9.56,16.0,,,0,none,36.6,36.9,-7.0,27.0,8.0,17.54,17.34,50.38,,,45.83,,,-2.6,0.4,lumpy earner,0.48,,3.07,,-22.63,-2.85,21.06,0.0,,3.85,1.35,0.1,-0.25,72.22,14.81,73.7,28.4,-37.79,673.08,0.19,,4,23.0,16.5,4.0,0.0,43.5,MONITOR ⭐,Expected ~5% CAGR (2yr) | Revenue CAGR 26% | Declining profits (-2% CAGR) ⚠️ | ROE 37% | ROCE 37% | OPM 27%,Pattern still forming (not broken out),3-4 years,Medium-High,"yfinance, screener.in",80,104,,2026-06-20,2026-06-01,19,0.0,3,-19.0
JUBLFOOD,Jubilant FoodWorks Limited,Consumer Cyclical,Restaurants,27580.0,Mid-Cap,MonthlyDoubleBottom,Forming,1.0,32,Sep 32mo | Mid rally 116% | Asymmetry 4%,,Sideways,False,False,Below-MAs,True,Stage2,3,Uptrend,Uptrend,473.0,191.15,86.69,402.05,268.6,393.08,313.01,289.96,,,74.09,44.18,12.06,9.32,14.5,29.0,0.0,547.76,29,buy,18.9,14.6,-0.97,20.0,-1.14,4.5,6.42,16.84,22.63,23.49,104.61,7.95,13.96,-18.4,0.15,highly inconsistent earnings,0.03,,0.37,,478.52,1.74,40.27,0.0,,17.29,-1.3,36.38,1.59,718.95,408.8,34.2,15.7,-24.77,-27.75,0.41,0.06,4,18.0,19.5,6.0,0.0,43.5,MONITOR ⭐,Revenue CAGR 23% | Nearly debt-free | Margin compressing ↓ ⚠️ | DII buying +1.6% ↑ | EV/EBITDA 15× below sector (25×) | MonthlyDoubleBottom forming (32mo base),High PE 74 | Margin compression ↓ | Earnings due 2026-08-19 | Pattern still forming (not broken out),3-4 years,Medium-High,"yfinance, screener.in",100,196,2026-08-19,2026-06-20,2026-06-01,19,0.0,3,0.0
MAPMYINDIA,C. E. Info Systems Limited,Technology,Software - Infrastructure,4612.0,Small-Cap,MonthlyDoubleBottom,Forming,0.708,9,Sep 9mo | Mid rally 76% | Asymmetry 6%,,Sideways,False,False,Below-MAs,True,Downtrend,0,Uptrend,Uptrend,966.6,2738.33,1510.05,1434.55,865.29,3966.61,999.2,929.84,310.4,102.6,34.49,20.3,5.09,4.62,24.4,42.0,20.51,1229.17,6,none,15.8,22.0,0.71,36.0,-0.17,28.3,9.17,2.38,19.04,25.54,-9.46,7.46,17.43,4.5,0.15,highly inconsistent earnings,0.01,,4.92,,42.06,0.91,51.41,0.05,,3.15,-0.75,14.31,0.36,1998.0,795.0,51.6,21.6,-37.25,-42.09,3.4,0.14,6,27.0,13.5,3.0,0.0,43.5,MONITOR ⭐,Expected ~103% CAGR (2yr) | Revenue CAGR 19% | ROCE 22% | ROCE trend rising ↑ | Nearly debt-free | Promoter 51% holding,Pattern still forming (not broken out),3-4 years,Medium-High,"yfinance, screener.in",100,54,,2026-06-20,2026-06-01,19,0.0,3,0.0
MAZDA,Mazda Limited,Industrials,Specialty Industrial Machinery,465.0,Micro-Cap,MonthlyDoubleBottom,Forming,1.0,14,Sep 14mo | Mid rally 133% | Asymmetry 3%,,Downtrend,False,False,Below-MAs,False,Stage2,4,Uptrend,Uptrend,193.25,99.28,41.94,164.26,556.38,751.66,1015.5,751.66,289.0,97.2,16.89,,1.57,0.48,9.3,155.0,14.16,,0,none,11.48,,,13.93,,12.97,6.54,21.6,,,35.1,,,13.2,0.5,insufficient history,,,4.08,,-31.15,-6.7,48.58,0.0,,0.05,-0.08,0.05,0.0,337.77,159.2,42.8,21.4,-10.59,-8.55,0.18,-0.13,3,16.0,15.5,12.0,0.0,43.5,MONITOR ⭐,Expected ~97% CAGR (2yr) | Revenue CAGR 22% | Profit CAGR 35% | Dividend growing 14%/yr | PEG 0.48 — deeply undervalued | EV/EBITDA 9× below sector (18×),Pattern still forming (not broken out),3-4 years,Medium-High,"yfinance, screener.in",60,115,,2026-06-20,2026-06-01,19,0.0,3,0.0
AHLUCONT,Ahluwalia Contracts (India) Limited,Industrials,Engineering & Construction,5346.0,Small-Cap,MonthlyDoubleBottom,Forming,1.0,16,Sep 16mo | Mid rally 143% | Asymmetry 5%,,Sideways,False,False,Below-MAs,True,Stage2,4,Uptrend,Uptrend,798.1,1540.85,619.62,678.38,1346.1,2462.08,1661.22,1495.38,208.5,75.6,20.12,13.65,2.6,1.81,10.59,8.0,25.99,992.0,12,strong_buy,13.8,20.4,-0.06,10.0,0.09,5.82,5.28,11.37,17.17,18.16,31.68,11.09,28.14,-1.6,0.15,highly inconsistent earnings,0.04,,1.89,,-35.92,-0.67,55.32,0.0,,13.74,0.21,22.32,-1.05,1125.0,645.15,29.1,23.7,-17.29,-8.88,0.26,0.55,5,17.0,18.5,8.0,0.0,43.5,MONITOR ⭐,Expected ~76% CAGR (2yr) | Revenue CAGR 17% | ROCE 20% | Nearly debt-free | Promoter 55% holding | Piotroski F=5 (above average quality),Pattern still forming (not broken out),3-4 years,Medium-High,"yfinance, screener.in",100,199,,2026-06-20,2026-06-01,19,1.1,3,3.0
JYOTICNC,Jyoti CNC Automation Limited,Industrials,Specialty Industrial Machinery,15503.0,Mid-Cap,None,,0.0,0,,,Downtrend,False,False,Below-MAs,False,Stage2,4,Uptrend,Uptrend,679.15,,,577.28,1407.12,3732.67,9901.65,3732.67,449.6,134.4,46.09,27.54,7.75,0.28,30.81,0.0,,889.0,2,strong_buy,18.2,21.3,5.0,25.0,4.71,16.05,9.3,15.13,31.09,31.51,6.33,165.27,,-16.9,0.2,multiple loss years in history,0.43,,2.26,,-284.71,-1.84,62.55,0.0,,8.95,-0.75,13.68,0.29,1158.0,580.1,41.4,17.1,-28.15,,,-0.32,6,33.0,3.0,7.0,0.0,43.0,MONITOR ⭐,Expected ~134% CAGR (2yr) | Revenue CAGR 31% | Profit CAGR 165% | ROCE 21% | ROCE trend rising ↑ | Promoter 63% holding,None identified,3-4 years,Medium-High,"yfinance, screener.in",100,29,,2026-06-20,2026-06-01,19,0.0,3,-1.0
JTEKTINDIA,JTEKT India Limited,Consumer Cyclical,Auto Parts,3477.0,Small-Cap,MonthlyDoubleBottom,Forming,1.0,6,Sep 6mo | Mid rally 132% | Asymmetry 4%,MonthlyCupHandle+MonthlyDoubleBottom,Downtrend,False,False,Below-MAs,False,Stage2,3,Uptrend,Uptrend,128.86,15.95,6.73,109.53,326.86,607.76,1130.08,607.76,371.6,117.2,43.98,28.17,2.93,0.51,18.68,56.0,21.39,177.5,2,none,12.4,15.9,-0.91,9.0,-0.57,2.89,3.68,0.93,15.67,3.3,3.45,85.94,2.9,11.5,0.15,highly inconsistent earnings,0.29,,1.23,,-373.06,-10.73,74.98,0.0,,0.48,0.02,11.14,0.02,188.5,117.01,31.6,10.1,-3.24,-31.39,0.33,0.76,3,19.0,15.0,9.0,0.0,43.0,MONITOR ⭐,Expected ~117% CAGR (2yr) | Revenue CAGR 16% | Profit CAGR 86% | Low D/E 0.29 | Promoter 75% holding | Margin compressing ↓ ⚠️,Margin compression ↓ | Pattern still forming (not broken out),3-4 years,Medium-High,"yfinance, screener.in",100,269,,2026-06-20,2026-06-01,19,0.0,3,0.0
LTTS,L&T Technology Services Limited,Technology,Information Technology Services,35545.0,Large-Cap,MonthlyDoubleBottom,Forming,0.957,44,Sep 44mo | Mid rally 103% | Asymmetry 8%,,Sideways,False,False,Below-MAs,True,Downtrend,0,Uptrend,Uptrend,3554.6,5902.58,2798.51,3021.41,3228.59,9006.65,3342.58,3285.09,153.4,59.2,28.99,20.46,5.49,16.56,18.78,173.0,-5.23,3658.83,29,none,21.5,26.7,-0.4,18.0,-0.26,11.63,9.85,14.04,7.64,15.07,1.34,1.75,13.98,6.8,0.15,highly inconsistent earnings,0.09,,2.28,,993.11,2.79,73.57,-0.01,,3.86,-0.36,14.64,0.07,4726.0,3010.0,24.8,18.1,-10.47,-29.21,0.47,0.05,4,22.0,17.98,3.0,0.0,43.0,MONITOR ⭐,Expected ~59% CAGR (2yr) | ROE 22% | ROCE 27% | Nearly debt-free | Promoter 74% holding | MonthlyDoubleBottom forming (44mo base),Earnings due 2026-07-15 | Pattern still forming (not broken out),3-4 years,Medium-High,"yfinance, screener.in",100,117,2026-07-15,2026-06-20,2026-06-01,19,0.0,3,0.0
MEDANTA,Global Health Limited,Healthcare,Medical Care Facilities,33189.0,Large-Cap,MonthlyCupHandle,Forming,0.921,23,Cup 23mo | Depth 20% | Prior gain 75% | R²=1.00,MonthlyCupHandle+MonthlyDoubleBottom+MonthlyStage2,Sideways-Above-MA,True,True,Constructive,True,Stage2,5,Uptrend,Uptrend,1240.4,1441.56,1147.8,1090.41,1104.27,1735.32,1572.44,1317.73,39.9,18.3,59.87,38.27,8.38,3.1,36.19,4.0,,1419.06,17,strong_buy,15.2,17.1,2.23,21.0,1.29,12.62,8.16,19.45,17.62,24.97,15.18,19.33,80.39,42.0,0.15,highly inconsistent earnings,0.3,,2.67,,-214.19,-0.65,33.01,0.0,,10.15,-0.39,14.76,0.77,1456.5,956.0,14.8,29.7,16.87,65.51,0.86,0.18,6,19.0,21.05,0.0,3.0,43.0,MONITOR ⭐,Expected ~18% CAGR (2yr) | Revenue CAGR 18% | ROCE trend rising ↑ | Low D/E 0.30 | Piotroski F=6 (above average quality) | DII buying +0.8% ↑,High PE 60 | Pattern still forming (not broken out),3-4 years,Medium-High,"yfinance, screener.in",100,43,,2026-06-20,2026-06-01,19,0.0,3,0.0
POCL,Pondy Oxides And Chemicals Limited,Basic Materials,Specialty Chemicals,3855.0,Small-Cap,None,,0.0,0,,,Sideways-Above-MA,True,False,Constructive,True,Stage2,1,Uptrend,Uptrend,1529.8,,,1300.33,1388.31,1676.25,2023.9,1676.25,9.6,4.7,28.74,14.88,4.89,1.39,18.98,28.0,100.0,1952.0,1,strong_buy,19.2,23.2,2.29,7.0,0.74,4.46,13.5,43.8,26.08,52.55,127.59,20.74,113.15,126.0,0.15,highly inconsistent earnings,0.19,,3.61,,-153.69,-3.99,39.34,0.0,,2.22,-0.12,7.15,0.37,1619.0,689.0,5.5,122.0,83.86,663.12,,-0.2,5,24.0,9.0,3.0,7.0,43.0,MONITOR ⭐,Expected ~5% CAGR (2yr) | Revenue CAGR 26% | Profit CAGR 21% | ROCE 23% | ROCE trend rising ↑ | Low D/E 0.19,None identified,3-4 years,Medium-High,"yfinance, screener.in",100,188,,2026-06-20,2026-06-01,19,0.0,3,0.0
KEC,KEC International Limited,Industrials,Engineering & Construction,13428.0,Mid-Cap,MonthlyDoubleBottom,Forming,0.963,10,Sep 10mo | Mid rally 103% | Asymmetry 6%,,Downtrend,False,False,Below-MAs,False,Stage2,4,Uptrend,Uptrend,469.4,1305.02,623.52,592.34,1150.76,1986.52,2623.85,1737.65,323.2,105.7,22.17,12.76,2.18,0.43,11.03,109.0,11.2,590.27,22,none,11.3,14.5,-0.54,7.0,-0.14,2.58,3.86,7.59,10.8,12.38,6.13,51.0,1.85,-28.1,0.15,highly inconsistent earnings,0.87,,1.23,,-1843.81,-13.73,50.1,0.0,,9.84,-1.91,26.86,1.39,947.0,466.0,50.4,0.7,-40.85,-36.2,1.07,0.08,2,13.0,14.56,15.0,0.0,42.6,MONITOR ⭐,Expected ~106% CAGR (2yr) | Profit CAGR 51% | Promoter 50% holding | DII buying +1.4% ↑ | Dividend growing 11%/yr | PEG 0.43 — deeply undervalued,Pattern still forming (not broken out),3-4 years,Medium-High,"yfinance, screener.in",100,286,,2026-06-20,2026-06-01,19,0.0,3,0.0
JBMA,JBM Auto Limited,Consumer Cyclical,Auto Parts,16171.0,Mid-Cap,MonthlyDoubleBottom,Forming,1.0,48,Sep 48mo | Mid rally 372% | Asymmetry 5%,,Uptrend,True,False,Constructive,True,Stage2,3,Uptrend,Uptrend,622.95,121.35,25.11,529.51,489.51,606.69,751.94,606.69,,,74.08,34.5,11.39,3.09,35.1,12.0,19.35,,0,none,15.6,14.8,0.91,11.0,0.37,3.59,5.02,11.26,16.43,25.16,10.7,23.94,37.18,11.9,0.15,highly inconsistent earnings,1.9,,1.1,,-982.55,-6.08,67.53,0.0,,1.97,0.05,0.1,0.01,790.0,477.0,21.1,30.6,4.75,-29.27,0.87,0.08,4,14.0,25.5,0.0,3.0,42.5,MONITOR ⭐,Revenue CAGR 16% | Profit CAGR 24% | ROCE trend rising ↑ | Promoter 68% holding | Dividend growing 19%/yr | MonthlyDoubleBottom forming (48mo base),High D/E 1.9 | High PE 74 | Pattern still forming (not broken out),3-4 years,Medium-High,"yfinance, screener.in",100,258,,2026-06-20,2026-06-01,19,0.0,3,-2.0
KTKBANK,The Karnataka Bank Limited,Financial Services,Banks - Regional,10426.0,Mid-Cap,MonthlyStage2,Stage Change,1.0,24,10-EMA=217 | 30-EMA=195 | Above by 27.1% | MA turning=Yes,MonthlyDoubleBottom+MonthlyStage2,Uptrend,True,False,Tight-Above-MAs,True,Stage2,12,Uptrend,Uptrend,247.75,194.86,163.04,210.59,695.57,542.11,746.12,720.4,118.8,47.9,7.97,6.88,0.79,2.23,,181.0,7.72,274.67,3,strong_buy,10.4,6.06,,45.57,,40.89,1.05,-1.07,7.29,7.43,2.99,3.57,22.15,61.6,0.15,highly inconsistent earnings,,,,,,,,,,11.78,0.09,16.16,0.32,278.4,169.12,11.0,46.5,37.92,18.12,0.36,0.3,1,1.0,28.5,3.0,10.0,42.5,MONITOR ⭐,Expected ~48% CAGR (2yr) | OPM 46% | MonthlyStage2 forming (24mo base) | Weekly uptrend | Tight daily consolidation above MAs | Sector in Stage2,None identified,3-4 years,Medium-High,"yfinance, screener.in",70,313,,2026-06-20,2026-06-01,19,0.0,3,0.0
KIRLOSBROS,Kirloskar Brothers Limited,Industrials,Specialty Industrial Machinery,13733.0,Mid-Cap,MonthlyDoubleBottom,Forming,1.0,26,Sep 26mo | Mid rally 217% | Asymmetry 2%,MonthlyDoubleBottom+MonthlyStage2,Sideways,False,False,Below-MAs,True,Stage2,4,Uptrend,Uptrend,1619.0,403.92,126.34,1376.15,1721.98,2013.0,2353.2,2013.0,24.3,11.5,36.76,,6.22,2.18,24.15,40.0,32.64,,0,none,17.7,20.8,2.46,12.0,1.09,8.23,6.88,1.02,6.75,10.8,-10.02,16.9,18.55,-18.7,0.15,highly inconsistent earnings,0.1,,1.83,,56.14,0.41,65.95,0.0,,6.24,0.19,10.38,0.06,2475.0,1335.0,34.6,21.3,-23.37,145.92,0.3,0.28,6,23.0,19.5,0.0,0.0,42.5,MONITOR ⭐,Expected ~12% CAGR (2yr) | ROCE 21% | ROCE trend rising ↑ | Low D/E 0.10 | Promoter 66% holding | Piotroski F=6 (above average quality),Pattern still forming (not broken out),3-4 years,Medium-High,"yfinance, screener.in",100,242,,2026-06-20,2026-06-01,19,0.0,3,3.0
MANKIND,Mankind Pharma Limited,Healthcare,Drug Manufacturers - Specialty & Generic,98338.0,Large-Cap,MonthlyStage2,Stage Change,0.818,24,10-EMA=2295 | 30-EMA=2220 | Above by 12.3% | MA turning=Yes,MonthlyDoubleBottom+MonthlyStage2,Sideways-Above-MA,True,False,Constructive,True,Stage2,5,Uptrend,Uptrend,2492.6,2220.12,2005.8,2118.71,2312.27,2642.12,3001.86,2634.6,6.0,3.0,51.55,33.21,6.03,3.7,28.34,8.0,,2653.4,20,buy,13.1,13.5,-4.54,25.0,-0.29,13.4,6.11,16.97,17.73,18.1,-3.63,13.94,8.43,31.7,0.15,highly inconsistent earnings,0.38,,1.07,,1647.91,1.68,72.66,0.0,,10.24,-1.1,14.46,1.2,2716.5,1909.7,8.2,30.5,15.21,23.38,0.75,0.47,4,17.0,20.32,1.0,4.0,42.3,MONITOR ⭐,Expected ~3% CAGR (2yr) | Revenue CAGR 18% | Promoter 73% holding | DII buying +1.2% ↑ | MonthlyStage2 forming (24mo base) | Sector in Stage2,High PE 52 | Earnings due 2026-08-06,3-4 years,Medium-High,"yfinance, screener.in",100,37,2026-08-06,2026-06-20,2026-06-01,19,0.0,3,0.0
SAFARI,Safari Industries (India) Limited,Consumer Cyclical,Footwear & Accessories,7521.0,Small-Cap,MonthlyDoubleBottom,Forming,0.641,13,Sep 13mo | Mid rally 66% | Asymmetry 1%,,Sideways,False,False,Below-MAs,True,Stage2,3,Uptrend,Uptrend,1638.0,2740.41,1643.83,1561.64,1619.59,3836.99,1972.56,1787.38,134.2,53.1,44.85,29.56,6.75,4.33,27.15,26.0,106.06,2249.4,10,none,16.2,19.5,4.06,13.0,2.63,8.19,9.05,15.52,19.09,44.23,17.48,10.36,40.21,-0.3,0.15,highly inconsistent earnings,0.1,,3.79,,117.24,1.56,44.7,0.0,,10.81,-1.51,28.3,1.74,2507.1,1363.1,34.7,20.2,-17.19,-4.74,1.99,-0.42,7,23.0,14.19,5.0,0.0,42.2,MONITOR ⭐,Expected ~53% CAGR (2yr) | Revenue CAGR 19% | ROCE trend rising ↑ | Low D/E 0.10 | Piotroski F=7 (high quality compounder) | DII buying +1.7% ↑,Pattern still forming (not broken out),3-4 years,Medium-High,"yfinance, screener.in",100,82,,2026-06-20,2026-06-01,19,14.8,3,-1.0
DIVISLAB,Divi's Laboratories Limited,Healthcare,Drug Manufacturers - Specialty & Generic,176218.0,Large-Cap,MonthlyDoubleBottom,Forming,0.681,20,Sep 20mo | Mid rally 71% | Asymmetry 3%,,Uptrend,True,False,Tight-Above-MAs,True,Stage2,5,Uptrend,Uptrend,6638.0,5284.12,3058.82,5642.3,4459.51,7509.42,5604.01,4999.11,13.1,6.4,68.5,47.06,10.51,5.66,50.18,45.0,0.0,7065.83,30,hold,16.5,22.0,-2.8,33.0,-2.17,24.32,10.07,12.82,10.78,8.67,17.21,12.1,5.3,13.4,0.15,highly inconsistent earnings,0.0,,5.43,,-747.12,-0.42,51.88,0.0,,20.29,0.21,19.13,-0.05,7071.5,5636.5,6.1,17.8,5.73,63.98,0.52,0.22,4,15.0,24.17,0.0,3.0,42.2,MONITOR ⭐,Expected ~6% CAGR (2yr) | ROCE 22% | Nearly debt-free | Promoter 52% holding | OPM 33% | Margin compressing ↓ ⚠️,High PE 68 | Margin compression ↓ | Earnings due 2026-08-05 | Pattern still forming (not broken out),3-4 years,Medium-High,"yfinance, screener.in",100,280,2026-08-05,2026-06-20,2026-06-01,19,-4.0,3,0.0
AWL,AWL Agri Business Limited,Consumer Defensive,Packaged Foods,24688.0,Mid-Cap,MonthlyDoubleBottom,Forming,0.547,17,Sep 17mo | Mid rally 58% | Asymmetry 4%,,Downtrend,False,False,Below-MAs,False,Stage2,15,Uptrend,Uptrend,190.82,509.0,315.5,299.72,447.81,702.5,661.51,544.27,268.1,91.9,23.7,18.6,2.36,1.1,10.98,52.0,,267.33,6,none,10.7,18.3,-0.4,3.0,-0.06,1.39,4.45,17.37,8.7,15.04,-14.76,21.54,7.47,53.5,0.15,highly inconsistent earnings,0.11,,1.26,,2139.25,8.67,56.94,0.0,,21.86,0.71,8.37,-0.91,286.0,171.19,33.3,11.5,-22.6,-73.26,0.34,-0.16,3,20.0,10.06,12.0,0.0,42.1,MONITOR ⭐,Expected ~92% CAGR (2yr) | Profit CAGR 22% | Low D/E 0.11 | Promoter 57% holding | FCF yield 8.7% | FII buying +0.7% ↑,Pattern still forming (not broken out),3-4 years,Medium-High,"yfinance, screener.in",100,53,,2026-06-20,2026-06-01,19,-5.6,3,1.0
AVALON,Avalon Technologies Limited,Technology,Electronic Components,11267.0,Mid-Cap,None,,0.0,0,,,Uptrend,True,False,Tight-Above-MAs,True,Downtrend,0,Uptrend,Uptrend,1687.0,,,1433.95,734.22,951.03,1231.87,951.03,,,100.0,51.58,15.62,3.39,56.07,0.0,,1297.73,15,hold,16.9,19.5,-0.97,11.0,-0.17,6.92,9.15,45.99,19.26,18.36,79.37,29.53,37.49,69.5,0.15,highly inconsistent earnings,0.29,,2.05,,-39.51,-0.35,44.41,-0.01,,6.42,-1.14,26.17,0.77,1696.0,777.3,0.5,117.0,104.07,162.03,,,4,19.0,14.0,-1.0,10.0,42.0,MONITOR ⭐,Revenue CAGR 19% | Profit CAGR 30% | Low D/E 0.29 | DII buying +0.8% ↑ | Weekly uptrend | Tight daily consolidation above MAs,High PE 100,3-4 years,Medium-High,"yfinance, screener.in",100,39,,2026-06-20,2026-06-01,19,24.3,3,0.0
HERITGFOOD,Heritage Foods Limited,Consumer Defensive,Packaged Foods,2969.0,Small-Cap,MonthlyDoubleBottom,Forming,1.0,23,Sep 23mo | Mid rally 146% | Asymmetry 0%,,Downtrend,False,False,Below-MAs,False,Stage2,15,Uptrend,Uptrend,320.0,720.27,292.55,277.92,1194.0,1151.99,2249.52,1638.88,260.0,89.7,19.73,14.39,2.67,0.53,11.46,78.0,25.4,421.67,3,none,13.7,15.9,-1.63,6.0,-0.6,3.32,6.62,9.46,11.78,12.85,-20.21,37.26,0.27,-37.3,0.15,highly inconsistent earnings,0.33,,1.4,,-169.11,-5.69,41.3,0.0,,2.21,-1.74,6.21,1.33,540.0,292.55,40.7,9.4,-28.37,12.7,0.28,0.26,3,13.0,16.0,13.0,0.0,42.0,MONITOR ⭐,Expected ~90% CAGR (2yr) | Profit CAGR 37% | Margin compressing ↓ ⚠️ | DII buying +1.3% ↑ | Dividend growing 25%/yr | PEG 0.53 — undervalued,Margin compression ↓ | Pattern still forming (not broken out),3-4 years,Medium-High,"yfinance, screener.in",100,288,,2026-06-20,2026-06-01,19,-2.2,3,0.0
PARADEEP,Paradeep Phosphates Limited,Basic Materials,Agricultural Inputs,13107.0,Mid-Cap,MonthlyDoubleBottom,Forming,0.501,8,Sep 8mo | Mid rally 56% | Asymmetry 6%,MonthlyDoubleBottom+MonthlyStage2,Sideways,False,False,Below-MAs,True,Stage2,1,Uptrend,Uptrend,123.98,92.94,58.05,105.38,302.43,327.9,667.11,449.17,164.5,62.6,13.15,10.82,1.93,0.27,9.1,79.0,100.0,146.0,3,buy,18.9,17.1,0.23,10.0,-0.14,4.57,7.52,57.93,17.83,33.41,80.43,48.52,34.89,-2.8,0.15,highly inconsistent earnings,1.02,,1.15,,-3334.15,-25.44,57.79,0.09,,8.36,-3.07,15.49,2.24,234.39,99.7,47.1,24.4,-14.43,76.9,0.77,-0.07,3,18.0,12.01,12.0,0.0,42.0,MONITOR ⭐,Expected ~63% CAGR (2yr) | Revenue CAGR 18% | Profit CAGR 49% | ROCE trend rising ↑ | Promoter 58% holding | DII buying +2.2% ↑,High D/E 1.0 | Pattern still forming (not broken out),3-4 years,Medium-High,"yfinance, screener.in",100,49,,2026-06-20,2026-06-01,19,0.0,3,0.0
SERVOTECH,Servotech Renewable Power System Limited,Industrials,Electrical Equipment & Parts,2316.0,Small-Cap,MonthlyStage2,Breaking Out,0.193,24,10-EMA=95 | 30-EMA=100 | Above by 2.9% | MA turning=No,,Uptrend,True,False,Constructive,True,Stage2,4,Uptrend,Uptrend,103.1,100.2,59.05,87.63,74.93,141.35,152.69,106.96,37.1,17.1,70.71,,8.1,1.65,36.9,5.0,1.5,,0,none,12.8,12.8,0.4,10.0,0.71,5.0,5.57,-0.3,34.21,50.51,-3.03,42.75,100.0,36.6,0.15,highly inconsistent earnings,0.71,,1.46,,-112.54,-4.86,58.61,0.0,,0.14,-0.59,,,154.48,57.51,33.3,79.3,-19.91,-5.79,1.55,0.15,4,22.0,18.82,1.0,0.0,41.8,MONITOR ⭐,Expected ~17% CAGR (2yr) | Revenue CAGR 34% | Profit CAGR 43% | ROCE trend rising ↑ | Promoter 59% holding | MonthlyStage2 — Breaking Out,High PE 71,3-4 years,Medium-High,"yfinance, screener.in",100,105,,2026-06-20,2026-06-15,5,0.0,1,0.0
METROPOLIS,Metropolis Healthcare Limited,Healthcare,Diagnostics & Research,11003.0,Mid-Cap,MonthlyDoubleBottom,Forming,0.936,12,Sep 12mo | Mid rally 96% | Asymmetry 2%,MonthlyCupHandle+MonthlyDoubleBottom+MonthlyStage2,Sideways-Above-MA,True,False,Constructive,True,Stage2,5,Uptrend,Uptrend,508.4,880.34,445.42,432.14,388.03,1315.26,470.63,427.34,158.7,60.8,57.81,35.01,7.26,5.71,27.5,38.0,-30.66,608.6,18,none,13.8,17.8,-3.8,24.0,-1.2,11.54,8.34,23.67,12.76,10.52,30.82,10.13,0.86,74.7,0.15,highly inconsistent earnings,0.15,,1.4,,242.37,2.2,48.86,-0.01,,10.43,-1.25,35.8,1.07,600.0,412.25,15.3,23.3,27.39,14.38,2.35,0.21,4,13.0,20.73,2.0,6.0,41.7,MONITOR ⭐,Expected ~61% CAGR (2yr) | Low D/E 0.15 | Margin compressing ↓ ⚠️ | DII buying +1.1% ↑ | MonthlyDoubleBottom forming (12mo base) | Sector in Stage2,High PE 58 | Margin compression ↓ | Earnings due 2026-08-06 | Pattern still forming (not broken out),3-4 years,Medium-High,"yfinance, screener.in",100,86,2026-08-06,2026-06-20,2026-06-01,19,0.0,3,0.0
GARFIBRES,Garware Technical Fibres Limited,Consumer Cyclical,Textile Manufacturing,6762.0,Small-Cap,MonthlyDoubleBottom,Forming,0.755,13,Sep 13mo | Mid rally 84% | Asymmetry 8%,,Sideways-Above-MA,True,True,Constructive,True,Stage2,3,Uptrend,Uptrend,692.45,327.59,171.04,588.58,787.53,819.25,867.93,826.75,18.3,8.8,34.61,24.3,5.07,6.95,22.9,137.0,89.32,808.0,3,none,16.1,22.0,-0.06,19.0,0.11,13.0,8.57,-0.71,5.4,8.12,-14.22,4.98,4.72,-19.4,0.15,highly inconsistent earnings,0.03,,2.74,,68.48,1.01,53.36,0.0,,9.12,0.05,10.29,-0.15,970.0,579.75,28.6,19.4,-17.35,-8.88,0.3,0.01,5,19.0,18.56,4.0,0.0,41.6,MONITOR ⭐,Expected ~9% CAGR (2yr) | ROCE 22% | Nearly debt-free | Promoter 53% holding | Piotroski F=5 (above average quality) | Dividend growing 89%/yr,Pattern still forming (not broken out),3-4 years,Medium-High,"yfinance, screener.in",100,287,,2026-06-20,2026-06-01,19,7.8,3,1.0
MINDACORP,Minda Corporation Limited,Consumer Cyclical,Auto Parts,14997.0,Mid-Cap,MonthlyDoubleBottom,Forming,1.0,48,Sep 48mo | Mid rally 251% | Asymmetry 3%,,Downtrend,False,False,Below-MAs,True,Stage2,3,Uptrend,Uptrend,520.2,220.84,62.05,442.17,519.46,629.57,606.12,561.12,21.0,10.0,42.2,28.6,5.68,5.26,22.67,25.0,-20.63,732.25,8,strong_buy,14.9,12.8,0.49,12.0,0.51,5.82,5.92,22.33,12.88,21.17,40.39,8.02,46.53,139.4,0.15,highly inconsistent earnings,0.55,,0.94,,78.01,0.52,64.84,0.0,,8.8,-0.29,18.82,0.39,663.0,445.05,21.5,16.9,7.75,63.17,0.27,0.42,6,14.0,16.5,6.0,5.0,41.5,MONITOR ⭐,"Expected ~10% CAGR (2yr) | ROCE trend rising ↑ | Promoter 65% holding | Piotroski F=6 (above average quality) | Analyst target ₹732 (+41%, n=8) | MonthlyDoubleBottom forming (48mo base)",Pattern still forming (not broken out),3-4 years,Medium-High,"yfinance, screener.in",100,171,,2026-06-20,2026-06-01,19,0.0,3,0.0
KRSNAA,Krsnaa Diagnostics Limited,Healthcare,Diagnostics & Research,1733.0,Small-Cap,MonthlyDoubleBottom,Forming,1.0,48,Sep 48mo | Mid rally 111% | Asymmetry 9%,,Downtrend,False,False,Below-MAs,False,Stage2,5,Uptrend,Uptrend,566.3,1040.59,472.61,481.35,1687.87,1608.57,2336.67,1985.95,184.0,68.5,17.3,11.81,1.77,0.98,8.02,51.0,3.23,867.25,4,none,10.9,12.7,1.2,27.0,-0.8,12.7,5.93,7.81,16.65,66.18,29.49,17.66,,101.8,0.15,highly inconsistent earnings,0.55,,2.68,,-27.35,-1.58,27.11,0.0,,3.91,-0.26,13.89,0.04,894.4,515.0,36.7,10.0,-11.72,-24.88,0.53,0.06,5,11.0,16.5,14.0,0.0,41.5,MONITOR ⭐,Expected ~68% CAGR (2yr) | Revenue CAGR 17% | ROCE trend rising ↑ | OPM 27% | Margin compressing ↓ ⚠️ | Piotroski F=5 (above average quality),Margin compression ↓ | Pattern still forming (not broken out),3-4 years,Medium-High,"yfinance, screener.in",100,58,,2026-06-20,2026-06-01,19,0.0,3,2.0
BRITANNIA,Britannia Industries Limited,Consumer Defensive,Packaged Foods,124421.0,Large-Cap,MonthlyDoubleBottom,Forming,0.638,25,Sep 25mo | Mid rally 68% | Asymmetry 4%,,Downtrend,False,False,Below-MAs,False,Stage2,15,Uptrend,Uptrend,5165.5,3201.72,1876.14,4390.68,3969.18,4950.22,4217.45,4091.43,,,49.02,39.79,24.37,15.91,34.94,175.0,9.9,6238.41,34,buy,53.6,56.0,2.6,18.0,0.09,13.23,21.59,6.74,5.52,7.83,16.48,3.08,6.51,21.1,0.15,highly inconsistent earnings,0.27,,1.12,,2049.09,1.65,50.55,0.0,,15.63,0.75,18.82,-0.73,6336.0,5035.0,18.5,2.6,-4.69,-9.0,0.43,0.47,5,26.0,12.16,2.0,1.0,41.2,MONITOR ⭐,ROE 54% | ROCE 56% | ROCE trend rising ↑ | Low D/E 0.27 | Promoter 51% holding | Piotroski F=5 (above average quality),Earnings due 2026-08-05 | Pattern still forming (not broken out),3-4 years,Medium-High,"yfinance, screener.in",100,366,2026-08-05,2026-06-20,2026-06-01,19,-4.6,3,-1.0
HIRECT,Hind Rectifiers Limited,Industrials,Electrical Equipment & Parts,3886.0,Small-Cap,MonthlyDoubleBottom,Forming,1.0,20,Sep 20mo | Mid rally 191% | Asymmetry 7%,,Uptrend,True,True,Tight-Above-MAs,True,Stage2,4,Uptrend,Uptrend,1130.5,132.62,43.88,960.92,342.0,342.0,342.0,342.0,,,82.64,,18.64,,50.4,9.0,71.0,,0,none,21.7,18.6,-3.0,8.0,-0.5,4.51,8.13,52.52,,,5.41,,,-54.9,0.15,highly inconsistent earnings,1.19,,1.12,,-118.82,-3.06,43.93,0.0,,6.38,0.17,0.13,0.0,1212.1,565.2,6.7,100.0,28.09,654.4,0.52,0.36,3,8.0,28.0,-1.0,6.0,41.0,MONITOR ⭐,Revenue CAGR 51% | Declining profits (-55% CAGR) ⚠️ | ROE 22% | Dividend growing 71%/yr | MonthlyDoubleBottom forming (20mo base) | Weekly uptrend,High D/E 1.2 | High PE 83 | Pattern still forming (not broken out),3-4 years,Medium-High,"yfinance, screener.in",80,235,,2026-06-20,2026-06-01,19,13.9,3,-2.0
AFFLE,Affle 3i Limited,Communication Services,Advertising Agencies,20341.0,Mid-Cap,MonthlyDoubleBottom,Forming,0.746,11,Sep 11mo | Mid rally 75% | Asymmetry 0%,,Sideways,False,False,Below-MAs,True,Downtrend,0,Uptrend,Uptrend,1446.3,2185.9,1246.0,1229.36,1189.25,3125.8,1796.88,1461.83,116.1,47.0,44.85,28.88,5.56,1.96,30.98,0.0,,1975.27,11,none,13.8,16.8,-4.2,23.0,-0.2,16.79,7.55,19.55,23.62,39.27,19.11,22.92,27.51,16.0,0.4,lumpy earner,0.0,,3.59,,-171.67,-0.84,54.92,-0.03,,16.66,-1.13,17.9,1.54,2185.9,1251.3,33.8,15.6,-21.51,15.11,0.33,0.16,4,23.0,13.95,4.0,0.0,41.0,MONITOR ⭐,Expected ~47% CAGR (2yr) | Revenue CAGR 24% | Profit CAGR 23% | Nearly debt-free | Promoter 55% holding | DII buying +1.5% ↑,Pattern still forming (not broken out),3-4 years,Medium-High,"yfinance, screener.in",100,83,,2026-06-20,2026-06-01,19,-0.7,3,0.0
KALAMANDIR,Sai Silks (Kalamandir) Limited,Consumer Cyclical,Apparel Retail,1565.0,Small-Cap,None,,0.0,0,,,Downtrend,False,False,Below-MAs,False,Stage2,3,Uptrend,Uptrend,101.82,,,86.55,1326.76,3201.48,7725.17,3201.48,3044.3,460.7,11.11,8.78,1.24,0.08,6.82,94.0,0.0,,0,none,11.78,,,12.0,1.0,8.52,7.22,67.3,,,800.0,,,141.7,0.15,highly inconsistent earnings,0.29,,5.18,,204.26,13.05,60.97,0.0,,0.56,-0.91,8.55,0.34,223.03,89.76,54.3,13.4,-25.14,,,0.93,5,25.0,3.0,13.0,0.0,41.0,MONITOR ⭐,Expected ~461% CAGR (2yr) | Profit CAGR 141% | Low D/E 0.29 | Promoter 61% holding | FCF yield 13.1% | Piotroski F=5 (above average quality),None identified,3-4 years,Medium-High,"yfinance, screener.in",70,33,,2026-06-20,2026-06-01,19,0.0,3,0.0
BETA,BETA DRUGS LIMITED,Healthcare,Drug Manufacturers - Specialty & Generic,1788.0,Small-Cap,MonthlyStage2,Breaking Out,1.0,24,10-EMA=1521 | 30-EMA=1479 | Above by 19.8% | MA turning=Yes,MonthlyDoubleBottom+MonthlyStage2,Sideways-Above-MA,True,True,Constructive,True,Stage2,5,Uptrend,Uptrend,1771.2,1478.9,1051.6,1505.52,1791.11,1966.1,2158.19,1966.1,11.0,5.4,43.3,,7.33,4.43,24.02,0.0,,,0,none,18.8,19.2,-1.23,20.0,-0.4,10.78,7.85,6.35,19.26,27.12,-2.38,9.77,27.86,0.2,0.15,highly inconsistent earnings,0.6,,3.1,,-33.59,-1.88,59.1,-5.53,,2.95,1.79,6.01,3.86,2000.0,990.1,11.4,78.9,6.57,93.49,2.45,-0.46,4,12.0,24.0,2.0,3.0,41.0,MONITOR ⭐,Expected ~5% CAGR (2yr) | Revenue CAGR 19% | Promoter 59% holding | FII buying +1.8% ↑ | DII buying +3.9% ↑ | MonthlyStage2 — Breaking Out,None identified,3-4 years,Medium-High,"yfinance, screener.in",100,105,,2026-06-20,2026-06-15,5,0.0,1,0.0
WANBURY,Wanbury Limited,Healthcare,Drug Manufacturers - Specialty & Generic,959.0,Small-Cap,MonthlyDoubleBottom,Forming,1.0,11,Sep 11mo | Mid rally 147% | Asymmetry 2%,,Uptrend,True,False,Uptrend,True,Stage2,5,Uptrend,Uptrend,308.65,38.1,15.3,262.35,763.73,763.73,763.73,763.73,147.4,57.3,14.14,,8.49,,,0.0,-20.63,,0,none,76.5,36.7,3.06,14.0,2.03,-25.9,,5.0,9.11,9.95,38.71,-19.03,-7.06,,0.2,multiple loss years in history,,,,,,,43.01,-0.07,,0.59,-0.13,,,320.95,161.5,3.8,91.1,17.75,432.41,0.56,,2,12.0,25.0,0.0,4.0,41.0,MONITOR ⭐,Expected ~57% CAGR (2yr) | Declining profits (-19% CAGR) ⚠️ | ROE 76% | ROCE 37% | ROCE trend rising ↑ | MonthlyDoubleBottom forming (11mo base),Pattern still forming (not broken out),3-4 years,Medium-High,"yfinance, screener.in",70,233,,2026-06-20,2026-06-15,5,0.0,1,0.0
REFEX,Refex Industries Limited,Energy,Thermal Coal,4522.0,Small-Cap,MonthlyDoubleBottom,Forming,0.49,6,Sep 6mo | Mid rally 55% | Asymmetry 6%,,Sideways-Above-MA,True,True,Constructive,True,Stage2,1,Uptrend,Uptrend,274.35,533.29,334.0,317.3,344.6,732.58,502.03,415.93,167.0,63.4,17.3,,2.84,0.84,10.33,16.0,15.0,,0,none,17.8,22.4,-11.6,16.0,0.89,8.93,9.08,-7.74,11.81,28.07,29.11,20.7,43.95,88.0,0.15,highly inconsistent earnings,0.15,,2.04,,-149.05,-3.3,55.85,0.0,,1.65,0.28,0.14,0.01,482.25,188.0,43.1,45.9,-32.31,130.05,0.75,1.73,5,20.0,14.88,6.0,0.0,40.9,MONITOR ⭐,Expected ~63% CAGR (2yr) | Profit CAGR 21% | ROCE 22% | Low D/E 0.15 | Promoter 56% holding | Piotroski F=5 (above average quality),Pattern still forming (not broken out),3-4 years,Medium-High,"yfinance, screener.in",100,198,,2026-06-20,2026-06-01,19,0.0,3,1.0
CUB,City Union Bank Limited,Financial Services,Banks - Regional,19984.0,Mid-Cap,MonthlyDoubleBottom,Forming,0.818,23,Sep 23mo | Mid rally 82% | Asymmetry 1%,,Downtrend,False,False,Below-MAs,False,Stage2,12,Uptrend,Uptrend,201.7,193.05,105.54,171.44,361.28,366.04,565.4,451.96,81.5,34.7,15.09,10.79,1.89,0.6,,74.0,25.99,237.17,22,buy,13.24,,,48.06,,37.62,1.52,23.6,,,25.1,,,24.9,0.5,insufficient history,,,,,,,,,,23.37,-0.12,40.73,0.5,243.07,140.29,17.0,43.8,-0.36,35.85,0.75,0.39,2,18.0,13.82,8.0,1.0,40.8,MONITOR ⭐,Expected ~35% CAGR (2yr) | Revenue CAGR 24% | Profit CAGR 25% | OPM 48% | Dividend growing 26%/yr | PEG 0.60 — undervalued,Earnings due 2026-04-27 | Pattern still forming (not broken out),3-4 years,Medium-High,"yfinance, screener.in",40,288,2026-04-27,2026-06-20,2026-06-01,19,-19.7,3,-14.0
DRREDDY,Dr. Reddy's Laboratories Limited,Healthcare,Drug Manufacturers - Specialty & Generic,106203.0,Large-Cap,MonthlyDoubleBottom,Forming,1.0,30,Sep 30mo | Mid rally 144% | Asymmetry 2%,,Sideways-Above-MA,True,False,Constructive,False,Stage2,5,Uptrend,Uptrend,1275.4,127.18,51.54,1084.09,1799.0,1612.11,1799.0,1799.0,26.4,12.4,24.81,19.77,2.82,,15.48,63.0,10.06,1331.77,39,hold,11.8,13.6,0.49,19.0,0.69,12.76,5.74,3.23,10.96,12.09,-27.37,-2.65,16.33,-86.2,0.15,highly inconsistent earnings,0.2,,1.8,,162.75,0.15,26.63,-0.01,,21.14,-1.2,30.72,0.28,1375.9,1148.4,7.3,11.1,5.66,-4.24,0.36,0.26,7,11.0,22.5,4.0,3.0,40.5,MONITOR ⭐,Expected ~12% CAGR (2yr) | Declining profits (-3% CAGR) ⚠️ | ROCE trend rising ↑ | Low D/E 0.20 | Piotroski F=7 (high quality compounder) | Dividend growing 10%/yr,Earnings due 2026-07-23 | Pattern still forming (not broken out),3-4 years,Medium-High,"yfinance, screener.in",100,366,2026-07-23,2026-06-20,2026-06-01,19,-4.5,3,-7.0
ORBTEXP,Orbit Exports Limited,Consumer Cyclical,Textile Manufacturing,498.0,Micro-Cap,MonthlyDoubleBottom,Forming,1.0,24,Sep 24mo | Mid rally 126% | Asymmetry 0%,,Downtrend,False,False,Below-MAs,False,Stage2,3,Uptrend,Uptrend,158.98,306.29,135.0,135.13,363.87,477.58,363.87,363.87,200.4,73.3,15.29,19.97,1.62,,10.05,0.0,39.71,,0,none,11.2,14.6,2.14,22.0,0.89,14.12,6.29,5.96,5.45,27.71,-15.38,-0.99,75.18,-84.9,0.15,highly inconsistent earnings,0.05,,2.86,,33.36,6.69,66.05,0.0,,0.0,0.0,,,265.0,135.0,40.0,17.8,-17.92,-32.56,0.15,-0.12,6,20.0,16.5,4.0,0.0,40.5,MONITOR ⭐,Expected ~73% CAGR (2yr) | Declining profits (-1% CAGR) ⚠️ | ROCE trend rising ↑ | Nearly debt-free | Promoter 66% holding | FCF yield 6.7%,Pattern still forming (not broken out),3-4 years,Medium-High,"yfinance, screener.in",100,151,,2026-06-20,2026-06-01,19,0.0,3,0.0
ORIENTPPR,Orient Paper & Industries Limited,Basic Materials,Paper & Paper Products,367.0,Micro-Cap,MonthlyDoubleBottom,Forming,1.0,46,Sep 46mo | Mid rally 247% | Asymmetry 10%,,Downtrend,False,False,Below-MAs,False,Stage2,1,Uptrend,Uptrend,17.07,54.22,14.91,14.51,174.68,191.99,211.01,191.99,1024.7,235.4,2.32,4.72,0.25,0.23,-17.13,0.0,0.0,,0,none,22.1,22.2,-3.6,19.0,2.3,-3.18,-2.62,7.31,10.87,,-21.78,9.91,,,0.15,highly inconsistent earnings,0.2,,0.57,,-61.55,-16.78,38.73,0.0,,0.22,-0.29,0.37,0.09,31.05,13.25,45.0,28.8,-33.13,-79.54,0.31,0.27,2,12.0,16.5,12.0,0.0,40.5,MONITOR ⭐,Expected ~235% CAGR (2yr) | ROE 22% | ROCE 22% | Low D/E 0.20 | PEG 0.23 — deeply undervalued | PB 0.2 below justified 1.5,Pattern still forming (not broken out),3-4 years,Medium-High,"yfinance, screener.in",90,287,,2026-06-20,2026-06-01,19,0.0,3,0.0
GREENPANEL,Greenpanel Industries Limited,Basic Materials,Lumber & Wood Production,2375.0,Small-Cap,MonthlyDoubleBottom,Forming,0.662,15,Sep 15mo | Mid rally 72% | Asymmetry 5%,,Downtrend,False,False,Below-MAs,False,Stage2,1,Uptrend,Uptrend,193.69,447.71,253.76,241.07,321.34,641.66,522.38,409.71,231.3,82.0,16.6,14.96,1.78,0.6,32.51,26.0,-41.52,243.06,16,buy,11.4,12.9,3.31,16.0,1.31,-1.89,-0.64,-12.11,15.35,21.21,-44.36,27.5,32.51,-95.3,0.15,highly inconsistent earnings,0.27,,1.94,,-27.44,-1.16,53.13,0.0,,1.07,-0.03,28.4,-0.05,335.2,163.01,42.2,18.8,-29.46,-61.81,0.28,0.43,5,21.0,11.44,8.0,0.0,40.4,MONITOR ⭐,Expected ~82% CAGR (2yr) | Revenue CAGR 15% | Profit CAGR 28% | ROCE trend rising ↑ | Low D/E 0.27 | Promoter 53% holding,Pattern still forming (not broken out),3-4 years,Medium-High,"yfinance, screener.in",90,81,,2026-06-20,2026-06-01,19,5.9,3,0.0
ASTRAL,Astral Limited,Industrials,Building Products & Equipment,40529.0,Large-Cap,MonthlyDoubleBottom,Forming,0.986,33,Sep 33mo | Mid rally 103% | Asymmetry 4%,,Sideways-Above-MA,True,False,Constructive,False,Stage2,4,Uptrend,Uptrend,1508.6,2442.31,1176.4,1282.31,563.17,3708.22,612.17,587.16,145.8,56.8,75.77,44.69,9.99,17.79,37.51,25.0,18.56,1762.93,29,buy,14.4,19.9,-2.09,16.0,-0.66,8.17,8.86,12.64,8.39,15.64,3.08,4.26,5.57,18.8,0.15,highly inconsistent earnings,0.06,,1.76,,474.9,1.17,54.22,0.0,,14.5,-0.71,20.92,1.73,1768.7,1263.7,14.7,19.4,12.58,-42.46,0.4,0.14,4,13.0,22.33,1.0,4.0,40.3,MONITOR ⭐,Expected ~57% CAGR (2yr) | Nearly debt-free | Promoter 54% holding | Margin compressing ↓ ⚠️ | DII buying +1.7% ↑ | Dividend growing 19%/yr,High PE 76 | Margin compression ↓ | Earnings due 2026-08-17 | Pattern still forming (not broken out),3-4 years,Medium-High,"yfinance, screener.in",100,232,2026-08-17,2026-06-20,2026-06-01,19,4.1,3,-2.0
ERIS,Eris Lifesciences Limited,Healthcare,Drug Manufacturers - Specialty & Generic,19463.0,Mid-Cap,MonthlyDoubleBottom,Forming,0.653,42,Sep 42mo | Mid rally 71% | Asymmetry 6%,MonthlyDoubleBottom+MonthlyStage2,Sideways,False,False,Below-MAs,True,Stage2,5,Uptrend,Uptrend,1404.6,814.47,462.16,1193.91,2447.65,2442.56,3531.08,2939.87,73.9,31.9,31.05,22.66,4.92,1.54,19.18,103.0,100.0,1696.6,10,strong_buy,18.7,14.1,-3.14,36.0,-0.03,19.89,7.3,8.12,22.91,20.89,72.8,20.11,12.79,201.3,0.15,highly inconsistent earnings,0.6,,0.74,,-30.12,-0.15,53.92,-0.93,,6.39,-0.46,20.35,0.04,1900.0,1200.0,26.1,17.0,-17.29,58.84,0.24,-0.11,3,18.0,15.34,7.0,0.0,40.3,MONITOR ⭐,Expected ~32% CAGR (2yr) | Revenue CAGR 23% | Profit CAGR 20% | Promoter 54% holding | OPM 36% | Dividend growing 100%/yr,Pattern still forming (not broken out),3-4 years,Medium-High,"yfinance, screener.in",100,109,,2026-06-20,2026-06-01,19,5.1,3,-1.0
TIIL,Technocraft Industries (India) Limited,Industrials,Tools & Accessories,5687.0,Small-Cap,MonthlyStage2,Stage Change,0.728,24,10-EMA=2426 | 30-EMA=2352 | Above by 10.9% | MA turning=Yes,MonthlyDoubleBottom+MonthlyStage2,Uptrend,True,False,Uptrend,True,Stage2,4,Uptrend,Uptrend,2608.5,2351.55,2031.3,2217.22,3449.5,3510.56,3572.7,3510.56,34.6,16.0,19.92,13.57,3.02,11.25,13.52,159.0,100.0,3650.0,1,strong_buy,15.0,16.1,0.03,17.0,-0.34,10.34,6.89,6.28,11.6,16.33,11.41,1.77,16.94,15.3,0.15,highly inconsistent earnings,0.4,,2.05,,-5.79,-0.1,74.74,0.0,,0.4,-0.04,6.85,-0.15,3383.0,1868.5,22.9,39.6,-5.44,45.72,0.57,0.21,5,14.0,23.24,3.0,0.0,40.2,MONITOR ⭐,Expected ~16% CAGR (2yr) | ROCE trend rising ↑ | Promoter 75% holding | Piotroski F=5 (above average quality) | Dividend growing 100%/yr | EV/EBITDA 14× vs sector 18×,None identified,3-4 years,Medium-High,"yfinance, screener.in",100,232,,2026-06-20,2026-06-01,19,0.0,3,0.0
HINDALCO,Hindalco Industries Limited,Basic Materials,Aluminum,228445.0,Large-Cap,MonthlyDoubleBottom,Forming,1.0,6,Sep 6mo | Mid rally 972% | Asymmetry 8%,,Sideways-Above-MA,True,False,Constructive,False,Stage2,1,Uptrend,Uptrend,1021.6,98.35,8.83,868.36,1427.95,1395.49,1723.74,1568.89,36.6,16.9,16.98,9.46,1.66,1.72,8.61,49.0,7.72,1135.38,29,hold,13.5,13.7,0.54,13.0,-0.14,4.87,5.37,15.28,7.2,15.81,-16.32,9.87,30.91,-50.8,0.15,highly inconsistent earnings,0.73,,1.21,,-9969.75,-4.36,34.65,0.0,,29.96,1.8,21.35,-1.82,1176.0,635.05,13.1,60.9,55.29,105.61,0.6,0.81,3,5.0,21.0,6.0,8.0,40.0,MONITOR ⭐,Expected ~17% CAGR (2yr) | ROCE trend rising ↑ | FII buying +1.8% ↑ | EV/EBITDA 9× vs sector 10× | MonthlyDoubleBottom forming (6mo base) | Sector in Stage2,Earnings due 2026-08-12 | Pattern still forming (not broken out),3-4 years,Medium-High,"yfinance, screener.in",100,366,2026-08-12,2026-06-20,2026-06-01,19,-2.5,3,-7.0
NPST,NETWORK PEOPLE SRV TECH L,Technology,Software - Application,3437.0,Small-Cap,None,,0.0,0,,,Downtrend,False,False,Below-MAs,False,Downtrend,0,Uptrend,Uptrend,1043.0,,,886.55,789.5,1423.16,2565.39,1423.16,36.4,16.8,80.01,,11.14,1.0,91.04,12.0,,,0,none,15.0,19.7,5.57,26.0,2.57,24.08,7.92,12.72,68.17,67.03,-8.89,80.26,110.16,191.9,0.15,highly inconsistent earnings,0.03,,7.42,,-91.83,-2.67,60.52,0.25,,0.12,-0.03,10.02,0.07,2388.3,846.6,56.3,23.2,-41.84,259.28,,0.27,5,33.0,2.0,5.0,0.0,40.0,MONITOR ⭐,Expected ~17% CAGR (2yr) | Revenue CAGR 68% | Profit CAGR 80% | ROCE trend rising ↑ | Nearly debt-free | Promoter 61% holding,High PE 80,3-4 years,Medium-High,"yfinance, screener.in",100,57,,2026-06-20,2026-06-01,19,0.0,3,0.0
KAMDHENU,Kamdhenu Limited,Basic Materials,Steel,826.0,Small-Cap,MonthlyDoubleBottom,Forming,1.0,18,Sep 18mo | Mid rally 164% | Asymmetry 3%,,Sideways,False,False,Below-MAs,True,Stage2,1,Uptrend,Uptrend,24.12,66.73,24.89,23.65,48.38,108.57,48.38,48.38,350.1,112.2,10.77,2.87,2.08,,5.7,85.0,35.72,,0,none,14.7,16.9,2.0,7.0,1.0,10.26,14.52,34.56,,,73.33,,,2.0,0.4,lumpy earner,0.02,,9.97,,36.98,4.48,49.03,0.0,,1.88,-0.64,0.01,0.0,34.75,16.15,30.6,49.3,-14.24,-45.67,0.48,1.49,6,16.0,19.0,4.0,1.0,40.0,MONITOR ⭐,Expected ~112% CAGR (2yr) | Declining profits (-8% CAGR) ⚠️ | ROCE trend rising ↑ | Nearly debt-free | FCF yield 4.5% | Piotroski F=6 (above average quality),Pattern still forming (not broken out),3-4 years,Medium-High,"yfinance, screener.in",80,241,,2026-06-20,2026-06-15,5,0.0,1,0.0
BANSALWIRE,BANSAL WIRE INDUSTRIES L,Basic Materials,Steel,4757.0,Small-Cap,None,,0.0,0,,,Sideways-Above-MA,True,False,Uptrend,True,Stage2,1,Uptrend,Uptrend,303.85,,,258.27,308.26,402.88,595.24,428.35,32.6,15.1,29.59,18.34,3.32,0.76,17.1,0.0,,364.67,3,none,12.1,13.8,-0.5,7.0,0.8,3.87,6.75,18.62,19.92,,10.27,38.96,,21.0,0.15,highly inconsistent earnings,0.39,,1.64,,4.53,0.1,77.99,0.0,,0.88,-1.24,17.06,1.39,434.3,222.5,30.0,36.6,-18.78,,,,6,23.0,10.0,7.0,0.0,40.0,MONITOR ⭐,Expected ~15% CAGR (2yr) | Revenue CAGR 20% | Profit CAGR 39% | Promoter 78% holding | Piotroski F=6 (above average quality) | DII buying +1.4% ↑,None identified,3-4 years,Medium-High,"yfinance, screener.in",100,24,,2026-06-20,2026-06-15,5,0.0,1,1.0
RAINBOW,Rainbow Children's Medicare Limited,Healthcare,Medical Care Facilities,13847.0,Mid-Cap,MonthlyDoubleBottom,Forming,0.572,20,Sep 20mo | Mid rally 58% | Asymmetry 1%,MonthlyDoubleBottom+MonthlyStage2,Sideways-Above-MA,True,True,Constructive,True,Stage2,5,Uptrend,Uptrend,1350.7,1706.2,1074.13,1148.1,1194.2,2338.27,1444.45,1313.38,73.1,31.6,49.74,35.98,8.41,4.98,26.32,26.0,14.47,1592.69,13,strong_buy,17.9,18.2,0.51,32.0,1.06,16.34,9.55,12.34,13.2,21.24,15.57,9.98,47.79,36.8,0.15,highly inconsistent earnings,0.54,,3.59,,119.32,0.86,49.84,0.0,,17.24,-2.0,21.12,1.63,1645.7,1084.0,17.9,24.6,-5.64,18.91,0.87,0.17,7,20.0,16.86,2.0,1.0,39.9,MONITOR ⭐,Expected ~32% CAGR (2yr) | ROCE trend rising ↑ | OPM 32% | Piotroski F=7 (high quality compounder) | DII buying +1.6% ↑ | Dividend growing 14%/yr,Pattern still forming (not broken out),3-4 years,Medium-High,"yfinance, screener.in",100,49,,2026-06-20,2026-06-01,19,0.0,3,0.0
BIKAJI,Bikaji Foods International Limited,Consumer Defensive,Packaged Foods,16895.0,Mid-Cap,MonthlyDoubleBottom,Forming,0.361,13,Sep 13mo | Mid rally 42% | Asymmetry 6%,MonthlyDoubleBottom+MonthlyStage2,Downtrend,False,False,Below-MAs,False,Stage2,15,Uptrend,Uptrend,673.8,818.7,558.1,572.73,591.35,1079.3,896.84,728.25,60.2,26.6,65.35,45.62,10.51,2.82,41.07,19.0,0.0,784.2,10,strong_buy,17.5,19.7,0.89,14.0,0.94,8.63,9.44,14.19,15.05,17.96,30.93,23.15,23.06,26.6,0.15,highly inconsistent earnings,0.17,,2.47,,227.45,1.35,73.88,-0.04,,4.68,-0.24,17.28,0.66,818.7,592.55,17.7,13.7,-5.42,19.71,0.53,0.23,7,29.0,7.83,2.0,1.0,39.8,MONITOR ⭐,Expected ~27% CAGR (2yr) | Revenue CAGR 15% | Profit CAGR 23% | ROCE trend rising ↑ | Low D/E 0.17 | Promoter 74% holding,High PE 65 | Pattern still forming (not broken out),3-4 years,Medium-High,"yfinance, screener.in",100,44,,2026-06-20,2026-06-01,19,-0.7,3,0.0
DMCC,DMCC Speciality Chemicals Limited,Basic Materials,Chemicals,611.0,Small-Cap,MonthlyDoubleBottom,Forming,0.84,14,Sep 14mo | Mid rally 85% | Asymmetry 1%,,Downtrend,False,False,Below-MAs,False,Stage2,1,Uptrend,Uptrend,244.8,449.34,242.55,230.42,371.61,656.13,914.0,582.8,168.0,63.7,22.32,,2.46,0.39,9.82,102.0,35.72,,0,none,11.5,15.3,-0.63,11.0,-0.86,4.7,7.2,35.03,14.57,23.82,22.73,56.83,-3.93,9.8,0.15,highly inconsistent earnings,0.29,,1.37,,-17.99,-2.95,53.84,0.0,,0.13,0.0,1.27,0.0,350.0,191.35,30.1,27.9,-16.78,-45.67,0.26,0.25,2,16.0,13.58,10.0,0.0,39.6,MONITOR ⭐,Expected ~64% CAGR (2yr) | Profit CAGR 57% | Low D/E 0.29 | Promoter 54% holding | Margin compressing ↓ ⚠️ | Dividend growing 36%/yr,Margin compression ↓ | Pattern still forming (not broken out),3-4 years,Medium-High,"yfinance, screener.in",100,55,,2026-06-20,2026-06-01,19,-17.2,3,-13.0
HONAUT,Honeywell Automation India Limited,Industrials,Electrical Equipment & Parts,31992.0,Large-Cap,MonthlyDoubleBottom,Forming,0.928,35,Sep 35mo | Mid rally 96% | Asymmetry 3%,,Sideways-Above-MA,True,True,Constructive,True,Stage2,4,Uptrend,Uptrend,36160.0,59716.92,29912.76,30736.0,21686.18,89521.08,28232.82,24743.93,147.6,57.3,60.98,43.68,7.17,4.32,46.7,30.0,5.27,37786.0,4,hold,12.35,,,14.41,,11.21,5.83,5.9,,,14.1,,,14.2,0.5,insufficient history,0.03,,3.52,,468.21,1.46,75.0,0.0,,3.74,0.28,11.28,-0.25,41450.0,26220.0,12.8,37.9,-2.11,-34.9,0.63,0.49,4,16.0,21.64,0.0,2.0,39.6,MONITOR ⭐,Expected ~57% CAGR (2yr) | Nearly debt-free | Promoter 75% holding | MonthlyDoubleBottom forming (35mo base) | Weekly volume expanding | Sector in Stage2,High PE 61 | Earnings due 2026-08-06 | Pattern still forming (not broken out),3-4 years,Medium-High,"yfinance, screener.in",70,288,2026-08-06,2026-06-20,2026-06-01,19,24.4,3,4.0
OBEROIRLTY,Oberoi Realty Limited,Real Estate,Real Estate - Development,59005.0,Large-Cap,MonthlyDoubleBottom,Forming,0.58,34,Sep 34mo | Mid rally 61% | Asymmetry 3%,MonthlyDoubleBottom+MonthlyStage2,Sideways-Above-MA,True,False,Constructive,True,Stage2,3,Uptrend,Uptrend,1622.0,306.35,186.68,1378.7,2250.92,2210.13,2703.35,2466.78,36.3,16.7,23.53,15.33,3.52,2.45,17.44,49.0,-12.64,1825.15,26,buy,14.6,17.3,1.63,56.0,2.4,41.73,8.4,13.68,12.74,23.96,12.62,9.59,27.67,62.4,0.15,highly inconsistent earnings,0.16,,3.99,,-108.58,-0.18,67.71,0.0,,15.42,-1.16,14.58,1.12,2005.0,1391.2,19.1,16.6,-6.75,45.09,0.35,0.3,6,18.0,17.46,3.0,1.0,39.5,MONITOR ⭐,Expected ~17% CAGR (2yr) | ROCE trend rising ↑ | Low D/E 0.16 | Promoter 68% holding | OPM 56% | Piotroski F=6 (above average quality),Earnings due 2026-07-20 | Pattern still forming (not broken out),3-4 years,Medium-High,"yfinance, screener.in",100,188,2026-07-20,2026-06-20,2026-06-01,19,0.0,3,-1.0
JLHL,Jupiter Life Line Hospitals Limited,Healthcare,Medical Care Facilities,8627.0,Mid-Cap,MonthlyAscTriangle,Forming,0.17,14,3 resistance tests | Support rise 19% | Resistance flat 8.7%,,Sideways,False,True,Below-MAs,True,Stage2,5,Uptrend,Uptrend,1328.9,1651.6,1066.13,1129.57,2164.49,2437.16,4152.58,2998.04,83.4,35.4,44.65,30.44,5.59,1.16,25.27,8.0,0.0,1595.83,6,none,13.6,15.4,1.26,23.0,1.54,12.94,7.45,18.86,18.87,25.28,12.0,38.51,45.26,12.0,0.15,highly inconsistent earnings,0.38,,3.02,,-266.38,-3.09,40.91,0.0,,8.48,0.0,17.01,-0.43,1625.0,1178.0,18.2,12.8,-3.47,,1.49,0.22,6,24.0,8.54,6.0,1.0,39.5,MONITOR ⭐,Expected ~35% CAGR (2yr) | Revenue CAGR 19% | Profit CAGR 39% | ROCE trend rising ↑ | Piotroski F=6 (above average quality) | PEG 1.16 — fair value,Pattern still forming (not broken out),3-4 years,Medium-High,"yfinance, screener.in",100,33,,2026-06-20,2026-06-01,19,0.0,3,0.0
NUCLEUS,Nucleus Software Exports Limited,Technology,Software - Application,1977.0,Small-Cap,MonthlyDoubleBottom,Forming,1.0,42,Sep 42mo | Mid rally 268% | Asymmetry 1%,,Downtrend,False,False,Below-MAs,False,Downtrend,0,Uptrend,Uptrend,789.6,538.88,145.7,671.16,1166.57,1166.57,1166.57,1166.57,47.7,21.5,16.92,11.75,2.18,,12.52,166.0,21.32,1200.0,1,none,15.5,20.0,1.31,14.0,-0.4,13.33,5.64,5.29,11.38,11.25,-28.22,-2.95,-0.17,-46.7,0.15,highly inconsistent earnings,0.01,,2.09,,62.95,3.19,73.59,0.0,,4.46,-0.45,1.21,-0.17,1242.4,690.0,36.4,14.4,-25.36,-47.02,0.25,-0.13,6,20.0,15.5,4.0,0.0,39.5,MONITOR ⭐,Expected ~22% CAGR (2yr) | Declining profits (-3% CAGR) ⚠️ | ROCE trend rising ↑ | Nearly debt-free | Promoter 74% holding | FCF yield 3.2%,Pattern still forming (not broken out),3-4 years,Medium-High,"yfinance, screener.in",100,282,,2026-06-20,2026-06-01,19,0.0,3,0.0
VSTIND,VST Industries Limited,Consumer Defensive,Tobacco,4404.0,Small-Cap,MonthlyDoubleBottom,Forming,1.0,48,Sep 48mo | Mid rally 125% | Asymmetry 9%,,Sideways-Above-MA,True,False,Constructive,True,Stage2,15,Uptrend,Uptrend,257.1,470.75,200.0,218.54,647.55,741.5,693.0,669.89,188.4,69.8,15.08,12.99,3.47,4.37,8.49,462.0,-7.72,,0,none,24.9,34.4,-3.3,15.0,-3.9,19.96,11.38,23.95,12.25,,119.5,3.45,,120.2,0.15,highly inconsistent earnings,,,3.16,,159.35,3.62,32.16,0.0,,1.34,0.12,6.63,0.32,319.1,200.0,19.4,28.6,-5.94,-31.75,0.47,0.35,5,12.0,22.5,4.0,1.0,39.5,MONITOR ⭐,Expected ~70% CAGR (2yr) | ROE 25% | ROCE 34% | Margin compressing ↓ ⚠️ | FCF yield 3.6% | Piotroski F=5 (above average quality),Margin compression ↓ | Pattern still forming (not broken out),3-4 years,Medium-High,"yfinance, screener.in",90,287,,2026-06-20,2026-06-01,19,0.0,3,0.0
VIMTALABS,Vimta Labs Limited,Healthcare,Diagnostics & Research,2485.0,Small-Cap,MonthlyDoubleBottom,Forming,1.0,11,Sep 11mo | Mid rally 133% | Asymmetry 6%,MonthlyDoubleBottom+MonthlyStage2,Sideways,False,True,Below-MAs,True,Stage2,5,Uptrend,Uptrend,453.1,902.65,376.05,385.13,683.37,1429.25,890.6,780.14,215.4,77.6,31.85,,5.42,2.25,16.77,36.0,0.0,,0,none,13.5,17.6,1.3,34.0,2.63,18.92,12.19,3.46,5.78,12.69,48.78,14.16,54.19,15.3,0.15,highly inconsistent earnings,0.01,,3.43,,12.9,0.52,35.85,-0.04,,4.89,0.3,0.13,0.02,902.65,376.05,49.8,20.5,8.48,101.75,0.29,-0.16,6,17.0,18.0,3.0,1.0,39.0,MONITOR ⭐,Expected ~78% CAGR (2yr) | ROCE trend rising ↑ | Nearly debt-free | OPM 34% | Piotroski F=6 (above average quality) | EV/EBITDA 17× vs sector 22×,Pattern still forming (not broken out),3-4 years,Medium-High,"yfinance, screener.in",100,246,,2026-06-20,2026-06-01,19,0.0,3,-3.0
ICICIPRULI,ICICI Prudential Life Insurance Company Limited,Financial Services,Insurance - Life,67868.0,Large-Cap,MonthlyDoubleBottom,Forming,0.777,27,Sep 27mo | Mid rally 84% | Asymmetry 6%,,Downtrend,False,False,Below-MAs,False,Stage2,12,Uptrend,Uptrend,522.15,488.35,258.34,443.83,334.17,718.36,526.59,419.49,37.6,17.3,42.37,34.73,4.97,1.66,36.34,35.0,40.1,688.39,33,buy,12.6,10.1,-0.51,2.0,0.77,2.55,0.34,-10.48,7.87,-5.3,35.58,25.53,10.96,61.9,0.15,highly inconsistent earnings,0.19,,1.47,,2168.01,3.19,72.8,-0.08,,10.89,-0.59,11.05,0.64,706.8,459.5,26.1,13.6,-12.81,-31.2,0.85,0.45,2,21.0,13.82,4.0,0.0,38.8,MONITOR ⭐,Expected ~17% CAGR (2yr) | Profit CAGR 26% | Low D/E 0.19 | Promoter 73% holding | FCF yield 3.2% | DII buying +0.6% ↑,Earnings due 2026-07-14 | Pattern still forming (not broken out),3-4 years,Medium-High,"yfinance, screener.in",100,117,2026-07-14,2026-06-20,2026-06-01,19,0.0,3,-2.0
SONATSOFTW,Sonata Software Limited,Technology,Information Technology Services,7032.0,Small-Cap,MonthlyDoubleBottom,Forming,1.0,45,Sep 45mo | Mid rally 303% | Asymmetry 2%,,Downtrend,False,False,Below-MAs,False,Downtrend,0,Uptrend,Uptrend,262.85,846.13,207.15,223.42,444.49,1485.11,452.35,448.41,465.0,137.7,15.18,11.28,3.69,17.25,11.11,321.0,-45.86,340.38,8,none,28.2,30.6,-2.51,7.0,-0.37,4.34,6.86,5.36,12.83,20.41,9.18,0.88,13.72,21.4,0.15,highly inconsistent earnings,0.38,,1.05,,94.31,1.34,28.17,0.0,,8.74,-0.05,25.55,-0.75,452.8,207.15,42.0,26.9,-26.85,-67.71,0.73,0.42,4,16.0,15.5,7.0,0.0,38.5,MONITOR ⭐,Expected ~138% CAGR (2yr) | ROE 28% | ROCE 31% | EV/EBITDA 11× below sector (20×) | Analyst target ₹340 (+29%) | MonthlyDoubleBottom forming (45mo base),Earnings due 2026-07-29 | Pattern still forming (not broken out),3-4 years,Medium-High,"yfinance, screener.in",100,288,2026-07-29,2026-06-20,2026-06-01,19,-0.7,3,-3.0
SWSOLAR,Sterling and Wilson Renewable Energy Limited,Technology,Solar,4866.0,Small-Cap,MonthlyDoubleBottom,Forming,1.0,45,Sep 45mo | Mid rally 278% | Asymmetry 1%,,Downtrend,False,False,Below-MAs,False,Downtrend,0,Uptrend,Uptrend,197.8,828.0,218.45,207.53,338.7,1437.55,338.7,338.7,626.8,169.6,14.6,11.38,7.49,,18.27,0.0,,292.5,2,none,40.1,26.8,14.94,4.0,4.97,-4.1,3.32,19.77,55.31,8.24,-444.19,-42.44,,143.0,0.2,multiple loss years in history,1.83,,1.16,,234.77,4.83,45.73,0.0,,6.96,-0.23,3.19,0.21,341.0,148.0,42.0,33.6,-30.45,-54.33,0.33,0.7,4,21.0,15.5,2.0,0.0,38.5,MONITOR ⭐,Expected ~170% CAGR (2yr) | Revenue CAGR 55% | Declining profits (-42% CAGR) ⚠️ | ROE 40% | ROCE 27% | ROCE trend rising ↑,High D/E 1.8 | Pattern still forming (not broken out),3-4 years,Medium-High,"yfinance, screener.in",90,82,,2026-06-20,2026-06-01,19,0.0,3,-3.0
ICICIBANK,ICICI Bank Limited,Financial Services,Banks - Regional,961543.0,Large-Cap,MonthlyDoubleBottom,Forming,1.0,24,Sep 24mo | Mid rally 115% | Asymmetry 1%,MonthlyDoubleBottom+MonthlyStage2,Downtrend,False,False,Below-MAs,False,Stage2,12,Uptrend,Uptrend,1240.8,328.33,152.59,1054.68,1761.49,1913.58,2443.56,2074.69,54.2,24.2,17.92,14.74,2.64,1.01,,82.0,30.06,1671.92,40,strong_buy,16.1,7.2,,33.29,,24.93,2.08,4.77,17.26,16.97,6.17,17.78,23.26,9.3,0.75,consistent growth,,,,,,,,,,34.48,-9.39,39.94,-6.8,1500.0,1187.6,17.3,4.5,-5.8,13.34,0.95,0.25,2,13.0,16.5,7.0,2.0,38.5,MONITOR ⭐,Expected ~24% CAGR (2yr) | Revenue CAGR 17% | OPM 33% | EPS: consistent growth | Dividend growing 30%/yr | PEG 1.01 — fair value,Earnings due 2026-07-18 | Pattern still forming (not broken out),3-4 years,Medium-High,"yfinance, screener.in",70,287,2026-07-18,2026-06-20,2026-06-01,19,0.0,3,-1.0
TARACHAND,Tara Chand Infralogistic Solutions Limited,Industrials,Farm & Heavy Construction Machinery,439.0,Micro-Cap,MonthlyDoubleBottom,Forming,1.0,17,Sep 17mo | Mid rally 798% | Asymmetry 5%,MonthlyCupHandle+MonthlyDoubleBottom+MonthlyStage2,Downtrend,False,False,Below-MAs,False,Stage2,4,Uptrend,Uptrend,59.88,37.76,4.11,50.9,119.25,129.15,139.87,129.15,115.7,46.9,15.85,,2.95,1.91,5.34,36.0,6.0,,0,none,20.5,18.2,,36.0,5.0,9.73,6.1,14.92,,,12.0,,,8.8,0.5,insufficient history,0.93,,1.72,,-33.52,-7.64,71.64,0.5,,0.13,0.02,0.0,0.0,103.67,53.0,42.2,13.0,0.34,207.49,0.47,-0.31,4,16.0,15.5,6.0,1.0,38.5,MONITOR ⭐,Expected ~47% CAGR (2yr) | ROE 20% | Promoter 72% holding | OPM 36% | EV/EBITDA 5× below sector (18×) | MonthlyDoubleBottom forming (17mo base),Pattern still forming (not broken out),3-4 years,Medium-High,"yfinance, screener.in",80,99,,2026-06-20,2026-06-01,19,0.0,3,0.0
VENUSPIPES,Venus Pipes and Tubes Limited,Basic Materials,Steel,2930.0,Small-Cap,MonthlyStage2,Stage Change,0.666,24,10-EMA=1281 | 30-EMA=1311 | Above by 10.0% | MA turning=No,,Uptrend,True,False,Uptrend,True,Stage2,1,Uptrend,Uptrend,1442.0,1310.97,894.0,1225.7,1162.09,1727.94,1320.55,1238.79,19.8,9.5,28.57,16.08,4.76,4.33,16.59,7.0,25.99,1852.8,5,none,16.99,,,14.27,,8.74,9.05,16.2,,,6.6,,,7.6,0.5,insufficient history,0.43,,1.42,,-148.34,-5.06,48.41,0.0,,2.71,-1.26,17.49,0.14,1660.0,890.0,13.1,62.0,7.89,-3.27,0.48,0.1,3,11.0,22.49,2.0,3.0,38.5,MONITOR ⭐,Expected ~10% CAGR (2yr) | Revenue CAGR 16% | Dividend growing 26%/yr | Analyst target ₹1853 (+28%) | MonthlyStage2 forming (24mo base) | Weekly uptrend,None identified,3-4 years,Medium-High,"yfinance, screener.in",70,50,,2026-06-20,2026-06-15,5,0.0,1,0.0
JSWINFRA,JSW Infrastructure Limited,Industrials,Marine Shipping,60678.0,Large-Cap,None,,0.0,0,,,Sideways,False,False,Below-MAs,True,Stage2,4,Uptrend,Uptrend,266.15,,,226.23,305.11,371.29,494.37,388.38,39.5,18.1,39.97,25.35,5.57,1.46,25.33,27.0,45.45,345.65,17,strong_buy,15.4,13.7,0.8,49.0,-0.09,28.41,6.67,19.77,18.83,27.29,1.71,27.29,40.26,-17.9,0.15,highly inconsistent earnings,0.59,,2.27,,-1098.43,-1.81,83.61,0.0,,6.92,-0.21,2.43,0.26,349.0,233.42,23.7,14.0,-7.06,,,0.62,5,24.0,6.0,7.0,1.0,38.0,MONITOR ⭐,Expected ~18% CAGR (2yr) | Revenue CAGR 19% | Profit CAGR 27% | ROCE trend rising ↑ | Promoter 84% holding | OPM 49%,None identified,3-4 years,Medium-High,"yfinance, screener.in",100,32,,2026-06-20,2026-06-01,19,0.0,3,0.0
LEMONTREE,Lemon Tree Hotels Limited,Consumer Cyclical,Lodging,8491.0,Mid-Cap,None,,0.0,0,,,Downtrend,False,False,Below-MAs,False,Stage2,3,Uptrend,Uptrend,111.01,,,94.36,182.61,201.95,293.98,231.7,81.9,34.9,37.36,21.06,6.08,1.39,15.76,0.0,,157.32,22,strong_buy,19.4,14.0,3.2,48.0,5.14,15.72,8.38,12.29,18.17,41.79,18.52,26.88,80.58,8.1,0.2,multiple loss years in history,0.96,,1.21,,171.82,2.02,22.32,0.04,,21.59,0.09,15.67,-3.78,180.68,99.61,38.6,11.4,-13.05,-4.24,,-0.18,6,23.0,3.0,12.0,0.0,38.0,MONITOR ⭐,Expected ~35% CAGR (2yr) | Revenue CAGR 18% | Profit CAGR 27% | ROCE trend rising ↑ | OPM 48% | Piotroski F=6 (above average quality),Earnings due 2026-08-06,3-4 years,Medium-High,"yfinance, screener.in",100,98,2026-08-06,2026-06-20,2026-06-01,19,0.0,3,0.0
ICRA,ICRA Limited,Financial Services,Financial Data & Stock Exchanges,4967.0,Small-Cap,MonthlyDoubleBottom,Forming,0.542,18,Sep 18mo | Mid rally 55% | Asymmetry 0%,,Sideways,False,False,Below-MAs,True,Stage2,12,Uptrend,Uptrend,5416.5,7666.47,4952.24,4704.63,4715.84,10380.7,5719.66,5193.55,91.6,38.4,27.32,19.83,4.2,2.7,20.03,136.0,28.92,6558.5,2,none,16.7,23.0,1.51,36.0,1.31,30.28,8.4,20.48,14.19,14.79,7.02,10.13,17.13,32.2,0.4,lumpy earner,,,3.8,,115.7,2.33,51.86,0.0,,7.92,0.67,24.51,-1.04,7130.0,4965.5,24.0,9.1,-11.54,-16.21,0.36,0.2,7,25.0,13.5,-1.0,0.0,37.5,MONITOR ⭐,Expected ~38% CAGR (2yr) | ROCE 23% | ROCE trend rising ↑ | Promoter 52% holding | OPM 36% | Piotroski F=7 (high quality compounder),Pattern still forming (not broken out),3-4 years,Medium-High,"yfinance, screener.in",90,230,,2026-06-20,2026-06-01,19,0.0,3,-1.0
MMP,MMP Industries Limited,Basic Materials,Aluminum,660.0,Small-Cap,MonthlyDoubleBottom,Forming,1.0,27,Sep 27mo | Mid rally 148% | Asymmetry 3%,MonthlyDoubleBottom+MonthlyStage2,Sideways-Above-MA,True,False,Constructive,True,Stage2,1,Uptrend,Uptrend,276.92,452.69,180.52,235.38,320.22,724.86,415.13,364.6,161.8,61.8,21.27,,1.91,1.53,12.98,77.0,25.99,,0,none,11.5,12.5,0.14,8.0,-0.4,3.76,5.71,19.08,15.27,28.96,-20.51,13.86,12.77,65.6,0.15,highly inconsistent earnings,0.53,,1.26,,-32.65,-4.95,74.48,0.0,,0.02,0.01,0.0,0.0,319.98,185.2,13.5,49.5,7.17,18.26,2.21,0.2,4,11.0,22.5,2.0,2.0,37.5,MONITOR ⭐,Expected ~62% CAGR (2yr) | Revenue CAGR 15% | ROCE trend rising ↑ | Promoter 74% holding | Dividend growing 26%/yr | MonthlyDoubleBottom forming (27mo base),Pattern still forming (not broken out),3-4 years,Medium-High,"yfinance, screener.in",100,98,,2026-06-20,2026-06-01,19,0.0,3,-1.0
DICIND,DIC India Limited,Basic Materials,Specialty Chemicals,455.0,Micro-Cap,MonthlyDoubleBottom,Forming,1.0,48,Sep 48mo | Mid rally 132% | Asymmetry 3%,MonthlyCupHandle+MonthlyDoubleBottom,Downtrend,False,False,Below-MAs,False,Stage2,1,Uptrend,Uptrend,496.15,697.35,296.01,421.73,509.0,1098.69,657.09,578.33,121.4,48.8,23.92,11.6,1.06,1.76,8.33,60.0,14.47,,0,none,10.8,15.2,0.2,8.0,0.3,2.05,,-2.14,10.48,,22.22,13.62,,63.8,0.15,highly inconsistent earnings,0.01,,,,,,71.75,0.0,,0.0,,,,671.55,450.5,26.1,10.1,-14.69,-9.58,0.32,0.07,3,15.0,16.5,6.0,0.0,37.5,MONITOR ⭐,Expected ~49% CAGR (2yr) | ROCE trend rising ↑ | Nearly debt-free | Promoter 72% holding | Dividend growing 14%/yr | EV/EBITDA 8× vs sector 10×,Pattern still forming (not broken out),3-4 years,Medium-High,"yfinance, screener.in",80,288,,2026-06-20,2026-06-01,19,-1.7,3,0.0
LGBBROSLTD,L.G. Balakrishnan & Bros Limited,Consumer Cyclical,Auto Parts,4862.0,Small-Cap,MonthlyDoubleBottom,Forming,1.0,41,Sep 41mo | Mid rally 236% | Asymmetry 7%,,Downtrend,False,False,Below-MAs,False,Stage2,3,Uptrend,Uptrend,1556.1,586.37,168.64,1322.68,4316.69,4669.8,5051.79,4669.8,200.1,73.2,15.24,13.37,2.26,1.86,9.98,144.0,10.06,2053.0,1,strong_buy,15.6,19.8,-0.8,16.0,-0.26,10.36,8.28,19.32,11.77,13.84,5.63,8.18,19.12,-17.0,0.15,highly inconsistent earnings,0.11,,1.78,,-102.59,-2.11,34.83,0.01,,6.61,-0.38,13.35,0.47,2048.0,1208.3,24.0,28.8,28.91,19.72,0.38,-0.03,4,11.0,16.5,6.0,4.0,37.5,MONITOR ⭐,Expected ~73% CAGR (2yr) | Low D/E 0.11 | Dividend growing 10%/yr | EV/EBITDA 10× below sector (25×) | MonthlyDoubleBottom forming (41mo base) | Sector in Stage2,Pattern still forming (not broken out),3-4 years,Medium-High,"yfinance, screener.in",100,221,,2026-06-20,2026-06-01,19,0.0,3,0.0
VMART,V-Mart Retail Limited,Consumer Cyclical,Department Stores,5725.0,Small-Cap,MonthlyDoubleBottom,Forming,1.0,25,Sep 25mo | Mid rally 164% | Asymmetry 8%,,Sideways,False,False,Below-MAs,True,Stage2,3,Uptrend,Uptrend,637.15,823.81,299.92,541.58,363.43,1347.7,363.43,363.43,111.5,45.4,61.36,29.22,5.73,,12.4,14.0,-23.87,867.0,15,strong_buy,14.08,,,2.69,,3.27,5.19,24.5,,,-35.8,,,-39.1,0.5,insufficient history,1.01,,1.04,,221.43,3.87,44.2,0.05,,16.92,-0.09,31.87,-0.59,945.0,457.9,32.6,39.1,-18.1,-7.49,0.41,0.51,4,10.0,19.5,7.0,1.0,37.5,MONITOR ⭐,Expected ~45% CAGR (2yr) | Revenue CAGR 24% | Declining profits (-36% CAGR) ⚠️ | FCF yield 3.9% | EV/EBITDA 12× below sector (25×) | Analyst target ₹867 (+36%),High D/E 1.0 | High PE 61 | Pattern still forming (not broken out),3-4 years,Medium-High,"yfinance, screener.in",70,160,,2026-06-20,2026-06-01,19,0.0,3,1.0
GMBREW,G.M. Breweries Limited,Consumer Defensive,Beverages - Wineries & Distilleries,2054.0,Small-Cap,MonthlyDoubleBottom,Forming,1.0,24,Sep 24mo | Mid rally 196% | Asymmetry 7%,MonthlyCupHandle+MonthlyDoubleBottom,Downtrend,False,False,Below-MAs,False,Stage2,15,Uptrend,Uptrend,899.05,727.29,237.38,764.19,2401.0,2401.0,2401.0,2401.0,167.1,63.4,13.11,14.82,1.9,,11.5,100.0,23.31,,0,none,12.5,18.0,,24.0,6.0,9.04,9.45,17.43,,,21.71,,,-10.6,0.5,insufficient history,0.03,,1.35,,-21.1,-1.03,74.43,0.0,,1.19,-0.01,0.01,-0.14,1328.8,666.05,32.3,35.0,35.0,71.18,0.05,0.28,2,11.0,16.5,4.0,6.0,37.5,MONITOR ⭐,Expected ~63% CAGR (2yr) | Declining profits (-11% CAGR) ⚠️ | Nearly debt-free | Promoter 74% holding | Dividend growing 23%/yr | EV/EBITDA 11× below sector (30×),Pattern still forming (not broken out),3-4 years,Medium-High,"yfinance, screener.in",80,288,,2026-06-20,2026-06-01,19,-0.9,3,2.0
ABBOTINDIA,Abbott India Limited,Healthcare,Drug Manufacturers - Specialty & Generic,55843.0,Large-Cap,MonthlyDoubleBottom,Forming,0.522,19,Sep 19mo | Mid rally 60% | Asymmetry 8%,,Downtrend,False,False,Below-MAs,False,Stage2,5,Uptrend,Uptrend,26280.0,22642.79,13589.28,22338.0,30500.84,32716.69,35313.14,32818.9,24.5,11.6,35.97,28.92,11.7,4.73,28.34,200.0,19.98,32563.38,8,none,34.46,,,27.01,,22.4,18.28,6.5,,,7.6,,,7.6,0.5,insufficient history,0.04,,2.55,,1373.31,2.46,74.99,0.0,,0.27,0.08,8.93,-0.07,37000.0,25150.0,29.0,4.5,-17.93,-5.72,0.43,0.01,4,25.0,10.26,2.0,0.0,37.3,MONITOR ⭐,Expected ~12% CAGR (2yr) | ROE 34% | Nearly debt-free | Promoter 75% holding | OPM 27% | Dividend growing 20%/yr,Earnings due 2026-08-11 | Pattern still forming (not broken out),3-4 years,Medium-High,"yfinance, screener.in",70,287,2026-08-11,2026-06-20,2026-06-01,19,-5.5,3,-3.0
BBTCL,B&B Triplewall Containers Limited,Consumer Cyclical,Packaging & Containers,455.0,Micro-Cap,MonthlyStage2,Stage Change,0.73,24,10-EMA=198 | 30-EMA=200 | Above by 10.9% | MA turning=Yes,,Uptrend,True,False,Tight-Above-MAs,True,Stage2,3,Uptrend,Uptrend,221.78,199.9,132.19,188.51,352.45,352.45,352.45,352.45,58.9,26.1,22.02,,3.44,,7.65,0.0,25.99,,0,none,17.0,13.7,-1.4,15.0,-0.1,3.34,7.13,25.2,22.27,,433.33,-5.9,,,0.15,highly inconsistent earnings,1.93,,1.16,,-1.51,-0.33,73.76,0.0,,0.0,,,,240.0,150.0,7.6,47.9,12.25,-23.01,0.9,0.07,3,4.0,25.26,4.0,4.0,37.3,MONITOR ⭐,Expected ~26% CAGR (2yr) | Revenue CAGR 22% | Declining profits (-6% CAGR) ⚠️ | Promoter 74% holding | Dividend growing 26%/yr | EV/EBITDA 8× below sector (25×),High D/E 1.9,3-4 years,Medium-High,"yfinance, screener.in",100,93,,2026-06-20,2026-06-15,5,0.0,1,0.0
LT,Larsen & Toubro Limited,Industrials,Engineering & Construction,557049.0,Large-Cap,MonthlyDoubleBottom,Forming,0.683,20,Sep 20mo | Mid rally 74% | Asymmetry 6%,,Sideways-Above-MA,True,False,Constructive,True,Stage2,4,Uptrend,Uptrend,3921.0,631.13,351.54,3332.85,4213.66,4701.31,5552.23,4836.85,19.9,9.5,34.6,22.08,5.1,2.34,18.43,94.0,8.2,4498.0,31,buy,15.9,14.6,1.17,12.0,-1.03,5.51,4.59,11.79,15.96,16.02,7.25,14.79,7.96,-3.1,0.15,highly inconsistent earnings,0.98,,1.25,,26195.48,4.7,,,,18.78,-1.28,43.32,0.33,4440.0,3288.1,11.7,19.2,15.56,40.24,0.8,0.46,4,12.0,18.2,3.0,4.0,37.2,MONITOR ⭐,Expected ~10% CAGR (2yr) | Revenue CAGR 16% | ROCE trend rising ↑ | Margin compressing ↓ ⚠️ | FCF yield 4.7% | MonthlyDoubleBottom forming (20mo base),Margin compression ↓ | Earnings due 2026-07-28 | Pattern still forming (not broken out),3-4 years,Medium-High,"yfinance, screener.in",90,287,2026-07-28,2026-06-20,2026-06-01,19,0.0,3,0.0
SIRCA,Sirca Paints India Limited,Basic Materials,Specialty Chemicals,2381.0,Small-Cap,MonthlyCupHandle,Forming,0.551,34,Cup 34mo | Depth 42% | Prior gain 31% | R²=0.75,MonthlyCupHandle+MonthlyDoubleBottom,Downtrend,False,False,Below-MAs,False,Stage2,1,Uptrend,Uptrend,425.0,528.73,304.23,361.25,286.28,753.23,360.52,321.26,77.2,33.1,35.99,23.49,5.27,2.94,22.91,36.0,14.47,565.5,2,none,15.8,21.2,1.57,20.0,1.46,13.2,10.59,32.26,23.06,28.4,32.65,12.22,30.77,25.3,0.15,highly inconsistent earnings,0.07,,5.21,,-4.1,-0.17,65.19,0.0,,6.29,-0.63,0.0,-0.32,539.0,368.0,21.2,15.5,2.66,-4.41,0.33,0.21,6,25.0,11.11,-1.0,2.0,37.1,MONITOR ⭐,Expected ~33% CAGR (2yr) | Revenue CAGR 23% | ROCE 21% | ROCE trend rising ↑ | Nearly debt-free | Promoter 65% holding,Pattern still forming (not broken out),3-4 years,Medium-High,"yfinance, screener.in",100,97,,2026-06-20,2026-06-01,19,0.9,3,-1.0
SHREEPUSHK,Shree Pushkar Chemicals & Fertilisers Limited,Basic Materials,Specialty Chemicals,1157.0,Small-Cap,MonthlyDoubleBottom,Forming,1.0,19,Sep 19mo | Mid rally 123% | Asymmetry 6%,,Downtrend,False,False,Constructive,True,Stage2,1,Uptrend,Uptrend,375.6,315.52,137.87,319.26,605.16,748.46,925.7,748.46,99.3,41.2,16.58,22.15,1.9,0.7,11.61,56.0,0.0,,0,none,12.2,13.0,-0.0,10.0,-0.69,7.18,5.17,21.22,12.62,22.44,18.64,23.68,19.27,-22.2,0.15,highly inconsistent earnings,0.22,,1.68,,-35.84,-3.1,69.36,0.0,,0.42,-0.17,0.29,-0.09,476.0,272.45,21.1,37.9,2.28,81.85,0.08,0.12,4,12.0,17.0,6.0,2.0,37.0,MONITOR ⭐,Expected ~41% CAGR (2yr) | Profit CAGR 24% | Low D/E 0.22 | Promoter 69% holding | Margin compressing ↓ ⚠️ | PEG 0.70 — undervalued,Margin compression ↓ | Pattern still forming (not broken out),3-4 years,Medium-High,"yfinance, screener.in",100,130,,2026-06-20,2026-06-01,19,1.6,3,-3.0
KRYSTAL,KRYSTAL INTEGRATED SER L,Industrials,Specialty Business Services,806.0,Small-Cap,None,,0.0,0,,,Sideways,False,False,Below-MAs,True,Stage2,4,Uptrend,Uptrend,581.4,,,494.19,1901.72,2262.67,2692.13,2262.67,289.2,97.3,12.55,,1.61,0.66,10.37,26.0,0.0,,0,none,13.7,15.9,-1.1,7.0,0.26,5.04,5.59,5.89,22.01,22.23,1.59,18.98,30.36,59.1,0.4,lumpy earner,0.24,,2.01,,-16.04,-1.99,69.96,0.0,,1.25,-0.54,3.76,-0.47,729.5,500.0,20.3,16.3,2.34,,,0.95,5,19.0,6.0,10.0,2.0,37.0,MONITOR ⭐,Expected ~97% CAGR (2yr) | Revenue CAGR 22% | Low D/E 0.24 | Promoter 70% holding | Piotroski F=5 (above average quality) | PEG 0.66 — undervalued,None identified,3-4 years,Medium-High,"yfinance, screener.in",100,27,,2026-06-20,2026-06-01,19,0.0,3,-1.0
FDC,FDC Limited,Healthcare,Drug Manufacturers - Specialty & Generic,6315.0,Small-Cap,MonthlyDoubleBottom,Breakout Ready,0.981,23,Sep 23mo | Mid rally 105% | Asymmetry 7%,,Sideways,False,True,Below-MAs,True,Stage2,5,Uptrend,Uptrend,387.85,311.21,147.14,329.67,813.66,920.57,1041.54,920.57,137.4,54.1,22.42,16.65,2.54,1.71,16.78,258.0,100.0,,0,none,12.5,16.7,-0.49,16.0,-1.37,12.96,6.37,2.99,6.76,10.28,5.24,13.14,-1.37,167.4,0.15,highly inconsistent earnings,0.01,,3.11,,-1.74,-0.03,69.65,-0.01,,2.4,0.08,6.29,0.02,527.8,312.95,26.5,23.9,-13.43,-3.96,1.27,0.18,3,11.0,21.0,5.0,0.0,37.0,MONITOR ⭐,Expected ~54% CAGR (2yr) | Nearly debt-free | Promoter 70% holding | Margin compressing ↓ ⚠️ | Dividend growing 100%/yr | EV/EBITDA 17× vs sector 22×,Margin compression ↓,3-4 years,Medium-High,"yfinance, screener.in",100,288,,2026-06-20,2026-06-01,19,7.0,3,-0.8
PFIZER,Pfizer Limited,Healthcare,Drug Manufacturers - General,20629.0,Mid-Cap,MonthlyDoubleBottom,Forming,0.773,36,Sep 36mo | Mid rally 85% | Asymmetry 8%,MonthlyDoubleBottom+MonthlyStage2,Downtrend,False,False,Below-MAs,True,Stage2,5,Uptrend,Uptrend,4785.4,5815.44,3025.08,4067.59,5862.04,8605.8,5862.04,5862.04,79.8,34.1,28.57,22.21,5.36,,19.45,166.0,36.41,6246.0,4,none,19.8,27.2,-10.0,-12.0,-15.5,28.67,10.76,0.3,,,-11.76,,,-39.6,0.15,highly inconsistent earnings,0.02,,6.06,,671.97,3.26,63.92,0.0,,2.81,0.1,16.89,-0.16,5993.0,4396.7,20.2,8.8,-5.55,9.74,0.42,0.11,4,16.0,13.78,6.0,1.0,36.8,MONITOR ⭐,Expected ~34% CAGR (2yr) | Declining profits (-40% CAGR) ⚠️ | ROCE 27% | Nearly debt-free | Promoter 64% holding | Margin compressing ↓ ⚠️,Margin compression ↓ | Earnings due 2026-08-12 | Pattern still forming (not broken out),3-4 years,Medium-High,"yfinance, screener.in",80,287,2026-08-12,2026-06-20,2026-06-01,19,0.0,3,1.0
FSL,Firstsource Solutions Limited,Technology,Information Technology Services,17090.0,Mid-Cap,MonthlyDoubleBottom,Forming,0.512,30,Sep 30mo | Mid rally 60% | Asymmetry 8%,,Downtrend,False,False,Below-MAs,True,Downtrend,0,Uptrend,Uptrend,247.55,36.08,21.7,210.42,311.03,321.79,372.59,340.42,30.0,14.0,25.89,15.73,3.9,2.74,12.67,222.0,16.26,293.86,14,none,17.7,16.2,-0.14,16.0,-0.17,7.06,8.13,19.75,16.64,13.48,13.47,9.45,13.24,27.7,0.15,highly inconsistent earnings,0.67,,0.79,,944.37,5.53,53.66,0.0,,8.85,-0.35,25.49,0.3,403.8,202.0,38.7,22.5,-21.35,60.55,0.34,0.2,4,21.0,9.64,6.0,0.0,36.6,MONITOR ⭐,Expected ~14% CAGR (2yr) | Revenue CAGR 17% | Promoter 54% holding | FCF yield 5.5% | Dividend growing 16%/yr | EV/EBITDA 13× below sector (20×),Pattern still forming (not broken out),3-4 years,Medium-High,"yfinance, screener.in",100,233,,2026-06-20,2026-06-01,19,2.3,3,-6.0
JASH,Jash Engineering Limited,Industrials,Specialty Industrial Machinery,2935.0,Small-Cap,MonthlyDoubleBottom,Forming,1.0,24,Sep 24mo | Mid rally 119% | Asymmetry 5%,,Downtrend,False,False,Below-MAs,False,Stage2,4,Uptrend,Uptrend,373.1,696.27,310.17,317.13,345.36,1082.37,444.75,391.91,190.1,70.3,38.91,21.5,5.66,2.89,28.74,39.0,-20.63,565.0,1,strong_buy,16.0,17.7,0.31,14.0,-0.0,10.35,6.33,0.14,22.33,19.74,-12.64,13.48,19.64,56.9,0.15,highly inconsistent earnings,0.2,,2.04,,22.98,0.78,43.24,-0.19,,1.79,-0.21,0.39,-0.1,622.9,327.1,40.1,14.1,-27.84,43.6,0.41,-0.11,6,21.0,16.5,-1.0,0.0,36.5,MONITOR ⭐,Expected ~70% CAGR (2yr) | Revenue CAGR 22% | ROCE trend rising ↑ | Low D/E 0.20 | Piotroski F=6 (above average quality) | MonthlyDoubleBottom forming (24mo base),Pattern still forming (not broken out),3-4 years,Medium-High,"yfinance, screener.in",100,104,,2026-06-20,2026-06-01,19,0.0,3,-1.0
MEDIASSIST,MEDI ASSIST HEALTH SER L,Healthcare,Healthcare Plans,2786.0,Small-Cap,MonthlyDoubleBottom,Forming,0.626,10,Sep 10mo | Mid rally 67% | Asymmetry 5%,,Sideways,False,True,Below-MAs,True,Stage2,5,Uptrend,Uptrend,388.5,711.81,415.25,394.49,512.51,1008.37,579.66,545.05,159.6,61.1,30.78,19.13,3.24,4.85,14.6,0.0,,510.0,3,none,13.9,14.0,-1.14,19.0,-0.83,9.71,4.81,25.17,21.47,22.88,-3.26,6.35,27.9,148.7,0.15,highly inconsistent earnings,0.06,,1.34,,95.85,3.44,4.61,-0.01,,24.31,-0.96,49.18,-0.73,594.1,293.0,34.6,32.6,-19.31,,0.71,1.15,4,16.0,13.51,7.0,0.0,36.5,MONITOR ⭐,Expected ~61% CAGR (2yr) | Revenue CAGR 21% | Nearly debt-free | Margin compressing ↓ ⚠️ | FCF yield 3.4% | EV/EBITDA 15× below sector (22×),Margin compression ↓ | Pattern still forming (not broken out),3-4 years,Medium-High,"yfinance, screener.in",100,29,,2026-06-20,2026-06-01,19,0.0,3,0.0
KAMATHOTEL,Kamat Hotels (India) Limited,Consumer Cyclical,Lodging,482.0,Micro-Cap,MonthlyDoubleBottom,Forming,1.0,33,Sep 33mo | Mid rally 499% | Asymmetry 10%,,Downtrend,False,False,Below-MAs,False,Stage2,3,Uptrend,Uptrend,163.69,158.95,25.3,139.14,445.8,445.8,445.8,445.8,172.3,65.0,12.85,,2.26,,9.45,0.0,-7.17,,0,none,14.4,15.8,3.6,25.0,2.0,10.0,6.77,8.12,9.38,42.37,-17.02,-50.05,18.07,87.1,0.2,multiple loss years in history,0.7,,1.06,,45.38,9.42,57.78,0.0,,0.26,0.16,3.84,0.0,329.8,140.2,50.4,16.8,-24.77,-52.02,0.48,0.35,5,16.0,16.5,4.0,0.0,36.5,MONITOR ⭐,Expected ~65% CAGR (2yr) | Declining profits (-50% CAGR) ⚠️ | ROCE trend rising ↑ | Promoter 58% holding | FCF yield 9.4% | Piotroski F=5 (above average quality),Pattern still forming (not broken out),3-4 years,Medium-High,"yfinance, screener.in",100,287,,2026-06-20,2026-06-15,5,0.0,1,0.0
METROBRAND,Metro Brands Limited,Consumer Cyclical,Apparel Retail,27268.0,Mid-Cap,MonthlyDoubleBottom,Forming,0.441,9,Sep 9mo | Mid rally 44% | Asymmetry 0%,,Sideways,False,False,Below-MAs,True,Stage2,3,Uptrend,Uptrend,1052.0,1398.52,968.25,919.84,617.88,1828.79,674.23,645.44,73.8,31.8,66.21,46.25,13.68,14.85,32.47,60.0,-9.14,1244.38,21,none,22.2,20.2,1.37,30.0,1.0,14.36,9.46,14.24,10.43,29.06,17.51,4.46,44.96,23.1,0.15,highly inconsistent earnings,0.78,,2.89,,161.57,0.59,71.8,-0.03,,3.77,-0.04,7.58,0.07,1340.4,883.0,21.5,19.1,-0.36,-7.41,0.32,0.0,7,23.0,11.29,2.0,0.0,36.3,MONITOR ⭐,Expected ~32% CAGR (2yr) | ROE 22% | ROCE 20% | ROCE trend rising ↑ | Promoter 72% holding | OPM 30%,High PE 66 | Pattern still forming (not broken out),3-4 years,Medium-High,"yfinance, screener.in",100,54,,2026-06-20,2026-06-01,19,0.0,3,-1.0
INTELLECT,Intellect Design Arena Limited,Technology,Software - Application,10333.0,Mid-Cap,MonthlyDoubleBottom,Forming,1.0,11,Sep 11mo | Mid rally 113% | Asymmetry 4%,,Sideways,False,True,Below-MAs,True,Downtrend,0,Uptrend,Uptrend,697.1,1247.67,574.03,592.53,722.36,1921.31,849.44,783.33,175.6,66.0,30.58,18.08,3.25,3.62,16.59,54.0,40.95,1067.0,5,none,12.4,15.9,-1.37,19.0,-1.0,11.37,5.49,21.52,10.84,15.21,2.69,8.44,5.3,-11.2,0.15,highly inconsistent earnings,0.05,,2.11,,309.21,2.99,29.73,-0.08,,25.57,-1.03,7.1,-0.01,1255.0,595.2,44.5,17.1,-31.25,-10.35,1.11,0.6,5,12.0,17.0,7.0,0.0,36.0,MONITOR ⭐,Expected ~66% CAGR (2yr) | Nearly debt-free | Margin compressing ↓ ⚠️ | Piotroski F=5 (above average quality) | Dividend growing 41%/yr | EV/EBITDA 17× vs sector 20×,Margin compression ↓ | Pattern still forming (not broken out),3-4 years,Medium-High,"yfinance, screener.in",100,138,,2026-06-20,2026-06-01,19,0.0,3,-2.0
PRAKASH,Prakash Industries Limited,Basic Materials,Steel,2530.0,Small-Cap,MonthlyDoubleBottom,Forming,1.0,20,Sep 20mo | Mid rally 1026% | Asymmetry 4%,MonthlyDoubleBottom+MonthlyStage2,Sideways-Above-MA,True,False,Constructive,True,Stage2,1,Uptrend,Uptrend,146.97,269.42,23.44,124.92,429.58,515.4,453.98,441.61,250.7,87.3,7.6,4.36,0.71,2.71,5.55,106.0,45.0,,0,none,14.1,,,20.0,,9.58,4.67,8.9,,,2.8,,,2.7,0.5,insufficient history,0.14,,1.71,,-251.19,-9.93,44.38,0.0,,3.89,-0.14,0.01,-0.01,190.9,110.24,23.0,33.3,-1.01,72.6,0.41,0.36,3,8.0,22.0,6.0,0.0,36.0,MONITOR ⭐,Expected ~87% CAGR (2yr) | Low D/E 0.14 | Dividend growing 45%/yr | EV/EBITDA 6× below sector (10×) | MonthlyDoubleBottom forming (20mo base) | Sector in Stage2,Pattern still forming (not broken out),3-4 years,Medium-High,"yfinance, screener.in",70,287,,2026-06-20,2026-06-01,19,0.0,3,-1.0
UNOMINDA,Uno Minda Limited,Consumer Cyclical,Auto Parts,61079.0,Large-Cap,None,,0.0,0,,,Sideways,False,False,Below-MAs,False,Stage2,3,Uptrend,Uptrend,1051.9,,,894.12,1166.05,1357.55,1747.23,1427.36,29.1,13.6,51.02,34.19,9.78,2.28,28.34,25.0,20.89,1252.83,18,buy,19.4,19.7,1.77,11.0,-0.0,6.09,7.6,17.19,20.5,25.26,25.76,22.41,38.94,22.5,0.4,lumpy earner,0.38,,1.2,,-231.28,-0.38,68.36,-0.05,,8.96,-0.87,16.89,0.92,1382.0,994.0,23.9,5.8,3.04,59.37,,0.23,4,26.0,6.0,2.0,2.0,36.0,MONITOR ⭐,Expected ~14% CAGR (2yr) | Revenue CAGR 20% | Profit CAGR 22% | ROCE trend rising ↑ | Promoter 68% holding | DII buying +0.9% ↑,High PE 51 | Earnings due 2026-08-06,3-4 years,Medium-High,"yfinance, screener.in",100,232,2026-08-06,2026-06-20,2026-06-01,19,0.0,3,0.0
UNITDSPR,UNITED SPIRITS LIMITED,Consumer Defensive,Beverages - Wineries & Distilleries,92555.0,Large-Cap,None,,0.0,0,,,Downtrend,False,False,Below-MAs,False,Stage2,15,Uptrend,Uptrend,1304.9,,,1109.16,1273.97,1500.48,1766.07,1499.98,15.0,7.2,52.91,40.93,10.75,2.98,38.33,134.0,14.47,1501.23,26,buy,21.4,27.5,2.17,18.0,1.11,14.74,9.01,3.3,5.52,8.92,16.18,17.74,38.4,28.0,0.15,highly inconsistent earnings,0.05,,2.05,,618.38,0.67,56.68,0.0,,14.41,0.28,15.36,0.0,1492.8,1210.8,12.6,7.8,0.06,,,0.2,6,28.0,3.0,2.0,3.0,36.0,MONITOR ⭐,Expected ~7% CAGR (2yr) | ROE 21% | ROCE 28% | ROCE trend rising ↑ | Nearly debt-free | Promoter 57% holding,High PE 53 | Earnings due 2026-08-13,3-4 years,Medium-High,"yfinance, screener.in",100,25,2026-08-13,2026-06-20,2026-06-15,5,0.0,1,0.0
ROLEXRINGS,Rolex Rings Limited,Industrials,Metal Fabrication,3797.0,Small-Cap,MonthlyDoubleBottom,Forming,0.508,14,Sep 14mo | Mid rally 57% | Asymmetry 6%,,Uptrend,True,False,Tight-Above-MAs,True,Stage2,4,Uptrend,Uptrend,141.99,262.0,162.26,154.15,197.54,361.74,261.24,227.17,154.8,59.6,26.87,15.75,3.13,,14.9,,,170.0,2,none,12.35,,,15.33,,12.34,9.1,7.7,,,,,,,0.5,insufficient history,,,8.29,,39.58,1.04,52.24,-1.13,,6.01,0.05,30.27,0.1,176.0,99.79,19.3,42.3,-4.13,-58.9,0.49,0.37,4,10.0,21.6,3.0,1.0,35.6,MONITOR ⭐,Expected ~60% CAGR (2yr) | Promoter 52% holding | EV/EBITDA 15× vs sector 18× | MonthlyDoubleBottom forming (14mo base) | Weekly uptrend | Tight daily consolidation above MAs,Pattern still forming (not broken out),3-4 years,Medium-High,"yfinance, screener.in",60,58,,2026-06-20,2026-06-01,19,0.0,3,-1.0
IRIS,IRIS RegTech Solutions Limited,Technology,Software - Application,491.0,Micro-Cap,MonthlyDoubleBottom,Forming,0.512,27,Sep 27mo | Mid rally 52% | Asymmetry 1%,,Downtrend,False,False,Below-MAs,False,Downtrend,0,Uptrend,Uptrend,226.49,162.4,106.15,192.52,689.07,2181.94,6909.12,2181.94,863.4,210.4,34.97,,2.44,0.16,37.1,0.0,,,0,none,10.2,12.6,1.74,8.0,-1.4,98.44,2.65,1.59,20.04,17.56,876.92,216.65,99.69,47.1,0.15,highly inconsistent earnings,0.01,,3.52,,-0.09,-0.02,34.63,0.0,,1.87,0.14,13.06,0.16,426.95,203.0,47.0,11.6,-17.85,174.52,0.51,0.58,5,19.0,9.64,7.0,0.0,35.6,MONITOR ⭐,Expected ~210% CAGR (2yr) | Revenue CAGR 20% | Profit CAGR 217% | ROCE trend rising ↑ | Nearly debt-free | Margin compressing ↓ ⚠️,Margin compression ↓ | Pattern still forming (not broken out),3-4 years,Medium-High,"yfinance, screener.in",100,55,,2026-06-20,2026-06-01,19,0.0,3,0.0
BAYERCROP,Bayer CropScience Limited,Basic Materials,Agricultural Inputs,19090.0,Mid-Cap,MonthlyDoubleBottom,Forming,0.671,27,Sep 27mo | Mid rally 68% | Asymmetry 1%,,Downtrend,False,False,Below-MAs,False,Stage2,1,Uptrend,Uptrend,4247.6,6868.99,4089.02,3884.57,3746.03,9648.96,4791.78,4236.77,127.2,50.7,27.7,21.66,6.44,2.11,20.25,294.0,0.0,5221.83,6,buy,15.8,20.1,,5.0,-4.0,12.14,8.9,9.0,,,44.74,,,13.1,0.5,insufficient history,0.03,,1.92,,960.34,5.03,71.44,0.0,,3.89,0.05,11.89,0.42,6511.0,4202.2,34.8,1.1,-26.43,-16.95,0.58,0.21,4,22.0,12.55,1.0,0.0,35.6,MONITOR ⭐,Expected ~51% CAGR (2yr) | ROCE 20% | Nearly debt-free | Promoter 71% holding | Margin compressing ↓ ⚠️ | FCF yield 5.0%,Margin compression ↓ | Earnings due 2026-08-06 | Pattern still forming (not broken out),3-4 years,Medium-High,"yfinance, screener.in",80,198,2026-08-06,2026-06-20,2026-06-15,5,0.0,1,0.0
POLYMED,Poly Medicure Limited,Healthcare,Medical Instruments & Supplies,15551.0,Mid-Cap,MonthlyDoubleBottom,Forming,1.0,29,Sep 29mo | Mid rally 176% | Asymmetry 5%,,Downtrend,False,False,Below-MAs,False,Stage2,5,Uptrend,Uptrend,1455.1,3351.91,1182.0,1236.83,1673.93,5521.82,2470.69,2033.66,279.5,94.8,48.31,32.7,5.0,2.25,34.14,23.0,11.87,1578.83,6,none,11.2,14.0,-0.71,24.0,-0.17,17.18,5.75,12.34,18.92,19.02,-5.31,21.49,18.74,-27.8,0.15,highly inconsistent earnings,0.11,,3.37,,-309.36,-1.99,62.42,0.0,,5.92,-3.49,15.6,1.76,2316.6,1182.0,37.2,23.1,-26.73,4.47,0.38,0.06,4,19.0,16.5,0.0,0.0,35.5,MONITOR ⭐,Expected ~95% CAGR (2yr) | Revenue CAGR 19% | Profit CAGR 21% | Low D/E 0.11 | Promoter 62% holding | DII buying +1.8% ↑,Pattern still forming (not broken out),3-4 years,Medium-High,"yfinance, screener.in",100,174,,2026-06-20,2026-06-01,19,0.0,3,-3.0
PENIND,Pennar Industries Limited,Industrials,Specialty Industrial Machinery,2092.0,Small-Cap,MonthlyDoubleBottom,Forming,1.0,13,Sep 13mo | Mid rally 111% | Asymmetry 5%,,Downtrend,False,False,Below-MAs,False,Stage2,4,Uptrend,Uptrend,151.69,279.9,129.1,128.94,445.56,547.28,672.22,547.28,260.8,89.9,15.05,10.77,1.8,0.66,7.43,0.0,0.0,260.0,1,none,12.8,15.3,2.03,10.0,0.77,3.79,6.09,12.18,7.73,18.87,16.81,22.83,115.37,15.4,0.15,highly inconsistent earnings,1.0,,1.13,,-272.72,-13.03,39.67,0.0,,4.05,-0.97,5.28,3.1,279.9,129.1,45.8,17.5,-29.25,73.9,0.43,,4,10.0,15.5,10.0,0.0,35.5,MONITOR ⭐,Expected ~90% CAGR (2yr) | Profit CAGR 23% | ROCE trend rising ↑ | DII buying +3.1% ↑ | PEG 0.66 — undervalued | EV/EBITDA 7× below sector (18×),Pattern still forming (not broken out),3-4 years,Medium-High,"yfinance, screener.in",100,187,,2026-06-20,2026-06-01,19,0.0,3,0.0
VRLLOG,VRL Logistics Limited,Industrials,Trucking,4022.0,Small-Cap,MonthlyDoubleBottom,Forming,1.0,33,Sep 33mo | Mid rally 104% | Asymmetry 1%,MonthlyCupHandle+MonthlyDoubleBottom,Downtrend,False,False,Below-MAs,False,Stage2,4,Uptrend,Uptrend,245.3,200.59,97.85,208.5,361.19,346.51,361.19,361.19,41.3,18.9,16.98,14.75,3.67,,7.94,435.0,25.99,324.5,6,strong_buy,21.27,,,13.36,,7.35,9.37,5.7,,,-2.9,,,-2.8,0.5,insufficient history,1.01,,0.49,,159.25,3.96,60.24,0.0,,2.98,-0.77,25.05,1.56,324.5,225.0,24.4,9.0,-4.43,-50.46,0.35,0.02,3,12.0,16.5,7.0,0.0,35.5,MONITOR ⭐,Expected ~19% CAGR (2yr) | Declining profits (-3% CAGR) ⚠️ | ROE 21% | Promoter 60% holding | FCF yield 4.0% | DII buying +1.6% ↑,High D/E 1.0 | Pattern still forming (not broken out),3-4 years,Medium-High,"yfinance, screener.in",70,134,,2026-06-20,2026-06-01,19,0.0,3,0.0
INFY,Infosys Limited,Technology,Information Technology Services,451986.0,Large-Cap,MonthlyDoubleBottom,Forming,0.533,18,Sep 18mo | Mid rally 54% | Asymmetry 1%,,Downtrend,False,False,Below-MAs,False,Downtrend,0,Uptrend,Uptrend,1196.9,1948.78,1257.64,1194.76,2495.4,2639.92,2853.24,2668.33,120.6,48.5,14.6,13.6,4.85,2.11,1019.72,448.0,-11.03,1460.95,40,buy,31.9,40.0,0.8,24.0,-0.74,16.43,15.09,9.61,6.77,12.2,10.18,6.93,8.7,13.2,0.4,lumpy earner,0.1,,1.98,,317.02,0.07,14.38,-0.14,,28.45,-1.82,43.19,2.11,1728.0,1089.0,30.7,9.9,-16.42,-24.99,0.8,0.11,5,25.0,9.4,1.0,0.0,35.4,MONITOR ⭐,Expected ~48% CAGR (2yr) | ROE 32% | ROCE 40% | ROCE trend rising ↑ | Nearly debt-free | Margin compressing ↓ ⚠️,Margin compression ↓ | Earnings due 2026-07-23 | Pattern still forming (not broken out),3-4 years,Medium-High,"yfinance, screener.in",100,365,2026-07-23,2026-06-20,2026-06-01,19,0.0,3,-1.0
INNOVANA,INNOVANA THINKLABS LTD,Technology,Software - Application,665.0,Small-Cap,MonthlyDoubleBottom,Forming,0.536,8,Sep 8mo | Mid rally 57% | Asymmetry 3%,,Sideways,False,False,Below-MAs,True,Downtrend,0,Uptrend,Uptrend,378.6,737.9,462.55,439.42,708.9,1013.25,874.54,787.37,167.6,63.6,18.11,,3.95,1.64,24.73,0.0,-66.67,,0,none,16.0,16.4,-2.4,35.0,1.94,28.83,6.84,28.16,18.66,18.29,-17.78,11.07,18.25,-74.2,0.15,highly inconsistent earnings,0.21,,2.38,,8.88,1.34,72.65,0.0,,1.18,0.07,1.09,0.0,649.5,292.8,41.7,29.3,-23.36,-11.3,0.34,0.17,6,22.0,11.43,2.0,0.0,35.4,MONITOR ⭐,Expected ~64% CAGR (2yr) | Revenue CAGR 19% | Low D/E 0.21 | Promoter 73% holding | OPM 35% | Piotroski F=6 (above average quality),Pattern still forming (not broken out),3-4 years,Medium-High,"yfinance, screener.in",100,102,,2026-06-20,2026-06-01,19,0.0,3,0.0
TCI,Transport Corporation of India Limited,Industrials,Integrated Freight & Logistics,7165.0,Small-Cap,MonthlyDoubleBottom,Forming,0.685,8,Sep 8mo | Mid rally 73% | Asymmetry 4%,,Downtrend,False,False,Below-MAs,False,Stage2,4,Uptrend,Uptrend,877.7,158.85,90.19,746.05,1974.22,1818.01,2509.29,2225.73,107.1,43.9,15.72,13.45,2.99,1.23,13.88,96.0,8.74,1206.43,7,strong_buy,19.3,19.5,0.49,11.0,-0.0,9.28,7.78,9.46,9.13,11.9,10.58,12.74,25.12,8.3,0.15,highly inconsistent earnings,0.12,,2.68,,-89.09,-1.24,68.74,0.01,,3.03,-0.07,12.86,0.05,1289.0,868.05,31.9,1.1,-13.99,3.04,0.69,-0.08,4,14.0,11.22,10.0,0.0,35.2,MONITOR ⭐,Expected ~44% CAGR (2yr) | ROCE trend rising ↑ | Low D/E 0.12 | Promoter 69% holding | PEG 1.23 — fair value | EV/EBITDA 14× vs sector 18×,Pattern still forming (not broken out),3-4 years,Medium-High,"yfinance, screener.in",100,287,,2026-06-20,2026-06-01,19,0.0,3,-7.0
ROUTE,Route Mobile Limited,Communication Services,Telecom Services,3288.0,Small-Cap,MonthlyDoubleBottom,Forming,0.389,28,Sep 28mo | Mid rally 40% | Asymmetry 1%,,Sideways,False,False,Below-MAs,True,Downtrend,0,Uptrend,Uptrend,519.7,1886.51,1339.67,1272.69,944.5,2433.35,944.5,944.5,368.2,116.4,13.76,8.46,1.19,,3.78,230.0,-40.16,718.75,4,none,12.5,17.2,-2.23,12.0,0.11,5.42,7.3,-3.67,7.29,25.68,-23.05,-8.27,14.08,93.2,0.15,highly inconsistent earnings,0.01,,3.85,,662.21,20.14,74.85,0.0,,2.49,-0.24,4.01,-1.97,1094.85,410.7,52.5,26.5,-40.74,-89.1,0.45,0.29,5,16.0,11.17,8.0,0.0,35.2,MONITOR ⭐,Expected ~116% CAGR (2yr) | Declining profits (-8% CAGR) ⚠️ | Nearly debt-free | Promoter 75% holding | FCF yield 20.1% | Piotroski F=5 (above average quality),Pattern still forming (not broken out),3-4 years,Medium-High,"yfinance, screener.in",100,69,,2026-06-20,2026-06-01,19,0.0,3,0.0
GRAVITA,Gravita India Limited,Industrials,Metal Fabrication,11675.0,Mid-Cap,MonthlyDoubleBottom,Forming,0.552,12,Sep 12mo | Mid rally 64% | Asymmetry 9%,MonthlyDoubleBottom+MonthlyStage2,Downtrend,False,False,Below-MAs,False,Stage2,4,Uptrend,Uptrend,1602.9,2162.77,1266.9,1362.47,2303.36,3058.64,3475.12,2829.21,90.8,38.1,30.77,20.12,4.76,1.35,23.11,64.0,28.4,2100.3,10,strong_buy,16.8,17.0,-1.46,10.0,0.03,8.88,9.97,10.24,15.05,24.78,20.77,22.83,45.99,-3.4,0.15,highly inconsistent earnings,0.3,,2.91,,-231.15,-1.98,55.88,0.0,,13.94,-1.81,5.15,0.44,1949.0,1266.9,17.8,26.5,-9.82,122.37,0.24,0.26,5,17.0,10.12,7.0,1.0,35.1,MONITOR ⭐,Expected ~38% CAGR (2yr) | Revenue CAGR 15% | Profit CAGR 23% | Low D/E 0.30 | Promoter 56% holding | Piotroski F=5 (above average quality),Pattern still forming (not broken out),3-4 years,Medium-High,"yfinance, screener.in",100,188,,2026-06-20,2026-06-01,19,-1.2,3,-2.6
DHARMAJ,Dharmaj Crop Guard Limited,Basic Materials,Agricultural Inputs,938.0,Small-Cap,MonthlyDoubleBottom,Forming,0.842,22,Sep 22mo | Mid rally 91% | Asymmetry 7%,MonthlyDoubleBottom+MonthlyStage2,Sideways-Above-MA,True,False,Below-MAs,False,Stage2,1,Uptrend,Uptrend,277.6,389.65,196.95,235.96,401.41,582.35,530.87,461.63,109.8,44.8,17.18,,2.1,,10.62,0.0,,,0,none,13.0,16.4,4.0,9.0,-0.5,4.8,6.46,19.66,,,57.14,,,,0.15,highly inconsistent earnings,0.29,,1.55,,-30.0,-3.2,70.4,0.0,,3.13,-0.36,0.47,0.0,386.5,210.65,28.2,31.8,-12.27,42.61,0.57,0.07,5,14.0,19.1,2.0,0.0,35.1,MONITOR ⭐,Expected ~45% CAGR (2yr) | ROCE trend rising ↑ | Low D/E 0.29 | Promoter 70% holding | Piotroski F=5 (above average quality) | MonthlyDoubleBottom forming (22mo base),Pattern still forming (not broken out),3-4 years,Medium-High,"yfinance, screener.in",80,43,,2026-06-20,2026-06-01,19,4.3,3,-1.0
THOMASCOTT,Thomas Scott (India) Limited,Consumer Cyclical,Textile Manufacturing,375.0,Micro-Cap,MonthlyDoubleBottom,Forming,1.0,21,Sep 21mo | Mid rally 123% | Asymmetry 1%,,Sideways,False,False,Below-MAs,True,Stage2,3,Uptrend,Uptrend,259.9,509.0,227.3,220.91,474.66,790.7,474.66,474.66,204.2,74.4,19.16,,2.98,,12.19,,,,0,none,15.87,,,13.32,,7.57,10.28,63.5,,,-36.7,,,8.0,0.5,insufficient history,0.34,,2.23,,-49.94,-13.31,52.32,0.17,,0.05,0.05,2.45,0.0,459.8,230.0,43.5,13.0,-24.45,278.37,0.78,,3,12.0,19.0,4.0,0.0,35.0,MONITOR ⭐,Expected ~74% CAGR (2yr) | Revenue CAGR 64% | Declining profits (-37% CAGR) ⚠️ | Promoter 52% holding | EV/EBITDA 12× below sector (25×) | MonthlyDoubleBottom forming (21mo base),Pattern still forming (not broken out),3-4 years,Medium-High,"yfinance, screener.in",70,173,,2026-06-20,2026-06-01,19,0.0,3,-5.0
GODIGIT,GO DIGIT GENERAL INS LTD,Financial Services,Insurance - Property & Casualty,27826.0,Mid-Cap,None,,0.0,0,,,Downtrend,False,False,Below-MAs,False,Stage2,12,Uptrend,Uptrend,301.05,,,255.89,163.43,272.88,271.55,210.67,,,51.29,31.05,5.93,1.77,43.04,,,366.2,10,none,11.71,,,5.41,,5.2,1.68,22.6,,,28.9,,,29.2,0.5,insufficient history,0.07,,0.1,,3284.74,11.8,73.01,-0.01,,8.01,-0.25,14.62,0.28,381.4,290.8,21.1,3.5,-14.02,,,0.11,3,28.0,3.0,3.0,1.0,35.0,MONITOR ⭐,Revenue CAGR 23% | Profit CAGR 29% | Nearly debt-free | Promoter 73% holding | FCF yield 11.8% | Sector in Stage2,High PE 51,3-4 years,Medium-High,"yfinance, screener.in",70,26,,2026-06-20,2026-06-01,19,-3.2,3,0.0
MANAKCOAT,Manaksia Coated Metals & Industries Limited,Industrials,Metal Fabrication,1142.0,Small-Cap,None,,0.0,0,,,Downtrend,False,False,Below-MAs,False,Stage2,4,Uptrend,Uptrend,99.3,,,84.41,236.77,392.5,650.65,392.5,295.3,98.8,25.03,,2.52,0.38,11.93,5.0,1.5,,0,none,14.1,19.9,1.6,9.0,0.51,4.6,6.35,13.04,10.68,14.66,173.33,65.77,46.87,6.7,0.15,highly inconsistent earnings,0.33,,1.79,,-75.4,-6.6,57.46,0.0,,1.14,-0.31,0.59,-0.05,182.82,94.2,45.7,5.4,-17.74,454.45,,0.42,5,20.0,3.0,12.0,0.0,35.0,MONITOR ⭐,Expected ~99% CAGR (2yr) | Profit CAGR 66% | ROCE trend rising ↑ | Promoter 57% holding | Piotroski F=5 (above average quality) | PEG 0.38 — deeply undervalued,None identified,3-4 years,Medium-High,"yfinance, screener.in",100,135,,2026-06-20,2026-06-01,19,0.0,3,0.0
NH,Narayana Hrudayalaya Limited,Healthcare,Medical Care Facilities,38465.0,Large-Cap,None,,0.0,0,,,Sideways-Above-MA,True,False,Constructive,True,Stage2,5,Uptrend,Uptrend,1884.1,,,1601.48,1745.74,2011.02,2108.9,1918.75,6.7,3.3,47.39,26.99,8.48,4.78,25.82,24.0,65.1,2149.43,14,buy,20.9,15.4,1.34,20.0,2.43,10.2,7.4,44.01,20.39,25.04,1.9,9.91,46.61,13.5,0.15,highly inconsistent earnings,1.29,,2.15,,287.02,0.75,63.27,0.0,,9.98,-1.12,9.14,1.23,2370.2,1589.0,20.5,18.6,-5.27,68.5,,0.17,7,24.0,9.0,1.0,1.0,35.0,MONITOR ⭐,Expected ~3% CAGR (2yr) | Revenue CAGR 20% | ROE 21% | ROCE trend rising ↑ | Promoter 63% holding | Piotroski F=7 (high quality compounder),High D/E 1.3,3-4 years,Medium-High,"yfinance, screener.in",100,125,,2026-06-20,2026-06-01,19,0.0,3,0.0
PLATIND,Platinum Industries Limited,Basic Materials,Specialty Chemicals,1274.0,Small-Cap,MonthlyDoubleBottom,Forming,1.0,21,Sep 21mo | Mid rally 184% | Asymmetry 8%,,Sideways,False,False,Below-MAs,True,Stage2,1,Uptrend,Uptrend,225.04,502.05,169.7,191.28,227.2,834.4,276.47,250.63,270.8,92.6,23.6,,2.78,2.29,18.59,0.0,,,0,none,12.7,15.7,-20.0,13.0,0.66,11.54,6.62,14.8,24.89,38.28,2.0,10.31,59.12,136.9,0.15,highly inconsistent earnings,0.02,,4.17,,-37.39,-2.93,70.03,0.0,,0.59,-0.03,3.6,0.65,342.4,183.5,34.3,22.6,-10.43,,0.47,0.55,4,17.0,19.0,-1.0,0.0,35.0,MONITOR ⭐,Expected ~93% CAGR (2yr) | Revenue CAGR 25% | Nearly debt-free | Promoter 70% holding | DII buying +0.7% ↑ | MonthlyDoubleBottom forming (21mo base),Pattern still forming (not broken out),3-4 years,Medium-High,"yfinance, screener.in",90,27,,2026-06-20,2026-06-01,19,0.0,3,0.0
