Stock,Company_Name,Sector,Industry,Market_Cap_Cr,Cap_Class,Monthly_Pattern,Monthly_Pattern_Status,Monthly_Pattern_Quality,Monthly_Pattern_Duration_Mo,Monthly_Pattern_Details,Converging_Signals,Weekly_Trend,Weekly_Above_40MA,Weekly_Volume_Expanding,Daily_Setup,Daily_Above_50MA,Sector_Trend,Sector_Stage2_Age_Mo,Index_Regime,Nifty_Monthly_Trend,CMP,Breakout_Zone,Pattern_Bottom,Stop_Loss,Target_1yr,Target_2yr,Target_3yr,Fair_Value_Estimate,Upside_Potential_Pct,Expected_CAGR_2yr_Pct,PE_Ratio,Forward_PE,PB_Ratio,PEG_Ratio,EV_EBITDA,Dividend_Yield_Pct,Dividend_Growth_3yr_Pct,Analyst_Target,Analyst_Count,Analyst_Recommendation,ROE_Pct,ROCE_Pct,ROCE_Trend,Operating_Margin_Pct,OPM_Trend,Net_Margin_Pct,Return_on_Assets_Pct,Revenue_Growth_TTM_Pct,Revenue_Growth_3yr_CAGR,Revenue_Growth_5yr_CAGR,Profit_Growth_TTM_Pct,Profit_Growth_3yr_CAGR,Profit_Growth_5yr_CAGR,EPS_Growth_Quarterly_Pct,EPS_Consistency_Score,EPS_Consistency_Desc,Debt_to_Equity,DE_Trend,Current_Ratio,Interest_Coverage,Free_Cashflow_Cr,FCF_Yield_Pct,Promoter_Holding_Pct,Promoter_Change_QoQ,Promoter_Pledge_Pct,FII_Holding_Pct,FII_Change_QoQ,DII_Holding_Pct,DII_Change_QoQ,52wk_High,52wk_Low,Dist_From_52wk_High_Pct,Dist_From_52wk_Low_Pct,RS_vs_Nifty_1yr_Pct,RS_vs_Nifty_3yr_Pct,Monthly_Vol_Surge,Beta,Piotroski_F_Score,Fundamental_Score_40,Technical_Score_30,Valuation_Score_20,Momentum_Score_10,Overall_Score_100,Rating_Grade,Why_Buy,Key_Risks,Investment_Horizon,Risk_Level,Data_Sources,Data_Quality_Pct,Monthly_Bars,Next_Earnings,Scan_Date,First_Seen_Date,Days_On_Watchlist,Price_Change_Since_First_Pct,Times_Scanned,Score_vs_First
POWERMECH,Power Mech Projects Limited,Industrials,Engineering & Construction,7906.0,Small-Cap,MonthlyDoubleBottom,Forming,1.0,16,Sep 16mo | Mid rally 120% | Asymmetry 1%,MonthlyDoubleBottom+MonthlyStage2,Uptrend,True,False,Constructive,True,Stage2,4,Bear,Choppy,2601.8,3722.33,1681.27,2211.53,5419.66,6817.39,8575.6,6817.39,162.0,61.9,21.74,13.71,3.46,0.84,11.56,5.0,18.56,2819.0,2,strong_buy,15.6,21.8,3.49,12.0,1.54,6.0,7.72,15.82,18.96,26.33,18.39,25.79,25.75,21.6,0.75,consistent growth,0.26,,1.71,,528.1,6.68,58.41,0.08,,6.48,-0.07,20.18,-0.36,3415.0,1717.7,23.8,51.5,-11.07,-5.39,0.55,0.65,7,39.0,20.5,10.0,0.0,69.5,ACCUMULATE ⭐⭐⭐,Expected ~62% CAGR (2yr) | Revenue CAGR 19% | Profit CAGR 26% | ROCE 22% | ROCE trend rising ↑ | Low D/E 0.26,Pattern still forming (not broken out),2-3 years,Medium,"yfinance, screener.in",100,131,,2026-06-06,2026-06-01,5,4.9,1,-1.0
BAJAJ-AUTO,Bajaj Auto Limited,Consumer Cyclical,Auto Manufacturers,292118.0,Large-Cap,MonthlyCupHandle,Forming,0.943,19,Cup 19mo | Depth 21% | Prior gain 30% | R²=0.97,MonthlyCupHandle+MonthlyDoubleBottom,Uptrend,True,False,Tight-Above-MAs,True,Stage2,3,Bear,Choppy,10342.0,10449.22,8305.81,8790.7,20651.38,19215.31,29931.6,24862.2,85.8,36.3,27.25,22.21,7.52,1.34,20.03,143.0,2.33,10744.98,39,none,29.1,28.2,1.06,21.0,0.74,16.51,13.88,23.36,19.94,17.79,44.35,20.39,16.84,103.2,0.15,highly inconsistent earnings,0.56,,1.76,,-456.44,-0.16,55.01,0.02,,8.82,-0.02,14.35,0.28,10834.0,7858.5,4.5,31.6,34.8,98.49,0.3,0.71,6,28.0,23.32,8.0,10.0,69.3,ACCUMULATE ⭐⭐⭐,Expected ~36% CAGR (2yr) | Revenue CAGR 20% | Profit CAGR 20% | ROE 29% | ROCE 28% | ROCE trend rising ↑,Earnings due 2026-07-16 | Pattern still forming (not broken out),2-3 years,Medium,"yfinance, screener.in",100,288,2026-07-16,2026-06-06,2026-06-01,5,1.3,1,-4.0
SJS,S.J.S. Enterprises Limited,Consumer Cyclical,Auto Parts,6736.0,Small-Cap,None,,0.0,0,,,Uptrend,True,False,Tight-Above-MAs,True,Stage2,3,Bear,Choppy,2003.8,,,1703.23,3565.0,3874.44,6684.32,4881.56,93.4,39.1,41.15,26.46,7.76,1.11,24.11,17.0,25.0,2363.75,4,strong_buy,22.1,28.7,2.5,28.0,0.5,17.87,13.62,25.66,30.17,,44.54,36.93,,45.1,1.0,steady compounder (low CV),0.03,,2.95,,126.27,1.87,21.15,-0.03,,15.68,-1.24,31.09,1.99,2119.9,1080.9,5.5,85.4,69.26,187.24,,0.39,7,40.0,11.0,8.0,10.0,69.0,ACCUMULATE ⭐⭐⭐,Expected ~39% CAGR (2yr) | Revenue CAGR 30% | Profit CAGR 37% | ROE 22% | ROCE 29% | ROCE trend rising ↑,None identified,2-3 years,Medium,"yfinance, screener.in",100,56,,2026-06-06,2026-06-01,5,1.1,1,-4.0
MONARCH,Monarch Networth Capital Limited,Financial Services,Capital Markets,2663.0,Small-Cap,MonthlyDoubleBottom,Forming,1.0,21,Sep 21mo | Mid rally 116% | Asymmetry 4%,MonthlyDoubleBottom+MonthlyStage2,Uptrend,True,True,Constructive,True,Stage2,12,Bear,Choppy,338.9,497.5,225.65,288.06,802.37,1295.51,2091.73,1295.51,282.3,95.5,14.73,,2.74,0.24,,30.0,25.99,,0,none,20.5,27.7,-2.71,69.0,6.14,49.44,12.91,13.41,31.93,29.28,21.48,61.46,49.79,84.3,0.15,highly inconsistent earnings,0.04,,2.21,,,,53.86,0.45,,1.47,0.03,0.15,0.0,398.8,235.45,15.0,43.9,-0.15,81.25,0.14,0.05,5,39.0,21.0,8.0,1.0,69.0,ACCUMULATE ⭐⭐⭐,Expected ~96% CAGR (2yr) | Revenue CAGR 32% | Profit CAGR 61% | ROE 20% | ROCE 28% | Nearly debt-free,Pattern still forming (not broken out),2-3 years,Medium,"yfinance, screener.in",90,54,,2026-06-06,2026-06-01,5,8.5,1,-1.0
SKMEGGPROD,SKM Egg Products Export (India) Limited,Consumer Defensive,Packaged Foods,1077.0,Small-Cap,MonthlyDoubleBottom,Breakout Ready,1.0,22,Sep 22mo | Mid rally 174% | Asymmetry 3%,MonthlyCupHandle+MonthlyDoubleBottom,Uptrend,True,True,Constructive,True,Stage2,15,Bear,Choppy,245.84,64.65,23.29,208.96,1066.77,1184.32,1314.84,1184.32,381.7,119.5,10.36,,3.17,0.94,6.41,37.0,44.22,,0,none,29.7,30.0,2.49,21.0,1.8,13.51,17.0,54.22,5.08,23.35,197.14,11.02,45.41,414.4,0.15,highly inconsistent earnings,0.36,,2.86,,16.81,1.56,57.47,0.04,,0.49,-0.26,0.36,0.04,232.5,96.3,-5.7,155.3,71.53,86.58,2.82,-0.19,6,28.0,23.0,10.0,8.0,69.0,ACCUMULATE ⭐⭐⭐,Expected ~120% CAGR (2yr) | ROE 30% | ROCE 30% | ROCE trend rising ↑ | Promoter 57% holding | Piotroski F=6 (above average quality),None identified,2-3 years,Medium,"yfinance, screener.in",100,288,,2026-06-06,2026-06-01,5,26.0,1,1.0
MAHABANK,Bank of Maharashtra,Financial Services,Banks - Regional,60971.0,Large-Cap,MonthlyDoubleBottom,Forming,0.948,24,Sep 24mo | Mid rally 101% | Asymmetry 6%,MonthlyCupHandle+MonthlyDoubleBottom,Uptrend,True,False,Tight-Above-MAs,True,Stage2,12,Bear,Choppy,79.19,46.75,22.59,67.31,273.82,261.93,530.11,380.99,230.8,81.9,8.69,,1.83,0.22,,315.0,-8.37,83.33,3,strong_buy,22.7,6.03,,57.89,,49.28,1.76,17.37,22.58,19.79,26.61,39.14,65.16,36.1,0.4,lumpy earner,,,,,,,73.6,0.0,,5.55,0.63,13.93,0.43,85.9,51.71,7.8,53.1,49.02,133.5,0.18,0.84,2,27.0,23.88,10.0,8.0,68.9,ACCUMULATE ⭐⭐⭐,Expected ~82% CAGR (2yr) | Revenue CAGR 23% | Profit CAGR 39% | ROE 23% | Promoter 74% holding | OPM 58%,Pattern still forming (not broken out),2-3 years,Medium,"yfinance, screener.in",80,267,,2026-06-06,2026-06-01,5,1.1,1,-4.0
GVT&D,GE Vernova T&D India Ltd,Industrials,Specialty Industrial Machinery,131828.0,Large-Cap,MonthlyDoubleBottom,Forming,1.0,36,Sep 36mo | Mid rally 193% | Asymmetry 3%,,Uptrend,True,True,Uptrend,True,Stage2,4,Bear,Choppy,4385.3,360.39,121.02,3727.51,2800.46,5049.55,9971.8,5284.47,15.1,7.3,106.38,66.83,63.17,1.2,77.4,19.0,100.0,4697.17,12,buy,18.6,,,12.0,,19.87,16.5,42.0,,,88.7,,,88.6,0.5,insufficient history,0.01,,1.33,,1180.97,0.9,51.0,0.0,,20.39,1.93,21.39,-1.88,5222.1,2204.0,16.0,99.0,93.79,1883.02,0.53,0.57,4,32.0,22.5,4.0,10.0,68.5,ACCUMULATE ⭐⭐⭐,Expected ~7% CAGR (2yr) | Revenue CAGR 42% | Profit CAGR 89% | Nearly debt-free | Promoter 51% holding | FII buying +1.9% ↑,High PE 106 | Pattern still forming (not broken out),2-3 years,Medium,"yfinance, screener.in",70,286,,2026-06-06,2026-06-01,5,0.0,1,-4.0
SANDHAR,Sandhar Technologies Limited,Consumer Cyclical,Auto Parts,4071.0,Small-Cap,MonthlyStage2,Stage Change,1.0,24,10-EMA=555 | 30-EMA=488 | Above by 44.0% | MA turning=Yes,MonthlyDoubleBottom+MonthlyStage2,Uptrend,True,True,Tight-Above-MAs,True,Stage2,3,Bear,Choppy,703.1,488.14,341.35,597.63,2607.51,2487.33,5042.32,3626.0,253.8,88.1,20.45,15.63,3.3,0.52,10.06,52.0,15.87,779.33,3,strong_buy,16.2,14.4,1.14,9.0,0.09,4.03,6.38,24.92,18.59,21.09,40.14,39.06,27.96,49.8,0.4,lumpy earner,0.86,,0.94,,-95.06,-2.33,70.38,0.0,,0.77,-0.39,17.39,1.51,733.9,405.2,4.2,73.5,50.76,73.57,0.84,,5,25.0,24.5,11.0,8.0,68.5,ACCUMULATE ⭐⭐⭐,Expected ~88% CAGR (2yr) | Revenue CAGR 19% | Profit CAGR 39% | ROCE trend rising ↑ | Promoter 70% holding | Piotroski F=5 (above average quality),None identified,2-3 years,Medium,"yfinance, screener.in",100,99,,2026-06-06,2026-06-01,5,37.5,1,1.0
WABAG,VA Tech Wabag Limited,Industrials,Engineering & Construction,9521.0,Mid-Cap,MonthlyStage2,Stage Change,0.973,24,10-EMA=1347 | 30-EMA=1214 | Above by 14.6% | MA turning=Yes,MonthlyDoubleBottom+MonthlyStage2,Uptrend,True,False,Uptrend,True,Stage2,4,Bear,Choppy,1391.2,1214.05,1077.7,1182.52,7339.53,14973.66,76477.77,23692.0,976.3,228.1,22.03,17.26,4.09,0.1,16.37,26.0,100.0,1896.14,7,strong_buy,15.9,21.3,1.74,12.0,1.06,9.39,5.17,19.73,10.04,6.83,25.42,222.8,29.65,28.9,0.15,highly inconsistent earnings,0.09,,1.71,,140.94,1.48,19.09,-0.01,,16.6,-2.37,5.77,1.45,1672.1,1033.0,16.8,34.7,1.87,162.02,0.36,0.82,7,30.0,22.18,13.0,3.0,68.2,ACCUMULATE ⭐⭐⭐,Expected ~228% CAGR (2yr) | Profit CAGR 223% | ROCE 21% | ROCE trend rising ↑ | Nearly debt-free | Piotroski F=7 (high quality compounder),None identified,2-3 years,Medium,"yfinance, screener.in",100,188,,2026-06-06,2026-06-01,5,0.0,1,-4.0
SOLARINDS,Solar Industries India Limited,Basic Materials,Specialty Chemicals,165117.0,Large-Cap,MonthlyCupHandle,Forming,0.872,12,Cup 12mo | Depth 23% | Prior gain 32% | R²=0.98,MonthlyCupHandle+MonthlyDoubleBottom,Uptrend,True,True,Tight-Above-MAs,True,Stage2,1,Bear,Choppy,18441.0,17879.67,13845.0,15674.85,5237.12,21914.34,8701.59,6750.65,18.8,9.0,98.04,54.78,26.3,3.39,63.44,6.0,10.06,20131.92,12,strong_buy,31.5,36.8,3.57,27.0,1.83,17.05,15.45,30.48,12.45,31.35,34.86,28.9,43.25,70.0,0.4,lumpy earner,0.23,,2.06,,-1315.16,-0.8,73.15,0.0,,6.59,-0.15,12.89,-0.02,18874.0,11646.0,2.3,58.3,35.42,367.58,0.3,0.16,6,36.0,21.96,0.0,10.0,68.0,ACCUMULATE ⭐⭐⭐,Expected ~9% CAGR (2yr) | Profit CAGR 29% | ROE 32% | ROCE 37% | ROCE trend rising ↑ | Low D/E 0.23,High PE 98 | Earnings due 2026-08-06 | Pattern still forming (not broken out),2-3 years,Medium,"yfinance, screener.in",100,243,2026-08-06,2026-06-06,2026-06-01,5,1.8,1,4.4
MOTHERSON,Samvardhana Motherson International Limited,Consumer Cyclical,Auto Parts,153482.0,Large-Cap,MonthlyDoubleBottom,Forming,1.0,42,Sep 42mo | Mid rally 191% | Asymmetry 3%,MonthlyCupHandle+MonthlyDoubleBottom,Uptrend,True,False,Tight-Above-MAs,True,Stage2,3,Bear,Choppy,143.56,65.07,21.99,122.03,254.44,265.53,462.0,342.86,85.0,36.0,39.82,22.33,4.16,1.15,14.04,41.0,-6.87,149.55,22,buy,10.9,13.1,1.83,9.0,0.34,3.09,4.16,10.95,16.97,17.06,-1.45,34.75,21.1,42.5,0.15,highly inconsistent earnings,0.44,,1.06,,3768.69,2.46,48.6,0.0,,12.45,0.7,21.08,-0.49,151.77,89.7,5.4,60.0,53.86,105.31,0.33,0.98,6,24.0,24.5,9.0,10.0,67.5,ACCUMULATE ⭐⭐⭐,Expected ~36% CAGR (2yr) | Revenue CAGR 17% | Profit CAGR 35% | ROCE trend rising ↑ | Piotroski F=6 (above average quality) | FII buying +0.7% ↑,Earnings due 2026-08-13 | Pattern still forming (not broken out),2-3 years,Medium,"yfinance, screener.in",100,288,2026-08-13,2026-06-06,2026-06-01,5,9.2,1,-4.0
HEROMOTOCO,Hero MotoCorp Limited,Consumer Cyclical,Auto Manufacturers,98106.0,Large-Cap,MonthlyCupHandle,Forming,0.849,19,Cup 19mo | Depth 36% | Prior gain 28% | R²=1.00,MonthlyCupHandle+MonthlyDoubleBottom,Downtrend,False,False,Below-MAs,False,Stage2,3,Bear,Choppy,5007.5,6106.48,3934.36,4256.38,18142.41,16229.92,29400.29,23095.28,224.1,80.0,17.09,15.38,4.54,0.63,12.22,377.0,3.23,5931.89,35,buy,28.5,35.8,2.91,15.0,0.6,12.11,12.51,15.85,11.55,8.9,31.99,27.3,14.49,25.7,0.15,highly inconsistent earnings,0.04,,1.91,,6278.06,6.4,34.73,0.0,,31.15,1.72,24.69,-1.59,6388.5,4158.1,21.6,20.4,30.03,67.32,0.67,0.56,7,38.0,10.19,12.0,7.0,67.2,ACCUMULATE ⭐⭐⭐,Expected ~80% CAGR (2yr) | Profit CAGR 27% | ROE 28% | ROCE 36% | ROCE trend rising ↑ | Nearly debt-free,Earnings due 2026-08-05 | Pattern still forming (not broken out),2-3 years,Medium,"yfinance, screener.in",100,287,2026-08-05,2026-06-06,2026-06-01,5,0.0,1,-2.0
STYLAMIND,Stylam Industries Limited,Consumer Cyclical,"Furnishings, Fixtures & Appliances",4801.0,Small-Cap,MonthlyStage2,Stage Change,1.0,24,10-EMA=2204 | 30-EMA=1924 | Above by 44.1% | MA turning=Yes,MonthlyCupHandle+MonthlyDoubleBottom+MonthlyStage2,Uptrend,True,True,Tight-Above-MAs,True,Stage2,3,Bear,Choppy,2773.0,1924.22,1576.4,2357.05,4318.83,4071.1,5815.42,5011.57,46.8,21.2,32.05,21.3,6.59,2.0,21.13,0.0,,2660.4,5,none,20.5,27.0,0.66,20.0,0.14,13.19,14.7,10.15,5.85,18.66,22.95,16.04,22.22,29.3,0.15,highly inconsistent earnings,0.04,,3.48,,-34.89,-0.73,54.1,1.91,,2.81,0.77,13.31,0.07,2929.0,1593.7,5.3,74.0,76.96,52.25,1.03,,5,27.0,24.5,5.0,10.0,66.5,ACCUMULATE ⭐⭐⭐,Expected ~21% CAGR (2yr) | ROE 20% | ROCE 27% | ROCE trend rising ↑ | Nearly debt-free | Promoter 54% holding,None identified,2-3 years,Medium,"yfinance, screener.in",100,58,,2026-06-06,2026-06-01,5,0.0,1,-4.0
RML,Rane (Madras) Limited,Consumer Cyclical,Auto Parts,2514.0,Small-Cap,MonthlyStage2,Stage Change,1.0,24,10-EMA=820 | 30-EMA=778 | Above by 15.9% | MA turning=Yes,MonthlyDoubleBottom+MonthlyStage2,Uptrend,True,False,Tight-Above-MAs,True,Stage2,3,Bear,Choppy,901.45,778.11,601.53,766.23,3529.04,5392.02,8238.47,5392.02,498.1,144.6,23.42,,3.35,0.44,9.47,176.0,100.0,,0,none,15.5,14.0,3.51,9.0,1.34,2.78,5.03,13.42,17.95,24.98,181.58,52.79,121.65,5.2,0.15,highly inconsistent earnings,1.0,,0.92,,107.07,4.26,70.45,0.0,,0.06,0.01,0.97,-0.06,1049.0,608.5,14.1,48.1,13.74,26.62,0.13,0.42,6,26.0,24.5,12.0,4.0,66.5,ACCUMULATE ⭐⭐⭐,Expected ~145% CAGR (2yr) | Revenue CAGR 18% | Profit CAGR 53% | ROCE trend rising ↑ | Promoter 70% holding | FCF yield 4.3%,High D/E 1.0,2-3 years,Medium,"yfinance, screener.in",100,251,,2026-06-06,2026-06-01,5,1.2,1,-1.5
MARINE,Marine Electricals (India) Limited,Industrials,Electrical Equipment & Parts,3568.0,Small-Cap,MonthlyStage2,Stage Change,1.0,24,10-EMA=219 | 30-EMA=185 | Above by 34.8% | MA turning=Yes,MonthlyDoubleBottom+MonthlyStage2,Uptrend,True,False,Uptrend,True,Stage2,4,Bear,Choppy,248.85,184.6,147.48,211.52,194.17,293.97,445.06,293.97,18.1,8.7,69.85,,8.6,1.36,39.1,12.0,9.0,,0,none,13.2,18.2,1.23,11.0,-0.03,6.27,,14.34,25.56,28.43,55.26,51.4,33.34,126.8,0.4,lumpy earner,0.13,,,,,,68.2,-0.34,,0.59,-0.06,0.34,0.22,282.48,150.86,11.9,65.0,42.24,271.48,0.66,1.06,2,31.0,22.5,3.0,10.0,66.5,ACCUMULATE ⭐⭐⭐,Expected ~9% CAGR (2yr) | Revenue CAGR 26% | Profit CAGR 51% | ROCE trend rising ↑ | Low D/E 0.13 | Promoter 68% holding,High PE 70,2-3 years,Medium,"yfinance, screener.in",80,93,,2026-06-06,2026-06-01,5,12.1,1,4.0
PGHL,Procter & Gamble Health Limited,Healthcare,Drug Manufacturers - Specialty & Generic,10053.0,Mid-Cap,MonthlyStage2,Stage Change,1.0,24,10-EMA=5548 | 30-EMA=5212 | Above by 19.0% | MA turning=Yes,MonthlyDoubleBottom+MonthlyStage2,Sideways-Above-MA,True,True,Constructive,True,Stage2,5,Bear,Choppy,6200.0,5211.92,4757.5,5270.0,16354.75,25284.44,39089.74,25284.44,307.8,101.9,30.77,31.94,16.22,0.56,21.63,256.0,18.98,,0,none,61.59,,,34.94,,23.22,33.1,19.1,,,54.6,,,54.6,0.5,insufficient history,0.02,,2.18,,292.48,2.91,51.82,0.0,,6.2,-0.77,13.67,-0.17,6739.0,4707.0,8.0,31.7,14.76,10.41,0.39,0.15,5,36.0,18.5,8.0,4.0,66.5,ACCUMULATE ⭐⭐⭐,Expected ~102% CAGR (2yr) | Revenue CAGR 19% | Profit CAGR 55% | ROE 62% | Nearly debt-free | Promoter 52% holding,None identified,2-3 years,Medium,"yfinance, screener.in",70,288,,2026-06-06,2026-06-01,5,16.1,1,8.2
AJANTPHARM,Ajanta Pharma Limited,Healthcare,Drug Manufacturers - Specialty & Generic,36592.0,Large-Cap,MonthlyCupHandle,Forming,0.924,19,Cup 19mo | Depth 19% | Prior gain 44% | R²=0.94,MonthlyCupHandle+MonthlyDoubleBottom,Uptrend,True,False,Tight-Above-MAs,True,Stage2,5,Bear,Choppy,2976.5,3174.87,2558.14,2530.03,4786.43,4812.05,7071.66,5817.9,61.7,27.1,34.6,25.72,8.08,1.61,24.16,191.0,58.74,3303.29,14,strong_buy,25.4,32.3,0.51,26.0,-1.2,19.37,14.82,17.32,13.36,13.54,14.78,21.55,10.06,18.4,0.15,highly inconsistent earnings,0.06,,2.64,,0.87,0.0,66.25,0.0,,8.26,0.29,18.36,-0.22,3314.9,2329.9,10.2,27.8,15.05,65.42,0.31,0.2,6,34.0,23.09,5.0,4.0,66.1,ACCUMULATE ⭐⭐⭐,Expected ~27% CAGR (2yr) | Profit CAGR 22% | ROE 25% | ROCE 32% | ROCE trend rising ↑ | Nearly debt-free,Margin compression ↓ | Pattern still forming (not broken out),2-3 years,Medium,"yfinance, screener.in",100,288,,2026-06-06,2026-06-01,5,-8.4,1,-4.8
UNIVASTU,Univastu India Limited,Industrials,Engineering & Construction,277.0,Micro-Cap,MonthlyDoubleBottom,Forming,1.0,20,Sep 20mo | Mid rally 108% | Asymmetry 2%,MonthlyDoubleBottom+MonthlyStage2,Sideways-Above-MA,True,False,Constructive,True,Stage2,4,Bear,Choppy,69.99,115.12,54.67,59.49,148.49,229.96,356.14,229.96,228.6,81.3,26.28,,3.17,0.48,9.27,0.0,,,0,none,25.4,30.0,1.0,16.0,-4.17,9.02,,42.11,40.83,36.65,62.5,54.87,21.06,81.7,0.15,highly inconsistent earnings,0.44,,,,,,67.46,0.0,,,0.0,0.0,0.0,106.67,56.02,34.4,24.9,-8.27,77.64,0.37,0.27,2,36.0,18.0,12.0,0.0,66.0,ACCUMULATE ⭐⭐⭐,Expected ~81% CAGR (2yr) | Revenue CAGR 41% | Profit CAGR 55% | ROE 25% | ROCE 30% | ROCE trend rising ↑,Margin compression ↓ | Pattern still forming (not broken out),2-3 years,Medium,"yfinance, screener.in",80,96,,2026-06-06,2026-06-01,5,0.0,1,-4.0
RAMCOSYS,Ramco Systems Limited,Technology,Software - Application,1710.0,Small-Cap,MonthlyStage2,Breaking Out,1.0,24,10-EMA=468 | 30-EMA=419 | Above by 34.2% | MA turning=Yes,MonthlyDoubleBottom+MonthlyStage2,Sideways-Above-MA,True,False,Constructive,True,Downtrend,0,Bear,Choppy,562.25,419.02,290.3,477.91,625.79,846.01,1143.72,846.01,50.5,22.7,40.81,20.78,5.24,1.16,12.16,0.0,,600.0,1,strong_buy,18.0,19.3,0.49,23.0,0.34,5.97,5.13,18.61,12.53,2.29,223.53,35.19,30.73,371.8,0.2,multiple loss years in history,0.12,,1.02,,56.51,3.3,55.69,2.66,,10.02,0.07,2.03,-3.75,682.35,342.1,17.6,64.4,51.87,86.43,7.32,0.64,6,33.0,19.0,8.0,6.0,66.0,ACCUMULATE ⭐⭐⭐,Expected ~23% CAGR (2yr) | Profit CAGR 35% | ROCE trend rising ↑ | Low D/E 0.12 | Promoter 56% holding | Promoters buying ↑,None identified,2-3 years,Medium,"yfinance, screener.in",100,287,,2026-06-06,2026-06-01,5,42.6,1,6.0
NEULANDLAB,Neuland Laboratories Limited,Healthcare,Drug Manufacturers - Specialty & Generic,21924.0,Mid-Cap,MonthlyCupHandle,Forming,0.82,18,Cup 18mo | Depth 27% | Prior gain 121% | R²=0.97,MonthlyCupHandle+MonthlyDoubleBottom,Uptrend,True,False,Tight-Above-MAs,True,Stage2,5,Bear,Choppy,16811.0,18024.33,13107.61,14289.35,18280.49,22941.05,31103.52,23845.07,36.5,16.8,60.24,37.32,13.53,1.98,409.45,20.0,33.89,20972.0,4,none,21.4,26.6,3.4,28.0,2.51,2.29,,36.97,19.31,16.64,40.0,30.44,35.06,664.8,0.15,highly inconsistent earnings,0.16,,1.42,,,,32.63,0.0,,20.46,-0.44,15.84,1.12,19747.0,11412.0,14.9,47.3,32.34,368.57,0.15,-0.32,3,33.0,21.84,3.0,8.0,65.8,ACCUMULATE ⭐⭐⭐,Expected ~17% CAGR (2yr) | Revenue CAGR 19% | Profit CAGR 30% | ROE 21% | ROCE 27% | ROCE trend rising ↑,High PE 60 | Pattern still forming (not broken out),2-3 years,Medium,"yfinance, screener.in",80,213,,2026-06-06,2026-06-01,5,0.1,1,2.0
BBTC,The Bombay Burmah Trading Corporation Limited,Consumer Defensive,Packaged Foods,10477.0,Mid-Cap,MonthlyDoubleBottom,Forming,1.0,27,Sep 27mo | Mid rally 129% | Asymmetry 6%,,Sideways,False,False,Below-MAs,True,Stage2,15,Bear,Choppy,1529.1,2919.66,1235.21,1299.73,15271.44,22241.32,32392.26,22241.32,1354.5,281.4,8.43,4.02,1.49,0.18,3.23,226.0,141.97,,0,none,19.1,33.0,3.43,18.0,1.0,6.26,15.63,6.78,5.54,7.84,13.64,45.64,14.32,43.8,0.15,highly inconsistent earnings,0.17,,1.19,,2049.95,19.57,74.04,0.0,,9.48,0.06,1.46,0.04,2155.0,1314.6,29.0,16.3,-12.95,19.63,0.11,0.66,5,37.0,15.5,13.0,0.0,65.5,ACCUMULATE ⭐⭐⭐,Expected ~281% CAGR (2yr) | Profit CAGR 46% | ROCE 33% | ROCE trend rising ↑ | Low D/E 0.17 | Promoter 74% holding,Pattern still forming (not broken out),2-3 years,Medium,"yfinance, screener.in",100,288,,2026-06-06,2026-06-01,5,0.0,1,-4.0
ENGINERSIN,Engineers India Limited,Industrials,Engineering & Construction,13023.0,Mid-Cap,MonthlyStage2,Stage Change,1.0,24,10-EMA=215 | 30-EMA=191 | Above by 24.4% | MA turning=Yes,MonthlyCupHandle+MonthlyDoubleBottom+MonthlyStage2,Uptrend,True,False,Uptrend,True,Stage2,4,Bear,Choppy,237.78,191.08,145.07,202.11,572.52,540.71,908.79,721.32,127.4,50.8,18.84,15.05,4.8,0.72,13.76,129.0,-20.63,269.8,5,strong_buy,23.8,30.6,0.8,18.0,1.43,19.34,,27.2,5.66,4.55,19.31,25.99,22.68,219.3,0.15,highly inconsistent earnings,0.01,,,,,,51.32,0.0,,9.66,1.92,12.19,-1.19,267.0,163.55,10.9,45.4,19.4,39.95,0.15,1.03,2,29.0,22.5,10.0,4.0,65.5,ACCUMULATE ⭐⭐⭐,Expected ~51% CAGR (2yr) | Profit CAGR 26% | ROE 24% | ROCE 31% | ROCE trend rising ↑ | Nearly debt-free,None identified,2-3 years,Medium,"yfinance, screener.in",80,346,,2026-06-06,2026-06-01,5,-2.9,1,-4.0
MODISONLTD,Modison Limited,Industrials,Electrical Equipment & Parts,924.0,Small-Cap,MonthlyStage2,Stage Change,1.0,24,10-EMA=151 | 30-EMA=138 | Above by 25.6% | MA turning=Yes,MonthlyDoubleBottom+MonthlyStage2,Sideways-Above-MA,True,True,Constructive,True,Stage2,4,Bear,Choppy,173.03,137.71,115.84,147.08,918.85,1726.71,3244.82,1726.71,897.9,215.9,12.74,,4.08,0.14,40.68,176.0,81.71,,0,none,32.0,30.9,1.71,17.0,0.46,6.91,,44.9,28.45,19.45,192.0,87.92,27.11,277.7,0.15,highly inconsistent earnings,0.64,,,,,,52.16,0.05,,0.48,0.0,0.0,0.0,300.95,114.0,42.5,51.8,11.96,139.35,0.61,,3,36.0,18.5,7.0,4.0,65.5,ACCUMULATE ⭐⭐⭐,Expected ~216% CAGR (2yr) | Revenue CAGR 28% | Profit CAGR 88% | ROE 32% | ROCE 31% | ROCE trend rising ↑,None identified,2-3 years,Medium,"yfinance, screener.in",80,61,,2026-06-06,2026-06-01,5,0.0,1,-4.0
PIXTRANS,PIX Transmissions Limited,Industrials,Specialty Industrial Machinery,2119.0,Small-Cap,MonthlyDoubleBottom,Forming,1.0,14,Sep 14mo | Mid rally 133% | Asymmetry 4%,MonthlyCupHandle+MonthlyDoubleBottom+MonthlyStage2,Uptrend,True,False,Tight-Above-MAs,True,Stage2,4,Bear,Choppy,1608.9,2783.67,1173.0,1367.57,3336.22,4394.34,4650.87,3939.08,173.1,65.3,19.38,,3.32,1.07,11.35,58.0,14.47,,0,none,16.5,21.8,-0.34,26.0,-0.34,18.36,11.08,-1.19,6.19,8.9,-5.31,18.07,10.48,-10.7,0.15,highly inconsistent earnings,0.04,,6.86,,113.22,5.34,62.06,0.0,,0.41,-0.57,2.51,0.96,1706.0,1220.1,5.7,31.9,13.61,0.07,0.28,-0.03,4,30.0,23.5,8.0,4.0,65.5,ACCUMULATE ⭐⭐⭐,Expected ~65% CAGR (2yr) | ROCE 22% | Nearly debt-free | Promoter 62% holding | OPM 26% | FCF yield 5.3%,Pattern still forming (not broken out),2-3 years,Medium,"yfinance, screener.in",100,51,,2026-06-06,2026-06-01,5,5.0,1,-3.0
GLOBAL,Global Education Limited,Consumer Defensive,Education & Training Services,513.0,Small-Cap,MonthlyStage2,Stage Change,1.0,24,10-EMA=92 | 30-EMA=78 | Above by 38.7% | MA turning=Yes,MonthlyCupHandle+MonthlyDoubleBottom+MonthlyStage2,Uptrend,True,False,Tight-Above-MAs,True,Stage2,15,Bear,Choppy,108.72,78.4,41.17,92.41,184.58,192.28,200.3,192.28,76.9,33.0,22.75,,4.16,5.46,16.31,99.0,-5.9,,0,none,22.0,29.2,-0.4,38.0,0.06,26.15,13.29,30.56,14.88,29.31,-7.14,4.17,26.58,9.4,0.15,highly inconsistent earnings,0.0,,3.75,,33.18,6.47,72.73,0.23,,0.4,-0.05,0.06,0.0,121.9,55.3,10.8,96.6,70.57,44.65,0.38,-0.7,5,30.0,24.5,4.0,7.0,65.5,ACCUMULATE ⭐⭐⭐,Expected ~33% CAGR (2yr) | ROE 22% | ROCE 29% | Nearly debt-free | Promoter 73% holding | OPM 38%,None identified,2-3 years,Medium,"yfinance, screener.in",100,112,,2026-06-06,2026-06-01,5,5.9,1,2.0
BLSE,BLS E-SERVICES LIMITED,Industrials,Specialty Business Services,2012.0,Small-Cap,MonthlyDoubleBottom,Forming,0.774,11,Sep 11mo | Mid rally 82% | Asymmetry 5%,,Uptrend,True,False,Tight-Above-MAs,True,Stage2,4,Bear,Choppy,229.68,231.7,124.3,195.23,356.3,538.37,813.48,538.37,134.4,53.1,35.06,,3.87,0.69,22.51,68.0,-50.0,,0,none,11.4,17.0,-5.7,7.0,0.43,5.14,5.98,115.41,66.32,77.2,16.95,51.1,87.22,11.7,0.15,highly inconsistent earnings,0.01,,2.85,,39.32,1.95,69.81,0.92,,0.46,-0.53,0.01,-0.1,232.5,124.3,1.2,84.8,31.25,,0.25,0.04,6,29.0,20.29,6.0,10.0,65.3,ACCUMULATE ⭐⭐⭐,Expected ~53% CAGR (2yr) | Revenue CAGR 66% | Profit CAGR 51% | Nearly debt-free | Promoter 70% holding | Piotroski F=6 (above average quality),Pattern still forming (not broken out),2-3 years,Medium,"yfinance, screener.in",100,29,,2026-06-06,2026-06-01,5,14.2,1,4.0
INDOTHAI,Indo Thai Securities Limited,Financial Services,Capital Markets,2921.0,Small-Cap,MonthlyDoubleBottom,Forming,0.878,30,Sep 30mo | Mid rally 95% | Asymmetry 7%,,Downtrend,False,False,Below-MAs,False,Stage2,12,Bear,Choppy,268.5,47.7,23.57,228.22,252.45,473.55,888.28,473.55,76.4,32.8,43.09,,10.27,0.49,,7.0,0.0,,0,none,28.6,34.6,0.66,83.0,4.43,65.09,21.98,285.19,135.13,36.43,725.0,87.58,48.96,,0.15,highly inconsistent earnings,0.08,,1.95,,,,56.5,-0.27,,1.22,-0.06,0.49,0.3,466.35,143.65,42.4,86.9,56.9,932.19,0.75,1.53,5,40.0,11.04,8.0,6.0,65.0,ACCUMULATE ⭐⭐⭐,Expected ~33% CAGR (2yr) | Revenue CAGR 135% | Profit CAGR 88% | ROE 29% | ROCE 35% | ROCE trend rising ↑,Pattern still forming (not broken out),2-3 years,Medium,"yfinance, screener.in",90,175,,2026-06-06,2026-06-01,5,0.0,1,-4.0
RADICO,Radico Khaitan Limited,Consumer Defensive,Beverages - Wineries & Distilleries,47125.0,Large-Cap,MonthlyDoubleBottom,Forming,0.7,13,Sep 13mo | Mid rally 71% | Asymmetry 1%,,Uptrend,True,False,Tight-Above-MAs,True,Stage2,15,Bear,Choppy,3490.7,146.19,85.13,2967.09,3441.7,4447.14,6747.66,4819.07,27.4,12.9,78.12,48.74,14.2,1.95,40.28,15.0,10.06,3889.25,20,strong_buy,20.3,24.2,0.89,17.0,0.03,8.84,,24.92,24.53,20.57,74.57,40.02,16.87,62.3,0.15,highly inconsistent earnings,0.21,,,,,,40.2,-0.01,,17.63,-2.19,27.35,3.32,3679.0,2500.0,5.1,39.6,33.5,123.69,0.16,0.24,3,32.0,19.9,3.0,10.0,64.9,ACCUMULATE ⭐⭐⭐,Expected ~13% CAGR (2yr) | Revenue CAGR 25% | Profit CAGR 40% | ROE 20% | ROCE 24% | ROCE trend rising ↑,High PE 78 | Earnings due 2026-07-30 | Pattern still forming (not broken out),3-4 years,Medium-High,"yfinance, screener.in",80,277,2026-07-30,2026-06-06,2026-06-01,5,-3.0,1,-4.0
CUMMINSIND,Cummins India Limited,Industrials,Specialty Industrial Machinery,163021.0,Large-Cap,MonthlyDoubleBottom,Forming,0.524,17,Sep 17mo | Mid rally 59% | Asymmetry 7%,,Uptrend,True,False,Uptrend,True,Stage2,4,Bear,Choppy,5784.0,1036.81,631.02,4916.4,3754.54,4728.41,5806.55,4669.14,,,68.97,50.68,20.65,2.83,51.13,112.0,-7.17,4817.3,23,buy,30.2,39.5,4.8,21.0,1.63,19.45,16.96,16.86,16.04,22.73,18.1,24.36,30.05,22.7,0.75,consistent growth,0.0,,3.32,,1341.12,0.82,51.0,0.0,,20.77,1.35,19.43,-1.17,6100.0,3212.2,5.2,80.1,70.62,187.37,0.24,0.53,7,40.0,15.79,-1.0,10.0,64.8,ACCUMULATE ⭐⭐⭐,Revenue CAGR 16% | Profit CAGR 24% | ROE 30% | ROCE 40% | ROCE trend rising ↑ | Nearly debt-free,High PE 69 | Earnings due 2026-08-06 | Pattern still forming (not broken out),3-4 years,Medium-High,"yfinance, screener.in",100,288,2026-08-06,2026-06-06,2026-06-01,5,10.1,1,-4.0
ASHAPURMIN,Ashapura Minechem Limited,Basic Materials,Other Industrial Metals & Mining,7064.0,Small-Cap,MonthlyDoubleBottom,Forming,1.0,13,Sep 13mo | Mid rally 127% | Asymmetry 0%,,Sideways-Above-MA,True,False,Constructive,True,Stage2,1,Bear,Choppy,702.75,41.64,18.35,597.34,1343.18,2092.67,3260.38,2092.67,197.8,72.6,17.61,,4.95,0.32,13.66,15.0,25.99,,0,none,28.0,20.7,1.34,11.0,0.51,9.86,,91.2,41.95,35.47,43.94,55.8,36.75,-20.1,0.15,highly inconsistent earnings,0.86,,,,,,48.03,0.15,,19.5,0.25,0.33,-0.05,924.9,366.1,24.0,92.0,32.6,277.37,0.42,0.6,3,32.0,17.5,8.0,7.0,64.5,ACCUMULATE ⭐⭐⭐,Expected ~73% CAGR (2yr) | Revenue CAGR 42% | Profit CAGR 56% | ROE 28% | ROCE 21% | ROCE trend rising ↑,Pattern still forming (not broken out),3-4 years,Medium-High,"yfinance, screener.in",80,366,,2026-06-06,2026-06-01,5,10.1,1,-4.0
DRCSYSTEMS,DRC Systems India Limited,Technology,Information Technology Services,216.0,Micro-Cap,MonthlyDoubleBottom,Forming,1.0,32,Sep 32mo | Mid rally 201% | Asymmetry 2%,,Downtrend,False,False,Below-MAs,False,Downtrend,0,Bear,Choppy,14.73,34.9,11.5,12.52,64.61,90.12,125.71,90.12,511.8,147.3,10.69,,1.92,0.27,7.56,0.0,,,0,none,22.6,25.2,-1.8,28.0,4.1,20.17,10.52,47.69,54.56,,26.67,39.49,,17.0,0.15,highly inconsistent earnings,0.0,,0.48,,38.65,17.93,20.63,0.0,,0.0,0.0,0.35,0.0,23.68,11.5,37.8,28.1,-12.0,-7.12,0.09,0.59,5,40.0,11.5,13.0,0.0,64.5,ACCUMULATE ⭐⭐⭐,Expected ~147% CAGR (2yr) | Revenue CAGR 55% | Profit CAGR 39% | ROE 23% | ROCE 25% | Nearly debt-free,Pattern still forming (not broken out),3-4 years,Medium-High,"yfinance, screener.in",100,64,,2026-06-06,2026-06-01,5,-6.9,1,-4.0
IPCALAB,Ipca Laboratories Limited,Healthcare,Drug Manufacturers - Specialty & Generic,38675.0,Large-Cap,MonthlyStage2,Stage Change,1.0,24,10-EMA=1509 | 30-EMA=1371 | Above by 20.8% | MA turning=Yes,MonthlyDoubleBottom+MonthlyStage2,Uptrend,True,True,Uptrend,True,Stage2,5,Bear,Choppy,1656.2,1371.34,1124.94,1407.77,3468.21,3484.35,6340.48,4689.36,110.4,45.0,33.9,23.57,4.7,0.96,18.46,39.0,-20.63,1676.82,17,buy,16.0,17.3,-2.37,21.0,-1.43,11.62,8.99,8.42,15.85,12.32,50.83,35.21,0.74,341.0,0.15,highly inconsistent earnings,0.09,,2.76,,860.21,2.22,44.72,0.0,,10.63,0.01,37.13,0.14,1678.3,1251.6,1.3,32.3,27.05,101.6,0.96,,5,26.0,22.5,10.0,6.0,64.5,ACCUMULATE ⭐⭐⭐,Expected ~45% CAGR (2yr) | Revenue CAGR 16% | Profit CAGR 35% | Nearly debt-free | Margin compressing ↓ ⚠️ | Piotroski F=5 (above average quality),Margin compression ↓ | Earnings due 2026-08-10,3-4 years,Medium-High,"yfinance, screener.in",100,365,2026-08-10,2026-06-06,2026-06-01,5,0.0,1,-4.0
TALBROAUTO,Talbros Automotive Components Limited,Consumer Cyclical,Auto Parts,2132.0,Small-Cap,MonthlyStage2,Stage Change,1.0,24,10-EMA=288 | 30-EMA=264 | Above by 25.3% | MA turning=Yes,MonthlyDoubleBottom+MonthlyStage2,Uptrend,True,False,Tight-Above-MAs,True,Stage2,3,Bear,Choppy,330.5,263.85,215.33,280.93,920.9,1131.97,1391.42,1131.97,242.5,85.1,20.5,,2.87,0.89,15.39,22.0,11.87,,0,none,15.1,18.6,1.0,16.0,0.74,11.97,6.38,5.2,10.38,14.4,10.64,22.92,21.67,18.9,0.15,highly inconsistent earnings,0.11,,1.96,,20.53,0.96,58.43,0.0,,0.49,-0.12,0.09,0.0,372.8,219.9,11.3,50.3,17.11,101.14,0.7,0.38,7,26.0,24.5,10.0,4.0,64.5,ACCUMULATE ⭐⭐⭐,Expected ~85% CAGR (2yr) | Profit CAGR 23% | ROCE trend rising ↑ | Low D/E 0.11 | Promoter 58% holding | Piotroski F=7 (high quality compounder),None identified,3-4 years,Medium-High,"yfinance, screener.in",100,237,,2026-06-06,2026-06-01,5,0.0,1,-4.0
WEBELSOLAR,Websol Energy System Limited,Technology,Solar,4744.0,Small-Cap,MonthlyStage2,Stage Change,1.0,24,10-EMA=98 | 30-EMA=89 | Above by 18.0% | MA turning=Yes,MonthlyDoubleBottom+MonthlyStage2,Sideways-Above-MA,True,False,Constructive,True,Downtrend,0,Bear,Choppy,105.57,89.5,55.32,89.73,553.6,1352.45,3304.03,1352.45,1181.1,257.9,15.65,,11.79,0.11,11.49,0.0,0.0,,0,none,66.9,63.2,,41.0,-3.0,28.87,31.73,82.43,,,95.48,,,157.9,0.5,insufficient history,0.21,,2.94,,-57.61,-1.21,29.72,2.01,,4.12,-1.28,0.32,0.01,157.3,50.4,32.9,109.5,-11.47,1101.29,0.58,0.33,4,35.0,17.5,12.0,0.0,64.5,ACCUMULATE ⭐⭐⭐,Expected ~258% CAGR (2yr) | Revenue CAGR 132% | Profit CAGR 144% | ROE 67% | ROCE 63% | Low D/E 0.21,Margin compression ↓,3-4 years,Medium-High,"yfinance, screener.in",80,229,,2026-06-06,2026-06-01,5,0.0,1,-4.0
ZENTEC,Zen Technologies Limited,Industrials,Aerospace & Defense,14971.0,Mid-Cap,MonthlyStage2,Stage Change,1.0,24,10-EMA=1486 | 30-EMA=1341 | Above by 16.6% | MA turning=Yes,MonthlyCupHandle+MonthlyDoubleBottom+MonthlyStage2,Uptrend,True,False,Tight-Above-MAs,True,Stage2,4,Bear,Choppy,1564.5,1341.26,1043.83,1329.83,1186.72,1853.91,3167.31,1938.74,18.5,8.9,77.54,32.0,8.33,1.22,59.43,6.0,171.44,1726.67,6,buy,10.7,16.2,5.51,36.0,6.11,28.13,6.62,-29.36,46.46,65.75,-27.09,63.37,135.65,-68.8,0.15,highly inconsistent earnings,0.01,,8.86,,374.0,2.5,48.51,0.0,,5.99,0.45,10.06,2.2,2268.0,1223.0,31.0,27.9,-13.21,252.5,0.86,0.07,6,36.0,24.5,4.0,0.0,64.5,ACCUMULATE ⭐⭐⭐,Expected ~9% CAGR (2yr) | Revenue CAGR 46% | Profit CAGR 63% | ROCE trend rising ↑ | Nearly debt-free | OPM 36%,High PE 78,3-4 years,Medium-High,"yfinance, screener.in",100,135,,2026-06-06,2026-06-01,5,0.0,1,-4.0
DJML,DJ Mediaprint & Logistics Limited,Industrials,Specialty Business Services,347.0,Micro-Cap,MonthlyStage2,Stage Change,1.0,24,10-EMA=96 | 30-EMA=94 | Above by 18.6% | MA turning=No,MonthlyDoubleBottom+MonthlyStage2,Uptrend,True,True,Uptrend,True,Stage2,4,Bear,Choppy,111.29,93.86,69.5,94.6,266.01,586.02,1291.01,586.02,426.6,129.5,33.18,,4.03,0.28,15.63,10.0,50.0,,0,none,14.2,16.6,2.0,19.0,-2.5,7.91,8.88,68.29,,,57.14,,,129.0,1.0,steady compounder (low CV),0.43,,5.84,,-28.65,-8.26,56.17,0.65,,0.05,0.05,0.0,0.0,126.96,52.0,12.3,114.0,4.53,92.59,1.36,-0.3,4,29.0,22.5,11.0,2.0,64.5,ACCUMULATE ⭐⭐⭐,Expected ~130% CAGR (2yr) | Revenue CAGR 91% | Profit CAGR 120% | ROCE trend rising ↑ | Promoter 56% holding | Margin compressing ↓ ⚠️,Margin compression ↓,3-4 years,Medium-High,"yfinance, screener.in",80,43,,2026-06-06,2026-06-01,5,16.6,1,-1.5
NBCC,NBCC (India) Limited,Industrials,Engineering & Construction,27070.0,Mid-Cap,MonthlyStage2,Stage Change,1.0,24,10-EMA=100 | 30-EMA=92 | Above by 16.2% | MA turning=Yes,MonthlyCupHandle+MonthlyDoubleBottom+MonthlyStage2,Sideways-Above-MA,True,True,Constructive,True,Stage2,4,Bear,Choppy,106.36,91.55,71.92,90.41,141.44,196.19,272.14,196.19,84.5,35.8,37.55,32.34,9.01,0.97,20.06,68.0,-30.66,124.5,2,none,24.1,31.0,3.03,5.0,0.63,5.46,4.29,7.06,13.24,13.14,33.21,38.71,25.33,37.2,0.4,lumpy earner,0.0,,1.18,,992.51,3.67,61.75,0.0,,4.99,-0.21,10.75,-1.5,130.7,77.18,18.6,37.8,4.62,236.86,0.81,0.67,5,38.0,18.5,6.0,2.0,64.5,ACCUMULATE ⭐⭐⭐,Expected ~36% CAGR (2yr) | Profit CAGR 39% | ROE 24% | ROCE 31% | ROCE trend rising ↑ | Nearly debt-free,None identified,3-4 years,Medium-High,"yfinance, screener.in",100,171,,2026-06-06,2026-06-01,5,14.3,1,0.0
PREMEXPLN,Premier Explosives Limited,Basic Materials,Specialty Chemicals,3714.0,Small-Cap,MonthlyStage2,Stage Change,1.0,24,10-EMA=569 | 30-EMA=474 | Above by 44.5% | MA turning=Yes,MonthlyCupHandle+MonthlyDoubleBottom+MonthlyStage2,Uptrend,True,False,Constructive,True,Stage2,1,Bear,Choppy,685.65,474.44,333.32,582.8,321.78,615.56,1128.95,602.72,,,86.21,,13.43,0.99,77.16,7.0,18.56,,0,none,20.2,24.0,4.6,10.0,1.37,11.52,,-6.95,24.31,20.61,58.62,87.31,33.13,-34.1,0.15,highly inconsistent earnings,0.1,,,,,,41.33,0.0,,1.18,0.27,9.17,-0.06,779.5,378.4,12.0,81.2,62.01,222.23,0.42,1.13,3,30.0,21.5,5.0,8.0,64.5,ACCUMULATE ⭐⭐⭐,Revenue CAGR 24% | Profit CAGR 87% | ROE 20% | ROCE 24% | ROCE trend rising ↑ | Low D/E 0.10,High PE 86,3-4 years,Medium-High,"yfinance, screener.in",80,121,,2026-06-06,2026-06-01,5,30.7,1,4.0
BANCOINDIA,Banco Products (India) Limited,Consumer Cyclical,Auto Parts,9387.0,Mid-Cap,MonthlyDoubleBottom,Forming,0.71,8,Sep 8mo | Mid rally 75% | Asymmetry 4%,,Sideways,False,False,Constructive,True,Stage2,3,Bear,Choppy,655.45,41.16,23.09,557.13,1974.17,2504.82,3178.12,2504.82,282.2,95.5,20.41,,5.74,0.76,12.9,244.0,-10.07,,0,none,31.2,30.9,2.43,17.0,1.11,12.06,13.66,21.26,18.66,20.51,22.96,26.88,33.42,-4.0,0.75,consistent growth,0.36,,2.25,,44.46,0.47,67.88,0.0,,4.06,0.06,0.22,0.0,879.8,502.0,25.5,30.6,18.99,295.42,0.09,,7,40.0,11.52,10.0,2.0,63.5,ACCUMULATE ⭐⭐⭐,Expected ~96% CAGR (2yr) | Revenue CAGR 19% | Profit CAGR 27% | ROE 31% | ROCE 31% | ROCE trend rising ↑,Pattern still forming (not broken out),3-4 years,Medium-High,"yfinance, screener.in",100,235,,2026-06-06,2026-06-01,5,11.0,1,-5.0
HONASA,Honasa Consumer Limited,Consumer Defensive,Household & Personal Products,13228.0,Mid-Cap,MonthlyStage2,Stage Change,0.493,24,10-EMA=311 | 30-EMA=330 | Above by 7.4% | MA turning=Yes,,Uptrend,True,False,Tight-Above-MAs,True,Stage2,15,Bear,Choppy,354.5,330.08,215.43,301.32,974.66,1580.09,5738.25,2364.92,345.7,111.1,66.19,44.83,10.37,0.46,63.37,0.0,,402.85,13,buy,15.7,19.2,3.3,10.0,43.17,8.36,6.17,15.72,17.01,39.06,173.97,142.64,,177.0,0.2,multiple loss years in history,0.1,,1.69,,159.64,1.21,35.54,0.0,,13.74,-0.88,19.24,0.6,424.9,248.4,16.6,42.7,21.81,,0.37,0.53,7,29.0,18.42,8.0,8.0,63.4,ACCUMULATE ⭐⭐⭐,Expected ~111% CAGR (2yr) | Revenue CAGR 17% | Profit CAGR 143% | ROCE trend rising ↑ | Nearly debt-free | Piotroski F=7 (high quality compounder),High PE 66,3-4 years,Medium-High,"yfinance, screener.in",100,31,,2026-06-06,2026-06-01,5,0.0,1,-4.0
INOXINDIA,INOX India Limited,Industrials,Specialty Industrial Machinery,13556.0,Mid-Cap,MonthlyCupHandle,Forming,0.865,23,Cup 23mo | Depth 29% | Prior gain 47% | R²=0.98,MonthlyCupHandle+MonthlyDoubleBottom,Uptrend,True,False,Tight-Above-MAs,True,Stage2,4,Bear,Choppy,1428.9,1485.7,1055.87,1214.57,1102.2,1915.53,1547.99,1306.21,34.1,15.8,52.63,35.14,12.13,2.84,39.83,13.0,,1700.0,3,strong_buy,26.2,33.5,0.71,21.0,-0.17,16.25,10.24,21.52,18.0,21.72,14.16,18.51,21.86,14.8,0.75,consistent growth,0.07,,1.79,,-59.99,-0.44,75.0,0.0,,7.13,-0.01,7.72,0.45,1615.9,1065.0,11.6,34.2,24.08,,1.76,0.69,5,34.0,22.38,1.0,6.0,63.4,ACCUMULATE ⭐⭐⭐,Expected ~16% CAGR (2yr) | Revenue CAGR 18% | ROE 26% | ROCE 34% | ROCE trend rising ↑ | Nearly debt-free,High PE 53 | Pattern still forming (not broken out),3-4 years,Medium-High,"yfinance, screener.in",100,30,,2026-06-06,2026-06-01,5,0.0,1,-4.0
ADANIPORTS,Adani Ports and Special Economic Zone Limited,Industrials,Marine Shipping,415772.0,Large-Cap,MonthlyCupHandle,Forming,0.784,21,Cup 21mo | Depth 33% | Prior gain 76% | R²=0.99,MonthlyCupHandle+MonthlyDoubleBottom,Uptrend,True,False,Tight-Above-MAs,True,Stage2,4,Bear,Choppy,1824.2,1786.6,1202.57,1550.57,2828.45,3034.04,5028.86,3771.46,66.3,29.0,30.96,23.28,4.32,0.93,21.16,42.0,11.87,1927.92,25,strong_buy,16.4,14.1,0.34,59.0,-0.91,33.06,6.76,27.11,22.93,25.28,15.56,33.34,20.41,10.4,0.15,highly inconsistent earnings,0.64,,1.39,,-3192.01,-0.77,68.02,0.0,,13.25,0.15,13.86,-0.03,1842.8,1290.5,1.0,41.4,38.51,119.97,0.23,0.5,4,25.0,21.41,7.0,10.0,63.4,ACCUMULATE ⭐⭐⭐,Expected ~29% CAGR (2yr) | Revenue CAGR 23% | Profit CAGR 33% | ROCE trend rising ↑ | Promoter 68% holding | OPM 59%,Margin compression ↓ | Earnings due 2026-04-30 | Pattern still forming (not broken out),3-4 years,Medium-High,"yfinance, screener.in",100,224,2026-04-30,2026-06-06,2026-06-01,5,3.5,1,-3.0
BSE,BSE Limited,Financial Services,Financial Data & Stock Exchanges,168385.0,Large-Cap,None,,0.0,0,,,Uptrend,True,False,Uptrend,True,Stage2,12,Bear,Choppy,3880.0,,,3298.0,2460.87,5071.34,12950.16,5645.23,30.7,14.3,78.13,41.4,21.42,0.6,39.38,24.0,19.43,4210.5,14,buy,44.8,58.0,10.2,64.0,6.26,48.73,20.81,50.5,73.54,50.31,88.12,129.4,77.29,62.9,0.15,highly inconsistent earnings,0.0,,1.53,,5136.78,3.05,,,,19.42,1.97,25.09,1.35,4446.8,2021.5,12.7,91.9,65.5,1353.64,,0.3,6,40.0,9.0,6.0,8.0,63.0,ACCUMULATE ⭐⭐⭐,Expected ~14% CAGR (2yr) | Revenue CAGR 74% | Profit CAGR 129% | ROE 45% | ROCE 58% | ROCE trend rising ↑,High PE 78,3-4 years,Medium-High,"yfinance, screener.in",90,113,,2026-06-06,2026-06-01,5,-7.4,1,-6.0
BLS,BLS International Services Limited,Industrials,Specialty Business Services,10741.0,Mid-Cap,MonthlyDoubleBottom,Forming,1.0,11,Sep 11mo | Mid rally 150% | Asymmetry 3%,,Downtrend,False,False,Below-MAs,False,Stage2,4,Bear,Choppy,261.1,69.59,27.34,221.94,914.97,1395.6,2128.7,1395.6,434.5,131.2,15.67,12.13,4.36,0.3,12.18,115.0,38.67,330.0,1,strong_buy,32.7,29.3,3.57,27.0,4.2,22.9,13.79,36.71,25.52,44.37,34.07,52.53,70.67,31.6,0.75,consistent growth,0.15,,2.91,,448.12,4.17,70.39,0.0,,6.14,-0.23,2.99,0.07,418.7,218.9,37.6,19.3,-24.96,-9.36,0.1,-0.2,7,40.0,11.0,12.0,0.0,63.0,ACCUMULATE ⭐⭐⭐,Expected ~131% CAGR (2yr) | Revenue CAGR 26% | Profit CAGR 53% | ROE 33% | ROCE 29% | ROCE trend rising ↑,Pattern still forming (not broken out),3-4 years,Medium-High,"yfinance, screener.in",100,121,,2026-06-06,2026-06-01,5,-0.3,1,-4.0
LALPATHLAB,Dr. Lal PathLabs Limited,Healthcare,Diagnostics & Research,26840.0,Mid-Cap,MonthlyStage2,Breaking Out,1.0,24,10-EMA=1472 | 30-EMA=1405 | Above by 21.3% | MA turning=Yes,MonthlyDoubleBottom+MonthlyStage2,Sideways-Above-MA,True,False,Constructive,True,Stage2,5,Bear,Choppy,1703.7,1404.72,1142.76,1448.14,2120.16,2307.65,3494.88,2722.08,35.4,16.4,50.75,39.02,11.23,1.79,32.91,87.0,-16.45,1686.0,26,buy,22.5,28.3,-0.51,28.0,0.17,18.27,13.23,12.27,11.06,11.81,3.66,28.39,11.5,-15.2,0.15,highly inconsistent earnings,0.08,,3.48,,400.37,1.49,53.21,0.0,,17.18,-3.11,21.37,2.17,1770.0,1272.6,3.7,33.9,30.64,32.18,2.5,0.11,6,33.0,20.0,2.0,8.0,63.0,ACCUMULATE ⭐⭐⭐,Expected ~16% CAGR (2yr) | Profit CAGR 28% | ROE 22% | ROCE 28% | Nearly debt-free | Promoter 53% holding,High PE 51 | Earnings due 2026-04-30,3-4 years,Medium-High,"yfinance, screener.in",100,126,2026-04-30,2026-06-06,2026-06-01,5,0.0,1,-4.0
PARAS,Paras Defence and Space Technologies Limited,Industrials,Aerospace & Defense,6603.0,Small-Cap,MonthlyStage2,Breaking Out,1.0,24,10-EMA=766 | 30-EMA=762 | Above by 26.0% | MA turning=No,MonthlyDoubleBottom+MonthlyStage2,Uptrend,True,True,Uptrend,True,Stage2,4,Bear,Choppy,960.15,761.89,437.01,816.13,621.78,1086.77,1136.9,840.78,13.2,6.4,75.17,49.36,9.83,2.13,54.0,6.0,,703.0,1,none,12.6,16.9,0.97,25.0,-1.17,18.49,7.12,30.68,29.04,27.24,45.9,35.22,40.95,74.3,0.15,highly inconsistent earnings,0.04,,3.23,,55.19,0.84,53.2,0.0,,5.06,0.14,1.24,-0.04,942.0,580.5,-1.9,65.4,50.87,22.84,1.66,0.62,5,32.0,24.0,-1.0,8.0,63.0,ACCUMULATE ⭐⭐⭐,Expected ~6% CAGR (2yr) | Revenue CAGR 29% | Profit CAGR 35% | ROCE trend rising ↑ | Nearly debt-free | Promoter 53% holding,High PE 75 | Margin compression ↓,3-4 years,Medium-High,"yfinance, screener.in",100,57,,2026-06-06,2026-06-01,5,25.8,1,0.5
HINDZINC,Hindustan Zinc Limited,Basic Materials,Other Industrial Metals & Mining,267442.0,Large-Cap,MonthlyCupHandle,Forming,0.908,22,Cup 22mo | Depth 32% | Prior gain 63% | R²=0.95,MonthlyCupHandle+MonthlyDoubleBottom,Uptrend,True,False,Tight-Above-MAs,True,Stage2,1,Bear,Choppy,632.6,665.61,449.98,537.71,774.03,881.24,929.44,848.18,39.3,18.0,19.34,14.38,11.82,2.02,11.9,332.0,-40.42,655.19,16,none,76.8,69.6,7.7,54.0,-0.17,35.29,29.72,19.84,6.2,12.54,33.6,9.58,11.63,67.6,0.15,highly inconsistent earnings,0.39,,1.47,,10300.62,3.85,60.71,-1.13,,2.39,0.85,4.84,0.16,733.0,413.5,13.7,53.0,53.43,112.19,0.51,0.66,4,31.0,22.9,1.0,8.0,62.9,ACCUMULATE ⭐⭐⭐,Expected ~18% CAGR (2yr) | ROE 77% | ROCE 70% | ROCE trend rising ↑ | Promoter 61% holding | OPM 54%,Earnings due 2026-07-17 | Pattern still forming (not broken out),3-4 years,Medium-High,"yfinance, screener.in",100,286,2026-07-17,2026-06-06,2026-06-01,5,0.0,1,-4.0
GPTINFRA,GPT Infraprojects Limited,Industrials,Engineering & Construction,1460.0,Small-Cap,MonthlyStage2,Stage Change,0.68,24,10-EMA=113 | 30-EMA=105 | Above by 10.2% | MA turning=Yes,,Uptrend,True,False,Tight-Above-MAs,True,Stage2,4,Bear,Choppy,115.19,104.53,89.91,97.91,408.76,604.43,893.78,604.43,424.7,129.1,15.0,,2.67,0.31,9.55,346.0,0.0,,0,none,17.3,21.3,1.91,14.0,-0.06,7.54,8.18,8.59,16.83,16.2,31.08,47.87,37.14,31.5,0.4,lumpy earner,0.5,,1.59,,-24.47,-1.68,69.37,0.0,,2.72,0.14,7.03,-0.07,145.0,96.22,20.6,19.7,-2.68,202.77,0.1,-0.07,5,29.0,20.66,12.0,1.0,62.7,ACCUMULATE ⭐⭐⭐,Expected ~129% CAGR (2yr) | Revenue CAGR 17% | Profit CAGR 48% | ROCE 21% | ROCE trend rising ↑ | Promoter 69% holding,None identified,3-4 years,Medium-High,"yfinance, screener.in",100,120,,2026-06-06,2026-06-01,5,-1.7,1,-7.0
CLSEL,Chaman Lal Setia Exports Ltd.,Consumer Defensive,Packaged Foods,1406.0,Small-Cap,MonthlyCupHandle,Forming,0.762,12,Cup 12mo | Depth 27% | Prior gain 42% | R²=0.98,MonthlyCupHandle+MonthlyStage2,Uptrend,True,False,Uptrend,True,Stage2,15,Bear,Choppy,278.85,382.7,277.5,263.62,2245.38,3507.29,5478.38,3507.29,1157.8,254.7,12.24,,1.85,0.22,8.67,88.0,75.0,,0,none,14.61,,,11.85,,7.97,9.47,16.5,,,56.2,,,55.9,0.5,insufficient history,0.1,,6.94,,95.41,6.79,74.05,0.0,,3.08,0.0,1.58,-0.02,395.75,203.75,29.5,36.9,-6.21,35.9,0.09,0.5,4,32.0,18.64,12.0,0.0,62.6,ACCUMULATE ⭐⭐⭐,Expected ~255% CAGR (2yr) | Revenue CAGR 16% | Profit CAGR 56% | Nearly debt-free | Promoter 74% holding | FCF yield 6.8%,Pattern still forming (not broken out),3-4 years,Medium-High,"yfinance, screener.in",70,62,,2026-06-06,2026-06-01,5,7.9,1,-2.1
EICHERMOT,Eicher Motors Limited,Consumer Cyclical,Auto Manufacturers,197007.0,Large-Cap,MonthlyDoubleBottom,Forming,1.0,43,Sep 43mo | Mid rally 123% | Asymmetry 5%,,Downtrend,False,False,Constructive,False,Stage2,3,Bear,Choppy,7070.0,3131.16,1371.92,6009.5,11470.54,11642.51,17549.03,14187.91,64.7,28.3,35.71,27.07,7.84,1.51,33.06,98.0,49.38,7824.42,36,buy,24.0,30.5,3.14,25.0,1.11,23.56,10.42,24.05,17.47,21.83,16.5,23.69,32.57,11.6,0.4,lumpy earner,0.02,,1.9,,3151.76,1.6,49.06,0.0,,26.77,-0.24,14.73,0.09,8230.0,5219.5,14.1,35.5,36.62,99.24,0.26,0.3,7,38.0,13.5,3.0,8.0,62.5,ACCUMULATE ⭐⭐⭐,Expected ~28% CAGR (2yr) | Revenue CAGR 17% | Profit CAGR 24% | ROE 24% | ROCE 30% | ROCE trend rising ↑,Earnings due 2026-07-30 | Pattern still forming (not broken out),3-4 years,Medium-High,"yfinance, screener.in",100,366,2026-07-30,2026-06-06,2026-06-01,5,2.7,1,-10.0
NMDC,NMDC Limited,Basic Materials,Steel,77359.0,Large-Cap,MonthlyDoubleBottom,Forming,1.0,30,Sep 30mo | Mid rally 140% | Asymmetry 1%,,Uptrend,True,True,Uptrend,True,Stage2,1,Bear,Choppy,92.9,21.51,8.94,78.97,212.44,173.17,256.96,233.64,86.4,36.5,10.39,9.26,2.27,1.04,6.72,398.0,4.35,82.47,19,hold,23.4,27.6,-1.94,29.0,-5.29,22.2,14.37,34.15,21.99,15.85,14.26,9.98,3.49,37.2,0.15,highly inconsistent earnings,0.19,,2.43,,-465.81,-0.6,60.79,0.0,,13.6,0.12,13.76,-0.3,94.25,66.8,1.4,39.1,42.77,153.17,0.71,,4,23.0,22.5,9.0,8.0,62.5,ACCUMULATE ⭐⭐⭐,Expected ~36% CAGR (2yr) | Revenue CAGR 22% | ROE 23% | ROCE 28% | Low D/E 0.19 | Promoter 61% holding,Margin compression ↓ | Earnings due 2026-08-12 | Pattern still forming (not broken out),3-4 years,Medium-High,"yfinance, screener.in",100,220,2026-08-12,2026-06-06,2026-06-01,5,4.4,1,-6.0
JSLL,JEENA SIKHO LIFECARE LTD,Healthcare,Medical Care Facilities,7644.0,Small-Cap,MonthlyDoubleBottom,Forming,1.0,27,Sep 27mo | Mid rally 354% | Asymmetry 6%,,Downtrend,False,False,Below-MAs,True,Stage2,5,Bear,Choppy,654.35,2495.23,534.4,556.2,4821.24,24332.81,122807.71,24332.81,3618.6,509.8,35.96,13.82,21.6,0.09,26.32,18.0,31.58,1200.0,1,none,31.2,,,30.0,9.0,29.35,,128.78,,,135.29,,,404.6,1.0,steady compounder (low CV),0.3,,,,,,63.62,0.0,,6.17,-0.14,0.46,0.35,2129.0,400.25,69.3,63.5,61.38,125.56,1.45,1.19,2,36.0,12.5,8.0,6.0,62.5,ACCUMULATE ⭐⭐⭐,Expected ~510% CAGR (2yr) | Revenue CAGR 92% | Profit CAGR 405% | ROE 31% | Promoter 64% holding | OPM 30%,Pattern still forming (not broken out),3-4 years,Medium-High,"yfinance, screener.in",50,49,,2026-06-06,2026-06-01,5,0.0,1,-4.0
SUPRIYA,Supriya Lifescience Limited,Healthcare,Biotechnology,7796.0,Small-Cap,MonthlyStage2,Stage Change,1.0,24,10-EMA=682 | 30-EMA=606 | Above by 18.9% | MA turning=Yes,MonthlyDoubleBottom+MonthlyStage2,Sideways-Above-MA,True,True,Constructive,True,Stage2,5,Bear,Choppy,720.6,605.95,386.51,612.51,1487.3,2181.87,3200.81,2181.87,202.8,74.0,37.32,24.34,7.2,0.8,26.27,10.0,18.56,940.0,2,none,19.06,,,32.23,,25.26,13.45,50.2,,,46.7,,,47.3,0.5,insufficient history,0.01,,4.4,,-15.58,-0.2,68.3,0.0,,5.16,-0.03,5.7,0.7,968.7,545.5,25.6,32.1,9.5,169.45,0.46,0.45,4,33.0,18.5,6.0,5.0,62.5,ACCUMULATE ⭐⭐⭐,Expected ~74% CAGR (2yr) | Revenue CAGR 50% | Profit CAGR 47% | Nearly debt-free | Promoter 68% holding | OPM 32%,None identified,3-4 years,Medium-High,"yfinance, screener.in",70,54,,2026-06-06,2026-06-01,5,0.0,1,-4.0
TPLPLASTEH,TPL Plastech Limited,Consumer Cyclical,Packaging & Containers,570.0,Small-Cap,MonthlyDoubleBottom,Forming,1.0,24,Sep 24mo | Mid rally 165% | Asymmetry 1%,,Sideways-Above-MA,True,False,Constructive,True,Stage2,3,Bear,Choppy,63.73,133.28,50.01,54.17,174.01,216.55,258.65,212.15,239.8,84.3,20.52,,3.74,0.94,12.11,137.0,35.72,,0,none,18.4,22.3,1.2,11.0,0.03,6.88,10.56,21.2,16.0,14.39,20.83,21.92,21.4,18.0,0.15,highly inconsistent earnings,0.11,,2.08,,27.6,4.84,74.86,0.0,,0.5,0.05,0.04,-0.04,87.69,50.01,27.3,27.4,-13.24,37.9,0.95,0.05,7,33.0,18.5,10.0,1.0,62.5,ACCUMULATE ⭐⭐⭐,Expected ~84% CAGR (2yr) | Revenue CAGR 16% | Profit CAGR 22% | ROCE 22% | ROCE trend rising ↑ | Low D/E 0.11,Pattern still forming (not broken out),3-4 years,Medium-High,"yfinance, screener.in",100,133,,2026-06-06,2026-06-01,5,0.0,1,-4.0
V2RETAIL,V2 Retail Limited,Consumer Cyclical,Apparel Retail,8388.0,Mid-Cap,MonthlyDoubleBottom,Forming,1.0,33,Sep 33mo | Mid rally 505% | Asymmetry 6%,,Sideways-Above-MA,True,True,Constructive,True,Stage2,3,Bear,Choppy,226.03,55.56,8.93,192.13,707.65,1854.53,4860.16,1854.53,720.5,186.4,50.22,2.61,20.7,0.31,19.41,0.0,,,0,none,22.7,18.3,3.46,15.0,1.2,5.27,8.82,62.79,54.05,41.64,125.0,162.07,,172.0,0.2,multiple loss years in history,1.1,,1.44,,-457.08,-5.45,51.43,0.0,,2.62,-0.39,9.28,0.16,256.41,158.56,11.8,42.6,32.29,1585.11,1.0,,4,25.0,18.5,11.0,8.0,62.5,ACCUMULATE ⭐⭐⭐,Expected ~186% CAGR (2yr) | Revenue CAGR 54% | Profit CAGR 162% | ROE 23% | ROCE trend rising ↑ | Promoter 51% holding,High D/E 1.1 | High PE 50 | Pattern still forming (not broken out),3-4 years,Medium-High,"yfinance, screener.in",100,227,,2026-06-06,2026-06-01,5,0.0,1,-4.0
ASTRAMICRO,Astra Microwave Products Limited,Technology,Communication Equipment,13308.0,Mid-Cap,MonthlyDoubleBottom,Forming,1.0,34,Sep 34mo | Mid rally 178% | Asymmetry 8%,,Uptrend,True,True,Uptrend,True,Downtrend,0,Bear,Choppy,1419.5,54.67,18.86,1206.58,969.51,1359.82,1906.22,1359.45,,,68.98,43.36,11.44,1.72,45.08,18.0,16.26,1360.38,8,buy,16.0,20.2,2.17,29.0,3.71,14.82,,10.66,12.54,12.65,25.32,40.22,46.09,-1.3,0.4,lumpy earner,0.24,,,,,,6.54,0.0,,7.56,1.3,15.42,0.67,1433.0,851.0,0.9,66.8,53.91,264.6,0.83,0.45,3,30.0,21.5,1.0,10.0,62.5,ACCUMULATE ⭐⭐⭐,Profit CAGR 40% | ROCE 20% | ROCE trend rising ↑ | Low D/E 0.24 | OPM 29% | FII buying +1.3% ↑,High PE 69 | Pattern still forming (not broken out),3-4 years,Medium-High,"yfinance, screener.in",80,260,,2026-06-06,2026-06-01,5,29.9,1,-2.0
FILATEX,Filatex India Limited,Consumer Cyclical,Textile Manufacturing,2031.0,Small-Cap,MonthlyDoubleBottom,Forming,1.0,40,Sep 40mo | Mid rally 123% | Asymmetry 6%,MonthlyDoubleBottom+MonthlyStage2,Sideways-Above-MA,True,False,Constructive,True,Stage2,3,Bear,Choppy,51.85,77.41,33.85,44.07,390.46,566.24,821.16,566.24,992.1,230.5,11.08,3.44,2.11,0.25,4.76,62.0,35.72,,0,none,12.9,16.9,1.2,8.0,-0.11,4.33,,-2.14,29.23,26.63,36.57,45.02,47.74,16.6,1.0,steady compounder (low CV),0.1,,,,,,65.47,0.09,,4.22,-0.29,2.78,0.4,66.1,36.26,21.6,43.0,-0.3,17.51,0.6,0.04,2,32.0,18.5,12.0,0.0,62.5,ACCUMULATE ⭐⭐⭐,Expected ~230% CAGR (2yr) | Revenue CAGR 29% | Profit CAGR 45% | ROCE trend rising ↑ | Low D/E 0.10 | Promoter 65% holding,Pattern still forming (not broken out),3-4 years,Medium-High,"yfinance, screener.in",80,179,,2026-06-06,2026-06-01,5,22.4,1,-1.0
SHAILY,Shaily Engineering Plastics Limited,Basic Materials,Specialty Chemicals,13750.0,Mid-Cap,None,,0.0,0,,,Uptrend,True,False,Uptrend,True,Stage2,1,Bear,Choppy,3062.9,,,2603.47,1378.06,2807.31,3952.18,2333.74,,,81.3,38.41,21.62,1.17,49.62,7.0,100.0,3517.67,6,strong_buy,26.9,29.3,6.0,28.0,3.3,17.15,13.87,25.92,17.75,,82.8,69.35,,40.5,0.4,lumpy earner,0.25,,1.25,,-11.78,-0.09,43.39,0.0,,16.73,4.72,10.61,-3.03,3019.9,1535.9,-1.4,99.4,98.91,1036.84,,-0.22,5,39.0,9.0,4.0,10.0,62.0,ACCUMULATE ⭐⭐⭐,Revenue CAGR 18% | Profit CAGR 69% | ROE 27% | ROCE 29% | ROCE trend rising ↑ | Low D/E 0.25,High PE 81,3-4 years,Medium-High,"yfinance, screener.in",100,51,,2026-06-06,2026-06-01,5,16.2,1,-8.0
POLYCAB,Polycab India Limited,Industrials,Electrical Equipment & Parts,142684.0,Large-Cap,None,,0.0,0,,,Uptrend,True,False,Tight-Above-MAs,True,Stage2,4,Bear,Choppy,9699.0,,,8244.15,8375.25,10145.3,13779.97,10742.94,4.6,2.3,53.48,38.51,11.88,1.89,34.15,37.0,35.72,9248.84,31,buy,24.5,34.3,2.46,14.0,0.43,9.25,13.56,28.9,26.98,26.86,32.36,28.27,25.04,6.3,0.4,lumpy earner,0.03,,1.84,,1620.23,1.14,61.5,0.0,,18.21,3.39,7.95,-3.18,9747.0,5760.0,0.5,68.4,47.85,85.13,,0.61,7,40.0,11.0,1.0,10.0,62.0,ACCUMULATE ⭐⭐⭐,Expected ~2% CAGR (2yr) | Revenue CAGR 27% | Profit CAGR 28% | ROE 24% | ROCE 34% | ROCE trend rising ↑,High PE 53 | Earnings due 2026-07-16,3-4 years,Medium-High,"yfinance, screener.in",100,87,2026-07-16,2026-06-06,2026-06-01,5,5.9,1,-5.0
AVANTIFEED,Avanti Feeds Limited,Consumer Defensive,Packaged Foods,16399.0,Mid-Cap,MonthlyDoubleBottom,Forming,1.0,7,Sep 7mo | Mid rally 196% | Asymmetry 8%,,Sideways-Above-MA,True,False,Constructive,False,Stage2,15,Bear,Choppy,1110.6,715.67,232.83,944.01,2578.51,3305.14,4236.53,3305.14,197.6,72.5,27.1,20.33,5.45,0.96,18.22,69.0,12.92,1362.0,1,hold,20.2,25.9,0.83,12.0,0.6,10.57,,8.09,6.04,8.14,17.95,28.18,10.6,10.5,0.15,highly inconsistent earnings,0.0,,,,,,43.23,0.0,,7.63,-0.35,6.82,2.66,1593.8,614.25,30.3,80.8,70.94,164.75,0.16,0.15,2,28.0,17.0,10.0,7.0,62.0,ACCUMULATE ⭐⭐⭐,Expected ~72% CAGR (2yr) | Profit CAGR 28% | ROE 20% | ROCE 26% | ROCE trend rising ↑ | Nearly debt-free,Pattern still forming (not broken out),3-4 years,Medium-High,"yfinance, screener.in",80,198,,2026-06-06,2026-06-01,5,-12.4,1,-4.0
INFOBEAN,INFOBEANS TECHNO. LTD.,Technology,Software - Application,0.0,Micro-Cap,MonthlyDoubleBottom,Forming,1.0,7,Sep 7mo | Mid rally 176% | Asymmetry 6%,MonthlyCupHandle+MonthlyDoubleBottom+MonthlyStage2,Downtrend,False,False,Below-MAs,False,Downtrend,0,Bear,Choppy,152.27,36.64,12.9,129.43,410.11,550.37,738.6,550.37,261.4,90.1,16.74,,3.49,0.49,10.9,17.0,0.0,,0,none,23.2,29.2,0.37,22.0,-0.71,16.87,12.26,30.13,10.11,23.35,128.95,34.2,18.65,104.2,0.15,highly inconsistent earnings,0.04,,10.14,,44.87,,72.84,-1.56,,0.45,-0.1,0.2,-0.76,257.5,88.66,40.9,71.7,68.63,10.99,0.31,0.7,6,34.0,10.0,12.0,6.0,62.0,ACCUMULATE ⭐⭐⭐,Expected ~90% CAGR (2yr) | Profit CAGR 34% | ROE 23% | ROCE 29% | ROCE trend rising ↑ | Nearly debt-free,Margin compression ↓ | Pattern still forming (not broken out),3-4 years,Medium-High,"yfinance, screener.in",100,107,,2026-06-06,2026-06-01,5,0.0,1,-4.0
KRISHNADEF,KRISHNA DEF AND ALD IND L,Industrials,Specialty Industrial Machinery,1549.0,Small-Cap,None,,0.0,0,,,Uptrend,True,False,Uptrend,True,Stage2,4,Bear,Choppy,1171.6,,,995.86,1582.11,3190.33,6433.3,3190.33,172.3,65.0,53.76,,9.4,0.53,21.88,9.0,0.0,,0,none,25.4,30.4,6.5,21.0,2.2,16.66,22.82,26.29,56.43,,86.36,101.65,,72.9,1.0,steady compounder (low CV),0.01,,3.99,,72.6,4.69,59.96,-0.06,,0.61,0.45,2.06,0.86,1313.0,665.0,10.8,76.2,38.47,529.09,,,7,40.0,9.0,6.0,7.0,62.0,ACCUMULATE ⭐⭐⭐,Expected ~65% CAGR (2yr) | Revenue CAGR 56% | Profit CAGR 102% | ROE 25% | ROCE 30% | ROCE trend rising ↑,High PE 54,3-4 years,Medium-High,"yfinance, screener.in",100,50,,2026-06-06,2026-06-01,5,0.0,1,-4.0
GENUSPOWER,Genus Power Infrastructures Limited,Industrials,Electrical Equipment & Parts,8669.0,Mid-Cap,MonthlyDoubleBottom,Forming,1.0,23,Sep 23mo | Mid rally 136% | Asymmetry 2%,MonthlyDoubleBottom+MonthlyStage2,Uptrend,True,False,Constructive,True,Stage2,4,Bear,Choppy,308.4,482.57,202.74,262.14,2062.89,5637.87,15408.31,5637.87,1728.1,327.6,14.71,12.29,3.91,0.08,11.16,78.0,114.0,445.0,2,strong_buy,29.0,23.9,2.94,19.0,1.17,12.47,10.03,94.55,80.49,50.81,90.35,173.3,53.71,39.3,0.15,highly inconsistent earnings,1.04,,1.75,,-1130.65,-13.04,39.34,0.0,,18.89,0.15,3.34,0.13,430.0,206.36,28.3,49.4,-7.17,52.01,0.15,0.34,5,29.0,21.0,12.0,0.0,62.0,ACCUMULATE ⭐⭐⭐,Expected ~328% CAGR (2yr) | Revenue CAGR 80% | Profit CAGR 173% | ROE 29% | ROCE 24% | ROCE trend rising ↑,High D/E 1.0 | Pattern still forming (not broken out),3-4 years,Medium-High,"yfinance, screener.in",100,252,,2026-06-06,2026-06-01,5,-0.3,1,-1.0
GRWRHITECH,Garware Hi-Tech Films Limited,Basic Materials,Specialty Chemicals,14213.0,Mid-Cap,MonthlyStage2,Stage Change,1.0,24,10-EMA=4386 | 30-EMA=3452 | Above by 70.7% | MA turning=Yes,MonthlyCupHandle+MonthlyStage2,Uptrend,True,False,Tight-Above-MAs,True,Stage2,1,Bear,Choppy,5893.0,3452.47,2479.47,5009.05,3839.96,4867.15,6169.12,4867.15,,,42.02,33.58,5.35,1.57,30.95,20.0,6.27,,0,none,13.4,18.0,1.46,20.0,-0.0,15.95,8.55,0.52,13.81,16.47,2.11,26.75,21.82,39.1,0.15,highly inconsistent earnings,0.01,,4.43,,60.47,0.43,60.73,0.0,,3.98,0.02,5.28,-0.07,6166.0,2681.0,4.4,119.8,76.64,477.06,0.3,0.46,6,26.0,24.5,1.0,10.0,61.5,ACCUMULATE ⭐⭐⭐,Profit CAGR 27% | ROCE trend rising ↑ | Nearly debt-free | Promoter 61% holding | Piotroski F=6 (above average quality) | MonthlyStage2 forming (24mo base),None identified,3-4 years,Medium-High,"yfinance, screener.in",100,53,,2026-06-06,2026-06-01,5,6.4,1,-5.5
MPSLTD,MPS Limited,Communication Services,Publishing,3122.0,Small-Cap,MonthlyDoubleBottom,Forming,1.0,25,Sep 25mo | Mid rally 125% | Asymmetry 0%,,Sideways,False,False,Below-MAs,True,Downtrend,0,Bear,Choppy,1810.5,3013.89,1336.1,1538.92,3516.43,4691.68,4784.88,4101.92,159.1,61.0,18.02,14.72,6.37,1.08,12.98,451.0,40.38,2500.0,1,strong_buy,31.2,39.3,3.0,31.0,0.94,22.54,15.89,5.64,15.3,12.67,16.11,16.65,24.0,-0.1,0.4,lumpy earner,0.1,,1.45,,194.33,6.23,68.34,0.0,,1.47,-0.16,1.96,0.8,2975.0,1336.1,39.1,35.5,-15.91,64.8,0.3,0.41,6,40.0,14.5,7.0,0.0,61.5,ACCUMULATE ⭐⭐⭐,Expected ~61% CAGR (2yr) | Revenue CAGR 15% | ROE 31% | ROCE 39% | ROCE trend rising ↑ | Low D/E 0.10,Pattern still forming (not broken out),3-4 years,Medium-High,"yfinance, screener.in",100,288,,2026-06-06,2026-06-01,5,-1.0,1,-4.0
TATAELXSI,Tata Elxsi Limited,Technology,Software - Application,26697.0,Mid-Cap,MonthlyDoubleBottom,Forming,1.0,40,Sep 40mo | Mid rally 193% | Asymmetry 1%,,Sideways,False,False,Below-MAs,True,Downtrend,0,Bear,Choppy,4186.1,1365.89,463.42,3558.19,4721.5,5772.14,9633.4,6744.19,37.9,17.4,42.55,27.3,8.78,0.99,29.75,175.0,20.84,4314.07,15,none,39.3,60.0,7.09,21.0,0.97,16.73,12.47,9.55,16.35,16.95,41.67,42.84,15.79,27.8,0.15,highly inconsistent earnings,0.05,,3.92,,687.19,2.57,43.9,0.0,,11.08,2.52,11.39,-0.89,6735.0,3945.0,37.8,6.1,-25.19,-65.94,0.51,0.3,7,40.0,14.5,7.0,0.0,61.5,ACCUMULATE ⭐⭐⭐,Expected ~17% CAGR (2yr) | Revenue CAGR 16% | Profit CAGR 43% | ROE 39% | ROCE 60% | ROCE trend rising ↑,Earnings due 2026-07-09 | Pattern still forming (not broken out),3-4 years,Medium-High,"yfinance, screener.in",100,287,2026-07-09,2026-06-06,2026-06-01,5,0.0,1,-4.0
TEMBO,Tembo Global Industries Limited,Industrials,Metal Fabrication,933.0,Small-Cap,MonthlyStage2,Stage Change,1.0,24,10-EMA=567 | 30-EMA=488 | Above by 16.8% | MA turning=Yes,MonthlyCupHandle+MonthlyDoubleBottom+MonthlyStage2,Sideways,False,False,Below-MAs,True,Stage2,4,Bear,Choppy,569.65,487.8,226.64,484.2,3480.84,8831.58,22407.47,8831.58,1450.4,293.7,14.95,,3.72,0.1,8.99,32.0,-12.64,,0,none,27.5,22.8,3.54,13.0,1.49,7.77,,46.51,63.37,59.98,92.16,153.72,117.79,55.2,0.4,lumpy earner,0.99,,,,,,36.38,0.0,,8.58,-0.04,0.95,0.73,837.0,433.35,31.9,31.5,11.43,111.92,0.34,0.74,3,32.0,15.5,12.0,2.0,61.5,ACCUMULATE ⭐⭐⭐,Expected ~294% CAGR (2yr) | Revenue CAGR 63% | Profit CAGR 154% | ROE 28% | ROCE 23% | ROCE trend rising ↑,None identified,3-4 years,Medium-High,"yfinance, screener.in",80,94,,2026-06-06,2026-06-01,5,0.0,1,-4.0
TRITURBINE,Triveni Turbine Limited,Industrials,Specialty Industrial Machinery,23572.0,Mid-Cap,MonthlyStage2,Stage Change,1.0,24,10-EMA=546 | 30-EMA=520 | Above by 22.7% | MA turning=Yes,MonthlyDoubleBottom+MonthlyStage2,Uptrend,True,True,Uptrend,True,Stage2,4,Bear,Choppy,638.05,520.11,439.85,542.34,413.03,600.37,613.04,503.19,,,67.59,44.76,16.28,3.1,51.06,54.0,67.5,674.75,8,buy,27.1,35.9,3.54,21.0,0.26,16.03,11.52,8.72,20.45,25.41,-2.79,21.83,27.89,8.6,0.15,highly inconsistent earnings,0.03,,1.98,,-258.5,-1.1,55.84,0.0,,20.81,-1.57,16.52,1.92,787.6,428.35,19.0,49.0,12.77,37.09,1.48,0.38,6,35.0,22.5,0.0,4.0,61.5,ACCUMULATE ⭐⭐⭐,Revenue CAGR 20% | Profit CAGR 22% | ROE 27% | ROCE 36% | ROCE trend rising ↑ | Nearly debt-free,High PE 68,3-4 years,Medium-High,"yfinance, screener.in",100,176,,2026-06-06,2026-06-01,5,0.0,1,-4.0
AUROPHARMA,Aurobindo Pharma Limited,Healthcare,Drug Manufacturers - Specialty & Generic,82072.0,Large-Cap,MonthlyStage2,Stage Change,1.0,24,10-EMA=1306 | 30-EMA=1176 | Above by 24.4% | MA turning=Yes,MonthlyCupHandle+MonthlyDoubleBottom+MonthlyStage2,Uptrend,True,False,Tight-Above-MAs,True,Stage2,5,Bear,Choppy,1462.3,1175.92,1024.06,1242.95,3472.83,3147.3,5170.66,4237.55,115.2,46.7,23.64,16.11,2.19,1.07,11.71,28.0,-12.64,1511.93,29,buy,10.1,12.8,-0.49,20.0,0.17,10.41,5.86,6.08,10.63,6.32,0.55,22.02,-8.07,2.0,0.15,highly inconsistent earnings,0.21,,1.81,,1318.53,1.61,51.82,0.0,,15.24,1.29,25.82,-1.84,1550.0,1016.1,5.7,43.9,34.44,61.01,0.25,0.03,6,20.0,24.5,9.0,8.0,61.5,ACCUMULATE ⭐⭐⭐,Expected ~47% CAGR (2yr) | Profit CAGR 22% | Low D/E 0.21 | Promoter 52% holding | Piotroski F=6 (above average quality) | FII buying +1.3% ↑,Earnings due 2026-08-04,3-4 years,Medium-High,"yfinance, screener.in",100,366,2026-08-04,2026-06-06,2026-06-01,5,-3.3,1,-1.0
PRUDENT,Prudent Corporate Advisory Services Limited,Financial Services,Asset Management,11263.0,Mid-Cap,MonthlyCupHandle,Forming,0.839,19,Cup 19mo | Depth 25% | Prior gain 127% | R²=0.96,,Uptrend,True,False,Tight-Above-MAs,True,Stage2,12,Bear,Choppy,2696.9,3352.49,2515.37,2389.6,1420.76,4189.61,2177.53,1758.91,55.3,24.6,50.76,34.23,14.77,2.13,,9.0,35.72,3004.29,7,none,28.6,37.5,-1.49,24.0,-0.17,16.62,20.48,16.24,28.76,34.88,13.27,23.8,37.6,14.3,0.4,lumpy earner,0.04,,1.32,,,,55.31,0.0,,14.89,-1.43,23.58,1.45,3098.0,2121.0,12.9,27.2,-1.96,116.93,0.24,0.48,3,36.0,22.07,1.0,2.0,61.1,ACCUMULATE ⭐⭐⭐,Expected ~25% CAGR (2yr) | Revenue CAGR 29% | Profit CAGR 24% | ROE 29% | ROCE 38% | Nearly debt-free,High PE 51 | Pattern still forming (not broken out),3-4 years,Medium-High,"yfinance, screener.in",90,50,,2026-06-06,2026-06-01,5,-1.1,1,-2.1
SENCO,Senco Gold Limited,Consumer Cyclical,Luxury Goods,5672.0,Small-Cap,MonthlyDoubleBottom,Forming,0.325,8,Sep 8mo | Mid rally 41% | Asymmetry 8%,MonthlyDoubleBottom+MonthlyStage2,Uptrend,True,False,Constructive,True,Stage2,3,Bear,Choppy,350.75,403.94,276.0,298.14,3277.3,3209.31,7745.22,5038.19,815.0,202.5,9.87,14.0,2.69,0.18,8.1,51.0,14.47,466.0,6,buy,25.6,20.9,-0.29,11.0,0.37,6.81,9.39,33.22,27.4,25.95,261.01,53.73,56.57,151.3,0.15,highly inconsistent earnings,1.07,,1.54,,-224.74,-3.96,64.49,0.02,,7.6,-0.61,12.61,0.53,404.85,276.0,13.4,27.1,18.34,51.9,0.12,0.44,4,30.0,11.9,15.0,4.0,60.9,ACCUMULATE ⭐⭐⭐,Expected ~202% CAGR (2yr) | Revenue CAGR 27% | Profit CAGR 54% | ROE 26% | ROCE 21% | Promoter 64% holding,High D/E 1.1 | Pattern still forming (not broken out),3-4 years,Medium-High,"yfinance, screener.in",100,36,,2026-06-06,2026-06-01,5,4.7,1,0.0
STAR,Strides Pharma Science Limited,Healthcare,Drug Manufacturers - Specialty & Generic,10248.0,Mid-Cap,MonthlyDoubleBottom,Forming,1.0,26,Sep 26mo | Mid rally 276% | Asymmetry 1%,,Sideways-Above-MA,True,False,Constructive,False,Stage2,5,Bear,Choppy,1044.6,986.17,260.8,887.91,7882.68,20866.25,55235.06,20866.25,1897.5,346.9,18.42,11.46,3.72,0.11,12.79,36.0,100.0,1264.5,2,strong_buy,20.4,18.6,3.49,19.0,2.6,11.45,6.96,6.44,9.63,7.94,-84.02,164.71,-3.41,54.4,0.2,multiple loss years in history,0.56,,1.25,,32.17,0.31,27.91,0.05,,28.68,-0.84,14.44,1.42,1231.0,768.65,15.1,35.9,25.7,105.12,0.18,0.31,5,24.0,18.5,12.0,6.0,60.5,ACCUMULATE ⭐⭐⭐,Expected ~347% CAGR (2yr) | Profit CAGR 165% | ROE 20% | ROCE trend rising ↑ | Piotroski F=5 (above average quality) | DII buying +1.4% ↑,Pattern still forming (not broken out),3-4 years,Medium-High,"yfinance, screener.in",100,289,,2026-06-06,2026-06-01,5,-9.4,1,-12.0
NRBBEARING,NRB Bearings Limited,Consumer Cyclical,Auto Parts,3586.0,Small-Cap,MonthlyStage2,Stage Change,1.0,24,10-EMA=299 | 30-EMA=266 | Above by 45.1% | MA turning=Yes,MonthlyDoubleBottom+MonthlyStage2,Uptrend,True,True,Tight-Above-MAs,True,Stage2,3,Bear,Choppy,385.65,265.85,194.68,327.8,750.38,862.94,992.38,862.94,123.8,49.6,25.12,20.05,3.73,1.67,15.86,331.0,2.24,423.5,2,strong_buy,15.7,18.6,1.2,17.0,0.49,10.69,8.24,11.34,8.09,11.87,78.05,15.0,21.12,,0.15,highly inconsistent earnings,0.16,,2.26,,109.51,3.05,51.2,0.0,,14.69,0.57,10.06,-0.25,390.0,212.55,1.1,81.4,44.82,44.34,0.55,0.41,6,22.0,24.5,6.0,8.0,60.5,ACCUMULATE ⭐⭐⭐,Expected ~50% CAGR (2yr) | ROCE trend rising ↑ | Low D/E 0.16 | Promoter 51% holding | FCF yield 3.1% | Piotroski F=6 (above average quality),None identified,3-4 years,Medium-High,"yfinance, screener.in",100,288,,2026-06-06,2026-06-01,5,8.1,1,-3.5
RATEGAIN,RateGain Travel Technologies Limited,Technology,Software - Application,8815.0,Mid-Cap,MonthlyStage2,Stage Change,1.0,24,10-EMA=633 | 30-EMA=596 | Above by 27.3% | MA turning=Yes,MonthlyDoubleBottom+MonthlyStage2,Uptrend,True,True,Constructive,True,Downtrend,0,Bear,Choppy,758.7,595.88,433.8,644.89,795.33,996.63,1599.88,1128.02,31.4,14.6,45.46,22.69,4.39,1.09,28.31,0.0,,799.56,9,buy,12.0,13.7,4.26,19.0,3.54,10.66,5.87,69.36,47.79,48.69,-7.18,41.83,77.53,27.7,0.15,highly inconsistent earnings,0.47,,1.41,,-11.97,-0.14,48.77,0.22,,5.35,0.38,20.86,0.24,766.7,417.6,1.0,81.7,78.7,46.07,0.32,0.77,5,25.0,20.5,5.0,10.0,60.5,ACCUMULATE ⭐⭐⭐,Expected ~15% CAGR (2yr) | Revenue CAGR 48% | Profit CAGR 42% | ROCE trend rising ↑ | Piotroski F=5 (above average quality) | PEG 1.09 — fair value,None identified,3-4 years,Medium-High,"yfinance, screener.in",100,55,,2026-06-06,2026-06-01,5,12.6,1,-2.0
LLOYDSENGG,Lloyds Engineering Works Limited,Industrials,Specialty Industrial Machinery,10491.0,Mid-Cap,MonthlyStage2,Stage Change,1.0,24,10-EMA=60 | 30-EMA=59 | Above by 23.2% | MA turning=Yes,MonthlyDoubleBottom+MonthlyStage2,Uptrend,True,False,Tight-Above-MAs,True,Stage2,4,Bear,Choppy,72.69,58.98,37.73,61.79,112.56,239.19,508.28,239.19,229.1,81.4,49.4,,6.07,0.44,52.12,34.0,41.35,,0,none,16.4,17.1,,15.0,-1.0,14.59,6.21,53.78,,,88.57,,,156.5,0.5,insufficient history,0.07,,2.77,,-383.29,-3.65,41.92,0.0,,2.11,0.14,0.18,0.0,84.27,37.4,13.7,94.4,7.14,,0.4,1.13,3,26.0,24.5,7.0,3.0,60.5,ACCUMULATE ⭐⭐⭐,Expected ~81% CAGR (2yr) | Revenue CAGR 113% | Profit CAGR 112% | Nearly debt-free | Margin compressing ↓ ⚠️ | Dividend growing 41%/yr,Margin compression ↓,3-4 years,Medium-High,"yfinance, screener.in",80,33,,2026-06-06,2026-06-01,5,6.2,1,0.5
JBCHEPHARM,J. B. Chemicals & Pharmaceuticals Limited,Healthcare,Drug Manufacturers - Specialty & Generic,34799.0,Large-Cap,MonthlyDoubleBottom,Forming,0.662,29,Sep 29mo | Mid rally 74% | Asymmetry 8%,,Uptrend,True,False,Tight-Above-MAs,True,Stage2,5,Bear,Choppy,2171.6,183.68,101.71,1845.86,2405.27,2635.52,3465.32,2887.05,21.4,10.2,48.78,29.73,8.91,2.44,30.79,86.0,35.34,2258.22,9,none,19.2,25.8,-0.66,27.0,0.46,17.11,12.48,5.87,9.62,15.22,7.42,20.03,9.57,-30.4,0.15,highly inconsistent earnings,0.0,,4.92,,506.48,1.46,48.8,1.25,,16.33,1.45,21.38,-1.97,2285.3,1603.5,5.0,35.4,38.4,65.57,0.81,-0.04,5,31.0,20.44,1.0,8.0,60.4,ACCUMULATE ⭐⭐⭐,Expected ~10% CAGR (2yr) | Profit CAGR 20% | ROCE 26% | Nearly debt-free | Promoters buying ↑ | OPM 27%,Earnings due 2026-07-30 | Pattern still forming (not broken out),3-4 years,Medium-High,"yfinance, screener.in",100,287,2026-07-30,2026-06-06,2026-06-01,5,0.0,1,-4.0
GODFRYPHLP,Godfrey Phillips India Limited,Consumer Defensive,Tobacco,35608.0,Large-Cap,MonthlyDoubleBottom,Forming,1.0,7,Sep 7mo | Mid rally 112% | Asymmetry 10%,MonthlyDoubleBottom+MonthlyStage2,Downtrend,False,False,Below-MAs,True,Stage2,15,Bear,Choppy,2220.1,439.44,197.7,1887.08,6207.8,8088.15,10538.05,8088.15,264.3,90.9,23.37,20.36,5.73,0.77,22.24,162.0,58.27,,0,none,26.6,32.8,3.37,25.0,0.29,23.88,11.97,13.9,21.51,20.41,42.35,30.29,32.33,86.7,0.75,consistent growth,0.04,,2.44,,44.89,0.13,72.58,0.0,,7.91,-0.24,3.28,-0.93,3947.0,1832.1,43.8,21.2,-20.42,205.75,0.09,0.32,7,40.0,11.0,9.0,0.0,60.0,ACCUMULATE ⭐⭐⭐,Expected ~91% CAGR (2yr) | Revenue CAGR 22% | Profit CAGR 30% | ROE 27% | ROCE 33% | ROCE trend rising ↑,Pattern still forming (not broken out),3-4 years,Medium-High,"yfinance, screener.in",100,330,,2026-06-06,2026-06-01,5,-5.1,1,-7.0
SAKSOFT,Saksoft Limited,Technology,Information Technology Services,1832.0,Small-Cap,MonthlyDoubleBottom,Forming,1.0,19,Sep 19mo | Mid rally 307% | Asymmetry 2%,,Sideways,False,False,Below-MAs,True,Downtrend,0,Bear,Choppy,143.23,15.03,3.66,121.75,402.15,472.49,555.13,472.49,229.9,81.6,14.06,4.2,2.62,0.8,8.69,77.0,17.8,,0,none,19.6,25.5,0.03,19.0,0.43,13.23,10.48,14.04,14.78,21.14,22.02,17.49,24.2,19.7,0.75,consistent growth,0.06,,2.17,,85.14,4.65,66.72,0.04,,2.4,0.17,0.0,-0.14,253.99,107.59,43.6,33.1,-25.9,-59.59,0.3,0.38,7,36.0,14.0,10.0,0.0,60.0,ACCUMULATE ⭐⭐⭐,Expected ~82% CAGR (2yr) | ROCE 26% | ROCE trend rising ↑ | Nearly debt-free | Promoter 67% holding | FCF yield 4.6%,Pattern still forming (not broken out),3-4 years,Medium-High,"yfinance, screener.in",100,254,,2026-06-06,2026-06-01,5,-0.6,1,-4.0
TDPOWERSYS,TD Power Systems Limited,Industrials,Specialty Industrial Machinery,20600.0,Mid-Cap,None,,0.0,0,,,Uptrend,True,True,Tight-Above-MAs,True,Stage2,4,Bear,Choppy,1256.3,,,1067.86,708.76,957.26,1292.87,957.26,,,86.18,46.68,19.22,2.46,61.94,15.0,33.08,1417.0,2,buy,24.7,33.4,4.29,18.0,1.43,12.86,11.83,45.11,28.63,25.59,36.57,35.06,39.65,36.2,1.0,steady compounder (low CV),0.02,,1.95,,19.94,0.1,26.87,0.0,,26.69,2.33,22.24,-0.95,1379.6,453.1,8.9,177.3,159.87,390.42,,0.51,7,40.0,11.0,-1.0,10.0,60.0,ACCUMULATE ⭐⭐⭐,Revenue CAGR 29% | Profit CAGR 35% | ROE 25% | ROCE 33% | ROCE trend rising ↑ | Nearly debt-free,High PE 86,3-4 years,Medium-High,"yfinance, screener.in",100,177,,2026-06-06,2026-06-01,5,0.0,1,-4.0
YATHARTH,Yatharth Hospital & Trauma Care Services Limited,Healthcare,Medical Care Facilities,7675.0,Small-Cap,MonthlyCupHandle,Forming,0.751,18,Cup 18mo | Depth 43% | Prior gain 50% | R²=0.97,,Uptrend,True,False,Tight-Above-MAs,True,Stage2,5,Bear,Choppy,832.85,829.22,475.28,707.92,1366.56,1518.37,2567.9,1873.29,82.3,35.0,43.86,25.11,4.54,1.18,24.24,0.0,,986.0,4,strong_buy,10.4,12.4,-1.97,24.0,-1.46,14.22,7.17,40.35,36.17,41.21,29.77,37.08,53.42,22.7,0.4,lumpy earner,0.15,,3.87,,-88.68,-1.16,55.8,0.0,,5.25,-0.93,12.0,0.98,889.9,485.0,6.4,71.7,63.32,,0.52,1.12,4,25.0,21.01,6.0,8.0,60.0,ACCUMULATE ⭐⭐⭐,Expected ~35% CAGR (2yr) | Revenue CAGR 36% | Profit CAGR 37% | Low D/E 0.15 | Promoter 56% holding | Margin compressing ↓ ⚠️,Margin compression ↓ | Pattern still forming (not broken out),3-4 years,Medium-High,"yfinance, screener.in",100,34,,2026-06-06,2026-06-01,5,0.0,1,-4.0
MANORAMA,Manorama Industries Limited,Consumer Defensive,Packaged Foods,8517.0,Mid-Cap,None,,0.0,0,,,Uptrend,True,True,Tight-Above-MAs,True,Stage2,15,Bear,Choppy,1476.1,,,1254.68,2482.76,3264.83,4293.25,3264.83,121.2,48.7,39.68,26.12,12.66,1.26,24.97,4.0,50.0,1831.0,2,none,39.4,35.0,,26.0,2.0,15.73,18.74,77.3,,,104.55,,,31.0,0.5,insufficient history,0.52,,1.95,,131.47,1.54,54.32,0.0,,2.89,0.18,3.0,-0.61,1760.0,1060.6,16.1,39.2,2.7,323.08,,0.26,6,40.0,11.0,7.0,2.0,60.0,ACCUMULATE ⭐⭐⭐,Expected ~49% CAGR (2yr) | Revenue CAGR 68% | Profit CAGR 32% | ROE 39% | ROCE 35% | Promoter 54% holding,None identified,3-4 years,Medium-High,"yfinance, screener.in",80,48,,2026-06-06,2026-06-01,5,7.6,1,3.0
MARICO,Marico Limited,Consumer Defensive,Household & Personal Products,106477.0,Large-Cap,MonthlyDoubleBottom,Forming,0.686,40,Sep 40mo | Mid rally 74% | Asymmetry 6%,,Uptrend,True,False,Tight-Above-MAs,True,Stage2,15,Bear,Choppy,810.65,365.32,203.82,689.05,602.68,759.92,743.9,669.57,,,60.6,43.54,25.1,5.46,44.71,49.0,18.88,895.45,38,none,43.0,47.2,0.77,17.0,-0.2,12.95,14.43,25.67,11.71,11.08,9.35,11.1,8.62,14.0,0.4,lumpy earner,0.12,,1.31,,2851.62,2.68,58.93,0.0,,24.08,0.06,12.17,-0.06,848.8,680.3,4.5,19.2,21.0,31.25,0.24,0.17,4,30.0,20.73,1.0,8.0,59.7,WATCH ⭐⭐,ROE 43% | ROCE 47% | ROCE trend rising ↑ | Low D/E 0.12 | Promoter 59% holding | Dividend growing 19%/yr,High PE 61 | Earnings due 2026-08-04 | Pattern still forming (not broken out),3-4 years,Medium-High,"yfinance, screener.in",100,362,2026-08-04,2026-06-06,2026-06-01,5,-2.5,1,-4.0
NATCOPHARM,NATCO Pharma Limited,Healthcare,Drug Manufacturers - Specialty & Generic,18196.0,Mid-Cap,MonthlyDoubleBottom,Forming,1.0,48,Sep 48mo | Mid rally 172% | Asymmetry 7%,MonthlyCupHandle+MonthlyDoubleBottom,Downtrend,False,False,Below-MAs,False,Stage2,5,Bear,Choppy,893.4,1012.45,359.03,759.39,4186.75,3531.96,6608.95,5260.23,295.3,98.8,12.82,21.89,2.1,0.5,9.68,64.0,-45.95,939.56,9,none,16.9,17.1,3.4,35.0,4.06,32.42,9.69,-7.95,14.64,14.72,-24.69,25.64,26.26,-34.1,0.15,highly inconsistent earnings,0.08,,3.01,,1006.65,5.53,49.41,-0.07,,17.37,2.21,5.46,0.07,1226.8,789.0,27.2,13.2,-0.09,-8.83,0.41,,7,35.0,12.5,11.0,1.0,59.5,WATCH ⭐⭐,Expected ~99% CAGR (2yr) | Profit CAGR 26% | ROCE trend rising ↑ | Nearly debt-free | OPM 35% | FCF yield 5.5%,Earnings due 2026-08-12 | Pattern still forming (not broken out),3-4 years,Medium-High,"yfinance, screener.in",100,366,2026-08-12,2026-06-06,2026-06-01,5,-21.0,1,-19.0
IFBIND,IFB Industries Limited,Consumer Cyclical,"Furnishings, Fixtures & Appliances",5075.0,Small-Cap,MonthlyDoubleBottom,Forming,1.0,28,Sep 28mo | Mid rally 172% | Asymmetry 4%,,Sideways,False,False,Below-MAs,True,Stage2,3,Bear,Choppy,1098.8,2359.9,850.0,933.98,3965.78,5646.55,17913.03,8428.47,413.9,126.7,35.33,20.17,5.1,0.31,15.24,0.0,,1473.67,3,none,16.8,20.3,2.91,6.0,0.14,2.56,5.06,10.35,10.23,14.94,21.01,112.53,40.82,126.1,0.15,highly inconsistent earnings,0.16,,1.33,,142.69,2.81,74.96,0.0,,0.92,-0.04,6.16,0.13,2019.8,883.2,45.6,24.4,-21.12,12.49,0.56,0.31,6,29.0,15.5,15.0,0.0,59.5,WATCH ⭐⭐,Expected ~127% CAGR (2yr) | Profit CAGR 113% | ROCE 20% | ROCE trend rising ↑ | Low D/E 0.16 | Promoter 75% holding,Pattern still forming (not broken out),3-4 years,Medium-High,"yfinance, screener.in",100,287,,2026-06-06,2026-06-01,5,0.0,1,-4.0
KARURVYSYA,The Karur Vysya Bank Limited,Financial Services,Banks - Regional,27911.0,Mid-Cap,MonthlyDoubleBottom,Forming,1.0,35,Sep 35mo | Mid rally 115% | Asymmetry 0%,,Uptrend,True,False,Uptrend,True,Stage2,12,Bear,Choppy,293.25,103.53,48.12,249.26,804.1,823.41,1603.17,1135.39,180.8,67.6,11.12,9.09,2.18,0.27,,75.0,17.57,355.44,16,buy,19.28,,,57.61,,40.05,1.96,19.5,,,41.2,,,41.2,0.5,insufficient history,,,,,,,2.07,0.0,,19.25,2.38,39.26,-0.94,343.45,184.74,14.6,58.7,40.57,170.12,0.78,-0.03,2,20.0,22.5,10.0,7.0,59.5,WATCH ⭐⭐,Expected ~68% CAGR (2yr) | Revenue CAGR 20% | Profit CAGR 41% | OPM 58% | FII buying +2.4% ↑ | Dividend growing 18%/yr,Earnings due 2026-07-23 | Pattern still forming (not broken out),3-4 years,Medium-High,"yfinance, screener.in",50,365,2026-07-23,2026-06-06,2026-06-01,5,0.0,1,-4.0
KPIL,Kalpataru Projects International Limited,Industrials,Engineering & Construction,22286.0,Mid-Cap,MonthlyStage2,Stage Change,1.0,24,10-EMA=1193 | 30-EMA=1086 | Above by 15.3% | MA turning=Yes,MonthlyDoubleBottom+MonthlyStage2,Sideways-Above-MA,True,False,Constructive,True,Stage2,4,Bear,Choppy,1251.5,1085.77,872.33,1063.77,2805.13,2853.05,4986.65,3740.08,128.0,51.0,21.41,14.6,2.87,0.64,10.69,69.0,12.5,1522.5,18,strong_buy,14.2,16.6,0.17,8.0,-0.57,3.83,4.06,21.63,18.38,15.95,81.83,33.33,9.26,92.6,0.15,highly inconsistent earnings,0.46,,1.25,,467.04,2.1,33.58,0.01,,10.92,-0.81,45.12,1.22,1335.6,1007.1,6.3,24.3,10.49,113.96,0.61,0.39,5,23.0,18.5,12.0,6.0,59.5,WATCH ⭐⭐,Expected ~51% CAGR (2yr) | Revenue CAGR 18% | Profit CAGR 33% | ROCE trend rising ↑ | Margin compressing ↓ ⚠️ | Piotroski F=5 (above average quality),Margin compression ↓ | Earnings due 2026-08-06,3-4 years,Medium-High,"yfinance, screener.in",100,37,2026-08-06,2026-06-06,2026-06-01,5,0.0,1,-4.0
TBZ,Tribhovandas Bhimji Zaveri Limited,Consumer Cyclical,Luxury Goods,1104.0,Small-Cap,MonthlyDoubleBottom,Forming,1.0,31,Sep 31mo | Mid rally 223% | Asymmetry 2%,,Sideways-Above-MA,True,False,Constructive,True,Stage2,3,Bear,Choppy,129.89,132.48,40.55,110.41,1745.22,2994.27,5137.28,2994.27,2205.2,380.1,7.66,55.72,1.59,0.11,5.13,136.0,31.04,,0,none,27.1,21.4,2.0,11.0,0.57,6.3,10.94,22.25,10.19,19.0,197.06,71.57,36.26,612.6,0.15,highly inconsistent earnings,1.06,,1.65,,-81.27,-7.36,74.12,0.0,,0.26,0.26,0.0,0.0,217.95,110.5,40.4,17.5,-22.01,37.06,0.34,0.48,6,26.0,18.5,14.0,1.0,59.5,WATCH ⭐⭐,Expected ~380% CAGR (2yr) | Profit CAGR 72% | ROE 27% | ROCE 21% | ROCE trend rising ↑ | Promoter 74% holding,High D/E 1.1 | Pattern still forming (not broken out),3-4 years,Medium-High,"yfinance, screener.in",100,169,,2026-06-06,2026-06-01,5,0.0,1,-4.0
TMB,Tamilnad Mercantile Bank Limited,Financial Services,Banks - Regional,10967.0,Mid-Cap,MonthlyStage2,Stage Change,1.0,24,10-EMA=591 | 30-EMA=511 | Above by 33.0% | MA turning=Yes,MonthlyDoubleBottom+MonthlyStage2,Uptrend,True,False,Tight-Above-MAs,True,Stage2,12,Bear,Choppy,679.4,510.71,399.27,577.49,2291.62,2933.28,3754.6,2933.28,331.7,107.8,8.2,,1.12,0.29,,159.0,10.0,,0,none,13.99,,,54.29,,39.86,1.89,23.5,,,28.0,,,28.0,0.5,insufficient history,,,,,,,,,,6.19,1.24,1.91,-0.56,770.0,411.8,11.8,65.0,63.89,41.14,0.76,0.52,2,18.0,24.5,9.0,8.0,59.5,WATCH ⭐⭐,Expected ~108% CAGR (2yr) | Revenue CAGR 24% | Profit CAGR 28% | OPM 54% | FII buying +1.2% ↑ | PEG 0.29 — deeply undervalued,None identified,3-4 years,Medium-High,"yfinance, screener.in",40,45,,2026-06-06,2026-06-01,5,0.0,1,-4.0
PGIL,Pearl Global Industries Limited,Consumer Cyclical,Apparel Manufacturing,7637.0,Small-Cap,MonthlyDoubleBottom,Forming,1.0,38,Sep 38mo | Mid rally 150% | Asymmetry 2%,,Uptrend,True,True,Tight-Above-MAs,True,Stage2,3,Bear,Choppy,1665.6,124.1,49.29,1415.76,3327.73,3335.94,4859.26,4021.23,100.3,41.5,27.47,17.25,5.9,1.32,16.82,127.0,-8.92,2308.0,3,strong_buy,21.3,19.2,2.91,9.0,0.97,5.53,8.06,11.52,16.75,27.51,16.88,20.84,73.85,22.0,0.15,highly inconsistent earnings,0.66,,1.6,,-56.14,-0.74,61.16,-0.08,,6.48,0.21,18.8,2.03,1993.3,1178.1,16.4,41.4,18.05,440.91,0.09,-0.26,6,21.0,24.5,11.0,3.0,59.5,WATCH ⭐⭐,Expected ~42% CAGR (2yr) | Revenue CAGR 17% | Profit CAGR 21% | ROE 21% | ROCE trend rising ↑ | Promoter 61% holding,Pattern still forming (not broken out),3-4 years,Medium-High,"yfinance, screener.in",100,233,,2026-06-06,2026-06-01,5,3.8,1,-3.0
CAMPUS,Campus Activewear Limited,Consumer Cyclical,Footwear & Accessories,7738.0,Small-Cap,MonthlyDoubleBottom,Forming,0.744,13,Sep 13mo | Mid rally 76% | Asymmetry 1%,,Sideways,False,False,Below-MAs,True,Stage2,3,Bear,Choppy,243.1,370.52,209.77,206.63,365.53,531.27,720.84,513.31,118.5,47.8,51.57,35.88,8.56,1.28,26.97,59.0,,302.57,7,strong_buy,29.5,31.8,4.1,20.0,11.14,8.46,9.18,67.93,26.13,259.08,300.0,40.43,,26.0,0.15,highly inconsistent earnings,0.26,,2.37,,-11.2,-0.14,72.09,-0.02,,6.07,-0.08,11.6,-0.11,304.4,215.2,20.1,13.0,-3.31,-37.53,0.2,0.08,6,39.0,11.43,8.0,1.0,59.4,WATCH ⭐⭐,Expected ~48% CAGR (2yr) | Revenue CAGR 26% | Profit CAGR 40% | ROE 30% | ROCE 32% | ROCE trend rising ↑,High PE 52 | Pattern still forming (not broken out),3-4 years,Medium-High,"yfinance, screener.in",100,50,,2026-06-06,2026-06-01,5,4.6,1,-5.0
MACPOWER,Macpower CNC Machines Limited,Industrials,Specialty Industrial Machinery,970.0,Small-Cap,MonthlyDoubleBottom,Breakout Ready,1.0,14,Sep 14mo | Mid rally 111% | Asymmetry 9%,MonthlyDoubleBottom+MonthlyStage2,Sideways-Above-MA,True,False,Constructive,False,Stage2,4,Bear,Choppy,1006.75,416.13,189.17,855.74,2650.92,5805.52,12714.09,5805.52,476.7,140.1,29.94,,6.25,0.25,20.44,14.0,14.47,,0,none,,,,15.89,,10.35,,43.3,,,119.0,,,119.0,0.5,insufficient history,0.01,,,,,,73.17,0.0,,1.11,0.08,0.52,0.17,1250.0,761.0,19.5,32.3,4.47,240.88,1.2,-0.29,1,29.0,20.0,8.0,2.0,59.0,WATCH ⭐⭐,Expected ~140% CAGR (2yr) | Revenue CAGR 43% | Profit CAGR 119% | Nearly debt-free | Promoter 73% holding | Dividend growing 14%/yr,None identified,3-4 years,Medium-High,"yfinance, screener.in",50,100,,2026-06-06,2026-06-01,5,-10.9,1,-9.5
KEI,KEI Industries Limited,Industrials,Electrical Equipment & Parts,50358.0,Large-Cap,MonthlyDoubleBottom,Forming,1.0,20,Sep 20mo | Mid rally 117% | Asymmetry 9%,,Uptrend,True,True,Tight-Above-MAs,True,Stage2,4,Bear,Choppy,5082.4,5029.01,2215.84,4320.04,4142.24,7842.18,6409.23,5152.53,54.3,24.2,54.94,38.03,7.56,2.25,39.95,9.0,14.47,5244.25,24,buy,14.8,20.1,-0.37,10.0,-0.11,7.82,8.79,20.67,19.36,22.95,31.9,24.39,27.73,25.5,1.0,steady compounder (low CV),0.04,,2.96,,170.84,0.34,35.0,0.0,,27.27,1.78,25.83,-1.44,5476.3,3500.0,7.2,45.2,41.88,97.48,1.09,0.51,5,25.0,24.0,0.0,10.0,59.0,WATCH ⭐⭐,Expected ~24% CAGR (2yr) | Revenue CAGR 19% | Profit CAGR 24% | ROCE 20% | Nearly debt-free | EPS: steady compounder (low CV),High PE 55 | Earnings due 2026-07-21 | Pattern still forming (not broken out),3-4 years,Medium-High,"yfinance, screener.in",100,243,2026-07-21,2026-06-06,2026-06-01,5,0.0,1,-4.0
SPECTRUM,SPECTRUM ELECTRIC IND LTD,Industrials,Electrical Equipment & Parts,2268.0,Small-Cap,MonthlyStage2,Breaking Out,1.0,24,10-EMA=1506 | 30-EMA=1454 | Above by 21.7% | MA turning=Yes,MonthlyDoubleBottom+MonthlyStage2,Uptrend,True,True,Uptrend,True,Stage2,4,Bear,Choppy,1769.1,1454.08,1206.2,1503.73,1956.51,3453.63,6096.35,3453.63,95.2,39.7,57.46,,10.53,0.75,31.12,0.0,,,0,none,20.4,16.8,1.4,15.0,0.77,8.45,7.59,30.85,27.63,28.35,76.0,76.52,48.96,95.5,0.15,highly inconsistent earnings,1.02,,1.34,,-82.7,-3.65,72.72,0.0,,4.94,0.28,0.34,0.0,1800.0,1050.0,1.7,68.5,13.7,61.91,4.3,0.18,5,27.0,24.0,5.0,3.0,59.0,WATCH ⭐⭐,Expected ~40% CAGR (2yr) | Revenue CAGR 28% | Profit CAGR 77% | ROE 20% | ROCE trend rising ↑ | Promoter 73% holding,High D/E 1.0 | High PE 57,3-4 years,Medium-High,"yfinance, screener.in",100,93,,2026-06-06,2026-06-01,5,23.0,1,8.8
SYRMA,Syrma SGS Technology Limited,Technology,Electronic Components,20968.0,Mid-Cap,MonthlyDoubleBottom,Forming,0.717,6,Sep 6mo | Mid rally 73% | Asymmetry 2%,,Uptrend,True,True,Uptrend,True,Downtrend,0,Bear,Choppy,984.15,645.9,369.32,836.53,723.4,1080.62,1441.46,1021.15,9.8,4.8,64.53,38.27,7.22,1.57,37.87,14.0,0.0,1169.83,24,buy,18.3,20.0,-1.2,11.0,-0.17,6.59,5.77,27.25,33.01,40.32,88.04,41.16,38.05,54.4,0.4,lumpy earner,0.13,,1.7,,7.27,0.03,42.28,-0.44,,6.6,0.13,16.59,0.7,1188.0,500.0,17.2,96.8,81.55,98.82,0.85,0.2,5,31.0,16.6,3.0,8.0,58.6,WATCH ⭐⭐,Expected ~5% CAGR (2yr) | Revenue CAGR 33% | Profit CAGR 41% | Low D/E 0.13 | Piotroski F=5 (above average quality) | DII buying +0.7% ↑,High PE 65 | Pattern still forming (not broken out),3-4 years,Medium-High,"yfinance, screener.in",100,46,,2026-06-06,2026-06-01,5,0.0,1,-4.0
RMDRIP,R M DRIP & SPRINK SYS LTD,Industrials,Farm & Heavy Construction Machinery,768.0,Small-Cap,MonthlyDoubleBottom,Forming,1.0,32,Sep 32mo | Mid rally 292% | Asymmetry 1%,,Downtrend,False,False,Below-MAs,False,Stage2,4,Bear,Choppy,16.31,3.67,0.74,13.86,38.0,51.91,70.91,51.91,218.3,78.4,21.11,,5.18,0.58,14.31,16.0,,,0,none,39.8,44.0,,30.0,9.5,19.02,,40.46,,,45.83,,,36.8,0.4,lumpy earner,0.41,,,,,,21.06,0.0,,3.85,1.35,0.1,-0.25,72.22,17.11,77.4,-4.7,-53.1,473.85,0.11,0.9,2,37.0,12.5,9.0,0.0,58.5,WATCH ⭐⭐,Expected ~78% CAGR (2yr) | Revenue CAGR 55% | Profit CAGR 37% | ROE 40% | ROCE 44% | OPM 30%,Pattern still forming (not broken out),3-4 years,Medium-High,"yfinance, screener.in",60,105,,2026-06-06,2026-06-01,5,-14.2,1,-4.0
SUNPHARMA,Sun Pharmaceutical Industries Limited,Healthcare,Drug Manufacturers - Specialty & Generic,431688.0,Large-Cap,MonthlyDoubleBottom,Forming,1.0,32,Sep 32mo | Mid rally 113% | Asymmetry 4%,,Uptrend,True,False,Tight-Above-MAs,True,Stage2,5,Bear,Choppy,1882.3,1099.65,505.12,1599.95,2230.3,2295.59,2726.7,2466.04,22.0,10.4,37.59,27.77,5.55,3.56,24.53,92.0,-1.47,2039.91,34,buy,16.0,20.5,1.43,30.0,0.89,19.64,8.43,11.19,10.03,11.78,4.96,10.57,38.33,26.2,0.15,highly inconsistent earnings,0.06,,2.82,,4931.94,1.14,54.48,0.0,,15.94,-0.18,21.0,0.28,1916.6,1548.0,1.8,21.6,21.15,61.39,0.61,0.1,7,27.0,24.5,1.0,6.0,58.5,WATCH ⭐⭐,Expected ~10% CAGR (2yr) | ROCE 20% | ROCE trend rising ↑ | Nearly debt-free | Promoter 54% holding | OPM 30%,Earnings due 2026-07-30 | Pattern still forming (not broken out),3-4 years,Medium-High,"yfinance, screener.in",100,365,2026-07-30,2026-06-06,2026-06-01,5,0.0,1,-4.0
BEL,Bharat Electronics Limited,Industrials,Aerospace & Defense,300249.0,Large-Cap,MonthlyDoubleBottom,Forming,1.0,41,Sep 41mo | Mid rally 112% | Asymmetry 5%,,Downtrend,False,False,Below-MAs,False,Stage2,4,Bear,Choppy,408.2,55.0,25.4,346.97,375.99,481.72,602.81,476.08,18.0,8.6,49.49,36.15,12.52,1.86,36.25,106.0,2.7,490.18,28,buy,27.6,36.5,2.46,29.0,1.51,21.96,10.97,16.16,15.9,14.37,13.88,26.62,23.62,4.6,0.75,consistent growth,0.0,,1.98,,-390.91,-0.13,51.14,0.0,,19.51,1.0,20.0,-0.47,473.45,361.2,13.8,13.0,12.91,202.49,0.2,0.3,6,39.0,12.5,3.0,4.0,58.5,WATCH ⭐⭐,Expected ~9% CAGR (2yr) | Revenue CAGR 16% | Profit CAGR 27% | ROE 28% | ROCE 36% | ROCE trend rising ↑,Earnings due 2026-08-03 | Pattern still forming (not broken out),3-4 years,Medium-High,"yfinance, screener.in",100,288,2026-08-03,2026-06-06,2026-06-01,5,-3.5,1,-3.0
BFUTILITIE,BF Utilities Limited,Industrials,Infrastructure Operations,2142.0,Small-Cap,MonthlyDoubleBottom,Forming,1.0,26,Sep 26mo | Mid rally 210% | Asymmetry 7%,,Sideways-Above-MA,True,True,Constructive,True,Stage2,4,Bear,Choppy,635.1,2000.76,622.0,590.9,2594.04,3988.34,6132.08,3988.34,528.0,150.6,13.55,,10.63,0.25,,0.0,,,0,none,113.0,29.9,3.89,74.0,2.66,18.44,,-13.62,17.73,9.36,11.18,53.75,36.24,,0.15,highly inconsistent earnings,,,,,,,56.73,0.0,,1.57,0.0,0.05,-0.05,898.7,368.7,29.3,72.3,-9.56,50.4,0.58,0.38,3,31.0,18.5,9.0,0.0,58.5,WATCH ⭐⭐,Expected ~151% CAGR (2yr) | Revenue CAGR 18% | Profit CAGR 54% | ROE 113% | ROCE 30% | ROCE trend rising ↑,Pattern still forming (not broken out),3-4 years,Medium-High,"yfinance, screener.in",70,230,,2026-06-06,2026-06-01,5,21.0,1,-1.0
AUBANK,AU Small Finance Bank Limited,Financial Services,Banks - Regional,73691.0,Large-Cap,MonthlyDoubleBottom,Forming,0.647,39,Sep 39mo | Mid rally 71% | Asymmetry 6%,MonthlyCupHandle+MonthlyDoubleBottom,Sideways-Above-MA,True,False,Constructive,False,Stage2,12,Bear,Choppy,969.4,811.12,460.2,823.99,1462.21,2157.22,5624.67,2867.83,122.5,49.2,28.09,16.19,3.68,0.29,,10.0,25.99,1091.31,26,buy,22.3,12.4,,35.55,,21.37,,18.49,28.91,,208.5,96.13,,65.2,0.4,lumpy earner,,,,,,,22.76,-0.03,,37.27,0.82,31.3,0.03,1079.55,682.15,10.2,42.1,36.56,15.08,0.19,,1,27.0,14.26,9.0,8.0,58.3,WATCH ⭐⭐,Expected ~49% CAGR (2yr) | Revenue CAGR 29% | Profit CAGR 96% | ROE 22% | OPM 36% | FII buying +0.8% ↑,Earnings due 2026-07-16 | Pattern still forming (not broken out),3-4 years,Medium-High,"yfinance, screener.in",70,108,2026-07-16,2026-06-06,2026-06-01,5,-0.3,1,-6.0
KILITCH,Kilitch Drugs (India) Limited,Healthcare,Drug Manufacturers - Specialty & Generic,638.0,Small-Cap,MonthlyDoubleBottom,Breakout Ready,1.0,31,Sep 31mo | Mid rally 222% | Asymmetry 10%,MonthlyDoubleBottom+MonthlyStage2,Sideways-Above-MA,True,True,Constructive,True,Stage2,5,Bear,Choppy,174.37,118.3,34.98,148.21,695.56,1080.62,1678.85,1080.62,519.7,148.9,20.45,11.92,2.23,0.37,17.53,0.0,7.3,,0,none,12.5,14.4,2.51,16.0,1.83,12.81,5.35,18.69,18.84,28.15,20.0,55.36,49.63,34.6,0.75,consistent growth,0.32,,1.83,,-88.82,-13.93,63.77,0.0,,0.0,,,,250.0,117.25,30.3,48.7,-11.66,60.98,2.09,0.14,6,27.0,20.0,11.0,0.0,58.0,WATCH ⭐⭐,Expected ~149% CAGR (2yr) | Revenue CAGR 19% | Profit CAGR 55% | ROCE trend rising ↑ | Promoter 64% holding | EPS: consistent growth,None identified,3-4 years,Medium-High,"yfinance, screener.in",100,189,,2026-06-06,2026-06-01,5,0.0,1,-4.0
TERASOFT,Tera Software Limited,Technology,Information Technology Services,494.0,Micro-Cap,MonthlyDoubleBottom,Forming,1.0,10,Sep 10mo | Mid rally 194% | Asymmetry 1%,,Sideways,False,False,Constructive,True,Downtrend,0,Bear,Choppy,317.8,59.31,20.1,270.13,1086.69,2203.16,4466.68,2203.16,593.3,163.3,19.92,,3.69,0.19,12.99,25.0,,,0,none,18.5,24.4,8.0,15.0,7.2,10.42,9.27,120.37,22.02,,177.78,102.74,,119.9,0.4,lumpy earner,0.27,,1.69,,-27.34,-5.54,47.53,0.0,,0.08,-0.06,,,598.0,252.4,46.9,25.9,16.12,530.71,0.4,0.28,5,30.0,14.0,12.0,2.0,58.0,WATCH ⭐⭐,Expected ~163% CAGR (2yr) | Revenue CAGR 22% | Profit CAGR 103% | ROCE 24% | ROCE trend rising ↑ | Low D/E 0.27,Pattern still forming (not broken out),3-4 years,Medium-High,"yfinance, screener.in",100,114,,2026-06-06,2026-06-01,5,0.0,1,-4.0
BHARTIARTL,Bharti Airtel Limited,Communication Services,Telecom Services,1114130.0,Large-Cap,MonthlyDoubleBottom,Forming,1.0,19,Sep 19mo | Mid rally 110% | Asymmetry 5%,,Downtrend,False,False,Below-MAs,False,Downtrend,0,Bear,Choppy,1798.2,429.14,200.07,1528.47,1837.01,2462.32,3608.27,2574.58,36.9,17.0,41.16,21.92,7.17,1.03,10.59,87.0,74.72,2293.94,32,buy,21.9,18.5,1.77,57.0,1.74,12.65,7.85,21.96,14.88,15.96,-9.76,40.15,82.12,-33.5,0.15,highly inconsistent earnings,1.0,,0.52,,60950.84,5.47,48.87,0.0,,27.79,-0.96,20.53,0.99,2174.5,1740.5,17.3,3.3,0.38,87.54,0.24,0.04,6,34.0,11.0,11.0,2.0,58.0,WATCH ⭐⭐,Expected ~17% CAGR (2yr) | Profit CAGR 40% | ROE 22% | ROCE trend rising ↑ | OPM 57% | FCF yield 5.5%,Earnings due 2026-08-05 | Pattern still forming (not broken out),3-4 years,Medium-High,"yfinance, screener.in",100,288,2026-08-05,2026-06-06,2026-06-01,5,-6.0,1,-3.0
SRM,SRM CONTRACTORS LIMITED,Industrials,Engineering & Construction,1184.0,Small-Cap,None,,0.0,0,,,Sideways-Above-MA,True,False,Constructive,True,Stage2,4,Bear,Choppy,510.7,,,434.09,2261.35,4072.7,7334.93,4072.7,697.5,182.4,14.64,,3.96,0.18,6.99,0.0,,,0,none,34.3,37.1,-0.2,16.0,1.17,10.82,13.52,94.32,50.66,45.01,101.82,80.1,69.22,126.5,0.4,lumpy earner,0.33,,1.59,,-70.78,-5.98,72.59,0.0,,0.43,0.38,1.11,-0.15,649.95,361.35,21.4,41.3,13.79,,,0.58,5,38.0,5.0,12.0,3.0,58.0,WATCH ⭐⭐,Expected ~182% CAGR (2yr) | Revenue CAGR 51% | Profit CAGR 80% | ROE 34% | ROCE 37% | Promoter 73% holding,None identified,3-4 years,Medium-High,"yfinance, screener.in",100,27,,2026-06-06,2026-06-01,5,5.1,1,-3.0
PIGL,Power & Instrumental (Gujarat) Limited,Industrials,Engineering & Construction,229.0,Micro-Cap,MonthlyDoubleBottom,Breakout Ready,1.0,18,Sep 18mo | Mid rally 153% | Asymmetry 4%,,Downtrend,False,False,Below-MAs,False,Stage2,4,Bear,Choppy,98.59,92.78,35.99,83.8,333.38,506.17,768.52,506.17,413.4,126.6,16.16,,1.55,0.31,11.35,18.0,0.0,,0,none,14.5,19.8,4.0,10.0,0.8,6.25,,27.22,31.76,,16.67,51.83,,6.4,0.4,lumpy earner,0.21,,,,,,50.7,4.41,,0.01,0.01,0.75,0.75,189.7,93.0,48.0,6.0,-18.73,121.29,1.34,0.55,3,32.0,14.0,12.0,0.0,58.0,WATCH ⭐⭐,Expected ~127% CAGR (2yr) | Revenue CAGR 32% | Profit CAGR 52% | ROCE trend rising ↑ | Low D/E 0.21 | Promoter 51% holding,None identified,3-4 years,Medium-High,"yfinance, screener.in",80,98,,2026-06-06,2026-06-01,5,-5.2,1,-2.0
CAPLIPOINT,Caplin Point Laboratories Limited,Healthcare,Drug Manufacturers - Specialty & Generic,15389.0,Mid-Cap,MonthlyStage2,Stage Change,1.0,24,10-EMA=1874 | 30-EMA=1734 | Above by 17.3% | MA turning=Yes,MonthlyDoubleBottom+MonthlyStage2,Sideways-Above-MA,True,True,Constructive,True,Stage2,5,Bear,Choppy,2033.1,1733.98,1504.8,1728.13,4548.38,5453.97,6539.85,5453.97,168.3,63.8,24.1,18.93,4.38,1.21,19.06,40.0,-3.85,2505.0,2,strong_buy,20.6,24.6,-0.6,35.0,0.91,29.32,11.86,12.91,14.24,15.57,20.15,19.91,20.96,19.3,1.0,steady compounder (low CV),0.0,,6.7,,2.13,0.01,70.57,0.0,,6.15,-0.43,2.14,0.09,2395.0,1500.3,15.1,35.5,4.18,107.41,0.28,0.16,6,30.0,18.5,7.0,2.0,57.5,WATCH ⭐⭐,Expected ~64% CAGR (2yr) | ROE 21% | ROCE 25% | Nearly debt-free | Promoter 71% holding | OPM 35%,None identified,3-4 years,Medium-High,"yfinance, screener.in",100,145,,2026-06-06,2026-06-01,5,-0.3,1,-5.5
CAPACITE,Capacit'e Infraprojects Limited,Industrials,Engineering & Construction,1916.0,Small-Cap,MonthlyDoubleBottom,Forming,1.0,29,Sep 29mo | Mid rally 153% | Asymmetry 4%,,Downtrend,False,False,Below-MAs,False,Stage2,4,Bear,Choppy,222.09,465.0,180.0,188.78,1012.82,906.04,1624.59,1282.74,308.0,102.0,10.0,6.72,1.05,0.38,4.92,0.0,0.0,341.0,3,strong_buy,10.6,15.6,2.09,16.0,0.06,7.25,5.88,11.62,13.39,24.41,-5.39,26.65,149.41,-11.1,0.15,highly inconsistent earnings,0.25,,1.65,,268.13,14.0,31.69,0.0,,14.96,0.87,7.82,-0.72,357.65,180.0,37.9,23.4,-21.92,-17.18,0.14,,7,28.0,12.5,17.0,0.0,57.5,WATCH ⭐⭐,Expected ~102% CAGR (2yr) | Profit CAGR 27% | ROCE trend rising ↑ | Low D/E 0.25 | FCF yield 14.0% | Piotroski F=7 (high quality compounder),Pattern still forming (not broken out),3-4 years,Medium-High,"yfinance, screener.in",100,106,,2026-06-06,2026-06-01,5,-1.3,1,-4.0
NGLFINE,NGL Fine-Chem Limited,Healthcare,Drug Manufacturers - General,1721.0,Small-Cap,MonthlyStage2,Stage Change,1.0,24,10-EMA=2109 | 30-EMA=1841 | Above by 49.0% | MA turning=Yes,MonthlyDoubleBottom+MonthlyStage2,Uptrend,True,True,Tight-Above-MAs,True,Stage2,5,Bear,Choppy,2742.6,1841.03,1057.08,2331.21,5340.68,7150.64,9573.99,7150.64,160.7,61.5,35.72,,5.73,1.05,24.55,6.0,0.0,,0,none,15.7,17.0,-7.2,15.0,-3.23,9.61,6.78,36.14,21.69,14.19,128.57,33.89,-3.38,1536.6,0.15,highly inconsistent earnings,0.33,,1.84,,-71.4,-4.15,72.73,-0.01,,0.03,0.03,0.0,0.0,3005.0,980.0,8.7,179.9,114.63,22.58,1.17,0.55,4,21.0,24.5,4.0,8.0,57.5,WATCH ⭐⭐,Expected ~62% CAGR (2yr) | Revenue CAGR 22% | Profit CAGR 34% | Promoter 73% holding | Margin compressing ↓ ⚠️ | PEG 1.05 — fair value,Margin compression ↓,3-4 years,Medium-High,"yfinance, screener.in",100,48,,2026-06-06,2026-06-01,5,20.5,1,-3.5
CGPOWER,CG Power and Industrial Solutions Limited,Industrials,Electrical Equipment & Parts,144494.0,Large-Cap,MonthlyStage2,Stage Change,1.0,24,10-EMA=772 | 30-EMA=654 | Above by 43.3% | MA turning=Yes,MonthlyCupHandle+MonthlyDoubleBottom+MonthlyStage2,Uptrend,True,False,Uptrend,True,Stage2,4,Bear,Choppy,937.85,654.43,570.2,797.17,244.11,738.66,282.52,262.61,,,118.99,66.91,18.13,15.7,88.26,14.0,-4.66,848.18,17,buy,20.8,27.0,1.89,13.0,1.37,9.71,8.9,25.32,21.21,33.18,23.23,7.58,-1.3,34.4,0.15,highly inconsistent earnings,0.01,,1.91,,-1576.18,-1.09,56.36,0.0,,12.03,0.01,18.01,0.49,944.1,525.5,0.7,78.5,47.71,116.64,0.44,0.41,6,26.0,22.5,-1.0,10.0,57.5,WATCH ⭐⭐,Revenue CAGR 21% | ROE 21% | ROCE 27% | ROCE trend rising ↑ | Nearly debt-free | Promoter 56% holding,High PE 119 | Earnings due 2026-07-23,3-4 years,Medium-High,"yfinance, screener.in",100,288,2026-07-23,2026-06-06,2026-06-01,5,14.5,1,-3.0
ANANTRAJ,Anant Raj Limited,Real Estate,Real Estate - Development,18503.0,Mid-Cap,MonthlyStage2,Stage Change,1.0,24,10-EMA=530 | 30-EMA=486 | Above by 17.2% | MA turning=Yes,MonthlyDoubleBottom+MonthlyStage2,Sideways-Above-MA,True,False,Constructive,True,Stage2,3,Bear,Choppy,570.05,486.4,405.7,484.54,977.52,1196.93,2354.55,1517.11,110.0,44.9,32.58,18.01,3.12,0.59,27.2,14.0,82.55,716.67,3,strong_buy,11.2,12.1,2.43,26.0,2.46,22.09,6.27,21.94,37.94,58.64,30.75,55.2,128.2,23.3,0.15,highly inconsistent earnings,0.12,,9.76,,-281.85,-1.52,57.41,0.0,,10.88,-0.26,4.83,-0.37,743.65,403.0,23.3,41.5,6.75,165.15,0.6,0.39,5,30.0,18.5,8.0,1.0,57.5,WATCH ⭐⭐,Expected ~45% CAGR (2yr) | Revenue CAGR 38% | Profit CAGR 55% | ROCE trend rising ↑ | Low D/E 0.12 | Promoter 57% holding,None identified,3-4 years,Medium-High,"yfinance, screener.in",100,238,,2026-06-06,2026-06-01,5,18.2,1,-1.0
OFSS,Oracle Financial Services Software Limited,Technology,Software - Infrastructure,86751.0,Large-Cap,MonthlyStage2,Stage Change,1.0,24,10-EMA=8515 | 30-EMA=7669 | Above by 29.6% | MA turning=Yes,MonthlyDoubleBottom+MonthlyStage2,Uptrend,True,False,Uptrend,True,Downtrend,0,Bear,Choppy,9936.5,7669.2,6543.54,8446.02,10844.35,12306.17,13965.04,12306.17,23.8,11.3,33.0,25.99,11.08,2.45,23.36,667.0,6.27,10695.0,2,none,32.6,45.3,1.71,45.0,-0.94,34.4,21.25,12.05,10.42,9.01,10.88,13.48,8.41,30.7,0.15,highly inconsistent earnings,0.0,,5.43,,2422.44,2.79,72.44,-0.02,,8.04,-0.32,9.12,0.3,10584.5,6234.5,6.1,59.4,28.13,166.06,0.48,0.45,6,30.0,21.5,0.0,6.0,57.5,WATCH ⭐⭐,Expected ~11% CAGR (2yr) | ROE 33% | ROCE 45% | ROCE trend rising ↑ | Nearly debt-free | Promoter 72% holding,Margin compression ↓ | Earnings due 2026-04-27,3-4 years,Medium-High,"yfinance, screener.in",100,289,2026-04-27,2026-06-06,2026-06-01,5,3.0,1,-1.0
BAJAJCON,Bajaj Consumer Care Limited,Consumer Defensive,Household & Personal Products,7221.0,Small-Cap,MonthlyDoubleBottom,Forming,0.911,24,Sep 24mo | Mid rally 95% | Asymmetry 4%,,Uptrend,True,False,Tight-Above-MAs,True,Stage2,15,Bear,Choppy,552.05,288.95,145.42,469.24,637.67,638.16,785.39,707.69,15.6,7.5,38.9,26.8,9.8,3.54,31.73,0.0,-33.06,533.88,8,strong_buy,25.3,30.6,-1.54,19.0,-1.57,16.33,13.92,20.73,6.63,4.79,52.0,10.98,-3.15,105.3,0.15,highly inconsistent earnings,0.02,,3.49,,136.45,1.89,42.97,0.0,,16.59,6.89,14.27,-1.48,581.0,168.25,5.0,228.1,153.02,146.36,0.1,0.81,4,22.0,23.43,2.0,10.0,57.4,WATCH ⭐⭐,Expected ~8% CAGR (2yr) | ROE 25% | ROCE 31% | Nearly debt-free | Margin compressing ↓ ⚠️ | FII buying +6.9% ↑,Margin compression ↓ | Pattern still forming (not broken out),3-4 years,Medium-High,"yfinance, screener.in",100,191,,2026-06-06,2026-06-01,5,4.8,1,-5.0
NDRAUTO,NDR Auto Components Limited,Consumer Cyclical,Auto Parts,1909.0,Small-Cap,MonthlyStage2,Stage Change,0.966,24,10-EMA=791 | 30-EMA=696 | Above by 14.5% | MA turning=Yes,MonthlyCupHandle+MonthlyDoubleBottom+MonthlyStage2,Sideways,False,False,Below-MAs,True,Stage2,3,Bear,Choppy,796.65,695.8,505.13,677.15,1693.29,2207.03,2876.65,2207.03,177.0,66.4,30.77,,5.32,1.01,21.42,50.0,63.86,,0,none,18.9,22.2,3.46,11.0,1.09,7.53,8.29,15.43,27.94,48.49,16.98,30.34,47.11,12.6,0.4,lumpy earner,0.17,,1.22,,-26.8,-1.4,73.13,0.0,,0.08,0.03,0.0,0.0,1220.0,605.05,34.7,31.7,-13.46,254.74,0.19,0.79,5,35.0,15.09,7.0,0.0,57.1,WATCH ⭐⭐,Expected ~66% CAGR (2yr) | Revenue CAGR 28% | Profit CAGR 30% | ROCE 22% | ROCE trend rising ↑ | Low D/E 0.17,None identified,3-4 years,Medium-High,"yfinance, screener.in",100,72,,2026-06-06,2026-06-01,5,-1.2,1,-4.4
SARDAEN,Sarda Energy & Minerals Limited,Basic Materials,Steel,18040.0,Mid-Cap,MonthlyDoubleBottom,Forming,1.0,20,Sep 20mo | Mid rally 119% | Asymmetry 0%,,Sideways-Above-MA,True,False,Constructive,False,Stage2,1,Bear,Choppy,546.55,12.83,5.84,464.57,886.07,1084.99,1328.57,1084.99,98.5,40.9,16.31,10.82,2.58,0.73,10.31,29.0,25.99,,0,none,16.1,17.4,-1.03,31.0,0.2,19.43,8.41,22.55,10.55,20.94,57.98,22.45,24.15,45.9,0.15,highly inconsistent earnings,0.35,,4.5,,582.53,3.23,73.16,0.0,,3.5,-0.04,3.32,0.39,639.75,420.75,14.6,29.9,28.1,155.79,0.23,0.51,6,26.0,18.0,8.0,5.0,57.0,WATCH ⭐⭐,Expected ~41% CAGR (2yr) | Profit CAGR 22% | Promoter 73% holding | OPM 31% | FCF yield 3.2% | Piotroski F=6 (above average quality),Pattern still forming (not broken out),3-4 years,Medium-High,"yfinance, screener.in",100,199,,2026-06-06,2026-06-01,5,1.6,1,2.0
NILASPACES,Nila Spaces Limited,Real Estate,Real Estate - Development,496.0,Micro-Cap,MonthlyDoubleBottom,Forming,0.826,8,Sep 8mo | Mid rally 86% | Asymmetry 4%,,Downtrend,False,False,Below-MAs,False,Stage2,3,Bear,Choppy,12.32,19.4,10.21,10.47,62.66,152.8,372.59,152.8,1140.3,252.2,17.26,,2.79,0.12,9.55,0.0,,,0,none,18.2,31.3,6.46,31.0,34.51,15.43,9.61,36.03,469.8,32.68,93.33,143.85,96.1,97.1,0.2,multiple loss years in history,0.46,,2.69,,-62.63,-12.62,61.9,0.0,,0.05,0.02,,,20.47,10.6,39.8,16.2,-4.68,249.47,0.15,0.94,5,36.0,8.91,12.0,0.0,56.9,WATCH ⭐⭐,Expected ~252% CAGR (2yr) | Revenue CAGR 470% | Profit CAGR 144% | ROCE 31% | ROCE trend rising ↑ | Promoter 62% holding,Pattern still forming (not broken out),3-4 years,Medium-High,"yfinance, screener.in",100,91,,2026-06-06,2026-06-01,5,-6.3,1,-6.0
CAMS,Computer Age Management Services Limited,Technology,Information Technology Services,19628.0,Mid-Cap,MonthlyStage2,Stage Change,0.535,24,10-EMA=738 | 30-EMA=704 | Above by 8.0% | MA turning=Yes,MonthlyDoubleBottom+MonthlyStage2,Uptrend,True,False,Tight-Above-MAs,True,Downtrend,0,Bear,Choppy,761.0,704.43,615.56,646.85,731.92,871.78,1024.49,865.93,14.6,7.0,41.33,30.65,14.85,2.26,27.54,158.0,-24.4,880.56,18,buy,39.0,49.0,0.89,45.0,0.37,31.39,21.46,6.61,15.97,16.51,1.51,18.31,18.15,10.9,0.15,highly inconsistent earnings,0.05,,3.43,,386.33,1.97,0.0,0.0,,44.44,-0.21,22.06,0.06,875.0,611.4,13.0,24.5,9.15,51.29,0.18,0.11,7,34.0,17.92,2.0,3.0,56.9,WATCH ⭐⭐,Expected ~7% CAGR (2yr) | Revenue CAGR 16% | ROE 39% | ROCE 49% | ROCE trend rising ↑ | Nearly debt-free,Earnings due 2026-07-30,3-4 years,Medium-High,"yfinance, screener.in",100,69,2026-07-30,2026-06-06,2026-06-01,5,-2.4,1,-1.7
NESTLEIND,Nestlé India Limited,Consumer Defensive,Packaged Foods,274110.0,Large-Cap,MonthlyStage2,Stage Change,0.941,24,10-EMA=1313 | 30-EMA=1215 | Above by 14.1% | MA turning=Yes,MonthlyDoubleBottom+MonthlyStage2,Uptrend,True,False,Tight-Above-MAs,True,Stage2,15,Bear,Choppy,1386.2,1214.77,1067.84,1178.27,703.15,1361.7,779.21,740.2,,,78.1,60.01,53.15,14.82,51.49,84.0,-16.68,1472.92,36,none,74.3,85.4,-11.0,23.0,-0.0,15.11,22.69,14.62,6.58,,9.07,5.27,,27.2,0.15,highly inconsistent earnings,0.09,,0.96,,3850.97,1.4,62.76,0.0,,9.74,-0.07,12.4,0.3,1498.1,1084.7,7.5,27.8,30.19,8.24,0.29,0.49,3,25.0,23.79,0.0,8.0,56.8,WATCH ⭐⭐,ROE 74% | ROCE 85% | Nearly debt-free | Promoter 63% holding | MonthlyStage2 forming (24mo base) | Weekly uptrend,High PE 78 | Earnings due 2026-04-21,3-4 years,Medium-High,"yfinance, screener.in",100,287,2026-04-21,2026-06-06,2026-06-01,5,-3.2,1,-2.7
CARERATING,CARE Ratings Limited,Financial Services,Financial Data & Stock Exchanges,4863.0,Small-Cap,MonthlyDoubleBottom,Forming,0.925,14,Sep 14mo | Mid rally 93% | Asymmetry 1%,,Sideways-Above-MA,True,False,Constructive,False,Stage2,12,Bear,Choppy,1609.6,708.57,364.76,1368.16,1549.49,1967.39,2497.99,1967.39,22.2,10.6,28.49,20.69,5.22,1.06,21.68,136.0,23.86,2130.0,1,strong_buy,19.7,26.3,1.54,42.0,0.97,36.18,11.09,17.66,19.24,13.78,24.29,26.97,13.84,24.0,0.15,highly inconsistent earnings,0.03,,5.75,,134.75,2.77,,,,23.25,0.25,31.38,0.08,1964.0,1392.7,18.0,15.6,1.02,114.16,0.21,0.39,7,35.0,16.6,3.0,2.0,56.6,WATCH ⭐⭐,Expected ~11% CAGR (2yr) | Revenue CAGR 19% | Profit CAGR 27% | ROCE 26% | ROCE trend rising ↑ | Nearly debt-free,Pattern still forming (not broken out),3-4 years,Medium-High,"yfinance, screener.in",90,163,,2026-06-06,2026-06-01,5,-8.3,1,-4.0
BUTTERFLY,Butterfly Gandhimathi Appliances Limited,Consumer Cyclical,"Furnishings, Fixtures & Appliances",1187.0,Small-Cap,MonthlyDoubleBottom,Forming,1.0,37,Sep 37mo | Mid rally 368% | Asymmetry 1%,,Sideways,False,False,Below-MAs,True,Stage2,3,Bear,Choppy,656.3,642.47,136.69,557.85,1547.61,1960.82,2484.36,1960.82,198.8,72.8,25.98,,3.19,0.97,13.12,,100.0,,0,none,13.08,,,5.96,,4.84,6.84,16.7,,,26.7,,,26.6,0.5,insufficient history,0.02,,2.1,,62.91,5.3,75.0,0.0,,0.01,-0.01,0.43,0.0,823.85,565.8,20.3,16.0,-2.59,-62.52,0.06,-0.05,5,30.0,15.5,10.0,1.0,56.5,WATCH ⭐⭐,Expected ~73% CAGR (2yr) | Revenue CAGR 17% | Profit CAGR 27% | Nearly debt-free | Promoter 75% holding | FCF yield 5.3%,Pattern still forming (not broken out),3-4 years,Medium-High,"yfinance, screener.in",70,147,,2026-06-06,2026-06-01,5,-3.6,1,-9.5
AGI,AGI Greenpac Limited,Consumer Cyclical,Packaging & Containers,3817.0,Small-Cap,MonthlyDoubleBottom,Forming,1.0,34,Sep 34mo | Mid rally 177% | Asymmetry 3%,,Sideways,False,False,Below-MAs,True,Stage2,3,Bear,Choppy,598.95,127.95,45.52,509.11,5565.97,9360.84,15743.07,9360.84,1462.9,295.3,10.86,9.25,1.59,0.16,6.54,119.0,11.87,,0,none,15.8,19.6,1.14,22.0,1.71,13.19,7.51,5.38,5.76,6.13,9.32,68.18,26.66,19.4,0.15,highly inconsistent earnings,0.1,,1.51,,12.41,0.33,60.39,0.16,,6.78,-0.46,2.03,-0.21,1009.0,465.0,40.6,28.8,-31.67,-19.23,0.15,-0.06,6,29.0,15.5,12.0,0.0,56.5,WATCH ⭐⭐,Expected ~295% CAGR (2yr) | Profit CAGR 68% | ROCE trend rising ↑ | Low D/E 0.10 | Promoter 60% holding | Piotroski F=6 (above average quality),Pattern still forming (not broken out),3-4 years,Medium-High,"yfinance, screener.in",100,288,,2026-06-06,2026-06-01,5,3.7,1,-4.0
VIJAYA,Vijaya Diagnostic Centre Limited,Healthcare,Diagnostics & Research,13464.0,Mid-Cap,MonthlyStage2,Stage Change,1.0,24,10-EMA=1055 | 30-EMA=924 | Above by 40.7% | MA turning=Yes,,Uptrend,True,True,Tight-Above-MAs,True,Stage2,5,Bear,Choppy,1300.1,924.15,746.56,1105.08,1020.07,1320.52,1638.28,1292.73,1.6,0.8,78.12,49.98,15.55,2.92,40.36,15.0,25.99,1362.2,10,none,19.7,21.3,-1.4,41.0,-0.77,21.25,11.02,19.53,21.04,16.64,20.14,26.73,15.27,38.4,0.15,highly inconsistent earnings,0.44,,2.6,,-1.45,-0.01,52.51,-0.09,,13.38,-1.72,29.93,1.33,1379.3,848.0,5.7,53.3,39.94,153.77,1.38,0.28,4,24.0,24.5,0.0,8.0,56.5,WATCH ⭐⭐,Expected ~1% CAGR (2yr) | Revenue CAGR 21% | Profit CAGR 27% | ROCE 21% | Promoter 53% holding | OPM 41%,High PE 78 | Margin compression ↓,3-4 years,Medium-High,"yfinance, screener.in",100,57,,2026-06-06,2026-06-01,5,0.0,1,-4.0
ADOR,Ador Welding Limited,Industrials,Specialty Industrial Machinery,1983.0,Small-Cap,MonthlyDoubleBottom,Forming,1.0,24,Sep 24mo | Mid rally 155% | Asymmetry 1%,MonthlyDoubleBottom+MonthlyStage2,Sideways-Above-MA,True,False,Constructive,True,Stage2,4,Bear,Choppy,1132.3,320.97,125.09,962.45,2056.43,2511.72,3067.82,2511.72,121.8,48.9,24.21,15.28,3.58,1.09,14.47,224.0,16.96,1307.0,1,none,15.8,22.5,2.23,11.0,0.83,5.82,,1.51,19.92,16.73,36.67,22.14,26.82,73.4,0.15,highly inconsistent earnings,0.0,,,,,,53.76,0.02,,0.37,0.23,12.63,0.07,1260.0,848.0,10.1,33.5,21.05,-25.49,0.19,0.29,3,25.0,18.5,7.0,6.0,56.5,WATCH ⭐⭐,Expected ~49% CAGR (2yr) | Revenue CAGR 20% | Profit CAGR 22% | ROCE 22% | ROCE trend rising ↑ | Nearly debt-free,Pattern still forming (not broken out),3-4 years,Medium-High,"yfinance, screener.in",80,262,,2026-06-06,2026-06-01,5,7.3,1,-2.0
TRENT,Trent Limited,Consumer Cyclical,Apparel Retail,150158.0,Large-Cap,MonthlyDoubleBottom,Forming,0.852,10,Sep 10mo | Mid rally 92% | Asymmetry 7%,,Sideways,False,False,Below-MAs,True,Stage2,3,Bear,Choppy,4069.6,8337.78,4192.37,3982.75,4590.66,12483.19,12267.35,7504.34,206.7,75.1,86.95,56.49,21.5,1.37,54.92,14.0,43.28,4769.09,25,buy,27.9,27.8,6.26,18.0,2.31,8.57,13.71,17.15,34.54,50.58,12.19,63.47,74.62,25.8,0.15,highly inconsistent earnings,0.36,,1.26,,997.66,0.66,37.01,0.0,,15.59,-0.03,22.19,0.82,6261.0,3275.5,35.0,24.2,-26.77,108.33,0.38,0.38,6,39.0,12.22,5.0,0.0,56.2,WATCH ⭐⭐,Expected ~75% CAGR (2yr) | Revenue CAGR 35% | Profit CAGR 63% | ROE 28% | ROCE 28% | ROCE trend rising ↑,High PE 87 | Earnings due 2026-04-22 | Pattern still forming (not broken out),3-4 years,Medium-High,"yfinance, screener.in",100,287,2026-04-22,2026-06-06,2026-06-01,5,0.0,1,-4.0
COFORGE,Coforge Limited,Technology,Information Technology Services,61137.0,Large-Cap,MonthlyDoubleBottom,Forming,0.964,29,Sep 29mo | Mid rally 105% | Asymmetry 9%,MonthlyDoubleBottom+MonthlyStage2,Sideways,False,True,Below-MAs,True,Downtrend,0,Bear,Choppy,1435.5,1984.96,924.97,1220.17,1972.77,3044.95,3479.15,2619.84,112.1,45.6,32.47,20.71,5.01,0.99,15.6,113.0,-35.92,1644.85,34,buy,20.6,23.5,-1.23,18.0,-0.11,9.48,10.8,36.11,26.96,28.6,86.43,32.8,30.22,134.4,0.15,highly inconsistent earnings,0.07,,1.61,,1715.94,2.81,,,,23.32,-7.34,44.42,-11.76,1994.0,1008.1,28.0,42.4,-11.66,39.28,0.56,0.16,5,32.0,14.07,10.0,0.0,56.1,WATCH ⭐⭐,Expected ~46% CAGR (2yr) | Revenue CAGR 27% | Profit CAGR 33% | ROE 21% | ROCE 24% | Nearly debt-free,Earnings due 2026-07-23 | Pattern still forming (not broken out),3-4 years,Medium-High,"yfinance, screener.in",90,263,2026-07-23,2026-06-06,2026-06-01,5,1.7,1,-5.0
WHEELS,Wheels India Limited,Consumer Cyclical,Auto Parts,3850.0,Small-Cap,MonthlyDoubleBottom,Breakout Ready,1.0,33,Sep 33mo | Mid rally 148% | Asymmetry 5%,,Uptrend,True,True,Tight-Above-MAs,True,Stage2,3,Bear,Choppy,1564.2,1236.83,487.61,1329.57,5319.45,7754.69,11304.78,7754.69,395.8,122.7,24.82,42.27,3.7,0.54,,92.0,-8.73,,0,none,15.8,18.8,2.6,8.0,0.37,3.19,,15.2,5.61,17.76,41.07,45.78,27.44,-9.8,0.15,highly inconsistent earnings,,,,,,,58.31,0.0,,1.15,-0.03,9.64,-0.17,1744.0,705.85,10.3,121.6,102.86,76.38,3.16,,2,16.0,26.0,6.0,8.0,56.0,WATCH ⭐⭐,Expected ~123% CAGR (2yr) | Profit CAGR 46% | ROCE trend rising ↑ | Promoter 58% holding | PEG 0.54 — undervalued | MonthlyDoubleBottom — Breakout Ready,None identified,3-4 years,Medium-High,"yfinance, screener.in",70,287,,2026-06-06,2026-06-01,5,0.0,1,-4.0
PANSARI,Pansari Developers Limited,Real Estate,Real Estate - Development,523.0,Small-Cap,MonthlyDoubleBottom,Breakout Ready,0.963,14,Sep 14mo | Mid rally 106% | Asymmetry 10%,,Downtrend,False,False,Constructive,True,Stage2,3,Bear,Choppy,284.55,152.0,70.2,241.87,719.18,1549.41,3338.05,1549.41,444.5,133.3,30.69,,3.69,0.27,24.25,0.0,,,0,none,13.8,12.5,1.11,15.0,0.0,16.83,,140.0,61.01,21.67,150.0,115.44,37.97,1550.5,0.15,highly inconsistent earnings,0.48,,,,,,73.88,0.0,,,,,,352.3,218.0,19.2,30.5,26.49,207.47,5.53,-0.44,2,27.0,15.0,8.0,6.0,56.0,WATCH ⭐⭐,Expected ~133% CAGR (2yr) | Revenue CAGR 61% | Profit CAGR 115% | ROCE trend rising ↑ | Promoter 74% holding | PEG 0.27 — deeply undervalued,None identified,3-4 years,Medium-High,"yfinance, screener.in",80,112,,2026-06-06,2026-06-01,5,10.1,1,-0.1
CHALET,CHALET HOTELS LIMITED,Consumer Cyclical,Lodging,0.0,Micro-Cap,MonthlyDoubleBottom,Forming,0.557,8,Sep 8mo | Mid rally 61% | Asymmetry 6%,,Sideways,False,False,Below-MAs,True,Stage2,3,Bear,Choppy,777.45,1051.29,633.35,660.83,2661.8,2827.49,6164.4,4050.73,263.7,90.7,26.67,24.95,4.64,0.51,16.18,25.0,,992.62,21,strong_buy,19.2,17.1,3.83,43.0,7.94,23.29,8.33,61.23,34.91,57.48,354.23,52.18,38.4,31.6,0.2,multiple loss years in history,0.64,,0.7,,383.46,,67.29,-0.04,,4.71,-0.37,24.57,0.58,1082.0,691.35,28.1,12.5,-8.8,40.87,0.17,-0.04,6,34.0,8.68,13.0,0.0,55.7,WATCH ⭐⭐,Expected ~91% CAGR (2yr) | Revenue CAGR 35% | Profit CAGR 52% | ROCE trend rising ↑ | Promoter 67% holding | OPM 43%,Pattern still forming (not broken out),3-4 years,Medium-High,"yfinance, screener.in",100,89,,2026-06-06,2026-06-01,5,-2.9,1,-3.0
COLPAL,Colgate-Palmolive (India) Limited,Consumer Defensive,Household & Personal Products,56026.0,Large-Cap,MonthlyDoubleBottom,Forming,0.511,17,Sep 17mo | Mid rally 59% | Asymmetry 8%,,Downtrend,False,False,Below-MAs,False,Stage2,15,Bear,Choppy,1999.5,1418.08,861.94,1699.58,3850.01,4216.88,7911.48,5519.0,110.9,45.2,42.19,35.01,35.37,0.97,29.21,233.0,9.35,2263.7,27,hold,158.0,179.0,31.8,22.0,1.4,21.96,33.52,15.43,14.93,,51.39,43.35,,-0.5,0.4,lumpy earner,0.03,,1.28,,1955.26,3.49,51.0,0.0,,13.6,-1.58,15.25,1.75,2504.0,1782.0,20.1,12.2,-4.33,-13.86,0.2,0.56,6,40.0,5.63,9.0,1.0,55.6,WATCH ⭐⭐,Expected ~45% CAGR (2yr) | Profit CAGR 43% | ROE 158% | ROCE 179% | ROCE trend rising ↑ | Nearly debt-free,Earnings due 2026-07-22 | Pattern still forming (not broken out),3-4 years,Medium-High,"yfinance, screener.in",100,288,2026-07-22,2026-06-06,2026-06-01,5,-8.6,1,-7.0
GPTHEALTH,GPT Healthcare Limited,Healthcare,Medical Care Facilities,1168.0,Small-Cap,MonthlyDoubleBottom,Forming,0.633,9,Sep 9mo | Mid rally 64% | Asymmetry 1%,,Uptrend,True,False,Constructive,True,Stage2,5,Bear,Choppy,149.64,203.87,124.04,127.19,257.51,292.79,332.91,292.79,95.7,39.9,27.65,14.24,4.61,2.02,14.36,211.0,-28.57,136.0,1,none,28.5,23.6,10.0,22.0,2.5,8.94,8.41,38.68,,,100.0,,,13.0,1.0,steady compounder (low CV),0.34,,1.12,,19.64,1.68,65.57,0.0,,2.81,0.08,6.84,0.64,185.0,115.0,19.1,30.1,-8.17,,0.28,0.49,6,35.0,15.6,4.0,1.0,55.6,WATCH ⭐⭐,Expected ~40% CAGR (2yr) | Revenue CAGR 25% | ROE 28% | ROCE 24% | ROCE trend rising ↑ | Promoter 66% holding,Pattern still forming (not broken out),3-4 years,Medium-High,"yfinance, screener.in",80,29,,2026-06-06,2026-06-01,5,4.8,1,-2.0
SHARDAMOTR,Sharda Motor Industries Limited,Consumer Cyclical,Auto Parts,4841.0,Small-Cap,MonthlyDoubleBottom,Forming,1.0,44,Sep 44mo | Mid rally 319% | Asymmetry 7%,,Downtrend,False,False,Below-MAs,False,Stage2,3,Bear,Choppy,813.35,600.75,138.94,691.35,2965.11,3509.81,4154.56,3509.81,331.5,107.7,14.35,,4.24,0.78,9.31,193.0,58.58,,0,none,27.9,36.0,1.6,12.0,1.14,10.17,11.18,19.74,7.96,14.36,9.52,18.37,38.79,6.5,0.15,highly inconsistent earnings,0.04,,1.98,,241.62,4.99,64.31,0.0,,2.43,0.2,11.51,-0.19,1248.0,700.0,34.8,16.2,-16.97,-20.42,0.19,0.56,6,33.0,12.5,10.0,0.0,55.5,WATCH ⭐⭐,Expected ~108% CAGR (2yr) | ROE 28% | ROCE 36% | ROCE trend rising ↑ | Nearly debt-free | Promoter 64% holding,Pattern still forming (not broken out),3-4 years,Medium-High,"yfinance, screener.in",100,130,,2026-06-06,2026-06-01,5,-7.9,1,-8.0
IEX,Indian Energy Exchange Limited,Financial Services,Capital Markets,11411.0,Mid-Cap,MonthlyDoubleBottom,Forming,1.0,33,Sep 33mo | Mid rally 112% | Asymmetry 4%,MonthlyCupHandle+MonthlyDoubleBottom,Sideways,False,False,Below-MAs,True,Stage2,12,Bear,Choppy,125.48,233.91,108.28,106.66,137.19,359.54,188.54,160.83,186.5,69.3,23.16,20.3,8.42,1.34,14.88,312.0,51.83,141.18,11,none,39.4,51.4,-1.26,84.0,0.71,65.99,16.95,14.71,15.38,14.14,14.92,17.23,19.18,10.8,0.15,highly inconsistent earnings,0.01,,2.0,,799.84,7.01,,,,14.16,2.74,30.26,-4.69,215.4,114.6,41.7,9.5,-25.48,-16.95,0.29,0.31,5,35.0,15.5,5.0,0.0,55.5,WATCH ⭐⭐,Expected ~69% CAGR (2yr) | Revenue CAGR 15% | ROE 39% | ROCE 51% | Nearly debt-free | OPM 84%,Earnings due 2026-04-23 | Pattern still forming (not broken out),3-4 years,Medium-High,"yfinance, screener.in",90,104,2026-04-23,2026-06-06,2026-06-01,5,0.0,1,-4.0
MGEL,Mangalam Global Enterprise Limited,Consumer Defensive,Farm Products,494.0,Micro-Cap,MonthlyCupHandle,Forming,0.832,42,Cup 42mo | Depth 54% | Prior gain 28% | R²=0.96,,Sideways,False,False,Below-MAs,True,Stage2,15,Bear,Choppy,12.75,19.37,8.82,10.84,106.81,161.57,244.41,161.57,1167.2,256.0,10.95,,2.19,0.21,11.21,7.0,-53.38,,0,none,16.2,16.8,2.09,2.0,0.23,1.34,5.38,48.36,33.45,28.66,95.65,51.27,55.18,140.7,0.15,highly inconsistent earnings,0.87,,1.37,,0.88,0.18,72.39,0.92,,0.18,0.01,0.0,0.0,18.4,9.53,30.7,33.8,-5.85,7.74,0.15,0.07,6,29.0,13.48,12.0,1.0,55.5,WATCH ⭐⭐,Expected ~256% CAGR (2yr) | Revenue CAGR 33% | Profit CAGR 51% | ROCE trend rising ↑ | Promoter 72% holding | Piotroski F=6 (above average quality),Pattern still forming (not broken out),3-4 years,Medium-High,"yfinance, screener.in",100,78,,2026-06-06,2026-06-01,5,0.0,1,-4.0
ONWARDTEC,Onward Technologies Limited,Technology,Information Technology Services,595.0,Small-Cap,MonthlyDoubleBottom,Forming,1.0,31,Sep 31mo | Mid rally 245% | Asymmetry 6%,,Sideways,False,False,Below-MAs,True,Downtrend,0,Bear,Choppy,255.1,720.06,202.91,216.83,1002.73,1591.73,2526.71,1591.73,524.0,149.8,13.57,,2.34,0.23,7.28,189.0,18.56,,0,none,19.5,23.0,1.31,13.0,1.17,8.15,10.24,10.79,7.25,17.78,62.96,58.74,44.43,-8.3,0.15,highly inconsistent earnings,0.16,,3.66,,20.84,3.5,39.07,-0.02,,9.83,0.44,3.54,0.64,385.0,208.25,33.7,22.5,-17.16,-71.51,0.39,0.78,6,29.0,14.5,12.0,0.0,55.5,WATCH ⭐⭐,Expected ~150% CAGR (2yr) | Profit CAGR 59% | ROCE 23% | ROCE trend rising ↑ | Low D/E 0.16 | FCF yield 3.5%,Pattern still forming (not broken out),3-4 years,Medium-High,"yfinance, screener.in",100,288,,2026-06-06,2026-06-01,5,-1.2,1,-4.0
ARTEMISMED,Artemis Medicare Services Limited,,,0.0,Micro-Cap,MonthlyStage2,Stage Change,1.0,24,10-EMA=253 | 30-EMA=230 | Above by 16.7% | MA turning=Yes,MonthlyDoubleBottom+MonthlyStage2,Uptrend,True,False,Tight-Above-MAs,True,Unknown,0,Bear,Choppy,268.2,229.83,205.51,227.97,113.14,254.15,221.38,158.26,,,119.37,21.87,4.62,2.99,20.09,0.16,0.0,335.0,3,strong_buy,12.0,14.6,2.09,17.0,1.54,9.33,7.62,15.37,13.62,21.52,26.83,39.88,76.92,28.3,0.15,highly inconsistent earnings,0.28,,1.74,,10.12,,58.39,0.01,,12.19,-0.28,2.89,-0.02,297.5,203.35,9.8,31.9,18.05,93.37,0.2,,7,26.0,23.5,2.0,4.0,55.5,WATCH ⭐⭐,Profit CAGR 40% | ROCE trend rising ↑ | Low D/E 0.28 | Promoter 58% holding | Piotroski F=7 (high quality compounder) | MonthlyStage2 forming (24mo base),High PE 119,3-4 years,Medium-High,"yfinance, screener.in",100,78,,2026-06-06,2026-06-01,5,-2.6,1,2.0
BORORENEW,Borosil Renewables Limited,Technology,Solar,7039.0,Small-Cap,MonthlyDoubleBottom,Forming,0.896,36,Sep 36mo | Mid rally 91% | Asymmetry 1%,MonthlyCupHandle+MonthlyDoubleBottom+MonthlyStage2,Sideways,False,False,Below-MAs,True,Downtrend,0,Bear,Choppy,524.3,721.0,374.4,445.65,457.19,1067.6,862.62,628.0,103.6,42.7,52.93,,5.98,1.42,22.03,0.0,4.0,,0,none,26.1,25.3,0.91,28.0,0.8,-4.03,,5.42,20.42,19.71,245.98,37.36,34.36,,0.2,multiple loss years in history,0.23,,,,,,58.77,0.0,,4.27,0.26,2.33,-0.24,721.0,374.4,27.3,40.0,-8.88,-13.95,1.04,0.07,3,38.0,13.25,4.0,0.0,55.2,WATCH ⭐⭐,Expected ~43% CAGR (2yr) | Revenue CAGR 20% | Profit CAGR 37% | ROE 26% | ROCE 25% | ROCE trend rising ↑,High PE 53 | Pattern still forming (not broken out),3-4 years,Medium-High,"yfinance, screener.in",80,98,,2026-06-06,2026-06-01,5,-0.2,1,-5.0
HDFCAMC,HDFC Asset Management Company Limited,Financial Services,Asset Management,114635.0,Large-Cap,MonthlyDoubleBottom,Forming,0.521,6,Sep 6mo | Mid rally 59% | Asymmetry 7%,,Sideways-Above-MA,True,False,Below-MAs,True,Stage2,12,Bear,Choppy,2653.6,1448.93,882.86,2255.56,1800.71,2580.35,2866.53,2271.96,,,40.16,30.47,12.41,1.53,30.16,202.0,28.92,3042.93,28,strong_buy,32.9,42.9,2.5,80.0,0.9,61.83,24.83,1.75,18.49,,16.18,26.17,,-2.5,0.75,consistent growth,,,1.69,,2392.47,2.09,52.37,-0.01,,24.45,0.46,14.42,-0.48,2967.25,2205.6,10.6,20.3,11.86,122.9,0.47,0.6,7,39.0,10.25,2.0,4.0,55.2,WATCH ⭐⭐,Revenue CAGR 18% | Profit CAGR 26% | ROE 33% | ROCE 43% | ROCE trend rising ↑ | Promoter 52% holding,Earnings due 2026-07-16 | Pattern still forming (not broken out),3-4 years,Medium-High,"yfinance, screener.in",90,94,2026-07-16,2026-06-06,2026-06-01,5,0.0,1,-4.0
TORNTPHARM,Torrent Pharmaceuticals Limited,Healthcare,Drug Manufacturers - Specialty & Generic,149282.0,Large-Cap,MonthlyCupHandle,Forming,0.684,20,Cup 20mo | Depth 26% | Prior gain 68% | R²=0.93,MonthlyCupHandle+MonthlyDoubleBottom,Uptrend,True,True,Tight-Above-MAs,True,Stage2,5,Bear,Choppy,4460.1,4457.0,3302.11,3791.09,3475.49,5611.89,4983.87,4161.9,25.8,12.2,68.96,46.46,17.68,3.49,37.56,86.0,19.98,4854.5,28,buy,27.6,15.4,0.49,33.0,0.57,15.47,7.25,21.4,13.27,11.8,11.88,19.75,11.3,-21.9,0.15,highly inconsistent earnings,0.85,,1.13,,2277.78,1.53,68.31,0.0,,16.18,0.05,8.96,-0.09,4712.9,3102.0,5.4,43.8,39.73,118.84,0.48,0.14,6,27.0,20.21,0.0,8.0,55.2,WATCH ⭐⭐,Expected ~12% CAGR (2yr) | ROE 28% | ROCE trend rising ↑ | Promoter 68% holding | OPM 33% | Piotroski F=6 (above average quality),High PE 69 | Earnings due 2026-07-27 | Pattern still forming (not broken out),3-4 years,Medium-High,"yfinance, screener.in",100,287,2026-07-27,2026-06-06,2026-06-01,5,0.0,1,-4.0
KAPSTON,Kapston Services Limited,Industrials,Specialty Business Services,1064.0,Small-Cap,MonthlyDoubleBottom,Forming,0.622,14,Sep 14mo | Mid rally 72% | Asymmetry 9%,,Uptrend,True,False,Tight-Above-MAs,True,Stage2,4,Bear,Choppy,325.05,65.23,36.33,276.29,482.19,791.28,1298.49,791.28,143.4,56.0,39.82,,10.45,0.62,31.7,0.0,,,0,none,27.4,14.9,2.0,5.0,0.5,3.34,,20.46,,,55.56,,,64.1,1.0,steady compounder (low CV),1.72,,,,,,72.87,0.0,,,,,,433.5,227.0,25.0,43.2,43.92,332.06,0.43,0.19,3,24.0,18.96,5.0,7.0,55.0,WATCH ⭐⭐,Expected ~56% CAGR (2yr) | Revenue CAGR 16% | Profit CAGR 64% | ROE 27% | ROCE trend rising ↑ | Promoter 73% holding,High D/E 1.7 | Pattern still forming (not broken out),3-4 years,Medium-High,"yfinance, screener.in",60,98,,2026-06-06,2026-06-01,5,0.0,1,-4.0
HATSUN,Hatsun Agro Product Limited,Consumer Defensive,Packaged Foods,20028.0,Mid-Cap,MonthlyDoubleBottom,Forming,0.614,30,Sep 30mo | Mid rally 65% | Asymmetry 3%,,Downtrend,False,False,Below-MAs,False,Stage2,15,Bear,Choppy,944.0,1384.31,825.48,802.4,6144.32,29965.85,146143.45,29965.85,3074.3,463.4,56.2,39.61,10.95,0.14,18.57,222.0,18.56,935.0,2,hold,16.7,12.9,1.0,12.0,1.9,3.58,8.13,10.62,103.56,,24.73,387.7,,2.5,0.15,highly inconsistent earnings,0.94,,0.52,,929.11,4.64,73.17,0.0,,3.13,-0.07,10.26,-0.02,1179.0,855.3,19.9,10.4,6.97,-18.5,0.15,-0.13,6,33.0,7.87,12.0,2.0,54.9,WATCH ⭐⭐,Expected ~463% CAGR (2yr) | Revenue CAGR 104% | Profit CAGR 388% | ROCE trend rising ↑ | Promoter 73% holding | FCF yield 4.6%,High PE 56 | Earnings due 2026-07-20 | Pattern still forming (not broken out),3-4 years,Medium-High,"yfinance, screener.in",100,144,2026-07-20,2026-06-06,2026-06-01,5,0.0,1,-4.0
JYOTHYLAB,Jyothy Labs Limited,Consumer Defensive,Household & Personal Products,7511.0,Small-Cap,MonthlyDoubleBottom,Breakout Ready,0.463,6,Sep 6mo | Mid rally 50% | Asymmetry 3%,,Downtrend,False,False,Below-MAs,False,Stage2,15,Bear,Choppy,213.5,86.18,56.71,181.47,660.1,640.46,1159.23,874.76,200.0,73.2,21.97,18.43,5.22,0.68,15.92,171.0,11.87,289.0,11,none,19.0,24.6,2.4,18.0,0.57,11.32,9.83,3.26,9.04,10.72,0.27,32.52,17.82,-11.5,0.15,highly inconsistent earnings,0.03,,2.68,,267.48,3.56,62.89,0.0,,12.35,-0.42,14.62,-0.52,364.8,196.15,41.5,8.8,-29.97,-20.62,1.31,0.56,6,34.0,7.56,13.0,0.0,54.6,WATCH ⭐⭐,Expected ~73% CAGR (2yr) | Profit CAGR 33% | ROCE 25% | ROCE trend rising ↑ | Nearly debt-free | Promoter 63% holding,None identified,3-4 years,Medium-High,"yfinance, screener.in",100,222,,2026-06-06,2026-06-01,5,0.0,1,-4.0
MOLDTKPAC,Mold-Tek Packaging Limited,Consumer Cyclical,Packaging & Containers,2335.0,Small-Cap,MonthlyDoubleBottom,Forming,1.0,44,Sep 44mo | Mid rally 161% | Asymmetry 6%,MonthlyDoubleBottom+MonthlyStage2,Sideways-Above-MA,True,True,Constructive,True,Stage2,3,Bear,Choppy,709.0,1088.22,406.02,602.65,1337.55,1770.42,2123.16,1685.18,149.7,58.0,32.05,20.48,3.38,1.23,14.74,57.0,-30.66,810.33,9,none,17.8,22.2,0.09,19.0,0.49,8.22,7.09,31.73,15.93,15.96,33.33,25.99,21.67,26.9,0.75,consistent growth,0.32,,1.49,,-63.1,-2.7,33.19,0.12,,9.69,-0.67,20.95,0.83,892.9,464.9,20.6,52.5,-8.4,-47.38,0.38,0.43,5,26.0,18.5,9.0,1.0,54.5,WATCH ⭐⭐,Expected ~58% CAGR (2yr) | Revenue CAGR 16% | Profit CAGR 26% | ROCE 22% | ROCE trend rising ↑ | EPS: consistent growth,Pattern still forming (not broken out),3-4 years,Medium-High,"yfinance, screener.in",100,137,,2026-06-06,2026-06-01,5,4.0,1,-6.0
J&KBANK,Jammu and Kashmir Bank Limited,Financial Services,Banks - Regional,15456.0,Mid-Cap,MonthlyDoubleBottom,Forming,1.0,14,Sep 14mo | Mid rally 109% | Asymmetry 6%,MonthlyCupHandle+MonthlyDoubleBottom,Uptrend,True,False,Uptrend,True,Stage2,12,Bear,Choppy,133.32,46.14,21.49,113.32,553.55,697.25,878.26,697.25,423.0,128.7,6.55,6.02,0.94,0.25,,153.0,64.5,198.0,1,none,15.4,5.84,,23.3,,34.68,1.32,4.86,12.02,10.15,13.35,25.96,40.7,,0.15,highly inconsistent earnings,,,,,,,59.4,0.0,,8.35,0.21,6.0,0.16,145.0,97.35,8.1,36.9,25.18,107.4,0.79,0.49,2,15.0,21.5,10.0,8.0,54.5,WATCH ⭐⭐,Expected ~129% CAGR (2yr) | Profit CAGR 26% | Promoter 59% holding | Dividend growing 64%/yr | PEG 0.25 — deeply undervalued | MonthlyDoubleBottom forming (14mo base),Pattern still forming (not broken out),3-4 years,Medium-High,"yfinance, screener.in",80,286,,2026-06-06,2026-06-01,5,0.0,1,-4.0
MWL,MANGALAM WORLDWIDE LTD,Basic Materials,Steel,1124.0,Small-Cap,MonthlyDoubleBottom,Forming,0.377,6,Sep 6mo | Mid rally 43% | Asymmetry 5%,,Uptrend,True,True,Tight-Above-MAs,True,Stage2,1,Bear,Choppy,378.8,183.78,125.07,321.98,512.87,720.94,1013.42,720.94,90.3,38.0,22.43,,4.06,0.55,17.2,5.0,-41.52,,0,none,18.0,17.6,0.6,8.0,1.17,3.41,,13.96,23.33,31.95,66.67,40.57,75.54,74.5,0.15,highly inconsistent earnings,0.79,,,,,,66.5,0.0,,0.01,0.01,0.0,-0.36,388.0,150.0,2.4,152.5,107.39,197.48,0.39,0.55,3,24.0,15.52,5.0,10.0,54.5,WATCH ⭐⭐,Expected ~38% CAGR (2yr) | Revenue CAGR 23% | Profit CAGR 41% | ROCE trend rising ↑ | Promoter 66% holding | PEG 0.55 — undervalued,Pattern still forming (not broken out),3-4 years,Medium-High,"yfinance, screener.in",80,48,,2026-06-06,2026-06-01,5,2.3,1,-4.0
REMSONSIND,Remsons Industries Limited,Consumer Cyclical,Auto Parts,331.0,Micro-Cap,MonthlyDoubleBottom,Forming,1.0,15,Sep 15mo | Mid rally 598% | Asymmetry 8%,,Downtrend,False,False,Below-MAs,False,Stage2,3,Bear,Choppy,84.96,25.13,3.46,72.22,347.27,479.06,660.87,479.06,463.9,137.5,18.22,,2.21,0.48,7.51,53.0,14.47,,0,none,13.5,15.5,0.5,11.0,1.31,3.81,6.88,24.4,14.43,15.72,23.53,37.95,39.33,14.7,0.75,consistent growth,0.63,,1.31,,20.8,6.29,65.53,-0.71,,2.33,-1.06,1.22,0.09,157.0,77.15,45.9,10.1,-26.33,5.4,0.26,,6,31.0,11.5,12.0,0.0,54.5,WATCH ⭐⭐,Expected ~138% CAGR (2yr) | Profit CAGR 38% | ROCE trend rising ↑ | Promoter 66% holding | FCF yield 6.3% | EPS: consistent growth,Pattern still forming (not broken out),3-4 years,Medium-High,"yfinance, screener.in",100,288,,2026-06-06,2026-06-01,5,-14.3,1,-4.0
UJJIVANSFB,Ujjivan Small Finance Bank Limited,Financial Services,Banks - Regional,10576.0,Mid-Cap,MonthlyDoubleBottom,Forming,1.0,36,Sep 36mo | Mid rally 122% | Asymmetry 2%,MonthlyCupHandle+MonthlyDoubleBottom,Sideways-Above-MA,True,False,Below-MAs,False,Stage2,12,Bear,Choppy,54.13,47.27,21.13,46.01,252.01,534.52,2811.38,841.73,887.5,214.2,15.5,8.05,1.55,0.07,,,20.0,73.71,17,none,10.74,,,29.52,,16.57,1.32,44.4,,,234.0,,,238.2,0.5,insufficient history,,,,,,,0.0,0.0,,17.23,1.78,31.12,2.45,68.0,41.32,20.4,31.0,18.12,26.79,0.88,0.51,2,23.0,17.5,11.0,3.0,54.5,WATCH ⭐⭐,Expected ~214% CAGR (2yr) | Revenue CAGR 44% | Profit CAGR 234% | OPM 30% | FII buying +1.8% ↑ | DII buying +2.5% ↑,Pattern still forming (not broken out),3-4 years,Medium-High,"yfinance, screener.in",50,78,,2026-06-06,2026-06-01,5,0.0,1,-4.0
VARROC,Varroc Engineering Limited,Consumer Cyclical,Auto Parts,8639.0,Mid-Cap,MonthlyDoubleBottom,Forming,0.892,17,Sep 17mo | Mid rally 98% | Asymmetry 9%,MonthlyDoubleBottom+MonthlyStage2,Sideways,False,False,Below-MAs,True,Stage2,3,Bear,Choppy,560.4,492.96,239.02,476.34,3728.94,9758.84,67296.86,15841.26,1641.4,317.3,38.31,16.97,5.13,0.12,11.18,27.0,30.0,635.2,5,buy,15.2,19.0,3.83,9.0,0.54,2.53,6.61,9.03,8.86,15.24,228.57,324.82,-12.6,236.9,0.2,multiple loss years in history,0.51,,0.88,,296.92,3.44,75.0,0.0,,4.45,0.09,11.35,-1.05,694.7,462.0,19.3,21.3,6.62,43.88,0.27,0.32,5,26.0,13.2,13.0,2.0,54.2,WATCH ⭐⭐,Expected ~317% CAGR (2yr) | Profit CAGR 325% | ROCE trend rising ↑ | Promoter 75% holding | FCF yield 3.4% | Piotroski F=5 (above average quality),Pattern still forming (not broken out),3-4 years,Medium-High,"yfinance, screener.in",100,95,,2026-06-06,2026-06-01,5,0.0,1,-4.0
COALINDIA,Coal India Limited,Energy,Thermal Coal,282191.0,Large-Cap,MonthlyCupHandle,Forming,0.841,22,Cup 22mo | Depth 24% | Prior gain 85% | R²=0.92,MonthlyCupHandle+MonthlyDoubleBottom,Uptrend,True,True,Uptrend,True,Stage2,1,Bear,Choppy,472.3,487.57,371.22,401.45,936.84,743.7,936.84,936.84,57.5,25.5,9.07,8.01,2.37,,5.85,480.0,-39.22,454.0,26,hold,28.5,35.3,-2.49,24.0,1.31,18.46,7.12,17.46,6.8,13.34,-11.99,-0.69,19.59,12.9,0.15,highly inconsistent earnings,0.12,,1.86,,7237.59,2.56,63.13,0.0,,8.38,0.16,22.76,0.23,491.25,368.65,3.9,28.1,39.98,133.95,0.69,0.0,5,22.0,20.09,4.0,8.0,54.1,WATCH ⭐⭐,Expected ~26% CAGR (2yr) | Declining profits (-1% CAGR) ⚠️ | ROE 28% | ROCE 35% | Low D/E 0.12 | Promoter 63% holding,Earnings due 2026-04-27 | Pattern still forming (not broken out),3-4 years,Medium-High,"yfinance, screener.in",100,188,2026-04-27,2026-06-06,2026-06-01,5,3.4,1,-5.9
ACE,Action Construction Equipment Limited,Industrials,Farm & Heavy Construction Machinery,10533.0,Mid-Cap,MonthlyDoubleBottom,Forming,0.497,9,Sep 9mo | Mid rally 59% | Asymmetry 9%,,Sideways,False,False,Below-MAs,True,Stage2,4,Bear,Choppy,900.3,289.73,173.79,765.25,1709.65,2288.7,3063.89,2288.7,154.2,59.4,25.38,19.49,5.24,0.75,19.65,23.0,49.38,1247.0,2,strong_buy,22.9,31.7,3.66,15.0,1.34,12.65,9.83,-1.41,14.94,21.73,1.47,33.87,38.99,-6.5,0.4,lumpy earner,0.0,,1.33,,272.88,2.59,65.42,0.0,,9.58,-0.82,1.84,0.08,1277.0,745.1,29.5,20.8,-14.67,7.11,0.2,0.38,6,38.0,7.96,8.0,0.0,54.0,WATCH ⭐⭐,Expected ~59% CAGR (2yr) | Profit CAGR 34% | ROE 23% | ROCE 32% | ROCE trend rising ↑ | Nearly debt-free,Pattern still forming (not broken out),3-4 years,Medium-High,"yfinance, screener.in",100,238,,2026-06-06,2026-06-01,5,2.1,1,-7.0
SANSERA,Sansera Engineering Limited,Consumer Cyclical,Auto Parts,17833.0,Mid-Cap,MonthlyDoubleBottom,Forming,0.794,13,Sep 13mo | Mid rally 88% | Asymmetry 8%,,Uptrend,True,True,Tight-Above-MAs,True,Stage2,3,Bear,Choppy,2945.1,1751.11,896.77,2503.34,3479.98,3877.0,5903.8,4532.67,31.6,14.7,55.25,34.2,6.17,1.83,28.5,11.0,17.57,2893.5,10,buy,11.5,14.1,0.11,18.0,0.03,9.27,6.47,15.94,14.37,17.69,50.69,30.25,24.35,104.8,0.4,lumpy earner,0.19,,1.75,,-211.33,-1.19,30.1,-0.07,,18.79,-0.57,35.38,-0.92,2992.2,1216.3,1.6,142.1,126.72,191.56,0.41,0.76,6,21.0,21.03,2.0,10.0,54.0,WATCH ⭐⭐,Expected ~15% CAGR (2yr) | Profit CAGR 30% | ROCE trend rising ↑ | Low D/E 0.19 | Piotroski F=6 (above average quality) | Dividend growing 18%/yr,High PE 55 | Pattern still forming (not broken out),3-4 years,Medium-High,"yfinance, screener.in",100,58,,2026-06-06,2026-06-01,5,22.9,1,-4.0
ARVSMART,Arvind SmartSpaces Limited,Real Estate,Real Estate - Development,2725.0,Small-Cap,MonthlyDoubleBottom,Forming,1.0,42,Sep 42mo | Mid rally 291% | Asymmetry 2%,,Downtrend,False,False,Below-MAs,False,Stage2,3,Bear,Choppy,584.6,228.17,57.67,496.91,1146.74,1385.83,2732.68,1770.21,137.1,54.0,28.33,16.74,4.02,0.52,20.7,101.0,100.0,809.25,4,strong_buy,15.5,12.9,1.69,27.0,0.83,17.1,2.9,-20.9,30.12,30.5,-13.45,54.37,62.82,121.0,0.15,highly inconsistent earnings,0.65,,1.21,,-44.3,-1.63,53.83,4.0,,0.67,-0.16,8.6,-7.22,757.0,486.8,22.8,20.1,0.42,52.96,0.07,0.23,4,30.0,12.5,9.0,2.0,53.5,WATCH ⭐⭐,Expected ~54% CAGR (2yr) | Revenue CAGR 30% | Profit CAGR 54% | ROCE trend rising ↑ | Promoter 54% holding | Promoters buying ↑,Pattern still forming (not broken out),3-4 years,Medium-High,"yfinance, screener.in",100,131,,2026-06-06,2026-06-01,5,-0.8,1,-8.0
AMRUTANJAN,Amrutanjan Health Care Limited,Healthcare,Drug Manufacturers - Specialty & Generic,1615.0,Small-Cap,MonthlyDoubleBottom,Forming,1.0,15,Sep 15mo | Mid rally 127% | Asymmetry 8%,,Sideways,False,True,Below-MAs,True,Stage2,5,Bear,Choppy,552.05,533.98,225.81,469.24,1244.64,1593.89,2041.14,1593.89,188.7,69.9,27.85,,4.36,0.99,21.13,100.0,-39.87,,0,none,20.0,31.4,3.43,18.0,0.97,11.53,8.3,12.03,10.55,11.87,40.0,28.06,16.0,6.7,0.15,highly inconsistent earnings,0.01,,2.31,,13.0,0.8,46.52,0.0,,2.17,-0.1,12.66,-0.34,790.95,486.0,30.2,13.6,-10.18,-32.67,0.3,0.41,7,31.0,14.5,8.0,0.0,53.5,WATCH ⭐⭐,Expected ~70% CAGR (2yr) | Profit CAGR 28% | ROCE 31% | ROCE trend rising ↑ | Nearly debt-free | Piotroski F=7 (high quality compounder),Pattern still forming (not broken out),3-4 years,Medium-High,"yfinance, screener.in",100,200,,2026-06-06,2026-06-01,5,-1.0,1,-6.5
AEROFLEX,Aeroflex Industries Limited,Industrials,Metal Fabrication,5312.0,Small-Cap,MonthlyStage2,Stage Change,1.0,24,10-EMA=283 | 30-EMA=219 | Above by 91.3% | MA turning=Yes,MonthlyDoubleBottom+MonthlyStage2,Uptrend,True,False,Tight-Above-MAs,True,Stage2,4,Bear,Choppy,419.75,219.47,156.39,356.79,198.86,282.55,301.48,244.85,,,93.57,60.82,11.64,4.05,51.58,7.0,20.0,410.0,1,none,14.1,18.8,-1.14,23.0,1.09,12.56,9.29,17.55,18.0,25.14,5.66,23.13,56.32,57.0,0.15,highly inconsistent earnings,0.02,,2.92,,-13.92,-0.26,65.47,-1.52,,1.49,0.5,3.8,0.25,458.7,158.0,8.5,165.7,128.04,,0.29,0.62,5,22.0,24.5,-1.0,8.0,53.5,WATCH ⭐⭐,Revenue CAGR 18% | Profit CAGR 23% | Nearly debt-free | Promoter 65% holding | Piotroski F=5 (above average quality) | Dividend growing 20%/yr,High PE 94,3-4 years,Medium-High,"yfinance, screener.in",100,35,,2026-06-06,2026-06-01,5,9.9,1,-5.5
MARKSANS,Marksans Pharma Limited,Healthcare,Drug Manufacturers - General,11156.0,Mid-Cap,MonthlyStage2,Stage Change,1.0,24,10-EMA=202 | 30-EMA=190 | Above by 22.8% | MA turning=Yes,MonthlyCupHandle+MonthlyDoubleBottom+MonthlyStage2,Uptrend,True,True,Uptrend,True,Stage2,5,Bear,Choppy,233.19,189.91,156.89,198.21,441.31,415.11,599.88,514.52,78.0,33.4,26.67,18.24,4.15,1.61,17.54,32.0,47.36,266.0,3,strong_buy,15.2,18.8,-3.0,20.0,-0.37,14.16,8.84,12.5,16.8,16.49,9.66,16.59,11.94,63.6,0.15,highly inconsistent earnings,0.11,,5.17,,70.35,0.63,43.87,0.0,,16.76,8.63,6.57,0.66,270.7,155.0,13.9,50.4,8.54,78.85,0.47,0.98,5,22.0,22.5,6.0,3.0,53.5,WATCH ⭐⭐,Expected ~33% CAGR (2yr) | Revenue CAGR 17% | Low D/E 0.11 | Piotroski F=5 (above average quality) | FII buying +8.6% ↑ | DII buying +0.7% ↑,None identified,3-4 years,Medium-High,"yfinance, screener.in",100,288,,2026-06-06,2026-06-01,5,7.3,1,-4.5
AJMERA,Ajmera Realty & Infra India Limited,Real Estate,Real Estate - Development,2342.0,Small-Cap,MonthlyDoubleBottom,Forming,1.0,37,Sep 37mo | Mid rally 808% | Asymmetry 10%,,Downtrend,False,False,Below-MAs,True,Stage2,3,Bear,Choppy,121.67,143.26,15.06,103.42,363.72,471.64,611.57,471.64,287.6,96.9,15.62,4.89,1.67,0.53,10.23,76.0,25.99,,0,none,11.5,14.3,1.69,27.0,0.46,13.74,7.58,47.7,36.24,25.72,24.6,29.67,38.33,120.0,0.75,consistent growth,0.47,,6.28,,-116.82,-4.99,68.23,0.0,,0.78,0.25,1.13,-0.08,221.4,98.03,45.0,24.1,-26.18,39.35,1.42,0.56,6,31.0,12.5,10.0,0.0,53.5,WATCH ⭐⭐,Expected ~97% CAGR (2yr) | Revenue CAGR 36% | Profit CAGR 30% | ROCE trend rising ↑ | Promoter 68% holding | OPM 27%,Pattern still forming (not broken out),3-4 years,Medium-High,"yfinance, screener.in",100,238,,2026-06-06,2026-06-01,5,1.3,1,-4.0
BHARATFORG,Bharat Forge Limited,Consumer Cyclical,Auto Parts,93572.0,Large-Cap,MonthlyStage2,Stage Change,1.0,24,10-EMA=1681 | 30-EMA=1404 | Above by 37.4% | MA turning=Yes,MonthlyCupHandle+MonthlyDoubleBottom+MonthlyStage2,Uptrend,True,False,Tight-Above-MAs,True,Stage2,3,Bear,Choppy,1929.8,1404.05,1008.31,1640.33,1415.74,1830.44,2353.73,1825.45,,,86.95,40.14,9.78,3.0,33.75,41.0,-28.62,1837.91,23,none,12.5,13.1,1.66,17.0,0.57,6.42,5.77,11.17,9.2,21.55,19.28,28.94,25.56,-17.5,0.15,highly inconsistent earnings,0.77,,1.17,,723.22,0.77,44.07,0.0,,14.15,1.75,32.62,-1.46,2044.0,1100.5,5.6,75.4,71.68,93.21,0.2,0.56,5,19.0,24.5,0.0,10.0,53.5,WATCH ⭐⭐,Profit CAGR 29% | ROCE trend rising ↑ | Piotroski F=5 (above average quality) | FII buying +1.8% ↑ | MonthlyStage2 forming (24mo base) | Weekly uptrend,High PE 87 | Earnings due 2026-08-05,3-4 years,Medium-High,"yfinance, screener.in",100,366,2026-08-05,2026-06-06,2026-06-01,5,3.9,1,-4.0
TAJGVK,TAJGVK Hotels & Resorts Limited,Consumer Cyclical,Lodging,2171.0,Small-Cap,MonthlyDoubleBottom,Forming,1.0,42,Sep 42mo | Mid rally 115% | Asymmetry 0%,,Sideways,False,False,Below-MAs,True,Stage2,3,Bear,Choppy,308.65,126.81,58.83,262.35,1745.83,2862.63,4693.85,2862.63,827.5,204.5,17.39,119.41,3.15,0.27,13.93,62.0,60.0,,0,none,18.4,13.2,3.4,30.0,5.29,26.13,,12.89,9.78,40.14,250.43,63.97,71.05,-10.2,0.15,highly inconsistent earnings,0.12,,,,,,71.0,0.0,,0.32,-0.6,4.02,-0.01,512.65,281.35,39.8,9.7,-16.29,10.1,0.19,0.25,2,26.0,15.5,12.0,0.0,53.5,WATCH ⭐⭐,Expected ~204% CAGR (2yr) | Profit CAGR 64% | ROCE trend rising ↑ | Low D/E 0.12 | Promoter 71% holding | OPM 30%,Pattern still forming (not broken out),3-4 years,Medium-High,"yfinance, screener.in",80,286,,2026-06-06,2026-06-01,5,0.0,1,-4.0
BANKINDIA,Bank of India Limited,Financial Services,Banks - Regional,63696.0,Large-Cap,MonthlyDoubleBottom,Forming,1.0,29,Sep 29mo | Mid rally 186% | Asymmetry 7%,MonthlyCupHandle+MonthlyDoubleBottom,Downtrend,False,False,Below-MAs,False,Stage2,12,Bear,Choppy,141.46,190.57,64.34,120.24,721.58,665.63,1394.16,1002.99,370.5,116.9,5.89,5.47,0.71,0.15,,332.0,32.48,159.6,5,none,12.4,5.93,,45.0,,31.89,0.92,6.04,16.41,13.1,7.93,39.0,37.72,18.7,0.4,lumpy earner,,,,,,,73.38,0.0,,7.26,1.44,13.96,-1.22,178.36,108.81,20.7,30.0,32.67,57.38,0.27,0.82,2,23.0,12.5,11.0,7.0,53.5,WATCH ⭐⭐,Expected ~117% CAGR (2yr) | Revenue CAGR 16% | Profit CAGR 39% | Promoter 73% holding | OPM 45% | FII buying +1.4% ↑,Pattern still forming (not broken out),3-4 years,Medium-High,"yfinance, screener.in",80,288,,2026-06-06,2026-06-01,5,2.0,1,-3.0
PRICOLLTD,PRICOL LIMITED,Consumer Cyclical,Auto Parts,0.0,Micro-Cap,MonthlyCupHandle,Forming,0.712,18,Cup 18mo | Depth 32% | Prior gain 32% | R²=0.88,MonthlyCupHandle+MonthlyDoubleBottom,Downtrend,False,False,Below-MAs,False,Stage2,3,Bear,Choppy,561.35,687.67,468.79,477.15,1246.06,1572.04,1983.28,1572.04,180.0,67.3,27.33,18.86,5.47,1.04,15.16,71.0,60.0,725.0,1,strong_buy,22.1,25.9,2.34,12.0,-0.11,6.21,9.87,50.11,27.3,23.39,50.3,26.16,42.98,109.5,0.15,highly inconsistent earnings,0.3,,1.21,,-194.07,,38.51,0.0,,15.61,-1.31,12.44,0.15,694.2,415.1,19.1,35.2,35.8,85.27,0.15,-0.09,4,30.0,8.54,8.0,7.0,53.5,WATCH ⭐⭐,Expected ~67% CAGR (2yr) | Revenue CAGR 27% | Profit CAGR 26% | ROE 22% | ROCE 26% | ROCE trend rising ↑,Pattern still forming (not broken out),3-4 years,Medium-High,"yfinance, screener.in",100,288,,2026-06-06,2026-06-01,5,3.0,1,-1.4
ASALCBR,Associated Alcohols & Breweries Limited,Consumer Defensive,Beverages - Wineries & Distilleries,1686.0,Small-Cap,MonthlyDoubleBottom,Forming,0.571,29,Sep 29mo | Mid rally 61% | Asymmetry 4%,,Downtrend,False,False,Below-MAs,False,Stage2,15,Bear,Choppy,826.35,647.81,396.25,702.4,8298.67,20313.47,49723.32,20313.47,2358.2,395.8,18.28,14.52,2.3,0.13,11.48,24.0,25.99,1070.0,1,strong_buy,14.6,18.0,4.3,14.0,1.74,8.68,9.41,-5.21,68.5,73.94,8.64,144.78,144.85,5.3,0.15,highly inconsistent earnings,0.1,,2.58,,-20.86,-1.24,62.35,1.13,,0.33,0.01,0.94,0.94,1277.0,660.65,35.3,25.1,-14.19,61.26,0.13,0.43,6,34.0,7.35,12.0,0.0,53.4,WATCH ⭐⭐,Expected ~396% CAGR (2yr) | Revenue CAGR 68% | Profit CAGR 145% | ROCE trend rising ↑ | Nearly debt-free | Promoter 62% holding,Pattern still forming (not broken out),3-4 years,Medium-High,"yfinance, screener.in",100,77,,2026-06-06,2026-06-01,5,2.9,1,-7.0
KALYANKJIL,Kalyan Jewellers India Limited,Consumer Cyclical,Luxury Goods,36667.0,Large-Cap,MonthlyDoubleBottom,Forming,1.0,23,Sep 23mo | Mid rally 138% | Asymmetry 8%,,Downtrend,False,False,Below-MAs,False,Stage2,3,Bear,Choppy,344.15,793.08,320.29,304.28,1076.11,1573.28,2300.13,1573.28,357.1,113.8,27.17,18.94,5.81,0.59,18.55,42.0,25.0,664.44,0,none,24.8,20.5,2.46,7.0,-0.2,3.78,7.21,42.72,36.44,33.05,89.08,46.2,56.89,118.3,0.4,lumpy earner,0.97,,1.3,,-515.68,-1.41,62.86,0.11,,14.55,0.44,14.13,-1.1,617.7,337.0,44.3,2.1,-30.19,113.22,1.57,0.07,4,32.0,12.0,9.0,0.0,53.0,WATCH ⭐⭐,Expected ~114% CAGR (2yr) | Revenue CAGR 36% | Profit CAGR 46% | ROE 25% | ROCE 20% | ROCE trend rising ↑,Pattern still forming (not broken out),3-4 years,Medium-High,"yfinance, screener.in",100,63,,2026-06-06,2026-06-01,5,0.0,1,-4.0
SAMHI,SAMHI Hotels Limited,Consumer Cyclical,Lodging,3677.0,Small-Cap,MonthlyDoubleBottom,Forming,1.0,11,Sep 11mo | Mid rally 105% | Asymmetry 5%,,Sideways,False,False,Below-MAs,True,Stage2,3,Bear,Choppy,162.05,254.5,121.1,137.74,8154.23,26495.06,237425.13,44000.21,16249.9,1178.7,6.43,12.9,1.9,0.01,10.83,0.0,,237.33,6,strong_buy,24.8,8.92,3.51,35.0,13.49,39.33,5.17,10.44,19.08,48.99,559.3,,,671.1,0.2,multiple loss years in history,0.81,,0.81,,-89.29,-2.43,,,,44.28,0.14,16.39,-1.68,254.5,127.0,36.3,27.6,-22.64,,0.17,,5,22.0,14.0,17.0,0.0,53.0,WATCH ⭐⭐,Expected ~1179% CAGR (2yr) | Revenue CAGR 19% | Profit CAGR 440% | ROE 25% | ROCE trend rising ↑ | OPM 35%,Pattern still forming (not broken out),3-4 years,Medium-High,"yfinance, screener.in",80,34,,2026-06-06,2026-06-01,5,13.0,1,-4.0
ABSLAMC,ADIT BIRL SUN LIF AMC LTD,Financial Services,Asset Management,30768.0,Large-Cap,None,,0.0,0,,,Uptrend,True,False,Tight-Above-MAs,True,Stage2,12,Bear,Choppy,1048.8,,,891.48,846.21,1048.4,1174.87,997.09,,,31.54,23.91,7.6,1.77,23.23,226.0,60.09,1125.36,14,buy,25.2,32.2,-2.57,60.0,-0.14,47.34,18.66,-6.91,11.0,8.95,4.73,17.83,13.14,-18.0,0.15,highly inconsistent earnings,0.02,,1.2,,882.22,2.87,74.82,0.0,,5.75,-0.3,11.55,0.76,1123.5,708.0,6.6,48.1,31.23,153.37,,0.34,4,32.0,11.0,2.0,8.0,53.0,WATCH ⭐⭐,ROE 25% | ROCE 32% | Nearly debt-free | Promoter 75% holding | OPM 60% | DII buying +0.8% ↑,None identified,3-4 years,Medium-High,"yfinance, screener.in",100,57,,2026-06-06,2026-06-01,5,1.1,1,-2.0
PITTIENG,Pitti Engineering Limited,Industrials,Metal Fabrication,3449.0,Small-Cap,MonthlyDoubleBottom,Forming,1.0,23,Sep 23mo | Mid rally 133% | Asymmetry 9%,MonthlyCupHandle+MonthlyDoubleBottom+MonthlyStage2,Uptrend,True,False,Tight-Above-MAs,True,Stage2,4,Bear,Choppy,932.95,1510.04,621.3,793.01,1438.51,2398.78,2283.42,1812.38,157.1,60.3,29.42,16.56,3.49,1.13,11.56,16.0,6.27,1129.0,2,strong_buy,12.5,14.8,-0.7,16.0,0.34,6.16,7.58,12.2,20.26,29.86,-3.28,25.99,32.4,-26.4,0.15,highly inconsistent earnings,0.82,,1.4,,-25.93,-0.75,54.17,0.0,,1.12,0.19,20.23,0.0,1050.0,675.0,11.1,38.2,4.66,81.26,0.13,0.38,4,18.0,24.0,8.0,3.0,53.0,WATCH ⭐⭐,Expected ~60% CAGR (2yr) | Revenue CAGR 20% | Profit CAGR 26% | Promoter 54% holding | PEG 1.13 — fair value | EV/EBITDA 12× below sector (18×),Pattern still forming (not broken out),3-4 years,Medium-High,"yfinance, screener.in",100,233,,2026-06-06,2026-06-01,5,1.2,1,3.0
NEWGEN,Newgen Software Technologies Limited,Technology,Software - Infrastructure,6249.0,Small-Cap,MonthlyDoubleBottom,Breakout Ready,0.322,6,Sep 6mo | Mid rally 39% | Asymmetry 7%,,Sideways,False,False,Below-MAs,True,Downtrend,0,Bear,Choppy,489.05,211.47,147.53,415.69,935.28,956.24,1337.62,1118.5,95.5,39.8,21.01,14.65,3.5,1.07,12.69,136.0,30.5,712.86,7,none,20.2,25.8,-0.11,26.0,-0.4,19.09,10.28,5.85,17.35,18.52,-4.44,19.59,19.03,-1.9,0.15,highly inconsistent earnings,0.02,,3.66,,191.45,3.06,53.52,0.0,,14.48,-2.86,8.85,-0.83,1336.0,401.05,63.4,21.9,-36.45,-2.57,1.52,0.72,5,33.0,7.86,12.0,0.0,52.9,WATCH ⭐⭐,Expected ~40% CAGR (2yr) | Revenue CAGR 17% | ROE 20% | ROCE 26% | Nearly debt-free | Promoter 54% holding,None identified,3-4 years,Medium-High,"yfinance, screener.in",100,102,,2026-06-06,2026-06-01,5,6.1,1,2.0
DPABHUSHAN,D. P. Abhushan Limited,Consumer Cyclical,Luxury Goods,2171.0,Small-Cap,MonthlyDoubleBottom,Forming,0.47,7,Sep 7mo | Mid rally 55% | Asymmetry 8%,,Downtrend,False,False,Below-MAs,False,Stage2,3,Bear,Choppy,909.1,1927.0,1189.25,1129.79,10812.66,21960.52,44601.82,21960.52,2315.6,391.5,10.25,,4.28,0.1,8.03,0.0,0.0,,0,none,34.5,24.4,2.0,4.0,0.0,5.21,18.54,42.22,,,51.85,,,101.2,1.0,steady compounder (low CV),0.48,,2.14,,-154.9,-7.14,74.89,0.01,,0.32,0.1,0.0,0.0,1729.6,866.1,47.4,5.0,-39.64,235.43,0.22,-0.43,4,36.0,4.64,12.0,0.0,52.6,WATCH ⭐⭐,Expected ~392% CAGR (2yr) | Revenue CAGR 86% | Profit CAGR 103% | ROE 34% | ROCE 24% | ROCE trend rising ↑,Pattern still forming (not broken out),3-4 years,Medium-High,"yfinance, screener.in",80,105,,2026-06-06,2026-06-01,5,2.2,1,-4.0
GLENMARK,Glenmark Pharmaceuticals Limited,Healthcare,Drug Manufacturers - Specialty & Generic,64198.0,Large-Cap,MonthlyDoubleBottom,Forming,1.0,48,Sep 48mo | Mid rally 152% | Asymmetry 2%,,Sideways-Above-MA,True,False,Constructive,False,Stage2,5,Bear,Choppy,2166.2,1214.53,478.22,1841.27,2067.67,2268.88,2550.79,2296.56,4.7,2.3,47.17,24.01,6.7,4.26,15.56,22.0,25.99,2227.36,11,none,30.5,39.8,3.89,27.0,0.94,6.45,,27.48,13.61,9.19,30.09,11.07,11.91,15.9,0.15,highly inconsistent earnings,0.13,,,,,,46.65,0.0,,20.35,1.15,19.28,-0.81,2474.0,1448.5,12.4,49.5,7.41,158.54,0.33,0.31,3,27.0,18.5,4.0,3.0,52.5,WATCH ⭐⭐,Expected ~2% CAGR (2yr) | ROE 30% | ROCE 40% | ROCE trend rising ↑ | Low D/E 0.13 | OPM 27%,Earnings due 2026-08-13 | Pattern still forming (not broken out),3-4 years,Medium-High,"yfinance, screener.in",80,288,2026-08-13,2026-06-06,2026-06-01,5,-10.0,1,-11.0
ALEMBICLTD,Alembic Limited,Real Estate,Real Estate - Development,2250.0,Small-Cap,MonthlyDoubleBottom,Forming,1.0,33,Sep 33mo | Mid rally 6454% | Asymmetry 1%,,Downtrend,False,False,Below-MAs,False,Stage2,3,Bear,Choppy,87.12,168.13,2.55,74.05,497.52,589.07,697.45,589.07,576.2,160.0,7.09,1.76,0.89,0.39,23.93,274.0,10.06,725.0,1,hold,13.3,6.28,1.0,38.0,5.46,132.25,1.92,8.11,23.63,26.53,1.93,18.4,-1.56,-1.9,0.15,highly inconsistent earnings,0.0,,1.95,,22.95,1.02,70.88,0.0,,1.25,-0.04,0.05,0.0,125.54,70.46,30.6,23.6,-14.97,-5.97,0.21,0.7,7,30.0,12.5,10.0,0.0,52.5,WATCH ⭐⭐,Expected ~160% CAGR (2yr) | Revenue CAGR 24% | ROCE trend rising ↑ | Nearly debt-free | Promoter 71% holding | OPM 38%,Pattern still forming (not broken out),3-4 years,Medium-High,"yfinance, screener.in",100,288,,2026-06-06,2026-06-01,5,-3.0,1,-7.0
MENONBE,Menon Bearings Limited,Consumer Cyclical,Auto Parts,814.0,Small-Cap,MonthlyStage2,Stage Change,1.0,24,10-EMA=124 | 30-EMA=118 | Above by 17.7% | MA turning=Yes,MonthlyDoubleBottom+MonthlyStage2,Uptrend,True,False,Tight-Above-MAs,True,Stage2,3,Bear,Choppy,138.71,117.89,88.61,117.9,255.47,267.76,280.64,267.76,93.0,38.9,21.29,23.41,4.39,4.43,14.41,138.0,0.0,,0,none,22.2,25.5,3.1,20.0,0.03,13.02,12.25,20.99,10.31,54.87,52.0,4.81,106.99,29.3,0.15,highly inconsistent earnings,0.25,,2.51,,-17.23,-2.12,68.44,0.0,,0.21,-0.17,0.03,0.03,159.9,101.5,13.3,36.7,7.49,-10.42,0.24,0.1,6,21.0,24.5,4.0,3.0,52.5,WATCH ⭐⭐,Expected ~39% CAGR (2yr) | ROE 22% | ROCE 26% | ROCE trend rising ↑ | Low D/E 0.25 | Promoter 68% holding,None identified,3-4 years,Medium-High,"yfinance, screener.in",100,136,,2026-06-06,2026-06-01,5,-6.5,1,-6.5
ARIES,Aries Agro Limited,Basic Materials,Agricultural Inputs,438.0,Micro-Cap,MonthlyDoubleBottom,Forming,1.0,38,Sep 38mo | Mid rally 244% | Asymmetry 6%,,Downtrend,False,False,Below-MAs,False,Stage2,1,Bear,Choppy,330.35,269.12,76.07,280.8,980.55,1352.67,1866.0,1352.67,309.5,102.4,10.04,,1.37,0.26,6.16,33.0,14.47,,0,none,14.8,22.8,0.97,12.0,-0.4,6.34,,21.06,16.85,14.6,27.27,37.95,21.29,48.8,0.15,highly inconsistent earnings,0.21,,,,,,52.66,0.0,,3.25,0.34,0.0,0.0,459.9,285.35,28.2,15.8,-9.55,75.81,0.08,0.03,2,27.0,12.5,13.0,0.0,52.5,WATCH ⭐⭐,Expected ~102% CAGR (2yr) | Revenue CAGR 17% | Profit CAGR 38% | ROCE 23% | ROCE trend rising ↑ | Low D/E 0.21,Pattern still forming (not broken out),3-4 years,Medium-High,"yfinance, screener.in",80,222,,2026-06-06,2026-06-01,5,-7.3,1,-6.0
JKIL,J. Kumar Infraprojects Limited,Industrials,Engineering & Construction,3804.0,Small-Cap,MonthlyDoubleBottom,Forming,1.0,30,Sep 30mo | Mid rally 260% | Asymmetry 2%,,Sideways,False,False,Below-MAs,True,Stage2,4,Bear,Choppy,482.75,348.95,96.02,410.34,1713.17,1455.22,2156.68,1922.17,201.4,73.6,9.83,6.93,1.12,0.81,4.5,80.0,10.06,754.8,5,strong_buy,12.4,18.4,1.7,14.0,-0.37,6.75,6.61,0.53,10.84,30.57,-1.02,12.2,32.16,-4.0,0.15,highly inconsistent earnings,0.18,,1.62,,454.64,11.95,46.64,0.0,,12.55,-0.18,15.16,-0.1,765.6,425.0,36.9,13.6,-24.98,41.06,0.34,0.27,6,22.0,15.5,15.0,0.0,52.5,WATCH ⭐⭐,Expected ~74% CAGR (2yr) | ROCE trend rising ↑ | Low D/E 0.18 | FCF yield 12.0% | Piotroski F=6 (above average quality) | Dividend growing 10%/yr,Pattern still forming (not broken out),3-4 years,Medium-High,"yfinance, screener.in",100,220,,2026-06-06,2026-06-01,5,0.0,1,-4.0
MEDICO,Medico Remedies Limited,Healthcare,Drug Manufacturers - Specialty & Generic,396.0,Micro-Cap,MonthlyDoubleBottom,Forming,1.0,14,Sep 14mo | Mid rally 122% | Asymmetry 7%,MonthlyCupHandle+MonthlyDoubleBottom,Sideways,False,False,Below-MAs,True,Stage2,5,Bear,Choppy,45.52,79.83,34.8,38.69,108.12,147.58,201.45,147.58,224.2,80.1,30.17,,5.21,0.83,24.0,,,,0,none,19.02,,,11.18,,6.35,6.38,37.5,,,36.5,,,34.9,0.5,insufficient history,0.25,,1.66,,-8.76,-2.21,61.38,0.0,,0.03,-0.46,0.0,0.0,56.88,30.22,20.0,50.6,18.92,-61.21,0.21,0.56,4,27.0,14.5,8.0,3.0,52.5,WATCH ⭐⭐,Expected ~80% CAGR (2yr) | Revenue CAGR 38% | Profit CAGR 36% | Low D/E 0.25 | Promoter 61% holding | PEG 0.83 — undervalued,Pattern still forming (not broken out),3-4 years,Medium-High,"yfinance, screener.in",70,50,,2026-06-06,2026-06-01,5,1.3,1,-4.0
PARAGMILK,Parag Milk Foods Limited,Consumer Defensive,Packaged Foods,2801.0,Small-Cap,MonthlyDoubleBottom,Forming,1.0,26,Sep 26mo | Mid rally 106% | Asymmetry 6%,MonthlyDoubleBottom+MonthlyStage2,Sideways,False,False,Below-MAs,True,Stage2,15,Bear,Choppy,235.15,376.95,177.84,199.88,812.85,1110.11,1516.08,1110.11,372.1,117.3,21.05,13.98,2.2,0.58,10.85,45.0,30.0,275.0,2,strong_buy,12.3,13.5,5.6,7.0,2.46,3.54,6.94,11.25,9.69,15.69,13.45,36.57,7.51,23.0,0.4,lumpy earner,0.48,,1.71,,130.83,4.67,40.65,0.0,,8.77,-0.49,5.25,-0.91,376.95,177.84,37.6,32.2,1.6,19.33,0.26,0.56,6,26.0,15.5,10.0,1.0,52.5,WATCH ⭐⭐,Expected ~117% CAGR (2yr) | Profit CAGR 37% | ROCE trend rising ↑ | FCF yield 4.7% | Piotroski F=6 (above average quality) | Dividend growing 30%/yr,Pattern still forming (not broken out),3-4 years,Medium-High,"yfinance, screener.in",100,122,,2026-06-06,2026-06-01,5,9.9,1,-4.0
SURAJEST,SURAJ ESTATE DEVELOPERS L,Real Estate,Real Estate - Development,1078.0,Small-Cap,MonthlyDoubleBottom,Forming,1.0,14,Sep 14mo | Mid rally 222% | Asymmetry 6%,,Sideways,False,False,Below-MAs,False,Stage2,3,Bear,Choppy,217.62,845.93,255.48,242.71,966.86,1436.38,2038.99,1404.07,560.0,156.9,11.77,11.83,1.09,0.26,7.76,0.0,,280.0,1,none,14.0,17.3,1.54,33.0,-1.14,16.47,,8.2,24.74,19.87,-2.0,45.22,74.83,25.9,0.15,highly inconsistent earnings,0.57,,,,,,69.8,0.2,,2.23,0.46,1.11,0.08,398.7,171.3,45.4,27.0,-33.38,,0.13,1.05,2,25.0,14.5,13.0,0.0,52.5,WATCH ⭐⭐,Expected ~157% CAGR (2yr) | Revenue CAGR 25% | Profit CAGR 45% | ROCE trend rising ↑ | Promoter 70% holding | OPM 33%,Margin compression ↓ | Pattern still forming (not broken out),3-4 years,Medium-High,"yfinance, screener.in",80,30,,2026-06-06,2026-06-01,5,0.0,1,-4.0
CARYSIL,Carysil Limited,Consumer Cyclical,"Furnishings, Fixtures & Appliances",3065.0,Small-Cap,MonthlyStage2,Stage Change,1.0,24,10-EMA=931 | 30-EMA=831 | Above by 32.7% | MA turning=Yes,MonthlyCupHandle+MonthlyDoubleBottom+MonthlyStage2,Uptrend,True,False,Tight-Above-MAs,True,Stage2,3,Bear,Choppy,1102.0,830.71,513.87,936.7,2022.93,2491.44,3068.46,2491.44,126.1,50.4,31.25,21.87,5.04,1.35,18.61,22.0,0.0,1270.5,2,strong_buy,17.4,17.8,-1.63,19.0,-0.83,10.63,8.48,13.24,15.87,24.41,54.69,23.16,20.48,48.6,0.15,highly inconsistent earnings,0.46,,1.44,,-36.46,-1.19,41.34,0.0,,1.59,0.04,11.74,0.39,1143.85,732.1,3.7,50.5,30.27,45.22,0.31,0.56,3,13.0,24.5,7.0,8.0,52.5,WATCH ⭐⭐,Expected ~50% CAGR (2yr) | Revenue CAGR 16% | Profit CAGR 23% | Margin compressing ↓ ⚠️ | PEG 1.35 — fair value | EV/EBITDA 19× vs sector 25×,Margin compression ↓,3-4 years,Medium-High,"yfinance, screener.in",100,66,,2026-06-06,2026-06-01,5,19.8,1,2.0
HARIOMPIPE,Hariom Pipe Industries Limited,Basic Materials,Steel,1220.0,Small-Cap,MonthlyDoubleBottom,Forming,0.698,8,Sep 8mo | Mid rally 75% | Asymmetry 5%,,Sideways-Above-MA,True,True,Constructive,True,Stage2,1,Bear,Choppy,312.75,571.56,319.99,303.99,732.54,1279.02,2233.17,1279.02,309.0,102.2,16.1,,2.02,0.22,7.76,15.0,1.67,,0,none,12.4,15.7,2.0,13.0,1.5,4.54,7.46,3.93,,,22.58,,,74.6,0.75,consistent growth,0.62,,1.68,,-33.97,-2.78,57.27,0.0,,9.5,0.27,0.06,0.01,572.2,268.05,45.3,16.7,-14.51,-75.34,0.37,0.64,6,28.0,13.38,11.0,0.0,52.4,WATCH ⭐⭐,Expected ~102% CAGR (2yr) | Revenue CAGR 27% | Profit CAGR 75% | ROCE trend rising ↑ | Promoter 57% holding | EPS: consistent growth,Pattern still forming (not broken out),3-4 years,Medium-High,"yfinance, screener.in",80,50,,2026-06-06,2026-06-01,5,0.0,1,-4.0
ENDURANCE,Endurance Technologies Limited,Consumer Cyclical,Auto Parts,38297.0,Large-Cap,MonthlyDoubleBottom,Forming,0.899,40,Sep 40mo | Mid rally 90% | Asymmetry 0%,MonthlyDoubleBottom+MonthlyStage2,Sideways,False,True,Below-MAs,True,Stage2,3,Bear,Choppy,2555.3,1957.99,1029.49,2172.01,3822.62,4039.53,6034.16,4802.74,58.1,25.7,40.16,27.19,6.12,1.57,19.2,42.0,16.96,2894.71,14,buy,15.4,18.3,0.49,13.0,-0.4,6.52,7.41,26.25,18.35,17.39,13.88,25.64,12.86,12.8,0.15,highly inconsistent earnings,0.19,,1.55,,153.57,0.4,75.0,0.0,,13.14,-0.58,9.77,0.57,3079.9,2142.8,17.0,19.3,6.19,34.38,0.15,0.64,6,29.0,14.29,6.0,3.0,52.3,WATCH ⭐⭐,Expected ~26% CAGR (2yr) | Revenue CAGR 18% | Profit CAGR 26% | ROCE trend rising ↑ | Low D/E 0.19 | Promoter 75% holding,Pattern still forming (not broken out),3-4 years,Medium-High,"yfinance, screener.in",100,117,,2026-06-06,2026-06-01,5,0.4,1,-6.0
SWARAJENG,Swaraj Engines Limited,Consumer Cyclical,Auto Parts,4660.0,Small-Cap,MonthlyDoubleBottom,Forming,0.479,13,Sep 13mo | Mid rally 53% | Asymmetry 6%,,Uptrend,True,False,Below-MAs,True,Stage2,3,Bear,Choppy,3711.9,1662.58,1054.07,3155.11,8475.28,10178.81,12224.75,10178.81,174.2,65.6,23.7,21.21,9.51,1.18,16.57,288.0,9.31,4629.5,2,none,43.23,,,12.75,,9.78,21.51,20.2,,,20.1,,,20.1,0.5,insufficient history,0.0,,2.06,,1.77,0.04,52.11,-0.01,,2.82,-0.33,9.09,-0.65,4720.0,3301.3,21.4,12.4,4.13,69.45,0.24,0.42,5,29.0,13.25,8.0,2.0,52.2,WATCH ⭐⭐,Expected ~66% CAGR (2yr) | Revenue CAGR 20% | Profit CAGR 20% | ROE 43% | Nearly debt-free | Promoter 52% holding,Pattern still forming (not broken out),3-4 years,Medium-High,"yfinance, screener.in",70,287,,2026-06-06,2026-06-01,5,0.0,1,-4.0
WEALTH,Wealth First Portfolio Managers Limited,Financial Services,Capital Markets,1052.0,Small-Cap,MonthlyDoubleBottom,Forming,0.757,9,Sep 9mo | Mid rally 78% | Asymmetry 2%,MonthlyDoubleBottom+MonthlyStage2,Sideways,False,False,Below-MAs,True,Stage2,12,Bear,Choppy,902.1,1388.83,771.33,766.78,616.88,2006.33,1200.29,860.49,122.4,49.1,44.06,,6.98,1.12,,162.0,10.06,,0,none,27.7,34.6,-0.91,72.0,0.49,54.41,24.22,13.33,32.85,22.16,11.76,39.49,23.93,,0.15,highly inconsistent earnings,,,5.79,,,,74.04,0.0,,0.04,,0.11,0.01,1410.0,774.95,36.0,16.4,-18.77,146.88,0.12,,5,37.0,11.08,4.0,0.0,52.1,WATCH ⭐⭐,Expected ~49% CAGR (2yr) | Revenue CAGR 33% | Profit CAGR 39% | ROE 28% | ROCE 35% | Promoter 74% holding,Pattern still forming (not broken out),3-4 years,Medium-High,"yfinance, screener.in",80,111,,2026-06-06,2026-06-01,5,0.0,1,-4.0
SOLEX,SOLEX ENERGY LIMITED,Technology,Solar,1316.0,Small-Cap,MonthlyStage2,Stage Change,0.295,24,10-EMA=1178 | 30-EMA=1063 | Above by 4.4% | MA turning=Yes,,Downtrend,False,False,Below-MAs,False,Downtrend,0,Bear,Choppy,1109.9,1062.81,630.97,943.42,8690.79,27781.84,88810.21,27781.84,2403.1,400.3,13.72,,7.06,0.06,13.89,5.0,66.11,,0,none,46.3,35.8,6.0,11.0,1.5,5.37,,144.41,115.35,,127.91,219.67,,304.5,0.75,consistent growth,1.32,,,,,,66.15,0.0,,0.13,-0.12,0.81,-0.17,1985.0,795.45,44.1,39.5,-14.63,91.74,0.42,-0.2,3,37.0,3.04,12.0,0.0,52.0,WATCH ⭐⭐,Expected ~400% CAGR (2yr) | Revenue CAGR 115% | Profit CAGR 220% | ROE 46% | ROCE 36% | ROCE trend rising ↑,High D/E 1.3,3-4 years,Medium-High,"yfinance, screener.in",80,100,,2026-06-06,2026-06-01,5,-17.5,1,-16.0
KRISHANA,Krishana Phoschem Limited,Basic Materials,Agricultural Inputs,4131.0,Small-Cap,None,,0.0,0,,,Uptrend,True,False,Tight-Above-MAs,True,Stage2,1,Bear,Choppy,681.7,,,579.45,1624.94,4112.73,10409.32,4112.73,503.3,145.6,22.94,,7.37,0.15,16.16,7.0,25.99,,0,none,38.15,,,10.7,,7.45,12.32,59.8,,,153.1,,,152.8,0.5,insufficient history,1.31,,1.36,,-380.94,-9.22,72.94,0.68,,0.26,0.06,,,718.5,375.4,5.1,81.6,44.43,185.63,,-0.03,2,26.0,11.0,7.0,8.0,52.0,WATCH ⭐⭐,Expected ~146% CAGR (2yr) | Revenue CAGR 60% | Profit CAGR 153% | ROE 38% | Promoter 73% holding | Dividend growing 26%/yr,High D/E 1.3,3-4 years,Medium-High,"yfinance, screener.in",70,112,,2026-06-06,2026-06-01,5,0.0,1,-4.0
RPTECH,Rashi Peripherals Limited,Technology,Electronics & Computer Distribution,3579.0,Small-Cap,None,,0.0,0,,,Uptrend,True,False,Tight-Above-MAs,True,Downtrend,0,Bear,Choppy,546.25,,,464.31,1834.61,2419.12,3189.86,2419.12,342.9,110.4,13.19,,1.93,0.41,9.81,37.0,100.0,,0,none,14.7,16.8,-2.57,3.0,-0.23,1.75,5.7,14.91,18.74,21.71,34.29,31.86,15.7,64.2,0.15,highly inconsistent earnings,0.49,,1.6,,-47.2,-1.32,64.01,0.03,,0.78,0.12,17.45,-1.0,560.0,275.6,2.5,98.2,97.52,,,1.0,4,20.0,10.0,12.0,10.0,52.0,WATCH ⭐⭐,Expected ~110% CAGR (2yr) | Revenue CAGR 19% | Profit CAGR 32% | Promoter 64% holding | Dividend growing 100%/yr | PEG 0.41 — deeply undervalued,None identified,3-4 years,Medium-High,"yfinance, screener.in",100,29,,2026-06-06,2026-06-01,5,0.6,1,-4.0
NAZARA,Nazara Technologies Limited,Communication Services,Electronic Gaming & Multimedia,10290.0,Mid-Cap,MonthlyCupHandle,Forming,0.705,12,Cup 12mo | Depth 21% | Prior gain 49% | R²=0.87,MonthlyCupHandle+MonthlyDoubleBottom+MonthlyStage2,Uptrend,True,False,Tight-Above-MAs,True,Downtrend,0,Bear,Choppy,271.5,353.67,278.95,265.0,880.92,701.19,1072.9,972.18,158.3,60.7,10.2,37.53,2.95,0.98,38.51,0.0,,294.7,10,buy,30.5,27.2,3.11,-2.0,-2.17,5.24,0.34,12.62,18.79,32.14,60.78,10.36,42.41,66971.4,0.15,highly inconsistent earnings,0.06,,2.05,,157.85,1.53,35.45,0.0,,13.3,1.32,2.16,-1.46,363.25,215.7,25.3,25.9,-13.98,38.15,0.16,0.07,6,25.0,18.96,7.0,1.0,52.0,WATCH ⭐⭐,Expected ~61% CAGR (2yr) | Revenue CAGR 19% | ROE 30% | ROCE 27% | ROCE trend rising ↑ | Nearly debt-free,Margin compression ↓ | Pattern still forming (not broken out),3-4 years,Medium-High,"yfinance, screener.in",100,64,,2026-06-06,2026-06-01,5,-8.0,1,-1.5
APARINDS,APAR Industries Limited,Industrials,Electrical Equipment & Parts,52701.0,Large-Cap,MonthlyDoubleBottom,Forming,0.535,45,Sep 45mo | Mid rally 63% | Asymmetry 10%,,Uptrend,True,False,Uptrend,True,Stage2,4,Bear,Choppy,13878.0,837.93,488.3,11796.3,9655.81,11851.51,12827.62,11129.29,,,54.05,37.38,10.86,3.54,29.53,38.0,50.37,12934.83,6,strong_buy,20.2,31.1,1.6,8.0,0.43,4.53,,23.25,16.9,29.09,19.0,15.26,43.6,19.4,0.15,highly inconsistent earnings,0.14,,,,,,57.77,0.0,,9.38,0.03,24.15,0.95,13580.0,6801.0,-2.2,104.1,62.38,257.18,0.41,0.05,3,26.0,16.92,-1.0,10.0,51.9,WATCH ⭐⭐,Revenue CAGR 17% | ROE 20% | ROCE 31% | ROCE trend rising ↑ | Low D/E 0.14 | Promoter 58% holding,High PE 54 | Pattern still forming (not broken out),3-4 years,Medium-High,"yfinance, screener.in",80,264,,2026-06-06,2026-06-01,5,12.6,1,-5.0
GPPL,Gujarat Pipavav Port Limited,Industrials,Marine Shipping,7610.0,Small-Cap,MonthlyDoubleBottom,Forming,0.689,35,Sep 35mo | Mid rally 76% | Asymmetry 7%,MonthlyDoubleBottom+MonthlyStage2,Sideways,False,False,Below-MAs,True,Stage2,4,Bear,Choppy,155.74,96.94,53.14,132.38,423.49,369.59,590.27,499.98,137.3,54.0,14.77,13.66,3.18,0.82,10.85,679.0,23.47,174.0,8,none,21.2,28.0,2.71,61.0,0.77,44.2,,17.21,8.09,9.58,29.72,18.06,18.33,8.6,0.15,highly inconsistent earnings,0.02,,,,,,44.01,0.0,,22.14,1.1,14.96,0.03,200.09,141.55,22.2,10.0,9.94,26.81,0.23,0.47,2,27.0,11.77,11.0,2.0,51.8,WATCH ⭐⭐,Expected ~54% CAGR (2yr) | ROE 21% | ROCE 28% | ROCE trend rising ↑ | Nearly debt-free | OPM 61%,Pattern still forming (not broken out),3-4 years,Medium-High,"yfinance, screener.in",80,190,,2026-06-06,2026-06-01,5,2.4,1,-4.0
ASKAUTOLTD,ASK AUTOMOTIVE LIMITED,Consumer Cyclical,Auto Parts,8989.0,Mid-Cap,MonthlyDoubleBottom,Forming,0.511,17,Sep 17mo | Mid rally 53% | Asymmetry 2%,MonthlyDoubleBottom+MonthlyStage2,Downtrend,False,False,Below-MAs,False,Stage2,3,Bear,Choppy,438.65,578.5,375.3,372.85,1014.34,1043.42,1825.7,1360.84,137.9,54.2,30.22,22.2,6.85,0.88,18.18,41.0,50.0,567.29,7,strong_buy,25.3,25.5,1.71,13.0,0.51,7.12,11.63,15.97,17.79,22.02,19.76,34.16,22.88,24.2,0.15,highly inconsistent earnings,0.52,,1.04,,-311.06,-3.46,74.95,0.0,,9.29,-0.43,10.25,1.12,578.5,375.3,24.2,16.9,-7.59,,0.09,-0.23,5,33.0,5.63,12.0,1.0,51.6,WATCH ⭐⭐,Expected ~54% CAGR (2yr) | Revenue CAGR 18% | Profit CAGR 34% | ROE 25% | ROCE 26% | ROCE trend rising ↑,Pattern still forming (not broken out),3-4 years,Medium-High,"yfinance, screener.in",100,32,,2026-06-06,2026-06-01,5,-3.8,1,-6.0
KRISHIVAL,KRISHIVAL FOODS LIMITED,Consumer Defensive,Packaged Foods,1022.0,Small-Cap,MonthlyStage2,Stage Change,1.0,24,10-EMA=357 | 30-EMA=321 | Above by 18.5% | MA turning=Yes,MonthlyDoubleBottom+MonthlyStage2,Sideways,False,False,Below-MAs,True,Stage2,15,Bear,Choppy,379.85,320.55,214.73,322.87,744.93,1091.18,1598.36,1091.18,187.3,69.5,43.5,,5.98,0.94,23.32,6.0,68.69,,0,none,13.1,16.2,1.43,9.0,-0.6,7.34,9.36,45.05,61.16,59.93,57.14,46.48,85.56,3.5,0.4,lumpy earner,0.18,,5.19,,-54.9,-5.37,37.23,0.02,,0.54,-0.36,1.33,1.33,508.0,282.3,25.2,34.6,4.63,5.08,0.23,-1.03,4,25.0,15.5,9.0,2.0,51.5,WATCH ⭐⭐,Expected ~70% CAGR (2yr) | Revenue CAGR 61% | Profit CAGR 46% | ROCE trend rising ↑ | Low D/E 0.18 | Margin compressing ↓ ⚠️,Margin compression ↓,3-4 years,Medium-High,"yfinance, screener.in",100,50,,2026-06-06,2026-06-01,5,0.0,1,-4.0
STYRENIX,Styrenix Performance Materials Limited,Basic Materials,Chemicals,4023.0,Small-Cap,MonthlyDoubleBottom,Forming,1.0,31,Sep 31mo | Mid rally 179% | Asymmetry 8%,MonthlyDoubleBottom+MonthlyStage2,Uptrend,True,False,Constructive,True,Stage2,1,Bear,Choppy,2268.4,543.85,186.84,1928.14,4743.1,10091.42,21470.5,10091.42,344.9,110.9,21.98,16.97,3.23,0.19,12.26,236.0,-43.27,2964.0,1,strong_buy,14.6,15.1,-12.0,10.0,1.8,5.29,6.43,15.29,19.61,,-22.13,112.76,,30.8,0.15,highly inconsistent earnings,0.4,,2.29,,10.83,0.27,46.24,0.0,,0.95,-0.27,17.33,1.58,3498.0,1780.0,35.2,27.4,-20.12,114.1,0.42,,6,22.0,21.5,8.0,0.0,51.5,WATCH ⭐⭐,Expected ~111% CAGR (2yr) | Revenue CAGR 20% | Profit CAGR 113% | Piotroski F=6 (above average quality) | DII buying +1.6% ↑ | PEG 0.19 — deeply undervalued,Pattern still forming (not broken out),3-4 years,Medium-High,"yfinance, screener.in",100,286,,2026-06-06,2026-06-01,5,0.0,1,-4.0
OLECTRA,Olectra Greentech Limited,Industrials,Farm & Heavy Construction Machinery,9686.0,Mid-Cap,MonthlyDoubleBottom,Forming,1.0,33,Sep 33mo | Mid rally 548% | Asymmetry 8%,MonthlyDoubleBottom+MonthlyStage2,Sideways-Above-MA,True,False,Constructive,True,Stage2,4,Bear,Choppy,1290.8,279.39,41.39,1097.18,1181.98,1643.19,2284.36,1643.19,27.3,12.8,54.65,27.25,8.63,1.4,1043.52,3.0,0.0,,0,none,15.6,21.0,3.89,14.0,1.11,2.01,,28.3,28.45,52.43,29.5,39.02,86.4,0.2,0.15,highly inconsistent earnings,0.33,,,,,,50.02,0.0,,7.11,0.21,0.68,-0.14,1714.2,866.6,24.7,48.9,-2.71,-5.97,0.7,0.3,3,30.0,18.5,3.0,0.0,51.5,WATCH ⭐⭐,Expected ~13% CAGR (2yr) | Revenue CAGR 28% | Profit CAGR 39% | ROCE 21% | ROCE trend rising ↑ | Promoter 50% holding,High PE 55 | Pattern still forming (not broken out),3-4 years,Medium-High,"yfinance, screener.in",80,288,,2026-06-06,2026-06-01,5,5.8,1,-3.0
MBAPL,Madhya Bharat Agro Products Limited,Basic Materials,Agricultural Inputs,4642.0,Small-Cap,MonthlyDoubleBottom,Forming,0.328,17,Sep 17mo | Mid rally 39% | Asymmetry 6%,,Uptrend,True,False,Tight-Above-MAs,True,Stage2,1,Bear,Choppy,546.8,342.81,239.72,464.78,679.15,1205.5,2139.76,1205.5,120.5,48.5,30.87,,10.12,0.4,21.38,9.0,58.74,,0,none,,,,9.82,,5.92,,115.8,,,77.5,,,77.4,0.5,insufficient history,0.68,,,,,,74.76,0.0,,0.46,0.27,,,585.0,340.0,6.5,60.8,28.4,63.44,0.26,-0.03,1,23.0,15.44,7.0,6.0,51.4,WATCH ⭐⭐,Expected ~48% CAGR (2yr) | Revenue CAGR 116% | Profit CAGR 78% | Promoter 75% holding | Dividend growing 59%/yr | PEG 0.40 — deeply undervalued,Pattern still forming (not broken out),3-4 years,Medium-High,"yfinance, screener.in",50,118,,2026-06-06,2026-06-01,5,3.0,1,-4.0
ECLERX,eClerx Services Limited,Technology,Information Technology Services,14051.0,Mid-Cap,MonthlyDoubleBottom,Forming,0.785,10,Sep 10mo | Mid rally 81% | Asymmetry 3%,,Downtrend,False,False,Below-MAs,False,Downtrend,0,Bear,Choppy,1380.1,1938.02,1056.37,1173.08,2428.11,2819.67,3101.55,2744.25,104.3,42.9,20.24,15.32,5.45,1.55,12.65,3.0,14.47,1859.4,10,buy,29.0,34.8,0.94,26.0,-1.03,17.15,16.0,22.31,15.85,21.36,30.5,13.02,20.06,24.4,0.4,lumpy earner,0.15,,3.4,,488.99,3.48,54.53,0.72,,11.82,0.43,23.95,-1.36,2497.5,1375.0,44.7,0.4,-21.05,42.45,0.28,0.37,6,35.0,7.42,9.0,0.0,51.4,WATCH ⭐⭐,Expected ~43% CAGR (2yr) | Revenue CAGR 16% | ROE 29% | ROCE 35% | ROCE trend rising ↑ | Low D/E 0.15,Margin compression ↓ | Pattern still forming (not broken out),3-4 years,Medium-High,"yfinance, screener.in",100,223,,2026-06-06,2026-06-01,5,-11.2,1,-3.0
MAZDOCK,Mazagon Dock Shipbuilders Limited,Industrials,Aerospace & Defense,99090.0,Large-Cap,MonthlyDoubleBottom,Forming,0.814,13,Sep 13mo | Mid rally 89% | Asymmetry 8%,MonthlyCupHandle+MonthlyDoubleBottom+MonthlyStage2,Downtrend,False,False,Below-MAs,False,Stage2,4,Bear,Choppy,2423.1,3751.65,1904.04,2059.63,3006.68,5599.26,5244.39,3970.92,131.1,52.0,38.32,30.1,10.16,1.19,38.25,78.0,-12.25,2851.44,9,none,29.2,36.0,4.06,17.0,2.57,19.86,4.83,13.77,18.44,26.29,6.79,32.07,38.06,108.8,0.4,lumpy earner,0.04,,1.4,,-3999.91,-4.04,81.22,0.0,,1.73,-0.07,5.09,-0.28,3548.7,2057.4,31.7,17.8,-6.36,144.16,0.12,0.67,4,37.0,9.27,5.0,0.0,51.3,WATCH ⭐⭐,Expected ~52% CAGR (2yr) | Revenue CAGR 18% | Profit CAGR 32% | ROE 29% | ROCE 36% | ROCE trend rising ↑,Pattern still forming (not broken out),3-4 years,Medium-High,"yfinance, screener.in",100,69,,2026-06-06,2026-06-01,5,0.0,1,-4.0
GRSE,Garden Reach Shipbuilders & Engineers Limited,Industrials,Aerospace & Defense,30411.0,Large-Cap,MonthlyCupHandle,Forming,0.695,23,Cup 23mo | Depth 47% | Prior gain 124% | R²=0.96,,Sideways-Above-MA,True,False,Tight-Above-MAs,True,Stage2,4,Bear,Choppy,2658.7,3226.54,1708.53,2259.89,2698.3,4744.55,4162.31,3351.29,78.5,33.6,44.06,31.32,11.58,1.82,34.02,101.0,4.87,3075.25,4,none,31.79,,,16.15,,10.68,4.45,29.1,,,24.2,,,24.1,0.5,insufficient history,0.01,,1.23,,-291.49,-0.96,74.5,0.0,,3.51,0.55,1.69,0.05,3538.4,1963.7,24.9,35.4,8.17,320.47,0.13,0.79,2,29.0,17.34,3.0,2.0,51.3,WATCH ⭐⭐,Expected ~34% CAGR (2yr) | Revenue CAGR 29% | Profit CAGR 24% | ROE 32% | Nearly debt-free | Promoter 74% holding,Pattern still forming (not broken out),3-4 years,Medium-High,"yfinance, screener.in",70,93,,2026-06-06,2026-06-01,5,0.0,1,-3.1
SHAKTIPUMP,Shakti Pumps (India) Limited,Industrials,Specialty Industrial Machinery,6475.0,Small-Cap,MonthlyDoubleBottom,Forming,0.431,8,Sep 8mo | Mid rally 51% | Asymmetry 8%,,Sideways,False,False,Below-MAs,True,Stage2,4,Bear,Choppy,540.5,98.85,63.22,459.43,1717.75,3791.08,8366.91,3791.08,601.4,164.8,25.0,16.35,3.98,0.21,14.91,19.0,44.23,640.0,1,buy,18.0,23.7,2.8,16.0,1.69,9.55,9.79,7.23,40.73,23.74,-36.76,120.7,27.69,-65.2,0.15,highly inconsistent earnings,0.3,,2.12,,-146.02,-2.25,50.36,0.02,,4.83,-0.51,4.97,-1.33,1049.0,456.35,48.5,18.4,-33.64,332.28,0.21,-0.06,6,33.0,7.17,11.0,0.0,51.2,WATCH ⭐⭐,Expected ~165% CAGR (2yr) | Revenue CAGR 41% | Profit CAGR 121% | ROCE 24% | ROCE trend rising ↑ | Low D/E 0.30,Pattern still forming (not broken out),3-4 years,Medium-High,"yfinance, screener.in",100,177,,2026-06-06,2026-06-01,5,7.5,1,-9.3
BAJAJHLDNG,Bajaj Holdings & Investment Limited,Financial Services,Asset Management,115311.0,Large-Cap,MonthlyDoubleBottom,Forming,0.639,12,Sep 12mo | Mid rally 65% | Asymmetry 1%,,Sideways,False,False,Below-MAs,True,Stage2,12,Bear,Choppy,10199.0,2162.88,1309.36,8669.15,23122.49,29030.28,36447.52,29030.28,184.6,68.7,11.96,,1.58,0.47,129.51,154.0,-11.68,,0,none,12.0,11.0,0.31,85.0,1.69,857.46,0.72,44.79,27.03,18.55,47.74,25.55,21.79,49.2,0.15,highly inconsistent earnings,0.0,,3.45,,1610.17,1.4,51.46,0.0,,9.62,-0.64,8.08,0.77,14763.0,8588.0,30.9,18.8,-20.94,21.12,0.21,0.14,7,34.0,10.17,7.0,0.0,51.2,WATCH ⭐⭐,Expected ~69% CAGR (2yr) | Revenue CAGR 27% | Profit CAGR 26% | ROCE trend rising ↑ | Nearly debt-free | Promoter 51% holding,Earnings due 2026-08-05 | Pattern still forming (not broken out),3-4 years,Medium-High,"yfinance, screener.in",100,287,2026-08-05,2026-06-06,2026-06-01,5,-1.1,1,-4.0
BALUFORGE,Balu Forge Industries Limited,Industrials,Metal Fabrication,5780.0,Small-Cap,None,,0.0,0,,,Downtrend,False,False,Below-MAs,False,Stage2,4,Bear,Choppy,479.3,,,407.4,1508.47,2824.46,5288.52,2824.46,489.3,142.8,21.42,,4.08,0.25,17.18,3.0,0.0,,0,none,25.4,31.3,0.9,28.0,4.09,22.98,,20.45,50.42,50.95,25.49,87.24,100.0,20.5,0.4,lumpy earner,0.07,,,,,,54.39,-0.48,,6.03,-1.91,0.89,0.09,784.0,341.05,38.9,40.5,-16.72,,,0.61,3,40.0,1.0,10.0,0.0,51.0,WATCH ⭐⭐,Expected ~143% CAGR (2yr) | Revenue CAGR 50% | Profit CAGR 87% | ROE 25% | ROCE 31% | ROCE trend rising ↑,None identified,3-4 years,Medium-High,"yfinance, screener.in",80,27,,2026-06-06,2026-06-01,5,2.1,1,-2.0
3MINDIA,3M India Limited,Industrials,Conglomerates,36961.0,Large-Cap,MonthlyCupHandle,Forming,0.911,21,Cup 21mo | Depth 21% | Prior gain 23% | R²=0.97,MonthlyCupHandle+MonthlyDoubleBottom+MonthlyStage2,Downtrend,False,False,Below-MAs,True,Stage2,4,Bear,Choppy,31995.0,37436.67,29755.96,28268.16,21270.35,45117.38,36485.33,27857.78,41.0,18.7,70.92,43.55,21.0,2.29,37.01,49.0,-14.3,36726.0,1,buy,30.5,40.5,0.09,19.0,1.34,10.26,18.76,-0.07,7.86,6.98,4.8,30.97,13.67,203.1,0.15,highly inconsistent earnings,0.1,,2.18,,459.29,1.24,75.0,0.0,,3.52,0.02,8.34,-0.05,38030.0,28275.0,15.9,13.2,11.48,-3.37,0.1,0.3,6,37.0,10.93,-1.0,4.0,50.9,WATCH ⭐⭐,Expected ~19% CAGR (2yr) | Profit CAGR 31% | ROE 30% | ROCE 40% | ROCE trend rising ↑ | Nearly debt-free,High PE 71 | Pattern still forming (not broken out),3-4 years,Medium-High,"yfinance, screener.in",100,288,,2026-06-06,2026-06-01,5,0.6,1,-9.2
VBL,Varun Beverages Limited,Consumer Defensive,Beverages - Non-Alcoholic,178585.0,Large-Cap,MonthlyStage2,Stage Change,0.679,24,10-EMA=480 | 30-EMA=467 | Above by 10.2% | MA turning=Yes,MonthlyDoubleBottom+MonthlyStage2,Uptrend,True,False,Tight-Above-MAs,True,Stage2,15,Bear,Choppy,514.8,467.23,383.25,437.58,449.32,551.21,595.77,517.39,7.1,3.5,56.17,43.66,9.12,3.71,34.57,38.0,12.62,587.23,26,strong_buy,16.2,19.7,2.03,23.0,0.69,14.02,,4.65,12.25,20.8,4.8,15.15,33.88,20.1,0.15,highly inconsistent earnings,0.13,,,,,,59.43,-0.01,,19.51,-0.8,14.35,0.79,544.4,381.0,5.4,35.1,20.59,38.97,0.35,0.27,3,21.0,20.65,1.0,8.0,50.6,WATCH ⭐⭐,Expected ~4% CAGR (2yr) | ROCE trend rising ↑ | Low D/E 0.13 | Promoter 59% holding | DII buying +0.8% ↑ | Dividend growing 13%/yr,High PE 56 | Earnings due 2026-07-28,3-4 years,Medium-High,"yfinance, screener.in",80,115,2026-07-28,2026-06-06,2026-06-01,5,0.0,1,-4.0
APOLLOHOSP,Apollo Hospitals Enterprise Limited,Healthcare,Medical Care Facilities,117566.0,Large-Cap,MonthlyDoubleBottom,Forming,0.676,13,Sep 13mo | Mid rally 70% | Asymmetry 3%,,Uptrend,True,False,Tight-Above-MAs,True,Stage2,5,Bear,Choppy,8304.5,1784.0,1031.85,7058.82,9448.48,11236.21,16811.58,12603.33,35.3,16.3,60.61,38.27,12.4,1.82,33.0,24.0,-12.64,9185.53,30,strong_buy,22.1,17.9,1.46,15.0,0.51,7.7,8.44,15.76,14.94,19.03,33.09,33.39,71.0,35.9,0.15,highly inconsistent earnings,0.85,,1.06,,395.55,0.34,28.02,0.0,,42.62,-0.92,22.76,1.26,8443.0,6696.5,1.6,24.0,16.7,43.57,0.26,0.16,6,23.0,19.61,2.0,6.0,50.6,WATCH ⭐⭐,Expected ~16% CAGR (2yr) | Profit CAGR 33% | ROE 22% | ROCE trend rising ↑ | Piotroski F=6 (above average quality) | DII buying +1.3% ↑,High PE 61 | Earnings due 2026-08-12 | Pattern still forming (not broken out),3-4 years,Medium-High,"yfinance, screener.in",100,288,2026-08-12,2026-06-06,2026-06-01,5,3.5,1,-2.0
ALKYLAMINE,Alkyl Amines Chemicals Limited,Basic Materials,Specialty Chemicals,8445.0,Mid-Cap,MonthlyDoubleBottom,Forming,0.301,8,Sep 8mo | Mid rally 31% | Asymmetry 1%,,Sideways-Above-MA,True,False,Constructive,True,Stage2,1,Bear,Choppy,1775.3,2761.39,2100.17,1995.16,1281.76,3422.61,3156.99,2011.59,92.8,38.8,46.95,37.3,5.51,0.82,,76.0,0.0,1492.33,3,none,41.4,41.3,2.57,26.0,1.14,11.77,,17.38,25.61,15.84,133.72,56.94,34.9,-3.4,0.15,highly inconsistent earnings,,,,,,,72.05,0.02,,3.45,0.0,3.01,0.0,2438.8,1212.0,27.2,46.5,-18.74,-44.8,1.45,0.27,3,36.0,8.61,6.0,0.0,50.6,WATCH ⭐⭐,Expected ~39% CAGR (2yr) | Revenue CAGR 26% | Profit CAGR 57% | ROE 41% | ROCE 41% | ROCE trend rising ↑,Pattern still forming (not broken out),3-4 years,Medium-High,"yfinance, screener.in",70,224,,2026-06-06,2026-06-01,5,0.5,1,-1.0
LUMAXIND,Lumax Industries Limited,Consumer Cyclical,Auto Parts,5248.0,Small-Cap,MonthlyDoubleBottom,Forming,1.0,33,Sep 33mo | Mid rally 107% | Asymmetry 0%,,Sideways-Above-MA,True,False,Uptrend,True,Stage2,3,Bear,Choppy,5348.5,1697.5,819.49,4546.22,9252.64,10977.33,13023.51,10977.33,105.2,43.3,30.39,17.1,6.43,1.63,19.98,59.0,37.38,6889.5,2,none,22.0,17.7,1.8,10.0,0.43,4.15,,23.06,21.72,24.02,22.86,18.64,57.05,39.0,0.15,highly inconsistent earnings,1.21,,,,,,75.0,0.0,,1.63,0.25,6.07,0.36,6934.5,2908.0,22.9,83.9,44.1,144.96,0.25,0.83,3,19.0,19.5,5.0,7.0,50.5,WATCH ⭐⭐,Expected ~43% CAGR (2yr) | Revenue CAGR 22% | ROE 22% | ROCE trend rising ↑ | Promoter 75% holding | Dividend growing 37%/yr,High D/E 1.2 | Pattern still forming (not broken out),3-4 years,Medium-High,"yfinance, screener.in",80,288,,2026-06-06,2026-06-01,5,1.7,1,-7.0
INSECTICID,Insecticides (India) Limited,Basic Materials,Agricultural Inputs,2140.0,Small-Cap,MonthlyDoubleBottom,Forming,1.0,48,Sep 48mo | Mid rally 133% | Asymmetry 6%,MonthlyDoubleBottom+MonthlyStage2,Sideways-Above-MA,True,False,Constructive,True,Stage2,1,Bear,Choppy,758.95,614.69,255.63,645.11,1414.98,1842.03,2397.95,1842.03,142.7,55.8,15.08,10.9,1.76,0.5,9.25,54.0,-30.66,,0,none,12.1,15.9,0.31,11.0,0.03,6.48,6.52,7.0,5.92,8.55,-2.11,30.18,8.14,-15.7,0.15,highly inconsistent earnings,0.13,,1.96,,-27.93,-1.3,72.3,0.0,,4.5,0.04,9.27,-0.13,1098.0,518.6,30.9,46.3,-13.61,49.36,0.4,,5,22.0,18.5,10.0,0.0,50.5,WATCH ⭐⭐,Expected ~56% CAGR (2yr) | Profit CAGR 30% | ROCE trend rising ↑ | Low D/E 0.13 | Promoter 72% holding | Piotroski F=5 (above average quality),Pattern still forming (not broken out),3-4 years,Medium-High,"yfinance, screener.in",100,229,,2026-06-06,2026-06-01,5,0.0,1,-4.0
UNIONBANK,Union Bank of India,Financial Services,Banks - Regional,128153.0,Large-Cap,MonthlyDoubleBottom,Forming,1.0,33,Sep 33mo | Mid rally 152% | Asymmetry 0%,MonthlyCupHandle+MonthlyDoubleBottom,Sideways-Above-MA,True,False,Constructive,False,Stage2,12,Bear,Choppy,158.96,166.52,65.95,135.12,685.36,619.53,1188.2,902.41,289.7,97.4,6.6,6.54,0.98,0.21,,298.0,35.72,195.2,15,buy,15.7,6.3,,-887.68,,35.66,1.25,-1.49,9.58,9.03,7.78,31.67,46.67,,0.4,lumpy earner,,,,,,,74.76,0.0,,9.37,1.23,11.51,-0.4,205.49,124.64,22.6,27.5,14.71,118.63,0.46,0.94,1,17.0,18.5,12.0,3.0,50.5,WATCH ⭐⭐,Expected ~97% CAGR (2yr) | Profit CAGR 32% | Promoter 75% holding | FII buying +1.2% ↑ | Dividend growing 36%/yr | PEG 0.21 — deeply undervalued,Earnings due 2026-07-14 | Pattern still forming (not broken out),3-4 years,Medium-High,"yfinance, screener.in",80,285,2026-07-14,2026-06-06,2026-06-01,5,0.0,1,-4.0
VAIBHAVGBL,Vaibhav Global Limited,Consumer Cyclical,Luxury Goods,3719.0,Small-Cap,MonthlyDoubleBottom,Forming,1.0,17,Sep 17mo | Mid rally 113% | Asymmetry 3%,,Sideways,False,False,Constructive,True,Stage2,3,Bear,Choppy,223.79,208.43,96.52,190.22,1146.28,1562.6,2130.14,1562.6,598.2,164.2,14.15,4.6,2.57,0.39,10.43,269.0,-37.0,,0,none,17.8,16.3,-3.37,10.0,-0.74,7.21,6.96,9.23,11.12,7.77,73.86,36.32,-0.45,167.4,0.15,highly inconsistent earnings,0.25,,2.75,,110.22,2.96,57.43,0.32,,16.44,-1.62,2.23,0.56,293.25,174.13,23.7,28.5,3.93,-45.34,0.3,0.23,5,21.0,15.5,12.0,2.0,50.5,WATCH ⭐⭐,Expected ~164% CAGR (2yr) | Profit CAGR 36% | Low D/E 0.25 | Promoter 57% holding | Margin compressing ↓ ⚠️ | Piotroski F=5 (above average quality),Margin compression ↓ | Pattern still forming (not broken out),3-4 years,Medium-High,"yfinance, screener.in",100,266,,2026-06-06,2026-06-01,5,0.0,1,-4.0
ADFFOODS,ADF Foods Limited,Consumer Defensive,Packaged Foods,2908.0,Small-Cap,MonthlyStage2,Stage Change,1.0,24,10-EMA=235 | 30-EMA=224 | Above by 26.3% | MA turning=Yes,MonthlyDoubleBottom+MonthlyStage2,Uptrend,True,False,Uptrend,True,Stage2,15,Bear,Choppy,282.8,223.98,167.18,240.38,446.03,522.44,611.93,522.44,84.7,35.9,32.35,,5.08,1.89,22.0,45.0,14.47,266.0,1,hold,17.8,22.8,-0.66,19.0,0.29,13.16,9.9,15.76,14.92,13.04,30.43,17.13,12.47,57.6,0.15,highly inconsistent earnings,0.1,,3.84,,-30.62,-1.05,36.14,0.0,,11.55,0.24,23.21,0.1,301.65,153.1,6.2,84.7,21.42,15.09,0.51,0.58,5,17.0,22.5,5.0,6.0,50.5,WATCH ⭐⭐,Expected ~36% CAGR (2yr) | ROCE 23% | Nearly debt-free | Piotroski F=5 (above average quality) | Dividend growing 14%/yr | EV/EBITDA 22× vs sector 30×,None identified,3-4 years,Medium-High,"yfinance, screener.in",100,190,,2026-06-06,2026-06-01,5,5.1,1,-3.0
DLINKINDIA,D-Link (India) Limited,Technology,Communication Equipment,1647.0,Small-Cap,MonthlyStage2,Stage Change,1.0,24,10-EMA=445 | 30-EMA=414 | Above by 15.3% | MA turning=Yes,MonthlyDoubleBottom+MonthlyStage2,Uptrend,True,True,Tight-Above-MAs,True,Downtrend,0,Bear,Choppy,477.5,414.04,352.15,405.88,909.07,968.53,1031.87,968.53,102.8,42.4,15.82,,3.26,2.42,11.62,884.0,91.29,,0,none,21.2,28.3,2.37,8.0,0.54,6.65,10.0,13.15,9.86,16.59,0.5,6.54,27.39,0.7,0.15,highly inconsistent earnings,0.03,,2.56,,-0.62,-0.04,51.02,0.0,,1.26,0.13,0.01,0.0,589.55,367.65,19.0,29.9,2.51,58.11,0.26,0.28,5,21.0,23.5,4.0,2.0,50.5,WATCH ⭐⭐,Expected ~42% CAGR (2yr) | ROE 21% | ROCE 28% | ROCE trend rising ↑ | Nearly debt-free | Promoter 51% holding,None identified,3-4 years,Medium-High,"yfinance, screener.in",100,199,,2026-06-06,2026-06-01,5,2.8,1,-1.7
SIEMENS,Siemens Limited,Industrials,Specialty Industrial Machinery,136893.0,Large-Cap,MonthlyStage2,Stage Change,1.0,24,10-EMA=3444 | 30-EMA=3181 | Above by 16.4% | MA turning=Yes,MonthlyCupHandle+MonthlyDoubleBottom+MonthlyStage2,Uptrend,True,False,Tight-Above-MAs,True,Stage2,4,Bear,Choppy,3700.8,3180.6,2713.99,3145.68,1579.22,3647.21,1979.91,1768.25,,,81.3,55.55,9.88,6.79,54.88,39.0,14.47,3667.6,25,hold,16.3,21.2,1.09,11.0,0.03,9.21,,43.09,8.31,13.49,30.77,11.97,20.39,-36.4,0.15,highly inconsistent earnings,0.02,,2.57,,,,75.0,0.0,,6.8,-0.05,8.59,0.24,3937.3,2826.0,6.0,31.0,27.66,41.19,0.29,,3,19.0,24.5,-1.0,8.0,50.5,WATCH ⭐⭐,ROCE 21% | ROCE trend rising ↑ | Nearly debt-free | Promoter 75% holding | Dividend growing 14%/yr | MonthlyStage2 forming (24mo base),High PE 81 | Earnings due 2026-08-06,3-4 years,Medium-High,"yfinance, screener.in",80,330,2026-08-06,2026-06-06,2026-06-01,5,4.2,1,-1.0
GRINDWELL,Grindwell Norton Limited,Industrials,Building Products & Equipment,20370.0,Mid-Cap,MonthlyDoubleBottom,Forming,1.0,33,Sep 33mo | Mid rally 112% | Asymmetry 5%,MonthlyDoubleBottom+MonthlyStage2,Uptrend,True,True,Tight-Above-MAs,True,Stage2,4,Bear,Choppy,1958.2,2913.24,1342.7,1664.47,1147.99,4483.78,1261.57,1203.44,129.0,51.3,49.02,37.65,8.04,10.15,33.64,103.0,12.31,1872.33,3,none,17.4,22.7,-0.51,19.0,-0.34,13.53,9.02,9.28,6.54,13.41,12.4,4.83,11.87,28.3,0.15,highly inconsistent earnings,0.02,,2.81,,367.73,1.81,58.04,0.0,,5.56,-0.83,19.18,0.83,2002.7,1329.0,2.2,47.3,34.05,-31.91,0.45,0.5,4,19.0,24.5,-1.0,8.0,50.5,WATCH ⭐⭐,Expected ~51% CAGR (2yr) | ROCE 23% | Nearly debt-free | Promoter 58% holding | DII buying +0.8% ↑ | Dividend growing 12%/yr,Earnings due 2026-07-23 | Pattern still forming (not broken out),3-4 years,Medium-High,"yfinance, screener.in",100,238,2026-07-23,2026-06-06,2026-06-01,5,4.3,1,0.0
SOUTHBANK,The South Indian Bank Limited,Financial Services,Banks - Regional,10842.0,Mid-Cap,MonthlyCupHandle,Forming,0.791,28,Cup 28mo | Depth 42% | Prior gain 88% | R²=0.99,MonthlyCupHandle+MonthlyDoubleBottom,Uptrend,True,False,Uptrend,True,Stage2,12,Bear,Choppy,44.0,43.44,25.3,37.4,157.13,135.53,239.24,193.89,208.0,75.5,7.46,6.06,0.98,0.32,,97.0,12.0,48.0,6,none,13.5,6.42,,43.14,,28.95,1.09,4.6,10.83,6.15,11.74,23.39,88.0,19.0,0.15,highly inconsistent earnings,,,,,,,,,,24.21,3.27,12.75,-1.04,46.84,28.11,6.1,56.5,55.77,115.58,0.27,0.28,2,11.0,19.99,11.0,8.0,50.0,WATCH ⭐⭐,Expected ~76% CAGR (2yr) | Profit CAGR 23% | OPM 43% | FII buying +3.3% ↑ | Dividend growing 12%/yr | PEG 0.32 — deeply undervalued,Pattern still forming (not broken out),3-4 years,Medium-High,"yfinance, screener.in",70,331,,2026-06-06,2026-06-01,5,13.5,1,-7.0
RBZJEWEL,RBZ Jewellers Limited,Consumer Cyclical,Luxury Goods,497.0,Micro-Cap,MonthlyDoubleBottom,Forming,1.0,10,Sep 10mo | Mid rally 107% | Asymmetry 6%,,Downtrend,False,False,Below-MAs,True,Stage2,3,Bear,Choppy,132.7,251.68,118.15,112.79,1060.89,1447.06,1973.79,1447.06,990.5,230.2,9.08,,1.66,0.25,7.23,,,,0,none,20.11,,,10.43,,8.61,13.06,38.0,,,36.4,,,36.3,0.5,insufficient history,0.57,,2.99,,-61.32,-12.33,75.0,0.0,,0.0,0.0,0.07,0.01,179.0,100.0,25.9,32.7,4.57,,0.15,0.29,3,25.0,11.0,13.0,1.0,50.0,WATCH ⭐⭐,Expected ~230% CAGR (2yr) | Revenue CAGR 38% | Profit CAGR 36% | ROE 20% | Promoter 75% holding | PEG 0.25 — deeply undervalued,Pattern still forming (not broken out),3-4 years,Medium-High,"yfinance, screener.in",70,31,,2026-06-06,2026-06-01,5,7.4,1,-3.0
