Stock,Company_Name,Sector,Industry,Market_Cap_Cr,Cap_Class,Monthly_Pattern,Monthly_Pattern_Status,Monthly_Pattern_Quality,Monthly_Pattern_Duration_Mo,Monthly_Pattern_Details,Converging_Signals,Weekly_Trend,Weekly_Above_40MA,Weekly_Volume_Expanding,Daily_Setup,Daily_Above_50MA,Sector_Trend,Sector_Stage2_Age_Mo,Index_Regime,Nifty_Monthly_Trend,CMP,Breakout_Zone,Pattern_Bottom,Stop_Loss,Target_1yr,Target_2yr,Target_3yr,Fair_Value_Estimate,Upside_Potential_Pct,Expected_CAGR_2yr_Pct,PE_Ratio,Forward_PE,PB_Ratio,PEG_Ratio,EV_EBITDA,Dividend_Yield_Pct,Dividend_Growth_3yr_Pct,Analyst_Target,Analyst_Count,Analyst_Recommendation,ROE_Pct,ROCE_Pct,ROCE_Trend,Operating_Margin_Pct,OPM_Trend,Net_Margin_Pct,Return_on_Assets_Pct,Revenue_Growth_TTM_Pct,Revenue_Growth_3yr_CAGR,Revenue_Growth_5yr_CAGR,Profit_Growth_TTM_Pct,Profit_Growth_3yr_CAGR,Profit_Growth_5yr_CAGR,EPS_Growth_Quarterly_Pct,EPS_Consistency_Score,EPS_Consistency_Desc,Debt_to_Equity,DE_Trend,Current_Ratio,Interest_Coverage,Free_Cashflow_Cr,FCF_Yield_Pct,Promoter_Holding_Pct,Promoter_Change_QoQ,Promoter_Pledge_Pct,FII_Holding_Pct,FII_Change_QoQ,DII_Holding_Pct,DII_Change_QoQ,52wk_High,52wk_Low,Dist_From_52wk_High_Pct,Dist_From_52wk_Low_Pct,RS_vs_Nifty_1yr_Pct,RS_vs_Nifty_3yr_Pct,Monthly_Vol_Surge,Beta,Piotroski_F_Score,Fundamental_Score_40,Technical_Score_30,Valuation_Score_20,Momentum_Score_10,Overall_Score_100,Rating_Grade,Why_Buy,Key_Risks,Investment_Horizon,Risk_Level,Data_Sources,Data_Quality_Pct,Monthly_Bars,Next_Earnings,Scan_Date,First_Seen_Date,Days_On_Watchlist,Price_Change_Since_First_Pct,Times_Scanned,Score_vs_First
BBTC,The Bombay Burmah Trading Corporation Limited,Consumer Defensive,Packaged Foods,10728.0,Mid-Cap,MonthlyDoubleBottom,Forming,1.0,27,Sep 27mo | Mid rally 129% | Asymmetry 6%,,Sideways,False,False,Below-MAs,True,Stage2,15,Uptrend,Uptrend,1518.8,2919.66,1235.21,1290.98,14810.1,21569.43,31413.71,21569.43,1320.2,276.9,8.64,4.12,1.52,0.19,3.3,221.0,141.97,,0,none,19.1,33.0,3.34,18.0,1.0,6.26,15.63,6.78,5.54,7.84,13.64,45.64,14.32,43.8,0.15,highly inconsistent earnings,0.17,,1.19,,2049.95,19.11,74.04,0.0,,9.48,0.06,1.46,0.04,2135.0,1314.6,28.9,15.5,-14.53,17.4,0.19,0.62,5,37.0,19.5,13.0,0.0,69.5,ACCUMULATE ⭐⭐⭐,Expected ~277% CAGR (2yr) | Profit CAGR 46% | ROCE 33% | ROCE trend rising ↑ | Low D/E 0.17 | Promoter 74% holding,Pattern still forming (not broken out),2-3 years,Medium,"yfinance, screener.in",100,288,,2026-06-27,2026-06-01,26,-0.7,3,0.0
ASHAPURMIN,Ashapura Minechem Limited,Basic Materials,Other Industrial Metals & Mining,6765.0,Small-Cap,MonthlyDoubleBottom,Forming,1.0,13,Sep 13mo | Mid rally 127% | Asymmetry 0%,,Sideways-Above-MA,True,False,Tight-Above-MAs,True,Stage2,1,Uptrend,Uptrend,692.05,41.64,18.35,588.24,1380.95,2151.53,3352.08,2151.53,210.9,76.3,16.86,,4.1,0.3,11.69,14.0,25.99,,0,none,28.0,20.7,1.34,11.0,0.51,7.66,7.84,91.2,41.95,35.47,43.94,55.8,36.75,28.0,0.15,highly inconsistent earnings,0.88,,1.36,,-76.18,-1.13,48.03,0.15,,19.5,0.25,0.33,-0.05,924.9,405.8,25.2,70.5,29.63,270.05,0.54,0.65,5,32.0,24.5,8.0,5.0,69.5,ACCUMULATE ⭐⭐⭐,Expected ~76% CAGR (2yr) | Revenue CAGR 42% | Profit CAGR 56% | ROE 28% | ROCE 21% | ROCE trend rising ↑,Pattern still forming (not broken out),2-3 years,Medium,"yfinance, screener.in",100,366,,2026-06-27,2026-06-01,26,8.4,3,1.0
INOXINDIA,INOX India Limited,Industrials,Specialty Industrial Machinery,17407.0,Mid-Cap,MonthlyCupHandle,Forming,0.865,23,Cup 23mo | Depth 29% | Prior gain 47% | R²=0.98,MonthlyCupHandle+MonthlyDoubleBottom,Uptrend,True,False,Tight-Above-MAs,True,Stage2,4,Uptrend,Uptrend,1428.9,1485.7,1055.87,1214.57,858.4,1915.53,1205.59,1017.29,34.1,15.8,67.58,45.12,15.57,3.65,52.03,10.0,0.0,1700.0,3,none,26.1,33.5,0.57,22.0,-0.03,16.25,10.21,21.52,18.0,21.72,14.16,18.51,21.86,14.8,0.75,consistent growth,0.07,,1.79,,-70.64,-0.41,75.0,0.0,,7.13,-0.01,7.72,0.45,1980.0,1065.0,27.8,34.2,24.08,,1.76,0.64,5,34.0,26.38,1.0,8.0,69.4,ACCUMULATE ⭐⭐⭐,Expected ~16% CAGR (2yr) | Revenue CAGR 18% | ROE 26% | ROCE 34% | ROCE trend rising ↑ | Nearly debt-free,High PE 68 | Pattern still forming (not broken out),2-3 years,Medium,"yfinance, screener.in",100,30,,2026-06-27,2026-06-01,26,0.0,3,2.0
BORORENEW,Borosil Renewables Limited,Technology,Solar,8392.0,Mid-Cap,MonthlyDoubleBottom,Forming,0.896,36,Sep 36mo | Mid rally 91% | Asymmetry 1%,MonthlyCupHandle+MonthlyDoubleBottom+MonthlyStage2,Uptrend,True,True,Constructive,True,Downtrend,0,Uptrend,Uptrend,544.6,721.0,374.4,462.91,397.03,1067.6,749.11,545.36,96.0,40.0,63.31,,5.55,1.69,17.89,0.0,4.0,,0,none,26.1,25.3,0.91,28.0,0.8,8.3,13.18,5.42,20.42,19.71,245.98,37.36,34.36,,0.2,multiple loss years in history,0.11,,4.76,,208.04,2.48,58.77,0.0,,4.27,0.26,2.33,-0.24,721.0,374.4,24.5,45.5,-6.61,-11.21,1.41,0.04,7,40.0,23.25,5.0,1.0,69.2,ACCUMULATE ⭐⭐⭐,Expected ~40% CAGR (2yr) | Revenue CAGR 20% | Profit CAGR 37% | ROE 26% | ROCE 25% | ROCE trend rising ↑,High PE 63 | Pattern still forming (not broken out),2-3 years,Medium,"yfinance, screener.in",100,98,,2026-06-27,2026-06-01,26,3.7,3,9.0
HEROMOTOCO,Hero MotoCorp Limited,Consumer Cyclical,Auto Manufacturers,99544.0,Large-Cap,MonthlyCupHandle,Forming,0.831,21,Cup 21mo | Depth 36% | Prior gain 66% | R²=0.98,MonthlyCupHandle+MonthlyDoubleBottom,Downtrend,False,False,Below-MAs,False,Stage2,3,Uptrend,Uptrend,4962.6,6106.48,3934.36,4218.21,17702.58,15882.95,28687.54,22535.38,220.1,78.9,17.36,15.67,4.61,0.64,12.42,302.0,3.23,5904.29,34,buy,28.5,35.8,2.91,15.0,0.6,12.11,12.51,15.85,11.55,8.9,31.99,27.3,14.49,25.7,0.15,highly inconsistent earnings,0.04,,1.91,,6278.06,6.31,34.73,0.0,,31.15,1.72,24.69,-1.59,6388.5,4190.0,22.3,18.4,25.16,51.48,0.44,0.5,7,38.0,13.97,12.0,5.0,69.0,ACCUMULATE ⭐⭐⭐,Expected ~79% CAGR (2yr) | Profit CAGR 27% | ROE 28% | ROCE 36% | ROCE trend rising ↑ | Nearly debt-free,Earnings due 2026-08-05 | Pattern still forming (not broken out),2-3 years,Medium,"yfinance, screener.in",100,288,2026-08-05,2026-06-27,2026-06-01,26,-0.9,3,-0.2
PIGL,Power & Instrumental (Gujarat) Limited,Industrials,Engineering & Construction,238.0,Micro-Cap,MonthlyDoubleBottom,Forming,1.0,18,Sep 18mo | Mid rally 153% | Asymmetry 4%,,Downtrend,False,False,Below-MAs,False,Stage2,4,Uptrend,Uptrend,103.97,92.78,35.99,88.37,235.06,365.2,567.37,365.2,251.3,87.4,24.74,,1.27,0.45,9.31,18.0,0.0,,0,none,11.0,15.5,1.2,10.0,0.8,6.59,6.86,29.59,32.57,,25.0,55.36,,29.5,0.4,lumpy earner,0.08,,2.44,,32.42,13.64,50.7,4.41,,0.01,0.01,0.75,0.75,189.7,88.05,45.2,18.1,-16.67,127.82,0.61,0.46,5,40.0,16.0,13.0,0.0,69.0,ACCUMULATE ⭐⭐⭐,Expected ~87% CAGR (2yr) | Revenue CAGR 33% | Profit CAGR 55% | ROCE trend rising ↑ | Nearly debt-free | Promoter 51% holding,Pattern still forming (not broken out),2-3 years,Medium,"yfinance, screener.in",100,97,,2026-06-27,2026-06-01,26,0.0,3,9.0
STYLAMIND,Stylam Industries Limited,Consumer Cyclical,"Furnishings, Fixtures & Appliances",5644.0,Small-Cap,MonthlyStage2,Stage Change,1.0,24,10-EMA=2204 | 30-EMA=1924 | Above by 44.1% | MA turning=Yes,MonthlyCupHandle+MonthlyDoubleBottom+MonthlyStage2,Uptrend,True,True,Tight-Above-MAs,True,Stage2,3,Uptrend,Uptrend,2773.0,1924.22,1576.4,2357.05,3668.51,3719.12,4939.76,4256.94,34.1,15.8,37.73,25.03,7.06,2.35,25.63,0.0,,2912.4,5,buy,20.5,27.0,0.66,20.0,0.14,13.27,14.22,10.15,5.85,18.66,22.95,16.04,22.22,29.3,0.15,highly inconsistent earnings,0.04,,3.48,,-39.14,-0.69,54.1,1.91,,2.81,0.77,13.31,0.07,3357.3,1593.7,17.4,74.0,76.96,52.25,1.03,0.11,5,27.0,28.5,3.0,10.0,68.5,ACCUMULATE ⭐⭐⭐,Expected ~16% CAGR (2yr) | ROE 20% | ROCE 27% | ROCE trend rising ↑ | Nearly debt-free | Promoter 54% holding,None identified,2-3 years,Medium,"yfinance, screener.in",100,58,,2026-06-27,2026-06-01,26,0.0,3,-2.0
DRCSYSTEMS,DRC Systems India Limited,Technology,Information Technology Services,205.0,Micro-Cap,MonthlyDoubleBottom,Forming,1.0,32,Sep 32mo | Mid rally 201% | Asymmetry 2%,,Downtrend,False,False,Below-MAs,False,Downtrend,0,Uptrend,Uptrend,14.17,34.9,11.5,12.04,65.2,90.95,126.87,90.95,541.8,153.3,10.19,,1.83,0.26,7.2,0.0,,,0,none,22.6,25.2,-1.8,28.0,4.1,20.17,10.52,47.69,54.56,,26.67,39.49,,17.0,0.15,highly inconsistent earnings,0.0,,0.48,,38.65,18.81,20.63,0.0,,0.0,0.0,0.35,0.0,23.68,11.5,40.2,23.2,-16.17,-12.64,0.16,0.54,5,40.0,15.5,13.0,0.0,68.5,ACCUMULATE ⭐⭐⭐,Expected ~153% CAGR (2yr) | Revenue CAGR 55% | Profit CAGR 39% | ROE 23% | ROCE 25% | Nearly debt-free,Pattern still forming (not broken out),2-3 years,Medium,"yfinance, screener.in",100,64,,2026-06-27,2026-06-01,26,-10.4,3,0.0
TALBROAUTO,Talbros Automotive Components Limited,Consumer Cyclical,Auto Parts,2225.0,Small-Cap,MonthlyStage2,Stage Change,1.0,24,10-EMA=288 | 30-EMA=264 | Above by 25.3% | MA turning=Yes,MonthlyDoubleBottom+MonthlyStage2,Uptrend,True,False,Tight-Above-MAs,True,Stage2,3,Uptrend,Uptrend,330.5,263.85,215.33,280.93,883.37,1085.84,1334.71,1085.84,228.5,81.3,21.37,,3.0,0.93,16.07,21.0,11.87,,0,none,15.1,18.6,1.0,16.0,0.74,11.97,6.38,5.2,10.38,14.4,10.64,22.92,21.67,18.9,0.15,highly inconsistent earnings,0.11,,1.96,,20.53,0.92,58.43,0.0,,0.49,-0.12,0.09,0.0,385.85,219.9,14.3,50.3,17.11,101.14,0.7,0.35,7,26.0,28.5,10.0,4.0,68.5,ACCUMULATE ⭐⭐⭐,Expected ~81% CAGR (2yr) | Profit CAGR 23% | ROCE trend rising ↑ | Low D/E 0.11 | Promoter 58% holding | Piotroski F=7 (high quality compounder),None identified,2-3 years,Medium,"yfinance, screener.in",100,237,,2026-06-27,2026-06-01,26,0.0,3,0.0
WEBELSOLAR,Websol Energy System Limited,Technology,Solar,4546.0,Small-Cap,MonthlyStage2,Stage Change,1.0,24,10-EMA=98 | 30-EMA=89 | Above by 18.0% | MA turning=Yes,MonthlyDoubleBottom+MonthlyStage2,Sideways-Above-MA,True,False,Constructive,True,Downtrend,0,Uptrend,Uptrend,105.57,89.5,55.32,89.73,577.66,1411.22,3447.6,1411.22,1236.8,265.6,15.0,,11.3,0.1,11.01,0.0,0.0,,0,none,66.9,63.2,,41.0,-3.0,28.87,31.73,82.43,,,95.48,,,157.9,0.5,insufficient history,0.21,,2.94,,-57.61,-1.27,29.72,2.01,,4.12,-1.28,0.32,0.01,157.3,50.4,32.9,109.5,-11.47,1101.29,0.58,0.25,4,35.0,21.5,12.0,0.0,68.5,ACCUMULATE ⭐⭐⭐,Expected ~266% CAGR (2yr) | Revenue CAGR 132% | Profit CAGR 144% | ROE 67% | ROCE 63% | Low D/E 0.21,Margin compression ↓,2-3 years,Medium,"yfinance, screener.in",80,229,,2026-06-27,2026-06-01,26,0.0,3,0.0
TPLPLASTEH,TPL Plastech Limited,Consumer Cyclical,Packaging & Containers,521.0,Small-Cap,MonthlyDoubleBottom,Forming,1.0,24,Sep 24mo | Mid rally 165% | Asymmetry 1%,,Sideways-Above-MA,True,False,Constructive,True,Stage2,3,Uptrend,Uptrend,63.73,133.28,50.01,54.17,199.37,243.08,296.36,243.08,281.4,95.3,17.91,,3.09,0.82,11.1,150.0,35.72,,0,none,18.4,22.3,1.2,11.0,0.03,6.88,10.56,21.2,16.0,14.39,20.83,21.92,21.4,18.0,0.15,highly inconsistent earnings,0.11,,2.08,,27.6,5.3,74.86,0.0,,0.5,0.05,0.04,-0.04,83.44,50.01,23.6,27.4,-13.24,37.9,0.95,0.05,7,35.0,22.5,10.0,1.0,68.5,ACCUMULATE ⭐⭐⭐,Expected ~95% CAGR (2yr) | Revenue CAGR 16% | Profit CAGR 22% | ROCE 22% | ROCE trend rising ↑ | Low D/E 0.11,Pattern still forming (not broken out),2-3 years,Medium,"yfinance, screener.in",100,133,,2026-06-27,2026-06-01,26,0.0,3,2.0
ADOR,Ador Welding Limited,Industrials,Specialty Industrial Machinery,2117.0,Small-Cap,MonthlyDoubleBottom,Forming,1.0,24,Sep 24mo | Mid rally 155% | Asymmetry 1%,MonthlyDoubleBottom+MonthlyStage2,Uptrend,True,False,Tight-Above-MAs,True,Stage2,4,Uptrend,Uptrend,1165.7,320.97,125.09,990.85,1983.42,2422.55,2958.9,2422.55,107.8,44.2,25.84,16.31,3.82,1.17,14.47,224.0,16.96,1307.0,1,none,15.8,22.5,2.23,11.0,0.83,5.82,,1.51,19.92,16.73,36.67,22.14,26.82,73.4,0.15,highly inconsistent earnings,0.0,,,,,,53.76,0.02,,0.37,0.23,12.63,0.07,1260.0,848.0,7.5,37.5,23.42,-24.05,0.37,0.29,3,25.0,28.5,7.0,8.0,68.5,ACCUMULATE ⭐⭐⭐,Expected ~44% CAGR (2yr) | Revenue CAGR 20% | Profit CAGR 22% | ROCE 22% | ROCE trend rising ↑ | Nearly debt-free,Pattern still forming (not broken out),2-3 years,Medium,"yfinance, screener.in",80,262,,2026-06-27,2026-06-01,26,10.5,3,10.0
AUBANK,AU Small Finance Bank Limited,Financial Services,Banks - Regional,77309.0,Large-Cap,MonthlyDoubleBottom,Forming,0.647,39,Sep 39mo | Mid rally 71% | Asymmetry 6%,,Uptrend,True,False,Uptrend,True,Stage2,12,Uptrend,Uptrend,1015.5,811.12,460.2,863.17,1458.39,2152.83,5609.97,2860.33,112.0,45.6,29.5,17.03,3.87,0.31,,10.0,25.99,1091.58,26,buy,22.3,12.4,,35.55,,21.37,,18.49,28.91,,208.5,96.13,,65.2,0.4,lumpy earner,,,,,,,22.76,-0.03,,37.27,0.82,31.3,0.03,1079.55,682.15,5.9,48.9,41.75,20.13,0.4,,1,27.0,22.26,9.0,10.0,68.3,ACCUMULATE ⭐⭐⭐,Expected ~46% CAGR (2yr) | Revenue CAGR 29% | Profit CAGR 96% | ROE 22% | OPM 36% | FII buying +0.8% ↑,Earnings due 2026-07-16 | Pattern still forming (not broken out),2-3 years,Medium,"yfinance, screener.in",70,108,2026-07-16,2026-06-27,2026-06-01,26,4.5,3,4.0
AJANTPHARM,Ajanta Pharma Limited,Healthcare,Drug Manufacturers - Specialty & Generic,38295.0,Large-Cap,MonthlyCupHandle,Forming,0.924,19,Cup 19mo | Depth 19% | Prior gain 44% | R²=0.94,MonthlyCupHandle+MonthlyDoubleBottom,Uptrend,True,False,Tight-Above-MAs,True,Stage2,5,Uptrend,Uptrend,3131.0,3174.87,2558.14,2661.35,4808.15,4827.9,7103.75,5844.31,54.2,24.2,36.23,26.91,8.46,1.68,25.29,183.0,58.74,3303.29,14,none,27.1,34.5,0.94,28.0,-0.91,19.37,14.82,17.32,13.36,13.54,14.78,21.55,10.06,18.4,0.15,highly inconsistent earnings,0.06,,2.64,,0.87,0.0,66.25,0.0,,8.26,0.29,18.36,-0.22,3314.9,2329.9,5.5,34.4,19.7,73.66,0.6,0.2,6,34.0,27.09,3.0,4.0,68.1,ACCUMULATE ⭐⭐⭐,Expected ~24% CAGR (2yr) | Profit CAGR 22% | ROE 27% | ROCE 34% | ROCE trend rising ↑ | Nearly debt-free,Margin compression ↓ | Pattern still forming (not broken out),2-3 years,Medium,"yfinance, screener.in",100,288,,2026-06-27,2026-06-01,26,-3.6,3,-2.8
RML,Rane (Madras) Limited,Consumer Cyclical,Auto Parts,3099.0,Small-Cap,MonthlyStage2,Breaking Out,1.0,24,10-EMA=799 | 30-EMA=769 | Above by 15.9% | MA turning=Yes,MonthlyDoubleBottom+MonthlyStage2,Uptrend,True,False,Constructive,True,Stage2,3,Uptrend,Uptrend,891.15,768.71,601.53,757.48,2834.54,4330.9,6617.18,4330.9,386.0,120.5,28.82,,4.13,0.55,11.19,143.0,100.0,,0,none,15.5,14.0,3.51,9.0,1.34,2.78,5.03,13.42,17.95,24.98,181.58,52.79,121.65,5.2,0.15,highly inconsistent earnings,1.0,,0.92,,107.07,3.46,70.45,0.0,,0.06,0.01,0.97,-0.06,1137.0,608.5,21.6,46.5,5.64,0.53,3.21,0.46,6,26.0,27.0,10.0,5.0,68.0,ACCUMULATE ⭐⭐⭐,Expected ~120% CAGR (2yr) | Revenue CAGR 18% | Profit CAGR 53% | ROCE trend rising ↑ | Promoter 70% holding | FCF yield 3.5%,High D/E 1.0,2-3 years,Medium,"yfinance, screener.in",100,250,,2026-06-27,2026-06-01,26,0.0,3,0.0
KRISHNADEF,KRISHNA DEF AND ALD IND L,Industrials,Specialty Industrial Machinery,1899.0,Small-Cap,None,,0.0,0,,,Uptrend,True,False,Uptrend,True,Stage2,4,Uptrend,Uptrend,1171.6,,,995.86,1292.83,2607.0,5257.01,2607.0,122.5,49.2,65.79,,10.38,0.65,28.17,7.0,0.0,,0,none,25.4,30.4,6.5,21.0,2.2,16.88,21.75,26.29,56.43,,86.36,101.65,,72.9,1.0,steady compounder (low CV),0.01,,3.99,,72.04,3.79,59.96,-0.06,,0.61,0.45,2.06,0.86,1375.0,665.0,14.8,76.2,38.47,529.09,,0.93,7,40.0,13.0,5.0,10.0,68.0,ACCUMULATE ⭐⭐⭐,Expected ~49% CAGR (2yr) | Revenue CAGR 56% | Profit CAGR 102% | ROE 25% | ROCE 30% | ROCE trend rising ↑,High PE 66,2-3 years,Medium,"yfinance, screener.in",100,50,,2026-06-27,2026-06-01,26,0.0,3,2.0
GENUSPOWER,Genus Power Infrastructures Limited,Industrials,Electrical Equipment & Parts,8981.0,Mid-Cap,MonthlyDoubleBottom,Forming,1.0,23,Sep 23mo | Mid rally 136% | Asymmetry 2%,MonthlyDoubleBottom+MonthlyStage2,Uptrend,True,True,Uptrend,True,Stage2,4,Uptrend,Uptrend,318.8,482.57,202.74,270.98,2057.58,5623.38,15368.69,5623.38,1663.9,320.0,15.24,12.73,4.05,0.09,11.5,75.0,114.0,445.0,2,none,29.0,23.9,2.94,19.0,1.17,12.47,10.03,94.55,80.49,50.81,90.35,173.3,53.71,39.3,0.15,highly inconsistent earnings,1.04,,1.75,,-1130.65,-12.59,39.34,0.0,,18.89,0.15,3.34,0.13,394.0,206.36,19.1,54.5,-5.27,56.46,0.4,0.29,5,29.0,26.0,12.0,1.0,68.0,ACCUMULATE ⭐⭐⭐,Expected ~320% CAGR (2yr) | Revenue CAGR 80% | Profit CAGR 173% | ROE 29% | ROCE 24% | ROCE trend rising ↑,High D/E 1.0 | Pattern still forming (not broken out),2-3 years,Medium,"yfinance, screener.in",100,252,,2026-06-27,2026-06-01,26,3.1,3,5.0
SENCO,Senco Gold Limited,Consumer Cyclical,Luxury Goods,5577.0,Small-Cap,MonthlyDoubleBottom,Forming,0.325,8,Sep 8mo | Mid rally 41% | Asymmetry 8%,MonthlyDoubleBottom+MonthlyStage2,Uptrend,True,False,Tight-Above-MAs,True,Stage2,3,Uptrend,Uptrend,352.55,403.94,276.0,299.67,3349.29,3275.72,7915.35,5148.87,829.2,204.8,9.71,13.76,2.22,0.18,8.01,51.0,14.47,466.0,6,none,25.6,20.9,-0.29,11.0,0.37,6.81,9.39,33.22,27.4,25.95,261.01,53.73,56.57,151.3,0.15,highly inconsistent earnings,1.07,,1.54,,-224.74,-4.03,64.49,0.02,,7.6,-0.61,12.61,0.53,404.85,276.0,12.9,27.7,17.89,51.48,0.23,0.48,4,30.0,18.9,16.0,3.0,67.9,ACCUMULATE ⭐⭐⭐,Expected ~205% CAGR (2yr) | Revenue CAGR 27% | Profit CAGR 54% | ROE 26% | ROCE 21% | Promoter 64% holding,High D/E 1.1 | Pattern still forming (not broken out),2-3 years,Medium,"yfinance, screener.in",100,36,,2026-06-27,2026-06-01,26,5.2,3,7.0
BANCOINDIA,Banco Products (India) Limited,Consumer Cyclical,Auto Parts,9484.0,Mid-Cap,MonthlyDoubleBottom,Forming,0.71,8,Sep 8mo | Mid rally 75% | Asymmetry 4%,,Sideways-Above-MA,True,False,Constructive,True,Stage2,3,Uptrend,Uptrend,689.55,41.16,23.09,586.12,2055.57,2608.11,3309.17,2608.11,278.2,94.5,20.62,,5.63,0.77,14.59,241.0,-10.07,,0,none,31.2,30.9,2.43,17.0,1.11,12.36,11.57,21.26,18.66,20.51,22.96,26.88,33.42,-4.0,0.75,consistent growth,0.36,,2.25,,-17.15,-0.18,67.88,0.0,,4.06,0.06,0.22,0.0,879.8,502.0,21.6,37.4,23.85,315.65,0.31,0.65,6,35.0,17.52,10.0,5.0,67.5,ACCUMULATE ⭐⭐⭐,Expected ~94% CAGR (2yr) | Revenue CAGR 19% | Profit CAGR 27% | ROE 31% | ROCE 31% | ROCE trend rising ↑,Pattern still forming (not broken out),2-3 years,Medium,"yfinance, screener.in",100,235,,2026-06-27,2026-06-01,26,16.8,3,-1.0
IPCALAB,Ipca Laboratories Limited,Healthcare,Drug Manufacturers - Specialty & Generic,40232.0,Large-Cap,MonthlyStage2,Stage Change,1.0,24,10-EMA=1509 | 30-EMA=1371 | Above by 20.8% | MA turning=Yes,MonthlyDoubleBottom+MonthlyStage2,Uptrend,True,True,Uptrend,True,Stage2,5,Uptrend,Uptrend,1656.2,1371.34,1124.94,1407.77,3339.11,3396.73,6104.48,4514.81,105.1,43.2,35.21,24.13,4.99,1.0,20.87,38.0,-20.63,1719.61,18,none,16.0,17.3,-2.37,21.0,-1.43,11.83,8.08,8.42,15.85,12.32,50.83,35.21,0.74,341.0,0.15,highly inconsistent earnings,0.09,,2.76,,751.99,1.87,44.72,0.0,,10.63,0.01,37.13,0.14,1678.3,1251.6,1.3,32.3,27.05,101.6,0.96,0.06,5,26.0,26.5,9.0,6.0,67.5,ACCUMULATE ⭐⭐⭐,Expected ~43% CAGR (2yr) | Revenue CAGR 16% | Profit CAGR 35% | Nearly debt-free | Margin compressing ↓ ⚠️ | Piotroski F=5 (above average quality),Margin compression ↓ | Earnings due 2026-08-10,2-3 years,Medium,"yfinance, screener.in",100,365,2026-08-10,2026-06-27,2026-06-01,26,0.0,3,-1.0
NMDC,NMDC Limited,Basic Materials,Steel,77737.0,Large-Cap,MonthlyDoubleBottom,Forming,1.0,30,Sep 30mo | Mid rally 140% | Asymmetry 1%,,Uptrend,True,False,Tight-Above-MAs,True,Stage2,1,Uptrend,Uptrend,89.02,21.51,8.94,75.67,202.58,168.93,245.03,222.79,89.8,37.8,10.44,8.78,2.28,1.05,7.84,396.0,4.35,88.14,21,hold,23.4,27.6,-1.94,29.0,-5.29,23.23,12.29,34.15,21.99,15.85,14.26,9.98,3.49,37.2,0.15,highly inconsistent earnings,0.19,,2.43,,-1396.04,-1.8,60.79,0.0,,13.6,0.12,13.76,-0.3,97.49,67.0,8.7,32.9,40.59,168.73,0.5,0.61,4,23.0,28.5,8.0,8.0,67.5,ACCUMULATE ⭐⭐⭐,Expected ~38% CAGR (2yr) | Revenue CAGR 22% | ROE 23% | ROCE 28% | Low D/E 0.19 | Promoter 61% holding,Margin compression ↓ | Earnings due 2026-08-12 | Pattern still forming (not broken out),2-3 years,Medium,"yfinance, screener.in",100,219,2026-08-12,2026-06-27,2026-06-01,26,0.0,3,-1.0
FILATEX,Filatex India Limited,Consumer Cyclical,Textile Manufacturing,2436.0,Small-Cap,MonthlyDoubleBottom,Forming,1.0,40,Sep 40mo | Mid rally 123% | Asymmetry 6%,MonthlyDoubleBottom+MonthlyStage2,Sideways-Above-MA,True,True,Constructive,True,Stage2,3,Uptrend,Uptrend,51.92,77.41,33.85,44.13,325.99,472.75,685.58,472.75,810.5,201.8,13.28,4.13,2.53,0.3,4.76,62.0,35.72,,0,none,12.9,16.9,1.2,8.0,-0.11,4.33,,-2.14,29.23,26.63,36.57,45.02,47.74,16.6,1.0,steady compounder (low CV),0.1,,,,,,65.47,0.09,,4.22,-0.29,2.78,0.4,66.1,36.26,21.5,43.2,-1.21,16.4,0.9,0.04,2,32.0,22.5,12.0,1.0,67.5,ACCUMULATE ⭐⭐⭐,Expected ~202% CAGR (2yr) | Revenue CAGR 29% | Profit CAGR 45% | ROCE trend rising ↑ | Low D/E 0.10 | Promoter 65% holding,Pattern still forming (not broken out),2-3 years,Medium,"yfinance, screener.in",80,179,,2026-06-27,2026-06-01,26,22.5,3,4.0
ARVSMART,Arvind SmartSpaces Limited,Real Estate,Real Estate - Development,2801.0,Small-Cap,MonthlyDoubleBottom,Forming,1.0,42,Sep 42mo | Mid rally 291% | Asymmetry 2%,,Uptrend,True,False,Constructive,False,Stage2,3,Uptrend,Uptrend,573.9,228.17,57.67,487.81,1094.1,1337.94,2607.26,1688.96,133.1,52.7,29.15,17.2,4.13,0.54,21.18,98.0,100.0,811.4,5,none,15.5,12.9,1.69,27.0,0.83,17.1,2.9,-20.9,30.12,30.5,-13.45,54.37,62.82,121.0,0.15,highly inconsistent earnings,0.65,,1.21,,-44.3,-1.58,53.83,4.0,,0.67,-0.16,8.6,-7.22,692.1,486.8,17.1,17.9,-2.35,48.52,0.11,0.17,4,30.0,25.5,10.0,2.0,67.5,ACCUMULATE ⭐⭐⭐,Expected ~53% CAGR (2yr) | Revenue CAGR 30% | Profit CAGR 54% | ROCE trend rising ↑ | Promoter 54% holding | Promoters buying ↑,Pattern still forming (not broken out),2-3 years,Medium,"yfinance, screener.in",100,131,,2026-06-27,2026-06-01,26,-2.6,3,6.0
CAPACITE,Capacit'e Infraprojects Limited,Industrials,Engineering & Construction,1978.0,Small-Cap,MonthlyDoubleBottom,Forming,1.0,29,Sep 29mo | Mid rally 153% | Asymmetry 4%,,Sideways-Above-MA,True,False,Constructive,True,Stage2,4,Uptrend,Uptrend,220.96,465.0,180.0,187.82,975.29,877.53,1564.39,1235.21,297.1,99.3,10.33,6.94,1.09,0.39,5.07,0.0,0.0,341.0,3,none,10.6,15.6,2.09,16.0,0.06,7.25,5.88,11.62,13.39,24.41,-5.39,26.65,149.41,-11.1,0.15,highly inconsistent earnings,0.25,,1.65,,268.13,13.56,31.69,0.0,,14.96,0.87,7.82,-0.72,339.65,180.0,34.9,22.8,-23.32,-18.99,0.22,,7,28.0,22.5,17.0,0.0,67.5,ACCUMULATE ⭐⭐⭐,Expected ~99% CAGR (2yr) | Profit CAGR 27% | ROCE trend rising ↑ | Low D/E 0.25 | FCF yield 13.6% | Piotroski F=7 (high quality compounder),Pattern still forming (not broken out),2-3 years,Medium,"yfinance, screener.in",100,106,,2026-06-27,2026-06-01,26,-1.8,3,6.0
BLSE,BLS E-SERVICES LIMITED,Industrials,Specialty Business Services,2058.0,Small-Cap,MonthlyDoubleBottom,Forming,0.774,11,Sep 11mo | Mid rally 82% | Asymmetry 5%,,Uptrend,True,False,Tight-Above-MAs,True,Stage2,4,Uptrend,Uptrend,228.4,231.7,124.3,194.14,346.4,523.42,790.88,523.42,129.2,51.4,35.87,,3.95,0.7,23.12,66.0,-50.0,,0,none,11.4,17.0,-5.7,7.0,0.43,5.14,5.98,115.41,66.32,77.2,16.95,51.1,87.22,11.7,0.15,highly inconsistent earnings,0.01,,2.85,,39.32,1.91,69.81,0.92,,0.46,-0.53,0.01,-0.1,237.5,124.3,3.8,83.7,29.51,,0.38,0.18,6,29.0,24.29,6.0,8.0,67.3,ACCUMULATE ⭐⭐⭐,Expected ~51% CAGR (2yr) | Revenue CAGR 66% | Profit CAGR 51% | Nearly debt-free | Promoter 70% holding | Piotroski F=6 (above average quality),Pattern still forming (not broken out),2-3 years,Medium,"yfinance, screener.in",100,29,,2026-06-27,2026-06-01,26,13.6,3,6.0
SHAILY,Shaily Engineering Plastics Limited,Basic Materials,Specialty Chemicals,12896.0,Mid-Cap,None,,0.0,0,,,Uptrend,True,False,Tight-Above-MAs,True,Stage2,1,Uptrend,Uptrend,2968.8,,,2523.48,1422.64,2852.6,4080.04,2409.23,,,76.34,36.02,20.28,1.1,46.58,7.0,100.0,3517.67,6,none,26.9,29.3,6.0,28.0,3.3,17.15,13.87,25.92,17.75,,82.8,69.35,,40.5,0.4,lumpy earner,0.25,,1.25,,-11.78,-0.09,43.39,0.0,,16.73,4.72,10.61,-3.03,3233.9,1535.9,8.2,93.3,91.93,1000.06,,-0.13,5,39.0,15.0,5.0,8.0,67.0,ACCUMULATE ⭐⭐⭐,Revenue CAGR 18% | Profit CAGR 69% | ROE 27% | ROCE 29% | ROCE trend rising ↑ | Low D/E 0.25,High PE 76,2-3 years,Medium,"yfinance, screener.in",100,51,,2026-06-27,2026-06-01,26,12.6,3,-3.0
INDOTHAI,Indo Thai Securities Limited,Financial Services,Capital Markets,3042.0,Small-Cap,MonthlyDoubleBottom,Forming,0.878,30,Sep 30mo | Mid rally 95% | Asymmetry 7%,,Downtrend,False,False,Below-MAs,False,Stage2,12,Uptrend,Uptrend,268.5,47.7,23.57,228.22,242.41,454.71,852.94,454.71,69.4,30.1,44.88,,10.69,0.51,,7.0,0.0,,0,none,28.6,34.6,0.66,83.0,4.43,65.09,21.98,285.19,135.13,36.43,725.0,87.58,48.96,,0.15,highly inconsistent earnings,0.08,,1.95,,,,56.5,-0.27,,1.22,-0.06,0.49,0.3,466.35,143.65,42.4,86.9,56.9,932.19,0.75,1.3,5,40.0,15.04,6.0,6.0,67.0,ACCUMULATE ⭐⭐⭐,Expected ~30% CAGR (2yr) | Revenue CAGR 135% | Profit CAGR 88% | ROE 29% | ROCE 35% | ROCE trend rising ↑,Pattern still forming (not broken out),2-3 years,Medium,"yfinance, screener.in",90,175,,2026-06-27,2026-06-01,26,0.0,3,-2.0
BLS,BLS International Services Limited,Industrials,Specialty Business Services,11006.0,Mid-Cap,MonthlyDoubleBottom,Forming,1.0,11,Sep 11mo | Mid rally 150% | Asymmetry 3%,,Downtrend,False,False,Below-MAs,False,Stage2,4,Uptrend,Uptrend,262.1,69.59,27.34,222.79,895.44,1365.81,2083.27,1365.81,421.1,128.3,16.07,12.44,4.47,0.31,12.51,112.0,38.67,330.0,1,none,32.7,29.3,3.57,27.0,4.2,22.9,13.79,36.71,25.52,44.37,34.07,52.53,70.67,31.6,0.75,consistent growth,0.15,,2.91,,448.12,4.07,70.39,0.0,,6.14,-0.23,2.99,0.07,414.9,218.9,36.8,19.7,-25.73,-10.24,0.22,-0.27,7,40.0,15.0,12.0,0.0,67.0,ACCUMULATE ⭐⭐⭐,Expected ~128% CAGR (2yr) | Revenue CAGR 26% | Profit CAGR 53% | ROE 33% | ROCE 29% | ROCE trend rising ↑,Pattern still forming (not broken out),2-3 years,Medium,"yfinance, screener.in",100,121,,2026-06-27,2026-06-01,26,0.0,3,0.0
RADICO,Radico Khaitan Limited,Consumer Defensive,Beverages - Wineries & Distilleries,50481.0,Large-Cap,MonthlyDoubleBottom,Forming,0.7,13,Sep 13mo | Mid rally 71% | Asymmetry 1%,,Uptrend,True,False,Tight-Above-MAs,True,Stage2,15,Uptrend,Uptrend,3599.9,146.19,85.13,3059.91,3327.36,4353.08,6523.49,4658.97,20.9,10.0,83.33,52.21,15.21,2.08,40.28,15.0,10.06,3894.25,20,strong_buy,20.3,24.2,0.89,17.0,0.03,8.84,,24.92,24.53,20.57,74.57,40.02,16.87,62.3,0.15,highly inconsistent earnings,0.21,,,,,,40.2,-0.01,,17.63,-2.19,27.35,3.32,3778.0,2500.0,4.7,44.0,45.46,176.84,0.78,0.24,3,32.0,23.9,1.0,10.0,66.9,ACCUMULATE ⭐⭐⭐,Expected ~10% CAGR (2yr) | Revenue CAGR 25% | Profit CAGR 40% | ROE 20% | ROCE 24% | ROCE trend rising ↑,High PE 83 | Earnings due 2026-07-30 | Pattern still forming (not broken out),2-3 years,Medium,"yfinance, screener.in",80,276,2026-07-30,2026-06-27,2026-06-01,26,0.0,3,-2.0
V2RETAIL,V2 Retail Limited,Consumer Cyclical,Apparel Retail,8636.0,Mid-Cap,MonthlyDoubleBottom,Forming,1.0,33,Sep 33mo | Mid rally 505% | Asymmetry 6%,,Sideways-Above-MA,True,True,Constructive,True,Stage2,3,Uptrend,Uptrend,226.03,55.56,8.93,192.13,685.77,1797.19,4709.9,1797.19,695.1,182.0,51.83,2.69,9.19,0.32,21.13,0.0,,,0,none,22.7,18.3,3.46,15.0,1.2,5.28,8.49,62.79,54.05,41.64,125.0,162.07,,172.0,0.2,multiple loss years in history,1.1,,1.44,,-463.56,-5.37,51.43,0.0,,2.62,-0.39,9.28,0.16,259.25,158.56,12.8,42.6,32.29,1585.11,1.0,0.21,4,25.0,22.5,11.0,8.0,66.5,ACCUMULATE ⭐⭐⭐,Expected ~182% CAGR (2yr) | Revenue CAGR 54% | Profit CAGR 162% | ROE 23% | ROCE trend rising ↑ | Promoter 51% holding,High D/E 1.1 | High PE 52 | Pattern still forming (not broken out),2-3 years,Medium,"yfinance, screener.in",100,227,,2026-06-27,2026-06-01,26,0.0,3,0.0
JBCHEPHARM,J. B. Chemicals & Pharmaceuticals Limited,Healthcare,Drug Manufacturers - Specialty & Generic,35219.0,Large-Cap,MonthlyDoubleBottom,Forming,0.662,29,Sep 29mo | Mid rally 74% | Asymmetry 8%,,Uptrend,True,False,Tight-Above-MAs,True,Stage2,5,Uptrend,Uptrend,2171.6,183.68,101.71,1845.86,2382.0,2618.76,3431.8,2859.12,20.6,9.8,49.26,30.09,8.47,2.46,31.17,85.0,35.34,2258.22,9,none,18.9,25.4,-0.8,27.0,0.46,17.11,12.48,5.87,9.62,15.22,7.42,20.03,9.57,-30.4,0.15,highly inconsistent earnings,0.0,,4.92,,506.48,1.44,48.8,1.25,,16.33,1.45,21.38,-1.97,2300.0,1603.5,5.6,35.4,38.4,65.57,0.81,-0.02,5,31.0,24.44,1.0,10.0,66.4,ACCUMULATE ⭐⭐⭐,Expected ~10% CAGR (2yr) | Profit CAGR 20% | ROCE 25% | Nearly debt-free | Promoters buying ↑ | OPM 27%,Earnings due 2026-07-30 | Pattern still forming (not broken out),2-3 years,Medium,"yfinance, screener.in",100,287,2026-07-30,2026-06-27,2026-06-01,26,0.0,3,2.0
LALPATHLAB,Dr. Lal PathLabs Limited,Healthcare,Diagnostics & Research,27314.0,Mid-Cap,MonthlyStage2,Breaking Out,1.0,24,10-EMA=1472 | 30-EMA=1405 | Above by 21.3% | MA turning=Yes,MonthlyDoubleBottom+MonthlyStage2,Sideways-Above-MA,True,False,Constructive,True,Stage2,5,Uptrend,Uptrend,1703.7,1404.72,1142.76,1448.14,2076.78,2274.22,3423.36,2666.37,33.5,15.5,51.82,39.71,10.89,1.83,33.52,86.0,-16.45,1686.0,26,buy,22.5,28.3,-0.51,28.0,0.17,18.27,13.23,12.27,11.06,11.81,3.66,28.39,11.5,-15.2,0.15,highly inconsistent earnings,0.08,,3.48,,400.37,1.47,53.21,0.0,,17.18,-3.11,21.37,2.17,1803.0,1272.6,5.5,33.9,30.64,32.18,2.5,0.19,6,33.0,24.0,1.0,8.0,66.0,ACCUMULATE ⭐⭐⭐,Expected ~16% CAGR (2yr) | Profit CAGR 28% | ROE 22% | ROCE 28% | Nearly debt-free | Promoter 53% holding,High PE 52 | Earnings due 2026-04-30,2-3 years,Medium,"yfinance, screener.in",100,126,2026-04-30,2026-06-27,2026-06-01,26,0.0,3,-1.0
MPSLTD,MPS Limited,Communication Services,Publishing,3076.0,Small-Cap,MonthlyDoubleBottom,Forming,1.0,25,Sep 25mo | Mid rally 125% | Asymmetry 0%,,Sideways,False,False,Below-MAs,True,Downtrend,0,Uptrend,Uptrend,1828.9,3013.89,1336.1,1554.57,3603.29,4691.68,4903.08,4203.24,156.5,60.2,17.76,14.51,5.16,1.07,12.79,458.0,40.38,2500.0,1,none,31.2,39.3,3.0,31.0,0.94,22.54,15.89,5.64,15.3,12.67,16.11,16.65,24.0,-0.1,0.4,lumpy earner,0.1,,1.45,,194.33,6.32,68.34,0.0,,1.47,-0.16,1.96,0.8,2975.0,1336.1,38.5,36.9,-22.35,68.26,0.94,0.44,6,40.0,18.5,7.0,0.0,65.5,ACCUMULATE ⭐⭐⭐,Expected ~60% CAGR (2yr) | Revenue CAGR 15% | ROE 31% | ROCE 39% | ROCE trend rising ↑ | Low D/E 0.10,Pattern still forming (not broken out),2-3 years,Medium,"yfinance, screener.in",100,287,,2026-06-27,2026-06-01,26,0.0,3,0.0
TATAELXSI,Tata Elxsi Limited,Technology,Software - Application,25327.0,Mid-Cap,MonthlyDoubleBottom,Forming,1.0,40,Sep 40mo | Mid rally 193% | Asymmetry 1%,,Sideways,False,False,Below-MAs,True,Downtrend,0,Uptrend,Uptrend,4186.1,1365.89,463.42,3558.19,4982.32,5995.67,10165.56,7116.74,43.2,19.7,40.32,25.9,8.33,0.94,29.14,184.0,7.37,4314.07,15,none,39.3,60.0,7.09,21.0,0.97,16.62,12.87,9.55,16.35,16.95,41.67,42.84,15.79,27.8,0.15,highly inconsistent earnings,0.05,,3.92,,683.07,2.7,43.9,0.0,,11.08,2.52,11.39,-0.89,6439.5,3926.1,35.0,6.6,-25.19,-65.94,0.51,0.3,7,40.0,18.5,7.0,0.0,65.5,ACCUMULATE ⭐⭐⭐,Expected ~20% CAGR (2yr) | Revenue CAGR 16% | Profit CAGR 43% | ROE 39% | ROCE 60% | ROCE trend rising ↑,Earnings due 2026-07-09 | Pattern still forming (not broken out),2-3 years,Medium,"yfinance, screener.in",100,287,2026-07-09,2026-06-27,2026-06-01,26,0.0,3,0.0
TEMBO,Tembo Global Industries Limited,Industrials,Metal Fabrication,869.0,Small-Cap,MonthlyStage2,Stage Change,1.0,24,10-EMA=567 | 30-EMA=488 | Above by 16.8% | MA turning=Yes,MonthlyCupHandle+MonthlyDoubleBottom+MonthlyStage2,Sideways,False,False,Below-MAs,True,Stage2,4,Uptrend,Uptrend,569.65,487.8,226.64,484.2,4745.45,12040.17,30548.31,12040.17,2013.6,359.7,10.96,,3.46,0.07,7.05,36.0,-12.64,,0,none,27.5,22.8,3.54,13.0,1.49,8.38,10.0,46.51,63.37,59.98,92.16,153.72,117.79,83.6,0.4,lumpy earner,0.78,,1.92,,-341.83,-39.35,36.38,0.0,,8.58,-0.04,0.95,0.73,837.0,433.35,31.9,31.5,11.43,111.92,0.34,0.67,5,32.0,19.5,12.0,2.0,65.5,ACCUMULATE ⭐⭐⭐,Expected ~360% CAGR (2yr) | Revenue CAGR 63% | Profit CAGR 154% | ROE 28% | ROCE 23% | ROCE trend rising ↑,None identified,2-3 years,Medium,"yfinance, screener.in",100,94,,2026-06-27,2026-06-01,26,0.0,3,0.0
TRITURBINE,Triveni Turbine Limited,Industrials,Specialty Industrial Machinery,21372.0,Mid-Cap,MonthlyStage2,Stage Change,1.0,24,10-EMA=546 | 30-EMA=520 | Above by 22.7% | MA turning=Yes,MonthlyDoubleBottom+MonthlyStage2,Uptrend,True,True,Uptrend,True,Stage2,4,Uptrend,Uptrend,638.05,520.11,439.85,542.34,458.03,608.41,679.84,558.02,,,60.95,40.71,14.76,2.79,46.19,59.0,67.5,684.0,9,buy,27.1,35.9,3.54,21.0,0.26,16.03,11.52,8.72,20.45,25.41,-2.79,21.83,27.89,8.6,0.15,highly inconsistent earnings,0.03,,1.98,,-258.5,-1.21,55.84,0.0,,20.81,-1.57,16.52,1.92,787.6,428.35,19.0,49.0,12.77,37.09,1.48,0.49,6,35.0,26.5,0.0,4.0,65.5,ACCUMULATE ⭐⭐⭐,Revenue CAGR 20% | Profit CAGR 22% | ROE 27% | ROCE 36% | ROCE trend rising ↑ | Nearly debt-free,High PE 61,2-3 years,Medium,"yfinance, screener.in",100,176,,2026-06-27,2026-06-01,26,0.0,3,0.0
TMB,Tamilnad Mercantile Bank Limited,Financial Services,Banks - Regional,12361.0,Mid-Cap,MonthlyStage2,Stage Change,1.0,24,10-EMA=591 | 30-EMA=511 | Above by 33.0% | MA turning=Yes,MonthlyDoubleBottom+MonthlyStage2,Uptrend,True,False,Tight-Above-MAs,True,Stage2,12,Uptrend,Uptrend,679.4,510.71,399.27,577.49,2032.41,2601.49,3329.9,2601.49,282.9,95.7,9.24,,1.22,0.33,,160.0,7.72,,0,none,13.99,,,54.29,,39.86,1.89,23.5,,,28.0,,,28.0,0.5,insufficient history,,,,,,,,,,6.19,1.24,1.91,-0.56,798.25,411.8,14.9,65.0,63.89,41.14,0.76,0.45,2,18.0,28.5,9.0,10.0,65.5,ACCUMULATE ⭐⭐⭐,Expected ~96% CAGR (2yr) | Revenue CAGR 24% | Profit CAGR 28% | OPM 54% | FII buying +1.2% ↑ | PEG 0.33 — deeply undervalued,None identified,2-3 years,Medium,"yfinance, screener.in",40,45,,2026-06-27,2026-06-01,26,0.0,3,2.0
AUROPHARMA,Aurobindo Pharma Limited,Healthcare,Drug Manufacturers - Specialty & Generic,86180.0,Large-Cap,MonthlyStage2,Stage Change,1.0,24,10-EMA=1308 | 30-EMA=1177 | Above by 25.2% | MA turning=Yes,MonthlyCupHandle+MonthlyDoubleBottom+MonthlyStage2,Uptrend,True,False,Uptrend,True,Stage2,5,Uptrend,Uptrend,1472.8,1176.59,1024.06,1251.88,3332.13,3044.78,4961.17,4065.87,106.7,43.8,24.81,16.95,2.3,1.13,12.32,27.0,-12.64,1513.14,29,buy,10.1,12.8,-0.49,20.0,0.17,10.41,5.86,6.08,10.63,6.32,0.55,22.02,-8.07,2.0,0.15,highly inconsistent earnings,0.21,,1.81,,1318.53,1.53,51.82,0.0,,15.24,1.29,25.82,-1.84,1550.0,1016.1,5.0,44.9,34.33,61.0,0.38,0.04,6,20.0,26.5,9.0,10.0,65.5,ACCUMULATE ⭐⭐⭐,Expected ~44% CAGR (2yr) | Profit CAGR 22% | Low D/E 0.21 | Promoter 52% holding | Piotroski F=6 (above average quality) | FII buying +1.3% ↑,Earnings due 2026-08-04,2-3 years,Medium,"yfinance, screener.in",100,366,2026-08-04,2026-06-27,2026-06-01,26,-2.6,3,3.0
ADANIPORTS,Adani Ports and Special Economic Zone Limited,Industrials,Marine Shipping,422846.0,Large-Cap,MonthlyCupHandle,Forming,0.782,21,Cup 21mo | Depth 33% | Prior gain 76% | R²=0.99,MonthlyCupHandle+MonthlyDoubleBottom,Uptrend,True,False,Uptrend,True,Stage2,4,Uptrend,Uptrend,1812.9,1789.96,1202.57,1540.97,2758.69,2989.59,4904.83,3678.44,64.9,28.4,31.55,23.69,4.41,0.95,21.48,41.0,14.47,1956.32,25,strong_buy,16.4,14.1,0.43,59.0,-0.91,33.06,6.76,27.11,22.93,25.28,15.56,33.34,20.41,10.4,0.15,highly inconsistent earnings,0.64,,1.39,,-3192.01,-0.75,68.02,0.0,,13.25,0.15,13.86,-0.03,1857.8,1290.5,2.4,40.5,36.65,117.2,0.48,0.52,4,25.0,23.38,7.0,10.0,65.4,ACCUMULATE ⭐⭐⭐,Expected ~28% CAGR (2yr) | Revenue CAGR 23% | Profit CAGR 33% | ROCE trend rising ↑ | Promoter 68% holding | OPM 59%,Margin compression ↓ | Earnings due 2026-04-30 | Pattern still forming (not broken out),2-3 years,Medium,"yfinance, screener.in",100,224,2026-04-30,2026-06-27,2026-06-01,26,2.8,3,-1.0
BAJAJ-AUTO,Bajaj Auto Limited,Consumer Cyclical,Auto Manufacturers,281115.0,Large-Cap,MonthlyCupHandle,Forming,0.943,19,Cup 19mo | Depth 21% | Prior gain 30% | R²=0.97,MonthlyCupHandle+MonthlyDoubleBottom,Sideways-Above-MA,True,False,Constructive,False,Stage2,3,Uptrend,Uptrend,10063.0,10449.22,8305.81,8553.55,20915.6,19445.22,30314.55,25180.29,93.2,39.0,26.18,21.64,7.24,1.28,19.31,149.0,2.33,10842.6,38,buy,29.1,28.2,1.06,21.0,0.74,16.51,13.88,23.36,19.94,17.79,44.35,20.39,16.84,103.2,0.15,highly inconsistent earnings,0.56,,1.76,,-456.44,-0.16,55.01,0.02,,8.82,-0.02,14.35,0.28,10834.0,7858.5,7.1,28.1,30.29,91.35,0.49,0.68,6,28.0,21.32,8.0,8.0,65.3,ACCUMULATE ⭐⭐⭐,Expected ~39% CAGR (2yr) | Revenue CAGR 20% | Profit CAGR 20% | ROE 29% | ROCE 28% | ROCE trend rising ↑,Earnings due 2026-07-16 | Pattern still forming (not broken out),2-3 years,Medium,"yfinance, screener.in",100,288,2026-07-16,2026-06-27,2026-06-01,26,-1.4,3,-8.0
PRUDENT,Prudent Corporate Advisory Services Limited,Financial Services,Asset Management,12543.0,Mid-Cap,MonthlyCupHandle,Forming,0.853,18,Cup 18mo | Depth 25% | Prior gain 127% | R²=0.96,,Uptrend,True,False,Constructive,True,Stage2,12,Uptrend,Uptrend,2726.2,3352.49,2515.37,2389.6,1290.42,4189.61,1977.75,1597.54,53.7,24.0,56.49,37.97,16.45,2.37,,8.0,35.72,3015.71,7,buy,28.6,37.5,-1.49,24.0,-0.17,16.62,20.48,16.24,28.76,34.88,13.27,23.8,37.6,14.3,0.4,lumpy earner,0.04,,1.32,,,,55.31,0.0,,14.89,-1.43,23.58,1.45,3098.0,2121.0,12.0,28.5,8.43,155.59,0.55,0.42,3,36.0,23.24,1.0,5.0,65.2,ACCUMULATE ⭐⭐⭐,Expected ~24% CAGR (2yr) | Revenue CAGR 29% | Profit CAGR 24% | ROE 29% | ROCE 38% | Nearly debt-free,High PE 56 | Pattern still forming (not broken out),2-3 years,Medium,"yfinance, screener.in",90,49,,2026-06-27,2026-06-01,26,0.0,3,2.0
POLYCAB,Polycab India Limited,Industrials,Electrical Equipment & Parts,151828.0,Large-Cap,None,,0.0,0,,,Uptrend,True,False,Tight-Above-MAs,True,Stage2,4,Uptrend,Uptrend,9162.5,,,7788.12,7404.12,9497.7,12182.14,9497.26,3.7,1.8,57.14,40.72,12.64,2.02,36.39,47.0,32.95,9498.35,31,buy,23.0,33.2,2.31,14.0,0.43,9.25,13.56,28.9,26.98,26.86,32.36,28.27,25.04,6.3,0.4,lumpy earner,0.03,,1.84,,1620.23,1.07,61.5,0.0,,18.21,3.39,7.95,-3.18,10120.0,5975.0,9.5,53.3,48.36,139.42,,0.64,7,40.0,15.0,0.0,10.0,65.0,ACCUMULATE ⭐⭐⭐,Expected ~2% CAGR (2yr) | Revenue CAGR 27% | Profit CAGR 28% | ROE 23% | ROCE 33% | ROCE trend rising ↑,High PE 57 | Earnings due 2026-07-16,2-3 years,Medium,"yfinance, screener.in",100,86,2026-07-16,2026-06-27,2026-06-01,26,0.0,3,-2.0
GPTINFRA,GPT Infraprojects Limited,Industrials,Engineering & Construction,1534.0,Small-Cap,MonthlyStage2,Stage Change,0.619,24,10-EMA=113 | 30-EMA=104 | Above by 9.3% | MA turning=Yes,,Uptrend,True,True,Uptrend,True,Stage2,4,Uptrend,Uptrend,114.16,104.46,89.91,97.04,385.48,570.01,842.88,570.01,399.3,123.5,15.76,,2.55,0.33,9.97,330.0,0.0,,0,none,17.3,21.3,1.91,14.0,-0.06,7.54,8.18,8.59,16.83,16.2,31.08,47.87,37.14,31.5,0.4,lumpy earner,0.5,,1.59,,-24.47,-1.6,69.37,0.0,,2.72,0.14,7.03,-0.07,140.9,96.22,19.0,18.6,-4.53,198.61,0.17,-0.12,5,29.0,21.93,12.0,2.0,64.9,ACCUMULATE ⭐⭐⭐,Expected ~124% CAGR (2yr) | Revenue CAGR 17% | Profit CAGR 48% | ROCE 21% | ROCE trend rising ↑ | Promoter 69% holding,None identified,3-4 years,Medium-High,"yfinance, screener.in",100,120,,2026-06-27,2026-06-01,26,-2.6,3,-4.8
RAMRAT,Ram Ratna Wires Limited,Industrials,Electrical Equipment & Parts,3801.0,Small-Cap,MonthlyCupHandle,Forming,0.717,19,Cup 19mo | Depth 32% | Prior gain 106% | R²=0.98,MonthlyCupHandle+MonthlyDoubleBottom,Uptrend,True,False,Tight-Above-MAs,True,Stage2,4,Uptrend,Uptrend,425.6,427.1,290.58,361.76,571.85,756.96,1001.98,756.96,77.9,33.4,35.47,,6.56,1.1,16.94,31.0,0.0,,0,none,20.6,23.6,2.31,5.0,0.06,2.07,8.57,40.79,25.01,27.66,55.71,32.37,46.78,69.1,0.15,highly inconsistent earnings,1.15,,1.15,,-356.79,-9.39,69.3,0.0,,0.17,0.08,0.44,0.02,520.0,268.0,18.2,58.8,33.64,192.32,0.79,0.37,4,27.0,24.6,6.0,7.0,64.6,ACCUMULATE ⭐⭐⭐,Expected ~33% CAGR (2yr) | Revenue CAGR 25% | Profit CAGR 32% | ROE 21% | ROCE 24% | ROCE trend rising ↑,High D/E 1.2 | Pattern still forming (not broken out),3-4 years,Medium-High,"yfinance, screener.in",100,47,,2026-06-27,2026-06-01,26,0.0,3,0.0
SYRMA,Syrma SGS Technology Limited,Technology,Electronic Components,25696.0,Mid-Cap,MonthlyDoubleBottom,Forming,0.717,6,Sep 6mo | Mid rally 73% | Asymmetry 2%,,Uptrend,True,True,Uptrend,True,Downtrend,0,Uptrend,Uptrend,984.15,645.9,369.32,836.53,592.75,975.9,1181.12,836.72,,,78.75,46.58,8.92,1.91,46.49,11.0,0.0,1184.67,24,buy,13.9,16.7,-0.2,11.0,-0.17,6.59,5.77,27.25,33.01,40.32,88.04,41.16,38.05,54.4,0.4,lumpy earner,0.13,,1.7,,7.27,0.03,42.28,-0.44,,6.6,0.13,16.59,0.7,1355.0,500.0,27.4,96.8,81.55,98.82,0.85,0.25,5,31.0,20.6,3.0,10.0,64.6,ACCUMULATE ⭐⭐⭐,Revenue CAGR 33% | Profit CAGR 41% | Low D/E 0.13 | Piotroski F=5 (above average quality) | DII buying +0.7% ↑ | MonthlyDoubleBottom forming (6mo base),High PE 79 | Pattern still forming (not broken out),3-4 years,Medium-High,"yfinance, screener.in",100,46,,2026-06-27,2026-06-01,26,0.0,3,2.0
CARERATING,CARE Ratings Limited,Financial Services,Financial Data & Stock Exchanges,5150.0,Small-Cap,MonthlyDoubleBottom,Forming,0.925,14,Sep 14mo | Mid rally 93% | Asymmetry 1%,,Sideways-Above-MA,True,False,Tight-Above-MAs,True,Stage2,12,Uptrend,Uptrend,1626.0,708.57,364.76,1382.1,1480.48,1879.76,2386.73,1879.76,15.6,7.5,30.12,21.91,5.52,1.12,24.04,128.0,23.86,2130.0,1,none,19.7,26.3,1.54,42.0,0.97,36.18,11.09,17.66,19.24,13.78,24.29,26.97,13.84,24.0,0.15,highly inconsistent earnings,0.03,,5.75,,132.32,2.57,,,,23.25,0.25,31.38,0.08,1932.0,1392.7,15.8,16.8,0.96,115.23,0.3,0.33,7,35.0,23.6,3.0,3.0,64.6,ACCUMULATE ⭐⭐⭐,Expected ~8% CAGR (2yr) | Revenue CAGR 19% | Profit CAGR 27% | ROCE 26% | ROCE trend rising ↑ | Nearly debt-free,Pattern still forming (not broken out),3-4 years,Medium-High,"yfinance, screener.in",90,163,,2026-06-27,2026-06-01,26,-7.4,3,4.0
SUPRIYA,Supriya Lifescience Limited,Healthcare,Biotechnology,7503.0,Small-Cap,MonthlyStage2,Stage Change,1.0,24,10-EMA=682 | 30-EMA=606 | Above by 18.9% | MA turning=Yes,MonthlyDoubleBottom+MonthlyStage2,Sideways-Above-MA,True,True,Constructive,True,Stage2,5,Uptrend,Uptrend,720.6,605.95,386.51,612.51,1548.51,2271.67,3332.54,2271.67,215.2,77.6,35.84,23.42,6.27,0.77,25.27,11.0,18.56,940.0,2,none,19.06,,,32.23,,25.26,13.45,50.2,,,46.7,,,47.3,0.5,insufficient history,0.01,,4.4,,-15.58,-0.21,68.3,0.0,,5.16,-0.03,5.7,0.7,1085.0,545.5,33.6,32.1,9.5,169.45,0.46,0.64,4,33.0,22.5,6.0,3.0,64.5,ACCUMULATE ⭐⭐⭐,Expected ~78% CAGR (2yr) | Revenue CAGR 50% | Profit CAGR 47% | Nearly debt-free | Promoter 68% holding | OPM 32%,None identified,3-4 years,Medium-High,"yfinance, screener.in",70,54,,2026-06-27,2026-06-01,26,0.0,3,-2.0
GLENMARK,Glenmark Pharmaceuticals Limited,Healthcare,Drug Manufacturers - Specialty & Generic,62468.0,Large-Cap,MonthlyDoubleBottom,Forming,1.0,48,Sep 48mo | Mid rally 152% | Asymmetry 2%,,Sideways-Above-MA,True,False,Constructive,False,Stage2,5,Uptrend,Uptrend,2173.8,1214.53,478.22,1847.73,2133.71,2420.55,2632.26,2369.91,11.4,5.5,45.87,22.6,5.94,4.14,13.54,23.0,25.99,2496.5,10,buy,30.5,39.8,3.89,27.0,0.94,8.02,13.9,27.48,13.61,9.19,30.09,11.07,11.91,6382.0,0.15,highly inconsistent earnings,0.06,,1.77,,1177.36,1.88,46.65,0.0,,20.35,1.15,19.28,-0.81,2474.0,1630.1,12.1,33.4,6.73,158.21,0.5,0.25,7,34.0,22.5,5.0,3.0,64.5,ACCUMULATE ⭐⭐⭐,Expected ~6% CAGR (2yr) | ROE 30% | ROCE 40% | ROCE trend rising ↑ | Nearly debt-free | OPM 27%,Earnings due 2026-08-13 | Pattern still forming (not broken out),3-4 years,Medium-High,"yfinance, screener.in",100,288,2026-08-13,2026-06-27,2026-06-01,26,-9.6,3,1.0
TBZ,Tribhovandas Bhimji Zaveri Limited,Consumer Cyclical,Luxury Goods,1260.0,Small-Cap,MonthlyDoubleBottom,Forming,1.0,31,Sep 31mo | Mid rally 223% | Asymmetry 2%,,Sideways-Above-MA,True,False,Constructive,True,Stage2,3,Uptrend,Uptrend,129.89,132.48,40.55,110.41,2146.4,3682.59,6318.21,3682.59,2735.2,432.5,6.23,63.6,1.5,0.09,5.55,119.0,31.04,,0,none,27.1,21.4,2.0,11.0,0.57,6.3,10.94,22.25,10.19,19.0,197.06,71.57,36.26,612.6,0.15,highly inconsistent earnings,1.06,,1.65,,-81.27,-6.45,74.12,0.0,,0.26,0.26,0.0,0.0,217.95,110.5,40.4,17.5,-22.01,37.06,0.34,0.5,6,26.0,22.5,14.0,2.0,64.5,ACCUMULATE ⭐⭐⭐,Expected ~432% CAGR (2yr) | Profit CAGR 72% | ROE 27% | ROCE 21% | ROCE trend rising ↑ | Promoter 74% holding,High D/E 1.1 | Pattern still forming (not broken out),3-4 years,Medium-High,"yfinance, screener.in",100,169,,2026-06-27,2026-06-01,26,0.0,3,1.0
SUNPHARMA,Sun Pharmaceutical Industries Limited,Healthcare,Drug Manufacturers - Specialty & Generic,441070.0,Large-Cap,MonthlyDoubleBottom,Forming,1.0,32,Sep 32mo | Mid rally 113% | Asymmetry 4%,,Uptrend,True,False,Tight-Above-MAs,True,Stage2,5,Uptrend,Uptrend,1882.3,1099.65,505.12,1599.95,2180.12,2265.28,2665.36,2410.56,20.3,9.7,38.46,28.43,5.28,3.64,25.1,87.0,-1.47,2047.35,34,buy,16.0,20.5,1.43,30.0,0.89,19.64,8.43,11.19,10.03,11.78,4.96,10.57,38.33,26.2,0.15,highly inconsistent earnings,0.06,,2.82,,4931.94,1.12,54.48,0.0,,15.94,-0.18,21.0,0.28,1916.6,1548.0,1.8,21.6,21.15,61.39,0.61,0.08,7,27.0,28.5,1.0,8.0,64.5,ACCUMULATE ⭐⭐⭐,Expected ~10% CAGR (2yr) | ROCE 20% | ROCE trend rising ↑ | Nearly debt-free | Promoter 54% holding | OPM 30%,Earnings due 2026-07-30 | Pattern still forming (not broken out),3-4 years,Medium-High,"yfinance, screener.in",100,365,2026-07-30,2026-06-27,2026-06-01,26,0.0,3,2.0
GODFRYPHLP,Godfrey Phillips India Limited,Consumer Defensive,Tobacco,35423.0,Large-Cap,MonthlyDoubleBottom,Forming,1.0,7,Sep 7mo | Mid rally 112% | Asymmetry 10%,MonthlyDoubleBottom+MonthlyStage2,Downtrend,False,False,Below-MAs,False,Stage2,15,Uptrend,Uptrend,2301.0,439.44,197.7,1955.85,6479.36,8441.96,10999.03,8441.96,266.9,91.5,23.2,20.26,5.7,0.77,22.13,163.0,58.27,,0,none,26.6,32.8,3.37,25.0,0.29,23.88,11.97,13.9,21.51,20.41,42.35,30.29,32.33,86.7,0.75,consistent growth,0.04,,2.44,,44.89,0.13,72.58,0.0,,7.91,-0.24,3.28,-0.93,3947.0,1832.1,41.7,25.6,-18.77,216.26,0.18,0.29,7,40.0,15.0,9.0,0.0,64.0,ACCUMULATE ⭐⭐⭐,Expected ~92% CAGR (2yr) | Revenue CAGR 22% | Profit CAGR 30% | ROE 27% | ROCE 33% | ROCE trend rising ↑,Pattern still forming (not broken out),3-4 years,Medium-High,"yfinance, screener.in",100,330,,2026-06-27,2026-06-01,26,-1.7,3,-3.0
INFOBEAN,INFOBEANS TECHNO. LTD.,Technology,Software - Application,0.0,Micro-Cap,MonthlyDoubleBottom,Forming,1.0,7,Sep 7mo | Mid rally 176% | Asymmetry 6%,MonthlyCupHandle+MonthlyDoubleBottom+MonthlyStage2,Downtrend,False,False,Below-MAs,False,Downtrend,0,Uptrend,Uptrend,152.27,36.64,12.9,129.43,366.7,492.11,660.41,492.11,223.2,79.8,18.72,,3.91,0.55,12.45,15.0,0.0,,0,none,23.2,29.2,0.37,22.0,-0.71,16.87,12.26,30.13,10.11,23.35,128.95,34.2,18.65,104.2,0.15,highly inconsistent earnings,0.04,,10.14,,44.87,,72.84,-1.56,,0.45,-0.1,0.2,-0.76,257.5,91.45,40.9,66.5,68.63,10.99,0.31,0.53,6,34.0,14.0,10.0,6.0,64.0,ACCUMULATE ⭐⭐⭐,Expected ~80% CAGR (2yr) | Profit CAGR 34% | ROE 23% | ROCE 29% | ROCE trend rising ↑ | Nearly debt-free,Margin compression ↓ | Pattern still forming (not broken out),3-4 years,Medium-High,"yfinance, screener.in",100,107,,2026-06-27,2026-06-01,26,0.0,3,-2.0
YATHARTH,Yatharth Hospital & Trauma Care Services Limited,Healthcare,Medical Care Facilities,8091.0,Mid-Cap,MonthlyCupHandle,Forming,0.751,18,Cup 18mo | Depth 43% | Prior gain 50% | R²=0.97,,Uptrend,True,False,Tight-Above-MAs,True,Stage2,5,Uptrend,Uptrend,832.85,829.22,475.28,707.92,1300.46,1464.01,2443.69,1782.68,75.8,32.6,46.09,26.47,4.79,1.24,25.55,0.0,,986.0,4,none,10.4,12.4,-1.97,24.0,-1.46,14.22,7.17,40.35,36.17,41.21,29.77,37.08,53.42,22.7,0.4,lumpy earner,0.15,,3.87,,-88.68,-1.1,55.8,0.0,,5.25,-0.93,12.0,0.98,889.9,485.0,6.4,71.7,63.32,,0.52,0.99,4,25.0,25.01,6.0,8.0,64.0,ACCUMULATE ⭐⭐⭐,Expected ~33% CAGR (2yr) | Revenue CAGR 36% | Profit CAGR 37% | Low D/E 0.15 | Promoter 56% holding | Margin compressing ↓ ⚠️,Margin compression ↓ | Pattern still forming (not broken out),3-4 years,Medium-High,"yfinance, screener.in",100,34,,2026-06-27,2026-06-01,26,0.0,3,0.0
MARICO,Marico Limited,Consumer Defensive,Household & Personal Products,105879.0,Large-Cap,MonthlyDoubleBottom,Forming,0.686,40,Sep 40mo | Mid rally 74% | Asymmetry 6%,,Uptrend,True,False,Tight-Above-MAs,True,Stage2,15,Uptrend,Uptrend,831.45,365.32,203.82,706.73,621.66,773.63,767.33,690.66,,,60.25,43.25,24.96,5.43,44.45,49.0,18.88,898.08,38,buy,43.0,47.2,0.77,17.0,-0.2,12.95,14.43,25.67,11.71,11.08,9.35,11.1,8.62,14.0,0.4,lumpy earner,0.12,,1.31,,2851.62,2.69,58.93,0.0,,24.08,0.06,12.17,-0.06,848.8,687.55,2.0,20.9,23.97,39.21,0.68,0.17,4,30.0,24.73,1.0,8.0,63.7,ACCUMULATE ⭐⭐⭐,ROE 43% | ROCE 47% | ROCE trend rising ↑ | Low D/E 0.12 | Promoter 59% holding | Dividend growing 19%/yr,High PE 60 | Earnings due 2026-08-04 | Pattern still forming (not broken out),3-4 years,Medium-High,"yfinance, screener.in",100,361,2026-08-04,2026-06-27,2026-06-01,26,0.0,3,0.0
GRWRHITECH,Garware Hi-Tech Films Limited,Basic Materials,Specialty Chemicals,15764.0,Mid-Cap,MonthlyStage2,Stage Change,1.0,24,10-EMA=4429 | 30-EMA=3468 | Above by 76.8% | MA turning=Yes,MonthlyCupHandle+MonthlyStage2,Uptrend,True,False,Uptrend,True,Stage2,1,Uptrend,Uptrend,6131.5,3467.86,2479.47,5211.77,3609.21,4574.67,5798.4,4574.67,,,46.51,37.24,5.93,1.74,34.52,18.0,6.27,,0,none,13.4,18.0,1.46,20.0,-0.0,15.95,8.55,0.52,13.81,16.47,2.11,26.75,21.82,39.1,0.15,highly inconsistent earnings,0.01,,4.43,,60.47,0.38,60.73,0.0,,3.98,0.02,5.28,-0.07,6836.5,2681.0,10.3,128.7,82.53,499.86,0.54,0.68,6,26.0,26.5,1.0,10.0,63.5,ACCUMULATE ⭐⭐⭐,Profit CAGR 27% | ROCE trend rising ↑ | Nearly debt-free | Promoter 61% holding | Piotroski F=6 (above average quality) | MonthlyStage2 forming (24mo base),None identified,3-4 years,Medium-High,"yfinance, screener.in",100,53,,2026-06-27,2026-06-01,26,10.7,3,-3.5
NBCC,NBCC (India) Limited,Industrials,Engineering & Construction,30091.0,Large-Cap,MonthlyDoubleBottom,Forming,1.0,48,Sep 48mo | Mid rally 216% | Asymmetry 7%,MonthlyCupHandle+MonthlyDoubleBottom+MonthlyStage2,Sideways,False,False,Below-MAs,True,Stage2,4,Uptrend,Uptrend,93.08,89.08,27.25,79.12,111.35,154.46,214.25,154.46,65.9,28.8,41.74,35.95,10.02,1.08,22.98,61.0,-30.66,124.5,2,none,24.1,31.0,3.03,5.0,0.63,5.46,4.29,7.06,13.24,13.14,33.21,38.71,25.33,37.2,0.4,lumpy earner,0.0,,1.18,,992.51,3.3,61.75,0.0,,4.99,-0.21,10.75,-1.5,125.85,77.18,26.0,20.6,-15.94,239.5,0.72,0.66,5,38.0,19.5,4.0,2.0,63.5,ACCUMULATE ⭐⭐⭐,Expected ~29% CAGR (2yr) | Profit CAGR 39% | ROE 24% | ROCE 31% | ROCE trend rising ↑ | Nearly debt-free,Pattern still forming (not broken out),3-4 years,Medium-High,"yfinance, screener.in",100,170,,2026-06-27,2026-06-01,26,0.0,3,-1.0
IFBIND,IFB Industries Limited,Consumer Cyclical,"Furnishings, Fixtures & Appliances",5205.0,Small-Cap,MonthlyDoubleBottom,Forming,1.0,28,Sep 28mo | Mid rally 172% | Asymmetry 4%,,Sideways,False,False,Below-MAs,True,Stage2,3,Uptrend,Uptrend,1098.8,2359.9,850.0,933.98,3866.98,5522.3,17466.78,8218.5,402.6,124.2,36.23,20.55,5.23,0.32,15.64,0.0,,1478.0,3,buy,16.8,20.3,2.91,6.0,0.14,2.56,5.06,10.35,10.23,14.94,21.01,112.53,40.82,126.1,0.15,highly inconsistent earnings,0.16,,1.33,,142.69,2.74,74.96,0.0,,0.92,-0.04,6.16,0.13,2019.8,883.2,45.6,24.4,-21.12,12.49,0.56,0.34,6,29.0,19.5,15.0,0.0,63.5,ACCUMULATE ⭐⭐⭐,Expected ~124% CAGR (2yr) | Profit CAGR 113% | ROCE 20% | ROCE trend rising ↑ | Low D/E 0.16 | Promoter 75% holding,Pattern still forming (not broken out),3-4 years,Medium-High,"yfinance, screener.in",100,287,,2026-06-27,2026-06-01,26,0.0,3,0.0
KARURVYSYA,The Karur Vysya Bank Limited,Financial Services,Banks - Regional,28201.0,Mid-Cap,MonthlyDoubleBottom,Forming,1.0,35,Sep 35mo | Mid rally 115% | Asymmetry 0%,,Uptrend,True,False,Uptrend,True,Stage2,12,Uptrend,Uptrend,293.25,103.53,48.12,249.26,796.14,815.8,1587.29,1124.14,178.2,66.8,11.23,8.08,2.0,0.27,,74.0,17.57,353.29,17,buy,19.28,,,57.61,,40.05,1.96,19.5,,,41.2,,,41.2,0.5,insufficient history,,,,,,,2.07,0.0,,19.25,2.38,39.26,-0.94,343.45,201.82,14.6,45.3,40.57,170.12,0.78,-0.07,2,20.0,26.5,10.0,7.0,63.5,ACCUMULATE ⭐⭐⭐,Expected ~67% CAGR (2yr) | Revenue CAGR 20% | Profit CAGR 41% | OPM 58% | FII buying +2.4% ↑ | Dividend growing 18%/yr,Earnings due 2026-07-23 | Pattern still forming (not broken out),3-4 years,Medium-High,"yfinance, screener.in",50,365,2026-07-23,2026-06-27,2026-06-01,26,0.0,3,0.0
KPIL,Kalpataru Projects International Limited,Industrials,Engineering & Construction,23886.0,Mid-Cap,MonthlyStage2,Stage Change,1.0,24,10-EMA=1193 | 30-EMA=1086 | Above by 15.3% | MA turning=Yes,MonthlyDoubleBottom+MonthlyStage2,Sideways-Above-MA,True,False,Constructive,True,Stage2,4,Uptrend,Uptrend,1251.5,1085.77,872.33,1063.77,2612.92,2702.03,4644.96,3483.8,115.9,46.9,22.99,15.64,3.07,0.69,11.41,79.0,11.46,1529.37,19,strong_buy,14.2,16.6,0.17,8.0,-0.57,3.83,4.06,21.63,18.38,15.95,81.83,33.33,9.26,92.6,0.15,highly inconsistent earnings,0.46,,1.25,,467.04,1.96,33.58,0.01,,10.92,-0.81,45.12,1.22,1409.9,1007.1,11.2,24.3,10.49,113.96,0.61,0.37,5,23.0,22.5,12.0,6.0,63.5,ACCUMULATE ⭐⭐⭐,Expected ~47% CAGR (2yr) | Revenue CAGR 18% | Profit CAGR 33% | ROCE trend rising ↑ | Margin compressing ↓ ⚠️ | Piotroski F=5 (above average quality),Margin compression ↓ | Earnings due 2026-08-06,3-4 years,Medium-High,"yfinance, screener.in",100,37,2026-08-06,2026-06-27,2026-06-01,26,0.0,3,0.0
AGI,AGI Greenpac Limited,Consumer Cyclical,Packaging & Containers,4730.0,Small-Cap,MonthlyDoubleBottom,Forming,1.0,34,Sep 34mo | Mid rally 177% | Asymmetry 3%,,Sideways-Above-MA,True,False,Constructive,True,Stage2,3,Uptrend,Uptrend,645.75,127.95,45.52,548.89,4841.09,8141.75,13692.79,8141.75,1160.8,255.1,13.46,11.46,1.97,0.2,8.08,96.0,11.87,,0,none,15.8,19.6,1.14,22.0,1.71,13.19,7.51,5.38,5.76,6.13,9.32,68.18,26.66,19.4,0.15,highly inconsistent earnings,0.1,,1.51,,12.41,0.26,60.39,0.16,,6.78,-0.46,2.03,-0.21,1009.0,465.0,36.0,38.9,-27.81,-12.79,0.33,-0.16,6,29.0,22.5,12.0,0.0,63.5,ACCUMULATE ⭐⭐⭐,Expected ~255% CAGR (2yr) | Profit CAGR 68% | ROCE trend rising ↑ | Low D/E 0.10 | Promoter 60% holding | Piotroski F=6 (above average quality),Pattern still forming (not broken out),3-4 years,Medium-High,"yfinance, screener.in",100,288,,2026-06-27,2026-06-01,26,11.8,3,3.0
BSE,BSE Limited,Financial Services,Financial Data & Stock Exchanges,163272.0,Large-Cap,None,,0.0,0,,,Sideways-Above-MA,True,False,Constructive,False,Stage2,12,Uptrend,Uptrend,4041.1,,,3434.93,3003.42,5835.16,15805.32,6889.85,44.4,20.2,66.67,40.44,20.77,0.52,38.13,25.0,19.43,4253.13,15,buy,44.8,58.0,10.2,64.0,6.26,48.73,20.81,50.5,73.54,50.31,88.12,129.4,77.29,62.9,0.15,highly inconsistent earnings,0.0,,1.53,,5136.78,3.15,,,,19.42,1.97,25.09,1.35,4446.8,2021.5,9.1,99.9,71.1,1413.46,,0.27,6,40.0,9.0,6.0,8.0,63.0,ACCUMULATE ⭐⭐⭐,Expected ~20% CAGR (2yr) | Revenue CAGR 74% | Profit CAGR 129% | ROE 45% | ROCE 58% | ROCE trend rising ↑,High PE 67,3-4 years,Medium-High,"yfinance, screener.in",90,113,,2026-06-27,2026-06-01,26,-3.6,3,-6.0
AVANTIFEED,Avanti Feeds Limited,Consumer Defensive,Packaged Foods,13184.0,Mid-Cap,MonthlyDoubleBottom,Forming,1.0,7,Sep 7mo | Mid rally 196% | Asymmetry 8%,,Downtrend,False,False,Below-MAs,False,Stage2,15,Uptrend,Uptrend,1060.1,715.67,232.83,901.08,3061.95,3924.81,5030.82,3924.81,270.2,92.4,21.79,19.83,4.01,0.77,15.92,93.0,12.92,1166.0,1,hold,20.2,25.9,0.83,12.0,0.6,9.99,10.79,8.09,6.04,8.14,17.95,28.18,10.6,-17.6,0.15,highly inconsistent earnings,0.0,,5.58,,392.42,2.98,43.23,0.0,,7.63,-0.35,6.82,2.66,1593.8,614.25,33.5,72.6,62.39,150.58,0.31,0.04,6,32.0,15.0,10.0,6.0,63.0,ACCUMULATE ⭐⭐⭐,Expected ~92% CAGR (2yr) | Profit CAGR 28% | ROE 20% | ROCE 26% | ROCE trend rising ↑ | Nearly debt-free,Pattern still forming (not broken out),3-4 years,Medium-High,"yfinance, screener.in",100,198,,2026-06-27,2026-06-01,26,-16.4,3,-3.0
KEI,KEI Industries Limited,Industrials,Electrical Equipment & Parts,53833.0,Large-Cap,MonthlyDoubleBottom,Forming,1.0,20,Sep 20mo | Mid rally 117% | Asymmetry 9%,,Uptrend,True,True,Tight-Above-MAs,True,Stage2,4,Uptrend,Uptrend,5082.4,5029.01,2215.84,4320.04,3891.82,7842.18,6021.76,4841.03,54.3,24.2,58.48,40.81,8.08,2.4,42.77,8.0,14.47,5310.48,25,buy,14.8,20.1,-0.37,10.0,-0.11,7.82,8.79,20.67,19.36,22.95,31.9,24.39,27.73,25.5,1.0,steady compounder (low CV),0.04,,2.96,,170.84,0.32,35.0,0.0,,27.27,1.78,25.83,-1.44,5685.0,3525.3,10.6,44.2,41.88,97.48,1.09,0.5,5,25.0,28.0,0.0,10.0,63.0,ACCUMULATE ⭐⭐⭐,Expected ~24% CAGR (2yr) | Revenue CAGR 19% | Profit CAGR 24% | ROCE 20% | Nearly debt-free | EPS: steady compounder (low CV),High PE 58 | Earnings due 2026-07-21 | Pattern still forming (not broken out),3-4 years,Medium-High,"yfinance, screener.in",100,243,2026-07-21,2026-06-27,2026-06-01,26,0.0,3,0.0
BHARTIARTL,Bharti Airtel Limited,Communication Services,Telecom Services,1163958.0,Large-Cap,MonthlyDoubleBottom,Forming,1.0,19,Sep 19mo | Mid rally 110% | Asymmetry 5%,,Downtrend,False,False,Below-MAs,True,Downtrend,0,Uptrend,Uptrend,1822.5,429.14,200.07,1549.12,1777.72,2409.84,3491.81,2491.48,32.2,15.0,43.1,23.17,7.49,1.07,10.99,84.0,74.72,2287.38,32,buy,21.9,18.5,1.77,57.0,1.74,12.65,7.85,21.96,14.88,15.96,-9.76,40.15,82.12,-33.5,0.15,highly inconsistent earnings,1.0,,0.52,,60950.84,5.24,48.87,0.0,,27.79,-0.96,20.53,0.99,2174.5,1740.5,16.2,4.7,0.63,89.03,0.48,0.02,6,34.0,15.0,11.0,3.0,63.0,ACCUMULATE ⭐⭐⭐,Expected ~15% CAGR (2yr) | Profit CAGR 40% | ROE 22% | ROCE trend rising ↑ | OPM 57% | FCF yield 5.2%,Earnings due 2026-08-05 | Pattern still forming (not broken out),3-4 years,Medium-High,"yfinance, screener.in",100,288,2026-08-05,2026-06-27,2026-06-01,26,-4.8,3,2.0
NGLFINE,NGL Fine-Chem Limited,Healthcare,Drug Manufacturers - General,1888.0,Small-Cap,MonthlyStage2,Breaking Out,1.0,24,10-EMA=1877 | 30-EMA=1746 | Above by 30.4% | MA turning=Yes,MonthlyDoubleBottom+MonthlyStage2,Uptrend,True,False,Uptrend,True,Stage2,5,Uptrend,Uptrend,2276.7,1746.05,1057.08,1935.19,4037.85,5406.28,7238.46,5406.28,137.5,54.1,39.21,,5.73,1.16,26.85,6.0,0.0,,0,none,15.7,17.0,-7.2,15.0,-3.23,9.61,6.78,36.14,21.69,14.19,128.57,33.89,-3.38,1536.6,0.15,highly inconsistent earnings,0.33,,1.84,,-71.4,-3.78,72.73,-0.01,,0.03,0.03,0.0,0.0,3200.0,995.0,28.9,128.8,114.69,-1.14,2.39,0.63,4,21.0,28.0,4.0,10.0,63.0,ACCUMULATE ⭐⭐⭐,Expected ~54% CAGR (2yr) | Revenue CAGR 22% | Profit CAGR 34% | Promoter 73% holding | Margin compressing ↓ ⚠️ | PEG 1.16 — fair value,Margin compression ↓,3-4 years,Medium-High,"yfinance, screener.in",100,47,,2026-06-27,2026-06-01,26,0.0,3,2.0
NILASPACES,Nila Spaces Limited,Real Estate,Real Estate - Development,512.0,Small-Cap,MonthlyDoubleBottom,Forming,0.826,8,Sep 8mo | Mid rally 86% | Asymmetry 4%,,Downtrend,False,False,Below-MAs,False,Stage2,3,Uptrend,Uptrend,13.15,19.4,10.21,11.18,64.82,158.07,385.46,158.07,1102.1,246.7,17.81,,2.92,0.12,9.81,0.0,,,0,none,18.2,31.3,6.46,31.0,34.51,15.43,9.61,36.03,469.8,32.68,93.33,143.85,96.1,97.1,0.2,multiple loss years in history,0.46,,2.69,,-62.63,-12.23,61.9,0.0,,0.05,0.02,,,20.47,11.17,35.8,17.7,17.76,227.95,0.76,0.83,5,36.0,12.91,12.0,2.0,62.9,ACCUMULATE ⭐⭐⭐,Expected ~247% CAGR (2yr) | Revenue CAGR 470% | Profit CAGR 144% | ROCE 31% | ROCE trend rising ↑ | Promoter 62% holding,Pattern still forming (not broken out),3-4 years,Medium-High,"yfinance, screener.in",100,90,,2026-06-27,2026-06-01,26,0.0,3,0.0
GPTHEALTH,GPT Healthcare Limited,Healthcare,Medical Care Facilities,1213.0,Small-Cap,MonthlyDoubleBottom,Forming,0.633,9,Sep 9mo | Mid rally 64% | Asymmetry 1%,,Uptrend,True,False,Tight-Above-MAs,True,Stage2,5,Uptrend,Uptrend,148.17,203.87,124.04,125.94,245.16,283.7,316.93,278.74,91.5,38.4,28.76,14.78,4.49,2.1,14.89,203.0,-28.57,136.0,1,none,28.5,23.6,10.0,22.0,2.5,8.94,8.41,38.68,,,100.0,,,13.0,1.0,steady compounder (low CV),0.34,,1.12,,19.64,1.62,65.57,0.0,,2.81,0.08,6.84,0.64,185.0,115.0,19.9,28.8,-10.05,,0.38,0.49,6,35.0,22.6,4.0,1.0,62.6,ACCUMULATE ⭐⭐⭐,Expected ~38% CAGR (2yr) | Revenue CAGR 25% | ROE 28% | ROCE 24% | ROCE trend rising ↑ | Promoter 66% holding,Pattern still forming (not broken out),3-4 years,Medium-High,"yfinance, screener.in",80,29,,2026-06-27,2026-06-01,26,3.7,3,5.0
BUTTERFLY,Butterfly Gandhimathi Appliances Limited,Consumer Cyclical,"Furnishings, Fixtures & Appliances",1161.0,Small-Cap,MonthlyDoubleBottom,Forming,1.0,37,Sep 37mo | Mid rally 368% | Asymmetry 1%,,Sideways-Above-MA,True,False,Below-MAs,True,Stage2,3,Uptrend,Uptrend,627.1,642.47,136.69,533.03,1509.78,1912.9,2423.64,1912.9,205.0,74.7,25.44,,3.12,0.95,12.8,,100.0,,0,none,13.08,,,5.96,,4.84,6.84,16.7,,,26.7,,,26.6,0.5,insufficient history,0.02,,2.1,,62.91,5.42,75.0,0.0,,0.01,-0.01,0.43,0.0,823.85,565.8,23.9,10.8,-7.71,-66.29,0.12,-0.01,5,30.0,21.5,10.0,1.0,62.5,ACCUMULATE ⭐⭐⭐,Expected ~75% CAGR (2yr) | Revenue CAGR 17% | Profit CAGR 27% | Nearly debt-free | Promoter 75% holding | FCF yield 5.4%,Pattern still forming (not broken out),3-4 years,Medium-High,"yfinance, screener.in",70,147,,2026-06-27,2026-06-01,26,-7.9,3,-3.5
GLOBAL,Global Education Limited,Consumer Defensive,Education & Training Services,547.0,Small-Cap,MonthlyStage2,Stage Change,1.0,24,10-EMA=91 | 30-EMA=78 | Above by 32.0% | MA turning=Yes,MonthlyCupHandle+MonthlyDoubleBottom+MonthlyStage2,Uptrend,True,False,Uptrend,True,Stage2,15,Uptrend,Uptrend,102.98,78.03,41.17,87.53,193.04,201.09,209.48,201.09,95.3,39.7,20.61,,4.44,4.94,17.25,93.0,-5.9,,0,none,22.0,29.2,-0.4,38.0,0.06,26.15,13.29,30.56,14.88,29.31,-7.14,4.17,26.58,93.7,0.15,highly inconsistent earnings,,,3.75,,33.18,6.07,72.73,0.23,,0.4,-0.05,0.06,0.0,121.9,55.3,15.5,86.2,60.83,34.75,0.51,-0.72,5,24.0,26.5,4.0,8.0,62.5,ACCUMULATE ⭐⭐⭐,Expected ~40% CAGR (2yr) | ROE 22% | ROCE 29% | Promoter 73% holding | OPM 38% | FCF yield 6.1%,None identified,3-4 years,Medium-High,"yfinance, screener.in",90,112,,2026-06-27,2026-06-01,26,0.3,3,-1.0
PGIL,Pearl Global Industries Limited,Consumer Cyclical,Apparel Manufacturing,8283.0,Mid-Cap,MonthlyDoubleBottom,Forming,1.0,38,Sep 38mo | Mid rally 150% | Asymmetry 2%,MonthlyCupHandle+MonthlyDoubleBottom,Uptrend,True,False,Uptrend,True,Stage2,3,Uptrend,Uptrend,1604.5,124.1,49.29,1363.83,2950.03,3038.29,4307.72,3564.81,89.4,37.6,29.85,18.8,5.67,1.43,18.21,117.0,-8.92,2248.5,4,strong_buy,21.3,19.2,2.91,9.0,0.97,5.53,8.06,11.52,16.75,27.51,16.88,20.84,73.85,22.0,0.15,highly inconsistent earnings,0.66,,1.6,,-56.14,-0.68,61.16,-0.08,,6.48,0.21,18.8,2.03,1993.3,1178.1,19.5,36.2,15.25,390.36,0.9,-0.25,6,21.0,26.5,11.0,4.0,62.5,ACCUMULATE ⭐⭐⭐,Expected ~38% CAGR (2yr) | Revenue CAGR 17% | Profit CAGR 21% | ROE 21% | ROCE trend rising ↑ | Promoter 61% holding,Pattern still forming (not broken out),3-4 years,Medium-High,"yfinance, screener.in",100,232,,2026-06-27,2026-06-01,26,0.0,3,0.0
BEL,Bharat Electronics Limited,Industrials,Aerospace & Defense,312054.0,Large-Cap,MonthlyDoubleBottom,Forming,1.0,41,Sep 41mo | Mid rally 112% | Asymmetry 5%,,Downtrend,False,False,Below-MAs,False,Stage2,4,Uptrend,Uptrend,406.5,55.0,25.4,345.52,359.39,469.11,576.2,455.06,15.4,7.4,51.56,37.57,13.01,1.94,37.71,102.0,2.7,490.18,28,none,27.6,36.5,2.46,29.0,1.51,21.96,10.97,16.16,15.9,14.37,13.88,26.62,23.62,4.6,0.75,consistent growth,0.0,,1.98,,-390.91,-0.13,51.14,0.0,,19.51,1.0,20.0,-0.47,473.45,361.2,14.1,12.5,11.43,199.86,0.32,0.24,6,39.0,16.5,3.0,4.0,62.5,ACCUMULATE ⭐⭐⭐,Expected ~7% CAGR (2yr) | Revenue CAGR 16% | Profit CAGR 27% | ROE 28% | ROCE 36% | ROCE trend rising ↑,High PE 52 | Earnings due 2026-08-03 | Pattern still forming (not broken out),3-4 years,Medium-High,"yfinance, screener.in",100,288,2026-08-03,2026-06-27,2026-06-01,26,-3.9,3,1.0
VIJAYA,Vijaya Diagnostic Centre Limited,Healthcare,Diagnostics & Research,14037.0,Mid-Cap,MonthlyStage2,Stage Change,1.0,24,10-EMA=1055 | 30-EMA=924 | Above by 40.7% | MA turning=Yes,,Uptrend,True,True,Tight-Above-MAs,True,Stage2,5,Uptrend,Uptrend,1300.1,924.15,746.56,1105.08,980.17,1290.58,1574.2,1242.17,,,81.3,52.19,16.21,3.04,42.06,15.0,25.99,1363.2,10,buy,19.7,21.3,-1.4,41.0,-0.77,21.25,11.02,19.53,21.04,16.64,20.14,26.73,15.27,38.4,0.15,highly inconsistent earnings,0.44,,2.6,,-1.45,-0.01,52.51,-0.09,,13.38,-1.72,29.93,1.33,1427.8,848.0,8.9,53.3,39.94,153.77,1.38,0.34,4,24.0,28.5,0.0,10.0,62.5,ACCUMULATE ⭐⭐⭐,Revenue CAGR 21% | Profit CAGR 27% | ROCE 21% | Promoter 53% holding | OPM 41% | Margin compressing ↓ ⚠️,High PE 81 | Margin compression ↓,3-4 years,Medium-High,"yfinance, screener.in",100,57,,2026-06-27,2026-06-01,26,0.0,3,2.0
AXISBANK,Axis Bank Limited,Financial Services,Banks - Regional,422361.0,Large-Cap,MonthlyStage2,Stage Change,1.0,24,10-EMA=1267 | 30-EMA=1164 | Above by 16.6% | MA turning=Yes,MonthlyDoubleBottom+MonthlyStage2,Uptrend,True,False,Tight-Above-MAs,True,Stage2,12,Uptrend,Uptrend,1356.3,1163.61,985.26,1152.86,2450.29,2611.82,4430.67,3294.91,92.6,38.8,16.08,11.36,1.96,0.47,,7.0,0.0,1587.18,39,strong_buy,13.2,6.24,,39.19,,35.41,1.47,4.05,14.87,15.53,-5.83,34.47,29.63,1.7,0.15,highly inconsistent earnings,,,,,,,8.14,-0.01,,42.04,-0.54,43.35,0.7,1418.3,1042.5,4.4,30.1,31.68,22.97,0.64,0.43,2,14.0,28.5,10.0,10.0,62.5,ACCUMULATE ⭐⭐⭐,Expected ~39% CAGR (2yr) | Profit CAGR 34% | OPM 39% | DII buying +0.7% ↑ | PEG 0.47 — deeply undervalued | MonthlyStage2 forming (24mo base),Earnings due 2026-07-16,3-4 years,Medium-High,"yfinance, screener.in",80,332,2026-07-16,2026-06-27,2026-06-01,26,9.5,3,8.5
TDPOWERSYS,TD Power Systems Limited,Industrials,Specialty Industrial Machinery,19883.0,Mid-Cap,None,,0.0,0,,,Uptrend,True,True,Tight-Above-MAs,True,Stage2,4,Uptrend,Uptrend,1256.3,,,1067.86,732.88,989.83,1336.87,989.83,,,83.35,45.05,18.56,2.38,59.77,16.0,33.08,1417.0,2,none,24.7,33.4,4.29,18.0,1.43,12.86,11.83,45.11,28.63,25.59,36.57,35.06,39.65,36.2,1.0,steady compounder (low CV),0.02,,1.95,,19.94,0.1,26.87,0.0,,26.69,2.33,22.24,-0.95,1379.6,453.1,8.9,177.3,159.87,390.42,,0.51,7,40.0,15.0,-1.0,8.0,62.0,ACCUMULATE ⭐⭐⭐,Revenue CAGR 29% | Profit CAGR 35% | ROE 25% | ROCE 33% | ROCE trend rising ↑ | Nearly debt-free,High PE 83,3-4 years,Medium-High,"yfinance, screener.in",100,177,,2026-06-27,2026-06-01,26,0.0,3,-2.0
KILITCH,Kilitch Drugs (India) Limited,Healthcare,Drug Manufacturers - Specialty & Generic,650.0,Small-Cap,MonthlyDoubleBottom,Breakout Ready,1.0,31,Sep 31mo | Mid rally 222% | Asymmetry 10%,MonthlyDoubleBottom+MonthlyStage2,Sideways-Above-MA,True,True,Constructive,True,Stage2,5,Uptrend,Uptrend,174.37,118.3,34.98,148.21,681.04,1058.07,1643.81,1058.07,506.8,146.3,20.88,12.15,2.28,0.38,17.86,0.0,7.3,,0,none,12.5,14.4,2.51,16.0,1.83,12.81,5.35,18.69,18.84,28.15,20.0,55.36,49.63,34.6,0.75,consistent growth,0.32,,1.83,,-88.82,-13.67,63.77,0.0,,0.0,,,,250.0,117.25,30.3,48.7,-11.66,60.98,2.09,0.17,6,27.0,24.0,11.0,0.0,62.0,ACCUMULATE ⭐⭐⭐,Expected ~146% CAGR (2yr) | Revenue CAGR 19% | Profit CAGR 55% | ROCE trend rising ↑ | Promoter 64% holding | EPS: consistent growth,None identified,3-4 years,Medium-High,"yfinance, screener.in",100,189,,2026-06-27,2026-06-01,26,0.0,3,0.0
TERASOFT,Tera Software Limited,Technology,Information Technology Services,521.0,Small-Cap,MonthlyDoubleBottom,Forming,1.0,10,Sep 10mo | Mid rally 194% | Asymmetry 1%,,Sideways,False,False,Constructive,True,Downtrend,0,Uptrend,Uptrend,317.8,59.31,20.1,270.13,1030.6,2089.43,4236.11,2089.43,557.5,156.4,21.01,,3.9,0.2,13.67,24.0,,,0,none,18.5,24.4,8.0,15.0,7.2,10.42,9.27,120.37,22.02,,177.78,102.74,,119.9,0.4,lumpy earner,0.27,,1.69,,-27.34,-5.25,47.53,0.0,,0.08,-0.06,,,598.0,260.05,46.9,22.2,16.12,530.71,0.4,0.3,5,30.0,18.0,12.0,2.0,62.0,ACCUMULATE ⭐⭐⭐,Expected ~156% CAGR (2yr) | Revenue CAGR 22% | Profit CAGR 103% | ROCE 24% | ROCE trend rising ↑ | Low D/E 0.27,Pattern still forming (not broken out),3-4 years,Medium-High,"yfinance, screener.in",100,114,,2026-06-27,2026-06-01,26,0.0,3,0.0
SRM,SRM CONTRACTORS LIMITED,Industrials,Engineering & Construction,1124.0,Small-Cap,None,,0.0,0,,,Sideways-Above-MA,True,True,Constructive,True,Stage2,4,Uptrend,Uptrend,485.85,,,412.97,3112.43,5605.49,10095.48,5605.49,1053.7,239.7,10.12,,3.03,0.13,6.63,0.0,,,0,none,34.3,37.1,-0.2,16.0,1.17,10.82,13.52,94.32,50.66,45.01,101.82,80.1,69.22,126.5,0.4,lumpy earner,0.33,,1.59,,-70.78,-6.3,72.59,0.0,,0.43,0.38,1.11,-0.15,649.95,361.35,25.2,34.5,5.28,,,0.5,5,38.0,9.0,13.0,2.0,62.0,ACCUMULATE ⭐⭐⭐,Expected ~240% CAGR (2yr) | Revenue CAGR 51% | Profit CAGR 80% | ROE 34% | ROCE 37% | Promoter 73% holding,None identified,3-4 years,Medium-High,"yfinance, screener.in",100,26,,2026-06-27,2026-06-01,26,0.0,3,1.0
NEULANDLAB,Neuland Laboratories Limited,Healthcare,Drug Manufacturers - Specialty & Generic,22253.0,Mid-Cap,MonthlyCupHandle,Forming,0.854,17,Cup 17mo | Depth 27% | Prior gain 121% | R²=0.97,MonthlyCupHandle+MonthlyDoubleBottom,Sideways-Above-MA,True,True,Constructive,True,Stage2,5,Uptrend,Uptrend,16790.0,18024.33,13107.61,14271.5,18037.86,22941.05,30690.69,23528.59,36.6,16.9,60.98,37.89,11.88,2.0,415.88,20.0,33.89,20972.0,4,none,21.4,26.6,3.4,28.0,2.51,2.29,,36.97,19.31,16.64,40.0,30.44,35.06,664.8,0.15,highly inconsistent earnings,0.16,,1.42,,,,32.63,0.0,,20.46,-0.44,15.84,1.12,19747.0,11500.0,15.0,46.0,47.75,473.99,1.12,-0.32,3,33.0,19.75,1.0,8.0,61.8,ACCUMULATE ⭐⭐⭐,Expected ~17% CAGR (2yr) | Revenue CAGR 19% | Profit CAGR 30% | ROE 21% | ROCE 27% | ROCE trend rising ↑,High PE 61 | Pattern still forming (not broken out),3-4 years,Medium-High,"yfinance, screener.in",80,212,,2026-06-27,2026-06-01,26,0.0,3,-2.0
ASKAUTOLTD,ASK AUTOMOTIVE LIMITED,Consumer Cyclical,Auto Parts,9266.0,Mid-Cap,MonthlyDoubleBottom,Forming,0.511,17,Sep 17mo | Mid rally 53% | Asymmetry 2%,MonthlyDoubleBottom+MonthlyStage2,Sideways-Above-MA,True,False,Constructive,True,Stage2,3,Uptrend,Uptrend,429.35,578.5,375.3,364.95,963.16,1002.22,1733.58,1292.17,133.4,52.8,31.15,22.88,7.06,0.91,18.7,39.0,50.0,567.29,7,none,25.3,25.5,1.71,13.0,0.51,7.12,11.63,15.97,17.79,22.02,19.76,34.16,22.88,24.2,0.15,highly inconsistent earnings,0.52,,1.04,,-311.06,-3.36,74.95,0.0,,9.29,-0.43,10.25,1.12,578.5,375.3,25.8,14.4,-10.46,,0.16,-0.19,5,33.0,15.63,12.0,1.0,61.6,ACCUMULATE ⭐⭐⭐,Expected ~53% CAGR (2yr) | Revenue CAGR 18% | Profit CAGR 34% | ROE 25% | ROCE 26% | ROCE trend rising ↑,Pattern still forming (not broken out),3-4 years,Medium-High,"yfinance, screener.in",100,32,,2026-06-27,2026-06-01,26,-5.8,3,4.0
ALKYLAMINE,Alkyl Amines Chemicals Limited,Basic Materials,Specialty Chemicals,9439.0,Mid-Cap,MonthlyDoubleBottom,Forming,0.301,8,Sep 8mo | Mid rally 31% | Asymmetry 1%,,Uptrend,True,True,Tight-Above-MAs,True,Stage2,1,Uptrend,Uptrend,1831.8,2761.39,2100.17,1995.16,1179.74,3422.61,2905.72,1851.49,86.8,36.7,52.64,41.69,6.16,0.92,,76.0,0.0,1492.33,3,none,41.4,41.3,2.57,26.0,1.14,11.77,,17.38,25.61,15.84,133.72,56.94,34.9,-3.4,0.15,highly inconsistent earnings,,,,,,,72.05,0.02,,3.45,0.0,3.01,0.0,2438.8,1212.0,24.9,51.1,-17.37,-43.76,1.72,0.27,3,36.0,18.61,6.0,1.0,61.6,ACCUMULATE ⭐⭐⭐,Expected ~37% CAGR (2yr) | Revenue CAGR 26% | Profit CAGR 57% | ROE 41% | ROCE 41% | ROCE trend rising ↑,High PE 53 | Pattern still forming (not broken out),3-4 years,Medium-High,"yfinance, screener.in",70,224,,2026-06-27,2026-06-01,26,3.7,3,10.0
SHARDAMOTR,Sharda Motor Industries Limited,Consumer Cyclical,Auto Parts,4741.0,Small-Cap,MonthlyDoubleBottom,Forming,1.0,44,Sep 44mo | Mid rally 319% | Asymmetry 7%,,Downtrend,False,False,Below-MAs,False,Stage2,3,Uptrend,Uptrend,810.15,600.75,138.94,688.63,3016.88,3571.08,4227.09,3571.08,340.8,110.0,14.05,,3.61,0.76,9.07,208.0,58.58,,0,none,27.9,36.0,1.6,12.0,1.14,10.17,11.18,19.74,7.96,14.36,9.52,18.37,38.79,6.5,0.15,highly inconsistent earnings,0.04,,1.98,,241.62,5.1,64.31,0.0,,2.43,0.2,11.51,-0.19,1248.0,700.0,35.1,15.7,-18.31,-22.1,0.31,0.49,6,35.0,16.5,10.0,0.0,61.5,ACCUMULATE ⭐⭐⭐,Expected ~110% CAGR (2yr) | ROE 28% | ROCE 36% | ROCE trend rising ↑ | Nearly debt-free | Promoter 64% holding,Pattern still forming (not broken out),3-4 years,Medium-High,"yfinance, screener.in",100,130,,2026-06-27,2026-06-01,26,-8.2,3,-2.0
RATEGAIN,RateGain Travel Technologies Limited,Technology,Software - Application,10270.0,Mid-Cap,MonthlyStage2,Stage Change,1.0,24,10-EMA=592 | 30-EMA=580 | Above by 16.1% | MA turning=Yes,MonthlyDoubleBottom+MonthlyStage2,Sideways-Above-MA,True,True,Constructive,True,Downtrend,0,Uptrend,Uptrend,673.6,579.95,433.8,572.56,606.71,851.14,1220.45,860.5,26.4,12.4,52.91,26.23,5.11,1.26,32.56,0.0,,837.1,10,strong_buy,12.0,13.7,4.26,19.0,3.54,10.66,5.87,69.36,47.79,48.69,-7.18,41.83,77.53,27.7,0.15,highly inconsistent earnings,0.47,,1.41,,-11.97,-0.12,48.77,0.22,,5.35,0.38,20.86,0.24,901.6,417.6,25.3,61.3,54.95,38.49,0.39,0.85,5,25.0,21.5,5.0,10.0,61.5,ACCUMULATE ⭐⭐⭐,Expected ~12% CAGR (2yr) | Revenue CAGR 48% | Profit CAGR 42% | ROCE trend rising ↑ | Piotroski F=5 (above average quality) | PEG 1.26 — fair value,High PE 53,3-4 years,Medium-High,"yfinance, screener.in",100,54,,2026-06-27,2026-06-01,26,0.0,3,-1.0
BANKINDIA,Bank of India Limited,Financial Services,Banks - Regional,66728.0,Large-Cap,MonthlyDoubleBottom,Forming,1.0,29,Sep 29mo | Mid rally 186% | Asymmetry 7%,MonthlyCupHandle+MonthlyDoubleBottom,Sideways,False,False,Constructive,True,Stage2,12,Uptrend,Uptrend,145.68,190.57,64.34,123.83,709.34,655.43,1370.51,985.98,349.9,112.1,6.17,5.73,0.74,0.16,,317.0,32.48,159.6,5,none,12.4,5.93,,45.0,,31.89,0.92,6.04,16.41,13.1,7.93,39.0,37.72,18.7,0.4,lumpy earner,,,,,,,73.38,0.0,,7.26,1.44,13.96,-1.22,178.36,108.81,18.3,33.9,35.42,61.32,0.55,0.76,2,23.0,20.5,11.0,7.0,61.5,ACCUMULATE ⭐⭐⭐,Expected ~112% CAGR (2yr) | Revenue CAGR 16% | Profit CAGR 39% | Promoter 73% holding | OPM 45% | FII buying +1.4% ↑,Pattern still forming (not broken out),3-4 years,Medium-High,"yfinance, screener.in",80,288,,2026-06-27,2026-06-01,26,5.1,3,5.0
AARVI,Aarvi Encon Limited,Industrials,Staffing & Employment Services,210.0,Micro-Cap,MonthlyStage2,Stage Change,1.0,24,10-EMA=129 | 30-EMA=124 | Above by 19.5% | MA turning=Yes,MonthlyDoubleBottom+MonthlyStage2,Uptrend,True,False,Tight-Above-MAs,True,Stage2,4,Uptrend,Uptrend,148.29,124.11,100.16,126.05,368.38,391.48,416.03,391.48,164.0,62.5,12.04,,1.48,1.92,9.67,141.0,10.06,,0,none,13.4,14.4,-0.29,3.0,-0.49,2.71,5.81,27.45,14.15,26.33,80.0,6.27,12.47,55.7,0.15,highly inconsistent earnings,0.19,,2.04,,9.65,4.59,73.53,0.0,,,-0.01,,,154.7,96.99,4.1,52.9,49.94,1.77,0.76,-0.1,5,18.0,28.5,7.0,8.0,61.5,ACCUMULATE ⭐⭐⭐,Expected ~62% CAGR (2yr) | Low D/E 0.19 | Promoter 74% holding | FCF yield 4.6% | Piotroski F=5 (above average quality) | Dividend growing 10%/yr,None identified,3-4 years,Medium-High,"yfinance, screener.in",100,105,,2026-06-27,2026-06-15,12,0.0,1,3.0
CAMPUS,Campus Activewear Limited,Consumer Cyclical,Footwear & Accessories,7258.0,Small-Cap,MonthlyDoubleBottom,Forming,0.744,13,Sep 13mo | Mid rally 76% | Asymmetry 1%,,Downtrend,False,False,Below-MAs,False,Stage2,3,Uptrend,Uptrend,238.4,370.52,209.77,202.64,383.02,531.27,755.33,537.87,122.8,49.3,48.26,33.65,8.03,1.19,25.3,63.0,,302.57,7,none,29.5,31.8,4.1,20.0,11.14,8.46,9.18,67.93,26.13,259.08,300.0,40.43,,26.0,0.15,highly inconsistent earnings,0.26,,2.37,,-11.2,-0.15,72.09,-0.02,,6.07,-0.08,11.6,-0.11,304.4,215.2,21.7,10.8,-6.11,-40.39,0.29,0.09,6,39.0,12.43,9.0,1.0,61.4,ACCUMULATE ⭐⭐⭐,Expected ~49% CAGR (2yr) | Revenue CAGR 26% | Profit CAGR 40% | ROE 30% | ROCE 32% | ROCE trend rising ↑,Pattern still forming (not broken out),3-4 years,Medium-High,"yfinance, screener.in",100,50,,2026-06-27,2026-06-01,26,2.5,3,-3.0
NRBBEARING,NRB Bearings Limited,Consumer Cyclical,Auto Parts,4151.0,Small-Cap,MonthlyStage2,Breaking Out,1.0,24,10-EMA=278 | 30-EMA=257 | Above by 38.8% | MA turning=Yes,MonthlyDoubleBottom+MonthlyStage2,Uptrend,True,True,Uptrend,True,Stage2,3,Uptrend,Uptrend,356.7,256.94,194.68,303.19,599.65,689.59,793.03,689.59,93.3,39.0,29.07,23.21,4.31,1.94,18.29,286.0,2.24,423.5,2,none,15.7,18.6,1.2,17.0,0.49,10.69,8.24,11.34,8.09,11.87,78.05,15.0,21.12,,0.15,highly inconsistent earnings,0.16,,2.26,,109.51,2.64,51.2,0.0,,14.69,0.57,10.06,-0.25,455.8,212.55,21.7,67.8,30.69,86.4,3.99,0.54,6,20.0,28.0,5.0,8.0,61.0,ACCUMULATE ⭐⭐⭐,Expected ~39% CAGR (2yr) | ROCE trend rising ↑ | Low D/E 0.16 | Promoter 51% holding | Piotroski F=6 (above average quality) | FII buying +0.6% ↑,None identified,3-4 years,Medium-High,"yfinance, screener.in",100,287,,2026-06-27,2026-06-01,26,0.0,3,-3.0
SAKSOFT,Saksoft Limited,Technology,Information Technology Services,1789.0,Small-Cap,MonthlyDoubleBottom,Forming,1.0,19,Sep 19mo | Mid rally 307% | Asymmetry 2%,,Downtrend,False,False,Below-MAs,True,Downtrend,0,Uptrend,Uptrend,144.06,15.03,3.66,122.45,414.05,486.47,571.55,486.47,237.7,83.8,13.74,4.1,2.3,0.79,8.46,71.0,17.8,,0,none,19.6,25.5,0.03,19.0,0.43,13.23,10.48,14.04,14.78,21.14,22.02,17.49,24.2,19.7,0.75,consistent growth,0.06,,2.17,,85.14,4.76,66.72,0.04,,2.4,0.17,0.0,-0.14,253.99,107.59,43.3,33.9,-26.54,-60.55,0.4,0.36,7,36.0,15.0,10.0,0.0,61.0,ACCUMULATE ⭐⭐⭐,Expected ~84% CAGR (2yr) | ROCE 26% | ROCE trend rising ↑ | Nearly debt-free | Promoter 67% holding | FCF yield 4.8%,Pattern still forming (not broken out),3-4 years,Medium-High,"yfinance, screener.in",100,254,,2026-06-27,2026-06-01,26,0.0,3,-3.0
MENONBE,Menon Bearings Limited,Consumer Cyclical,Auto Parts,983.0,Small-Cap,MonthlyStage2,Breaking Out,1.0,24,10-EMA=122 | 30-EMA=117 | Above by 27.2% | MA turning=Yes,MonthlyDoubleBottom+MonthlyStage2,Uptrend,True,True,Uptrend,True,Stage2,3,Uptrend,Uptrend,148.41,116.69,88.61,126.15,226.19,237.07,248.47,237.07,59.7,26.4,25.72,28.3,5.3,5.35,17.3,114.0,0.0,,0,none,22.2,25.5,3.1,20.0,0.03,13.02,12.25,20.99,10.31,54.87,52.0,4.81,106.99,29.3,0.15,highly inconsistent earnings,0.25,,2.51,,-17.23,-1.75,68.44,0.0,,0.21,-0.17,0.03,0.03,183.0,101.5,18.9,46.2,29.01,-8.7,2.75,0.15,6,21.0,28.0,4.0,8.0,61.0,ACCUMULATE ⭐⭐⭐,Expected ~26% CAGR (2yr) | ROE 22% | ROCE 26% | ROCE trend rising ↑ | Low D/E 0.25 | Promoter 68% holding,None identified,3-4 years,Medium-High,"yfinance, screener.in",100,135,,2026-06-27,2026-06-01,26,0.0,3,2.0
NDRAUTO,NDR Auto Components Limited,Consumer Cyclical,Auto Parts,2040.0,Small-Cap,MonthlyStage2,Stage Change,1.0,24,10-EMA=790 | 30-EMA=689 | Above by 17.0% | MA turning=Yes,MonthlyCupHandle+MonthlyDoubleBottom+MonthlyStage2,Sideways,False,False,Below-MAs,True,Stage2,3,Uptrend,Uptrend,806.1,689.23,421.07,685.18,1602.29,2088.42,2722.05,2088.42,159.1,61.0,32.9,,5.69,1.08,22.87,47.0,63.86,,0,none,18.9,22.2,3.46,11.0,1.09,7.53,8.29,15.43,27.94,48.49,16.98,30.34,47.11,12.6,0.4,lumpy earner,0.17,,1.22,,-26.8,-1.31,73.13,0.0,,0.08,0.03,0.0,0.0,1220.0,605.05,33.9,33.2,-22.26,275.97,0.69,0.74,5,35.0,19.5,6.0,0.0,60.5,ACCUMULATE ⭐⭐⭐,Expected ~61% CAGR (2yr) | Revenue CAGR 28% | Profit CAGR 30% | ROCE 22% | ROCE trend rising ↑ | Low D/E 0.17,None identified,3-4 years,Medium-High,"yfinance, screener.in",100,71,,2026-06-27,2026-06-01,26,0.0,3,-1.0
MOLDTKPAC,Mold-Tek Packaging Limited,Consumer Cyclical,Packaging & Containers,2320.0,Small-Cap,MonthlyDoubleBottom,Forming,1.0,44,Sep 44mo | Mid rally 161% | Asymmetry 6%,MonthlyDoubleBottom+MonthlyStage2,Sideways-Above-MA,True,False,Constructive,True,Stage2,3,Uptrend,Uptrend,681.8,1088.22,406.02,579.53,1294.53,1770.42,2054.87,1630.98,159.7,61.1,31.85,20.35,3.36,1.23,14.65,57.0,-30.66,810.33,9,none,17.8,22.2,0.09,19.0,0.49,8.22,7.09,31.73,15.93,15.96,33.33,25.99,21.67,26.9,0.75,consistent growth,0.32,,1.49,,-63.1,-2.72,33.19,0.12,,9.69,-0.67,20.95,0.83,892.9,464.9,23.6,46.7,5.54,-54.23,3.4,0.52,5,26.0,22.5,10.0,2.0,60.5,ACCUMULATE ⭐⭐⭐,Expected ~61% CAGR (2yr) | Revenue CAGR 16% | Profit CAGR 26% | ROCE 22% | ROCE trend rising ↑ | EPS: consistent growth,Pattern still forming (not broken out),3-4 years,Medium-High,"yfinance, screener.in",100,136,,2026-06-27,2026-06-01,26,0.0,3,0.0
ONWARDTEC,Onward Technologies Limited,Technology,Information Technology Services,562.0,Small-Cap,MonthlyDoubleBottom,Forming,1.0,31,Sep 31mo | Mid rally 245% | Asymmetry 6%,,Sideways,False,False,Below-MAs,True,Downtrend,0,Uptrend,Uptrend,258.17,720.06,202.91,219.44,1046.69,1661.51,2637.48,1661.51,543.6,153.7,13.16,,2.27,0.22,7.03,195.0,18.56,,0,none,19.5,23.0,1.31,13.0,1.17,8.15,10.24,10.79,7.25,17.78,62.96,58.74,44.43,-8.3,0.15,highly inconsistent earnings,0.16,,3.66,,20.84,3.71,40.02,0.95,,9.33,-0.5,1.8,-1.74,385.0,208.25,32.9,24.0,-16.72,-70.44,2.13,0.71,6,30.0,18.5,12.0,0.0,60.5,ACCUMULATE ⭐⭐⭐,Expected ~154% CAGR (2yr) | Profit CAGR 59% | ROCE 23% | ROCE trend rising ↑ | Low D/E 0.16 | FCF yield 3.7%,Pattern still forming (not broken out),3-4 years,Medium-High,"yfinance, screener.in",100,287,,2026-06-27,2026-06-01,26,0.0,3,1.0
AJMERA,Ajmera Realty & Infra India Limited,Real Estate,Real Estate - Development,2774.0,Small-Cap,MonthlyDoubleBottom,Forming,1.0,37,Sep 37mo | Mid rally 808% | Asymmetry 10%,,Sideways,False,False,Below-MAs,True,Stage2,3,Uptrend,Uptrend,120.84,143.26,15.06,102.71,304.58,394.95,512.13,394.95,226.8,80.8,18.52,6.78,1.98,0.62,11.68,64.0,25.99,175.0,1,strong_buy,11.5,14.3,1.69,27.0,0.46,13.74,7.58,47.7,36.24,25.72,24.6,29.67,38.33,120.0,0.75,consistent growth,0.47,,6.28,,-116.82,-4.21,68.23,0.0,,0.78,0.25,1.13,-0.08,221.4,98.03,45.4,23.3,-27.68,36.97,1.66,0.47,6,31.0,19.5,10.0,0.0,60.5,ACCUMULATE ⭐⭐⭐,Expected ~81% CAGR (2yr) | Revenue CAGR 36% | Profit CAGR 30% | ROCE trend rising ↑ | Promoter 68% holding | OPM 27%,Pattern still forming (not broken out),3-4 years,Medium-High,"yfinance, screener.in",100,238,,2026-06-27,2026-06-01,26,0.6,3,3.0
20MICRONS,20 Microns Limited,Basic Materials,Other Industrial Metals & Mining,650.0,Small-Cap,MonthlyDoubleBottom,Forming,1.0,24,Sep 24mo | Mid rally 166% | Asymmetry 1%,,Sideways-Above-MA,True,True,Constructive,True,Stage2,1,Uptrend,Uptrend,182.37,346.44,129.61,155.01,473.65,563.27,646.61,553.42,208.9,75.7,9.72,,1.34,0.58,5.91,68.0,37.5,,0,none,14.7,17.4,0.37,13.0,0.2,7.01,8.72,4.49,10.77,14.54,8.06,16.84,23.84,15.7,0.4,lumpy earner,0.32,,1.92,,53.57,8.25,45.04,0.0,,0.41,0.15,0.1,0.03,283.93,129.61,35.8,40.7,-17.24,39.49,0.5,0.64,7,27.0,22.5,11.0,0.0,60.5,ACCUMULATE ⭐⭐⭐,Expected ~76% CAGR (2yr) | ROCE trend rising ↑ | FCF yield 8.2% | Piotroski F=7 (high quality compounder) | Dividend growing 38%/yr | PEG 0.58 — undervalued,Pattern still forming (not broken out),3-4 years,Medium-High,"yfinance, screener.in",100,213,,2026-06-27,2026-06-01,26,10.4,3,13.0
ASALCBR,Associated Alcohols & Breweries Limited,Consumer Defensive,Beverages - Wineries & Distilleries,1694.0,Small-Cap,MonthlyDoubleBottom,Forming,0.571,29,Sep 29mo | Mid rally 61% | Asymmetry 4%,,Sideways,False,False,Below-MAs,True,Stage2,15,Uptrend,Uptrend,819.9,647.81,396.25,696.91,8189.17,20045.46,49067.28,20045.46,2344.9,394.5,18.38,14.6,2.32,0.13,11.54,24.0,25.99,1070.0,1,none,14.6,18.0,4.3,14.0,1.74,8.68,9.41,-5.21,68.5,73.94,8.64,144.78,144.85,5.3,0.15,highly inconsistent earnings,0.1,,2.58,,-20.86,-1.23,62.35,1.13,,0.33,0.01,0.94,0.94,1277.0,660.65,35.8,24.1,-15.85,58.57,0.19,0.37,6,34.0,14.35,12.0,0.0,60.4,ACCUMULATE ⭐⭐⭐,Expected ~394% CAGR (2yr) | Revenue CAGR 68% | Profit CAGR 145% | ROCE trend rising ↑ | Nearly debt-free | Promoter 62% holding,Pattern still forming (not broken out),3-4 years,Medium-High,"yfinance, screener.in",100,77,,2026-06-27,2026-06-01,26,2.1,3,0.0
ENDURANCE,Endurance Technologies Limited,Consumer Cyclical,Auto Parts,36887.0,Large-Cap,MonthlyDoubleBottom,Forming,0.899,40,Sep 40mo | Mid rally 90% | Asymmetry 0%,MonthlyDoubleBottom+MonthlyStage2,Sideways-Above-MA,True,False,Constructive,True,Stage2,3,Uptrend,Uptrend,2502.6,1957.99,1029.49,2127.21,3879.38,4082.32,6123.76,4874.05,63.1,27.7,38.76,26.19,5.39,1.51,18.48,44.0,16.96,2894.71,14,none,15.4,18.3,0.49,13.0,-0.4,6.52,7.41,26.25,18.35,17.39,13.88,25.64,12.86,12.8,0.15,highly inconsistent earnings,0.19,,1.55,,153.57,0.42,75.0,0.0,,13.14,-0.58,9.77,0.57,3079.9,2142.8,18.7,16.8,3.09,29.94,0.5,0.67,6,29.0,21.29,7.0,3.0,60.3,ACCUMULATE ⭐⭐⭐,Expected ~28% CAGR (2yr) | Revenue CAGR 18% | Profit CAGR 26% | ROCE trend rising ↑ | Low D/E 0.19 | Promoter 75% holding,Pattern still forming (not broken out),3-4 years,Medium-High,"yfinance, screener.in",100,117,,2026-06-27,2026-06-01,26,-1.7,3,2.0
ACE,Action Construction Equipment Limited,Industrials,Farm & Heavy Construction Machinery,11612.0,Mid-Cap,MonthlyDoubleBottom,Forming,0.497,9,Sep 9mo | Mid rally 59% | Asymmetry 9%,,Sideways-Above-MA,True,True,Constructive,True,Stage2,4,Uptrend,Uptrend,931.05,289.73,173.79,791.39,1601.84,2144.38,2870.68,2144.38,130.3,51.8,28.01,21.49,5.77,0.83,21.79,20.0,49.38,1247.0,2,none,22.9,31.7,3.66,15.0,1.34,12.65,9.83,-1.41,14.94,21.73,1.47,33.87,38.99,-6.5,0.4,lumpy earner,0.0,,1.33,,272.88,2.35,65.42,0.0,,9.58,-0.82,1.84,0.08,1236.0,745.1,24.7,25.0,-12.99,10.09,0.58,0.33,6,38.0,14.96,6.0,1.0,60.0,ACCUMULATE ⭐⭐⭐,Expected ~52% CAGR (2yr) | Profit CAGR 34% | ROE 23% | ROCE 32% | ROCE trend rising ↑ | Nearly debt-free,Pattern still forming (not broken out),3-4 years,Medium-High,"yfinance, screener.in",100,238,,2026-06-27,2026-06-01,26,5.6,3,-1.0
LLOYDSENGG,Lloyds Engineering Works Limited,Industrials,Specialty Industrial Machinery,12377.0,Mid-Cap,MonthlyStage2,Breaking Out,1.0,24,10-EMA=56 | 30-EMA=58 | Above by 18.6% | MA turning=Yes,MonthlyDoubleBottom+MonthlyStage2,Sideways-Above-MA,True,True,Constructive,True,Stage2,4,Uptrend,Uptrend,68.44,57.7,37.73,58.17,89.83,190.9,405.65,190.9,178.9,67.0,58.28,,7.16,0.52,61.75,29.0,80.47,,0,none,16.4,17.1,,15.0,-1.0,14.59,6.21,53.78,,,88.57,,,156.5,0.5,insufficient history,0.07,,2.77,,-383.29,-3.1,41.92,0.0,,2.11,0.14,0.18,0.0,89.78,37.4,23.8,83.0,4.47,,1.72,1.14,3,26.0,24.0,5.0,5.0,60.0,ACCUMULATE ⭐⭐⭐,Expected ~67% CAGR (2yr) | Revenue CAGR 113% | Profit CAGR 112% | Nearly debt-free | Margin compressing ↓ ⚠️ | Dividend growing 80%/yr,High PE 58 | Margin compression ↓,3-4 years,Medium-High,"yfinance, screener.in",80,32,,2026-06-27,2026-06-01,26,0.0,3,0.0
WHEELS,Wheels India Limited,Consumer Cyclical,Auto Parts,3795.0,Small-Cap,MonthlyDoubleBottom,Breakout Ready,1.0,33,Sep 33mo | Mid rally 148% | Asymmetry 5%,,Uptrend,True,True,Tight-Above-MAs,True,Stage2,3,Uptrend,Uptrend,1564.2,1236.83,487.61,1329.57,5385.95,7851.64,11446.13,7851.64,402.0,124.0,24.51,41.67,3.64,0.54,,93.0,-8.73,,0,none,15.8,18.8,2.6,8.0,0.37,3.19,,15.2,5.61,17.76,41.07,45.78,27.44,-9.8,0.15,highly inconsistent earnings,,,,,,,58.31,0.0,,1.15,-0.03,9.64,-0.17,1744.0,705.85,10.3,121.6,102.86,76.38,3.16,,2,16.0,30.0,6.0,8.0,60.0,ACCUMULATE ⭐⭐⭐,Expected ~124% CAGR (2yr) | Profit CAGR 46% | ROCE trend rising ↑ | Promoter 58% holding | PEG 0.54 — undervalued | MonthlyDoubleBottom — Breakout Ready,None identified,3-4 years,Medium-High,"yfinance, screener.in",70,287,,2026-06-27,2026-06-01,26,0.0,3,0.0
MARKSANS,Marksans Pharma Limited,Healthcare,Drug Manufacturers - General,11767.0,Mid-Cap,MonthlyStage2,Breaking Out,1.0,24,10-EMA=190 | 30-EMA=185 | Above by 17.4% | MA turning=Yes,MonthlyDoubleBottom+MonthlyStage2,Uptrend,True,True,Constructive,True,Stage2,5,Uptrend,Uptrend,217.3,185.07,156.89,184.71,389.46,378.85,529.41,454.08,74.3,32.0,28.16,19.23,3.89,1.7,18.55,31.0,47.36,266.0,3,none,15.2,18.8,-3.0,20.0,-0.37,14.16,8.84,12.5,16.8,16.49,9.66,16.59,11.94,63.6,0.15,highly inconsistent earnings,0.11,,5.17,,70.35,0.6,43.87,0.0,,16.76,8.63,6.57,0.66,266.6,155.0,18.5,40.2,-8.89,118.23,1.56,1.1,5,22.0,27.0,7.0,4.0,60.0,ACCUMULATE ⭐⭐⭐,Expected ~32% CAGR (2yr) | Revenue CAGR 17% | Low D/E 0.11 | Piotroski F=5 (above average quality) | FII buying +8.6% ↑ | DII buying +0.7% ↑,None identified,3-4 years,Medium-High,"yfinance, screener.in",100,287,,2026-06-27,2026-06-01,26,0.0,3,2.0
MANORAMA,Manorama Industries Limited,Consumer Defensive,Packaged Foods,9304.0,Mid-Cap,None,,0.0,0,,,Uptrend,True,False,Below-MAs,True,Stage2,15,Uptrend,Uptrend,1371.4,,,1165.69,2113.9,2779.78,3655.41,2779.78,102.7,42.4,43.3,28.54,13.84,1.37,27.21,4.0,50.0,1831.0,2,none,39.4,35.0,,26.0,2.0,15.73,18.74,77.3,,,104.55,,,31.0,0.5,insufficient history,0.52,,1.95,,131.47,1.41,54.32,0.0,,2.89,0.18,3.0,-0.61,1760.0,1060.6,22.1,29.3,1.65,325.28,,0.17,6,40.0,11.0,6.0,3.0,60.0,ACCUMULATE ⭐⭐⭐,Expected ~42% CAGR (2yr) | Revenue CAGR 68% | Profit CAGR 32% | ROE 39% | ROCE 35% | Promoter 54% holding,None identified,3-4 years,Medium-High,"yfinance, screener.in",80,47,,2026-06-27,2026-06-01,26,0.0,3,3.0
3MINDIA,3M India Limited,Industrials,Conglomerates,37316.0,Large-Cap,MonthlyCupHandle,Forming,0.911,21,Cup 21mo | Depth 21% | Prior gain 23% | R²=0.97,MonthlyCupHandle+MonthlyDoubleBottom+MonthlyStage2,Sideways-Above-MA,True,False,Constructive,True,Stage2,4,Uptrend,Uptrend,31550.0,37436.67,29755.96,28268.16,20825.8,45117.38,35722.79,27275.55,43.0,19.6,71.43,43.97,21.2,2.31,37.37,48.0,-14.3,36726.0,1,none,30.5,40.5,0.09,19.0,1.34,10.26,18.76,-0.07,7.86,6.98,4.8,30.97,13.67,203.1,0.15,highly inconsistent earnings,0.1,,2.18,,459.29,1.23,75.0,0.0,,3.52,0.02,8.34,-0.05,38030.0,28275.0,17.0,11.6,8.97,-6.27,0.16,0.27,6,37.0,20.93,-1.0,3.0,59.9,WATCH ⭐⭐,Expected ~20% CAGR (2yr) | Profit CAGR 31% | ROE 30% | ROCE 40% | ROCE trend rising ↑ | Nearly debt-free,High PE 71 | Pattern still forming (not broken out),3-4 years,Medium-High,"yfinance, screener.in",100,288,,2026-06-27,2026-06-01,26,-0.8,3,-0.2
CHALET,CHALET HOTELS LIMITED,Consumer Cyclical,Lodging,0.0,Micro-Cap,MonthlyDoubleBottom,Forming,0.557,8,Sep 8mo | Mid rally 61% | Asymmetry 6%,,Sideways,False,False,Below-MAs,True,Stage2,3,Uptrend,Uptrend,730.7,1051.29,633.35,621.1,2448.89,2633.08,5671.33,3726.72,260.4,89.8,27.24,25.51,4.75,0.52,16.51,25.0,,992.62,21,none,19.2,17.1,3.83,43.0,7.94,23.29,8.33,61.23,34.91,57.48,354.23,52.18,38.4,31.6,0.2,multiple loss years in history,0.64,,0.7,,383.46,,67.29,-0.04,,4.71,-0.37,24.57,0.58,1082.0,691.35,32.5,5.7,-14.98,30.01,0.45,-0.06,6,34.0,12.68,13.0,0.0,59.7,WATCH ⭐⭐,Expected ~90% CAGR (2yr) | Revenue CAGR 35% | Profit CAGR 52% | ROCE trend rising ↑ | Promoter 67% holding | OPM 43%,Pattern still forming (not broken out),3-4 years,Medium-High,"yfinance, screener.in",100,89,,2026-06-27,2026-06-01,26,-8.8,3,1.0
COLPAL,Colgate-Palmolive (India) Limited,Consumer Defensive,Household & Personal Products,54337.0,Large-Cap,MonthlyDoubleBottom,Forming,0.511,17,Sep 17mo | Mid rally 59% | Asymmetry 8%,,Downtrend,False,False,Below-MAs,False,Stage2,15,Uptrend,Uptrend,2079.0,1418.08,861.94,1767.15,4121.6,4446.84,8469.58,5908.32,113.9,46.3,40.98,33.98,34.3,0.95,28.3,240.0,-17.67,2254.62,26,hold,158.0,179.0,31.8,22.0,1.4,21.96,33.52,15.43,14.93,,51.39,43.35,,-0.5,0.4,lumpy earner,0.03,,1.28,,1955.26,3.6,51.0,0.0,,13.6,-1.58,15.25,1.75,2504.0,1782.0,17.0,16.7,-1.78,-11.0,0.43,0.51,6,40.0,9.63,9.0,1.0,59.6,WATCH ⭐⭐,Expected ~46% CAGR (2yr) | Profit CAGR 43% | ROE 158% | ROCE 179% | ROCE trend rising ↑ | Nearly debt-free,Earnings due 2026-07-22 | Pattern still forming (not broken out),3-4 years,Medium-High,"yfinance, screener.in",100,288,2026-07-22,2026-06-27,2026-06-01,26,-5.0,3,-3.0
MARINE,Marine Electricals (India) Limited,Industrials,Electrical Equipment & Parts,3429.0,Small-Cap,MonthlyStage2,Stage Change,1.0,24,10-EMA=204 | 30-EMA=177 | Above by 25.4% | MA turning=Yes,MonthlyDoubleBottom+MonthlyStage2,Sideways-Above-MA,True,False,Constructive,True,Stage2,4,Uptrend,Uptrend,222.05,177.13,147.48,188.74,180.29,272.95,413.25,272.95,22.9,10.9,67.13,,7.29,1.31,37.48,12.0,9.0,,0,none,13.2,18.2,1.23,11.0,-0.03,6.66,6.17,14.34,25.56,28.43,55.26,51.4,33.34,38.1,0.4,lumpy earner,0.18,,2.12,,-39.23,-1.14,68.2,-0.34,,0.59,-0.06,0.34,0.22,282.48,150.86,21.4,47.2,11.91,331.09,0.63,1.08,4,30.0,22.5,3.0,4.0,59.5,WATCH ⭐⭐,Expected ~11% CAGR (2yr) | Revenue CAGR 26% | Profit CAGR 51% | ROCE trend rising ↑ | Low D/E 0.18 | Promoter 68% holding,High PE 67,3-4 years,Medium-High,"yfinance, screener.in",100,92,,2026-06-27,2026-06-01,26,0.0,3,-3.0
IEX,Indian Energy Exchange Limited,Financial Services,Capital Markets,10919.0,Mid-Cap,MonthlyDoubleBottom,Forming,1.0,33,Sep 33mo | Mid rally 112% | Asymmetry 4%,MonthlyCupHandle+MonthlyDoubleBottom,Sideways,False,False,Below-MAs,True,Stage2,12,Uptrend,Uptrend,125.48,233.91,108.28,106.66,143.37,359.54,197.03,168.07,186.5,69.3,22.16,19.43,8.05,1.29,14.12,326.0,51.83,141.18,11,hold,39.4,51.4,-1.26,84.0,0.71,65.99,16.95,14.71,15.38,14.14,14.92,17.23,19.18,10.8,0.15,highly inconsistent earnings,0.01,,2.0,,799.84,7.33,,,,14.16,2.74,30.26,-4.69,211.75,114.6,40.7,9.5,-25.48,-16.95,0.29,0.31,5,35.0,19.5,5.0,0.0,59.5,WATCH ⭐⭐,Expected ~69% CAGR (2yr) | Revenue CAGR 15% | ROE 39% | ROCE 51% | Nearly debt-free | OPM 84%,Earnings due 2026-04-23 | Pattern still forming (not broken out),3-4 years,Medium-High,"yfinance, screener.in",90,104,2026-04-23,2026-06-27,2026-06-01,26,0.0,3,0.0
NESTLEIND,Nestlé India Limited,Consumer Defensive,Packaged Foods,272818.0,Large-Cap,MonthlyStage2,Stage Change,1.0,24,10-EMA=1299 | 30-EMA=1204 | Above by 18.9% | MA turning=Yes,MonthlyDoubleBottom+MonthlyStage2,Uptrend,True,True,Tight-Above-MAs,True,Stage2,15,Uptrend,Uptrend,1431.4,1203.53,1067.84,1216.69,725.91,1339.22,804.43,764.16,,,78.12,59.6,52.9,14.82,52.7,85.0,-16.68,1478.47,36,buy,74.2,85.3,-11.0,23.0,-0.0,15.14,22.58,14.62,6.58,,9.07,5.27,,27.2,0.15,highly inconsistent earnings,0.09,,0.96,,3881.1,1.42,62.76,0.0,,9.74,-0.07,12.4,0.3,1498.1,1084.7,4.5,32.0,24.96,6.0,0.77,0.44,3,25.0,28.5,0.0,6.0,59.5,WATCH ⭐⭐,ROE 74% | ROCE 85% | Nearly debt-free | Promoter 63% holding | MonthlyStage2 forming (24mo base) | Weekly uptrend,High PE 78 | Earnings due 2026-04-21,3-4 years,Medium-High,"yfinance, screener.in",100,286,2026-04-21,2026-06-27,2026-06-01,26,0.0,3,0.0
BOSCHLTD,Bosch Limited,Consumer Cyclical,Auto Parts,118560.0,Large-Cap,MonthlyStage2,Stage Change,1.0,24,10-EMA=35794 | 30-EMA=32095 | Above by 21.7% | MA turning=Yes,MonthlyDoubleBottom+MonthlyStage2,Uptrend,True,True,Tight-Above-MAs,True,Stage2,3,Uptrend,Uptrend,39060.0,32095.29,26188.55,33201.0,54087.99,58026.98,84269.26,67512.63,48.6,21.9,42.74,38.08,7.99,1.72,42.34,67.0,34.59,43798.5,4,strong_buy,16.4,21.5,1.77,13.0,0.26,13.84,6.73,10.77,10.3,15.57,37.62,24.82,41.9,3.0,0.15,highly inconsistent earnings,0.01,,1.96,,-2037.69,-1.72,70.54,0.0,,7.22,-0.12,15.05,0.15,41945.0,28610.0,6.9,36.5,2.66,94.78,0.77,0.65,6,24.0,28.5,2.0,5.0,59.5,WATCH ⭐⭐,Expected ~22% CAGR (2yr) | Profit CAGR 25% | ROCE 22% | ROCE trend rising ↑ | Nearly debt-free | Promoter 71% holding,Earnings due 2026-08-03,3-4 years,Medium-High,"yfinance, screener.in",100,288,2026-08-03,2026-06-27,2026-06-01,26,5.2,3,5.0
SIEMENS,Siemens Limited,Industrials,Specialty Industrial Machinery,133887.0,Large-Cap,MonthlyDoubleBottom,Forming,1.0,26,Sep 26mo | Mid rally 210% | Asymmetry 0%,MonthlyCupHandle+MonthlyDoubleBottom+MonthlyStage2,Sideways-Above-MA,True,False,Constructive,False,Stage2,4,Uptrend,Uptrend,3617.2,526.5,169.39,3074.62,1970.85,2946.3,2899.85,2390.65,,,79.37,54.26,9.67,3.73,53.62,39.0,14.47,3779.77,26,none,16.3,21.2,2.43,11.0,0.43,9.21,,11.72,15.47,20.09,1.32,21.3,29.06,-36.4,0.4,lumpy earner,0.02,,2.57,,,,75.0,0.0,,6.8,-0.05,8.59,0.24,3937.3,2826.0,8.1,28.0,23.87,36.29,0.48,,4,29.0,22.5,0.0,8.0,59.5,WATCH ⭐⭐,Revenue CAGR 15% | Profit CAGR 21% | ROCE 21% | ROCE trend rising ↑ | Nearly debt-free | Promoter 75% holding,High PE 79 | Earnings due 2026-08-06 | Pattern still forming (not broken out),3-4 years,Medium-High,"yfinance, screener.in",80,330,2026-08-06,2026-06-27,2026-06-01,26,1.9,3,8.0
MEDPLUS,MedPlus Health Services Limited,Healthcare,Pharmaceutical Retailers,10141.0,Mid-Cap,MonthlyStage2,Stage Change,0.993,24,10-EMA=848 | 30-EMA=813 | Above by 14.9% | MA turning=Yes,MonthlyDoubleBottom+MonthlyStage2,Uptrend,True,False,Uptrend,True,Stage2,5,Uptrend,Uptrend,934.65,813.47,666.85,794.45,1744.35,2182.46,4683.59,2858.29,133.5,52.8,46.09,33.06,5.13,0.72,27.13,0.0,,1168.71,7,none,11.8,12.6,0.06,9.0,0.37,3.19,5.56,12.32,14.78,17.56,46.67,63.86,28.42,24.6,0.15,highly inconsistent earnings,0.72,,3.0,,271.58,2.68,40.22,-0.07,,15.53,-1.3,27.82,1.24,1022.2,732.0,8.6,27.7,11.05,-2.1,0.38,0.43,7,21.0,26.42,9.0,3.0,59.4,WATCH ⭐⭐,Expected ~53% CAGR (2yr) | Profit CAGR 64% | ROCE trend rising ↑ | Piotroski F=7 (high quality compounder) | DII buying +1.2% ↑ | PEG 0.72 — undervalued,None identified,3-4 years,Medium-High,"yfinance, screener.in",100,54,,2026-06-27,2026-06-01,26,0.0,3,0.0
HDFCAMC,HDFC Asset Management Company Limited,Financial Services,Asset Management,116551.0,Large-Cap,MonthlyDoubleBottom,Forming,0.521,6,Sep 6mo | Mid rally 59% | Asymmetry 7%,,Sideways-Above-MA,True,False,Below-MAs,False,Stage2,12,Uptrend,Uptrend,2455.9,1448.93,882.86,2087.51,1639.89,2459.18,2610.53,2069.06,0.1,0.1,40.81,31.33,12.62,1.56,28.74,199.0,31.04,3044.36,28,strong_buy,32.9,42.9,2.5,82.0,1.5,61.84,24.83,13.95,23.04,,16.18,26.17,,-2.5,0.75,consistent growth,0.02,,30.24,,2397.42,2.06,52.37,-0.01,,24.45,0.46,14.42,-0.48,2967.25,2205.6,17.2,11.3,-8.44,81.39,0.55,0.56,7,40.0,14.25,3.0,2.0,59.2,WATCH ⭐⭐,Expected ~0% CAGR (2yr) | Revenue CAGR 23% | Profit CAGR 26% | ROE 33% | ROCE 43% | ROCE trend rising ↑,Earnings due 2026-07-16 | Pattern still forming (not broken out),3-4 years,Medium-High,"yfinance, screener.in",100,95,2026-07-16,2026-06-27,2026-06-01,26,-7.5,3,0.0
TORNTPHARM,Torrent Pharmaceuticals Limited,Healthcare,Drug Manufacturers - Specialty & Generic,149925.0,Large-Cap,MonthlyCupHandle,Forming,0.684,20,Cup 20mo | Depth 26% | Prior gain 68% | R²=0.93,MonthlyCupHandle+MonthlyDoubleBottom,Uptrend,True,True,Tight-Above-MAs,True,Stage2,5,Uptrend,Uptrend,4460.1,4457.0,3302.11,3791.09,3451.38,5611.89,4949.3,4133.03,25.8,12.2,69.44,46.75,17.76,3.52,38.2,86.0,19.98,4878.79,28,none,27.4,15.2,0.49,33.0,0.57,15.47,7.25,21.4,13.27,11.8,11.88,19.75,11.3,-21.9,0.15,highly inconsistent earnings,0.85,,1.13,,2601.22,1.74,68.31,0.0,,16.18,0.05,8.96,-0.09,4712.9,3140.1,5.4,42.0,39.73,118.84,0.48,0.14,6,27.0,24.21,0.0,8.0,59.2,WATCH ⭐⭐,Expected ~12% CAGR (2yr) | ROE 27% | ROCE trend rising ↑ | Promoter 68% holding | OPM 33% | Piotroski F=6 (above average quality),High PE 69 | Earnings due 2026-07-27 | Pattern still forming (not broken out),3-4 years,Medium-High,"yfinance, screener.in",100,287,2026-07-27,2026-06-27,2026-06-01,26,0.0,3,0.0
VARROC,Varroc Engineering Limited,Consumer Cyclical,Auto Parts,9400.0,Mid-Cap,MonthlyDoubleBottom,Forming,0.892,17,Sep 17mo | Mid rally 98% | Asymmetry 9%,MonthlyDoubleBottom+MonthlyStage2,Sideways,False,False,Below-MAs,True,Stage2,3,Uptrend,Uptrend,560.4,492.96,239.02,476.34,3413.15,8951.6,61597.81,14499.74,1497.4,299.7,41.85,18.75,5.28,0.13,12.09,24.0,30.0,629.4,5,buy,15.2,19.0,3.83,9.0,0.54,2.53,6.61,9.03,8.86,15.24,228.57,324.82,-12.6,236.9,0.2,multiple loss years in history,0.51,,0.88,,296.92,3.16,75.0,0.0,,4.45,0.09,11.35,-1.05,694.7,462.0,19.3,21.3,6.62,43.88,0.27,0.32,5,26.0,17.2,13.0,3.0,59.2,WATCH ⭐⭐,Expected ~300% CAGR (2yr) | Profit CAGR 325% | ROCE trend rising ↑ | Promoter 75% holding | FCF yield 3.2% | Piotroski F=5 (above average quality),Pattern still forming (not broken out),3-4 years,Medium-High,"yfinance, screener.in",100,95,,2026-06-27,2026-06-01,26,0.0,3,1.0
COFORGE,Coforge Limited,Technology,Information Technology Services,64776.0,Large-Cap,MonthlyDoubleBottom,Forming,0.964,29,Sep 29mo | Mid rally 105% | Asymmetry 9%,,Sideways,False,False,Below-MAs,True,Downtrend,0,Uptrend,Uptrend,1367.2,1984.96,924.97,1162.12,1830.21,3044.95,3227.73,2430.52,122.7,49.2,33.33,21.29,5.15,1.02,16.06,109.0,-35.92,1672.79,34,buy,20.6,23.5,-1.23,18.0,-0.11,9.48,10.8,36.11,26.96,28.6,86.43,32.8,30.22,134.4,0.15,highly inconsistent earnings,0.07,,1.61,,1715.94,2.65,,,,24.66,-6.0,42.71,-13.47,1994.0,1008.1,31.4,35.6,-16.63,30.48,0.74,0.23,5,32.0,18.07,9.0,0.0,59.1,WATCH ⭐⭐,Expected ~49% CAGR (2yr) | Revenue CAGR 27% | Profit CAGR 33% | ROE 21% | ROCE 24% | Nearly debt-free,Earnings due 2026-07-27 | Pattern still forming (not broken out),3-4 years,Medium-High,"yfinance, screener.in",90,263,2026-07-27,2026-06-27,2026-06-01,26,-3.2,3,-2.0
SANSERA,Sansera Engineering Limited,Consumer Cyclical,Auto Parts,18362.0,Mid-Cap,MonthlyDoubleBottom,Forming,0.794,13,Sep 13mo | Mid rally 88% | Asymmetry 8%,,Uptrend,True,True,Tight-Above-MAs,True,Stage2,3,Uptrend,Uptrend,2947.4,1751.11,896.77,2505.29,3387.01,3831.47,5746.09,4411.58,30.0,14.0,56.81,34.9,6.35,1.88,29.34,11.0,17.57,2961.3,10,buy,11.5,14.1,0.11,18.0,0.03,9.27,6.47,15.94,14.37,17.69,50.69,30.25,24.35,104.8,0.4,lumpy earner,0.19,,1.75,,-211.33,-1.15,30.1,-0.07,,18.79,-0.57,35.38,-0.92,3000.0,1216.3,1.8,142.3,125.86,190.51,0.7,0.78,6,21.0,25.03,3.0,10.0,59.0,WATCH ⭐⭐,Expected ~14% CAGR (2yr) | Profit CAGR 30% | ROCE trend rising ↑ | Low D/E 0.19 | Piotroski F=6 (above average quality) | Dividend growing 18%/yr,High PE 57 | Pattern still forming (not broken out),3-4 years,Medium-High,"yfinance, screener.in",100,58,,2026-06-27,2026-06-01,26,23.0,3,1.0
HINDZINC,Hindustan Zinc Limited,Basic Materials,Other Industrial Metals & Mining,238118.0,Large-Cap,MonthlyCupHandle,Forming,0.91,23,Cup 23mo | Depth 32% | Prior gain 63% | R²=0.95,MonthlyCupHandle+MonthlyDoubleBottom,Downtrend,False,False,Below-MAs,False,Stage2,1,Uptrend,Uptrend,559.9,665.61,449.98,475.91,769.91,881.24,924.49,843.67,57.4,25.5,17.21,12.8,10.52,1.8,10.56,373.0,-40.42,655.19,16,none,76.6,69.5,7.7,54.0,-0.17,35.12,30.08,19.84,6.2,12.54,33.6,9.58,11.63,67.6,0.15,highly inconsistent earnings,0.39,,1.47,,10509.13,4.41,60.71,-1.13,,2.39,0.85,4.84,0.16,733.0,413.5,23.6,35.4,39.07,78.89,0.27,0.65,4,31.0,14.92,6.0,7.0,58.9,WATCH ⭐⭐,Expected ~26% CAGR (2yr) | ROE 77% | ROCE 70% | ROCE trend rising ↑ | Promoter 61% holding | OPM 54%,Earnings due 2026-07-17 | Pattern still forming (not broken out),3-4 years,Medium-High,"yfinance, screener.in",100,287,2026-07-17,2026-06-27,2026-06-01,26,-11.5,3,-8.0
HATSUN,Hatsun Agro Product Limited,Consumer Defensive,Packaged Foods,20510.0,Mid-Cap,MonthlyDoubleBottom,Forming,0.614,30,Sep 30mo | Mid rally 65% | Asymmetry 3%,,Downtrend,False,False,Below-MAs,False,Stage2,15,Uptrend,Uptrend,914.15,1384.31,825.48,784.21,5817.71,28372.99,138375.05,28372.99,3003.8,457.1,57.48,32.03,10.57,0.15,18.98,217.0,18.56,935.0,2,none,16.7,12.9,1.0,12.0,1.9,3.58,8.13,10.62,103.56,,24.73,387.7,,2.5,0.15,highly inconsistent earnings,0.94,,0.52,,929.11,4.53,73.17,0.0,,3.13,-0.07,10.26,-0.02,1179.0,855.3,22.5,6.9,5.07,-29.74,0.12,-0.17,6,33.0,11.87,12.0,2.0,58.9,WATCH ⭐⭐,Expected ~457% CAGR (2yr) | Revenue CAGR 104% | Profit CAGR 388% | ROCE trend rising ↑ | Promoter 73% holding | FCF yield 4.5%,High PE 57 | Earnings due 2026-07-20 | Pattern still forming (not broken out),3-4 years,Medium-High,"yfinance, screener.in",100,145,2026-07-20,2026-06-27,2026-06-01,26,-3.2,3,0.0
CAMS,Computer Age Management Services Limited,Technology,Information Technology Services,20431.0,Mid-Cap,MonthlyStage2,Stage Change,0.505,24,10-EMA=737 | 30-EMA=704 | Above by 7.6% | MA turning=Yes,MonthlyDoubleBottom+MonthlyStage2,Uptrend,True,False,Uptrend,True,Downtrend,0,Uptrend,Uptrend,757.55,704.21,615.56,643.92,698.76,848.86,978.07,826.7,12.1,5.9,43.1,31.85,15.45,2.35,28.68,152.0,-24.4,882.11,19,buy,39.0,49.0,0.89,45.0,0.37,31.39,21.46,6.61,15.97,16.51,1.51,18.31,18.15,10.9,0.15,highly inconsistent earnings,0.05,,3.43,,386.33,1.89,0.0,0.0,,44.44,-0.21,22.06,0.06,875.0,611.4,13.4,23.9,7.64,49.23,0.28,0.13,7,34.0,19.56,2.0,3.0,58.6,WATCH ⭐⭐,Expected ~6% CAGR (2yr) | Revenue CAGR 16% | ROE 39% | ROCE 49% | ROCE trend rising ↑ | Nearly debt-free,Earnings due 2026-07-30,3-4 years,Medium-High,"yfinance, screener.in",100,69,2026-07-30,2026-06-27,2026-06-01,26,-2.8,3,0.0
JYOTHYLAB,Jyothy Labs Limited,Consumer Defensive,Household & Personal Products,7428.0,Small-Cap,MonthlyDoubleBottom,Breakout Ready,0.463,6,Sep 6mo | Mid rally 50% | Asymmetry 3%,,Downtrend,False,False,Below-MAs,False,Stage2,15,Uptrend,Uptrend,213.5,86.18,56.71,181.47,649.58,626.56,1140.76,860.82,193.5,71.3,22.33,18.49,4.67,0.69,15.73,173.0,11.87,275.18,11,buy,19.0,24.6,2.4,18.0,0.57,11.32,9.83,3.26,9.04,10.72,0.27,32.52,17.82,-11.5,0.15,highly inconsistent earnings,0.03,,2.68,,267.48,3.6,62.89,0.0,,12.35,-0.42,14.62,-0.52,364.8,196.15,41.5,8.8,-29.97,-20.62,1.31,0.4,6,34.0,11.56,13.0,0.0,58.6,WATCH ⭐⭐,Expected ~71% CAGR (2yr) | Profit CAGR 33% | ROCE 25% | ROCE trend rising ↑ | Nearly debt-free | Promoter 63% holding,None identified,3-4 years,Medium-High,"yfinance, screener.in",100,222,,2026-06-27,2026-06-01,26,0.0,3,0.0
PREMEXPLN,Premier Explosives Limited,Basic Materials,Specialty Chemicals,4170.0,Small-Cap,MonthlyStage2,Stage Change,1.0,24,10-EMA=513 | 30-EMA=449 | Above by 16.8% | MA turning=Yes,MonthlyCupHandle+MonthlyDoubleBottom+MonthlyStage2,Sideways-Above-MA,True,False,Constructive,True,Stage2,1,Uptrend,Uptrend,524.75,449.18,333.32,446.04,233.59,565.04,819.54,437.53,7.7,3.8,90.89,49.07,14.46,1.04,107.55,6.0,18.56,710.0,1,none,18.6,22.6,4.63,10.0,1.37,11.8,3.33,-6.95,24.31,20.61,58.62,87.31,33.13,76.1,0.15,highly inconsistent earnings,0.11,,1.65,,-51.95,-1.25,41.33,0.0,,1.18,0.27,9.17,-0.06,798.9,378.4,34.3,38.7,0.77,481.7,0.29,1.16,5,28.0,22.5,3.0,5.0,58.5,WATCH ⭐⭐,Expected ~4% CAGR (2yr) | Revenue CAGR 24% | Profit CAGR 87% | ROCE 23% | ROCE trend rising ↑ | Low D/E 0.11,High PE 91,3-4 years,Medium-High,"yfinance, screener.in",100,120,,2026-06-27,2026-06-01,26,0.0,3,-2.0
ALEMBICLTD,Alembic Limited,Real Estate,Real Estate - Development,2311.0,Small-Cap,MonthlyDoubleBottom,Forming,1.0,33,Sep 33mo | Mid rally 6454% | Asymmetry 1%,,Sideways,False,False,Below-MAs,True,Stage2,3,Uptrend,Uptrend,87.06,168.13,2.55,74.0,484.25,573.35,678.85,573.35,558.6,156.6,7.28,1.81,0.95,0.4,24.6,267.0,10.06,725.0,1,none,13.3,6.28,1.0,38.0,5.46,132.25,1.92,8.11,23.63,26.53,1.93,18.4,-1.56,-1.9,0.15,highly inconsistent earnings,0.0,,1.95,,22.95,0.99,70.88,0.0,,1.25,-0.04,0.05,0.0,125.54,70.46,30.7,23.6,-16.06,-7.34,0.29,0.64,7,29.0,19.5,10.0,0.0,58.5,WATCH ⭐⭐,Expected ~157% CAGR (2yr) | Revenue CAGR 24% | ROCE trend rising ↑ | Nearly debt-free | Promoter 71% holding | OPM 38%,Pattern still forming (not broken out),3-4 years,Medium-High,"yfinance, screener.in",100,288,,2026-06-27,2026-06-01,26,-3.1,3,-1.0
MWL,MANGALAM WORLDWIDE LTD,Basic Materials,Steel,1116.0,Small-Cap,MonthlyDoubleBottom,Forming,0.377,6,Sep 6mo | Mid rally 43% | Asymmetry 5%,,Uptrend,True,True,Tight-Above-MAs,True,Stage2,1,Uptrend,Uptrend,370.2,183.78,125.07,314.67,504.82,709.63,997.53,709.63,91.7,38.5,22.27,,4.03,0.55,17.09,5.0,-41.52,,0,none,18.0,17.6,0.6,8.0,1.17,3.41,,13.96,23.33,31.95,66.67,40.57,75.54,74.5,0.15,highly inconsistent earnings,0.79,,,,,,66.5,0.0,,0.01,0.01,0.0,-0.36,395.5,158.0,6.4,134.3,135.11,166.75,0.9,0.55,3,24.0,19.52,5.0,10.0,58.5,WATCH ⭐⭐,Expected ~38% CAGR (2yr) | Revenue CAGR 23% | Profit CAGR 41% | ROCE trend rising ↑ | Promoter 66% holding | PEG 0.55 — undervalued,Pattern still forming (not broken out),3-4 years,Medium-High,"yfinance, screener.in",80,47,,2026-06-27,2026-06-01,26,0.0,3,0.0
OFSS,Oracle Financial Services Software Limited,Technology,Software - Infrastructure,83924.0,Large-Cap,MonthlyStage2,Stage Change,1.0,24,10-EMA=8185 | 30-EMA=7510 | Above by 28.4% | MA turning=Yes,MonthlyDoubleBottom+MonthlyStage2,Uptrend,True,False,Constructive,True,Downtrend,0,Uptrend,Uptrend,9646.0,7510.05,6543.54,8199.1,10874.89,12340.83,14004.37,12340.83,27.9,13.1,31.95,25.14,10.72,2.37,22.55,690.0,6.27,10695.0,2,none,32.6,45.3,1.71,45.0,-0.94,34.4,21.25,12.05,10.42,9.01,10.88,13.48,8.41,30.7,0.15,highly inconsistent earnings,0.0,,5.43,,2422.44,2.89,72.44,-0.02,,8.04,-0.32,9.12,0.3,10584.5,6234.5,8.9,54.7,19.85,155.28,0.84,0.43,6,30.0,24.5,0.0,4.0,58.5,WATCH ⭐⭐,Expected ~13% CAGR (2yr) | ROE 33% | ROCE 45% | ROCE trend rising ↑ | Nearly debt-free | Promoter 72% holding,Margin compression ↓ | Earnings due 2026-04-27,3-4 years,Medium-High,"yfinance, screener.in",100,288,2026-04-27,2026-06-27,2026-06-01,26,0.0,3,0.0
UJJIVANSFB,Ujjivan Small Finance Bank Limited,Financial Services,Banks - Regional,11140.0,Mid-Cap,MonthlyDoubleBottom,Forming,1.0,36,Sep 36mo | Mid rally 122% | Asymmetry 2%,MonthlyCupHandle+MonthlyDoubleBottom,Sideways-Above-MA,True,False,Below-MAs,False,Stage2,12,Uptrend,Uptrend,54.13,47.27,21.13,46.01,239.34,509.12,2670.0,799.4,840.6,206.7,16.32,8.48,1.63,0.07,,,20.0,73.71,17,none,10.74,,,29.52,,16.57,1.32,44.4,,,234.0,,,238.2,0.5,insufficient history,,,,,,,0.0,0.0,,17.23,1.78,31.12,2.45,68.0,41.32,20.4,31.0,18.12,26.79,0.88,0.45,2,23.0,21.5,11.0,3.0,58.5,WATCH ⭐⭐,Expected ~207% CAGR (2yr) | Revenue CAGR 44% | Profit CAGR 234% | OPM 30% | FII buying +1.8% ↑ | DII buying +2.5% ↑,Pattern still forming (not broken out),3-4 years,Medium-High,"yfinance, screener.in",50,78,,2026-06-27,2026-06-01,26,0.0,3,0.0
LUMAXIND,Lumax Industries Limited,Consumer Cyclical,Auto Parts,4935.0,Small-Cap,MonthlyDoubleBottom,Forming,1.0,33,Sep 33mo | Mid rally 107% | Asymmetry 0%,,Uptrend,True,False,Uptrend,True,Stage2,3,Uptrend,Uptrend,5257.5,1697.5,819.49,4468.88,9647.72,11446.06,13579.61,11446.06,117.7,47.5,28.65,16.27,5.38,1.54,14.52,104.0,37.38,6809.0,2,none,22.0,17.7,1.8,10.0,0.43,4.12,5.03,23.06,21.72,24.02,22.86,18.64,57.05,23.0,0.15,highly inconsistent earnings,1.06,,0.76,,-17.12,-0.35,75.0,0.0,,1.63,0.25,6.07,0.36,6934.5,3139.7,24.2,67.5,54.12,134.02,0.37,0.83,5,19.0,26.5,6.0,7.0,58.5,WATCH ⭐⭐,Expected ~48% CAGR (2yr) | Revenue CAGR 22% | ROE 22% | ROCE trend rising ↑ | Promoter 75% holding | Piotroski F=5 (above average quality),High D/E 1.1 | Pattern still forming (not broken out),3-4 years,Medium-High,"yfinance, screener.in",100,287,,2026-06-27,2026-06-01,26,0.0,3,1.0
BCLIND,BCL Industries Limited,Consumer Defensive,Beverages - Wineries & Distilleries,1097.0,Small-Cap,MonthlyDoubleBottom,Forming,1.0,40,Sep 40mo | Mid rally 223% | Asymmetry 7%,,Sideways-Above-MA,True,False,Constructive,False,Stage2,15,Uptrend,Uptrend,37.79,85.38,25.53,32.12,236.99,297.02,372.26,297.02,686.0,180.4,9.53,,1.2,0.38,6.01,70.0,-19.59,,0,none,13.4,13.9,-1.49,9.0,0.63,4.12,7.82,-0.82,15.37,14.37,22.33,25.33,24.57,-8.6,0.15,highly inconsistent earnings,0.6,,2.01,,166.15,15.15,58.23,0.2,,0.43,0.06,0.0,-0.02,49.3,25.53,23.3,48.0,-8.9,-36.55,2.8,0.59,6,22.0,22.5,13.0,1.0,58.5,WATCH ⭐⭐,Expected ~180% CAGR (2yr) | Revenue CAGR 15% | Profit CAGR 25% | Promoter 58% holding | FCF yield 15.2% | Piotroski F=6 (above average quality),Pattern still forming (not broken out),3-4 years,Medium-High,"yfinance, screener.in",100,64,,2026-06-27,2026-06-01,26,11.8,3,6.0
CARYSIL,Carysil Limited,Consumer Cyclical,"Furnishings, Fixtures & Appliances",3411.0,Small-Cap,MonthlyStage2,Stage Change,1.0,24,10-EMA=945 | 30-EMA=836 | Above by 41.1% | MA turning=Yes,MonthlyCupHandle+MonthlyDoubleBottom+MonthlyStage2,Uptrend,True,True,Tight-Above-MAs,True,Stage2,3,Uptrend,Uptrend,1178.9,835.67,513.87,1002.07,1947.78,2398.89,2954.47,2398.89,103.5,42.6,34.72,24.34,5.61,1.5,20.57,20.0,0.0,1270.5,2,none,17.4,17.8,-1.63,19.0,-0.83,10.63,8.48,13.24,15.87,24.41,54.69,23.16,20.48,48.6,0.15,highly inconsistent earnings,0.46,,1.44,,-36.46,-1.07,41.34,0.0,,1.59,0.04,11.74,0.39,1247.9,732.1,5.5,61.0,37.93,55.33,0.88,0.56,3,13.0,28.5,7.0,10.0,58.5,WATCH ⭐⭐,Expected ~43% CAGR (2yr) | Revenue CAGR 16% | Profit CAGR 23% | Margin compressing ↓ ⚠️ | PEG 1.50 — fair value | EV/EBITDA 21× vs sector 25×,Margin compression ↓,3-4 years,Medium-High,"yfinance, screener.in",100,66,,2026-06-27,2026-06-01,26,28.2,3,8.0
PGHL,Procter & Gamble Health Limited,Healthcare,Drug Manufacturers - Specialty & Generic,10365.0,Mid-Cap,MonthlyStage2,Stage Change,0.318,24,10-EMA=5273 | 30-EMA=5097 | Above by 4.8% | MA turning=Yes,MonthlyDoubleBottom+MonthlyStage2,Sideways,False,False,Below-MAs,True,Stage2,5,Uptrend,Uptrend,5340.5,5097.17,4739.86,4539.43,13654.32,21109.58,32635.41,21109.58,295.3,98.8,31.75,22.37,19.76,0.58,22.31,248.0,18.98,7535.0,1,none,61.59,,,34.94,,23.22,33.1,19.1,,,54.6,,,54.6,0.5,insufficient history,0.02,,2.18,,292.48,2.82,51.82,0.0,,6.2,-0.77,13.67,-0.17,6739.0,4707.0,20.8,13.5,1.93,-9.25,0.6,0.24,5,36.0,11.32,8.0,3.0,58.3,WATCH ⭐⭐,Expected ~99% CAGR (2yr) | Revenue CAGR 19% | Profit CAGR 55% | ROE 62% | Nearly debt-free | Promoter 52% holding,None identified,3-4 years,Medium-High,"yfinance, screener.in",70,287,,2026-06-27,2026-06-01,26,0.0,3,0.0
WEALTH,Wealth First Portfolio Managers Limited,Financial Services,Capital Markets,1035.0,Small-Cap,MonthlyDoubleBottom,Forming,0.757,9,Sep 9mo | Mid rally 78% | Asymmetry 2%,MonthlyDoubleBottom+MonthlyStage2,Sideways,False,False,Below-MAs,True,Stage2,12,Uptrend,Uptrend,902.1,1388.83,771.33,766.78,1016.47,2006.33,1977.8,1417.88,122.4,49.1,26.74,,6.88,0.68,,165.0,10.06,,0,none,27.7,34.6,-0.91,72.0,0.49,54.41,24.22,13.33,32.85,22.16,11.76,39.49,23.93,,0.15,highly inconsistent earnings,,,5.79,,,,74.04,0.0,,0.04,,0.11,0.01,1387.95,774.95,35.0,16.4,-18.77,146.88,0.12,-0.25,5,37.0,15.08,6.0,0.0,58.1,WATCH ⭐⭐,Expected ~49% CAGR (2yr) | Revenue CAGR 33% | Profit CAGR 39% | ROE 28% | ROCE 35% | Promoter 74% holding,Pattern still forming (not broken out),3-4 years,Medium-High,"yfinance, screener.in",80,111,,2026-06-27,2026-06-01,26,0.0,3,2.0
RAMCOSYS,Ramco Systems Limited,Technology,Software - Application,2094.0,Small-Cap,MonthlyDoubleBottom,Forming,1.0,22,Sep 22mo | Mid rally 109% | Asymmetry 9%,,Sideways,False,False,Below-MAs,True,Downtrend,0,Uptrend,Uptrend,394.35,572.4,262.65,335.2,358.13,882.15,654.53,484.15,123.7,49.6,50.02,25.44,5.95,1.42,14.93,0.0,,600.0,1,none,18.0,19.3,0.49,23.0,0.34,5.97,5.13,18.61,12.53,2.29,223.53,35.19,30.73,371.8,0.2,multiple loss years in history,0.12,,1.02,,56.51,2.7,55.69,2.66,,10.02,0.07,2.03,-3.75,682.35,342.1,42.2,15.3,4.31,31.78,0.23,0.65,6,31.0,18.0,7.0,2.0,58.0,WATCH ⭐⭐,Expected ~50% CAGR (2yr) | Profit CAGR 35% | ROCE trend rising ↑ | Low D/E 0.12 | Promoter 56% holding | Promoters buying ↑,High PE 50 | Pattern still forming (not broken out),3-4 years,Medium-High,"yfinance, screener.in",100,286,,2026-06-27,2026-06-01,26,0.0,3,-2.0
APARINDS,APAR Industries Limited,Industrials,Electrical Equipment & Parts,65404.0,Large-Cap,MonthlyDoubleBottom,Forming,0.535,45,Sep 45mo | Mid rally 63% | Asymmetry 10%,,Uptrend,True,True,Tight-Above-MAs,True,Stage2,4,Uptrend,Uptrend,15221.0,837.93,488.3,12937.85,8529.46,11317.49,11331.27,9831.06,,,67.11,44.58,12.13,4.4,34.96,31.0,50.37,13547.14,7,none,20.2,31.1,1.6,8.0,0.43,4.27,8.58,23.25,16.9,29.09,19.0,15.26,43.6,1.4,0.15,highly inconsistent earnings,0.18,,1.45,,-593.28,-0.91,57.77,0.0,,9.38,0.03,24.15,0.95,16686.0,6801.0,8.8,123.8,76.51,292.22,1.0,0.04,5,26.0,22.92,-1.0,10.0,57.9,WATCH ⭐⭐,Revenue CAGR 17% | ROE 20% | ROCE 31% | ROCE trend rising ↑ | Low D/E 0.18 | Promoter 58% holding,High PE 67 | Pattern still forming (not broken out),3-4 years,Medium-High,"yfinance, screener.in",100,264,,2026-06-27,2026-06-01,26,23.5,3,1.0
DPABHUSHAN,D. P. Abhushan Limited,Consumer Cyclical,Luxury Goods,2096.0,Small-Cap,MonthlyDoubleBottom,Forming,0.47,7,Sep 7mo | Mid rally 55% | Asymmetry 8%,,Downtrend,False,False,Below-MAs,False,Stage2,3,Uptrend,Uptrend,897.4,1927.0,1189.25,1129.79,11055.99,22454.72,45605.54,22454.72,2402.2,400.2,9.89,,3.31,0.1,7.79,0.0,0.0,,0,none,34.5,24.4,2.0,4.0,0.0,5.21,18.54,42.22,,,51.85,,,101.2,1.0,steady compounder (low CV),0.48,,2.14,,-154.9,-7.39,74.89,0.01,,0.32,0.1,0.0,0.0,1729.6,866.1,48.1,3.6,-41.38,229.58,0.31,-0.5,4,36.0,8.64,13.0,0.0,57.6,WATCH ⭐⭐,Expected ~400% CAGR (2yr) | Revenue CAGR 86% | Profit CAGR 103% | ROE 34% | ROCE 24% | ROCE trend rising ↑,Pattern still forming (not broken out),3-4 years,Medium-High,"yfinance, screener.in",80,105,,2026-06-27,2026-06-01,26,0.9,3,1.0
AEROFLEX,Aeroflex Industries Limited,Industrials,Metal Fabrication,6712.0,Small-Cap,MonthlyStage2,Stage Change,1.0,24,10-EMA=289 | 30-EMA=221 | Above by 102.5% | MA turning=Yes,MonthlyDoubleBottom+MonthlyStage2,Uptrend,True,False,Uptrend,True,Stage2,4,Uptrend,Uptrend,448.1,221.3,156.39,380.88,166.81,286.21,252.9,205.4,,,119.07,55.74,14.71,5.15,65.34,6.0,20.0,410.0,1,none,14.1,18.8,-1.14,23.0,1.09,12.56,9.29,17.55,18.0,25.14,5.66,23.13,56.32,57.0,0.15,highly inconsistent earnings,0.02,,2.92,,-13.92,-0.21,65.47,-1.52,,1.49,0.5,3.8,0.25,518.85,158.0,13.6,183.6,142.02,,0.48,0.84,5,22.0,26.5,-1.0,10.0,57.5,WATCH ⭐⭐,Revenue CAGR 18% | Profit CAGR 23% | Nearly debt-free | Promoter 65% holding | Piotroski F=5 (above average quality) | Dividend growing 20%/yr,High PE 119,3-4 years,Medium-High,"yfinance, screener.in",100,35,,2026-06-27,2026-06-01,26,17.4,3,-1.5
ANANTRAJ,Anant Raj Limited,Real Estate,Real Estate - Development,18721.0,Mid-Cap,MonthlyDoubleBottom,Forming,1.0,33,Sep 33mo | Mid rally 367% | Asymmetry 4%,MonthlyDoubleBottom+MonthlyStage2,Sideways,False,False,Below-MAs,True,Stage2,3,Uptrend,Uptrend,534.75,61.14,12.85,454.54,908.04,1132.23,2187.21,1409.28,111.7,45.5,32.9,18.22,3.15,0.6,27.52,14.0,82.55,716.67,3,none,11.2,12.1,2.43,26.0,2.46,22.09,6.27,21.94,37.94,58.64,30.75,55.2,128.2,23.3,0.15,highly inconsistent earnings,0.12,,9.76,,-281.85,-1.51,57.41,0.0,,10.88,-0.26,4.83,-0.37,743.65,403.0,28.1,32.7,-0.55,146.3,0.74,0.37,5,30.0,19.5,8.0,0.0,57.5,WATCH ⭐⭐,Expected ~46% CAGR (2yr) | Revenue CAGR 38% | Profit CAGR 55% | ROCE trend rising ↑ | Low D/E 0.12 | Promoter 57% holding,Pattern still forming (not broken out),3-4 years,Medium-High,"yfinance, screener.in",100,238,,2026-06-27,2026-06-01,26,10.8,3,-1.0
J&KBANK,Jammu and Kashmir Bank Limited,Financial Services,Banks - Regional,18011.0,Mid-Cap,MonthlyDoubleBottom,Forming,1.0,14,Sep 14mo | Mid rally 109% | Asymmetry 6%,MonthlyCupHandle+MonthlyDoubleBottom,Uptrend,True,False,Uptrend,True,Stage2,12,Uptrend,Uptrend,133.32,46.14,21.49,113.32,475.26,598.63,754.04,598.63,349.0,111.9,7.63,7.02,1.09,0.29,,131.0,64.5,198.0,1,none,15.4,5.84,,23.3,,34.68,1.32,4.86,12.02,10.15,13.35,25.96,40.7,,0.15,highly inconsistent earnings,,,,,,,59.4,0.0,,8.35,0.21,6.0,0.16,167.15,97.35,20.2,36.9,25.18,107.4,0.79,0.48,2,15.0,25.5,9.0,8.0,57.5,WATCH ⭐⭐,Expected ~112% CAGR (2yr) | Profit CAGR 26% | Promoter 59% holding | Dividend growing 64%/yr | PEG 0.29 — deeply undervalued | MonthlyDoubleBottom forming (14mo base),Pattern still forming (not broken out),3-4 years,Medium-High,"yfinance, screener.in",80,286,,2026-06-27,2026-06-01,26,0.0,3,-1.0
REMSONSIND,Remsons Industries Limited,Consumer Cyclical,Auto Parts,300.0,Micro-Cap,MonthlyDoubleBottom,Forming,1.0,15,Sep 15mo | Mid rally 598% | Asymmetry 8%,,Downtrend,False,False,Below-MAs,False,Stage2,3,Uptrend,Uptrend,99.14,25.13,3.46,84.27,446.65,616.16,849.99,616.16,521.5,149.3,16.53,,2.0,0.44,6.96,58.0,-12.64,,0,none,13.5,15.5,0.5,11.0,1.31,3.81,6.88,24.4,14.43,15.72,23.53,37.95,39.33,14.7,0.75,consistent growth,0.63,,1.31,,20.8,6.93,65.53,-0.71,,2.33,-1.06,1.22,0.09,157.0,77.15,36.9,28.5,-20.04,93.36,0.44,,6,30.0,15.5,12.0,0.0,57.5,WATCH ⭐⭐,Expected ~149% CAGR (2yr) | Profit CAGR 38% | ROCE trend rising ↑ | Promoter 66% holding | FCF yield 6.9% | EPS: consistent growth,Pattern still forming (not broken out),3-4 years,Medium-High,"yfinance, screener.in",100,287,,2026-06-27,2026-06-01,26,0.0,3,-1.0
TAJGVK,TAJGVK Hotels & Resorts Limited,Consumer Cyclical,Lodging,2122.0,Small-Cap,MonthlyDoubleBottom,Forming,1.0,42,Sep 42mo | Mid rally 115% | Asymmetry 0%,,Sideways,False,False,Below-MAs,True,Stage2,3,Uptrend,Uptrend,308.65,126.81,58.83,262.35,5860.49,9609.44,15756.6,9609.44,3013.4,458.0,5.18,116.71,3.07,0.08,16.14,59.0,60.0,,0,none,18.4,13.2,3.4,30.0,5.29,80.69,6.59,12.89,9.78,40.14,250.43,63.97,71.05,818.6,0.15,highly inconsistent earnings,0.09,,1.26,,-64.46,-3.04,71.0,0.0,,0.32,-0.6,4.02,-0.01,512.65,281.35,39.8,9.7,-16.29,10.1,0.19,0.24,4,26.0,19.5,12.0,0.0,57.5,WATCH ⭐⭐,Expected ~458% CAGR (2yr) | Profit CAGR 64% | ROCE trend rising ↑ | Nearly debt-free | Promoter 71% holding | OPM 30%,Pattern still forming (not broken out),3-4 years,Medium-High,"yfinance, screener.in",100,286,,2026-06-27,2026-06-01,26,0.0,3,0.0
BAJAJCON,Bajaj Consumer Care Limited,Consumer Defensive,Household & Personal Products,8167.0,Mid-Cap,MonthlyDoubleBottom,Forming,0.911,24,Sep 24mo | Mid rally 95% | Asymmetry 4%,,Uptrend,True,False,Uptrend,True,Stage2,15,Uptrend,Uptrend,591.65,288.95,145.42,502.9,603.37,615.32,743.15,669.62,4.0,2.0,44.06,30.32,11.09,4.01,36.13,0.0,-33.06,533.88,8,none,25.3,30.6,-1.54,19.0,-1.57,16.33,13.92,20.73,6.63,4.79,52.0,10.98,-3.15,105.3,0.15,highly inconsistent earnings,0.02,,3.49,,136.45,1.67,42.97,0.0,,16.59,6.89,14.27,-1.48,632.6,168.27,6.5,251.6,169.72,164.05,0.28,0.88,4,22.0,25.43,0.0,10.0,57.4,WATCH ⭐⭐,Expected ~2% CAGR (2yr) | ROE 25% | ROCE 31% | Nearly debt-free | Margin compressing ↓ ⚠️ | FII buying +6.9% ↑,Margin compression ↓ | Pattern still forming (not broken out),3-4 years,Medium-High,"yfinance, screener.in",100,191,,2026-06-27,2026-06-01,26,12.3,3,-5.0
MBAPL,Madhya Bharat Agro Products Limited,Basic Materials,Agricultural Inputs,4933.0,Small-Cap,MonthlyDoubleBottom,Forming,0.328,17,Sep 17mo | Mid rally 39% | Asymmetry 6%,,Uptrend,True,False,Uptrend,True,Stage2,1,Uptrend,Uptrend,530.85,342.81,239.72,451.22,1458.86,6103.86,25538.53,6103.86,1049.8,239.1,32.89,,8.97,0.1,24.34,9.0,25.99,,0,none,31.5,,,9.2,,8.02,9.61,35.2,,,318.4,,,319.3,0.5,insufficient history,1.57,,1.44,,-595.6,-12.07,74.76,0.0,,0.46,0.27,,,585.0,373.15,9.3,42.3,35.3,57.21,0.62,-0.06,2,23.0,17.44,7.0,10.0,57.4,WATCH ⭐⭐,Expected ~239% CAGR (2yr) | Revenue CAGR 35% | Profit CAGR 318% | ROE 32% | Promoter 75% holding | Dividend growing 26%/yr,High D/E 1.6 | Pattern still forming (not broken out),3-4 years,Medium-High,"yfinance, screener.in",70,117,,2026-06-27,2026-06-01,26,0.0,3,2.0
ECLERX,eClerx Services Limited,Technology,Information Technology Services,13221.0,Mid-Cap,MonthlyDoubleBottom,Forming,0.785,10,Sep 10mo | Mid rally 81% | Asymmetry 3%,,Downtrend,False,False,Below-MAs,False,Downtrend,0,Uptrend,Uptrend,1396.0,1938.02,1056.37,1186.6,2609.99,2819.67,3333.87,2949.81,102.0,42.1,19.05,14.41,5.12,1.46,11.86,4.0,14.47,1859.4,10,none,29.0,34.8,0.94,26.0,-1.03,17.15,16.0,22.31,15.85,21.36,30.5,13.02,20.06,24.4,0.4,lumpy earner,0.15,,3.4,,488.99,3.7,54.53,0.72,,11.82,0.43,23.95,-1.36,2497.5,1321.0,44.1,5.7,-21.24,43.0,0.43,0.37,6,35.0,11.42,11.0,0.0,57.4,WATCH ⭐⭐,Expected ~42% CAGR (2yr) | Revenue CAGR 16% | ROE 29% | ROCE 35% | ROCE trend rising ↑ | Low D/E 0.15,Margin compression ↓ | Pattern still forming (not broken out),3-4 years,Medium-High,"yfinance, screener.in",100,223,,2026-06-27,2026-06-01,26,-10.2,3,3.0
HAL,Hindustan Aeronautics Limited,Industrials,Aerospace & Defense,294803.0,Large-Cap,MonthlyCupHandle,Forming,0.946,22,Cup 22mo | Depth 19% | Prior gain 132% | R²=0.97,MonthlyCupHandle+MonthlyStage2,Uptrend,True,False,Below-MAs,False,Stage2,4,Uptrend,Uptrend,4192.3,5084.06,4137.25,3930.39,4968.3,6030.87,6694.56,5767.2,43.9,19.9,32.36,26.41,7.18,2.01,30.58,113.0,25.99,5157.46,24,buy,24.0,32.0,1.43,30.0,1.97,27.55,3.55,6.8,7.11,7.66,8.99,16.08,22.94,5.5,0.4,lumpy earner,0.0,,2.61,,-14431.69,-4.9,71.64,0.0,,10.21,-0.65,10.43,0.75,5065.0,3479.1,17.2,20.5,-1.83,99.09,0.31,0.49,5,31.0,23.35,1.0,2.0,57.4,WATCH ⭐⭐,Expected ~20% CAGR (2yr) | ROE 24% | ROCE 32% | ROCE trend rising ↑ | Nearly debt-free | Promoter 72% holding,Earnings due 2026-08-11 | Pattern still forming (not broken out),3-4 years,Medium-High,"yfinance, screener.in",100,99,2026-08-11,2026-06-27,2026-06-01,26,-3.3,3,4.1
KALYANKJIL,Kalyan Jewellers India Limited,Consumer Cyclical,Luxury Goods,39606.0,Large-Cap,MonthlyDoubleBottom,Forming,1.0,23,Sep 23mo | Mid rally 138% | Asymmetry 8%,,Downtrend,False,False,Below-MAs,False,Stage2,3,Uptrend,Uptrend,344.15,793.08,320.29,304.28,993.99,1453.22,2124.61,1453.22,322.3,105.5,29.41,20.46,6.27,0.64,19.85,39.0,25.0,664.44,0,none,24.8,20.5,2.46,7.0,-0.2,3.78,7.21,42.72,36.44,33.05,89.08,46.2,56.89,118.3,0.4,lumpy earner,0.97,,1.3,,-515.68,-1.3,62.86,0.11,,14.55,0.44,14.13,-1.1,617.7,327.05,44.3,5.2,-30.19,113.22,1.57,-0.04,4,32.0,16.0,9.0,0.0,57.0,WATCH ⭐⭐,Expected ~106% CAGR (2yr) | Revenue CAGR 36% | Profit CAGR 46% | ROE 25% | ROCE 20% | ROCE trend rising ↑,Pattern still forming (not broken out),3-4 years,Medium-High,"yfinance, screener.in",100,63,,2026-06-27,2026-06-01,26,0.0,3,0.0
ABSLAMC,ADIT BIRL SUN LIF AMC LTD,Financial Services,Asset Management,34143.0,Large-Cap,None,,0.0,0,,,Uptrend,True,False,Uptrend,True,Stage2,12,Uptrend,Uptrend,1101.2,,,936.02,798.84,1014.9,1109.1,941.27,,,35.08,26.53,8.43,1.97,25.79,203.0,60.09,1125.36,14,none,25.2,32.2,-2.57,60.0,-0.14,47.34,18.66,-6.91,11.0,8.95,4.73,17.83,13.14,-18.0,0.15,highly inconsistent earnings,0.02,,1.2,,882.22,2.58,74.82,0.0,,5.75,-0.3,11.55,0.76,1189.0,708.0,7.4,55.5,36.47,165.65,,0.34,4,32.0,13.0,2.0,10.0,57.0,WATCH ⭐⭐,ROE 25% | ROCE 32% | Nearly debt-free | Promoter 75% holding | OPM 60% | DII buying +0.8% ↑,None identified,3-4 years,Medium-High,"yfinance, screener.in",100,57,,2026-06-27,2026-06-01,26,6.2,3,2.0
GUFICBIO,Gufic Biosciences Limited,Healthcare,Drug Manufacturers - Specialty & Generic,3563.0,Small-Cap,MonthlyDoubleBottom,Breakout Ready,1.0,18,Sep 18mo | Mid rally 156% | Asymmetry 6%,MonthlyDoubleBottom+MonthlyStage2,Uptrend,True,True,Constructive,True,Stage2,5,Uptrend,Uptrend,371.25,163.33,61.79,315.56,992.5,2809.78,7954.49,2809.78,656.8,175.1,55.59,,5.37,0.3,25.75,3.0,0.0,,0,none,10.1,12.3,-1.0,16.0,-1.5,6.8,6.0,15.12,,,-8.57,,,183.6,0.4,lumpy earner,0.61,,1.55,,-33.97,-0.95,72.5,0.0,,0.42,-0.02,3.83,0.09,407.85,268.0,9.0,38.5,-1.86,25.02,2.11,-0.02,4,20.0,27.0,8.0,2.0,57.0,WATCH ⭐⭐,Expected ~175% CAGR (2yr) | Revenue CAGR 23% | Profit CAGR 183% | Promoter 72% holding | Margin compressing ↓ ⚠️ | PEG 0.30 — deeply undervalued,High PE 56 | Margin compression ↓,3-4 years,Medium-High,"yfinance, screener.in",80,261,,2026-06-27,2026-06-15,12,0.0,1,3.0
KINGFA,Kingfa Science & Technology (India) Limited,Basic Materials,Specialty Chemicals,6992.0,Small-Cap,MonthlyDoubleBottom,Forming,0.482,10,Sep 10mo | Mid rally 51% | Asymmetry 3%,,Uptrend,True,False,Tight-Above-MAs,True,Stage2,1,Uptrend,Uptrend,5225.4,812.66,529.48,4441.59,3974.08,5015.29,6329.3,5015.29,,,35.84,,5.0,1.37,23.93,,100.0,,0,none,17.41,,,14.75,,9.28,10.61,23.2,,,26.2,,,41.2,0.5,insufficient history,0.01,,4.06,,-101.63,-1.45,67.02,0.0,,7.76,0.02,8.85,0.1,5699.4,3023.9,8.3,72.8,59.17,132.74,0.74,0.62,4,25.0,20.78,3.0,8.0,56.8,WATCH ⭐⭐,Revenue CAGR 23% | Profit CAGR 26% | Nearly debt-free | Promoter 67% holding | Dividend growing 100%/yr | PEG 1.37 — fair value,Pattern still forming (not broken out),3-4 years,Medium-High,"yfinance, screener.in",70,197,,2026-06-27,2026-06-01,26,0.0,3,11.0
NAVINFLUOR,Navin Fluorine International Limited,Basic Materials,Chemicals,38431.0,Large-Cap,MonthlyDoubleBottom,Forming,0.472,19,Sep 19mo | Mid rally 47% | Asymmetry 0%,,Uptrend,True,True,Tight-Above-MAs,True,Stage2,1,Uptrend,Uptrend,7075.5,4902.73,3318.97,6014.18,3217.24,6486.49,4708.81,3892.22,,,57.47,39.79,9.66,2.74,35.46,20.0,-16.93,7316.0,28,buy,20.3,21.4,-1.0,33.0,0.71,20.02,10.4,41.08,16.85,22.96,129.76,20.98,20.81,123.9,0.15,highly inconsistent earnings,0.32,,2.61,,56.74,0.15,27.1,-0.01,,23.78,0.04,27.61,-0.48,7573.0,4498.5,6.6,57.3,54.88,35.96,0.6,0.26,6,25.0,21.66,0.0,10.0,56.7,WATCH ⭐⭐,Revenue CAGR 17% | Profit CAGR 21% | ROE 20% | ROCE 21% | OPM 33% | Piotroski F=6 (above average quality),High PE 57 | Earnings due 2026-07-30 | Pattern still forming (not broken out),3-4 years,Medium-High,"yfinance, screener.in",100,228,2026-07-30,2026-06-27,2026-06-01,26,0.0,3,2.0
CCL,CCL Products (India) Limited,Consumer Defensive,Packaged Foods,15163.0,Mid-Cap,MonthlyDoubleBottom,Breakout Ready,0.645,9,Sep 9mo | Mid rally 66% | Asymmetry 1%,,Uptrend,True,True,Tight-Above-MAs,True,Stage2,15,Uptrend,Uptrend,1129.3,226.87,136.34,959.9,1298.33,1376.3,1598.51,1440.62,21.9,10.4,39.07,24.18,6.46,3.56,21.92,68.0,-20.63,1279.82,11,buy,18.0,15.8,-0.51,16.0,-1.63,8.69,8.6,43.5,29.11,29.12,25.16,10.96,16.35,12.4,0.15,highly inconsistent earnings,0.56,,1.49,,562.47,3.71,46.11,0.0,,11.24,0.23,21.43,-0.1,1236.2,779.95,8.6,44.8,38.17,67.6,1.76,-0.06,4,19.0,25.74,4.0,8.0,56.7,WATCH ⭐⭐,Expected ~10% CAGR (2yr) | Revenue CAGR 29% | Margin compressing ↓ ⚠️ | FCF yield 3.7% | EV/EBITDA 22× vs sector 30× | MonthlyDoubleBottom — Breakout Ready,Margin compression ↓,3-4 years,Medium-High,"yfinance, screener.in",100,265,,2026-06-27,2026-06-01,26,3.7,3,8.0
ARIES,Aries Agro Limited,Basic Materials,Agricultural Inputs,427.0,Micro-Cap,MonthlyDoubleBottom,Forming,1.0,38,Sep 38mo | Mid rally 244% | Asymmetry 6%,,Downtrend,False,False,Below-MAs,False,Stage2,1,Uptrend,Uptrend,336.35,269.12,76.07,285.9,1006.2,1388.05,1914.81,1388.05,312.7,103.1,9.96,,1.28,0.26,5.75,37.0,14.47,,0,none,13.7,21.2,1.46,12.0,-0.4,5.79,6.69,21.06,16.85,14.6,27.27,37.95,21.29,,0.15,highly inconsistent earnings,0.17,,1.69,,-7.01,-1.64,52.66,0.0,,3.25,0.34,0.0,0.0,459.9,285.35,26.9,17.9,-9.05,78.04,0.16,-0.07,5,27.0,16.5,13.0,0.0,56.5,WATCH ⭐⭐,Expected ~103% CAGR (2yr) | Revenue CAGR 17% | Profit CAGR 38% | ROCE 21% | ROCE trend rising ↑ | Low D/E 0.17,Pattern still forming (not broken out),3-4 years,Medium-High,"yfinance, screener.in",100,222,,2026-06-27,2026-06-01,26,-5.6,3,-2.0
JKIL,J. Kumar Infraprojects Limited,Industrials,Engineering & Construction,3785.0,Small-Cap,MonthlyDoubleBottom,Forming,1.0,30,Sep 30mo | Mid rally 260% | Asymmetry 2%,,Sideways,False,False,Below-MAs,True,Stage2,4,Uptrend,Uptrend,482.75,348.95,96.02,410.34,1721.56,1447.91,2167.25,1931.59,199.9,73.2,9.78,7.15,1.12,0.8,4.48,80.0,10.06,722.4,5,strong_buy,12.4,18.4,1.7,14.0,-0.37,6.75,6.61,0.53,10.84,30.57,-1.02,12.2,32.16,-4.0,0.15,highly inconsistent earnings,0.18,,1.62,,454.64,12.01,46.64,0.0,,12.55,-0.18,15.16,-0.1,758.4,425.0,36.3,13.6,-24.98,41.06,0.34,0.23,6,22.0,19.5,15.0,0.0,56.5,WATCH ⭐⭐,Expected ~73% CAGR (2yr) | ROCE trend rising ↑ | Low D/E 0.18 | FCF yield 12.0% | Piotroski F=6 (above average quality) | Dividend growing 10%/yr,Pattern still forming (not broken out),3-4 years,Medium-High,"yfinance, screener.in",100,220,,2026-06-27,2026-06-01,26,0.0,3,0.0
PARAGMILK,Parag Milk Foods Limited,Consumer Defensive,Packaged Foods,2905.0,Small-Cap,MonthlyDoubleBottom,Forming,1.0,26,Sep 26mo | Mid rally 106% | Asymmetry 6%,MonthlyDoubleBottom+MonthlyStage2,Sideways,False,False,Below-MAs,True,Stage2,15,Uptrend,Uptrend,214.03,376.95,177.84,181.93,716.32,978.28,1336.04,978.28,357.1,113.8,21.74,14.44,2.27,0.59,11.15,44.0,30.0,275.0,2,none,12.3,13.5,5.6,7.0,2.46,3.54,6.94,11.25,9.69,15.69,13.45,36.57,7.51,23.0,0.4,lumpy earner,0.48,,1.71,,130.83,4.5,40.65,0.0,,8.77,-0.49,5.25,-0.91,376.95,177.84,43.2,20.3,4.54,23.76,0.34,0.51,6,26.0,19.5,10.0,1.0,56.5,WATCH ⭐⭐,Expected ~114% CAGR (2yr) | Profit CAGR 37% | ROCE trend rising ↑ | FCF yield 4.5% | Piotroski F=6 (above average quality) | Dividend growing 30%/yr,Pattern still forming (not broken out),3-4 years,Medium-High,"yfinance, screener.in",100,121,,2026-06-27,2026-06-01,26,0.0,3,0.0
ELECON,Elecon Engineering Company Limited,Industrials,Specialty Industrial Machinery,12096.0,Mid-Cap,MonthlyDoubleBottom,Forming,1.0,17,Sep 17mo | Mid rally 125% | Asymmetry 0%,MonthlyDoubleBottom+MonthlyStage2,Uptrend,True,False,Tight-Above-MAs,True,Stage2,4,Uptrend,Uptrend,536.85,45.39,20.17,456.32,535.38,603.58,680.48,603.58,12.4,6.0,35.46,22.0,5.2,2.78,21.88,37.0,0.0,525.5,2,strong_buy,16.4,20.9,2.54,22.0,0.97,14.42,8.78,6.24,15.64,17.78,-17.83,12.74,42.52,-95.9,0.15,highly inconsistent earnings,0.12,,2.94,,161.23,1.33,59.28,0.0,,7.13,-0.96,5.67,1.19,683.0,352.0,21.4,52.5,-1.15,23.11,0.48,0.49,7,28.0,27.5,0.0,1.0,56.5,WATCH ⭐⭐,Expected ~6% CAGR (2yr) | Revenue CAGR 16% | ROCE 21% | ROCE trend rising ↑ | Low D/E 0.12 | Promoter 59% holding,Pattern still forming (not broken out),3-4 years,Medium-High,"yfinance, screener.in",100,238,,2026-06-27,2026-06-01,26,10.7,3,6.0
SBIN,State Bank of India,Financial Services,Banks - Regional,955461.0,Large-Cap,MonthlyDoubleBottom,Forming,1.0,24,Sep 24mo | Mid rally 179% | Asymmetry 8%,,Uptrend,True,False,Tight-Above-MAs,True,Stage2,12,Uptrend,Uptrend,1025.55,190.51,65.77,871.72,2234.31,2013.08,2928.72,2558.06,96.3,40.1,11.35,10.13,1.61,0.78,,168.0,15.36,1195.61,38,strong_buy,15.4,6.13,,28.96,,22.11,1.11,5.02,13.64,13.11,7.63,14.49,29.4,0.2,0.4,lumpy earner,,,,,,,55.52,0.02,,11.41,1.07,26.11,-0.93,1234.7,786.55,16.9,30.4,35.69,55.01,0.73,0.37,2,13.0,28.5,8.0,7.0,56.5,WATCH ⭐⭐,Expected ~40% CAGR (2yr) | Promoter 56% holding | OPM 29% | FII buying +1.1% ↑ | Dividend growing 15%/yr | PEG 0.78 — undervalued,Earnings due 2026-08-06 | Pattern still forming (not broken out),3-4 years,Medium-High,"yfinance, screener.in",80,366,2026-08-06,2026-06-27,2026-06-01,26,8.1,3,12.0
HARIOMPIPE,Hariom Pipe Industries Limited,Basic Materials,Steel,1286.0,Small-Cap,MonthlyDoubleBottom,Forming,0.698,8,Sep 8mo | Mid rally 75% | Asymmetry 5%,,Sideways-Above-MA,True,False,Constructive,True,Stage2,1,Uptrend,Uptrend,408.2,571.56,319.99,346.97,906.92,1583.49,2764.77,1583.49,287.9,97.0,16.97,,1.99,0.23,8.07,15.0,1.67,,0,none,12.4,15.7,2.0,13.0,1.5,4.54,7.46,3.93,,,22.58,,,74.6,0.75,consistent growth,0.62,,1.68,,-33.97,-2.64,57.27,0.0,,9.5,0.27,0.06,0.01,572.2,268.05,28.7,52.3,-4.71,-48.99,0.68,0.7,6,28.0,17.38,11.0,0.0,56.4,WATCH ⭐⭐,Expected ~97% CAGR (2yr) | Revenue CAGR 27% | Profit CAGR 75% | ROCE trend rising ↑ | Promoter 57% holding | EPS: consistent growth,Pattern still forming (not broken out),3-4 years,Medium-High,"yfinance, screener.in",80,51,,2026-06-27,2026-06-01,26,30.5,3,0.0
TRENT,Trent Limited,Consumer Cyclical,Apparel Retail,170944.0,Large-Cap,MonthlyDoubleBottom,Forming,0.852,10,Sep 10mo | Mid rally 92% | Asymmetry 7%,,Sideways,False,False,Below-MAs,True,Stage2,3,Uptrend,Uptrend,4069.6,8337.78,4192.37,3982.75,4031.64,12483.19,10773.52,6590.52,206.7,75.1,99.01,63.88,24.47,1.56,62.44,12.0,39.71,3145.77,25,buy,27.7,28.3,6.26,19.0,2.46,8.57,13.71,17.15,34.54,50.58,12.19,63.47,74.62,25.8,0.15,highly inconsistent earnings,0.36,,1.26,,997.66,0.58,37.01,0.0,,15.59,-0.03,22.19,0.82,6261.0,2183.67,35.0,86.4,-26.77,108.33,0.38,0.35,6,39.0,16.22,1.0,0.0,56.2,WATCH ⭐⭐,Expected ~75% CAGR (2yr) | Revenue CAGR 35% | Profit CAGR 63% | ROE 28% | ROCE 28% | ROCE trend rising ↑,High PE 99 | Earnings due 2026-04-22 | Pattern still forming (not broken out),3-4 years,Medium-High,"yfinance, screener.in",100,287,2026-04-22,2026-06-27,2026-06-01,26,0.0,3,-4.0
SWARAJENG,Swaraj Engines Limited,Consumer Cyclical,Auto Parts,4772.0,Small-Cap,MonthlyDoubleBottom,Forming,0.479,13,Sep 13mo | Mid rally 53% | Asymmetry 6%,,Uptrend,True,False,Below-MAs,True,Stage2,3,Uptrend,Uptrend,3711.9,1662.58,1054.07,3155.11,8253.99,9913.05,11905.57,9913.05,167.1,63.4,24.33,21.77,9.76,1.21,17.02,280.0,9.31,4629.5,2,none,43.23,,,12.75,,9.78,21.51,20.2,,,20.1,,,20.1,0.5,insufficient history,0.0,,2.06,,1.77,0.04,52.11,-0.01,,2.82,-0.33,9.09,-0.65,4720.0,3301.3,21.4,12.4,4.13,69.45,0.24,0.37,5,29.0,17.25,8.0,2.0,56.2,WATCH ⭐⭐,Expected ~63% CAGR (2yr) | Revenue CAGR 20% | Profit CAGR 20% | ROE 43% | Nearly debt-free | Promoter 52% holding,Pattern still forming (not broken out),3-4 years,Medium-High,"yfinance, screener.in",70,287,,2026-06-27,2026-06-01,26,0.0,3,0.0
SAMHI,SAMHI Hotels Limited,Consumer Cyclical,Lodging,3905.0,Small-Cap,MonthlyDoubleBottom,Forming,1.0,11,Sep 11mo | Mid rally 105% | Asymmetry 5%,,Sideways,False,False,Below-MAs,True,Stage2,3,Uptrend,Uptrend,169.1,254.5,121.1,143.73,8009.29,26025.82,233205.12,43218.15,15290.8,1140.6,6.84,13.69,2.56,0.02,17.02,0.0,,237.33,6,none,24.8,8.92,3.51,35.0,13.49,40.31,4.69,10.44,19.08,48.99,559.3,,,671.1,0.2,multiple loss years in history,0.81,,0.81,,-99.3,-2.54,,,,44.28,0.14,16.39,-1.68,254.5,127.0,33.6,33.1,-20.56,,0.33,0.89,5,22.0,18.0,16.0,0.0,56.0,WATCH ⭐⭐,Expected ~1141% CAGR (2yr) | Revenue CAGR 19% | Profit CAGR 440% | ROE 25% | ROCE trend rising ↑ | OPM 35%,Pattern still forming (not broken out),3-4 years,Medium-High,"yfinance, screener.in",80,34,,2026-06-27,2026-06-01,26,17.9,3,-1.0
KRISHANA,Krishana Phoschem Limited,Basic Materials,Agricultural Inputs,4201.0,Small-Cap,None,,0.0,0,,,Uptrend,True,False,Tight-Above-MAs,True,Stage2,1,Uptrend,Uptrend,681.7,,,579.45,1598.78,4046.51,10241.71,4046.51,493.6,143.6,23.31,,7.49,0.15,16.38,7.0,25.99,,0,none,38.15,,,10.9,,7.45,12.4,59.8,,,153.1,,,152.8,0.5,insufficient history,1.31,,1.36,,-379.97,-9.04,72.94,0.68,,0.26,0.06,,,718.5,411.95,5.1,65.5,44.43,185.63,,0.02,2,26.0,15.0,7.0,8.0,56.0,WATCH ⭐⭐,Expected ~144% CAGR (2yr) | Revenue CAGR 60% | Profit CAGR 153% | ROE 38% | Promoter 73% holding | Dividend growing 26%/yr,High D/E 1.3,3-4 years,Medium-High,"yfinance, screener.in",70,112,,2026-06-27,2026-06-01,26,0.0,3,0.0
FIVESTAR,Five-Star Business Finance Limited,Financial Services,Credit Services,15333.0,Mid-Cap,MonthlyDoubleBottom,Forming,0.876,30,Sep 30mo | Mid rally 89% | Asymmetry 1%,,Sideways-Above-MA,True,False,Below-MAs,True,Stage2,12,Uptrend,Uptrend,439.15,940.49,494.39,469.67,1522.13,2296.1,7625.84,3406.98,422.9,128.7,13.95,10.6,2.07,0.11,,39.0,,629.78,9,strong_buy,16.0,17.0,,60.51,,48.52,7.27,103.48,104.25,,196.23,123.83,,-3.5,0.4,lumpy earner,1.11,,329.68,,,,18.61,0.05,,48.48,-4.47,17.58,2.84,795.0,338.15,44.8,29.9,-21.16,-59.43,0.32,0.68,3,24.0,20.01,12.0,0.0,56.0,WATCH ⭐⭐,Expected ~129% CAGR (2yr) | Revenue CAGR 104% | Profit CAGR 124% | OPM 61% | DII buying +2.8% ↑ | PEG 0.11 — deeply undervalued,High D/E 1.1 | Pattern still forming (not broken out),3-4 years,Medium-High,"yfinance, screener.in",90,44,,2026-06-27,2026-06-01,26,-3.1,3,3.0
GULFOILLUB,Gulf Oil Lubricants India Limited,Basic Materials,Specialty Chemicals,5084.0,Small-Cap,MonthlyDoubleBottom,Forming,0.335,9,Sep 9mo | Mid rally 35% | Asymmetry 1%,,Sideways-Above-MA,True,True,Constructive,True,Stage2,1,Uptrend,Uptrend,939.35,752.98,553.73,798.45,1648.96,1761.51,2148.25,1882.12,87.5,36.9,14.04,10.2,3.3,0.99,8.81,409.0,-5.65,1580.6,5,none,24.3,26.2,1.0,13.0,0.2,8.57,9.63,11.7,10.59,,-3.36,14.14,,-2.6,0.15,highly inconsistent earnings,0.36,,1.85,,232.22,4.57,67.01,-0.1,,8.91,-0.31,8.17,0.04,1331.9,865.0,29.5,8.6,-14.48,83.51,0.71,0.62,7,29.0,13.02,13.0,1.0,56.0,WATCH ⭐⭐,Expected ~37% CAGR (2yr) | ROE 24% | ROCE 26% | ROCE trend rising ↑ | Promoter 67% holding | FCF yield 4.6%,Pattern still forming (not broken out),3-4 years,Medium-High,"yfinance, screener.in",100,144,,2026-06-27,2026-06-01,26,3.7,3,4.0
FMGOETZE,Federal-Mogul Goetze (India) Limited,Consumer Cyclical,Auto Parts,2526.0,Small-Cap,MonthlyDoubleBottom,Forming,1.0,8,Sep 8mo | Mid rally 123% | Asymmetry 3%,MonthlyDoubleBottom+MonthlyStage2,Sideways-Above-MA,True,False,Below-MAs,True,Stage2,3,Uptrend,Uptrend,445.5,539.95,238.3,378.68,1578.65,1870.55,2216.41,1870.55,319.9,104.9,14.79,,1.76,0.8,5.87,0.0,58.74,,0,none,13.5,18.5,2.77,15.0,0.8,8.71,7.12,8.78,6.22,12.08,4.71,18.49,104.31,-17.3,0.15,highly inconsistent earnings,0.0,,2.98,,184.46,7.3,74.98,0.0,,0.38,-0.16,0.49,0.05,622.0,358.0,28.4,24.4,-17.9,3.84,0.27,0.07,6,26.0,20.0,10.0,0.0,56.0,WATCH ⭐⭐,Expected ~105% CAGR (2yr) | ROCE trend rising ↑ | Nearly debt-free | Promoter 75% holding | FCF yield 7.3% | Piotroski F=6 (above average quality),Pattern still forming (not broken out),3-4 years,Medium-High,"yfinance, screener.in",100,288,,2026-06-27,2026-06-01,26,-1.5,3,5.0
SPLPETRO,Supreme Petrochem Limited,Basic Materials,Specialty Chemicals,14108.0,Mid-Cap,MonthlyCupHandle,Forming,0.9,21,Cup 21mo | Depth 26% | Prior gain 33% | R²=0.98,MonthlyCupHandle+MonthlyDoubleBottom+MonthlyStage2,Sideways-Above-MA,True,False,Constructive,False,Stage2,1,Uptrend,Uptrend,707.95,898.69,663.01,629.86,865.73,2103.63,5111.6,2103.63,197.1,72.4,42.92,30.5,5.93,0.3,26.53,140.0,-5.9,791.5,2,none,14.2,,3.1,10.0,1.31,6.09,8.12,235.15,53.9,30.43,450.0,142.99,80.97,57.7,0.15,highly inconsistent earnings,0.06,,2.01,,-19.9,-0.14,64.24,0.0,,3.69,-0.01,4.24,0.28,979.0,462.3,27.7,53.1,-4.21,44.82,0.21,-0.04,6,27.0,20.8,7.0,1.0,55.8,WATCH ⭐⭐,Expected ~72% CAGR (2yr) | Revenue CAGR 54% | Profit CAGR 143% | ROCE trend rising ↑ | Nearly debt-free | Promoter 64% holding,Pattern still forming (not broken out),3-4 years,Medium-High,"yfinance, screener.in",90,288,,2026-06-27,2026-06-01,26,0.2,3,7.0
GLAXO,GlaxoSmithKline Pharmaceuticals Limited,Healthcare,Drug Manufacturers - General,39505.0,Large-Cap,MonthlyDoubleBottom,Forming,0.802,23,Sep 23mo | Mid rally 82% | Asymmetry 2%,,Sideways,False,True,Below-MAs,True,Stage2,5,Uptrend,Uptrend,2121.5,1511.0,822.17,1803.27,2957.38,3303.73,4204.86,3526.38,55.7,24.8,38.17,30.18,17.42,1.98,28.6,244.0,21.22,2969.75,4,buy,45.6,61.4,5.94,34.0,2.71,27.11,18.5,1.95,5.53,5.49,11.64,19.24,23.68,5.7,0.15,highly inconsistent earnings,0.01,,2.03,,729.34,1.85,75.0,0.0,,4.62,-0.01,7.68,-0.02,3500.0,2088.1,39.4,1.6,-28.29,36.99,0.81,0.05,6,34.0,16.62,5.0,0.0,55.6,WATCH ⭐⭐,Expected ~25% CAGR (2yr) | ROE 46% | ROCE 61% | ROCE trend rising ↑ | Nearly debt-free | Promoter 75% holding,Pattern still forming (not broken out),3-4 years,Medium-High,"yfinance, screener.in",100,288,,2026-06-27,2026-06-01,26,-11.2,3,4.0
MACPOWER,Macpower CNC Machines Limited,Industrials,Specialty Industrial Machinery,1183.0,Small-Cap,MonthlyStage2,Stage Change,1.0,24,10-EMA=990 | 30-EMA=921 | Above by 22.7% | MA turning=Yes,MonthlyDoubleBottom+MonthlyStage2,Uptrend,True,False,Tight-Above-MAs,True,Stage2,4,Uptrend,Uptrend,1130.1,920.81,744.29,960.58,1275.88,1496.61,1755.52,1496.61,32.4,15.1,34.96,,6.75,2.02,21.83,13.0,14.47,,0,none,21.3,,,14.22,,10.17,12.02,24.8,,,17.3,,,17.2,0.5,insufficient history,0.0,,2.34,,-4.37,-0.37,73.17,0.0,,1.11,0.08,0.52,0.17,1250.0,761.0,9.6,48.5,19.48,237.78,0.92,-0.4,4,23.0,28.5,0.0,4.0,55.5,WATCH ⭐⭐,Expected ~15% CAGR (2yr) | Revenue CAGR 25% | ROE 21% | Nearly debt-free | Promoter 73% holding | Dividend growing 14%/yr,None identified,3-4 years,Medium-High,"yfinance, screener.in",70,99,,2026-06-27,2026-06-01,26,0.0,3,-13.0
BHARATFORG,Bharat Forge Limited,Consumer Cyclical,Auto Parts,97597.0,Large-Cap,MonthlyStage2,Stage Change,1.0,24,10-EMA=1683 | 30-EMA=1405 | Above by 38.4% | MA turning=Yes,MonthlyCupHandle+MonthlyDoubleBottom+MonthlyStage2,Uptrend,True,False,Uptrend,True,Stage2,3,Uptrend,Uptrend,1945.1,1405.04,1008.31,1653.33,1365.06,1801.77,2269.49,1760.11,,,90.89,41.38,10.2,3.14,35.13,42.0,-28.62,1840.82,22,hold,12.5,13.1,1.66,17.0,0.57,6.42,5.77,11.17,9.2,21.55,19.28,28.94,25.56,-17.5,0.15,highly inconsistent earnings,0.77,,1.17,,723.22,0.74,44.07,0.0,,14.15,1.75,32.62,-1.46,2059.5,1100.5,5.6,76.7,71.96,93.59,0.42,0.54,5,19.0,26.5,0.0,10.0,55.5,WATCH ⭐⭐,Profit CAGR 29% | ROCE trend rising ↑ | Piotroski F=5 (above average quality) | FII buying +1.8% ↑ | MonthlyStage2 forming (24mo base) | Weekly uptrend,High PE 91 | Earnings due 2026-08-05,3-4 years,Medium-High,"yfinance, screener.in",100,366,2026-08-05,2026-06-27,2026-06-01,26,4.7,3,-2.0
MEDICO,Medico Remedies Limited,Healthcare,Drug Manufacturers - Specialty & Generic,354.0,Micro-Cap,MonthlyDoubleBottom,Forming,1.0,14,Sep 14mo | Mid rally 122% | Asymmetry 7%,,Sideways,False,False,Below-MAs,True,Stage2,5,Uptrend,Uptrend,44.93,79.83,34.8,38.19,119.34,162.89,222.35,162.89,262.5,90.4,26.98,,4.66,0.74,21.56,,,,0,none,19.02,,,11.18,,6.35,6.38,37.5,,,36.5,,,34.9,0.5,insufficient history,0.25,,1.66,,-8.76,-2.48,61.38,0.0,,0.03,-0.46,0.0,0.0,56.88,30.22,21.0,48.7,15.75,-64.14,0.34,0.56,4,27.0,18.5,8.0,2.0,55.5,WATCH ⭐⭐,Expected ~90% CAGR (2yr) | Revenue CAGR 38% | Profit CAGR 36% | Low D/E 0.25 | Promoter 61% holding | PEG 0.74 — undervalued,Pattern still forming (not broken out),3-4 years,Medium-High,"yfinance, screener.in",70,49,,2026-06-27,2026-06-01,26,0.0,3,-1.0
KRISHIVAL,KRISHIVAL FOODS LIMITED,Consumer Defensive,Packaged Foods,1045.0,Small-Cap,MonthlyStage2,Stage Change,1.0,24,10-EMA=357 | 30-EMA=321 | Above by 18.5% | MA turning=Yes,MonthlyDoubleBottom+MonthlyStage2,Sideways,False,False,Below-MAs,True,Stage2,15,Uptrend,Uptrend,379.85,320.55,214.73,322.87,729.03,1067.89,1564.24,1067.89,181.1,67.7,44.45,,4.75,0.96,23.82,6.0,68.69,,0,none,13.1,16.2,1.43,9.0,-0.6,7.34,9.36,45.05,61.16,59.93,57.14,46.48,85.56,3.5,0.4,lumpy earner,0.18,,5.19,,-54.9,-5.26,37.23,0.02,,0.54,-0.36,1.33,1.33,508.0,282.3,25.2,34.6,4.63,5.08,0.23,-0.93,4,25.0,19.5,9.0,2.0,55.5,WATCH ⭐⭐,Expected ~68% CAGR (2yr) | Revenue CAGR 61% | Profit CAGR 46% | ROCE trend rising ↑ | Low D/E 0.18 | Margin compressing ↓ ⚠️,Margin compression ↓,3-4 years,Medium-High,"yfinance, screener.in",100,50,,2026-06-27,2026-06-01,26,0.0,3,0.0
STYRENIX,Styrenix Performance Materials Limited,Basic Materials,Chemicals,4070.0,Small-Cap,MonthlyDoubleBottom,Forming,1.0,31,Sep 31mo | Mid rally 179% | Asymmetry 8%,MonthlyDoubleBottom+MonthlyStage2,Uptrend,True,False,Constructive,True,Stage2,1,Uptrend,Uptrend,2268.4,543.85,186.84,1928.14,4691.09,9980.76,21235.07,9980.76,340.0,109.8,22.22,17.17,3.26,0.2,12.98,233.0,-43.27,2964.0,1,none,14.6,15.1,-12.0,10.0,1.8,5.32,6.0,15.29,19.61,,-22.13,112.76,,30.8,0.15,highly inconsistent earnings,0.4,,2.29,,0.6,0.01,46.24,0.0,,0.95,-0.27,17.33,1.58,3316.5,1780.0,31.6,27.4,-20.12,114.1,0.42,0.45,6,22.0,25.5,8.0,0.0,55.5,WATCH ⭐⭐,Expected ~110% CAGR (2yr) | Revenue CAGR 20% | Profit CAGR 113% | Piotroski F=6 (above average quality) | DII buying +1.6% ↑ | PEG 0.20 — deeply undervalued,Pattern still forming (not broken out),3-4 years,Medium-High,"yfinance, screener.in",100,286,,2026-06-27,2026-06-01,26,0.0,3,0.0
UNIONBANK,Union Bank of India,Financial Services,Banks - Regional,134168.0,Large-Cap,MonthlyDoubleBottom,Forming,1.0,33,Sep 33mo | Mid rally 152% | Asymmetry 0%,MonthlyCupHandle+MonthlyDoubleBottom,Sideways-Above-MA,True,False,Constructive,False,Stage2,12,Uptrend,Uptrend,158.96,166.52,65.95,135.12,654.63,595.25,1134.93,861.95,274.5,93.5,6.91,6.85,1.01,0.22,,284.0,35.72,195.2,15,none,15.7,6.3,,-887.68,,35.66,1.25,-1.49,9.58,9.03,7.78,31.67,46.67,,0.4,lumpy earner,,,,,,,74.76,0.0,,9.37,1.23,11.51,-0.4,205.49,124.64,22.6,27.5,14.71,118.63,0.46,0.89,1,17.0,22.5,12.0,4.0,55.5,WATCH ⭐⭐,Expected ~94% CAGR (2yr) | Profit CAGR 32% | Promoter 75% holding | FII buying +1.2% ↑ | Dividend growing 36%/yr | PEG 0.22 — deeply undervalued,Earnings due 2026-07-14 | Pattern still forming (not broken out),3-4 years,Medium-High,"yfinance, screener.in",80,285,2026-07-14,2026-06-27,2026-06-01,26,0.0,3,1.0
EIHOTEL,EIH Limited,Consumer Cyclical,Lodging,20127.0,Mid-Cap,MonthlyDoubleBottom,Forming,1.0,24,Sep 24mo | Mid rally 191% | Asymmetry 3%,,Sideways,False,False,Below-MAs,True,Stage2,3,Uptrend,Uptrend,295.45,187.68,63.63,251.13,556.7,701.05,882.83,701.05,137.3,54.0,32.06,21.98,3.82,1.24,18.96,47.0,45.0,365.0,1,none,14.5,20.7,7.03,35.0,18.91,21.37,8.89,7.18,13.35,42.86,-14.68,25.93,34.55,-6.1,0.2,multiple loss years in history,0.05,,2.69,,85.06,0.42,32.85,0.0,,6.62,0.46,13.88,-0.25,434.8,271.15,32.0,9.0,-16.38,21.45,0.12,-0.26,7,29.0,19.5,7.0,0.0,55.5,WATCH ⭐⭐,Expected ~54% CAGR (2yr) | Profit CAGR 26% | ROCE 21% | ROCE trend rising ↑ | Nearly debt-free | OPM 35%,Pattern still forming (not broken out),3-4 years,Medium-High,"yfinance, screener.in",100,366,,2026-06-27,2026-06-01,26,-9.4,3,2.0
DLINKINDIA,D-Link (India) Limited,Technology,Communication Equipment,1864.0,Small-Cap,MonthlyStage2,Stage Change,1.0,24,10-EMA=450 | 30-EMA=416 | Above by 20.7% | MA turning=Yes,MonthlyDoubleBottom+MonthlyStage2,Uptrend,True,True,Tight-Above-MAs,True,Downtrend,0,Uptrend,Uptrend,501.65,415.6,352.15,426.4,843.15,898.29,957.04,898.29,79.1,33.8,17.92,,3.69,2.74,13.35,781.0,91.29,,0,none,21.2,28.3,2.37,8.0,0.54,6.65,10.0,13.15,9.86,16.59,0.5,6.54,27.39,0.7,0.15,highly inconsistent earnings,0.03,,2.56,,-0.62,-0.03,51.02,0.0,,1.26,0.13,0.01,0.0,589.55,367.65,14.9,36.4,6.37,65.73,0.75,0.26,5,21.0,27.5,4.0,3.0,55.5,WATCH ⭐⭐,Expected ~34% CAGR (2yr) | ROE 21% | ROCE 28% | ROCE trend rising ↑ | Nearly debt-free | Promoter 51% holding,None identified,3-4 years,Medium-High,"yfinance, screener.in",100,199,,2026-06-27,2026-06-01,26,8.0,3,3.3
EIMCOELECO,Eimco Elecon (India) Limited,Industrials,Farm & Heavy Construction Machinery,921.0,Small-Cap,MonthlyDoubleBottom,Forming,1.0,40,Sep 40mo | Mid rally 251% | Asymmetry 5%,,Sideways-Above-MA,True,True,Constructive,True,Stage2,4,Uptrend,Uptrend,1540.5,592.92,164.95,1309.42,3551.68,5415.61,8257.72,5415.61,251.5,87.5,23.81,16.8,1.97,0.45,21.2,25.0,-7.17,1968.0,1,none,10.4,13.2,0.8,18.0,1.4,16.78,4.22,31.79,21.86,4.27,95.0,52.48,11.14,-57.2,0.15,highly inconsistent earnings,0.01,,4.33,,-39.24,-4.26,48.96,0.0,,3.1,-0.29,1.05,0.05,3019.9,1405.5,49.0,9.6,-27.07,81.6,0.15,0.12,6,25.0,22.5,8.0,0.0,55.5,WATCH ⭐⭐,Expected ~88% CAGR (2yr) | Revenue CAGR 22% | Profit CAGR 52% | ROCE trend rising ↑ | Nearly debt-free | Piotroski F=6 (above average quality),Pattern still forming (not broken out),3-4 years,Medium-High,"yfinance, screener.in",100,288,,2026-06-27,2026-06-01,26,-3.1,3,5.0
GRINDWELL,Grindwell Norton Limited,Industrials,Building Products & Equipment,23659.0,Mid-Cap,MonthlyDoubleBottom,Forming,1.0,33,Sep 33mo | Mid rally 112% | Asymmetry 5%,MonthlyDoubleBottom+MonthlyStage2,Uptrend,True,False,Uptrend,True,Stage2,4,Uptrend,Uptrend,1921.0,2913.24,1342.7,1632.85,971.72,4483.78,1067.85,1018.65,133.4,52.8,56.81,43.11,9.34,11.76,39.37,89.0,12.31,1995.67,3,none,17.4,22.7,-0.51,19.0,-0.34,13.53,9.02,9.28,6.54,13.41,12.4,4.83,11.87,28.3,0.15,highly inconsistent earnings,0.02,,2.81,,367.73,1.55,58.04,0.0,,5.56,-0.83,19.18,0.83,2150.0,1329.0,10.7,44.5,30.57,-34.85,0.59,0.53,4,19.0,26.5,0.0,10.0,55.5,WATCH ⭐⭐,Expected ~53% CAGR (2yr) | ROCE 23% | Nearly debt-free | Promoter 58% holding | DII buying +0.8% ↑ | Dividend growing 12%/yr,High PE 57 | Earnings due 2026-07-23 | Pattern still forming (not broken out),3-4 years,Medium-High,"yfinance, screener.in",100,238,2026-07-23,2026-06-27,2026-06-01,26,2.3,3,5.0
ELGIEQUIP,Elgi Equipments Limited,Industrials,Specialty Industrial Machinery,19316.0,Mid-Cap,MonthlyStage2,Stage Change,1.0,24,10-EMA=534 | 30-EMA=521 | Above by 15.8% | MA turning=Yes,MonthlyCupHandle+MonthlyDoubleBottom+MonthlyStage2,Uptrend,True,False,Tight-Above-MAs,True,Stage2,4,Uptrend,Uptrend,603.85,521.48,426.4,513.27,387.43,616.56,427.46,406.95,2.1,1.0,45.06,33.61,8.65,8.94,32.65,44.0,24.14,677.4,5,none,21.5,23.7,1.77,15.0,0.86,10.89,9.36,12.56,9.12,15.48,22.86,5.04,33.34,25.4,0.15,highly inconsistent earnings,0.24,,2.08,,252.24,1.31,31.19,0.0,,22.2,-0.91,9.08,1.0,633.85,408.25,4.7,47.9,11.29,-5.63,0.5,0.05,6,21.0,28.5,0.0,6.0,55.5,WATCH ⭐⭐,Expected ~1% CAGR (2yr) | ROE 22% | ROCE 24% | ROCE trend rising ↑ | Low D/E 0.24 | Piotroski F=6 (above average quality),Earnings due 2026-08-11,3-4 years,Medium-High,"yfinance, screener.in",100,288,2026-08-11,2026-06-27,2026-06-01,26,11.6,3,9.1
MAZDOCK,Mazagon Dock Shipbuilders Limited,Industrials,Aerospace & Defense,101599.0,Large-Cap,MonthlyDoubleBottom,Forming,0.814,13,Sep 13mo | Mid rally 89% | Asymmetry 8%,MonthlyCupHandle+MonthlyDoubleBottom+MonthlyStage2,Downtrend,False,False,Below-MAs,False,Stage2,4,Uptrend,Uptrend,2422.8,3751.65,1904.04,2059.38,2925.66,5599.26,5103.08,3863.92,131.1,52.0,39.37,30.91,10.42,1.23,39.36,76.0,-12.25,2831.3,10,buy,29.2,36.0,4.06,17.0,2.57,19.86,4.83,13.77,18.44,26.29,6.79,32.07,38.06,108.8,0.4,lumpy earner,0.04,,1.4,,-3999.91,-3.94,81.22,0.0,,1.73,-0.07,5.09,-0.28,3369.0,2057.4,28.1,17.8,-17.14,276.68,0.42,0.56,4,37.0,13.27,5.0,0.0,55.3,WATCH ⭐⭐,Expected ~52% CAGR (2yr) | Revenue CAGR 18% | Profit CAGR 32% | ROE 29% | ROCE 36% | ROCE trend rising ↑,Pattern still forming (not broken out),3-4 years,Medium-High,"yfinance, screener.in",100,68,,2026-06-27,2026-06-01,26,0.0,3,0.0
SOLEX,SOLEX ENERGY LIMITED,Technology,Solar,1192.0,Small-Cap,MonthlyStage2,Stage Change,0.225,24,10-EMA=1176 | 30-EMA=1062 | Above by 3.4% | MA turning=Yes,,Downtrend,False,False,Below-MAs,False,Downtrend,0,Uptrend,Uptrend,1097.8,1062.03,630.97,933.13,9492.49,30344.65,97002.76,30344.65,2664.1,425.8,12.42,,4.71,0.06,7.68,5.0,66.11,,0,none,46.3,35.8,6.0,11.0,1.5,5.93,11.92,144.41,115.35,,127.91,219.67,,304.5,0.75,consistent growth,1.32,,1.23,,-25.69,-2.15,66.15,0.0,,0.13,-0.12,0.81,-0.17,1985.0,795.45,44.7,38.0,-16.54,88.15,0.61,-0.27,5,37.0,6.2,12.0,0.0,55.2,WATCH ⭐⭐,Expected ~426% CAGR (2yr) | Revenue CAGR 115% | Profit CAGR 220% | ROE 46% | ROCE 36% | ROCE trend rising ↑,High D/E 1.3,3-4 years,Medium-High,"yfinance, screener.in",100,100,,2026-06-27,2026-06-01,26,-18.4,3,-12.8
SHAKTIPUMP,Shakti Pumps (India) Limited,Industrials,Specialty Industrial Machinery,6800.0,Small-Cap,MonthlyDoubleBottom,Forming,0.431,8,Sep 8mo | Mid rally 51% | Asymmetry 8%,,Sideways,False,False,Below-MAs,True,Stage2,4,Uptrend,Uptrend,548.4,98.85,63.22,466.14,1660.47,3664.65,8087.89,3664.65,568.2,158.5,26.24,17.17,3.98,0.22,15.68,18.0,44.23,640.0,1,none,18.0,23.7,2.8,16.0,1.69,9.55,9.79,7.23,40.73,23.74,-36.76,120.7,27.69,-65.2,0.15,highly inconsistent earnings,0.3,,2.12,,-146.02,-2.15,50.36,0.02,,4.83,-0.51,4.97,-1.33,984.0,456.35,44.3,20.2,-33.79,337.57,0.29,-0.15,6,33.0,11.17,11.0,0.0,55.2,WATCH ⭐⭐,Expected ~158% CAGR (2yr) | Revenue CAGR 41% | Profit CAGR 121% | ROCE 24% | ROCE trend rising ↑ | Low D/E 0.30,Pattern still forming (not broken out),3-4 years,Medium-High,"yfinance, screener.in",100,177,,2026-06-27,2026-06-01,26,9.1,3,-5.3
BAJAJHLDNG,Bajaj Holdings & Investment Limited,Financial Services,Asset Management,118828.0,Large-Cap,MonthlyDoubleBottom,Forming,0.639,12,Sep 12mo | Mid rally 65% | Asymmetry 1%,,Sideways,False,False,Below-MAs,True,Stage2,12,Uptrend,Uptrend,10161.0,2162.88,1309.36,8636.85,22347.32,28057.06,35225.64,28057.06,176.1,66.2,12.33,,1.62,0.48,133.17,150.0,-11.68,,0,none,12.0,11.0,0.31,85.0,1.69,857.46,0.72,44.79,27.03,18.55,47.74,25.55,21.79,49.2,0.15,highly inconsistent earnings,0.0,,3.45,,1610.17,1.36,51.46,0.0,,9.62,-0.64,8.08,0.77,14763.0,8588.0,31.2,18.3,-22.24,19.3,0.33,0.13,7,34.0,14.17,7.0,0.0,55.2,WATCH ⭐⭐,Expected ~66% CAGR (2yr) | Revenue CAGR 27% | Profit CAGR 26% | ROCE trend rising ↑ | Nearly debt-free | Promoter 51% holding,Earnings due 2026-08-05 | Pattern still forming (not broken out),3-4 years,Medium-High,"yfinance, screener.in",100,287,2026-08-05,2026-06-27,2026-06-01,26,-1.5,3,0.0
COALINDIA,Coal India Limited,Energy,Thermal Coal,278124.0,Large-Cap,MonthlyCupHandle,Forming,0.841,22,Cup 22mo | Depth 24% | Prior gain 85% | R²=0.92,MonthlyCupHandle+MonthlyDoubleBottom,Sideways-Above-MA,True,False,Constructive,False,Stage2,1,Uptrend,Uptrend,443.5,487.57,371.22,376.97,892.58,719.26,892.58,892.58,62.2,27.3,8.94,7.85,2.33,,5.75,487.0,-39.22,459.27,26,buy,28.5,35.3,-2.49,24.0,1.31,18.46,7.12,17.46,6.8,13.34,-11.99,-0.69,19.59,12.9,0.15,highly inconsistent earnings,0.12,,1.86,,7237.59,2.6,63.13,0.0,,8.38,0.16,22.76,0.23,491.25,368.65,9.7,20.3,30.75,117.27,0.94,-0.04,5,22.0,20.09,5.0,8.0,55.1,WATCH ⭐⭐,Expected ~27% CAGR (2yr) | Declining profits (-1% CAGR) ⚠️ | ROE 28% | ROCE 35% | Low D/E 0.12 | Promoter 63% holding,Earnings due 2026-04-27 | Pattern still forming (not broken out),3-4 years,Medium-High,"yfinance, screener.in",100,188,2026-04-27,2026-06-27,2026-06-01,26,-2.9,3,-4.9
SOUTHBANK,The South Indian Bank Limited,Financial Services,Banks - Regional,12685.0,Mid-Cap,MonthlyDoubleBottom,Forming,0.79,36,Sep 36mo | Mid rally 79% | Asymmetry 0%,MonthlyCupHandle+MonthlyDoubleBottom,Uptrend,True,False,Uptrend,True,Stage2,12,Uptrend,Uptrend,47.23,27.23,15.16,40.15,144.17,125.93,219.49,177.89,166.6,63.3,8.73,7.09,1.11,0.37,,83.0,12.0,48.0,6,buy,13.5,6.42,,43.14,,28.95,1.09,4.6,10.83,6.15,11.74,23.39,88.0,19.0,0.15,highly inconsistent earnings,,,,,,,,,,24.21,3.27,12.75,-1.04,49.79,28.11,5.1,68.0,65.75,131.45,0.56,0.25,2,11.0,23.98,10.0,10.0,55.0,WATCH ⭐⭐,Expected ~63% CAGR (2yr) | Profit CAGR 23% | OPM 43% | FII buying +3.3% ↑ | Dividend growing 12%/yr | PEG 0.37 — deeply undervalued,Pattern still forming (not broken out),3-4 years,Medium-High,"yfinance, screener.in",70,331,,2026-06-27,2026-06-01,26,21.9,3,-2.0
SARDAEN,Sarda Energy & Minerals Limited,Basic Materials,Steel,18452.0,Mid-Cap,MonthlyDoubleBottom,Forming,1.0,20,Sep 20mo | Mid rally 119% | Asymmetry 0%,,Downtrend,False,False,Below-MAs,False,Stage2,1,Uptrend,Uptrend,531.75,12.83,5.84,451.99,842.55,1031.7,1263.31,1031.7,94.0,39.3,16.69,11.06,2.51,0.74,10.54,29.0,25.99,,0,none,16.1,17.4,-1.03,31.0,0.2,19.43,8.41,22.55,10.55,20.94,57.98,22.45,24.15,45.9,0.15,highly inconsistent earnings,0.35,,4.5,,582.53,3.16,73.16,0.0,,3.5,-0.04,3.32,0.39,639.75,420.75,16.9,26.4,23.75,147.07,0.25,0.39,6,26.0,16.0,8.0,5.0,55.0,WATCH ⭐⭐,Expected ~39% CAGR (2yr) | Profit CAGR 22% | Promoter 73% holding | OPM 31% | FCF yield 3.2% | Piotroski F=6 (above average quality),Pattern still forming (not broken out),3-4 years,Medium-High,"yfinance, screener.in",100,199,,2026-06-27,2026-06-01,26,-1.2,3,0.0
DCBBANK,DCB Bank Limited,Financial Services,Banks - Regional,5945.0,Small-Cap,MonthlyDoubleBottom,Forming,1.0,22,Sep 22mo | Mid rally 152% | Asymmetry 1%,,Uptrend,True,False,Tight-Above-MAs,True,Stage2,12,Uptrend,Uptrend,179.86,72.77,28.63,152.88,544.16,461.21,698.53,616.53,156.4,60.1,8.09,5.43,0.91,0.61,,79.0,5.07,228.24,17,none,11.97,,,34.23,,24.44,0.89,12.4,,,13.3,,,16.1,0.5,insufficient history,,,,,,,16.23,-0.01,,12.64,0.72,32.8,0.66,205.9,119.51,12.6,50.5,39.54,30.15,0.23,0.43,2,8.0,28.0,11.0,8.0,55.0,WATCH ⭐⭐,Expected ~60% CAGR (2yr) | OPM 34% | FII buying +0.7% ↑ | DII buying +0.7% ↑ | PEG 0.61 — undervalued | Analyst target ₹228 (+27%),Pattern still forming (not broken out),3-4 years,Medium-High,"yfinance, screener.in",50,237,,2026-06-27,2026-06-01,26,1.6,3,5.0
ALKEM,Alkem Laboratories Limited,Healthcare,Drug Manufacturers - Specialty & Generic,64248.0,Large-Cap,MonthlyDoubleBottom,Forming,0.452,24,Sep 24mo | Mid rally 52% | Asymmetry 7%,,Sideways,False,False,Below-MAs,False,Stage2,5,Uptrend,Uptrend,5298.0,2269.93,1443.69,4503.3,12915.26,12662.61,22729.15,17133.39,139.0,54.6,27.93,23.74,4.65,0.86,20.58,99.0,-4.9,5956.45,20,buy,18.9,21.2,0.2,20.0,-0.17,15.65,8.5,13.47,8.25,10.66,6.14,32.66,7.76,-22.7,0.15,highly inconsistent earnings,0.14,,2.55,,1374.31,2.14,51.2,0.0,,10.15,0.18,21.39,-0.15,5933.5,4716.2,10.7,12.3,10.95,17.27,0.56,0.27,5,29.0,12.92,9.0,4.0,54.9,WATCH ⭐⭐,Expected ~55% CAGR (2yr) | Profit CAGR 33% | ROCE 21% | ROCE trend rising ↑ | Low D/E 0.14 | Promoter 51% holding,Earnings due 2026-08-12 | Pattern still forming (not broken out),3-4 years,Medium-High,"yfinance, screener.in",100,127,2026-08-12,2026-06-27,2026-06-01,26,-3.1,3,-2.0
PRICOLLTD,PRICOL LIMITED,Consumer Cyclical,Auto Parts,0.0,Micro-Cap,MonthlyCupHandle,Forming,0.699,17,Cup 17mo | Depth 32% | Prior gain 32% | R²=0.88,MonthlyCupHandle+MonthlyDoubleBottom,Downtrend,False,False,Below-MAs,False,Stage2,3,Uptrend,Uptrend,544.75,687.67,468.79,463.04,1216.19,1534.34,1935.73,1534.34,181.7,67.8,27.17,18.76,5.44,1.04,15.08,72.0,60.0,725.0,1,none,22.1,25.9,2.34,12.0,-0.11,6.21,9.87,50.11,27.3,23.39,50.3,26.16,42.98,109.5,0.15,highly inconsistent earnings,0.3,,1.21,,-194.07,,38.51,0.0,,15.61,-1.31,12.44,0.15,694.2,415.1,21.5,31.2,26.97,115.66,2.15,-0.12,4,30.0,11.89,8.0,5.0,54.9,WATCH ⭐⭐,Expected ~68% CAGR (2yr) | Revenue CAGR 27% | Profit CAGR 26% | ROE 22% | ROCE 26% | ROCE trend rising ↑,Pattern still forming (not broken out),3-4 years,Medium-High,"yfinance, screener.in",100,287,,2026-06-27,2026-06-01,26,0.0,3,0.0
STARHEALTH,Star Health and Allied Insurance Company Limited,Financial Services,Insurance - Life,34142.0,Large-Cap,MonthlyDoubleBottom,Forming,0.657,20,Sep 20mo | Mid rally 69% | Asymmetry 3%,MonthlyDoubleBottom+MonthlyStage2,Uptrend,True,False,Uptrend,True,Stage2,12,Uptrend,Uptrend,517.1,780.0,454.8,439.54,34416.45,3903057.87,1229390061.54,6504709.32,754697.5,8587.9,61.34,26.71,4.49,0.0,,,,580.7,23,none,,,,3.25,,3.12,,13.8,,,18800.0,,,21731.4,0.5,insufficient history,,,,,,,57.98,0.0,,15.06,0.99,20.31,-0.65,595.8,412.6,13.2,25.3,30.05,-34.34,0.24,0.22,1,14.0,21.88,9.0,10.0,54.9,WATCH ⭐⭐,Expected ~8588% CAGR (2yr) | Profit CAGR 18800% | Promoter 58% holding | FII buying +1.0% ↑ | PEG 0.00 — deeply undervalued | MonthlyDoubleBottom forming (20mo base),High PE 61 | Earnings due 2026-07-28 | Pattern still forming (not broken out),3-4 years,Medium-High,"yfinance, screener.in",40,54,2026-07-28,2026-06-27,2026-06-01,26,0.0,3,4.0
PERSISTENT,Persistent Systems Limited,Technology,Information Technology Services,75444.0,Large-Cap,MonthlyDoubleBottom,Forming,0.563,8,Sep 8mo | Mid rally 66% | Asymmetry 10%,MonthlyDoubleBottom+MonthlyStage2,Sideways,False,False,Below-MAs,True,Downtrend,0,Uptrend,Uptrend,5066.3,347.71,199.89,4306.36,5297.58,6259.84,8478.66,6701.97,23.6,11.2,40.65,27.68,9.64,1.53,26.43,91.0,-4.17,5596.65,34,none,27.3,34.4,2.17,19.0,0.4,12.65,14.87,23.53,20.87,28.63,33.21,26.51,32.83,33.7,0.75,consistent growth,0.06,,2.43,,1456.11,1.93,30.29,0.0,,22.11,-0.68,30.47,0.67,6599.0,4449.1,23.2,13.9,-7.9,83.6,0.63,0.09,7,40.0,11.76,3.0,0.0,54.8,WATCH ⭐⭐,Expected ~11% CAGR (2yr) | Revenue CAGR 21% | Profit CAGR 27% | ROE 27% | ROCE 34% | ROCE trend rising ↑,Earnings due 2026-04-21 | Pattern still forming (not broken out),3-4 years,Medium-High,"yfinance, screener.in",100,194,2026-04-21,2026-06-27,2026-06-01,26,0.0,3,-1.0
EPL,EPL Limited,Consumer Cyclical,Packaging & Containers,7353.0,Small-Cap,MonthlyDoubleBottom,Forming,0.651,18,Sep 18mo | Mid rally 67% | Asymmetry 1%,MonthlyCupHandle+MonthlyDoubleBottom+MonthlyStage2,Uptrend,True,False,Uptrend,True,Stage2,3,Uptrend,Uptrend,224.8,283.1,168.78,191.08,634.42,571.66,905.66,758.0,154.3,59.5,18.94,13.04,2.57,0.97,8.02,218.0,5.16,292.14,7,none,15.8,17.8,0.57,20.0,0.31,8.16,8.76,13.05,8.84,9.03,8.24,19.48,10.06,-10.0,0.15,highly inconsistent earnings,0.34,,1.56,,59.91,0.81,26.38,0.0,,17.22,-0.35,10.2,0.65,251.0,176.4,10.4,27.4,7.87,-14.18,0.49,0.38,6,17.0,21.81,13.0,3.0,54.8,WATCH ⭐⭐,Expected ~60% CAGR (2yr) | ROCE trend rising ↑ | Piotroski F=6 (above average quality) | DII buying +0.7% ↑ | PEG 0.97 — undervalued | EV/EBITDA 8× below sector (25×),Pattern still forming (not broken out),3-4 years,Medium-High,"yfinance, screener.in",100,288,,2026-06-27,2026-06-01,26,3.5,3,6.0
VBL,Varun Beverages Limited,Consumer Defensive,Beverages - Non-Alcoholic,179093.0,Large-Cap,MonthlyStage2,Stage Change,0.679,24,10-EMA=480 | 30-EMA=467 | Above by 10.2% | MA turning=Yes,MonthlyDoubleBottom+MonthlyStage2,Uptrend,True,False,Tight-Above-MAs,True,Stage2,15,Uptrend,Uptrend,514.8,467.23,383.25,437.58,449.47,551.21,595.98,517.57,7.1,3.5,56.15,43.79,9.15,3.71,34.67,38.0,12.62,587.23,26,strong_buy,16.2,19.7,2.03,23.0,0.69,14.02,,4.65,12.25,20.8,4.8,15.15,33.88,20.1,0.15,highly inconsistent earnings,0.13,,,,,,59.43,-0.01,,19.51,-0.8,14.35,0.79,555.8,381.0,7.4,35.1,20.59,38.97,0.35,0.25,3,21.0,24.65,1.0,8.0,54.6,WATCH ⭐⭐,Expected ~4% CAGR (2yr) | ROCE trend rising ↑ | Low D/E 0.13 | Promoter 59% holding | DII buying +0.8% ↑ | Dividend growing 13%/yr,High PE 56 | Earnings due 2026-07-28,3-4 years,Medium-High,"yfinance, screener.in",80,115,2026-07-28,2026-06-27,2026-06-01,26,0.0,3,0.0
APOLLOHOSP,Apollo Hospitals Enterprise Limited,Healthcare,Medical Care Facilities,122066.0,Large-Cap,MonthlyDoubleBottom,Forming,0.676,13,Sep 13mo | Mid rally 70% | Asymmetry 3%,,Uptrend,True,False,Tight-Above-MAs,True,Stage2,5,Uptrend,Uptrend,8498.0,1784.0,1031.85,7223.3,9316.99,11137.38,16577.63,12427.94,31.1,14.5,62.89,39.71,12.87,1.88,34.2,24.0,-12.64,9201.53,30,none,22.1,17.9,1.46,15.0,0.51,7.7,8.44,15.76,14.94,19.03,33.09,33.39,71.0,35.9,0.15,highly inconsistent earnings,0.85,,1.06,,395.55,0.32,28.02,0.0,,42.62,-0.92,22.76,1.26,8624.0,6696.5,1.5,26.9,18.26,46.04,0.56,0.18,6,23.0,23.61,2.0,6.0,54.6,WATCH ⭐⭐,Expected ~14% CAGR (2yr) | Profit CAGR 33% | ROE 22% | ROCE trend rising ↑ | Piotroski F=6 (above average quality) | DII buying +1.3% ↑,High PE 63 | Earnings due 2026-08-12 | Pattern still forming (not broken out),3-4 years,Medium-High,"yfinance, screener.in",100,288,2026-08-12,2026-06-27,2026-06-01,26,5.9,3,2.0
AMRUTANJAN,Amrutanjan Health Care Limited,Healthcare,Drug Manufacturers - Specialty & Generic,1576.0,Small-Cap,MonthlyDoubleBottom,Forming,1.0,15,Sep 15mo | Mid rally 127% | Asymmetry 8%,,Downtrend,False,False,Below-MAs,False,Stage2,5,Uptrend,Uptrend,557.7,533.98,225.81,474.05,1285.24,1645.88,2107.72,1645.88,195.1,71.8,27.25,,4.26,0.97,20.57,103.0,-39.87,,0,none,20.0,31.4,3.43,18.0,0.97,11.53,8.3,12.03,10.55,11.87,40.0,28.06,16.0,6.7,0.15,highly inconsistent earnings,0.01,,2.31,,13.0,0.82,46.52,0.0,,2.17,-0.1,12.66,-0.34,790.95,486.0,29.5,14.8,-10.36,-33.09,0.62,0.37,7,31.0,15.5,8.0,0.0,54.5,WATCH ⭐⭐,Expected ~72% CAGR (2yr) | Profit CAGR 28% | ROCE 31% | ROCE trend rising ↑ | Nearly debt-free | Piotroski F=7 (high quality compounder),Pattern still forming (not broken out),3-4 years,Medium-High,"yfinance, screener.in",100,200,,2026-06-27,2026-06-01,26,0.1,3,-5.5
INSECTICID,Insecticides (India) Limited,Basic Materials,Agricultural Inputs,2003.0,Small-Cap,MonthlyDoubleBottom,Forming,1.0,48,Sep 48mo | Mid rally 133% | Asymmetry 6%,MonthlyDoubleBottom+MonthlyStage2,Sideways-Above-MA,True,False,Constructive,True,Stage2,1,Uptrend,Uptrend,758.95,614.69,255.63,645.11,1485.33,1933.61,2517.17,1933.61,154.8,59.6,14.37,10.2,1.64,0.48,9.12,58.0,-30.66,,0,none,12.1,15.9,0.31,11.0,0.03,6.51,6.14,7.0,5.92,8.55,-2.11,30.18,8.14,-15.7,0.15,highly inconsistent earnings,0.13,,1.96,,-35.25,-1.76,72.3,0.0,,4.5,0.04,9.27,-0.13,1098.0,518.6,30.9,46.3,-13.61,49.36,0.4,0.38,5,22.0,22.5,10.0,0.0,54.5,WATCH ⭐⭐,Expected ~60% CAGR (2yr) | Profit CAGR 30% | ROCE trend rising ↑ | Low D/E 0.13 | Promoter 72% holding | Piotroski F=5 (above average quality),Pattern still forming (not broken out),3-4 years,Medium-High,"yfinance, screener.in",100,229,,2026-06-27,2026-06-01,26,0.0,3,0.0
OLECTRA,Olectra Greentech Limited,Industrials,Farm & Heavy Construction Machinery,12479.0,Mid-Cap,MonthlyDoubleBottom,Forming,1.0,33,Sep 33mo | Mid rally 548% | Asymmetry 8%,,Sideways,False,False,Below-MAs,True,Stage2,4,Uptrend,Uptrend,1219.6,279.39,41.39,1036.66,866.8,1205.03,1675.23,1205.03,,,70.42,35.11,10.17,1.8,1334.04,3.0,0.0,,0,none,15.6,21.0,3.89,14.0,1.11,2.01,,28.3,28.45,52.43,29.5,39.02,86.4,164.4,0.15,highly inconsistent earnings,0.31,,,,,,50.02,0.0,,7.11,0.21,0.68,-0.14,1714.2,866.6,28.9,40.7,11.84,2.83,0.68,0.3,3,30.0,19.5,1.0,4.0,54.5,WATCH ⭐⭐,Revenue CAGR 28% | Profit CAGR 39% | ROCE 21% | ROCE trend rising ↑ | Promoter 50% holding | MonthlyDoubleBottom forming (33mo base),High PE 70 | Pattern still forming (not broken out),3-4 years,Medium-High,"yfinance, screener.in",80,287,,2026-06-27,2026-06-01,26,0.0,3,0.0
VAIBHAVGBL,Vaibhav Global Limited,Consumer Cyclical,Luxury Goods,4087.0,Small-Cap,MonthlyDoubleBottom,Forming,1.0,17,Sep 17mo | Mid rally 113% | Asymmetry 3%,,Sideways,False,False,Constructive,True,Stage2,3,Uptrend,Uptrend,223.79,208.43,96.52,190.22,1046.08,1426.02,1943.94,1426.02,537.2,152.4,15.5,5.05,2.47,0.43,11.44,246.0,-37.0,,0,none,17.8,16.3,-3.37,10.0,-0.74,7.21,6.96,9.23,11.12,7.77,73.86,36.32,-0.45,167.4,0.15,highly inconsistent earnings,0.25,,2.75,,110.22,2.7,57.43,0.32,,16.44,-1.62,2.23,0.56,293.25,174.13,23.7,28.5,3.93,-45.34,0.3,0.24,5,21.0,19.5,12.0,2.0,54.5,WATCH ⭐⭐,Expected ~152% CAGR (2yr) | Profit CAGR 36% | Low D/E 0.25 | Promoter 57% holding | Margin compressing ↓ ⚠️ | Piotroski F=5 (above average quality),Margin compression ↓ | Pattern still forming (not broken out),3-4 years,Medium-High,"yfinance, screener.in",100,266,,2026-06-27,2026-06-01,26,0.0,3,0.0
ADFFOODS,ADF Foods Limited,Consumer Defensive,Packaged Foods,3371.0,Small-Cap,MonthlyStage2,Stage Change,1.0,24,10-EMA=235 | 30-EMA=224 | Above by 26.4% | MA turning=Yes,MonthlyDoubleBottom+MonthlyStage2,Uptrend,True,False,Uptrend,True,Stage2,15,Uptrend,Uptrend,283.2,224.01,167.18,240.72,385.71,451.78,529.17,451.78,59.5,26.3,37.47,,5.89,2.19,25.54,39.0,14.47,266.0,1,none,17.8,22.8,-0.66,19.0,0.29,13.16,9.9,15.76,14.92,13.04,30.43,17.13,12.47,57.6,0.15,highly inconsistent earnings,0.1,,3.84,,-30.62,-0.91,36.14,0.0,,11.55,0.24,23.21,0.1,314.0,153.1,9.8,85.0,20.55,13.98,0.63,0.54,5,17.0,26.5,3.0,8.0,54.5,WATCH ⭐⭐,Expected ~26% CAGR (2yr) | ROCE 23% | Nearly debt-free | Piotroski F=5 (above average quality) | Dividend growing 14%/yr | EV/EBITDA 26× vs sector 30×,None identified,3-4 years,Medium-High,"yfinance, screener.in",100,190,,2026-06-27,2026-06-01,26,5.2,3,1.0
VADILALIND,Vadilal Industries Limited,Consumer Defensive,Packaged Foods,4390.0,Small-Cap,MonthlyDoubleBottom,Forming,1.0,32,Sep 32mo | Mid rally 199% | Asymmetry 2%,,Sideways,False,False,Constructive,True,Stage2,15,Uptrend,Uptrend,4250.8,1161.36,384.57,3613.18,7684.39,9014.56,10574.98,9014.56,112.1,45.6,28.33,,5.59,1.64,18.34,34.0,156.12,,0,none,20.1,22.2,2.69,17.0,1.83,10.32,10.55,21.41,12.42,26.55,3.33,17.31,98.73,149.4,0.15,highly inconsistent earnings,0.27,,3.0,,-33.59,-0.77,64.72,0.0,,0.58,0.02,0.42,0.0,6387.4,3996.0,33.5,6.4,-15.28,26.6,0.4,0.11,6,24.0,20.5,6.0,4.0,54.5,WATCH ⭐⭐,Expected ~46% CAGR (2yr) | ROE 20% | ROCE 22% | ROCE trend rising ↑ | Low D/E 0.27 | Promoter 65% holding,Pattern still forming (not broken out),3-4 years,Medium-High,"yfinance, screener.in",100,180,,2026-06-27,2026-06-01,26,0.0,3,1.0
ZENSARTECH,Zensar Technologies Limited,Technology,Information Technology Services,10157.0,Mid-Cap,MonthlyDoubleBottom,Forming,1.0,46,Sep 46mo | Mid rally 195% | Asymmetry 7%,,Downtrend,False,False,Below-MAs,False,Downtrend,0,Uptrend,Uptrend,493.9,548.62,179.94,419.81,1662.35,1574.38,2948.93,2214.08,218.8,78.5,13.3,11.47,2.15,0.4,13.93,299.0,-21.7,614.83,12,none,18.1,23.5,0.71,16.0,-0.09,7.27,,7.69,5.46,8.51,19.23,33.19,20.35,19.4,0.15,highly inconsistent earnings,0.02,,,,,,49.01,0.0,,10.51,-1.29,23.66,0.54,881.0,438.4,43.9,12.7,-32.68,10.01,0.53,,1,25.0,15.5,14.0,0.0,54.5,WATCH ⭐⭐,Expected ~78% CAGR (2yr) | Profit CAGR 33% | ROCE 24% | ROCE trend rising ↑ | Nearly debt-free | DII buying +0.5% ↑,Pattern still forming (not broken out),3-4 years,Medium-High,"yfinance, screener.in",80,287,,2026-06-27,2026-06-01,26,0.0,3,1.0
CEATLTD,CEAT Limited,Consumer Cyclical,Auto Parts,13918.0,Mid-Cap,MonthlyDoubleBottom,Forming,1.0,38,Sep 38mo | Mid rally 166% | Asymmetry 9%,,Sideways,False,False,Below-MAs,True,Stage2,3,Uptrend,Uptrend,3334.3,1859.94,668.36,2834.16,15681.29,16252.17,38382.47,24533.38,387.4,120.8,19.96,14.91,2.37,0.35,7.43,87.0,115.44,3830.35,17,hold,15.9,18.7,1.8,13.0,0.4,4.45,6.72,18.61,11.48,15.55,47.98,56.45,10.04,145.1,0.15,highly inconsistent earnings,0.65,,0.68,,-44.68,-0.32,47.29,0.08,,16.55,-0.37,20.9,0.42,4438.0,3000.5,24.9,11.1,6.21,18.16,0.31,0.46,5,20.0,19.5,13.0,2.0,54.5,WATCH ⭐⭐,Expected ~121% CAGR (2yr) | Profit CAGR 56% | ROCE trend rising ↑ | Piotroski F=5 (above average quality) | Dividend growing 115%/yr | PEG 0.35 — deeply undervalued,Pattern still forming (not broken out),3-4 years,Medium-High,"yfinance, screener.in",100,221,,2026-06-27,2026-06-01,26,5.4,3,4.0
ARTEMISMED,Artemis Medicare Services Limited,,,0.0,Micro-Cap,MonthlyStage2,Stage Change,0.963,24,10-EMA=252 | 30-EMA=229 | Above by 14.4% | MA turning=Yes,MonthlyDoubleBottom+MonthlyStage2,Sideways-Above-MA,True,False,Tight-Above-MAs,True,Unknown,0,Uptrend,Uptrend,262.6,229.47,205.51,223.21,117.08,253.43,229.08,163.77,,,112.95,20.69,4.37,2.83,22.04,0.17,0.0,335.0,3,none,12.0,14.6,2.09,17.0,1.54,9.58,6.29,15.37,13.62,21.52,26.83,39.88,76.92,28.3,0.15,highly inconsistent earnings,0.28,,1.74,,-8.53,,58.39,0.01,,12.19,-0.28,2.89,-0.02,297.5,203.35,11.7,29.1,14.67,87.65,0.42,0.25,6,23.0,24.06,3.0,4.0,54.1,WATCH ⭐⭐,Profit CAGR 40% | ROCE trend rising ↑ | Low D/E 0.28 | Promoter 58% holding | Piotroski F=6 (above average quality) | Analyst target ₹335 (+28%),High PE 113,3-4 years,Medium-High,"yfinance, screener.in",100,78,,2026-06-27,2026-06-01,26,-4.6,3,0.6
RPTECH,Rashi Peripherals Limited,Technology,Electronics & Computer Distribution,4947.0,Small-Cap,None,,0.0,0,,,Uptrend,True,False,Tight-Above-MAs,True,Downtrend,0,Uptrend,Uptrend,543.25,,,461.76,1321.35,1742.33,2297.44,1742.33,220.7,79.1,18.22,,2.44,0.57,12.79,27.0,100.0,,0,none,14.7,16.8,-2.57,3.0,-0.23,1.75,5.7,14.91,18.74,21.71,34.29,31.86,15.7,64.2,0.15,highly inconsistent earnings,0.49,,1.6,,-47.2,-0.95,64.01,0.03,,0.78,0.12,17.45,-1.0,762.9,275.6,28.8,97.1,86.99,,,1.1,4,20.0,14.0,10.0,10.0,54.0,WATCH ⭐⭐,Expected ~79% CAGR (2yr) | Revenue CAGR 19% | Profit CAGR 32% | Promoter 64% holding | Dividend growing 100%/yr | PEG 0.57 — undervalued,None identified,3-4 years,Medium-High,"yfinance, screener.in",100,28,,2026-06-27,2026-06-01,26,0.0,3,-2.0
ABDL,ALLIED BLEND N DISTILS L,Consumer Defensive,Beverages - Wineries & Distilleries,17657.0,Mid-Cap,MonthlyDoubleBottom,Forming,0.485,6,Sep 6mo | Mid rally 55% | Asymmetry 6%,,Uptrend,True,False,Tight-Above-MAs,True,Stage2,15,Uptrend,Uptrend,644.45,440.72,276.69,547.78,2986.32,8864.82,68558.43,14308.64,1275.6,270.9,77.55,39.63,10.65,0.2,34.56,86.0,,699.1,10,strong_buy,14.3,18.4,1.97,14.0,1.31,5.82,7.52,11.45,7.62,10.81,12.82,379.14,136.08,-47.9,0.15,highly inconsistent earnings,0.68,,1.34,,-65.86,-0.37,80.91,0.0,,3.23,-0.13,4.82,0.21,696.8,382.1,7.5,68.7,29.75,,0.7,,4,18.0,20.82,9.0,6.0,53.8,WATCH ⭐⭐,Expected ~271% CAGR (2yr) | Profit CAGR 379% | ROCE trend rising ↑ | Promoter 81% holding | PEG 0.20 — deeply undervalued | MonthlyDoubleBottom forming (6mo base),High PE 78 | Pattern still forming (not broken out),3-4 years,Medium-High,"yfinance, screener.in",100,24,,2026-06-27,2026-06-15,12,0.0,1,3.0
GLAND,Gland Pharma Limited,Healthcare,Drug Manufacturers - Specialty & Generic,36275.0,Large-Cap,MonthlyStage2,Stage Change,1.0,24,10-EMA=1937 | 30-EMA=1852 | Above by 22.1% | MA turning=Yes,MonthlyDoubleBottom+MonthlyStage2,Uptrend,True,False,Tight-Above-MAs,True,Stage2,5,Uptrend,Uptrend,2262.2,1852.08,1387.08,1922.87,2790.12,2709.94,3349.09,3056.85,19.8,9.4,35.34,24.1,3.5,3.7,20.3,91.0,-10.0,2189.57,14,none,10.7,15.1,-3.0,25.0,-2.91,15.97,6.35,14.51,21.06,13.18,46.92,9.56,0.59,96.6,0.15,highly inconsistent earnings,0.03,,4.68,,504.15,1.39,51.83,0.0,,7.29,-0.29,33.36,0.37,2396.0,1573.6,5.6,43.8,15.21,56.84,1.38,0.5,5,19.0,28.5,2.0,4.0,53.5,WATCH ⭐⭐,Expected ~9% CAGR (2yr) | Revenue CAGR 21% | Nearly debt-free | Promoter 52% holding | Margin compressing ↓ ⚠️ | Piotroski F=5 (above average quality),Margin compression ↓ | Earnings due 2026-08-05,3-4 years,Medium-High,"yfinance, screener.in",100,68,2026-08-05,2026-06-27,2026-06-01,26,0.5,3,-5.5
BLISSGVS,Bliss GVS Pharma Limited,Healthcare,Drug Manufacturers - Specialty & Generic,5158.0,Small-Cap,MonthlyDoubleBottom,Forming,1.0,31,Sep 31mo | Mid rally 217% | Asymmetry 10%,,Uptrend,True,False,Tight-Above-MAs,True,Stage2,5,Uptrend,Uptrend,437.85,215.02,64.6,372.17,590.53,712.06,858.6,712.06,62.6,27.5,40.49,,4.54,1.97,37.63,21.0,0.0,,0,none,11.6,16.8,0.6,18.0,0.11,12.57,,14.44,7.22,9.95,50.0,20.58,12.78,128.9,0.15,highly inconsistent earnings,0.02,,,,,,35.36,0.0,,10.45,-4.09,5.04,-0.74,493.75,118.0,11.3,271.1,154.27,326.96,0.34,1.17,2,14.0,28.5,1.0,10.0,53.5,WATCH ⭐⭐,Expected ~28% CAGR (2yr) | Profit CAGR 21% | ROCE trend rising ↑ | Nearly debt-free | MonthlyDoubleBottom forming (31mo base) | Weekly uptrend,Pattern still forming (not broken out),3-4 years,Medium-High,"yfinance, screener.in",80,192,,2026-06-27,2026-06-01,26,54.8,3,1.0
TITAN,Titan Company Limited,Consumer Cyclical,Luxury Goods,392065.0,Large-Cap,MonthlyDoubleBottom,Breakout Ready,0.906,17,Sep 17mo | Mid rally 92% | Asymmetry 1%,,Sideways-Above-MA,True,False,Constructive,False,Stage2,3,Uptrend,Uptrend,4102.0,1363.41,707.14,3486.7,2624.65,3826.82,3514.7,3037.24,,,77.51,51.59,24.99,4.93,50.13,25.0,13.62,5011.19,37,buy,37.7,25.8,1.63,10.0,-0.03,5.79,9.3,44.87,29.24,32.26,52.02,15.72,39.1,35.4,0.15,highly inconsistent earnings,1.95,,1.28,,-6509.88,-1.66,52.9,0.0,,15.65,0.1,14.84,0.01,4605.0,3303.1,10.9,24.2,19.21,13.17,1.2,0.23,4,23.0,23.37,1.0,6.0,53.4,WATCH ⭐⭐,Revenue CAGR 29% | ROE 38% | ROCE 26% | ROCE trend rising ↑ | Promoter 53% holding | Dividend growing 14%/yr,High D/E 1.9 | High PE 78 | Earnings due 2026-08-06,3-4 years,Medium-High,"yfinance, screener.in",100,365,2026-08-06,2026-06-27,2026-06-01,26,0.0,3,2.0
SPECTRUM,SPECTRUM ELECTRIC IND LTD,Industrials,Electrical Equipment & Parts,2836.0,Small-Cap,MonthlyDoubleBottom,Forming,0.685,7,Sep 7mo | Mid rally 69% | Asymmetry 1%,MonthlyDoubleBottom+MonthlyStage2,Sideways-Above-MA,True,True,Constructive,True,Stage2,4,Uptrend,Uptrend,1438.3,2400.0,1413.0,1342.35,1279.6,3387.0,3987.14,2258.75,135.5,53.5,71.43,,11.58,0.93,38.23,0.0,,,0,none,20.4,16.8,1.4,15.0,0.77,8.45,7.59,30.85,27.63,28.35,76.0,76.52,48.96,95.5,0.15,highly inconsistent earnings,1.02,,1.34,,-82.7,-2.92,72.72,0.0,,4.94,0.28,0.34,0.0,1853.0,1050.0,22.4,37.0,-5.4,82.58,2.6,0.25,5,27.0,17.22,5.0,4.0,53.2,WATCH ⭐⭐,Expected ~54% CAGR (2yr) | Revenue CAGR 28% | Profit CAGR 77% | ROE 20% | ROCE trend rising ↑ | Promoter 73% holding,High D/E 1.0 | High PE 71 | Pattern still forming (not broken out),3-4 years,Medium-High,"yfinance, screener.in",100,92,,2026-06-27,2026-06-01,26,0.0,3,3.0
SIGNPOST,Signpost India Limited,Communication Services,Advertising Agencies,1326.0,Small-Cap,MonthlyDoubleBottom,Forming,0.603,7,Sep 7mo | Mid rally 67% | Asymmetry 6%,,Sideways-Above-MA,True,False,Constructive,False,Downtrend,0,Uptrend,Uptrend,261.55,309.47,180.06,222.32,523.79,659.92,831.43,659.92,152.3,58.8,18.87,,5.27,0.73,9.92,20.0,0.0,,0,none,27.6,24.9,0.0,25.0,1.1,12.07,11.17,27.15,19.56,,105.88,25.99,,2128.8,0.15,highly inconsistent earnings,0.7,,1.26,,-75.97,-5.73,60.38,-7.36,,0.09,0.01,0.02,0.0,310.0,181.1,15.6,44.4,18.16,,0.6,,4,25.0,15.24,10.0,3.0,53.2,WATCH ⭐⭐,Expected ~59% CAGR (2yr) | Revenue CAGR 20% | Profit CAGR 26% | ROE 28% | ROCE 25% | Promoter 60% holding,Pattern still forming (not broken out),3-4 years,Medium-High,"yfinance, screener.in",100,29,,2026-06-27,2026-06-01,26,-4.4,3,8.0
MRF,MRF Limited,Consumer Cyclical,Auto Parts,54560.0,Large-Cap,MonthlyDoubleBottom,Forming,0.547,40,Sep 40mo | Mid rally 61% | Asymmetry 6%,,Downtrend,False,False,Below-MAs,False,Stage2,3,Uptrend,Uptrend,126730.0,97766.92,58930.66,107720.5,482439.56,479324.28,1037686.75,707545.86,278.2,94.5,22.47,15.6,2.6,0.48,10.72,19.0,-74.22,136991.9,10,hold,12.5,15.7,1.26,16.0,0.26,7.79,6.39,10.65,10.63,14.02,29.8,46.66,13.69,37.1,0.15,highly inconsistent earnings,0.15,,1.65,,2325.5,4.26,27.77,0.04,,17.98,-0.2,12.25,-0.25,163600.0,122000.0,22.5,3.9,-3.12,3.03,0.62,0.16,7,28.0,11.06,13.0,1.0,53.1,WATCH ⭐⭐,Expected ~94% CAGR (2yr) | Profit CAGR 47% | ROCE trend rising ↑ | Low D/E 0.15 | FCF yield 4.3% | Piotroski F=7 (high quality compounder),Earnings due 2026-05-07 | Pattern still forming (not broken out),3-4 years,Medium-High,"yfinance, screener.in",100,287,2026-05-07,2026-06-27,2026-06-01,26,0.0,3,0.0
PYRAMID,Pyramid Technoplast Limited,Consumer Cyclical,Packaging & Containers,647.0,Small-Cap,MonthlyDoubleBottom,Forming,0.926,21,Sep 21mo | Mid rally 94% | Asymmetry 2%,MonthlyDoubleBottom+MonthlyStage2,Uptrend,True,False,Constructive,True,Stage2,3,Uptrend,Uptrend,170.81,258.24,131.8,145.19,728.34,1144.96,1799.87,1144.96,570.3,158.9,22.12,,2.27,0.39,14.42,29.0,,,0,none,10.96,,,8.17,,4.23,6.16,13.8,,,57.2,,,51.6,0.5,insufficient history,0.67,,1.73,,-134.41,-20.78,74.94,0.0,,0.97,0.01,3.26,0.0,189.19,131.8,9.7,29.6,2.87,,1.55,0.17,3,14.0,24.11,12.0,3.0,53.1,WATCH ⭐⭐,Expected ~159% CAGR (2yr) | Profit CAGR 57% | Promoter 75% holding | PEG 0.39 — deeply undervalued | EV/EBITDA 14× below sector (25×) | MonthlyDoubleBottom forming (21mo base),Pattern still forming (not broken out),3-4 years,Medium-High,"yfinance, screener.in",70,34,,2026-06-27,2026-06-01,26,0.0,3,0.0
RBZJEWEL,RBZ Jewellers Limited,Consumer Cyclical,Luxury Goods,533.0,Small-Cap,MonthlyDoubleBottom,Forming,1.0,10,Sep 10mo | Mid rally 107% | Asymmetry 6%,,Downtrend,False,False,Below-MAs,False,Stage2,3,Uptrend,Uptrend,123.52,251.68,118.15,112.24,921.73,1257.24,1714.88,1257.24,917.8,219.0,9.72,,1.78,0.27,7.62,,,,0,none,20.11,,,10.43,,8.61,13.06,38.0,,,36.4,,,36.3,0.5,insufficient history,0.57,,2.99,,-61.32,-11.5,75.0,0.0,,0.0,0.0,0.07,0.01,179.0,100.0,31.0,23.5,-4.93,,0.49,0.16,3,25.0,15.0,13.0,0.0,53.0,WATCH ⭐⭐,Expected ~219% CAGR (2yr) | Revenue CAGR 38% | Profit CAGR 36% | ROE 20% | Promoter 75% holding | PEG 0.27 — deeply undervalued,Pattern still forming (not broken out),3-4 years,Medium-High,"yfinance, screener.in",70,30,,2026-06-27,2026-06-01,26,0.0,3,0.0
RISHABH,Rishabh Instruments Limited,Technology,Scientific & Technical Instruments,2235.0,Small-Cap,MonthlyStage2,Breaking Out,1.0,24,10-EMA=417 | 30-EMA=404 | Above by 31.0% | MA turning=Yes,,Uptrend,True,True,Uptrend,True,Downtrend,0,Uptrend,Uptrend,529.2,403.96,209.95,449.82,763.18,900.02,1061.39,900.02,70.1,30.4,27.48,18.37,2.99,1.53,16.68,0.0,,630.0,1,none,12.0,14.5,-0.69,16.0,-0.71,10.52,6.01,7.64,10.78,14.72,290.48,17.93,17.9,207.7,0.15,highly inconsistent earnings,0.11,,3.02,,-33.72,-1.51,69.55,-0.12,,0.1,-0.14,11.72,-0.85,593.0,272.3,10.8,94.3,87.26,,1.75,1.14,4,11.0,27.0,5.0,10.0,53.0,WATCH ⭐⭐,Expected ~30% CAGR (2yr) | Low D/E 0.11 | Promoter 70% holding | Margin compressing ↓ ⚠️ | EV/EBITDA 17× vs sector 20× | MonthlyStage2 — Breaking Out,Margin compression ↓,3-4 years,Medium-High,"yfinance, screener.in",100,33,,2026-06-27,2026-06-01,26,0.0,3,0.0
PATANJALI,Patanjali Foods Limited,Consumer Defensive,Packaged Foods,45876.0,Large-Cap,MonthlyDoubleBottom,Forming,1.0,9,Sep 9mo | Mid rally 137% | Asymmetry 5%,,Sideways,False,False,Below-MAs,True,Stage2,15,Uptrend,Uptrend,471.1,5144.45,2118.49,2012.57,2592.97,8170.41,8947.51,4816.71,1634.3,316.5,25.31,22.92,3.5,0.3,24.77,83.0,-4.35,588.75,4,strong_buy,16.5,12.0,-2.34,4.0,2.66,4.5,6.13,17.6,49.48,5.84,39.43,85.76,50.62,46.1,0.2,multiple loss years in history,0.21,,2.14,,-2361.68,-5.15,68.25,-0.01,,9.2,-1.62,12.06,-0.98,653.93,408.15,28.0,15.4,-5.99,-1.26,0.79,,4,22.0,18.0,13.0,0.0,53.0,WATCH ⭐⭐,Expected ~316% CAGR (2yr) | Revenue CAGR 49% | Profit CAGR 86% | Low D/E 0.21 | Promoter 68% holding | PEG 0.30 — deeply undervalued,Earnings due 2026-07-16 | Pattern still forming (not broken out),3-4 years,Medium-High,"yfinance, screener.in",100,287,2026-07-16,2026-06-27,2026-06-01,26,0.0,3,1.0
LODHA,Lodha Developers Limited,Real Estate,Real Estate - Development,91715.0,Large-Cap,MonthlyDoubleBottom,Forming,0.37,12,Sep 12mo | Mid rally 43% | Asymmetry 6%,,Sideways,False,False,Below-MAs,True,Stage2,3,Uptrend,Uptrend,892.2,1525.97,1039.62,987.64,2292.18,3107.73,8389.28,4385.18,248.3,86.6,26.81,19.31,3.94,0.29,19.84,46.0,88.89,1191.56,18,strong_buy,15.8,16.6,1.91,30.0,1.26,20.56,5.26,21.02,20.76,25.07,24.0,91.31,134.87,9.4,0.15,highly inconsistent earnings,0.42,,1.75,,-2345.45,-2.56,72.27,0.42,,21.24,-2.25,4.62,1.45,1509.8,650.8,40.9,37.1,-27.61,9.37,0.72,0.58,6,31.0,10.94,11.0,0.0,52.9,WATCH ⭐⭐,Expected ~87% CAGR (2yr) | Revenue CAGR 21% | Profit CAGR 91% | ROCE trend rising ↑ | Promoter 72% holding | OPM 30%,Earnings due 2026-04-24 | Pattern still forming (not broken out),3-4 years,Medium-High,"yfinance, screener.in",100,62,2026-04-24,2026-06-27,2026-06-01,26,0.0,3,0.0
SIGMA,Sigma Solve Limited,Technology,Information Technology Services,397.0,Micro-Cap,MonthlyDoubleBottom,Forming,0.616,13,Sep 13mo | Mid rally 71% | Asymmetry 9%,,Downtrend,False,False,Below-MAs,False,Downtrend,0,Uptrend,Uptrend,40.8,307.38,171.56,162.98,80.9,443.2,98.0,89.04,986.3,229.6,16.67,,6.38,1.66,13.83,13.0,35.72,,0,none,37.8,48.3,0.66,30.0,-1.14,24.97,22.7,26.32,19.68,35.52,26.32,10.06,36.85,-21.4,0.15,highly inconsistent earnings,0.03,,5.24,,17.02,4.28,73.21,-0.01,,0.0,-0.03,,,65.5,35.46,37.7,15.1,12.1,-110.76,0.2,0.1,6,35.0,9.89,6.0,2.0,52.9,WATCH ⭐⭐,Expected ~230% CAGR (2yr) | Revenue CAGR 20% | ROE 38% | ROCE 48% | ROCE trend rising ↑ | Nearly debt-free,Margin compression ↓ | Pattern still forming (not broken out),3-4 years,Medium-High,"yfinance, screener.in",100,68,,2026-06-27,2026-06-01,26,-0.8,3,1.0
GPPL,Gujarat Pipavav Port Limited,Industrials,Marine Shipping,7403.0,Small-Cap,MonthlyDoubleBottom,Forming,0.689,35,Sep 35mo | Mid rally 76% | Asymmetry 7%,MonthlyDoubleBottom+MonthlyStage2,Downtrend,False,False,Below-MAs,False,Stage2,4,Uptrend,Uptrend,153.88,96.94,53.14,130.8,430.11,373.72,599.49,507.79,142.9,55.8,14.37,13.34,3.14,0.8,9.7,653.0,23.47,172.62,8,hold,21.2,28.0,2.71,61.0,0.77,44.47,12.22,17.21,8.09,9.58,29.72,18.06,18.33,26.6,0.15,highly inconsistent earnings,0.01,,2.54,,-52.68,-0.71,44.01,0.0,,22.14,1.1,14.96,0.03,200.09,141.55,23.1,8.7,7.66,23.78,0.36,0.43,5,27.0,12.77,11.0,2.0,52.8,WATCH ⭐⭐,Expected ~56% CAGR (2yr) | ROE 21% | ROCE 28% | ROCE trend rising ↑ | Nearly debt-free | OPM 61%,Pattern still forming (not broken out),3-4 years,Medium-High,"yfinance, screener.in",100,190,,2026-06-27,2026-06-01,26,1.1,3,-3.0
SILVERTUC,Silver Touch Technologies Limited,Technology,Information Technology Services,2359.0,Small-Cap,MonthlyDoubleBottom,Forming,0.354,13,Sep 13mo | Mid rally 37% | Asymmetry 2%,,Sideways,False,True,Below-MAs,True,Downtrend,0,Uptrend,Uptrend,208.71,844.59,609.96,579.46,163.47,1079.22,383.97,250.54,417.1,127.4,65.75,,16.26,1.23,40.39,3.0,-20.63,,0,none,23.6,28.9,4.77,18.0,2.6,10.45,11.89,20.14,28.26,17.88,63.64,53.26,104.77,43.4,0.15,highly inconsistent earnings,0.2,,1.95,,7.3,0.31,74.62,0.01,,1.14,0.39,0.0,-0.04,1117.45,100.5,81.3,107.7,-68.77,414.48,0.65,0.47,7,40.0,9.75,3.0,0.0,52.8,WATCH ⭐⭐,Expected ~127% CAGR (2yr) | Revenue CAGR 28% | Profit CAGR 53% | ROE 24% | ROCE 29% | ROCE trend rising ↑,High PE 66 | Pattern still forming (not broken out),3-4 years,Medium-High,"yfinance, screener.in",100,103,,2026-06-27,2026-06-01,26,42.9,3,0.0
AUTOAXLES,Automotive Axles Limited,Consumer Cyclical,Auto Parts,2710.0,Small-Cap,MonthlyDoubleBottom,Forming,0.767,36,Sep 36mo | Mid rally 81% | Asymmetry 5%,MonthlyCupHandle+MonthlyDoubleBottom,Sideways,False,False,Below-MAs,True,Stage2,3,Uptrend,Uptrend,1689.0,498.28,268.83,1435.65,5249.13,6157.23,7222.43,6157.23,264.5,90.9,16.47,13.46,2.47,0.95,9.81,178.0,26.69,2132.0,1,none,15.8,,,10.12,,7.55,8.74,18.7,,,17.3,,,17.3,0.5,insufficient history,0.01,,2.96,,66.67,2.46,71.04,0.0,,0.83,0.15,15.15,0.58,2115.0,1540.2,20.1,9.7,-3.99,-36.8,0.35,0.5,5,25.0,16.7,10.0,1.0,52.7,WATCH ⭐⭐,Expected ~91% CAGR (2yr) | Revenue CAGR 19% | Nearly debt-free | Promoter 71% holding | Piotroski F=5 (above average quality) | DII buying +0.6% ↑,Pattern still forming (not broken out),3-4 years,Medium-High,"yfinance, screener.in",70,288,,2026-06-27,2026-06-01,26,-0.2,3,2.0
HAPPYFORGE,HAPPY FORGINGS LIMITED,Industrials,Metal Fabrication,13826.0,Mid-Cap,MonthlyStage2,Stage Change,1.0,24,10-EMA=1208 | 30-EMA=1094 | Above by 21.8% | MA turning=Yes,MonthlyDoubleBottom+MonthlyStage2,Uptrend,True,True,Uptrend,True,Stage2,4,Uptrend,Uptrend,1331.9,1093.71,767.47,1132.12,1034.89,1419.95,1322.62,1169.94,6.6,3.3,45.87,31.05,6.49,3.51,29.44,27.0,-25.0,1455.29,7,none,15.2,18.2,-1.5,30.0,0.63,19.5,9.84,9.72,8.9,21.45,13.11,13.05,28.56,23.4,0.4,lumpy earner,0.15,,2.35,,-33.0,-0.24,78.48,-0.02,,1.73,-0.11,16.48,-0.25,1490.0,862.05,10.6,54.5,45.92,,0.89,0.87,4,16.0,26.5,0.0,10.0,52.5,WATCH ⭐⭐,Expected ~3% CAGR (2yr) | Low D/E 0.15 | Promoter 78% holding | OPM 30% | MonthlyStage2 forming (24mo base) | Weekly uptrend,None identified,3-4 years,Medium-High,"yfinance, screener.in",100,31,,2026-06-27,2026-06-01,26,-2.9,3,0.0
INDIAGLYCO,India Glycols Limited,Basic Materials,Chemicals,6419.0,Small-Cap,MonthlyDoubleBottom,Forming,1.0,41,Sep 41mo | Mid rally 459% | Asymmetry 8%,,Uptrend,True,False,Uptrend,True,Stage2,1,Uptrend,Uptrend,998.2,216.52,37.22,848.47,1320.62,1685.25,2150.54,1685.25,68.8,29.9,20.83,,2.19,0.75,12.41,131.0,25.99,,0,none,11.3,12.4,0.63,15.0,0.74,6.95,4.86,11.76,16.68,12.69,26.84,27.61,17.29,35.7,0.15,highly inconsistent earnings,0.58,,0.74,,-315.34,-4.91,59.63,0.0,,2.27,-0.15,5.19,-0.03,1222.0,792.5,18.3,26.0,5.88,213.67,0.49,0.25,5,18.0,26.5,6.0,2.0,52.5,WATCH ⭐⭐,Expected ~30% CAGR (2yr) | Revenue CAGR 17% | Profit CAGR 28% | ROCE trend rising ↑ | Promoter 60% holding | Piotroski F=5 (above average quality),Pattern still forming (not broken out),3-4 years,Medium-High,"yfinance, screener.in",100,286,,2026-06-27,2026-06-01,26,0.0,3,0.0
NESCO,Nesco Limited,Industrials,Conglomerates,8018.0,Mid-Cap,MonthlyStage2,Stage Change,1.0,24,10-EMA=1182 | 30-EMA=1046 | Above by 20.3% | MA turning=Yes,MonthlyDoubleBottom+MonthlyStage2,Sideways-Above-MA,True,False,Constructive,True,Stage2,4,Uptrend,Uptrend,1258.6,1045.86,865.55,1069.81,2272.07,2553.35,2869.46,2553.35,102.9,42.4,19.42,16.69,2.68,1.57,14.01,62.0,29.4,1316.0,1,none,14.7,18.3,0.8,53.0,-2.11,40.01,10.08,27.32,19.51,26.21,10.13,12.38,19.15,5.0,0.15,highly inconsistent earnings,0.09,,0.83,,68.46,0.85,68.54,0.0,,4.63,-0.02,3.84,0.06,1638.9,996.0,23.2,26.4,16.34,80.31,0.36,0.49,5,23.0,22.5,5.0,2.0,52.5,WATCH ⭐⭐,Expected ~42% CAGR (2yr) | Revenue CAGR 20% | ROCE trend rising ↑ | Nearly debt-free | Promoter 69% holding | OPM 53%,Margin compression ↓,3-4 years,Medium-High,"yfinance, screener.in",100,218,,2026-06-27,2026-06-01,26,0.0,3,0.0
SBCL,Shivalik Bimetal Controls Limited,Industrials,Metal Fabrication,4300.0,Small-Cap,MonthlyStage2,Stage Change,1.0,24,10-EMA=561 | 30-EMA=512 | Above by 40.6% | MA turning=Yes,MonthlyDoubleBottom+MonthlyStage2,Uptrend,True,False,Tight-Above-MAs,True,Stage2,4,Uptrend,Uptrend,720.3,512.38,387.85,612.25,486.08,636.91,553.5,518.69,,,44.84,29.86,8.9,6.68,32.51,54.0,18.56,777.0,1,none,21.8,26.8,-0.43,23.0,0.4,16.79,12.78,12.4,6.7,22.86,24.68,6.71,30.88,23.7,0.15,highly inconsistent earnings,0.15,,3.47,,-2.47,-0.06,33.36,0.18,,1.73,-0.86,20.0,0.29,789.0,368.6,8.7,95.4,41.2,-15.55,1.11,0.56,4,17.0,28.5,-1.0,8.0,52.5,WATCH ⭐⭐,ROE 22% | ROCE 27% | Low D/E 0.15 | Dividend growing 19%/yr | MonthlyStage2 forming (24mo base) | Weekly uptrend,None identified,3-4 years,Medium-High,"yfinance, screener.in",100,61,,2026-06-27,2026-06-01,26,13.8,3,4.0
GABRIEL,Gabriel India Limited,Consumer Cyclical,Auto Parts,21222.0,Mid-Cap,MonthlyDoubleBottom,Forming,1.0,29,Sep 29mo | Mid rally 110% | Asymmetry 7%,,Uptrend,True,True,Uptrend,True,Stage2,3,Uptrend,Uptrend,1040.6,29.47,13.58,884.51,579.07,872.44,617.92,598.18,,,68.03,33.29,12.59,20.62,38.92,41.0,36.67,1283.83,6,buy,20.6,26.1,-2.0,9.0,0.0,5.41,9.48,14.87,,,2.86,,,3.5,0.15,highly inconsistent earnings,0.11,,1.66,,88.54,0.42,63.55,8.53,,6.51,-0.07,12.8,-3.48,1388.0,582.2,25.0,78.7,5.37,354.49,0.32,0.69,5,22.0,26.5,1.0,3.0,52.5,WATCH ⭐⭐,ROE 21% | ROCE 26% | Low D/E 0.11 | Promoter 64% holding | Promoters buying ↑ | Piotroski F=5 (above average quality),High PE 68 | Pattern still forming (not broken out),3-4 years,Medium-High,"yfinance, screener.in",80,255,,2026-06-27,2026-06-01,26,-5.0,3,5.0
GRSE,Garden Reach Shipbuilders & Engineers Limited,Industrials,Aerospace & Defense,32055.0,Large-Cap,MonthlyCupHandle,Forming,0.695,23,Cup 23mo | Depth 47% | Prior gain 124% | R²=0.96,,Sideways-Above-MA,True,False,Constructive,False,Stage2,4,Uptrend,Uptrend,2648.7,3226.54,1708.53,2251.39,2546.07,4744.55,3927.48,3162.22,79.1,33.8,46.51,33.31,12.21,1.92,36.09,96.0,4.87,3146.0,6,buy,31.79,,,16.15,,10.68,4.45,29.1,,,24.2,,,24.1,0.5,insufficient history,0.01,,1.23,,-291.49,-0.91,74.5,0.0,,3.51,0.55,1.69,0.05,3538.4,1963.7,25.1,34.9,6.75,317.52,0.23,0.67,2,29.0,18.34,3.0,2.0,52.3,WATCH ⭐⭐,Expected ~34% CAGR (2yr) | Revenue CAGR 29% | Profit CAGR 24% | ROE 32% | Nearly debt-free | Promoter 74% holding,Pattern still forming (not broken out),3-4 years,Medium-High,"yfinance, screener.in",70,93,,2026-06-27,2026-06-01,26,-0.4,3,-2.1
SCHAEFFLER,Schaeffler India Limited,Consumer Cyclical,Auto Parts,67678.0,Large-Cap,MonthlyCupHandle,Forming,0.924,23,Cup 23mo | Depth 23% | Prior gain 30% | R²=1.00,MonthlyCupHandle+MonthlyDoubleBottom,Sideways-Above-MA,True,False,Uptrend,True,Stage2,3,Uptrend,Uptrend,4078.1,4584.62,3519.0,3466.38,3251.06,5650.24,3973.94,3594.37,38.6,17.7,55.86,42.95,11.19,5.29,35.88,81.0,13.4,4788.71,7,none,20.2,27.3,0.0,18.0,-0.2,12.03,,4.24,11.67,,5.65,10.56,,25.6,0.15,highly inconsistent earnings,0.01,,,,,,74.13,0.0,,4.25,-0.2,16.32,0.21,4467.7,3518.4,8.7,15.9,4.38,14.35,0.48,0.01,1,23.0,22.09,2.0,5.0,52.1,WATCH ⭐⭐,Expected ~18% CAGR (2yr) | ROE 20% | ROCE 27% | Nearly debt-free | Promoter 74% holding | Dividend growing 13%/yr,High PE 56 | Earnings due 2026-07-23 | Pattern still forming (not broken out),3-4 years,Medium-High,"yfinance, screener.in",80,288,2026-07-23,2026-06-27,2026-06-01,26,2.3,3,-3.0
PHOENIXLTD,The Phoenix Mills Limited,Real Estate,Real Estate - Diversified,67276.0,Large-Cap,MonthlyDoubleBottom,Forming,1.0,19,Sep 19mo | Mid rally 106% | Asymmetry 5%,MonthlyCupHandle+MonthlyDoubleBottom,Uptrend,True,False,Tight-Above-MAs,True,Stage2,3,Uptrend,Uptrend,1721.8,485.27,230.52,1463.53,843.2,1320.37,872.97,857.95,,,53.76,36.41,6.12,30.72,28.47,13.0,27.72,2014.0,21,buy,11.6,12.8,1.86,60.0,2.23,27.67,6.41,16.18,19.13,33.58,19.13,1.75,100.54,50.0,0.15,highly inconsistent earnings,0.37,,0.87,,1810.56,2.69,47.25,0.0,,32.97,-0.88,16.14,0.88,1993.0,1402.5,13.6,22.8,18.15,98.83,0.33,0.29,6,19.0,28.0,1.0,4.0,52.0,WATCH ⭐⭐,Revenue CAGR 19% | ROCE trend rising ↑ | OPM 60% | Piotroski F=6 (above average quality) | DII buying +0.9% ↑ | Dividend growing 28%/yr,High PE 54 | Earnings due 2026-07-23 | Pattern still forming (not broken out),3-4 years,Medium-High,"yfinance, screener.in",100,230,2026-07-23,2026-06-27,2026-06-01,26,0.0,3,-1.0
TCS,Tata Consultancy Services Limited,Technology,Information Technology Services,768844.0,Large-Cap,MonthlyDoubleBottom,Forming,0.538,30,Sep 30mo | Mid rally 54% | Asymmetry 1%,,Downtrend,False,False,Below-MAs,False,Downtrend,0,Uptrend,Uptrend,2327.1,4348.04,2804.96,2664.71,4341.08,5891.12,4817.08,4572.89,153.2,59.1,15.62,12.82,7.17,2.93,10.48,584.0,-9.06,2967.31,42,buy,51.8,63.0,3.09,27.0,-0.29,18.43,24.44,4.58,5.8,10.22,1.35,5.34,8.72,12.2,0.4,lumpy earner,0.1,,2.23,,37059.75,4.82,71.77,0.0,,9.66,-0.71,13.34,0.53,3489.9,2059.9,33.3,13.0,-22.74,-46.09,0.83,0.23,5,35.0,9.96,7.0,0.0,52.0,WATCH ⭐⭐,Expected ~59% CAGR (2yr) | ROE 52% | ROCE 63% | ROCE trend rising ↑ | Low D/E 0.10 | Promoter 72% holding,Earnings due 2026-07-09 | Pattern still forming (not broken out),3-4 years,Medium-High,"yfinance, screener.in",100,286,2026-07-09,2026-06-27,2026-06-01,26,0.0,3,0.0
ZFCVINDIA,ZF Commercial Vehicle Control Systems India Limited,Consumer Cyclical,Auto Parts,29959.0,Mid-Cap,MonthlyDoubleBottom,Forming,0.788,47,Sep 47mo | Mid rally 79% | Asymmetry 0%,MonthlyDoubleBottom+MonthlyStage2,Uptrend,True,False,Tight-Above-MAs,True,Stage2,3,Uptrend,Uptrend,14325.0,8444.59,4718.94,12176.25,12762.33,16287.24,17647.0,15007.23,13.7,6.6,57.8,38.81,8.12,3.29,,3.0,16.55,18207.25,4,none,15.2,20.3,0.2,16.0,1.4,12.55,7.96,7.52,6.15,,12.15,17.59,,46.1,0.15,highly inconsistent earnings,,,5.3,,564.08,1.88,60.0,0.0,,5.79,0.42,26.21,-0.47,16665.0,12302.0,14.0,16.4,14.84,-4.51,0.64,-0.06,6,19.0,25.96,3.0,4.0,52.0,WATCH ⭐⭐,Expected ~7% CAGR (2yr) | ROCE 20% | ROCE trend rising ↑ | Promoter 60% holding | Piotroski F=6 (above average quality) | Dividend growing 17%/yr,High PE 58 | Pattern still forming (not broken out),3-4 years,Medium-High,"yfinance, screener.in",90,286,,2026-06-27,2026-06-01,26,0.0,3,0.0
PITTIENG,Pitti Engineering Limited,Industrials,Metal Fabrication,3726.0,Small-Cap,MonthlyDoubleBottom,Forming,1.0,23,Sep 23mo | Mid rally 133% | Asymmetry 9%,MonthlyCupHandle+MonthlyDoubleBottom+MonthlyStage2,Sideways-Above-MA,True,True,Constructive,True,Stage2,4,Uptrend,Uptrend,921.65,1510.04,621.3,783.4,1316.88,2398.78,2090.35,1659.14,160.3,61.3,31.74,17.9,3.78,1.22,12.34,15.0,6.27,1178.0,1,strong_buy,12.5,14.8,-0.7,16.0,0.34,6.16,7.58,12.2,20.26,29.86,-3.28,25.99,32.4,-26.4,0.15,highly inconsistent earnings,0.82,,1.4,,-25.93,-0.7,54.17,0.0,,1.12,0.19,20.23,0.0,1044.4,675.0,11.8,36.5,-1.28,128.8,0.57,0.26,4,18.0,22.0,8.0,4.0,52.0,WATCH ⭐⭐,Expected ~61% CAGR (2yr) | Revenue CAGR 20% | Profit CAGR 26% | Promoter 54% holding | PEG 1.22 — fair value | EV/EBITDA 12× below sector (18×),Pattern still forming (not broken out),3-4 years,Medium-High,"yfinance, screener.in",100,232,,2026-06-27,2026-06-01,26,0.0,3,2.0
SONACOMS,Sona BLW Precision Forgings Limited,Consumer Cyclical,Auto Parts,38180.0,Large-Cap,MonthlyDoubleBottom,Forming,0.95,28,Sep 28mo | Mid rally 98% | Asymmetry 3%,MonthlyCupHandle+MonthlyDoubleBottom+MonthlyStage2,Uptrend,True,False,Tight-Above-MAs,True,Stage2,3,Uptrend,Uptrend,599.5,761.17,377.51,509.57,510.25,1144.83,695.85,595.86,91.0,38.2,59.53,39.33,6.37,3.55,35.02,59.0,-17.12,620.93,14,buy,11.8,14.8,-1.14,24.0,-0.43,14.39,7.08,25.47,18.47,23.22,4.83,16.78,23.95,16.9,0.15,highly inconsistent earnings,0.07,,3.4,,-702.56,-1.84,28.01,-0.01,,23.7,-0.19,41.46,0.72,621.8,402.3,3.6,49.0,38.86,-12.89,0.26,0.38,4,13.0,27.9,1.0,10.0,51.9,WATCH ⭐⭐,Expected ~38% CAGR (2yr) | Revenue CAGR 18% | Nearly debt-free | DII buying +0.7% ↑ | MonthlyDoubleBottom forming (28mo base) | Weekly uptrend,High PE 60 | Earnings due 2026-04-30 | Pattern still forming (not broken out),3-4 years,Medium-High,"yfinance, screener.in",100,61,2026-04-30,2026-06-27,2026-06-01,26,3.4,3,4.0
VSSL,Vardhman Special Steels Limited,Basic Materials,Steel,2722.0,Small-Cap,MonthlyStage2,Stage Change,0.946,24,10-EMA=263 | 30-EMA=245 | Above by 14.2% | MA turning=Yes,MonthlyDoubleBottom+MonthlyStage2,Sideways-Above-MA,True,False,Constructive,True,Stage2,1,Uptrend,Uptrend,279.7,244.95,197.72,237.74,410.47,598.47,872.56,598.47,114.0,46.3,21.46,12.63,2.23,0.47,12.44,107.0,19.68,,0,none,12.1,16.5,,8.0,-1.0,6.96,7.94,6.2,,,1.09,,,72.2,0.5,insufficient history,0.07,,2.9,,-167.91,-6.17,51.06,-0.04,,0.55,0.01,3.34,0.04,324.0,206.4,13.7,35.5,15.65,29.78,0.31,0.42,3,18.0,21.85,8.0,4.0,51.8,WATCH ⭐⭐,Expected ~46% CAGR (2yr) | Profit CAGR 46% | Nearly debt-free | Promoter 51% holding | Margin compressing ↓ ⚠️ | Dividend growing 20%/yr,Margin compression ↓,3-4 years,Medium-High,"yfinance, screener.in",80,169,,2026-06-27,2026-06-01,26,0.0,3,1.0
RESPONIND,Responsive Industries Limited,Basic Materials,Specialty Chemicals,5095.0,Small-Cap,MonthlyDoubleBottom,Forming,1.0,42,Sep 42mo | Mid rally 183% | Asymmetry 1%,,Sideways-Above-MA,True,True,Constructive,True,Stage2,1,Uptrend,Uptrend,165.42,206.53,72.68,140.61,190.65,349.61,641.11,349.61,111.3,45.4,34.37,,3.25,0.41,21.7,5.0,0.0,,0,none,10.3,10.8,2.2,17.0,1.26,10.65,5.94,-1.69,12.69,13.02,-25.63,83.38,43.88,-57.9,0.15,highly inconsistent earnings,0.12,,6.16,,-50.99,-1.0,59.14,0.0,,32.2,0.97,3.22,-0.06,251.0,117.25,34.1,41.1,-22.45,-21.08,2.03,0.71,6,21.0,22.5,7.0,1.0,51.5,WATCH ⭐⭐,Expected ~45% CAGR (2yr) | Profit CAGR 83% | ROCE trend rising ↑ | Low D/E 0.12 | Promoter 59% holding | Piotroski F=6 (above average quality),Pattern still forming (not broken out),3-4 years,Medium-High,"yfinance, screener.in",100,188,,2026-06-27,2026-06-01,26,0.0,3,0.0
SUZLON,Suzlon Energy Limited,Industrials,Specialty Industrial Machinery,81329.0,Large-Cap,MonthlyDoubleBottom,Forming,1.0,15,Sep 15mo | Mid rally 155% | Asymmetry 7%,MonthlyDoubleBottom+MonthlyStage2,Sideways-Above-MA,True,False,Constructive,True,Stage2,4,Uptrend,Uptrend,52.91,419.96,159.56,151.58,56.5,680.36,60.04,58.24,1185.9,258.6,25.63,25.58,10.36,8.29,26.3,0.0,0.0,65.04,13,strong_buy,40.6,35.1,4.74,18.0,0.6,18.97,10.78,53.65,40.98,37.98,52.65,3.09,30.0,-5.7,0.15,highly inconsistent earnings,0.06,,1.65,,-430.29,-0.53,11.73,0.0,,23.85,0.12,9.18,-0.05,68.3,38.19,22.5,38.5,-14.15,223.1,0.64,0.68,6,26.0,21.5,2.0,2.0,51.5,WATCH ⭐⭐,Expected ~259% CAGR (2yr) | Revenue CAGR 41% | ROE 41% | ROCE 35% | ROCE trend rising ↑ | Nearly debt-free,Earnings due 2026-08-12 | Pattern still forming (not broken out),3-4 years,Medium-High,"yfinance, screener.in",100,248,2026-08-12,2026-06-27,2026-06-01,26,0.0,3,1.0
FCL,Fineotex Chemical Limited,Basic Materials,Specialty Chemicals,5068.0,Small-Cap,MonthlyStage2,Stage Change,1.0,24,10-EMA=29 | 30-EMA=28 | Above by 38.8% | MA turning=No,MonthlyDoubleBottom+MonthlyStage2,Uptrend,True,False,Tight-Above-MAs,True,Stage2,1,Uptrend,Uptrend,39.17,28.22,19.24,33.29,23.64,37.2,29.43,26.38,,,39.93,31.09,4.1,3.45,26.81,37.0,58.74,28.0,1,none,13.5,18.3,-1.86,17.0,0.26,14.08,7.68,44.84,14.3,28.66,14.68,11.57,22.67,58.3,0.15,highly inconsistent earnings,0.01,,2.8,,-75.68,-1.49,62.3,-0.27,,2.92,0.39,1.27,-0.01,45.7,19.1,14.3,105.1,55.52,13.13,1.19,0.53,4,14.0,28.5,-1.0,10.0,51.5,WATCH ⭐⭐,Nearly debt-free | Promoter 62% holding | Dividend growing 59%/yr | MonthlyStage2 forming (24mo base) | Weekly uptrend | Tight daily consolidation above MAs,None identified,3-4 years,Medium-High,"yfinance, screener.in",100,138,,2026-06-27,2026-06-01,26,17.9,3,2.5
HUHTAMAKI,Huhtamaki India Limited,Consumer Cyclical,Packaging & Containers,1404.0,Small-Cap,MonthlyDoubleBottom,Forming,1.0,48,Sep 48mo | Mid rally 207% | Asymmetry 4%,,Downtrend,False,False,Below-MAs,False,Stage2,3,Uptrend,Uptrend,163.73,442.79,141.24,139.17,675.08,778.64,898.08,778.64,375.6,118.1,11.94,9.48,1.09,0.78,6.02,108.0,0.0,265.0,1,none,13.0,17.6,0.0,11.0,0.3,4.75,,6.92,26.11,,12.66,15.34,,-2.1,0.75,consistent growth,0.11,,,,,,67.73,0.0,,1.34,0.22,1.14,0.02,272.65,148.6,39.9,10.2,-13.92,-60.64,0.26,-0.07,2,24.0,16.5,11.0,0.0,51.5,WATCH ⭐⭐,Expected ~118% CAGR (2yr) | Revenue CAGR 26% | Low D/E 0.11 | Promoter 68% holding | EPS: consistent growth | PEG 0.78 — undervalued,Pattern still forming (not broken out),3-4 years,Medium-High,"yfinance, screener.in",80,287,,2026-06-27,2026-06-01,26,0.0,3,3.0
HESTERBIO,HESTER BIOSCIENCES LTD,Healthcare,Drug Manufacturers - Specialty & Generic,0.0,Micro-Cap,MonthlyDoubleBottom,Forming,1.0,12,Sep 12mo | Mid rally 166% | Asymmetry 4%,MonthlyDoubleBottom+MonthlyStage2,Uptrend,True,False,Uptrend,True,Stage2,5,Uptrend,Uptrend,1952.9,3359.21,1238.65,1659.97,3890.76,5479.77,6249.73,4931.14,180.6,67.5,30.77,,4.9,1.15,22.64,53.0,-11.21,,0,none,15.9,15.2,-0.77,26.0,-1.4,16.73,6.36,7.07,7.78,9.25,96.55,26.74,10.25,1138.0,0.15,highly inconsistent earnings,0.53,,1.37,,36.05,,53.73,0.0,,0.38,-0.14,0.0,-0.01,2350.0,1239.3,16.9,57.6,5.16,-3.96,0.34,0.5,3,17.0,25.5,6.0,3.0,51.5,WATCH ⭐⭐,Expected ~68% CAGR (2yr) | Profit CAGR 27% | Promoter 54% holding | OPM 26% | Margin compressing ↓ ⚠️ | PEG 1.15 — fair value,Margin compression ↓ | Pattern still forming (not broken out),3-4 years,Medium-High,"yfinance, screener.in",100,136,,2026-06-27,2026-06-01,26,8.7,3,4.0
IRISDOREME,Iris Clothings Limited,Consumer Cyclical,Apparel Manufacturing,681.0,Small-Cap,MonthlyDoubleBottom,Forming,1.0,48,Sep 48mo | Mid rally 289% | Asymmetry 7%,,Uptrend,True,False,Constructive,True,Stage2,3,Uptrend,Uptrend,36.59,106.0,26.35,31.1,45.08,185.65,68.87,55.72,407.4,125.3,46.95,,5.6,1.99,27.06,,,,0,none,14.46,,,15.76,,8.48,8.48,50.4,,,23.6,,,43.5,0.5,insufficient history,0.24,,3.19,,-26.83,-3.94,61.17,0.0,,,0.0,0.79,-0.09,66.53,26.35,45.0,38.9,-36.68,-78.83,0.53,-0.15,3,22.0,25.5,4.0,0.0,51.5,WATCH ⭐⭐,Expected ~125% CAGR (2yr) | Revenue CAGR 50% | Profit CAGR 24% | Low D/E 0.24 | Promoter 61% holding | MonthlyDoubleBottom forming (48mo base),Pattern still forming (not broken out),3-4 years,Medium-High,"yfinance, screener.in",70,91,,2026-06-27,2026-06-01,26,0.0,3,4.0
VARDHACRLC,Vardhman Acrylics Limited,Consumer Cyclical,Textile Manufacturing,357.0,Micro-Cap,MonthlyDoubleBottom,Forming,0.821,24,Sep 24mo | Mid rally 85% | Asymmetry 2%,MonthlyDoubleBottom+MonthlyStage2,Sideways-Above-MA,True,True,Constructive,True,Stage2,3,Uptrend,Uptrend,44.28,70.01,37.49,37.64,1642.16,13317.89,108008.11,13317.89,29976.5,1634.3,13.12,,1.55,0.02,10.3,337.0,45.0,,0,none,11.06,,,11.2,,8.55,2.49,15.8,,,711.0,,,694.8,0.5,insufficient history,,,3.5,,-4.82,-1.35,74.97,0.0,,0.02,0.0,,,54.25,27.01,18.4,63.9,1.79,-31.54,2.54,0.34,4,17.0,20.35,12.0,2.0,51.4,WATCH ⭐⭐,Expected ~1634% CAGR (2yr) | Revenue CAGR 16% | Profit CAGR 711% | Promoter 75% holding | Dividend growing 45%/yr | PEG 0.02 — deeply undervalued,Pattern still forming (not broken out),3-4 years,Medium-High,"yfinance, screener.in",60,273,,2026-06-27,2026-06-15,12,0.0,1,0.0
PANSARI,Pansari Developers Limited,Real Estate,Real Estate - Development,526.0,Small-Cap,MonthlyDoubleBottom,Forming,0.963,14,Sep 14mo | Mid rally 106% | Asymmetry 10%,,Downtrend,False,False,Below-MAs,False,Stage2,3,Uptrend,Uptrend,258.45,152.0,70.2,219.68,649.42,1399.12,3014.26,1399.12,441.4,132.7,30.87,,3.71,0.27,38.23,0.0,,,0,none,13.8,12.5,1.11,15.0,0.0,20.7,1.73,140.0,61.01,21.67,150.0,115.44,37.97,53.1,0.15,highly inconsistent earnings,0.65,,1.15,,-12.13,-2.31,73.88,0.0,,,,,,352.3,218.0,26.6,18.6,26.23,174.7,0.88,-0.45,3,23.0,15.06,7.0,6.0,51.1,WATCH ⭐⭐,Expected ~133% CAGR (2yr) | Revenue CAGR 61% | Profit CAGR 115% | ROCE trend rising ↑ | Promoter 74% holding | PEG 0.27 — deeply undervalued,Pattern still forming (not broken out),3-4 years,Medium-High,"yfinance, screener.in",100,111,,2026-06-27,2026-06-01,26,0.0,3,-5.0
KAPSTON,Kapston Services Limited,Industrials,Specialty Business Services,1055.0,Small-Cap,MonthlyDoubleBottom,Forming,0.622,14,Sep 14mo | Mid rally 72% | Asymmetry 9%,,Uptrend,True,False,Tight-Above-MAs,True,Stage2,4,Uptrend,Uptrend,325.05,65.23,36.33,276.29,388.5,483.29,601.21,483.29,48.7,21.9,37.47,,9.07,1.54,27.96,0.0,,,0,none,27.4,14.9,2.0,5.0,0.5,3.39,7.7,20.46,,,55.56,,,24.3,1.0,steady compounder (low CV),1.58,,1.43,,-17.41,-1.65,72.87,0.0,,,,,,433.5,230.9,25.0,40.8,43.92,332.06,0.43,0.17,5,20.0,22.96,1.0,7.0,51.0,WATCH ⭐⭐,Expected ~22% CAGR (2yr) | Revenue CAGR 17% | Profit CAGR 24% | ROE 27% | ROCE trend rising ↑ | Promoter 73% holding,High D/E 1.6 | Pattern still forming (not broken out),3-4 years,Medium-High,"yfinance, screener.in",80,98,,2026-06-27,2026-06-01,26,0.0,3,-8.0
WINDLAS,Windlas Biotech Limited,Healthcare,Drug Manufacturers - Specialty & Generic,1684.0,Small-Cap,MonthlyAscTriangle,Forming,1.0,3,3 resistance tests | Support rise 238% | Resistance flat 8.2%,MonthlyAscTriangle+MonthlyDoubleBottom+MonthlyStage2,Sideways,False,False,Below-MAs,True,Stage2,5,Uptrend,Uptrend,767.4,1132.84,195.75,652.29,1442.98,2069.93,1919.97,1664.47,169.7,64.2,26.18,,3.21,1.71,14.2,71.0,18.34,,0,none,12.2,15.9,-0.14,12.0,-0.06,7.35,5.55,18.95,20.79,16.13,8.2,15.35,32.77,-1.8,0.15,highly inconsistent earnings,0.06,,1.95,,20.85,1.24,63.31,1.41,,0.99,0.39,10.2,-1.6,1097.9,697.4,30.1,10.0,-5.59,140.0,0.5,0.27,5,27.0,18.0,6.0,0.0,51.0,WATCH ⭐⭐,Expected ~64% CAGR (2yr) | Revenue CAGR 21% | Nearly debt-free | Promoter 63% holding | Promoters buying ↑ | Piotroski F=5 (above average quality),Pattern still forming (not broken out),3-4 years,Medium-High,"yfinance, screener.in",100,58,,2026-06-27,2026-06-01,26,0.0,3,-1.0
ESCORTS,Escorts Kubota Limited,Industrials,Farm & Heavy Construction Machinery,31041.0,Large-Cap,MonthlyDoubleBottom,Forming,0.875,14,Sep 14mo | Mid rally 88% | Asymmetry 0%,,Downtrend,False,False,Below-MAs,False,Stage2,4,Uptrend,Uptrend,2761.4,976.3,520.15,2347.19,6800.63,7705.25,16439.87,10573.62,179.0,67.0,22.73,19.86,2.51,0.41,16.2,117.0,37.0,3402.71,17,hold,11.9,15.7,-1.8,13.0,-0.51,20.75,5.37,12.65,11.04,10.47,89.25,55.48,22.38,0.7,0.15,highly inconsistent earnings,0.01,,3.26,,1400.26,4.51,68.04,0.0,,5.71,0.46,11.66,-0.54,4180.0,2700.0,33.9,2.3,-12.31,-8.86,0.46,0.32,5,25.0,14.0,12.0,0.0,51.0,WATCH ⭐⭐,Expected ~67% CAGR (2yr) | Profit CAGR 55% | Nearly debt-free | Promoter 68% holding | Margin compressing ↓ ⚠️ | FCF yield 4.5%,Margin compression ↓ | Earnings due 2026-08-03 | Pattern still forming (not broken out),3-4 years,Medium-High,"yfinance, screener.in",100,366,2026-08-03,2026-06-27,2026-06-01,26,-4.5,3,0.0
PIDILITIND,Pidilite Industries Limited,Basic Materials,Specialty Chemicals,160798.0,Large-Cap,MonthlyDoubleBottom,Forming,0.288,29,Sep 29mo | Mid rally 33% | Asymmetry 4%,MonthlyDoubleBottom+MonthlyStage2,Sideways,False,False,Below-MAs,True,Stage2,1,Uptrend,Uptrend,1455.8,1695.86,1252.42,1237.43,593.62,2139.3,915.99,737.4,47.0,21.2,65.8,51.97,14.85,2.72,44.69,63.0,25.99,1631.05,20,buy,23.9,31.0,1.03,24.0,0.63,16.77,13.26,11.12,7.36,14.89,17.89,24.22,17.02,37.2,0.4,lumpy earner,0.04,,2.38,,1837.48,1.14,69.32,0.0,,11.75,-0.26,9.56,0.35,1595.0,1259.0,8.7,15.6,3.7,-8.79,1.29,0.37,6,35.0,10.96,0.0,5.0,51.0,WATCH ⭐⭐,Expected ~21% CAGR (2yr) | Profit CAGR 24% | ROE 24% | ROCE 31% | ROCE trend rising ↑ | Nearly debt-free,High PE 66 | Earnings due 2026-05-07 | Pattern still forming (not broken out),3-4 years,Medium-High,"yfinance, screener.in",100,287,2026-05-07,2026-06-27,2026-06-01,26,0.0,3,2.0
SPAL,S.P. Apparels Limited,Consumer Cyclical,Apparel Manufacturing,2585.0,Small-Cap,MonthlyStage2,Breaking Out,1.0,24,10-EMA=779 | 30-EMA=719 | Above by 26.4% | MA turning=Yes,MonthlyDoubleBottom+MonthlyStage2,Uptrend,True,False,Uptrend,True,Stage2,3,Uptrend,Uptrend,908.5,718.61,674.15,772.23,1451.87,1550.02,1654.8,1550.02,70.6,30.6,25.64,16.43,2.73,3.79,13.42,19.0,60.0,915.5,2,none,11.2,14.0,0.34,13.0,-0.83,6.39,6.97,13.19,13.46,19.35,6.32,6.76,18.62,-38.8,0.15,highly inconsistent earnings,0.45,,1.32,,74.78,2.89,61.81,-0.12,,1.48,-0.35,16.57,-2.15,1084.0,600.0,16.2,51.4,15.32,82.27,2.52,-0.09,5,15.0,28.0,4.0,4.0,51.0,WATCH ⭐⭐,Expected ~31% CAGR (2yr) | ROCE trend rising ↑ | Promoter 62% holding | Margin compressing ↓ ⚠️ | Piotroski F=5 (above average quality) | Dividend growing 60%/yr,Margin compression ↓,3-4 years,Medium-High,"yfinance, screener.in",100,119,,2026-06-27,2026-06-01,26,15.9,3,2.9
SHRIPISTON,SPR Auto Technologies Limited,Consumer Cyclical,Auto Parts,16473.0,Mid-Cap,None,,0.0,0,,,Uptrend,True,False,Uptrend,True,Stage2,3,Uptrend,Uptrend,3733.1,,,3173.13,7292.52,9044.92,11218.41,9044.92,142.3,55.7,29.85,19.57,5.68,1.24,,27.0,-12.64,4850.0,1,none,21.6,21.0,2.31,20.0,1.37,8.02,,25.61,19.56,22.8,8.72,24.03,44.52,-50.6,0.4,lumpy earner,,,1.94,,,,43.75,0.0,,7.65,1.03,12.89,-0.25,3860.0,2301.2,3.3,62.2,60.68,159.58,,,4,24.0,13.0,4.0,10.0,51.0,WATCH ⭐⭐,Expected ~56% CAGR (2yr) | Revenue CAGR 20% | Profit CAGR 24% | ROE 22% | ROCE 21% | ROCE trend rising ↑,None identified,3-4 years,Medium-High,"yfinance, screener.in",70,121,,2026-06-27,2026-06-01,26,12.6,3,3.0
ADANIPOWER,Adani Power Limited,Utilities,Utilities - Independent Power Producers,446942.0,Large-Cap,MonthlyDoubleBottom,Forming,0.774,13,Sep 13mo | Mid rally 86% | Asymmetry 9%,,Uptrend,True,False,Tight-Above-MAs,True,Stage2,4,Uptrend,Uptrend,223.07,179.17,92.4,189.61,163.17,265.94,185.21,173.84,19.2,9.2,34.96,26.89,6.88,5.34,25.36,0.0,,229.5,8,buy,21.1,17.2,1.77,37.0,1.03,23.66,7.48,-3.49,11.84,15.65,1.73,6.54,59.16,52.3,0.15,highly inconsistent earnings,0.82,,1.41,,-8656.76,-1.94,74.96,0.0,,11.73,0.09,3.69,0.28,254.2,105.65,12.2,111.1,94.28,288.52,0.45,0.5,5,18.0,24.79,0.0,8.0,50.8,WATCH ⭐⭐,Expected ~9% CAGR (2yr) | ROE 21% | ROCE trend rising ↑ | Promoter 75% holding | OPM 37% | Piotroski F=5 (above average quality),Earnings due 2026-04-29 | Pattern still forming (not broken out),3-4 years,Medium-High,"yfinance, screener.in",100,203,2026-04-29,2026-06-27,2026-06-01,26,1.8,3,1.0
KANPRPLA,Kanpur Plastipack Limited,Consumer Cyclical,Packaging & Containers,458.0,Micro-Cap,MonthlyDoubleBottom,Forming,0.69,16,Sep 16mo | Mid rally 75% | Asymmetry 6%,,Downtrend,False,False,Below-MAs,True,Stage2,3,Uptrend,Uptrend,193.47,148.82,82.49,164.45,2276.26,4903.98,10565.13,4903.98,2434.7,403.5,10.99,,1.71,0.1,8.58,47.0,-9.14,,0,none,17.2,17.9,-0.4,9.0,-0.54,5.5,6.93,14.67,14.74,9.78,263.64,115.44,5.92,400.0,0.15,highly inconsistent earnings,0.42,,1.74,,16.89,3.69,68.12,0.49,,0.0,0.0,1.48,0.37,247.0,151.25,21.7,27.9,1.04,62.85,0.6,0.48,5,24.0,11.78,13.0,2.0,50.8,WATCH ⭐⭐,Expected ~404% CAGR (2yr) | Profit CAGR 115% | Promoter 68% holding | Margin compressing ↓ ⚠️ | FCF yield 3.7% | Piotroski F=5 (above average quality),Margin compression ↓ | Pattern still forming (not broken out),3-4 years,Medium-High,"yfinance, screener.in",100,65,,2026-06-27,2026-06-01,26,0.0,3,1.0
DATAMATICS,Datamatics Global Services Limited,Technology,Information Technology Services,4737.0,Small-Cap,MonthlyStage2,Stage Change,0.934,24,10-EMA=757 | 30-EMA=683 | Above by 14.0% | MA turning=Yes,MonthlyDoubleBottom+MonthlyStage2,Sideways-Above-MA,True,False,Constructive,True,Downtrend,0,Uptrend,Uptrend,778.4,682.76,569.21,661.64,840.69,855.57,870.71,855.57,9.9,4.8,24.39,16.36,3.07,13.78,11.8,62.0,58.74,920.0,1,none,16.4,20.8,0.31,19.0,0.71,9.77,8.15,15.32,10.84,11.58,-5.34,1.77,18.35,-1.4,0.15,highly inconsistent earnings,0.14,,1.99,,409.59,8.65,66.33,0.0,,0.48,-0.05,0.11,-0.02,1120.0,593.95,30.5,31.1,-15.56,22.99,0.25,-0.01,6,26.0,20.71,4.0,0.0,50.7,WATCH ⭐⭐,Expected ~5% CAGR (2yr) | ROCE 21% | ROCE trend rising ↑ | Low D/E 0.14 | Promoter 66% holding | FCF yield 8.6%,None identified,3-4 years,Medium-High,"yfinance, screener.in",100,266,,2026-06-27,2026-06-01,26,5.2,3,-0.2
NAZARA,Nazara Technologies Limited,Communication Services,Electronic Gaming & Multimedia,11016.0,Mid-Cap,MonthlyStage2,Stage Change,1.0,24,10-EMA=270 | 30-EMA=250 | Above by 17.8% | MA turning=Yes,MonthlyDoubleBottom+MonthlyStage2,Sideways-Above-MA,True,False,Constructive,True,Downtrend,0,Uptrend,Uptrend,294.95,250.43,217.27,250.71,893.6,709.58,1088.34,986.17,140.6,55.1,10.93,40.18,3.16,1.05,49.45,0.0,,294.7,10,none,30.5,27.2,3.11,-2.0,-2.17,5.24,0.34,12.62,18.79,32.14,60.78,10.36,42.41,79471.4,0.15,highly inconsistent earnings,0.06,,2.05,,157.85,1.43,35.45,0.0,,13.3,1.32,2.16,-1.46,363.25,215.7,18.8,36.7,-1.43,40.11,1.27,0.09,6,25.0,21.5,3.0,1.0,50.5,WATCH ⭐⭐,Expected ~55% CAGR (2yr) | Revenue CAGR 19% | ROE 30% | ROCE 27% | ROCE trend rising ↑ | Nearly debt-free,Margin compression ↓,3-4 years,Medium-High,"yfinance, screener.in",100,63,,2026-06-27,2026-06-01,26,0.0,3,-3.0
DHANUKA,Dhanuka Agritech Limited,Basic Materials,Agricultural Inputs,4762.0,Small-Cap,MonthlyDoubleBottom,Forming,1.0,24,Sep 24mo | Mid rally 117% | Asymmetry 4%,,Downtrend,False,False,Below-MAs,False,Stage2,1,Uptrend,Uptrend,1081.2,1975.0,889.6,919.02,1564.89,3060.4,1978.1,1759.4,183.1,68.2,16.78,13.65,2.86,1.35,11.28,19.0,-47.72,1414.38,8,none,22.0,28.3,-0.57,20.0,0.66,14.22,10.87,15.69,11.25,12.69,24.27,12.43,16.07,29.5,0.15,highly inconsistent earnings,0.02,,4.09,,112.15,2.35,69.72,0.0,,1.93,-0.21,19.43,0.65,1975.0,889.6,45.3,21.5,-38.71,25.64,0.31,0.29,6,27.0,16.5,7.0,0.0,50.5,WATCH ⭐⭐,Expected ~68% CAGR (2yr) | ROE 22% | ROCE 28% | Nearly debt-free | Promoter 70% holding | Piotroski F=6 (above average quality),Pattern still forming (not broken out),3-4 years,Medium-High,"yfinance, screener.in",100,181,,2026-06-27,2026-06-01,26,-8.5,3,-2.0
GODREJPROP,Godrej Properties Limited,Real Estate,Real Estate - Development,54097.0,Large-Cap,MonthlyDoubleBottom,Forming,1.0,17,Sep 17mo | Mid rally 146% | Asymmetry 10%,,Sideways,False,False,Below-MAs,True,Stage2,3,Uptrend,Uptrend,1691.4,1189.25,460.4,1437.69,2991.45,3476.95,6172.96,4297.22,105.6,43.4,29.24,17.57,2.82,0.67,-147.81,56.0,12.76,2246.55,22,buy,10.2,8.28,1.17,-9.0,6.86,36.06,-0.48,4.23,31.59,46.32,32.54,43.65,46.37,70.1,0.4,lumpy earner,0.82,,1.27,,-4857.33,-8.98,51.66,4.49,,26.17,-1.98,8.19,-2.59,2450.9,1434.0,31.0,17.9,-14.94,-22.41,0.3,0.43,3,23.0,18.5,9.0,0.0,50.5,WATCH ⭐⭐,Expected ~43% CAGR (2yr) | Revenue CAGR 32% | Profit CAGR 44% | ROCE trend rising ↑ | Promoter 52% holding | Promoters buying ↑,Earnings due 2026-07-30 | Pattern still forming (not broken out),3-4 years,Medium-High,"yfinance, screener.in",100,198,2026-07-30,2026-06-27,2026-06-01,26,-1.4,3,0.0
IRCTC,Indian Railway Catering & Tourism Corporation Limited,Consumer Cyclical,Travel Services,41568.0,Large-Cap,MonthlyDoubleBottom,Forming,1.0,44,Sep 44mo | Mid rally 116% | Asymmetry 8%,,Downtrend,False,False,Below-MAs,False,Stage2,3,Uptrend,Uptrend,529.8,1108.01,492.65,468.02,805.89,1723.37,1001.18,898.24,225.3,80.4,29.84,22.84,9.65,2.6,23.28,183.0,-24.09,654.12,8,none,34.6,46.1,-4.0,32.0,-1.3,26.72,14.05,11.55,13.77,,5.93,11.46,,-8.9,0.75,consistent growth,0.02,,2.15,,1005.71,2.42,62.4,0.0,,4.86,-2.33,14.86,0.84,798.6,492.65,33.7,7.5,-23.53,-36.39,0.6,0.11,5,30.0,16.5,4.0,0.0,50.5,WATCH ⭐⭐,Expected ~80% CAGR (2yr) | ROE 35% | ROCE 46% | Nearly debt-free | Promoter 62% holding | OPM 32%,Margin compression ↓ | Earnings due 2026-08-13 | Pattern still forming (not broken out),3-4 years,Medium-High,"yfinance, screener.in",100,80,2026-08-13,2026-06-27,2026-06-01,26,0.0,3,0.0
SURANAT&P,Surana Telecom and Power Limited,Utilities,Utilities - Independent Power Producers,263.0,Micro-Cap,MonthlyDoubleBottom,Forming,1.0,33,Sep 33mo | Mid rally 396% | Asymmetry 8%,MonthlyDoubleBottom+MonthlyStage2,Sideways,False,False,Below-MAs,True,Stage2,4,Uptrend,Uptrend,18.64,11.01,2.13,15.84,60.23,98.7,161.73,98.7,429.5,130.1,12.17,,1.63,0.19,-146.06,0.0,6.27,,0,none,14.7,13.4,0.74,-5.0,-12.09,40.8,-2.65,281.25,29.64,16.03,-4.35,63.86,48.96,-7.1,0.15,highly inconsistent earnings,0.34,,2.28,,-117.0,-44.54,71.89,0.38,,0.0,0.0,0.05,0.0,26.78,15.5,30.4,20.3,4.05,75.58,0.23,0.28,3,22.0,19.5,8.0,1.0,50.5,WATCH ⭐⭐,Expected ~130% CAGR (2yr) | Revenue CAGR 30% | Profit CAGR 64% | ROCE trend rising ↑ | Promoter 72% holding | Margin compressing ↓ ⚠️,Margin compression ↓ | Pattern still forming (not broken out),3-4 years,Medium-High,"yfinance, screener.in",100,287,,2026-06-27,2026-06-01,26,0.0,3,0.0
XCHANGING,Xchanging Solutions Limited,Technology,Information Technology Services,704.0,Small-Cap,MonthlyDoubleBottom,Forming,1.0,32,Sep 32mo | Mid rally 210% | Asymmetry 1%,,Sideways,False,False,Below-MAs,True,Downtrend,0,Uptrend,Uptrend,66.62,80.36,25.74,56.63,183.13,200.44,219.38,200.44,200.9,73.5,11.84,,1.92,1.25,6.75,316.0,-89.47,,0,none,15.8,18.0,1.23,34.0,0.66,29.3,8.34,9.73,5.27,0.7,18.0,9.45,-0.99,10.9,0.15,highly inconsistent earnings,0.18,,4.97,,29.48,4.19,75.0,0.0,,0.11,0.1,0.29,0.0,103.0,47.5,35.3,40.3,-23.3,-22.43,0.31,0.58,6,24.0,18.5,8.0,0.0,50.5,WATCH ⭐⭐,Expected ~74% CAGR (2yr) | ROCE trend rising ↑ | Low D/E 0.18 | Promoter 75% holding | OPM 34% | FCF yield 4.2%,Pattern still forming (not broken out),3-4 years,Medium-High,"yfinance, screener.in",100,255,,2026-06-27,2026-06-01,26,0.0,3,0.0
INNOVACAP,Innova Captab Limited,Healthcare,Drug Manufacturers - Specialty & Generic,5434.0,Small-Cap,MonthlyStage2,Stage Change,1.0,24,10-EMA=774 | 30-EMA=742 | Above by 17.7% | MA turning=Yes,MonthlyDoubleBottom+MonthlyStage2,Sideways-Above-MA,True,True,Constructive,True,Stage2,5,Uptrend,Uptrend,873.3,742.21,507.05,742.3,1406.2,1793.18,2286.67,1793.18,105.3,43.3,38.62,21.29,4.98,1.4,24.74,42.0,,1078.5,2,none,13.7,15.0,-3.37,15.0,0.6,8.64,6.83,31.03,20.74,31.73,10.16,27.52,32.91,28.8,0.15,highly inconsistent earnings,0.32,,1.87,,-26.78,-0.49,50.9,0.0,,0.23,0.13,20.14,-0.1,978.0,622.0,10.7,40.4,9.71,,1.42,0.01,5,19.0,22.5,4.0,5.0,50.5,WATCH ⭐⭐,Expected ~43% CAGR (2yr) | Revenue CAGR 21% | Profit CAGR 28% | Promoter 51% holding | Piotroski F=5 (above average quality) | PEG 1.40 — fair value,None identified,3-4 years,Medium-High,"yfinance, screener.in",100,30,,2026-06-27,2026-06-01,26,0.0,3,1.0
MOTILALOFS,Motilal Oswal Financial Services Limited,Financial Services,Capital Markets,57412.0,Large-Cap,MonthlyDoubleBottom,Forming,1.0,40,Sep 40mo | Mid rally 267% | Asymmetry 2%,MonthlyDoubleBottom+MonthlyStage2,Sideways-Above-MA,True,False,Below-MAs,True,Stage2,12,Uptrend,Uptrend,850.95,1525.03,411.93,723.31,736.71,2638.13,1170.35,928.55,210.0,76.1,31.45,15.91,4.44,1.21,,115.0,33.89,1113.0,5,strong_buy,15.6,12.6,-1.06,41.0,-1.29,23.45,4.83,12.4,30.91,20.92,-25.36,26.04,8.15,,0.15,highly inconsistent earnings,1.64,,5.63,,,,67.54,-0.08,,7.03,0.1,6.02,-0.4,1097.1,614.9,22.4,38.4,6.31,-2.89,0.5,0.21,3,19.0,21.5,7.0,3.0,50.5,WATCH ⭐⭐,Expected ~76% CAGR (2yr) | Revenue CAGR 31% | Profit CAGR 26% | Promoter 68% holding | OPM 41% | Margin compressing ↓ ⚠️,High D/E 1.6 | Margin compression ↓ | Pattern still forming (not broken out),3-4 years,Medium-High,"yfinance, screener.in",90,225,,2026-06-27,2026-06-01,26,0.0,3,1.0
LINCOLN,Lincoln Pharmaceuticals Limited,Healthcare,Drug Manufacturers - Specialty & Generic,1231.0,Small-Cap,MonthlyStage2,Stage Change,1.0,24,10-EMA=592 | 30-EMA=559 | Above by 27.2% | MA turning=Yes,MonthlyCupHandle+MonthlyDoubleBottom+MonthlyStage2,Uptrend,True,True,Tight-Above-MAs,True,Stage2,5,Uptrend,Uptrend,710.35,558.63,456.45,603.8,2063.04,2195.7,2336.88,2195.7,209.1,75.8,14.0,,1.62,2.18,10.18,29.0,6.27,,0,none,12.3,16.3,-1.89,15.0,-1.23,13.1,6.16,7.7,9.58,9.62,7.32,6.43,7.26,0.5,0.15,highly inconsistent earnings,0.01,,5.25,,2.59,0.21,49.78,0.0,,5.2,0.5,1.08,1.07,770.0,440.0,7.7,61.4,33.68,54.55,0.77,0.35,4,11.0,28.5,4.0,7.0,50.5,WATCH ⭐⭐,Expected ~76% CAGR (2yr) | Nearly debt-free | Margin compressing ↓ ⚠️ | DII buying +1.1% ↑ | EV/EBITDA 10× below sector (22×) | MonthlyStage2 forming (24mo base),Margin compression ↓,3-4 years,Medium-High,"yfinance, screener.in",100,126,,2026-06-27,2026-06-01,26,0.0,3,2.0
INDIAMART,IndiaMART InterMESH Limited,Communication Services,Internet Content & Information,12565.0,Mid-Cap,MonthlyDoubleBottom,Forming,0.735,33,Sep 33mo | Mid rally 78% | Asymmetry 5%,,Downtrend,False,False,Below-MAs,False,Downtrend,0,Uptrend,Uptrend,1982.6,3241.48,1779.33,1690.36,2661.62,4703.63,3750.14,3159.34,137.2,54.0,26.53,20.27,5.23,1.42,18.16,144.0,81.71,2332.11,18,none,20.7,28.0,-0.4,30.0,-3.11,30.25,7.16,13.04,16.79,18.55,-13.79,18.7,11.15,-72.2,0.15,highly inconsistent earnings,0.01,,2.34,,503.42,4.01,49.12,0.0,,19.17,0.89,13.54,-2.87,2799.0,1911.0,29.2,3.7,-14.37,-50.22,0.5,0.23,5,32.0,12.32,6.0,0.0,50.3,WATCH ⭐⭐,Expected ~54% CAGR (2yr) | Revenue CAGR 17% | ROE 21% | ROCE 28% | Nearly debt-free | OPM 30%,Margin compression ↓ | Earnings due 2026-07-17 | Pattern still forming (not broken out),3-4 years,Medium-High,"yfinance, screener.in",100,83,2026-07-17,2026-06-27,2026-06-01,26,0.0,3,-2.0
FORCEMOT,Force Motors Limited,Consumer Cyclical,Auto Manufacturers,24557.0,Mid-Cap,None,,0.0,0,,,Downtrend,False,False,Below-MAs,False,Stage2,3,Uptrend,Uptrend,17892.0,,,15208.2,110267.77,229742.91,478669.35,229742.91,1184.1,258.3,20.28,,5.96,0.19,16.29,21.0,58.74,,0,none,29.2,36.1,9.23,16.0,3.37,13.38,12.82,12.2,21.67,35.43,51.31,108.35,53.33,-35.9,0.2,multiple loss years in history,,,1.87,,-98.59,-0.4,61.63,0.0,,10.93,0.47,1.75,-0.05,26450.0,13627.0,32.4,31.3,10.45,536.15,,0.52,6,33.0,3.0,12.0,2.0,50.0,WATCH ⭐⭐,Expected ~258% CAGR (2yr) | Revenue CAGR 22% | Profit CAGR 108% | ROE 29% | ROCE 36% | ROCE trend rising ↑,None identified,3-4 years,Medium-High,"yfinance, screener.in",90,82,,2026-06-27,2026-06-01,26,-6.8,3,-2.0
THERMAX,Thermax Limited,Industrials,Conglomerates,52972.0,Large-Cap,MonthlyStage2,Breaking Out,1.0,24,10-EMA=3575 | 30-EMA=3451 | Above by 28.0% | MA turning=Yes,MonthlyDoubleBottom+MonthlyStage2,Uptrend,True,False,Uptrend,True,Stage2,4,Uptrend,Uptrend,4416.6,3451.42,2878.0,3754.11,2347.0,4024.84,3205.68,2742.94,,,73.53,48.72,9.55,4.36,51.55,30.0,15.87,4409.36,22,hold,12.9,14.9,1.11,10.0,0.66,6.74,4.04,2.94,9.75,17.42,14.83,16.87,28.31,18.7,0.4,lumpy earner,0.42,,1.22,,-311.12,-0.59,61.99,0.0,,11.25,-1.11,15.49,0.65,5075.0,2742.7,13.0,61.0,37.41,72.87,1.88,0.3,4,15.0,28.0,-1.0,8.0,50.0,WATCH ⭐⭐,ROCE trend rising ↑ | Promoter 62% holding | DII buying +0.7% ↑ | Dividend growing 16%/yr | MonthlyStage2 — Breaking Out | Weekly uptrend,High PE 74 | Earnings due 2026-07-30,3-4 years,Medium-High,"yfinance, screener.in",100,287,2026-07-30,2026-06-27,2026-06-01,26,0.0,3,-2.0
AXISCADES,AXISCADES Technologies Limited,Industrials,Engineering & Construction,8265.0,Mid-Cap,MonthlyDoubleBottom,Breakout Ready,1.0,7,Sep 7mo | Mid rally 108% | Asymmetry 0%,,Sideways-Above-MA,True,False,Constructive,False,Stage2,4,Uptrend,Uptrend,1947.6,129.0,62.0,1655.46,892.57,1305.74,1910.17,1305.74,,,114.91,,11.38,2.48,48.58,0.0,,,0,none,11.5,15.3,0.17,15.0,0.49,6.21,6.42,12.42,12.13,17.21,-4.0,46.29,36.85,-98.6,0.2,multiple loss years in history,0.53,,1.53,,-152.07,-1.84,58.05,0.0,,1.16,-0.29,1.63,0.69,2211.0,1063.3,11.9,83.2,51.57,280.0,1.28,0.26,5,19.0,24.0,-1.0,8.0,50.0,WATCH ⭐⭐,Profit CAGR 46% | ROCE trend rising ↑ | Promoter 58% holding | Piotroski F=5 (above average quality) | DII buying +0.7% ↑ | MonthlyDoubleBottom — Breakout Ready,High PE 115,3-4 years,Medium-High,"yfinance, screener.in",100,288,,2026-06-27,2026-06-01,26,-4.7,3,2.0
