Stock,Company_Name,Sector,Industry,Market_Cap_Cr,Cap_Class,Monthly_Pattern,Monthly_Pattern_Status,Monthly_Pattern_Quality,Monthly_Pattern_Duration_Mo,Monthly_Pattern_Details,Converging_Signals,Weekly_Trend,Weekly_Above_40MA,Weekly_Volume_Expanding,Daily_Setup,Daily_Above_50MA,Sector_Trend,Sector_Stage2_Age_Mo,Index_Regime,Nifty_Monthly_Trend,CMP,Breakout_Zone,Pattern_Bottom,Stop_Loss,Target_1yr,Target_2yr,Target_3yr,Fair_Value_Estimate,Upside_Potential_Pct,Expected_CAGR_2yr_Pct,PE_Ratio,Forward_PE,PB_Ratio,PEG_Ratio,EV_EBITDA,Dividend_Yield_Pct,Dividend_Growth_3yr_Pct,Analyst_Target,Analyst_Count,Analyst_Recommendation,ROE_Pct,ROCE_Pct,ROCE_Trend,Operating_Margin_Pct,OPM_Trend,Net_Margin_Pct,Return_on_Assets_Pct,Revenue_Growth_TTM_Pct,Revenue_Growth_3yr_CAGR,Revenue_Growth_5yr_CAGR,Profit_Growth_TTM_Pct,Profit_Growth_3yr_CAGR,Profit_Growth_5yr_CAGR,EPS_Growth_Quarterly_Pct,EPS_Consistency_Score,EPS_Consistency_Desc,Debt_to_Equity,DE_Trend,Current_Ratio,Interest_Coverage,Free_Cashflow_Cr,FCF_Yield_Pct,Promoter_Holding_Pct,Promoter_Change_QoQ,Promoter_Pledge_Pct,FII_Holding_Pct,FII_Change_QoQ,DII_Holding_Pct,DII_Change_QoQ,52wk_High,52wk_Low,Dist_From_52wk_High_Pct,Dist_From_52wk_Low_Pct,RS_vs_Nifty_1yr_Pct,RS_vs_Nifty_3yr_Pct,Monthly_Vol_Surge,Beta,Piotroski_F_Score,Fundamental_Score_40,Technical_Score_30,Valuation_Score_20,Momentum_Score_10,Overall_Score_100,Rating_Grade,Why_Buy,Key_Risks,Investment_Horizon,Risk_Level,Data_Sources,Data_Quality_Pct,Monthly_Bars,Next_Earnings,Scan_Date,First_Seen_Date,Days_On_Watchlist,Price_Change_Since_First_Pct,Times_Scanned,Score_vs_First
CUMMINSIND,Cummins India Limited,Industrials,Specialty Industrial Machinery,160332.0,Large-Cap,MonthlyDoubleBottom,Forming,0.524,17,Sep 17mo | Mid rally 59% | Asymmetry 7%,,Uptrend,True,False,Tight-Above-MAs,True,Stage2,4,Uptrend,Uptrend,5621.5,1036.81,631.02,4778.27,3699.37,5032.2,5721.23,4600.54,,,68.03,48.61,20.31,2.79,50.27,114.0,-7.17,5679.7,23,hold,30.2,39.5,4.8,21.0,1.63,19.45,16.96,16.86,16.04,22.73,18.1,24.36,30.05,22.7,0.75,consistent growth,0.0,,3.32,,1341.12,0.84,51.0,0.0,,20.77,1.35,19.43,-1.17,6100.0,3212.2,7.8,75.0,64.95,177.49,0.38,0.56,7,40.0,21.79,0.0,8.0,69.8,ACCUMULATE ⭐⭐⭐,Revenue CAGR 16% | Profit CAGR 24% | ROE 30% | ROCE 40% | ROCE trend rising ↑ | Nearly debt-free,High PE 68 | Earnings due 2026-08-06 | Pattern still forming (not broken out),2-3 years,Medium,"yfinance, screener.in",100,288,2026-08-06,2026-06-13,2026-06-01,12,7.0,1,1.0
MOTHERSON,Samvardhana Motherson International Limited,Consumer Cyclical,Auto Parts,151186.0,Large-Cap,MonthlyDoubleBottom,Forming,1.0,42,Sep 42mo | Mid rally 191% | Asymmetry 3%,MonthlyCupHandle+MonthlyDoubleBottom,Uptrend,True,False,Tight-Above-MAs,True,Stage2,3,Uptrend,Uptrend,131.49,65.07,21.99,111.77,236.59,251.1,429.59,318.8,91.0,38.2,39.22,22.0,4.1,1.13,13.85,35.0,-6.87,149.55,22,buy,10.9,13.1,1.83,9.0,0.34,3.09,4.16,10.95,16.97,17.06,-1.45,34.75,21.1,42.5,0.15,highly inconsistent earnings,0.44,,1.06,,3768.69,2.49,48.6,0.0,,12.45,0.7,21.08,-0.49,151.77,89.7,13.4,46.6,35.8,112.19,0.55,1.02,6,24.0,28.5,9.0,8.0,69.5,ACCUMULATE ⭐⭐⭐,Expected ~38% CAGR (2yr) | Revenue CAGR 17% | Profit CAGR 35% | ROCE trend rising ↑ | Piotroski F=6 (above average quality) | FII buying +0.7% ↑,Earnings due 2026-08-13 | Pattern still forming (not broken out),2-3 years,Medium,"yfinance, screener.in",100,287,2026-08-13,2026-06-13,2026-06-01,12,0.0,1,-2.0
BBTC,The Bombay Burmah Trading Corporation Limited,Consumer Defensive,Packaged Foods,10669.0,Mid-Cap,MonthlyDoubleBottom,Forming,1.0,27,Sep 27mo | Mid rally 129% | Asymmetry 6%,,Sideways,False,False,Below-MAs,True,Stage2,15,Uptrend,Uptrend,1518.8,2919.66,1235.21,1290.98,14899.95,21700.29,31604.31,21700.29,1328.8,278.0,8.58,4.09,1.52,0.19,3.28,222.0,141.97,,0,none,19.1,33.0,3.43,18.0,1.0,6.26,15.63,6.78,5.54,7.84,13.64,45.64,14.32,43.8,0.15,highly inconsistent earnings,0.17,,1.19,,2049.95,19.21,74.04,0.0,,9.48,0.06,1.46,0.04,2155.0,1314.6,29.5,15.5,-14.53,17.4,0.19,0.62,5,37.0,19.5,13.0,0.0,69.5,ACCUMULATE ⭐⭐⭐,Expected ~278% CAGR (2yr) | Profit CAGR 46% | ROCE 33% | ROCE trend rising ↑ | Low D/E 0.17 | Promoter 74% holding,Pattern still forming (not broken out),2-3 years,Medium,"yfinance, screener.in",100,288,,2026-06-13,2026-06-01,12,-0.7,1,0.0
ZENTEC,Zen Technologies Limited,Industrials,Aerospace & Defense,16326.0,Mid-Cap,MonthlyStage2,Stage Change,1.0,24,10-EMA=1486 | 30-EMA=1341 | Above by 16.6% | MA turning=Yes,MonthlyCupHandle+MonthlyDoubleBottom+MonthlyStage2,Uptrend,True,False,Tight-Above-MAs,True,Stage2,4,Uptrend,Uptrend,1564.5,1341.26,1043.83,1329.83,1094.85,1763.86,2922.14,1788.66,12.7,6.2,84.04,34.9,9.08,1.33,64.91,6.0,171.44,1726.67,6,buy,10.7,16.2,5.51,36.0,6.11,28.13,6.62,-29.36,46.46,65.75,-27.09,63.37,135.65,-68.8,0.15,highly inconsistent earnings,0.01,,8.86,,374.0,2.29,48.51,0.0,,5.99,0.45,10.06,2.2,2268.0,1223.0,31.0,27.9,-13.21,252.5,0.86,0.03,6,36.0,28.5,4.0,1.0,69.5,ACCUMULATE ⭐⭐⭐,Expected ~6% CAGR (2yr) | Revenue CAGR 46% | Profit CAGR 63% | ROCE trend rising ↑ | Nearly debt-free | OPM 36%,High PE 84,2-3 years,Medium,"yfinance, screener.in",100,135,,2026-06-13,2026-06-01,12,0.0,1,1.0
SANDHAR,Sandhar Technologies Limited,Consumer Cyclical,Auto Parts,4242.0,Small-Cap,MonthlyDoubleBottom,Forming,1.0,16,Sep 16mo | Mid rally 111% | Asymmetry 9%,MonthlyDoubleBottom+MonthlyStage2,Uptrend,True,True,Uptrend,True,Stage2,3,Uptrend,Uptrend,511.45,688.52,312.62,434.73,1819.17,1829.58,3517.86,2529.74,257.7,89.1,21.32,16.29,3.44,0.55,12.18,50.0,15.87,779.33,3,strong_buy,16.2,14.4,1.14,9.0,0.09,4.09,4.87,24.92,18.59,21.09,40.14,39.06,27.96,49.8,0.4,lumpy earner,0.86,,0.94,,-142.16,-3.35,70.38,0.0,,0.77,-0.39,17.39,1.51,733.9,405.2,30.3,26.2,3.54,42.0,0.45,0.57,5,25.0,25.5,14.0,5.0,69.5,ACCUMULATE ⭐⭐⭐,Expected ~89% CAGR (2yr) | Revenue CAGR 19% | Profit CAGR 39% | ROCE trend rising ↑ | Promoter 70% holding | Piotroski F=5 (above average quality),Pattern still forming (not broken out),2-3 years,Medium,"yfinance, screener.in",100,98,,2026-06-13,2026-06-01,12,0.0,1,2.0
INOXINDIA,INOX India Limited,Industrials,Specialty Industrial Machinery,14330.0,Mid-Cap,MonthlyCupHandle,Forming,0.865,23,Cup 23mo | Depth 29% | Prior gain 47% | R²=0.98,MonthlyCupHandle+MonthlyDoubleBottom,Uptrend,True,False,Tight-Above-MAs,True,Stage2,4,Uptrend,Uptrend,1428.9,1485.7,1055.87,1214.57,1038.31,1915.53,1458.26,1230.5,34.1,15.8,55.87,37.15,12.82,3.02,42.15,13.0,,1700.0,3,none,26.1,33.5,0.57,22.0,-0.03,16.25,10.24,21.52,18.0,21.72,14.16,18.51,21.86,14.8,0.75,consistent growth,0.07,,1.79,,-59.99,-0.42,75.0,0.0,,7.13,-0.01,7.72,0.45,1615.9,1065.0,11.6,34.2,24.08,,1.76,0.64,5,34.0,26.38,1.0,8.0,69.4,ACCUMULATE ⭐⭐⭐,Expected ~16% CAGR (2yr) | Revenue CAGR 18% | ROE 26% | ROCE 34% | ROCE trend rising ↑ | Nearly debt-free,High PE 56 | Pattern still forming (not broken out),2-3 years,Medium,"yfinance, screener.in",100,30,,2026-06-13,2026-06-01,12,0.0,1,2.0
HEROMOTOCO,Hero MotoCorp Limited,Consumer Cyclical,Auto Manufacturers,96745.0,Large-Cap,MonthlyCupHandle,Forming,0.831,21,Cup 21mo | Depth 36% | Prior gain 66% | R²=0.98,MonthlyCupHandle+MonthlyDoubleBottom,Downtrend,False,False,Below-MAs,False,Stage2,3,Uptrend,Uptrend,4962.6,6106.48,3934.36,4218.21,18225.61,16293.47,29535.13,23201.2,228.3,81.2,16.86,15.16,4.48,0.62,12.03,310.0,3.23,5931.89,35,buy,28.5,35.8,2.91,15.0,0.6,12.11,12.51,15.85,11.55,8.9,31.99,27.3,14.49,25.7,0.15,highly inconsistent earnings,0.04,,1.91,,6278.06,6.49,34.73,0.0,,31.15,1.72,24.69,-1.59,6388.5,4158.1,22.3,19.3,25.16,51.48,0.44,0.5,7,38.0,13.97,12.0,5.0,69.0,ACCUMULATE ⭐⭐⭐,Expected ~81% CAGR (2yr) | Profit CAGR 27% | ROE 28% | ROCE 36% | ROCE trend rising ↑ | Nearly debt-free,Earnings due 2026-08-05 | Pattern still forming (not broken out),2-3 years,Medium,"yfinance, screener.in",100,288,2026-08-05,2026-06-13,2026-06-01,12,-0.9,1,-0.2
INDOTHAI,Indo Thai Securities Limited,Financial Services,Capital Markets,2854.0,Small-Cap,MonthlyDoubleBottom,Forming,0.878,30,Sep 30mo | Mid rally 95% | Asymmetry 7%,,Downtrend,False,False,Below-MAs,False,Stage2,12,Uptrend,Uptrend,268.5,47.7,23.57,228.22,257.85,483.68,907.29,483.68,80.1,34.2,42.19,,10.03,0.48,,7.0,0.0,,0,none,28.6,34.6,0.66,83.0,4.43,65.09,21.98,285.19,135.13,36.43,725.0,87.58,48.96,,0.15,highly inconsistent earnings,0.08,,1.95,,,,56.5,-0.27,,1.22,-0.06,0.49,0.3,466.35,143.65,42.4,86.9,56.9,932.19,0.75,1.3,5,40.0,15.04,8.0,6.0,69.0,ACCUMULATE ⭐⭐⭐,Expected ~34% CAGR (2yr) | Revenue CAGR 135% | Profit CAGR 88% | ROE 29% | ROCE 35% | ROCE trend rising ↑,Pattern still forming (not broken out),2-3 years,Medium,"yfinance, screener.in",90,175,,2026-06-13,2026-06-01,12,0.0,1,0.0
AVANTIFEED,Avanti Feeds Limited,Consumer Defensive,Packaged Foods,15131.0,Mid-Cap,MonthlyDoubleBottom,Forming,1.0,7,Sep 7mo | Mid rally 196% | Asymmetry 8%,,Sideways-Above-MA,True,False,Constructive,False,Stage2,15,Uptrend,Uptrend,1060.1,715.67,232.83,901.08,2667.97,3419.8,4383.51,3419.8,222.6,79.6,25.0,18.76,4.6,0.89,18.52,81.0,12.92,1362.0,1,hold,20.2,25.9,0.83,12.0,0.6,9.99,10.79,8.09,6.04,8.14,17.95,28.18,10.6,-17.6,0.15,highly inconsistent earnings,0.0,,5.58,,392.42,2.59,43.23,0.0,,7.63,-0.35,6.82,2.66,1593.8,614.25,33.5,72.6,62.39,150.58,0.31,0.04,6,32.0,21.0,10.0,6.0,69.0,ACCUMULATE ⭐⭐⭐,Expected ~80% CAGR (2yr) | Profit CAGR 28% | ROE 20% | ROCE 26% | ROCE trend rising ↑ | Nearly debt-free,Pattern still forming (not broken out),2-3 years,Medium,"yfinance, screener.in",100,198,,2026-06-13,2026-06-01,12,-16.4,1,3.0
CAPLIPOINT,Caplin Point Laboratories Limited,Healthcare,Drug Manufacturers - Specialty & Generic,15454.0,Mid-Cap,MonthlyStage2,Breaking Out,1.0,24,10-EMA=1942 | 30-EMA=1758 | Above by 37.0% | MA turning=Yes,MonthlyDoubleBottom+MonthlyStage2,Uptrend,True,True,Constructive,True,Stage2,5,Uptrend,Uptrend,2407.8,1758.16,1504.8,2046.63,5373.44,6443.29,7726.15,6443.29,167.6,63.6,24.15,19.01,4.4,1.21,19.15,39.0,-3.85,2505.0,2,none,20.6,24.6,-0.6,35.0,0.91,29.32,11.86,12.91,14.24,15.57,20.15,19.91,20.96,19.3,1.0,steady compounder (low CV),0.0,,6.7,,2.13,0.01,70.57,0.0,,6.15,-0.43,2.14,0.09,2395.0,1500.3,-0.5,60.5,21.3,147.71,1.68,0.22,6,30.0,27.0,7.0,5.0,69.0,ACCUMULATE ⭐⭐⭐,Expected ~64% CAGR (2yr) | ROE 21% | ROCE 25% | Nearly debt-free | Promoter 71% holding | OPM 35%,None identified,2-3 years,Medium,"yfinance, screener.in",100,145,,2026-06-13,2026-06-01,12,18.1,1,6.0
PIGL,Power & Instrumental (Gujarat) Limited,Industrials,Engineering & Construction,209.0,Micro-Cap,MonthlyDoubleBottom,Forming,1.0,18,Sep 18mo | Mid rally 153% | Asymmetry 4%,,Downtrend,False,False,Below-MAs,False,Stage2,4,Uptrend,Uptrend,103.97,92.78,35.99,88.37,267.78,416.02,646.33,416.02,300.1,100.0,21.72,,1.41,0.39,8.3,20.0,0.0,,0,none,11.0,15.5,1.2,10.0,0.8,6.59,6.86,29.59,32.57,,25.0,55.36,,29.5,0.4,lumpy earner,0.08,,2.44,,32.42,15.53,50.7,4.41,,0.01,0.01,0.75,0.75,189.7,88.05,45.2,18.1,-16.67,127.82,0.61,0.46,5,40.0,16.0,13.0,0.0,69.0,ACCUMULATE ⭐⭐⭐,Expected ~100% CAGR (2yr) | Revenue CAGR 33% | Profit CAGR 55% | ROCE trend rising ↑ | Nearly debt-free | Promoter 51% holding,Pattern still forming (not broken out),2-3 years,Medium,"yfinance, screener.in",100,97,,2026-06-13,2026-06-01,12,0.0,1,9.0
STYLAMIND,Stylam Industries Limited,Consumer Cyclical,"Furnishings, Fixtures & Appliances",5178.0,Small-Cap,MonthlyStage2,Stage Change,1.0,24,10-EMA=2204 | 30-EMA=1924 | Above by 44.1% | MA turning=Yes,MonthlyCupHandle+MonthlyDoubleBottom+MonthlyStage2,Uptrend,True,True,Tight-Above-MAs,True,Stage2,3,Uptrend,Uptrend,2773.0,1924.22,1576.4,2357.05,4000.78,3950.47,5387.16,4642.51,42.5,19.4,34.6,22.97,7.11,2.16,22.8,0.0,,2912.4,5,buy,20.5,27.0,0.66,20.0,0.14,13.19,14.7,10.15,5.85,18.66,22.95,16.04,22.22,29.3,0.15,highly inconsistent earnings,0.04,,3.48,,-34.89,-0.67,54.1,1.91,,2.81,0.77,13.31,0.07,3089.8,1593.7,10.3,74.0,76.96,52.25,1.03,,5,27.0,28.5,3.0,10.0,68.5,ACCUMULATE ⭐⭐⭐,Expected ~19% CAGR (2yr) | ROE 20% | ROCE 27% | ROCE trend rising ↑ | Nearly debt-free | Promoter 54% holding,None identified,2-3 years,Medium,"yfinance, screener.in",100,58,,2026-06-13,2026-06-01,12,0.0,1,-2.0
ABB,ABB India Limited,Industrials,Specialty Industrial Machinery,151885.0,Large-Cap,MonthlyStage2,Stage Change,1.0,24,10-EMA=6272 | 30-EMA=5739 | Above by 18.0% | MA turning=Yes,MonthlyCupHandle+MonthlyDoubleBottom+MonthlyStage2,Sideways-Above-MA,True,False,Constructive,False,Stage2,4,Uptrend,Uptrend,6770.5,5738.75,4876.16,5754.93,6871.55,13929.07,52492.75,18992.28,105.7,43.4,98.04,69.88,19.38,0.56,77.83,55.0,39.08,6334.25,28,underperform,22.4,29.9,20.0,14.0,2.8,22.26,,-0.83,19.84,,78.48,176.39,,275.8,0.15,highly inconsistent earnings,0.01,,,,,,75.0,0.0,,8.19,0.55,9.28,0.13,7822.5,4637.5,13.4,46.0,28.24,31.87,0.5,0.52,3,35.0,22.5,5.0,6.0,68.5,ACCUMULATE ⭐⭐⭐,Expected ~43% CAGR (2yr) | Revenue CAGR 20% | Profit CAGR 176% | ROE 22% | ROCE 30% | ROCE trend rising ↑,High PE 98 | Earnings due 2026-07-30,2-3 years,Medium,"yfinance, screener.in",80,288,2026-07-30,2026-06-13,2026-06-01,12,7.0,1,-1.9
DRCSYSTEMS,DRC Systems India Limited,Technology,Information Technology Services,212.0,Micro-Cap,MonthlyDoubleBottom,Forming,1.0,32,Sep 32mo | Mid rally 201% | Asymmetry 2%,,Downtrend,False,False,Below-MAs,False,Downtrend,0,Uptrend,Uptrend,14.17,34.9,11.5,12.04,63.12,88.05,122.82,88.05,521.4,149.3,10.52,,1.89,0.27,7.44,0.0,,,0,none,22.6,25.2,-1.8,28.0,4.1,20.17,10.52,47.69,54.56,,26.67,39.49,,17.0,0.15,highly inconsistent earnings,0.0,,0.48,,38.65,18.21,20.63,0.0,,0.0,0.0,0.35,0.0,23.68,11.5,40.2,23.2,-16.17,-12.64,0.16,0.54,5,40.0,15.5,13.0,0.0,68.5,ACCUMULATE ⭐⭐⭐,Expected ~149% CAGR (2yr) | Revenue CAGR 55% | Profit CAGR 39% | ROE 23% | ROCE 25% | Nearly debt-free,Pattern still forming (not broken out),2-3 years,Medium,"yfinance, screener.in",100,64,,2026-06-13,2026-06-01,12,-10.4,1,0.0
NMDC,NMDC Limited,Basic Materials,Steel,81676.0,Large-Cap,MonthlyDoubleBottom,Forming,1.0,30,Sep 30mo | Mid rally 140% | Asymmetry 1%,,Uptrend,True,False,Tight-Above-MAs,True,Stage2,1,Uptrend,Uptrend,89.02,21.51,8.94,75.67,192.81,162.55,233.21,212.05,82.6,35.1,10.97,9.26,2.39,1.1,8.27,377.0,4.35,88.3,20,hold,23.4,27.6,-1.94,29.0,-5.29,23.23,12.29,34.15,21.99,15.85,14.26,9.98,3.49,37.2,0.15,highly inconsistent earnings,0.19,,2.43,,-1396.04,-1.71,60.79,0.0,,13.6,0.12,13.76,-0.3,97.49,66.8,8.7,33.3,40.59,168.73,0.5,0.61,4,23.0,28.5,7.0,10.0,68.5,ACCUMULATE ⭐⭐⭐,Expected ~35% CAGR (2yr) | Revenue CAGR 22% | ROE 23% | ROCE 28% | Low D/E 0.19 | Promoter 61% holding,Margin compression ↓ | Earnings due 2026-08-12 | Pattern still forming (not broken out),2-3 years,Medium,"yfinance, screener.in",100,219,2026-08-12,2026-06-13,2026-06-01,12,0.0,1,0.0
PIXTRANS,PIX Transmissions Limited,Industrials,Specialty Industrial Machinery,2192.0,Small-Cap,MonthlyDoubleBottom,Forming,1.0,14,Sep 14mo | Mid rally 133% | Asymmetry 4%,MonthlyDoubleBottom+MonthlyStage2,Uptrend,True,False,Tight-Above-MAs,True,Stage2,4,Uptrend,Uptrend,1531.9,2783.67,1173.0,1302.12,3003.94,4394.34,4187.65,3546.76,186.9,69.4,20.49,,3.44,1.13,11.81,56.0,14.47,,0,none,16.5,21.8,-0.34,26.0,-0.34,18.36,11.08,-1.19,6.19,8.9,-5.31,18.07,10.48,-10.7,0.15,highly inconsistent earnings,0.04,,6.86,,113.22,5.16,62.06,0.0,,0.41,-0.57,2.51,0.96,1706.0,1220.1,10.2,25.6,3.82,45.58,0.29,-0.05,4,30.0,27.5,8.0,3.0,68.5,ACCUMULATE ⭐⭐⭐,Expected ~69% CAGR (2yr) | ROCE 22% | Nearly debt-free | Promoter 62% holding | OPM 26% | FCF yield 5.2%,Pattern still forming (not broken out),2-3 years,Medium,"yfinance, screener.in",100,50,,2026-06-13,2026-06-01,12,0.0,1,0.0
TALBROAUTO,Talbros Automotive Components Limited,Consumer Cyclical,Auto Parts,2165.0,Small-Cap,MonthlyStage2,Stage Change,1.0,24,10-EMA=288 | 30-EMA=264 | Above by 25.3% | MA turning=Yes,MonthlyDoubleBottom+MonthlyStage2,Uptrend,True,False,Tight-Above-MAs,True,Stage2,3,Uptrend,Uptrend,330.5,263.85,215.33,280.93,907.8,1115.87,1371.63,1115.87,237.6,83.7,20.79,,2.92,0.91,15.63,21.0,11.87,,0,none,15.1,18.6,1.0,16.0,0.74,11.97,6.38,5.2,10.38,14.4,10.64,22.92,21.67,18.9,0.15,highly inconsistent earnings,0.11,,1.96,,20.53,0.95,58.43,0.0,,0.49,-0.12,0.09,0.0,372.8,219.9,11.3,50.3,17.11,101.14,0.7,0.35,7,26.0,28.5,10.0,4.0,68.5,ACCUMULATE ⭐⭐⭐,Expected ~84% CAGR (2yr) | Profit CAGR 23% | ROCE trend rising ↑ | Low D/E 0.11 | Promoter 58% holding | Piotroski F=7 (high quality compounder),None identified,2-3 years,Medium,"yfinance, screener.in",100,237,,2026-06-13,2026-06-01,12,0.0,1,0.0
WEBELSOLAR,Websol Energy System Limited,Technology,Solar,4809.0,Small-Cap,MonthlyStage2,Stage Change,1.0,24,10-EMA=98 | 30-EMA=89 | Above by 18.0% | MA turning=Yes,MonthlyDoubleBottom+MonthlyStage2,Sideways-Above-MA,True,False,Constructive,True,Downtrend,0,Uptrend,Uptrend,105.57,89.5,55.32,89.73,546.1,1334.13,3259.29,1334.13,1163.7,255.5,15.87,,11.95,0.11,11.65,0.0,0.0,,0,none,66.9,63.2,,41.0,-3.0,28.87,31.73,82.43,,,95.48,,,157.9,0.5,insufficient history,0.21,,2.94,,-57.61,-1.2,29.72,2.01,,4.12,-1.28,0.32,0.01,157.3,50.4,32.9,109.5,-11.47,1101.29,0.58,0.25,4,35.0,21.5,12.0,0.0,68.5,ACCUMULATE ⭐⭐⭐,Expected ~256% CAGR (2yr) | Revenue CAGR 132% | Profit CAGR 144% | ROE 67% | ROCE 63% | Low D/E 0.21,Margin compression ↓,2-3 years,Medium,"yfinance, screener.in",80,229,,2026-06-13,2026-06-01,12,0.0,1,0.0
TPLPLASTEH,TPL Plastech Limited,Consumer Cyclical,Packaging & Containers,519.0,Small-Cap,MonthlyDoubleBottom,Forming,1.0,24,Sep 24mo | Mid rally 165% | Asymmetry 1%,,Sideways-Above-MA,True,False,Constructive,True,Stage2,3,Uptrend,Uptrend,63.73,133.28,50.01,54.17,200.18,244.06,297.56,244.06,283.0,95.7,17.84,,3.4,0.81,11.05,150.0,35.72,,0,none,18.4,22.3,1.2,11.0,0.03,6.88,10.56,21.2,16.0,14.39,20.83,21.92,21.4,18.0,0.15,highly inconsistent earnings,0.11,,2.08,,27.6,5.32,74.86,0.0,,0.5,0.05,0.04,-0.04,87.69,50.01,27.3,27.4,-13.24,37.9,0.95,0.05,7,35.0,22.5,10.0,1.0,68.5,ACCUMULATE ⭐⭐⭐,Expected ~96% CAGR (2yr) | Revenue CAGR 16% | Profit CAGR 22% | ROCE 22% | ROCE trend rising ↑ | Low D/E 0.11,Pattern still forming (not broken out),2-3 years,Medium,"yfinance, screener.in",100,133,,2026-06-13,2026-06-01,12,0.0,1,2.0
V2RETAIL,V2 Retail Limited,Consumer Cyclical,Apparel Retail,9043.0,Mid-Cap,MonthlyDoubleBottom,Forming,1.0,33,Sep 33mo | Mid rally 505% | Asymmetry 6%,,Sideways-Above-MA,True,True,Constructive,True,Stage2,3,Uptrend,Uptrend,226.03,55.56,8.93,192.13,657.83,1723.97,4518.02,1723.97,662.7,176.2,54.03,2.82,9.62,0.33,20.76,0.0,,,0,none,22.7,18.3,3.46,15.0,1.2,5.27,8.82,62.79,54.05,41.64,125.0,162.07,,172.0,0.2,multiple loss years in history,1.1,,1.44,,-457.08,-5.05,51.43,0.0,,2.62,-0.39,9.28,0.16,256.45,158.56,11.9,42.6,32.29,1585.11,1.0,,4,25.0,22.5,11.0,10.0,68.5,ACCUMULATE ⭐⭐⭐,Expected ~176% CAGR (2yr) | Revenue CAGR 54% | Profit CAGR 162% | ROE 23% | ROCE trend rising ↑ | Promoter 51% holding,High D/E 1.1 | High PE 54 | Pattern still forming (not broken out),2-3 years,Medium,"yfinance, screener.in",100,227,,2026-06-13,2026-06-01,12,0.0,1,2.0
AUBANK,AU Small Finance Bank Limited,Financial Services,Banks - Regional,72546.0,Large-Cap,MonthlyDoubleBottom,Forming,0.647,39,Sep 39mo | Mid rally 71% | Asymmetry 6%,,Uptrend,True,False,Tight-Above-MAs,True,Stage2,12,Uptrend,Uptrend,1015.5,811.12,460.2,863.17,1553.25,2264.36,5974.9,3046.4,123.0,49.3,27.7,15.98,3.63,0.29,,10.0,25.99,1091.31,26,buy,22.3,12.4,,35.55,,21.37,,18.49,28.91,,208.5,96.13,,65.2,0.4,lumpy earner,,,,,,,22.76,-0.03,,37.27,0.82,31.3,0.03,1079.55,682.15,5.9,48.9,41.75,20.13,0.4,,1,27.0,24.26,9.0,8.0,68.3,ACCUMULATE ⭐⭐⭐,Expected ~49% CAGR (2yr) | Revenue CAGR 29% | Profit CAGR 96% | ROE 22% | OPM 36% | FII buying +0.8% ↑,Earnings due 2026-07-16 | Pattern still forming (not broken out),2-3 years,Medium,"yfinance, screener.in",70,108,2026-07-16,2026-06-13,2026-06-01,12,4.5,1,4.0
AJANTPHARM,Ajanta Pharma Limited,Healthcare,Drug Manufacturers - Specialty & Generic,37187.0,Large-Cap,MonthlyCupHandle,Forming,0.924,19,Cup 19mo | Depth 19% | Prior gain 44% | R²=0.94,MonthlyCupHandle+MonthlyDoubleBottom,Uptrend,True,False,Tight-Above-MAs,True,Stage2,5,Uptrend,Uptrend,3131.0,3174.87,2558.14,2661.35,4947.34,4929.41,7309.39,6013.49,57.4,25.5,35.21,26.13,8.21,1.63,24.55,188.0,58.74,3303.29,14,strong_buy,25.4,32.3,0.51,26.0,-1.2,19.37,14.82,17.32,13.36,13.54,14.78,21.55,10.06,18.4,0.15,highly inconsistent earnings,0.06,,2.64,,0.87,0.0,66.25,0.0,,8.26,0.29,18.36,-0.22,3314.9,2329.9,5.5,34.4,19.7,73.66,0.6,0.2,6,34.0,27.09,3.0,4.0,68.1,ACCUMULATE ⭐⭐⭐,Expected ~26% CAGR (2yr) | Profit CAGR 22% | ROE 25% | ROCE 32% | ROCE trend rising ↑ | Nearly debt-free,Margin compression ↓ | Pattern still forming (not broken out),2-3 years,Medium,"yfinance, screener.in",100,288,,2026-06-13,2026-06-01,12,-3.6,1,-2.8
RML,Rane (Madras) Limited,Consumer Cyclical,Auto Parts,2491.0,Small-Cap,MonthlyStage2,Breaking Out,1.0,24,10-EMA=799 | 30-EMA=769 | Above by 15.9% | MA turning=Yes,MonthlyDoubleBottom+MonthlyStage2,Uptrend,True,False,Constructive,True,Stage2,3,Uptrend,Uptrend,891.15,768.71,601.53,757.48,3520.84,5379.49,8219.33,5379.49,503.7,145.7,23.2,,3.32,0.44,9.4,177.0,100.0,,0,none,15.5,14.0,3.51,9.0,1.34,2.78,5.03,13.42,17.95,24.98,181.58,52.79,121.65,5.2,0.15,highly inconsistent earnings,1.0,,0.92,,107.07,4.3,70.45,0.0,,0.06,0.01,0.97,-0.06,1049.0,608.5,15.0,46.5,5.64,0.53,3.21,0.46,6,26.0,27.0,12.0,3.0,68.0,ACCUMULATE ⭐⭐⭐,Expected ~146% CAGR (2yr) | Revenue CAGR 18% | Profit CAGR 53% | ROCE trend rising ↑ | Promoter 70% holding | FCF yield 4.3%,High D/E 1.0,2-3 years,Medium,"yfinance, screener.in",100,250,,2026-06-13,2026-06-01,12,0.0,1,0.0
SKMEGGPROD,SKM Egg Products Export (India) Limited,Consumer Defensive,Packaged Foods,1296.0,Small-Cap,MonthlyDoubleBottom,Forming,1.0,22,Sep 22mo | Mid rally 174% | Asymmetry 3%,MonthlyCupHandle+MonthlyDoubleBottom,Sideways-Above-MA,True,True,Constructive,True,Stage2,15,Uptrend,Uptrend,195.1,64.65,23.29,165.83,702.77,780.22,866.2,780.22,299.9,100.0,12.49,,3.27,1.13,7.75,31.0,44.22,,0,none,29.7,30.0,2.49,21.0,1.8,13.51,17.0,54.22,5.08,23.35,197.14,11.02,45.41,414.4,0.15,highly inconsistent earnings,0.36,,2.86,,16.81,1.3,57.47,0.04,,0.49,-0.26,0.36,0.04,254.0,102.75,23.2,89.9,61.56,59.86,0.52,-0.1,6,28.0,22.0,8.0,10.0,68.0,ACCUMULATE ⭐⭐⭐,Expected ~100% CAGR (2yr) | ROE 30% | ROCE 30% | ROCE trend rising ↑ | Promoter 57% holding | Piotroski F=6 (above average quality),Pattern still forming (not broken out),2-3 years,Medium,"yfinance, screener.in",100,287,,2026-06-13,2026-06-01,12,0.0,1,0.0
SOLEX,SOLEX ENERGY LIMITED,Technology,Solar,1199.0,Small-Cap,MonthlyStage2,Breaking Out,1.0,24,10-EMA=1216 | 30-EMA=1068 | Above by 26.0% | MA turning=Yes,,Downtrend,False,False,Below-MAs,False,Downtrend,0,Uptrend,Uptrend,1345.4,1067.75,630.97,1143.59,11574.72,37000.91,118280.79,37000.91,2650.2,424.4,12.48,,4.74,0.06,7.72,5.0,66.11,,0,none,46.3,35.8,6.0,11.0,1.5,5.93,11.92,144.41,115.35,,127.91,219.67,,304.5,0.75,consistent growth,1.32,,1.23,,-25.69,-2.14,66.15,0.0,,0.13,-0.12,0.81,-0.17,1985.0,795.45,32.2,69.1,10.34,201.06,1.79,-0.27,5,37.0,17.0,12.0,2.0,68.0,ACCUMULATE ⭐⭐⭐,Expected ~424% CAGR (2yr) | Revenue CAGR 115% | Profit CAGR 220% | ROE 46% | ROCE 36% | ROCE trend rising ↑,High D/E 1.3,2-3 years,Medium,"yfinance, screener.in",100,99,,2026-06-13,2026-06-01,12,0.0,1,0.0
IPCALAB,Ipca Laboratories Limited,Healthcare,Drug Manufacturers - Specialty & Generic,41656.0,Large-Cap,MonthlyStage2,Stage Change,1.0,24,10-EMA=1509 | 30-EMA=1371 | Above by 20.8% | MA turning=Yes,MonthlyDoubleBottom+MonthlyStage2,Uptrend,True,True,Uptrend,True,Stage2,5,Uptrend,Uptrend,1656.2,1371.34,1124.94,1407.77,3221.44,3301.27,5889.36,4355.71,99.3,41.2,36.49,25.07,5.16,1.04,21.59,37.0,-20.63,1719.61,18,buy,16.0,17.3,-2.37,21.0,-1.43,11.83,8.08,8.42,15.85,12.32,50.83,35.21,0.74,341.0,0.15,highly inconsistent earnings,0.09,,2.76,,751.99,1.81,44.72,0.0,,10.63,0.01,37.13,0.14,1678.3,1251.6,1.3,32.3,27.05,101.6,0.96,0.06,5,26.0,26.5,7.0,8.0,67.5,ACCUMULATE ⭐⭐⭐,Expected ~41% CAGR (2yr) | Revenue CAGR 16% | Profit CAGR 35% | Nearly debt-free | Margin compressing ↓ ⚠️ | Piotroski F=5 (above average quality),Margin compression ↓ | Earnings due 2026-08-10,2-3 years,Medium,"yfinance, screener.in",100,365,2026-08-10,2026-06-13,2026-06-01,12,0.0,1,-1.0
SKIPPER,Skipper Limited,Industrials,Engineering & Construction,6284.0,Small-Cap,MonthlyStage2,Stage Change,1.0,24,10-EMA=437 | 30-EMA=398 | Above by 17.4% | MA turning=Yes,MonthlyDoubleBottom+MonthlyStage2,Sideways-Above-MA,True,False,Constructive,True,Stage2,4,Uptrend,Uptrend,466.7,397.61,334.35,396.69,1030.23,1863.38,3370.3,1863.38,299.3,99.8,29.5,18.19,4.19,0.36,12.5,2.0,0.78,565.0,2,none,16.5,23.3,3.46,10.0,0.14,3.84,7.77,20.09,41.02,28.55,42.95,80.87,58.94,62.9,0.4,lumpy earner,0.64,,1.3,,-309.44,-4.92,66.5,0.02,,6.07,-0.3,1.66,0.86,588.0,327.05,20.6,42.7,-0.41,161.29,0.82,0.62,5,31.0,22.5,12.0,2.0,67.5,ACCUMULATE ⭐⭐⭐,Expected ~100% CAGR (2yr) | Revenue CAGR 41% | Profit CAGR 81% | ROCE 23% | ROCE trend rising ↑ | Promoter 66% holding,None identified,2-3 years,Medium,"yfinance, screener.in",100,133,,2026-06-13,2026-06-01,12,0.0,1,0.0
FILATEX,Filatex India Limited,Consumer Cyclical,Textile Manufacturing,2302.0,Small-Cap,MonthlyDoubleBottom,Forming,1.0,40,Sep 40mo | Mid rally 123% | Asymmetry 6%,MonthlyDoubleBottom+MonthlyStage2,Sideways-Above-MA,True,True,Constructive,True,Stage2,3,Uptrend,Uptrend,51.92,77.41,33.85,44.13,344.91,500.19,725.38,500.19,863.4,210.4,12.55,3.9,2.39,0.28,4.76,62.0,35.72,,0,none,12.9,16.9,1.2,8.0,-0.11,4.33,,-2.14,29.23,26.63,36.57,45.02,47.74,16.6,1.0,steady compounder (low CV),0.1,,,,,,65.47,0.09,,4.22,-0.29,2.78,0.4,66.1,36.26,21.5,43.2,-1.21,16.4,0.9,0.04,2,32.0,22.5,12.0,1.0,67.5,ACCUMULATE ⭐⭐⭐,Expected ~210% CAGR (2yr) | Revenue CAGR 29% | Profit CAGR 45% | ROCE trend rising ↑ | Low D/E 0.10 | Promoter 65% holding,Pattern still forming (not broken out),2-3 years,Medium,"yfinance, screener.in",80,179,,2026-06-13,2026-06-01,12,22.5,1,4.0
ADANIPORTS,Adani Ports and Special Economic Zone Limited,Industrials,Marine Shipping,420288.0,Large-Cap,MonthlyCupHandle,Forming,0.782,21,Cup 21mo | Depth 33% | Prior gain 76% | R²=0.99,MonthlyCupHandle+MonthlyDoubleBottom,Uptrend,True,False,Tight-Above-MAs,True,Stage2,4,Uptrend,Uptrend,1812.9,1789.96,1202.57,1540.97,2775.96,2997.96,4935.53,3701.46,65.4,28.6,31.35,23.53,4.38,0.94,21.36,41.0,11.87,1942.72,25,strong_buy,16.4,14.1,0.43,59.0,-0.91,33.06,6.76,27.11,22.93,25.28,15.56,33.34,20.41,10.4,0.15,highly inconsistent earnings,0.64,,1.39,,-3192.01,-0.76,68.02,0.0,,13.25,0.15,13.86,-0.03,1842.8,1290.5,1.6,40.5,36.65,117.2,0.48,0.52,4,25.0,25.38,7.0,10.0,67.4,ACCUMULATE ⭐⭐⭐,Expected ~29% CAGR (2yr) | Revenue CAGR 23% | Profit CAGR 33% | ROCE trend rising ↑ | Promoter 68% holding | OPM 59%,Margin compression ↓ | Earnings due 2026-04-30 | Pattern still forming (not broken out),2-3 years,Medium,"yfinance, screener.in",100,224,2026-04-30,2026-06-13,2026-06-01,12,2.8,1,1.0
BLSE,BLS E-SERVICES LIMITED,Industrials,Specialty Business Services,2082.0,Small-Cap,MonthlyDoubleBottom,Forming,0.774,11,Sep 11mo | Mid rally 82% | Asymmetry 5%,,Uptrend,True,False,Tight-Above-MAs,True,Stage2,4,Uptrend,Uptrend,228.4,231.7,124.3,194.14,342.95,518.2,782.99,518.2,126.9,50.6,36.23,,4.0,0.71,23.45,65.0,-50.0,,0,none,11.4,17.0,-5.7,7.0,0.43,5.14,5.98,115.41,66.32,77.2,16.95,51.1,87.22,11.7,0.15,highly inconsistent earnings,0.01,,2.85,,39.32,1.89,69.81,0.92,,0.46,-0.53,0.01,-0.1,232.5,124.3,1.8,83.7,29.51,,0.38,0.18,6,29.0,24.29,6.0,8.0,67.3,ACCUMULATE ⭐⭐⭐,Expected ~51% CAGR (2yr) | Revenue CAGR 66% | Profit CAGR 51% | Nearly debt-free | Promoter 70% holding | Piotroski F=6 (above average quality),Pattern still forming (not broken out),2-3 years,Medium,"yfinance, screener.in",100,29,,2026-06-13,2026-06-01,12,13.6,1,6.0
BORORENEW,Borosil Renewables Limited,Technology,Solar,7355.0,Small-Cap,MonthlyDoubleBottom,Forming,0.896,36,Sep 36mo | Mid rally 91% | Asymmetry 1%,MonthlyCupHandle+MonthlyDoubleBottom+MonthlyStage2,Sideways-Above-MA,True,True,Constructive,True,Downtrend,0,Uptrend,Uptrend,544.6,721.0,374.4,462.91,452.55,1067.6,853.87,621.63,96.0,40.0,55.54,,4.86,1.49,14.71,0.0,4.0,,0,none,26.1,25.3,0.91,28.0,0.8,8.17,14.12,5.42,20.42,19.71,245.98,37.36,34.36,,0.2,multiple loss years in history,0.11,,4.76,,221.3,3.01,58.77,0.0,,4.27,0.26,2.33,-0.24,721.0,374.4,24.5,45.5,-6.61,-11.21,1.41,,7,40.0,20.25,7.0,0.0,67.2,ACCUMULATE ⭐⭐⭐,Expected ~40% CAGR (2yr) | Revenue CAGR 20% | Profit CAGR 37% | ROE 26% | ROCE 25% | ROCE trend rising ↑,High PE 56 | Pattern still forming (not broken out),2-3 years,Medium,"yfinance, screener.in",100,98,,2026-06-13,2026-06-01,12,3.7,1,7.0
BLS,BLS International Services Limited,Industrials,Specialty Business Services,10749.0,Mid-Cap,MonthlyDoubleBottom,Forming,1.0,11,Sep 11mo | Mid rally 150% | Asymmetry 3%,,Downtrend,False,False,Below-MAs,False,Stage2,4,Uptrend,Uptrend,262.1,69.59,27.34,222.79,916.66,1398.19,2132.66,1398.19,433.5,131.0,15.7,12.14,4.36,0.3,12.19,115.0,38.67,330.0,1,none,32.7,29.3,3.57,27.0,4.2,22.9,13.79,36.71,25.52,44.37,34.07,52.53,70.67,31.6,0.75,consistent growth,0.15,,2.91,,448.12,4.17,70.39,0.0,,6.14,-0.23,2.99,0.07,414.9,218.9,36.8,19.7,-25.73,-10.24,0.22,-0.27,7,40.0,15.0,12.0,0.0,67.0,ACCUMULATE ⭐⭐⭐,Expected ~131% CAGR (2yr) | Revenue CAGR 26% | Profit CAGR 53% | ROE 33% | ROCE 29% | ROCE trend rising ↑,Pattern still forming (not broken out),2-3 years,Medium,"yfinance, screener.in",100,121,,2026-06-13,2026-06-01,12,0.0,1,0.0
GODFRYPHLP,Godfrey Phillips India Limited,Consumer Defensive,Tobacco,34630.0,Large-Cap,MonthlyDoubleBottom,Forming,1.0,7,Sep 7mo | Mid rally 112% | Asymmetry 10%,MonthlyDoubleBottom+MonthlyStage2,Sideways,False,False,Below-MAs,True,Stage2,15,Uptrend,Uptrend,2301.0,439.44,197.7,1955.85,6629.94,8638.15,11254.65,8638.15,275.4,93.8,22.67,19.8,5.57,0.75,21.63,167.0,58.27,,0,none,26.6,32.8,3.37,25.0,0.29,23.88,11.97,13.9,21.51,20.41,42.35,30.29,32.33,86.7,0.75,consistent growth,0.04,,2.44,,44.89,0.13,72.58,0.0,,7.91,-0.24,3.28,-0.93,3947.0,1832.1,41.7,25.6,-18.77,216.26,0.18,0.29,7,40.0,18.0,9.0,0.0,67.0,ACCUMULATE ⭐⭐⭐,Expected ~94% CAGR (2yr) | Revenue CAGR 22% | Profit CAGR 30% | ROE 27% | ROCE 33% | ROCE trend rising ↑,Pattern still forming (not broken out),2-3 years,Medium,"yfinance, screener.in",100,330,,2026-06-13,2026-06-01,12,-1.7,1,0.0
LALPATHLAB,Dr. Lal PathLabs Limited,Healthcare,Diagnostics & Research,25663.0,Mid-Cap,MonthlyStage2,Breaking Out,1.0,24,10-EMA=1472 | 30-EMA=1405 | Above by 21.3% | MA turning=Yes,MonthlyDoubleBottom+MonthlyStage2,Sideways-Above-MA,True,False,Constructive,True,Stage2,5,Uptrend,Uptrend,1703.7,1404.72,1142.76,1448.14,2216.72,2382.03,3654.04,2846.05,39.8,18.2,48.54,37.31,10.24,1.71,31.4,91.0,-16.45,1686.0,26,none,22.5,28.3,-0.51,28.0,0.17,18.27,13.23,12.27,11.06,11.81,3.66,28.39,11.5,-15.2,0.15,highly inconsistent earnings,0.08,,3.48,,400.37,1.56,53.21,0.0,,17.18,-3.11,21.37,2.17,1770.0,1272.6,3.7,33.9,30.64,32.18,2.5,0.19,6,33.0,24.0,2.0,8.0,67.0,ACCUMULATE ⭐⭐⭐,Expected ~18% CAGR (2yr) | Profit CAGR 28% | ROE 22% | ROCE 28% | Nearly debt-free | Promoter 53% holding,Earnings due 2026-04-30,2-3 years,Medium,"yfinance, screener.in",100,126,2026-04-30,2026-06-13,2026-06-01,12,0.0,1,0.0
POLYCAB,Polycab India Limited,Industrials,Electrical Equipment & Parts,146019.0,Large-Cap,None,,0.0,0,,,Uptrend,True,False,Tight-Above-MAs,True,Stage2,4,Uptrend,Uptrend,9162.5,,,7788.12,7700.32,9652.24,12669.48,9877.2,5.3,2.6,54.95,39.31,12.16,1.94,34.97,36.0,35.72,9314.81,31,buy,24.5,34.3,2.46,14.0,0.43,9.25,13.56,28.9,26.98,26.86,32.36,28.27,25.04,6.3,0.4,lumpy earner,0.03,,1.84,,1620.23,1.11,61.5,0.0,,18.21,3.39,7.95,-3.18,9833.0,5760.0,6.8,59.1,48.36,139.42,,0.64,7,40.0,15.0,2.0,10.0,67.0,ACCUMULATE ⭐⭐⭐,Expected ~3% CAGR (2yr) | Revenue CAGR 27% | Profit CAGR 28% | ROE 24% | ROCE 34% | ROCE trend rising ↑,High PE 55 | Earnings due 2026-07-16,2-3 years,Medium,"yfinance, screener.in",100,86,2026-07-16,2026-06-13,2026-06-01,12,0.0,1,0.0
KRISHNADEF,KRISHNA DEF AND ALD IND L,Industrials,Specialty Industrial Machinery,1638.0,Small-Cap,None,,0.0,0,,,Uptrend,True,False,Uptrend,True,Stage2,4,Uptrend,Uptrend,1171.6,,,995.86,1496.74,3018.17,6086.14,3018.17,157.6,60.5,56.82,,8.95,0.56,24.24,9.0,0.0,,0,none,25.4,30.4,6.5,21.0,2.2,16.88,21.75,26.29,56.43,,86.36,101.65,,72.9,1.0,steady compounder (low CV),0.01,,3.99,,72.04,4.4,59.96,-0.06,,0.61,0.45,2.06,0.86,1313.0,665.0,10.8,76.2,38.47,529.09,,0.93,7,40.0,13.0,6.0,8.0,67.0,ACCUMULATE ⭐⭐⭐,Expected ~60% CAGR (2yr) | Revenue CAGR 56% | Profit CAGR 102% | ROE 25% | ROCE 30% | ROCE trend rising ↑,High PE 57,2-3 years,Medium,"yfinance, screener.in",100,50,,2026-06-13,2026-06-01,12,0.0,1,1.0
RADICO,Radico Khaitan Limited,Consumer Defensive,Beverages - Wineries & Distilleries,46751.0,Large-Cap,MonthlyDoubleBottom,Forming,0.7,13,Sep 13mo | Mid rally 71% | Asymmetry 1%,,Uptrend,True,False,Tight-Above-MAs,True,Stage2,15,Uptrend,Uptrend,3599.9,146.19,85.13,3059.91,3576.94,4562.76,7012.8,5008.43,26.7,12.6,77.52,48.35,14.09,1.94,40.28,15.0,10.06,3894.25,20,strong_buy,20.3,24.2,0.89,17.0,0.03,8.84,,24.92,24.53,20.57,74.57,40.02,16.87,62.3,0.15,highly inconsistent earnings,0.21,,,,,,40.2,-0.01,,17.63,-2.19,27.35,3.32,3679.0,2500.0,2.2,44.0,45.46,176.84,0.78,0.24,3,32.0,23.9,3.0,8.0,66.9,ACCUMULATE ⭐⭐⭐,Expected ~13% CAGR (2yr) | Revenue CAGR 25% | Profit CAGR 40% | ROE 20% | ROCE 24% | ROCE trend rising ↑,High PE 78 | Earnings due 2026-07-30 | Pattern still forming (not broken out),2-3 years,Medium,"yfinance, screener.in",80,276,2026-07-30,2026-06-13,2026-06-01,12,0.0,1,-2.0
ASHAPURMIN,Ashapura Minechem Limited,Basic Materials,Other Industrial Metals & Mining,6713.0,Small-Cap,MonthlyDoubleBottom,Forming,1.0,13,Sep 13mo | Mid rally 127% | Asymmetry 0%,,Sideways-Above-MA,True,False,Constructive,True,Stage2,1,Uptrend,Uptrend,692.05,41.64,18.35,588.24,1392.56,2169.61,3380.25,2169.61,213.5,77.1,16.72,,4.71,0.3,11.61,14.0,25.99,,0,none,28.0,20.7,1.34,11.0,0.51,7.66,7.84,91.2,41.95,35.47,43.94,55.8,36.75,28.0,0.15,highly inconsistent earnings,0.88,,1.36,,-76.18,-1.13,48.03,0.15,,19.5,0.25,0.33,-0.05,924.9,377.0,25.2,83.6,29.63,270.05,0.54,0.65,5,32.0,21.5,8.0,5.0,66.5,ACCUMULATE ⭐⭐⭐,Expected ~77% CAGR (2yr) | Revenue CAGR 42% | Profit CAGR 56% | ROE 28% | ROCE 21% | ROCE trend rising ↑,Pattern still forming (not broken out),2-3 years,Medium,"yfinance, screener.in",100,366,,2026-06-13,2026-06-01,12,8.4,1,-2.0
BANCOINDIA,Banco Products (India) Limited,Consumer Cyclical,Auto Parts,9375.0,Mid-Cap,MonthlyDoubleBottom,Forming,0.71,8,Sep 8mo | Mid rally 75% | Asymmetry 4%,,Sideways-Above-MA,True,True,Constructive,True,Stage2,3,Uptrend,Uptrend,689.55,41.16,23.09,586.12,2080.7,2639.99,3349.62,2639.99,282.9,95.7,20.37,,5.7,0.76,14.43,244.0,-10.07,,0,none,31.2,30.9,2.43,17.0,1.11,12.36,11.57,21.26,18.66,20.51,22.96,26.88,33.42,-4.0,0.75,consistent growth,0.36,,2.25,,-17.15,-0.18,67.88,0.0,,4.06,0.06,0.22,0.0,879.8,502.0,21.6,37.4,23.85,315.65,0.31,0.65,6,35.0,17.52,10.0,4.0,66.5,ACCUMULATE ⭐⭐⭐,Expected ~96% CAGR (2yr) | Revenue CAGR 19% | Profit CAGR 27% | ROE 31% | ROCE 31% | ROCE trend rising ↑,Pattern still forming (not broken out),2-3 years,Medium,"yfinance, screener.in",100,235,,2026-06-13,2026-06-01,12,16.8,1,-2.0
ADOR,Ador Welding Limited,Industrials,Specialty Industrial Machinery,1971.0,Small-Cap,MonthlyDoubleBottom,Forming,1.0,24,Sep 24mo | Mid rally 155% | Asymmetry 1%,MonthlyDoubleBottom+MonthlyStage2,Uptrend,True,False,Tight-Above-MAs,True,Stage2,4,Uptrend,Uptrend,1165.7,320.97,125.09,990.85,2132.1,2604.14,3180.7,2604.14,123.4,49.5,24.04,15.18,3.55,1.09,14.47,224.0,16.96,1307.0,1,none,15.8,22.5,2.23,11.0,0.83,5.82,,1.51,19.92,16.73,36.67,22.14,26.82,73.4,0.15,highly inconsistent earnings,0.0,,,,,,53.76,0.02,,0.37,0.23,12.63,0.07,1260.0,848.0,7.5,37.5,23.42,-24.05,0.37,0.29,3,25.0,28.5,7.0,6.0,66.5,ACCUMULATE ⭐⭐⭐,Expected ~50% CAGR (2yr) | Revenue CAGR 20% | Profit CAGR 22% | ROCE 22% | ROCE trend rising ↑ | Nearly debt-free,Pattern still forming (not broken out),2-3 years,Medium,"yfinance, screener.in",80,262,,2026-06-13,2026-06-01,12,10.5,1,8.0
SANGHVIMOV,Sanghvi Movers Limited,Industrials,Rental & Leasing Services,3231.0,Small-Cap,MonthlyDoubleBottom,Forming,0.829,13,Sep 13mo | Mid rally 92% | Asymmetry 9%,MonthlyDoubleBottom+MonthlyStage2,Sideways-Above-MA,True,True,Constructive,True,Stage2,4,Uptrend,Uptrend,320.4,411.9,204.86,272.34,1219.47,2257.61,4179.51,2257.61,604.6,165.4,17.51,,2.46,0.21,9.22,54.0,58.74,,0,none,15.5,16.7,2.0,37.0,-0.3,17.22,8.16,36.83,47.27,,17.2,85.13,,27.8,0.15,highly inconsistent earnings,0.51,,1.77,,-221.36,-6.85,47.25,0.0,,1.48,0.02,1.3,-0.1,411.9,223.8,22.2,43.2,22.99,13.15,0.26,0.97,5,29.0,19.45,12.0,6.0,66.4,ACCUMULATE ⭐⭐⭐,Expected ~165% CAGR (2yr) | Revenue CAGR 47% | Profit CAGR 85% | ROCE trend rising ↑ | OPM 37% | Piotroski F=5 (above average quality),Pattern still forming (not broken out),2-3 years,Medium,"yfinance, screener.in",100,233,,2026-06-13,2026-06-01,12,0.0,1,0.0
ENGINERSIN,Engineers India Limited,Industrials,Engineering & Construction,13364.0,Mid-Cap,MonthlyStage2,Stage Change,1.0,24,10-EMA=214 | 30-EMA=191 | Above by 22.9% | MA turning=Yes,MonthlyCupHandle+MonthlyDoubleBottom+MonthlyStage2,Sideways-Above-MA,True,False,Constructive,False,Stage2,4,Uptrend,Uptrend,234.68,190.88,145.07,199.48,550.16,523.81,873.3,693.15,123.2,49.4,19.35,15.44,4.92,0.74,14.06,126.0,-20.63,269.8,5,strong_buy,23.8,30.6,0.8,18.0,1.43,19.34,,27.2,5.66,4.55,19.31,25.99,22.68,-30.1,0.15,highly inconsistent earnings,0.01,,,,,,51.32,0.0,,9.66,1.92,12.19,-1.19,267.0,163.55,12.1,43.5,16.89,36.59,0.3,0.91,2,29.0,22.5,10.0,4.0,65.5,ACCUMULATE ⭐⭐⭐,Expected ~49% CAGR (2yr) | Profit CAGR 26% | ROE 24% | ROCE 31% | ROCE trend rising ↑ | Nearly debt-free,None identified,2-3 years,Medium,"yfinance, screener.in",80,346,,2026-06-13,2026-06-01,12,-4.2,1,-4.0
GRWRHITECH,Garware Hi-Tech Films Limited,Basic Materials,Specialty Chemicals,13691.0,Mid-Cap,MonthlyStage2,Stage Change,1.0,24,10-EMA=4429 | 30-EMA=3468 | Above by 76.8% | MA turning=Yes,MonthlyCupHandle+MonthlyStage2,Uptrend,True,False,Tight-Above-MAs,True,Stage2,1,Uptrend,Uptrend,6131.5,3467.86,2479.47,5211.77,4146.43,5255.6,6661.47,5255.6,,,40.49,32.34,5.15,1.51,29.75,20.0,6.27,,0,none,13.4,18.0,1.46,20.0,-0.0,15.95,8.55,0.52,13.81,16.47,2.11,26.75,21.82,39.1,0.15,highly inconsistent earnings,0.01,,4.43,,60.47,0.44,60.73,0.0,,3.98,0.02,5.28,-0.07,6166.0,2681.0,0.6,128.7,82.53,499.86,0.54,0.68,6,26.0,28.5,1.0,10.0,65.5,ACCUMULATE ⭐⭐⭐,Profit CAGR 27% | ROCE trend rising ↑ | Nearly debt-free | Promoter 61% holding | Piotroski F=6 (above average quality) | MonthlyStage2 forming (24mo base),None identified,2-3 years,Medium,"yfinance, screener.in",100,53,,2026-06-13,2026-06-01,12,10.7,1,-1.5
MPSLTD,MPS Limited,Communication Services,Publishing,3073.0,Small-Cap,MonthlyDoubleBottom,Forming,1.0,25,Sep 25mo | Mid rally 125% | Asymmetry 0%,,Sideways,False,False,Below-MAs,True,Downtrend,0,Uptrend,Uptrend,1828.9,3013.89,1336.1,1554.57,3609.65,4691.68,4911.74,4210.66,156.5,60.2,17.73,14.5,5.15,1.06,12.78,458.0,40.38,2500.0,1,none,31.2,39.3,3.0,31.0,0.94,22.54,15.89,5.64,15.3,12.67,16.11,16.65,24.0,-0.1,0.4,lumpy earner,0.1,,1.45,,194.33,6.32,68.34,0.0,,1.47,-0.16,1.96,0.8,2975.0,1336.1,38.5,36.9,-22.35,68.26,0.94,0.44,6,40.0,18.5,7.0,0.0,65.5,ACCUMULATE ⭐⭐⭐,Expected ~60% CAGR (2yr) | Revenue CAGR 15% | ROE 31% | ROCE 39% | ROCE trend rising ↑ | Low D/E 0.10,Pattern still forming (not broken out),2-3 years,Medium,"yfinance, screener.in",100,287,,2026-06-13,2026-06-01,12,0.0,1,0.0
TATAELXSI,Tata Elxsi Limited,Technology,Software - Application,26795.0,Mid-Cap,MonthlyDoubleBottom,Forming,1.0,40,Sep 40mo | Mid rally 193% | Asymmetry 1%,,Sideways,False,False,Below-MAs,True,Downtrend,0,Uptrend,Uptrend,4186.1,1365.89,463.42,3558.19,4721.55,5772.18,9633.5,6744.26,37.9,17.4,42.55,27.4,8.81,0.99,29.86,174.0,20.84,4314.07,15,none,39.3,60.0,7.09,21.0,0.97,16.73,12.47,9.55,16.35,16.95,41.67,42.84,15.79,27.8,0.15,highly inconsistent earnings,0.05,,3.92,,687.19,2.56,43.9,0.0,,11.08,2.52,11.39,-0.89,6735.0,3945.0,37.8,6.1,-25.19,-65.94,0.51,0.3,7,40.0,18.5,7.0,0.0,65.5,ACCUMULATE ⭐⭐⭐,Expected ~17% CAGR (2yr) | Revenue CAGR 16% | Profit CAGR 43% | ROE 39% | ROCE 60% | ROCE trend rising ↑,Earnings due 2026-07-09 | Pattern still forming (not broken out),2-3 years,Medium,"yfinance, screener.in",100,287,2026-07-09,2026-06-13,2026-06-01,12,0.0,1,0.0
TEMBO,Tembo Global Industries Limited,Industrials,Metal Fabrication,923.0,Small-Cap,MonthlyStage2,Stage Change,1.0,24,10-EMA=567 | 30-EMA=488 | Above by 16.8% | MA turning=Yes,MonthlyCupHandle+MonthlyDoubleBottom+MonthlyStage2,Sideways,False,False,Below-MAs,True,Stage2,4,Uptrend,Uptrend,569.65,487.8,226.64,484.2,4464.56,11327.49,28740.11,11327.49,1888.5,345.9,11.65,,3.68,0.08,7.38,33.0,-12.64,,0,none,27.5,22.8,3.54,13.0,1.49,8.38,10.0,46.51,63.37,59.98,92.16,153.72,117.79,83.6,0.4,lumpy earner,0.78,,1.92,,-341.83,-37.02,36.38,0.0,,8.58,-0.04,0.95,0.73,837.0,433.35,31.9,31.5,11.43,111.92,0.34,0.67,5,32.0,19.5,12.0,2.0,65.5,ACCUMULATE ⭐⭐⭐,Expected ~346% CAGR (2yr) | Revenue CAGR 63% | Profit CAGR 154% | ROE 28% | ROCE 23% | ROCE trend rising ↑,None identified,2-3 years,Medium,"yfinance, screener.in",100,94,,2026-06-13,2026-06-01,12,0.0,1,0.0
TRITURBINE,Triveni Turbine Limited,Industrials,Specialty Industrial Machinery,21836.0,Mid-Cap,MonthlyStage2,Stage Change,1.0,24,10-EMA=546 | 30-EMA=520 | Above by 22.7% | MA turning=Yes,MonthlyDoubleBottom+MonthlyStage2,Uptrend,True,True,Uptrend,True,Stage2,4,Uptrend,Uptrend,638.05,520.11,439.85,542.34,446.67,600.37,662.98,544.18,,,62.5,41.47,15.08,2.86,47.21,58.0,67.5,674.75,8,none,27.1,35.9,3.54,21.0,0.26,16.03,11.52,8.72,20.45,25.41,-2.79,21.83,27.89,8.6,0.15,highly inconsistent earnings,0.03,,1.98,,-258.5,-1.18,55.84,0.0,,20.81,-1.57,16.52,1.92,787.6,428.35,19.0,49.0,12.77,37.09,1.48,0.49,6,35.0,26.5,0.0,4.0,65.5,ACCUMULATE ⭐⭐⭐,Revenue CAGR 20% | Profit CAGR 22% | ROE 27% | ROCE 36% | ROCE trend rising ↑ | Nearly debt-free,High PE 63,2-3 years,Medium,"yfinance, screener.in",100,176,,2026-06-13,2026-06-01,12,0.0,1,0.0
SHARDAMOTR,Sharda Motor Industries Limited,Consumer Cyclical,Auto Parts,4669.0,Small-Cap,MonthlyDoubleBottom,Forming,1.0,44,Sep 44mo | Mid rally 319% | Asymmetry 7%,,Sideways,False,False,Below-MAs,True,Stage2,3,Uptrend,Uptrend,882.7,600.75,138.94,750.3,3333.02,3945.3,4670.05,3945.3,347.0,111.4,13.85,,3.56,0.75,8.9,200.0,58.58,,0,none,27.9,36.0,1.6,12.0,1.14,10.17,11.18,19.74,7.96,14.36,9.52,18.37,38.79,6.5,0.15,highly inconsistent earnings,0.04,,1.98,,241.62,5.17,64.31,0.0,,2.43,0.2,11.51,-0.19,1248.0,700.0,29.3,26.1,3.24,-6.06,0.34,0.49,6,35.0,19.5,10.0,1.0,65.5,ACCUMULATE ⭐⭐⭐,Expected ~111% CAGR (2yr) | ROE 28% | ROCE 36% | ROCE trend rising ↑ | Nearly debt-free | Promoter 64% holding,Pattern still forming (not broken out),2-3 years,Medium,"yfinance, screener.in",100,129,,2026-06-13,2026-06-01,12,0.0,1,2.0
TMB,Tamilnad Mercantile Bank Limited,Financial Services,Banks - Regional,11811.0,Mid-Cap,MonthlyStage2,Stage Change,1.0,24,10-EMA=591 | 30-EMA=511 | Above by 33.0% | MA turning=Yes,MonthlyDoubleBottom+MonthlyStage2,Uptrend,True,False,Tight-Above-MAs,True,Stage2,12,Uptrend,Uptrend,679.4,510.71,399.27,577.49,2126.46,2721.87,3483.99,2721.87,300.6,100.2,8.83,,1.17,0.32,,147.0,10.0,,0,none,13.99,,,54.29,,39.86,1.89,23.5,,,28.0,,,28.0,0.5,insufficient history,,,,,,,,,,6.19,1.24,1.91,-0.56,770.0,411.8,11.8,65.0,63.89,41.14,0.76,0.45,2,18.0,28.5,9.0,10.0,65.5,ACCUMULATE ⭐⭐⭐,Expected ~100% CAGR (2yr) | Revenue CAGR 24% | Profit CAGR 28% | OPM 54% | FII buying +1.2% ↑ | PEG 0.32 — deeply undervalued,None identified,2-3 years,Medium,"yfinance, screener.in",40,45,,2026-06-13,2026-06-01,12,0.0,1,2.0
AUROPHARMA,Aurobindo Pharma Limited,Healthcare,Drug Manufacturers - Specialty & Generic,84138.0,Large-Cap,MonthlyStage2,Stage Change,1.0,24,10-EMA=1308 | 30-EMA=1177 | Above by 25.2% | MA turning=Yes,MonthlyCupHandle+MonthlyDoubleBottom+MonthlyStage2,Uptrend,True,False,Tight-Above-MAs,True,Stage2,5,Uptrend,Uptrend,1472.8,1176.59,1024.06,1251.88,3414.72,3105.73,5084.14,4166.65,110.9,45.2,24.21,16.52,2.24,1.1,12.02,27.0,-12.64,1514.34,29,buy,10.1,12.8,-0.49,20.0,0.17,10.41,5.86,6.08,10.63,6.32,0.55,22.02,-8.07,2.0,0.15,highly inconsistent earnings,0.21,,1.81,,1318.53,1.57,51.82,0.0,,15.24,1.29,25.82,-1.84,1550.0,1016.1,5.0,44.9,34.33,61.0,0.38,0.04,6,20.0,28.5,9.0,8.0,65.5,ACCUMULATE ⭐⭐⭐,Expected ~45% CAGR (2yr) | Profit CAGR 22% | Low D/E 0.21 | Promoter 52% holding | Piotroski F=6 (above average quality) | FII buying +1.3% ↑,Earnings due 2026-08-04,2-3 years,Medium,"yfinance, screener.in",100,366,2026-08-04,2026-06-13,2026-06-01,12,-2.6,1,3.0
INFOBEAN,InfoBeans Technologies Limited,Technology,Software - Application,1676.0,Small-Cap,MonthlyDoubleBottom,Forming,1.0,7,Sep 7mo | Mid rally 176% | Asymmetry 6%,MonthlyCupHandle+MonthlyDoubleBottom+MonthlyStage2,Downtrend,False,False,Below-MAs,False,Downtrend,0,Uptrend,Uptrend,152.27,36.64,12.9,129.43,354.39,475.59,638.24,475.59,212.3,76.7,19.37,,4.05,0.57,12.96,14.0,0.0,,0,none,23.2,29.2,0.37,22.0,-0.71,16.87,12.26,30.13,10.11,23.35,128.95,34.2,18.65,104.2,0.15,highly inconsistent earnings,0.04,,10.14,,44.87,2.68,72.84,-1.56,,0.45,-0.1,0.2,-0.76,257.5,91.45,40.9,66.5,68.63,10.99,0.31,0.53,6,35.0,14.0,10.0,6.0,65.0,ACCUMULATE ⭐⭐⭐,Expected ~77% CAGR (2yr) | Profit CAGR 34% | ROE 23% | ROCE 29% | ROCE trend rising ↑ | Nearly debt-free,Margin compression ↓ | Pattern still forming (not broken out),2-3 years,Medium,"yfinance, screener.in",100,107,,2026-06-13,2026-06-01,12,0.0,1,-1.0
HINDZINC,Hindustan Zinc Limited,Basic Materials,Other Industrial Metals & Mining,239491.0,Large-Cap,MonthlyCupHandle,Forming,0.91,23,Cup 23mo | Depth 32% | Prior gain 63% | R²=0.95,MonthlyCupHandle+MonthlyDoubleBottom,Sideways-Above-MA,True,False,Constructive,False,Stage2,1,Uptrend,Uptrend,559.9,665.61,449.98,475.91,765.97,881.24,919.75,839.35,57.4,25.5,17.3,12.88,10.58,1.81,10.64,371.0,-40.42,655.19,16,none,76.8,69.6,7.7,54.0,-0.17,35.29,29.72,19.84,6.2,12.54,33.6,9.58,11.63,67.6,0.15,highly inconsistent earnings,0.39,,1.47,,10300.62,4.3,60.71,-1.13,,2.39,0.85,4.84,0.16,733.0,413.5,23.6,35.4,39.07,78.89,0.27,0.65,4,31.0,20.92,6.0,7.0,64.9,ACCUMULATE ⭐⭐⭐,Expected ~26% CAGR (2yr) | ROE 77% | ROCE 70% | ROCE trend rising ↑ | Promoter 61% holding | OPM 54%,Earnings due 2026-07-17 | Pattern still forming (not broken out),3-4 years,Medium-High,"yfinance, screener.in",100,287,2026-07-17,2026-06-13,2026-06-01,12,-11.5,1,-2.0
RAMRAT,Ram Ratna Wires Limited,Industrials,Electrical Equipment & Parts,3655.0,Small-Cap,MonthlyCupHandle,Forming,0.717,19,Cup 19mo | Depth 32% | Prior gain 106% | R²=0.98,MonthlyCupHandle+MonthlyDoubleBottom,Uptrend,True,False,Tight-Above-MAs,True,Stage2,4,Uptrend,Uptrend,425.6,427.1,290.58,361.76,594.19,786.53,1041.13,786.53,84.8,35.9,34.13,,6.31,1.05,16.39,32.0,0.0,,0,none,20.6,23.6,2.31,5.0,0.06,2.07,8.57,40.79,25.01,27.66,55.71,32.37,46.78,69.1,0.15,highly inconsistent earnings,1.15,,1.15,,-356.79,-9.76,69.3,0.0,,0.17,0.08,0.44,0.02,520.0,268.0,18.2,58.8,33.64,192.32,0.79,0.37,4,27.0,24.6,6.0,7.0,64.6,ACCUMULATE ⭐⭐⭐,Expected ~36% CAGR (2yr) | Revenue CAGR 25% | Profit CAGR 32% | ROE 21% | ROCE 24% | ROCE trend rising ↑,High D/E 1.2 | Pattern still forming (not broken out),3-4 years,Medium-High,"yfinance, screener.in",100,47,,2026-06-13,2026-06-01,12,0.0,1,0.0
SYRMA,Syrma SGS Technology Limited,Technology,Electronic Components,23631.0,Mid-Cap,MonthlyDoubleBottom,Forming,0.717,6,Sep 6mo | Mid rally 73% | Asymmetry 2%,,Uptrend,True,True,Uptrend,True,Downtrend,0,Uptrend,Uptrend,984.15,645.9,369.32,836.53,644.16,1015.61,1283.57,909.3,3.2,1.6,72.46,42.84,8.13,1.76,42.72,12.0,0.0,1175.08,24,buy,13.9,16.7,-0.2,11.0,-0.17,6.59,5.77,27.25,33.01,40.32,88.04,41.16,38.05,54.4,0.4,lumpy earner,0.13,,1.7,,7.27,0.03,42.28,-0.44,,6.6,0.13,16.59,0.7,1234.0,500.0,20.2,96.8,81.55,98.82,0.85,0.25,5,31.0,20.6,3.0,10.0,64.6,ACCUMULATE ⭐⭐⭐,Expected ~2% CAGR (2yr) | Revenue CAGR 33% | Profit CAGR 41% | Low D/E 0.13 | Piotroski F=5 (above average quality) | DII buying +0.7% ↑,High PE 72 | Pattern still forming (not broken out),3-4 years,Medium-High,"yfinance, screener.in",100,46,,2026-06-13,2026-06-01,12,0.0,1,2.0
SUPRIYA,Supriya Lifescience Limited,Healthcare,Biotechnology,7629.0,Small-Cap,MonthlyStage2,Stage Change,1.0,24,10-EMA=682 | 30-EMA=606 | Above by 18.9% | MA turning=Yes,MonthlyDoubleBottom+MonthlyStage2,Sideways-Above-MA,True,True,Constructive,True,Stage2,5,Uptrend,Uptrend,720.6,605.95,386.51,612.51,1520.44,2230.49,3272.13,2230.49,209.5,75.9,36.5,23.82,6.37,0.78,25.7,11.0,18.56,940.0,2,strong_buy,19.06,,,32.23,,25.26,13.45,50.2,,,46.7,,,47.3,0.5,insufficient history,0.01,,4.4,,-15.58,-0.2,68.3,0.0,,5.16,-0.03,5.7,0.7,1085.0,545.5,33.6,32.1,9.5,169.45,0.46,0.64,4,33.0,22.5,6.0,3.0,64.5,ACCUMULATE ⭐⭐⭐,Expected ~76% CAGR (2yr) | Revenue CAGR 50% | Profit CAGR 47% | Nearly debt-free | Promoter 68% holding | OPM 32%,None identified,3-4 years,Medium-High,"yfinance, screener.in",70,54,,2026-06-13,2026-06-01,12,0.0,1,-2.0
GLENMARK,Glenmark Pharmaceuticals Limited,Healthcare,Drug Manufacturers - Specialty & Generic,61130.0,Large-Cap,MonthlyDoubleBottom,Forming,1.0,48,Sep 48mo | Mid rally 152% | Asymmetry 2%,,Sideways-Above-MA,True,False,Constructive,False,Stage2,5,Uptrend,Uptrend,2173.8,1214.53,478.22,1847.73,2182.65,2437.16,2692.64,2424.27,12.1,5.9,44.84,22.23,6.38,4.05,13.24,23.0,25.99,2456.5,10,buy,30.5,39.8,3.89,27.0,0.94,8.02,13.9,27.48,13.61,9.19,30.09,11.07,11.91,6382.0,0.15,highly inconsistent earnings,0.06,,1.77,,1177.36,1.93,46.65,0.0,,20.35,1.15,19.28,-0.81,2474.0,1512.8,12.1,43.7,6.73,158.21,0.5,0.25,7,34.0,22.5,5.0,3.0,64.5,ACCUMULATE ⭐⭐⭐,Expected ~6% CAGR (2yr) | ROE 30% | ROCE 40% | ROCE trend rising ↑ | Nearly debt-free | OPM 27%,Earnings due 2026-08-13 | Pattern still forming (not broken out),3-4 years,Medium-High,"yfinance, screener.in",100,288,2026-08-13,2026-06-13,2026-06-01,12,-9.6,1,1.0
PARAS,Paras Defence and Space Technologies Limited,Industrials,Aerospace & Defense,7738.0,Small-Cap,MonthlyDoubleBottom,Forming,1.0,42,Sep 42mo | Mid rally 172% | Asymmetry 9%,MonthlyDoubleBottom+MonthlyStage2,Uptrend,True,False,Tight-Above-MAs,True,Stage2,4,Uptrend,Uptrend,763.1,1591.47,560.27,648.63,423.64,2622.67,774.61,572.85,243.7,85.4,87.68,57.84,11.52,2.49,63.41,5.0,,703.0,1,none,12.6,16.9,0.97,25.0,-1.17,18.49,7.12,30.68,29.04,27.24,45.9,35.22,40.95,74.3,0.15,highly inconsistent earnings,0.04,,3.23,,55.19,0.71,53.2,0.0,,5.06,0.14,1.24,-0.04,994.0,580.5,23.2,31.5,3.33,1.82,0.86,0.6,5,32.0,28.5,-1.0,5.0,64.5,ACCUMULATE ⭐⭐⭐,Expected ~85% CAGR (2yr) | Revenue CAGR 29% | Profit CAGR 35% | ROCE trend rising ↑ | Nearly debt-free | Promoter 53% holding,High PE 88 | Margin compression ↓ | Pattern still forming (not broken out),3-4 years,Medium-High,"yfinance, screener.in",100,56,,2026-06-13,2026-06-01,12,0.0,1,2.0
JBCHEPHARM,J. B. Chemicals & Pharmaceuticals Limited,Healthcare,Drug Manufacturers - Specialty & Generic,34830.0,Large-Cap,MonthlyDoubleBottom,Forming,0.662,29,Sep 29mo | Mid rally 74% | Asymmetry 8%,,Uptrend,True,False,Tight-Above-MAs,True,Stage2,5,Uptrend,Uptrend,2171.6,183.68,101.71,1845.86,2405.33,2635.56,3465.41,2887.12,21.4,10.2,48.78,29.76,8.37,2.44,30.82,86.0,35.34,2258.22,9,none,18.9,25.4,-0.8,27.0,0.46,17.11,12.48,5.87,9.62,15.22,7.42,20.03,9.57,-30.4,0.15,highly inconsistent earnings,0.0,,4.92,,506.48,1.45,48.8,1.25,,16.33,1.45,21.38,-1.97,2285.3,1603.5,5.0,35.4,38.4,65.57,0.81,-0.02,5,31.0,24.44,1.0,8.0,64.4,ACCUMULATE ⭐⭐⭐,Expected ~10% CAGR (2yr) | Profit CAGR 20% | ROCE 25% | Nearly debt-free | Promoters buying ↑ | OPM 27%,Earnings due 2026-07-30 | Pattern still forming (not broken out),3-4 years,Medium-High,"yfinance, screener.in",100,287,2026-07-30,2026-06-13,2026-06-01,12,0.0,1,0.0
NRBBEARING,NRB Bearings Limited,Consumer Cyclical,Auto Parts,3738.0,Small-Cap,MonthlyStage2,Breaking Out,1.0,24,10-EMA=278 | 30-EMA=257 | Above by 38.8% | MA turning=Yes,MonthlyDoubleBottom+MonthlyStage2,Uptrend,True,True,Uptrend,True,Stage2,3,Uptrend,Uptrend,356.7,256.94,194.68,303.19,665.89,765.77,880.63,765.77,114.7,46.5,26.18,20.9,3.89,1.75,16.51,318.0,2.24,423.5,2,none,15.7,18.6,1.2,17.0,0.49,10.69,8.24,11.34,8.09,11.87,78.05,15.0,21.12,,0.15,highly inconsistent earnings,0.16,,2.26,,109.51,2.93,51.2,0.0,,14.69,0.57,10.06,-0.25,391.7,212.55,8.9,67.8,30.69,86.4,3.99,0.54,6,20.0,28.0,6.0,10.0,64.0,ACCUMULATE ⭐⭐⭐,Expected ~46% CAGR (2yr) | ROCE trend rising ↑ | Low D/E 0.16 | Promoter 51% holding | Piotroski F=6 (above average quality) | FII buying +0.6% ↑,None identified,3-4 years,Medium-High,"yfinance, screener.in",100,287,,2026-06-13,2026-06-01,12,0.0,1,0.0
SAKSOFT,Saksoft Limited,Technology,Information Technology Services,1831.0,Small-Cap,MonthlyDoubleBottom,Forming,1.0,19,Sep 19mo | Mid rally 307% | Asymmetry 2%,,Sideways,False,True,Below-MAs,True,Downtrend,0,Uptrend,Uptrend,144.04,15.03,3.66,122.43,404.14,474.83,557.88,474.83,229.7,81.6,14.07,4.2,2.35,0.8,8.68,70.0,17.8,,0,none,19.6,25.5,0.03,19.0,0.43,13.23,10.48,14.04,14.78,21.14,22.02,17.49,24.2,19.7,0.75,consistent growth,0.06,,2.17,,85.14,4.65,66.72,0.04,,2.4,0.17,0.0,-0.14,253.99,107.59,43.3,33.9,-20.11,-63.77,1.07,0.36,7,36.0,18.0,10.0,0.0,64.0,ACCUMULATE ⭐⭐⭐,Expected ~82% CAGR (2yr) | ROCE 26% | ROCE trend rising ↑ | Nearly debt-free | Promoter 67% holding | FCF yield 4.6%,Pattern still forming (not broken out),3-4 years,Medium-High,"yfinance, screener.in",100,253,,2026-06-13,2026-06-01,12,0.0,1,0.0
TDPOWERSYS,TD Power Systems Limited,Industrials,Specialty Industrial Machinery,20510.0,Mid-Cap,None,,0.0,0,,,Uptrend,True,True,Tight-Above-MAs,True,Stage2,4,Uptrend,Uptrend,1256.3,,,1067.86,708.64,957.09,1292.64,957.09,,,86.2,46.47,19.14,2.46,61.67,15.0,33.08,1417.0,2,none,24.7,33.4,4.29,18.0,1.43,12.86,11.83,45.11,28.63,25.59,36.57,35.06,39.65,36.2,1.0,steady compounder (low CV),0.02,,1.95,,19.94,0.1,26.87,0.0,,26.69,2.33,22.24,-0.95,1379.6,453.1,8.9,177.3,159.87,390.42,,0.51,7,40.0,15.0,-1.0,10.0,64.0,ACCUMULATE ⭐⭐⭐,Revenue CAGR 29% | Profit CAGR 35% | ROE 25% | ROCE 33% | ROCE trend rising ↑ | Nearly debt-free,High PE 86,3-4 years,Medium-High,"yfinance, screener.in",100,177,,2026-06-13,2026-06-01,12,0.0,1,0.0
YATHARTH,Yatharth Hospital & Trauma Care Services Limited,Healthcare,Medical Care Facilities,7794.0,Small-Cap,MonthlyCupHandle,Forming,0.751,18,Cup 18mo | Depth 43% | Prior gain 50% | R²=0.97,,Uptrend,True,False,Tight-Above-MAs,True,Stage2,5,Uptrend,Uptrend,832.85,829.22,475.28,707.92,1348.58,1503.58,2534.11,1848.63,80.5,34.4,44.45,25.5,4.62,1.2,24.61,0.0,,986.0,4,strong_buy,10.4,12.4,-1.97,24.0,-1.46,14.22,7.17,40.35,36.17,41.21,29.77,37.08,53.42,22.7,0.4,lumpy earner,0.15,,3.87,,-88.68,-1.14,55.8,0.0,,5.25,-0.93,12.0,0.98,889.9,485.0,6.4,71.7,63.32,,0.52,0.99,4,25.0,25.01,6.0,8.0,64.0,ACCUMULATE ⭐⭐⭐,Expected ~34% CAGR (2yr) | Revenue CAGR 36% | Profit CAGR 37% | Low D/E 0.15 | Promoter 56% holding | Margin compressing ↓ ⚠️,Margin compression ↓ | Pattern still forming (not broken out),3-4 years,Medium-High,"yfinance, screener.in",100,34,,2026-06-13,2026-06-01,12,0.0,1,0.0
NEULANDLAB,Neuland Laboratories Limited,Healthcare,Drug Manufacturers - Specialty & Generic,21568.0,Mid-Cap,MonthlyCupHandle,Forming,0.854,17,Cup 17mo | Depth 27% | Prior gain 121% | R²=0.97,MonthlyCupHandle+MonthlyDoubleBottom,Sideways-Above-MA,True,True,Constructive,True,Stage2,5,Uptrend,Uptrend,16790.0,18024.33,13107.61,14271.5,18587.94,22941.05,31626.62,24246.1,36.6,16.9,59.17,36.72,11.51,1.94,402.8,20.0,33.89,20972.0,4,strong_buy,21.4,26.6,3.4,28.0,2.51,2.29,,36.97,19.31,16.64,40.0,30.44,35.06,664.8,0.15,highly inconsistent earnings,0.16,,1.42,,,,32.63,0.0,,20.46,-0.44,15.84,1.12,19747.0,11500.0,15.0,46.0,47.75,473.99,1.12,-0.32,3,33.0,19.75,3.0,8.0,63.8,ACCUMULATE ⭐⭐⭐,Expected ~17% CAGR (2yr) | Revenue CAGR 19% | Profit CAGR 30% | ROE 21% | ROCE 27% | ROCE trend rising ↑,High PE 59 | Pattern still forming (not broken out),3-4 years,Medium-High,"yfinance, screener.in",80,212,,2026-06-13,2026-06-01,12,0.0,1,0.0
MARICO,Marico Limited,Consumer Defensive,Household & Personal Products,105046.0,Large-Cap,MonthlyDoubleBottom,Forming,0.686,40,Sep 40mo | Mid rally 74% | Asymmetry 6%,,Uptrend,True,False,Tight-Above-MAs,True,Stage2,15,Uptrend,Uptrend,831.45,365.32,203.82,706.73,629.34,777.7,776.81,699.2,,,59.52,42.96,24.77,5.36,44.1,49.0,18.88,895.45,38,buy,43.0,47.2,0.77,17.0,-0.2,12.95,14.43,25.67,11.71,11.08,9.35,11.1,8.62,14.0,0.4,lumpy earner,0.12,,1.31,,2851.62,2.71,58.93,0.0,,24.08,0.06,12.17,-0.06,848.8,680.3,2.0,22.2,23.97,39.21,0.68,0.17,4,30.0,24.73,1.0,8.0,63.7,ACCUMULATE ⭐⭐⭐,ROE 43% | ROCE 47% | ROCE trend rising ↑ | Low D/E 0.12 | Promoter 59% holding | Dividend growing 19%/yr,High PE 60 | Earnings due 2026-08-04 | Pattern still forming (not broken out),3-4 years,Medium-High,"yfinance, screener.in",100,361,2026-08-04,2026-06-13,2026-06-01,12,0.0,1,0.0
SOLARINDS,Solar Industries India Limited,Basic Materials,Specialty Chemicals,166873.0,Large-Cap,MonthlyDoubleBottom,Forming,0.548,8,Sep 8mo | Mid rally 62% | Asymmetry 8%,,Uptrend,True,True,Tight-Above-MAs,True,Stage2,1,Uptrend,Uptrend,18116.0,13280.2,7877.69,15398.6,5094.26,18682.71,8464.21,6566.5,3.1,1.6,99.01,55.36,26.58,3.43,64.11,6.0,10.06,20131.92,12,none,31.5,36.8,3.57,27.0,1.83,17.05,15.45,30.48,12.45,31.35,34.86,28.9,43.25,70.0,0.4,lumpy earner,0.23,,2.06,,-1315.16,-0.79,73.15,0.0,,6.59,-0.15,12.89,-0.02,18874.0,11646.0,4.0,55.6,10.72,363.28,0.86,0.2,6,36.0,21.58,0.0,6.0,63.6,ACCUMULATE ⭐⭐⭐,Expected ~2% CAGR (2yr) | Profit CAGR 29% | ROE 32% | ROCE 37% | ROCE trend rising ↑ | Low D/E 0.23,High PE 99 | Earnings due 2026-08-06 | Pattern still forming (not broken out),3-4 years,Medium-High,"yfinance, screener.in",100,242,2026-08-06,2026-06-13,2026-06-01,12,0.0,1,0.0
IFBIND,IFB Industries Limited,Consumer Cyclical,"Furnishings, Fixtures & Appliances",5088.0,Small-Cap,MonthlyDoubleBottom,Forming,1.0,28,Sep 28mo | Mid rally 172% | Asymmetry 4%,,Sideways,False,False,Below-MAs,True,Stage2,3,Uptrend,Uptrend,1098.8,2359.9,850.0,933.98,3951.21,5627.97,17847.23,8397.51,412.2,126.3,35.46,20.22,5.11,0.32,15.28,0.0,,1473.67,3,none,16.8,20.3,2.91,6.0,0.14,2.56,5.06,10.35,10.23,14.94,21.01,112.53,40.82,126.1,0.15,highly inconsistent earnings,0.16,,1.33,,142.69,2.8,74.96,0.0,,0.92,-0.04,6.16,0.13,2019.8,883.2,45.6,24.4,-21.12,12.49,0.56,0.34,6,29.0,19.5,15.0,0.0,63.5,ACCUMULATE ⭐⭐⭐,Expected ~126% CAGR (2yr) | Profit CAGR 113% | ROCE 20% | ROCE trend rising ↑ | Low D/E 0.16 | Promoter 75% holding,Pattern still forming (not broken out),3-4 years,Medium-High,"yfinance, screener.in",100,287,,2026-06-13,2026-06-01,12,0.0,1,0.0
KARURVYSYA,The Karur Vysya Bank Limited,Financial Services,Banks - Regional,27003.0,Mid-Cap,MonthlyDoubleBottom,Forming,1.0,35,Sep 35mo | Mid rally 115% | Asymmetry 0%,,Uptrend,True,False,Uptrend,True,Stage2,12,Uptrend,Uptrend,293.25,103.53,48.12,249.26,831.8,846.88,1658.39,1174.5,188.8,69.9,10.75,7.74,2.11,0.26,,78.0,17.57,355.44,16,buy,19.28,,,57.61,,40.05,1.96,19.5,,,41.2,,,41.2,0.5,insufficient history,,,,,,,2.07,0.0,,19.25,2.38,39.26,-0.94,343.45,190.0,14.6,54.3,40.57,170.12,0.78,-0.07,2,20.0,26.5,10.0,7.0,63.5,ACCUMULATE ⭐⭐⭐,Expected ~70% CAGR (2yr) | Revenue CAGR 20% | Profit CAGR 41% | OPM 58% | FII buying +2.4% ↑ | Dividend growing 18%/yr,Earnings due 2026-07-23 | Pattern still forming (not broken out),3-4 years,Medium-High,"yfinance, screener.in",50,365,2026-07-23,2026-06-13,2026-06-01,12,0.0,1,0.0
KPIL,Kalpataru Projects International Limited,Industrials,Engineering & Construction,22035.0,Mid-Cap,MonthlyStage2,Stage Change,1.0,24,10-EMA=1193 | 30-EMA=1086 | Above by 15.3% | MA turning=Yes,MonthlyDoubleBottom+MonthlyStage2,Sideways-Above-MA,True,False,Constructive,True,Stage2,4,Uptrend,Uptrend,1251.5,1085.77,872.33,1063.77,2835.23,2877.13,5040.15,3780.21,129.9,51.6,21.19,14.43,2.83,0.64,10.58,70.0,11.46,1522.5,18,strong_buy,14.2,16.6,0.17,8.0,-0.57,3.83,4.06,21.63,18.38,15.95,81.83,33.33,9.26,92.6,0.15,highly inconsistent earnings,0.46,,1.25,,467.04,2.12,33.58,0.01,,10.92,-0.81,45.12,1.22,1335.6,1007.1,6.3,24.3,10.49,113.96,0.61,0.37,5,23.0,22.5,12.0,6.0,63.5,ACCUMULATE ⭐⭐⭐,Expected ~52% CAGR (2yr) | Revenue CAGR 18% | Profit CAGR 33% | ROCE trend rising ↑ | Margin compressing ↓ ⚠️ | Piotroski F=5 (above average quality),Margin compression ↓ | Earnings due 2026-08-06,3-4 years,Medium-High,"yfinance, screener.in",100,37,2026-08-06,2026-06-13,2026-06-01,12,0.0,1,0.0
TBZ,Tribhovandas Bhimji Zaveri Limited,Consumer Cyclical,Luxury Goods,1115.0,Small-Cap,MonthlyDoubleBottom,Forming,1.0,31,Sep 31mo | Mid rally 223% | Asymmetry 2%,,Sideways-Above-MA,True,False,Constructive,True,Stage2,3,Uptrend,Uptrend,129.89,132.48,40.55,110.41,2425.3,4161.08,7139.17,4161.08,3103.5,466.0,5.51,56.28,1.6,0.08,5.16,135.0,31.04,,0,none,27.1,21.4,2.0,11.0,0.57,6.3,10.94,22.25,10.19,19.0,197.06,71.57,36.26,612.6,0.15,highly inconsistent earnings,1.06,,1.65,,-81.27,-7.29,74.12,0.0,,0.26,0.26,0.0,0.0,217.95,110.5,40.4,17.5,-22.01,37.06,0.34,0.5,6,26.0,22.5,14.0,1.0,63.5,ACCUMULATE ⭐⭐⭐,Expected ~466% CAGR (2yr) | Profit CAGR 72% | ROE 27% | ROCE 21% | ROCE trend rising ↑ | Promoter 74% holding,High D/E 1.1 | Pattern still forming (not broken out),3-4 years,Medium-High,"yfinance, screener.in",100,169,,2026-06-13,2026-06-01,12,0.0,1,0.0
BANKINDIA,Bank of India Limited,Financial Services,Banks - Regional,64402.0,Large-Cap,MonthlyDoubleBottom,Forming,1.0,29,Sep 29mo | Mid rally 186% | Asymmetry 7%,MonthlyCupHandle+MonthlyDoubleBottom,Sideways-Above-MA,True,False,Constructive,True,Stage2,12,Uptrend,Uptrend,145.68,190.57,64.34,123.83,735.27,677.05,1420.61,1022.02,364.8,115.6,5.95,5.53,0.72,0.15,,329.0,32.48,159.6,5,none,12.4,5.93,,45.0,,31.89,0.92,6.04,16.41,13.1,7.93,39.0,37.72,18.7,0.4,lumpy earner,,,,,,,73.38,0.0,,7.26,1.44,13.96,-1.22,178.36,108.81,18.3,33.9,35.42,61.32,0.55,0.76,2,23.0,22.5,11.0,7.0,63.5,ACCUMULATE ⭐⭐⭐,Expected ~116% CAGR (2yr) | Revenue CAGR 16% | Profit CAGR 39% | Promoter 73% holding | OPM 45% | FII buying +1.4% ↑,Pattern still forming (not broken out),3-4 years,Medium-High,"yfinance, screener.in",80,288,,2026-06-13,2026-06-01,12,5.1,1,7.0
PRUDENT,Prudent Corporate Advisory Services Limited,Financial Services,Asset Management,11167.0,Mid-Cap,MonthlyCupHandle,Forming,0.853,18,Cup 18mo | Depth 25% | Prior gain 127% | R²=0.96,,Uptrend,True,False,Constructive,True,Stage2,12,Uptrend,Uptrend,2726.2,3352.49,2515.37,2389.6,1450.77,4189.61,2223.52,1796.05,53.7,24.0,50.25,33.94,14.64,2.11,,9.0,35.72,3004.29,7,buy,28.6,37.5,-1.49,24.0,-0.17,16.62,20.48,16.24,28.76,34.88,13.27,23.8,37.6,14.3,0.4,lumpy earner,0.04,,1.32,,,,55.31,0.0,,14.89,-1.43,23.58,1.45,3098.0,2121.0,12.0,28.5,8.43,155.59,0.55,0.42,3,36.0,23.24,1.0,3.0,63.2,ACCUMULATE ⭐⭐⭐,Expected ~24% CAGR (2yr) | Revenue CAGR 29% | Profit CAGR 24% | ROE 29% | ROCE 38% | Nearly debt-free,High PE 50 | Pattern still forming (not broken out),3-4 years,Medium-High,"yfinance, screener.in",90,49,,2026-06-13,2026-06-01,12,0.0,1,0.0
KEI,KEI Industries Limited,Industrials,Electrical Equipment & Parts,51008.0,Large-Cap,MonthlyDoubleBottom,Forming,1.0,20,Sep 20mo | Mid rally 117% | Asymmetry 9%,,Uptrend,True,True,Tight-Above-MAs,True,Stage2,4,Uptrend,Uptrend,5082.4,5029.01,2215.84,4320.04,4096.7,7842.18,6338.77,5095.88,54.3,24.2,55.55,38.52,7.65,2.28,40.48,8.0,14.47,5293.0,24,buy,14.8,20.1,-0.37,10.0,-0.11,7.82,8.79,20.67,19.36,22.95,31.9,24.39,27.73,25.5,1.0,steady compounder (low CV),0.04,,2.96,,170.84,0.33,35.0,0.0,,27.27,1.78,25.83,-1.44,5476.3,3525.3,7.2,44.2,41.88,97.48,1.09,0.5,5,25.0,28.0,0.0,10.0,63.0,ACCUMULATE ⭐⭐⭐,Expected ~24% CAGR (2yr) | Revenue CAGR 19% | Profit CAGR 24% | ROCE 20% | Nearly debt-free | EPS: steady compounder (low CV),High PE 56 | Earnings due 2026-07-21 | Pattern still forming (not broken out),3-4 years,Medium-High,"yfinance, screener.in",100,243,2026-07-21,2026-06-13,2026-06-01,12,0.0,1,0.0
NGLFINE,NGL Fine-Chem Limited,Healthcare,Drug Manufacturers - General,1694.0,Small-Cap,MonthlyStage2,Breaking Out,1.0,24,10-EMA=1877 | 30-EMA=1746 | Above by 30.4% | MA turning=Yes,MonthlyDoubleBottom+MonthlyStage2,Uptrend,True,False,Uptrend,True,Stage2,5,Uptrend,Uptrend,2276.7,1746.05,1057.08,1935.19,4496.94,6020.95,8061.45,6020.95,164.5,62.6,35.21,,5.15,1.04,24.19,6.0,0.0,,0,none,15.7,17.0,-7.2,15.0,-3.23,9.61,6.78,36.14,21.69,14.19,128.57,33.89,-3.38,1536.6,0.15,highly inconsistent earnings,0.33,,1.84,,-71.4,-4.21,72.73,-0.01,,0.03,0.03,0.0,0.0,3005.0,980.0,24.2,132.3,114.69,-1.14,2.39,0.63,4,21.0,28.0,6.0,8.0,63.0,ACCUMULATE ⭐⭐⭐,Expected ~63% CAGR (2yr) | Revenue CAGR 22% | Profit CAGR 34% | Promoter 73% holding | Margin compressing ↓ ⚠️ | PEG 1.04 — fair value,Margin compression ↓,3-4 years,Medium-High,"yfinance, screener.in",100,47,,2026-06-13,2026-06-01,12,0.0,1,2.0
NILASPACES,Nila Spaces Limited,Real Estate,Real Estate - Development,485.0,Micro-Cap,MonthlyDoubleBottom,Forming,0.826,8,Sep 8mo | Mid rally 86% | Asymmetry 4%,,Downtrend,False,False,Below-MAs,False,Stage2,3,Uptrend,Uptrend,13.15,19.4,10.21,11.18,68.4,166.8,406.73,166.8,1168.4,256.2,16.88,,2.76,0.12,9.36,0.0,,,0,none,18.2,31.3,6.46,31.0,34.51,15.43,9.61,36.03,469.8,32.68,93.33,143.85,96.1,97.1,0.2,multiple loss years in history,0.46,,2.69,,-62.63,-12.91,61.9,0.0,,0.05,0.02,,,20.47,10.81,35.8,21.6,17.76,227.95,0.76,0.83,5,36.0,12.91,12.0,2.0,62.9,ACCUMULATE ⭐⭐⭐,Expected ~256% CAGR (2yr) | Revenue CAGR 470% | Profit CAGR 144% | ROCE 31% | ROCE trend rising ↑ | Promoter 62% holding,Pattern still forming (not broken out),3-4 years,Medium-High,"yfinance, screener.in",100,90,,2026-06-13,2026-06-01,12,0.0,1,0.0
NBCC,NBCC (India) Limited,Industrials,Engineering & Construction,28717.0,Mid-Cap,MonthlyDoubleBottom,Forming,1.0,48,Sep 48mo | Mid rally 216% | Asymmetry 7%,MonthlyCupHandle+MonthlyDoubleBottom+MonthlyStage2,Sideways,False,False,Below-MAs,True,Stage2,4,Uptrend,Uptrend,93.08,89.08,27.25,79.12,116.68,161.85,224.5,161.85,73.9,31.9,39.84,34.31,9.56,1.03,21.65,64.0,-30.66,124.5,2,strong_buy,24.1,31.0,3.03,5.0,0.63,5.46,4.29,7.06,13.24,13.14,33.21,38.71,25.33,37.2,0.4,lumpy earner,0.0,,1.18,,992.51,3.46,61.75,0.0,,4.99,-0.21,10.75,-1.5,130.7,77.18,28.8,20.6,-15.94,239.5,0.72,0.66,5,38.0,19.5,4.0,1.0,62.5,ACCUMULATE ⭐⭐⭐,Expected ~32% CAGR (2yr) | Profit CAGR 39% | ROE 24% | ROCE 31% | ROCE trend rising ↑ | Nearly debt-free,Pattern still forming (not broken out),3-4 years,Medium-High,"yfinance, screener.in",100,170,,2026-06-13,2026-06-01,12,0.0,1,-2.0
PGIL,Pearl Global Industries Limited,Consumer Cyclical,Apparel Manufacturing,7692.0,Small-Cap,MonthlyDoubleBottom,Forming,1.0,38,Sep 38mo | Mid rally 150% | Asymmetry 2%,MonthlyCupHandle+MonthlyDoubleBottom,Uptrend,True,False,Uptrend,True,Stage2,3,Uptrend,Uptrend,1604.5,124.1,49.29,1363.83,3179.2,3228.25,4642.37,3841.75,101.2,41.8,27.7,17.38,5.95,1.33,16.94,126.0,-8.92,2308.0,3,none,21.3,19.2,2.91,9.0,0.97,5.53,8.06,11.52,16.75,27.51,16.88,20.84,73.85,22.0,0.15,highly inconsistent earnings,0.66,,1.6,,-56.14,-0.73,61.16,-0.08,,6.48,0.21,18.8,2.03,1993.3,1178.1,19.5,36.2,15.25,390.36,0.9,-0.25,6,21.0,26.5,12.0,3.0,62.5,ACCUMULATE ⭐⭐⭐,Expected ~42% CAGR (2yr) | Revenue CAGR 17% | Profit CAGR 21% | ROE 21% | ROCE trend rising ↑ | Promoter 61% holding,Pattern still forming (not broken out),3-4 years,Medium-High,"yfinance, screener.in",100,232,,2026-06-13,2026-06-01,12,0.0,1,0.0
SUNPHARMA,Sun Pharmaceutical Industries Limited,Healthcare,Drug Manufacturers - Specialty & Generic,427609.0,Large-Cap,MonthlyDoubleBottom,Forming,1.0,32,Sep 32mo | Mid rally 113% | Asymmetry 4%,,Uptrend,True,False,Tight-Above-MAs,True,Stage2,5,Uptrend,Uptrend,1882.3,1099.65,505.12,1599.95,2246.87,2306.58,2746.96,2484.36,22.5,10.7,37.32,27.52,5.12,3.53,24.28,93.0,-1.47,2039.91,34,buy,16.0,20.5,1.43,30.0,0.89,19.64,8.43,11.19,10.03,11.78,4.96,10.57,38.33,26.2,0.15,highly inconsistent earnings,0.06,,2.82,,4931.94,1.15,54.48,0.0,,15.94,-0.18,21.0,0.28,1916.6,1548.0,1.8,21.6,21.15,61.39,0.61,0.08,7,27.0,28.5,1.0,6.0,62.5,ACCUMULATE ⭐⭐⭐,Expected ~11% CAGR (2yr) | ROCE 20% | ROCE trend rising ↑ | Nearly debt-free | Promoter 54% holding | OPM 30%,Earnings due 2026-07-30 | Pattern still forming (not broken out),3-4 years,Medium-High,"yfinance, screener.in",100,365,2026-07-30,2026-06-13,2026-06-01,12,0.0,1,0.0
BEL,Bharat Electronics Limited,Industrials,Aerospace & Defense,298385.0,Large-Cap,MonthlyDoubleBottom,Forming,1.0,41,Sep 41mo | Mid rally 112% | Asymmetry 5%,,Downtrend,False,False,Below-MAs,False,Stage2,4,Uptrend,Uptrend,406.5,55.0,25.4,345.52,376.31,481.96,603.33,476.48,18.6,8.9,49.24,35.93,12.44,1.85,36.02,107.0,2.7,490.18,28,buy,27.6,36.5,2.46,29.0,1.51,21.96,10.97,16.16,15.9,14.37,13.88,26.62,23.62,4.6,0.75,consistent growth,0.0,,1.98,,-390.91,-0.13,51.14,0.0,,19.51,1.0,20.0,-0.47,473.45,361.2,14.1,12.5,11.43,199.86,0.32,0.24,6,39.0,16.5,3.0,4.0,62.5,ACCUMULATE ⭐⭐⭐,Expected ~9% CAGR (2yr) | Revenue CAGR 16% | Profit CAGR 27% | ROE 28% | ROCE 36% | ROCE trend rising ↑,Earnings due 2026-08-03 | Pattern still forming (not broken out),3-4 years,Medium-High,"yfinance, screener.in",100,288,2026-08-03,2026-06-13,2026-06-01,12,-3.9,1,1.0
VIJAYA,Vijaya Diagnostic Centre Limited,Healthcare,Diagnostics & Research,14122.0,Mid-Cap,MonthlyStage2,Stage Change,1.0,24,10-EMA=1055 | 30-EMA=924 | Above by 40.7% | MA turning=Yes,,Uptrend,True,True,Tight-Above-MAs,True,Stage2,5,Uptrend,Uptrend,1300.1,924.15,746.56,1105.08,971.99,1283.96,1561.06,1231.8,,,81.98,52.42,16.31,3.07,42.31,15.0,25.99,1362.2,10,none,19.7,21.3,-1.4,41.0,-0.77,21.25,11.02,19.53,21.04,16.64,20.14,26.73,15.27,38.4,0.15,highly inconsistent earnings,0.44,,2.6,,-1.45,-0.01,52.51,-0.09,,13.38,-1.72,29.93,1.33,1427.8,848.0,8.9,53.3,39.94,153.77,1.38,0.34,4,24.0,28.5,0.0,10.0,62.5,ACCUMULATE ⭐⭐⭐,Revenue CAGR 21% | Profit CAGR 27% | ROCE 21% | Promoter 53% holding | OPM 41% | Margin compressing ↓ ⚠️,High PE 82 | Margin compression ↓,3-4 years,Medium-High,"yfinance, screener.in",100,57,,2026-06-13,2026-06-01,12,0.0,1,2.0
SIGNPOST,Signpost India Limited,Communication Services,Advertising Agencies,1417.0,Small-Cap,MonthlyDoubleBottom,Forming,0.603,7,Sep 7mo | Mid rally 67% | Asymmetry 6%,,Uptrend,True,False,Uptrend,True,Downtrend,0,Uptrend,Uptrend,273.6,309.47,180.06,232.56,512.87,646.17,814.1,646.17,136.2,53.7,20.16,,5.63,0.78,10.53,19.0,0.0,,0,none,27.6,24.9,0.0,25.0,1.1,12.07,11.17,27.15,19.56,,105.88,25.99,,2128.8,0.15,highly inconsistent earnings,0.7,,1.26,,-75.97,-5.36,60.38,-7.36,,0.09,0.01,0.02,0.0,310.0,180.37,11.7,51.7,36.24,,0.31,,4,25.0,19.24,10.0,8.0,62.2,ACCUMULATE ⭐⭐⭐,Expected ~54% CAGR (2yr) | Revenue CAGR 20% | Profit CAGR 26% | ROE 28% | ROCE 25% | Promoter 60% holding,Pattern still forming (not broken out),3-4 years,Medium-High,"yfinance, screener.in",100,28,,2026-06-13,2026-06-01,12,0.0,1,17.0
KILITCH,Kilitch Drugs (India) Limited,Healthcare,Drug Manufacturers - Specialty & Generic,607.0,Small-Cap,MonthlyDoubleBottom,Breakout Ready,1.0,31,Sep 31mo | Mid rally 222% | Asymmetry 10%,MonthlyDoubleBottom+MonthlyStage2,Sideways-Above-MA,True,True,Constructive,True,Stage2,5,Uptrend,Uptrend,174.37,118.3,34.98,148.21,729.54,1133.41,1760.87,1133.41,550.0,155.0,19.49,11.35,2.13,0.35,16.72,0.0,7.3,,0,none,12.5,14.4,2.51,16.0,1.83,12.81,5.35,18.69,18.84,28.15,20.0,55.36,49.63,34.6,0.75,consistent growth,0.32,,1.83,,-88.82,-14.63,63.77,0.0,,0.0,,,,250.0,117.25,30.3,48.7,-11.66,60.98,2.09,0.17,6,27.0,24.0,11.0,0.0,62.0,ACCUMULATE ⭐⭐⭐,Expected ~155% CAGR (2yr) | Revenue CAGR 19% | Profit CAGR 55% | ROCE trend rising ↑ | Promoter 64% holding | EPS: consistent growth,None identified,3-4 years,Medium-High,"yfinance, screener.in",100,189,,2026-06-13,2026-06-01,12,0.0,1,0.0
BHARTIARTL,Bharti Airtel Limited,Communication Services,Telecom Services,1095368.0,Large-Cap,MonthlyDoubleBottom,Forming,1.0,19,Sep 19mo | Mid rally 110% | Asymmetry 5%,,Downtrend,False,False,Below-MAs,False,Downtrend,0,Uptrend,Uptrend,1822.5,429.14,200.07,1549.12,1892.88,2509.3,3717.99,2652.87,37.7,17.3,40.48,21.55,7.05,1.01,10.44,89.0,74.72,2293.94,32,buy,21.9,18.5,1.77,57.0,1.74,12.65,7.85,21.96,14.88,15.96,-9.76,40.15,82.12,-33.5,0.15,highly inconsistent earnings,1.0,,0.52,,60950.84,5.56,48.87,0.0,,27.79,-0.96,20.53,0.99,2174.5,1740.5,16.2,4.7,0.63,89.03,0.48,0.02,6,34.0,15.0,11.0,2.0,62.0,ACCUMULATE ⭐⭐⭐,Expected ~17% CAGR (2yr) | Profit CAGR 40% | ROE 22% | ROCE trend rising ↑ | OPM 57% | FCF yield 5.6%,Earnings due 2026-08-05 | Pattern still forming (not broken out),3-4 years,Medium-High,"yfinance, screener.in",100,288,2026-08-05,2026-06-13,2026-06-01,12,-4.8,1,1.0
CAPACITE,Capacit'e Infraprojects Limited,Industrials,Engineering & Construction,1879.0,Small-Cap,MonthlyDoubleBottom,Forming,1.0,29,Sep 29mo | Mid rally 153% | Asymmetry 4%,,Downtrend,False,False,Below-MAs,False,Stage2,4,Uptrend,Uptrend,220.96,465.0,180.0,187.82,1026.54,916.47,1646.6,1300.12,314.8,103.7,9.81,6.59,1.03,0.37,4.83,0.0,0.0,341.0,3,strong_buy,10.6,15.6,2.09,16.0,0.06,7.25,5.88,11.62,13.39,24.41,-5.39,26.65,149.41,-11.1,0.15,highly inconsistent earnings,0.25,,1.65,,268.13,14.27,31.69,0.0,,14.96,0.87,7.82,-0.72,357.65,180.0,38.2,22.8,-23.32,-18.99,0.22,,7,28.0,16.5,17.0,0.0,61.5,ACCUMULATE ⭐⭐⭐,Expected ~104% CAGR (2yr) | Profit CAGR 27% | ROCE trend rising ↑ | Low D/E 0.25 | FCF yield 14.3% | Piotroski F=7 (high quality compounder),Pattern still forming (not broken out),3-4 years,Medium-High,"yfinance, screener.in",100,106,,2026-06-13,2026-06-01,12,-1.8,1,0.0
NDRAUTO,NDR Auto Components Limited,Consumer Cyclical,Auto Parts,1900.0,Small-Cap,MonthlyStage2,Stage Change,1.0,24,10-EMA=790 | 30-EMA=689 | Above by 17.0% | MA turning=Yes,MonthlyCupHandle+MonthlyDoubleBottom+MonthlyStage2,Sideways,False,False,Below-MAs,True,Stage2,3,Uptrend,Uptrend,806.1,689.23,421.07,685.18,1723.66,2246.61,2928.24,2246.61,178.7,66.9,30.58,,5.3,1.01,21.33,50.0,63.86,,0,none,18.9,22.2,3.46,11.0,1.09,7.53,8.29,15.43,27.94,48.49,16.98,30.34,47.11,12.6,0.4,lumpy earner,0.17,,1.22,,-26.8,-1.41,73.13,0.0,,0.08,0.03,0.0,0.0,1220.0,605.05,33.9,33.2,-22.26,275.97,0.69,0.74,5,35.0,19.5,7.0,0.0,61.5,ACCUMULATE ⭐⭐⭐,Expected ~67% CAGR (2yr) | Revenue CAGR 28% | Profit CAGR 30% | ROCE 22% | ROCE trend rising ↑ | Low D/E 0.17,None identified,3-4 years,Medium-High,"yfinance, screener.in",100,71,,2026-06-13,2026-06-01,12,0.0,1,0.0
BFUTILITIE,BF Utilities Limited,Industrials,Infrastructure Operations,2392.0,Small-Cap,MonthlyDoubleBottom,Forming,1.0,26,Sep 26mo | Mid rally 210% | Asymmetry 7%,,Sideways-Above-MA,True,True,Constructive,True,Stage2,4,Uptrend,Uptrend,621.85,2000.76,622.0,590.9,2275.12,3497.99,5378.16,3497.99,462.5,137.2,15.13,,11.87,0.28,,0.0,,,0,none,113.0,29.9,3.89,74.0,2.66,18.44,,-13.62,17.73,9.36,11.18,53.75,36.24,,0.15,highly inconsistent earnings,,,,,,,56.73,0.0,,1.57,0.0,0.05,-0.05,898.7,368.7,30.8,68.7,-12.37,45.58,1.05,0.35,3,31.0,22.5,8.0,0.0,61.5,ACCUMULATE ⭐⭐⭐,Expected ~137% CAGR (2yr) | Revenue CAGR 18% | Profit CAGR 54% | ROE 113% | ROCE 30% | ROCE trend rising ↑,Pattern still forming (not broken out),3-4 years,Medium-High,"yfinance, screener.in",70,230,,2026-06-13,2026-06-01,12,18.5,1,2.0
CAMPUS,Campus Activewear Limited,Consumer Cyclical,Footwear & Accessories,7429.0,Small-Cap,MonthlyDoubleBottom,Forming,0.744,13,Sep 13mo | Mid rally 76% | Asymmetry 1%,,Downtrend,False,False,Below-MAs,False,Stage2,3,Uptrend,Uptrend,238.4,370.52,209.77,202.64,373.35,531.27,736.27,524.3,122.8,49.3,49.51,34.45,8.22,1.22,25.89,62.0,,302.57,7,strong_buy,29.5,31.8,4.1,20.0,11.14,8.46,9.18,67.93,26.13,259.08,300.0,40.43,,26.0,0.15,highly inconsistent earnings,0.26,,2.37,,-11.2,-0.15,72.09,-0.02,,6.07,-0.08,11.6,-0.11,304.4,215.2,21.7,10.8,-6.11,-40.39,0.29,0.09,6,39.0,12.43,9.0,1.0,61.4,ACCUMULATE ⭐⭐⭐,Expected ~49% CAGR (2yr) | Revenue CAGR 26% | Profit CAGR 40% | ROE 30% | ROCE 32% | ROCE trend rising ↑,Pattern still forming (not broken out),3-4 years,Medium-High,"yfinance, screener.in",100,50,,2026-06-13,2026-06-01,12,2.5,1,-3.0
BAJAJCON,Bajaj Consumer Care Limited,Consumer Defensive,Household & Personal Products,7211.0,Small-Cap,MonthlyDoubleBottom,Forming,0.911,24,Sep 24mo | Mid rally 95% | Asymmetry 4%,,Uptrend,True,False,Tight-Above-MAs,True,Stage2,15,Uptrend,Uptrend,591.65,288.95,145.42,502.9,683.38,668.6,841.69,758.41,13.0,6.3,38.9,26.77,9.79,3.54,31.69,0.0,-33.06,533.88,8,none,25.3,30.6,-1.54,19.0,-1.57,16.33,13.92,20.73,6.63,4.79,52.0,10.98,-3.15,105.3,0.15,highly inconsistent earnings,0.02,,3.49,,136.45,1.89,42.97,0.0,,16.59,6.89,14.27,-1.48,581.0,168.25,-1.8,251.6,169.72,164.05,0.28,0.88,4,22.0,27.43,2.0,10.0,61.4,ACCUMULATE ⭐⭐⭐,Expected ~6% CAGR (2yr) | ROE 25% | ROCE 31% | Nearly debt-free | Margin compressing ↓ ⚠️ | FII buying +6.9% ↑,Margin compression ↓ | Pattern still forming (not broken out),3-4 years,Medium-High,"yfinance, screener.in",100,191,,2026-06-13,2026-06-01,12,12.3,1,-1.0
COFORGE,Coforge Limited,Technology,Information Technology Services,63546.0,Large-Cap,MonthlyDoubleBottom,Forming,0.964,29,Sep 29mo | Mid rally 105% | Asymmetry 9%,,Sideways,False,False,Below-MAs,True,Downtrend,0,Uptrend,Uptrend,1367.2,1984.96,924.97,1162.12,1860.55,3044.95,3281.24,2470.81,122.7,49.2,32.79,20.91,5.06,1.0,15.75,111.0,-35.92,1644.85,34,buy,20.6,23.5,-1.23,18.0,-0.11,9.48,10.8,36.11,26.96,28.6,86.43,32.8,30.22,134.4,0.15,highly inconsistent earnings,0.07,,1.61,,1715.94,2.7,,,,23.32,-7.34,44.42,-11.76,1994.0,1008.1,31.4,35.6,-16.63,30.48,0.74,0.23,5,32.0,18.07,11.0,0.0,61.1,ACCUMULATE ⭐⭐⭐,Expected ~49% CAGR (2yr) | Revenue CAGR 27% | Profit CAGR 33% | ROE 21% | ROCE 24% | Nearly debt-free,Earnings due 2026-07-23 | Pattern still forming (not broken out),3-4 years,Medium-High,"yfinance, screener.in",90,263,2026-07-23,2026-06-13,2026-06-01,12,-3.2,1,0.0
TERASOFT,Tera Software Limited,Technology,Information Technology Services,554.0,Small-Cap,MonthlyDoubleBottom,Forming,1.0,10,Sep 10mo | Mid rally 194% | Asymmetry 1%,,Sideways,False,False,Constructive,True,Downtrend,0,Uptrend,Uptrend,317.8,59.31,20.1,270.13,967.6,1961.7,3977.16,1961.7,517.3,148.5,22.37,,4.15,0.22,14.48,23.0,,,0,none,18.5,24.4,8.0,15.0,7.2,10.42,9.27,120.37,22.02,,177.78,102.74,,119.9,0.4,lumpy earner,0.27,,1.69,,-27.34,-4.93,47.53,0.0,,0.08,-0.06,,,598.0,257.4,46.9,23.5,16.12,530.71,0.4,0.3,5,30.0,18.0,11.0,2.0,61.0,ACCUMULATE ⭐⭐⭐,Expected ~148% CAGR (2yr) | Revenue CAGR 22% | Profit CAGR 103% | ROCE 24% | ROCE trend rising ↑ | Low D/E 0.27,Pattern still forming (not broken out),3-4 years,Medium-High,"yfinance, screener.in",100,114,,2026-06-13,2026-06-01,12,0.0,1,-1.0
SRM,SRM CONTRACTORS LIMITED,Industrials,Engineering & Construction,1172.0,Small-Cap,None,,0.0,0,,,Sideways-Above-MA,True,True,Constructive,True,Stage2,4,Uptrend,Uptrend,485.85,,,412.97,2985.98,5377.76,9685.34,5377.76,1006.9,232.7,10.55,,3.92,0.13,6.92,0.0,,,0,none,34.3,37.1,-0.2,16.0,1.17,10.82,13.52,94.32,50.66,45.01,101.82,80.1,69.22,126.5,0.4,lumpy earner,0.33,,1.59,,-70.78,-6.04,72.59,0.0,,0.43,0.38,1.11,-0.15,649.95,361.35,25.2,34.5,5.28,,,0.5,5,38.0,9.0,12.0,2.0,61.0,ACCUMULATE ⭐⭐⭐,Expected ~233% CAGR (2yr) | Revenue CAGR 51% | Profit CAGR 80% | ROE 34% | ROCE 37% | Promoter 73% holding,None identified,3-4 years,Medium-High,"yfinance, screener.in",100,26,,2026-06-13,2026-06-01,12,0.0,1,0.0
SENCO,Senco Gold Limited,Consumer Cyclical,Luxury Goods,5747.0,Small-Cap,MonthlyDoubleBottom,Forming,0.325,8,Sep 8mo | Mid rally 41% | Asymmetry 8%,,Sideways-Above-MA,True,False,Constructive,True,Stage2,3,Uptrend,Uptrend,335.05,403.94,276.0,284.79,3090.87,3037.36,7304.64,4751.6,806.5,201.1,10.0,14.18,2.73,0.19,8.18,50.0,14.47,466.0,6,buy,25.6,20.9,-0.29,11.0,0.37,6.81,9.39,33.22,27.4,25.95,261.01,53.73,56.57,151.3,0.15,highly inconsistent earnings,1.07,,1.54,,-224.74,-3.91,64.49,0.02,,7.6,-0.61,12.61,0.53,404.85,276.0,17.2,21.4,5.81,,1.0,0.48,4,30.0,12.9,15.0,3.0,60.9,ACCUMULATE ⭐⭐⭐,Expected ~201% CAGR (2yr) | Revenue CAGR 27% | Profit CAGR 54% | ROE 26% | ROCE 21% | Promoter 64% holding,High D/E 1.1 | Pattern still forming (not broken out),3-4 years,Medium-High,"yfinance, screener.in",100,35,,2026-06-13,2026-06-01,12,0.0,1,0.0
CARERATING,CARE Ratings Limited,Financial Services,Financial Data & Stock Exchanges,4837.0,Small-Cap,MonthlyDoubleBottom,Forming,0.925,14,Sep 14mo | Mid rally 93% | Asymmetry 1%,,Sideways-Above-MA,True,False,Constructive,False,Stage2,12,Uptrend,Uptrend,1626.0,708.57,364.76,1382.1,1574.2,1998.76,2537.82,1998.76,22.9,10.9,28.33,20.58,5.19,1.05,21.55,137.0,23.86,2130.0,1,none,19.7,26.3,1.54,42.0,0.97,36.18,11.09,17.66,19.24,13.78,24.29,26.97,13.84,24.0,0.15,highly inconsistent earnings,0.03,,5.75,,134.75,2.79,,,,23.25,0.25,31.38,0.08,1964.0,1392.7,17.2,16.8,0.96,115.23,0.3,0.33,7,35.0,20.6,3.0,2.0,60.6,ACCUMULATE ⭐⭐⭐,Expected ~11% CAGR (2yr) | Revenue CAGR 19% | Profit CAGR 27% | ROCE 26% | ROCE trend rising ↑ | Nearly debt-free,Pattern still forming (not broken out),3-4 years,Medium-High,"yfinance, screener.in",90,163,,2026-06-13,2026-06-01,12,-7.4,1,0.0
GPTHEALTH,GPT Healthcare Limited,Healthcare,Medical Care Facilities,1228.0,Small-Cap,MonthlyDoubleBottom,Forming,0.633,9,Sep 9mo | Mid rally 64% | Asymmetry 1%,,Uptrend,True,False,Uptrend,True,Stage2,5,Uptrend,Uptrend,148.17,203.87,124.04,125.94,242.65,283.7,313.69,275.89,91.5,38.4,29.06,14.96,4.54,2.12,15.07,200.0,-28.57,136.0,1,none,28.5,23.6,10.0,22.0,2.5,8.94,8.41,38.68,,,100.0,,,13.0,1.0,steady compounder (low CV),0.34,,1.12,,19.64,1.6,65.57,0.0,,2.81,0.08,6.84,0.64,185.0,115.0,19.9,28.8,-10.05,,0.38,0.49,6,35.0,20.6,4.0,1.0,60.6,ACCUMULATE ⭐⭐⭐,Expected ~38% CAGR (2yr) | Revenue CAGR 25% | ROE 28% | ROCE 24% | ROCE trend rising ↑ | Promoter 66% holding,Pattern still forming (not broken out),3-4 years,Medium-High,"yfinance, screener.in",80,29,,2026-06-13,2026-06-01,12,3.7,1,3.0
RATEGAIN,RateGain Travel Technologies Limited,Technology,Software - Application,8960.0,Mid-Cap,MonthlyStage2,Stage Change,1.0,24,10-EMA=592 | 30-EMA=580 | Above by 16.1% | MA turning=Yes,MonthlyDoubleBottom+MonthlyStage2,Sideways-Above-MA,True,True,Constructive,True,Downtrend,0,Uptrend,Uptrend,673.6,579.95,433.8,572.56,696.42,912.46,1400.89,987.73,35.5,16.4,46.09,23.06,4.47,1.1,28.74,0.0,,799.56,9,none,12.0,13.7,4.26,19.0,3.54,10.66,5.87,69.36,47.79,48.69,-7.18,41.83,77.53,27.7,0.15,highly inconsistent earnings,0.47,,1.41,,-11.97,-0.13,48.77,0.22,,5.35,0.38,20.86,0.24,802.0,417.6,16.0,61.3,54.95,38.49,0.39,0.85,5,25.0,21.5,6.0,8.0,60.5,ACCUMULATE ⭐⭐⭐,Expected ~16% CAGR (2yr) | Revenue CAGR 48% | Profit CAGR 42% | ROCE trend rising ↑ | Piotroski F=5 (above average quality) | PEG 1.10 — fair value,None identified,3-4 years,Medium-High,"yfinance, screener.in",100,54,,2026-06-13,2026-06-01,12,0.0,1,-2.0
AGI,AGI Greenpac Limited,Consumer Cyclical,Packaging & Containers,3875.0,Small-Cap,MonthlyDoubleBottom,Forming,1.0,34,Sep 34mo | Mid rally 177% | Asymmetry 3%,,Sideways,False,False,Below-MAs,True,Stage2,3,Uptrend,Uptrend,645.75,127.95,45.52,548.89,5909.61,9938.79,16715.06,9938.79,1439.1,292.3,11.03,9.39,1.61,0.16,6.64,117.0,11.87,,0,none,15.8,19.6,1.14,22.0,1.71,13.19,7.51,5.38,5.76,6.13,9.32,68.18,26.66,19.4,0.15,highly inconsistent earnings,0.1,,1.51,,12.41,0.32,60.39,0.16,,6.78,-0.46,2.03,-0.21,1009.0,465.0,36.0,38.9,-27.81,-12.79,0.33,-0.16,6,29.0,19.5,12.0,0.0,60.5,ACCUMULATE ⭐⭐⭐,Expected ~292% CAGR (2yr) | Profit CAGR 68% | ROCE trend rising ↑ | Low D/E 0.10 | Promoter 60% holding | Piotroski F=6 (above average quality),Pattern still forming (not broken out),3-4 years,Medium-High,"yfinance, screener.in",100,288,,2026-06-13,2026-06-01,12,11.8,1,0.0
MOLDTKPAC,Mold-Tek Packaging Limited,Consumer Cyclical,Packaging & Containers,2356.0,Small-Cap,MonthlyDoubleBottom,Forming,1.0,44,Sep 44mo | Mid rally 161% | Asymmetry 6%,MonthlyDoubleBottom+MonthlyStage2,Sideways-Above-MA,True,False,Constructive,True,Stage2,3,Uptrend,Uptrend,681.8,1088.22,406.02,579.53,1274.05,1770.42,2022.35,1605.17,159.7,61.1,32.36,20.66,3.42,1.25,14.86,56.0,-30.66,810.33,9,none,17.8,22.2,0.09,19.0,0.49,8.22,7.09,31.73,15.93,15.96,33.33,25.99,21.67,26.9,0.75,consistent growth,0.32,,1.49,,-63.1,-2.68,33.19,0.12,,9.69,-0.67,20.95,0.83,892.9,464.9,23.6,46.7,5.54,-54.23,3.4,0.52,5,26.0,22.5,10.0,2.0,60.5,ACCUMULATE ⭐⭐⭐,Expected ~61% CAGR (2yr) | Revenue CAGR 16% | Profit CAGR 26% | ROCE 22% | ROCE trend rising ↑ | EPS: consistent growth,Pattern still forming (not broken out),3-4 years,Medium-High,"yfinance, screener.in",100,136,,2026-06-13,2026-06-01,12,0.0,1,0.0
SHAKTIPUMP,Shakti Pumps (India) Limited,Industrials,Specialty Industrial Machinery,6670.0,Small-Cap,MonthlyDoubleBottom,Forming,1.0,40,Sep 40mo | Mid rally 662% | Asymmetry 0%,,Downtrend,False,False,Below-MAs,True,Stage2,4,Uptrend,Uptrend,502.6,125.85,16.51,427.21,1553.71,3429.05,7567.9,3429.05,582.3,161.2,25.7,16.84,4.1,0.21,15.37,19.0,44.23,640.0,1,buy,18.0,23.7,2.8,16.0,1.69,9.55,9.79,7.23,40.73,23.74,-36.76,120.7,27.69,-65.2,0.15,highly inconsistent earnings,0.3,,2.12,,-146.02,-2.19,50.36,0.02,,4.83,-0.51,4.97,-1.33,1049.0,456.35,52.1,10.1,-39.02,386.71,0.59,-0.15,6,33.0,16.5,11.0,0.0,60.5,ACCUMULATE ⭐⭐⭐,Expected ~161% CAGR (2yr) | Revenue CAGR 41% | Profit CAGR 121% | ROCE 24% | ROCE trend rising ↑ | Low D/E 0.30,Pattern still forming (not broken out),3-4 years,Medium-High,"yfinance, screener.in",100,176,,2026-06-13,2026-06-01,12,0.0,1,0.0
BCLIND,BCL Industries Limited,Consumer Defensive,Beverages - Wineries & Distilleries,987.0,Small-Cap,MonthlyDoubleBottom,Forming,1.0,40,Sep 40mo | Mid rally 223% | Asymmetry 7%,,Uptrend,True,True,Constructive,True,Stage2,15,Uptrend,Uptrend,37.79,85.38,25.53,32.12,263.21,329.88,413.44,329.88,772.9,195.5,8.58,,1.08,0.34,5.58,78.0,-19.59,,0,none,13.4,13.9,-1.49,9.0,0.63,4.12,7.82,-0.82,15.37,14.37,22.33,25.33,24.57,-8.6,0.15,highly inconsistent earnings,0.6,,2.01,,166.15,16.83,58.23,0.2,,0.43,0.06,0.0,-0.02,49.3,25.53,23.3,48.0,-8.9,-36.55,2.8,0.59,6,22.0,25.5,13.0,0.0,60.5,ACCUMULATE ⭐⭐⭐,Expected ~196% CAGR (2yr) | Revenue CAGR 15% | Profit CAGR 25% | Promoter 58% holding | FCF yield 16.8% | Piotroski F=6 (above average quality),Pattern still forming (not broken out),3-4 years,Medium-High,"yfinance, screener.in",100,64,,2026-06-13,2026-06-01,12,11.8,1,8.0
LLOYDSENGG,Lloyds Engineering Works Limited,Industrials,Specialty Industrial Machinery,10360.0,Mid-Cap,MonthlyStage2,Breaking Out,1.0,24,10-EMA=56 | 30-EMA=58 | Above by 18.6% | MA turning=Yes,MonthlyDoubleBottom+MonthlyStage2,Sideways-Above-MA,True,True,Constructive,True,Stage2,4,Uptrend,Uptrend,68.44,57.7,37.73,58.17,107.32,228.06,484.62,228.06,233.2,82.5,48.79,,5.99,0.43,51.45,34.0,80.47,,0,none,16.4,17.1,,15.0,-1.0,14.59,6.21,53.78,,,88.57,,,156.5,0.5,insufficient history,0.07,,2.77,,-383.29,-3.7,41.92,0.0,,2.11,0.14,0.18,0.0,84.27,37.4,18.8,83.0,4.47,,1.72,1.14,3,26.0,24.0,7.0,3.0,60.0,ACCUMULATE ⭐⭐⭐,Expected ~82% CAGR (2yr) | Revenue CAGR 113% | Profit CAGR 112% | Nearly debt-free | Margin compressing ↓ ⚠️ | Dividend growing 80%/yr,Margin compression ↓,3-4 years,Medium-High,"yfinance, screener.in",80,32,,2026-06-13,2026-06-01,12,0.0,1,0.0
WHEELS,Wheels India Limited,Consumer Cyclical,Auto Parts,3635.0,Small-Cap,MonthlyDoubleBottom,Breakout Ready,1.0,33,Sep 33mo | Mid rally 148% | Asymmetry 5%,,Uptrend,True,True,Tight-Above-MAs,True,Stage2,3,Uptrend,Uptrend,1564.2,1236.83,487.61,1329.57,5623.81,8198.39,11951.61,8198.39,424.1,128.9,23.47,39.91,3.49,0.51,,97.0,-8.73,,0,none,15.8,18.8,2.6,8.0,0.37,3.19,,15.2,5.61,17.76,41.07,45.78,27.44,-9.8,0.15,highly inconsistent earnings,,,,,,,58.31,0.0,,1.15,-0.03,9.64,-0.17,1744.0,705.85,10.3,121.6,102.86,76.38,3.16,,2,16.0,30.0,6.0,8.0,60.0,ACCUMULATE ⭐⭐⭐,Expected ~129% CAGR (2yr) | Profit CAGR 46% | ROCE trend rising ↑ | Promoter 58% holding | PEG 0.51 — undervalued | MonthlyDoubleBottom — Breakout Ready,None identified,3-4 years,Medium-High,"yfinance, screener.in",70,287,,2026-06-13,2026-06-01,12,0.0,1,0.0
MANORAMA,Manorama Industries Limited,Consumer Defensive,Packaged Foods,8814.0,Mid-Cap,None,,0.0,0,,,Uptrend,True,False,Below-MAs,True,Stage2,15,Uptrend,Uptrend,1371.4,,,1165.69,2233.34,2936.84,3861.94,2936.84,114.1,46.3,40.98,27.03,13.11,1.3,25.82,4.0,50.0,1831.0,2,none,39.4,35.0,,26.0,2.0,15.73,18.74,77.3,,,104.55,,,31.0,0.5,insufficient history,0.52,,1.95,,131.47,1.49,54.32,0.0,,2.89,0.18,3.0,-0.61,1760.0,1060.6,22.1,29.3,1.65,325.28,,0.17,6,40.0,11.0,7.0,2.0,60.0,ACCUMULATE ⭐⭐⭐,Expected ~46% CAGR (2yr) | Revenue CAGR 68% | Profit CAGR 32% | ROE 39% | ROCE 35% | Promoter 54% holding,None identified,3-4 years,Medium-High,"yfinance, screener.in",80,47,,2026-06-13,2026-06-01,12,0.0,1,3.0
GPTINFRA,GPT Infraprojects Limited,Industrials,Engineering & Construction,1456.0,Small-Cap,MonthlyStage2,Stage Change,0.619,24,10-EMA=113 | 30-EMA=104 | Above by 9.3% | MA turning=Yes,,Sideways-Above-MA,True,False,Constructive,False,Stage2,4,Uptrend,Uptrend,114.16,104.46,89.91,97.04,405.7,599.91,887.09,599.91,425.5,129.2,14.98,,2.42,0.31,9.53,347.0,0.0,,0,none,17.3,21.3,1.91,14.0,-0.06,7.54,8.18,8.59,16.83,16.2,31.08,47.87,37.14,31.5,0.4,lumpy earner,0.5,,1.59,,-24.47,-1.68,69.37,0.0,,2.72,0.14,7.03,-0.07,144.25,96.22,20.9,18.6,-4.53,198.61,0.17,-0.12,5,29.0,17.93,12.0,1.0,59.9,WATCH ⭐⭐,Expected ~129% CAGR (2yr) | Revenue CAGR 17% | Profit CAGR 48% | ROCE 21% | ROCE trend rising ↑ | Promoter 69% holding,None identified,3-4 years,Medium-High,"yfinance, screener.in",100,120,,2026-06-13,2026-06-01,12,-2.6,1,-9.8
COLPAL,Colgate-Palmolive (India) Limited,Consumer Defensive,Household & Personal Products,54384.0,Large-Cap,MonthlyDoubleBottom,Forming,0.511,17,Sep 17mo | Mid rally 59% | Asymmetry 8%,,Downtrend,False,False,Below-MAs,True,Stage2,15,Uptrend,Uptrend,2079.0,1418.08,861.94,1767.15,4121.48,4450.37,8469.32,5908.14,114.1,46.3,40.98,33.98,34.33,0.95,28.33,240.0,-17.67,2263.7,27,hold,158.0,179.0,31.8,22.0,1.4,21.96,33.52,15.43,14.93,,51.39,43.35,,-0.5,0.4,lumpy earner,0.03,,1.28,,1955.26,3.6,51.0,0.0,,13.6,-1.58,15.25,1.75,2504.0,1782.0,17.0,16.7,-1.78,-11.0,0.43,0.51,6,40.0,9.63,9.0,1.0,59.6,WATCH ⭐⭐,Expected ~46% CAGR (2yr) | Profit CAGR 43% | ROE 158% | ROCE 179% | ROCE trend rising ↑ | Nearly debt-free,Earnings due 2026-07-22 | Pattern still forming (not broken out),3-4 years,Medium-High,"yfinance, screener.in",100,288,2026-07-22,2026-06-13,2026-06-01,12,-5.0,1,-3.0
MARINE,Marine Electricals (India) Limited,Industrials,Electrical Equipment & Parts,3301.0,Small-Cap,MonthlyStage2,Stage Change,1.0,24,10-EMA=204 | 30-EMA=177 | Above by 25.4% | MA turning=Yes,MonthlyDoubleBottom+MonthlyStage2,Sideways-Above-MA,True,False,Constructive,True,Stage2,4,Uptrend,Uptrend,222.05,177.13,147.48,188.74,186.27,282.01,426.96,282.01,27.0,12.7,64.97,,7.02,1.26,36.07,12.0,9.0,,0,none,13.2,18.2,1.23,11.0,-0.03,6.66,6.17,14.34,25.56,28.43,55.26,51.4,33.34,38.1,0.4,lumpy earner,0.18,,2.12,,-39.23,-1.19,68.2,-0.34,,0.59,-0.06,0.34,0.22,282.48,150.86,21.4,47.2,11.91,331.09,0.63,1.08,4,30.0,22.5,3.0,4.0,59.5,WATCH ⭐⭐,Expected ~13% CAGR (2yr) | Revenue CAGR 26% | Profit CAGR 51% | ROCE trend rising ↑ | Low D/E 0.18 | Promoter 68% holding,High PE 65,3-4 years,Medium-High,"yfinance, screener.in",100,92,,2026-06-13,2026-06-01,12,0.0,1,-3.0
IEX,Indian Energy Exchange Limited,Financial Services,Capital Markets,10883.0,Mid-Cap,MonthlyDoubleBottom,Forming,1.0,33,Sep 33mo | Mid rally 112% | Asymmetry 4%,MonthlyCupHandle+MonthlyDoubleBottom,Sideways,False,False,Below-MAs,True,Stage2,12,Uptrend,Uptrend,125.48,233.91,108.28,106.66,143.84,359.54,197.67,168.62,186.5,69.3,22.09,19.36,8.03,1.28,14.06,327.0,51.83,141.18,11,none,39.4,51.4,-1.26,84.0,0.71,65.99,16.95,14.71,15.38,14.14,14.92,17.23,19.18,10.8,0.15,highly inconsistent earnings,0.01,,2.0,,799.84,7.35,,,,14.16,2.74,30.26,-4.69,215.4,114.6,41.7,9.5,-25.48,-16.95,0.29,0.31,5,35.0,19.5,5.0,0.0,59.5,WATCH ⭐⭐,Expected ~69% CAGR (2yr) | Revenue CAGR 15% | ROE 39% | ROCE 51% | Nearly debt-free | OPM 84%,Earnings due 2026-04-23 | Pattern still forming (not broken out),3-4 years,Medium-High,"yfinance, screener.in",90,104,2026-04-23,2026-06-13,2026-06-01,12,0.0,1,0.0
NESTLEIND,Nestlé India Limited,Consumer Defensive,Packaged Foods,267303.0,Large-Cap,MonthlyStage2,Stage Change,1.0,24,10-EMA=1299 | 30-EMA=1204 | Above by 18.9% | MA turning=Yes,MonthlyDoubleBottom+MonthlyStage2,Uptrend,True,True,Tight-Above-MAs,True,Stage2,15,Uptrend,Uptrend,1431.4,1203.53,1067.84,1216.69,742.93,1339.22,823.3,782.08,,,76.33,58.52,51.83,14.48,51.63,87.0,-16.68,1472.92,36,none,74.3,85.4,-11.0,23.0,-0.0,15.14,22.58,14.62,6.58,,9.07,5.27,,27.2,0.15,highly inconsistent earnings,0.09,,0.96,,3881.1,1.45,62.76,0.0,,9.74,-0.07,12.4,0.3,1498.1,1084.7,4.5,32.0,24.96,6.0,0.77,0.44,3,25.0,28.5,0.0,6.0,59.5,WATCH ⭐⭐,ROE 74% | ROCE 85% | Nearly debt-free | Promoter 63% holding | MonthlyStage2 forming (24mo base) | Weekly uptrend,High PE 76 | Earnings due 2026-04-21,3-4 years,Medium-High,"yfinance, screener.in",100,286,2026-04-21,2026-06-13,2026-06-01,12,0.0,1,0.0
ONWARDTEC,Onward Technologies Limited,Technology,Information Technology Services,573.0,Small-Cap,MonthlyDoubleBottom,Forming,1.0,31,Sep 31mo | Mid rally 245% | Asymmetry 6%,,Sideways,False,False,Below-MAs,True,Downtrend,0,Uptrend,Uptrend,258.17,720.06,202.91,219.44,1053.66,1672.58,2655.06,1672.58,547.9,154.5,13.07,,2.26,0.22,6.97,196.0,18.56,,0,none,19.5,23.0,1.31,13.0,1.17,8.15,10.24,10.79,7.25,17.78,62.96,58.74,44.43,-8.3,0.15,highly inconsistent earnings,0.16,,3.66,,20.84,3.64,39.07,-0.02,,9.83,0.44,3.54,0.64,385.0,208.25,32.9,24.0,-16.72,-70.44,2.13,0.71,6,29.0,18.5,12.0,0.0,59.5,WATCH ⭐⭐,Expected ~154% CAGR (2yr) | Profit CAGR 59% | ROCE 23% | ROCE trend rising ↑ | Low D/E 0.16 | FCF yield 3.6%,Pattern still forming (not broken out),3-4 years,Medium-High,"yfinance, screener.in",100,287,,2026-06-13,2026-06-01,12,0.0,1,0.0
ARIES,Aries Agro Limited,Basic Materials,Agricultural Inputs,430.0,Micro-Cap,MonthlyDoubleBottom,Forming,1.0,38,Sep 38mo | Mid rally 244% | Asymmetry 6%,,Downtrend,False,False,Below-MAs,False,Stage2,1,Uptrend,Uptrend,336.35,269.12,76.07,285.9,999.35,1378.6,1901.78,1378.6,309.9,102.5,10.03,,1.28,0.26,4.95,36.0,14.47,,0,none,13.7,21.2,1.46,12.0,-0.4,5.69,7.99,21.06,16.85,14.6,27.27,37.95,21.29,,0.15,highly inconsistent earnings,0.17,,1.69,,0.94,0.22,52.66,0.0,,3.25,0.34,0.0,0.0,459.9,285.35,26.9,17.9,-9.05,78.04,0.16,,6,30.0,16.5,13.0,0.0,59.5,WATCH ⭐⭐,Expected ~102% CAGR (2yr) | Revenue CAGR 17% | Profit CAGR 38% | ROCE 21% | ROCE trend rising ↑ | Low D/E 0.17,Pattern still forming (not broken out),3-4 years,Medium-High,"yfinance, screener.in",100,222,,2026-06-13,2026-06-01,12,-5.6,1,1.0
SIEMENS,Siemens Limited,Industrials,Specialty Industrial Machinery,131793.0,Large-Cap,MonthlyDoubleBottom,Forming,1.0,26,Sep 26mo | Mid rally 210% | Asymmetry 0%,MonthlyCupHandle+MonthlyDoubleBottom+MonthlyStage2,Uptrend,True,True,Uptrend,True,Stage2,4,Uptrend,Uptrend,3550.9,526.5,169.39,3018.26,1965.47,2942.38,2891.93,2384.12,,,78.13,53.41,9.52,3.67,52.75,39.0,14.47,3779.77,26,hold,16.3,21.2,2.43,11.0,0.43,9.21,,11.72,15.47,20.09,1.32,21.3,29.06,-36.4,0.4,lumpy earner,0.02,,2.57,,,,75.0,0.0,,6.8,-0.05,8.59,0.24,3937.3,2826.0,9.8,25.7,16.93,39.1,0.58,,4,29.0,26.5,0.0,4.0,59.5,WATCH ⭐⭐,Revenue CAGR 15% | Profit CAGR 21% | ROCE 21% | ROCE trend rising ↑ | Nearly debt-free | Promoter 75% holding,High PE 78 | Earnings due 2026-08-06 | Pattern still forming (not broken out),3-4 years,Medium-High,"yfinance, screener.in",80,329,2026-08-06,2026-06-13,2026-06-01,12,0.0,1,8.0
MEDPLUS,MedPlus Health Services Limited,Healthcare,Pharmaceutical Retailers,10312.0,Mid-Cap,MonthlyStage2,Stage Change,0.993,24,10-EMA=848 | 30-EMA=813 | Above by 14.9% | MA turning=Yes,MonthlyDoubleBottom+MonthlyStage2,Uptrend,True,False,Uptrend,True,Stage2,5,Uptrend,Uptrend,934.65,813.47,666.85,794.45,1712.59,2151.24,4598.32,2806.25,130.2,51.7,46.95,33.62,5.22,0.74,27.56,0.0,,1168.71,7,none,11.8,12.6,0.06,9.0,0.37,3.19,5.56,12.32,14.78,17.56,46.67,63.86,28.42,24.6,0.15,highly inconsistent earnings,0.72,,3.0,,271.58,2.63,40.22,-0.07,,15.53,-1.3,27.82,1.24,1022.2,732.0,8.6,27.7,11.05,-2.1,0.38,0.43,7,21.0,26.42,9.0,3.0,59.4,WATCH ⭐⭐,Expected ~52% CAGR (2yr) | Profit CAGR 64% | ROCE trend rising ↑ | Piotroski F=7 (high quality compounder) | DII buying +1.2% ↑ | PEG 0.74 — undervalued,None identified,3-4 years,Medium-High,"yfinance, screener.in",100,54,,2026-06-13,2026-06-01,12,0.0,1,0.0
TORNTPHARM,Torrent Pharmaceuticals Limited,Healthcare,Drug Manufacturers - Specialty & Generic,149623.0,Large-Cap,MonthlyCupHandle,Forming,0.684,20,Cup 20mo | Depth 26% | Prior gain 68% | R²=0.93,MonthlyCupHandle+MonthlyDoubleBottom,Uptrend,True,True,Tight-Above-MAs,True,Stage2,5,Uptrend,Uptrend,4460.1,4457.0,3302.11,3791.09,3475.14,5611.89,4983.37,4161.48,25.8,12.2,68.97,46.65,17.72,3.49,38.14,86.0,19.98,4878.79,28,buy,27.4,15.2,0.49,33.0,0.57,15.47,7.25,21.4,13.27,11.8,11.88,19.75,11.3,-21.9,0.15,highly inconsistent earnings,0.85,,1.13,,2601.22,1.74,68.31,0.0,,16.18,0.05,8.96,-0.09,4712.9,3132.7,5.4,42.4,39.73,118.84,0.48,0.14,6,27.0,24.21,0.0,8.0,59.2,WATCH ⭐⭐,Expected ~12% CAGR (2yr) | ROE 27% | ROCE trend rising ↑ | Promoter 68% holding | OPM 33% | Piotroski F=6 (above average quality),High PE 69 | Earnings due 2026-07-27 | Pattern still forming (not broken out),3-4 years,Medium-High,"yfinance, screener.in",100,287,2026-07-27,2026-06-13,2026-06-01,12,0.0,1,0.0
MENONBE,Menon Bearings Limited,Consumer Cyclical,Auto Parts,777.0,Small-Cap,MonthlyStage2,Breaking Out,1.0,24,10-EMA=122 | 30-EMA=117 | Above by 27.2% | MA turning=Yes,MonthlyDoubleBottom+MonthlyStage2,Uptrend,True,True,Uptrend,True,Stage2,3,Uptrend,Uptrend,148.41,116.69,88.61,126.15,286.07,299.83,314.25,299.83,102.0,42.1,20.34,22.37,4.19,4.23,13.8,144.0,0.0,,0,none,22.2,25.5,3.1,20.0,0.03,13.02,12.25,20.99,10.31,54.87,52.0,4.81,106.99,29.3,0.15,highly inconsistent earnings,0.25,,2.51,,-17.23,-2.22,68.44,0.0,,0.21,-0.17,0.03,0.03,159.9,101.5,7.2,46.2,29.01,-8.7,2.75,0.15,6,21.0,28.0,4.0,6.0,59.0,WATCH ⭐⭐,Expected ~42% CAGR (2yr) | ROE 22% | ROCE 26% | ROCE trend rising ↑ | Low D/E 0.25 | Promoter 68% holding,None identified,3-4 years,Medium-High,"yfinance, screener.in",100,135,,2026-06-13,2026-06-01,12,0.0,1,0.0
HATSUN,Hatsun Agro Product Limited,Consumer Defensive,Packaged Foods,19976.0,Mid-Cap,MonthlyDoubleBottom,Forming,0.614,30,Sep 30mo | Mid rally 65% | Asymmetry 3%,,Downtrend,False,False,Below-MAs,False,Stage2,15,Uptrend,Uptrend,914.15,1384.31,825.48,784.21,5950.71,29021.61,141538.4,29021.61,3074.7,463.4,56.19,39.51,10.92,0.14,18.53,223.0,18.56,935.0,2,hold,16.7,12.9,1.0,12.0,1.9,3.58,8.13,10.62,103.56,,24.73,387.7,,2.5,0.15,highly inconsistent earnings,0.94,,0.52,,929.11,4.65,73.17,0.0,,3.13,-0.07,10.26,-0.02,1179.0,855.3,22.5,6.9,5.07,-29.74,0.12,-0.17,6,33.0,11.87,12.0,2.0,58.9,WATCH ⭐⭐,Expected ~463% CAGR (2yr) | Revenue CAGR 104% | Profit CAGR 388% | ROCE trend rising ↑ | Promoter 73% holding | FCF yield 4.7%,High PE 56 | Earnings due 2026-07-20 | Pattern still forming (not broken out),3-4 years,Medium-High,"yfinance, screener.in",100,145,2026-07-20,2026-06-13,2026-06-01,12,-3.2,1,0.0
JYOTHYLAB,Jyothy Labs Limited,Consumer Defensive,Household & Personal Products,7363.0,Small-Cap,MonthlyDoubleBottom,Breakout Ready,0.463,6,Sep 6mo | Mid rally 50% | Asymmetry 3%,,Downtrend,False,False,Below-MAs,False,Stage2,15,Uptrend,Uptrend,213.5,86.18,56.71,181.47,672.71,650.48,1181.38,891.47,204.7,74.5,21.56,18.06,4.63,0.66,15.57,175.0,11.87,289.0,11,none,19.0,24.6,2.4,18.0,0.57,11.32,9.83,3.26,9.04,10.72,0.27,32.52,17.82,-11.5,0.15,highly inconsistent earnings,0.03,,2.68,,267.48,3.63,62.89,0.0,,12.35,-0.42,14.62,-0.52,364.8,196.15,41.5,8.8,-29.97,-20.62,1.31,0.4,6,34.0,11.56,13.0,0.0,58.6,WATCH ⭐⭐,Expected ~74% CAGR (2yr) | Profit CAGR 33% | ROCE 25% | ROCE trend rising ↑ | Nearly debt-free | Promoter 63% holding,None identified,3-4 years,Medium-High,"yfinance, screener.in",100,222,,2026-06-13,2026-06-01,12,0.0,1,0.0
MACPOWER,Macpower CNC Machines Limited,Industrials,Specialty Industrial Machinery,1007.0,Small-Cap,MonthlyStage2,Stage Change,1.0,24,10-EMA=990 | 30-EMA=921 | Above by 22.7% | MA turning=Yes,MonthlyDoubleBottom+MonthlyStage2,Uptrend,True,False,Tight-Above-MAs,True,Stage2,4,Uptrend,Uptrend,1130.1,920.81,744.29,960.58,1436.45,1684.96,1976.46,1684.96,49.1,22.1,31.05,,6.49,1.79,18.46,15.0,14.47,,0,none,21.3,,,14.22,,10.16,12.11,24.8,,,17.3,,,17.2,0.5,insufficient history,0.0,,2.34,,-4.16,-0.41,73.17,0.0,,1.11,0.08,0.52,0.17,1250.0,761.0,9.6,48.5,19.48,237.78,0.92,,4,23.0,28.5,4.0,3.0,58.5,WATCH ⭐⭐,Expected ~22% CAGR (2yr) | Revenue CAGR 25% | ROE 21% | Nearly debt-free | Promoter 73% holding | Dividend growing 14%/yr,None identified,3-4 years,Medium-High,"yfinance, screener.in",70,99,,2026-06-13,2026-06-01,12,0.0,1,-10.0
GLOBAL,Global Education Limited,Consumer Defensive,Education & Training Services,553.0,Small-Cap,MonthlyStage2,Stage Change,1.0,24,10-EMA=91 | 30-EMA=78 | Above by 32.0% | MA turning=Yes,MonthlyCupHandle+MonthlyDoubleBottom+MonthlyStage2,Sideways-Above-MA,True,False,Constructive,False,Stage2,15,Uptrend,Uptrend,102.98,78.03,41.17,87.53,161.74,168.48,175.51,168.48,63.6,27.9,24.6,,4.49,5.9,17.46,92.0,-5.9,,0,none,22.0,29.2,-0.4,38.0,0.06,26.15,13.29,30.56,14.88,29.31,-7.14,4.17,26.58,93.7,0.15,highly inconsistent earnings,,,3.75,,33.18,6.0,72.73,0.23,,0.4,-0.05,0.06,0.0,121.9,55.3,15.5,86.2,60.83,34.75,0.51,-0.72,5,24.0,22.5,4.0,8.0,58.5,WATCH ⭐⭐,Expected ~28% CAGR (2yr) | ROE 22% | ROCE 29% | Promoter 73% holding | OPM 38% | FCF yield 6.0%,None identified,3-4 years,Medium-High,"yfinance, screener.in",90,112,,2026-06-13,2026-06-01,12,0.3,1,-5.0
PREMEXPLN,Premier Explosives Limited,Basic Materials,Specialty Chemicals,3688.0,Small-Cap,MonthlyStage2,Stage Change,1.0,24,10-EMA=513 | 30-EMA=449 | Above by 16.8% | MA turning=Yes,MonthlyCupHandle+MonthlyDoubleBottom+MonthlyStage2,Sideways-Above-MA,True,False,Constructive,True,Stage2,1,Uptrend,Uptrend,524.75,449.18,333.32,446.04,263.2,565.04,923.43,493.0,7.7,3.8,80.66,43.4,13.34,0.92,94.87,7.0,18.56,710.0,1,hold,18.6,22.6,4.63,10.0,1.37,11.8,3.33,-6.95,24.31,20.61,58.62,87.31,33.13,76.0,0.15,highly inconsistent earnings,0.11,,1.65,,-51.95,-1.41,41.33,0.0,,1.18,0.27,9.17,-0.06,779.5,378.4,32.7,38.7,0.77,481.7,0.29,1.16,5,28.0,22.5,5.0,3.0,58.5,WATCH ⭐⭐,Expected ~4% CAGR (2yr) | Revenue CAGR 24% | Profit CAGR 87% | ROCE 23% | ROCE trend rising ↑ | Low D/E 0.11,High PE 81,3-4 years,Medium-High,"yfinance, screener.in",100,120,,2026-06-13,2026-06-01,12,0.0,1,-2.0
ANANTRAJ,Anant Raj Limited,Real Estate,Real Estate - Development,20515.0,Mid-Cap,MonthlyDoubleBottom,Forming,1.0,33,Sep 33mo | Mid rally 367% | Asymmetry 4%,MonthlyDoubleBottom+MonthlyStage2,Sideways,False,False,Below-MAs,True,Stage2,3,Uptrend,Uptrend,534.75,61.14,12.85,454.54,827.59,1057.32,1993.41,1284.42,97.7,40.6,36.1,19.97,3.45,0.65,30.19,13.0,82.55,716.67,3,none,11.2,12.1,2.43,26.0,2.46,22.09,6.27,21.94,37.94,58.64,30.75,55.2,128.2,23.3,0.15,highly inconsistent earnings,0.12,,9.76,,-281.85,-1.37,57.41,0.0,,10.88,-0.26,4.83,-0.37,743.65,403.0,28.1,32.7,-0.55,146.3,0.74,0.37,5,30.0,19.5,8.0,1.0,58.5,WATCH ⭐⭐,Expected ~41% CAGR (2yr) | Revenue CAGR 38% | Profit CAGR 55% | ROCE trend rising ↑ | Low D/E 0.12 | Promoter 57% holding,Pattern still forming (not broken out),3-4 years,Medium-High,"yfinance, screener.in",100,238,,2026-06-13,2026-06-01,12,10.8,1,0.0
J&KBANK,Jammu and Kashmir Bank Limited,Financial Services,Banks - Regional,16245.0,Mid-Cap,MonthlyDoubleBottom,Forming,1.0,14,Sep 14mo | Mid rally 109% | Asymmetry 6%,MonthlyCupHandle+MonthlyDoubleBottom,Uptrend,True,False,Uptrend,True,Stage2,12,Uptrend,Uptrend,133.32,46.14,21.49,113.32,526.68,663.41,835.63,663.41,397.6,123.1,6.89,6.33,0.98,0.27,,146.0,64.5,198.0,1,none,15.4,5.84,,23.3,,34.68,1.32,4.86,12.02,10.15,13.35,25.96,40.7,,0.15,highly inconsistent earnings,,,,,,,59.4,0.0,,8.35,0.21,6.0,0.16,149.8,97.35,11.0,36.9,25.18,107.4,0.79,0.48,2,15.0,25.5,10.0,8.0,58.5,WATCH ⭐⭐,Expected ~123% CAGR (2yr) | Profit CAGR 26% | Promoter 59% holding | Dividend growing 64%/yr | PEG 0.27 — deeply undervalued | MonthlyDoubleBottom forming (14mo base),Pattern still forming (not broken out),3-4 years,Medium-High,"yfinance, screener.in",80,286,,2026-06-13,2026-06-01,12,0.0,1,0.0
MWL,MANGALAM WORLDWIDE LTD,Basic Materials,Steel,1125.0,Small-Cap,MonthlyDoubleBottom,Forming,0.377,6,Sep 6mo | Mid rally 43% | Asymmetry 5%,,Uptrend,True,True,Tight-Above-MAs,True,Stage2,1,Uptrend,Uptrend,370.2,183.78,125.07,314.67,500.3,703.27,988.59,703.27,90.0,37.8,22.47,,4.06,0.55,17.2,5.0,-41.52,,0,none,18.0,17.6,0.6,8.0,1.17,3.41,,13.96,23.33,31.95,66.67,40.57,75.54,74.5,0.15,highly inconsistent earnings,0.79,,,,,,66.5,0.0,,0.01,0.01,0.0,-0.36,395.5,150.0,6.4,146.8,135.11,166.75,0.9,0.55,3,24.0,19.52,5.0,10.0,58.5,WATCH ⭐⭐,Expected ~38% CAGR (2yr) | Revenue CAGR 23% | Profit CAGR 41% | ROCE trend rising ↑ | Promoter 66% holding | PEG 0.55 — undervalued,Pattern still forming (not broken out),3-4 years,Medium-High,"yfinance, screener.in",80,47,,2026-06-13,2026-06-01,12,0.0,1,0.0
OFSS,Oracle Financial Services Software Limited,Technology,Software - Infrastructure,86511.0,Large-Cap,MonthlyStage2,Stage Change,1.0,24,10-EMA=8185 | 30-EMA=7510 | Above by 28.4% | MA turning=Yes,MonthlyDoubleBottom+MonthlyStage2,Uptrend,True,False,Constructive,True,Downtrend,0,Uptrend,Uptrend,9646.0,7510.05,6543.54,8199.1,10562.04,11985.8,13601.49,11985.8,24.3,11.5,32.89,25.92,11.05,2.44,23.29,669.0,6.27,10695.0,2,none,32.6,45.3,1.71,45.0,-0.94,34.4,21.25,12.05,10.42,9.01,10.88,13.48,8.41,30.7,0.15,highly inconsistent earnings,0.0,,5.43,,2422.44,2.8,72.44,-0.02,,8.04,-0.32,9.12,0.3,10584.5,6234.5,8.9,54.7,19.85,155.28,0.84,0.43,6,30.0,24.5,0.0,4.0,58.5,WATCH ⭐⭐,Expected ~12% CAGR (2yr) | ROE 33% | ROCE 45% | ROCE trend rising ↑ | Nearly debt-free | Promoter 72% holding,Margin compression ↓ | Earnings due 2026-04-27,3-4 years,Medium-High,"yfinance, screener.in",100,288,2026-04-27,2026-06-13,2026-06-01,12,0.0,1,0.0
UJJIVANSFB,Ujjivan Small Finance Bank Limited,Financial Services,Banks - Regional,10414.0,Mid-Cap,MonthlyDoubleBottom,Forming,1.0,36,Sep 36mo | Mid rally 122% | Asymmetry 2%,MonthlyCupHandle+MonthlyDoubleBottom,Sideways-Above-MA,True,False,Below-MAs,False,Stage2,12,Uptrend,Uptrend,54.13,47.27,21.13,46.01,255.92,542.34,2854.94,854.77,901.9,216.5,15.26,7.93,1.53,0.07,,,20.0,73.71,17,none,10.74,,,29.52,,16.57,1.32,44.4,,,234.0,,,238.2,0.5,insufficient history,,,,,,,0.0,0.0,,17.23,1.78,31.12,2.45,68.0,41.32,20.4,31.0,18.12,26.79,0.88,0.45,2,23.0,21.5,11.0,3.0,58.5,WATCH ⭐⭐,Expected ~216% CAGR (2yr) | Revenue CAGR 44% | Profit CAGR 234% | OPM 30% | FII buying +1.8% ↑ | DII buying +2.5% ↑,Pattern still forming (not broken out),3-4 years,Medium-High,"yfinance, screener.in",50,78,,2026-06-13,2026-06-01,12,0.0,1,0.0
LUMAXIND,Lumax Industries Limited,Consumer Cyclical,Auto Parts,5000.0,Small-Cap,MonthlyDoubleBottom,Forming,1.0,33,Sep 33mo | Mid rally 107% | Asymmetry 0%,,Uptrend,True,False,Uptrend,True,Stage2,3,Uptrend,Uptrend,5257.5,1697.5,819.49,4468.88,9537.22,11314.95,13424.06,11314.95,115.2,46.7,28.99,16.48,5.45,1.56,14.68,103.0,37.38,6809.0,2,strong_buy,22.0,17.7,1.8,10.0,0.43,4.12,5.03,23.06,21.72,24.02,22.86,18.64,57.05,23.0,0.15,highly inconsistent earnings,1.06,,0.76,,-17.12,-0.34,75.0,0.0,,1.63,0.25,6.07,0.36,6934.5,2963.6,24.2,77.4,54.12,134.02,0.37,0.83,5,19.0,26.5,6.0,7.0,58.5,WATCH ⭐⭐,Expected ~47% CAGR (2yr) | Revenue CAGR 22% | ROE 22% | ROCE trend rising ↑ | Promoter 75% holding | Piotroski F=5 (above average quality),High D/E 1.1 | Pattern still forming (not broken out),3-4 years,Medium-High,"yfinance, screener.in",100,287,,2026-06-13,2026-06-01,12,0.0,1,1.0
AXISBANK,Axis Bank Limited,Financial Services,Banks - Regional,395692.0,Large-Cap,MonthlyStage2,Stage Change,1.0,24,10-EMA=1267 | 30-EMA=1164 | Above by 16.6% | MA turning=Yes,MonthlyDoubleBottom+MonthlyStage2,Uptrend,True,False,Uptrend,True,Stage2,12,Uptrend,Uptrend,1356.3,1163.61,985.26,1152.86,2615.77,2744.69,4729.88,3517.42,102.4,42.3,15.06,10.1,1.84,0.44,,8.0,0.0,1585.59,39,strong_buy,13.2,6.24,,39.19,,35.41,1.47,4.05,14.87,15.53,-5.83,34.47,29.63,1.7,0.15,highly inconsistent earnings,,,,,,,8.14,-0.01,,42.04,-0.54,43.35,0.7,1418.3,1042.5,4.4,30.1,31.68,22.97,0.64,0.43,2,14.0,26.5,10.0,8.0,58.5,WATCH ⭐⭐,Expected ~42% CAGR (2yr) | Profit CAGR 34% | OPM 39% | DII buying +0.7% ↑ | PEG 0.44 — deeply undervalued | MonthlyStage2 forming (24mo base),Earnings due 2026-07-16,3-4 years,Medium-High,"yfinance, screener.in",80,332,2026-07-16,2026-06-13,2026-06-01,12,9.5,1,4.5
CARYSIL,Carysil Limited,Consumer Cyclical,"Furnishings, Fixtures & Appliances",3134.0,Small-Cap,MonthlyStage2,Stage Change,1.0,24,10-EMA=945 | 30-EMA=836 | Above by 41.1% | MA turning=Yes,MonthlyCupHandle+MonthlyDoubleBottom+MonthlyStage2,Uptrend,True,True,Tight-Above-MAs,True,Stage2,3,Uptrend,Uptrend,1178.9,835.67,513.87,1002.07,2116.69,2606.92,3210.68,2606.92,121.1,48.7,31.95,22.37,5.16,1.38,19.0,22.0,0.0,1270.5,2,none,17.4,17.8,-1.63,19.0,-0.83,10.63,8.48,13.24,15.87,24.41,54.69,23.16,20.48,48.6,0.15,highly inconsistent earnings,0.46,,1.44,,-36.46,-1.16,41.34,0.0,,1.59,0.04,11.74,0.39,1148.0,732.1,-2.7,61.0,37.93,55.33,0.88,0.56,3,13.0,28.5,7.0,10.0,58.5,WATCH ⭐⭐,Expected ~49% CAGR (2yr) | Revenue CAGR 16% | Profit CAGR 23% | Margin compressing ↓ ⚠️ | PEG 1.38 — fair value | EV/EBITDA 19× vs sector 25×,Margin compression ↓,3-4 years,Medium-High,"yfinance, screener.in",100,66,,2026-06-13,2026-06-01,12,28.2,1,8.0
PGHL,Procter & Gamble Health Limited,Healthcare,Drug Manufacturers - Specialty & Generic,10292.0,Mid-Cap,MonthlyStage2,Stage Change,0.318,24,10-EMA=5273 | 30-EMA=5097 | Above by 4.8% | MA turning=Yes,MonthlyDoubleBottom+MonthlyStage2,Sideways,False,False,Below-MAs,True,Stage2,5,Uptrend,Uptrend,5340.5,5097.17,4739.86,4539.43,13784.08,21310.19,32945.55,21310.19,299.0,99.8,31.45,22.21,19.62,0.58,22.15,250.0,18.98,7535.0,1,strong_buy,61.59,,,34.94,,23.22,33.1,19.1,,,54.6,,,54.6,0.5,insufficient history,0.02,,2.18,,292.48,2.84,51.82,0.0,,6.2,-0.77,13.67,-0.17,6739.0,4707.0,20.8,13.5,1.93,-9.25,0.6,0.24,5,36.0,11.32,8.0,3.0,58.3,WATCH ⭐⭐,Expected ~100% CAGR (2yr) | Revenue CAGR 19% | Profit CAGR 55% | ROE 62% | Nearly debt-free | Promoter 52% holding,None identified,3-4 years,Medium-High,"yfinance, screener.in",70,287,,2026-06-13,2026-06-01,12,0.0,1,0.0
TRENT,Trent Limited,Consumer Cyclical,Apparel Retail,147929.0,Large-Cap,MonthlyDoubleBottom,Forming,0.852,10,Sep 10mo | Mid rally 92% | Asymmetry 7%,,Sideways,False,False,Below-MAs,True,Stage2,3,Uptrend,Uptrend,4069.6,8337.78,4192.37,3982.75,4630.09,12483.19,12372.73,7568.81,206.7,75.1,86.21,55.97,14.12,1.36,54.12,22.0,43.28,3137.88,25,buy,27.7,28.3,6.26,19.0,2.46,8.57,13.71,17.15,34.54,50.58,12.19,63.47,74.62,25.8,0.15,highly inconsistent earnings,0.36,,1.26,,997.66,0.67,37.01,0.0,,15.59,-0.03,22.19,0.82,6261.0,2703.6,35.0,50.5,-26.77,108.33,0.38,0.35,6,39.0,16.22,3.0,0.0,58.2,WATCH ⭐⭐,Expected ~75% CAGR (2yr) | Revenue CAGR 35% | Profit CAGR 63% | ROE 28% | ROCE 28% | ROCE trend rising ↑,High PE 86 | Earnings due 2026-04-22 | Pattern still forming (not broken out),3-4 years,Medium-High,"yfinance, screener.in",100,287,2026-04-22,2026-06-13,2026-06-01,12,0.0,1,-2.0
VARROC,Varroc Engineering Limited,Consumer Cyclical,Auto Parts,8959.0,Mid-Cap,MonthlyDoubleBottom,Forming,0.892,17,Sep 17mo | Mid rally 98% | Asymmetry 9%,MonthlyDoubleBottom+MonthlyStage2,Sideways,False,False,Below-MAs,True,Stage2,3,Uptrend,Uptrend,560.4,492.96,239.02,476.34,3586.26,9393.58,64722.04,15235.17,1576.2,309.4,39.83,17.68,5.03,0.12,11.56,26.0,30.0,631.2,5,buy,15.2,19.0,3.83,9.0,0.54,2.53,6.61,9.03,8.86,15.24,228.57,324.82,-12.6,236.9,0.2,multiple loss years in history,0.51,,0.88,,296.92,3.31,75.0,0.0,,4.45,0.09,11.35,-1.05,694.7,462.0,19.3,21.3,6.62,43.88,0.27,0.32,5,26.0,17.2,13.0,2.0,58.2,WATCH ⭐⭐,Expected ~309% CAGR (2yr) | Profit CAGR 325% | ROCE trend rising ↑ | Promoter 75% holding | FCF yield 3.3% | Piotroski F=5 (above average quality),Pattern still forming (not broken out),3-4 years,Medium-High,"yfinance, screener.in",100,95,,2026-06-13,2026-06-01,12,0.0,1,0.0
WEALTH,Wealth First Portfolio Managers Limited,Financial Services,Capital Markets,988.0,Small-Cap,MonthlyDoubleBottom,Forming,0.757,9,Sep 9mo | Mid rally 78% | Asymmetry 2%,MonthlyDoubleBottom+MonthlyStage2,Sideways,False,False,Below-MAs,True,Stage2,12,Uptrend,Uptrend,902.1,1388.83,771.33,766.78,1062.63,2006.33,2067.61,1482.27,122.4,49.1,25.58,,6.55,0.65,,173.0,10.06,,0,none,27.7,34.6,-0.91,72.0,0.49,54.41,24.22,13.33,32.85,22.16,11.76,39.49,23.93,,0.15,highly inconsistent earnings,,,5.79,,,,74.04,0.0,,0.04,,0.11,0.01,1410.0,774.95,36.0,16.4,-18.77,146.88,0.12,-0.25,5,37.0,15.08,6.0,0.0,58.1,WATCH ⭐⭐,Expected ~49% CAGR (2yr) | Revenue CAGR 33% | Profit CAGR 39% | ROE 28% | ROCE 35% | Promoter 74% holding,Pattern still forming (not broken out),3-4 years,Medium-High,"yfinance, screener.in",80,111,,2026-06-13,2026-06-01,12,0.0,1,2.0
RAMCOSYS,Ramco Systems Limited,Technology,Software - Application,2113.0,Small-Cap,MonthlyDoubleBottom,Forming,1.0,22,Sep 22mo | Mid rally 109% | Asymmetry 9%,,Sideways,False,False,Below-MAs,True,Downtrend,0,Uptrend,Uptrend,394.35,572.4,262.65,335.2,354.59,882.15,648.07,479.38,123.7,49.6,50.52,25.67,6.04,1.44,15.07,0.0,,600.0,1,none,18.0,19.3,0.49,23.0,0.34,5.97,5.13,18.61,12.53,2.29,223.53,35.19,30.73,371.8,0.2,multiple loss years in history,0.12,,1.02,,56.51,2.67,55.69,2.66,,10.02,0.07,2.03,-3.75,682.35,342.1,42.2,15.3,4.31,31.78,0.23,0.65,6,31.0,18.0,7.0,2.0,58.0,WATCH ⭐⭐,Expected ~50% CAGR (2yr) | Profit CAGR 35% | ROCE trend rising ↑ | Low D/E 0.12 | Promoter 56% holding | Promoters buying ↑,High PE 51 | Pattern still forming (not broken out),3-4 years,Medium-High,"yfinance, screener.in",100,286,,2026-06-13,2026-06-01,12,0.0,1,-2.0
MARKSANS,Marksans Pharma Limited,Healthcare,Drug Manufacturers - General,10567.0,Mid-Cap,MonthlyStage2,Breaking Out,1.0,24,10-EMA=190 | 30-EMA=185 | Above by 17.4% | MA turning=Yes,MonthlyDoubleBottom+MonthlyStage2,Uptrend,True,True,Constructive,True,Stage2,5,Uptrend,Uptrend,217.3,185.07,156.89,184.71,433.22,409.45,588.89,505.09,88.4,37.3,25.32,17.27,3.49,1.53,16.56,34.0,47.36,266.0,3,strong_buy,15.2,18.8,-3.0,20.0,-0.37,14.16,8.84,12.5,16.8,16.49,9.66,16.59,11.94,63.6,0.15,highly inconsistent earnings,0.11,,5.17,,70.35,0.67,43.87,0.0,,16.76,8.63,6.57,0.66,270.7,155.0,19.7,40.2,-8.89,118.23,1.56,1.1,5,22.0,27.0,7.0,2.0,58.0,WATCH ⭐⭐,Expected ~37% CAGR (2yr) | Revenue CAGR 17% | Low D/E 0.11 | Piotroski F=5 (above average quality) | FII buying +8.6% ↑ | DII buying +0.7% ↑,None identified,3-4 years,Medium-High,"yfinance, screener.in",100,287,,2026-06-13,2026-06-01,12,0.0,1,0.0
SANSERA,Sansera Engineering Limited,Consumer Cyclical,Auto Parts,18357.0,Mid-Cap,MonthlyDoubleBottom,Forming,0.794,13,Sep 13mo | Mid rally 88% | Asymmetry 8%,,Uptrend,True,True,Uptrend,True,Stage2,3,Uptrend,Uptrend,2396.5,1751.11,896.77,2037.02,2753.54,3336.41,4671.39,3586.48,39.2,18.0,56.82,34.9,6.35,1.88,29.33,11.0,17.57,2961.3,10,buy,11.5,14.1,0.11,18.0,0.03,9.27,6.47,15.94,14.37,17.69,50.69,30.25,24.35,104.8,0.4,lumpy earner,0.19,,1.75,,-211.33,-1.15,30.1,-0.07,,18.79,-0.57,35.38,-0.92,2992.2,1216.3,19.9,97.0,81.8,154.46,0.54,0.78,6,21.0,23.03,4.0,10.0,58.0,WATCH ⭐⭐,Expected ~18% CAGR (2yr) | Profit CAGR 30% | ROCE trend rising ↑ | Low D/E 0.19 | Piotroski F=6 (above average quality) | Dividend growing 18%/yr,High PE 57 | Pattern still forming (not broken out),3-4 years,Medium-High,"yfinance, screener.in",100,57,,2026-06-13,2026-06-01,12,0.0,1,0.0
CHALET,Chalet Hotels Limited,Consumer Cyclical,Lodging,17026.0,Mid-Cap,MonthlyDoubleBottom,Forming,0.557,8,Sep 8mo | Mid rally 61% | Asymmetry 6%,,Downtrend,False,False,Below-MAs,False,Stage2,3,Uptrend,Uptrend,730.7,1051.29,633.35,621.1,2529.04,2706.26,5856.94,3848.69,270.4,92.4,26.38,24.72,4.6,0.51,16.05,26.0,,992.62,21,strong_buy,19.2,17.1,3.83,43.0,7.94,23.29,8.33,61.23,34.91,57.48,354.23,52.18,38.4,31.6,0.2,multiple loss years in history,0.64,,0.7,,383.46,2.25,67.29,-0.04,,4.71,-0.37,24.57,0.58,1082.0,691.35,32.5,5.7,-14.98,30.01,0.45,-0.06,6,35.0,9.68,13.0,0.0,57.7,WATCH ⭐⭐,Expected ~92% CAGR (2yr) | Revenue CAGR 35% | Profit CAGR 52% | ROCE trend rising ↑ | Promoter 67% holding | OPM 43%,Pattern still forming (not broken out),3-4 years,Medium-High,"yfinance, screener.in",100,89,,2026-06-13,2026-06-01,12,-8.8,1,-1.0
CAMS,Computer Age Management Services Limited,Technology,Information Technology Services,18872.0,Mid-Cap,MonthlyStage2,Stage Change,0.505,24,10-EMA=737 | 30-EMA=704 | Above by 7.6% | MA turning=Yes,MonthlyDoubleBottom+MonthlyStage2,Sideways-Above-MA,True,False,Tight-Above-MAs,True,Downtrend,0,Uptrend,Uptrend,757.55,704.21,615.56,643.92,755.82,888.75,1057.95,894.22,17.3,8.3,39.84,29.47,14.28,2.18,26.43,164.0,-24.4,880.56,18,none,39.0,49.0,0.89,45.0,0.37,31.39,21.46,6.61,15.97,16.51,1.51,18.31,18.15,10.9,0.15,highly inconsistent earnings,0.05,,3.43,,386.33,2.05,0.0,0.0,,44.44,-0.21,22.06,0.06,875.0,611.4,13.4,23.9,7.64,49.23,0.28,0.13,7,34.0,18.56,2.0,3.0,57.6,WATCH ⭐⭐,Expected ~8% CAGR (2yr) | Revenue CAGR 16% | ROE 39% | ROCE 49% | ROCE trend rising ↑ | Nearly debt-free,Earnings due 2026-07-30,3-4 years,Medium-High,"yfinance, screener.in",100,69,2026-07-30,2026-06-13,2026-06-01,12,-2.8,1,-1.0
DPABHUSHAN,D. P. Abhushan Limited,Consumer Cyclical,Luxury Goods,2075.0,Small-Cap,MonthlyDoubleBottom,Forming,0.47,7,Sep 7mo | Mid rally 55% | Asymmetry 8%,,Downtrend,False,False,Below-MAs,False,Stage2,3,Uptrend,Uptrend,897.4,1927.0,1189.25,1129.79,11165.47,22677.08,46057.14,22677.08,2427.0,402.7,9.79,,3.27,0.09,7.72,0.0,0.0,,0,none,34.5,24.4,2.0,4.0,0.0,5.21,18.54,42.22,,,51.85,,,101.2,1.0,steady compounder (low CV),0.48,,2.14,,-154.9,-7.46,74.89,0.01,,0.32,0.1,0.0,0.0,1729.6,866.1,48.1,3.6,-41.38,229.58,0.31,-0.5,4,36.0,8.64,13.0,0.0,57.6,WATCH ⭐⭐,Expected ~403% CAGR (2yr) | Revenue CAGR 86% | Profit CAGR 103% | ROE 34% | ROCE 24% | ROCE trend rising ↑,Pattern still forming (not broken out),3-4 years,Medium-High,"yfinance, screener.in",80,105,,2026-06-13,2026-06-01,12,0.9,1,1.0
BUTTERFLY,Butterfly Gandhimathi Appliances Limited,Consumer Cyclical,"Furnishings, Fixtures & Appliances",1173.0,Small-Cap,MonthlyDoubleBottom,Forming,1.0,37,Sep 37mo | Mid rally 368% | Asymmetry 1%,,Downtrend,False,False,Below-MAs,False,Stage2,3,Uptrend,Uptrend,627.1,642.47,136.69,533.03,1494.37,1893.37,2398.9,1893.37,201.9,73.8,25.71,,3.15,0.96,12.95,,100.0,,0,none,13.08,,,5.96,,4.84,6.84,16.7,,,26.7,,,26.6,0.5,insufficient history,0.02,,2.1,,62.91,5.36,75.0,0.0,,0.01,-0.01,0.43,0.0,823.85,565.8,23.9,10.8,-7.71,-66.29,0.12,-0.01,5,30.0,16.5,10.0,1.0,57.5,WATCH ⭐⭐,Expected ~74% CAGR (2yr) | Revenue CAGR 17% | Profit CAGR 27% | Nearly debt-free | Promoter 75% holding | FCF yield 5.4%,Pattern still forming (not broken out),3-4 years,Medium-High,"yfinance, screener.in",70,147,,2026-06-13,2026-06-01,12,-7.9,1,-8.5
ARVSMART,Arvind SmartSpaces Limited,Real Estate,Real Estate - Development,2681.0,Small-Cap,MonthlyDoubleBottom,Forming,1.0,42,Sep 42mo | Mid rally 291% | Asymmetry 2%,,Downtrend,False,False,Below-MAs,False,Stage2,3,Uptrend,Uptrend,573.9,228.17,57.67,487.81,1141.86,1382.17,2721.06,1762.69,140.8,55.2,27.93,16.47,3.96,0.51,20.43,103.0,100.0,811.4,5,strong_buy,15.5,12.9,1.69,27.0,0.83,17.1,2.9,-20.9,30.12,30.5,-13.45,54.37,62.82,121.0,0.15,highly inconsistent earnings,0.65,,1.21,,-44.3,-1.65,53.83,4.0,,0.67,-0.16,8.6,-7.22,757.0,486.8,24.2,17.9,-2.35,48.52,0.11,0.17,4,30.0,16.5,10.0,1.0,57.5,WATCH ⭐⭐,Expected ~55% CAGR (2yr) | Revenue CAGR 30% | Profit CAGR 54% | ROCE trend rising ↑ | Promoter 54% holding | Promoters buying ↑,Pattern still forming (not broken out),3-4 years,Medium-High,"yfinance, screener.in",100,131,,2026-06-13,2026-06-01,12,-2.6,1,-4.0
AMRUTANJAN,Amrutanjan Health Care Limited,Healthcare,Drug Manufacturers - Specialty & Generic,1595.0,Small-Cap,MonthlyDoubleBottom,Forming,1.0,15,Sep 15mo | Mid rally 127% | Asymmetry 8%,,Sideways,False,False,Below-MAs,True,Stage2,5,Uptrend,Uptrend,557.7,533.98,225.81,474.05,1271.15,1627.83,2084.6,1627.83,191.9,70.8,27.55,,4.31,0.98,20.85,101.0,-39.87,,0,none,20.0,31.4,3.43,18.0,0.97,11.53,8.3,12.03,10.55,11.87,40.0,28.06,16.0,6.7,0.15,highly inconsistent earnings,0.01,,2.31,,13.0,0.81,46.52,0.0,,2.17,-0.1,12.66,-0.34,790.95,486.0,29.5,14.8,-10.36,-33.09,0.62,0.37,7,31.0,18.5,8.0,0.0,57.5,WATCH ⭐⭐,Expected ~71% CAGR (2yr) | Profit CAGR 28% | ROCE 31% | ROCE trend rising ↑ | Nearly debt-free | Piotroski F=7 (high quality compounder),Pattern still forming (not broken out),3-4 years,Medium-High,"yfinance, screener.in",100,200,,2026-06-13,2026-06-01,12,0.1,1,-2.5
AEROFLEX,Aeroflex Industries Limited,Industrials,Metal Fabrication,5555.0,Small-Cap,MonthlyStage2,Stage Change,1.0,24,10-EMA=289 | 30-EMA=221 | Above by 102.5% | MA turning=Yes,MonthlyDoubleBottom+MonthlyStage2,Uptrend,True,False,Tight-Above-MAs,True,Stage2,4,Uptrend,Uptrend,448.1,221.3,156.39,380.88,202.53,286.21,307.06,249.38,,,98.07,63.6,12.17,4.24,53.96,7.0,20.0,410.0,1,none,14.1,18.8,-1.14,23.0,1.09,12.56,9.29,17.55,18.0,25.14,5.66,23.13,56.32,57.0,0.15,highly inconsistent earnings,0.02,,2.92,,-13.92,-0.25,65.47,-1.52,,1.49,0.5,3.8,0.25,458.7,158.0,2.3,183.6,142.02,,0.48,0.84,5,22.0,28.5,-1.0,8.0,57.5,WATCH ⭐⭐,Revenue CAGR 18% | Profit CAGR 23% | Nearly debt-free | Promoter 65% holding | Piotroski F=5 (above average quality) | Dividend growing 20%/yr,High PE 98,3-4 years,Medium-High,"yfinance, screener.in",100,35,,2026-06-13,2026-06-01,12,17.4,1,-1.5
REMSONSIND,Remsons Industries Limited,Consumer Cyclical,Auto Parts,298.0,Micro-Cap,MonthlyDoubleBottom,Forming,1.0,15,Sep 15mo | Mid rally 598% | Asymmetry 8%,,Downtrend,False,False,Below-MAs,False,Stage2,3,Uptrend,Uptrend,99.14,25.13,3.46,84.27,450.07,620.87,856.49,620.87,526.3,150.3,16.4,,1.99,0.43,6.91,59.0,-12.64,,0,none,13.5,15.5,0.5,11.0,1.31,3.81,6.88,24.4,14.43,15.72,23.53,37.95,39.33,14.7,0.75,consistent growth,0.63,,1.31,,20.8,6.98,65.53,-0.71,,2.33,-1.06,1.22,0.09,157.0,77.15,36.9,28.5,-20.04,93.36,0.44,,6,30.0,15.5,12.0,0.0,57.5,WATCH ⭐⭐,Expected ~150% CAGR (2yr) | Profit CAGR 38% | ROCE trend rising ↑ | Promoter 66% holding | FCF yield 7.0% | EPS: consistent growth,Pattern still forming (not broken out),3-4 years,Medium-High,"yfinance, screener.in",100,287,,2026-06-13,2026-06-01,12,0.0,1,-1.0
AJMERA,Ajmera Realty & Infra India Limited,Real Estate,Real Estate - Development,2394.0,Small-Cap,MonthlyDoubleBottom,Forming,1.0,37,Sep 37mo | Mid rally 808% | Asymmetry 10%,,Downtrend,False,False,Below-MAs,False,Stage2,3,Uptrend,Uptrend,120.84,143.26,15.06,102.71,352.36,456.9,592.46,456.9,278.1,94.4,16.01,5.0,1.71,0.54,10.41,74.0,25.99,,0,none,11.5,14.3,1.69,27.0,0.46,13.74,7.58,47.7,36.24,25.72,24.6,29.67,38.33,120.0,0.75,consistent growth,0.47,,6.28,,-116.82,-4.88,68.23,0.0,,0.78,0.25,1.13,-0.08,221.4,98.03,45.4,23.3,-27.68,36.97,1.66,0.47,6,31.0,16.5,10.0,0.0,57.5,WATCH ⭐⭐,Expected ~94% CAGR (2yr) | Revenue CAGR 36% | Profit CAGR 30% | ROCE trend rising ↑ | Promoter 68% holding | OPM 27%,Pattern still forming (not broken out),3-4 years,Medium-High,"yfinance, screener.in",100,238,,2026-06-13,2026-06-01,12,0.6,1,0.0
TAJGVK,TAJGVK Hotels & Resorts Limited,Consumer Cyclical,Lodging,2081.0,Small-Cap,MonthlyDoubleBottom,Forming,1.0,42,Sep 42mo | Mid rally 115% | Asymmetry 0%,,Sideways,False,False,Below-MAs,True,Stage2,3,Uptrend,Uptrend,308.65,126.81,58.83,262.35,5976.14,9799.08,16067.55,9799.08,3074.8,463.5,5.08,114.45,3.01,0.08,15.88,60.0,60.0,,0,none,18.4,13.2,3.4,30.0,5.29,80.69,6.59,12.89,9.78,40.14,250.43,63.97,71.05,818.6,0.15,highly inconsistent earnings,0.09,,1.26,,-64.46,-3.1,71.0,0.0,,0.32,-0.6,4.02,-0.01,512.65,281.35,39.8,9.7,-16.29,10.1,0.19,0.24,4,26.0,19.5,12.0,0.0,57.5,WATCH ⭐⭐,Expected ~464% CAGR (2yr) | Profit CAGR 64% | ROCE trend rising ↑ | Nearly debt-free | Promoter 71% holding | OPM 30%,Pattern still forming (not broken out),3-4 years,Medium-High,"yfinance, screener.in",100,286,,2026-06-13,2026-06-01,12,0.0,1,0.0
GRINDWELL,Grindwell Norton Limited,Industrials,Building Products & Equipment,21681.0,Mid-Cap,MonthlyDoubleBottom,Forming,1.0,33,Sep 33mo | Mid rally 112% | Asymmetry 5%,MonthlyDoubleBottom+MonthlyStage2,Uptrend,True,False,Tight-Above-MAs,True,Stage2,4,Uptrend,Uptrend,1921.0,2913.24,1342.7,1632.85,1060.06,4483.78,1164.94,1111.26,133.4,52.8,52.08,39.51,8.56,10.78,35.92,97.0,12.31,1995.67,3,buy,17.4,22.7,-0.51,19.0,-0.34,13.53,9.02,9.28,6.54,13.41,12.4,4.83,11.87,28.3,0.15,highly inconsistent earnings,0.02,,2.81,,367.73,1.7,58.04,0.0,,5.56,-0.83,19.18,0.83,2002.7,1329.0,4.1,44.5,30.57,-34.85,0.59,0.53,4,19.0,28.5,0.0,10.0,57.5,WATCH ⭐⭐,Expected ~53% CAGR (2yr) | ROCE 23% | Nearly debt-free | Promoter 58% holding | DII buying +0.8% ↑ | Dividend growing 12%/yr,High PE 52 | Earnings due 2026-07-23 | Pattern still forming (not broken out),3-4 years,Medium-High,"yfinance, screener.in",100,238,2026-07-23,2026-06-13,2026-06-01,12,2.3,1,7.0
20MICRONS,20 Microns Limited,Basic Materials,Other Industrial Metals & Mining,691.0,Small-Cap,MonthlyDoubleBottom,Forming,1.0,24,Sep 24mo | Mid rally 166% | Asymmetry 1%,,Sideways,False,True,Below-MAs,True,Stage2,1,Uptrend,Uptrend,182.37,346.44,129.61,155.01,445.04,563.27,607.56,519.99,208.9,75.7,10.34,,1.43,0.61,6.24,64.0,37.5,,0,none,14.7,17.4,0.37,13.0,0.2,7.01,8.72,4.49,10.77,14.54,8.06,16.84,23.84,15.7,0.4,lumpy earner,0.32,,1.92,,53.57,7.76,45.04,0.0,,0.41,0.15,0.1,0.03,283.93,129.61,35.8,40.7,-17.24,39.49,0.5,0.64,7,27.0,19.5,11.0,0.0,57.5,WATCH ⭐⭐,Expected ~76% CAGR (2yr) | ROCE trend rising ↑ | FCF yield 7.8% | Piotroski F=7 (high quality compounder) | Dividend growing 38%/yr | PEG 0.61 — undervalued,Pattern still forming (not broken out),3-4 years,Medium-High,"yfinance, screener.in",100,213,,2026-06-13,2026-06-01,12,10.4,1,10.0
ASALCBR,Associated Alcohols & Breweries Limited,Consumer Defensive,Beverages - Wineries & Distilleries,1659.0,Small-Cap,MonthlyDoubleBottom,Forming,0.571,29,Sep 29mo | Mid rally 61% | Asymmetry 4%,,Downtrend,False,False,Below-MAs,False,Stage2,15,Uptrend,Uptrend,819.9,647.81,396.25,696.91,8369.89,20487.81,50150.06,20487.81,2398.8,399.9,17.98,14.3,2.27,0.12,11.31,24.0,25.99,1070.0,1,none,14.6,18.0,4.3,14.0,1.74,8.68,9.41,-5.21,68.5,73.94,8.64,144.78,144.85,5.3,0.15,highly inconsistent earnings,0.1,,2.58,,-20.86,-1.26,62.35,1.13,,0.33,0.01,0.94,0.94,1277.0,660.65,35.8,24.1,-15.85,58.57,0.19,0.37,6,34.0,11.35,12.0,0.0,57.4,WATCH ⭐⭐,Expected ~400% CAGR (2yr) | Revenue CAGR 68% | Profit CAGR 145% | ROCE trend rising ↑ | Nearly debt-free | Promoter 62% holding,Pattern still forming (not broken out),3-4 years,Medium-High,"yfinance, screener.in",100,77,,2026-06-13,2026-06-01,12,2.1,1,-3.0
ECLERX,eClerx Services Limited,Technology,Information Technology Services,12861.0,Mid-Cap,MonthlyDoubleBottom,Forming,0.785,10,Sep 10mo | Mid rally 81% | Asymmetry 3%,,Downtrend,False,False,Below-MAs,False,Downtrend,0,Uptrend,Uptrend,1396.0,1938.02,1056.37,1186.6,2679.74,2819.67,3422.98,3028.65,102.0,42.1,18.55,14.02,4.98,1.42,11.52,4.0,14.47,1859.4,10,none,29.0,34.8,0.94,26.0,-1.03,17.15,16.0,22.31,15.85,21.36,30.5,13.02,20.06,24.4,0.4,lumpy earner,0.15,,3.4,,488.99,3.8,54.53,0.72,,11.82,0.43,23.95,-1.36,2497.5,1371.2,44.1,1.8,-21.24,43.0,0.43,0.37,6,35.0,11.42,11.0,0.0,57.4,WATCH ⭐⭐,Expected ~42% CAGR (2yr) | Revenue CAGR 16% | ROE 29% | ROCE 35% | ROCE trend rising ↑ | Low D/E 0.15,Margin compression ↓ | Pattern still forming (not broken out),3-4 years,Medium-High,"yfinance, screener.in",100,223,,2026-06-13,2026-06-01,12,-10.2,1,3.0
COALINDIA,Coal India Limited,Energy,Thermal Coal,291066.0,Large-Cap,MonthlyCupHandle,Forming,0.841,22,Cup 22mo | Depth 24% | Prior gain 85% | R²=0.92,MonthlyCupHandle+MonthlyDoubleBottom,Sideways-Above-MA,True,False,Constructive,False,Stage2,1,Uptrend,Uptrend,443.5,487.57,371.22,376.97,852.56,693.79,852.56,852.56,56.4,25.1,9.36,8.26,2.44,,6.07,466.0,-39.22,455.64,25,hold,28.5,35.3,-2.49,24.0,1.31,18.46,7.12,17.46,6.8,13.34,-11.99,-0.69,19.59,12.9,0.15,highly inconsistent earnings,0.12,,1.86,,7237.59,2.49,63.13,0.0,,8.38,0.16,22.76,0.23,491.25,368.65,9.7,20.3,30.75,117.27,0.94,-0.04,5,22.0,20.09,5.0,10.0,57.1,WATCH ⭐⭐,Expected ~25% CAGR (2yr) | Declining profits (-1% CAGR) ⚠️ | ROE 28% | ROCE 35% | Low D/E 0.12 | Promoter 63% holding,Earnings due 2026-04-27 | Pattern still forming (not broken out),3-4 years,Medium-High,"yfinance, screener.in",100,188,2026-04-27,2026-06-13,2026-06-01,12,-2.9,1,-2.9
ARTEMISMED,Artemis Medicare Services Limited,,,0.0,Micro-Cap,MonthlyStage2,Stage Change,0.963,24,10-EMA=252 | 30-EMA=229 | Above by 14.4% | MA turning=Yes,MonthlyDoubleBottom+MonthlyStage2,Uptrend,True,False,Tight-Above-MAs,True,Unknown,0,Uptrend,Uptrend,262.6,229.47,205.51,223.21,112.91,253.43,220.92,157.94,,,117.12,21.46,4.53,2.94,22.85,0.17,0.0,335.0,3,strong_buy,12.0,14.6,2.09,17.0,1.54,9.58,6.29,15.37,13.62,21.52,26.83,39.88,76.92,28.3,0.15,highly inconsistent earnings,0.28,,1.74,,-8.53,,58.39,0.01,,12.19,-0.28,2.89,-0.02,297.5,203.35,11.7,29.1,14.67,87.65,0.42,0.25,6,23.0,27.06,3.0,4.0,57.1,WATCH ⭐⭐,Profit CAGR 40% | ROCE trend rising ↑ | Low D/E 0.28 | Promoter 58% holding | Piotroski F=6 (above average quality) | Analyst target ₹335 (+28%),High PE 117,3-4 years,Medium-High,"yfinance, screener.in",100,78,,2026-06-13,2026-06-01,12,-4.6,1,3.6
KALYANKJIL,Kalyan Jewellers India Limited,Consumer Cyclical,Luxury Goods,38402.0,Large-Cap,MonthlyDoubleBottom,Forming,1.0,23,Sep 23mo | Mid rally 138% | Asymmetry 8%,,Downtrend,False,False,Below-MAs,False,Stage2,3,Uptrend,Uptrend,344.15,793.08,320.29,304.28,1025.92,1499.9,2192.85,1499.9,335.8,108.8,28.49,19.84,6.08,0.62,19.32,40.0,25.0,664.44,0,none,24.8,20.5,2.46,7.0,-0.2,3.78,7.21,42.72,36.44,33.05,89.08,46.2,56.89,118.3,0.4,lumpy earner,0.97,,1.3,,-515.68,-1.34,62.86,0.11,,14.55,0.44,14.13,-1.1,617.7,337.0,44.3,2.1,-30.19,113.22,1.57,-0.04,4,32.0,16.0,9.0,0.0,57.0,WATCH ⭐⭐,Expected ~109% CAGR (2yr) | Revenue CAGR 36% | Profit CAGR 46% | ROE 25% | ROCE 20% | ROCE trend rising ↑,Pattern still forming (not broken out),3-4 years,Medium-High,"yfinance, screener.in",100,63,,2026-06-13,2026-06-01,12,0.0,1,0.0
SAMHI,SAMHI Hotels Limited,Consumer Cyclical,Lodging,3600.0,Small-Cap,MonthlyDoubleBottom,Forming,1.0,11,Sep 11mo | Mid rally 105% | Asymmetry 5%,,Sideways,False,True,Below-MAs,True,Stage2,3,Uptrend,Uptrend,143.38,254.5,121.1,121.87,7367.73,23948.7,214524.82,39756.27,16603.0,1192.4,6.3,12.62,2.36,0.01,16.01,0.0,,237.33,6,strong_buy,24.8,8.92,3.51,35.0,13.49,40.31,4.69,10.44,19.08,48.99,559.3,,,671.1,0.2,multiple loss years in history,0.81,,0.81,,-99.3,-2.76,,,,44.28,0.14,16.39,-1.68,254.5,127.0,43.7,12.9,-27.81,,0.36,0.89,5,22.0,18.0,17.0,0.0,57.0,WATCH ⭐⭐,Expected ~1192% CAGR (2yr) | Revenue CAGR 19% | Profit CAGR 440% | ROE 25% | ROCE trend rising ↑ | OPM 35%,Pattern still forming (not broken out),3-4 years,Medium-High,"yfinance, screener.in",80,33,,2026-06-13,2026-06-01,12,0.0,1,0.0
EPL,EPL Limited,Consumer Cyclical,Packaging & Containers,6961.0,Small-Cap,MonthlyDoubleBottom,Forming,0.651,18,Sep 18mo | Mid rally 67% | Asymmetry 1%,MonthlyCupHandle+MonthlyDoubleBottom+MonthlyStage2,Uptrend,True,False,Tight-Above-MAs,True,Stage2,3,Uptrend,Uptrend,224.8,283.1,168.78,191.08,670.7,597.67,957.46,801.35,165.9,63.1,17.92,12.35,2.43,0.92,7.63,230.0,5.16,292.14,7,strong_buy,15.8,17.8,0.57,20.0,0.31,8.16,8.76,13.05,8.84,9.03,8.24,19.48,10.06,-10.0,0.15,highly inconsistent earnings,0.34,,1.56,,59.91,0.86,26.38,0.0,,17.22,-0.35,10.2,0.65,251.0,176.4,10.4,27.4,7.87,-14.18,0.49,0.38,6,17.0,23.81,13.0,3.0,56.8,WATCH ⭐⭐,Expected ~63% CAGR (2yr) | ROCE trend rising ↑ | Piotroski F=6 (above average quality) | DII buying +0.7% ↑ | PEG 0.92 — undervalued | EV/EBITDA 8× below sector (25×),Pattern still forming (not broken out),3-4 years,Medium-High,"yfinance, screener.in",100,288,,2026-06-13,2026-06-01,12,3.5,1,8.0
KINGFA,Kingfa Science & Technology (India) Limited,Basic Materials,Specialty Chemicals,7273.0,Small-Cap,MonthlyDoubleBottom,Forming,0.482,10,Sep 10mo | Mid rally 51% | Asymmetry 3%,,Uptrend,True,False,Tight-Above-MAs,True,Stage2,1,Uptrend,Uptrend,5225.4,812.66,529.48,4441.59,3817.51,4817.7,6079.94,4817.7,,,37.31,,5.62,1.42,24.95,,100.0,,0,none,17.41,,,14.75,,9.28,10.61,23.2,,,26.2,,,41.2,0.5,insufficient history,0.01,,4.06,,-101.63,-1.4,67.02,0.0,,7.76,0.02,8.85,0.1,5699.4,3006.0,8.3,73.8,59.17,132.74,0.74,0.62,4,25.0,20.78,3.0,8.0,56.8,WATCH ⭐⭐,Revenue CAGR 23% | Profit CAGR 26% | Nearly debt-free | Promoter 67% holding | Dividend growing 100%/yr | PEG 1.42 — fair value,Pattern still forming (not broken out),3-4 years,Medium-High,"yfinance, screener.in",70,197,,2026-06-13,2026-06-01,12,0.0,1,11.0
ALEMBICLTD,Alembic Limited,Real Estate,Real Estate - Development,2237.0,Small-Cap,MonthlyDoubleBottom,Forming,1.0,33,Sep 33mo | Mid rally 6454% | Asymmetry 1%,,Downtrend,False,False,Below-MAs,False,Stage2,3,Uptrend,Uptrend,87.06,168.13,2.55,74.0,500.15,592.17,701.13,592.17,580.2,160.8,7.05,1.75,0.92,0.38,23.78,275.0,10.06,725.0,1,none,13.3,6.28,1.0,38.0,5.46,132.25,1.92,8.11,23.63,26.53,1.93,18.4,-1.56,-1.9,0.15,highly inconsistent earnings,0.0,,1.95,,22.95,1.03,70.88,0.0,,1.25,-0.04,0.05,0.0,125.54,70.46,30.7,23.6,-16.06,-7.34,0.29,0.64,7,30.0,16.5,10.0,0.0,56.5,WATCH ⭐⭐,Expected ~161% CAGR (2yr) | Revenue CAGR 24% | ROCE trend rising ↑ | Nearly debt-free | Promoter 71% holding | OPM 38%,Pattern still forming (not broken out),3-4 years,Medium-High,"yfinance, screener.in",100,288,,2026-06-13,2026-06-01,12,-3.1,1,-3.0
JKIL,J. Kumar Infraprojects Limited,Industrials,Engineering & Construction,3658.0,Small-Cap,MonthlyDoubleBottom,Forming,1.0,30,Sep 30mo | Mid rally 260% | Asymmetry 2%,,Sideways,False,False,Below-MAs,True,Stage2,4,Uptrend,Uptrend,482.75,348.95,96.02,410.34,1782.09,1501.62,2243.44,1999.5,211.1,76.4,9.45,6.66,1.08,0.77,4.33,83.0,10.06,754.8,5,none,12.4,18.4,1.7,14.0,-0.37,6.75,6.61,0.53,10.84,30.57,-1.02,12.2,32.16,-4.0,0.15,highly inconsistent earnings,0.18,,1.62,,454.64,12.43,46.64,0.0,,12.55,-0.18,15.16,-0.1,765.6,425.0,36.9,13.6,-24.98,41.06,0.34,0.23,6,22.0,19.5,15.0,0.0,56.5,WATCH ⭐⭐,Expected ~76% CAGR (2yr) | ROCE trend rising ↑ | Low D/E 0.18 | FCF yield 12.4% | Piotroski F=6 (above average quality) | Dividend growing 10%/yr,Pattern still forming (not broken out),3-4 years,Medium-High,"yfinance, screener.in",100,220,,2026-06-13,2026-06-01,12,0.0,1,0.0
MEDICO,Medico Remedies Limited,Healthcare,Drug Manufacturers - Specialty & Generic,378.0,Micro-Cap,MonthlyDoubleBottom,Forming,1.0,14,Sep 14mo | Mid rally 122% | Asymmetry 7%,,Sideways,False,False,Below-MAs,True,Stage2,5,Uptrend,Uptrend,44.93,79.83,34.8,38.19,111.76,152.55,208.23,152.55,239.5,84.3,28.81,,4.97,0.79,22.96,,,,0,none,19.02,,,11.18,,6.35,6.38,37.5,,,36.5,,,34.9,0.5,insufficient history,0.25,,1.66,,-8.76,-2.32,61.38,0.0,,0.03,-0.46,0.0,0.0,56.88,30.22,21.0,48.7,15.75,-64.14,0.34,0.56,4,27.0,18.5,8.0,3.0,56.5,WATCH ⭐⭐,Expected ~84% CAGR (2yr) | Revenue CAGR 38% | Profit CAGR 36% | Low D/E 0.25 | Promoter 61% holding | PEG 0.79 — undervalued,Pattern still forming (not broken out),3-4 years,Medium-High,"yfinance, screener.in",70,49,,2026-06-13,2026-06-01,12,0.0,1,0.0
PARAGMILK,Parag Milk Foods Limited,Consumer Defensive,Packaged Foods,2975.0,Small-Cap,MonthlyDoubleBottom,Forming,1.0,26,Sep 26mo | Mid rally 106% | Asymmetry 6%,MonthlyDoubleBottom+MonthlyStage2,Sideways,False,False,Below-MAs,True,Stage2,15,Uptrend,Uptrend,214.03,376.95,177.84,181.93,700.77,957.04,1307.03,957.04,347.2,111.5,22.23,14.79,2.33,0.61,11.37,43.0,30.0,275.0,2,strong_buy,12.3,13.5,5.6,7.0,2.46,3.54,6.94,11.25,9.69,15.69,13.45,36.57,7.51,23.0,0.4,lumpy earner,0.48,,1.71,,130.83,4.4,40.65,0.0,,8.77,-0.49,5.25,-0.91,376.95,177.84,43.2,20.3,4.54,23.76,0.34,0.51,6,26.0,19.5,10.0,1.0,56.5,WATCH ⭐⭐,Expected ~112% CAGR (2yr) | Profit CAGR 37% | ROCE trend rising ↑ | FCF yield 4.4% | Piotroski F=6 (above average quality) | Dividend growing 30%/yr,Pattern still forming (not broken out),3-4 years,Medium-High,"yfinance, screener.in",100,121,,2026-06-13,2026-06-01,12,0.0,1,0.0
HARIOMPIPE,Hariom Pipe Industries Limited,Basic Materials,Steel,1308.0,Small-Cap,MonthlyDoubleBottom,Forming,0.698,8,Sep 8mo | Mid rally 75% | Asymmetry 5%,,Sideways-Above-MA,True,True,Constructive,True,Stage2,1,Uptrend,Uptrend,408.2,571.56,319.99,346.97,891.36,1556.31,2717.32,1556.31,281.3,95.3,17.27,,2.02,0.23,8.18,14.0,1.67,,0,none,12.4,15.7,2.0,13.0,1.5,4.54,7.46,3.93,,,22.58,,,74.6,0.75,consistent growth,0.62,,1.68,,-33.97,-2.6,57.27,0.0,,9.5,0.27,0.06,0.01,572.2,268.05,28.7,52.3,-4.71,-48.99,0.68,0.7,6,28.0,17.38,11.0,0.0,56.4,WATCH ⭐⭐,Expected ~95% CAGR (2yr) | Revenue CAGR 27% | Profit CAGR 75% | ROCE trend rising ↑ | Promoter 57% holding | EPS: consistent growth,Pattern still forming (not broken out),3-4 years,Medium-High,"yfinance, screener.in",80,51,,2026-06-13,2026-06-01,12,30.5,1,0.0
SWARAJENG,Swaraj Engines Limited,Consumer Cyclical,Auto Parts,4548.0,Small-Cap,MonthlyDoubleBottom,Forming,0.479,13,Sep 13mo | Mid rally 53% | Asymmetry 6%,,Uptrend,True,False,Below-MAs,True,Stage2,3,Uptrend,Uptrend,3711.9,1662.58,1054.07,3155.11,8695.79,10443.64,12542.81,10443.64,181.4,67.7,23.1,20.7,9.28,1.15,16.16,295.0,9.31,4629.5,2,none,43.23,,,12.75,,9.78,21.51,20.2,,,20.1,,,20.1,0.5,insufficient history,0.0,,2.06,,1.77,0.04,52.11,-0.01,,2.82,-0.33,9.09,-0.65,4720.0,3301.3,21.4,12.4,4.13,69.45,0.24,0.37,5,29.0,17.25,8.0,2.0,56.2,WATCH ⭐⭐,Expected ~68% CAGR (2yr) | Revenue CAGR 20% | Profit CAGR 20% | ROE 43% | Nearly debt-free | Promoter 52% holding,Pattern still forming (not broken out),3-4 years,Medium-High,"yfinance, screener.in",70,287,,2026-06-13,2026-06-01,12,0.0,1,0.0
ACE,Action Construction Equipment Limited,Industrials,Farm & Heavy Construction Machinery,10715.0,Mid-Cap,MonthlyDoubleBottom,Forming,0.497,9,Sep 9mo | Mid rally 59% | Asymmetry 9%,,Sideways,False,False,Below-MAs,True,Stage2,4,Uptrend,Uptrend,931.05,289.73,173.79,791.39,1736.4,2324.52,3111.83,2324.52,149.7,58.0,25.84,19.83,5.33,0.76,20.01,22.0,49.38,1247.0,2,none,22.9,31.7,3.66,15.0,1.34,12.65,9.83,-1.41,14.94,21.73,1.47,33.87,38.99,-6.5,0.4,lumpy earner,0.0,,1.33,,272.88,2.55,65.42,0.0,,9.58,-0.82,1.84,0.08,1275.7,745.1,27.0,25.0,-12.99,10.09,0.58,0.33,6,38.0,11.96,6.0,0.0,56.0,WATCH ⭐⭐,Expected ~58% CAGR (2yr) | Profit CAGR 34% | ROE 23% | ROCE 32% | ROCE trend rising ↑ | Nearly debt-free,Pattern still forming (not broken out),3-4 years,Medium-High,"yfinance, screener.in",100,238,,2026-06-13,2026-06-01,12,5.6,1,-5.0
SOUTHBANK,The South Indian Bank Limited,Financial Services,Banks - Regional,11518.0,Mid-Cap,MonthlyDoubleBottom,Forming,0.79,36,Sep 36mo | Mid rally 79% | Asymmetry 0%,MonthlyCupHandle+MonthlyDoubleBottom,Uptrend,True,False,Tight-Above-MAs,True,Stage2,12,Uptrend,Uptrend,38.75,27.23,15.16,32.94,130.27,115.64,198.34,160.74,198.4,72.8,7.93,6.44,1.05,0.34,,91.0,12.0,48.0,6,none,13.5,6.42,,43.14,,28.95,1.09,4.6,10.83,6.15,11.74,23.39,88.0,19.0,0.15,highly inconsistent earnings,,,,,,,,,,24.21,3.27,12.75,-1.04,46.84,28.11,17.3,37.9,35.28,85.92,0.43,0.25,2,11.0,25.98,11.0,8.0,56.0,WATCH ⭐⭐,Expected ~73% CAGR (2yr) | Profit CAGR 23% | OPM 43% | FII buying +3.3% ↑ | Dividend growing 12%/yr | PEG 0.34 — deeply undervalued,Pattern still forming (not broken out),3-4 years,Medium-High,"yfinance, screener.in",70,330,,2026-06-13,2026-06-01,12,0.0,1,-1.0
KRISHANA,Krishana Phoschem Limited,Basic Materials,Agricultural Inputs,4122.0,Small-Cap,None,,0.0,0,,,Uptrend,True,False,Tight-Above-MAs,True,Stage2,1,Uptrend,Uptrend,681.7,,,579.45,1628.36,4121.37,10431.18,4121.37,504.6,145.9,22.89,,7.35,0.15,16.13,7.0,25.99,,0,none,38.15,,,10.7,,7.45,12.32,59.8,,,153.1,,,152.8,0.5,insufficient history,1.31,,1.36,,-380.94,-9.24,72.94,0.68,,0.26,0.06,,,718.5,411.95,5.1,65.5,44.43,185.63,,0.02,2,26.0,15.0,7.0,8.0,56.0,WATCH ⭐⭐,Expected ~146% CAGR (2yr) | Revenue CAGR 60% | Profit CAGR 153% | ROE 38% | Promoter 73% holding | Dividend growing 26%/yr,High D/E 1.3,3-4 years,Medium-High,"yfinance, screener.in",70,112,,2026-06-13,2026-06-01,12,0.0,1,0.0
SARDAEN,Sarda Energy & Minerals Limited,Basic Materials,Steel,19259.0,Mid-Cap,MonthlyDoubleBottom,Forming,1.0,20,Sep 20mo | Mid rally 119% | Asymmetry 0%,,Downtrend,False,False,Below-MAs,False,Stage2,1,Uptrend,Uptrend,537.95,12.83,5.84,457.26,816.66,1000.0,1224.49,1000.0,85.9,36.3,17.42,11.55,2.62,0.78,10.99,27.0,25.99,,0,none,16.1,17.4,-1.03,31.0,0.2,19.43,8.41,22.55,10.55,20.94,57.98,22.45,24.15,45.9,0.15,highly inconsistent earnings,0.35,,4.5,,582.53,3.02,73.16,0.0,,3.5,-0.04,3.32,0.39,639.75,420.75,15.9,27.9,29.36,248.15,0.29,0.39,6,26.0,16.0,8.0,6.0,56.0,WATCH ⭐⭐,Expected ~36% CAGR (2yr) | Profit CAGR 22% | Promoter 73% holding | OPM 31% | FCF yield 3.0% | Piotroski F=6 (above average quality),Pattern still forming (not broken out),3-4 years,Medium-High,"yfinance, screener.in",100,198,,2026-06-13,2026-06-01,12,0.0,1,1.0
APARINDS,APAR Industries Limited,Industrials,Electrical Equipment & Parts,55754.0,Large-Cap,MonthlyDoubleBottom,Forming,0.535,45,Sep 45mo | Mid rally 63% | Asymmetry 10%,,Uptrend,True,True,Uptrend,True,Stage2,4,Uptrend,Uptrend,15221.0,837.93,488.3,12937.85,9960.78,12307.33,13232.76,11480.79,,,57.47,38.0,10.33,3.77,29.81,37.0,50.37,13547.14,7,buy,20.2,31.1,1.6,8.0,0.43,4.27,8.58,23.25,16.9,29.09,19.0,15.26,43.6,1.4,0.15,highly inconsistent earnings,0.18,,1.45,,-593.28,-1.06,57.77,0.0,,9.38,0.03,24.15,0.95,14174.0,6801.0,-7.4,123.8,76.51,292.22,1.0,0.04,5,26.0,20.92,-1.0,10.0,55.9,WATCH ⭐⭐,Revenue CAGR 17% | ROE 20% | ROCE 31% | ROCE trend rising ↑ | Low D/E 0.18 | Promoter 58% holding,High PE 57 | Pattern still forming (not broken out),3-4 years,Medium-High,"yfinance, screener.in",100,264,,2026-06-13,2026-06-01,12,23.5,1,-1.0
PERSISTENT,Persistent Systems Limited,Technology,Information Technology Services,78717.0,Large-Cap,MonthlyDoubleBottom,Forming,0.563,8,Sep 8mo | Mid rally 66% | Asymmetry 10%,MonthlyDoubleBottom+MonthlyStage2,Sideways,False,False,Below-MAs,True,Downtrend,0,Uptrend,Uptrend,5066.3,347.71,199.89,4306.36,5082.44,6096.53,8134.33,6429.79,20.3,9.7,42.37,28.88,10.06,1.6,27.61,87.0,-4.17,5596.65,34,none,27.3,34.4,2.17,19.0,0.4,12.65,14.87,23.53,20.87,28.63,33.21,26.51,32.83,33.7,0.75,consistent growth,0.06,,2.43,,1456.11,1.85,30.29,0.0,,22.11,-0.68,30.47,0.67,6599.0,4449.1,23.2,13.9,-7.9,83.6,0.63,0.09,7,40.0,11.76,3.0,1.0,55.8,WATCH ⭐⭐,Expected ~10% CAGR (2yr) | Revenue CAGR 21% | Profit CAGR 27% | ROE 27% | ROCE 34% | ROCE trend rising ↑,Earnings due 2026-04-21 | Pattern still forming (not broken out),3-4 years,Medium-High,"yfinance, screener.in",100,194,2026-04-21,2026-06-13,2026-06-01,12,0.0,1,0.0
CCL,CCL Products (India) Limited,Consumer Defensive,Packaged Foods,14387.0,Mid-Cap,MonthlyDoubleBottom,Breakout Ready,0.645,9,Sep 9mo | Mid rally 66% | Asymmetry 1%,,Uptrend,True,False,Uptrend,True,Stage2,15,Uptrend,Uptrend,1129.3,226.87,136.34,959.9,1369.76,1411.73,1686.46,1519.88,25.0,11.8,37.03,22.95,6.13,3.38,20.88,72.0,-20.63,1249.5,12,none,18.0,15.8,-0.51,16.0,-1.63,8.69,8.6,43.5,29.11,29.12,25.16,10.96,16.35,12.4,0.15,highly inconsistent earnings,0.56,,1.49,,562.47,3.91,46.11,0.0,,11.24,0.23,21.43,-0.1,1217.5,779.5,7.2,44.9,38.17,67.6,1.76,-0.06,4,19.0,23.74,5.0,8.0,55.7,WATCH ⭐⭐,Expected ~12% CAGR (2yr) | Revenue CAGR 29% | Margin compressing ↓ ⚠️ | FCF yield 3.9% | EV/EBITDA 21× below sector (30×) | MonthlyDoubleBottom — Breakout Ready,Margin compression ↓,3-4 years,Medium-High,"yfinance, screener.in",100,265,,2026-06-13,2026-06-01,12,3.7,1,7.0
ASKAUTOLTD,ASK AUTOMOTIVE LIMITED,Consumer Cyclical,Auto Parts,8648.0,Mid-Cap,MonthlyDoubleBottom,Forming,0.511,17,Sep 17mo | Mid rally 53% | Asymmetry 2%,MonthlyDoubleBottom+MonthlyStage2,Downtrend,False,False,Below-MAs,False,Stage2,3,Uptrend,Uptrend,429.35,578.5,375.3,364.95,1031.99,1057.63,1857.47,1384.52,146.3,56.9,29.07,21.36,6.59,0.85,17.54,42.0,50.0,567.29,7,none,25.3,25.5,1.71,13.0,0.51,7.12,11.63,15.97,17.79,22.02,19.76,34.16,22.88,24.2,0.15,highly inconsistent earnings,0.52,,1.04,,-311.06,-3.6,74.95,0.0,,9.29,-0.43,10.25,1.12,578.5,375.3,25.8,14.4,-10.46,,0.16,-0.19,5,33.0,9.63,12.0,1.0,55.6,WATCH ⭐⭐,Expected ~57% CAGR (2yr) | Revenue CAGR 18% | Profit CAGR 34% | ROE 25% | ROCE 26% | ROCE trend rising ↑,Pattern still forming (not broken out),3-4 years,Medium-High,"yfinance, screener.in",100,32,,2026-06-13,2026-06-01,12,-5.8,1,-2.0
BHARATFORG,Bharat Forge Limited,Consumer Cyclical,Auto Parts,92262.0,Large-Cap,MonthlyStage2,Stage Change,1.0,24,10-EMA=1683 | 30-EMA=1405 | Above by 38.4% | MA turning=Yes,MonthlyCupHandle+MonthlyDoubleBottom+MonthlyStage2,Uptrend,True,False,Tight-Above-MAs,True,Stage2,3,Uptrend,Uptrend,1945.1,1405.04,1008.31,1653.33,1451.72,1858.28,2413.56,1871.85,,,85.47,39.58,9.64,2.95,33.3,44.0,-28.62,1837.91,23,none,12.5,13.1,1.66,17.0,0.57,6.42,5.77,11.17,9.2,21.55,19.28,28.94,25.56,-17.5,0.15,highly inconsistent earnings,0.77,,1.17,,723.22,0.78,44.07,0.0,,14.15,1.75,32.62,-1.46,2044.0,1100.5,4.8,76.7,71.96,93.59,0.42,0.54,5,19.0,28.5,0.0,8.0,55.5,WATCH ⭐⭐,Profit CAGR 29% | ROCE trend rising ↑ | Piotroski F=5 (above average quality) | FII buying +1.8% ↑ | MonthlyStage2 forming (24mo base) | Weekly uptrend,High PE 85 | Earnings due 2026-08-05,3-4 years,Medium-High,"yfinance, screener.in",100,366,2026-08-05,2026-06-13,2026-06-01,12,4.7,1,-2.0
KRISHIVAL,KRISHIVAL FOODS LIMITED,Consumer Defensive,Packaged Foods,1027.0,Small-Cap,MonthlyStage2,Stage Change,1.0,24,10-EMA=357 | 30-EMA=321 | Above by 18.5% | MA turning=Yes,MonthlyDoubleBottom+MonthlyStage2,Sideways,False,False,Below-MAs,True,Stage2,15,Uptrend,Uptrend,379.85,320.55,214.73,322.87,742.21,1087.19,1592.51,1087.19,186.2,69.2,43.66,,6.0,0.94,23.43,6.0,68.69,,0,none,13.1,16.2,1.43,9.0,-0.6,7.34,9.36,45.05,61.16,59.93,57.14,46.48,85.56,3.5,0.4,lumpy earner,0.18,,5.19,,-54.9,-5.34,37.23,0.02,,0.54,-0.36,1.33,1.33,508.0,282.3,25.2,34.6,4.63,5.08,0.23,-0.93,4,25.0,19.5,9.0,2.0,55.5,WATCH ⭐⭐,Expected ~69% CAGR (2yr) | Revenue CAGR 61% | Profit CAGR 46% | ROCE trend rising ↑ | Low D/E 0.18 | Margin compressing ↓ ⚠️,Margin compression ↓,3-4 years,Medium-High,"yfinance, screener.in",100,50,,2026-06-13,2026-06-01,12,0.0,1,0.0
STYRENIX,Styrenix Performance Materials Limited,Basic Materials,Chemicals,3873.0,Small-Cap,MonthlyDoubleBottom,Forming,1.0,31,Sep 31mo | Mid rally 179% | Asymmetry 8%,MonthlyDoubleBottom+MonthlyStage2,Uptrend,True,False,Constructive,True,Stage2,1,Uptrend,Uptrend,2268.4,543.85,186.84,1928.14,4920.62,10469.1,22274.06,10469.1,361.5,114.8,21.19,16.34,3.11,0.19,11.84,245.0,-43.27,2964.0,1,none,14.6,15.1,-12.0,10.0,1.8,5.29,6.43,15.29,19.61,,-22.13,112.76,,30.8,0.15,highly inconsistent earnings,0.4,,2.29,,10.83,0.28,46.24,0.0,,0.95,-0.27,17.33,1.58,3498.0,1780.0,35.2,27.4,-20.12,114.1,0.42,,6,22.0,25.5,8.0,0.0,55.5,WATCH ⭐⭐,Expected ~115% CAGR (2yr) | Revenue CAGR 20% | Profit CAGR 113% | Piotroski F=6 (above average quality) | DII buying +1.6% ↑ | PEG 0.19 — deeply undervalued,Pattern still forming (not broken out),3-4 years,Medium-High,"yfinance, screener.in",100,286,,2026-06-13,2026-06-01,12,0.0,1,0.0
INSECTICID,Insecticides (India) Limited,Basic Materials,Agricultural Inputs,2079.0,Small-Cap,MonthlyDoubleBottom,Forming,1.0,48,Sep 48mo | Mid rally 133% | Asymmetry 6%,MonthlyDoubleBottom+MonthlyStage2,Sideways-Above-MA,True,False,Constructive,True,Stage2,1,Uptrend,Uptrend,758.95,614.69,255.63,645.11,1429.89,1861.43,2423.21,1861.43,145.3,56.6,14.92,10.59,1.71,0.49,8.99,56.0,-30.66,,0,none,12.1,15.9,0.31,11.0,0.03,6.48,6.52,7.0,5.92,8.55,-2.11,30.18,8.14,-15.7,0.15,highly inconsistent earnings,0.13,,1.96,,-27.93,-1.34,72.3,0.0,,4.5,0.04,9.27,-0.13,1098.0,518.6,30.9,46.3,-13.61,49.36,0.4,,5,22.0,22.5,11.0,0.0,55.5,WATCH ⭐⭐,Expected ~57% CAGR (2yr) | Profit CAGR 30% | ROCE trend rising ↑ | Low D/E 0.13 | Promoter 72% holding | Piotroski F=5 (above average quality),Pattern still forming (not broken out),3-4 years,Medium-High,"yfinance, screener.in",100,229,,2026-06-13,2026-06-01,12,0.0,1,1.0
ELGIEQUIP,Elgi Equipments Limited,Industrials,Specialty Industrial Machinery,19239.0,Mid-Cap,MonthlyStage2,Stage Change,1.0,24,10-EMA=534 | 30-EMA=521 | Above by 15.8% | MA turning=Yes,MonthlyCupHandle+MonthlyDoubleBottom+MonthlyStage2,Uptrend,True,True,Tight-Above-MAs,True,Stage2,4,Uptrend,Uptrend,603.85,521.48,426.4,513.27,389.27,616.56,429.49,408.89,2.1,1.0,44.84,33.47,8.61,8.9,32.51,44.0,24.14,677.4,5,strong_buy,21.5,23.7,1.77,15.0,0.86,10.89,9.36,12.56,9.12,15.48,22.86,5.04,33.34,25.4,0.15,highly inconsistent earnings,0.24,,2.08,,252.24,1.31,31.19,0.0,,22.2,-0.91,9.08,1.0,633.85,408.25,4.7,47.9,11.29,-5.63,0.5,0.05,6,21.0,28.5,0.0,6.0,55.5,WATCH ⭐⭐,Expected ~1% CAGR (2yr) | ROE 22% | ROCE 24% | ROCE trend rising ↑ | Low D/E 0.24 | Piotroski F=6 (above average quality),Earnings due 2026-08-11,3-4 years,Medium-High,"yfinance, screener.in",100,288,2026-08-11,2026-06-13,2026-06-01,12,11.6,1,9.1
MBAPL,Madhya Bharat Agro Products Limited,Basic Materials,Agricultural Inputs,4791.0,Small-Cap,MonthlyDoubleBottom,Forming,0.328,17,Sep 17mo | Mid rally 39% | Asymmetry 6%,,Uptrend,True,False,Uptrend,True,Stage2,1,Uptrend,Uptrend,530.85,342.81,239.72,451.22,636.86,1130.43,2006.51,1130.43,112.9,45.9,31.96,,10.45,0.41,22.03,9.0,58.74,,0,none,,,,9.82,,5.92,,115.8,,,77.5,,,77.4,0.5,insufficient history,0.68,,,,,,74.76,0.0,,0.46,0.27,,,585.0,340.0,9.3,56.1,35.3,57.21,0.62,-0.06,1,23.0,17.44,7.0,8.0,55.4,WATCH ⭐⭐,Expected ~46% CAGR (2yr) | Revenue CAGR 116% | Profit CAGR 78% | Promoter 75% holding | Dividend growing 59%/yr | PEG 0.41 — deeply undervalued,Pattern still forming (not broken out),3-4 years,Medium-High,"yfinance, screener.in",50,117,,2026-06-13,2026-06-01,12,0.0,1,0.0
ENDURANCE,Endurance Technologies Limited,Consumer Cyclical,Auto Parts,35944.0,Large-Cap,MonthlyDoubleBottom,Forming,0.899,40,Sep 40mo | Mid rally 90% | Asymmetry 0%,MonthlyDoubleBottom+MonthlyStage2,Downtrend,False,False,Below-MAs,True,Stage2,3,Uptrend,Uptrend,2502.6,1957.99,1029.49,2127.21,3984.78,4161.77,6290.13,5006.47,66.3,29.0,37.73,25.52,5.26,1.47,18.0,45.0,16.96,2894.71,14,buy,15.4,18.3,0.49,13.0,-0.4,6.52,7.41,26.25,18.35,17.39,13.88,25.64,12.86,12.8,0.15,highly inconsistent earnings,0.19,,1.55,,153.57,0.43,75.0,0.0,,13.14,-0.58,9.77,0.57,3079.9,2142.8,18.7,16.8,3.09,29.94,0.5,0.67,6,29.0,15.29,9.0,2.0,55.3,WATCH ⭐⭐,Expected ~29% CAGR (2yr) | Revenue CAGR 18% | Profit CAGR 26% | ROCE trend rising ↑ | Low D/E 0.19 | Promoter 75% holding,Pattern still forming (not broken out),3-4 years,Medium-High,"yfinance, screener.in",100,117,,2026-06-13,2026-06-01,12,-1.7,1,-3.0
MAZDOCK,Mazagon Dock Shipbuilders Limited,Industrials,Aerospace & Defense,97743.0,Large-Cap,MonthlyDoubleBottom,Forming,0.814,13,Sep 13mo | Mid rally 89% | Asymmetry 8%,MonthlyCupHandle+MonthlyDoubleBottom+MonthlyStage2,Downtrend,False,False,Below-MAs,False,Stage2,4,Uptrend,Uptrend,2422.8,3751.65,1904.04,2059.38,3041.09,5599.26,5304.42,4016.37,131.1,52.0,37.88,30.01,10.02,1.18,37.66,79.0,-12.25,2801.44,9,buy,29.2,36.0,4.06,17.0,2.57,19.86,4.83,13.77,18.44,26.29,6.79,32.07,38.06,108.8,0.4,lumpy earner,0.04,,1.4,,-3999.91,-4.09,81.22,0.0,,1.73,-0.07,5.09,-0.28,3495.0,2057.4,30.7,17.8,-17.14,276.68,0.42,0.56,4,37.0,13.27,5.0,0.0,55.3,WATCH ⭐⭐,Expected ~52% CAGR (2yr) | Revenue CAGR 18% | Profit CAGR 32% | ROE 29% | ROCE 36% | ROCE trend rising ↑,Pattern still forming (not broken out),3-4 years,Medium-High,"yfinance, screener.in",100,68,,2026-06-13,2026-06-01,12,0.0,1,0.0
HDFCAMC,HDFC Asset Management Company Limited,Financial Services,Asset Management,106988.0,Large-Cap,MonthlyDoubleBottom,Forming,0.521,6,Sep 6mo | Mid rally 59% | Asymmetry 7%,,Downtrend,False,False,Below-MAs,False,Stage2,12,Uptrend,Uptrend,2455.9,1448.93,882.86,2087.51,1780.31,2564.9,2834.05,2246.22,4.4,2.2,37.59,28.42,11.59,1.44,26.19,216.0,31.04,3042.93,28,strong_buy,32.9,42.9,2.5,82.0,1.5,61.84,24.83,13.95,23.04,,16.18,26.17,,-2.5,0.75,consistent growth,0.02,,30.24,,2397.42,2.24,52.37,-0.01,,24.45,0.46,14.42,-0.48,2967.25,2205.6,17.2,11.3,-8.44,81.39,0.55,0.56,7,40.0,9.25,5.0,1.0,55.2,WATCH ⭐⭐,Expected ~2% CAGR (2yr) | Revenue CAGR 23% | Profit CAGR 26% | ROE 33% | ROCE 43% | ROCE trend rising ↑,Earnings due 2026-07-16 | Pattern still forming (not broken out),3-4 years,Medium-High,"yfinance, screener.in",100,95,2026-07-16,2026-06-13,2026-06-01,12,-7.5,1,-4.0
PANSARI,Pansari Developers Limited,Real Estate,Real Estate - Development,496.0,Micro-Cap,MonthlyDoubleBottom,Forming,0.963,14,Sep 14mo | Mid rally 106% | Asymmetry 10%,,Downtrend,False,False,Below-MAs,False,Stage2,3,Uptrend,Uptrend,258.45,152.0,70.2,219.68,687.54,1481.23,3191.17,1481.23,473.1,139.4,29.15,,3.5,0.25,24.25,0.0,,,0,none,13.8,12.5,1.11,15.0,0.0,16.83,,140.0,61.01,21.67,150.0,115.44,37.97,1550.5,0.15,highly inconsistent earnings,0.48,,,,,,73.88,0.0,,,,,,352.3,218.0,26.6,18.6,26.23,174.7,0.88,-0.44,2,27.0,15.06,8.0,5.0,55.1,WATCH ⭐⭐,Expected ~139% CAGR (2yr) | Revenue CAGR 61% | Profit CAGR 115% | ROCE trend rising ↑ | Promoter 74% holding | PEG 0.25 — deeply undervalued,Pattern still forming (not broken out),3-4 years,Medium-High,"yfinance, screener.in",80,111,,2026-06-13,2026-06-01,12,0.0,1,-1.0
SCHAEFFLER,Schaeffler India Limited,Consumer Cyclical,Auto Parts,63073.0,Large-Cap,MonthlyCupHandle,Forming,0.922,22,Cup 22mo | Depth 23% | Prior gain 30% | R²=1.00,MonthlyCupHandle+MonthlyDoubleBottom,Uptrend,True,False,Tight-Above-MAs,True,Stage2,3,Uptrend,Uptrend,3987.8,4584.62,3519.0,3389.63,3427.45,5650.24,4189.55,3789.39,41.7,19.0,51.81,40.03,10.43,4.91,,87.0,13.4,4788.71,7,none,20.2,27.3,0.0,18.0,-0.2,12.02,,4.24,11.67,,5.65,10.56,,25.6,0.15,highly inconsistent earnings,0.01,,,,,,74.13,0.0,,4.25,-0.2,16.32,0.21,4467.7,3518.4,10.7,13.3,7.06,9.24,0.58,,1,23.0,27.06,2.0,3.0,55.1,WATCH ⭐⭐,Expected ~19% CAGR (2yr) | ROE 20% | ROCE 27% | Nearly debt-free | Promoter 74% holding | Dividend growing 13%/yr,High PE 52 | Earnings due 2026-07-23 | Pattern still forming (not broken out),3-4 years,Medium-High,"yfinance, screener.in",80,287,2026-07-23,2026-06-13,2026-06-01,12,0.0,1,0.0
ABSLAMC,Aditya Birla Sun Life AMC Limited,Financial Services,Asset Management,30329.0,Large-Cap,None,,0.0,0,,,Uptrend,True,False,Uptrend,True,Stage2,12,Uptrend,Uptrend,1101.2,,,936.02,899.76,1086.26,1249.22,1060.19,,,31.15,23.57,7.49,1.75,22.9,229.0,60.09,1125.36,14,buy,25.2,32.2,-2.57,60.0,-0.14,47.34,18.66,-6.91,11.0,8.95,4.73,17.83,13.14,-18.0,0.15,highly inconsistent earnings,0.02,,1.2,,882.22,2.91,74.82,0.0,,5.75,-0.3,11.55,0.76,1123.5,708.0,2.0,55.5,36.47,165.65,,0.34,4,32.0,13.0,2.0,8.0,55.0,WATCH ⭐⭐,ROE 25% | ROCE 32% | Nearly debt-free | Promoter 75% holding | OPM 60% | DII buying +0.8% ↑,None identified,3-4 years,Medium-High,"yfinance, screener.in",100,57,,2026-06-13,2026-06-01,12,6.2,1,0.0
LODHA,Lodha Developers Limited,Real Estate,Real Estate - Development,89348.0,Large-Cap,MonthlyDoubleBottom,Forming,0.37,12,Sep 12mo | Mid rally 43% | Asymmetry 6%,,Sideways,False,False,Below-MAs,True,Stage2,3,Uptrend,Uptrend,892.2,1525.97,1039.62,987.64,2353.61,3181.67,8614.08,4502.68,256.6,88.8,26.11,18.81,3.84,0.29,19.36,48.0,88.89,1200.17,18,strong_buy,15.8,16.6,1.91,30.0,1.26,20.56,5.26,21.02,20.76,25.07,24.0,91.31,134.87,9.4,0.15,highly inconsistent earnings,0.42,,1.75,,-2345.45,-2.63,72.27,0.42,,21.24,-2.25,4.62,1.45,1531.0,650.8,41.7,37.1,-27.61,9.37,0.72,0.58,6,31.0,10.94,13.0,0.0,54.9,WATCH ⭐⭐,Expected ~89% CAGR (2yr) | Revenue CAGR 21% | Profit CAGR 91% | ROCE trend rising ↑ | Promoter 72% holding | OPM 30%,Earnings due 2026-04-24 | Pattern still forming (not broken out),3-4 years,Medium-High,"yfinance, screener.in",100,62,2026-04-24,2026-06-13,2026-06-01,12,0.0,1,2.0
NAVINFLUOR,Navin Fluorine International Limited,Basic Materials,Chemicals,36067.0,Large-Cap,MonthlyDoubleBottom,Forming,0.472,19,Sep 19mo | Mid rally 47% | Asymmetry 0%,,Uptrend,True,True,Tight-Above-MAs,True,Stage2,1,Uptrend,Uptrend,7075.5,4902.73,3318.97,6014.18,3438.92,6486.49,5033.26,4160.41,,,53.77,37.34,9.07,2.56,33.27,21.0,7.06,7385.61,28,buy,20.3,21.4,-1.0,33.0,0.71,20.02,10.4,41.08,16.85,22.96,129.76,20.98,20.81,123.9,0.15,highly inconsistent earnings,0.32,,2.61,,56.74,0.16,27.1,-0.01,,23.78,0.04,27.61,-0.48,7525.0,4348.2,6.0,62.7,54.88,35.96,0.6,0.26,6,25.0,21.66,0.0,8.0,54.7,WATCH ⭐⭐,Revenue CAGR 17% | Profit CAGR 21% | ROE 20% | ROCE 21% | OPM 33% | Piotroski F=6 (above average quality),High PE 54 | Earnings due 2026-07-30 | Pattern still forming (not broken out),3-4 years,Medium-High,"yfinance, screener.in",100,228,2026-07-30,2026-06-13,2026-06-01,12,0.0,1,0.0
VBL,Varun Beverages Limited,Consumer Defensive,Beverages - Non-Alcoholic,176996.0,Large-Cap,MonthlyStage2,Stage Change,0.679,24,10-EMA=480 | 30-EMA=467 | Above by 10.2% | MA turning=Yes,MonthlyDoubleBottom+MonthlyStage2,Uptrend,True,False,Tight-Above-MAs,True,Stage2,15,Uptrend,Uptrend,514.8,467.23,383.25,437.58,454.32,551.21,602.4,523.14,7.1,3.5,55.55,43.27,9.04,3.67,34.27,38.0,12.62,587.23,26,none,16.2,19.7,2.03,23.0,0.69,14.02,,4.65,12.25,20.8,4.8,15.15,33.88,20.1,0.15,highly inconsistent earnings,0.13,,,,,,59.43,-0.01,,19.51,-0.8,14.35,0.79,544.4,381.0,5.4,35.1,20.59,38.97,0.35,0.25,3,21.0,24.65,1.0,8.0,54.6,WATCH ⭐⭐,Expected ~4% CAGR (2yr) | ROCE trend rising ↑ | Low D/E 0.13 | Promoter 59% holding | DII buying +0.8% ↑ | Dividend growing 13%/yr,High PE 56 | Earnings due 2026-07-28,3-4 years,Medium-High,"yfinance, screener.in",80,115,2026-07-28,2026-06-13,2026-06-01,12,0.0,1,0.0
APOLLOHOSP,Apollo Hospitals Enterprise Limited,Healthcare,Medical Care Facilities,119406.0,Large-Cap,MonthlyDoubleBottom,Forming,0.676,13,Sep 13mo | Mid rally 70% | Asymmetry 3%,,Uptrend,True,True,Tight-Above-MAs,True,Stage2,5,Uptrend,Uptrend,8498.0,1784.0,1031.85,7223.3,9551.36,11324.95,16994.64,12740.56,33.3,15.4,61.35,38.85,12.59,1.84,33.49,24.0,-12.64,9201.53,30,strong_buy,22.1,17.9,1.46,15.0,0.51,7.7,8.44,15.76,14.94,19.03,33.09,33.39,71.0,35.9,0.15,highly inconsistent earnings,0.85,,1.06,,395.55,0.33,28.02,0.0,,42.62,-0.92,22.76,1.26,8443.0,6696.5,-0.7,26.9,18.26,46.04,0.56,0.18,6,23.0,23.61,2.0,6.0,54.6,WATCH ⭐⭐,Expected ~15% CAGR (2yr) | Profit CAGR 33% | ROE 22% | ROCE trend rising ↑ | Piotroski F=6 (above average quality) | DII buying +1.3% ↑,High PE 61 | Earnings due 2026-08-12 | Pattern still forming (not broken out),3-4 years,Medium-High,"yfinance, screener.in",100,288,2026-08-12,2026-06-13,2026-06-01,12,5.9,1,2.0
ALKYLAMINE,Alkyl Amines Chemicals Limited,Basic Materials,Specialty Chemicals,9080.0,Mid-Cap,MonthlyDoubleBottom,Forming,0.301,8,Sep 8mo | Mid rally 31% | Asymmetry 1%,,Sideways-Above-MA,True,False,Constructive,True,Stage2,1,Uptrend,Uptrend,1831.8,2761.39,2100.17,1995.16,1229.47,3422.61,3028.21,1929.54,86.8,36.7,50.51,40.1,5.92,0.89,,76.0,0.0,1492.33,3,none,41.4,41.3,2.57,26.0,1.14,11.77,,17.38,25.61,15.84,133.72,56.94,34.9,-3.4,0.15,highly inconsistent earnings,,,,,,,72.05,0.02,,3.45,0.0,3.01,0.0,2438.8,1212.0,24.9,51.1,-17.37,-43.76,1.72,0.27,3,36.0,12.61,6.0,0.0,54.6,WATCH ⭐⭐,Expected ~37% CAGR (2yr) | Revenue CAGR 26% | Profit CAGR 57% | ROE 41% | ROCE 41% | ROCE trend rising ↑,High PE 51 | Pattern still forming (not broken out),3-4 years,Medium-High,"yfinance, screener.in",70,224,,2026-06-13,2026-06-01,12,3.7,1,3.0
BOSCHLTD,Bosch Limited,Consumer Cyclical,Auto Parts,109834.0,Large-Cap,MonthlyStage2,Stage Change,1.0,24,10-EMA=35794 | 30-EMA=32095 | Above by 21.7% | MA turning=Yes,MonthlyDoubleBottom+MonthlyStage2,Uptrend,True,True,Constructive,True,Stage2,3,Uptrend,Uptrend,39060.0,32095.29,26188.55,33201.0,58248.92,59382.18,90752.0,72706.3,52.0,23.3,39.68,35.28,7.4,1.6,39.05,73.0,34.59,39396.0,4,buy,16.4,21.5,1.77,13.0,0.26,13.84,6.73,10.77,10.3,15.57,37.62,24.82,41.9,3.0,0.15,highly inconsistent earnings,0.01,,1.96,,-2037.69,-1.86,70.54,0.0,,7.22,-0.12,15.05,0.15,41945.0,28610.0,6.9,36.5,2.66,94.78,0.77,0.65,6,24.0,25.5,2.0,3.0,54.5,WATCH ⭐⭐,Expected ~23% CAGR (2yr) | Profit CAGR 25% | ROCE 22% | ROCE trend rising ↑ | Nearly debt-free | Promoter 71% holding,Earnings due 2026-08-03,3-4 years,Medium-High,"yfinance, screener.in",100,288,2026-08-03,2026-06-13,2026-06-01,12,5.2,1,0.0
UNIONBANK,Union Bank of India,Financial Services,Banks - Regional,127481.0,Large-Cap,MonthlyDoubleBottom,Forming,1.0,33,Sep 33mo | Mid rally 152% | Asymmetry 0%,MonthlyCupHandle+MonthlyDoubleBottom,Sideways-Above-MA,True,False,Constructive,False,Stage2,12,Uptrend,Uptrend,158.96,166.52,65.95,135.12,688.97,622.38,1194.47,907.17,291.5,97.9,6.56,6.51,0.96,0.21,,299.0,35.72,195.2,15,buy,15.7,6.3,,-887.68,,35.66,1.25,-1.49,9.58,9.03,7.78,31.67,46.67,,0.4,lumpy earner,,,,,,,74.76,0.0,,9.37,1.23,11.51,-0.4,205.49,124.64,22.6,27.5,14.71,118.63,0.46,0.89,1,17.0,22.5,12.0,3.0,54.5,WATCH ⭐⭐,Expected ~98% CAGR (2yr) | Profit CAGR 32% | Promoter 75% holding | FII buying +1.2% ↑ | Dividend growing 36%/yr | PEG 0.21 — deeply undervalued,Earnings due 2026-07-14 | Pattern still forming (not broken out),3-4 years,Medium-High,"yfinance, screener.in",80,285,2026-07-14,2026-06-13,2026-06-01,12,0.0,1,0.0
VAIBHAVGBL,Vaibhav Global Limited,Consumer Cyclical,Luxury Goods,3820.0,Small-Cap,MonthlyDoubleBottom,Forming,1.0,17,Sep 17mo | Mid rally 113% | Asymmetry 3%,,Sideways,False,False,Constructive,True,Stage2,3,Uptrend,Uptrend,223.79,208.43,96.52,190.22,1117.33,1523.14,2076.34,1523.14,580.6,160.9,14.51,4.72,2.31,0.4,10.7,263.0,-37.0,,0,none,17.8,16.3,-3.37,10.0,-0.74,7.21,6.96,9.23,11.12,7.77,73.86,36.32,-0.45,167.4,0.15,highly inconsistent earnings,0.25,,2.75,,110.22,2.89,57.43,0.32,,16.44,-1.62,2.23,0.56,293.25,174.13,23.7,28.5,3.93,-45.34,0.3,0.24,5,21.0,19.5,12.0,2.0,54.5,WATCH ⭐⭐,Expected ~161% CAGR (2yr) | Profit CAGR 36% | Low D/E 0.25 | Promoter 57% holding | Margin compressing ↓ ⚠️ | Piotroski F=5 (above average quality),Margin compression ↓ | Pattern still forming (not broken out),3-4 years,Medium-High,"yfinance, screener.in",100,266,,2026-06-13,2026-06-01,12,0.0,1,0.0
KAPSTON,Kapston Services Limited,Industrials,Specialty Business Services,1026.0,Small-Cap,MonthlyDoubleBottom,Forming,0.622,14,Sep 14mo | Mid rally 72% | Asymmetry 9%,,Uptrend,True,False,Tight-Above-MAs,True,Stage2,4,Uptrend,Uptrend,325.05,65.23,36.33,276.29,399.07,496.44,617.58,496.44,52.7,23.6,36.48,,10.07,1.49,26.28,0.0,,,0,none,27.4,14.9,2.0,5.0,0.5,3.38,8.02,20.46,,,55.56,,,24.3,1.0,steady compounder (low CV),1.58,,1.43,,-16.36,-1.59,72.87,0.0,,,,,,433.5,227.0,25.0,43.2,43.92,332.06,0.43,,5,20.0,22.96,4.0,7.0,54.0,WATCH ⭐⭐,Expected ~24% CAGR (2yr) | Revenue CAGR 17% | Profit CAGR 24% | ROE 27% | ROCE trend rising ↑ | Promoter 73% holding,High D/E 1.6 | Pattern still forming (not broken out),3-4 years,Medium-High,"yfinance, screener.in",80,98,,2026-06-13,2026-06-01,12,0.0,1,-5.0
RPTECH,Rashi Peripherals Limited,Technology,Electronics & Computer Distribution,3600.0,Small-Cap,None,,0.0,0,,,Uptrend,True,False,Tight-Above-MAs,True,Downtrend,0,Uptrend,Uptrend,543.25,,,461.76,1814.9,2393.13,3155.58,2393.13,340.5,109.9,13.26,,1.94,0.42,9.85,37.0,100.0,,0,none,14.7,16.8,-2.57,3.0,-0.23,1.75,5.7,14.91,18.74,21.71,34.29,31.86,15.7,64.2,0.15,highly inconsistent earnings,0.49,,1.6,,-47.2,-1.31,64.01,0.03,,0.78,0.12,17.45,-1.0,575.0,275.6,5.5,97.1,86.99,,,1.1,4,20.0,14.0,12.0,8.0,54.0,WATCH ⭐⭐,Expected ~110% CAGR (2yr) | Revenue CAGR 19% | Profit CAGR 32% | Promoter 64% holding | Dividend growing 100%/yr | PEG 0.42 — deeply undervalued,None identified,3-4 years,Medium-High,"yfinance, screener.in",100,28,,2026-06-13,2026-06-01,12,0.0,1,-2.0
PATANJALI,Patanjali Foods Limited,Consumer Defensive,Packaged Foods,45740.0,Large-Cap,MonthlyDoubleBottom,Forming,1.0,9,Sep 9mo | Mid rally 137% | Asymmetry 5%,,Sideways,False,False,Below-MAs,True,Stage2,15,Uptrend,Uptrend,471.1,5144.45,2118.49,2012.57,2599.12,8170.41,8968.73,4828.13,1634.3,316.5,25.25,22.7,3.78,0.29,27.57,77.0,-4.35,603.75,4,strong_buy,16.5,12.0,-2.34,4.0,2.66,4.24,,17.6,49.48,5.84,39.43,85.76,50.62,60.0,0.2,multiple loss years in history,0.24,,,,,,68.25,-0.01,,9.2,-1.62,12.06,-0.98,653.93,408.15,28.0,15.4,-5.99,-1.26,0.79,-0.14,2,23.0,18.0,13.0,0.0,54.0,WATCH ⭐⭐,Expected ~316% CAGR (2yr) | Revenue CAGR 49% | Profit CAGR 86% | Low D/E 0.24 | Promoter 68% holding | PEG 0.29 — deeply undervalued,Earnings due 2026-07-16 | Pattern still forming (not broken out),3-4 years,Medium-High,"yfinance, screener.in",80,287,2026-07-16,2026-06-13,2026-06-01,12,0.0,1,2.0
FMGOETZE,Federal-Mogul Goetze (India) Limited,Consumer Cyclical,Auto Parts,2426.0,Small-Cap,MonthlyDoubleBottom,Forming,1.0,8,Sep 8mo | Mid rally 123% | Asymmetry 3%,MonthlyDoubleBottom+MonthlyStage2,Sideways,False,False,Below-MAs,True,Stage2,3,Uptrend,Uptrend,445.5,539.95,238.3,378.68,1644.17,1948.17,2308.39,1948.17,337.3,109.1,14.21,,1.69,0.77,5.54,0.0,58.74,,0,none,13.5,18.5,2.77,15.0,0.8,8.71,7.12,8.78,6.22,12.08,4.71,18.49,104.31,-17.3,0.15,highly inconsistent earnings,0.0,,2.98,,184.46,7.6,74.98,0.0,,0.38,-0.16,0.49,0.05,622.0,358.0,28.4,24.4,-17.9,3.84,0.27,0.07,6,26.0,18.0,10.0,0.0,54.0,WATCH ⭐⭐,Expected ~109% CAGR (2yr) | ROCE trend rising ↑ | Nearly debt-free | Promoter 75% holding | FCF yield 7.6% | Piotroski F=6 (above average quality),Pattern still forming (not broken out),3-4 years,Medium-High,"yfinance, screener.in",100,288,,2026-06-13,2026-06-01,12,-1.5,1,3.0
GLAND,Gland Pharma Limited,Healthcare,Drug Manufacturers - Specialty & Generic,37495.0,Large-Cap,MonthlyStage2,Stage Change,1.0,24,10-EMA=1937 | 30-EMA=1852 | Above by 22.1% | MA turning=Yes,MonthlyDoubleBottom+MonthlyStage2,Uptrend,True,False,Tight-Above-MAs,True,Stage2,5,Uptrend,Uptrend,2262.2,1852.08,1387.08,1922.87,2701.45,2651.65,3242.66,2959.71,17.2,8.3,36.5,24.91,3.61,3.82,21.04,88.0,-10.0,2189.57,14,buy,10.7,15.1,-3.0,25.0,-2.91,15.97,6.35,14.51,21.06,13.18,46.92,9.56,0.59,96.6,0.15,highly inconsistent earnings,0.03,,4.68,,504.15,1.34,51.83,0.0,,7.29,-0.29,33.36,0.37,2396.0,1573.6,5.6,43.8,15.21,56.84,1.38,0.5,5,19.0,28.5,2.0,4.0,53.5,WATCH ⭐⭐,Expected ~8% CAGR (2yr) | Revenue CAGR 21% | Nearly debt-free | Promoter 52% holding | Margin compressing ↓ ⚠️ | Piotroski F=5 (above average quality),Margin compression ↓ | Earnings due 2026-08-05,3-4 years,Medium-High,"yfinance, screener.in",100,68,2026-08-05,2026-06-13,2026-06-01,12,0.5,1,-5.5
OLECTRA,Olectra Greentech Limited,Industrials,Farm & Heavy Construction Machinery,10595.0,Mid-Cap,MonthlyDoubleBottom,Forming,1.0,33,Sep 33mo | Mid rally 548% | Asymmetry 8%,,Sideways,False,False,Below-MAs,True,Stage2,4,Uptrend,Uptrend,1219.6,279.39,41.39,1036.66,1019.5,1417.31,1970.34,1417.31,16.2,7.8,59.87,29.81,9.44,1.53,1136.05,3.0,0.0,,0,none,15.6,21.0,3.89,14.0,1.11,2.01,,28.3,28.45,52.43,29.5,39.02,86.4,164.4,0.15,highly inconsistent earnings,0.31,,,,,,50.02,0.0,,7.11,0.21,0.68,-0.14,1714.2,866.6,28.9,40.7,11.84,2.83,0.68,0.3,3,30.0,19.5,1.0,3.0,53.5,WATCH ⭐⭐,Expected ~8% CAGR (2yr) | Revenue CAGR 28% | Profit CAGR 39% | ROCE 21% | ROCE trend rising ↑ | Promoter 50% holding,High PE 60 | Pattern still forming (not broken out),3-4 years,Medium-High,"yfinance, screener.in",80,287,,2026-06-13,2026-06-01,12,0.0,1,-1.0
EIHOTEL,EIH Limited,Consumer Cyclical,Lodging,18258.0,Mid-Cap,MonthlyDoubleBottom,Forming,1.0,24,Sep 24mo | Mid rally 191% | Asymmetry 3%,,Downtrend,False,False,Below-MAs,False,Stage2,3,Uptrend,Uptrend,295.45,187.68,63.63,251.13,613.71,772.84,973.24,772.84,161.6,61.7,29.08,24.33,3.88,1.12,17.14,51.0,45.0,365.0,1,strong_buy,14.5,20.7,7.03,35.0,18.91,21.37,8.89,7.18,13.35,42.86,-14.68,25.93,34.55,-6.1,0.2,multiple loss years in history,0.05,,2.69,,85.06,0.47,32.85,0.0,,6.62,0.46,13.88,-0.25,434.8,271.15,32.0,9.0,-16.38,21.45,0.12,-0.26,7,29.0,16.5,8.0,0.0,53.5,WATCH ⭐⭐,Expected ~62% CAGR (2yr) | Profit CAGR 26% | ROCE 21% | ROCE trend rising ↑ | Nearly debt-free | OPM 35%,Pattern still forming (not broken out),3-4 years,Medium-High,"yfinance, screener.in",100,366,,2026-06-13,2026-06-01,12,-9.4,1,0.0
ZENSARTECH,Zensar Technologies Limited,Technology,Information Technology Services,10992.0,Mid-Cap,MonthlyDoubleBottom,Forming,1.0,46,Sep 46mo | Mid rally 195% | Asymmetry 7%,,Downtrend,False,False,Below-MAs,False,Downtrend,0,Uptrend,Uptrend,493.9,548.62,179.94,419.81,1536.29,1473.64,2725.31,2046.18,198.4,72.7,14.39,12.42,2.33,0.43,15.46,276.0,-21.7,614.83,12,buy,18.1,23.5,0.71,16.0,-0.09,7.27,,7.69,5.46,8.51,19.23,33.19,20.35,19.4,0.15,highly inconsistent earnings,0.02,,,,,,49.01,0.0,,10.51,-1.29,23.66,0.54,894.0,470.1,44.8,5.1,-32.68,10.01,0.53,,1,25.0,15.5,13.0,0.0,53.5,WATCH ⭐⭐,Expected ~73% CAGR (2yr) | Profit CAGR 33% | ROCE 24% | ROCE trend rising ↑ | Nearly debt-free | DII buying +0.5% ↑,Pattern still forming (not broken out),3-4 years,Medium-High,"yfinance, screener.in",80,287,,2026-06-13,2026-06-01,12,0.0,1,0.0
BLISSGVS,Bliss GVS Pharma Limited,Healthcare,Drug Manufacturers - Specialty & Generic,4637.0,Small-Cap,MonthlyDoubleBottom,Forming,1.0,31,Sep 31mo | Mid rally 217% | Asymmetry 10%,,Uptrend,True,True,Tight-Above-MAs,True,Stage2,5,Uptrend,Uptrend,437.85,215.02,64.6,372.17,655.13,789.95,952.52,789.95,80.4,34.3,36.5,,4.09,1.77,33.84,23.0,0.0,,0,none,11.6,16.8,0.6,18.0,0.11,12.57,,14.44,7.22,9.95,50.0,20.58,12.78,128.9,0.15,highly inconsistent earnings,0.02,,,,,,35.36,0.0,,10.45,-4.09,5.04,-0.74,455.95,118.0,4.0,271.1,154.27,326.96,0.34,1.17,2,14.0,28.5,1.0,10.0,53.5,WATCH ⭐⭐,Expected ~34% CAGR (2yr) | Profit CAGR 21% | ROCE trend rising ↑ | Nearly debt-free | MonthlyDoubleBottom forming (31mo base) | Weekly uptrend,Pattern still forming (not broken out),3-4 years,Medium-High,"yfinance, screener.in",80,192,,2026-06-13,2026-06-01,12,54.8,1,1.0
ELECON,Elecon Engineering Company Limited,Industrials,Specialty Industrial Machinery,11923.0,Mid-Cap,MonthlyDoubleBottom,Forming,1.0,17,Sep 17mo | Mid rally 125% | Asymmetry 0%,MonthlyDoubleBottom+MonthlyStage2,Uptrend,True,False,Constructive,True,Stage2,4,Uptrend,Uptrend,536.85,45.39,20.17,456.32,543.14,612.33,690.34,612.33,14.1,6.8,34.96,21.69,5.12,2.74,21.55,38.0,41.9,525.5,2,none,16.4,20.9,2.54,22.0,0.97,14.42,8.78,6.24,15.64,17.78,-17.83,12.74,42.52,-95.9,0.15,highly inconsistent earnings,0.12,,2.94,,161.23,1.35,59.28,0.0,,7.13,-0.96,5.67,1.19,715.0,352.0,24.9,52.5,-1.15,23.11,0.48,0.49,7,29.0,24.5,0.0,0.0,53.5,WATCH ⭐⭐,Expected ~7% CAGR (2yr) | Revenue CAGR 16% | ROCE 21% | ROCE trend rising ↑ | Low D/E 0.12 | Promoter 59% holding,Pattern still forming (not broken out),3-4 years,Medium-High,"yfinance, screener.in",100,238,,2026-06-13,2026-06-01,12,10.7,1,3.0
HESTERBIO,Hester Biosciences Limited,Healthcare,Drug Manufacturers - Specialty & Generic,1669.0,Small-Cap,MonthlyDoubleBottom,Forming,1.0,12,Sep 12mo | Mid rally 166% | Asymmetry 4%,MonthlyDoubleBottom+MonthlyStage2,Uptrend,True,False,Tight-Above-MAs,True,Stage2,5,Uptrend,Uptrend,1952.9,3359.21,1238.65,1659.97,4118.46,5479.77,6615.49,5219.73,180.6,67.5,29.07,,4.63,1.09,21.52,36.0,-11.21,,0,none,15.9,15.2,-0.77,26.0,-1.4,16.73,6.36,7.07,7.78,9.25,96.55,26.74,10.25,1138.0,0.15,highly inconsistent earnings,0.53,,1.37,,36.05,2.16,53.73,0.0,,0.38,-0.14,0.0,-0.01,2350.0,1239.3,16.9,57.6,5.16,-3.96,0.34,0.5,3,18.0,27.5,6.0,2.0,53.5,WATCH ⭐⭐,Expected ~68% CAGR (2yr) | Profit CAGR 27% | Promoter 54% holding | OPM 26% | Margin compressing ↓ ⚠️ | PEG 1.09 — fair value,Margin compression ↓ | Pattern still forming (not broken out),3-4 years,Medium-High,"yfinance, screener.in",100,136,,2026-06-13,2026-06-01,12,8.7,1,6.0
SPECTRUM,SPECTRUM ELECTRIC IND LTD,Industrials,Electrical Equipment & Parts,2780.0,Small-Cap,MonthlyDoubleBottom,Forming,0.685,7,Sep 7mo | Mid rally 69% | Asymmetry 1%,MonthlyDoubleBottom+MonthlyStage2,Sideways-Above-MA,True,True,Constructive,True,Stage2,4,Uptrend,Uptrend,1438.3,2400.0,1413.0,1342.35,1297.82,3387.0,4043.91,2290.91,135.5,53.5,70.43,,12.9,0.92,37.52,0.0,,,0,none,20.4,16.8,1.4,15.0,0.77,8.45,7.59,30.85,27.63,28.35,76.0,76.52,48.96,95.5,0.15,highly inconsistent earnings,1.02,,1.34,,-82.7,-2.97,72.72,0.0,,4.94,0.28,0.34,0.0,1807.0,1050.0,20.4,37.0,-5.4,82.58,2.6,0.25,5,27.0,17.22,5.0,4.0,53.2,WATCH ⭐⭐,Expected ~54% CAGR (2yr) | Revenue CAGR 28% | Profit CAGR 77% | ROE 20% | ROCE trend rising ↑ | Promoter 73% holding,High D/E 1.0 | High PE 70 | Pattern still forming (not broken out),3-4 years,Medium-High,"yfinance, screener.in",100,92,,2026-06-13,2026-06-01,12,0.0,1,3.0
MRF,MRF Limited,Consumer Cyclical,Auto Parts,52380.0,Large-Cap,MonthlyDoubleBottom,Forming,0.547,40,Sep 40mo | Mid rally 61% | Asymmetry 6%,,Downtrend,False,False,Below-MAs,False,Stage2,3,Uptrend,Uptrend,126730.0,97766.92,58930.66,107720.5,501954.05,496410.45,1079660.78,736165.81,291.7,97.9,21.6,18.32,2.5,0.46,10.27,19.0,-74.22,136777.4,10,hold,12.5,15.7,1.26,16.0,0.26,7.79,6.39,10.65,10.63,14.02,29.8,46.66,13.69,37.1,0.15,highly inconsistent earnings,0.15,,1.65,,2325.5,4.44,27.77,0.04,,17.98,-0.2,12.25,-0.25,163600.0,122000.0,22.5,3.9,-3.12,3.03,0.62,0.16,7,28.0,11.06,13.0,1.0,53.1,WATCH ⭐⭐,Expected ~98% CAGR (2yr) | Profit CAGR 47% | ROCE trend rising ↑ | Low D/E 0.15 | FCF yield 4.4% | Piotroski F=7 (high quality compounder),Earnings due 2026-05-07 | Pattern still forming (not broken out),3-4 years,Medium-High,"yfinance, screener.in",100,287,2026-05-07,2026-06-13,2026-06-01,12,0.0,1,0.0
PYRAMID,Pyramid Technoplast Limited,Consumer Cyclical,Packaging & Containers,598.0,Small-Cap,MonthlyDoubleBottom,Forming,0.926,21,Sep 21mo | Mid rally 94% | Asymmetry 2%,MonthlyDoubleBottom+MonthlyStage2,Uptrend,True,False,Constructive,True,Stage2,3,Uptrend,Uptrend,170.81,258.24,131.8,145.19,787.86,1238.51,1946.94,1238.51,625.1,169.3,20.45,,2.28,0.36,13.57,31.0,,,0,none,10.96,,,8.17,,4.23,6.16,13.8,,,57.2,,,51.6,0.5,insufficient history,0.67,,1.73,,-134.41,-22.47,74.94,0.0,,0.97,0.01,3.26,0.0,190.0,131.8,10.1,29.6,2.87,,1.55,0.17,3,14.0,24.11,12.0,3.0,53.1,WATCH ⭐⭐,Expected ~169% CAGR (2yr) | Profit CAGR 57% | Promoter 75% holding | PEG 0.36 — deeply undervalued | EV/EBITDA 14× below sector (25×) | MonthlyDoubleBottom forming (21mo base),Pattern still forming (not broken out),3-4 years,Medium-High,"yfinance, screener.in",70,34,,2026-06-13,2026-06-01,12,0.0,1,0.0
PHOENIXLTD,The Phoenix Mills Limited,Real Estate,Real Estate - Diversified,62626.0,Large-Cap,MonthlyDoubleBottom,Forming,1.0,19,Sep 19mo | Mid rally 106% | Asymmetry 5%,MonthlyCupHandle+MonthlyDoubleBottom,Uptrend,True,False,Tight-Above-MAs,True,Stage2,3,Uptrend,Uptrend,1721.8,485.27,230.52,1463.53,906.57,1357.34,938.58,922.44,,,50.0,33.89,5.7,28.57,26.71,14.0,27.72,2009.7,20,none,11.6,12.8,1.86,60.0,2.23,27.67,6.41,16.18,19.13,33.58,19.13,1.75,100.54,50.0,0.15,highly inconsistent earnings,0.37,,0.87,,1810.56,2.89,47.25,0.0,,32.97,-0.88,16.14,0.88,1993.0,1402.5,13.6,22.8,18.15,98.83,0.33,0.29,6,19.0,28.0,2.0,4.0,53.0,WATCH ⭐⭐,Revenue CAGR 19% | ROCE trend rising ↑ | OPM 60% | Piotroski F=6 (above average quality) | DII buying +0.9% ↑ | Dividend growing 28%/yr,High PE 50 | Earnings due 2026-07-23 | Pattern still forming (not broken out),3-4 years,Medium-High,"yfinance, screener.in",100,230,2026-07-23,2026-06-13,2026-06-01,12,0.0,1,0.0
RBZJEWEL,RBZ Jewellers Limited,Consumer Cyclical,Luxury Goods,531.0,Small-Cap,MonthlyDoubleBottom,Forming,1.0,10,Sep 10mo | Mid rally 107% | Asymmetry 6%,,Downtrend,False,False,Below-MAs,False,Stage2,3,Uptrend,Uptrend,123.52,251.68,118.15,112.24,924.69,1261.28,1720.38,1261.28,921.1,219.5,9.69,,1.96,0.27,7.59,,,,0,none,20.11,,,10.43,,8.61,13.06,38.0,,,36.4,,,36.3,0.5,insufficient history,0.57,,2.99,,-61.32,-11.55,75.0,0.0,,0.0,0.0,0.07,0.01,179.0,100.0,31.0,23.5,-4.93,,0.49,0.16,3,25.0,15.0,13.0,0.0,53.0,WATCH ⭐⭐,Expected ~220% CAGR (2yr) | Revenue CAGR 38% | Profit CAGR 36% | ROE 20% | Promoter 75% holding | PEG 0.27 — deeply undervalued,Pattern still forming (not broken out),3-4 years,Medium-High,"yfinance, screener.in",70,30,,2026-06-13,2026-06-01,12,0.0,1,0.0
RISHABH,Rishabh Instruments Limited,Technology,Scientific & Technical Instruments,1979.0,Small-Cap,MonthlyStage2,Breaking Out,1.0,24,10-EMA=417 | 30-EMA=404 | Above by 31.0% | MA turning=Yes,,Uptrend,True,True,Uptrend,True,Downtrend,0,Uptrend,Uptrend,529.2,403.96,209.95,449.82,861.77,1016.28,1198.5,1016.28,92.0,38.6,24.33,16.27,2.65,1.36,14.67,0.0,,630.0,1,none,12.0,14.5,-0.69,16.0,-0.71,10.52,6.01,7.64,10.78,14.72,290.48,17.93,17.9,207.7,0.15,highly inconsistent earnings,0.11,,3.02,,-33.72,-1.7,69.55,-0.12,,0.1,-0.14,11.72,-0.85,566.0,272.3,6.5,94.3,87.26,,1.75,1.14,4,11.0,27.0,7.0,8.0,53.0,WATCH ⭐⭐,Expected ~39% CAGR (2yr) | Low D/E 0.11 | Promoter 70% holding | Margin compressing ↓ ⚠️ | PEG 1.36 — fair value | EV/EBITDA 15× vs sector 20×,Margin compression ↓,3-4 years,Medium-High,"yfinance, screener.in",100,33,,2026-06-13,2026-06-01,12,0.0,1,0.0
ESCORTS,Escorts Kubota Limited,Industrials,Farm & Heavy Construction Machinery,30604.0,Large-Cap,MonthlyDoubleBottom,Forming,0.875,14,Sep 14mo | Mid rally 88% | Asymmetry 0%,,Downtrend,False,False,Below-MAs,False,Stage2,4,Uptrend,Uptrend,2761.4,976.3,520.15,2347.19,6893.25,7819.43,16663.76,10717.63,183.2,68.3,22.42,19.11,2.47,0.4,15.91,165.0,37.0,3472.12,17,hold,11.9,15.7,-1.8,13.0,-0.51,20.75,5.37,12.65,11.04,10.47,89.25,55.48,22.38,0.7,0.15,highly inconsistent earnings,0.01,,3.26,,1400.26,4.58,68.04,0.0,,5.71,0.46,11.66,-0.54,4180.0,2700.0,33.9,2.3,-12.31,-8.86,0.46,0.32,5,25.0,14.0,14.0,0.0,53.0,WATCH ⭐⭐,Expected ~68% CAGR (2yr) | Profit CAGR 55% | Nearly debt-free | Promoter 68% holding | Margin compressing ↓ ⚠️ | FCF yield 4.6%,Margin compression ↓ | Earnings due 2026-08-03 | Pattern still forming (not broken out),3-4 years,Medium-High,"yfinance, screener.in",100,366,2026-08-03,2026-06-13,2026-06-01,12,-4.5,1,2.0
AXISCADES,AXISCADES Technologies Limited,Industrials,Engineering & Construction,7809.0,Small-Cap,MonthlyDoubleBottom,Breakout Ready,1.0,7,Sep 7mo | Mid rally 108% | Asymmetry 0%,,Uptrend,True,False,Uptrend,True,Stage2,4,Uptrend,Uptrend,1947.6,129.0,62.0,1655.46,943.57,1380.35,2019.31,1380.35,,,108.7,,10.75,2.35,46.01,0.0,,,0,none,11.5,15.3,0.17,15.0,0.49,6.21,6.42,12.42,12.13,17.21,-4.0,46.29,36.85,-98.6,0.2,multiple loss years in history,0.53,,1.53,,-152.07,-1.95,58.05,0.0,,1.16,-0.29,1.63,0.69,2211.0,1063.3,11.9,83.2,51.57,280.0,1.28,0.26,5,19.0,28.0,-1.0,7.0,53.0,WATCH ⭐⭐,Profit CAGR 46% | ROCE trend rising ↑ | Promoter 58% holding | Piotroski F=5 (above average quality) | DII buying +0.7% ↑ | MonthlyDoubleBottom — Breakout Ready,High PE 109,3-4 years,Medium-High,"yfinance, screener.in",100,288,,2026-06-13,2026-06-01,12,-4.7,1,5.0
3MINDIA,3M India Limited,Industrials,Conglomerates,36043.0,Large-Cap,MonthlyCupHandle,Forming,0.911,21,Cup 21mo | Depth 21% | Prior gain 23% | R²=0.97,MonthlyCupHandle+MonthlyDoubleBottom+MonthlyStage2,Downtrend,False,False,Below-MAs,False,Stage2,4,Uptrend,Uptrend,31550.0,37436.67,29755.96,28268.16,21569.7,45117.38,36998.8,28249.83,43.0,19.6,68.97,42.47,20.48,2.23,36.08,50.0,-14.3,36726.0,1,buy,30.5,40.5,0.09,19.0,1.34,10.26,18.76,-0.07,7.86,6.98,4.8,30.97,13.67,203.1,0.15,highly inconsistent earnings,0.1,,2.18,,459.29,1.27,75.0,0.0,,3.52,0.02,8.34,-0.05,38030.0,28275.0,17.0,11.6,8.97,-6.27,0.16,0.27,6,37.0,14.93,-1.0,2.0,52.9,WATCH ⭐⭐,Expected ~20% CAGR (2yr) | Profit CAGR 31% | ROE 30% | ROCE 40% | ROCE trend rising ↑ | Nearly debt-free,High PE 69 | Pattern still forming (not broken out),3-4 years,Medium-High,"yfinance, screener.in",100,288,,2026-06-13,2026-06-01,12,-0.8,1,-7.2
PRICOLLTD,Pricol Limited,Consumer Cyclical,Auto Parts,6842.0,Small-Cap,MonthlyCupHandle,Forming,0.699,17,Cup 17mo | Depth 32% | Prior gain 32% | R²=0.88,MonthlyCupHandle+MonthlyDoubleBottom,Downtrend,False,False,Below-MAs,False,Stage2,3,Uptrend,Uptrend,544.75,687.67,468.79,463.04,1209.65,1526.1,1925.33,1526.1,180.1,67.4,27.32,18.84,5.46,1.04,15.14,71.0,60.0,725.0,1,none,22.1,25.9,2.34,12.0,-0.11,6.21,9.87,50.11,27.3,23.39,50.3,26.16,42.98,109.5,0.15,highly inconsistent earnings,0.3,,1.21,,-194.07,-2.84,38.51,0.0,,15.61,-1.31,12.44,0.15,694.2,415.1,21.5,31.2,26.97,115.66,2.15,-0.12,4,28.0,11.89,8.0,5.0,52.9,WATCH ⭐⭐,Expected ~67% CAGR (2yr) | Revenue CAGR 27% | Profit CAGR 26% | ROE 22% | ROCE 26% | ROCE trend rising ↑,Pattern still forming (not broken out),3-4 years,Medium-High,"yfinance, screener.in",100,287,,2026-06-13,2026-06-01,12,0.0,1,-2.0
STARHEALTH,Star Health and Allied Insurance Company Limited,Financial Services,Insurance - Life,30950.0,Large-Cap,MonthlyDoubleBottom,Forming,0.657,20,Sep 20mo | Mid rally 69% | Asymmetry 3%,MonthlyDoubleBottom+MonthlyStage2,Uptrend,True,False,Uptrend,True,Stage2,12,Uptrend,Uptrend,517.1,780.0,454.8,439.54,38006.19,4310134.36,1357619153.99,7183170.13,833420.5,9029.7,55.54,24.21,4.07,0.0,,,,580.7,23,buy,,,,3.25,,3.12,,13.8,,,18800.0,,,21731.4,0.5,insufficient history,,,,,,,57.98,0.0,,15.06,0.99,20.31,-0.65,586.25,412.6,11.8,25.3,30.05,-34.34,0.24,0.22,1,14.0,21.88,9.0,8.0,52.9,WATCH ⭐⭐,Expected ~9030% CAGR (2yr) | Profit CAGR 18800% | Promoter 58% holding | FII buying +1.0% ↑ | PEG 0.00 — deeply undervalued | MonthlyDoubleBottom forming (20mo base),High PE 56 | Earnings due 2026-07-28 | Pattern still forming (not broken out),3-4 years,Medium-High,"yfinance, screener.in",40,54,2026-07-28,2026-06-13,2026-06-01,12,0.0,1,2.0
GPPL,Gujarat Pipavav Port Limited,Industrials,Marine Shipping,7532.0,Small-Cap,MonthlyDoubleBottom,Forming,0.689,35,Sep 35mo | Mid rally 76% | Asymmetry 7%,MonthlyDoubleBottom+MonthlyStage2,Downtrend,False,False,Below-MAs,False,Stage2,4,Uptrend,Uptrend,153.88,96.94,53.14,130.8,422.76,368.52,589.25,499.11,139.5,54.8,14.62,13.5,3.14,0.81,9.88,642.0,23.47,172.62,8,hold,21.2,28.0,2.71,61.0,0.77,44.47,12.22,17.21,8.09,9.58,29.72,18.06,18.33,26.6,0.15,highly inconsistent earnings,0.01,,2.54,,-52.68,-0.7,44.01,0.0,,22.14,1.1,14.96,0.03,200.09,141.55,23.1,8.7,7.66,23.78,0.36,0.43,5,27.0,12.77,11.0,2.0,52.8,WATCH ⭐⭐,Expected ~55% CAGR (2yr) | ROE 21% | ROCE 28% | ROCE trend rising ↑ | Nearly debt-free | OPM 61%,Pattern still forming (not broken out),3-4 years,Medium-High,"yfinance, screener.in",100,190,,2026-06-13,2026-06-01,12,1.1,1,-3.0
SILVERTUC,Silver Touch Technologies Limited,Technology,Information Technology Services,2268.0,Small-Cap,MonthlyDoubleBottom,Forming,0.354,13,Sep 13mo | Mid rally 37% | Asymmetry 2%,,Sideways,False,False,Below-MAs,True,Downtrend,0,Uptrend,Uptrend,146.05,844.59,609.96,579.46,119.02,1079.22,279.56,182.41,638.9,171.8,63.19,,15.63,1.19,38.84,3.0,-20.63,,0,none,23.6,28.9,4.77,18.0,2.6,10.45,11.89,20.14,28.26,17.88,63.64,53.26,104.77,43.4,0.15,highly inconsistent earnings,0.2,,1.95,,7.3,0.32,74.62,0.01,,1.14,0.39,0.0,-0.04,1117.45,100.5,86.9,45.3,-73.29,242.78,0.59,0.47,7,40.0,9.75,3.0,0.0,52.8,WATCH ⭐⭐,Expected ~172% CAGR (2yr) | Revenue CAGR 28% | Profit CAGR 53% | ROE 24% | ROCE 29% | ROCE trend rising ↑,High PE 63 | Pattern still forming (not broken out),3-4 years,Medium-High,"yfinance, screener.in",100,102,,2026-06-13,2026-06-01,12,0.0,1,0.0
GLAXO,GlaxoSmithKline Pharmaceuticals Limited,Healthcare,Drug Manufacturers - General,36661.0,Large-Cap,MonthlyDoubleBottom,Forming,0.802,23,Sep 23mo | Mid rally 82% | Asymmetry 2%,,Downtrend,False,False,Below-MAs,False,Stage2,5,Uptrend,Uptrend,2121.5,1511.0,822.17,1803.27,3137.8,3432.81,4461.38,3741.51,61.8,27.2,35.97,28.01,16.17,1.87,25.91,263.0,21.22,2969.75,4,none,48.4,65.1,6.51,34.0,2.71,27.11,18.42,1.95,5.53,5.49,11.64,19.24,23.68,5.7,0.15,highly inconsistent earnings,0.01,,2.03,,739.17,2.02,75.0,0.0,,4.62,-0.01,7.68,-0.02,3515.7,2154.0,39.7,-1.5,-28.29,36.99,0.81,0.05,6,34.0,13.62,5.0,0.0,52.6,WATCH ⭐⭐,Expected ~27% CAGR (2yr) | ROE 48% | ROCE 65% | ROCE trend rising ↑ | Nearly debt-free | Promoter 75% holding,Pattern still forming (not broken out),3-4 years,Medium-High,"yfinance, screener.in",100,288,,2026-06-13,2026-06-01,12,-11.2,1,1.0
ADFFOODS,ADF Foods Limited,Consumer Defensive,Packaged Foods,3107.0,Small-Cap,MonthlyStage2,Stage Change,1.0,24,10-EMA=235 | 30-EMA=224 | Above by 26.4% | MA turning=Yes,MonthlyDoubleBottom+MonthlyStage2,Uptrend,True,False,Uptrend,True,Stage2,15,Uptrend,Uptrend,283.2,224.01,167.18,240.72,419.02,490.8,574.87,490.8,73.3,31.6,34.49,,5.43,2.01,23.52,42.0,14.47,266.0,1,none,17.8,22.8,-0.66,19.0,0.29,13.16,9.9,15.76,14.92,13.04,30.43,17.13,12.47,57.6,0.15,highly inconsistent earnings,0.1,,3.84,,-30.62,-0.99,36.14,0.0,,11.55,0.24,23.21,0.1,301.65,153.1,6.1,85.0,20.55,13.98,0.63,0.54,5,17.0,26.5,3.0,6.0,52.5,WATCH ⭐⭐,Expected ~32% CAGR (2yr) | ROCE 23% | Nearly debt-free | Piotroski F=5 (above average quality) | Dividend growing 14%/yr | EV/EBITDA 24× vs sector 30×,None identified,3-4 years,Medium-High,"yfinance, screener.in",100,190,,2026-06-13,2026-06-01,12,5.2,1,-1.0
NAZARA,Nazara Technologies Limited,Communication Services,Electronic Gaming & Multimedia,10058.0,Mid-Cap,MonthlyStage2,Stage Change,1.0,24,10-EMA=270 | 30-EMA=250 | Above by 17.8% | MA turning=Yes,MonthlyDoubleBottom+MonthlyStage2,Sideways-Above-MA,True,False,Constructive,True,Downtrend,0,Uptrend,Uptrend,294.95,250.43,217.27,250.71,978.32,765.68,1191.53,1079.67,159.6,61.1,9.98,36.69,2.89,0.96,37.6,0.0,,294.7,10,buy,30.5,27.2,3.11,-2.0,-2.17,5.24,0.34,12.62,18.79,32.14,60.78,10.36,42.41,66971.4,0.15,highly inconsistent earnings,0.06,,2.05,,157.85,1.57,35.45,0.0,,13.3,1.32,2.16,-1.46,363.25,215.7,18.8,36.7,-1.43,40.11,1.27,0.09,6,25.0,21.5,6.0,0.0,52.5,WATCH ⭐⭐,Expected ~61% CAGR (2yr) | Revenue CAGR 19% | ROE 30% | ROCE 27% | ROCE trend rising ↑ | Nearly debt-free,Margin compression ↓,3-4 years,Medium-High,"yfinance, screener.in",100,63,,2026-06-13,2026-06-01,12,0.0,1,-1.0
VADILALIND,Vadilal Industries Limited,Consumer Defensive,Packaged Foods,4155.0,Small-Cap,MonthlyDoubleBottom,Forming,1.0,32,Sep 32mo | Mid rally 199% | Asymmetry 2%,,Sideways,False,False,Constructive,True,Stage2,15,Uptrend,Uptrend,4250.8,1161.36,384.57,3613.18,8119.85,9525.4,11174.25,9525.4,124.1,49.7,26.81,,5.29,1.55,17.39,36.0,156.12,,0,none,20.1,22.2,2.69,17.0,1.83,10.32,10.55,21.41,12.42,26.55,3.33,17.31,98.73,149.4,0.15,highly inconsistent earnings,0.27,,3.0,,-33.59,-0.81,64.72,0.0,,0.58,0.02,0.42,0.0,6090.0,3996.0,30.2,6.4,-15.28,26.6,0.4,0.11,6,24.0,20.5,6.0,2.0,52.5,WATCH ⭐⭐,Expected ~50% CAGR (2yr) | ROE 20% | ROCE 22% | ROCE trend rising ↑ | Low D/E 0.27 | Promoter 65% holding,Pattern still forming (not broken out),3-4 years,Medium-High,"yfinance, screener.in",100,180,,2026-06-13,2026-06-01,12,0.0,1,-1.0
INDIAGLYCO,India Glycols Limited,Basic Materials,Chemicals,6558.0,Small-Cap,MonthlyDoubleBottom,Forming,1.0,41,Sep 41mo | Mid rally 459% | Asymmetry 8%,,Uptrend,True,False,Uptrend,True,Stage2,1,Uptrend,Uptrend,998.2,216.52,37.22,848.47,1293.03,1650.04,2105.61,1650.04,65.3,28.6,21.28,,2.24,0.77,12.63,128.0,25.99,,0,none,11.3,12.4,0.63,15.0,0.74,6.95,4.86,11.76,16.68,12.69,26.84,27.61,17.29,35.7,0.15,highly inconsistent earnings,0.58,,0.74,,-315.34,-4.81,59.63,0.0,,2.27,-0.15,5.19,-0.03,1222.0,792.5,18.3,26.0,5.88,213.67,0.49,0.25,5,18.0,26.5,6.0,2.0,52.5,WATCH ⭐⭐,Expected ~29% CAGR (2yr) | Revenue CAGR 17% | Profit CAGR 28% | ROCE trend rising ↑ | Promoter 60% holding | Piotroski F=5 (above average quality),Pattern still forming (not broken out),3-4 years,Medium-High,"yfinance, screener.in",100,286,,2026-06-13,2026-06-01,12,0.0,1,0.0
NESCO,Nesco Limited,Industrials,Conglomerates,7839.0,Small-Cap,MonthlyStage2,Stage Change,1.0,24,10-EMA=1182 | 30-EMA=1046 | Above by 20.3% | MA turning=Yes,MonthlyDoubleBottom+MonthlyStage2,Sideways-Above-MA,True,False,Constructive,True,Stage2,4,Uptrend,Uptrend,1258.6,1045.86,865.55,1069.81,2324.73,2612.53,2935.97,2612.53,107.6,44.1,18.98,16.31,2.62,1.53,13.7,63.0,29.4,1316.0,1,buy,14.7,18.3,0.8,53.0,-2.11,40.01,10.08,27.32,19.51,26.21,10.13,12.38,19.15,5.0,0.15,highly inconsistent earnings,0.09,,0.83,,68.46,0.87,68.54,0.0,,4.63,-0.02,3.84,0.06,1638.9,916.2,23.2,37.4,16.34,80.31,0.36,0.49,5,23.0,22.5,5.0,2.0,52.5,WATCH ⭐⭐,Expected ~44% CAGR (2yr) | Revenue CAGR 20% | ROCE trend rising ↑ | Nearly debt-free | Promoter 69% holding | OPM 53%,Margin compression ↓,3-4 years,Medium-High,"yfinance, screener.in",100,218,,2026-06-13,2026-06-01,12,0.0,1,0.0
SHARDACROP,Sharda Cropchem Limited,Basic Materials,Agricultural Inputs,8054.0,Mid-Cap,MonthlyDoubleBottom,Breakout Ready,0.712,20,Sep 20mo | Mid rally 74% | Asymmetry 3%,,Downtrend,False,False,Below-MAs,False,Stage2,1,Uptrend,Uptrend,916.3,515.05,292.69,778.85,2104.0,2093.09,3330.24,2647.04,128.4,51.1,11.83,10.85,2.57,0.46,7.19,134.0,0.0,1262.17,6,none,24.2,30.4,-0.06,20.0,-0.46,12.93,8.51,21.94,9.2,17.07,124.01,25.81,24.35,56.5,0.15,highly inconsistent earnings,,,1.86,,-142.3,-1.77,74.82,0.0,,4.6,0.4,9.7,-0.25,1297.0,755.55,29.4,21.3,21.9,47.56,1.27,0.56,3,19.0,15.54,14.0,4.0,52.5,WATCH ⭐⭐,Expected ~51% CAGR (2yr) | Profit CAGR 26% | ROE 24% | ROCE 30% | Promoter 75% holding | PEG 0.46 — deeply undervalued,None identified,3-4 years,Medium-High,"yfinance, screener.in",90,141,,2026-06-13,2026-06-01,12,0.0,1,0.0
DLINKINDIA,D-Link (India) Limited,Technology,Communication Equipment,1695.0,Small-Cap,MonthlyStage2,Stage Change,1.0,24,10-EMA=450 | 30-EMA=416 | Above by 20.7% | MA turning=Yes,MonthlyDoubleBottom+MonthlyStage2,Uptrend,True,False,Uptrend,True,Downtrend,0,Uptrend,Uptrend,501.65,415.6,352.15,426.4,927.75,988.42,1053.07,988.42,97.0,40.4,16.29,,3.36,2.49,12.0,859.0,91.29,,0,none,21.2,28.3,2.37,8.0,0.54,6.65,10.0,13.15,9.86,16.59,0.5,6.54,27.39,0.7,0.15,highly inconsistent earnings,0.03,,2.56,,-0.62,-0.04,51.02,0.0,,1.26,0.13,0.01,0.0,589.55,367.65,14.9,36.4,6.37,65.73,0.75,0.26,5,21.0,25.5,4.0,2.0,52.5,WATCH ⭐⭐,Expected ~40% CAGR (2yr) | ROE 21% | ROCE 28% | ROCE trend rising ↑ | Nearly debt-free | Promoter 51% holding,None identified,3-4 years,Medium-High,"yfinance, screener.in",100,199,,2026-06-13,2026-06-01,12,8.0,1,0.3
GRSE,Garden Reach Shipbuilders & Engineers Limited,Industrials,Aerospace & Defense,30456.0,Large-Cap,MonthlyCupHandle,Forming,0.695,23,Cup 23mo | Depth 47% | Prior gain 124% | R²=0.96,,Sideways-Above-MA,True,False,Constructive,False,Stage2,4,Uptrend,Uptrend,2648.7,3226.54,1708.53,2251.39,2676.64,4744.55,4128.89,3324.39,79.1,33.8,44.25,31.65,11.6,1.83,34.08,101.0,4.87,3075.2,5,buy,31.79,,,16.15,,10.68,4.45,29.1,,,24.2,,,24.1,0.5,insufficient history,0.01,,1.23,,-291.49,-0.96,74.5,0.0,,3.51,0.55,1.69,0.05,3538.4,1963.7,25.1,34.9,6.75,317.52,0.23,0.67,2,29.0,18.34,3.0,2.0,52.3,WATCH ⭐⭐,Expected ~34% CAGR (2yr) | Revenue CAGR 29% | Profit CAGR 24% | ROE 32% | Nearly debt-free | Promoter 74% holding,Pattern still forming (not broken out),3-4 years,Medium-High,"yfinance, screener.in",70,93,,2026-06-13,2026-06-01,12,-0.4,1,-2.1
INDIAMART,IndiaMART InterMESH Limited,Communication Services,Internet Content & Information,12030.0,Mid-Cap,MonthlyDoubleBottom,Forming,0.735,33,Sep 33mo | Mid rally 78% | Asymmetry 5%,,Downtrend,False,False,Below-MAs,False,Downtrend,0,Uptrend,Uptrend,1982.6,3241.48,1779.33,1690.36,2781.8,4703.63,3919.48,3302.0,137.2,54.0,25.38,19.4,5.01,1.36,17.14,150.0,268.4,2332.11,18,none,20.7,28.0,-0.4,30.0,-3.11,30.25,7.16,13.04,16.79,18.55,-13.79,18.7,11.15,-72.2,0.15,highly inconsistent earnings,0.01,,2.34,,503.42,4.18,49.12,0.0,,19.17,0.89,13.54,-2.87,2799.0,1911.0,29.2,3.7,-14.37,-50.22,0.5,0.23,5,32.0,12.32,8.0,0.0,52.3,WATCH ⭐⭐,Expected ~54% CAGR (2yr) | Revenue CAGR 17% | ROE 21% | ROCE 28% | Nearly debt-free | OPM 30%,Margin compression ↓ | Earnings due 2026-07-17 | Pattern still forming (not broken out),3-4 years,Medium-High,"yfinance, screener.in",100,83,2026-07-17,2026-06-13,2026-06-01,12,0.0,1,0.0
BAJAJHLDNG,Bajaj Holdings & Investment Limited,Financial Services,Asset Management,113508.0,Large-Cap,MonthlyDoubleBottom,Forming,0.639,12,Sep 12mo | Mid rally 65% | Asymmetry 1%,,Downtrend,False,False,Below-MAs,False,Stage2,12,Uptrend,Uptrend,10161.0,2162.88,1309.36,8636.85,23394.68,29372.02,36876.57,29372.02,189.1,70.0,11.78,,1.55,0.46,127.64,157.0,-11.68,,0,none,12.0,11.0,0.31,85.0,1.69,857.46,0.72,44.79,27.03,18.55,47.74,25.55,21.79,49.2,0.15,highly inconsistent earnings,0.0,,3.45,,1610.17,1.42,51.46,0.0,,9.62,-0.64,8.08,0.77,14763.0,8588.0,31.2,18.3,-22.24,19.3,0.33,0.13,7,34.0,11.17,7.0,0.0,52.2,WATCH ⭐⭐,Expected ~70% CAGR (2yr) | Revenue CAGR 27% | Profit CAGR 26% | ROCE trend rising ↑ | Nearly debt-free | Promoter 51% holding,Earnings due 2026-08-05 | Pattern still forming (not broken out),3-4 years,Medium-High,"yfinance, screener.in",100,287,2026-08-05,2026-06-13,2026-06-01,12,-1.5,1,-3.0
TCS,Tata Consultancy Services Limited,Technology,Information Technology Services,795581.0,Large-Cap,MonthlyDoubleBottom,Forming,0.538,30,Sep 30mo | Mid rally 54% | Asymmetry 1%,,Downtrend,False,False,Below-MAs,False,Downtrend,0,Uptrend,Uptrend,2327.1,4348.04,2804.96,2664.71,4198.58,5891.12,4658.96,4422.78,153.2,59.1,16.16,13.29,7.01,3.03,10.86,564.0,-9.06,2939.58,43,buy,51.8,63.0,3.09,27.0,-0.29,18.43,24.44,4.58,5.8,10.22,1.35,5.34,8.72,12.2,0.4,lumpy earner,0.1,,2.23,,37059.75,4.66,71.77,0.0,,9.66,-0.71,13.34,0.53,3538.0,2192.0,34.2,6.2,-22.74,-46.09,0.83,0.23,5,35.0,9.96,7.0,0.0,52.0,WATCH ⭐⭐,Expected ~59% CAGR (2yr) | ROE 52% | ROCE 63% | ROCE trend rising ↑ | Low D/E 0.10 | Promoter 72% holding,Earnings due 2026-07-09 | Pattern still forming (not broken out),3-4 years,Medium-High,"yfinance, screener.in",100,286,2026-07-09,2026-06-13,2026-06-01,12,0.0,1,0.0
THERMAX,Thermax Limited,Industrials,Conglomerates,54433.0,Large-Cap,MonthlyStage2,Breaking Out,1.0,24,10-EMA=3575 | 30-EMA=3451 | Above by 28.0% | MA turning=Yes,MonthlyDoubleBottom+MonthlyStage2,Uptrend,True,False,Uptrend,True,Stage2,4,Uptrend,Uptrend,4416.6,3451.42,2878.0,3754.11,2277.93,4024.84,3111.34,2662.22,,,75.76,50.06,9.81,4.49,52.97,29.0,15.87,4384.82,22,none,12.9,14.9,1.11,10.0,0.66,6.74,4.04,2.94,9.75,17.42,14.83,16.87,28.31,18.7,0.4,lumpy earner,0.42,,1.22,,-311.12,-0.57,61.99,0.0,,11.25,-1.11,15.49,0.65,5075.0,2742.7,13.0,61.0,37.41,72.87,1.88,0.3,4,15.0,28.0,-1.0,10.0,52.0,WATCH ⭐⭐,ROCE trend rising ↑ | Promoter 62% holding | DII buying +0.7% ↑ | Dividend growing 16%/yr | MonthlyStage2 — Breaking Out | Weekly uptrend,High PE 76 | Earnings due 2026-07-30,3-4 years,Medium-High,"yfinance, screener.in",100,287,2026-07-30,2026-06-13,2026-06-01,12,0.0,1,0.0
ZFCVINDIA,ZF Commercial Vehicle Control Systems India Limited,Consumer Cyclical,Auto Parts,27368.0,Mid-Cap,MonthlyDoubleBottom,Forming,0.788,47,Sep 47mo | Mid rally 79% | Asymmetry 0%,MonthlyDoubleBottom+MonthlyStage2,Uptrend,True,False,Tight-Above-MAs,True,Stage2,3,Uptrend,Uptrend,14325.0,8444.59,4718.94,12176.25,13942.94,17120.2,19279.47,16395.5,19.5,9.3,52.91,35.45,7.42,3.01,,3.0,16.55,18207.25,4,none,15.2,20.3,0.2,16.0,1.4,12.55,7.96,7.52,6.15,,12.15,17.59,,46.1,0.15,highly inconsistent earnings,,,5.3,,564.08,2.06,60.0,0.0,,5.79,0.42,26.21,-0.47,16665.0,12302.0,14.0,16.4,14.84,-4.51,0.64,-0.06,6,19.0,25.96,3.0,4.0,52.0,WATCH ⭐⭐,Expected ~9% CAGR (2yr) | ROCE 20% | ROCE trend rising ↑ | Promoter 60% holding | Piotroski F=6 (above average quality) | Dividend growing 17%/yr,High PE 53 | Pattern still forming (not broken out),3-4 years,Medium-High,"yfinance, screener.in",90,286,,2026-06-13,2026-06-01,12,0.0,1,0.0
DOMS,DOMS Industries Limited,Industrials,Business Equipment & Supplies,12703.0,Mid-Cap,MonthlyDoubleBottom,Forming,0.456,14,Sep 14mo | Mid rally 49% | Asymmetry 3%,MonthlyDoubleBottom+MonthlyStage2,Sideways,False,False,Below-MAs,True,Stage2,4,Uptrend,Uptrend,2291.0,3060.88,2023.9,1947.35,1979.28,4097.86,3478.55,2623.93,78.9,33.7,55.24,37.87,10.41,1.7,31.95,15.0,26.0,2791.82,11,none,20.7,24.3,4.94,17.0,2.2,9.89,12.16,21.59,24.27,41.99,12.15,32.57,44.57,17.1,0.15,highly inconsistent earnings,0.11,,2.17,,-86.9,-0.68,70.38,0.0,,7.62,-0.76,19.14,0.86,2770.0,2023.9,17.3,13.2,2.54,,0.7,-0.31,6,35.0,11.97,3.0,2.0,52.0,WATCH ⭐⭐,Expected ~34% CAGR (2yr) | Revenue CAGR 24% | Profit CAGR 33% | ROE 21% | ROCE 24% | ROCE trend rising ↑,High PE 55 | Pattern still forming (not broken out),3-4 years,Medium-High,"yfinance, screener.in",100,31,,2026-06-13,2026-06-01,12,-1.7,1,3.0
ALKEM,Alkem Laboratories Limited,Healthcare,Drug Manufacturers - Specialty & Generic,62790.0,Large-Cap,MonthlyDoubleBottom,Forming,0.452,24,Sep 24mo | Mid rally 52% | Asymmetry 7%,,Downtrend,False,False,Below-MAs,False,Stage2,5,Uptrend,Uptrend,5298.0,2269.93,1443.69,4503.3,13240.04,12921.12,23300.71,17564.23,143.9,56.2,27.25,22.94,4.54,0.83,20.1,101.0,-4.9,5956.45,20,buy,18.9,21.2,0.2,20.0,-0.17,15.65,8.5,13.47,8.25,10.66,6.14,32.66,7.76,-22.7,0.15,highly inconsistent earnings,0.14,,2.55,,1374.31,2.19,51.2,0.0,,10.15,0.18,21.39,-0.15,5933.5,4716.2,10.7,12.3,10.95,17.27,0.56,0.27,5,29.0,9.92,9.0,4.0,51.9,WATCH ⭐⭐,Expected ~56% CAGR (2yr) | Profit CAGR 33% | ROCE 21% | ROCE trend rising ↑ | Low D/E 0.14 | Promoter 51% holding,Earnings due 2026-08-12 | Pattern still forming (not broken out),3-4 years,Medium-High,"yfinance, screener.in",100,127,2026-08-12,2026-06-13,2026-06-01,12,-3.1,1,-5.0
SIGMA,Sigma Solve Limited,Technology,Information Technology Services,413.0,Micro-Cap,MonthlyDoubleBottom,Forming,0.616,13,Sep 13mo | Mid rally 71% | Asymmetry 9%,,Downtrend,False,False,Below-MAs,False,Downtrend,0,Uptrend,Uptrend,41.12,307.38,171.56,162.98,78.49,443.2,95.08,86.39,977.8,228.3,17.31,,6.62,1.72,14.38,12.0,35.72,,0,none,37.8,48.3,0.66,30.0,-1.14,24.97,22.7,26.32,19.68,35.52,26.32,10.06,36.85,-21.4,0.15,highly inconsistent earnings,0.03,,5.24,,17.02,4.12,73.21,-0.01,,0.0,-0.03,,,65.5,35.46,37.2,16.0,17.49,-111.24,0.17,0.1,6,35.0,9.89,5.0,2.0,51.9,WATCH ⭐⭐,Expected ~228% CAGR (2yr) | Revenue CAGR 20% | ROE 38% | ROCE 48% | ROCE trend rising ↑ | Nearly debt-free,Margin compression ↓ | Pattern still forming (not broken out),3-4 years,Medium-High,"yfinance, screener.in",100,67,,2026-06-13,2026-06-01,12,0.0,1,0.0
VSSL,Vardhman Special Steels Limited,Basic Materials,Steel,2663.0,Small-Cap,MonthlyStage2,Stage Change,0.946,24,10-EMA=263 | 30-EMA=245 | Above by 14.2% | MA turning=Yes,MonthlyDoubleBottom+MonthlyStage2,Sideways-Above-MA,True,False,Constructive,True,Stage2,1,Uptrend,Uptrend,279.7,244.95,197.72,237.74,420.2,612.65,893.25,612.65,119.0,48.0,20.96,12.35,2.18,0.46,12.16,109.0,19.68,,0,none,12.1,16.5,,8.0,-1.0,6.96,7.94,6.2,,,1.09,,,72.2,0.5,insufficient history,0.07,,2.9,,-167.91,-6.3,51.06,-0.04,,0.55,0.01,3.34,0.04,324.0,206.4,13.7,35.5,15.65,29.78,0.31,0.42,3,18.0,21.85,8.0,4.0,51.8,WATCH ⭐⭐,Expected ~48% CAGR (2yr) | Profit CAGR 46% | Nearly debt-free | Promoter 51% holding | Margin compressing ↓ ⚠️ | Dividend growing 20%/yr,Margin compression ↓,3-4 years,Medium-High,"yfinance, screener.in",80,169,,2026-06-13,2026-06-01,12,0.0,1,1.0
ADVENZYMES,Advanced Enzyme Technologies Limited,Basic Materials,Specialty Chemicals,4110.0,Small-Cap,MonthlyDoubleBottom,Forming,1.0,37,Sep 37mo | Mid rally 124% | Asymmetry 3%,MonthlyDoubleBottom+MonthlyStage2,Uptrend,True,False,Uptrend,True,Stage2,1,Uptrend,Uptrend,368.95,561.16,246.81,313.61,387.9,875.51,546.63,460.48,137.3,54.0,24.39,19.95,2.52,1.3,13.22,142.0,73.25,370.0,1,none,10.5,13.9,-1.31,31.0,-2.63,21.61,8.09,17.11,11.3,8.24,29.85,18.71,2.88,62.2,0.15,highly inconsistent earnings,0.02,,9.78,,77.79,1.89,43.26,0.22,,25.5,-0.35,5.41,-0.1,419.0,251.95,11.9,46.4,10.2,-3.51,0.25,,5,17.0,26.5,4.0,4.0,51.5,WATCH ⭐⭐,Expected ~54% CAGR (2yr) | Nearly debt-free | OPM 31% | Margin compressing ↓ ⚠️ | Piotroski F=5 (above average quality) | Dividend growing 73%/yr,Margin compression ↓ | Pattern still forming (not broken out),3-4 years,Medium-High,"yfinance, screener.in",100,119,,2026-06-13,2026-06-01,12,-4.5,1,-5.5
MOTILALOFS,Motilal Oswal Financial Services Limited,Financial Services,Capital Markets,51496.0,Large-Cap,MonthlyDoubleBottom,Forming,1.0,40,Sep 40mo | Mid rally 267% | Asymmetry 2%,MonthlyDoubleBottom+MonthlyStage2,Sideways-Above-MA,True,False,Below-MAs,True,Stage2,12,Uptrend,Uptrend,850.95,1525.03,411.93,723.31,889.73,2638.13,1413.43,1121.41,210.0,76.1,26.04,14.63,3.98,1.0,,129.0,33.89,1103.75,4,none,15.6,12.6,-1.06,41.0,-1.29,23.45,4.83,12.4,30.91,20.92,-25.36,26.04,8.15,,0.15,highly inconsistent earnings,1.64,,5.63,,,,67.54,-0.08,,7.03,0.1,6.02,-0.4,1097.1,614.9,22.4,38.4,6.31,-2.89,0.5,0.21,3,19.0,21.5,9.0,2.0,51.5,WATCH ⭐⭐,Expected ~76% CAGR (2yr) | Revenue CAGR 31% | Profit CAGR 26% | Promoter 68% holding | OPM 41% | Margin compressing ↓ ⚠️,High D/E 1.6 | Margin compression ↓ | Pattern still forming (not broken out),3-4 years,Medium-High,"yfinance, screener.in",90,225,,2026-06-13,2026-06-01,12,0.0,1,2.0
LINCOLN,Lincoln Pharmaceuticals Limited,Healthcare,Drug Manufacturers - Specialty & Generic,1253.0,Small-Cap,MonthlyStage2,Stage Change,1.0,24,10-EMA=592 | 30-EMA=559 | Above by 27.2% | MA turning=Yes,MonthlyCupHandle+MonthlyDoubleBottom+MonthlyStage2,Uptrend,True,True,Tight-Above-MAs,True,Stage2,5,Uptrend,Uptrend,710.35,558.63,456.45,603.8,2025.25,2155.47,2294.07,2155.47,203.4,74.2,14.27,,1.75,2.22,7.75,29.0,6.27,,0,none,12.3,16.3,-1.89,15.0,-1.23,12.48,8.64,7.7,9.58,9.62,7.32,6.43,7.26,0.5,0.15,highly inconsistent earnings,0.01,,5.25,,23.5,1.88,49.78,0.0,,5.2,0.5,1.08,1.07,770.0,440.0,7.7,61.4,33.68,54.55,0.77,,4,12.0,28.5,4.0,7.0,51.5,WATCH ⭐⭐,Expected ~74% CAGR (2yr) | Nearly debt-free | Margin compressing ↓ ⚠️ | DII buying +1.1% ↑ | EV/EBITDA 8× below sector (22×) | MonthlyStage2 forming (24mo base),Margin compression ↓,3-4 years,Medium-High,"yfinance, screener.in",100,126,,2026-06-13,2026-06-01,12,0.0,1,3.0
TITAN,Titan Company Limited,Consumer Cyclical,Luxury Goods,377899.0,Large-Cap,MonthlyDoubleBottom,Breakout Ready,0.906,17,Sep 17mo | Mid rally 92% | Asymmetry 1%,,Sideways-Above-MA,True,False,Constructive,False,Stage2,3,Uptrend,Uptrend,4102.0,1363.41,707.14,3486.7,2726.38,3896.16,3650.93,3154.97,,,74.62,49.76,24.09,4.75,48.44,26.0,13.62,5007.95,37,buy,37.7,25.8,1.63,10.0,-0.03,5.79,9.3,44.87,29.24,32.26,52.02,15.72,39.1,35.4,0.15,highly inconsistent earnings,1.95,,1.28,,-6509.88,-1.72,52.9,0.0,,15.65,0.1,14.84,0.01,4605.0,3303.1,10.9,24.2,19.21,13.17,1.2,0.23,4,23.0,23.37,1.0,4.0,51.4,WATCH ⭐⭐,Revenue CAGR 29% | ROE 38% | ROCE 26% | ROCE trend rising ↑ | Promoter 53% holding | Dividend growing 14%/yr,High D/E 1.9 | High PE 75 | Earnings due 2026-08-06,3-4 years,Medium-High,"yfinance, screener.in",100,365,2026-08-06,2026-06-13,2026-06-01,12,0.0,1,0.0
FIVESTAR,Five-Star Business Finance Limited,Financial Services,Credit Services,12891.0,Mid-Cap,MonthlyDoubleBottom,Forming,0.876,30,Sep 30mo | Mid rally 89% | Asymmetry 1%,,Downtrend,False,False,Below-MAs,False,Stage2,12,Uptrend,Uptrend,439.15,940.49,494.39,469.67,1811.04,2684.1,9073.29,4053.65,511.2,147.2,11.72,8.91,1.74,0.09,,46.0,,629.78,9,strong_buy,16.0,17.0,,60.51,,48.52,7.27,103.48,104.25,,196.23,123.83,,-3.5,0.4,lumpy earner,1.11,,329.68,,,,18.61,0.05,,48.48,-4.47,17.58,2.84,828.0,338.15,47.0,29.9,-21.16,-59.43,0.32,0.68,3,24.0,15.01,12.0,0.0,51.0,WATCH ⭐⭐,Expected ~147% CAGR (2yr) | Revenue CAGR 104% | Profit CAGR 124% | OPM 61% | DII buying +2.8% ↑ | PEG 0.09 — deeply undervalued,High D/E 1.1 | Pattern still forming (not broken out),3-4 years,Medium-High,"yfinance, screener.in",90,44,,2026-06-13,2026-06-01,12,-3.1,1,-2.0
GULFOILLUB,Gulf Oil Lubricants India Limited,Basic Materials,Specialty Chemicals,4486.0,Small-Cap,MonthlyDoubleBottom,Forming,0.335,9,Sep 9mo | Mid rally 35% | Asymmetry 1%,,Downtrend,False,False,Below-MAs,False,Stage2,1,Uptrend,Uptrend,939.35,752.98,553.73,798.45,1869.03,1927.03,2434.96,2133.31,105.1,43.2,12.39,9.0,2.91,0.88,7.65,464.0,-5.65,1617.6,5,strong_buy,24.3,26.2,1.0,13.0,0.2,8.57,9.63,11.7,10.59,,-3.36,14.14,,-2.6,0.15,highly inconsistent earnings,0.36,,1.85,,232.22,5.18,67.01,-0.1,,8.91,-0.31,8.17,0.04,1331.9,865.0,29.5,8.6,-14.48,83.51,0.71,0.62,7,31.0,7.02,13.0,0.0,51.0,WATCH ⭐⭐,Expected ~43% CAGR (2yr) | ROE 24% | ROCE 26% | ROCE trend rising ↑ | Promoter 67% holding | FCF yield 5.2%,Pattern still forming (not broken out),3-4 years,Medium-High,"yfinance, screener.in",100,144,,2026-06-13,2026-06-01,12,3.7,1,-1.0
WINDLAS,Windlas Biotech Limited,Healthcare,Drug Manufacturers - Specialty & Generic,1680.0,Small-Cap,MonthlyAscTriangle,Forming,1.0,3,3 resistance tests | Support rise 238% | Resistance flat 8.2%,MonthlyAscTriangle+MonthlyDoubleBottom+MonthlyStage2,Sideways,False,False,Below-MAs,True,Stage2,5,Uptrend,Uptrend,767.4,1132.84,195.75,652.29,1446.72,2069.93,1924.95,1668.79,169.7,64.2,26.11,,3.2,1.7,14.16,71.0,18.34,,0,none,12.2,15.9,-0.14,12.0,-0.06,7.35,5.55,18.95,20.79,16.13,8.2,15.35,32.77,-1.8,0.15,highly inconsistent earnings,0.06,,1.95,,20.85,1.24,63.31,1.41,,0.99,0.39,10.2,-1.6,1097.9,697.4,30.1,10.0,-5.59,140.0,0.5,0.27,5,27.0,18.0,6.0,0.0,51.0,WATCH ⭐⭐,Expected ~64% CAGR (2yr) | Revenue CAGR 21% | Nearly debt-free | Promoter 63% holding | Promoters buying ↑ | Piotroski F=5 (above average quality),Pattern still forming (not broken out),3-4 years,Medium-High,"yfinance, screener.in",100,58,,2026-06-13,2026-06-01,12,0.0,1,-1.0
DIXON,Dixon Technologies (India) Limited,Technology,Consumer Electronics,69509.0,Large-Cap,None,,0.0,0,,,Sideways,False,False,Below-MAs,True,Downtrend,0,Uptrend,Uptrend,11546.0,,,9814.1,17040.55,23758.03,59029.58,31715.87,105.8,43.4,42.37,44.68,12.73,0.49,32.16,7.0,58.74,11821.27,29,buy,37.4,42.0,3.31,4.0,-0.14,2.94,5.13,25.77,58.85,49.94,33.33,86.12,59.35,-36.0,0.15,highly inconsistent earnings,0.18,,1.06,,912.17,1.31,28.69,-0.14,,18.3,-0.38,28.14,-0.92,18471.0,9600.0,37.5,20.3,-26.79,160.92,,-0.1,5,38.0,5.0,8.0,0.0,51.0,WATCH ⭐⭐,Expected ~43% CAGR (2yr) | Revenue CAGR 59% | Profit CAGR 86% | ROE 37% | ROCE 42% | ROCE trend rising ↑,Earnings due 2026-07-22,3-4 years,Medium-High,"yfinance, screener.in",100,106,2026-07-22,2026-06-13,2026-06-01,12,4.5,1,0.0
DHANUKA,Dhanuka Agritech Limited,Basic Materials,Agricultural Inputs,4940.0,Small-Cap,MonthlyDoubleBottom,Forming,1.0,24,Sep 24mo | Mid rally 117% | Asymmetry 4%,,Downtrend,False,False,Below-MAs,True,Stage2,1,Uptrend,Uptrend,1081.2,1975.0,889.6,919.02,1525.48,3060.4,1928.28,1715.09,183.1,68.2,17.21,14.0,2.94,1.38,11.58,18.0,-47.72,1414.38,8,buy,22.0,28.3,-0.57,20.0,0.66,14.22,10.87,15.69,11.25,12.69,24.27,12.43,16.07,29.5,0.15,highly inconsistent earnings,0.02,,4.09,,112.15,2.27,69.72,0.0,,1.93,-0.21,19.43,0.65,1975.0,889.6,45.3,21.5,-38.71,25.64,0.31,0.29,6,27.0,16.5,7.0,0.0,50.5,WATCH ⭐⭐,Expected ~68% CAGR (2yr) | ROE 22% | ROCE 28% | Nearly debt-free | Promoter 70% holding | Piotroski F=6 (above average quality),Pattern still forming (not broken out),3-4 years,Medium-High,"yfinance, screener.in",100,181,,2026-06-13,2026-06-01,12,-8.5,1,-2.0
RESPONIND,Responsive Industries Limited,Basic Materials,Specialty Chemicals,4817.0,Small-Cap,MonthlyDoubleBottom,Forming,1.0,42,Sep 42mo | Mid rally 183% | Asymmetry 1%,,Sideways-Above-MA,True,True,Constructive,True,Stage2,1,Uptrend,Uptrend,165.42,206.53,72.68,140.61,201.65,369.79,678.13,369.79,123.5,49.5,32.49,,3.08,0.39,20.56,6.0,0.0,,0,none,10.3,10.8,2.2,17.0,1.26,10.65,5.94,-1.69,12.69,13.02,-25.63,83.38,43.88,-57.9,0.15,highly inconsistent earnings,0.12,,6.16,,-50.99,-1.06,59.14,0.0,,32.2,0.97,3.22,-0.06,251.0,117.25,34.1,41.1,-22.45,-21.08,2.03,0.71,6,21.0,22.5,7.0,0.0,50.5,WATCH ⭐⭐,Expected ~50% CAGR (2yr) | Profit CAGR 83% | ROCE trend rising ↑ | Low D/E 0.12 | Promoter 59% holding | Piotroski F=6 (above average quality),Pattern still forming (not broken out),3-4 years,Medium-High,"yfinance, screener.in",100,188,,2026-06-13,2026-06-01,12,0.0,1,-1.0
CEATLTD,CEAT Limited,Consumer Cyclical,Auto Parts,12875.0,Mid-Cap,MonthlyDoubleBottom,Forming,1.0,38,Sep 38mo | Mid rally 166% | Asymmetry 9%,,Downtrend,False,False,Below-MAs,False,Stage2,3,Uptrend,Uptrend,3334.3,1859.94,668.36,2834.16,16932.78,17426.95,41445.7,26491.34,422.7,128.6,18.48,13.79,2.19,0.33,6.99,94.0,115.44,3830.35,17,hold,15.9,18.7,1.8,13.0,0.4,4.45,6.72,18.61,11.48,15.55,47.98,56.45,10.04,145.1,0.15,highly inconsistent earnings,0.65,,0.68,,-44.68,-0.35,47.29,0.08,,16.55,-0.37,20.9,0.42,4438.0,3000.5,24.9,11.1,6.21,18.16,0.31,0.46,5,20.0,16.5,13.0,1.0,50.5,WATCH ⭐⭐,Expected ~129% CAGR (2yr) | Profit CAGR 56% | ROCE trend rising ↑ | Piotroski F=5 (above average quality) | Dividend growing 115%/yr | PEG 0.33 — deeply undervalued,Pattern still forming (not broken out),3-4 years,Medium-High,"yfinance, screener.in",100,221,,2026-06-13,2026-06-01,12,5.4,1,0.0
EIMCOELECO,Eimco Elecon (India) Limited,Industrials,Farm & Heavy Construction Machinery,886.0,Small-Cap,MonthlyDoubleBottom,Forming,1.0,40,Sep 40mo | Mid rally 251% | Asymmetry 5%,,Downtrend,False,False,Below-MAs,False,Stage2,4,Uptrend,Uptrend,1540.5,592.92,164.95,1309.42,3695.16,5634.38,8591.31,5634.38,265.8,91.2,22.88,16.16,1.89,0.44,20.37,26.0,25.99,1968.0,1,none,10.4,13.2,0.8,18.0,1.4,16.78,4.22,31.79,21.86,4.27,95.0,52.48,11.14,-57.2,0.15,highly inconsistent earnings,0.01,,4.33,,-39.24,-4.43,48.96,0.0,,3.1,-0.29,1.05,0.05,3019.9,1405.5,49.0,9.6,-27.07,81.6,0.15,0.12,6,26.0,16.5,8.0,0.0,50.5,WATCH ⭐⭐,Expected ~91% CAGR (2yr) | Revenue CAGR 22% | Profit CAGR 52% | ROCE trend rising ↑ | Nearly debt-free | Piotroski F=6 (above average quality),Pattern still forming (not broken out),3-4 years,Medium-High,"yfinance, screener.in",100,288,,2026-06-13,2026-06-01,12,-3.1,1,0.0
IRCTC,Indian Railway Catering & Tourism Corporation Limited,Consumer Cyclical,Travel Services,42288.0,Large-Cap,MonthlyDoubleBottom,Forming,1.0,44,Sep 44mo | Mid rally 116% | Asymmetry 8%,,Downtrend,False,False,Below-MAs,False,Stage2,3,Uptrend,Uptrend,529.8,1108.01,492.65,468.02,793.53,1723.37,985.83,884.47,225.3,80.4,30.31,23.24,9.81,2.64,23.71,180.0,-24.09,654.12,8,buy,34.6,46.1,-4.0,32.0,-1.3,26.72,14.05,11.55,13.77,,5.93,11.46,,-8.9,0.75,consistent growth,0.02,,2.15,,1005.71,2.38,62.4,0.0,,4.86,-2.33,14.86,0.84,798.6,492.65,33.7,7.5,-23.53,-36.39,0.6,0.11,5,30.0,16.5,4.0,0.0,50.5,WATCH ⭐⭐,Expected ~80% CAGR (2yr) | ROE 35% | ROCE 46% | Nearly debt-free | Promoter 62% holding | OPM 32%,Margin compression ↓ | Earnings due 2026-08-13 | Pattern still forming (not broken out),3-4 years,Medium-High,"yfinance, screener.in",100,80,2026-08-13,2026-06-13,2026-06-01,12,0.0,1,0.0
SURANAT&P,Surana Telecom and Power Limited,Utilities,Utilities - Independent Power Producers,248.0,Micro-Cap,MonthlyDoubleBottom,Forming,1.0,33,Sep 33mo | Mid rally 396% | Asymmetry 8%,MonthlyDoubleBottom+MonthlyStage2,Sideways,False,False,Below-MAs,True,Stage2,4,Uptrend,Uptrend,18.64,11.01,2.13,15.84,63.9,104.71,171.57,104.71,461.7,137.0,11.47,,2.04,0.18,-139.36,0.0,6.27,,0,none,14.7,13.4,0.74,-5.0,-12.09,40.8,-2.65,281.25,29.64,16.03,-4.35,63.86,48.96,-7.1,0.15,highly inconsistent earnings,0.34,,2.28,,-117.0,-47.25,71.89,0.38,,0.0,0.0,0.05,0.0,26.78,15.5,30.4,20.3,4.05,75.58,0.23,0.28,3,22.0,19.5,8.0,1.0,50.5,WATCH ⭐⭐,Expected ~137% CAGR (2yr) | Revenue CAGR 30% | Profit CAGR 64% | ROCE trend rising ↑ | Promoter 72% holding | Margin compressing ↓ ⚠️,Margin compression ↓ | Pattern still forming (not broken out),3-4 years,Medium-High,"yfinance, screener.in",100,287,,2026-06-13,2026-06-01,12,0.0,1,0.0
SUZLON,Suzlon Energy Limited,Industrials,Specialty Industrial Machinery,75985.0,Large-Cap,MonthlyDoubleBottom,Forming,1.0,15,Sep 15mo | Mid rally 155% | Asymmetry 7%,MonthlyDoubleBottom+MonthlyStage2,Sideways-Above-MA,True,False,Constructive,True,Stage2,4,Uptrend,Uptrend,52.91,419.96,159.56,151.58,60.47,680.36,64.27,62.34,1185.9,258.6,23.94,23.9,9.68,7.75,24.55,0.0,0.0,64.5,13,strong_buy,40.6,35.1,4.74,18.0,0.6,18.97,10.78,53.65,40.98,37.98,52.65,3.09,30.0,-5.7,0.15,highly inconsistent earnings,0.06,,1.65,,-430.29,-0.57,11.73,0.0,,23.85,0.12,9.18,-0.05,69.5,38.19,23.9,38.5,-14.15,223.1,0.64,0.68,6,26.0,21.5,2.0,1.0,50.5,WATCH ⭐⭐,Expected ~259% CAGR (2yr) | Revenue CAGR 41% | ROE 41% | ROCE 35% | ROCE trend rising ↑ | Nearly debt-free,Earnings due 2026-08-12 | Pattern still forming (not broken out),3-4 years,Medium-High,"yfinance, screener.in",100,248,2026-08-12,2026-06-13,2026-06-01,12,0.0,1,0.0
XCHANGING,Xchanging Solutions Limited,Technology,Information Technology Services,726.0,Small-Cap,MonthlyDoubleBottom,Forming,1.0,32,Sep 32mo | Mid rally 210% | Asymmetry 1%,,Sideways,False,False,Below-MAs,True,Downtrend,0,Uptrend,Uptrend,66.62,80.36,25.74,56.63,177.54,194.32,212.68,194.32,191.7,70.8,12.21,,1.98,1.29,7.07,307.0,-89.47,,0,none,15.8,18.0,1.23,34.0,0.66,29.3,8.34,9.73,5.27,0.7,18.0,9.45,-0.99,10.9,0.15,highly inconsistent earnings,0.18,,4.97,,29.48,4.06,75.0,0.0,,0.11,0.1,0.29,0.0,104.5,47.5,36.2,40.3,-23.3,-22.43,0.31,0.58,6,24.0,18.5,8.0,0.0,50.5,WATCH ⭐⭐,Expected ~71% CAGR (2yr) | ROCE trend rising ↑ | Low D/E 0.18 | Promoter 75% holding | OPM 34% | FCF yield 4.1%,Pattern still forming (not broken out),3-4 years,Medium-High,"yfinance, screener.in",100,255,,2026-06-13,2026-06-01,12,0.0,1,0.0
HAL,Hindustan Aeronautics Limited,Industrials,Aerospace & Defense,282016.0,Large-Cap,MonthlyCupHandle,Forming,0.946,22,Cup 22mo | Depth 19% | Prior gain 132% | R²=0.97,MonthlyCupHandle+MonthlyStage2,Downtrend,False,False,Below-MAs,False,Stage2,4,Uptrend,Uptrend,4192.3,5084.06,4137.25,3930.39,5193.56,6030.87,6998.1,6028.69,43.9,19.9,30.96,25.26,6.87,1.93,29.01,119.0,25.99,5157.46,24,buy,24.0,32.0,1.43,30.0,1.97,27.55,3.55,6.8,7.11,7.66,8.99,16.08,22.94,5.5,0.4,lumpy earner,0.0,,2.61,,-14431.69,-5.12,71.64,0.0,,10.21,-0.65,10.43,0.75,5147.0,3479.1,18.5,20.5,-1.83,99.09,0.31,0.49,5,31.0,15.35,3.0,1.0,50.4,WATCH ⭐⭐,Expected ~20% CAGR (2yr) | ROE 24% | ROCE 32% | ROCE trend rising ↑ | Nearly debt-free | Promoter 72% holding,Earnings due 2026-08-11 | Pattern still forming (not broken out),3-4 years,Medium-High,"yfinance, screener.in",100,99,2026-08-11,2026-06-13,2026-06-01,12,-3.3,1,-2.9
GRANULES,Granules India Limited,Healthcare,Drug Manufacturers - Specialty & Generic,19572.0,Mid-Cap,MonthlyDoubleBottom,Forming,0.715,32,Sep 32mo | Mid rally 78% | Asymmetry 6%,,Uptrend,True,True,Tight-Above-MAs,True,Stage2,5,Uptrend,Uptrend,766.45,149.73,81.58,651.48,931.45,900.27,1023.02,976.16,17.5,8.4,32.25,20.28,3.8,6.72,16.8,22.0,14.47,786.43,7,buy,13.7,15.5,-1.71,22.0,-0.43,11.09,7.95,19.72,5.95,10.63,18.53,4.8,1.62,32.6,0.15,highly inconsistent earnings,0.3,,1.8,,69.0,0.35,38.02,-0.79,,15.31,1.76,17.01,-0.46,804.3,432.6,4.7,77.2,66.51,119.98,0.3,0.07,4,11.0,25.08,4.0,10.0,50.1,WATCH ⭐⭐,Expected ~8% CAGR (2yr) | Low D/E 0.30 | FII buying +1.8% ↑ | Dividend growing 14%/yr | EV/EBITDA 17× vs sector 22× | MonthlyDoubleBottom forming (32mo base),Pattern still forming (not broken out),3-4 years,Medium-High,"yfinance, screener.in",100,253,,2026-06-13,2026-06-01,12,0.0,1,0.0
FORCEMOT,Force Motors Limited,Consumer Cyclical,Auto Manufacturers,24037.0,Mid-Cap,None,,0.0,0,,,Downtrend,False,False,Below-MAs,False,Stage2,3,Uptrend,Uptrend,17892.0,,,15208.2,127267.44,265161.71,552464.42,265161.71,1382.0,285.0,17.57,,5.83,0.16,15.94,22.0,58.74,,0,none,29.2,36.1,9.23,16.0,3.37,13.38,12.82,12.2,21.67,35.43,51.31,108.35,53.33,-35.9,0.2,multiple loss years in history,,,1.87,,-98.59,-0.41,61.63,0.0,,10.93,0.47,1.75,-0.05,26450.0,12035.0,32.4,48.7,10.45,536.15,,0.52,6,33.0,3.0,12.0,2.0,50.0,WATCH ⭐⭐,Expected ~285% CAGR (2yr) | Revenue CAGR 22% | Profit CAGR 108% | ROE 29% | ROCE 36% | ROCE trend rising ↑,None identified,3-4 years,Medium-High,"yfinance, screener.in",90,82,,2026-06-13,2026-06-01,12,-6.8,1,-2.0
DCBBANK,DCB Bank Limited,Financial Services,Banks - Regional,5649.0,Small-Cap,MonthlyDoubleBottom,Forming,1.0,22,Sep 22mo | Mid rally 152% | Asymmetry 1%,,Sideways-Above-MA,True,False,Constructive,False,Stage2,12,Uptrend,Uptrend,179.86,72.77,28.63,152.88,573.11,481.24,736.99,649.91,167.6,63.6,7.69,5.16,0.86,0.57,,83.0,10.52,228.24,17,strong_buy,11.97,,,34.23,,24.44,0.89,12.4,,,13.4,,,16.1,0.5,insufficient history,,,,,,,16.23,-0.01,,12.64,0.72,32.8,0.66,205.9,119.51,12.6,50.5,39.54,30.15,0.23,0.43,2,9.0,22.0,11.0,8.0,50.0,WATCH ⭐⭐,Expected ~64% CAGR (2yr) | OPM 34% | FII buying +0.7% ↑ | DII buying +0.7% ↑ | Dividend growing 11%/yr | PEG 0.57 — undervalued,Pattern still forming (not broken out),3-4 years,Medium-High,"yfinance, screener.in",50,237,,2026-06-13,2026-06-01,12,1.6,1,0.0
PITTIENG,Pitti Engineering Limited,Industrials,Metal Fabrication,3444.0,Small-Cap,MonthlyDoubleBottom,Forming,1.0,23,Sep 23mo | Mid rally 133% | Asymmetry 9%,MonthlyCupHandle+MonthlyDoubleBottom+MonthlyStage2,Sideways-Above-MA,True,True,Constructive,True,Stage2,4,Uptrend,Uptrend,921.65,1510.04,621.3,783.4,1425.31,2398.78,2262.47,1795.75,160.3,61.3,29.33,16.54,3.49,1.13,11.55,16.0,6.27,1129.0,2,none,12.5,14.8,-0.7,16.0,0.34,6.16,7.58,12.2,20.26,29.86,-3.28,25.99,32.4,-26.4,0.15,highly inconsistent earnings,0.82,,1.4,,-25.93,-0.75,54.17,0.0,,1.12,0.19,20.23,0.0,1050.0,675.0,12.2,36.5,-1.28,128.8,0.57,0.26,4,18.0,22.0,8.0,2.0,50.0,WATCH ⭐⭐,Expected ~61% CAGR (2yr) | Revenue CAGR 20% | Profit CAGR 26% | Promoter 54% holding | PEG 1.13 — fair value | EV/EBITDA 12× below sector (18×),Pattern still forming (not broken out),3-4 years,Medium-High,"yfinance, screener.in",100,232,,2026-06-13,2026-06-01,12,0.0,1,0.0
